repeat,fold,random_state,model,row_position,group,observed_outcome,predicted_probability,predicted_class,threshold
1,1,42,dummy_prior,1,7,0,0.0641399416909621,0,0.5
1,1,42,dummy_prior,12,812,0,0.0641399416909621,0,0.5
1,1,42,dummy_prior,14,798,0,0.0641399416909621,0,0.5
1,1,42,dummy_prior,18,792,0,0.0641399416909621,0,0.5
1,1,42,dummy_prior,29,745,0,0.0641399416909621,0,0.5
1,1,42,dummy_prior,31,771,0,0.0641399416909621,0,0.5
1,1,42,dummy_prior,35,737,0,0.0641399416909621,0,0.5
1,1,42,dummy_prior,36,760,0,0.0641399416909621,0,0.5
1,1,42,dummy_prior,42,724,0,0.0641399416909621,0,0.5
1,1,42,dummy_prior,44,740,1,0.0641399416909621,0,0.5
1,1,42,dummy_prior,48,780,0,0.0641399416909621,0,0.5
1,1,42,dummy_prior,53,695,0,0.0641399416909621,0,0.5
1,1,42,dummy_prior,62,679,0,0.0641399416909621,0,0.5
1,1,42,dummy_prior,63,629,0,0.0641399416909621,0,0.5
1,1,42,dummy_prior,72,664,0,0.0641399416909621,0,0.5
1,1,42,dummy_prior,79,684,0,0.0641399416909621,0,0.5
1,1,42,dummy_prior,80,630,0,0.0641399416909621,0,0.5
1,1,42,dummy_prior,84,713,0,0.0641399416909621,0,0.5
1,1,42,dummy_prior,86,718,0,0.0641399416909621,0,0.5
1,1,42,dummy_prior,93,631,1,0.0641399416909621,0,0.5
1,1,42,dummy_prior,94,637,0,0.0641399416909621,0,0.5
1,1,42,dummy_prior,105,674,0,0.0641399416909621,0,0.5
1,1,42,dummy_prior,126,588,0,0.0641399416909621,0,0.5
1,1,42,dummy_prior,127,520,0,0.0641399416909621,0,0.5
1,1,42,dummy_prior,130,492,0,0.0641399416909621,0,0.5
1,1,42,dummy_prior,132,565,0,0.0641399416909621,0,0.5
1,1,42,dummy_prior,143,480,0,0.0641399416909621,0,0.5
1,1,42,dummy_prior,144,558,0,0.0641399416909621,0,0.5
1,1,42,dummy_prior,153,423,0,0.0641399416909621,0,0.5
1,1,42,dummy_prior,154,457,0,0.0641399416909621,0,0.5
1,1,42,dummy_prior,163,509,1,0.0641399416909621,0,0.5
1,1,42,dummy_prior,164,546,0,0.0641399416909621,0,0.5
1,1,42,dummy_prior,169,108,0,0.0641399416909621,0,0.5
1,1,42,dummy_prior,172,522,0,0.0641399416909621,0,0.5
1,1,42,dummy_prior,179,548,0,0.0641399416909621,0,0.5
1,1,42,dummy_prior,183,491,0,0.0641399416909621,0,0.5
1,1,42,dummy_prior,186,404,0,0.0641399416909621,0,0.5
1,1,42,dummy_prior,200,443,0,0.0641399416909621,0,0.5
1,1,42,dummy_prior,201,441,0,0.0641399416909621,0,0.5
1,1,42,dummy_prior,213,500,0,0.0641399416909621,0,0.5
1,1,42,dummy_prior,223,278,0,0.0641399416909621,0,0.5
1,1,42,dummy_prior,224,351,1,0.0641399416909621,0,0.5
1,1,42,dummy_prior,238,536,0,0.0641399416909621,0,0.5
1,1,42,dummy_prior,239,497,0,0.0641399416909621,0,0.5
1,1,42,dummy_prior,242,555,0,0.0641399416909621,0,0.5
1,1,42,dummy_prior,249,270,0,0.0641399416909621,0,0.5
1,1,42,dummy_prior,250,379,0,0.0641399416909621,0,0.5
1,1,42,dummy_prior,254,390,0,0.0641399416909621,0,0.5
1,1,42,dummy_prior,255,379,0,0.0641399416909621,0,0.5
1,1,42,dummy_prior,256,366,0,0.0641399416909621,0,0.5
1,1,42,dummy_prior,261,227,0,0.0641399416909621,0,0.5
1,1,42,dummy_prior,268,305,0,0.0641399416909621,0,0.5
1,1,42,dummy_prior,270,211,0,0.0641399416909621,0,0.5
1,1,42,dummy_prior,276,241,0,0.0641399416909621,0,0.5
1,1,42,dummy_prior,277,168,0,0.0641399416909621,0,0.5
1,1,42,dummy_prior,280,303,0,0.0641399416909621,0,0.5
1,1,42,dummy_prior,284,252,0,0.0641399416909621,0,0.5
1,1,42,dummy_prior,288,300,0,0.0641399416909621,0,0.5
1,1,42,dummy_prior,290,204,0,0.0641399416909621,0,0.5
1,1,42,dummy_prior,300,301,0,0.0641399416909621,0,0.5
1,1,42,dummy_prior,306,436,0,0.0641399416909621,0,0.5
1,1,42,dummy_prior,307,287,0,0.0641399416909621,0,0.5
1,1,42,dummy_prior,314,215,1,0.0641399416909621,0,0.5
1,1,42,dummy_prior,315,189,0,0.0641399416909621,0,0.5
1,1,42,dummy_prior,324,654,0,0.0641399416909621,0,0.5
1,1,42,dummy_prior,326,217,0,0.0641399416909621,0,0.5
1,1,42,dummy_prior,328,197,0,0.0641399416909621,0,0.5
1,1,42,dummy_prior,334,229,0,0.0641399416909621,0,0.5
1,1,42,dummy_prior,340,148,0,0.0641399416909621,0,0.5
1,1,42,dummy_prior,353,223,0,0.0641399416909621,0,0.5
1,1,42,dummy_prior,359,733,0,0.0641399416909621,0,0.5
1,1,42,dummy_prior,361,199,0,0.0641399416909621,0,0.5
1,1,42,dummy_prior,372,242,0,0.0641399416909621,0,0.5
1,1,42,dummy_prior,376,786,0,0.0641399416909621,0,0.5
1,1,42,dummy_prior,385,234,0,0.0641399416909621,0,0.5
1,1,42,dummy_prior,387,266,0,0.0641399416909621,0,0.5
1,1,42,dummy_prior,388,185,0,0.0641399416909621,0,0.5
1,1,42,dummy_prior,393,142,0,0.0641399416909621,0,0.5
1,1,42,dummy_prior,397,137,0,0.0641399416909621,0,0.5
1,1,42,dummy_prior,414,186,0,0.0641399416909621,0,0.5
1,1,42,dummy_prior,417,158,0,0.0641399416909621,0,0.5
1,1,42,dummy_prior,418,47,0,0.0641399416909621,0,0.5
1,1,42,dummy_prior,430,153,0,0.0641399416909621,0,0.5
1,1,42,dummy_prior,436,39,0,0.0641399416909621,0,0.5
1,1,42,dummy_prior,438,195,0,0.0641399416909621,0,0.5
1,1,42,dummy_prior,440,7,0,0.0641399416909621,0,0.5
1,1,42,dummy_prior,444,80,0,0.0641399416909621,0,0.5
1,1,42,dummy_prior,448,65,0,0.0641399416909621,0,0.5
1,1,42,dummy_prior,454,7,0,0.0641399416909621,0,0.5
1,1,42,dummy_prior,456,24,0,0.0641399416909621,0,0.5
1,1,42,dummy_prior,462,68,0,0.0641399416909621,0,0.5
1,1,42,dummy_prior,466,7,0,0.0641399416909621,0,0.5
1,1,42,dummy_prior,475,154,0,0.0641399416909621,0,0.5
1,1,42,dummy_prior,477,751,0,0.0641399416909621,0,0.5
1,1,42,dummy_prior,480,575,0,0.0641399416909621,0,0.5
1,1,42,dummy_prior,491,122,0,0.0641399416909621,0,0.5
1,1,42,dummy_prior,499,614,0,0.0641399416909621,0,0.5
1,1,42,dummy_prior,502,369,0,0.0641399416909621,0,0.5
1,1,42,dummy_prior,506,711,0,0.0641399416909621,0,0.5
1,1,42,dummy_prior,511,38,0,0.0641399416909621,0,0.5
1,1,42,dummy_prior,515,603,0,0.0641399416909621,0,0.5
1,1,42,dummy_prior,523,624,0,0.0641399416909621,0,0.5
1,1,42,dummy_prior,527,262,0,0.0641399416909621,0,0.5
1,1,42,dummy_prior,536,24,0,0.0641399416909621,0,0.5
1,1,42,dummy_prior,539,76,1,0.0641399416909621,0,0.5
1,1,42,dummy_prior,548,58,0,0.0641399416909621,0,0.5
1,1,42,dummy_prior,549,662,1,0.0641399416909621,0,0.5
1,1,42,dummy_prior,550,191,0,0.0641399416909621,0,0.5
1,1,42,dummy_prior,556,772,0,0.0641399416909621,0,0.5
1,1,42,dummy_prior,557,458,0,0.0641399416909621,0,0.5
1,1,42,dummy_prior,558,255,0,0.0641399416909621,0,0.5
1,1,42,dummy_prior,559,162,0,0.0641399416909621,0,0.5
1,1,42,dummy_prior,562,282,0,0.0641399416909621,0,0.5
1,1,42,dummy_prior,572,373,0,0.0641399416909621,0,0.5
1,1,42,dummy_prior,574,309,0,0.0641399416909621,0,0.5
1,1,42,dummy_prior,576,464,0,0.0641399416909621,0,0.5
1,1,42,dummy_prior,579,730,0,0.0641399416909621,0,0.5
1,1,42,dummy_prior,594,193,0,0.0641399416909621,0,0.5
1,1,42,dummy_prior,596,83,0,0.0641399416909621,0,0.5
1,1,42,dummy_prior,601,504,0,0.0641399416909621,0,0.5
1,1,42,dummy_prior,603,440,0,0.0641399416909621,0,0.5
1,1,42,dummy_prior,608,135,0,0.0641399416909621,0,0.5
1,1,42,dummy_prior,609,416,0,0.0641399416909621,0,0.5
1,1,42,dummy_prior,617,157,0,0.0641399416909621,0,0.5
1,1,42,dummy_prior,618,130,0,0.0641399416909621,0,0.5
1,1,42,dummy_prior,619,320,0,0.0641399416909621,0,0.5
1,1,42,dummy_prior,625,92,0,0.0641399416909621,0,0.5
1,1,42,dummy_prior,634,478,0,0.0641399416909621,0,0.5
1,1,42,dummy_prior,637,493,0,0.0641399416909621,0,0.5
1,1,42,dummy_prior,650,421,0,0.0641399416909621,0,0.5
1,1,42,dummy_prior,654,810,0,0.0641399416909621,0,0.5
1,1,42,dummy_prior,655,236,1,0.0641399416909621,0,0.5
1,1,42,dummy_prior,675,808,0,0.0641399416909621,0,0.5
1,1,42,dummy_prior,685,820,0,0.0641399416909621,0,0.5
1,1,42,dummy_prior,690,8,0,0.0641399416909621,0,0.5
1,1,42,dummy_prior,706,81,0,0.0641399416909621,0,0.5
1,1,42,dummy_prior,716,144,0,0.0641399416909621,0,0.5
1,1,42,dummy_prior,717,731,0,0.0641399416909621,0,0.5
1,1,42,dummy_prior,721,655,0,0.0641399416909621,0,0.5
1,1,42,dummy_prior,746,342,0,0.0641399416909621,0,0.5
1,1,42,dummy_prior,748,393,0,0.0641399416909621,0,0.5
1,1,42,dummy_prior,751,778,0,0.0641399416909621,0,0.5
1,1,42,dummy_prior,753,166,1,0.0641399416909621,0,0.5
1,1,42,dummy_prior,754,508,1,0.0641399416909621,0,0.5
1,1,42,dummy_prior,755,563,0,0.0641399416909621,0,0.5
1,1,42,dummy_prior,758,578,0,0.0641399416909621,0,0.5
1,1,42,dummy_prior,763,785,0,0.0641399416909621,0,0.5
1,1,42,dummy_prior,764,281,0,0.0641399416909621,0,0.5
1,1,42,dummy_prior,768,422,0,0.0641399416909621,0,0.5
1,1,42,dummy_prior,769,415,0,0.0641399416909621,0,0.5
1,1,42,dummy_prior,774,801,0,0.0641399416909621,0,0.5
1,1,42,dummy_prior,775,455,0,0.0641399416909621,0,0.5
1,1,42,dummy_prior,783,84,0,0.0641399416909621,0,0.5
1,1,42,dummy_prior,784,403,0,0.0641399416909621,0,0.5
1,1,42,dummy_prior,785,480,0,0.0641399416909621,0,0.5
1,1,42,dummy_prior,790,350,0,0.0641399416909621,0,0.5
1,1,42,dummy_prior,797,645,1,0.0641399416909621,0,0.5
1,1,42,dummy_prior,801,691,0,0.0641399416909621,0,0.5
1,1,42,dummy_prior,804,543,0,0.0641399416909621,0,0.5
1,1,42,dummy_prior,806,62,0,0.0641399416909621,0,0.5
1,1,42,dummy_prior,808,544,0,0.0641399416909621,0,0.5
1,1,42,dummy_prior,811,48,0,0.0641399416909621,0,0.5
1,1,42,dummy_prior,813,163,0,0.0641399416909621,0,0.5
1,1,42,dummy_prior,819,2,0,0.0641399416909621,0,0.5
1,1,42,dummy_prior,824,720,0,0.0641399416909621,0,0.5
1,1,42,dummy_prior,825,794,0,0.0641399416909621,0,0.5
1,1,42,dummy_prior,826,650,0,0.0641399416909621,0,0.5
1,1,42,dummy_prior,829,666,0,0.0641399416909621,0,0.5
1,1,42,dummy_prior,831,777,0,0.0641399416909621,0,0.5
1,1,42,dummy_prior,840,346,0,0.0641399416909621,0,0.5
1,1,42,dummy_prior,849,620,0,0.0641399416909621,0,0.5
1,1,42,dummy_prior,856,635,0,0.0641399416909621,0,0.5
1,1,42,logistic_regression,1,7,0,0.22010131265616198,0,0.5
1,1,42,logistic_regression,12,812,0,0.29080841748792163,0,0.5
1,1,42,logistic_regression,14,798,0,0.26012919573804383,0,0.5
1,1,42,logistic_regression,18,792,0,0.4425711536367169,0,0.5
1,1,42,logistic_regression,29,745,0,0.2080990273359431,0,0.5
1,1,42,logistic_regression,31,771,0,0.2934880522197622,0,0.5
1,1,42,logistic_regression,35,737,0,0.25010770641255137,0,0.5
1,1,42,logistic_regression,36,760,0,0.2342283882981477,0,0.5
1,1,42,logistic_regression,42,724,0,0.24917207914169467,0,0.5
1,1,42,logistic_regression,44,740,1,0.28101984578005296,0,0.5
1,1,42,logistic_regression,48,780,0,0.2661875138023432,0,0.5
1,1,42,logistic_regression,53,695,0,0.2641575888569039,0,0.5
1,1,42,logistic_regression,62,679,0,0.22938241564275452,0,0.5
1,1,42,logistic_regression,63,629,0,0.3812538819124723,0,0.5
1,1,42,logistic_regression,72,664,0,0.2189026758916623,0,0.5
1,1,42,logistic_regression,79,684,0,0.2251135222063182,0,0.5
1,1,42,logistic_regression,80,630,0,0.2100684060998428,0,0.5
1,1,42,logistic_regression,84,713,0,0.20541879852249417,0,0.5
1,1,42,logistic_regression,86,718,0,0.23294824100058778,0,0.5
1,1,42,logistic_regression,93,631,1,0.20588726539788166,0,0.5
1,1,42,logistic_regression,94,637,0,0.22870744345112545,0,0.5
1,1,42,logistic_regression,105,674,0,0.24610025909278488,0,0.5
1,1,42,logistic_regression,126,588,0,0.22279779621096163,0,0.5
1,1,42,logistic_regression,127,520,0,0.2543180381597138,0,0.5
1,1,42,logistic_regression,130,492,0,0.2383882188424338,0,0.5
1,1,42,logistic_regression,132,565,0,0.21412029510620229,0,0.5
1,1,42,logistic_regression,143,480,0,0.17946045564791238,0,0.5
1,1,42,logistic_regression,144,558,0,0.22307727873640687,0,0.5
1,1,42,logistic_regression,153,423,0,0.23804818347859225,0,0.5
1,1,42,logistic_regression,154,457,0,0.24018840803459157,0,0.5
1,1,42,logistic_regression,163,509,1,0.2351936555239357,0,0.5
1,1,42,logistic_regression,164,546,0,0.18107543704687618,0,0.5
1,1,42,logistic_regression,169,108,0,0.2275633507482501,0,0.5
1,1,42,logistic_regression,172,522,0,0.24346431714827926,0,0.5
1,1,42,logistic_regression,179,548,0,0.24666722078012868,0,0.5
1,1,42,logistic_regression,183,491,0,0.2243332225899876,0,0.5
1,1,42,logistic_regression,186,404,0,0.34695619781605436,0,0.5
1,1,42,logistic_regression,200,443,0,0.21994518399628182,0,0.5
1,1,42,logistic_regression,201,441,0,0.23054917533178046,0,0.5
1,1,42,logistic_regression,213,500,0,0.4186749647877027,0,0.5
1,1,42,logistic_regression,223,278,0,0.22591759964509744,0,0.5
1,1,42,logistic_regression,224,351,1,0.34113961577690366,0,0.5
1,1,42,logistic_regression,238,536,0,0.24204055547627587,0,0.5
1,1,42,logistic_regression,239,497,0,0.26274034672337204,0,0.5
1,1,42,logistic_regression,242,555,0,0.21138057421708217,0,0.5
1,1,42,logistic_regression,249,270,0,0.2224973202038388,0,0.5
1,1,42,logistic_regression,250,379,0,0.21814705143612517,0,0.5
1,1,42,logistic_regression,254,390,0,0.21836244189965642,0,0.5
1,1,42,logistic_regression,255,379,0,0.21814705143612517,0,0.5
1,1,42,logistic_regression,256,366,0,0.17863823085723127,0,0.5
1,1,42,logistic_regression,261,227,0,0.21986561069687907,0,0.5
1,1,42,logistic_regression,268,305,0,0.22672552525367357,0,0.5
1,1,42,logistic_regression,270,211,0,0.21796418339543175,0,0.5
1,1,42,logistic_regression,276,241,0,0.22417234406951483,0,0.5
1,1,42,logistic_regression,277,168,0,0.2147452494610761,0,0.5
1,1,42,logistic_regression,280,303,0,0.22285994845413296,0,0.5
1,1,42,logistic_regression,284,252,0,0.17476831254057038,0,0.5
1,1,42,logistic_regression,288,300,0,0.236689622144962,0,0.5
1,1,42,logistic_regression,290,204,0,0.2698603363596296,0,0.5
1,1,42,logistic_regression,300,301,0,0.2350623591172878,0,0.5
1,1,42,logistic_regression,306,436,0,0.21740840104843065,0,0.5
1,1,42,logistic_regression,307,287,0,0.17675408951813912,0,0.5
1,1,42,logistic_regression,314,215,1,0.2243208300243751,0,0.5
1,1,42,logistic_regression,315,189,0,0.22651378833853128,0,0.5
1,1,42,logistic_regression,324,654,0,0.23884082023531752,0,0.5
1,1,42,logistic_regression,326,217,0,0.21455629571467372,0,0.5
1,1,42,logistic_regression,328,197,0,0.17793189734734086,0,0.5
1,1,42,logistic_regression,334,229,0,0.21734342419322553,0,0.5
1,1,42,logistic_regression,340,148,0,0.2137961965270336,0,0.5
1,1,42,logistic_regression,353,223,0,0.18399043881735244,0,0.5
1,1,42,logistic_regression,359,733,0,0.23297553651840294,0,0.5
1,1,42,logistic_regression,361,199,0,0.21359201995255234,0,0.5
1,1,42,logistic_regression,372,242,0,0.2285637033799924,0,0.5
1,1,42,logistic_regression,376,786,0,0.3617797622198617,0,0.5
1,1,42,logistic_regression,385,234,0,0.22533330276935346,0,0.5
1,1,42,logistic_regression,387,266,0,0.21708292624169312,0,0.5
1,1,42,logistic_regression,388,185,0,0.20582837618993072,0,0.5
1,1,42,logistic_regression,393,142,0,0.2196916084233337,0,0.5
1,1,42,logistic_regression,397,137,0,0.323890187180996,0,0.5
1,1,42,logistic_regression,414,186,0,0.22337133155908892,0,0.5
1,1,42,logistic_regression,417,158,0,0.17856023253387662,0,0.5
1,1,42,logistic_regression,418,47,0,0.3182162369898665,0,0.5
1,1,42,logistic_regression,430,153,0,0.2169368229360578,0,0.5
1,1,42,logistic_regression,436,39,0,0.17775402339853486,0,0.5
1,1,42,logistic_regression,438,195,0,0.21690361376685094,0,0.5
1,1,42,logistic_regression,440,7,0,0.22010131265616198,0,0.5
1,1,42,logistic_regression,444,80,0,0.2141641964202534,0,0.5
1,1,42,logistic_regression,448,65,0,0.18670995911505567,0,0.5
1,1,42,logistic_regression,454,7,0,0.22010131265616198,0,0.5
1,1,42,logistic_regression,456,24,0,0.2207380948509752,0,0.5
1,1,42,logistic_regression,462,68,0,0.21719538872830318,0,0.5
1,1,42,logistic_regression,466,7,0,0.22010131265616198,0,0.5
1,1,42,logistic_regression,475,154,0,0.22463021829616345,0,0.5
1,1,42,logistic_regression,477,751,0,0.22732189935334723,0,0.5
1,1,42,logistic_regression,480,575,0,0.17142586312296035,0,0.5
1,1,42,logistic_regression,491,122,0,0.2167034803421212,0,0.5
1,1,42,logistic_regression,499,614,0,0.22977290709830034,0,0.5
1,1,42,logistic_regression,502,369,0,0.23200693320117144,0,0.5
1,1,42,logistic_regression,506,711,0,0.27597132752431663,0,0.5
1,1,42,logistic_regression,511,38,0,0.21381222474516454,0,0.5
1,1,42,logistic_regression,515,603,0,0.23121916453794497,0,0.5
1,1,42,logistic_regression,523,624,0,0.22287719055189842,0,0.5
1,1,42,logistic_regression,527,262,0,0.17714601040366093,0,0.5
1,1,42,logistic_regression,536,24,0,0.2207380948509752,0,0.5
1,1,42,logistic_regression,539,76,1,0.32358109074331226,0,0.5
1,1,42,logistic_regression,548,58,0,0.2180014770744093,0,0.5
1,1,42,logistic_regression,549,662,1,0.2701057395590688,0,0.5
1,1,42,logistic_regression,550,191,0,0.22380524732563373,0,0.5
1,1,42,logistic_regression,556,772,0,0.3262339722241026,0,0.5
1,1,42,logistic_regression,557,458,0,0.22285200296665097,0,0.5
1,1,42,logistic_regression,558,255,0,0.21095985633934627,0,0.5
1,1,42,logistic_regression,559,162,0,0.22156154936028588,0,0.5
1,1,42,logistic_regression,562,282,0,0.22614071821166595,0,0.5
1,1,42,logistic_regression,572,373,0,0.2556668410970423,0,0.5
1,1,42,logistic_regression,574,309,0,0.22091705002932538,0,0.5
1,1,42,logistic_regression,576,464,0,0.18528937603684492,0,0.5
1,1,42,logistic_regression,579,730,0,0.2816198993159164,0,0.5
1,1,42,logistic_regression,594,193,0,0.2144197523840342,0,0.5
1,1,42,logistic_regression,596,83,0,0.2123054290729755,0,0.5
1,1,42,logistic_regression,601,504,0,0.23298858899603664,0,0.5
1,1,42,logistic_regression,603,440,0,0.18268410722477407,0,0.5
1,1,42,logistic_regression,608,135,0,0.22009531360480125,0,0.5
1,1,42,logistic_regression,609,416,0,0.25232871715817073,0,0.5
1,1,42,logistic_regression,617,157,0,0.21621469181541156,0,0.5
1,1,42,logistic_regression,618,130,0,0.21777364986827483,0,0.5
1,1,42,logistic_regression,619,320,0,0.19540419164293954,0,0.5
1,1,42,logistic_regression,625,92,0,0.21796465075628954,0,0.5
1,1,42,logistic_regression,634,478,0,0.21947687147470907,0,0.5
1,1,42,logistic_regression,637,493,0,0.24331513208268113,0,0.5
1,1,42,logistic_regression,650,421,0,0.30528528980155584,0,0.5
1,1,42,logistic_regression,654,810,0,0.32485515236390367,0,0.5
1,1,42,logistic_regression,655,236,1,0.2158498659639731,0,0.5
1,1,42,logistic_regression,675,808,0,0.24392019150901267,0,0.5
1,1,42,logistic_regression,685,820,0,0.21995036022445413,0,0.5
1,1,42,logistic_regression,690,8,0,0.26977056668006183,0,0.5
1,1,42,logistic_regression,706,81,0,0.2665135097233589,0,0.5
1,1,42,logistic_regression,716,144,0,0.22140397818494456,0,0.5
1,1,42,logistic_regression,717,731,0,0.28137709477121303,0,0.5
1,1,42,logistic_regression,721,655,0,0.23599122674656214,0,0.5
1,1,42,logistic_regression,746,342,0,0.25380867578679756,0,0.5
1,1,42,logistic_regression,748,393,0,0.22554572808467718,0,0.5
1,1,42,logistic_regression,751,778,0,0.19125631809608165,0,0.5
1,1,42,logistic_regression,753,166,1,0.2467313640417479,0,0.5
1,1,42,logistic_regression,754,508,1,0.22481233734793926,0,0.5
1,1,42,logistic_regression,755,563,0,0.2465660038462177,0,0.5
1,1,42,logistic_regression,758,578,0,0.21920374724048244,0,0.5
1,1,42,logistic_regression,763,785,0,0.2538469231204145,0,0.5
1,1,42,logistic_regression,764,281,0,0.24511388376296328,0,0.5
1,1,42,logistic_regression,768,422,0,0.2196127977196817,0,0.5
1,1,42,logistic_regression,769,415,0,0.18376915983112305,0,0.5
1,1,42,logistic_regression,774,801,0,0.31944132273920584,0,0.5
1,1,42,logistic_regression,775,455,0,0.22987579990634083,0,0.5
1,1,42,logistic_regression,783,84,0,0.17407403771957833,0,0.5
1,1,42,logistic_regression,784,403,0,0.22776489103826955,0,0.5
1,1,42,logistic_regression,785,480,0,0.17946045564791238,0,0.5
1,1,42,logistic_regression,790,350,0,0.21808950917533573,0,0.5
1,1,42,logistic_regression,797,645,1,0.23987264010374623,0,0.5
1,1,42,logistic_regression,801,691,0,0.2786402076602048,0,0.5
1,1,42,logistic_regression,804,543,0,0.25147589262292963,0,0.5
1,1,42,logistic_regression,806,62,0,0.2263031783346733,0,0.5
1,1,42,logistic_regression,808,544,0,0.2850467590512327,0,0.5
1,1,42,logistic_regression,811,48,0,0.2677460725821423,0,0.5
1,1,42,logistic_regression,813,163,0,0.2699517175066056,0,0.5
1,1,42,logistic_regression,819,2,0,0.21838423129858192,0,0.5
1,1,42,logistic_regression,824,720,0,0.21233280718895933,0,0.5
1,1,42,logistic_regression,825,794,0,0.2310778826501422,0,0.5
1,1,42,logistic_regression,826,650,0,0.2568818129457752,0,0.5
1,1,42,logistic_regression,829,666,0,0.23649498372493288,0,0.5
1,1,42,logistic_regression,831,777,0,0.3379455582477391,0,0.5
1,1,42,logistic_regression,840,346,0,0.2339321881312125,0,0.5
1,1,42,logistic_regression,849,620,0,0.24426694254077672,0,0.5
1,1,42,logistic_regression,856,635,0,0.21262880679379786,0,0.5
1,1,42,xgboost,1,7,0,0.038058120757341385,0,0.5
1,1,42,xgboost,12,812,0,0.13782311975955963,0,0.5
1,1,42,xgboost,14,798,0,0.08014819025993347,0,0.5
1,1,42,xgboost,18,792,0,0.10374423861503601,0,0.5
1,1,42,xgboost,29,745,0,0.03788640350103378,0,0.5
1,1,42,xgboost,31,771,0,0.1679544448852539,0,0.5
1,1,42,xgboost,35,737,0,0.047514088451862335,0,0.5
1,1,42,xgboost,36,760,0,0.07114695757627487,0,0.5
1,1,42,xgboost,42,724,0,0.13291789591312408,0,0.5
1,1,42,xgboost,44,740,1,0.16821055114269257,0,0.5
1,1,42,xgboost,48,780,0,0.09382942318916321,0,0.5
1,1,42,xgboost,53,695,0,0.10421012341976166,0,0.5
1,1,42,xgboost,62,679,0,0.02728540450334549,0,0.5
1,1,42,xgboost,63,629,0,0.1446535438299179,0,0.5
1,1,42,xgboost,72,664,0,0.033444155007600784,0,0.5
1,1,42,xgboost,79,684,0,0.06703388690948486,0,0.5
1,1,42,xgboost,80,630,0,0.03801005333662033,0,0.5
1,1,42,xgboost,84,713,0,0.11235795170068741,0,0.5
1,1,42,xgboost,86,718,0,0.024025171995162964,0,0.5
1,1,42,xgboost,93,631,1,0.03397222235798836,0,0.5
1,1,42,xgboost,94,637,0,0.04734950140118599,0,0.5
1,1,42,xgboost,105,674,0,0.10671181231737137,0,0.5
1,1,42,xgboost,126,588,0,0.055221885442733765,0,0.5
1,1,42,xgboost,127,520,0,0.05771637707948685,0,0.5
1,1,42,xgboost,130,492,0,0.03768863156437874,0,0.5
1,1,42,xgboost,132,565,0,0.03204800561070442,0,0.5
1,1,42,xgboost,143,480,0,0.01926376298069954,0,0.5
1,1,42,xgboost,144,558,0,0.04531308263540268,0,0.5
1,1,42,xgboost,153,423,0,0.039332132786512375,0,0.5
1,1,42,xgboost,154,457,0,0.040915414690971375,0,0.5
1,1,42,xgboost,163,509,1,0.042699530720710754,0,0.5
1,1,42,xgboost,164,546,0,0.019294988363981247,0,0.5
1,1,42,xgboost,169,108,0,0.04737680405378342,0,0.5
1,1,42,xgboost,172,522,0,0.0752929151058197,0,0.5
1,1,42,xgboost,179,548,0,0.06305049359798431,0,0.5
1,1,42,xgboost,183,491,0,0.06591135263442993,0,0.5
1,1,42,xgboost,186,404,0,0.14723722636699677,0,0.5
1,1,42,xgboost,200,443,0,0.060336627066135406,0,0.5
1,1,42,xgboost,201,441,0,0.06988255679607391,0,0.5
1,1,42,xgboost,213,500,0,0.09501051157712936,0,0.5
1,1,42,xgboost,223,278,0,0.04210209101438522,0,0.5
1,1,42,xgboost,224,351,1,0.2642553746700287,0,0.5
1,1,42,xgboost,238,536,0,0.03237855061888695,0,0.5
1,1,42,xgboost,239,497,0,0.034818150103092194,0,0.5
1,1,42,xgboost,242,555,0,0.0318392850458622,0,0.5
1,1,42,xgboost,249,270,0,0.06982137262821198,0,0.5
1,1,42,xgboost,250,379,0,0.059639520943164825,0,0.5
1,1,42,xgboost,254,390,0,0.05014491081237793,0,0.5
1,1,42,xgboost,255,379,0,0.059639520943164825,0,0.5
1,1,42,xgboost,256,366,0,0.017511535435914993,0,0.5
1,1,42,xgboost,261,227,0,0.06577807664871216,0,0.5
1,1,42,xgboost,268,305,0,0.047374553978443146,0,0.5
1,1,42,xgboost,270,211,0,0.06878416985273361,0,0.5
1,1,42,xgboost,276,241,0,0.06767495721578598,0,0.5
1,1,42,xgboost,277,168,0,0.06445030868053436,0,0.5
1,1,42,xgboost,280,303,0,0.045921582728624344,0,0.5
1,1,42,xgboost,284,252,0,0.023119043558835983,0,0.5
1,1,42,xgboost,288,300,0,0.03393685817718506,0,0.5
1,1,42,xgboost,290,204,0,0.06511503458023071,0,0.5
1,1,42,xgboost,300,301,0,0.039886169135570526,0,0.5
1,1,42,xgboost,306,436,0,0.04759761691093445,0,0.5
1,1,42,xgboost,307,287,0,0.0169235672801733,0,0.5
1,1,42,xgboost,314,215,1,0.060480330139398575,0,0.5
1,1,42,xgboost,315,189,0,0.04768594726920128,0,0.5
1,1,42,xgboost,324,654,0,0.04309247061610222,0,0.5
1,1,42,xgboost,326,217,0,0.07285648584365845,0,0.5
1,1,42,xgboost,328,197,0,0.02322167344391346,0,0.5
1,1,42,xgboost,334,229,0,0.073926642537117,0,0.5
1,1,42,xgboost,340,148,0,0.061825014650821686,0,0.5
1,1,42,xgboost,353,223,0,0.022696159780025482,0,0.5
1,1,42,xgboost,359,733,0,0.031797442585229874,0,0.5
1,1,42,xgboost,361,199,0,0.07312408834695816,0,0.5
1,1,42,xgboost,372,242,0,0.07870139926671982,0,0.5
1,1,42,xgboost,376,786,0,0.13058891892433167,0,0.5
1,1,42,xgboost,385,234,0,0.06919918209314346,0,0.5
1,1,42,xgboost,387,266,0,0.07260920107364655,0,0.5
1,1,42,xgboost,388,185,0,0.09827578812837601,0,0.5
1,1,42,xgboost,393,142,0,0.05833125114440918,0,0.5
1,1,42,xgboost,397,137,0,0.0627530887722969,0,0.5
1,1,42,xgboost,414,186,0,0.06356596201658249,0,0.5
1,1,42,xgboost,417,158,0,0.025464555248618126,0,0.5
1,1,42,xgboost,418,47,0,0.08731365203857422,0,0.5
1,1,42,xgboost,430,153,0,0.06919261068105698,0,0.5
1,1,42,xgboost,436,39,0,0.017095746472477913,0,0.5
1,1,42,xgboost,438,195,0,0.08074681460857391,0,0.5
1,1,42,xgboost,440,7,0,0.038058120757341385,0,0.5
1,1,42,xgboost,444,80,0,0.044420670717954636,0,0.5
1,1,42,xgboost,448,65,0,0.08022831380367279,0,0.5
1,1,42,xgboost,454,7,0,0.038058120757341385,0,0.5
1,1,42,xgboost,456,24,0,0.038058120757341385,0,0.5
1,1,42,xgboost,462,68,0,0.04584003984928131,0,0.5
1,1,42,xgboost,466,7,0,0.038058120757341385,0,0.5
1,1,42,xgboost,475,154,0,0.04776887595653534,0,0.5
1,1,42,xgboost,477,751,0,0.06250710785388947,0,0.5
1,1,42,xgboost,480,575,0,0.026954401284456253,0,0.5
1,1,42,xgboost,491,122,0,0.06293594092130661,0,0.5
1,1,42,xgboost,499,614,0,0.05570836737751961,0,0.5
1,1,42,xgboost,502,369,0,0.03478940948843956,0,0.5
1,1,42,xgboost,506,711,0,0.1969364881515503,0,0.5
1,1,42,xgboost,511,38,0,0.041661337018013,0,0.5
1,1,42,xgboost,515,603,0,0.05323990434408188,0,0.5
1,1,42,xgboost,523,624,0,0.059312716126441956,0,0.5
1,1,42,xgboost,527,262,0,0.023628005757927895,0,0.5
1,1,42,xgboost,536,24,0,0.038058120757341385,0,0.5
1,1,42,xgboost,539,76,1,0.08395252376794815,0,0.5
1,1,42,xgboost,548,58,0,0.043812014162540436,0,0.5
1,1,42,xgboost,549,662,1,0.10510986298322678,0,0.5
1,1,42,xgboost,550,191,0,0.052725497633218765,0,0.5
1,1,42,xgboost,556,772,0,0.2314603179693222,0,0.5
1,1,42,xgboost,557,458,0,0.07128117978572845,0,0.5
1,1,42,xgboost,558,255,0,0.048950400203466415,0,0.5
1,1,42,xgboost,559,162,0,0.06087932363152504,0,0.5
1,1,42,xgboost,562,282,0,0.0509667731821537,0,0.5
1,1,42,xgboost,572,373,0,0.041322752833366394,0,0.5
1,1,42,xgboost,574,309,0,0.039332132786512375,0,0.5
1,1,42,xgboost,576,464,0,0.01661207340657711,0,0.5
1,1,42,xgboost,579,730,0,0.10330755263566971,0,0.5
1,1,42,xgboost,594,193,0,0.06457067281007767,0,0.5
1,1,42,xgboost,596,83,0,0.04355251416563988,0,0.5
1,1,42,xgboost,601,504,0,0.03971690312027931,0,0.5
1,1,42,xgboost,603,440,0,0.020008016377687454,0,0.5
1,1,42,xgboost,608,135,0,0.046771641820669174,0,0.5
1,1,42,xgboost,609,416,0,0.08420788496732712,0,0.5
1,1,42,xgboost,617,157,0,0.06767953187227249,0,0.5
1,1,42,xgboost,618,130,0,0.06010458990931511,0,0.5
1,1,42,xgboost,619,320,0,0.024673504754900932,0,0.5
1,1,42,xgboost,625,92,0,0.04226478189229965,0,0.5
1,1,42,xgboost,634,478,0,0.06493686884641647,0,0.5
1,1,42,xgboost,637,493,0,0.038663458079099655,0,0.5
1,1,42,xgboost,650,421,0,0.10097608715295792,0,0.5
1,1,42,xgboost,654,810,0,0.10599414259195328,0,0.5
1,1,42,xgboost,655,236,1,0.07620731741189957,0,0.5
1,1,42,xgboost,675,808,0,0.042347658425569534,0,0.5
1,1,42,xgboost,685,820,0,0.10657128691673279,0,0.5
1,1,42,xgboost,690,8,0,0.08342843502759933,0,0.5
1,1,42,xgboost,706,81,0,0.11088333278894424,0,0.5
1,1,42,xgboost,716,144,0,0.06087179109454155,0,0.5
1,1,42,xgboost,717,731,0,0.13325092196464539,0,0.5
1,1,42,xgboost,721,655,0,0.0564238503575325,0,0.5
1,1,42,xgboost,746,342,0,0.0369904525578022,0,0.5
1,1,42,xgboost,748,393,0,0.04994931444525719,0,0.5
1,1,42,xgboost,751,778,0,0.023047924041748047,0,0.5
1,1,42,xgboost,753,166,1,0.13238200545310974,0,0.5
1,1,42,xgboost,754,508,1,0.06855247169733047,0,0.5
1,1,42,xgboost,755,563,0,0.07636383175849915,0,0.5
1,1,42,xgboost,758,578,0,0.05040012300014496,0,0.5
1,1,42,xgboost,763,785,0,0.06513413786888123,0,0.5
1,1,42,xgboost,764,281,0,0.05501755699515343,0,0.5
1,1,42,xgboost,768,422,0,0.048660632222890854,0,0.5
1,1,42,xgboost,769,415,0,0.0171271450817585,0,0.5
1,1,42,xgboost,774,801,0,0.1146053597331047,0,0.5
1,1,42,xgboost,775,455,0,0.04956301674246788,0,0.5
1,1,42,xgboost,783,84,0,0.018185503780841827,0,0.5
1,1,42,xgboost,784,403,0,0.03917781636118889,0,0.5
1,1,42,xgboost,785,480,0,0.01926376298069954,0,0.5
1,1,42,xgboost,790,350,0,0.05496161803603172,0,0.5
1,1,42,xgboost,797,645,1,0.0847766250371933,0,0.5
1,1,42,xgboost,801,691,0,0.09602737426757812,0,0.5
1,1,42,xgboost,804,543,0,0.10847776383161545,0,0.5
1,1,42,xgboost,806,62,0,0.04154852777719498,0,0.5
1,1,42,xgboost,808,544,0,0.08438452333211899,0,0.5
1,1,42,xgboost,811,48,0,0.08990294486284256,0,0.5
1,1,42,xgboost,813,163,0,0.15807631611824036,0,0.5
1,1,42,xgboost,819,2,0,0.04290344566106796,0,0.5
1,1,42,xgboost,824,720,0,0.03204800561070442,0,0.5
1,1,42,xgboost,825,794,0,0.05295681208372116,0,0.5
1,1,42,xgboost,826,650,0,0.18743154406547546,0,0.5
1,1,42,xgboost,829,666,0,0.055853068828582764,0,0.5
1,1,42,xgboost,831,777,0,0.17680585384368896,0,0.5
1,1,42,xgboost,840,346,0,0.039886169135570526,0,0.5
1,1,42,xgboost,849,620,0,0.07593702524900436,0,0.5
1,1,42,xgboost,856,635,0,0.03204800561070442,0,0.5
1,2,42,dummy_prior,3,825,0,0.0641399416909621,0,0.5
1,2,42,dummy_prior,4,816,0,0.0641399416909621,0,0.5
1,2,42,dummy_prior,5,796,0,0.0641399416909621,0,0.5
1,2,42,dummy_prior,8,809,0,0.0641399416909621,0,0.5
1,2,42,dummy_prior,23,767,1,0.0641399416909621,0,0.5
1,2,42,dummy_prior,24,774,0,0.0641399416909621,0,0.5
1,2,42,dummy_prior,30,782,0,0.0641399416909621,0,0.5
1,2,42,dummy_prior,41,732,1,0.0641399416909621,0,0.5
1,2,42,dummy_prior,49,739,0,0.0641399416909621,0,0.5
1,2,42,dummy_prior,55,789,0,0.0641399416909621,0,0.5
1,2,42,dummy_prior,56,702,0,0.0641399416909621,0,0.5
1,2,42,dummy_prior,58,683,0,0.0641399416909621,0,0.5
1,2,42,dummy_prior,76,675,0,0.0641399416909621,0,0.5
1,2,42,dummy_prior,81,593,0,0.0641399416909621,0,0.5
1,2,42,dummy_prior,87,703,0,0.0641399416909621,0,0.5
1,2,42,dummy_prior,90,707,0,0.0641399416909621,0,0.5
1,2,42,dummy_prior,92,649,0,0.0641399416909621,0,0.5
1,2,42,dummy_prior,97,678,0,0.0641399416909621,0,0.5
1,2,42,dummy_prior,107,653,0,0.0641399416909621,0,0.5
1,2,42,dummy_prior,110,619,0,0.0641399416909621,0,0.5
1,2,42,dummy_prior,116,597,0,0.0641399416909621,0,0.5
1,2,42,dummy_prior,131,581,1,0.0641399416909621,0,0.5
1,2,42,dummy_prior,134,568,0,0.0641399416909621,0,0.5
1,2,42,dummy_prior,155,507,0,0.0641399416909621,0,0.5
1,2,42,dummy_prior,157,545,0,0.0641399416909621,0,0.5
1,2,42,dummy_prior,171,418,0,0.0641399416909621,0,0.5
1,2,42,dummy_prior,178,472,0,0.0641399416909621,0,0.5
1,2,42,dummy_prior,181,462,0,0.0641399416909621,0,0.5
1,2,42,dummy_prior,182,392,0,0.0641399416909621,0,0.5
1,2,42,dummy_prior,185,488,1,0.0641399416909621,0,0.5
1,2,42,dummy_prior,191,527,0,0.0641399416909621,0,0.5
1,2,42,dummy_prior,208,470,0,0.0641399416909621,0,0.5
1,2,42,dummy_prior,212,431,0,0.0641399416909621,0,0.5
1,2,42,dummy_prior,218,503,0,0.0641399416909621,0,0.5
1,2,42,dummy_prior,222,552,0,0.0641399416909621,0,0.5
1,2,42,dummy_prior,226,409,0,0.0641399416909621,0,0.5
1,2,42,dummy_prior,236,343,0,0.0641399416909621,0,0.5
1,2,42,dummy_prior,241,354,0,0.0641399416909621,0,0.5
1,2,42,dummy_prior,248,381,0,0.0641399416909621,0,0.5
1,2,42,dummy_prior,259,329,0,0.0641399416909621,0,0.5
1,2,42,dummy_prior,264,259,1,0.0641399416909621,0,0.5
1,2,42,dummy_prior,267,265,0,0.0641399416909621,0,0.5
1,2,42,dummy_prior,274,349,0,0.0641399416909621,0,0.5
1,2,42,dummy_prior,283,389,0,0.0641399416909621,0,0.5
1,2,42,dummy_prior,289,419,0,0.0641399416909621,0,0.5
1,2,42,dummy_prior,291,289,0,0.0641399416909621,0,0.5
1,2,42,dummy_prior,296,358,0,0.0641399416909621,0,0.5
1,2,42,dummy_prior,297,220,0,0.0641399416909621,0,0.5
1,2,42,dummy_prior,298,333,0,0.0641399416909621,0,0.5
1,2,42,dummy_prior,299,319,0,0.0641399416909621,0,0.5
1,2,42,dummy_prior,302,323,0,0.0641399416909621,0,0.5
1,2,42,dummy_prior,303,386,0,0.0641399416909621,0,0.5
1,2,42,dummy_prior,304,331,0,0.0641399416909621,0,0.5
1,2,42,dummy_prior,313,370,0,0.0641399416909621,0,0.5
1,2,42,dummy_prior,321,269,0,0.0641399416909621,0,0.5
1,2,42,dummy_prior,323,268,0,0.0641399416909621,0,0.5
1,2,42,dummy_prior,335,525,1,0.0641399416909621,0,0.5
1,2,42,dummy_prior,336,251,0,0.0641399416909621,0,0.5
1,2,42,dummy_prior,337,818,0,0.0641399416909621,0,0.5
1,2,42,dummy_prior,343,159,0,0.0641399416909621,0,0.5
1,2,42,dummy_prior,347,131,0,0.0641399416909621,0,0.5
1,2,42,dummy_prior,363,72,0,0.0641399416909621,0,0.5
1,2,42,dummy_prior,368,203,0,0.0641399416909621,0,0.5
1,2,42,dummy_prior,371,367,0,0.0641399416909621,0,0.5
1,2,42,dummy_prior,374,243,0,0.0641399416909621,0,0.5
1,2,42,dummy_prior,375,249,0,0.0641399416909621,0,0.5
1,2,42,dummy_prior,382,400,0,0.0641399416909621,0,0.5
1,2,42,dummy_prior,389,49,0,0.0641399416909621,0,0.5
1,2,42,dummy_prior,398,115,0,0.0641399416909621,0,0.5
1,2,42,dummy_prior,404,88,0,0.0641399416909621,0,0.5
1,2,42,dummy_prior,405,61,0,0.0641399416909621,0,0.5
1,2,42,dummy_prior,406,49,0,0.0641399416909621,0,0.5
1,2,42,dummy_prior,407,57,0,0.0641399416909621,0,0.5
1,2,42,dummy_prior,408,60,0,0.0641399416909621,0,0.5
1,2,42,dummy_prior,411,49,0,0.0641399416909621,0,0.5
1,2,42,dummy_prior,416,70,0,0.0641399416909621,0,0.5
1,2,42,dummy_prior,420,97,0,0.0641399416909621,0,0.5
1,2,42,dummy_prior,425,35,0,0.0641399416909621,0,0.5
1,2,42,dummy_prior,428,29,0,0.0641399416909621,0,0.5
1,2,42,dummy_prior,431,70,0,0.0641399416909621,0,0.5
1,2,42,dummy_prior,433,28,0,0.0641399416909621,0,0.5
1,2,42,dummy_prior,439,112,0,0.0641399416909621,0,0.5
1,2,42,dummy_prior,449,75,0,0.0641399416909621,0,0.5
1,2,42,dummy_prior,451,32,0,0.0641399416909621,0,0.5
1,2,42,dummy_prior,452,46,0,0.0641399416909621,0,0.5
1,2,42,dummy_prior,458,35,0,0.0641399416909621,0,0.5
1,2,42,dummy_prior,460,5,0,0.0641399416909621,0,0.5
1,2,42,dummy_prior,461,19,0,0.0641399416909621,0,0.5
1,2,42,dummy_prior,465,43,0,0.0641399416909621,0,0.5
1,2,42,dummy_prior,469,16,0,0.0641399416909621,0,0.5
1,2,42,dummy_prior,472,682,1,0.0641399416909621,0,0.5
1,2,42,dummy_prior,473,787,0,0.0641399416909621,0,0.5
1,2,42,dummy_prior,478,534,0,0.0641399416909621,0,0.5
1,2,42,dummy_prior,481,608,0,0.0641399416909621,0,0.5
1,2,42,dummy_prior,482,757,0,0.0641399416909621,0,0.5
1,2,42,dummy_prior,488,337,0,0.0641399416909621,0,0.5
1,2,42,dummy_prior,498,663,0,0.0641399416909621,0,0.5
1,2,42,dummy_prior,510,17,0,0.0641399416909621,0,0.5
1,2,42,dummy_prior,517,514,0,0.0641399416909621,0,0.5
1,2,42,dummy_prior,518,362,0,0.0641399416909621,0,0.5
1,2,42,dummy_prior,521,791,0,0.0641399416909621,0,0.5
1,2,42,dummy_prior,522,37,0,0.0641399416909621,0,0.5
1,2,42,dummy_prior,525,46,0,0.0641399416909621,0,0.5
1,2,42,dummy_prior,529,652,0,0.0641399416909621,0,0.5
1,2,42,dummy_prior,533,425,0,0.0641399416909621,0,0.5
1,2,42,dummy_prior,535,275,0,0.0641399416909621,0,0.5
1,2,42,dummy_prior,538,361,0,0.0641399416909621,0,0.5
1,2,42,dummy_prior,541,474,0,0.0641399416909621,0,0.5
1,2,42,dummy_prior,543,40,0,0.0641399416909621,0,0.5
1,2,42,dummy_prior,545,532,0,0.0641399416909621,0,0.5
1,2,42,dummy_prior,547,385,0,0.0641399416909621,0,0.5
1,2,42,dummy_prior,553,636,0,0.0641399416909621,0,0.5
1,2,42,dummy_prior,554,20,0,0.0641399416909621,0,0.5
1,2,42,dummy_prior,555,435,0,0.0641399416909621,0,0.5
1,2,42,dummy_prior,560,748,0,0.0641399416909621,0,0.5
1,2,42,dummy_prior,561,208,0,0.0641399416909621,0,0.5
1,2,42,dummy_prior,563,712,0,0.0641399416909621,0,0.5
1,2,42,dummy_prior,565,335,0,0.0641399416909621,0,0.5
1,2,42,dummy_prior,566,456,0,0.0641399416909621,0,0.5
1,2,42,dummy_prior,583,315,0,0.0641399416909621,0,0.5
1,2,42,dummy_prior,587,687,0,0.0641399416909621,0,0.5
1,2,42,dummy_prior,595,248,0,0.0641399416909621,0,0.5
1,2,42,dummy_prior,610,230,1,0.0641399416909621,0,0.5
1,2,42,dummy_prior,612,225,0,0.0641399416909621,0,0.5
1,2,42,dummy_prior,613,299,0,0.0641399416909621,0,0.5
1,2,42,dummy_prior,616,376,0,0.0641399416909621,0,0.5
1,2,42,dummy_prior,620,363,0,0.0641399416909621,0,0.5
1,2,42,dummy_prior,629,336,0,0.0641399416909621,0,0.5
1,2,42,dummy_prior,642,512,0,0.0641399416909621,0,0.5
1,2,42,dummy_prior,643,21,0,0.0641399416909621,0,0.5
1,2,42,dummy_prior,652,826,0,0.0641399416909621,0,0.5
1,2,42,dummy_prior,661,326,0,0.0641399416909621,0,0.5
1,2,42,dummy_prior,665,205,0,0.0641399416909621,0,0.5
1,2,42,dummy_prior,668,830,0,0.0641399416909621,0,0.5
1,2,42,dummy_prior,671,824,1,0.0641399416909621,0,0.5
1,2,42,dummy_prior,680,821,0,0.0641399416909621,0,0.5
1,2,42,dummy_prior,681,793,0,0.0641399416909621,0,0.5
1,2,42,dummy_prior,682,827,0,0.0641399416909621,0,0.5
1,2,42,dummy_prior,683,762,0,0.0641399416909621,0,0.5
1,2,42,dummy_prior,696,138,0,0.0641399416909621,0,0.5
1,2,42,dummy_prior,697,91,0,0.0641399416909621,0,0.5
1,2,42,dummy_prior,699,111,0,0.0641399416909621,0,0.5
1,2,42,dummy_prior,700,479,0,0.0641399416909621,0,0.5
1,2,42,dummy_prior,702,439,0,0.0641399416909621,0,0.5
1,2,42,dummy_prior,707,231,0,0.0641399416909621,0,0.5
1,2,42,dummy_prior,710,449,0,0.0641399416909621,0,0.5
1,2,42,dummy_prior,718,246,0,0.0641399416909621,0,0.5
1,2,42,dummy_prior,722,325,0,0.0641399416909621,0,0.5
1,2,42,dummy_prior,725,214,0,0.0641399416909621,0,0.5
1,2,42,dummy_prior,726,530,0,0.0641399416909621,0,0.5
1,2,42,dummy_prior,728,623,0,0.0641399416909621,0,0.5
1,2,42,dummy_prior,729,327,0,0.0641399416909621,0,0.5
1,2,42,dummy_prior,731,291,0,0.0641399416909621,0,0.5
1,2,42,dummy_prior,732,417,0,0.0641399416909621,0,0.5
1,2,42,dummy_prior,736,725,0,0.0641399416909621,0,0.5
1,2,42,dummy_prior,737,177,0,0.0641399416909621,0,0.5
1,2,42,dummy_prior,739,495,1,0.0641399416909621,0,0.5
1,2,42,dummy_prior,744,66,0,0.0641399416909621,0,0.5
1,2,42,dummy_prior,772,113,0,0.0641399416909621,0,0.5
1,2,42,dummy_prior,779,656,0,0.0641399416909621,0,0.5
1,2,42,dummy_prior,781,642,1,0.0641399416909621,0,0.5
1,2,42,dummy_prior,794,175,0,0.0641399416909621,0,0.5
1,2,42,dummy_prior,816,233,0,0.0641399416909621,0,0.5
1,2,42,dummy_prior,821,602,0,0.0641399416909621,0,0.5
1,2,42,dummy_prior,827,688,0,0.0641399416909621,0,0.5
1,2,42,dummy_prior,839,601,0,0.0641399416909621,0,0.5
1,2,42,dummy_prior,841,297,0,0.0641399416909621,0,0.5
1,2,42,dummy_prior,843,567,0,0.0641399416909621,0,0.5
1,2,42,dummy_prior,844,444,0,0.0641399416909621,0,0.5
1,2,42,dummy_prior,847,574,0,0.0641399416909621,0,0.5
1,2,42,dummy_prior,848,598,0,0.0641399416909621,0,0.5
1,2,42,dummy_prior,852,800,0,0.0641399416909621,0,0.5
1,2,42,logistic_regression,3,825,0,0.3547385038596097,0,0.5
1,2,42,logistic_regression,4,816,0,0.28039140052218803,0,0.5
1,2,42,logistic_regression,5,796,0,0.21997423772304445,0,0.5
1,2,42,logistic_regression,8,809,0,0.2224411755253012,0,0.5
1,2,42,logistic_regression,23,767,1,0.27662242615150484,0,0.5
1,2,42,logistic_regression,24,774,0,0.24124719156343957,0,0.5
1,2,42,logistic_regression,30,782,0,0.32962774497836334,0,0.5
1,2,42,logistic_regression,41,732,1,0.36517127314797126,0,0.5
1,2,42,logistic_regression,49,739,0,0.22922333910243808,0,0.5
1,2,42,logistic_regression,55,789,0,0.28622180773457523,0,0.5
1,2,42,logistic_regression,56,702,0,0.22875541933771684,0,0.5
1,2,42,logistic_regression,58,683,0,0.23225027915430801,0,0.5
1,2,42,logistic_regression,76,675,0,0.25299340187970953,0,0.5
1,2,42,logistic_regression,81,593,0,0.25523141062739296,0,0.5
1,2,42,logistic_regression,87,703,0,0.2641390591675647,0,0.5
1,2,42,logistic_regression,90,707,0,0.19441431413404175,0,0.5
1,2,42,logistic_regression,92,649,0,0.27229483386853964,0,0.5
1,2,42,logistic_regression,97,678,0,0.231982496225839,0,0.5
1,2,42,logistic_regression,107,653,0,0.23863488810418026,0,0.5
1,2,42,logistic_regression,110,619,0,0.2544883674755977,0,0.5
1,2,42,logistic_regression,116,597,0,0.2233350953023679,0,0.5
1,2,42,logistic_regression,131,581,1,0.3665413258554166,0,0.5
1,2,42,logistic_regression,134,568,0,0.3720399700132721,0,0.5
1,2,42,logistic_regression,155,507,0,0.26931775547448644,0,0.5
1,2,42,logistic_regression,157,545,0,0.21948167937643195,0,0.5
1,2,42,logistic_regression,171,418,0,0.2371497471887616,0,0.5
1,2,42,logistic_regression,178,472,0,0.19299927012116244,0,0.5
1,2,42,logistic_regression,181,462,0,0.21963455516749203,0,0.5
1,2,42,logistic_regression,182,392,0,0.20390777937129997,0,0.5
1,2,42,logistic_regression,185,488,1,0.2895221140566478,0,0.5
1,2,42,logistic_regression,191,527,0,0.25310220121621185,0,0.5
1,2,42,logistic_regression,208,470,0,0.2307756367016917,0,0.5
1,2,42,logistic_regression,212,431,0,0.29166673007362826,0,0.5
1,2,42,logistic_regression,218,503,0,0.2319913623818942,0,0.5
1,2,42,logistic_regression,222,552,0,0.15447609494699105,0,0.5
1,2,42,logistic_regression,226,409,0,0.2192635224739488,0,0.5
1,2,42,logistic_regression,236,343,0,0.36553730823377684,0,0.5
1,2,42,logistic_regression,241,354,0,0.24365524506697125,0,0.5
1,2,42,logistic_regression,248,381,0,0.248730259445203,0,0.5
1,2,42,logistic_regression,259,329,0,0.2828171591709532,0,0.5
1,2,42,logistic_regression,264,259,1,0.2532588128001422,0,0.5
1,2,42,logistic_regression,267,265,0,0.18934591402928458,0,0.5
1,2,42,logistic_regression,274,349,0,0.2410805406231578,0,0.5
1,2,42,logistic_regression,283,389,0,0.23764985848305906,0,0.5
1,2,42,logistic_regression,289,419,0,0.23571729302344732,0,0.5
1,2,42,logistic_regression,291,289,0,0.2271901681334424,0,0.5
1,2,42,logistic_regression,296,358,0,0.22186598597923435,0,0.5
1,2,42,logistic_regression,297,220,0,0.17153957812997656,0,0.5
1,2,42,logistic_regression,298,333,0,0.2270844251767566,0,0.5
1,2,42,logistic_regression,299,319,0,0.18859983124086735,0,0.5
1,2,42,logistic_regression,302,323,0,0.24986400065372102,0,0.5
1,2,42,logistic_regression,303,386,0,0.2241750728105993,0,0.5
1,2,42,logistic_regression,304,331,0,0.1680216408492227,0,0.5
1,2,42,logistic_regression,313,370,0,0.23462968133687273,0,0.5
1,2,42,logistic_regression,321,269,0,0.18688209260297955,0,0.5
1,2,42,logistic_regression,323,268,0,0.2514644061971058,0,0.5
1,2,42,logistic_regression,335,525,1,0.22247929002982947,0,0.5
1,2,42,logistic_regression,336,251,0,0.24721306033329807,0,0.5
1,2,42,logistic_regression,337,818,0,0.329710865918243,0,0.5
1,2,42,logistic_regression,343,159,0,0.18763024255986935,0,0.5
1,2,42,logistic_regression,347,131,0,0.22851416105626765,0,0.5
1,2,42,logistic_regression,363,72,0,0.2261622728559882,0,0.5
1,2,42,logistic_regression,368,203,0,0.21228744546993059,0,0.5
1,2,42,logistic_regression,371,367,0,0.24495916227568565,0,0.5
1,2,42,logistic_regression,374,243,0,0.20172580747925312,0,0.5
1,2,42,logistic_regression,375,249,0,0.22928716383433903,0,0.5
1,2,42,logistic_regression,382,400,0,0.22486168204649,0,0.5
1,2,42,logistic_regression,389,49,0,0.21894800273799844,0,0.5
1,2,42,logistic_regression,398,115,0,0.16943764152019086,0,0.5
1,2,42,logistic_regression,404,88,0,0.22227166602349938,0,0.5
1,2,42,logistic_regression,405,61,0,0.18842104242402016,0,0.5
1,2,42,logistic_regression,406,49,0,0.21894800273799844,0,0.5
1,2,42,logistic_regression,407,57,0,0.3567772261863093,0,0.5
1,2,42,logistic_regression,408,60,0,0.18965761281791285,0,0.5
1,2,42,logistic_regression,411,49,0,0.21894800273799844,0,0.5
1,2,42,logistic_regression,416,70,0,0.22202011883800288,0,0.5
1,2,42,logistic_regression,420,97,0,0.22536188585662376,0,0.5
1,2,42,logistic_regression,425,35,0,0.22141925904099194,0,0.5
1,2,42,logistic_regression,428,29,0,0.21756027754418242,0,0.5
1,2,42,logistic_regression,431,70,0,0.22202011883800288,0,0.5
1,2,42,logistic_regression,433,28,0,0.22809702590444172,0,0.5
1,2,42,logistic_regression,439,112,0,0.23242302538013812,0,0.5
1,2,42,logistic_regression,449,75,0,0.2275466786931695,0,0.5
1,2,42,logistic_regression,451,32,0,0.1718281775194453,0,0.5
1,2,42,logistic_regression,452,46,0,0.18750450497561477,0,0.5
1,2,42,logistic_regression,458,35,0,0.22141925904099194,0,0.5
1,2,42,logistic_regression,460,5,0,0.1698235541503212,0,0.5
1,2,42,logistic_regression,461,19,0,0.22294203739344615,0,0.5
1,2,42,logistic_regression,465,43,0,0.22111299154920447,0,0.5
1,2,42,logistic_regression,469,16,0,0.22129682293174496,0,0.5
1,2,42,logistic_regression,472,682,1,0.23118177345768853,0,0.5
1,2,42,logistic_regression,473,787,0,0.25511439520399243,0,0.5
1,2,42,logistic_regression,478,534,0,0.24346261238397995,0,0.5
1,2,42,logistic_regression,481,608,0,0.19933872036586014,0,0.5
1,2,42,logistic_regression,482,757,0,0.26848077508083584,0,0.5
1,2,42,logistic_regression,488,337,0,0.24403532121662513,0,0.5
1,2,42,logistic_regression,498,663,0,0.3365561178328447,0,0.5
1,2,42,logistic_regression,510,17,0,0.23089946898063504,0,0.5
1,2,42,logistic_regression,517,514,0,0.24044347101414887,0,0.5
1,2,42,logistic_regression,518,362,0,0.2405321502103176,0,0.5
1,2,42,logistic_regression,521,791,0,0.24414189596671015,0,0.5
1,2,42,logistic_regression,522,37,0,0.22323763148675987,0,0.5
1,2,42,logistic_regression,525,46,0,0.18750450497561477,0,0.5
1,2,42,logistic_regression,529,652,0,0.2457651228745484,0,0.5
1,2,42,logistic_regression,533,425,0,0.21951282769096936,0,0.5
1,2,42,logistic_regression,535,275,0,0.22083705566921027,0,0.5
1,2,42,logistic_regression,538,361,0,0.2266850303057494,0,0.5
1,2,42,logistic_regression,541,474,0,0.2310560942448532,0,0.5
1,2,42,logistic_regression,543,40,0,0.23165104798849023,0,0.5
1,2,42,logistic_regression,545,532,0,0.2739727057256178,0,0.5
1,2,42,logistic_regression,547,385,0,0.190916526835355,0,0.5
1,2,42,logistic_regression,553,636,0,0.231202108313567,0,0.5
1,2,42,logistic_regression,554,20,0,0.23359244806019952,0,0.5
1,2,42,logistic_regression,555,435,0,0.22920429784066537,0,0.5
1,2,42,logistic_regression,560,748,0,0.2431973935272966,0,0.5
1,2,42,logistic_regression,561,208,0,0.2268915893215704,0,0.5
1,2,42,logistic_regression,563,712,0,0.23886501458566475,0,0.5
1,2,42,logistic_regression,565,335,0,0.21979953648969838,0,0.5
1,2,42,logistic_regression,566,456,0,0.22398953821151463,0,0.5
1,2,42,logistic_regression,583,315,0,0.2225294243036744,0,0.5
1,2,42,logistic_regression,587,687,0,0.29022920329392593,0,0.5
1,2,42,logistic_regression,595,248,0,0.26808842902276947,0,0.5
1,2,42,logistic_regression,610,230,1,0.23380136318630906,0,0.5
1,2,42,logistic_regression,612,225,0,0.22505889456832134,0,0.5
1,2,42,logistic_regression,613,299,0,0.2199068009635777,0,0.5
1,2,42,logistic_regression,616,376,0,0.24761848849793433,0,0.5
1,2,42,logistic_regression,620,363,0,0.23443212009853404,0,0.5
1,2,42,logistic_regression,629,336,0,0.24552645836508222,0,0.5
1,2,42,logistic_regression,642,512,0,0.22733549874851017,0,0.5
1,2,42,logistic_regression,643,21,0,0.22592498103443184,0,0.5
1,2,42,logistic_regression,652,826,0,0.27736079962796567,0,0.5
1,2,42,logistic_regression,661,326,0,0.22995364315113698,0,0.5
1,2,42,logistic_regression,665,205,0,0.24292602150091785,0,0.5
1,2,42,logistic_regression,668,830,0,0.2776819717729371,0,0.5
1,2,42,logistic_regression,671,824,1,0.227577269036587,0,0.5
1,2,42,logistic_regression,680,821,0,0.22715410500066346,0,0.5
1,2,42,logistic_regression,681,793,0,0.2438247414848328,0,0.5
1,2,42,logistic_regression,682,827,0,0.24518691688029576,0,0.5
1,2,42,logistic_regression,683,762,0,0.2539196759820418,0,0.5
1,2,42,logistic_regression,696,138,0,0.2126721143143145,0,0.5
1,2,42,logistic_regression,697,91,0,0.2603255591820468,0,0.5
1,2,42,logistic_regression,699,111,0,0.2537669192329278,0,0.5
1,2,42,logistic_regression,700,479,0,0.21489673376096663,0,0.5
1,2,42,logistic_regression,702,439,0,0.262809995226839,0,0.5
1,2,42,logistic_regression,707,231,0,0.24971642839929611,0,0.5
1,2,42,logistic_regression,710,449,0,0.2378215765673403,0,0.5
1,2,42,logistic_regression,718,246,0,0.22357613675583335,0,0.5
1,2,42,logistic_regression,722,325,0,0.27192531967220834,0,0.5
1,2,42,logistic_regression,725,214,0,0.24042490538890068,0,0.5
1,2,42,logistic_regression,726,530,0,0.2625472137039625,0,0.5
1,2,42,logistic_regression,728,623,0,0.2517133746606096,0,0.5
1,2,42,logistic_regression,729,327,0,0.22919867527904592,0,0.5
1,2,42,logistic_regression,731,291,0,0.21812210442312052,0,0.5
1,2,42,logistic_regression,732,417,0,0.22751914342599266,0,0.5
1,2,42,logistic_regression,736,725,0,0.23552065298500438,0,0.5
1,2,42,logistic_regression,737,177,0,0.22173133668222467,0,0.5
1,2,42,logistic_regression,739,495,1,0.2892049359288387,0,0.5
1,2,42,logistic_regression,744,66,0,0.258547205922076,0,0.5
1,2,42,logistic_regression,772,113,0,0.19458795867366463,0,0.5
1,2,42,logistic_regression,779,656,0,0.25976612345316813,0,0.5
1,2,42,logistic_regression,781,642,1,0.17447745437769593,0,0.5
1,2,42,logistic_regression,794,175,0,0.18874713894072728,0,0.5
1,2,42,logistic_regression,816,233,0,0.2619015670399674,0,0.5
1,2,42,logistic_regression,821,602,0,0.23468794968597081,0,0.5
1,2,42,logistic_regression,827,688,0,0.225232799660345,0,0.5
1,2,42,logistic_regression,839,601,0,0.23228842564282015,0,0.5
1,2,42,logistic_regression,841,297,0,0.2216702676906629,0,0.5
1,2,42,logistic_regression,843,567,0,0.23740146083062513,0,0.5
1,2,42,logistic_regression,844,444,0,0.2837316058424688,0,0.5
1,2,42,logistic_regression,847,574,0,0.21869137970599759,0,0.5
1,2,42,logistic_regression,848,598,0,0.22804990318346838,0,0.5
1,2,42,logistic_regression,852,800,0,0.2468135331132877,0,0.5
1,2,42,xgboost,3,825,0,0.09537284821271896,0,0.5
1,2,42,xgboost,4,816,0,0.2532448172569275,0,0.5
1,2,42,xgboost,5,796,0,0.04120912030339241,0,0.5
1,2,42,xgboost,8,809,0,0.03474884852766991,0,0.5
1,2,42,xgboost,23,767,1,0.20115064084529877,0,0.5
1,2,42,xgboost,24,774,0,0.04988626763224602,0,0.5
1,2,42,xgboost,30,782,0,0.24504892528057098,0,0.5
1,2,42,xgboost,41,732,1,0.09606320410966873,0,0.5
1,2,42,xgboost,49,739,0,0.06454171240329742,0,0.5
1,2,42,xgboost,55,789,0,0.2393830120563507,0,0.5
1,2,42,xgboost,56,702,0,0.0678114965558052,0,0.5
1,2,42,xgboost,58,683,0,0.04040722921490669,0,0.5
1,2,42,xgboost,76,675,0,0.05072423070669174,0,0.5
1,2,42,xgboost,81,593,0,0.0658111572265625,0,0.5
1,2,42,xgboost,87,703,0,0.14285457134246826,0,0.5
1,2,42,xgboost,90,707,0,0.020291855558753014,0,0.5
1,2,42,xgboost,92,649,0,0.06213679164648056,0,0.5
1,2,42,xgboost,97,678,0,0.0484389029443264,0,0.5
1,2,42,xgboost,107,653,0,0.05202502757310867,0,0.5
1,2,42,xgboost,110,619,0,0.05028660595417023,0,0.5
1,2,42,xgboost,116,597,0,0.0564793236553669,0,0.5
1,2,42,xgboost,131,581,1,0.13131317496299744,0,0.5
1,2,42,xgboost,134,568,0,0.13291583955287933,0,0.5
1,2,42,xgboost,155,507,0,0.06565459072589874,0,0.5
1,2,42,xgboost,157,545,0,0.04609540104866028,0,0.5
1,2,42,xgboost,171,418,0,0.04929787293076515,0,0.5
1,2,42,xgboost,178,472,0,0.03331420570611954,0,0.5
1,2,42,xgboost,181,462,0,0.05209876969456673,0,0.5
1,2,42,xgboost,182,392,0,0.0797150507569313,0,0.5
1,2,42,xgboost,185,488,1,0.07951129972934723,0,0.5
1,2,42,xgboost,191,527,0,0.04657014459371567,0,0.5
1,2,42,xgboost,208,470,0,0.061912018805742264,0,0.5
1,2,42,xgboost,212,431,0,0.05307459458708763,0,0.5
1,2,42,xgboost,218,503,0,0.06962132453918457,0,0.5
1,2,42,xgboost,222,552,0,0.05068879574537277,0,0.5
1,2,42,xgboost,226,409,0,0.053579751402139664,0,0.5
1,2,42,xgboost,236,343,0,0.0809764489531517,0,0.5
1,2,42,xgboost,241,354,0,0.04797818139195442,0,0.5
1,2,42,xgboost,248,381,0,0.04797818139195442,0,0.5
1,2,42,xgboost,259,329,0,0.06800688058137894,0,0.5
1,2,42,xgboost,264,259,1,0.04743989557027817,0,0.5
1,2,42,xgboost,267,265,0,0.03121136501431465,0,0.5
1,2,42,xgboost,274,349,0,0.04797818139195442,0,0.5
1,2,42,xgboost,283,389,0,0.062060195952653885,0,0.5
1,2,42,xgboost,289,419,0,0.05716371536254883,0,0.5
1,2,42,xgboost,291,289,0,0.05511586368083954,0,0.5
1,2,42,xgboost,296,358,0,0.06167800351977348,0,0.5
1,2,42,xgboost,297,220,0,0.06411680579185486,0,0.5
1,2,42,xgboost,298,333,0,0.05893544480204582,0,0.5
1,2,42,xgboost,299,319,0,0.027995256707072258,0,0.5
1,2,42,xgboost,302,323,0,0.057877618819475174,0,0.5
1,2,42,xgboost,303,386,0,0.05401849001646042,0,0.5
1,2,42,xgboost,304,331,0,0.02466367930173874,0,0.5
1,2,42,xgboost,313,370,0,0.06261353194713593,0,0.5
1,2,42,xgboost,321,269,0,0.028681820258498192,0,0.5
1,2,42,xgboost,323,268,0,0.059725623577833176,0,0.5
1,2,42,xgboost,335,525,1,0.060645971447229385,0,0.5
1,2,42,xgboost,336,251,0,0.062158241868019104,0,0.5
1,2,42,xgboost,337,818,0,0.05951454117894173,0,0.5
1,2,42,xgboost,343,159,0,0.026007212698459625,0,0.5
1,2,42,xgboost,347,131,0,0.05546896532177925,0,0.5
1,2,42,xgboost,363,72,0,0.061257943511009216,0,0.5
1,2,42,xgboost,368,203,0,0.04923082888126373,0,0.5
1,2,42,xgboost,371,367,0,0.06604951620101929,0,0.5
1,2,42,xgboost,374,243,0,0.10613099485635757,0,0.5
1,2,42,xgboost,375,249,0,0.05811836197972298,0,0.5
1,2,42,xgboost,382,400,0,0.06185543164610863,0,0.5
1,2,42,xgboost,389,49,0,0.0660393089056015,0,0.5
1,2,42,xgboost,398,115,0,0.023505577817559242,0,0.5
1,2,42,xgboost,404,88,0,0.05143076181411743,0,0.5
1,2,42,xgboost,405,61,0,0.023505577817559242,0,0.5
1,2,42,xgboost,406,49,0,0.0660393089056015,0,0.5
1,2,42,xgboost,407,57,0,0.12640564143657684,0,0.5
1,2,42,xgboost,408,60,0,0.023505577817559242,0,0.5
1,2,42,xgboost,411,49,0,0.0660393089056015,0,0.5
1,2,42,xgboost,416,70,0,0.05289380997419357,0,0.5
1,2,42,xgboost,420,97,0,0.069644995033741,0,0.5
1,2,42,xgboost,425,35,0,0.05143076181411743,0,0.5
1,2,42,xgboost,428,29,0,0.053929656744003296,0,0.5
1,2,42,xgboost,431,70,0,0.05289380997419357,0,0.5
1,2,42,xgboost,433,28,0,0.054411400109529495,0,0.5
1,2,42,xgboost,439,112,0,0.052706483751535416,0,0.5
1,2,42,xgboost,449,75,0,0.054411400109529495,0,0.5
1,2,42,xgboost,451,32,0,0.05289380997419357,0,0.5
1,2,42,xgboost,452,46,0,0.025493232533335686,0,0.5
1,2,42,xgboost,458,35,0,0.05143076181411743,0,0.5
1,2,42,xgboost,460,5,0,0.023505577817559242,0,0.5
1,2,42,xgboost,461,19,0,0.051332853734493256,0,0.5
1,2,42,xgboost,465,43,0,0.05289380997419357,0,0.5
1,2,42,xgboost,469,16,0,0.05143076181411743,0,0.5
1,2,42,xgboost,472,682,1,0.050341494381427765,0,0.5
1,2,42,xgboost,473,787,0,0.04392416775226593,0,0.5
1,2,42,xgboost,478,534,0,0.06430289894342422,0,0.5
1,2,42,xgboost,481,608,0,0.04766647890210152,0,0.5
1,2,42,xgboost,482,757,0,0.06934547424316406,0,0.5
1,2,42,xgboost,488,337,0,0.051925208419561386,0,0.5
1,2,42,xgboost,498,663,0,0.07226505875587463,0,0.5
1,2,42,xgboost,510,17,0,0.048503462225198746,0,0.5
1,2,42,xgboost,517,514,0,0.049288924783468246,0,0.5
1,2,42,xgboost,518,362,0,0.054283808916807175,0,0.5
1,2,42,xgboost,521,791,0,0.061559416353702545,0,0.5
1,2,42,xgboost,522,37,0,0.05436050146818161,0,0.5
1,2,42,xgboost,525,46,0,0.025493232533335686,0,0.5
1,2,42,xgboost,529,652,0,0.05659550800919533,0,0.5
1,2,42,xgboost,533,425,0,0.05209876969456673,0,0.5
1,2,42,xgboost,535,275,0,0.0728098452091217,0,0.5
1,2,42,xgboost,538,361,0,0.06314867734909058,0,0.5
1,2,42,xgboost,541,474,0,0.06288973987102509,0,0.5
1,2,42,xgboost,543,40,0,0.048503462225198746,0,0.5
1,2,42,xgboost,545,532,0,0.06140884757041931,0,0.5
1,2,42,xgboost,547,385,0,0.024718275293707848,0,0.5
1,2,42,xgboost,553,636,0,0.06446229666471481,0,0.5
1,2,42,xgboost,554,20,0,0.052706483751535416,0,0.5
1,2,42,xgboost,555,435,0,0.07126026600599289,0,0.5
1,2,42,xgboost,560,748,0,0.03812403231859207,0,0.5
1,2,42,xgboost,561,208,0,0.05932256206870079,0,0.5
1,2,42,xgboost,563,712,0,0.11640996485948563,0,0.5
1,2,42,xgboost,565,335,0,0.054236289113759995,0,0.5
1,2,42,xgboost,566,456,0,0.05019201338291168,0,0.5
1,2,42,xgboost,583,315,0,0.05401849001646042,0,0.5
1,2,42,xgboost,587,687,0,0.062099579721689224,0,0.5
1,2,42,xgboost,595,248,0,0.050356198102235794,0,0.5
1,2,42,xgboost,610,230,1,0.08121537417173386,0,0.5
1,2,42,xgboost,612,225,0,0.05673808604478836,0,0.5
1,2,42,xgboost,613,299,0,0.1086571142077446,0,0.5
1,2,42,xgboost,616,376,0,0.045023106038570404,0,0.5
1,2,42,xgboost,620,363,0,0.05761058256030083,0,0.5
1,2,42,xgboost,629,336,0,0.05715186893939972,0,0.5
1,2,42,xgboost,642,512,0,0.08241382986307144,0,0.5
1,2,42,xgboost,643,21,0,0.05668574199080467,0,0.5
1,2,42,xgboost,652,826,0,0.052915219217538834,0,0.5
1,2,42,xgboost,661,326,0,0.06608884036540985,0,0.5
1,2,42,xgboost,665,205,0,0.050356198102235794,0,0.5
1,2,42,xgboost,668,830,0,0.04619774594902992,0,0.5
1,2,42,xgboost,671,824,1,0.05151256546378136,0,0.5
1,2,42,xgboost,680,821,0,0.05255473777651787,0,0.5
1,2,42,xgboost,681,793,0,0.033019207417964935,0,0.5
1,2,42,xgboost,682,827,0,0.049255017191171646,0,0.5
1,2,42,xgboost,683,762,0,0.06096767634153366,0,0.5
1,2,42,xgboost,696,138,0,0.02951587364077568,0,0.5
1,2,42,xgboost,697,91,0,0.061510100960731506,0,0.5
1,2,42,xgboost,699,111,0,0.0678238794207573,0,0.5
1,2,42,xgboost,700,479,0,0.031550269573926926,0,0.5
1,2,42,xgboost,702,439,0,0.08054201304912567,0,0.5
1,2,42,xgboost,707,231,0,0.0749492272734642,0,0.5
1,2,42,xgboost,710,449,0,0.0533473901450634,0,0.5
1,2,42,xgboost,718,246,0,0.08053401857614517,0,0.5
1,2,42,xgboost,722,325,0,0.06025224179029465,0,0.5
1,2,42,xgboost,725,214,0,0.06291290372610092,0,0.5
1,2,42,xgboost,726,530,0,0.11527880281209946,0,0.5
1,2,42,xgboost,728,623,0,0.037348534911870956,0,0.5
1,2,42,xgboost,729,327,0,0.047735776752233505,0,0.5
1,2,42,xgboost,731,291,0,0.053579751402139664,0,0.5
1,2,42,xgboost,732,417,0,0.04926690086722374,0,0.5
1,2,42,xgboost,736,725,0,0.060564544051885605,0,0.5
1,2,42,xgboost,737,177,0,0.05143076181411743,0,0.5
1,2,42,xgboost,739,495,1,0.12932303547859192,0,0.5
1,2,42,xgboost,744,66,0,0.0678238794207573,0,0.5
1,2,42,xgboost,772,113,0,0.024670792743563652,0,0.5
1,2,42,xgboost,779,656,0,0.09944971650838852,0,0.5
1,2,42,xgboost,781,642,1,0.055797234177589417,0,0.5
1,2,42,xgboost,794,175,0,0.023505577817559242,0,0.5
1,2,42,xgboost,816,233,0,0.074424609541893,0,0.5
1,2,42,xgboost,821,602,0,0.038839709013700485,0,0.5
1,2,42,xgboost,827,688,0,0.052739717066287994,0,0.5
1,2,42,xgboost,839,601,0,0.06469017267227173,0,0.5
1,2,42,xgboost,841,297,0,0.04613426700234413,0,0.5
1,2,42,xgboost,843,567,0,0.05072414502501488,0,0.5
1,2,42,xgboost,844,444,0,0.054672691971063614,0,0.5
1,2,42,xgboost,847,574,0,0.042855195701122284,0,0.5
1,2,42,xgboost,848,598,0,0.05815611407160759,0,0.5
1,2,42,xgboost,852,800,0,0.054846711456775665,0,0.5
1,3,42,dummy_prior,0,109,0,0.0641399416909621,0,0.5
1,3,42,dummy_prior,2,660,0,0.0641399416909621,0,0.5
1,3,42,dummy_prior,10,807,0,0.0641399416909621,0,0.5
1,3,42,dummy_prior,19,773,0,0.0641399416909621,0,0.5
1,3,42,dummy_prior,21,783,0,0.0641399416909621,0,0.5
1,3,42,dummy_prior,25,805,0,0.0641399416909621,0,0.5
1,3,42,dummy_prior,26,765,0,0.0641399416909621,0,0.5
1,3,42,dummy_prior,32,738,0,0.0641399416909621,0,0.5
1,3,42,dummy_prior,33,734,0,0.0641399416909621,0,0.5
1,3,42,dummy_prior,45,709,0,0.0641399416909621,0,0.5
1,3,42,dummy_prior,51,715,0,0.0641399416909621,0,0.5
1,3,42,dummy_prior,52,729,0,0.0641399416909621,0,0.5
1,3,42,dummy_prior,61,697,0,0.0641399416909621,0,0.5
1,3,42,dummy_prior,65,736,0,0.0641399416909621,0,0.5
1,3,42,dummy_prior,68,696,0,0.0641399416909621,0,0.5
1,3,42,dummy_prior,70,727,0,0.0641399416909621,0,0.5
1,3,42,dummy_prior,85,657,0,0.0641399416909621,0,0.5
1,3,42,dummy_prior,99,641,0,0.0641399416909621,0,0.5
1,3,42,dummy_prior,104,633,0,0.0641399416909621,0,0.5
1,3,42,dummy_prior,108,611,0,0.0641399416909621,0,0.5
1,3,42,dummy_prior,112,573,0,0.0641399416909621,0,0.5
1,3,42,dummy_prior,114,667,0,0.0641399416909621,0,0.5
1,3,42,dummy_prior,115,665,0,0.0641399416909621,0,0.5
1,3,42,dummy_prior,125,596,0,0.0641399416909621,0,0.5
1,3,42,dummy_prior,135,465,0,0.0641399416909621,0,0.5
1,3,42,dummy_prior,139,556,0,0.0641399416909621,0,0.5
1,3,42,dummy_prior,142,591,0,0.0641399416909621,0,0.5
1,3,42,dummy_prior,147,533,0,0.0641399416909621,0,0.5
1,3,42,dummy_prior,148,643,0,0.0641399416909621,0,0.5
1,3,42,dummy_prior,150,489,0,0.0641399416909621,0,0.5
1,3,42,dummy_prior,151,551,0,0.0641399416909621,0,0.5
1,3,42,dummy_prior,158,617,0,0.0641399416909621,0,0.5
1,3,42,dummy_prior,160,484,0,0.0641399416909621,0,0.5
1,3,42,dummy_prior,165,572,0,0.0641399416909621,0,0.5
1,3,42,dummy_prior,184,411,0,0.0641399416909621,0,0.5
1,3,42,dummy_prior,188,475,0,0.0641399416909621,0,0.5
1,3,42,dummy_prior,189,380,0,0.0641399416909621,0,0.5
1,3,42,dummy_prior,198,447,0,0.0641399416909621,0,0.5
1,3,42,dummy_prior,203,494,1,0.0641399416909621,0,0.5
1,3,42,dummy_prior,214,550,1,0.0641399416909621,0,0.5
1,3,42,dummy_prior,225,511,0,0.0641399416909621,0,0.5
1,3,42,dummy_prior,228,585,0,0.0641399416909621,0,0.5
1,3,42,dummy_prior,231,432,0,0.0641399416909621,0,0.5
1,3,42,dummy_prior,232,316,0,0.0641399416909621,0,0.5
1,3,42,dummy_prior,237,347,0,0.0641399416909621,0,0.5
1,3,42,dummy_prior,244,391,0,0.0641399416909621,0,0.5
1,3,42,dummy_prior,245,253,0,0.0641399416909621,0,0.5
1,3,42,dummy_prior,247,292,0,0.0641399416909621,0,0.5
1,3,42,dummy_prior,251,284,0,0.0641399416909621,0,0.5
1,3,42,dummy_prior,252,344,0,0.0641399416909621,0,0.5
1,3,42,dummy_prior,258,245,0,0.0641399416909621,0,0.5
1,3,42,dummy_prior,260,485,0,0.0641399416909621,0,0.5
1,3,42,dummy_prior,262,295,0,0.0641399416909621,0,0.5
1,3,42,dummy_prior,266,232,0,0.0641399416909621,0,0.5
1,3,42,dummy_prior,272,330,0,0.0641399416909621,0,0.5
1,3,42,dummy_prior,275,237,0,0.0641399416909621,0,0.5
1,3,42,dummy_prior,281,238,0,0.0641399416909621,0,0.5
1,3,42,dummy_prior,286,240,0,0.0641399416909621,0,0.5
1,3,42,dummy_prior,287,272,0,0.0641399416909621,0,0.5
1,3,42,dummy_prior,293,221,0,0.0641399416909621,0,0.5
1,3,42,dummy_prior,295,283,0,0.0641399416909621,0,0.5
1,3,42,dummy_prior,312,313,0,0.0641399416909621,0,0.5
1,3,42,dummy_prior,333,274,0,0.0641399416909621,0,0.5
1,3,42,dummy_prior,338,200,0,0.0641399416909621,0,0.5
1,3,42,dummy_prior,344,79,0,0.0641399416909621,0,0.5
1,3,42,dummy_prior,356,79,0,0.0641399416909621,0,0.5
1,3,42,dummy_prior,357,258,0,0.0641399416909621,0,0.5
1,3,42,dummy_prior,360,339,0,0.0641399416909621,0,0.5
1,3,42,dummy_prior,367,127,0,0.0641399416909621,0,0.5
1,3,42,dummy_prior,377,172,1,0.0641399416909621,0,0.5
1,3,42,dummy_prior,378,86,0,0.0641399416909621,0,0.5
1,3,42,dummy_prior,380,103,0,0.0641399416909621,0,0.5
1,3,42,dummy_prior,384,78,0,0.0641399416909621,0,0.5
1,3,42,dummy_prior,386,90,0,0.0641399416909621,0,0.5
1,3,42,dummy_prior,390,179,0,0.0641399416909621,0,0.5
1,3,42,dummy_prior,392,120,0,0.0641399416909621,0,0.5
1,3,42,dummy_prior,396,100,0,0.0641399416909621,0,0.5
1,3,42,dummy_prior,402,102,0,0.0641399416909621,0,0.5
1,3,42,dummy_prior,403,64,0,0.0641399416909621,0,0.5
1,3,42,dummy_prior,413,698,0,0.0641399416909621,0,0.5
1,3,42,dummy_prior,421,433,1,0.0641399416909621,0,0.5
1,3,42,dummy_prior,423,51,0,0.0641399416909621,0,0.5
1,3,42,dummy_prior,429,73,0,0.0641399416909621,0,0.5
1,3,42,dummy_prior,432,600,0,0.0641399416909621,0,0.5
1,3,42,dummy_prior,437,26,0,0.0641399416909621,0,0.5
1,3,42,dummy_prior,441,9,0,0.0641399416909621,0,0.5
1,3,42,dummy_prior,442,26,0,0.0641399416909621,0,0.5
1,3,42,dummy_prior,450,34,0,0.0641399416909621,0,0.5
1,3,42,dummy_prior,463,1,0,0.0641399416909621,0,0.5
1,3,42,dummy_prior,464,25,0,0.0641399416909621,0,0.5
1,3,42,dummy_prior,479,482,0,0.0641399416909621,0,0.5
1,3,42,dummy_prior,484,371,0,0.0641399416909621,0,0.5
1,3,42,dummy_prior,485,286,0,0.0641399416909621,0,0.5
1,3,42,dummy_prior,489,151,0,0.0641399416909621,0,0.5
1,3,42,dummy_prior,493,86,0,0.0641399416909621,0,0.5
1,3,42,dummy_prior,496,451,1,0.0641399416909621,0,0.5
1,3,42,dummy_prior,505,306,0,0.0641399416909621,0,0.5
1,3,42,dummy_prior,509,384,0,0.0641399416909621,0,0.5
1,3,42,dummy_prior,512,671,0,0.0641399416909621,0,0.5
1,3,42,dummy_prior,519,123,0,0.0641399416909621,0,0.5
1,3,42,dummy_prior,526,469,0,0.0641399416909621,0,0.5
1,3,42,dummy_prior,532,364,0,0.0641399416909621,0,0.5
1,3,42,dummy_prior,540,188,0,0.0641399416909621,0,0.5
1,3,42,dummy_prior,544,50,0,0.0641399416909621,0,0.5
1,3,42,dummy_prior,569,802,0,0.0641399416909621,0,0.5
1,3,42,dummy_prior,577,196,0,0.0641399416909621,0,0.5
1,3,42,dummy_prior,582,198,0,0.0641399416909621,0,0.5
1,3,42,dummy_prior,584,562,0,0.0641399416909621,0,0.5
1,3,42,dummy_prior,589,784,0,0.0641399416909621,0,0.5
1,3,42,dummy_prior,592,321,0,0.0641399416909621,0,0.5
1,3,42,dummy_prior,593,13,0,0.0641399416909621,0,0.5
1,3,42,dummy_prior,602,670,0,0.0641399416909621,0,0.5
1,3,42,dummy_prior,605,183,0,0.0641399416909621,0,0.5
1,3,42,dummy_prior,615,706,0,0.0641399416909621,0,0.5
1,3,42,dummy_prior,622,710,0,0.0641399416909621,0,0.5
1,3,42,dummy_prior,626,622,0,0.0641399416909621,0,0.5
1,3,42,dummy_prior,628,779,0,0.0641399416909621,0,0.5
1,3,42,dummy_prior,630,424,0,0.0641399416909621,0,0.5
1,3,42,dummy_prior,631,187,0,0.0641399416909621,0,0.5
1,3,42,dummy_prior,638,221,0,0.0641399416909621,0,0.5
1,3,42,dummy_prior,641,761,0,0.0641399416909621,0,0.5
1,3,42,dummy_prior,645,471,0,0.0641399416909621,0,0.5
1,3,42,dummy_prior,656,294,0,0.0641399416909621,0,0.5
1,3,42,dummy_prior,657,260,0,0.0641399416909621,0,0.5
1,3,42,dummy_prior,664,756,1,0.0641399416909621,0,0.5
1,3,42,dummy_prior,670,817,1,0.0641399416909621,0,0.5
1,3,42,dummy_prior,674,795,0,0.0641399416909621,0,0.5
1,3,42,dummy_prior,676,828,0,0.0641399416909621,0,0.5
1,3,42,dummy_prior,678,609,0,0.0641399416909621,0,0.5
1,3,42,dummy_prior,686,704,1,0.0641399416909621,0,0.5
1,3,42,dummy_prior,687,638,1,0.0641399416909621,0,0.5
1,3,42,dummy_prior,688,510,1,0.0641399416909621,0,0.5
1,3,42,dummy_prior,692,74,0,0.0641399416909621,0,0.5
1,3,42,dummy_prior,694,486,0,0.0641399416909621,0,0.5
1,3,42,dummy_prior,701,524,0,0.0641399416909621,0,0.5
1,3,42,dummy_prior,703,42,0,0.0641399416909621,0,0.5
1,3,42,dummy_prior,705,806,0,0.0641399416909621,0,0.5
1,3,42,dummy_prior,713,31,0,0.0641399416909621,0,0.5
1,3,42,dummy_prior,714,521,0,0.0641399416909621,0,0.5
1,3,42,dummy_prior,715,13,0,0.0641399416909621,0,0.5
1,3,42,dummy_prior,719,769,0,0.0641399416909621,0,0.5
1,3,42,dummy_prior,723,124,0,0.0641399416909621,0,0.5
1,3,42,dummy_prior,733,587,0,0.0641399416909621,0,0.5
1,3,42,dummy_prior,735,6,0,0.0641399416909621,0,0.5
1,3,42,dummy_prior,745,30,0,0.0641399416909621,0,0.5
1,3,42,dummy_prior,747,218,0,0.0641399416909621,0,0.5
1,3,42,dummy_prior,749,541,0,0.0641399416909621,0,0.5
1,3,42,dummy_prior,750,99,0,0.0641399416909621,0,0.5
1,3,42,dummy_prior,756,395,0,0.0641399416909621,0,0.5
1,3,42,dummy_prior,760,44,0,0.0641399416909621,0,0.5
1,3,42,dummy_prior,766,206,0,0.0641399416909621,0,0.5
1,3,42,dummy_prior,767,12,0,0.0641399416909621,0,0.5
1,3,42,dummy_prior,770,357,0,0.0641399416909621,0,0.5
1,3,42,dummy_prior,776,45,0,0.0641399416909621,0,0.5
1,3,42,dummy_prior,778,136,0,0.0641399416909621,0,0.5
1,3,42,dummy_prior,780,110,0,0.0641399416909621,0,0.5
1,3,42,dummy_prior,786,401,1,0.0641399416909621,0,0.5
1,3,42,dummy_prior,787,256,0,0.0641399416909621,0,0.5
1,3,42,dummy_prior,792,314,0,0.0641399416909621,0,0.5
1,3,42,dummy_prior,798,396,0,0.0641399416909621,0,0.5
1,3,42,dummy_prior,799,141,0,0.0641399416909621,0,0.5
1,3,42,dummy_prior,805,668,0,0.0641399416909621,0,0.5
1,3,42,dummy_prior,809,519,0,0.0641399416909621,0,0.5
1,3,42,dummy_prior,810,116,0,0.0641399416909621,0,0.5
1,3,42,dummy_prior,812,4,0,0.0641399416909621,0,0.5
1,3,42,dummy_prior,817,516,0,0.0641399416909621,0,0.5
1,3,42,dummy_prior,818,700,0,0.0641399416909621,0,0.5
1,3,42,dummy_prior,820,352,0,0.0641399416909621,0,0.5
1,3,42,dummy_prior,838,694,0,0.0641399416909621,0,0.5
1,3,42,dummy_prior,845,132,0,0.0641399416909621,0,0.5
1,3,42,dummy_prior,853,672,0,0.0641399416909621,0,0.5
1,3,42,dummy_prior,857,526,0,0.0641399416909621,0,0.5
1,3,42,logistic_regression,0,109,0,0.05630188669985043,0,0.5
1,3,42,logistic_regression,2,660,0,0.002097528705565313,0,0.5
1,3,42,logistic_regression,10,807,0,0.03458024476249555,0,0.5
1,3,42,logistic_regression,19,773,0,0.15754888924650087,0,0.5
1,3,42,logistic_regression,21,783,0,0.00296605582884945,0,0.5
1,3,42,logistic_regression,25,805,0,0.053169545390242434,0,0.5
1,3,42,logistic_regression,26,765,0,0.051247377741385235,0,0.5
1,3,42,logistic_regression,32,738,0,0.0018977279422508595,0,0.5
1,3,42,logistic_regression,33,734,0,0.04467156975551679,0,0.5
1,3,42,logistic_regression,45,709,0,0.058031865046335174,0,0.5
1,3,42,logistic_regression,51,715,0,0.061759836691400616,0,0.5
1,3,42,logistic_regression,52,729,0,0.0287666217435132,0,0.5
1,3,42,logistic_regression,61,697,0,0.05801640073813334,0,0.5
1,3,42,logistic_regression,65,736,0,0.0676288243453904,0,0.5
1,3,42,logistic_regression,68,696,0,0.2601783811500368,0,0.5
1,3,42,logistic_regression,70,727,0,0.0938520229997515,0,0.5
1,3,42,logistic_regression,85,657,0,0.05826698602814059,0,0.5
1,3,42,logistic_regression,99,641,0,0.06899265191836437,0,0.5
1,3,42,logistic_regression,104,633,0,0.08002994042548447,0,0.5
1,3,42,logistic_regression,108,611,0,0.08367866001512271,0,0.5
1,3,42,logistic_regression,112,573,0,0.20562497427039578,0,0.5
1,3,42,logistic_regression,114,667,0,0.03540008434642242,0,0.5
1,3,42,logistic_regression,115,665,0,0.11419249815680042,0,0.5
1,3,42,logistic_regression,125,596,0,0.07072214247251639,0,0.5
1,3,42,logistic_regression,135,465,0,0.09152177371831058,0,0.5
1,3,42,logistic_regression,139,556,0,0.07650587200491005,0,0.5
1,3,42,logistic_regression,142,591,0,0.0009672728696254494,0,0.5
1,3,42,logistic_regression,147,533,0,0.002110307657077607,0,0.5
1,3,42,logistic_regression,148,643,0,0.03477824779138493,0,0.5
1,3,42,logistic_regression,150,489,0,0.049802019208149396,0,0.5
1,3,42,logistic_regression,151,551,0,0.06768794862133565,0,0.5
1,3,42,logistic_regression,158,617,0,0.059658334672729026,0,0.5
1,3,42,logistic_regression,160,484,0,0.07059050055079423,0,0.5
1,3,42,logistic_regression,165,572,0,0.3461463373737552,0,0.5
1,3,42,logistic_regression,184,411,0,0.05670049680217771,0,0.5
1,3,42,logistic_regression,188,475,0,0.0369795179617644,0,0.5
1,3,42,logistic_regression,189,380,0,0.10650577006200364,0,0.5
1,3,42,logistic_regression,198,447,0,0.06959660230608486,0,0.5
1,3,42,logistic_regression,203,494,1,0.16330307232492816,0,0.5
1,3,42,logistic_regression,214,550,1,0.057395692948423484,0,0.5
1,3,42,logistic_regression,225,511,0,0.0004989596134620974,0,0.5
1,3,42,logistic_regression,228,585,0,0.0007311663906194861,0,0.5
1,3,42,logistic_regression,231,432,0,0.07854065571283855,0,0.5
1,3,42,logistic_regression,232,316,0,0.041173150485497155,0,0.5
1,3,42,logistic_regression,237,347,0,0.0015519476403771746,0,0.5
1,3,42,logistic_regression,244,391,0,0.05562039528532079,0,0.5
1,3,42,logistic_regression,245,253,0,0.04935806738082057,0,0.5
1,3,42,logistic_regression,247,292,0,0.04691665827843155,0,0.5
1,3,42,logistic_regression,251,284,0,0.04695262361332496,0,0.5
1,3,42,logistic_regression,252,344,0,0.0793070218561514,0,0.5
1,3,42,logistic_regression,258,245,0,0.03284835633187897,0,0.5
1,3,42,logistic_regression,260,485,0,0.0558863046039902,0,0.5
1,3,42,logistic_regression,262,295,0,0.09914466554076394,0,0.5
1,3,42,logistic_regression,266,232,0,0.04527119287783573,0,0.5
1,3,42,logistic_regression,272,330,0,0.001351559453520044,0,0.5
1,3,42,logistic_regression,275,237,0,0.06031953325642594,0,0.5
1,3,42,logistic_regression,281,238,0,0.0006786640937497832,0,0.5
1,3,42,logistic_regression,286,240,0,0.05397480210508392,0,0.5
1,3,42,logistic_regression,287,272,0,0.03940075841754069,0,0.5
1,3,42,logistic_regression,293,221,0,0.07167827369658945,0,0.5
1,3,42,logistic_regression,295,283,0,0.22721023218190628,0,0.5
1,3,42,logistic_regression,312,313,0,0.03286666713116726,0,0.5
1,3,42,logistic_regression,333,274,0,0.051510580040093984,0,0.5
1,3,42,logistic_regression,338,200,0,0.0005000555569043703,0,0.5
1,3,42,logistic_regression,344,79,0,0.07417917289872851,0,0.5
1,3,42,logistic_regression,356,79,0,0.07417917289872851,0,0.5
1,3,42,logistic_regression,357,258,0,0.00023009966997632634,0,0.5
1,3,42,logistic_regression,360,339,0,0.05524969952523541,0,0.5
1,3,42,logistic_regression,367,127,0,0.07285323894709056,0,0.5
1,3,42,logistic_regression,377,172,1,0.03392155988612746,0,0.5
1,3,42,logistic_regression,378,86,0,0.06830798141487975,0,0.5
1,3,42,logistic_regression,380,103,0,0.0346732031168008,0,0.5
1,3,42,logistic_regression,384,78,0,0.2135207146221004,0,0.5
1,3,42,logistic_regression,386,90,0,0.04594156976473427,0,0.5
1,3,42,logistic_regression,390,179,0,0.04301745192117232,0,0.5
1,3,42,logistic_regression,392,120,0,0.07431263811451565,0,0.5
1,3,42,logistic_regression,396,100,0,0.0001920690030351972,0,0.5
1,3,42,logistic_regression,402,102,0,0.04144920132240691,0,0.5
1,3,42,logistic_regression,403,64,0,0.062337184104790326,0,0.5
1,3,42,logistic_regression,413,698,0,0.04910169618329146,0,0.5
1,3,42,logistic_regression,421,433,1,0.05396063561047192,0,0.5
1,3,42,logistic_regression,423,51,0,0.06769815404846476,0,0.5
1,3,42,logistic_regression,429,73,0,0.04726551354303364,0,0.5
1,3,42,logistic_regression,432,600,0,0.08643467505663588,0,0.5
1,3,42,logistic_regression,437,26,0,0.0758907808986372,0,0.5
1,3,42,logistic_regression,441,9,0,0.07625589393434788,0,0.5
1,3,42,logistic_regression,442,26,0,0.0758907808986372,0,0.5
1,3,42,logistic_regression,450,34,0,0.045515079098170125,0,0.5
1,3,42,logistic_regression,463,1,0,0.07508376202940797,0,0.5
1,3,42,logistic_regression,464,25,0,0.048061017771557,0,0.5
1,3,42,logistic_regression,479,482,0,0.04366948288916915,0,0.5
1,3,42,logistic_regression,484,371,0,0.07124658005283734,0,0.5
1,3,42,logistic_regression,485,286,0,0.06860296619090636,0,0.5
1,3,42,logistic_regression,489,151,0,0.0006660992013485949,0,0.5
1,3,42,logistic_regression,493,86,0,0.06830798141487975,0,0.5
1,3,42,logistic_regression,496,451,1,0.04446664661679492,0,0.5
1,3,42,logistic_regression,505,306,0,0.0007621683066689575,0,0.5
1,3,42,logistic_regression,509,384,0,0.04936781735109835,0,0.5
1,3,42,logistic_regression,512,671,0,0.0007821614905329421,0,0.5
1,3,42,logistic_regression,519,123,0,0.0551059996028907,0,0.5
1,3,42,logistic_regression,526,469,0,0.05286349977929242,0,0.5
1,3,42,logistic_regression,532,364,0,0.04359816862209727,0,0.5
1,3,42,logistic_regression,540,188,0,0.06102227598404127,0,0.5
1,3,42,logistic_regression,544,50,0,0.002202075698408694,0,0.5
1,3,42,logistic_regression,569,802,0,0.0562847055634341,0,0.5
1,3,42,logistic_regression,577,196,0,0.056129303336206034,0,0.5
1,3,42,logistic_regression,582,198,0,0.050532085644234455,0,0.5
1,3,42,logistic_regression,584,562,0,0.06316711321120105,0,0.5
1,3,42,logistic_regression,589,784,0,0.03436213956629494,0,0.5
1,3,42,logistic_regression,592,321,0,0.042055311084997084,0,0.5
1,3,42,logistic_regression,593,13,0,0.06976821703222613,0,0.5
1,3,42,logistic_regression,602,670,0,0.05427155521314951,0,0.5
1,3,42,logistic_regression,605,183,0,0.04939748149517993,0,0.5
1,3,42,logistic_regression,615,706,0,0.10680175765420513,0,0.5
1,3,42,logistic_regression,622,710,0,0.041722793683574004,0,0.5
1,3,42,logistic_regression,626,622,0,0.03446020018787791,0,0.5
1,3,42,logistic_regression,628,779,0,0.14626430145722166,0,0.5
1,3,42,logistic_regression,630,424,0,0.049416560608200065,0,0.5
1,3,42,logistic_regression,631,187,0,0.04880262390983369,0,0.5
1,3,42,logistic_regression,638,221,0,0.07167827369658945,0,0.5
1,3,42,logistic_regression,641,761,0,0.047166502460433316,0,0.5
1,3,42,logistic_regression,645,471,0,0.6658031420064326,1,0.5
1,3,42,logistic_regression,656,294,0,0.04678518566717548,0,0.5
1,3,42,logistic_regression,657,260,0,0.08107710700908671,0,0.5
1,3,42,logistic_regression,664,756,1,0.12445736715409411,0,0.5
1,3,42,logistic_regression,670,817,1,0.1515650498527216,0,0.5
1,3,42,logistic_regression,674,795,0,0.10922223999887125,0,0.5
1,3,42,logistic_regression,676,828,0,0.033020351663736756,0,0.5
1,3,42,logistic_regression,678,609,0,0.04469077161313768,0,0.5
1,3,42,logistic_regression,686,704,1,0.04444353263464072,0,0.5
1,3,42,logistic_regression,687,638,1,0.30469724870514464,0,0.5
1,3,42,logistic_regression,688,510,1,0.04473019245298002,0,0.5
1,3,42,logistic_regression,692,74,0,0.11814373212009135,0,0.5
1,3,42,logistic_regression,694,486,0,0.15090487113613757,0,0.5
1,3,42,logistic_regression,701,524,0,0.001996883494050153,0,0.5
1,3,42,logistic_regression,703,42,0,0.13323947820588367,0,0.5
1,3,42,logistic_regression,705,806,0,0.0015971137831491502,0,0.5
1,3,42,logistic_regression,713,31,0,0.0753918040631103,0,0.5
1,3,42,logistic_regression,714,521,0,0.06724761769246591,0,0.5
1,3,42,logistic_regression,715,13,0,0.06976821703222613,0,0.5
1,3,42,logistic_regression,719,769,0,0.14613471571631503,0,0.5
1,3,42,logistic_regression,723,124,0,0.040795506240431864,0,0.5
1,3,42,logistic_regression,733,587,0,0.04642508463447254,0,0.5
1,3,42,logistic_regression,735,6,0,0.0007466667055714252,0,0.5
1,3,42,logistic_regression,745,30,0,0.17334061287099475,0,0.5
1,3,42,logistic_regression,747,218,0,0.054200526412833815,0,0.5
1,3,42,logistic_regression,749,541,0,0.11859229684117756,0,0.5
1,3,42,logistic_regression,750,99,0,0.06286993127568621,0,0.5
1,3,42,logistic_regression,756,395,0,0.04615842122309402,0,0.5
1,3,42,logistic_regression,760,44,0,0.14808448128415463,0,0.5
1,3,42,logistic_regression,766,206,0,0.06288924530749865,0,0.5
1,3,42,logistic_regression,767,12,0,0.0008663989522963951,0,0.5
1,3,42,logistic_regression,770,357,0,0.006733487992887831,0,0.5
1,3,42,logistic_regression,776,45,0,0.07503049224144152,0,0.5
1,3,42,logistic_regression,778,136,0,0.0008306372965325552,0,0.5
1,3,42,logistic_regression,780,110,0,0.03275076093566425,0,0.5
1,3,42,logistic_regression,786,401,1,0.007000181215709647,0,0.5
1,3,42,logistic_regression,787,256,0,0.06906922113891939,0,0.5
1,3,42,logistic_regression,792,314,0,0.0007287490049947954,0,0.5
1,3,42,logistic_regression,798,396,0,0.05221274264727553,0,0.5
1,3,42,logistic_regression,799,141,0,0.06047327078664725,0,0.5
1,3,42,logistic_regression,805,668,0,0.04162078298538749,0,0.5
1,3,42,logistic_regression,809,519,0,0.20597177195674105,0,0.5
1,3,42,logistic_regression,810,116,0,0.121863185765189,0,0.5
1,3,42,logistic_regression,812,4,0,0.08049593155976692,0,0.5
1,3,42,logistic_regression,817,516,0,0.15714577671662847,0,0.5
1,3,42,logistic_regression,818,700,0,0.09080721536633964,0,0.5
1,3,42,logistic_regression,820,352,0,0.10463616501981104,0,0.5
1,3,42,logistic_regression,838,694,0,0.04932876141562025,0,0.5
1,3,42,logistic_regression,845,132,0,0.04484257918869312,0,0.5
1,3,42,logistic_regression,853,672,0,0.05778732883874533,0,0.5
1,3,42,logistic_regression,857,526,0,0.04160400521677924,0,0.5
1,3,42,xgboost,0,109,0,0.050950787961483,0,0.5
1,3,42,xgboost,2,660,0,0.054518960416316986,0,0.5
1,3,42,xgboost,10,807,0,0.029352907091379166,0,0.5
1,3,42,xgboost,19,773,0,0.0839691013097763,0,0.5
1,3,42,xgboost,21,783,0,0.17792147397994995,0,0.5
1,3,42,xgboost,25,805,0,0.05642541125416756,0,0.5
1,3,42,xgboost,26,765,0,0.05744384229183197,0,0.5
1,3,42,xgboost,32,738,0,0.16879507899284363,0,0.5
1,3,42,xgboost,33,734,0,0.0452454499900341,0,0.5
1,3,42,xgboost,45,709,0,0.1096387505531311,0,0.5
1,3,42,xgboost,51,715,0,0.05446045100688934,0,0.5
1,3,42,xgboost,52,729,0,0.04598594084382057,0,0.5
1,3,42,xgboost,61,697,0,0.04040856286883354,0,0.5
1,3,42,xgboost,65,736,0,0.08209216594696045,0,0.5
1,3,42,xgboost,68,696,0,0.16215704381465912,0,0.5
1,3,42,xgboost,70,727,0,0.20726872980594635,0,0.5
1,3,42,xgboost,85,657,0,0.027231762185692787,0,0.5
1,3,42,xgboost,99,641,0,0.11835852265357971,0,0.5
1,3,42,xgboost,104,633,0,0.1425890177488327,0,0.5
1,3,42,xgboost,108,611,0,0.09632975608110428,0,0.5
1,3,42,xgboost,112,573,0,0.12073419243097305,0,0.5
1,3,42,xgboost,114,667,0,0.033674027770757675,0,0.5
1,3,42,xgboost,115,665,0,0.06488168239593506,0,0.5
1,3,42,xgboost,125,596,0,0.044803161174058914,0,0.5
1,3,42,xgboost,135,465,0,0.04359224811196327,0,0.5
1,3,42,xgboost,139,556,0,0.04940646514296532,0,0.5
1,3,42,xgboost,142,591,0,0.023150375112891197,0,0.5
1,3,42,xgboost,147,533,0,0.08683835715055466,0,0.5
1,3,42,xgboost,148,643,0,0.04748563468456268,0,0.5
1,3,42,xgboost,150,489,0,0.038082610815763474,0,0.5
1,3,42,xgboost,151,551,0,0.05746195465326309,0,0.5
1,3,42,xgboost,158,617,0,0.04045417904853821,0,0.5
1,3,42,xgboost,160,484,0,0.03389212489128113,0,0.5
1,3,42,xgboost,165,572,0,0.06003137677907944,0,0.5
1,3,42,xgboost,184,411,0,0.06923504918813705,0,0.5
1,3,42,xgboost,188,475,0,0.03267056494951248,0,0.5
1,3,42,xgboost,189,380,0,0.023319747298955917,0,0.5
1,3,42,xgboost,198,447,0,0.029180804267525673,0,0.5
1,3,42,xgboost,203,494,1,0.24853941798210144,0,0.5
1,3,42,xgboost,214,550,1,0.03542081266641617,0,0.5
1,3,42,xgboost,225,511,0,0.01860927976667881,0,0.5
1,3,42,xgboost,228,585,0,0.019147753715515137,0,0.5
1,3,42,xgboost,231,432,0,0.05642478168010712,0,0.5
1,3,42,xgboost,232,316,0,0.03773843124508858,0,0.5
1,3,42,xgboost,237,347,0,0.06393937021493912,0,0.5
1,3,42,xgboost,244,391,0,0.06177493929862976,0,0.5
1,3,42,xgboost,245,253,0,0.0737956091761589,0,0.5
1,3,42,xgboost,247,292,0,0.03832332417368889,0,0.5
1,3,42,xgboost,251,284,0,0.040159374475479126,0,0.5
1,3,42,xgboost,252,344,0,0.02873901277780533,0,0.5
1,3,42,xgboost,258,245,0,0.09631875902414322,0,0.5
1,3,42,xgboost,260,485,0,0.02852918766438961,0,0.5
1,3,42,xgboost,262,295,0,0.04234011471271515,0,0.5
1,3,42,xgboost,266,232,0,0.08723720908164978,0,0.5
1,3,42,xgboost,272,330,0,0.03194529563188553,0,0.5
1,3,42,xgboost,275,237,0,0.14099322259426117,0,0.5
1,3,42,xgboost,281,238,0,0.038080811500549316,0,0.5
1,3,42,xgboost,286,240,0,0.10136377066373825,0,0.5
1,3,42,xgboost,287,272,0,0.09132570028305054,0,0.5
1,3,42,xgboost,293,221,0,0.08074914664030075,0,0.5
1,3,42,xgboost,295,283,0,0.07597655057907104,0,0.5
1,3,42,xgboost,312,313,0,0.04020891338586807,0,0.5
1,3,42,xgboost,333,274,0,0.09882134199142456,0,0.5
1,3,42,xgboost,338,200,0,0.02918420173227787,0,0.5
1,3,42,xgboost,344,79,0,0.07332712411880493,0,0.5
1,3,42,xgboost,356,79,0,0.07332712411880493,0,0.5
1,3,42,xgboost,357,258,0,0.03103991411626339,0,0.5
1,3,42,xgboost,360,339,0,0.028390802443027496,0,0.5
1,3,42,xgboost,367,127,0,0.07730698585510254,0,0.5
1,3,42,xgboost,377,172,1,0.06459469348192215,0,0.5
1,3,42,xgboost,378,86,0,0.04591803252696991,0,0.5
1,3,42,xgboost,380,103,0,0.049281395971775055,0,0.5
1,3,42,xgboost,384,78,0,0.11150774359703064,0,0.5
1,3,42,xgboost,386,90,0,0.06060733646154404,0,0.5
1,3,42,xgboost,390,179,0,0.08115417510271072,0,0.5
1,3,42,xgboost,392,120,0,0.049287181347608566,0,0.5
1,3,42,xgboost,396,100,0,0.02079576440155506,0,0.5
1,3,42,xgboost,402,102,0,0.04685540124773979,0,0.5
1,3,42,xgboost,403,64,0,0.0472731813788414,0,0.5
1,3,42,xgboost,413,698,0,0.04370228946208954,0,0.5
1,3,42,xgboost,421,433,1,0.04841827228665352,0,0.5
1,3,42,xgboost,423,51,0,0.043668244034051895,0,0.5
1,3,42,xgboost,429,73,0,0.0450829416513443,0,0.5
1,3,42,xgboost,432,600,0,0.09540364891290665,0,0.5
1,3,42,xgboost,437,26,0,0.045690856873989105,0,0.5
1,3,42,xgboost,441,9,0,0.045690856873989105,0,0.5
1,3,42,xgboost,442,26,0,0.045690856873989105,0,0.5
1,3,42,xgboost,450,34,0,0.04193977639079094,0,0.5
1,3,42,xgboost,463,1,0,0.04119955748319626,0,0.5
1,3,42,xgboost,464,25,0,0.04151087999343872,0,0.5
1,3,42,xgboost,479,482,0,0.037307314574718475,0,0.5
1,3,42,xgboost,484,371,0,0.05097823590040207,0,0.5
1,3,42,xgboost,485,286,0,0.056974463164806366,0,0.5
1,3,42,xgboost,489,151,0,0.02384769730269909,0,0.5
1,3,42,xgboost,493,86,0,0.04591803252696991,0,0.5
1,3,42,xgboost,496,451,1,0.04293805733323097,0,0.5
1,3,42,xgboost,505,306,0,0.01744372770190239,0,0.5
1,3,42,xgboost,509,384,0,0.027509188279509544,0,0.5
1,3,42,xgboost,512,671,0,0.021171903237700462,0,0.5
1,3,42,xgboost,519,123,0,0.06489575654268265,0,0.5
1,3,42,xgboost,526,469,0,0.04806409031152725,0,0.5
1,3,42,xgboost,532,364,0,0.03233351558446884,0,0.5
1,3,42,xgboost,540,188,0,0.0533306859433651,0,0.5
1,3,42,xgboost,544,50,0,0.040373899042606354,0,0.5
1,3,42,xgboost,569,802,0,0.03953499346971512,0,0.5
1,3,42,xgboost,577,196,0,0.055306028574705124,0,0.5
1,3,42,xgboost,582,198,0,0.051402512937784195,0,0.5
1,3,42,xgboost,584,562,0,0.055780079215765,0,0.5
1,3,42,xgboost,589,784,0,0.044427402317523956,0,0.5
1,3,42,xgboost,592,321,0,0.05716181546449661,0,0.5
1,3,42,xgboost,593,13,0,0.04296685382723808,0,0.5
1,3,42,xgboost,602,670,0,0.038301169872283936,0,0.5
1,3,42,xgboost,605,183,0,0.0607021301984787,0,0.5
1,3,42,xgboost,615,706,0,0.202604278922081,0,0.5
1,3,42,xgboost,622,710,0,0.05486421659588814,0,0.5
1,3,42,xgboost,626,622,0,0.0667807012796402,0,0.5
1,3,42,xgboost,628,779,0,0.18468151986598969,0,0.5
1,3,42,xgboost,630,424,0,0.03516753017902374,0,0.5
1,3,42,xgboost,631,187,0,0.06634040176868439,0,0.5
1,3,42,xgboost,638,221,0,0.08074914664030075,0,0.5
1,3,42,xgboost,641,761,0,0.03606754168868065,0,0.5
1,3,42,xgboost,645,471,0,0.07309358566999435,0,0.5
1,3,42,xgboost,656,294,0,0.04033598676323891,0,0.5
1,3,42,xgboost,657,260,0,0.15752728283405304,0,0.5
1,3,42,xgboost,664,756,1,0.30885055661201477,0,0.5
1,3,42,xgboost,670,817,1,0.23292537033557892,0,0.5
1,3,42,xgboost,674,795,0,0.07141458243131638,0,0.5
1,3,42,xgboost,676,828,0,0.055881939828395844,0,0.5
1,3,42,xgboost,678,609,0,0.049784161150455475,0,0.5
1,3,42,xgboost,686,704,1,0.055141620337963104,0,0.5
1,3,42,xgboost,687,638,1,0.05593615770339966,0,0.5
1,3,42,xgboost,688,510,1,0.04755563661456108,0,0.5
1,3,42,xgboost,692,74,0,0.08275894820690155,0,0.5
1,3,42,xgboost,694,486,0,0.06519944220781326,0,0.5
1,3,42,xgboost,701,524,0,0.03623788803815842,0,0.5
1,3,42,xgboost,703,42,0,0.07119307667016983,0,0.5
1,3,42,xgboost,705,806,0,0.030854597687721252,0,0.5
1,3,42,xgboost,713,31,0,0.04493798688054085,0,0.5
1,3,42,xgboost,714,521,0,0.03414350003004074,0,0.5
1,3,42,xgboost,715,13,0,0.04296685382723808,0,0.5
1,3,42,xgboost,719,769,0,0.22868134081363678,0,0.5
1,3,42,xgboost,723,124,0,0.0825345516204834,0,0.5
1,3,42,xgboost,733,587,0,0.03853501379489899,0,0.5
1,3,42,xgboost,735,6,0,0.022076265886425972,0,0.5
1,3,42,xgboost,745,30,0,0.07422462105751038,0,0.5
1,3,42,xgboost,747,218,0,0.07899975031614304,0,0.5
1,3,42,xgboost,749,541,0,0.05094757676124573,0,0.5
1,3,42,xgboost,750,99,0,0.04446273297071457,0,0.5
1,3,42,xgboost,756,395,0,0.04981747642159462,0,0.5
1,3,42,xgboost,760,44,0,0.11403457820415497,0,0.5
1,3,42,xgboost,766,206,0,0.059241876006126404,0,0.5
1,3,42,xgboost,767,12,0,0.020969130098819733,0,0.5
1,3,42,xgboost,770,357,0,0.03213648870587349,0,0.5
1,3,42,xgboost,776,45,0,0.04493798688054085,0,0.5
1,3,42,xgboost,778,136,0,0.021804779767990112,0,0.5
1,3,42,xgboost,780,110,0,0.04571760073304176,0,0.5
1,3,42,xgboost,786,401,1,0.0612923689186573,0,0.5
1,3,42,xgboost,787,256,0,0.0670173391699791,0,0.5
1,3,42,xgboost,792,314,0,0.014280778355896473,0,0.5
1,3,42,xgboost,798,396,0,0.053927965462207794,0,0.5
1,3,42,xgboost,799,141,0,0.047436464577913284,0,0.5
1,3,42,xgboost,805,668,0,0.029714321717619896,0,0.5
1,3,42,xgboost,809,519,0,0.07568363845348358,0,0.5
1,3,42,xgboost,810,116,0,0.08786779642105103,0,0.5
1,3,42,xgboost,812,4,0,0.0776214450597763,0,0.5
1,3,42,xgboost,817,516,0,0.06942639499902725,0,0.5
1,3,42,xgboost,818,700,0,0.06213229149580002,0,0.5
1,3,42,xgboost,820,352,0,0.06694543361663818,0,0.5
1,3,42,xgboost,838,694,0,0.034023504704236984,0,0.5
1,3,42,xgboost,845,132,0,0.050295501947402954,0,0.5
1,3,42,xgboost,853,672,0,0.057081472128629684,0,0.5
1,3,42,xgboost,857,526,0,0.035461775958538055,0,0.5
1,4,42,dummy_prior,9,804,0,0.06404657933042213,0,0.5
1,4,42,dummy_prior,11,450,0,0.06404657933042213,0,0.5
1,4,42,dummy_prior,13,803,0,0.06404657933042213,0,0.5
1,4,42,dummy_prior,15,776,0,0.06404657933042213,0,0.5
1,4,42,dummy_prior,16,790,0,0.06404657933042213,0,0.5
1,4,42,dummy_prior,17,799,0,0.06404657933042213,0,0.5
1,4,42,dummy_prior,20,797,0,0.06404657933042213,0,0.5
1,4,42,dummy_prior,22,766,1,0.06404657933042213,0,0.5
1,4,42,dummy_prior,27,759,0,0.06404657933042213,0,0.5
1,4,42,dummy_prior,28,742,0,0.06404657933042213,0,0.5
1,4,42,dummy_prior,37,747,0,0.06404657933042213,0,0.5
1,4,42,dummy_prior,39,719,0,0.06404657933042213,0,0.5
1,4,42,dummy_prior,43,723,0,0.06404657933042213,0,0.5
1,4,42,dummy_prior,46,716,0,0.06404657933042213,0,0.5
1,4,42,dummy_prior,47,770,0,0.06404657933042213,0,0.5
1,4,42,dummy_prior,50,721,0,0.06404657933042213,0,0.5
1,4,42,dummy_prior,54,708,0,0.06404657933042213,0,0.5
1,4,42,dummy_prior,57,647,0,0.06404657933042213,0,0.5
1,4,42,dummy_prior,59,692,0,0.06404657933042213,0,0.5
1,4,42,dummy_prior,60,673,0,0.06404657933042213,0,0.5
1,4,42,dummy_prior,66,673,0,0.06404657933042213,0,0.5
1,4,42,dummy_prior,71,677,0,0.06404657933042213,0,0.5
1,4,42,dummy_prior,74,681,0,0.06404657933042213,0,0.5
1,4,42,dummy_prior,75,686,0,0.06404657933042213,0,0.5
1,4,42,dummy_prior,88,618,0,0.06404657933042213,0,0.5
1,4,42,dummy_prior,91,689,0,0.06404657933042213,0,0.5
1,4,42,dummy_prior,98,584,0,0.06404657933042213,0,0.5
1,4,42,dummy_prior,100,669,0,0.06404657933042213,0,0.5
1,4,42,dummy_prior,101,580,0,0.06404657933042213,0,0.5
1,4,42,dummy_prior,103,754,1,0.06404657933042213,0,0.5
1,4,42,dummy_prior,106,577,0,0.06404657933042213,0,0.5
1,4,42,dummy_prior,111,626,0,0.06404657933042213,0,0.5
1,4,42,dummy_prior,120,627,0,0.06404657933042213,0,0.5
1,4,42,dummy_prior,121,579,0,0.06404657933042213,0,0.5
1,4,42,dummy_prior,122,592,0,0.06404657933042213,0,0.5
1,4,42,dummy_prior,123,542,0,0.06404657933042213,0,0.5
1,4,42,dummy_prior,124,571,0,0.06404657933042213,0,0.5
1,4,42,dummy_prior,128,518,0,0.06404657933042213,0,0.5
1,4,42,dummy_prior,137,537,0,0.06404657933042213,0,0.5
1,4,42,dummy_prior,156,448,0,0.06404657933042213,0,0.5
1,4,42,dummy_prior,161,490,0,0.06404657933042213,0,0.5
1,4,42,dummy_prior,168,535,0,0.06404657933042213,0,0.5
1,4,42,dummy_prior,173,529,0,0.06404657933042213,0,0.5
1,4,42,dummy_prior,174,499,0,0.06404657933042213,0,0.5
1,4,42,dummy_prior,177,468,0,0.06404657933042213,0,0.5
1,4,42,dummy_prior,180,414,0,0.06404657933042213,0,0.5
1,4,42,dummy_prior,187,501,0,0.06404657933042213,0,0.5
1,4,42,dummy_prior,193,445,0,0.06404657933042213,0,0.5
1,4,42,dummy_prior,194,397,0,0.06404657933042213,0,0.5
1,4,42,dummy_prior,196,505,0,0.06404657933042213,0,0.5
1,4,42,dummy_prior,199,460,0,0.06404657933042213,0,0.5
1,4,42,dummy_prior,204,222,0,0.06404657933042213,0,0.5
1,4,42,dummy_prior,206,496,0,0.06404657933042213,0,0.5
1,4,42,dummy_prior,209,387,0,0.06404657933042213,0,0.5
1,4,42,dummy_prior,210,399,0,0.06404657933042213,0,0.5
1,4,42,dummy_prior,215,372,0,0.06404657933042213,0,0.5
1,4,42,dummy_prior,216,531,1,0.06404657933042213,0,0.5
1,4,42,dummy_prior,221,407,0,0.06404657933042213,0,0.5
1,4,42,dummy_prior,229,466,0,0.06404657933042213,0,0.5
1,4,42,dummy_prior,230,304,0,0.06404657933042213,0,0.5
1,4,42,dummy_prior,235,378,0,0.06404657933042213,0,0.5
1,4,42,dummy_prior,253,279,0,0.06404657933042213,0,0.5
1,4,42,dummy_prior,263,296,0,0.06404657933042213,0,0.5
1,4,42,dummy_prior,265,247,0,0.06404657933042213,0,0.5
1,4,42,dummy_prior,273,355,0,0.06404657933042213,0,0.5
1,4,42,dummy_prior,278,267,0,0.06404657933042213,0,0.5
1,4,42,dummy_prior,282,219,0,0.06404657933042213,0,0.5
1,4,42,dummy_prior,292,264,0,0.06404657933042213,0,0.5
1,4,42,dummy_prior,301,202,0,0.06404657933042213,0,0.5
1,4,42,dummy_prior,305,201,0,0.06404657933042213,0,0.5
1,4,42,dummy_prior,309,322,0,0.06404657933042213,0,0.5
1,4,42,dummy_prior,310,307,0,0.06404657933042213,0,0.5
1,4,42,dummy_prior,311,368,0,0.06404657933042213,0,0.5
1,4,42,dummy_prior,316,348,0,0.06404657933042213,0,0.5
1,4,42,dummy_prior,318,308,0,0.06404657933042213,0,0.5
1,4,42,dummy_prior,322,180,0,0.06404657933042213,0,0.5
1,4,42,dummy_prior,327,173,0,0.06404657933042213,0,0.5
1,4,42,dummy_prior,330,207,0,0.06404657933042213,0,0.5
1,4,42,dummy_prior,332,583,0,0.06404657933042213,0,0.5
1,4,42,dummy_prior,339,182,0,0.06404657933042213,0,0.5
1,4,42,dummy_prior,342,228,0,0.06404657933042213,0,0.5
1,4,42,dummy_prior,345,276,1,0.06404657933042213,0,0.5
1,4,42,dummy_prior,349,235,0,0.06404657933042213,0,0.5
1,4,42,dummy_prior,350,167,0,0.06404657933042213,0,0.5
1,4,42,dummy_prior,352,152,0,0.06404657933042213,0,0.5
1,4,42,dummy_prior,354,811,0,0.06404657933042213,0,0.5
1,4,42,dummy_prior,362,160,0,0.06404657933042213,0,0.5
1,4,42,dummy_prior,364,147,0,0.06404657933042213,0,0.5
1,4,42,dummy_prior,365,178,0,0.06404657933042213,0,0.5
1,4,42,dummy_prior,370,239,1,0.06404657933042213,0,0.5
1,4,42,dummy_prior,379,224,0,0.06404657933042213,0,0.5
1,4,42,dummy_prior,391,69,0,0.06404657933042213,0,0.5
1,4,42,dummy_prior,394,184,0,0.06404657933042213,0,0.5
1,4,42,dummy_prior,400,55,0,0.06404657933042213,0,0.5
1,4,42,dummy_prior,401,210,0,0.06404657933042213,0,0.5
1,4,42,dummy_prior,415,104,0,0.06404657933042213,0,0.5
1,4,42,dummy_prior,422,89,0,0.06404657933042213,0,0.5
1,4,42,dummy_prior,424,181,0,0.06404657933042213,0,0.5
1,4,42,dummy_prior,443,10,0,0.06404657933042213,0,0.5
1,4,42,dummy_prior,445,36,0,0.06404657933042213,0,0.5
1,4,42,dummy_prior,446,107,0,0.06404657933042213,0,0.5
1,4,42,dummy_prior,453,10,0,0.06404657933042213,0,0.5
1,4,42,dummy_prior,457,18,0,0.06404657933042213,0,0.5
1,4,42,dummy_prior,470,764,0,0.06404657933042213,0,0.5
1,4,42,dummy_prior,471,94,0,0.06404657933042213,0,0.5
1,4,42,dummy_prior,486,496,0,0.06404657933042213,0,0.5
1,4,42,dummy_prior,487,483,0,0.06404657933042213,0,0.5
1,4,42,dummy_prior,492,658,0,0.06404657933042213,0,0.5
1,4,42,dummy_prior,494,165,0,0.06404657933042213,0,0.5
1,4,42,dummy_prior,495,405,0,0.06404657933042213,0,0.5
1,4,42,dummy_prior,501,610,0,0.06404657933042213,0,0.5
1,4,42,dummy_prior,507,71,0,0.06404657933042213,0,0.5
1,4,42,dummy_prior,508,590,0,0.06404657933042213,0,0.5
1,4,42,dummy_prior,513,96,0,0.06404657933042213,0,0.5
1,4,42,dummy_prior,514,476,0,0.06404657933042213,0,0.5
1,4,42,dummy_prior,530,239,1,0.06404657933042213,0,0.5
1,4,42,dummy_prior,531,119,0,0.06404657933042213,0,0.5
1,4,42,dummy_prior,534,93,0,0.06404657933042213,0,0.5
1,4,42,dummy_prior,546,213,0,0.06404657933042213,0,0.5
1,4,42,dummy_prior,564,426,0,0.06404657933042213,0,0.5
1,4,42,dummy_prior,568,338,0,0.06404657933042213,0,0.5
1,4,42,dummy_prior,570,559,0,0.06404657933042213,0,0.5
1,4,42,dummy_prior,573,523,0,0.06404657933042213,0,0.5
1,4,42,dummy_prior,578,126,1,0.06404657933042213,0,0.5
1,4,42,dummy_prior,580,55,0,0.06404657933042213,0,0.5
1,4,42,dummy_prior,585,648,0,0.06404657933042213,0,0.5
1,4,42,dummy_prior,588,813,0,0.06404657933042213,0,0.5
1,4,42,dummy_prior,590,56,0,0.06404657933042213,0,0.5
1,4,42,dummy_prior,599,176,0,0.06404657933042213,0,0.5
1,4,42,dummy_prior,600,506,0,0.06404657933042213,0,0.5
1,4,42,dummy_prior,604,318,0,0.06404657933042213,0,0.5
1,4,42,dummy_prior,623,250,0,0.06404657933042213,0,0.5
1,4,42,dummy_prior,624,118,0,0.06404657933042213,0,0.5
1,4,42,dummy_prior,632,226,0,0.06404657933042213,0,0.5
1,4,42,dummy_prior,646,27,0,0.06404657933042213,0,0.5
1,4,42,dummy_prior,649,613,0,0.06404657933042213,0,0.5
1,4,42,dummy_prior,653,216,1,0.06404657933042213,0,0.5
1,4,42,dummy_prior,659,467,0,0.06404657933042213,0,0.5
1,4,42,dummy_prior,666,67,0,0.06404657933042213,0,0.5
1,4,42,dummy_prior,667,829,0,0.06404657933042213,0,0.5
1,4,42,dummy_prior,669,755,0,0.06404657933042213,0,0.5
1,4,42,dummy_prior,672,0,0,0.06404657933042213,0,0.5
1,4,42,dummy_prior,673,819,1,0.06404657933042213,0,0.5
1,4,42,dummy_prior,684,815,0,0.06404657933042213,0,0.5
1,4,42,dummy_prior,693,98,1,0.06404657933042213,0,0.5
1,4,42,dummy_prior,695,538,0,0.06404657933042213,0,0.5
1,4,42,dummy_prior,704,781,0,0.06404657933042213,0,0.5
1,4,42,dummy_prior,708,254,0,0.06404657933042213,0,0.5
1,4,42,dummy_prior,712,317,0,0.06404657933042213,0,0.5
1,4,42,dummy_prior,720,427,0,0.06404657933042213,0,0.5
1,4,42,dummy_prior,730,775,0,0.06404657933042213,0,0.5
1,4,42,dummy_prior,734,564,0,0.06404657933042213,0,0.5
1,4,42,dummy_prior,738,477,0,0.06404657933042213,0,0.5
1,4,42,dummy_prior,741,129,0,0.06404657933042213,0,0.5
1,4,42,dummy_prior,743,540,0,0.06404657933042213,0,0.5
1,4,42,dummy_prior,757,360,0,0.06404657933042213,0,0.5
1,4,42,dummy_prior,759,101,0,0.06404657933042213,0,0.5
1,4,42,dummy_prior,765,398,0,0.06404657933042213,0,0.5
1,4,42,dummy_prior,777,744,0,0.06404657933042213,0,0.5
1,4,42,dummy_prior,788,752,0,0.06404657933042213,0,0.5
1,4,42,dummy_prior,791,15,0,0.06404657933042213,0,0.5
1,4,42,dummy_prior,793,353,0,0.06404657933042213,0,0.5
1,4,42,dummy_prior,802,14,0,0.06404657933042213,0,0.5
1,4,42,dummy_prior,807,717,0,0.06404657933042213,0,0.5
1,4,42,dummy_prior,814,22,1,0.06404657933042213,0,0.5
1,4,42,dummy_prior,822,726,0,0.06404657933042213,0,0.5
1,4,42,dummy_prior,828,634,0,0.06404657933042213,0,0.5
1,4,42,dummy_prior,836,743,0,0.06404657933042213,0,0.5
1,4,42,dummy_prior,837,606,0,0.06404657933042213,0,0.5
1,4,42,dummy_prior,846,680,0,0.06404657933042213,0,0.5
1,4,42,dummy_prior,850,117,0,0.06404657933042213,0,0.5
1,4,42,logistic_regression,9,804,0,0.2769188246388647,0,0.5
1,4,42,logistic_regression,11,450,0,0.2538849001480252,0,0.5
1,4,42,logistic_regression,13,803,0,0.2529766161422804,0,0.5
1,4,42,logistic_regression,15,776,0,0.2841313389488267,0,0.5
1,4,42,logistic_regression,16,790,0,0.23090014992221816,0,0.5
1,4,42,logistic_regression,17,799,0,0.2562133436581112,0,0.5
1,4,42,logistic_regression,20,797,0,0.29509511044228337,0,0.5
1,4,42,logistic_regression,22,766,1,0.30413586204109144,0,0.5
1,4,42,logistic_regression,27,759,0,0.23913782009987028,0,0.5
1,4,42,logistic_regression,28,742,0,0.24464819317089895,0,0.5
1,4,42,logistic_regression,37,747,0,0.22752973755765157,0,0.5
1,4,42,logistic_regression,39,719,0,0.23648575003307995,0,0.5
1,4,42,logistic_regression,43,723,0,0.23307502215770087,0,0.5
1,4,42,logistic_regression,46,716,0,0.280088980449931,0,0.5
1,4,42,logistic_regression,47,770,0,0.24686484208939088,0,0.5
1,4,42,logistic_regression,50,721,0,0.2357003911446356,0,0.5
1,4,42,logistic_regression,54,708,0,0.2696117087121273,0,0.5
1,4,42,logistic_regression,57,647,0,0.25745059590377145,0,0.5
1,4,42,logistic_regression,59,692,0,0.3496077260371076,0,0.5
1,4,42,logistic_regression,60,673,0,0.2450308958820281,0,0.5
1,4,42,logistic_regression,66,673,0,0.2450308958820281,0,0.5
1,4,42,logistic_regression,71,677,0,0.15709309300871382,0,0.5
1,4,42,logistic_regression,74,681,0,0.1996046808727239,0,0.5
1,4,42,logistic_regression,75,686,0,0.23501154265473023,0,0.5
1,4,42,logistic_regression,88,618,0,0.22647539556710222,0,0.5
1,4,42,logistic_regression,91,689,0,0.2709499641875662,0,0.5
1,4,42,logistic_regression,98,584,0,0.18476451379752776,0,0.5
1,4,42,logistic_regression,100,669,0,0.23682562890506478,0,0.5
1,4,42,logistic_regression,101,580,0,0.43960854895574486,0,0.5
1,4,42,logistic_regression,103,754,1,0.2804006156211877,0,0.5
1,4,42,logistic_regression,106,577,0,0.26732468449964547,0,0.5
1,4,42,logistic_regression,111,626,0,0.1952438868416204,0,0.5
1,4,42,logistic_regression,120,627,0,0.2365301535381675,0,0.5
1,4,42,logistic_regression,121,579,0,0.24103355535092447,0,0.5
1,4,42,logistic_regression,122,592,0,0.2387561562695899,0,0.5
1,4,42,logistic_regression,123,542,0,0.34833077848439303,0,0.5
1,4,42,logistic_regression,124,571,0,0.27314313279597774,0,0.5
1,4,42,logistic_regression,128,518,0,0.23577944602741754,0,0.5
1,4,42,logistic_regression,137,537,0,0.22555477006787084,0,0.5
1,4,42,logistic_regression,156,448,0,0.24531924250844356,0,0.5
1,4,42,logistic_regression,161,490,0,0.24262937871219137,0,0.5
1,4,42,logistic_regression,168,535,0,0.23881610503951062,0,0.5
1,4,42,logistic_regression,173,529,0,0.41263231093054503,0,0.5
1,4,42,logistic_regression,174,499,0,0.26196455612242303,0,0.5
1,4,42,logistic_regression,177,468,0,0.22404692106527604,0,0.5
1,4,42,logistic_regression,180,414,0,0.2387051565922087,0,0.5
1,4,42,logistic_regression,187,501,0,0.47396942684757776,0,0.5
1,4,42,logistic_regression,193,445,0,0.17710903989184068,0,0.5
1,4,42,logistic_regression,194,397,0,0.2247075907125227,0,0.5
1,4,42,logistic_regression,196,505,0,0.2302806913876017,0,0.5
1,4,42,logistic_regression,199,460,0,0.22743955244871036,0,0.5
1,4,42,logistic_regression,204,222,0,0.2275569174536986,0,0.5
1,4,42,logistic_regression,206,496,0,0.22557331683872678,0,0.5
1,4,42,logistic_regression,209,387,0,0.24895534853258564,0,0.5
1,4,42,logistic_regression,210,399,0,0.24034200786312043,0,0.5
1,4,42,logistic_regression,215,372,0,0.22200153847095708,0,0.5
1,4,42,logistic_regression,216,531,1,0.2684455710219308,0,0.5
1,4,42,logistic_regression,221,407,0,0.20472289946028158,0,0.5
1,4,42,logistic_regression,229,466,0,0.24549730335276518,0,0.5
1,4,42,logistic_regression,230,304,0,0.2173532576798918,0,0.5
1,4,42,logistic_regression,235,378,0,0.21644614700266557,0,0.5
1,4,42,logistic_regression,253,279,0,0.22407620118273258,0,0.5
1,4,42,logistic_regression,263,296,0,0.18985916512083884,0,0.5
1,4,42,logistic_regression,265,247,0,0.24447115806652828,0,0.5
1,4,42,logistic_regression,273,355,0,0.23377529124245724,0,0.5
1,4,42,logistic_regression,278,267,0,0.22517254630747593,0,0.5
1,4,42,logistic_regression,282,219,0,0.22934172305927036,0,0.5
1,4,42,logistic_regression,292,264,0,0.2203297227036735,0,0.5
1,4,42,logistic_regression,301,202,0,0.22369594446567417,0,0.5
1,4,42,logistic_regression,305,201,0,0.22453210281995767,0,0.5
1,4,42,logistic_regression,309,322,0,0.26308356149007867,0,0.5
1,4,42,logistic_regression,310,307,0,0.2167043740967712,0,0.5
1,4,42,logistic_regression,311,368,0,0.2379891857973168,0,0.5
1,4,42,logistic_regression,316,348,0,0.1704021187350833,0,0.5
1,4,42,logistic_regression,318,308,0,0.23668442748863242,0,0.5
1,4,42,logistic_regression,322,180,0,0.21938609222191743,0,0.5
1,4,42,logistic_regression,327,173,0,0.2182857056257495,0,0.5
1,4,42,logistic_regression,330,207,0,0.1660210447177816,0,0.5
1,4,42,logistic_regression,332,583,0,0.23585185378763462,0,0.5
1,4,42,logistic_regression,339,182,0,0.2136161623280466,0,0.5
1,4,42,logistic_regression,342,228,0,0.21384979904974197,0,0.5
1,4,42,logistic_regression,345,276,1,0.17299402044806506,0,0.5
1,4,42,logistic_regression,349,235,0,0.217917256018277,0,0.5
1,4,42,logistic_regression,350,167,0,0.17051934566522683,0,0.5
1,4,42,logistic_regression,352,152,0,0.21574913802223955,0,0.5
1,4,42,logistic_regression,354,811,0,0.24289785127309843,0,0.5
1,4,42,logistic_regression,362,160,0,0.2166465692942326,0,0.5
1,4,42,logistic_regression,364,147,0,0.22101745879397647,0,0.5
1,4,42,logistic_regression,365,178,0,0.23400066866057564,0,0.5
1,4,42,logistic_regression,370,239,1,0.21662673096695356,0,0.5
1,4,42,logistic_regression,379,224,0,0.2187278969850453,0,0.5
1,4,42,logistic_regression,391,69,0,0.17015455841796492,0,0.5
1,4,42,logistic_regression,394,184,0,0.4499104347687249,0,0.5
1,4,42,logistic_regression,400,55,0,0.21068080388667912,0,0.5
1,4,42,logistic_regression,401,210,0,0.23836372285718904,0,0.5
1,4,42,logistic_regression,415,104,0,0.21971048634136928,0,0.5
1,4,42,logistic_regression,422,89,0,0.2219924474649266,0,0.5
1,4,42,logistic_regression,424,181,0,0.30015012048024425,0,0.5
1,4,42,logistic_regression,443,10,0,0.16388094880180373,0,0.5
1,4,42,logistic_regression,445,36,0,0.163391027589397,0,0.5
1,4,42,logistic_regression,446,107,0,0.2339641028263265,0,0.5
1,4,42,logistic_regression,453,10,0,0.16388094880180373,0,0.5
1,4,42,logistic_regression,457,18,0,0.16855790405459645,0,0.5
1,4,42,logistic_regression,470,764,0,0.24010552406673072,0,0.5
1,4,42,logistic_regression,471,94,0,0.2143126568176993,0,0.5
1,4,42,logistic_regression,486,496,0,0.22557331683872678,0,0.5
1,4,42,logistic_regression,487,483,0,0.23574294289831907,0,0.5
1,4,42,logistic_regression,492,658,0,0.24214662408312224,0,0.5
1,4,42,logistic_regression,494,165,0,0.21614771956854245,0,0.5
1,4,42,logistic_regression,495,405,0,0.17666328526900024,0,0.5
1,4,42,logistic_regression,501,610,0,0.2533774130193714,0,0.5
1,4,42,logistic_regression,507,71,0,0.21845472125791845,0,0.5
1,4,42,logistic_regression,508,590,0,0.35691496091438674,0,0.5
1,4,42,logistic_regression,513,96,0,0.21911556423396497,0,0.5
1,4,42,logistic_regression,514,476,0,0.2193880988276659,0,0.5
1,4,42,logistic_regression,530,239,1,0.21662673096695356,0,0.5
1,4,42,logistic_regression,531,119,0,0.22578532591313702,0,0.5
1,4,42,logistic_regression,534,93,0,0.21107145948655173,0,0.5
1,4,42,logistic_regression,546,213,0,0.3074779678935981,0,0.5
1,4,42,logistic_regression,564,426,0,0.2387817448141034,0,0.5
1,4,42,logistic_regression,568,338,0,0.22459516281146086,0,0.5
1,4,42,logistic_regression,570,559,0,0.2426590020182779,0,0.5
1,4,42,logistic_regression,573,523,0,0.24734081050490114,0,0.5
1,4,42,logistic_regression,578,126,1,0.21749431635311497,0,0.5
1,4,42,logistic_regression,580,55,0,0.21068080388667912,0,0.5
1,4,42,logistic_regression,585,648,0,0.23387535302999424,0,0.5
1,4,42,logistic_regression,588,813,0,0.2419875631499835,0,0.5
1,4,42,logistic_regression,590,56,0,0.21371269621505432,0,0.5
1,4,42,logistic_regression,599,176,0,0.22942095971704488,0,0.5
1,4,42,logistic_regression,600,506,0,0.22600111534750716,0,0.5
1,4,42,logistic_regression,604,318,0,0.22367606951901622,0,0.5
1,4,42,logistic_regression,623,250,0,0.2289215335434279,0,0.5
1,4,42,logistic_regression,624,118,0,0.2192227192575014,0,0.5
1,4,42,logistic_regression,632,226,0,0.22537464998523904,0,0.5
1,4,42,logistic_regression,646,27,0,0.2109963732519882,0,0.5
1,4,42,logistic_regression,649,613,0,0.28231156617125025,0,0.5
1,4,42,logistic_regression,653,216,1,0.24513264848953598,0,0.5
1,4,42,logistic_regression,659,467,0,0.22182847563835736,0,0.5
1,4,42,logistic_regression,666,67,0,0.20835853608542462,0,0.5
1,4,42,logistic_regression,667,829,0,0.26131008286591506,0,0.5
1,4,42,logistic_regression,669,755,0,0.2890795168326474,0,0.5
1,4,42,logistic_regression,672,0,0,0.21125848906441616,0,0.5
1,4,42,logistic_regression,673,819,1,0.2806290089785348,0,0.5
1,4,42,logistic_regression,684,815,0,0.2490295295295247,0,0.5
1,4,42,logistic_regression,693,98,1,0.2391252103339049,0,0.5
1,4,42,logistic_regression,695,538,0,0.23778632821282594,0,0.5
1,4,42,logistic_regression,704,781,0,0.26389319826373103,0,0.5
1,4,42,logistic_regression,708,254,0,0.24584758457140554,0,0.5
1,4,42,logistic_regression,712,317,0,0.22918043632215965,0,0.5
1,4,42,logistic_regression,720,427,0,0.22723397446256263,0,0.5
1,4,42,logistic_regression,730,775,0,0.3199150420458351,0,0.5
1,4,42,logistic_regression,734,564,0,0.26277072027439635,0,0.5
1,4,42,logistic_regression,738,477,0,0.2222640989124547,0,0.5
1,4,42,logistic_regression,741,129,0,0.1664801772246635,0,0.5
1,4,42,logistic_regression,743,540,0,0.21383208850350946,0,0.5
1,4,42,logistic_regression,757,360,0,0.18267741258056636,0,0.5
1,4,42,logistic_regression,759,101,0,0.21885144694224518,0,0.5
1,4,42,logistic_regression,765,398,0,0.23086951081313198,0,0.5
1,4,42,logistic_regression,777,744,0,0.2334727676951254,0,0.5
1,4,42,logistic_regression,788,752,0,0.33134585840114567,0,0.5
1,4,42,logistic_regression,791,15,0,0.21857816008022102,0,0.5
1,4,42,logistic_regression,793,353,0,0.2235225962775549,0,0.5
1,4,42,logistic_regression,802,14,0,0.20839946491427874,0,0.5
1,4,42,logistic_regression,807,717,0,0.2813401719950732,0,0.5
1,4,42,logistic_regression,814,22,1,0.2016947252514439,0,0.5
1,4,42,logistic_regression,822,726,0,0.21548588254816262,0,0.5
1,4,42,logistic_regression,828,634,0,0.22590288407802267,0,0.5
1,4,42,logistic_regression,836,743,0,0.18911772442867852,0,0.5
1,4,42,logistic_regression,837,606,0,0.20525996972367644,0,0.5
1,4,42,logistic_regression,846,680,0,0.22674094753671659,0,0.5
1,4,42,logistic_regression,850,117,0,0.21470386274139522,0,0.5
1,4,42,xgboost,9,804,0,0.05602332949638367,0,0.5
1,4,42,xgboost,11,450,0,0.06148168444633484,0,0.5
1,4,42,xgboost,13,803,0,0.03988150879740715,0,0.5
1,4,42,xgboost,15,776,0,0.27010616660118103,0,0.5
1,4,42,xgboost,16,790,0,0.057672034949064255,0,0.5
1,4,42,xgboost,17,799,0,0.036517590284347534,0,0.5
1,4,42,xgboost,20,797,0,0.3269163966178894,0,0.5
1,4,42,xgboost,22,766,1,0.15061011910438538,0,0.5
1,4,42,xgboost,27,759,0,0.08649847656488419,0,0.5
1,4,42,xgboost,28,742,0,0.045582789927721024,0,0.5
1,4,42,xgboost,37,747,0,0.04765008017420769,0,0.5
1,4,42,xgboost,39,719,0,0.050989676266908646,0,0.5
1,4,42,xgboost,43,723,0,0.07766102254390717,0,0.5
1,4,42,xgboost,46,716,0,0.058931026607751846,0,0.5
1,4,42,xgboost,47,770,0,0.06661871820688248,0,0.5
1,4,42,xgboost,50,721,0,0.0464034341275692,0,0.5
1,4,42,xgboost,54,708,0,0.06588577479124069,0,0.5
1,4,42,xgboost,57,647,0,0.06072687357664108,0,0.5
1,4,42,xgboost,59,692,0,0.11762164533138275,0,0.5
1,4,42,xgboost,60,673,0,0.05520660802721977,0,0.5
1,4,42,xgboost,66,673,0,0.05520660802721977,0,0.5
1,4,42,xgboost,71,677,0,0.04071420803666115,0,0.5
1,4,42,xgboost,74,681,0,0.03474866598844528,0,0.5
1,4,42,xgboost,75,686,0,0.045162737369537354,0,0.5
1,4,42,xgboost,88,618,0,0.034978270530700684,0,0.5
1,4,42,xgboost,91,689,0,0.04954727366566658,0,0.5
1,4,42,xgboost,98,584,0,0.03607010468840599,0,0.5
1,4,42,xgboost,100,669,0,0.04877891018986702,0,0.5
1,4,42,xgboost,101,580,0,0.24515317380428314,0,0.5
1,4,42,xgboost,103,754,1,0.07091286778450012,0,0.5
1,4,42,xgboost,106,577,0,0.22870028018951416,0,0.5
1,4,42,xgboost,111,626,0,0.03699106350541115,0,0.5
1,4,42,xgboost,120,627,0,0.0551612414419651,0,0.5
1,4,42,xgboost,121,579,0,0.039793308824300766,0,0.5
1,4,42,xgboost,122,592,0,0.038292381912469864,0,0.5
1,4,42,xgboost,123,542,0,0.11368188261985779,0,0.5
1,4,42,xgboost,124,571,0,0.08706168830394745,0,0.5
1,4,42,xgboost,128,518,0,0.04792966693639755,0,0.5
1,4,42,xgboost,137,537,0,0.05962664261460304,0,0.5
1,4,42,xgboost,156,448,0,0.03420431539416313,0,0.5
1,4,42,xgboost,161,490,0,0.0516534298658371,0,0.5
1,4,42,xgboost,168,535,0,0.0681924819946289,0,0.5
1,4,42,xgboost,173,529,0,0.20491695404052734,0,0.5
1,4,42,xgboost,174,499,0,0.08393875509500504,0,0.5
1,4,42,xgboost,177,468,0,0.045030079782009125,0,0.5
1,4,42,xgboost,180,414,0,0.043161626905202866,0,0.5
1,4,42,xgboost,187,501,0,0.23103226721286774,0,0.5
1,4,42,xgboost,193,445,0,0.023198934271931648,0,0.5
1,4,42,xgboost,194,397,0,0.056100863963365555,0,0.5
1,4,42,xgboost,196,505,0,0.08495726436376572,0,0.5
1,4,42,xgboost,199,460,0,0.07247190922498703,0,0.5
1,4,42,xgboost,204,222,0,0.059284333139657974,0,0.5
1,4,42,xgboost,206,496,0,0.047349222004413605,0,0.5
1,4,42,xgboost,209,387,0,0.04637432470917702,0,0.5
1,4,42,xgboost,210,399,0,0.03973140940070152,0,0.5
1,4,42,xgboost,215,372,0,0.04575302079319954,0,0.5
1,4,42,xgboost,216,531,1,0.056991759687662125,0,0.5
1,4,42,xgboost,221,407,0,0.05008178576827049,0,0.5
1,4,42,xgboost,229,466,0,0.03839229419827461,0,0.5
1,4,42,xgboost,230,304,0,0.0454079732298851,0,0.5
1,4,42,xgboost,235,378,0,0.04973827674984932,0,0.5
1,4,42,xgboost,253,279,0,0.04311869665980339,0,0.5
1,4,42,xgboost,263,296,0,0.026173297315835953,0,0.5
1,4,42,xgboost,265,247,0,0.04915377125144005,0,0.5
1,4,42,xgboost,273,355,0,0.052519623190164566,0,0.5
1,4,42,xgboost,278,267,0,0.07967191189527512,0,0.5
1,4,42,xgboost,282,219,0,0.05052567645907402,0,0.5
1,4,42,xgboost,292,264,0,0.09489830583333969,0,0.5
1,4,42,xgboost,301,202,0,0.04413203150033951,0,0.5
1,4,42,xgboost,305,201,0,0.06678896397352219,0,0.5
1,4,42,xgboost,309,322,0,0.05750880017876625,0,0.5
1,4,42,xgboost,310,307,0,0.04973827674984932,0,0.5
1,4,42,xgboost,311,368,0,0.056100863963365555,0,0.5
1,4,42,xgboost,316,348,0,0.03229721263051033,0,0.5
1,4,42,xgboost,318,308,0,0.04199487343430519,0,0.5
1,4,42,xgboost,322,180,0,0.05812384560704231,0,0.5
1,4,42,xgboost,327,173,0,0.04413203150033951,0,0.5
1,4,42,xgboost,330,207,0,0.0229660514742136,0,0.5
1,4,42,xgboost,332,583,0,0.06490073353052139,0,0.5
1,4,42,xgboost,339,182,0,0.0639975443482399,0,0.5
1,4,42,xgboost,342,228,0,0.03930209204554558,0,0.5
1,4,42,xgboost,345,276,1,0.03930209204554558,0,0.5
1,4,42,xgboost,349,235,0,0.040116772055625916,0,0.5
1,4,42,xgboost,350,167,0,0.034783050417900085,0,0.5
1,4,42,xgboost,352,152,0,0.03717717155814171,0,0.5
1,4,42,xgboost,354,811,0,0.08649847656488419,0,0.5
1,4,42,xgboost,362,160,0,0.04280860349535942,0,0.5
1,4,42,xgboost,364,147,0,0.040429387241601944,0,0.5
1,4,42,xgboost,365,178,0,0.04245859012007713,0,0.5
1,4,42,xgboost,370,239,1,0.04523281380534172,0,0.5
1,4,42,xgboost,379,224,0,0.04523281380534172,0,0.5
1,4,42,xgboost,391,69,0,0.018457559868693352,0,0.5
1,4,42,xgboost,394,184,0,0.30971065163612366,0,0.5
1,4,42,xgboost,400,55,0,0.029462844133377075,0,0.5
1,4,42,xgboost,401,210,0,0.04799306020140648,0,0.5
1,4,42,xgboost,415,104,0,0.03429199755191803,0,0.5
1,4,42,xgboost,422,89,0,0.03285662829875946,0,0.5
1,4,42,xgboost,424,181,0,0.1832435429096222,0,0.5
1,4,42,xgboost,443,10,0,0.017976559698581696,0,0.5
1,4,42,xgboost,445,36,0,0.017295539379119873,0,0.5
1,4,42,xgboost,446,107,0,0.0480232872068882,0,0.5
1,4,42,xgboost,453,10,0,0.017976559698581696,0,0.5
1,4,42,xgboost,457,18,0,0.017285266891121864,0,0.5
1,4,42,xgboost,470,764,0,0.053760651499032974,0,0.5
1,4,42,xgboost,471,94,0,0.026997225359082222,0,0.5
1,4,42,xgboost,486,496,0,0.047349222004413605,0,0.5
1,4,42,xgboost,487,483,0,0.044646259397268295,0,0.5
1,4,42,xgboost,492,658,0,0.05337148532271385,0,0.5
1,4,42,xgboost,494,165,0,0.055518053472042084,0,0.5
1,4,42,xgboost,495,405,0,0.026886705309152603,0,0.5
1,4,42,xgboost,501,610,0,0.041767265647649765,0,0.5
1,4,42,xgboost,507,71,0,0.03165491670370102,0,0.5
1,4,42,xgboost,508,590,0,0.11372407525777817,0,0.5
1,4,42,xgboost,513,96,0,0.0480232872068882,0,0.5
1,4,42,xgboost,514,476,0,0.03846285864710808,0,0.5
1,4,42,xgboost,530,239,1,0.04523281380534172,0,0.5
1,4,42,xgboost,531,119,0,0.03155720606446266,0,0.5
1,4,42,xgboost,534,93,0,0.03037036582827568,0,0.5
1,4,42,xgboost,546,213,0,0.10904353857040405,0,0.5
1,4,42,xgboost,564,426,0,0.028102345764636993,0,0.5
1,4,42,xgboost,568,338,0,0.06242594122886658,0,0.5
1,4,42,xgboost,570,559,0,0.049278467893600464,0,0.5
1,4,42,xgboost,573,523,0,0.07238754630088806,0,0.5
1,4,42,xgboost,578,126,1,0.04414798319339752,0,0.5
1,4,42,xgboost,580,55,0,0.029462844133377075,0,0.5
1,4,42,xgboost,585,648,0,0.045162737369537354,0,0.5
1,4,42,xgboost,588,813,0,0.042653877288103104,0,0.5
1,4,42,xgboost,590,56,0,0.09188098460435867,0,0.5
1,4,42,xgboost,599,176,0,0.04032313451170921,0,0.5
1,4,42,xgboost,600,506,0,0.05002875253558159,0,0.5
1,4,42,xgboost,604,318,0,0.07247190922498703,0,0.5
1,4,42,xgboost,623,250,0,0.09604480117559433,0,0.5
1,4,42,xgboost,624,118,0,0.032237980514764786,0,0.5
1,4,42,xgboost,632,226,0,0.038990315049886703,0,0.5
1,4,42,xgboost,646,27,0,0.029591791331768036,0,0.5
1,4,42,xgboost,649,613,0,0.07303281128406525,0,0.5
1,4,42,xgboost,653,216,1,0.05688004940748215,0,0.5
1,4,42,xgboost,659,467,0,0.04843978211283684,0,0.5
1,4,42,xgboost,666,67,0,0.029462844133377075,0,0.5
1,4,42,xgboost,667,829,0,0.05483284592628479,0,0.5
1,4,42,xgboost,669,755,0,0.0597568154335022,0,0.5
1,4,42,xgboost,672,0,0,0.030870981514453888,0,0.5
1,4,42,xgboost,673,819,1,0.051344823092222214,0,0.5
1,4,42,xgboost,684,815,0,0.05305633321404457,0,0.5
1,4,42,xgboost,693,98,1,0.05612758547067642,0,0.5
1,4,42,xgboost,695,538,0,0.058283183723688126,0,0.5
1,4,42,xgboost,704,781,0,0.056524608284235,0,0.5
1,4,42,xgboost,708,254,0,0.059284333139657974,0,0.5
1,4,42,xgboost,712,317,0,0.06216306984424591,0,0.5
1,4,42,xgboost,720,427,0,0.06636883318424225,0,0.5
1,4,42,xgboost,730,775,0,0.2733916640281677,0,0.5
1,4,42,xgboost,734,564,0,0.061659686267375946,0,0.5
1,4,42,xgboost,738,477,0,0.07247190922498703,0,0.5
1,4,42,xgboost,741,129,0,0.020246880128979683,0,0.5
1,4,42,xgboost,743,540,0,0.12775176763534546,0,0.5
1,4,42,xgboost,757,360,0,0.05945414677262306,0,0.5
1,4,42,xgboost,759,101,0,0.03344501182436943,0,0.5
1,4,42,xgboost,765,398,0,0.03973140940070152,0,0.5
1,4,42,xgboost,777,744,0,0.045582789927721024,0,0.5
1,4,42,xgboost,788,752,0,0.3003564476966858,0,0.5
1,4,42,xgboost,791,15,0,0.03344501182436943,0,0.5
1,4,42,xgboost,793,353,0,0.06216306984424591,0,0.5
1,4,42,xgboost,802,14,0,0.028731586411595345,0,0.5
1,4,42,xgboost,807,717,0,0.0578702837228775,0,0.5
1,4,42,xgboost,814,22,1,0.02928159013390541,0,0.5
1,4,42,xgboost,822,726,0,0.09584569185972214,0,0.5
1,4,42,xgboost,828,634,0,0.047724731266498566,0,0.5
1,4,42,xgboost,836,743,0,0.05541721358895302,0,0.5
1,4,42,xgboost,837,606,0,0.06347081065177917,0,0.5
1,4,42,xgboost,846,680,0,0.06234290450811386,0,0.5
1,4,42,xgboost,850,117,0,0.03641918674111366,0,0.5
1,5,42,dummy_prior,6,823,1,0.06404657933042213,0,0.5
1,5,42,dummy_prior,7,413,0,0.06404657933042213,0,0.5
1,5,42,dummy_prior,34,749,0,0.06404657933042213,0,0.5
1,5,42,dummy_prior,38,758,0,0.06404657933042213,0,0.5
1,5,42,dummy_prior,40,746,0,0.06404657933042213,0,0.5
1,5,42,dummy_prior,64,750,1,0.06404657933042213,0,0.5
1,5,42,dummy_prior,67,728,0,0.06404657933042213,0,0.5
1,5,42,dummy_prior,69,705,0,0.06404657933042213,0,0.5
1,5,42,dummy_prior,73,685,0,0.06404657933042213,0,0.5
1,5,42,dummy_prior,77,646,0,0.06404657933042213,0,0.5
1,5,42,dummy_prior,78,693,0,0.06404657933042213,0,0.5
1,5,42,dummy_prior,82,615,0,0.06404657933042213,0,0.5
1,5,42,dummy_prior,83,621,0,0.06404657933042213,0,0.5
1,5,42,dummy_prior,89,632,0,0.06404657933042213,0,0.5
1,5,42,dummy_prior,95,604,0,0.06404657933042213,0,0.5
1,5,42,dummy_prior,96,701,1,0.06404657933042213,0,0.5
1,5,42,dummy_prior,102,599,0,0.06404657933042213,0,0.5
1,5,42,dummy_prior,109,612,0,0.06404657933042213,0,0.5
1,5,42,dummy_prior,113,328,0,0.06404657933042213,0,0.5
1,5,42,dummy_prior,117,570,0,0.06404657933042213,0,0.5
1,5,42,dummy_prior,118,560,0,0.06404657933042213,0,0.5
1,5,42,dummy_prior,119,498,0,0.06404657933042213,0,0.5
1,5,42,dummy_prior,129,557,0,0.06404657933042213,0,0.5
1,5,42,dummy_prior,133,651,0,0.06404657933042213,0,0.5
1,5,42,dummy_prior,136,586,0,0.06404657933042213,0,0.5
1,5,42,dummy_prior,138,517,0,0.06404657933042213,0,0.5
1,5,42,dummy_prior,140,553,0,0.06404657933042213,0,0.5
1,5,42,dummy_prior,141,194,0,0.06404657933042213,0,0.5
1,5,42,dummy_prior,145,595,0,0.06404657933042213,0,0.5
1,5,42,dummy_prior,146,576,0,0.06404657933042213,0,0.5
1,5,42,dummy_prior,149,594,0,0.06404657933042213,0,0.5
1,5,42,dummy_prior,152,438,0,0.06404657933042213,0,0.5
1,5,42,dummy_prior,159,463,0,0.06404657933042213,0,0.5
1,5,42,dummy_prior,162,481,0,0.06404657933042213,0,0.5
1,5,42,dummy_prior,166,515,0,0.06404657933042213,0,0.5
1,5,42,dummy_prior,167,461,0,0.06404657933042213,0,0.5
1,5,42,dummy_prior,170,434,0,0.06404657933042213,0,0.5
1,5,42,dummy_prior,175,412,0,0.06404657933042213,0,0.5
1,5,42,dummy_prior,176,452,0,0.06404657933042213,0,0.5
1,5,42,dummy_prior,190,513,0,0.06404657933042213,0,0.5
1,5,42,dummy_prior,192,459,0,0.06404657933042213,0,0.5
1,5,42,dummy_prior,195,429,0,0.06404657933042213,0,0.5
1,5,42,dummy_prior,197,442,0,0.06404657933042213,0,0.5
1,5,42,dummy_prior,202,454,0,0.06404657933042213,0,0.5
1,5,42,dummy_prior,205,388,1,0.06404657933042213,0,0.5
1,5,42,dummy_prior,207,437,0,0.06404657933042213,0,0.5
1,5,42,dummy_prior,211,453,0,0.06404657933042213,0,0.5
1,5,42,dummy_prior,217,408,0,0.06404657933042213,0,0.5
1,5,42,dummy_prior,219,324,0,0.06404657933042213,0,0.5
1,5,42,dummy_prior,220,406,0,0.06404657933042213,0,0.5
1,5,42,dummy_prior,227,394,0,0.06404657933042213,0,0.5
1,5,42,dummy_prior,233,345,0,0.06404657933042213,0,0.5
1,5,42,dummy_prior,234,406,0,0.06404657933042213,0,0.5
1,5,42,dummy_prior,240,334,0,0.06404657933042213,0,0.5
1,5,42,dummy_prior,243,402,0,0.06404657933042213,0,0.5
1,5,42,dummy_prior,246,487,0,0.06404657933042213,0,0.5
1,5,42,dummy_prior,257,273,1,0.06404657933042213,0,0.5
1,5,42,dummy_prior,269,410,0,0.06404657933042213,0,0.5
1,5,42,dummy_prior,271,359,0,0.06404657933042213,0,0.5
1,5,42,dummy_prior,279,263,0,0.06404657933042213,0,0.5
1,5,42,dummy_prior,285,430,0,0.06404657933042213,0,0.5
1,5,42,dummy_prior,294,288,0,0.06404657933042213,0,0.5
1,5,42,dummy_prior,308,382,0,0.06404657933042213,0,0.5
1,5,42,dummy_prior,317,170,0,0.06404657933042213,0,0.5
1,5,42,dummy_prior,319,293,0,0.06404657933042213,0,0.5
1,5,42,dummy_prior,320,271,1,0.06404657933042213,0,0.5
1,5,42,dummy_prior,325,169,1,0.06404657933042213,0,0.5
1,5,42,dummy_prior,329,290,0,0.06404657933042213,0,0.5
1,5,42,dummy_prior,331,446,0,0.06404657933042213,0,0.5
1,5,42,dummy_prior,341,121,0,0.06404657933042213,0,0.5
1,5,42,dummy_prior,346,149,0,0.06404657933042213,0,0.5
1,5,42,dummy_prior,348,125,0,0.06404657933042213,0,0.5
1,5,42,dummy_prior,351,155,0,0.06404657933042213,0,0.5
1,5,42,dummy_prior,355,140,0,0.06404657933042213,0,0.5
1,5,42,dummy_prior,358,212,0,0.06404657933042213,0,0.5
1,5,42,dummy_prior,366,143,0,0.06404657933042213,0,0.5
1,5,42,dummy_prior,369,82,0,0.06404657933042213,0,0.5
1,5,42,dummy_prior,373,312,0,0.06404657933042213,0,0.5
1,5,42,dummy_prior,381,145,0,0.06404657933042213,0,0.5
1,5,42,dummy_prior,383,134,1,0.06404657933042213,0,0.5
1,5,42,dummy_prior,395,82,0,0.06404657933042213,0,0.5
1,5,42,dummy_prior,399,209,0,0.06404657933042213,0,0.5
1,5,42,dummy_prior,409,54,0,0.06404657933042213,0,0.5
1,5,42,dummy_prior,410,171,0,0.06404657933042213,0,0.5
1,5,42,dummy_prior,412,87,0,0.06404657933042213,0,0.5
1,5,42,dummy_prior,419,149,0,0.06404657933042213,0,0.5
1,5,42,dummy_prior,426,114,0,0.06404657933042213,0,0.5
1,5,42,dummy_prior,427,161,0,0.06404657933042213,0,0.5
1,5,42,dummy_prior,434,192,1,0.06404657933042213,0,0.5
1,5,42,dummy_prior,435,54,0,0.06404657933042213,0,0.5
1,5,42,dummy_prior,447,63,0,0.06404657933042213,0,0.5
1,5,42,dummy_prior,455,77,0,0.06404657933042213,0,0.5
1,5,42,dummy_prior,459,3,0,0.06404657933042213,0,0.5
1,5,42,dummy_prior,467,41,0,0.06404657933042213,0,0.5
1,5,42,dummy_prior,468,11,0,0.06404657933042213,0,0.5
1,5,42,dummy_prior,474,640,0,0.06404657933042213,0,0.5
1,5,42,dummy_prior,476,753,0,0.06404657933042213,0,0.5
1,5,42,dummy_prior,483,190,0,0.06404657933042213,0,0.5
1,5,42,dummy_prior,490,375,0,0.06404657933042213,0,0.5
1,5,42,dummy_prior,497,356,0,0.06404657933042213,0,0.5
1,5,42,dummy_prior,500,763,0,0.06404657933042213,0,0.5
1,5,42,dummy_prior,503,735,0,0.06404657933042213,0,0.5
1,5,42,dummy_prior,504,428,0,0.06404657933042213,0,0.5
1,5,42,dummy_prior,516,174,0,0.06404657933042213,0,0.5
1,5,42,dummy_prior,520,53,0,0.06404657933042213,0,0.5
1,5,42,dummy_prior,524,628,0,0.06404657933042213,0,0.5
1,5,42,dummy_prior,528,547,0,0.06404657933042213,0,0.5
1,5,42,dummy_prior,537,365,0,0.06404657933042213,0,0.5
1,5,42,dummy_prior,542,146,0,0.06404657933042213,0,0.5
1,5,42,dummy_prior,551,639,0,0.06404657933042213,0,0.5
1,5,42,dummy_prior,552,105,0,0.06404657933042213,0,0.5
1,5,42,dummy_prior,567,383,0,0.06404657933042213,0,0.5
1,5,42,dummy_prior,571,257,0,0.06404657933042213,0,0.5
1,5,42,dummy_prior,575,54,0,0.06404657933042213,0,0.5
1,5,42,dummy_prior,581,59,0,0.06404657933042213,0,0.5
1,5,42,dummy_prior,586,150,0,0.06404657933042213,0,0.5
1,5,42,dummy_prior,591,244,0,0.06404657933042213,0,0.5
1,5,42,dummy_prior,597,133,0,0.06404657933042213,0,0.5
1,5,42,dummy_prior,598,54,1,0.06404657933042213,0,0.5
1,5,42,dummy_prior,606,539,0,0.06404657933042213,0,0.5
1,5,42,dummy_prior,607,566,0,0.06404657933042213,0,0.5
1,5,42,dummy_prior,611,311,0,0.06404657933042213,0,0.5
1,5,42,dummy_prior,614,341,1,0.06404657933042213,0,0.5
1,5,42,dummy_prior,621,582,0,0.06404657933042213,0,0.5
1,5,42,dummy_prior,627,280,0,0.06404657933042213,0,0.5
1,5,42,dummy_prior,633,261,0,0.06404657933042213,0,0.5
1,5,42,dummy_prior,635,714,0,0.06404657933042213,0,0.5
1,5,42,dummy_prior,636,741,0,0.06404657933042213,0,0.5
1,5,42,dummy_prior,639,52,0,0.06404657933042213,0,0.5
1,5,42,dummy_prior,640,625,0,0.06404657933042213,0,0.5
1,5,42,dummy_prior,644,285,0,0.06404657933042213,0,0.5
1,5,42,dummy_prior,647,277,0,0.06404657933042213,0,0.5
1,5,42,dummy_prior,648,95,0,0.06404657933042213,0,0.5
1,5,42,dummy_prior,651,788,0,0.06404657933042213,0,0.5
1,5,42,dummy_prior,658,85,0,0.06404657933042213,0,0.5
1,5,42,dummy_prior,660,33,0,0.06404657933042213,0,0.5
1,5,42,dummy_prior,662,502,0,0.06404657933042213,0,0.5
1,5,42,dummy_prior,663,310,0,0.06404657933042213,0,0.5
1,5,42,dummy_prior,677,814,0,0.06404657933042213,0,0.5
1,5,42,dummy_prior,679,822,0,0.06404657933042213,0,0.5
1,5,42,dummy_prior,689,340,0,0.06404657933042213,0,0.5
1,5,42,dummy_prior,691,420,0,0.06404657933042213,0,0.5
1,5,42,dummy_prior,698,473,0,0.06404657933042213,0,0.5
1,5,42,dummy_prior,709,374,0,0.06404657933042213,0,0.5
1,5,42,dummy_prior,711,128,0,0.06404657933042213,0,0.5
1,5,42,dummy_prior,724,554,0,0.06404657933042213,0,0.5
1,5,42,dummy_prior,727,589,0,0.06404657933042213,0,0.5
1,5,42,dummy_prior,740,768,0,0.06404657933042213,0,0.5
1,5,42,dummy_prior,742,156,0,0.06404657933042213,0,0.5
1,5,42,dummy_prior,752,676,0,0.06404657933042213,0,0.5
1,5,42,dummy_prior,761,607,0,0.06404657933042213,0,0.5
1,5,42,dummy_prior,762,139,0,0.06404657933042213,0,0.5
1,5,42,dummy_prior,771,661,0,0.06404657933042213,0,0.5
1,5,42,dummy_prior,773,23,0,0.06404657933042213,0,0.5
1,5,42,dummy_prior,782,528,0,0.06404657933042213,0,0.5
1,5,42,dummy_prior,789,164,0,0.06404657933042213,0,0.5
1,5,42,dummy_prior,795,690,0,0.06404657933042213,0,0.5
1,5,42,dummy_prior,796,605,0,0.06404657933042213,0,0.5
1,5,42,dummy_prior,800,302,0,0.06404657933042213,0,0.5
1,5,42,dummy_prior,803,106,0,0.06404657933042213,0,0.5
1,5,42,dummy_prior,815,549,0,0.06404657933042213,0,0.5
1,5,42,dummy_prior,823,644,0,0.06404657933042213,0,0.5
1,5,42,dummy_prior,830,699,0,0.06404657933042213,0,0.5
1,5,42,dummy_prior,832,561,0,0.06404657933042213,0,0.5
1,5,42,dummy_prior,833,659,0,0.06404657933042213,0,0.5
1,5,42,dummy_prior,834,569,0,0.06404657933042213,0,0.5
1,5,42,dummy_prior,835,332,0,0.06404657933042213,0,0.5
1,5,42,dummy_prior,842,722,0,0.06404657933042213,0,0.5
1,5,42,dummy_prior,851,298,0,0.06404657933042213,0,0.5
1,5,42,dummy_prior,854,616,0,0.06404657933042213,0,0.5
1,5,42,dummy_prior,855,377,0,0.06404657933042213,0,0.5
1,5,42,logistic_regression,6,823,1,0.2829739820539054,0,0.5
1,5,42,logistic_regression,7,413,0,0.25218835539601425,0,0.5
1,5,42,logistic_regression,34,749,0,0.24641801823753584,0,0.5
1,5,42,logistic_regression,38,758,0,0.24162369241132614,0,0.5
1,5,42,logistic_regression,40,746,0,0.24028206511529024,0,0.5
1,5,42,logistic_regression,64,750,1,0.2763060164315515,0,0.5
1,5,42,logistic_regression,67,728,0,0.23522790554514328,0,0.5
1,5,42,logistic_regression,69,705,0,0.22196421003325595,0,0.5
1,5,42,logistic_regression,73,685,0,0.2291040705559467,0,0.5
1,5,42,logistic_regression,77,646,0,0.22447018437598962,0,0.5
1,5,42,logistic_regression,78,693,0,0.23713856865569674,0,0.5
1,5,42,logistic_regression,82,615,0,0.24233939491686038,0,0.5
1,5,42,logistic_regression,83,621,0,0.24281638603251082,0,0.5
1,5,42,logistic_regression,89,632,0,0.23755670087628256,0,0.5
1,5,42,logistic_regression,95,604,0,0.18416763100525624,0,0.5
1,5,42,logistic_regression,96,701,1,0.29201989676917833,0,0.5
1,5,42,logistic_regression,102,599,0,0.1863038657682629,0,0.5
1,5,42,logistic_regression,109,612,0,0.17687768646797253,0,0.5
1,5,42,logistic_regression,113,328,0,0.22235619393313777,0,0.5
1,5,42,logistic_regression,117,570,0,0.23470891574824165,0,0.5
1,5,42,logistic_regression,118,560,0,0.25189665681729756,0,0.5
1,5,42,logistic_regression,119,498,0,0.2283566286469716,0,0.5
1,5,42,logistic_regression,129,557,0,0.24531324372315158,0,0.5
1,5,42,logistic_regression,133,651,0,0.22898328291022513,0,0.5
1,5,42,logistic_regression,136,586,0,0.1822408098673762,0,0.5
1,5,42,logistic_regression,138,517,0,0.23066132544523096,0,0.5
1,5,42,logistic_regression,140,553,0,0.24895723471427378,0,0.5
1,5,42,logistic_regression,141,194,0,0.18029280162131017,0,0.5
1,5,42,logistic_regression,145,595,0,0.25864831095872276,0,0.5
1,5,42,logistic_regression,146,576,0,0.23933862893941502,0,0.5
1,5,42,logistic_regression,149,594,0,0.19298477978549555,0,0.5
1,5,42,logistic_regression,152,438,0,0.23243613640864172,0,0.5
1,5,42,logistic_regression,159,463,0,0.2400154500811177,0,0.5
1,5,42,logistic_regression,162,481,0,0.23564978340984588,0,0.5
1,5,42,logistic_regression,166,515,0,0.24277889066871788,0,0.5
1,5,42,logistic_regression,167,461,0,0.2824979681195502,0,0.5
1,5,42,logistic_regression,170,434,0,0.19638247216602125,0,0.5
1,5,42,logistic_regression,175,412,0,0.22696638949504105,0,0.5
1,5,42,logistic_regression,176,452,0,0.18524601477867522,0,0.5
1,5,42,logistic_regression,190,513,0,0.21763921872558975,0,0.5
1,5,42,logistic_regression,192,459,0,0.2307788473109538,0,0.5
1,5,42,logistic_regression,195,429,0,0.2372987835953334,0,0.5
1,5,42,logistic_regression,197,442,0,0.262746378380194,0,0.5
1,5,42,logistic_regression,202,454,0,0.25296548286876747,0,0.5
1,5,42,logistic_regression,205,388,1,0.21721192126233185,0,0.5
1,5,42,logistic_regression,207,437,0,0.22062821095867194,0,0.5
1,5,42,logistic_regression,211,453,0,0.2288200353491057,0,0.5
1,5,42,logistic_regression,217,408,0,0.23068394571346992,0,0.5
1,5,42,logistic_regression,219,324,0,0.22835631733050354,0,0.5
1,5,42,logistic_regression,220,406,0,0.18700360264880672,0,0.5
1,5,42,logistic_regression,227,394,0,0.31735275301065546,0,0.5
1,5,42,logistic_regression,233,345,0,0.2178798916383096,0,0.5
1,5,42,logistic_regression,234,406,0,0.18700360264880672,0,0.5
1,5,42,logistic_regression,240,334,0,0.23023960060046442,0,0.5
1,5,42,logistic_regression,243,402,0,0.17833640677518076,0,0.5
1,5,42,logistic_regression,246,487,0,0.2392380670908716,0,0.5
1,5,42,logistic_regression,257,273,1,0.27990323227527947,0,0.5
1,5,42,logistic_regression,269,410,0,0.22712189855312048,0,0.5
1,5,42,logistic_regression,271,359,0,0.18366852304583725,0,0.5
1,5,42,logistic_regression,279,263,0,0.22748291658587771,0,0.5
1,5,42,logistic_regression,285,430,0,0.22642013678657316,0,0.5
1,5,42,logistic_regression,294,288,0,0.2260461393451855,0,0.5
1,5,42,logistic_regression,308,382,0,0.23607531417550795,0,0.5
1,5,42,logistic_regression,317,170,0,0.2172125179044413,0,0.5
1,5,42,logistic_regression,319,293,0,0.18667863414035465,0,0.5
1,5,42,logistic_regression,320,271,1,0.2146177824419894,0,0.5
1,5,42,logistic_regression,325,169,1,0.25358593368519483,0,0.5
1,5,42,logistic_regression,329,290,0,0.22942432741349822,0,0.5
1,5,42,logistic_regression,331,446,0,0.24931170101514252,0,0.5
1,5,42,logistic_regression,341,121,0,0.18137783383170036,0,0.5
1,5,42,logistic_regression,346,149,0,0.17698950706666342,0,0.5
1,5,42,logistic_regression,348,125,0,0.22406816406325977,0,0.5
1,5,42,logistic_regression,351,155,0,0.22348725553825682,0,0.5
1,5,42,logistic_regression,355,140,0,0.30514756598251663,0,0.5
1,5,42,logistic_regression,358,212,0,0.22075018767322785,0,0.5
1,5,42,logistic_regression,366,143,0,0.21156849812141387,0,0.5
1,5,42,logistic_regression,369,82,0,0.2212058854019845,0,0.5
1,5,42,logistic_regression,373,312,0,0.22008338421250762,0,0.5
1,5,42,logistic_regression,381,145,0,0.18120100405548342,0,0.5
1,5,42,logistic_regression,383,134,1,0.21976140942862654,0,0.5
1,5,42,logistic_regression,395,82,0,0.2212058854019845,0,0.5
1,5,42,logistic_regression,399,209,0,0.22159285845627286,0,0.5
1,5,42,logistic_regression,409,54,0,0.2178891595510307,0,0.5
1,5,42,logistic_regression,410,171,0,0.2175150889225568,0,0.5
1,5,42,logistic_regression,412,87,0,0.17944904541470566,0,0.5
1,5,42,logistic_regression,419,149,0,0.17698950706666342,0,0.5
1,5,42,logistic_regression,426,114,0,0.294147020594628,0,0.5
1,5,42,logistic_regression,427,161,0,0.22541587562688067,0,0.5
1,5,42,logistic_regression,434,192,1,0.2159392910852077,0,0.5
1,5,42,logistic_regression,435,54,0,0.2178891595510307,0,0.5
1,5,42,logistic_regression,447,63,0,0.21602073628535215,0,0.5
1,5,42,logistic_regression,455,77,0,0.1847232390889045,0,0.5
1,5,42,logistic_regression,459,3,0,0.21630931655871558,0,0.5
1,5,42,logistic_regression,467,41,0,0.1869990248253176,0,0.5
1,5,42,logistic_regression,468,11,0,0.18852815356258032,0,0.5
1,5,42,logistic_regression,474,640,0,0.23892968284844168,0,0.5
1,5,42,logistic_regression,476,753,0,0.19163562214570085,0,0.5
1,5,42,logistic_regression,483,190,0,0.22913910293399894,0,0.5
1,5,42,logistic_regression,490,375,0,0.24178757591379965,0,0.5
1,5,42,logistic_regression,497,356,0,0.23988317605028692,0,0.5
1,5,42,logistic_regression,500,763,0,0.22426970794243678,0,0.5
1,5,42,logistic_regression,503,735,0,0.25723970842202826,0,0.5
1,5,42,logistic_regression,504,428,0,0.22377311798629,0,0.5
1,5,42,logistic_regression,516,174,0,0.2157840887268384,0,0.5
1,5,42,logistic_regression,520,53,0,0.21666487032595985,0,0.5
1,5,42,logistic_regression,524,628,0,0.24316017671871593,0,0.5
1,5,42,logistic_regression,528,547,0,0.18963385778392414,0,0.5
1,5,42,logistic_regression,537,365,0,0.22938131028730763,0,0.5
1,5,42,logistic_regression,542,146,0,0.17906075439524488,0,0.5
1,5,42,logistic_regression,551,639,0,0.1891376465409067,0,0.5
1,5,42,logistic_regression,552,105,0,0.22412942588569312,0,0.5
1,5,42,logistic_regression,567,383,0,0.2508639237208474,0,0.5
1,5,42,logistic_regression,571,257,0,0.22267759029924497,0,0.5
1,5,42,logistic_regression,575,54,0,0.2178891595510307,0,0.5
1,5,42,logistic_regression,581,59,0,0.21994433431921,0,0.5
1,5,42,logistic_regression,586,150,0,0.18668087254011612,0,0.5
1,5,42,logistic_regression,591,244,0,0.20942864156388505,0,0.5
1,5,42,logistic_regression,597,133,0,0.46679144211137097,0,0.5
1,5,42,logistic_regression,598,54,1,0.2178891595510307,0,0.5
1,5,42,logistic_regression,606,539,0,0.22644221150717528,0,0.5
1,5,42,logistic_regression,607,566,0,0.18979527706207916,0,0.5
1,5,42,logistic_regression,611,311,0,0.22216273089081243,0,0.5
1,5,42,logistic_regression,614,341,1,0.3006766053916013,0,0.5
1,5,42,logistic_regression,621,582,0,0.23422846528900976,0,0.5
1,5,42,logistic_regression,627,280,0,0.2274803466888944,0,0.5
1,5,42,logistic_regression,633,261,0,0.18375745335098348,0,0.5
1,5,42,logistic_regression,635,714,0,0.23137492132069706,0,0.5
1,5,42,logistic_regression,636,741,0,0.23893065615666928,0,0.5
1,5,42,logistic_regression,639,52,0,0.2173517511608514,0,0.5
1,5,42,logistic_regression,640,625,0,0.24462397551720172,0,0.5
1,5,42,logistic_regression,644,285,0,0.23589611072566666,0,0.5
1,5,42,logistic_regression,647,277,0,0.23779261532765245,0,0.5
1,5,42,logistic_regression,648,95,0,0.5387050807943179,1,0.5
1,5,42,logistic_regression,651,788,0,0.2885190495289105,0,0.5
1,5,42,logistic_regression,658,85,0,0.21701235836644062,0,0.5
1,5,42,logistic_regression,660,33,0,0.217003870288166,0,0.5
1,5,42,logistic_regression,662,502,0,0.21695308494921658,0,0.5
1,5,42,logistic_regression,663,310,0,0.22776644011798355,0,0.5
1,5,42,logistic_regression,677,814,0,0.22534430816698822,0,0.5
1,5,42,logistic_regression,679,822,0,0.2581273104563676,0,0.5
1,5,42,logistic_regression,689,340,0,0.26289707924673633,0,0.5
1,5,42,logistic_regression,691,420,0,0.3681251583939755,0,0.5
1,5,42,logistic_regression,698,473,0,0.2606789979672089,0,0.5
1,5,42,logistic_regression,709,374,0,0.24018206019869565,0,0.5
1,5,42,logistic_regression,711,128,0,0.21599718691758166,0,0.5
1,5,42,logistic_regression,724,554,0,0.22460887323284176,0,0.5
1,5,42,logistic_regression,727,589,0,0.24744484168588596,0,0.5
1,5,42,logistic_regression,740,768,0,0.24947175800085006,0,0.5
1,5,42,logistic_regression,742,156,0,0.2846329973942032,0,0.5
1,5,42,logistic_regression,752,676,0,0.23266799464727622,0,0.5
1,5,42,logistic_regression,761,607,0,0.2054940602817526,0,0.5
1,5,42,logistic_regression,762,139,0,0.18068317630136096,0,0.5
1,5,42,logistic_regression,771,661,0,0.19017220788872277,0,0.5
1,5,42,logistic_regression,773,23,0,0.2124067231176346,0,0.5
1,5,42,logistic_regression,782,528,0,0.23022595216155858,0,0.5
1,5,42,logistic_regression,789,164,0,0.30104256323733003,0,0.5
1,5,42,logistic_regression,795,690,0,0.2851830658202885,0,0.5
1,5,42,logistic_regression,796,605,0,0.22504365861942352,0,0.5
1,5,42,logistic_regression,800,302,0,0.23077166881714556,0,0.5
1,5,42,logistic_regression,803,106,0,0.21797729847856107,0,0.5
1,5,42,logistic_regression,815,549,0,0.2653376652376139,0,0.5
1,5,42,logistic_regression,823,644,0,0.22129502995726083,0,0.5
1,5,42,logistic_regression,830,699,0,0.23134014160737315,0,0.5
1,5,42,logistic_regression,832,561,0,0.2173324583866748,0,0.5
1,5,42,logistic_regression,833,659,0,0.1990842452722613,0,0.5
1,5,42,logistic_regression,834,569,0,0.22289367158636478,0,0.5
1,5,42,logistic_regression,835,332,0,0.21812107278136836,0,0.5
1,5,42,logistic_regression,842,722,0,0.2406308337773968,0,0.5
1,5,42,logistic_regression,851,298,0,0.22303197593650065,0,0.5
1,5,42,logistic_regression,854,616,0,0.2415957520863681,0,0.5
1,5,42,logistic_regression,855,377,0,0.21257990523739603,0,0.5
1,5,42,xgboost,6,823,1,0.10262195765972137,0,0.5
1,5,42,xgboost,7,413,0,0.08359585702419281,0,0.5
1,5,42,xgboost,34,749,0,0.03330784663558006,0,0.5
1,5,42,xgboost,38,758,0,0.056238703429698944,0,0.5
1,5,42,xgboost,40,746,0,0.05910976231098175,0,0.5
1,5,42,xgboost,64,750,1,0.11259321868419647,0,0.5
1,5,42,xgboost,67,728,0,0.10336099565029144,0,0.5
1,5,42,xgboost,69,705,0,0.04229295626282692,0,0.5
1,5,42,xgboost,73,685,0,0.03131059184670448,0,0.5
1,5,42,xgboost,77,646,0,0.02536884695291519,0,0.5
1,5,42,xgboost,78,693,0,0.0939582884311676,0,0.5
1,5,42,xgboost,82,615,0,0.06498192250728607,0,0.5
1,5,42,xgboost,83,621,0,0.04657794162631035,0,0.5
1,5,42,xgboost,89,632,0,0.049850329756736755,0,0.5
1,5,42,xgboost,95,604,0,0.02622254006564617,0,0.5
1,5,42,xgboost,96,701,1,0.18162384629249573,0,0.5
1,5,42,xgboost,102,599,0,0.02822714112699032,0,0.5
1,5,42,xgboost,109,612,0,0.02074071764945984,0,0.5
1,5,42,xgboost,113,328,0,0.03446069732308388,0,0.5
1,5,42,xgboost,117,570,0,0.024171018972992897,0,0.5
1,5,42,xgboost,118,560,0,0.11264196783304214,0,0.5
1,5,42,xgboost,119,498,0,0.03650415316224098,0,0.5
1,5,42,xgboost,129,557,0,0.02828405424952507,0,0.5
1,5,42,xgboost,133,651,0,0.08295939117670059,0,0.5
1,5,42,xgboost,136,586,0,0.04071127250790596,0,0.5
1,5,42,xgboost,138,517,0,0.03557991236448288,0,0.5
1,5,42,xgboost,140,553,0,0.0613277442753315,0,0.5
1,5,42,xgboost,141,194,0,0.024845656007528305,0,0.5
1,5,42,xgboost,145,595,0,0.026609079912304878,0,0.5
1,5,42,xgboost,146,576,0,0.06403477489948273,0,0.5
1,5,42,xgboost,149,594,0,0.020378513261675835,0,0.5
1,5,42,xgboost,152,438,0,0.0432070828974247,0,0.5
1,5,42,xgboost,159,463,0,0.045239999890327454,0,0.5
1,5,42,xgboost,162,481,0,0.05775672569870949,0,0.5
1,5,42,xgboost,166,515,0,0.0438905768096447,0,0.5
1,5,42,xgboost,167,461,0,0.14925526082515717,0,0.5
1,5,42,xgboost,170,434,0,0.10124899446964264,0,0.5
1,5,42,xgboost,175,412,0,0.07133509963750839,0,0.5
1,5,42,xgboost,176,452,0,0.02434549294412136,0,0.5
1,5,42,xgboost,190,513,0,0.07989707589149475,0,0.5
1,5,42,xgboost,192,459,0,0.06977841258049011,0,0.5
1,5,42,xgboost,195,429,0,0.030128858983516693,0,0.5
1,5,42,xgboost,197,442,0,0.08682922273874283,0,0.5
1,5,42,xgboost,202,454,0,0.1473228484392166,0,0.5
1,5,42,xgboost,205,388,1,0.051490575075149536,0,0.5
1,5,42,xgboost,207,437,0,0.045612238347530365,0,0.5
1,5,42,xgboost,211,453,0,0.03389408066868782,0,0.5
1,5,42,xgboost,217,408,0,0.03313696011900902,0,0.5
1,5,42,xgboost,219,324,0,0.04172128811478615,0,0.5
1,5,42,xgboost,220,406,0,0.02655894309282303,0,0.5
1,5,42,xgboost,227,394,0,0.09811453521251678,0,0.5
1,5,42,xgboost,233,345,0,0.03279123827815056,0,0.5
1,5,42,xgboost,234,406,0,0.02655894309282303,0,0.5
1,5,42,xgboost,240,334,0,0.03963787853717804,0,0.5
1,5,42,xgboost,243,402,0,0.025289984419941902,0,0.5
1,5,42,xgboost,246,487,0,0.04769662395119667,0,0.5
1,5,42,xgboost,257,273,1,0.0653415396809578,0,0.5
1,5,42,xgboost,269,410,0,0.07403921335935593,0,0.5
1,5,42,xgboost,271,359,0,0.023814639076590538,0,0.5
1,5,42,xgboost,279,263,0,0.020259810611605644,0,0.5
1,5,42,xgboost,285,430,0,0.03077101893723011,0,0.5
1,5,42,xgboost,294,288,0,0.07403921335935593,0,0.5
1,5,42,xgboost,308,382,0,0.06079382449388504,0,0.5
1,5,42,xgboost,317,170,0,0.043385379016399384,0,0.5
1,5,42,xgboost,319,293,0,0.03095616213977337,0,0.5
1,5,42,xgboost,320,271,1,0.0254344642162323,0,0.5
1,5,42,xgboost,325,169,1,0.14606253802776337,0,0.5
1,5,42,xgboost,329,290,0,0.08616942167282104,0,0.5
1,5,42,xgboost,331,446,0,0.05257375165820122,0,0.5
1,5,42,xgboost,341,121,0,0.023012395948171616,0,0.5
1,5,42,xgboost,346,149,0,0.026923757046461105,0,0.5
1,5,42,xgboost,348,125,0,0.0640389621257782,0,0.5
1,5,42,xgboost,351,155,0,0.038415469229221344,0,0.5
1,5,42,xgboost,355,140,0,0.07514521479606628,0,0.5
1,5,42,xgboost,358,212,0,0.056114424020051956,0,0.5
1,5,42,xgboost,366,143,0,0.028160307556390762,0,0.5
1,5,42,xgboost,369,82,0,0.05938661843538284,0,0.5
1,5,42,xgboost,373,312,0,0.06054970249533653,0,0.5
1,5,42,xgboost,381,145,0,0.020241649821400642,0,0.5
1,5,42,xgboost,383,134,1,0.03371484577655792,0,0.5
1,5,42,xgboost,395,82,0,0.05938661843538284,0,0.5
1,5,42,xgboost,399,209,0,0.04981283098459244,0,0.5
1,5,42,xgboost,409,54,0,0.02726021595299244,0,0.5
1,5,42,xgboost,410,171,0,0.04545263946056366,0,0.5
1,5,42,xgboost,412,87,0,0.01719137281179428,0,0.5
1,5,42,xgboost,419,149,0,0.026923757046461105,0,0.5
1,5,42,xgboost,426,114,0,0.09500396996736526,0,0.5
1,5,42,xgboost,427,161,0,0.03443904593586922,0,0.5
1,5,42,xgboost,434,192,1,0.052831631153821945,0,0.5
1,5,42,xgboost,435,54,0,0.02726021595299244,0,0.5
1,5,42,xgboost,447,63,0,0.02726021595299244,0,0.5
1,5,42,xgboost,455,77,0,0.04160233587026596,0,0.5
1,5,42,xgboost,459,3,0,0.02726021595299244,0,0.5
1,5,42,xgboost,467,41,0,0.04843972995877266,0,0.5
1,5,42,xgboost,468,11,0,0.04276176542043686,0,0.5
1,5,42,xgboost,474,640,0,0.061883196234703064,0,0.5
1,5,42,xgboost,476,753,0,0.022138498723506927,0,0.5
1,5,42,xgboost,483,190,0,0.04120488092303276,0,0.5
1,5,42,xgboost,490,375,0,0.049266014248132706,0,0.5
1,5,42,xgboost,497,356,0,0.07633543759584427,0,0.5
1,5,42,xgboost,500,763,0,0.03166194632649422,0,0.5
1,5,42,xgboost,503,735,0,0.026388147845864296,0,0.5
1,5,42,xgboost,504,428,0,0.028449131175875664,0,0.5
1,5,42,xgboost,516,174,0,0.025261498987674713,0,0.5
1,5,42,xgboost,520,53,0,0.025081409141421318,0,0.5
1,5,42,xgboost,524,628,0,0.12101800739765167,0,0.5
1,5,42,xgboost,528,547,0,0.025928083807229996,0,0.5
1,5,42,xgboost,537,365,0,0.04800858348608017,0,0.5
1,5,42,xgboost,542,146,0,0.019016457721590996,0,0.5
1,5,42,xgboost,551,639,0,0.03346068039536476,0,0.5
1,5,42,xgboost,552,105,0,0.017679136246442795,0,0.5
1,5,42,xgboost,567,383,0,0.151938334107399,0,0.5
1,5,42,xgboost,571,257,0,0.039736565202474594,0,0.5
1,5,42,xgboost,575,54,0,0.02726021595299244,0,0.5
1,5,42,xgboost,581,59,0,0.026460915803909302,0,0.5
1,5,42,xgboost,586,150,0,0.0300793144851923,0,0.5
1,5,42,xgboost,591,244,0,0.047853611409664154,0,0.5
1,5,42,xgboost,597,133,0,0.1281478852033615,0,0.5
1,5,42,xgboost,598,54,1,0.02726021595299244,0,0.5
1,5,42,xgboost,606,539,0,0.06052860617637634,0,0.5
1,5,42,xgboost,607,566,0,0.017998477444052696,0,0.5
1,5,42,xgboost,611,311,0,0.04882747679948807,0,0.5
1,5,42,xgboost,614,341,1,0.09532306343317032,0,0.5
1,5,42,xgboost,621,582,0,0.03256025165319443,0,0.5
1,5,42,xgboost,627,280,0,0.04516712576150894,0,0.5
1,5,42,xgboost,633,261,0,0.02092801220715046,0,0.5
1,5,42,xgboost,635,714,0,0.032147038727998734,0,0.5
1,5,42,xgboost,636,741,0,0.03669671341776848,0,0.5
1,5,42,xgboost,639,52,0,0.02726021595299244,0,0.5
1,5,42,xgboost,640,625,0,0.07093315571546555,0,0.5
1,5,42,xgboost,644,285,0,0.05400479584932327,0,0.5
1,5,42,xgboost,647,277,0,0.03734651952981949,0,0.5
1,5,42,xgboost,648,95,0,0.15523602068424225,0,0.5
1,5,42,xgboost,651,788,0,0.0395488478243351,0,0.5
1,5,42,xgboost,658,85,0,0.02551944926381111,0,0.5
1,5,42,xgboost,660,33,0,0.02726021595299244,0,0.5
1,5,42,xgboost,662,502,0,0.06821466982364655,0,0.5
1,5,42,xgboost,663,310,0,0.09422760456800461,0,0.5
1,5,42,xgboost,677,814,0,0.03421769291162491,0,0.5
1,5,42,xgboost,679,822,0,0.04254187270998955,0,0.5
1,5,42,xgboost,689,340,0,0.06585919111967087,0,0.5
1,5,42,xgboost,691,420,0,0.25280335545539856,0,0.5
1,5,42,xgboost,698,473,0,0.08143368363380432,0,0.5
1,5,42,xgboost,709,374,0,0.052379366010427475,0,0.5
1,5,42,xgboost,711,128,0,0.03416898474097252,0,0.5
1,5,42,xgboost,724,554,0,0.04985777288675308,0,0.5
1,5,42,xgboost,727,589,0,0.11236803233623505,0,0.5
1,5,42,xgboost,740,768,0,0.043348491191864014,0,0.5
1,5,42,xgboost,742,156,0,0.0803670659661293,0,0.5
1,5,42,xgboost,752,676,0,0.03607093542814255,0,0.5
1,5,42,xgboost,761,607,0,0.028928691521286964,0,0.5
1,5,42,xgboost,762,139,0,0.0225748922675848,0,0.5
1,5,42,xgboost,771,661,0,0.025521062314510345,0,0.5
1,5,42,xgboost,773,23,0,0.019715815782546997,0,0.5
1,5,42,xgboost,782,528,0,0.04216098412871361,0,0.5
1,5,42,xgboost,789,164,0,0.18959693610668182,0,0.5
1,5,42,xgboost,795,690,0,0.2204945832490921,0,0.5
1,5,42,xgboost,796,605,0,0.03972573205828667,0,0.5
1,5,42,xgboost,800,302,0,0.023370150476694107,0,0.5
1,5,42,xgboost,803,106,0,0.04410698637366295,0,0.5
1,5,42,xgboost,815,549,0,0.05486973002552986,0,0.5
1,5,42,xgboost,823,644,0,0.053977396339178085,0,0.5
1,5,42,xgboost,830,699,0,0.06932179629802704,0,0.5
1,5,42,xgboost,832,561,0,0.037697937339544296,0,0.5
1,5,42,xgboost,833,659,0,0.05023973807692528,0,0.5
1,5,42,xgboost,834,569,0,0.04701314494013786,0,0.5
1,5,42,xgboost,835,332,0,0.03302961215376854,0,0.5
1,5,42,xgboost,842,722,0,0.04142500087618828,0,0.5
1,5,42,xgboost,851,298,0,0.0357627272605896,0,0.5
1,5,42,xgboost,854,616,0,0.03470439836382866,0,0.5
1,5,42,xgboost,855,377,0,0.037516772747039795,0,0.5
2,1,43,dummy_prior,0,109,0,0.0641399416909621,0,0.5
2,1,43,dummy_prior,1,7,0,0.0641399416909621,0,0.5
2,1,43,dummy_prior,3,825,0,0.0641399416909621,0,0.5
2,1,43,dummy_prior,5,796,0,0.0641399416909621,0,0.5
2,1,43,dummy_prior,8,809,0,0.0641399416909621,0,0.5
2,1,43,dummy_prior,14,798,0,0.0641399416909621,0,0.5
2,1,43,dummy_prior,28,742,0,0.0641399416909621,0,0.5
2,1,43,dummy_prior,31,771,0,0.0641399416909621,0,0.5
2,1,43,dummy_prior,34,749,0,0.0641399416909621,0,0.5
2,1,43,dummy_prior,36,760,0,0.0641399416909621,0,0.5
2,1,43,dummy_prior,39,719,0,0.0641399416909621,0,0.5
2,1,43,dummy_prior,42,724,0,0.0641399416909621,0,0.5
2,1,43,dummy_prior,53,695,0,0.0641399416909621,0,0.5
2,1,43,dummy_prior,58,683,0,0.0641399416909621,0,0.5
2,1,43,dummy_prior,65,736,0,0.0641399416909621,0,0.5
2,1,43,dummy_prior,68,696,0,0.0641399416909621,0,0.5
2,1,43,dummy_prior,72,664,0,0.0641399416909621,0,0.5
2,1,43,dummy_prior,78,693,0,0.0641399416909621,0,0.5
2,1,43,dummy_prior,81,593,0,0.0641399416909621,0,0.5
2,1,43,dummy_prior,85,657,0,0.0641399416909621,0,0.5
2,1,43,dummy_prior,87,703,0,0.0641399416909621,0,0.5
2,1,43,dummy_prior,96,701,1,0.0641399416909621,0,0.5
2,1,43,dummy_prior,99,641,0,0.0641399416909621,0,0.5
2,1,43,dummy_prior,112,573,0,0.0641399416909621,0,0.5
2,1,43,dummy_prior,113,328,0,0.0641399416909621,0,0.5
2,1,43,dummy_prior,118,560,0,0.0641399416909621,0,0.5
2,1,43,dummy_prior,122,592,0,0.0641399416909621,0,0.5
2,1,43,dummy_prior,145,595,0,0.0641399416909621,0,0.5
2,1,43,dummy_prior,149,594,0,0.0641399416909621,0,0.5
2,1,43,dummy_prior,150,489,0,0.0641399416909621,0,0.5
2,1,43,dummy_prior,152,438,0,0.0641399416909621,0,0.5
2,1,43,dummy_prior,153,423,0,0.0641399416909621,0,0.5
2,1,43,dummy_prior,155,507,0,0.0641399416909621,0,0.5
2,1,43,dummy_prior,163,509,1,0.0641399416909621,0,0.5
2,1,43,dummy_prior,164,546,0,0.0641399416909621,0,0.5
2,1,43,dummy_prior,166,515,0,0.0641399416909621,0,0.5
2,1,43,dummy_prior,170,434,0,0.0641399416909621,0,0.5
2,1,43,dummy_prior,171,418,0,0.0641399416909621,0,0.5
2,1,43,dummy_prior,177,468,0,0.0641399416909621,0,0.5
2,1,43,dummy_prior,183,491,0,0.0641399416909621,0,0.5
2,1,43,dummy_prior,186,404,0,0.0641399416909621,0,0.5
2,1,43,dummy_prior,189,380,0,0.0641399416909621,0,0.5
2,1,43,dummy_prior,198,447,0,0.0641399416909621,0,0.5
2,1,43,dummy_prior,204,222,0,0.0641399416909621,0,0.5
2,1,43,dummy_prior,206,496,0,0.0641399416909621,0,0.5
2,1,43,dummy_prior,208,470,0,0.0641399416909621,0,0.5
2,1,43,dummy_prior,211,453,0,0.0641399416909621,0,0.5
2,1,43,dummy_prior,214,550,1,0.0641399416909621,0,0.5
2,1,43,dummy_prior,217,408,0,0.0641399416909621,0,0.5
2,1,43,dummy_prior,219,324,0,0.0641399416909621,0,0.5
2,1,43,dummy_prior,229,466,0,0.0641399416909621,0,0.5
2,1,43,dummy_prior,245,253,0,0.0641399416909621,0,0.5
2,1,43,dummy_prior,247,292,0,0.0641399416909621,0,0.5
2,1,43,dummy_prior,253,279,0,0.0641399416909621,0,0.5
2,1,43,dummy_prior,256,366,0,0.0641399416909621,0,0.5
2,1,43,dummy_prior,258,245,0,0.0641399416909621,0,0.5
2,1,43,dummy_prior,280,303,0,0.0641399416909621,0,0.5
2,1,43,dummy_prior,281,238,0,0.0641399416909621,0,0.5
2,1,43,dummy_prior,286,240,0,0.0641399416909621,0,0.5
2,1,43,dummy_prior,294,288,0,0.0641399416909621,0,0.5
2,1,43,dummy_prior,296,358,0,0.0641399416909621,0,0.5
2,1,43,dummy_prior,302,323,0,0.0641399416909621,0,0.5
2,1,43,dummy_prior,304,331,0,0.0641399416909621,0,0.5
2,1,43,dummy_prior,307,287,0,0.0641399416909621,0,0.5
2,1,43,dummy_prior,308,382,0,0.0641399416909621,0,0.5
2,1,43,dummy_prior,313,370,0,0.0641399416909621,0,0.5
2,1,43,dummy_prior,319,293,0,0.0641399416909621,0,0.5
2,1,43,dummy_prior,321,269,0,0.0641399416909621,0,0.5
2,1,43,dummy_prior,322,180,0,0.0641399416909621,0,0.5
2,1,43,dummy_prior,331,446,0,0.0641399416909621,0,0.5
2,1,43,dummy_prior,332,583,0,0.0641399416909621,0,0.5
2,1,43,dummy_prior,335,525,1,0.0641399416909621,0,0.5
2,1,43,dummy_prior,341,121,0,0.0641399416909621,0,0.5
2,1,43,dummy_prior,342,228,0,0.0641399416909621,0,0.5
2,1,43,dummy_prior,346,149,0,0.0641399416909621,0,0.5
2,1,43,dummy_prior,354,811,0,0.0641399416909621,0,0.5
2,1,43,dummy_prior,358,212,0,0.0641399416909621,0,0.5
2,1,43,dummy_prior,359,733,0,0.0641399416909621,0,0.5
2,1,43,dummy_prior,363,72,0,0.0641399416909621,0,0.5
2,1,43,dummy_prior,366,143,0,0.0641399416909621,0,0.5
2,1,43,dummy_prior,381,145,0,0.0641399416909621,0,0.5
2,1,43,dummy_prior,384,78,0,0.0641399416909621,0,0.5
2,1,43,dummy_prior,400,55,0,0.0641399416909621,0,0.5
2,1,43,dummy_prior,403,64,0,0.0641399416909621,0,0.5
2,1,43,dummy_prior,419,149,0,0.0641399416909621,0,0.5
2,1,43,dummy_prior,420,97,0,0.0641399416909621,0,0.5
2,1,43,dummy_prior,421,433,1,0.0641399416909621,0,0.5
2,1,43,dummy_prior,427,161,0,0.0641399416909621,0,0.5
2,1,43,dummy_prior,430,153,0,0.0641399416909621,0,0.5
2,1,43,dummy_prior,438,195,0,0.0641399416909621,0,0.5
2,1,43,dummy_prior,440,7,0,0.0641399416909621,0,0.5
2,1,43,dummy_prior,445,36,0,0.0641399416909621,0,0.5
2,1,43,dummy_prior,446,107,0,0.0641399416909621,0,0.5
2,1,43,dummy_prior,447,63,0,0.0641399416909621,0,0.5
2,1,43,dummy_prior,451,32,0,0.0641399416909621,0,0.5
2,1,43,dummy_prior,454,7,0,0.0641399416909621,0,0.5
2,1,43,dummy_prior,464,25,0,0.0641399416909621,0,0.5
2,1,43,dummy_prior,466,7,0,0.0641399416909621,0,0.5
2,1,43,dummy_prior,467,41,0,0.0641399416909621,0,0.5
2,1,43,dummy_prior,475,154,0,0.0641399416909621,0,0.5
2,1,43,dummy_prior,476,753,0,0.0641399416909621,0,0.5
2,1,43,dummy_prior,477,751,0,0.0641399416909621,0,0.5
2,1,43,dummy_prior,478,534,0,0.0641399416909621,0,0.5
2,1,43,dummy_prior,482,757,0,0.0641399416909621,0,0.5
2,1,43,dummy_prior,486,496,0,0.0641399416909621,0,0.5
2,1,43,dummy_prior,505,306,0,0.0641399416909621,0,0.5
2,1,43,dummy_prior,506,711,0,0.0641399416909621,0,0.5
2,1,43,dummy_prior,522,37,0,0.0641399416909621,0,0.5
2,1,43,dummy_prior,532,364,0,0.0641399416909621,0,0.5
2,1,43,dummy_prior,534,93,0,0.0641399416909621,0,0.5
2,1,43,dummy_prior,538,361,0,0.0641399416909621,0,0.5
2,1,43,dummy_prior,539,76,1,0.0641399416909621,0,0.5
2,1,43,dummy_prior,543,40,0,0.0641399416909621,0,0.5
2,1,43,dummy_prior,549,662,1,0.0641399416909621,0,0.5
2,1,43,dummy_prior,557,458,0,0.0641399416909621,0,0.5
2,1,43,dummy_prior,558,255,0,0.0641399416909621,0,0.5
2,1,43,dummy_prior,572,373,0,0.0641399416909621,0,0.5
2,1,43,dummy_prior,577,196,0,0.0641399416909621,0,0.5
2,1,43,dummy_prior,580,55,0,0.0641399416909621,0,0.5
2,1,43,dummy_prior,586,150,0,0.0641399416909621,0,0.5
2,1,43,dummy_prior,601,504,0,0.0641399416909621,0,0.5
2,1,43,dummy_prior,610,230,1,0.0641399416909621,0,0.5
2,1,43,dummy_prior,611,311,0,0.0641399416909621,0,0.5
2,1,43,dummy_prior,612,225,0,0.0641399416909621,0,0.5
2,1,43,dummy_prior,616,376,0,0.0641399416909621,0,0.5
2,1,43,dummy_prior,617,157,0,0.0641399416909621,0,0.5
2,1,43,dummy_prior,622,710,0,0.0641399416909621,0,0.5
2,1,43,dummy_prior,628,779,0,0.0641399416909621,0,0.5
2,1,43,dummy_prior,639,52,0,0.0641399416909621,0,0.5
2,1,43,dummy_prior,641,761,0,0.0641399416909621,0,0.5
2,1,43,dummy_prior,645,471,0,0.0641399416909621,0,0.5
2,1,43,dummy_prior,650,421,0,0.0641399416909621,0,0.5
2,1,43,dummy_prior,657,260,0,0.0641399416909621,0,0.5
2,1,43,dummy_prior,660,33,0,0.0641399416909621,0,0.5
2,1,43,dummy_prior,666,67,0,0.0641399416909621,0,0.5
2,1,43,dummy_prior,671,824,1,0.0641399416909621,0,0.5
2,1,43,dummy_prior,675,808,0,0.0641399416909621,0,0.5
2,1,43,dummy_prior,684,815,0,0.0641399416909621,0,0.5
2,1,43,dummy_prior,689,340,0,0.0641399416909621,0,0.5
2,1,43,dummy_prior,699,111,0,0.0641399416909621,0,0.5
2,1,43,dummy_prior,701,524,0,0.0641399416909621,0,0.5
2,1,43,dummy_prior,704,781,0,0.0641399416909621,0,0.5
2,1,43,dummy_prior,711,128,0,0.0641399416909621,0,0.5
2,1,43,dummy_prior,726,530,0,0.0641399416909621,0,0.5
2,1,43,dummy_prior,728,623,0,0.0641399416909621,0,0.5
2,1,43,dummy_prior,730,775,0,0.0641399416909621,0,0.5
2,1,43,dummy_prior,741,129,0,0.0641399416909621,0,0.5
2,1,43,dummy_prior,744,66,0,0.0641399416909621,0,0.5
2,1,43,dummy_prior,752,676,0,0.0641399416909621,0,0.5
2,1,43,dummy_prior,753,166,1,0.0641399416909621,0,0.5
2,1,43,dummy_prior,754,508,1,0.0641399416909621,0,0.5
2,1,43,dummy_prior,755,563,0,0.0641399416909621,0,0.5
2,1,43,dummy_prior,761,607,0,0.0641399416909621,0,0.5
2,1,43,dummy_prior,765,398,0,0.0641399416909621,0,0.5
2,1,43,dummy_prior,770,357,0,0.0641399416909621,0,0.5
2,1,43,dummy_prior,771,661,0,0.0641399416909621,0,0.5
2,1,43,dummy_prior,779,656,0,0.0641399416909621,0,0.5
2,1,43,dummy_prior,789,164,0,0.0641399416909621,0,0.5
2,1,43,dummy_prior,790,350,0,0.0641399416909621,0,0.5
2,1,43,dummy_prior,796,605,0,0.0641399416909621,0,0.5
2,1,43,dummy_prior,800,302,0,0.0641399416909621,0,0.5
2,1,43,dummy_prior,801,691,0,0.0641399416909621,0,0.5
2,1,43,dummy_prior,804,543,0,0.0641399416909621,0,0.5
2,1,43,dummy_prior,805,668,0,0.0641399416909621,0,0.5
2,1,43,dummy_prior,809,519,0,0.0641399416909621,0,0.5
2,1,43,dummy_prior,810,116,0,0.0641399416909621,0,0.5
2,1,43,dummy_prior,818,700,0,0.0641399416909621,0,0.5
2,1,43,dummy_prior,828,634,0,0.0641399416909621,0,0.5
2,1,43,dummy_prior,833,659,0,0.0641399416909621,0,0.5
2,1,43,dummy_prior,836,743,0,0.0641399416909621,0,0.5
2,1,43,dummy_prior,843,567,0,0.0641399416909621,0,0.5
2,1,43,dummy_prior,856,635,0,0.0641399416909621,0,0.5
2,1,43,logistic_regression,0,109,0,0.0810648204052934,0,0.5
2,1,43,logistic_regression,1,7,0,0.07976854065617339,0,0.5
2,1,43,logistic_regression,3,825,0,0.05427742690918491,0,0.5
2,1,43,logistic_regression,5,796,0,0.08990377796506935,0,0.5
2,1,43,logistic_regression,8,809,0,0.08525776031550107,0,0.5
2,1,43,logistic_regression,14,798,0,0.07153667689367464,0,0.5
2,1,43,logistic_regression,28,742,0,0.1053629789001527,0,0.5
2,1,43,logistic_regression,31,771,0,0.14555071443173329,0,0.5
2,1,43,logistic_regression,34,749,0,0.04909913238225868,0,0.5
2,1,43,logistic_regression,36,760,0,0.08540530783232222,0,0.5
2,1,43,logistic_regression,39,719,0,0.08940829337333192,0,0.5
2,1,43,logistic_regression,42,724,0,0.10934443036157755,0,0.5
2,1,43,logistic_regression,53,695,0,0.10823731041322833,0,0.5
2,1,43,logistic_regression,58,683,0,0.08018191804718863,0,0.5
2,1,43,logistic_regression,65,736,0,0.07903100856712816,0,0.5
2,1,43,logistic_regression,68,696,0,0.13564643977874322,0,0.5
2,1,43,logistic_regression,72,664,0,0.08517231216955644,0,0.5
2,1,43,logistic_regression,78,693,0,0.07679817536304342,0,0.5
2,1,43,logistic_regression,81,593,0,0.12280674912091968,0,0.5
2,1,43,logistic_regression,85,657,0,0.09941288985357472,0,0.5
2,1,43,logistic_regression,87,703,0,0.1210486073181573,0,0.5
2,1,43,logistic_regression,96,701,1,0.16635022979989447,0,0.5
2,1,43,logistic_regression,99,641,0,0.11569773168720732,0,0.5
2,1,43,logistic_regression,112,573,0,0.21605701067075478,0,0.5
2,1,43,logistic_regression,113,328,0,0.08588951904312478,0,0.5
2,1,43,logistic_regression,118,560,0,0.12230145800802909,0,0.5
2,1,43,logistic_regression,122,592,0,0.09141040820845273,0,0.5
2,1,43,logistic_regression,145,595,0,0.0996849663240111,0,0.5
2,1,43,logistic_regression,149,594,0,0.03702139981838819,0,0.5
2,1,43,logistic_regression,150,489,0,0.09095699437526476,0,0.5
2,1,43,logistic_regression,152,438,0,0.09694261436635673,0,0.5
2,1,43,logistic_regression,153,423,0,0.0981791712283785,0,0.5
2,1,43,logistic_regression,155,507,0,0.1409492543700826,0,0.5
2,1,43,logistic_regression,163,509,1,0.08684715091615686,0,0.5
2,1,43,logistic_regression,164,546,0,0.03673453233330539,0,0.5
2,1,43,logistic_regression,166,515,0,0.10578971107193878,0,0.5
2,1,43,logistic_regression,170,434,0,0.03866121043782422,0,0.5
2,1,43,logistic_regression,171,418,0,0.09912769398573176,0,0.5
2,1,43,logistic_regression,177,468,0,0.0842491970464874,0,0.5
2,1,43,logistic_regression,183,491,0,0.08172239455682688,0,0.5
2,1,43,logistic_regression,186,404,0,0.2501995750903726,0,0.5
2,1,43,logistic_regression,189,380,0,0.13443618532381899,0,0.5
2,1,43,logistic_regression,198,447,0,0.08298561470248737,0,0.5
2,1,43,logistic_regression,204,222,0,0.0807766348817059,0,0.5
2,1,43,logistic_regression,206,496,0,0.08466036565747699,0,0.5
2,1,43,logistic_regression,208,470,0,0.08483173448921215,0,0.5
2,1,43,logistic_regression,211,453,0,0.08546274996576297,0,0.5
2,1,43,logistic_regression,214,550,1,0.09314309324297261,0,0.5
2,1,43,logistic_regression,217,408,0,0.09325548613355401,0,0.5
2,1,43,logistic_regression,219,324,0,0.10423855141894205,0,0.5
2,1,43,logistic_regression,229,466,0,0.09645848596595906,0,0.5
2,1,43,logistic_regression,245,253,0,0.08397594362603447,0,0.5
2,1,43,logistic_regression,247,292,0,0.08150600223514812,0,0.5
2,1,43,logistic_regression,253,279,0,0.0812823022399458,0,0.5
2,1,43,logistic_regression,256,366,0,0.039165799406254864,0,0.5
2,1,43,logistic_regression,258,245,0,0.0815845371041746,0,0.5
2,1,43,logistic_regression,280,303,0,0.08135294261255947,0,0.5
2,1,43,logistic_regression,281,238,0,0.038495118460697635,0,0.5
2,1,43,logistic_regression,286,240,0,0.08050098232670634,0,0.5
2,1,43,logistic_regression,294,288,0,0.08146605198970189,0,0.5
2,1,43,logistic_regression,296,358,0,0.08364739195502519,0,0.5
2,1,43,logistic_regression,302,323,0,0.10784388728497764,0,0.5
2,1,43,logistic_regression,304,331,0,0.03559607676337519,0,0.5
2,1,43,logistic_regression,307,287,0,0.03900866041857229,0,0.5
2,1,43,logistic_regression,308,382,0,0.09432101454152882,0,0.5
2,1,43,logistic_regression,313,370,0,0.08090857879911044,0,0.5
2,1,43,logistic_regression,319,293,0,0.03815168165399229,0,0.5
2,1,43,logistic_regression,321,269,0,0.03884038411997753,0,0.5
2,1,43,logistic_regression,322,180,0,0.08116246792180556,0,0.5
2,1,43,logistic_regression,331,446,0,0.07973503973857263,0,0.5
2,1,43,logistic_regression,332,583,0,0.08027073667096453,0,0.5
2,1,43,logistic_regression,335,525,1,0.08034620501619155,0,0.5
2,1,43,logistic_regression,341,121,0,0.038140349477156436,0,0.5
2,1,43,logistic_regression,342,228,0,0.0817970292004555,0,0.5
2,1,43,logistic_regression,346,149,0,0.03809414939682233,0,0.5
2,1,43,logistic_regression,354,811,0,0.08702197687427078,0,0.5
2,1,43,logistic_regression,358,212,0,0.08648934493130854,0,0.5
2,1,43,logistic_regression,359,733,0,0.09463919906128862,0,0.5
2,1,43,logistic_regression,363,72,0,0.08000504477366666,0,0.5
2,1,43,logistic_regression,366,143,0,0.08018814528205287,0,0.5
2,1,43,logistic_regression,381,145,0,0.03725195553689919,0,0.5
2,1,43,logistic_regression,384,78,0,0.1556556349203817,0,0.5
2,1,43,logistic_regression,400,55,0,0.07961451905848294,0,0.5
2,1,43,logistic_regression,403,64,0,0.08065085584453818,0,0.5
2,1,43,logistic_regression,419,149,0,0.03809414939682233,0,0.5
2,1,43,logistic_regression,420,97,0,0.07989865781592434,0,0.5
2,1,43,logistic_regression,421,433,1,0.09780040056780405,0,0.5
2,1,43,logistic_regression,427,161,0,0.092519197673881,0,0.5
2,1,43,logistic_regression,430,153,0,0.0807022676950089,0,0.5
2,1,43,logistic_regression,438,195,0,0.08027093526912664,0,0.5
2,1,43,logistic_regression,440,7,0,0.07976854065617339,0,0.5
2,1,43,logistic_regression,445,36,0,0.0375206764440121,0,0.5
2,1,43,logistic_regression,446,107,0,0.10123778386371593,0,0.5
2,1,43,logistic_regression,447,63,0,0.08059012341637473,0,0.5
2,1,43,logistic_regression,451,32,0,0.13182463707304973,0,0.5
2,1,43,logistic_regression,454,7,0,0.07976854065617339,0,0.5
2,1,43,logistic_regression,464,25,0,0.07670759828932329,0,0.5
2,1,43,logistic_regression,466,7,0,0.07976854065617339,0,0.5
2,1,43,logistic_regression,467,41,0,0.07651030741757035,0,0.5
2,1,43,logistic_regression,475,154,0,0.08681129859425671,0,0.5
2,1,43,logistic_regression,476,753,0,0.04136619639335414,0,0.5
2,1,43,logistic_regression,477,751,0,0.08786476447968275,0,0.5
2,1,43,logistic_regression,478,534,0,0.07646341050730307,0,0.5
2,1,43,logistic_regression,482,757,0,0.11209479277350558,0,0.5
2,1,43,logistic_regression,486,496,0,0.08466036565747699,0,0.5
2,1,43,logistic_regression,505,306,0,0.03722912624633699,0,0.5
2,1,43,logistic_regression,506,711,0,0.07012433606000561,0,0.5
2,1,43,logistic_regression,522,37,0,0.08404934617167596,0,0.5
2,1,43,logistic_regression,532,364,0,0.08793999013514868,0,0.5
2,1,43,logistic_regression,534,93,0,0.07933856750397682,0,0.5
2,1,43,logistic_regression,538,361,0,0.08034613318649864,0,0.5
2,1,43,logistic_regression,539,76,1,0.17711149255794428,0,0.5
2,1,43,logistic_regression,543,40,0,0.07938272524623574,0,0.5
2,1,43,logistic_regression,549,662,1,0.10413814639571735,0,0.5
2,1,43,logistic_regression,557,458,0,0.07998289628345903,0,0.5
2,1,43,logistic_regression,558,255,0,0.08310910402470251,0,0.5
2,1,43,logistic_regression,572,373,0,0.12600621696177877,0,0.5
2,1,43,logistic_regression,577,196,0,0.08181801154557876,0,0.5
2,1,43,logistic_regression,580,55,0,0.07961451905848294,0,0.5
2,1,43,logistic_regression,586,150,0,0.0524202048460293,0,0.5
2,1,43,logistic_regression,601,504,0,0.10142794765682948,0,0.5
2,1,43,logistic_regression,610,230,1,0.08036473331853397,0,0.5
2,1,43,logistic_regression,611,311,0,0.08334654784367718,0,0.5
2,1,43,logistic_regression,612,225,0,0.08874220684458466,0,0.5
2,1,43,logistic_regression,616,376,0,0.12829744291379797,0,0.5
2,1,43,logistic_regression,617,157,0,0.07513265657720292,0,0.5
2,1,43,logistic_regression,622,710,0,0.08371634035962394,0,0.5
2,1,43,logistic_regression,628,779,0,0.1615140502309834,0,0.5
2,1,43,logistic_regression,639,52,0,0.0805807716324808,0,0.5
2,1,43,logistic_regression,641,761,0,0.09603104920982986,0,0.5
2,1,43,logistic_regression,645,471,0,0.10631624909635747,0,0.5
2,1,43,logistic_regression,650,421,0,0.19450888634943778,0,0.5
2,1,43,logistic_regression,657,260,0,0.10953837903477578,0,0.5
2,1,43,logistic_regression,660,33,0,0.08017837143262943,0,0.5
2,1,43,logistic_regression,666,67,0,0.07939797998676762,0,0.5
2,1,43,logistic_regression,671,824,1,0.06709416703209271,0,0.5
2,1,43,logistic_regression,675,808,0,0.1102346848215312,0,0.5
2,1,43,logistic_regression,684,815,0,0.08351336659937715,0,0.5
2,1,43,logistic_regression,689,340,0,0.12437658449464638,0,0.5
2,1,43,logistic_regression,699,111,0,0.12619810566046447,0,0.5
2,1,43,logistic_regression,701,524,0,0.06031131942230068,0,0.5
2,1,43,logistic_regression,704,781,0,0.14626903532940186,0,0.5
2,1,43,logistic_regression,711,128,0,0.07910073170400206,0,0.5
2,1,43,logistic_regression,726,530,0,0.11504669339455417,0,0.5
2,1,43,logistic_regression,728,623,0,0.11135802029465715,0,0.5
2,1,43,logistic_regression,730,775,0,0.17155078026828371,0,0.5
2,1,43,logistic_regression,741,129,0,0.0372180574924632,0,0.5
2,1,43,logistic_regression,744,66,0,0.1364023997893445,0,0.5
2,1,43,logistic_regression,752,676,0,0.07474137214341799,0,0.5
2,1,43,logistic_regression,753,166,1,0.1323643347340612,0,0.5
2,1,43,logistic_regression,754,508,1,0.0799634441210104,0,0.5
2,1,43,logistic_regression,755,563,0,0.12860152664344332,0,0.5
2,1,43,logistic_regression,761,607,0,0.03687962962709336,0,0.5
2,1,43,logistic_regression,765,398,0,0.08562482432842054,0,0.5
2,1,43,logistic_regression,770,357,0,0.07401301859627919,0,0.5
2,1,43,logistic_regression,771,661,0,0.039404959116414895,0,0.5
2,1,43,logistic_regression,779,656,0,0.11116126861246342,0,0.5
2,1,43,logistic_regression,789,164,0,0.16050662886489034,0,0.5
2,1,43,logistic_regression,790,350,0,0.08135093249047116,0,0.5
2,1,43,logistic_regression,796,605,0,0.08026615553435576,0,0.5
2,1,43,logistic_regression,800,302,0,0.1009677489223894,0,0.5
2,1,43,logistic_regression,801,691,0,0.18478875355785887,0,0.5
2,1,43,logistic_regression,804,543,0,0.13267256971469896,0,0.5
2,1,43,logistic_regression,805,668,0,0.10577488536937694,0,0.5
2,1,43,logistic_regression,809,519,0,0.1188831373170144,0,0.5
2,1,43,logistic_regression,810,116,0,0.11968343137574401,0,0.5
2,1,43,logistic_regression,818,700,0,0.1354415084190956,0,0.5
2,1,43,logistic_regression,828,634,0,0.08966593975284262,0,0.5
2,1,43,logistic_regression,833,659,0,0.05009041028295927,0,0.5
2,1,43,logistic_regression,836,743,0,0.05006374140513994,0,0.5
2,1,43,logistic_regression,843,567,0,0.08640560418895554,0,0.5
2,1,43,logistic_regression,856,635,0,0.08416322109080428,0,0.5
2,1,43,xgboost,0,109,0,0.04779341071844101,0,0.5
2,1,43,xgboost,1,7,0,0.03344827890396118,0,0.5
2,1,43,xgboost,3,825,0,0.07958220690488815,0,0.5
2,1,43,xgboost,5,796,0,0.0487857349216938,0,0.5
2,1,43,xgboost,8,809,0,0.0406031534075737,0,0.5
2,1,43,xgboost,14,798,0,0.0539734773337841,0,0.5
2,1,43,xgboost,28,742,0,0.039426833391189575,0,0.5
2,1,43,xgboost,31,771,0,0.2330155223608017,0,0.5
2,1,43,xgboost,34,749,0,0.04969753697514534,0,0.5
2,1,43,xgboost,36,760,0,0.05482823774218559,0,0.5
2,1,43,xgboost,39,719,0,0.03394245728850365,0,0.5
2,1,43,xgboost,42,724,0,0.1628071367740631,0,0.5
2,1,43,xgboost,53,695,0,0.10887470841407776,0,0.5
2,1,43,xgboost,58,683,0,0.038953520357608795,0,0.5
2,1,43,xgboost,65,736,0,0.05433278530836105,0,0.5
2,1,43,xgboost,68,696,0,0.2220100313425064,0,0.5
2,1,43,xgboost,72,664,0,0.045515041798353195,0,0.5
2,1,43,xgboost,78,693,0,0.10900472849607468,0,0.5
2,1,43,xgboost,81,593,0,0.046927645802497864,0,0.5
2,1,43,xgboost,85,657,0,0.03597957640886307,0,0.5
2,1,43,xgboost,87,703,0,0.11702867597341537,0,0.5
2,1,43,xgboost,96,701,1,0.1349724978208542,0,0.5
2,1,43,xgboost,99,641,0,0.10663715749979019,0,0.5
2,1,43,xgboost,112,573,0,0.11227080971002579,0,0.5
2,1,43,xgboost,113,328,0,0.03222892805933952,0,0.5
2,1,43,xgboost,118,560,0,0.09948977828025818,0,0.5
2,1,43,xgboost,122,592,0,0.02881396748125553,0,0.5
2,1,43,xgboost,145,595,0,0.024420294910669327,0,0.5
2,1,43,xgboost,149,594,0,0.016233127564191818,0,0.5
2,1,43,xgboost,150,489,0,0.04532229155302048,0,0.5
2,1,43,xgboost,152,438,0,0.04167211055755615,0,0.5
2,1,43,xgboost,153,423,0,0.04188157618045807,0,0.5
2,1,43,xgboost,155,507,0,0.07827018201351166,0,0.5
2,1,43,xgboost,163,509,1,0.03342398256063461,0,0.5
2,1,43,xgboost,164,546,0,0.022562360391020775,0,0.5
2,1,43,xgboost,166,515,0,0.03764472156763077,0,0.5
2,1,43,xgboost,170,434,0,0.213978111743927,0,0.5
2,1,43,xgboost,171,418,0,0.04249799996614456,0,0.5
2,1,43,xgboost,177,468,0,0.03811139985918999,0,0.5
2,1,43,xgboost,183,491,0,0.06356493383646011,0,0.5
2,1,43,xgboost,186,404,0,0.11314836889505386,0,0.5
2,1,43,xgboost,189,380,0,0.04106607660651207,0,0.5
2,1,43,xgboost,198,447,0,0.03647452965378761,0,0.5
2,1,43,xgboost,204,222,0,0.07889851927757263,0,0.5
2,1,43,xgboost,206,496,0,0.03862800449132919,0,0.5
2,1,43,xgboost,208,470,0,0.04125766083598137,0,0.5
2,1,43,xgboost,211,453,0,0.03931134566664696,0,0.5
2,1,43,xgboost,214,550,1,0.04011929780244827,0,0.5
2,1,43,xgboost,217,408,0,0.026833223178982735,0,0.5
2,1,43,xgboost,219,324,0,0.03492571786046028,0,0.5
2,1,43,xgboost,229,466,0,0.03496658802032471,0,0.5
2,1,43,xgboost,245,253,0,0.07006751745939255,0,0.5
2,1,43,xgboost,247,292,0,0.05433354526758194,0,0.5
2,1,43,xgboost,253,279,0,0.03561834990978241,0,0.5
2,1,43,xgboost,256,366,0,0.01696326956152916,0,0.5
2,1,43,xgboost,258,245,0,0.12826339900493622,0,0.5
2,1,43,xgboost,280,303,0,0.03718127682805061,0,0.5
2,1,43,xgboost,281,238,0,0.04038526862859726,0,0.5
2,1,43,xgboost,286,240,0,0.10796857625246048,0,0.5
2,1,43,xgboost,294,288,0,0.05879621207714081,0,0.5
2,1,43,xgboost,296,358,0,0.04772897809743881,0,0.5
2,1,43,xgboost,302,323,0,0.03096405789256096,0,0.5
2,1,43,xgboost,304,331,0,0.022567344829440117,0,0.5
2,1,43,xgboost,307,287,0,0.01748945564031601,0,0.5
2,1,43,xgboost,308,382,0,0.04119562357664108,0,0.5
2,1,43,xgboost,313,370,0,0.03415333852171898,0,0.5
2,1,43,xgboost,319,293,0,0.022531185299158096,0,0.5
2,1,43,xgboost,321,269,0,0.02795548178255558,0,0.5
2,1,43,xgboost,322,180,0,0.08241447061300278,0,0.5
2,1,43,xgboost,331,446,0,0.03226549178361893,0,0.5
2,1,43,xgboost,332,583,0,0.034224554896354675,0,0.5
2,1,43,xgboost,335,525,1,0.05802066996693611,0,0.5
2,1,43,xgboost,341,121,0,0.021211152896285057,0,0.5
2,1,43,xgboost,342,228,0,0.09201911091804504,0,0.5
2,1,43,xgboost,346,149,0,0.021940216422080994,0,0.5
2,1,43,xgboost,354,811,0,0.06948935985565186,0,0.5
2,1,43,xgboost,358,212,0,0.07193537801504135,0,0.5
2,1,43,xgboost,359,733,0,0.03464360535144806,0,0.5
2,1,43,xgboost,363,72,0,0.04153589531779289,0,0.5
2,1,43,xgboost,366,143,0,0.06053522974252701,0,0.5
2,1,43,xgboost,381,145,0,0.023248761892318726,0,0.5
2,1,43,xgboost,384,78,0,0.06989855319261551,0,0.5
2,1,43,xgboost,400,55,0,0.04212368279695511,0,0.5
2,1,43,xgboost,403,64,0,0.04206975921988487,0,0.5
2,1,43,xgboost,419,149,0,0.021940216422080994,0,0.5
2,1,43,xgboost,420,97,0,0.05105629935860634,0,0.5
2,1,43,xgboost,421,433,1,0.042727306485176086,0,0.5
2,1,43,xgboost,427,161,0,0.045972879976034164,0,0.5
2,1,43,xgboost,430,153,0,0.07297655940055847,0,0.5
2,1,43,xgboost,438,195,0,0.09923223406076431,0,0.5
2,1,43,xgboost,440,7,0,0.03344827890396118,0,0.5
2,1,43,xgboost,445,36,0,0.01700230874121189,0,0.5
2,1,43,xgboost,446,107,0,0.049626655876636505,0,0.5
2,1,43,xgboost,447,63,0,0.037728872150182724,0,0.5
2,1,43,xgboost,451,32,0,0.03718467429280281,0,0.5
2,1,43,xgboost,454,7,0,0.03344827890396118,0,0.5
2,1,43,xgboost,464,25,0,0.035870689898729324,0,0.5
2,1,43,xgboost,466,7,0,0.03344827890396118,0,0.5
2,1,43,xgboost,467,41,0,0.059229642152786255,0,0.5
2,1,43,xgboost,475,154,0,0.048873867839574814,0,0.5
2,1,43,xgboost,476,753,0,0.02079108916223049,0,0.5
2,1,43,xgboost,477,751,0,0.07022998481988907,0,0.5
2,1,43,xgboost,478,534,0,0.05358988419175148,0,0.5
2,1,43,xgboost,482,757,0,0.05333385244011879,0,0.5
2,1,43,xgboost,486,496,0,0.03862800449132919,0,0.5
2,1,43,xgboost,505,306,0,0.022765768691897392,0,0.5
2,1,43,xgboost,506,711,0,0.2385614812374115,0,0.5
2,1,43,xgboost,522,37,0,0.039260901510715485,0,0.5
2,1,43,xgboost,532,364,0,0.032879505306482315,0,0.5
2,1,43,xgboost,534,93,0,0.040211498737335205,0,0.5
2,1,43,xgboost,538,361,0,0.06494272500276566,0,0.5
2,1,43,xgboost,539,76,1,0.06463290005922318,0,0.5
2,1,43,xgboost,543,40,0,0.03417938947677612,0,0.5
2,1,43,xgboost,549,662,1,0.10599213093519211,0,0.5
2,1,43,xgboost,557,458,0,0.06234373524785042,0,0.5
2,1,43,xgboost,558,255,0,0.06902429461479187,0,0.5
2,1,43,xgboost,572,373,0,0.02911664918065071,0,0.5
2,1,43,xgboost,577,196,0,0.06335929781198502,0,0.5
2,1,43,xgboost,580,55,0,0.04212368279695511,0,0.5
2,1,43,xgboost,586,150,0,0.022196616977453232,0,0.5
2,1,43,xgboost,601,504,0,0.044963933527469635,0,0.5
2,1,43,xgboost,610,230,1,0.11277137696743011,0,0.5
2,1,43,xgboost,611,311,0,0.04381943866610527,0,0.5
2,1,43,xgboost,612,225,0,0.08347487449645996,0,0.5
2,1,43,xgboost,616,376,0,0.029679199680685997,0,0.5
2,1,43,xgboost,617,157,0,0.06904548406600952,0,0.5
2,1,43,xgboost,622,710,0,0.06550948321819305,0,0.5
2,1,43,xgboost,628,779,0,0.1755359172821045,0,0.5
2,1,43,xgboost,639,52,0,0.03618238866329193,0,0.5
2,1,43,xgboost,641,761,0,0.051374342292547226,0,0.5
2,1,43,xgboost,645,471,0,0.09853491187095642,0,0.5
2,1,43,xgboost,650,421,0,0.055028725415468216,0,0.5
2,1,43,xgboost,657,260,0,0.1169414147734642,0,0.5
2,1,43,xgboost,660,33,0,0.03618238866329193,0,0.5
2,1,43,xgboost,666,67,0,0.04727965593338013,0,0.5
2,1,43,xgboost,671,824,1,0.053013723343610764,0,0.5
2,1,43,xgboost,675,808,0,0.05060490220785141,0,0.5
2,1,43,xgboost,684,815,0,0.03714003041386604,0,0.5
2,1,43,xgboost,689,340,0,0.04708694666624069,0,0.5
2,1,43,xgboost,699,111,0,0.05169735848903656,0,0.5
2,1,43,xgboost,701,524,0,0.02529439888894558,0,0.5
2,1,43,xgboost,704,781,0,0.09042039513587952,0,0.5
2,1,43,xgboost,711,128,0,0.061396144330501556,0,0.5
2,1,43,xgboost,726,530,0,0.09780328720808029,0,0.5
2,1,43,xgboost,728,623,0,0.03235775977373123,0,0.5
2,1,43,xgboost,730,775,0,0.2788872718811035,0,0.5
2,1,43,xgboost,741,129,0,0.020924517884850502,0,0.5
2,1,43,xgboost,744,66,0,0.053716737776994705,0,0.5
2,1,43,xgboost,752,676,0,0.03909211605787277,0,0.5
2,1,43,xgboost,753,166,1,0.12843690812587738,0,0.5
2,1,43,xgboost,754,508,1,0.06668948382139206,0,0.5
2,1,43,xgboost,755,563,0,0.0828108862042427,0,0.5
2,1,43,xgboost,761,607,0,0.019528111442923546,0,0.5
2,1,43,xgboost,765,398,0,0.03452930971980095,0,0.5
2,1,43,xgboost,770,357,0,0.04356008395552635,0,0.5
2,1,43,xgboost,771,661,0,0.016729135066270828,0,0.5
2,1,43,xgboost,779,656,0,0.08254459500312805,0,0.5
2,1,43,xgboost,789,164,0,0.22863048315048218,0,0.5
2,1,43,xgboost,790,350,0,0.06371621787548065,0,0.5
2,1,43,xgboost,796,605,0,0.0278633926063776,0,0.5
2,1,43,xgboost,800,302,0,0.028542308136820793,0,0.5
2,1,43,xgboost,801,691,0,0.12030862271785736,0,0.5
2,1,43,xgboost,804,543,0,0.13403691351413727,0,0.5
2,1,43,xgboost,805,668,0,0.027239348739385605,0,0.5
2,1,43,xgboost,809,519,0,0.03934318944811821,0,0.5
2,1,43,xgboost,810,116,0,0.06788328289985657,0,0.5
2,1,43,xgboost,818,700,0,0.05343291535973549,0,0.5
2,1,43,xgboost,828,634,0,0.03973117470741272,0,0.5
2,1,43,xgboost,833,659,0,0.04996039345860481,0,0.5
2,1,43,xgboost,836,743,0,0.056152597069740295,0,0.5
2,1,43,xgboost,843,567,0,0.025432195514440536,0,0.5
2,1,43,xgboost,856,635,0,0.048813071101903915,0,0.5
2,2,43,dummy_prior,4,816,0,0.0641399416909621,0,0.5
2,2,43,dummy_prior,6,823,1,0.0641399416909621,0,0.5
2,2,43,dummy_prior,9,804,0,0.0641399416909621,0,0.5
2,2,43,dummy_prior,13,803,0,0.0641399416909621,0,0.5
2,2,43,dummy_prior,18,792,0,0.0641399416909621,0,0.5
2,2,43,dummy_prior,21,783,0,0.0641399416909621,0,0.5
2,2,43,dummy_prior,24,774,0,0.0641399416909621,0,0.5
2,2,43,dummy_prior,25,805,0,0.0641399416909621,0,0.5
2,2,43,dummy_prior,26,765,0,0.0641399416909621,0,0.5
2,2,43,dummy_prior,33,734,0,0.0641399416909621,0,0.5
2,2,43,dummy_prior,38,758,0,0.0641399416909621,0,0.5
2,2,43,dummy_prior,44,740,1,0.0641399416909621,0,0.5
2,2,43,dummy_prior,47,770,0,0.0641399416909621,0,0.5
2,2,43,dummy_prior,50,721,0,0.0641399416909621,0,0.5
2,2,43,dummy_prior,51,715,0,0.0641399416909621,0,0.5
2,2,43,dummy_prior,61,697,0,0.0641399416909621,0,0.5
2,2,43,dummy_prior,69,705,0,0.0641399416909621,0,0.5
2,2,43,dummy_prior,75,686,0,0.0641399416909621,0,0.5
2,2,43,dummy_prior,82,615,0,0.0641399416909621,0,0.5
2,2,43,dummy_prior,83,621,0,0.0641399416909621,0,0.5
2,2,43,dummy_prior,88,618,0,0.0641399416909621,0,0.5
2,2,43,dummy_prior,97,678,0,0.0641399416909621,0,0.5
2,2,43,dummy_prior,104,633,0,0.0641399416909621,0,0.5
2,2,43,dummy_prior,114,667,0,0.0641399416909621,0,0.5
2,2,43,dummy_prior,120,627,0,0.0641399416909621,0,0.5
2,2,43,dummy_prior,121,579,0,0.0641399416909621,0,0.5
2,2,43,dummy_prior,123,542,0,0.0641399416909621,0,0.5
2,2,43,dummy_prior,124,571,0,0.0641399416909621,0,0.5
2,2,43,dummy_prior,125,596,0,0.0641399416909621,0,0.5
2,2,43,dummy_prior,128,518,0,0.0641399416909621,0,0.5
2,2,43,dummy_prior,138,517,0,0.0641399416909621,0,0.5
2,2,43,dummy_prior,141,194,0,0.0641399416909621,0,0.5
2,2,43,dummy_prior,148,643,0,0.0641399416909621,0,0.5
2,2,43,dummy_prior,151,551,0,0.0641399416909621,0,0.5
2,2,43,dummy_prior,154,457,0,0.0641399416909621,0,0.5
2,2,43,dummy_prior,174,499,0,0.0641399416909621,0,0.5
2,2,43,dummy_prior,182,392,0,0.0641399416909621,0,0.5
2,2,43,dummy_prior,196,505,0,0.0641399416909621,0,0.5
2,2,43,dummy_prior,201,441,0,0.0641399416909621,0,0.5
2,2,43,dummy_prior,202,454,0,0.0641399416909621,0,0.5
2,2,43,dummy_prior,207,437,0,0.0641399416909621,0,0.5
2,2,43,dummy_prior,222,552,0,0.0641399416909621,0,0.5
2,2,43,dummy_prior,223,278,0,0.0641399416909621,0,0.5
2,2,43,dummy_prior,225,511,0,0.0641399416909621,0,0.5
2,2,43,dummy_prior,230,304,0,0.0641399416909621,0,0.5
2,2,43,dummy_prior,235,378,0,0.0641399416909621,0,0.5
2,2,43,dummy_prior,236,343,0,0.0641399416909621,0,0.5
2,2,43,dummy_prior,243,402,0,0.0641399416909621,0,0.5
2,2,43,dummy_prior,254,390,0,0.0641399416909621,0,0.5
2,2,43,dummy_prior,263,296,0,0.0641399416909621,0,0.5
2,2,43,dummy_prior,266,232,0,0.0641399416909621,0,0.5
2,2,43,dummy_prior,273,355,0,0.0641399416909621,0,0.5
2,2,43,dummy_prior,276,241,0,0.0641399416909621,0,0.5
2,2,43,dummy_prior,279,263,0,0.0641399416909621,0,0.5
2,2,43,dummy_prior,285,430,0,0.0641399416909621,0,0.5
2,2,43,dummy_prior,291,289,0,0.0641399416909621,0,0.5
2,2,43,dummy_prior,292,264,0,0.0641399416909621,0,0.5
2,2,43,dummy_prior,297,220,0,0.0641399416909621,0,0.5
2,2,43,dummy_prior,305,201,0,0.0641399416909621,0,0.5
2,2,43,dummy_prior,310,307,0,0.0641399416909621,0,0.5
2,2,43,dummy_prior,312,313,0,0.0641399416909621,0,0.5
2,2,43,dummy_prior,318,308,0,0.0641399416909621,0,0.5
2,2,43,dummy_prior,323,268,0,0.0641399416909621,0,0.5
2,2,43,dummy_prior,325,169,1,0.0641399416909621,0,0.5
2,2,43,dummy_prior,326,217,0,0.0641399416909621,0,0.5
2,2,43,dummy_prior,327,173,0,0.0641399416909621,0,0.5
2,2,43,dummy_prior,330,207,0,0.0641399416909621,0,0.5
2,2,43,dummy_prior,337,818,0,0.0641399416909621,0,0.5
2,2,43,dummy_prior,340,148,0,0.0641399416909621,0,0.5
2,2,43,dummy_prior,343,159,0,0.0641399416909621,0,0.5
2,2,43,dummy_prior,344,79,0,0.0641399416909621,0,0.5
2,2,43,dummy_prior,353,223,0,0.0641399416909621,0,0.5
2,2,43,dummy_prior,355,140,0,0.0641399416909621,0,0.5
2,2,43,dummy_prior,356,79,0,0.0641399416909621,0,0.5
2,2,43,dummy_prior,360,339,0,0.0641399416909621,0,0.5
2,2,43,dummy_prior,368,203,0,0.0641399416909621,0,0.5
2,2,43,dummy_prior,370,239,1,0.0641399416909621,0,0.5
2,2,43,dummy_prior,371,367,0,0.0641399416909621,0,0.5
2,2,43,dummy_prior,373,312,0,0.0641399416909621,0,0.5
2,2,43,dummy_prior,375,249,0,0.0641399416909621,0,0.5
2,2,43,dummy_prior,377,172,1,0.0641399416909621,0,0.5
2,2,43,dummy_prior,378,86,0,0.0641399416909621,0,0.5
2,2,43,dummy_prior,382,400,0,0.0641399416909621,0,0.5
2,2,43,dummy_prior,389,49,0,0.0641399416909621,0,0.5
2,2,43,dummy_prior,406,49,0,0.0641399416909621,0,0.5
2,2,43,dummy_prior,407,57,0,0.0641399416909621,0,0.5
2,2,43,dummy_prior,408,60,0,0.0641399416909621,0,0.5
2,2,43,dummy_prior,411,49,0,0.0641399416909621,0,0.5
2,2,43,dummy_prior,412,87,0,0.0641399416909621,0,0.5
2,2,43,dummy_prior,432,600,0,0.0641399416909621,0,0.5
2,2,43,dummy_prior,441,9,0,0.0641399416909621,0,0.5
2,2,43,dummy_prior,444,80,0,0.0641399416909621,0,0.5
2,2,43,dummy_prior,448,65,0,0.0641399416909621,0,0.5
2,2,43,dummy_prior,450,34,0,0.0641399416909621,0,0.5
2,2,43,dummy_prior,479,482,0,0.0641399416909621,0,0.5
2,2,43,dummy_prior,480,575,0,0.0641399416909621,0,0.5
2,2,43,dummy_prior,481,608,0,0.0641399416909621,0,0.5
2,2,43,dummy_prior,483,190,0,0.0641399416909621,0,0.5
2,2,43,dummy_prior,488,337,0,0.0641399416909621,0,0.5
2,2,43,dummy_prior,489,151,0,0.0641399416909621,0,0.5
2,2,43,dummy_prior,490,375,0,0.0641399416909621,0,0.5
2,2,43,dummy_prior,492,658,0,0.0641399416909621,0,0.5
2,2,43,dummy_prior,493,86,0,0.0641399416909621,0,0.5
2,2,43,dummy_prior,495,405,0,0.0641399416909621,0,0.5
2,2,43,dummy_prior,496,451,1,0.0641399416909621,0,0.5
2,2,43,dummy_prior,499,614,0,0.0641399416909621,0,0.5
2,2,43,dummy_prior,514,476,0,0.0641399416909621,0,0.5
2,2,43,dummy_prior,520,53,0,0.0641399416909621,0,0.5
2,2,43,dummy_prior,529,652,0,0.0641399416909621,0,0.5
2,2,43,dummy_prior,530,239,1,0.0641399416909621,0,0.5
2,2,43,dummy_prior,531,119,0,0.0641399416909621,0,0.5
2,2,43,dummy_prior,547,385,0,0.0641399416909621,0,0.5
2,2,43,dummy_prior,560,748,0,0.0641399416909621,0,0.5
2,2,43,dummy_prior,565,335,0,0.0641399416909621,0,0.5
2,2,43,dummy_prior,571,257,0,0.0641399416909621,0,0.5
2,2,43,dummy_prior,582,198,0,0.0641399416909621,0,0.5
2,2,43,dummy_prior,584,562,0,0.0641399416909621,0,0.5
2,2,43,dummy_prior,587,687,0,0.0641399416909621,0,0.5
2,2,43,dummy_prior,592,321,0,0.0641399416909621,0,0.5
2,2,43,dummy_prior,593,13,0,0.0641399416909621,0,0.5
2,2,43,dummy_prior,602,670,0,0.0641399416909621,0,0.5
2,2,43,dummy_prior,603,440,0,0.0641399416909621,0,0.5
2,2,43,dummy_prior,604,318,0,0.0641399416909621,0,0.5
2,2,43,dummy_prior,605,183,0,0.0641399416909621,0,0.5
2,2,43,dummy_prior,613,299,0,0.0641399416909621,0,0.5
2,2,43,dummy_prior,619,320,0,0.0641399416909621,0,0.5
2,2,43,dummy_prior,621,582,0,0.0641399416909621,0,0.5
2,2,43,dummy_prior,623,250,0,0.0641399416909621,0,0.5
2,2,43,dummy_prior,630,424,0,0.0641399416909621,0,0.5
2,2,43,dummy_prior,636,741,0,0.0641399416909621,0,0.5
2,2,43,dummy_prior,637,493,0,0.0641399416909621,0,0.5
2,2,43,dummy_prior,649,613,0,0.0641399416909621,0,0.5
2,2,43,dummy_prior,654,810,0,0.0641399416909621,0,0.5
2,2,43,dummy_prior,662,502,0,0.0641399416909621,0,0.5
2,2,43,dummy_prior,665,205,0,0.0641399416909621,0,0.5
2,2,43,dummy_prior,677,814,0,0.0641399416909621,0,0.5
2,2,43,dummy_prior,680,821,0,0.0641399416909621,0,0.5
2,2,43,dummy_prior,683,762,0,0.0641399416909621,0,0.5
2,2,43,dummy_prior,685,820,0,0.0641399416909621,0,0.5
2,2,43,dummy_prior,691,420,0,0.0641399416909621,0,0.5
2,2,43,dummy_prior,693,98,1,0.0641399416909621,0,0.5
2,2,43,dummy_prior,702,439,0,0.0641399416909621,0,0.5
2,2,43,dummy_prior,705,806,0,0.0641399416909621,0,0.5
2,2,43,dummy_prior,715,13,0,0.0641399416909621,0,0.5
2,2,43,dummy_prior,720,427,0,0.0641399416909621,0,0.5
2,2,43,dummy_prior,722,325,0,0.0641399416909621,0,0.5
2,2,43,dummy_prior,731,291,0,0.0641399416909621,0,0.5
2,2,43,dummy_prior,733,587,0,0.0641399416909621,0,0.5
2,2,43,dummy_prior,737,177,0,0.0641399416909621,0,0.5
2,2,43,dummy_prior,746,342,0,0.0641399416909621,0,0.5
2,2,43,dummy_prior,748,393,0,0.0641399416909621,0,0.5
2,2,43,dummy_prior,749,541,0,0.0641399416909621,0,0.5
2,2,43,dummy_prior,756,395,0,0.0641399416909621,0,0.5
2,2,43,dummy_prior,757,360,0,0.0641399416909621,0,0.5
2,2,43,dummy_prior,773,23,0,0.0641399416909621,0,0.5
2,2,43,dummy_prior,778,136,0,0.0641399416909621,0,0.5
2,2,43,dummy_prior,781,642,1,0.0641399416909621,0,0.5
2,2,43,dummy_prior,783,84,0,0.0641399416909621,0,0.5
2,2,43,dummy_prior,787,256,0,0.0641399416909621,0,0.5
2,2,43,dummy_prior,791,15,0,0.0641399416909621,0,0.5
2,2,43,dummy_prior,797,645,1,0.0641399416909621,0,0.5
2,2,43,dummy_prior,813,163,0,0.0641399416909621,0,0.5
2,2,43,dummy_prior,814,22,1,0.0641399416909621,0,0.5
2,2,43,dummy_prior,816,233,0,0.0641399416909621,0,0.5
2,2,43,dummy_prior,820,352,0,0.0641399416909621,0,0.5
2,2,43,dummy_prior,821,602,0,0.0641399416909621,0,0.5
2,2,43,dummy_prior,823,644,0,0.0641399416909621,0,0.5
2,2,43,dummy_prior,825,794,0,0.0641399416909621,0,0.5
2,2,43,dummy_prior,827,688,0,0.0641399416909621,0,0.5
2,2,43,dummy_prior,839,601,0,0.0641399416909621,0,0.5
2,2,43,dummy_prior,849,620,0,0.0641399416909621,0,0.5
2,2,43,dummy_prior,852,800,0,0.0641399416909621,0,0.5
2,2,43,logistic_regression,4,816,0,0.294966730849357,0,0.5
2,2,43,logistic_regression,6,823,1,0.2646732509988431,0,0.5
2,2,43,logistic_regression,9,804,0,0.270244282113881,0,0.5
2,2,43,logistic_regression,13,803,0,0.25376728311964236,0,0.5
2,2,43,logistic_regression,18,792,0,0.43789380991089744,0,0.5
2,2,43,logistic_regression,21,783,0,0.2606801464837608,0,0.5
2,2,43,logistic_regression,24,774,0,0.2409055269247308,0,0.5
2,2,43,logistic_regression,25,805,0,0.23194204193635998,0,0.5
2,2,43,logistic_regression,26,765,0,0.2408985304475054,0,0.5
2,2,43,logistic_regression,33,734,0,0.2412558162029271,0,0.5
2,2,43,logistic_regression,38,758,0,0.23438308609649156,0,0.5
2,2,43,logistic_regression,44,740,1,0.2824536308178655,0,0.5
2,2,43,logistic_regression,47,770,0,0.24351640245638612,0,0.5
2,2,43,logistic_regression,50,721,0,0.2405963857375205,0,0.5
2,2,43,logistic_regression,51,715,0,0.22731979496752702,0,0.5
2,2,43,logistic_regression,61,697,0,0.2513041680967342,0,0.5
2,2,43,logistic_regression,69,705,0,0.22847410909163973,0,0.5
2,2,43,logistic_regression,75,686,0,0.23403844693273304,0,0.5
2,2,43,logistic_regression,82,615,0,0.2444664946923544,0,0.5
2,2,43,logistic_regression,83,621,0,0.25476467357485805,0,0.5
2,2,43,logistic_regression,88,618,0,0.23191800817653058,0,0.5
2,2,43,logistic_regression,97,678,0,0.23562588203357623,0,0.5
2,2,43,logistic_regression,104,633,0,0.26446043803512115,0,0.5
2,2,43,logistic_regression,114,667,0,0.22971851464073748,0,0.5
2,2,43,logistic_regression,120,627,0,0.22847366265740857,0,0.5
2,2,43,logistic_regression,121,579,0,0.2445544466994584,0,0.5
2,2,43,logistic_regression,123,542,0,0.401780745357465,0,0.5
2,2,43,logistic_regression,124,571,0,0.2706208975749864,0,0.5
2,2,43,logistic_regression,125,596,0,0.22816879821793262,0,0.5
2,2,43,logistic_regression,128,518,0,0.22741435104182356,0,0.5
2,2,43,logistic_regression,138,517,0,0.2271213862465808,0,0.5
2,2,43,logistic_regression,141,194,0,0.17735378185491807,0,0.5
2,2,43,logistic_regression,148,643,0,0.23209024591049465,0,0.5
2,2,43,logistic_regression,151,551,0,0.22562385261521684,0,0.5
2,2,43,logistic_regression,154,457,0,0.24477569053558806,0,0.5
2,2,43,logistic_regression,174,499,0,0.227907404679315,0,0.5
2,2,43,logistic_regression,182,392,0,0.19793985753768367,0,0.5
2,2,43,logistic_regression,196,505,0,0.22401473216346318,0,0.5
2,2,43,logistic_regression,201,441,0,0.22162939062357356,0,0.5
2,2,43,logistic_regression,202,454,0,0.3037428654625112,0,0.5
2,2,43,logistic_regression,207,437,0,0.22544866094775262,0,0.5
2,2,43,logistic_regression,222,552,0,0.19057196030019938,0,0.5
2,2,43,logistic_regression,223,278,0,0.220636352593246,0,0.5
2,2,43,logistic_regression,225,511,0,0.18029057153194153,0,0.5
2,2,43,logistic_regression,230,304,0,0.22323640390385477,0,0.5
2,2,43,logistic_regression,235,378,0,0.22264018757203755,0,0.5
2,2,43,logistic_regression,236,343,0,0.409658361039525,0,0.5
2,2,43,logistic_regression,243,402,0,0.17814729087899697,0,0.5
2,2,43,logistic_regression,254,390,0,0.22063035557788976,0,0.5
2,2,43,logistic_regression,263,296,0,0.1814148026092511,0,0.5
2,2,43,logistic_regression,266,232,0,0.2226664303863971,0,0.5
2,2,43,logistic_regression,273,355,0,0.23061920671376002,0,0.5
2,2,43,logistic_regression,276,241,0,0.22951565162141976,0,0.5
2,2,43,logistic_regression,279,263,0,0.1270038687071374,0,0.5
2,2,43,logistic_regression,285,430,0,0.23052688130689197,0,0.5
2,2,43,logistic_regression,291,289,0,0.2250097764988696,0,0.5
2,2,43,logistic_regression,292,264,0,0.22112753378326025,0,0.5
2,2,43,logistic_regression,297,220,0,0.15909039149159598,0,0.5
2,2,43,logistic_regression,305,201,0,0.2145421039269649,0,0.5
2,2,43,logistic_regression,310,307,0,0.22206139964971766,0,0.5
2,2,43,logistic_regression,312,313,0,0.22939327441445198,0,0.5
2,2,43,logistic_regression,318,308,0,0.24148482204639996,0,0.5
2,2,43,logistic_regression,323,268,0,0.2163921667852562,0,0.5
2,2,43,logistic_regression,325,169,1,0.2663513746345772,0,0.5
2,2,43,logistic_regression,326,217,0,0.220414461310329,0,0.5
2,2,43,logistic_regression,327,173,0,0.21757488966272448,0,0.5
2,2,43,logistic_regression,330,207,0,0.17819178953501633,0,0.5
2,2,43,logistic_regression,337,818,0,0.27859310564154904,0,0.5
2,2,43,logistic_regression,340,148,0,0.22059512996929975,0,0.5
2,2,43,logistic_regression,343,159,0,0.17674687002874212,0,0.5
2,2,43,logistic_regression,344,79,0,0.21764678201899204,0,0.5
2,2,43,logistic_regression,353,223,0,0.17786532362930277,0,0.5
2,2,43,logistic_regression,355,140,0,0.3363429199149787,0,0.5
2,2,43,logistic_regression,356,79,0,0.21764678201899204,0,0.5
2,2,43,logistic_regression,360,339,0,0.23329742326596023,0,0.5
2,2,43,logistic_regression,368,203,0,0.22854787706732207,0,0.5
2,2,43,logistic_regression,370,239,1,0.2168758068163278,0,0.5
2,2,43,logistic_regression,371,367,0,0.2242643465481019,0,0.5
2,2,43,logistic_regression,373,312,0,0.2229047015852149,0,0.5
2,2,43,logistic_regression,375,249,0,0.2246904902755828,0,0.5
2,2,43,logistic_regression,377,172,1,0.22070868875848165,0,0.5
2,2,43,logistic_regression,378,86,0,0.21644894754897354,0,0.5
2,2,43,logistic_regression,382,400,0,0.21878554945267378,0,0.5
2,2,43,logistic_regression,389,49,0,0.2170831485865324,0,0.5
2,2,43,logistic_regression,406,49,0,0.2170831485865324,0,0.5
2,2,43,logistic_regression,407,57,0,0.4450857936838251,0,0.5
2,2,43,logistic_regression,408,60,0,0.17641988344358528,0,0.5
2,2,43,logistic_regression,411,49,0,0.2170831485865324,0,0.5
2,2,43,logistic_regression,412,87,0,0.1762013915462918,0,0.5
2,2,43,logistic_regression,432,600,0,0.23543475187710078,0,0.5
2,2,43,logistic_regression,441,9,0,0.2153946620397032,0,0.5
2,2,43,logistic_regression,444,80,0,0.21811712110437134,0,0.5
2,2,43,logistic_regression,448,65,0,0.20843225934941353,0,0.5
2,2,43,logistic_regression,450,34,0,0.21803910266439935,0,0.5
2,2,43,logistic_regression,479,482,0,0.22790136685842863,0,0.5
2,2,43,logistic_regression,480,575,0,0.18484119624825995,0,0.5
2,2,43,logistic_regression,481,608,0,0.22585324364152232,0,0.5
2,2,43,logistic_regression,483,190,0,0.23014377603400893,0,0.5
2,2,43,logistic_regression,488,337,0,0.24366077177503617,0,0.5
2,2,43,logistic_regression,489,151,0,0.17606182291670183,0,0.5
2,2,43,logistic_regression,490,375,0,0.3019663125618949,0,0.5
2,2,43,logistic_regression,492,658,0,0.2383109740008701,0,0.5
2,2,43,logistic_regression,493,86,0,0.21644894754897354,0,0.5
2,2,43,logistic_regression,495,405,0,0.18151883990214815,0,0.5
2,2,43,logistic_regression,496,451,1,0.22640832337444614,0,0.5
2,2,43,logistic_regression,499,614,0,0.2294700085905785,0,0.5
2,2,43,logistic_regression,514,476,0,0.2247641097460316,0,0.5
2,2,43,logistic_regression,520,53,0,0.21977623320684767,0,0.5
2,2,43,logistic_regression,529,652,0,0.24428119915730387,0,0.5
2,2,43,logistic_regression,530,239,1,0.2168758068163278,0,0.5
2,2,43,logistic_regression,531,119,0,0.23158668972912508,0,0.5
2,2,43,logistic_regression,547,385,0,0.179046882147674,0,0.5
2,2,43,logistic_regression,560,748,0,0.2570356612136471,0,0.5
2,2,43,logistic_regression,565,335,0,0.22105074356879836,0,0.5
2,2,43,logistic_regression,571,257,0,0.21952938642666722,0,0.5
2,2,43,logistic_regression,582,198,0,0.23464908644970187,0,0.5
2,2,43,logistic_regression,584,562,0,0.2241370042482557,0,0.5
2,2,43,logistic_regression,587,687,0,0.2637428404815562,0,0.5
2,2,43,logistic_regression,592,321,0,0.23043276332074147,0,0.5
2,2,43,logistic_regression,593,13,0,0.214486756988414,0,0.5
2,2,43,logistic_regression,602,670,0,0.2407450638768961,0,0.5
2,2,43,logistic_regression,603,440,0,0.1806553465089865,0,0.5
2,2,43,logistic_regression,604,318,0,0.22003307423332666,0,0.5
2,2,43,logistic_regression,605,183,0,0.2253005123935465,0,0.5
2,2,43,logistic_regression,613,299,0,0.21933172597895492,0,0.5
2,2,43,logistic_regression,619,320,0,0.1820721002073392,0,0.5
2,2,43,logistic_regression,621,582,0,0.2331365571986046,0,0.5
2,2,43,logistic_regression,623,250,0,0.23212844051500695,0,0.5
2,2,43,logistic_regression,630,424,0,0.2367639634800846,0,0.5
2,2,43,logistic_regression,636,741,0,0.2315408540394213,0,0.5
2,2,43,logistic_regression,637,493,0,0.252794080782379,0,0.5
2,2,43,logistic_regression,649,613,0,0.2648158779106961,0,0.5
2,2,43,logistic_regression,654,810,0,0.305638267428067,0,0.5
2,2,43,logistic_regression,662,502,0,0.2332929457724718,0,0.5
2,2,43,logistic_regression,665,205,0,0.23608236908361754,0,0.5
2,2,43,logistic_regression,677,814,0,0.23180383350492817,0,0.5
2,2,43,logistic_regression,680,821,0,0.23457304529604478,0,0.5
2,2,43,logistic_regression,683,762,0,0.2534682339021944,0,0.5
2,2,43,logistic_regression,685,820,0,0.23739620380930015,0,0.5
2,2,43,logistic_regression,691,420,0,0.40124938211772065,0,0.5
2,2,43,logistic_regression,693,98,1,0.25108665338311936,0,0.5
2,2,43,logistic_regression,702,439,0,0.25429319706934966,0,0.5
2,2,43,logistic_regression,705,806,0,0.22162840480468418,0,0.5
2,2,43,logistic_regression,715,13,0,0.214486756988414,0,0.5
2,2,43,logistic_regression,720,427,0,0.22723446644207626,0,0.5
2,2,43,logistic_regression,722,325,0,0.24737534740195566,0,0.5
2,2,43,logistic_regression,731,291,0,0.22105473821191757,0,0.5
2,2,43,logistic_regression,733,587,0,0.23794020089229503,0,0.5
2,2,43,logistic_regression,737,177,0,0.21868104761244,0,0.5
2,2,43,logistic_regression,746,342,0,0.24074730281637668,0,0.5
2,2,43,logistic_regression,748,393,0,0.22419172115087677,0,0.5
2,2,43,logistic_regression,749,541,0,0.35508620846176114,0,0.5
2,2,43,logistic_regression,756,395,0,0.2355082996452515,0,0.5
2,2,43,logistic_regression,757,360,0,0.2106478401489226,0,0.5
2,2,43,logistic_regression,773,23,0,0.1311418208725894,0,0.5
2,2,43,logistic_regression,778,136,0,0.17692563136375114,0,0.5
2,2,43,logistic_regression,781,642,1,0.16346387080106758,0,0.5
2,2,43,logistic_regression,783,84,0,0.17747025714262354,0,0.5
2,2,43,logistic_regression,787,256,0,0.24512743831749403,0,0.5
2,2,43,logistic_regression,791,15,0,0.21529957139239658,0,0.5
2,2,43,logistic_regression,797,645,1,0.23882052981485807,0,0.5
2,2,43,logistic_regression,813,163,0,0.256772416189995,0,0.5
2,2,43,logistic_regression,814,22,1,0.2403210907007441,0,0.5
2,2,43,logistic_regression,816,233,0,0.2451261079800416,0,0.5
2,2,43,logistic_regression,820,352,0,0.2576058379031003,0,0.5
2,2,43,logistic_regression,821,602,0,0.2352617979507108,0,0.5
2,2,43,logistic_regression,823,644,0,0.22467269390348962,0,0.5
2,2,43,logistic_regression,825,794,0,0.2301719597303943,0,0.5
2,2,43,logistic_regression,827,688,0,0.2274852510489421,0,0.5
2,2,43,logistic_regression,839,601,0,0.2356554113416176,0,0.5
2,2,43,logistic_regression,849,620,0,0.2193155468909339,0,0.5
2,2,43,logistic_regression,852,800,0,0.25083324570748233,0,0.5
2,2,43,xgboost,4,816,0,0.2436307668685913,0,0.5
2,2,43,xgboost,6,823,1,0.07905706763267517,0,0.5
2,2,43,xgboost,9,804,0,0.061891086399555206,0,0.5
2,2,43,xgboost,13,803,0,0.04754658043384552,0,0.5
2,2,43,xgboost,18,792,0,0.1873587667942047,0,0.5
2,2,43,xgboost,21,783,0,0.1821826696395874,0,0.5
2,2,43,xgboost,24,774,0,0.042746368795633316,0,0.5
2,2,43,xgboost,25,805,0,0.054218780249357224,0,0.5
2,2,43,xgboost,26,765,0,0.06330420821905136,0,0.5
2,2,43,xgboost,33,734,0,0.05551964044570923,0,0.5
2,2,43,xgboost,38,758,0,0.056255556643009186,0,0.5
2,2,43,xgboost,44,740,1,0.1671300083398819,0,0.5
2,2,43,xgboost,47,770,0,0.06316492706537247,0,0.5
2,2,43,xgboost,50,721,0,0.06477073580026627,0,0.5
2,2,43,xgboost,51,715,0,0.0525645948946476,0,0.5
2,2,43,xgboost,61,697,0,0.04577804356813431,0,0.5
2,2,43,xgboost,69,705,0,0.045880142599344254,0,0.5
2,2,43,xgboost,75,686,0,0.04698584973812103,0,0.5
2,2,43,xgboost,82,615,0,0.07269894331693649,0,0.5
2,2,43,xgboost,83,621,0,0.05195773020386696,0,0.5
2,2,43,xgboost,88,618,0,0.040713489055633545,0,0.5
2,2,43,xgboost,97,678,0,0.05449708551168442,0,0.5
2,2,43,xgboost,104,633,0,0.14584986865520477,0,0.5
2,2,43,xgboost,114,667,0,0.048450179398059845,0,0.5
2,2,43,xgboost,120,627,0,0.048450179398059845,0,0.5
2,2,43,xgboost,121,579,0,0.04062897711992264,0,0.5
2,2,43,xgboost,123,542,0,0.1496623158454895,0,0.5
2,2,43,xgboost,124,571,0,0.16305887699127197,0,0.5
2,2,43,xgboost,125,596,0,0.0541357696056366,0,0.5
2,2,43,xgboost,128,518,0,0.04641955718398094,0,0.5
2,2,43,xgboost,138,517,0,0.04641955718398094,0,0.5
2,2,43,xgboost,141,194,0,0.030000746250152588,0,0.5
2,2,43,xgboost,148,643,0,0.052809786051511765,0,0.5
2,2,43,xgboost,151,551,0,0.05449708551168442,0,0.5
2,2,43,xgboost,154,457,0,0.04097384586930275,0,0.5
2,2,43,xgboost,174,499,0,0.055497631430625916,0,0.5
2,2,43,xgboost,182,392,0,0.0665576383471489,0,0.5
2,2,43,xgboost,196,505,0,0.060841258615255356,0,0.5
2,2,43,xgboost,201,441,0,0.0665576383471489,0,0.5
2,2,43,xgboost,202,454,0,0.13103188574314117,0,0.5
2,2,43,xgboost,207,437,0,0.05609995126724243,0,0.5
2,2,43,xgboost,222,552,0,0.06398089975118637,0,0.5
2,2,43,xgboost,223,278,0,0.040172480046749115,0,0.5
2,2,43,xgboost,225,511,0,0.023562030866742134,0,0.5
2,2,43,xgboost,230,304,0,0.054113879799842834,0,0.5
2,2,43,xgboost,235,378,0,0.054113879799842834,0,0.5
2,2,43,xgboost,236,343,0,0.16617849469184875,0,0.5
2,2,43,xgboost,243,402,0,0.027101488783955574,0,0.5
2,2,43,xgboost,254,390,0,0.054113879799842834,0,0.5
2,2,43,xgboost,263,296,0,0.022077346220612526,0,0.5
2,2,43,xgboost,266,232,0,0.06625862419605255,0,0.5
2,2,43,xgboost,273,355,0,0.05043013393878937,0,0.5
2,2,43,xgboost,276,241,0,0.06854333728551865,0,0.5
2,2,43,xgboost,279,263,0,0.03283024951815605,0,0.5
2,2,43,xgboost,285,430,0,0.047445569187402725,0,0.5
2,2,43,xgboost,291,289,0,0.05609995126724243,0,0.5
2,2,43,xgboost,292,264,0,0.06854333728551865,0,0.5
2,2,43,xgboost,297,220,0,0.06739583611488342,0,0.5
2,2,43,xgboost,305,201,0,0.05685010552406311,0,0.5
2,2,43,xgboost,310,307,0,0.054113879799842834,0,0.5
2,2,43,xgboost,312,313,0,0.045328132808208466,0,0.5
2,2,43,xgboost,318,308,0,0.053085166960954666,0,0.5
2,2,43,xgboost,323,268,0,0.06739583611488342,0,0.5
2,2,43,xgboost,325,169,1,0.13256265223026276,0,0.5
2,2,43,xgboost,326,217,0,0.06625862419605255,0,0.5
2,2,43,xgboost,327,173,0,0.040520139038562775,0,0.5
2,2,43,xgboost,330,207,0,0.025485599413514137,0,0.5
2,2,43,xgboost,337,818,0,0.05255155637860298,0,0.5
2,2,43,xgboost,340,148,0,0.05925935134291649,0,0.5
2,2,43,xgboost,343,159,0,0.023399919271469116,0,0.5
2,2,43,xgboost,344,79,0,0.045147862285375595,0,0.5
2,2,43,xgboost,353,223,0,0.02452356554567814,0,0.5
2,2,43,xgboost,355,140,0,0.12498044967651367,0,0.5
2,2,43,xgboost,356,79,0,0.045147862285375595,0,0.5
2,2,43,xgboost,360,339,0,0.047445569187402725,0,0.5
2,2,43,xgboost,368,203,0,0.041186630725860596,0,0.5
2,2,43,xgboost,370,239,1,0.04736180603504181,0,0.5
2,2,43,xgboost,371,367,0,0.05391192063689232,0,0.5
2,2,43,xgboost,373,312,0,0.05609995126724243,0,0.5
2,2,43,xgboost,375,249,0,0.049029137939214706,0,0.5
2,2,43,xgboost,377,172,1,0.058105260133743286,0,0.5
2,2,43,xgboost,378,86,0,0.03151915594935417,0,0.5
2,2,43,xgboost,382,400,0,0.039583124220371246,0,0.5
2,2,43,xgboost,389,49,0,0.045147862285375595,0,0.5
2,2,43,xgboost,406,49,0,0.045147862285375595,0,0.5
2,2,43,xgboost,407,57,0,0.18398042023181915,0,0.5
2,2,43,xgboost,408,60,0,0.01906360313296318,0,0.5
2,2,43,xgboost,411,49,0,0.045147862285375595,0,0.5
2,2,43,xgboost,412,87,0,0.0193786658346653,0,0.5
2,2,43,xgboost,432,600,0,0.07201527059078217,0,0.5
2,2,43,xgboost,441,9,0,0.03151915594935417,0,0.5
2,2,43,xgboost,444,80,0,0.045147862285375595,0,0.5
2,2,43,xgboost,448,65,0,0.0661291852593422,0,0.5
2,2,43,xgboost,450,34,0,0.031902749091386795,0,0.5
2,2,43,xgboost,479,482,0,0.050401538610458374,0,0.5
2,2,43,xgboost,480,575,0,0.039804890751838684,0,0.5
2,2,43,xgboost,481,608,0,0.05449708551168442,0,0.5
2,2,43,xgboost,483,190,0,0.04893401637673378,0,0.5
2,2,43,xgboost,488,337,0,0.05503568798303604,0,0.5
2,2,43,xgboost,489,151,0,0.021304138004779816,0,0.5
2,2,43,xgboost,490,375,0,0.07879111170768738,0,0.5
2,2,43,xgboost,492,658,0,0.04780365154147148,0,0.5
2,2,43,xgboost,493,86,0,0.03151915594935417,0,0.5
2,2,43,xgboost,495,405,0,0.022046037018299103,0,0.5
2,2,43,xgboost,496,451,1,0.0570668950676918,0,0.5
2,2,43,xgboost,499,614,0,0.052809786051511765,0,0.5
2,2,43,xgboost,514,476,0,0.04575102776288986,0,0.5
2,2,43,xgboost,520,53,0,0.031902749091386795,0,0.5
2,2,43,xgboost,529,652,0,0.054385583847761154,0,0.5
2,2,43,xgboost,530,239,1,0.04736180603504181,0,0.5
2,2,43,xgboost,531,119,0,0.04025213420391083,0,0.5
2,2,43,xgboost,547,385,0,0.021591223776340485,0,0.5
2,2,43,xgboost,560,748,0,0.04837364703416824,0,0.5
2,2,43,xgboost,565,335,0,0.054113879799842834,0,0.5
2,2,43,xgboost,571,257,0,0.048191431909799576,0,0.5
2,2,43,xgboost,582,198,0,0.04110599681735039,0,0.5
2,2,43,xgboost,584,562,0,0.0525645948946476,0,0.5
2,2,43,xgboost,587,687,0,0.04813852906227112,0,0.5
2,2,43,xgboost,592,321,0,0.06693817675113678,0,0.5
2,2,43,xgboost,593,13,0,0.03083196096122265,0,0.5
2,2,43,xgboost,602,670,0,0.053630053997039795,0,0.5
2,2,43,xgboost,603,440,0,0.022046037018299103,0,0.5
2,2,43,xgboost,604,318,0,0.05609995126724243,0,0.5
2,2,43,xgboost,605,183,0,0.06060725823044777,0,0.5
2,2,43,xgboost,613,299,0,0.1343098133802414,0,0.5
2,2,43,xgboost,619,320,0,0.03243892267346382,0,0.5
2,2,43,xgboost,621,582,0,0.03943515196442604,0,0.5
2,2,43,xgboost,623,250,0,0.09360673278570175,0,0.5
2,2,43,xgboost,630,424,0,0.0665576383471489,0,0.5
2,2,43,xgboost,636,741,0,0.04358595609664917,0,0.5
2,2,43,xgboost,637,493,0,0.055280763655900955,0,0.5
2,2,43,xgboost,649,613,0,0.14360767602920532,0,0.5
2,2,43,xgboost,654,810,0,0.10541927069425583,0,0.5
2,2,43,xgboost,662,502,0,0.055497631430625916,0,0.5
2,2,43,xgboost,665,205,0,0.045457590371370316,0,0.5
2,2,43,xgboost,677,814,0,0.041054897010326385,0,0.5
2,2,43,xgboost,680,821,0,0.043520618230104446,0,0.5
2,2,43,xgboost,683,762,0,0.07620203495025635,0,0.5
2,2,43,xgboost,685,820,0,0.09054563194513321,0,0.5
2,2,43,xgboost,691,420,0,0.2050936222076416,0,0.5
2,2,43,xgboost,693,98,1,0.05440549924969673,0,0.5
2,2,43,xgboost,702,439,0,0.050471339374780655,0,0.5
2,2,43,xgboost,705,806,0,0.032951466739177704,0,0.5
2,2,43,xgboost,715,13,0,0.03083196096122265,0,0.5
2,2,43,xgboost,720,427,0,0.0570668950676918,0,0.5
2,2,43,xgboost,722,325,0,0.047969698905944824,0,0.5
2,2,43,xgboost,731,291,0,0.054113879799842834,0,0.5
2,2,43,xgboost,733,587,0,0.0646764487028122,0,0.5
2,2,43,xgboost,737,177,0,0.04123510792851448,0,0.5
2,2,43,xgboost,746,342,0,0.05103404447436333,0,0.5
2,2,43,xgboost,748,393,0,0.041778214275836945,0,0.5
2,2,43,xgboost,749,541,0,0.110548235476017,0,0.5
2,2,43,xgboost,756,395,0,0.056138891726732254,0,0.5
2,2,43,xgboost,757,360,0,0.0570668950676918,0,0.5
2,2,43,xgboost,773,23,0,0.019378919154405594,0,0.5
2,2,43,xgboost,778,136,0,0.022142751142382622,0,0.5
2,2,43,xgboost,781,642,1,0.05449708551168442,0,0.5
2,2,43,xgboost,783,84,0,0.02673979476094246,0,0.5
2,2,43,xgboost,787,256,0,0.045728761702775955,0,0.5
2,2,43,xgboost,791,15,0,0.031381573528051376,0,0.5
2,2,43,xgboost,797,645,1,0.07913906127214432,0,0.5
2,2,43,xgboost,813,163,0,0.08167764544487,0,0.5
2,2,43,xgboost,814,22,1,0.041817132383584976,0,0.5
2,2,43,xgboost,816,233,0,0.0852823257446289,0,0.5
2,2,43,xgboost,820,352,0,0.07663830369710922,0,0.5
2,2,43,xgboost,821,602,0,0.044429924339056015,0,0.5
2,2,43,xgboost,823,644,0,0.0525645948946476,0,0.5
2,2,43,xgboost,825,794,0,0.054218780249357224,0,0.5
2,2,43,xgboost,827,688,0,0.04142686724662781,0,0.5
2,2,43,xgboost,839,601,0,0.07201527059078217,0,0.5
2,2,43,xgboost,849,620,0,0.09565002471208572,0,0.5
2,2,43,xgboost,852,800,0,0.05609368160367012,0,0.5
2,3,43,dummy_prior,12,812,0,0.06404657933042213,0,0.5
2,3,43,dummy_prior,19,773,0,0.06404657933042213,0,0.5
2,3,43,dummy_prior,35,737,0,0.06404657933042213,0,0.5
2,3,43,dummy_prior,37,747,0,0.06404657933042213,0,0.5
2,3,43,dummy_prior,48,780,0,0.06404657933042213,0,0.5
2,3,43,dummy_prior,49,739,0,0.06404657933042213,0,0.5
2,3,43,dummy_prior,57,647,0,0.06404657933042213,0,0.5
2,3,43,dummy_prior,59,692,0,0.06404657933042213,0,0.5
2,3,43,dummy_prior,60,673,0,0.06404657933042213,0,0.5
2,3,43,dummy_prior,66,673,0,0.06404657933042213,0,0.5
2,3,43,dummy_prior,76,675,0,0.06404657933042213,0,0.5
2,3,43,dummy_prior,79,684,0,0.06404657933042213,0,0.5
2,3,43,dummy_prior,80,630,0,0.06404657933042213,0,0.5
2,3,43,dummy_prior,84,713,0,0.06404657933042213,0,0.5
2,3,43,dummy_prior,86,718,0,0.06404657933042213,0,0.5
2,3,43,dummy_prior,89,632,0,0.06404657933042213,0,0.5
2,3,43,dummy_prior,98,584,0,0.06404657933042213,0,0.5
2,3,43,dummy_prior,100,669,0,0.06404657933042213,0,0.5
2,3,43,dummy_prior,101,580,0,0.06404657933042213,0,0.5
2,3,43,dummy_prior,103,754,1,0.06404657933042213,0,0.5
2,3,43,dummy_prior,106,577,0,0.06404657933042213,0,0.5
2,3,43,dummy_prior,109,612,0,0.06404657933042213,0,0.5
2,3,43,dummy_prior,110,619,0,0.06404657933042213,0,0.5
2,3,43,dummy_prior,116,597,0,0.06404657933042213,0,0.5
2,3,43,dummy_prior,130,492,0,0.06404657933042213,0,0.5
2,3,43,dummy_prior,132,565,0,0.06404657933042213,0,0.5
2,3,43,dummy_prior,136,586,0,0.06404657933042213,0,0.5
2,3,43,dummy_prior,137,537,0,0.06404657933042213,0,0.5
2,3,43,dummy_prior,139,556,0,0.06404657933042213,0,0.5
2,3,43,dummy_prior,140,553,0,0.06404657933042213,0,0.5
2,3,43,dummy_prior,146,576,0,0.06404657933042213,0,0.5
2,3,43,dummy_prior,147,533,0,0.06404657933042213,0,0.5
2,3,43,dummy_prior,156,448,0,0.06404657933042213,0,0.5
2,3,43,dummy_prior,157,545,0,0.06404657933042213,0,0.5
2,3,43,dummy_prior,159,463,0,0.06404657933042213,0,0.5
2,3,43,dummy_prior,165,572,0,0.06404657933042213,0,0.5
2,3,43,dummy_prior,168,535,0,0.06404657933042213,0,0.5
2,3,43,dummy_prior,172,522,0,0.06404657933042213,0,0.5
2,3,43,dummy_prior,181,462,0,0.06404657933042213,0,0.5
2,3,43,dummy_prior,187,501,0,0.06404657933042213,0,0.5
2,3,43,dummy_prior,191,527,0,0.06404657933042213,0,0.5
2,3,43,dummy_prior,193,445,0,0.06404657933042213,0,0.5
2,3,43,dummy_prior,195,429,0,0.06404657933042213,0,0.5
2,3,43,dummy_prior,200,443,0,0.06404657933042213,0,0.5
2,3,43,dummy_prior,205,388,1,0.06404657933042213,0,0.5
2,3,43,dummy_prior,209,387,0,0.06404657933042213,0,0.5
2,3,43,dummy_prior,212,431,0,0.06404657933042213,0,0.5
2,3,43,dummy_prior,216,531,1,0.06404657933042213,0,0.5
2,3,43,dummy_prior,218,503,0,0.06404657933042213,0,0.5
2,3,43,dummy_prior,220,406,0,0.06404657933042213,0,0.5
2,3,43,dummy_prior,224,351,1,0.06404657933042213,0,0.5
2,3,43,dummy_prior,227,394,0,0.06404657933042213,0,0.5
2,3,43,dummy_prior,233,345,0,0.06404657933042213,0,0.5
2,3,43,dummy_prior,234,406,0,0.06404657933042213,0,0.5
2,3,43,dummy_prior,242,555,0,0.06404657933042213,0,0.5
2,3,43,dummy_prior,249,270,0,0.06404657933042213,0,0.5
2,3,43,dummy_prior,264,259,1,0.06404657933042213,0,0.5
2,3,43,dummy_prior,270,211,0,0.06404657933042213,0,0.5
2,3,43,dummy_prior,271,359,0,0.06404657933042213,0,0.5
2,3,43,dummy_prior,272,330,0,0.06404657933042213,0,0.5
2,3,43,dummy_prior,283,389,0,0.06404657933042213,0,0.5
2,3,43,dummy_prior,290,204,0,0.06404657933042213,0,0.5
2,3,43,dummy_prior,303,386,0,0.06404657933042213,0,0.5
2,3,43,dummy_prior,311,368,0,0.06404657933042213,0,0.5
2,3,43,dummy_prior,320,271,1,0.06404657933042213,0,0.5
2,3,43,dummy_prior,334,229,0,0.06404657933042213,0,0.5
2,3,43,dummy_prior,338,200,0,0.06404657933042213,0,0.5
2,3,43,dummy_prior,339,182,0,0.06404657933042213,0,0.5
2,3,43,dummy_prior,345,276,1,0.06404657933042213,0,0.5
2,3,43,dummy_prior,357,258,0,0.06404657933042213,0,0.5
2,3,43,dummy_prior,361,199,0,0.06404657933042213,0,0.5
2,3,43,dummy_prior,362,160,0,0.06404657933042213,0,0.5
2,3,43,dummy_prior,379,224,0,0.06404657933042213,0,0.5
2,3,43,dummy_prior,385,234,0,0.06404657933042213,0,0.5
2,3,43,dummy_prior,387,266,0,0.06404657933042213,0,0.5
2,3,43,dummy_prior,390,179,0,0.06404657933042213,0,0.5
2,3,43,dummy_prior,392,120,0,0.06404657933042213,0,0.5
2,3,43,dummy_prior,396,100,0,0.06404657933042213,0,0.5
2,3,43,dummy_prior,397,137,0,0.06404657933042213,0,0.5
2,3,43,dummy_prior,409,54,0,0.06404657933042213,0,0.5
2,3,43,dummy_prior,410,171,0,0.06404657933042213,0,0.5
2,3,43,dummy_prior,417,158,0,0.06404657933042213,0,0.5
2,3,43,dummy_prior,426,114,0,0.06404657933042213,0,0.5
2,3,43,dummy_prior,429,73,0,0.06404657933042213,0,0.5
2,3,43,dummy_prior,435,54,0,0.06404657933042213,0,0.5
2,3,43,dummy_prior,436,39,0,0.06404657933042213,0,0.5
2,3,43,dummy_prior,449,75,0,0.06404657933042213,0,0.5
2,3,43,dummy_prior,456,24,0,0.06404657933042213,0,0.5
2,3,43,dummy_prior,469,16,0,0.06404657933042213,0,0.5
2,3,43,dummy_prior,470,764,0,0.06404657933042213,0,0.5
2,3,43,dummy_prior,471,94,0,0.06404657933042213,0,0.5
2,3,43,dummy_prior,487,483,0,0.06404657933042213,0,0.5
2,3,43,dummy_prior,494,165,0,0.06404657933042213,0,0.5
2,3,43,dummy_prior,510,17,0,0.06404657933042213,0,0.5
2,3,43,dummy_prior,511,38,0,0.06404657933042213,0,0.5
2,3,43,dummy_prior,517,514,0,0.06404657933042213,0,0.5
2,3,43,dummy_prior,518,362,0,0.06404657933042213,0,0.5
2,3,43,dummy_prior,521,791,0,0.06404657933042213,0,0.5
2,3,43,dummy_prior,524,628,0,0.06404657933042213,0,0.5
2,3,43,dummy_prior,526,469,0,0.06404657933042213,0,0.5
2,3,43,dummy_prior,536,24,0,0.06404657933042213,0,0.5
2,3,43,dummy_prior,540,188,0,0.06404657933042213,0,0.5
2,3,43,dummy_prior,541,474,0,0.06404657933042213,0,0.5
2,3,43,dummy_prior,545,532,0,0.06404657933042213,0,0.5
2,3,43,dummy_prior,550,191,0,0.06404657933042213,0,0.5
2,3,43,dummy_prior,551,639,0,0.06404657933042213,0,0.5
2,3,43,dummy_prior,552,105,0,0.06404657933042213,0,0.5
2,3,43,dummy_prior,554,20,0,0.06404657933042213,0,0.5
2,3,43,dummy_prior,559,162,0,0.06404657933042213,0,0.5
2,3,43,dummy_prior,562,282,0,0.06404657933042213,0,0.5
2,3,43,dummy_prior,570,559,0,0.06404657933042213,0,0.5
2,3,43,dummy_prior,575,54,0,0.06404657933042213,0,0.5
2,3,43,dummy_prior,578,126,1,0.06404657933042213,0,0.5
2,3,43,dummy_prior,579,730,0,0.06404657933042213,0,0.5
2,3,43,dummy_prior,595,248,0,0.06404657933042213,0,0.5
2,3,43,dummy_prior,597,133,0,0.06404657933042213,0,0.5
2,3,43,dummy_prior,598,54,1,0.06404657933042213,0,0.5
2,3,43,dummy_prior,608,135,0,0.06404657933042213,0,0.5
2,3,43,dummy_prior,609,416,0,0.06404657933042213,0,0.5
2,3,43,dummy_prior,624,118,0,0.06404657933042213,0,0.5
2,3,43,dummy_prior,629,336,0,0.06404657933042213,0,0.5
2,3,43,dummy_prior,632,226,0,0.06404657933042213,0,0.5
2,3,43,dummy_prior,644,285,0,0.06404657933042213,0,0.5
2,3,43,dummy_prior,651,788,0,0.06404657933042213,0,0.5
2,3,43,dummy_prior,656,294,0,0.06404657933042213,0,0.5
2,3,43,dummy_prior,658,85,0,0.06404657933042213,0,0.5
2,3,43,dummy_prior,664,756,1,0.06404657933042213,0,0.5
2,3,43,dummy_prior,668,830,0,0.06404657933042213,0,0.5
2,3,43,dummy_prior,672,0,0,0.06404657933042213,0,0.5
2,3,43,dummy_prior,679,822,0,0.06404657933042213,0,0.5
2,3,43,dummy_prior,681,793,0,0.06404657933042213,0,0.5
2,3,43,dummy_prior,688,510,1,0.06404657933042213,0,0.5
2,3,43,dummy_prior,692,74,0,0.06404657933042213,0,0.5
2,3,43,dummy_prior,694,486,0,0.06404657933042213,0,0.5
2,3,43,dummy_prior,695,538,0,0.06404657933042213,0,0.5
2,3,43,dummy_prior,696,138,0,0.06404657933042213,0,0.5
2,3,43,dummy_prior,703,42,0,0.06404657933042213,0,0.5
2,3,43,dummy_prior,710,449,0,0.06404657933042213,0,0.5
2,3,43,dummy_prior,712,317,0,0.06404657933042213,0,0.5
2,3,43,dummy_prior,716,144,0,0.06404657933042213,0,0.5
2,3,43,dummy_prior,717,731,0,0.06404657933042213,0,0.5
2,3,43,dummy_prior,718,246,0,0.06404657933042213,0,0.5
2,3,43,dummy_prior,721,655,0,0.06404657933042213,0,0.5
2,3,43,dummy_prior,723,124,0,0.06404657933042213,0,0.5
2,3,43,dummy_prior,724,554,0,0.06404657933042213,0,0.5
2,3,43,dummy_prior,732,417,0,0.06404657933042213,0,0.5
2,3,43,dummy_prior,742,156,0,0.06404657933042213,0,0.5
2,3,43,dummy_prior,747,218,0,0.06404657933042213,0,0.5
2,3,43,dummy_prior,762,139,0,0.06404657933042213,0,0.5
2,3,43,dummy_prior,764,281,0,0.06404657933042213,0,0.5
2,3,43,dummy_prior,769,415,0,0.06404657933042213,0,0.5
2,3,43,dummy_prior,774,801,0,0.06404657933042213,0,0.5
2,3,43,dummy_prior,775,455,0,0.06404657933042213,0,0.5
2,3,43,dummy_prior,780,110,0,0.06404657933042213,0,0.5
2,3,43,dummy_prior,792,314,0,0.06404657933042213,0,0.5
2,3,43,dummy_prior,793,353,0,0.06404657933042213,0,0.5
2,3,43,dummy_prior,794,175,0,0.06404657933042213,0,0.5
2,3,43,dummy_prior,806,62,0,0.06404657933042213,0,0.5
2,3,43,dummy_prior,807,717,0,0.06404657933042213,0,0.5
2,3,43,dummy_prior,812,4,0,0.06404657933042213,0,0.5
2,3,43,dummy_prior,817,516,0,0.06404657933042213,0,0.5
2,3,43,dummy_prior,819,2,0,0.06404657933042213,0,0.5
2,3,43,dummy_prior,824,720,0,0.06404657933042213,0,0.5
2,3,43,dummy_prior,832,561,0,0.06404657933042213,0,0.5
2,3,43,dummy_prior,835,332,0,0.06404657933042213,0,0.5
2,3,43,dummy_prior,838,694,0,0.06404657933042213,0,0.5
2,3,43,dummy_prior,840,346,0,0.06404657933042213,0,0.5
2,3,43,dummy_prior,841,297,0,0.06404657933042213,0,0.5
2,3,43,dummy_prior,844,444,0,0.06404657933042213,0,0.5
2,3,43,dummy_prior,845,132,0,0.06404657933042213,0,0.5
2,3,43,dummy_prior,851,298,0,0.06404657933042213,0,0.5
2,3,43,logistic_regression,12,812,0,0.284495033830836,0,0.5
2,3,43,logistic_regression,19,773,0,0.3045044312855699,0,0.5
2,3,43,logistic_regression,35,737,0,0.2457842829129731,0,0.5
2,3,43,logistic_regression,37,747,0,0.22500357320854006,0,0.5
2,3,43,logistic_regression,48,780,0,0.2801379864818347,0,0.5
2,3,43,logistic_regression,49,739,0,0.22600915340753508,0,0.5
2,3,43,logistic_regression,57,647,0,0.24441093939959596,0,0.5
2,3,43,logistic_regression,59,692,0,0.3674891898651083,0,0.5
2,3,43,logistic_regression,60,673,0,0.23625456624126545,0,0.5
2,3,43,logistic_regression,66,673,0,0.23625456624126545,0,0.5
2,3,43,logistic_regression,76,675,0,0.24279127296338274,0,0.5
2,3,43,logistic_regression,79,684,0,0.22727556864049925,0,0.5
2,3,43,logistic_regression,80,630,0,0.22696667216513908,0,0.5
2,3,43,logistic_regression,84,713,0,0.2065745185858103,0,0.5
2,3,43,logistic_regression,86,718,0,0.23725630361368935,0,0.5
2,3,43,logistic_regression,89,632,0,0.22842321792592535,0,0.5
2,3,43,logistic_regression,98,584,0,0.18785761009034446,0,0.5
2,3,43,logistic_regression,100,669,0,0.23191816545963692,0,0.5
2,3,43,logistic_regression,101,580,0,0.43114707010062514,0,0.5
2,3,43,logistic_regression,103,754,1,0.27153948931974076,0,0.5
2,3,43,logistic_regression,106,577,0,0.2508428609364401,0,0.5
2,3,43,logistic_regression,109,612,0,0.2016327797805209,0,0.5
2,3,43,logistic_regression,110,619,0,0.23869493341680345,0,0.5
2,3,43,logistic_regression,116,597,0,0.22384141224953602,0,0.5
2,3,43,logistic_regression,130,492,0,0.2407497211137319,0,0.5
2,3,43,logistic_regression,132,565,0,0.2213180158401121,0,0.5
2,3,43,logistic_regression,136,586,0,0.2047743364461967,0,0.5
2,3,43,logistic_regression,137,537,0,0.22144750781425862,0,0.5
2,3,43,logistic_regression,139,556,0,0.25839810021210824,0,0.5
2,3,43,logistic_regression,140,553,0,0.253747137248554,0,0.5
2,3,43,logistic_regression,146,576,0,0.24904318614507961,0,0.5
2,3,43,logistic_regression,147,533,0,0.20318544922520512,0,0.5
2,3,43,logistic_regression,156,448,0,0.23894913545007748,0,0.5
2,3,43,logistic_regression,157,545,0,0.23346920669467675,0,0.5
2,3,43,logistic_regression,159,463,0,0.23702085642964085,0,0.5
2,3,43,logistic_regression,165,572,0,0.4379224325711658,0,0.5
2,3,43,logistic_regression,168,535,0,0.24067447136952083,0,0.5
2,3,43,logistic_regression,172,522,0,0.2434664148511793,0,0.5
2,3,43,logistic_regression,181,462,0,0.22133814899031456,0,0.5
2,3,43,logistic_regression,187,501,0,0.45003717464702464,0,0.5
2,3,43,logistic_regression,191,527,0,0.23801352392381867,0,0.5
2,3,43,logistic_regression,193,445,0,0.18002428463974524,0,0.5
2,3,43,logistic_regression,195,429,0,0.2338425135173715,0,0.5
2,3,43,logistic_regression,200,443,0,0.21390064519179902,0,0.5
2,3,43,logistic_regression,205,388,1,0.21677092169277754,0,0.5
2,3,43,logistic_regression,209,387,0,0.2391627500818564,0,0.5
2,3,43,logistic_regression,212,431,0,0.3789027617943801,0,0.5
2,3,43,logistic_regression,216,531,1,0.2569606450263005,0,0.5
2,3,43,logistic_regression,218,503,0,0.22466233793140578,0,0.5
2,3,43,logistic_regression,220,406,0,0.17852212925135702,0,0.5
2,3,43,logistic_regression,224,351,1,0.40031417293936256,0,0.5
2,3,43,logistic_regression,227,394,0,0.33947074439638014,0,0.5
2,3,43,logistic_regression,233,345,0,0.21818133049592608,0,0.5
2,3,43,logistic_regression,234,406,0,0.17852212925135702,0,0.5
2,3,43,logistic_regression,242,555,0,0.22112868412330292,0,0.5
2,3,43,logistic_regression,249,270,0,0.21362706430642603,0,0.5
2,3,43,logistic_regression,264,259,1,0.2424496955163569,0,0.5
2,3,43,logistic_regression,270,211,0,0.21833668019896743,0,0.5
2,3,43,logistic_regression,271,359,0,0.17624809020197404,0,0.5
2,3,43,logistic_regression,272,330,0,0.22515580352786246,0,0.5
2,3,43,logistic_regression,283,389,0,0.2259086010587658,0,0.5
2,3,43,logistic_regression,290,204,0,0.2585363112344239,0,0.5
2,3,43,logistic_regression,303,386,0,0.22042656177515987,0,0.5
2,3,43,logistic_regression,311,368,0,0.22799061326344053,0,0.5
2,3,43,logistic_regression,320,271,1,0.21540067149257341,0,0.5
2,3,43,logistic_regression,334,229,0,0.21849622677074668,0,0.5
2,3,43,logistic_regression,338,200,0,0.18020264000304106,0,0.5
2,3,43,logistic_regression,339,182,0,0.21377996953329573,0,0.5
2,3,43,logistic_regression,345,276,1,0.1899135773970749,0,0.5
2,3,43,logistic_regression,357,258,0,0.19817092121544205,0,0.5
2,3,43,logistic_regression,361,199,0,0.21051233149861223,0,0.5
2,3,43,logistic_regression,362,160,0,0.21833312283241327,0,0.5
2,3,43,logistic_regression,379,224,0,0.21797877853868752,0,0.5
2,3,43,logistic_regression,385,234,0,0.21872606238738834,0,0.5
2,3,43,logistic_regression,387,266,0,0.21850336586081884,0,0.5
2,3,43,logistic_regression,390,179,0,0.2137937818374382,0,0.5
2,3,43,logistic_regression,392,120,0,0.21860363283019574,0,0.5
2,3,43,logistic_regression,396,100,0,0.19881366914099338,0,0.5
2,3,43,logistic_regression,397,137,0,0.32351155596509185,0,0.5
2,3,43,logistic_regression,409,54,0,0.21572263682369158,0,0.5
2,3,43,logistic_regression,410,171,0,0.21856283486296557,0,0.5
2,3,43,logistic_regression,417,158,0,0.17563030048179892,0,0.5
2,3,43,logistic_regression,426,114,0,0.318920598085181,0,0.5
2,3,43,logistic_regression,429,73,0,0.21637873737203356,0,0.5
2,3,43,logistic_regression,435,54,0,0.21572263682369158,0,0.5
2,3,43,logistic_regression,436,39,0,0.17083744296167153,0,0.5
2,3,43,logistic_regression,449,75,0,0.2166549182664401,0,0.5
2,3,43,logistic_regression,456,24,0,0.21693434451482144,0,0.5
2,3,43,logistic_regression,469,16,0,0.21460093196618815,0,0.5
2,3,43,logistic_regression,470,764,0,0.23245265010712315,0,0.5
2,3,43,logistic_regression,471,94,0,0.21489734882046083,0,0.5
2,3,43,logistic_regression,487,483,0,0.22666847677980573,0,0.5
2,3,43,logistic_regression,494,165,0,0.21654483567089164,0,0.5
2,3,43,logistic_regression,510,17,0,0.21151124066053062,0,0.5
2,3,43,logistic_regression,511,38,0,0.21158294517493426,0,0.5
2,3,43,logistic_regression,517,514,0,0.23495130210414014,0,0.5
2,3,43,logistic_regression,518,362,0,0.23194459977273385,0,0.5
2,3,43,logistic_regression,521,791,0,0.2461797418340393,0,0.5
2,3,43,logistic_regression,524,628,0,0.24867659727359434,0,0.5
2,3,43,logistic_regression,526,469,0,0.22545694982949113,0,0.5
2,3,43,logistic_regression,536,24,0,0.21693434451482144,0,0.5
2,3,43,logistic_regression,540,188,0,0.21563722537645097,0,0.5
2,3,43,logistic_regression,541,474,0,0.21642582634238236,0,0.5
2,3,43,logistic_regression,545,532,0,0.2867515935356736,0,0.5
2,3,43,logistic_regression,550,191,0,0.222132742188644,0,0.5
2,3,43,logistic_regression,551,639,0,0.18232381994967084,0,0.5
2,3,43,logistic_regression,552,105,0,0.1816155309679628,0,0.5
2,3,43,logistic_regression,554,20,0,0.20981147023336488,0,0.5
2,3,43,logistic_regression,559,162,0,0.2211292485630069,0,0.5
2,3,43,logistic_regression,562,282,0,0.22343283096150704,0,0.5
2,3,43,logistic_regression,570,559,0,0.23627556421252874,0,0.5
2,3,43,logistic_regression,575,54,0,0.21572263682369158,0,0.5
2,3,43,logistic_regression,578,126,1,0.21719117554565257,0,0.5
2,3,43,logistic_regression,579,730,0,0.2673282689893932,0,0.5
2,3,43,logistic_regression,595,248,0,0.21161893825679332,0,0.5
2,3,43,logistic_regression,597,133,0,0.4802901193884233,0,0.5
2,3,43,logistic_regression,598,54,1,0.21572263682369158,0,0.5
2,3,43,logistic_regression,608,135,0,0.21787742046060599,0,0.5
2,3,43,logistic_regression,609,416,0,0.24830568322679225,0,0.5
2,3,43,logistic_regression,624,118,0,0.22041465698916682,0,0.5
2,3,43,logistic_regression,629,336,0,0.23661177006496567,0,0.5
2,3,43,logistic_regression,632,226,0,0.22344590441840767,0,0.5
2,3,43,logistic_regression,644,285,0,0.23396243977267212,0,0.5
2,3,43,logistic_regression,651,788,0,0.30539948326886973,0,0.5
2,3,43,logistic_regression,656,294,0,0.22337580254335065,0,0.5
2,3,43,logistic_regression,658,85,0,0.21685544148767735,0,0.5
2,3,43,logistic_regression,664,756,1,0.28860462692697564,0,0.5
2,3,43,logistic_regression,668,830,0,0.3314914420790002,0,0.5
2,3,43,logistic_regression,672,0,0,0.21334037760289756,0,0.5
2,3,43,logistic_regression,679,822,0,0.25654194766475696,0,0.5
2,3,43,logistic_regression,681,793,0,0.24441253319825237,0,0.5
2,3,43,logistic_regression,688,510,1,0.2224950865187643,0,0.5
2,3,43,logistic_regression,692,74,0,0.27190757798694754,0,0.5
2,3,43,logistic_regression,694,486,0,0.27974063336537175,0,0.5
2,3,43,logistic_regression,695,538,0,0.2738583345933561,0,0.5
2,3,43,logistic_regression,696,138,0,0.22559880177176958,0,0.5
2,3,43,logistic_regression,703,42,0,0.2757416584524699,0,0.5
2,3,43,logistic_regression,710,449,0,0.2292242663927941,0,0.5
2,3,43,logistic_regression,712,317,0,0.22081945511181178,0,0.5
2,3,43,logistic_regression,716,144,0,0.2170213102849797,0,0.5
2,3,43,logistic_regression,717,731,0,0.27517553984008203,0,0.5
2,3,43,logistic_regression,718,246,0,0.21268635349090365,0,0.5
2,3,43,logistic_regression,721,655,0,0.2333105980046866,0,0.5
2,3,43,logistic_regression,723,124,0,0.23118110220368687,0,0.5
2,3,43,logistic_regression,724,554,0,0.22331089101137544,0,0.5
2,3,43,logistic_regression,732,417,0,0.21514284621018676,0,0.5
2,3,43,logistic_regression,742,156,0,0.30365989625596357,0,0.5
2,3,43,logistic_regression,747,218,0,0.22076495592610743,0,0.5
2,3,43,logistic_regression,762,139,0,0.17370406285609552,0,0.5
2,3,43,logistic_regression,764,281,0,0.2463060535499294,0,0.5
2,3,43,logistic_regression,769,415,0,0.17875822410693357,0,0.5
2,3,43,logistic_regression,774,801,0,0.3086416050761401,0,0.5
2,3,43,logistic_regression,775,455,0,0.22395044249840812,0,0.5
2,3,43,logistic_regression,780,110,0,0.21866634395772105,0,0.5
2,3,43,logistic_regression,792,314,0,0.1829994126957253,0,0.5
2,3,43,logistic_regression,793,353,0,0.21962567968895916,0,0.5
2,3,43,logistic_regression,794,175,0,0.17419310527606985,0,0.5
2,3,43,logistic_regression,806,62,0,0.218792200542338,0,0.5
2,3,43,logistic_regression,807,717,0,0.3400418213019574,0,0.5
2,3,43,logistic_regression,812,4,0,0.260239233696745,0,0.5
2,3,43,logistic_regression,817,516,0,0.2823942995034915,0,0.5
2,3,43,logistic_regression,819,2,0,0.22925445117800577,0,0.5
2,3,43,logistic_regression,824,720,0,0.22842112886784335,0,0.5
2,3,43,logistic_regression,832,561,0,0.21970840641824602,0,0.5
2,3,43,logistic_regression,835,332,0,0.219521852291054,0,0.5
2,3,43,logistic_regression,838,694,0,0.23686922946200742,0,0.5
2,3,43,logistic_regression,840,346,0,0.23220462652447868,0,0.5
2,3,43,logistic_regression,841,297,0,0.21716832639541375,0,0.5
2,3,43,logistic_regression,844,444,0,0.25007908291802805,0,0.5
2,3,43,logistic_regression,845,132,0,0.21680035828276797,0,0.5
2,3,43,logistic_regression,851,298,0,0.2210705996309229,0,0.5
2,3,43,xgboost,12,812,0,0.11224135011434555,0,0.5
2,3,43,xgboost,19,773,0,0.07404521107673645,0,0.5
2,3,43,xgboost,35,737,0,0.05993740260601044,0,0.5
2,3,43,xgboost,37,747,0,0.052502624690532684,0,0.5
2,3,43,xgboost,48,780,0,0.0963187962770462,0,0.5
2,3,43,xgboost,49,739,0,0.06388827413320541,0,0.5
2,3,43,xgboost,57,647,0,0.05275455862283707,0,0.5
2,3,43,xgboost,59,692,0,0.12108995020389557,0,0.5
2,3,43,xgboost,60,673,0,0.05195009708404541,0,0.5
2,3,43,xgboost,66,673,0,0.05195009708404541,0,0.5
2,3,43,xgboost,76,675,0,0.04358808323740959,0,0.5
2,3,43,xgboost,79,684,0,0.0669039711356163,0,0.5
2,3,43,xgboost,80,630,0,0.05547100305557251,0,0.5
2,3,43,xgboost,84,713,0,0.10161647200584412,0,0.5
2,3,43,xgboost,86,718,0,0.03847181797027588,0,0.5
2,3,43,xgboost,89,632,0,0.05080363154411316,0,0.5
2,3,43,xgboost,98,584,0,0.033828508108854294,0,0.5
2,3,43,xgboost,100,669,0,0.046514589339494705,0,0.5
2,3,43,xgboost,101,580,0,0.1841011792421341,0,0.5
2,3,43,xgboost,103,754,1,0.11432326585054398,0,0.5
2,3,43,xgboost,106,577,0,0.12951168417930603,0,0.5
2,3,43,xgboost,109,612,0,0.031829461455345154,0,0.5
2,3,43,xgboost,110,619,0,0.04284844174981117,0,0.5
2,3,43,xgboost,116,597,0,0.05891638994216919,0,0.5
2,3,43,xgboost,130,492,0,0.051532454788684845,0,0.5
2,3,43,xgboost,132,565,0,0.04837808012962341,0,0.5
2,3,43,xgboost,136,586,0,0.0383698008954525,0,0.5
2,3,43,xgboost,137,537,0,0.05560755729675293,0,0.5
2,3,43,xgboost,139,556,0,0.06260061264038086,0,0.5
2,3,43,xgboost,140,553,0,0.06498792767524719,0,0.5
2,3,43,xgboost,146,576,0,0.06082553416490555,0,0.5
2,3,43,xgboost,147,533,0,0.09891527146100998,0,0.5
2,3,43,xgboost,156,448,0,0.031630806624889374,0,0.5
2,3,43,xgboost,157,545,0,0.0460747629404068,0,0.5
2,3,43,xgboost,159,463,0,0.04339165240526199,0,0.5
2,3,43,xgboost,165,572,0,0.14150966703891754,0,0.5
2,3,43,xgboost,168,535,0,0.06533784419298172,0,0.5
2,3,43,xgboost,172,522,0,0.09391360729932785,0,0.5
2,3,43,xgboost,181,462,0,0.051676515489816666,0,0.5
2,3,43,xgboost,187,501,0,0.11597473174333572,0,0.5
2,3,43,xgboost,191,527,0,0.03690492361783981,0,0.5
2,3,43,xgboost,193,445,0,0.02259797789156437,0,0.5
2,3,43,xgboost,195,429,0,0.03743671253323555,0,0.5
2,3,43,xgboost,200,443,0,0.05552898719906807,0,0.5
2,3,43,xgboost,205,388,1,0.05552898719906807,0,0.5
2,3,43,xgboost,209,387,0,0.06025785580277443,0,0.5
2,3,43,xgboost,212,431,0,0.09848898649215698,0,0.5
2,3,43,xgboost,216,531,1,0.050054457038640976,0,0.5
2,3,43,xgboost,218,503,0,0.05560755729675293,0,0.5
2,3,43,xgboost,220,406,0,0.03223768249154091,0,0.5
2,3,43,xgboost,224,351,1,0.1822812706232071,0,0.5
2,3,43,xgboost,227,394,0,0.13024303317070007,0,0.5
2,3,43,xgboost,233,345,0,0.03881494700908661,0,0.5
2,3,43,xgboost,234,406,0,0.03223768249154091,0,0.5
2,3,43,xgboost,242,555,0,0.047074444591999054,0,0.5
2,3,43,xgboost,249,270,0,0.038031239062547684,0,0.5
2,3,43,xgboost,264,259,1,0.03357584774494171,0,0.5
2,3,43,xgboost,270,211,0,0.05713735893368721,0,0.5
2,3,43,xgboost,271,359,0,0.03223768249154091,0,0.5
2,3,43,xgboost,272,330,0,0.06183481588959694,0,0.5
2,3,43,xgboost,283,389,0,0.052399806678295135,0,0.5
2,3,43,xgboost,290,204,0,0.043626993894577026,0,0.5
2,3,43,xgboost,303,386,0,0.03881494700908661,0,0.5
2,3,43,xgboost,311,368,0,0.04810271039605141,0,0.5
2,3,43,xgboost,320,271,1,0.03296108916401863,0,0.5
2,3,43,xgboost,334,229,0,0.06019024923443794,0,0.5
2,3,43,xgboost,338,200,0,0.037695664912462234,0,0.5
2,3,43,xgboost,339,182,0,0.05872923880815506,0,0.5
2,3,43,xgboost,345,276,1,0.03726351633667946,0,0.5
2,3,43,xgboost,357,258,0,0.023354478180408478,0,0.5
2,3,43,xgboost,361,199,0,0.05872923880815506,0,0.5
2,3,43,xgboost,362,160,0,0.04366520792245865,0,0.5
2,3,43,xgboost,379,224,0,0.04259326681494713,0,0.5
2,3,43,xgboost,385,234,0,0.04302145540714264,0,0.5
2,3,43,xgboost,387,266,0,0.05286227539181709,0,0.5
2,3,43,xgboost,390,179,0,0.05872923880815506,0,0.5
2,3,43,xgboost,392,120,0,0.038535889238119125,0,0.5
2,3,43,xgboost,396,100,0,0.022454971447587013,0,0.5
2,3,43,xgboost,397,137,0,0.08186033368110657,0,0.5
2,3,43,xgboost,409,54,0,0.03422192856669426,0,0.5
2,3,43,xgboost,410,171,0,0.04793054610490799,0,0.5
2,3,43,xgboost,417,158,0,0.03490545600652695,0,0.5
2,3,43,xgboost,426,114,0,0.12241895496845245,0,0.5
2,3,43,xgboost,429,73,0,0.03946957364678383,0,0.5
2,3,43,xgboost,435,54,0,0.03422192856669426,0,0.5
2,3,43,xgboost,436,39,0,0.021691221743822098,0,0.5
2,3,43,xgboost,449,75,0,0.032630570232868195,0,0.5
2,3,43,xgboost,456,24,0,0.0367736779153347,0,0.5
2,3,43,xgboost,469,16,0,0.03422192856669426,0,0.5
2,3,43,xgboost,470,764,0,0.05557011812925339,0,0.5
2,3,43,xgboost,471,94,0,0.03117045946419239,0,0.5
2,3,43,xgboost,487,483,0,0.043932635337114334,0,0.5
2,3,43,xgboost,494,165,0,0.060188546776771545,0,0.5
2,3,43,xgboost,510,17,0,0.031116440892219543,0,0.5
2,3,43,xgboost,511,38,0,0.03422192856669426,0,0.5
2,3,43,xgboost,517,514,0,0.04819830134510994,0,0.5
2,3,43,xgboost,518,362,0,0.04339165240526199,0,0.5
2,3,43,xgboost,521,791,0,0.05450936406850815,0,0.5
2,3,43,xgboost,524,628,0,0.10240010172128677,0,0.5
2,3,43,xgboost,526,469,0,0.05111753195524216,0,0.5
2,3,43,xgboost,536,24,0,0.0367736779153347,0,0.5
2,3,43,xgboost,540,188,0,0.03975653275847435,0,0.5
2,3,43,xgboost,541,474,0,0.04487209394574165,0,0.5
2,3,43,xgboost,545,532,0,0.08319751173257828,0,0.5
2,3,43,xgboost,550,191,0,0.05104614794254303,0,0.5
2,3,43,xgboost,551,639,0,0.03868511691689491,0,0.5
2,3,43,xgboost,552,105,0,0.02111992798745632,0,0.5
2,3,43,xgboost,554,20,0,0.031116440892219543,0,0.5
2,3,43,xgboost,559,162,0,0.04455871507525444,0,0.5
2,3,43,xgboost,562,282,0,0.03850913420319557,0,0.5
2,3,43,xgboost,570,559,0,0.0460747629404068,0,0.5
2,3,43,xgboost,575,54,0,0.03422192856669426,0,0.5
2,3,43,xgboost,578,126,1,0.04949675127863884,0,0.5
2,3,43,xgboost,579,730,0,0.04475506395101547,0,0.5
2,3,43,xgboost,595,248,0,0.032372307032346725,0,0.5
2,3,43,xgboost,597,133,0,0.1426762193441391,0,0.5
2,3,43,xgboost,598,54,1,0.03422192856669426,0,0.5
2,3,43,xgboost,608,135,0,0.03190736100077629,0,0.5
2,3,43,xgboost,609,416,0,0.042858611792325974,0,0.5
2,3,43,xgboost,624,118,0,0.0367501825094223,0,0.5
2,3,43,xgboost,629,336,0,0.04959405958652496,0,0.5
2,3,43,xgboost,632,226,0,0.03957764059305191,0,0.5
2,3,43,xgboost,644,285,0,0.04539741203188896,0,0.5
2,3,43,xgboost,651,788,0,0.06461744755506516,0,0.5
2,3,43,xgboost,656,294,0,0.05509904399514198,0,0.5
2,3,43,xgboost,658,85,0,0.03430412709712982,0,0.5
2,3,43,xgboost,664,756,1,0.2546319365501404,0,0.5
2,3,43,xgboost,668,830,0,0.09065406769514084,0,0.5
2,3,43,xgboost,672,0,0,0.0367736779153347,0,0.5
2,3,43,xgboost,679,822,0,0.08288771659135818,0,0.5
2,3,43,xgboost,681,793,0,0.0336456224322319,0,0.5
2,3,43,xgboost,688,510,1,0.04480791464447975,0,0.5
2,3,43,xgboost,692,74,0,0.08821733295917511,0,0.5
2,3,43,xgboost,694,486,0,0.08276327699422836,0,0.5
2,3,43,xgboost,695,538,0,0.09250812232494354,0,0.5
2,3,43,xgboost,696,138,0,0.051160119473934174,0,0.5
2,3,43,xgboost,703,42,0,0.07838214188814163,0,0.5
2,3,43,xgboost,710,449,0,0.04307299107313156,0,0.5
2,3,43,xgboost,712,317,0,0.051676515489816666,0,0.5
2,3,43,xgboost,716,144,0,0.03945295512676239,0,0.5
2,3,43,xgboost,717,731,0,0.09998384118080139,0,0.5
2,3,43,xgboost,718,246,0,0.06283114105463028,0,0.5
2,3,43,xgboost,721,655,0,0.04892631620168686,0,0.5
2,3,43,xgboost,723,124,0,0.05427471548318863,0,0.5
2,3,43,xgboost,724,554,0,0.05060214176774025,0,0.5
2,3,43,xgboost,732,417,0,0.05552898719906807,0,0.5
2,3,43,xgboost,742,156,0,0.12769505381584167,0,0.5
2,3,43,xgboost,747,218,0,0.05713735893368721,0,0.5
2,3,43,xgboost,762,139,0,0.031609877943992615,0,0.5
2,3,43,xgboost,764,281,0,0.0634017139673233,0,0.5
2,3,43,xgboost,769,415,0,0.022814666852355003,0,0.5
2,3,43,xgboost,774,801,0,0.07065622508525848,0,0.5
2,3,43,xgboost,775,455,0,0.03768736869096756,0,0.5
2,3,43,xgboost,780,110,0,0.03474662825465202,0,0.5
2,3,43,xgboost,792,314,0,0.02259797789156437,0,0.5
2,3,43,xgboost,793,353,0,0.051676515489816666,0,0.5
2,3,43,xgboost,794,175,0,0.02337755262851715,0,0.5
2,3,43,xgboost,806,62,0,0.0363544262945652,0,0.5
2,3,43,xgboost,807,717,0,0.09264238178730011,0,0.5
2,3,43,xgboost,812,4,0,0.07573144882917404,0,0.5
2,3,43,xgboost,817,516,0,0.07973583042621613,0,0.5
2,3,43,xgboost,819,2,0,0.053664516657590866,0,0.5
2,3,43,xgboost,824,720,0,0.04676093906164169,0,0.5
2,3,43,xgboost,832,561,0,0.047642190009355545,0,0.5
2,3,43,xgboost,835,332,0,0.03889474272727966,0,0.5
2,3,43,xgboost,838,694,0,0.05195009708404541,0,0.5
2,3,43,xgboost,840,346,0,0.03385966271162033,0,0.5
2,3,43,xgboost,841,297,0,0.03716509789228439,0,0.5
2,3,43,xgboost,844,444,0,0.03399796783924103,0,0.5
2,3,43,xgboost,845,132,0,0.03629552945494652,0,0.5
2,3,43,xgboost,851,298,0,0.03881494700908661,0,0.5
2,4,43,dummy_prior,7,413,0,0.0641399416909621,0,0.5
2,4,43,dummy_prior,11,450,0,0.0641399416909621,0,0.5
2,4,43,dummy_prior,16,790,0,0.0641399416909621,0,0.5
2,4,43,dummy_prior,20,797,0,0.0641399416909621,0,0.5
2,4,43,dummy_prior,22,766,1,0.0641399416909621,0,0.5
2,4,43,dummy_prior,29,745,0,0.0641399416909621,0,0.5
2,4,43,dummy_prior,30,782,0,0.0641399416909621,0,0.5
2,4,43,dummy_prior,32,738,0,0.0641399416909621,0,0.5
2,4,43,dummy_prior,46,716,0,0.0641399416909621,0,0.5
2,4,43,dummy_prior,54,708,0,0.0641399416909621,0,0.5
2,4,43,dummy_prior,63,629,0,0.0641399416909621,0,0.5
2,4,43,dummy_prior,64,750,1,0.0641399416909621,0,0.5
2,4,43,dummy_prior,70,727,0,0.0641399416909621,0,0.5
2,4,43,dummy_prior,71,677,0,0.0641399416909621,0,0.5
2,4,43,dummy_prior,77,646,0,0.0641399416909621,0,0.5
2,4,43,dummy_prior,90,707,0,0.0641399416909621,0,0.5
2,4,43,dummy_prior,92,649,0,0.0641399416909621,0,0.5
2,4,43,dummy_prior,93,631,1,0.0641399416909621,0,0.5
2,4,43,dummy_prior,94,637,0,0.0641399416909621,0,0.5
2,4,43,dummy_prior,107,653,0,0.0641399416909621,0,0.5
2,4,43,dummy_prior,108,611,0,0.0641399416909621,0,0.5
2,4,43,dummy_prior,111,626,0,0.0641399416909621,0,0.5
2,4,43,dummy_prior,117,570,0,0.0641399416909621,0,0.5
2,4,43,dummy_prior,126,588,0,0.0641399416909621,0,0.5
2,4,43,dummy_prior,127,520,0,0.0641399416909621,0,0.5
2,4,43,dummy_prior,129,557,0,0.0641399416909621,0,0.5
2,4,43,dummy_prior,131,581,1,0.0641399416909621,0,0.5
2,4,43,dummy_prior,142,591,0,0.0641399416909621,0,0.5
2,4,43,dummy_prior,158,617,0,0.0641399416909621,0,0.5
2,4,43,dummy_prior,160,484,0,0.0641399416909621,0,0.5
2,4,43,dummy_prior,161,490,0,0.0641399416909621,0,0.5
2,4,43,dummy_prior,169,108,0,0.0641399416909621,0,0.5
2,4,43,dummy_prior,173,529,0,0.0641399416909621,0,0.5
2,4,43,dummy_prior,175,412,0,0.0641399416909621,0,0.5
2,4,43,dummy_prior,179,548,0,0.0641399416909621,0,0.5
2,4,43,dummy_prior,184,411,0,0.0641399416909621,0,0.5
2,4,43,dummy_prior,192,459,0,0.0641399416909621,0,0.5
2,4,43,dummy_prior,197,442,0,0.0641399416909621,0,0.5
2,4,43,dummy_prior,203,494,1,0.0641399416909621,0,0.5
2,4,43,dummy_prior,210,399,0,0.0641399416909621,0,0.5
2,4,43,dummy_prior,213,500,0,0.0641399416909621,0,0.5
2,4,43,dummy_prior,215,372,0,0.0641399416909621,0,0.5
2,4,43,dummy_prior,228,585,0,0.0641399416909621,0,0.5
2,4,43,dummy_prior,237,347,0,0.0641399416909621,0,0.5
2,4,43,dummy_prior,240,334,0,0.0641399416909621,0,0.5
2,4,43,dummy_prior,248,381,0,0.0641399416909621,0,0.5
2,4,43,dummy_prior,250,379,0,0.0641399416909621,0,0.5
2,4,43,dummy_prior,251,284,0,0.0641399416909621,0,0.5
2,4,43,dummy_prior,255,379,0,0.0641399416909621,0,0.5
2,4,43,dummy_prior,262,295,0,0.0641399416909621,0,0.5
2,4,43,dummy_prior,265,247,0,0.0641399416909621,0,0.5
2,4,43,dummy_prior,268,305,0,0.0641399416909621,0,0.5
2,4,43,dummy_prior,274,349,0,0.0641399416909621,0,0.5
2,4,43,dummy_prior,275,237,0,0.0641399416909621,0,0.5
2,4,43,dummy_prior,277,168,0,0.0641399416909621,0,0.5
2,4,43,dummy_prior,278,267,0,0.0641399416909621,0,0.5
2,4,43,dummy_prior,282,219,0,0.0641399416909621,0,0.5
2,4,43,dummy_prior,295,283,0,0.0641399416909621,0,0.5
2,4,43,dummy_prior,298,333,0,0.0641399416909621,0,0.5
2,4,43,dummy_prior,300,301,0,0.0641399416909621,0,0.5
2,4,43,dummy_prior,306,436,0,0.0641399416909621,0,0.5
2,4,43,dummy_prior,324,654,0,0.0641399416909621,0,0.5
2,4,43,dummy_prior,333,274,0,0.0641399416909621,0,0.5
2,4,43,dummy_prior,347,131,0,0.0641399416909621,0,0.5
2,4,43,dummy_prior,348,125,0,0.0641399416909621,0,0.5
2,4,43,dummy_prior,349,235,0,0.0641399416909621,0,0.5
2,4,43,dummy_prior,351,155,0,0.0641399416909621,0,0.5
2,4,43,dummy_prior,352,152,0,0.0641399416909621,0,0.5
2,4,43,dummy_prior,365,178,0,0.0641399416909621,0,0.5
2,4,43,dummy_prior,367,127,0,0.0641399416909621,0,0.5
2,4,43,dummy_prior,369,82,0,0.0641399416909621,0,0.5
2,4,43,dummy_prior,383,134,1,0.0641399416909621,0,0.5
2,4,43,dummy_prior,394,184,0,0.0641399416909621,0,0.5
2,4,43,dummy_prior,395,82,0,0.0641399416909621,0,0.5
2,4,43,dummy_prior,398,115,0,0.0641399416909621,0,0.5
2,4,43,dummy_prior,404,88,0,0.0641399416909621,0,0.5
2,4,43,dummy_prior,414,186,0,0.0641399416909621,0,0.5
2,4,43,dummy_prior,416,70,0,0.0641399416909621,0,0.5
2,4,43,dummy_prior,423,51,0,0.0641399416909621,0,0.5
2,4,43,dummy_prior,425,35,0,0.0641399416909621,0,0.5
2,4,43,dummy_prior,428,29,0,0.0641399416909621,0,0.5
2,4,43,dummy_prior,431,70,0,0.0641399416909621,0,0.5
2,4,43,dummy_prior,433,28,0,0.0641399416909621,0,0.5
2,4,43,dummy_prior,434,192,1,0.0641399416909621,0,0.5
2,4,43,dummy_prior,437,26,0,0.0641399416909621,0,0.5
2,4,43,dummy_prior,442,26,0,0.0641399416909621,0,0.5
2,4,43,dummy_prior,455,77,0,0.0641399416909621,0,0.5
2,4,43,dummy_prior,458,35,0,0.0641399416909621,0,0.5
2,4,43,dummy_prior,459,3,0,0.0641399416909621,0,0.5
2,4,43,dummy_prior,462,68,0,0.0641399416909621,0,0.5
2,4,43,dummy_prior,465,43,0,0.0641399416909621,0,0.5
2,4,43,dummy_prior,472,682,1,0.0641399416909621,0,0.5
2,4,43,dummy_prior,474,640,0,0.0641399416909621,0,0.5
2,4,43,dummy_prior,484,371,0,0.0641399416909621,0,0.5
2,4,43,dummy_prior,485,286,0,0.0641399416909621,0,0.5
2,4,43,dummy_prior,491,122,0,0.0641399416909621,0,0.5
2,4,43,dummy_prior,501,610,0,0.0641399416909621,0,0.5
2,4,43,dummy_prior,503,735,0,0.0641399416909621,0,0.5
2,4,43,dummy_prior,509,384,0,0.0641399416909621,0,0.5
2,4,43,dummy_prior,528,547,0,0.0641399416909621,0,0.5
2,4,43,dummy_prior,533,425,0,0.0641399416909621,0,0.5
2,4,43,dummy_prior,542,146,0,0.0641399416909621,0,0.5
2,4,43,dummy_prior,544,50,0,0.0641399416909621,0,0.5
2,4,43,dummy_prior,546,213,0,0.0641399416909621,0,0.5
2,4,43,dummy_prior,553,636,0,0.0641399416909621,0,0.5
2,4,43,dummy_prior,556,772,0,0.0641399416909621,0,0.5
2,4,43,dummy_prior,561,208,0,0.0641399416909621,0,0.5
2,4,43,dummy_prior,563,712,0,0.0641399416909621,0,0.5
2,4,43,dummy_prior,564,426,0,0.0641399416909621,0,0.5
2,4,43,dummy_prior,567,383,0,0.0641399416909621,0,0.5
2,4,43,dummy_prior,569,802,0,0.0641399416909621,0,0.5
2,4,43,dummy_prior,576,464,0,0.0641399416909621,0,0.5
2,4,43,dummy_prior,581,59,0,0.0641399416909621,0,0.5
2,4,43,dummy_prior,585,648,0,0.0641399416909621,0,0.5
2,4,43,dummy_prior,588,813,0,0.0641399416909621,0,0.5
2,4,43,dummy_prior,589,784,0,0.0641399416909621,0,0.5
2,4,43,dummy_prior,594,193,0,0.0641399416909621,0,0.5
2,4,43,dummy_prior,596,83,0,0.0641399416909621,0,0.5
2,4,43,dummy_prior,615,706,0,0.0641399416909621,0,0.5
2,4,43,dummy_prior,618,130,0,0.0641399416909621,0,0.5
2,4,43,dummy_prior,620,363,0,0.0641399416909621,0,0.5
2,4,43,dummy_prior,625,92,0,0.0641399416909621,0,0.5
2,4,43,dummy_prior,631,187,0,0.0641399416909621,0,0.5
2,4,43,dummy_prior,633,261,0,0.0641399416909621,0,0.5
2,4,43,dummy_prior,634,478,0,0.0641399416909621,0,0.5
2,4,43,dummy_prior,635,714,0,0.0641399416909621,0,0.5
2,4,43,dummy_prior,640,625,0,0.0641399416909621,0,0.5
2,4,43,dummy_prior,642,512,0,0.0641399416909621,0,0.5
2,4,43,dummy_prior,647,277,0,0.0641399416909621,0,0.5
2,4,43,dummy_prior,648,95,0,0.0641399416909621,0,0.5
2,4,43,dummy_prior,652,826,0,0.0641399416909621,0,0.5
2,4,43,dummy_prior,653,216,1,0.0641399416909621,0,0.5
2,4,43,dummy_prior,667,829,0,0.0641399416909621,0,0.5
2,4,43,dummy_prior,669,755,0,0.0641399416909621,0,0.5
2,4,43,dummy_prior,670,817,1,0.0641399416909621,0,0.5
2,4,43,dummy_prior,673,819,1,0.0641399416909621,0,0.5
2,4,43,dummy_prior,674,795,0,0.0641399416909621,0,0.5
2,4,43,dummy_prior,676,828,0,0.0641399416909621,0,0.5
2,4,43,dummy_prior,678,609,0,0.0641399416909621,0,0.5
2,4,43,dummy_prior,690,8,0,0.0641399416909621,0,0.5
2,4,43,dummy_prior,698,473,0,0.0641399416909621,0,0.5
2,4,43,dummy_prior,700,479,0,0.0641399416909621,0,0.5
2,4,43,dummy_prior,708,254,0,0.0641399416909621,0,0.5
2,4,43,dummy_prior,714,521,0,0.0641399416909621,0,0.5
2,4,43,dummy_prior,727,589,0,0.0641399416909621,0,0.5
2,4,43,dummy_prior,734,564,0,0.0641399416909621,0,0.5
2,4,43,dummy_prior,736,725,0,0.0641399416909621,0,0.5
2,4,43,dummy_prior,738,477,0,0.0641399416909621,0,0.5
2,4,43,dummy_prior,743,540,0,0.0641399416909621,0,0.5
2,4,43,dummy_prior,750,99,0,0.0641399416909621,0,0.5
2,4,43,dummy_prior,751,778,0,0.0641399416909621,0,0.5
2,4,43,dummy_prior,758,578,0,0.0641399416909621,0,0.5
2,4,43,dummy_prior,759,101,0,0.0641399416909621,0,0.5
2,4,43,dummy_prior,763,785,0,0.0641399416909621,0,0.5
2,4,43,dummy_prior,766,206,0,0.0641399416909621,0,0.5
2,4,43,dummy_prior,768,422,0,0.0641399416909621,0,0.5
2,4,43,dummy_prior,776,45,0,0.0641399416909621,0,0.5
2,4,43,dummy_prior,777,744,0,0.0641399416909621,0,0.5
2,4,43,dummy_prior,782,528,0,0.0641399416909621,0,0.5
2,4,43,dummy_prior,795,690,0,0.0641399416909621,0,0.5
2,4,43,dummy_prior,798,396,0,0.0641399416909621,0,0.5
2,4,43,dummy_prior,799,141,0,0.0641399416909621,0,0.5
2,4,43,dummy_prior,802,14,0,0.0641399416909621,0,0.5
2,4,43,dummy_prior,808,544,0,0.0641399416909621,0,0.5
2,4,43,dummy_prior,815,549,0,0.0641399416909621,0,0.5
2,4,43,dummy_prior,830,699,0,0.0641399416909621,0,0.5
2,4,43,dummy_prior,834,569,0,0.0641399416909621,0,0.5
2,4,43,dummy_prior,837,606,0,0.0641399416909621,0,0.5
2,4,43,dummy_prior,847,574,0,0.0641399416909621,0,0.5
2,4,43,dummy_prior,850,117,0,0.0641399416909621,0,0.5
2,4,43,dummy_prior,854,616,0,0.0641399416909621,0,0.5
2,4,43,dummy_prior,855,377,0,0.0641399416909621,0,0.5
2,4,43,logistic_regression,7,413,0,0.24012842040711874,0,0.5
2,4,43,logistic_regression,11,450,0,0.24386814370912324,0,0.5
2,4,43,logistic_regression,16,790,0,0.21657854234735124,0,0.5
2,4,43,logistic_regression,20,797,0,0.2680804381517129,0,0.5
2,4,43,logistic_regression,22,766,1,0.27719529760562267,0,0.5
2,4,43,logistic_regression,29,745,0,0.2102435023783987,0,0.5
2,4,43,logistic_regression,30,782,0,0.3077565227391573,0,0.5
2,4,43,logistic_regression,32,738,0,0.23226721631796782,0,0.5
2,4,43,logistic_regression,46,716,0,0.2983508675205644,0,0.5
2,4,43,logistic_regression,54,708,0,0.2538840714496291,0,0.5
2,4,43,logistic_regression,63,629,0,0.346825955795715,0,0.5
2,4,43,logistic_regression,64,750,1,0.27361849892164786,0,0.5
2,4,43,logistic_regression,70,727,0,0.2666177841541064,0,0.5
2,4,43,logistic_regression,71,677,0,0.14817595142806655,0,0.5
2,4,43,logistic_regression,77,646,0,0.2184127256569985,0,0.5
2,4,43,logistic_regression,90,707,0,0.1919464415053898,0,0.5
2,4,43,logistic_regression,92,649,0,0.261077299975064,0,0.5
2,4,43,logistic_regression,93,631,1,0.21195212008341743,0,0.5
2,4,43,logistic_regression,94,637,0,0.2337291803164198,0,0.5
2,4,43,logistic_regression,107,653,0,0.23091158353078783,0,0.5
2,4,43,logistic_regression,108,611,0,0.24909539315826218,0,0.5
2,4,43,logistic_regression,111,626,0,0.21156984167121545,0,0.5
2,4,43,logistic_regression,117,570,0,0.2414675047517879,0,0.5
2,4,43,logistic_regression,126,588,0,0.23229533201538813,0,0.5
2,4,43,logistic_regression,127,520,0,0.25924767486419364,0,0.5
2,4,43,logistic_regression,129,557,0,0.241829118798837,0,0.5
2,4,43,logistic_regression,131,581,1,0.40739135743117905,0,0.5
2,4,43,logistic_regression,142,591,0,0.20989263288040041,0,0.5
2,4,43,logistic_regression,158,617,0,0.23117394446079667,0,0.5
2,4,43,logistic_regression,160,484,0,0.25049740112171165,0,0.5
2,4,43,logistic_regression,161,490,0,0.23468292488485715,0,0.5
2,4,43,logistic_regression,169,108,0,0.23599317106696618,0,0.5
2,4,43,logistic_regression,173,529,0,0.3870746411546289,0,0.5
2,4,43,logistic_regression,175,412,0,0.22080811211212933,0,0.5
2,4,43,logistic_regression,179,548,0,0.24543798265216238,0,0.5
2,4,43,logistic_regression,184,411,0,0.2320816544382082,0,0.5
2,4,43,logistic_regression,192,459,0,0.22676784000732297,0,0.5
2,4,43,logistic_regression,197,442,0,0.2666214915052923,0,0.5
2,4,43,logistic_regression,203,494,1,0.2987902167784384,0,0.5
2,4,43,logistic_regression,210,399,0,0.24639731101991635,0,0.5
2,4,43,logistic_regression,213,500,0,0.3676394646767396,0,0.5
2,4,43,logistic_regression,215,372,0,0.21168901208709676,0,0.5
2,4,43,logistic_regression,228,585,0,0.1850112477026896,0,0.5
2,4,43,logistic_regression,237,347,0,0.3103411483194392,0,0.5
2,4,43,logistic_regression,240,334,0,0.22862987129936255,0,0.5
2,4,43,logistic_regression,248,381,0,0.23801489574534948,0,0.5
2,4,43,logistic_regression,250,379,0,0.21707560718763,0,0.5
2,4,43,logistic_regression,251,284,0,0.21851587908162579,0,0.5
2,4,43,logistic_regression,255,379,0,0.21707560718763,0,0.5
2,4,43,logistic_regression,262,295,0,0.25621420875709555,0,0.5
2,4,43,logistic_regression,265,247,0,0.25448358460907283,0,0.5
2,4,43,logistic_regression,268,305,0,0.2280594630943013,0,0.5
2,4,43,logistic_regression,274,349,0,0.22969734289570368,0,0.5
2,4,43,logistic_regression,275,237,0,0.23173221623473972,0,0.5
2,4,43,logistic_regression,277,168,0,0.23088128478840073,0,0.5
2,4,43,logistic_regression,278,267,0,0.23326379521703508,0,0.5
2,4,43,logistic_regression,282,219,0,0.22681417673743387,0,0.5
2,4,43,logistic_regression,295,283,0,0.30329466862121984,0,0.5
2,4,43,logistic_regression,298,333,0,0.22017866351824558,0,0.5
2,4,43,logistic_regression,300,301,0,0.23542057788349458,0,0.5
2,4,43,logistic_regression,306,436,0,0.2162450870175288,0,0.5
2,4,43,logistic_regression,324,654,0,0.2112411556993908,0,0.5
2,4,43,logistic_regression,333,274,0,0.23634418483562766,0,0.5
2,4,43,logistic_regression,347,131,0,0.21964710457124645,0,0.5
2,4,43,logistic_regression,348,125,0,0.23403500089818777,0,0.5
2,4,43,logistic_regression,349,235,0,0.22046918993360995,0,0.5
2,4,43,logistic_regression,351,155,0,0.23025065293074684,0,0.5
2,4,43,logistic_regression,352,152,0,0.2328159141575654,0,0.5
2,4,43,logistic_regression,365,178,0,0.25963204715688165,0,0.5
2,4,43,logistic_regression,367,127,0,0.23092878148832147,0,0.5
2,4,43,logistic_regression,369,82,0,0.23151237747571637,0,0.5
2,4,43,logistic_regression,383,134,1,0.22184716945128954,0,0.5
2,4,43,logistic_regression,394,184,0,0.4204606742673909,0,0.5
2,4,43,logistic_regression,395,82,0,0.23151237747571637,0,0.5
2,4,43,logistic_regression,398,115,0,0.16832857029526557,0,0.5
2,4,43,logistic_regression,404,88,0,0.23507807587176857,0,0.5
2,4,43,logistic_regression,414,186,0,0.24018071794419457,0,0.5
2,4,43,logistic_regression,416,70,0,0.23570885808331477,0,0.5
2,4,43,logistic_regression,423,51,0,0.23621258316943863,0,0.5
2,4,43,logistic_regression,425,35,0,0.2331340696572615,0,0.5
2,4,43,logistic_regression,428,29,0,0.2405477304632998,0,0.5
2,4,43,logistic_regression,431,70,0,0.23570885808331477,0,0.5
2,4,43,logistic_regression,433,28,0,0.21943183740709088,0,0.5
2,4,43,logistic_regression,434,192,1,0.21773300862583175,0,0.5
2,4,43,logistic_regression,437,26,0,0.2332215101089284,0,0.5
2,4,43,logistic_regression,442,26,0,0.2332215101089284,0,0.5
2,4,43,logistic_regression,455,77,0,0.20700179522518264,0,0.5
2,4,43,logistic_regression,458,35,0,0.2331340696572615,0,0.5
2,4,43,logistic_regression,459,3,0,0.23376944850054782,0,0.5
2,4,43,logistic_regression,462,68,0,0.23282410986313212,0,0.5
2,4,43,logistic_regression,465,43,0,0.23521413044267897,0,0.5
2,4,43,logistic_regression,472,682,1,0.22134799737490424,0,0.5
2,4,43,logistic_regression,474,640,0,0.2414255723922723,0,0.5
2,4,43,logistic_regression,484,371,0,0.2311794567545109,0,0.5
2,4,43,logistic_regression,485,286,0,0.2358877796266948,0,0.5
2,4,43,logistic_regression,491,122,0,0.21826360281897306,0,0.5
2,4,43,logistic_regression,501,610,0,0.23558492095391867,0,0.5
2,4,43,logistic_regression,503,735,0,0.2491838151675815,0,0.5
2,4,43,logistic_regression,509,384,0,0.22089357686239322,0,0.5
2,4,43,logistic_regression,528,547,0,0.18603691110137485,0,0.5
2,4,43,logistic_regression,533,425,0,0.2305096960476537,0,0.5
2,4,43,logistic_regression,542,146,0,0.18245895340132856,0,0.5
2,4,43,logistic_regression,544,50,0,0.22155945774493857,0,0.5
2,4,43,logistic_regression,546,213,0,0.29877470289630864,0,0.5
2,4,43,logistic_regression,553,636,0,0.22155631214954133,0,0.5
2,4,43,logistic_regression,556,772,0,0.28215009294858645,0,0.5
2,4,43,logistic_regression,561,208,0,0.2188835079210063,0,0.5
2,4,43,logistic_regression,563,712,0,0.24713212253875635,0,0.5
2,4,43,logistic_regression,564,426,0,0.23468154658180276,0,0.5
2,4,43,logistic_regression,567,383,0,0.2498822627010789,0,0.5
2,4,43,logistic_regression,569,802,0,0.22647148572264825,0,0.5
2,4,43,logistic_regression,576,464,0,0.18474761511509574,0,0.5
2,4,43,logistic_regression,581,59,0,0.22431398989170473,0,0.5
2,4,43,logistic_regression,585,648,0,0.21377289614763564,0,0.5
2,4,43,logistic_regression,588,813,0,0.22856462820904283,0,0.5
2,4,43,logistic_regression,589,784,0,0.2224301468188949,0,0.5
2,4,43,logistic_regression,594,193,0,0.2175374187234268,0,0.5
2,4,43,logistic_regression,596,83,0,0.2150400626662788,0,0.5
2,4,43,logistic_regression,615,706,0,0.29420292175001084,0,0.5
2,4,43,logistic_regression,618,130,0,0.2169523370177447,0,0.5
2,4,43,logistic_regression,620,363,0,0.23130900195964654,0,0.5
2,4,43,logistic_regression,625,92,0,0.23249989374418684,0,0.5
2,4,43,logistic_regression,631,187,0,0.24468032284449281,0,0.5
2,4,43,logistic_regression,633,261,0,0.1841151151970536,0,0.5
2,4,43,logistic_regression,634,478,0,0.2341714616940126,0,0.5
2,4,43,logistic_regression,635,714,0,0.22319231357425093,0,0.5
2,4,43,logistic_regression,640,625,0,0.2427965580255983,0,0.5
2,4,43,logistic_regression,642,512,0,0.2372594356625718,0,0.5
2,4,43,logistic_regression,647,277,0,0.2192737862537703,0,0.5
2,4,43,logistic_regression,648,95,0,0.5192002303780806,1,0.5
2,4,43,logistic_regression,652,826,0,0.2914152209969629,0,0.5
2,4,43,logistic_regression,653,216,1,0.26679520299825554,0,0.5
2,4,43,logistic_regression,667,829,0,0.23774996923757333,0,0.5
2,4,43,logistic_regression,669,755,0,0.30835977074086274,0,0.5
2,4,43,logistic_regression,670,817,1,0.2838342859771146,0,0.5
2,4,43,logistic_regression,673,819,1,0.2673167017178959,0,0.5
2,4,43,logistic_regression,674,795,0,0.28647744313149487,0,0.5
2,4,43,logistic_regression,676,828,0,0.23775815386933222,0,0.5
2,4,43,logistic_regression,678,609,0,0.21440639625806307,0,0.5
2,4,43,logistic_regression,690,8,0,0.25886892363070824,0,0.5
2,4,43,logistic_regression,698,473,0,0.27536985457570157,0,0.5
2,4,43,logistic_regression,700,479,0,0.21855059960563683,0,0.5
2,4,43,logistic_regression,708,254,0,0.2729274719788303,0,0.5
2,4,43,logistic_regression,714,521,0,0.2383679784018415,0,0.5
2,4,43,logistic_regression,727,589,0,0.2436269415418396,0,0.5
2,4,43,logistic_regression,734,564,0,0.2577187114270197,0,0.5
2,4,43,logistic_regression,736,725,0,0.22573292157367716,0,0.5
2,4,43,logistic_regression,738,477,0,0.23321412742665013,0,0.5
2,4,43,logistic_regression,743,540,0,0.20068316471930622,0,0.5
2,4,43,logistic_regression,750,99,0,0.23403049424830633,0,0.5
2,4,43,logistic_regression,751,778,0,0.184681937034115,0,0.5
2,4,43,logistic_regression,758,578,0,0.23014665613406365,0,0.5
2,4,43,logistic_regression,759,101,0,0.2355327079499169,0,0.5
2,4,43,logistic_regression,763,785,0,0.2416557888240511,0,0.5
2,4,43,logistic_regression,766,206,0,0.23095108925387572,0,0.5
2,4,43,logistic_regression,768,422,0,0.23104503091220321,0,0.5
2,4,43,logistic_regression,776,45,0,0.23263490996605787,0,0.5
2,4,43,logistic_regression,777,744,0,0.22610005018541013,0,0.5
2,4,43,logistic_regression,782,528,0,0.23668045746804856,0,0.5
2,4,43,logistic_regression,795,690,0,0.29330874240607036,0,0.5
2,4,43,logistic_regression,798,396,0,0.23348479179059115,0,0.5
2,4,43,logistic_regression,799,141,0,0.23548455426998227,0,0.5
2,4,43,logistic_regression,802,14,0,0.21737669701844112,0,0.5
2,4,43,logistic_regression,808,544,0,0.25522262136091456,0,0.5
2,4,43,logistic_regression,815,549,0,0.2634732064833314,0,0.5
2,4,43,logistic_regression,830,699,0,0.2376435743292543,0,0.5
2,4,43,logistic_regression,834,569,0,0.2568892284642456,0,0.5
2,4,43,logistic_regression,837,606,0,0.2071532756527395,0,0.5
2,4,43,logistic_regression,847,574,0,0.22863387468547827,0,0.5
2,4,43,logistic_regression,850,117,0,0.23158675395247846,0,0.5
2,4,43,logistic_regression,854,616,0,0.2382677739374014,0,0.5
2,4,43,logistic_regression,855,377,0,0.2132356263404195,0,0.5
2,4,43,xgboost,7,413,0,0.055506303906440735,0,0.5
2,4,43,xgboost,11,450,0,0.055089693516492844,0,0.5
2,4,43,xgboost,16,790,0,0.046555910259485245,0,0.5
2,4,43,xgboost,20,797,0,0.2309626042842865,0,0.5
2,4,43,xgboost,22,766,1,0.12246005982160568,0,0.5
2,4,43,xgboost,29,745,0,0.040238045156002045,0,0.5
2,4,43,xgboost,30,782,0,0.17764630913734436,0,0.5
2,4,43,xgboost,32,738,0,0.1601111739873886,0,0.5
2,4,43,xgboost,46,716,0,0.055274222046136856,0,0.5
2,4,43,xgboost,54,708,0,0.10087045282125473,0,0.5
2,4,43,xgboost,63,629,0,0.17645934224128723,0,0.5
2,4,43,xgboost,64,750,1,0.16162393987178802,0,0.5
2,4,43,xgboost,70,727,0,0.19977302849292755,0,0.5
2,4,43,xgboost,71,677,0,0.027136124670505524,0,0.5
2,4,43,xgboost,77,646,0,0.030667800456285477,0,0.5
2,4,43,xgboost,90,707,0,0.02068309858441353,0,0.5
2,4,43,xgboost,92,649,0,0.04970397800207138,0,0.5
2,4,43,xgboost,93,631,1,0.034348566085100174,0,0.5
2,4,43,xgboost,94,637,0,0.05009382218122482,0,0.5
2,4,43,xgboost,107,653,0,0.051126740872859955,0,0.5
2,4,43,xgboost,108,611,0,0.08514851331710815,0,0.5
2,4,43,xgboost,111,626,0,0.0300377756357193,0,0.5
2,4,43,xgboost,117,570,0,0.020849615335464478,0,0.5
2,4,43,xgboost,126,588,0,0.0692649558186531,0,0.5
2,4,43,xgboost,127,520,0,0.07677997648715973,0,0.5
2,4,43,xgboost,129,557,0,0.03807344287633896,0,0.5
2,4,43,xgboost,131,581,1,0.19497287273406982,0,0.5
2,4,43,xgboost,142,591,0,0.03251025825738907,0,0.5
2,4,43,xgboost,158,617,0,0.04365389794111252,0,0.5
2,4,43,xgboost,160,484,0,0.03857511281967163,0,0.5
2,4,43,xgboost,161,490,0,0.051266852766275406,0,0.5
2,4,43,xgboost,169,108,0,0.06909360736608505,0,0.5
2,4,43,xgboost,173,529,0,0.12946274876594543,0,0.5
2,4,43,xgboost,175,412,0,0.061797674745321274,0,0.5
2,4,43,xgboost,179,548,0,0.07924117892980576,0,0.5
2,4,43,xgboost,184,411,0,0.07622813433408737,0,0.5
2,4,43,xgboost,192,459,0,0.06210458278656006,0,0.5
2,4,43,xgboost,197,442,0,0.07906258851289749,0,0.5
2,4,43,xgboost,203,494,1,0.16396039724349976,0,0.5
2,4,43,xgboost,210,399,0,0.05478757992386818,0,0.5
2,4,43,xgboost,213,500,0,0.13517722487449646,0,0.5
2,4,43,xgboost,215,372,0,0.04063624516129494,0,0.5
2,4,43,xgboost,228,585,0,0.027605365961790085,0,0.5
2,4,43,xgboost,237,347,0,0.07559169083833694,0,0.5
2,4,43,xgboost,240,334,0,0.04011823236942291,0,0.5
2,4,43,xgboost,248,381,0,0.051266852766275406,0,0.5
2,4,43,xgboost,250,379,0,0.06549784541130066,0,0.5
2,4,43,xgboost,251,284,0,0.05534570664167404,0,0.5
2,4,43,xgboost,255,379,0,0.06549784541130066,0,0.5
2,4,43,xgboost,262,295,0,0.06075368449091911,0,0.5
2,4,43,xgboost,265,247,0,0.09784591197967529,0,0.5
2,4,43,xgboost,268,305,0,0.055399227887392044,0,0.5
2,4,43,xgboost,274,349,0,0.051266852766275406,0,0.5
2,4,43,xgboost,275,237,0,0.08452644944190979,0,0.5
2,4,43,xgboost,277,168,0,0.07933307439088821,0,0.5
2,4,43,xgboost,278,267,0,0.08764147758483887,0,0.5
2,4,43,xgboost,282,219,0,0.06207793205976486,0,0.5
2,4,43,xgboost,295,283,0,0.09911049157381058,0,0.5
2,4,43,xgboost,298,333,0,0.04755180701613426,0,0.5
2,4,43,xgboost,300,301,0,0.03857511281967163,0,0.5
2,4,43,xgboost,306,436,0,0.05473363772034645,0,0.5
2,4,43,xgboost,324,654,0,0.042129021137952805,0,0.5
2,4,43,xgboost,333,274,0,0.07225922495126724,0,0.5
2,4,43,xgboost,347,131,0,0.04285837709903717,0,0.5
2,4,43,xgboost,348,125,0,0.07166904956102371,0,0.5
2,4,43,xgboost,349,235,0,0.047179728746414185,0,0.5
2,4,43,xgboost,351,155,0,0.04133962467312813,0,0.5
2,4,43,xgboost,352,152,0,0.05888093635439873,0,0.5
2,4,43,xgboost,365,178,0,0.06264539808034897,0,0.5
2,4,43,xgboost,367,127,0,0.07318894565105438,0,0.5
2,4,43,xgboost,369,82,0,0.07434871792793274,0,0.5
2,4,43,xgboost,383,134,1,0.043257683515548706,0,0.5
2,4,43,xgboost,394,184,0,0.2515680491924286,0,0.5
2,4,43,xgboost,395,82,0,0.07434871792793274,0,0.5
2,4,43,xgboost,398,115,0,0.02058286964893341,0,0.5
2,4,43,xgboost,404,88,0,0.05524304509162903,0,0.5
2,4,43,xgboost,414,186,0,0.060956306755542755,0,0.5
2,4,43,xgboost,416,70,0,0.053116995841264725,0,0.5
2,4,43,xgboost,423,51,0,0.05524304509162903,0,0.5
2,4,43,xgboost,425,35,0,0.05524304509162903,0,0.5
2,4,43,xgboost,428,29,0,0.053116995841264725,0,0.5
2,4,43,xgboost,431,70,0,0.053116995841264725,0,0.5
2,4,43,xgboost,433,28,0,0.041231848299503326,0,0.5
2,4,43,xgboost,434,192,1,0.07159555703401566,0,0.5
2,4,43,xgboost,437,26,0,0.053116995841264725,0,0.5
2,4,43,xgboost,442,26,0,0.053116995841264725,0,0.5
2,4,43,xgboost,455,77,0,0.09043596684932709,0,0.5
2,4,43,xgboost,458,35,0,0.05524304509162903,0,0.5
2,4,43,xgboost,459,3,0,0.05524304509162903,0,0.5
2,4,43,xgboost,462,68,0,0.05888093635439873,0,0.5
2,4,43,xgboost,465,43,0,0.053116995841264725,0,0.5
2,4,43,xgboost,472,682,1,0.053016990423202515,0,0.5
2,4,43,xgboost,474,640,0,0.0770413726568222,0,0.5
2,4,43,xgboost,484,371,0,0.0711187794804573,0,0.5
2,4,43,xgboost,485,286,0,0.07508205622434616,0,0.5
2,4,43,xgboost,491,122,0,0.055877767503261566,0,0.5
2,4,43,xgboost,501,610,0,0.031097106635570526,0,0.5
2,4,43,xgboost,503,735,0,0.03576474264264107,0,0.5
2,4,43,xgboost,509,384,0,0.0322808176279068,0,0.5
2,4,43,xgboost,528,547,0,0.02120884135365486,0,0.5
2,4,43,xgboost,533,425,0,0.07275567203760147,0,0.5
2,4,43,xgboost,542,146,0,0.02058286964893341,0,0.5
2,4,43,xgboost,544,50,0,0.029625102877616882,0,0.5
2,4,43,xgboost,546,213,0,0.11321043223142624,0,0.5
2,4,43,xgboost,553,636,0,0.05501184239983559,0,0.5
2,4,43,xgboost,556,772,0,0.0993720144033432,0,0.5
2,4,43,xgboost,561,208,0,0.05549704283475876,0,0.5
2,4,43,xgboost,563,712,0,0.11858610063791275,0,0.5
2,4,43,xgboost,564,426,0,0.02654130943119526,0,0.5
2,4,43,xgboost,567,383,0,0.15491420030593872,0,0.5
2,4,43,xgboost,569,802,0,0.04380354657769203,0,0.5
2,4,43,xgboost,576,464,0,0.019939273595809937,0,0.5
2,4,43,xgboost,581,59,0,0.0396210253238678,0,0.5
2,4,43,xgboost,585,648,0,0.03139178082346916,0,0.5
2,4,43,xgboost,588,813,0,0.040123485028743744,0,0.5
2,4,43,xgboost,589,784,0,0.06098105013370514,0,0.5
2,4,43,xgboost,594,193,0,0.060912951827049255,0,0.5
2,4,43,xgboost,596,83,0,0.06862879544496536,0,0.5
2,4,43,xgboost,615,706,0,0.15302060544490814,0,0.5
2,4,43,xgboost,618,130,0,0.048844028264284134,0,0.5
2,4,43,xgboost,620,363,0,0.05362503603100777,0,0.5
2,4,43,xgboost,625,92,0,0.05524304509162903,0,0.5
2,4,43,xgboost,631,187,0,0.0943240225315094,0,0.5
2,4,43,xgboost,633,261,0,0.024451974779367447,0,0.5
2,4,43,xgboost,634,478,0,0.08695235103368759,0,0.5
2,4,43,xgboost,635,714,0,0.04785051569342613,0,0.5
2,4,43,xgboost,640,625,0,0.0585617870092392,0,0.5
2,4,43,xgboost,642,512,0,0.09074129164218903,0,0.5
2,4,43,xgboost,647,277,0,0.04791416600346565,0,0.5
2,4,43,xgboost,648,95,0,0.15646900236606598,0,0.5
2,4,43,xgboost,652,826,0,0.07319983094930649,0,0.5
2,4,43,xgboost,653,216,1,0.08459366858005524,0,0.5
2,4,43,xgboost,667,829,0,0.05109493061900139,0,0.5
2,4,43,xgboost,669,755,0,0.040992219001054764,0,0.5
2,4,43,xgboost,670,817,1,0.18514077365398407,0,0.5
2,4,43,xgboost,673,819,1,0.098424032330513,0,0.5
2,4,43,xgboost,674,795,0,0.12460951507091522,0,0.5
2,4,43,xgboost,676,828,0,0.05267174914479256,0,0.5
2,4,43,xgboost,678,609,0,0.0590008907020092,0,0.5
2,4,43,xgboost,690,8,0,0.07410282641649246,0,0.5
2,4,43,xgboost,698,473,0,0.08639460802078247,0,0.5
2,4,43,xgboost,700,479,0,0.037359826266765594,0,0.5
2,4,43,xgboost,708,254,0,0.07955164462327957,0,0.5
2,4,43,xgboost,714,521,0,0.04694909602403641,0,0.5
2,4,43,xgboost,727,589,0,0.1179175078868866,0,0.5
2,4,43,xgboost,734,564,0,0.05620192736387253,0,0.5
2,4,43,xgboost,736,725,0,0.060588158667087555,0,0.5
2,4,43,xgboost,738,477,0,0.07281915098428726,0,0.5
2,4,43,xgboost,743,540,0,0.15534017980098724,0,0.5
2,4,43,xgboost,750,99,0,0.05524304509162903,0,0.5
2,4,43,xgboost,751,778,0,0.027600610628724098,0,0.5
2,4,43,xgboost,758,578,0,0.07213139533996582,0,0.5
2,4,43,xgboost,759,101,0,0.05524304509162903,0,0.5
2,4,43,xgboost,763,785,0,0.08184660971164703,0,0.5
2,4,43,xgboost,766,206,0,0.045848820358514786,0,0.5
2,4,43,xgboost,768,422,0,0.07390912622213364,0,0.5
2,4,43,xgboost,776,45,0,0.053116995841264725,0,0.5
2,4,43,xgboost,777,744,0,0.045563604682683945,0,0.5
2,4,43,xgboost,782,528,0,0.04842095077037811,0,0.5
2,4,43,xgboost,795,690,0,0.2699544131755829,0,0.5
2,4,43,xgboost,798,396,0,0.07281915098428726,0,0.5
2,4,43,xgboost,799,141,0,0.05524304509162903,0,0.5
2,4,43,xgboost,802,14,0,0.050912149250507355,0,0.5
2,4,43,xgboost,808,544,0,0.07701252400875092,0,0.5
2,4,43,xgboost,815,549,0,0.050000160932540894,0,0.5
2,4,43,xgboost,830,699,0,0.059820182621479034,0,0.5
2,4,43,xgboost,834,569,0,0.07280898094177246,0,0.5
2,4,43,xgboost,837,606,0,0.07117428630590439,0,0.5
2,4,43,xgboost,847,574,0,0.04365389794111252,0,0.5
2,4,43,xgboost,850,117,0,0.053116995841264725,0,0.5
2,4,43,xgboost,854,616,0,0.04797173663973808,0,0.5
2,4,43,xgboost,855,377,0,0.06452395021915436,0,0.5
2,5,43,dummy_prior,2,660,0,0.06404657933042213,0,0.5
2,5,43,dummy_prior,10,807,0,0.06404657933042213,0,0.5
2,5,43,dummy_prior,15,776,0,0.06404657933042213,0,0.5
2,5,43,dummy_prior,17,799,0,0.06404657933042213,0,0.5
2,5,43,dummy_prior,23,767,1,0.06404657933042213,0,0.5
2,5,43,dummy_prior,27,759,0,0.06404657933042213,0,0.5
2,5,43,dummy_prior,40,746,0,0.06404657933042213,0,0.5
2,5,43,dummy_prior,41,732,1,0.06404657933042213,0,0.5
2,5,43,dummy_prior,43,723,0,0.06404657933042213,0,0.5
2,5,43,dummy_prior,45,709,0,0.06404657933042213,0,0.5
2,5,43,dummy_prior,52,729,0,0.06404657933042213,0,0.5
2,5,43,dummy_prior,55,789,0,0.06404657933042213,0,0.5
2,5,43,dummy_prior,56,702,0,0.06404657933042213,0,0.5
2,5,43,dummy_prior,62,679,0,0.06404657933042213,0,0.5
2,5,43,dummy_prior,67,728,0,0.06404657933042213,0,0.5
2,5,43,dummy_prior,73,685,0,0.06404657933042213,0,0.5
2,5,43,dummy_prior,74,681,0,0.06404657933042213,0,0.5
2,5,43,dummy_prior,91,689,0,0.06404657933042213,0,0.5
2,5,43,dummy_prior,95,604,0,0.06404657933042213,0,0.5
2,5,43,dummy_prior,102,599,0,0.06404657933042213,0,0.5
2,5,43,dummy_prior,105,674,0,0.06404657933042213,0,0.5
2,5,43,dummy_prior,115,665,0,0.06404657933042213,0,0.5
2,5,43,dummy_prior,119,498,0,0.06404657933042213,0,0.5
2,5,43,dummy_prior,133,651,0,0.06404657933042213,0,0.5
2,5,43,dummy_prior,134,568,0,0.06404657933042213,0,0.5
2,5,43,dummy_prior,135,465,0,0.06404657933042213,0,0.5
2,5,43,dummy_prior,143,480,0,0.06404657933042213,0,0.5
2,5,43,dummy_prior,144,558,0,0.06404657933042213,0,0.5
2,5,43,dummy_prior,162,481,0,0.06404657933042213,0,0.5
2,5,43,dummy_prior,167,461,0,0.06404657933042213,0,0.5
2,5,43,dummy_prior,176,452,0,0.06404657933042213,0,0.5
2,5,43,dummy_prior,178,472,0,0.06404657933042213,0,0.5
2,5,43,dummy_prior,180,414,0,0.06404657933042213,0,0.5
2,5,43,dummy_prior,185,488,1,0.06404657933042213,0,0.5
2,5,43,dummy_prior,188,475,0,0.06404657933042213,0,0.5
2,5,43,dummy_prior,190,513,0,0.06404657933042213,0,0.5
2,5,43,dummy_prior,194,397,0,0.06404657933042213,0,0.5
2,5,43,dummy_prior,199,460,0,0.06404657933042213,0,0.5
2,5,43,dummy_prior,221,407,0,0.06404657933042213,0,0.5
2,5,43,dummy_prior,226,409,0,0.06404657933042213,0,0.5
2,5,43,dummy_prior,231,432,0,0.06404657933042213,0,0.5
2,5,43,dummy_prior,232,316,0,0.06404657933042213,0,0.5
2,5,43,dummy_prior,238,536,0,0.06404657933042213,0,0.5
2,5,43,dummy_prior,239,497,0,0.06404657933042213,0,0.5
2,5,43,dummy_prior,241,354,0,0.06404657933042213,0,0.5
2,5,43,dummy_prior,244,391,0,0.06404657933042213,0,0.5
2,5,43,dummy_prior,246,487,0,0.06404657933042213,0,0.5
2,5,43,dummy_prior,252,344,0,0.06404657933042213,0,0.5
2,5,43,dummy_prior,257,273,1,0.06404657933042213,0,0.5
2,5,43,dummy_prior,259,329,0,0.06404657933042213,0,0.5
2,5,43,dummy_prior,260,485,0,0.06404657933042213,0,0.5
2,5,43,dummy_prior,261,227,0,0.06404657933042213,0,0.5
2,5,43,dummy_prior,267,265,0,0.06404657933042213,0,0.5
2,5,43,dummy_prior,269,410,0,0.06404657933042213,0,0.5
2,5,43,dummy_prior,284,252,0,0.06404657933042213,0,0.5
2,5,43,dummy_prior,287,272,0,0.06404657933042213,0,0.5
2,5,43,dummy_prior,288,300,0,0.06404657933042213,0,0.5
2,5,43,dummy_prior,289,419,0,0.06404657933042213,0,0.5
2,5,43,dummy_prior,293,221,0,0.06404657933042213,0,0.5
2,5,43,dummy_prior,299,319,0,0.06404657933042213,0,0.5
2,5,43,dummy_prior,301,202,0,0.06404657933042213,0,0.5
2,5,43,dummy_prior,309,322,0,0.06404657933042213,0,0.5
2,5,43,dummy_prior,314,215,1,0.06404657933042213,0,0.5
2,5,43,dummy_prior,315,189,0,0.06404657933042213,0,0.5
2,5,43,dummy_prior,316,348,0,0.06404657933042213,0,0.5
2,5,43,dummy_prior,317,170,0,0.06404657933042213,0,0.5
2,5,43,dummy_prior,328,197,0,0.06404657933042213,0,0.5
2,5,43,dummy_prior,329,290,0,0.06404657933042213,0,0.5
2,5,43,dummy_prior,336,251,0,0.06404657933042213,0,0.5
2,5,43,dummy_prior,350,167,0,0.06404657933042213,0,0.5
2,5,43,dummy_prior,364,147,0,0.06404657933042213,0,0.5
2,5,43,dummy_prior,372,242,0,0.06404657933042213,0,0.5
2,5,43,dummy_prior,374,243,0,0.06404657933042213,0,0.5
2,5,43,dummy_prior,376,786,0,0.06404657933042213,0,0.5
2,5,43,dummy_prior,380,103,0,0.06404657933042213,0,0.5
2,5,43,dummy_prior,386,90,0,0.06404657933042213,0,0.5
2,5,43,dummy_prior,388,185,0,0.06404657933042213,0,0.5
2,5,43,dummy_prior,391,69,0,0.06404657933042213,0,0.5
2,5,43,dummy_prior,393,142,0,0.06404657933042213,0,0.5
2,5,43,dummy_prior,399,209,0,0.06404657933042213,0,0.5
2,5,43,dummy_prior,401,210,0,0.06404657933042213,0,0.5
2,5,43,dummy_prior,402,102,0,0.06404657933042213,0,0.5
2,5,43,dummy_prior,405,61,0,0.06404657933042213,0,0.5
2,5,43,dummy_prior,413,698,0,0.06404657933042213,0,0.5
2,5,43,dummy_prior,415,104,0,0.06404657933042213,0,0.5
2,5,43,dummy_prior,418,47,0,0.06404657933042213,0,0.5
2,5,43,dummy_prior,422,89,0,0.06404657933042213,0,0.5
2,5,43,dummy_prior,424,181,0,0.06404657933042213,0,0.5
2,5,43,dummy_prior,439,112,0,0.06404657933042213,0,0.5
2,5,43,dummy_prior,443,10,0,0.06404657933042213,0,0.5
2,5,43,dummy_prior,452,46,0,0.06404657933042213,0,0.5
2,5,43,dummy_prior,453,10,0,0.06404657933042213,0,0.5
2,5,43,dummy_prior,457,18,0,0.06404657933042213,0,0.5
2,5,43,dummy_prior,460,5,0,0.06404657933042213,0,0.5
2,5,43,dummy_prior,461,19,0,0.06404657933042213,0,0.5
2,5,43,dummy_prior,463,1,0,0.06404657933042213,0,0.5
2,5,43,dummy_prior,468,11,0,0.06404657933042213,0,0.5
2,5,43,dummy_prior,473,787,0,0.06404657933042213,0,0.5
2,5,43,dummy_prior,497,356,0,0.06404657933042213,0,0.5
2,5,43,dummy_prior,498,663,0,0.06404657933042213,0,0.5
2,5,43,dummy_prior,500,763,0,0.06404657933042213,0,0.5
2,5,43,dummy_prior,502,369,0,0.06404657933042213,0,0.5
2,5,43,dummy_prior,504,428,0,0.06404657933042213,0,0.5
2,5,43,dummy_prior,507,71,0,0.06404657933042213,0,0.5
2,5,43,dummy_prior,508,590,0,0.06404657933042213,0,0.5
2,5,43,dummy_prior,512,671,0,0.06404657933042213,0,0.5
2,5,43,dummy_prior,513,96,0,0.06404657933042213,0,0.5
2,5,43,dummy_prior,515,603,0,0.06404657933042213,0,0.5
2,5,43,dummy_prior,516,174,0,0.06404657933042213,0,0.5
2,5,43,dummy_prior,519,123,0,0.06404657933042213,0,0.5
2,5,43,dummy_prior,523,624,0,0.06404657933042213,0,0.5
2,5,43,dummy_prior,525,46,0,0.06404657933042213,0,0.5
2,5,43,dummy_prior,527,262,0,0.06404657933042213,0,0.5
2,5,43,dummy_prior,535,275,0,0.06404657933042213,0,0.5
2,5,43,dummy_prior,537,365,0,0.06404657933042213,0,0.5
2,5,43,dummy_prior,548,58,0,0.06404657933042213,0,0.5
2,5,43,dummy_prior,555,435,0,0.06404657933042213,0,0.5
2,5,43,dummy_prior,566,456,0,0.06404657933042213,0,0.5
2,5,43,dummy_prior,568,338,0,0.06404657933042213,0,0.5
2,5,43,dummy_prior,573,523,0,0.06404657933042213,0,0.5
2,5,43,dummy_prior,574,309,0,0.06404657933042213,0,0.5
2,5,43,dummy_prior,583,315,0,0.06404657933042213,0,0.5
2,5,43,dummy_prior,590,56,0,0.06404657933042213,0,0.5
2,5,43,dummy_prior,591,244,0,0.06404657933042213,0,0.5
2,5,43,dummy_prior,599,176,0,0.06404657933042213,0,0.5
2,5,43,dummy_prior,600,506,0,0.06404657933042213,0,0.5
2,5,43,dummy_prior,606,539,0,0.06404657933042213,0,0.5
2,5,43,dummy_prior,607,566,0,0.06404657933042213,0,0.5
2,5,43,dummy_prior,614,341,1,0.06404657933042213,0,0.5
2,5,43,dummy_prior,626,622,0,0.06404657933042213,0,0.5
2,5,43,dummy_prior,627,280,0,0.06404657933042213,0,0.5
2,5,43,dummy_prior,638,221,0,0.06404657933042213,0,0.5
2,5,43,dummy_prior,643,21,0,0.06404657933042213,0,0.5
2,5,43,dummy_prior,646,27,0,0.06404657933042213,0,0.5
2,5,43,dummy_prior,655,236,1,0.06404657933042213,0,0.5
2,5,43,dummy_prior,659,467,0,0.06404657933042213,0,0.5
2,5,43,dummy_prior,661,326,0,0.06404657933042213,0,0.5
2,5,43,dummy_prior,663,310,0,0.06404657933042213,0,0.5
2,5,43,dummy_prior,682,827,0,0.06404657933042213,0,0.5
2,5,43,dummy_prior,686,704,1,0.06404657933042213,0,0.5
2,5,43,dummy_prior,687,638,1,0.06404657933042213,0,0.5
2,5,43,dummy_prior,697,91,0,0.06404657933042213,0,0.5
2,5,43,dummy_prior,706,81,0,0.06404657933042213,0,0.5
2,5,43,dummy_prior,707,231,0,0.06404657933042213,0,0.5
2,5,43,dummy_prior,709,374,0,0.06404657933042213,0,0.5
2,5,43,dummy_prior,713,31,0,0.06404657933042213,0,0.5
2,5,43,dummy_prior,719,769,0,0.06404657933042213,0,0.5
2,5,43,dummy_prior,725,214,0,0.06404657933042213,0,0.5
2,5,43,dummy_prior,729,327,0,0.06404657933042213,0,0.5
2,5,43,dummy_prior,735,6,0,0.06404657933042213,0,0.5
2,5,43,dummy_prior,739,495,1,0.06404657933042213,0,0.5
2,5,43,dummy_prior,740,768,0,0.06404657933042213,0,0.5
2,5,43,dummy_prior,745,30,0,0.06404657933042213,0,0.5
2,5,43,dummy_prior,760,44,0,0.06404657933042213,0,0.5
2,5,43,dummy_prior,767,12,0,0.06404657933042213,0,0.5
2,5,43,dummy_prior,772,113,0,0.06404657933042213,0,0.5
2,5,43,dummy_prior,784,403,0,0.06404657933042213,0,0.5
2,5,43,dummy_prior,785,480,0,0.06404657933042213,0,0.5
2,5,43,dummy_prior,786,401,1,0.06404657933042213,0,0.5
2,5,43,dummy_prior,788,752,0,0.06404657933042213,0,0.5
2,5,43,dummy_prior,803,106,0,0.06404657933042213,0,0.5
2,5,43,dummy_prior,811,48,0,0.06404657933042213,0,0.5
2,5,43,dummy_prior,822,726,0,0.06404657933042213,0,0.5
2,5,43,dummy_prior,826,650,0,0.06404657933042213,0,0.5
2,5,43,dummy_prior,829,666,0,0.06404657933042213,0,0.5
2,5,43,dummy_prior,831,777,0,0.06404657933042213,0,0.5
2,5,43,dummy_prior,842,722,0,0.06404657933042213,0,0.5
2,5,43,dummy_prior,846,680,0,0.06404657933042213,0,0.5
2,5,43,dummy_prior,848,598,0,0.06404657933042213,0,0.5
2,5,43,dummy_prior,853,672,0,0.06404657933042213,0,0.5
2,5,43,dummy_prior,857,526,0,0.06404657933042213,0,0.5
2,5,43,logistic_regression,2,660,0,0.19949880726285252,0,0.5
2,5,43,logistic_regression,10,807,0,0.22715841509642387,0,0.5
2,5,43,logistic_regression,15,776,0,0.271389419247198,0,0.5
2,5,43,logistic_regression,17,799,0,0.2615515880505432,0,0.5
2,5,43,logistic_regression,23,767,1,0.2713138899396181,0,0.5
2,5,43,logistic_regression,27,759,0,0.2363668514404089,0,0.5
2,5,43,logistic_regression,40,746,0,0.2414668213975974,0,0.5
2,5,43,logistic_regression,41,732,1,0.3136028818723139,0,0.5
2,5,43,logistic_regression,43,723,0,0.23045138962645215,0,0.5
2,5,43,logistic_regression,45,709,0,0.2671352578342051,0,0.5
2,5,43,logistic_regression,52,729,0,0.2252672950614272,0,0.5
2,5,43,logistic_regression,55,789,0,0.28740333135855944,0,0.5
2,5,43,logistic_regression,56,702,0,0.23463419368022245,0,0.5
2,5,43,logistic_regression,62,679,0,0.23085339695892185,0,0.5
2,5,43,logistic_regression,67,728,0,0.30786359537820324,0,0.5
2,5,43,logistic_regression,73,685,0,0.2255636190075752,0,0.5
2,5,43,logistic_regression,74,681,0,0.20925966465352594,0,0.5
2,5,43,logistic_regression,91,689,0,0.29762010628960994,0,0.5
2,5,43,logistic_regression,95,604,0,0.18417455835092464,0,0.5
2,5,43,logistic_regression,102,599,0,0.18314275545889414,0,0.5
2,5,43,logistic_regression,105,674,0,0.24892441984634328,0,0.5
2,5,43,logistic_regression,115,665,0,0.29111544821350543,0,0.5
2,5,43,logistic_regression,119,498,0,0.2367233568894505,0,0.5
2,5,43,logistic_regression,133,651,0,0.24538909437981934,0,0.5
2,5,43,logistic_regression,134,568,0,0.32934145599285275,0,0.5
2,5,43,logistic_regression,135,465,0,0.26687322920964457,0,0.5
2,5,43,logistic_regression,143,480,0,0.18369388040770626,0,0.5
2,5,43,logistic_regression,144,558,0,0.2210035806147911,0,0.5
2,5,43,logistic_regression,162,481,0,0.2294788334070083,0,0.5
2,5,43,logistic_regression,167,461,0,0.2797990453276669,0,0.5
2,5,43,logistic_regression,176,452,0,0.18000293663005898,0,0.5
2,5,43,logistic_regression,178,472,0,0.19093327041444383,0,0.5
2,5,43,logistic_regression,180,414,0,0.2665180057916089,0,0.5
2,5,43,logistic_regression,185,488,1,0.27919413004405297,0,0.5
2,5,43,logistic_regression,188,475,0,0.2252549444034812,0,0.5
2,5,43,logistic_regression,190,513,0,0.22107605780178682,0,0.5
2,5,43,logistic_regression,194,397,0,0.2278803806209508,0,0.5
2,5,43,logistic_regression,199,460,0,0.22482341761723962,0,0.5
2,5,43,logistic_regression,221,407,0,0.20663138396827316,0,0.5
2,5,43,logistic_regression,226,409,0,0.22164867498049307,0,0.5
2,5,43,logistic_regression,231,432,0,0.27654612347913043,0,0.5
2,5,43,logistic_regression,232,316,0,0.21883597839578156,0,0.5
2,5,43,logistic_regression,238,536,0,0.2533130087921558,0,0.5
2,5,43,logistic_regression,239,497,0,0.2661781013109956,0,0.5
2,5,43,logistic_regression,241,354,0,0.23358012919322485,0,0.5
2,5,43,logistic_regression,244,391,0,0.2275677941993446,0,0.5
2,5,43,logistic_regression,246,487,0,0.2442843700562765,0,0.5
2,5,43,logistic_regression,252,344,0,0.2576787842097276,0,0.5
2,5,43,logistic_regression,257,273,1,0.23356992096093435,0,0.5
2,5,43,logistic_regression,259,329,0,0.25998963599600106,0,0.5
2,5,43,logistic_regression,260,485,0,0.24895551407965497,0,0.5
2,5,43,logistic_regression,261,227,0,0.22208023786114922,0,0.5
2,5,43,logistic_regression,267,265,0,0.187556990218763,0,0.5
2,5,43,logistic_regression,269,410,0,0.2258049944586964,0,0.5
2,5,43,logistic_regression,284,252,0,0.1793570194501154,0,0.5
2,5,43,logistic_regression,287,272,0,0.22815063732030819,0,0.5
2,5,43,logistic_regression,288,300,0,0.24526406205043855,0,0.5
2,5,43,logistic_regression,289,419,0,0.2368955592834936,0,0.5
2,5,43,logistic_regression,293,221,0,0.21859914250334614,0,0.5
2,5,43,logistic_regression,299,319,0,0.17855880511014904,0,0.5
2,5,43,logistic_regression,301,202,0,0.22294386095993332,0,0.5
2,5,43,logistic_regression,309,322,0,0.19894906742118018,0,0.5
2,5,43,logistic_regression,314,215,1,0.23126574859059176,0,0.5
2,5,43,logistic_regression,315,189,0,0.2332033810262464,0,0.5
2,5,43,logistic_regression,316,348,0,0.18420068693718195,0,0.5
2,5,43,logistic_regression,317,170,0,0.21488883593324087,0,0.5
2,5,43,logistic_regression,328,197,0,0.18016962310198448,0,0.5
2,5,43,logistic_regression,329,290,0,0.23434028748619806,0,0.5
2,5,43,logistic_regression,336,251,0,0.24327971251377217,0,0.5
2,5,43,logistic_regression,350,167,0,0.18364581770976618,0,0.5
2,5,43,logistic_regression,364,147,0,0.22480083974210094,0,0.5
2,5,43,logistic_regression,372,242,0,0.23420912031590885,0,0.5
2,5,43,logistic_regression,374,243,0,0.2038362916279581,0,0.5
2,5,43,logistic_regression,376,786,0,0.2951960071579258,0,0.5
2,5,43,logistic_regression,380,103,0,0.22560533066346694,0,0.5
2,5,43,logistic_regression,386,90,0,0.2455386137407842,0,0.5
2,5,43,logistic_regression,388,185,0,0.2123529017891039,0,0.5
2,5,43,logistic_regression,391,69,0,0.18617971113747817,0,0.5
2,5,43,logistic_regression,393,142,0,0.22181052237037807,0,0.5
2,5,43,logistic_regression,399,209,0,0.22987890758104973,0,0.5
2,5,43,logistic_regression,401,210,0,0.24334095726018493,0,0.5
2,5,43,logistic_regression,402,102,0,0.21907841953762383,0,0.5
2,5,43,logistic_regression,405,61,0,0.1807137804465484,0,0.5
2,5,43,logistic_regression,413,698,0,0.23405758621367942,0,0.5
2,5,43,logistic_regression,415,104,0,0.2258157362921198,0,0.5
2,5,43,logistic_regression,418,47,0,0.2524543342876574,0,0.5
2,5,43,logistic_regression,422,89,0,0.22792300206148092,0,0.5
2,5,43,logistic_regression,424,181,0,0.24476136257005424,0,0.5
2,5,43,logistic_regression,439,112,0,0.22110794112481405,0,0.5
2,5,43,logistic_regression,443,10,0,0.182413452620671,0,0.5
2,5,43,logistic_regression,452,46,0,0.18167814382472838,0,0.5
2,5,43,logistic_regression,453,10,0,0.182413452620671,0,0.5
2,5,43,logistic_regression,457,18,0,0.18633770597783078,0,0.5
2,5,43,logistic_regression,460,5,0,0.18318771678846116,0,0.5
2,5,43,logistic_regression,461,19,0,0.22535639996911064,0,0.5
2,5,43,logistic_regression,463,1,0,0.22865783374343893,0,0.5
2,5,43,logistic_regression,468,11,0,0.19584932280557885,0,0.5
2,5,43,logistic_regression,473,787,0,0.2537721950302385,0,0.5
2,5,43,logistic_regression,497,356,0,0.2565910369669249,0,0.5
2,5,43,logistic_regression,498,663,0,0.2802936720232897,0,0.5
2,5,43,logistic_regression,500,763,0,0.2039414277701791,0,0.5
2,5,43,logistic_regression,502,369,0,0.23594136354655978,0,0.5
2,5,43,logistic_regression,504,428,0,0.2182376133795613,0,0.5
2,5,43,logistic_regression,507,71,0,0.2239102311590988,0,0.5
2,5,43,logistic_regression,508,590,0,0.28528945531850514,0,0.5
2,5,43,logistic_regression,512,671,0,0.19711117303117698,0,0.5
2,5,43,logistic_regression,513,96,0,0.22047422391705856,0,0.5
2,5,43,logistic_regression,515,603,0,0.23383677425590677,0,0.5
2,5,43,logistic_regression,516,174,0,0.22064682083214265,0,0.5
2,5,43,logistic_regression,519,123,0,0.22358148077507206,0,0.5
2,5,43,logistic_regression,523,624,0,0.22057710084105614,0,0.5
2,5,43,logistic_regression,525,46,0,0.18167814382472838,0,0.5
2,5,43,logistic_regression,527,262,0,0.18037220355372316,0,0.5
2,5,43,logistic_regression,535,275,0,0.2188141781917621,0,0.5
2,5,43,logistic_regression,537,365,0,0.23377307652346924,0,0.5
2,5,43,logistic_regression,548,58,0,0.2228609681220402,0,0.5
2,5,43,logistic_regression,555,435,0,0.2257548184416091,0,0.5
2,5,43,logistic_regression,566,456,0,0.23258531996976975,0,0.5
2,5,43,logistic_regression,568,338,0,0.22019535591709197,0,0.5
2,5,43,logistic_regression,573,523,0,0.24635266270264036,0,0.5
2,5,43,logistic_regression,574,309,0,0.22606442520915085,0,0.5
2,5,43,logistic_regression,583,315,0,0.22126120679751562,0,0.5
2,5,43,logistic_regression,590,56,0,0.19671604152266514,0,0.5
2,5,43,logistic_regression,591,244,0,0.2160530735102926,0,0.5
2,5,43,logistic_regression,599,176,0,0.2319628067887908,0,0.5
2,5,43,logistic_regression,600,506,0,0.21629244910010342,0,0.5
2,5,43,logistic_regression,606,539,0,0.23289133403604925,0,0.5
2,5,43,logistic_regression,607,566,0,0.1697911390339293,0,0.5
2,5,43,logistic_regression,614,341,1,0.23827641174075992,0,0.5
2,5,43,logistic_regression,626,622,0,0.22443436851039197,0,0.5
2,5,43,logistic_regression,627,280,0,0.23312018420204528,0,0.5
2,5,43,logistic_regression,638,221,0,0.21859914250334614,0,0.5
2,5,43,logistic_regression,643,21,0,0.22216216482991402,0,0.5
2,5,43,logistic_regression,646,27,0,0.21998474740084362,0,0.5
2,5,43,logistic_regression,655,236,1,0.21573299416826494,0,0.5
2,5,43,logistic_regression,659,467,0,0.2270485891175919,0,0.5
2,5,43,logistic_regression,661,326,0,0.2154618848991677,0,0.5
2,5,43,logistic_regression,663,310,0,0.22840332303169253,0,0.5
2,5,43,logistic_regression,682,827,0,0.3036076019030282,0,0.5
2,5,43,logistic_regression,686,704,1,0.22149851756274638,0,0.5
2,5,43,logistic_regression,687,638,1,0.3295823167558601,0,0.5
2,5,43,logistic_regression,697,91,0,0.25194491882865844,0,0.5
2,5,43,logistic_regression,706,81,0,0.2481156399740246,0,0.5
2,5,43,logistic_regression,707,231,0,0.25006420845429683,0,0.5
2,5,43,logistic_regression,709,374,0,0.24729385199095705,0,0.5
2,5,43,logistic_regression,713,31,0,0.22244632131133965,0,0.5
2,5,43,logistic_regression,719,769,0,0.2935404142620815,0,0.5
2,5,43,logistic_regression,725,214,0,0.23343694504419626,0,0.5
2,5,43,logistic_regression,729,327,0,0.21323485346167007,0,0.5
2,5,43,logistic_regression,735,6,0,0.18886712002974504,0,0.5
2,5,43,logistic_regression,739,495,1,0.2553855999340977,0,0.5
2,5,43,logistic_regression,740,768,0,0.24720001041180845,0,0.5
2,5,43,logistic_regression,745,30,0,0.2542487258364618,0,0.5
2,5,43,logistic_regression,760,44,0,0.24946303549515633,0,0.5
2,5,43,logistic_regression,767,12,0,0.18344206942886582,0,0.5
2,5,43,logistic_regression,772,113,0,0.17802871812638577,0,0.5
2,5,43,logistic_regression,784,403,0,0.22957380121195525,0,0.5
2,5,43,logistic_regression,785,480,0,0.18369388040770626,0,0.5
2,5,43,logistic_regression,786,401,1,0.2872387220214711,0,0.5
2,5,43,logistic_regression,788,752,0,0.35244687680252235,0,0.5
2,5,43,logistic_regression,803,106,0,0.21935912990728818,0,0.5
2,5,43,logistic_regression,811,48,0,0.24920195748457177,0,0.5
2,5,43,logistic_regression,822,726,0,0.20882188449807335,0,0.5
2,5,43,logistic_regression,826,650,0,0.23717738950283726,0,0.5
2,5,43,logistic_regression,829,666,0,0.2380297811392564,0,0.5
2,5,43,logistic_regression,831,777,0,0.2821754183257715,0,0.5
2,5,43,logistic_regression,842,722,0,0.24673662950875733,0,0.5
2,5,43,logistic_regression,846,680,0,0.2230456018253893,0,0.5
2,5,43,logistic_regression,848,598,0,0.21735139870381612,0,0.5
2,5,43,logistic_regression,853,672,0,0.21652973130808184,0,0.5
2,5,43,logistic_regression,857,526,0,0.21588610571364786,0,0.5
2,5,43,xgboost,2,660,0,0.037794746458530426,0,0.5
2,5,43,xgboost,10,807,0,0.011531192809343338,0,0.5
2,5,43,xgboost,15,776,0,0.14661948382854462,0,0.5
2,5,43,xgboost,17,799,0,0.010371141135692596,0,0.5
2,5,43,xgboost,23,767,1,0.05255472660064697,0,0.5
2,5,43,xgboost,27,759,0,0.10754328966140747,0,0.5
2,5,43,xgboost,40,746,0,0.04964075982570648,0,0.5
2,5,43,xgboost,41,732,1,0.1813327968120575,0,0.5
2,5,43,xgboost,43,723,0,0.09296606481075287,0,0.5
2,5,43,xgboost,45,709,0,0.22007164359092712,0,0.5
2,5,43,xgboost,52,729,0,0.09292387962341309,0,0.5
2,5,43,xgboost,55,789,0,0.09292952716350555,0,0.5
2,5,43,xgboost,56,702,0,0.10109150409698486,0,0.5
2,5,43,xgboost,62,679,0,0.007899627089500427,0,0.5
2,5,43,xgboost,67,728,0,0.12686921656131744,0,0.5
2,5,43,xgboost,73,685,0,0.006826275493949652,0,0.5
2,5,43,xgboost,74,681,0,0.013044888153672218,0,0.5
2,5,43,xgboost,91,689,0,0.01904362067580223,0,0.5
2,5,43,xgboost,95,604,0,0.008570444770157337,0,0.5
2,5,43,xgboost,102,599,0,0.014457007870078087,0,0.5
2,5,43,xgboost,105,674,0,0.2611396014690399,0,0.5
2,5,43,xgboost,115,665,0,0.09443238377571106,0,0.5
2,5,43,xgboost,119,498,0,0.045940861105918884,0,0.5
2,5,43,xgboost,133,651,0,0.1503184735774994,0,0.5
2,5,43,xgboost,134,568,0,0.14879176020622253,0,0.5
2,5,43,xgboost,135,465,0,0.030159369111061096,0,0.5
2,5,43,xgboost,143,480,0,0.018223509192466736,0,0.5
2,5,43,xgboost,144,558,0,0.02656424604356289,0,0.5
2,5,43,xgboost,162,481,0,0.02494126744568348,0,0.5
2,5,43,xgboost,167,461,0,0.14086873829364777,0,0.5
2,5,43,xgboost,176,452,0,0.012262373231351376,0,0.5
2,5,43,xgboost,178,472,0,0.019232306629419327,0,0.5
2,5,43,xgboost,180,414,0,0.01857818104326725,0,0.5
2,5,43,xgboost,185,488,1,0.08596350997686386,0,0.5
2,5,43,xgboost,188,475,0,0.02407543547451496,0,0.5
2,5,43,xgboost,190,513,0,0.10172901302576065,0,0.5
2,5,43,xgboost,194,397,0,0.04806601256132126,0,0.5
2,5,43,xgboost,199,460,0,0.05302887409925461,0,0.5
2,5,43,xgboost,221,407,0,0.01795821823179722,0,0.5
2,5,43,xgboost,226,409,0,0.041180286556482315,0,0.5
2,5,43,xgboost,231,432,0,0.08364404737949371,0,0.5
2,5,43,xgboost,232,316,0,0.02097609080374241,0,0.5
2,5,43,xgboost,238,536,0,0.019946888089179993,0,0.5
2,5,43,xgboost,239,497,0,0.029754284769296646,0,0.5
2,5,43,xgboost,241,354,0,0.017695581540465355,0,0.5
2,5,43,xgboost,244,391,0,0.1393275260925293,0,0.5
2,5,43,xgboost,246,487,0,0.026457734405994415,0,0.5
2,5,43,xgboost,252,344,0,0.014070168137550354,0,0.5
2,5,43,xgboost,257,273,1,0.08522555977106094,0,0.5
2,5,43,xgboost,259,329,0,0.05268875136971474,0,0.5
2,5,43,xgboost,260,485,0,0.056597281247377396,0,0.5
2,5,43,xgboost,261,227,0,0.044545359909534454,0,0.5
2,5,43,xgboost,267,265,0,0.05062178149819374,0,0.5
2,5,43,xgboost,269,410,0,0.04382389038801193,0,0.5
2,5,43,xgboost,284,252,0,0.03392460569739342,0,0.5
2,5,43,xgboost,287,272,0,0.09780675172805786,0,0.5
2,5,43,xgboost,288,300,0,0.012886649928987026,0,0.5
2,5,43,xgboost,289,419,0,0.04455607384443283,0,0.5
2,5,43,xgboost,293,221,0,0.02679063193500042,0,0.5
2,5,43,xgboost,299,319,0,0.010677283629775047,0,0.5
2,5,43,xgboost,301,202,0,0.04457959905266762,0,0.5
2,5,43,xgboost,309,322,0,0.01566106081008911,0,0.5
2,5,43,xgboost,314,215,1,0.06304000318050385,0,0.5
2,5,43,xgboost,315,189,0,0.036468155682086945,0,0.5
2,5,43,xgboost,316,348,0,0.00875669252127409,0,0.5
2,5,43,xgboost,317,170,0,0.0585123710334301,0,0.5
2,5,43,xgboost,328,197,0,0.01751551404595375,0,0.5
2,5,43,xgboost,329,290,0,0.0716170072555542,0,0.5
2,5,43,xgboost,336,251,0,0.07549421489238739,0,0.5
2,5,43,xgboost,350,167,0,0.035693343728780746,0,0.5
2,5,43,xgboost,364,147,0,0.034923866391181946,0,0.5
2,5,43,xgboost,372,242,0,0.09720981866121292,0,0.5
2,5,43,xgboost,374,243,0,0.13186848163604736,0,0.5
2,5,43,xgboost,376,786,0,0.07508232444524765,0,0.5
2,5,43,xgboost,380,103,0,0.06950069963932037,0,0.5
2,5,43,xgboost,386,90,0,0.1844310760498047,0,0.5
2,5,43,xgboost,388,185,0,0.1668241024017334,0,0.5
2,5,43,xgboost,391,69,0,0.015212754718959332,0,0.5
2,5,43,xgboost,393,142,0,0.04094768688082695,0,0.5
2,5,43,xgboost,399,209,0,0.1756194680929184,0,0.5
2,5,43,xgboost,401,210,0,0.08473873138427734,0,0.5
2,5,43,xgboost,402,102,0,0.054837681353092194,0,0.5
2,5,43,xgboost,405,61,0,0.011366654187440872,0,0.5
2,5,43,xgboost,413,698,0,0.021658530458807945,0,0.5
2,5,43,xgboost,415,104,0,0.04129265248775482,0,0.5
2,5,43,xgboost,418,47,0,0.08103835582733154,0,0.5
2,5,43,xgboost,422,89,0,0.07277729362249374,0,0.5
2,5,43,xgboost,424,181,0,0.2542761564254761,0,0.5
2,5,43,xgboost,439,112,0,0.031204208731651306,0,0.5
2,5,43,xgboost,443,10,0,0.015318606048822403,0,0.5
2,5,43,xgboost,452,46,0,0.012205136939883232,0,0.5
2,5,43,xgboost,453,10,0,0.015318606048822403,0,0.5
2,5,43,xgboost,457,18,0,0.010765675455331802,0,0.5
2,5,43,xgboost,460,5,0,0.01150511670857668,0,0.5
2,5,43,xgboost,461,19,0,0.039003852754831314,0,0.5
2,5,43,xgboost,463,1,0,0.025713294744491577,0,0.5
2,5,43,xgboost,468,11,0,0.0740416944026947,0,0.5
2,5,43,xgboost,473,787,0,0.011531192809343338,0,0.5
2,5,43,xgboost,497,356,0,0.07200435549020767,0,0.5
2,5,43,xgboost,498,663,0,0.058908987790346146,0,0.5
2,5,43,xgboost,500,763,0,0.01873421110212803,0,0.5
2,5,43,xgboost,502,369,0,0.016509320586919785,0,0.5
2,5,43,xgboost,504,428,0,0.015309331007301807,0,0.5
2,5,43,xgboost,507,71,0,0.03385365754365921,0,0.5
2,5,43,xgboost,508,590,0,0.04797147214412689,0,0.5
2,5,43,xgboost,512,671,0,0.0158173069357872,0,0.5
2,5,43,xgboost,513,96,0,0.05052492022514343,0,0.5
2,5,43,xgboost,515,603,0,0.05276777595281601,0,0.5
2,5,43,xgboost,516,174,0,0.045453909784555435,0,0.5
2,5,43,xgboost,519,123,0,0.051080066710710526,0,0.5
2,5,43,xgboost,523,624,0,0.06550613790750504,0,0.5
2,5,43,xgboost,525,46,0,0.012205136939883232,0,0.5
2,5,43,xgboost,527,262,0,0.02597804181277752,0,0.5
2,5,43,xgboost,535,275,0,0.09811368584632874,0,0.5
2,5,43,xgboost,537,365,0,0.033282309770584106,0,0.5
2,5,43,xgboost,548,58,0,0.054123420268297195,0,0.5
2,5,43,xgboost,555,435,0,0.09832365065813065,0,0.5
2,5,43,xgboost,566,456,0,0.08592811226844788,0,0.5
2,5,43,xgboost,568,338,0,0.03622456640005112,0,0.5
2,5,43,xgboost,573,523,0,0.07184815406799316,0,0.5
2,5,43,xgboost,574,309,0,0.018809130415320396,0,0.5
2,5,43,xgboost,583,315,0,0.02084450051188469,0,0.5
2,5,43,xgboost,590,56,0,0.11339033395051956,0,0.5
2,5,43,xgboost,591,244,0,0.09049434959888458,0,0.5
2,5,43,xgboost,599,176,0,0.05421183258295059,0,0.5
2,5,43,xgboost,600,506,0,0.022583965212106705,0,0.5
2,5,43,xgboost,606,539,0,0.05176669359207153,0,0.5
2,5,43,xgboost,607,566,0,0.006649938877671957,0,0.5
2,5,43,xgboost,614,341,1,0.02423146180808544,0,0.5
2,5,43,xgboost,626,622,0,0.13412588834762573,0,0.5
2,5,43,xgboost,627,280,0,0.0668606087565422,0,0.5
2,5,43,xgboost,638,221,0,0.02679063193500042,0,0.5
2,5,43,xgboost,643,21,0,0.02588483691215515,0,0.5
2,5,43,xgboost,646,27,0,0.06932158023118973,0,0.5
2,5,43,xgboost,655,236,1,0.07183264940977097,0,0.5
2,5,43,xgboost,659,467,0,0.06514030694961548,0,0.5
2,5,43,xgboost,661,326,0,0.031507693231105804,0,0.5
2,5,43,xgboost,663,310,0,0.13100498914718628,0,0.5
2,5,43,xgboost,682,827,0,0.1456209272146225,0,0.5
2,5,43,xgboost,686,704,1,0.05959644168615341,0,0.5
2,5,43,xgboost,687,638,1,0.08851799368858337,0,0.5
2,5,43,xgboost,697,91,0,0.10406838357448578,0,0.5
2,5,43,xgboost,706,81,0,0.23462657630443573,0,0.5
2,5,43,xgboost,707,231,0,0.19169197976589203,0,0.5
2,5,43,xgboost,709,374,0,0.023208249360322952,0,0.5
2,5,43,xgboost,713,31,0,0.025554774329066277,0,0.5
2,5,43,xgboost,719,769,0,0.24978885054588318,0,0.5
2,5,43,xgboost,725,214,0,0.06304000318050385,0,0.5
2,5,43,xgboost,729,327,0,0.009617478586733341,0,0.5
2,5,43,xgboost,735,6,0,0.0123536866158247,0,0.5
2,5,43,xgboost,739,495,1,0.19933894276618958,0,0.5
2,5,43,xgboost,740,768,0,0.01736505888402462,0,0.5
2,5,43,xgboost,745,30,0,0.08852843940258026,0,0.5
2,5,43,xgboost,760,44,0,0.13534671068191528,0,0.5
2,5,43,xgboost,767,12,0,0.01150511670857668,0,0.5
2,5,43,xgboost,772,113,0,0.010310178622603416,0,0.5
2,5,43,xgboost,784,403,0,0.03586423397064209,0,0.5
2,5,43,xgboost,785,480,0,0.018223509192466736,0,0.5
2,5,43,xgboost,786,401,1,0.04498593881726265,0,0.5
2,5,43,xgboost,788,752,0,0.11147908121347427,0,0.5
2,5,43,xgboost,803,106,0,0.05052492022514343,0,0.5
2,5,43,xgboost,811,48,0,0.14822588860988617,0,0.5
2,5,43,xgboost,822,726,0,0.013359446078538895,0,0.5
2,5,43,xgboost,826,650,0,0.07116716355085373,0,0.5
2,5,43,xgboost,829,666,0,0.08540202677249908,0,0.5
2,5,43,xgboost,831,777,0,0.04231463000178337,0,0.5
2,5,43,xgboost,842,722,0,0.028239745646715164,0,0.5
2,5,43,xgboost,846,680,0,0.038754381239414215,0,0.5
2,5,43,xgboost,848,598,0,0.06594853103160858,0,0.5
2,5,43,xgboost,853,672,0,0.05570070818066597,0,0.5
2,5,43,xgboost,857,526,0,0.021707193925976753,0,0.5
3,1,44,dummy_prior,1,7,0,0.0641399416909621,0,0.5
3,1,44,dummy_prior,7,413,0,0.0641399416909621,0,0.5
3,1,44,dummy_prior,11,450,0,0.0641399416909621,0,0.5
3,1,44,dummy_prior,13,803,0,0.0641399416909621,0,0.5
3,1,44,dummy_prior,21,783,0,0.0641399416909621,0,0.5
3,1,44,dummy_prior,25,805,0,0.0641399416909621,0,0.5
3,1,44,dummy_prior,38,758,0,0.0641399416909621,0,0.5
3,1,44,dummy_prior,39,719,0,0.0641399416909621,0,0.5
3,1,44,dummy_prior,41,732,1,0.0641399416909621,0,0.5
3,1,44,dummy_prior,67,728,0,0.0641399416909621,0,0.5
3,1,44,dummy_prior,81,593,0,0.0641399416909621,0,0.5
3,1,44,dummy_prior,83,621,0,0.0641399416909621,0,0.5
3,1,44,dummy_prior,86,718,0,0.0641399416909621,0,0.5
3,1,44,dummy_prior,90,707,0,0.0641399416909621,0,0.5
3,1,44,dummy_prior,92,649,0,0.0641399416909621,0,0.5
3,1,44,dummy_prior,100,669,0,0.0641399416909621,0,0.5
3,1,44,dummy_prior,102,599,0,0.0641399416909621,0,0.5
3,1,44,dummy_prior,105,674,0,0.0641399416909621,0,0.5
3,1,44,dummy_prior,108,611,0,0.0641399416909621,0,0.5
3,1,44,dummy_prior,129,557,0,0.0641399416909621,0,0.5
3,1,44,dummy_prior,136,586,0,0.0641399416909621,0,0.5
3,1,44,dummy_prior,138,517,0,0.0641399416909621,0,0.5
3,1,44,dummy_prior,147,533,0,0.0641399416909621,0,0.5
3,1,44,dummy_prior,151,551,0,0.0641399416909621,0,0.5
3,1,44,dummy_prior,154,457,0,0.0641399416909621,0,0.5
3,1,44,dummy_prior,156,448,0,0.0641399416909621,0,0.5
3,1,44,dummy_prior,164,546,0,0.0641399416909621,0,0.5
3,1,44,dummy_prior,171,418,0,0.0641399416909621,0,0.5
3,1,44,dummy_prior,174,499,0,0.0641399416909621,0,0.5
3,1,44,dummy_prior,175,412,0,0.0641399416909621,0,0.5
3,1,44,dummy_prior,189,380,0,0.0641399416909621,0,0.5
3,1,44,dummy_prior,190,513,0,0.0641399416909621,0,0.5
3,1,44,dummy_prior,191,527,0,0.0641399416909621,0,0.5
3,1,44,dummy_prior,193,445,0,0.0641399416909621,0,0.5
3,1,44,dummy_prior,195,429,0,0.0641399416909621,0,0.5
3,1,44,dummy_prior,196,505,0,0.0641399416909621,0,0.5
3,1,44,dummy_prior,204,222,0,0.0641399416909621,0,0.5
3,1,44,dummy_prior,212,431,0,0.0641399416909621,0,0.5
3,1,44,dummy_prior,216,531,1,0.0641399416909621,0,0.5
3,1,44,dummy_prior,217,408,0,0.0641399416909621,0,0.5
3,1,44,dummy_prior,231,432,0,0.0641399416909621,0,0.5
3,1,44,dummy_prior,232,316,0,0.0641399416909621,0,0.5
3,1,44,dummy_prior,233,345,0,0.0641399416909621,0,0.5
3,1,44,dummy_prior,236,343,0,0.0641399416909621,0,0.5
3,1,44,dummy_prior,247,292,0,0.0641399416909621,0,0.5
3,1,44,dummy_prior,249,270,0,0.0641399416909621,0,0.5
3,1,44,dummy_prior,254,390,0,0.0641399416909621,0,0.5
3,1,44,dummy_prior,283,389,0,0.0641399416909621,0,0.5
3,1,44,dummy_prior,288,300,0,0.0641399416909621,0,0.5
3,1,44,dummy_prior,290,204,0,0.0641399416909621,0,0.5
3,1,44,dummy_prior,294,288,0,0.0641399416909621,0,0.5
3,1,44,dummy_prior,303,386,0,0.0641399416909621,0,0.5
3,1,44,dummy_prior,307,287,0,0.0641399416909621,0,0.5
3,1,44,dummy_prior,312,313,0,0.0641399416909621,0,0.5
3,1,44,dummy_prior,315,189,0,0.0641399416909621,0,0.5
3,1,44,dummy_prior,318,308,0,0.0641399416909621,0,0.5
3,1,44,dummy_prior,320,271,1,0.0641399416909621,0,0.5
3,1,44,dummy_prior,332,583,0,0.0641399416909621,0,0.5
3,1,44,dummy_prior,337,818,0,0.0641399416909621,0,0.5
3,1,44,dummy_prior,340,148,0,0.0641399416909621,0,0.5
3,1,44,dummy_prior,342,228,0,0.0641399416909621,0,0.5
3,1,44,dummy_prior,346,149,0,0.0641399416909621,0,0.5
3,1,44,dummy_prior,347,131,0,0.0641399416909621,0,0.5
3,1,44,dummy_prior,357,258,0,0.0641399416909621,0,0.5
3,1,44,dummy_prior,360,339,0,0.0641399416909621,0,0.5
3,1,44,dummy_prior,365,178,0,0.0641399416909621,0,0.5
3,1,44,dummy_prior,366,143,0,0.0641399416909621,0,0.5
3,1,44,dummy_prior,367,127,0,0.0641399416909621,0,0.5
3,1,44,dummy_prior,370,239,1,0.0641399416909621,0,0.5
3,1,44,dummy_prior,373,312,0,0.0641399416909621,0,0.5
3,1,44,dummy_prior,374,243,0,0.0641399416909621,0,0.5
3,1,44,dummy_prior,379,224,0,0.0641399416909621,0,0.5
3,1,44,dummy_prior,380,103,0,0.0641399416909621,0,0.5
3,1,44,dummy_prior,387,266,0,0.0641399416909621,0,0.5
3,1,44,dummy_prior,391,69,0,0.0641399416909621,0,0.5
3,1,44,dummy_prior,393,142,0,0.0641399416909621,0,0.5
3,1,44,dummy_prior,399,209,0,0.0641399416909621,0,0.5
3,1,44,dummy_prior,402,102,0,0.0641399416909621,0,0.5
3,1,44,dummy_prior,403,64,0,0.0641399416909621,0,0.5
3,1,44,dummy_prior,410,171,0,0.0641399416909621,0,0.5
3,1,44,dummy_prior,419,149,0,0.0641399416909621,0,0.5
3,1,44,dummy_prior,424,181,0,0.0641399416909621,0,0.5
3,1,44,dummy_prior,436,39,0,0.0641399416909621,0,0.5
3,1,44,dummy_prior,439,112,0,0.0641399416909621,0,0.5
3,1,44,dummy_prior,440,7,0,0.0641399416909621,0,0.5
3,1,44,dummy_prior,441,9,0,0.0641399416909621,0,0.5
3,1,44,dummy_prior,445,36,0,0.0641399416909621,0,0.5
3,1,44,dummy_prior,447,63,0,0.0641399416909621,0,0.5
3,1,44,dummy_prior,454,7,0,0.0641399416909621,0,0.5
3,1,44,dummy_prior,456,24,0,0.0641399416909621,0,0.5
3,1,44,dummy_prior,462,68,0,0.0641399416909621,0,0.5
3,1,44,dummy_prior,464,25,0,0.0641399416909621,0,0.5
3,1,44,dummy_prior,466,7,0,0.0641399416909621,0,0.5
3,1,44,dummy_prior,474,640,0,0.0641399416909621,0,0.5
3,1,44,dummy_prior,476,753,0,0.0641399416909621,0,0.5
3,1,44,dummy_prior,477,751,0,0.0641399416909621,0,0.5
3,1,44,dummy_prior,478,534,0,0.0641399416909621,0,0.5
3,1,44,dummy_prior,482,757,0,0.0641399416909621,0,0.5
3,1,44,dummy_prior,483,190,0,0.0641399416909621,0,0.5
3,1,44,dummy_prior,484,371,0,0.0641399416909621,0,0.5
3,1,44,dummy_prior,490,375,0,0.0641399416909621,0,0.5
3,1,44,dummy_prior,507,71,0,0.0641399416909621,0,0.5
3,1,44,dummy_prior,508,590,0,0.0641399416909621,0,0.5
3,1,44,dummy_prior,517,514,0,0.0641399416909621,0,0.5
3,1,44,dummy_prior,521,791,0,0.0641399416909621,0,0.5
3,1,44,dummy_prior,530,239,1,0.0641399416909621,0,0.5
3,1,44,dummy_prior,532,364,0,0.0641399416909621,0,0.5
3,1,44,dummy_prior,536,24,0,0.0641399416909621,0,0.5
3,1,44,dummy_prior,538,361,0,0.0641399416909621,0,0.5
3,1,44,dummy_prior,540,188,0,0.0641399416909621,0,0.5
3,1,44,dummy_prior,541,474,0,0.0641399416909621,0,0.5
3,1,44,dummy_prior,548,58,0,0.0641399416909621,0,0.5
3,1,44,dummy_prior,555,435,0,0.0641399416909621,0,0.5
3,1,44,dummy_prior,558,255,0,0.0641399416909621,0,0.5
3,1,44,dummy_prior,566,456,0,0.0641399416909621,0,0.5
3,1,44,dummy_prior,568,338,0,0.0641399416909621,0,0.5
3,1,44,dummy_prior,578,126,1,0.0641399416909621,0,0.5
3,1,44,dummy_prior,582,198,0,0.0641399416909621,0,0.5
3,1,44,dummy_prior,586,150,0,0.0641399416909621,0,0.5
3,1,44,dummy_prior,592,321,0,0.0641399416909621,0,0.5
3,1,44,dummy_prior,606,539,0,0.0641399416909621,0,0.5
3,1,44,dummy_prior,607,566,0,0.0641399416909621,0,0.5
3,1,44,dummy_prior,609,416,0,0.0641399416909621,0,0.5
3,1,44,dummy_prior,623,250,0,0.0641399416909621,0,0.5
3,1,44,dummy_prior,629,336,0,0.0641399416909621,0,0.5
3,1,44,dummy_prior,636,741,0,0.0641399416909621,0,0.5
3,1,44,dummy_prior,640,625,0,0.0641399416909621,0,0.5
3,1,44,dummy_prior,647,277,0,0.0641399416909621,0,0.5
3,1,44,dummy_prior,648,95,0,0.0641399416909621,0,0.5
3,1,44,dummy_prior,659,467,0,0.0641399416909621,0,0.5
3,1,44,dummy_prior,660,33,0,0.0641399416909621,0,0.5
3,1,44,dummy_prior,661,326,0,0.0641399416909621,0,0.5
3,1,44,dummy_prior,665,205,0,0.0641399416909621,0,0.5
3,1,44,dummy_prior,666,67,0,0.0641399416909621,0,0.5
3,1,44,dummy_prior,671,824,1,0.0641399416909621,0,0.5
3,1,44,dummy_prior,675,808,0,0.0641399416909621,0,0.5
3,1,44,dummy_prior,678,609,0,0.0641399416909621,0,0.5
3,1,44,dummy_prior,687,638,1,0.0641399416909621,0,0.5
3,1,44,dummy_prior,689,340,0,0.0641399416909621,0,0.5
3,1,44,dummy_prior,690,8,0,0.0641399416909621,0,0.5
3,1,44,dummy_prior,692,74,0,0.0641399416909621,0,0.5
3,1,44,dummy_prior,695,538,0,0.0641399416909621,0,0.5
3,1,44,dummy_prior,697,91,0,0.0641399416909621,0,0.5
3,1,44,dummy_prior,706,81,0,0.0641399416909621,0,0.5
3,1,44,dummy_prior,712,317,0,0.0641399416909621,0,0.5
3,1,44,dummy_prior,727,589,0,0.0641399416909621,0,0.5
3,1,44,dummy_prior,729,327,0,0.0641399416909621,0,0.5
3,1,44,dummy_prior,730,775,0,0.0641399416909621,0,0.5
3,1,44,dummy_prior,739,495,1,0.0641399416909621,0,0.5
3,1,44,dummy_prior,740,768,0,0.0641399416909621,0,0.5
3,1,44,dummy_prior,753,166,1,0.0641399416909621,0,0.5
3,1,44,dummy_prior,756,395,0,0.0641399416909621,0,0.5
3,1,44,dummy_prior,762,139,0,0.0641399416909621,0,0.5
3,1,44,dummy_prior,766,206,0,0.0641399416909621,0,0.5
3,1,44,dummy_prior,767,12,0,0.0641399416909621,0,0.5
3,1,44,dummy_prior,774,801,0,0.0641399416909621,0,0.5
3,1,44,dummy_prior,775,455,0,0.0641399416909621,0,0.5
3,1,44,dummy_prior,777,744,0,0.0641399416909621,0,0.5
3,1,44,dummy_prior,778,136,0,0.0641399416909621,0,0.5
3,1,44,dummy_prior,784,403,0,0.0641399416909621,0,0.5
3,1,44,dummy_prior,791,15,0,0.0641399416909621,0,0.5
3,1,44,dummy_prior,796,605,0,0.0641399416909621,0,0.5
3,1,44,dummy_prior,797,645,1,0.0641399416909621,0,0.5
3,1,44,dummy_prior,802,14,0,0.0641399416909621,0,0.5
3,1,44,dummy_prior,817,516,0,0.0641399416909621,0,0.5
3,1,44,dummy_prior,822,726,0,0.0641399416909621,0,0.5
3,1,44,dummy_prior,823,644,0,0.0641399416909621,0,0.5
3,1,44,dummy_prior,830,699,0,0.0641399416909621,0,0.5
3,1,44,dummy_prior,832,561,0,0.0641399416909621,0,0.5
3,1,44,dummy_prior,844,444,0,0.0641399416909621,0,0.5
3,1,44,dummy_prior,851,298,0,0.0641399416909621,0,0.5
3,1,44,dummy_prior,857,526,0,0.0641399416909621,0,0.5
3,1,44,logistic_regression,1,7,0,0.22309923478828456,0,0.5
3,1,44,logistic_regression,7,413,0,0.23602671226041874,0,0.5
3,1,44,logistic_regression,11,450,0,0.2529776889574661,0,0.5
3,1,44,logistic_regression,13,803,0,0.23746181257832658,0,0.5
3,1,44,logistic_regression,21,783,0,0.23022399075146655,0,0.5
3,1,44,logistic_regression,25,805,0,0.22279306458004644,0,0.5
3,1,44,logistic_regression,38,758,0,0.23140137103710096,0,0.5
3,1,44,logistic_regression,39,719,0,0.23161226425754525,0,0.5
3,1,44,logistic_regression,41,732,1,0.37569084652889384,0,0.5
3,1,44,logistic_regression,67,728,0,0.27993658996040305,0,0.5
3,1,44,logistic_regression,81,593,0,0.2574193007540806,0,0.5
3,1,44,logistic_regression,83,621,0,0.24731957610550245,0,0.5
3,1,44,logistic_regression,86,718,0,0.23841246282987089,0,0.5
3,1,44,logistic_regression,90,707,0,0.19725001846108728,0,0.5
3,1,44,logistic_regression,92,649,0,0.26190355105967583,0,0.5
3,1,44,logistic_regression,100,669,0,0.2379809185176895,0,0.5
3,1,44,logistic_regression,102,599,0,0.1819487631303438,0,0.5
3,1,44,logistic_regression,105,674,0,0.23983129098014516,0,0.5
3,1,44,logistic_regression,108,611,0,0.25703824055218033,0,0.5
3,1,44,logistic_regression,129,557,0,0.25267411558725295,0,0.5
3,1,44,logistic_regression,136,586,0,0.17984532580159038,0,0.5
3,1,44,logistic_regression,138,517,0,0.21927812120659,0,0.5
3,1,44,logistic_regression,147,533,0,0.20496868542434568,0,0.5
3,1,44,logistic_regression,151,551,0,0.22664809629076746,0,0.5
3,1,44,logistic_regression,154,457,0,0.24565055392319068,0,0.5
3,1,44,logistic_regression,156,448,0,0.24686113380693245,0,0.5
3,1,44,logistic_regression,164,546,0,0.18095547479796592,0,0.5
3,1,44,logistic_regression,171,418,0,0.23200554908426546,0,0.5
3,1,44,logistic_regression,174,499,0,0.25922953357413525,0,0.5
3,1,44,logistic_regression,175,412,0,0.22859228899234782,0,0.5
3,1,44,logistic_regression,189,380,0,0.23750240328549557,0,0.5
3,1,44,logistic_regression,190,513,0,0.2200298423696822,0,0.5
3,1,44,logistic_regression,191,527,0,0.24188206917177055,0,0.5
3,1,44,logistic_regression,193,445,0,0.18114310892200208,0,0.5
3,1,44,logistic_regression,195,429,0,0.24010563851584246,0,0.5
3,1,44,logistic_regression,196,505,0,0.22661442293362083,0,0.5
3,1,44,logistic_regression,204,222,0,0.2243787743696188,0,0.5
3,1,44,logistic_regression,212,431,0,0.2809734688851022,0,0.5
3,1,44,logistic_regression,216,531,1,0.2587167772873792,0,0.5
3,1,44,logistic_regression,217,408,0,0.23667111352625209,0,0.5
3,1,44,logistic_regression,231,432,0,0.24193684774093963,0,0.5
3,1,44,logistic_regression,232,316,0,0.22045294371261762,0,0.5
3,1,44,logistic_regression,233,345,0,0.22262042221641387,0,0.5
3,1,44,logistic_regression,236,343,0,0.3503556985267598,0,0.5
3,1,44,logistic_regression,247,292,0,0.22411459770564196,0,0.5
3,1,44,logistic_regression,249,270,0,0.2196534759708914,0,0.5
3,1,44,logistic_regression,254,390,0,0.22029384305188457,0,0.5
3,1,44,logistic_regression,283,389,0,0.2330751912053591,0,0.5
3,1,44,logistic_regression,288,300,0,0.23567995042473025,0,0.5
3,1,44,logistic_regression,290,204,0,0.2610645464396128,0,0.5
3,1,44,logistic_regression,294,288,0,0.22555416574040127,0,0.5
3,1,44,logistic_regression,303,386,0,0.2244972108120002,0,0.5
3,1,44,logistic_regression,307,287,0,0.18065163609590398,0,0.5
3,1,44,logistic_regression,312,313,0,0.21661365448710102,0,0.5
3,1,44,logistic_regression,315,189,0,0.23296290021584343,0,0.5
3,1,44,logistic_regression,318,308,0,0.23745225526472677,0,0.5
3,1,44,logistic_regression,320,271,1,0.22115180291699213,0,0.5
3,1,44,logistic_regression,332,583,0,0.23629354728897425,0,0.5
3,1,44,logistic_regression,337,818,0,0.3340304212496743,0,0.5
3,1,44,logistic_regression,340,148,0,0.21941499012675728,0,0.5
3,1,44,logistic_regression,342,228,0,0.22031796987378577,0,0.5
3,1,44,logistic_regression,346,149,0,0.17821022144969126,0,0.5
3,1,44,logistic_regression,347,131,0,0.22335010281479026,0,0.5
3,1,44,logistic_regression,357,258,0,0.1772815348950512,0,0.5
3,1,44,logistic_regression,360,339,0,0.2313067024251709,0,0.5
3,1,44,logistic_regression,365,178,0,0.2636297424651467,0,0.5
3,1,44,logistic_regression,366,143,0,0.21834769096892673,0,0.5
3,1,44,logistic_regression,367,127,0,0.22157504421986443,0,0.5
3,1,44,logistic_regression,370,239,1,0.21964531389645353,0,0.5
3,1,44,logistic_regression,373,312,0,0.2222526532913334,0,0.5
3,1,44,logistic_regression,374,243,0,0.19195060181262416,0,0.5
3,1,44,logistic_regression,379,224,0,0.22227550291981518,0,0.5
3,1,44,logistic_regression,380,103,0,0.2175025827003217,0,0.5
3,1,44,logistic_regression,387,266,0,0.22114707243769524,0,0.5
3,1,44,logistic_regression,391,69,0,0.18083587975668175,0,0.5
3,1,44,logistic_regression,393,142,0,0.22065028615983956,0,0.5
3,1,44,logistic_regression,399,209,0,0.22794539587976081,0,0.5
3,1,44,logistic_regression,402,102,0,0.2192234711122297,0,0.5
3,1,44,logistic_regression,403,64,0,0.22034327402512488,0,0.5
3,1,44,logistic_regression,410,171,0,0.22793105527598312,0,0.5
3,1,44,logistic_regression,419,149,0,0.17821022144969126,0,0.5
3,1,44,logistic_regression,424,181,0,0.2951817745280066,0,0.5
3,1,44,logistic_regression,436,39,0,0.17893786154879565,0,0.5
3,1,44,logistic_regression,439,112,0,0.22038525691954067,0,0.5
3,1,44,logistic_regression,440,7,0,0.22309923478828456,0,0.5
3,1,44,logistic_regression,441,9,0,0.22267010575777338,0,0.5
3,1,44,logistic_regression,445,36,0,0.1796975653439853,0,0.5
3,1,44,logistic_regression,447,63,0,0.22076919236747888,0,0.5
3,1,44,logistic_regression,454,7,0,0.22309923478828456,0,0.5
3,1,44,logistic_regression,456,24,0,0.22325407239610012,0,0.5
3,1,44,logistic_regression,462,68,0,0.21772954812627282,0,0.5
3,1,44,logistic_regression,464,25,0,0.22331194322739306,0,0.5
3,1,44,logistic_regression,466,7,0,0.22309923478828456,0,0.5
3,1,44,logistic_regression,474,640,0,0.23686167246615691,0,0.5
3,1,44,logistic_regression,476,753,0,0.1825421290743778,0,0.5
3,1,44,logistic_regression,477,751,0,0.22612749477260138,0,0.5
3,1,44,logistic_regression,478,534,0,0.23712505429240838,0,0.5
3,1,44,logistic_regression,482,757,0,0.26974808006255196,0,0.5
3,1,44,logistic_regression,483,190,0,0.2357466231588591,0,0.5
3,1,44,logistic_regression,484,371,0,0.22292957946917538,0,0.5
3,1,44,logistic_regression,490,375,0,0.23846470928045213,0,0.5
3,1,44,logistic_regression,507,71,0,0.22313421107358894,0,0.5
3,1,44,logistic_regression,508,590,0,0.3365710333256556,0,0.5
3,1,44,logistic_regression,517,514,0,0.23911506819346914,0,0.5
3,1,44,logistic_regression,521,791,0,0.23808654510860924,0,0.5
3,1,44,logistic_regression,530,239,1,0.21964531389645353,0,0.5
3,1,44,logistic_regression,532,364,0,0.22289802618768764,0,0.5
3,1,44,logistic_regression,536,24,0,0.22325407239610012,0,0.5
3,1,44,logistic_regression,538,361,0,0.2204483434861061,0,0.5
3,1,44,logistic_regression,540,188,0,0.22037794080657355,0,0.5
3,1,44,logistic_regression,541,474,0,0.2197547341095362,0,0.5
3,1,44,logistic_regression,548,58,0,0.22196793610461613,0,0.5
3,1,44,logistic_regression,555,435,0,0.22492772088088356,0,0.5
3,1,44,logistic_regression,558,255,0,0.22075627969596023,0,0.5
3,1,44,logistic_regression,566,456,0,0.2291091426970466,0,0.5
3,1,44,logistic_regression,568,338,0,0.2223462186428751,0,0.5
3,1,44,logistic_regression,578,126,1,0.22204320587202664,0,0.5
3,1,44,logistic_regression,582,198,0,0.23530676353831337,0,0.5
3,1,44,logistic_regression,586,150,0,0.1846952905242812,0,0.5
3,1,44,logistic_regression,592,321,0,0.23933483166916583,0,0.5
3,1,44,logistic_regression,606,539,0,0.2291507938849576,0,0.5
3,1,44,logistic_regression,607,566,0,0.17645097744554103,0,0.5
3,1,44,logistic_regression,609,416,0,0.24842170986833909,0,0.5
3,1,44,logistic_regression,623,250,0,0.23409960493851392,0,0.5
3,1,44,logistic_regression,629,336,0,0.24565156520216497,0,0.5
3,1,44,logistic_regression,636,741,0,0.23313428671517536,0,0.5
3,1,44,logistic_regression,640,625,0,0.24904251478869363,0,0.5
3,1,44,logistic_regression,647,277,0,0.24296814788538373,0,0.5
3,1,44,logistic_regression,648,95,0,0.4444471200881254,0,0.5
3,1,44,logistic_regression,659,467,0,0.22548404565928704,0,0.5
3,1,44,logistic_regression,660,33,0,0.2219320279330754,0,0.5
3,1,44,logistic_regression,661,326,0,0.2159364028382255,0,0.5
3,1,44,logistic_regression,665,205,0,0.23700535722193716,0,0.5
3,1,44,logistic_regression,666,67,0,0.216743189593015,0,0.5
3,1,44,logistic_regression,671,824,1,0.2409706897202344,0,0.5
3,1,44,logistic_regression,675,808,0,0.2450824430358964,0,0.5
3,1,44,logistic_regression,678,609,0,0.2212595611071592,0,0.5
3,1,44,logistic_regression,687,638,1,0.36868655657028027,0,0.5
3,1,44,logistic_regression,689,340,0,0.264287002469352,0,0.5
3,1,44,logistic_regression,690,8,0,0.2628370909640891,0,0.5
3,1,44,logistic_regression,692,74,0,0.2640792291221889,0,0.5
3,1,44,logistic_regression,695,538,0,0.2612688092488621,0,0.5
3,1,44,logistic_regression,697,91,0,0.26465013019210815,0,0.5
3,1,44,logistic_regression,706,81,0,0.2625168241308721,0,0.5
3,1,44,logistic_regression,712,317,0,0.2176949876877222,0,0.5
3,1,44,logistic_regression,727,589,0,0.2515323084282646,0,0.5
3,1,44,logistic_regression,729,327,0,0.21657452653485487,0,0.5
3,1,44,logistic_regression,730,775,0,0.3040680966837086,0,0.5
3,1,44,logistic_regression,739,495,1,0.2963596446734979,0,0.5
3,1,44,logistic_regression,740,768,0,0.24250580700992366,0,0.5
3,1,44,logistic_regression,753,166,1,0.2658327807806511,0,0.5
3,1,44,logistic_regression,756,395,0,0.23669629252775298,0,0.5
3,1,44,logistic_regression,762,139,0,0.17936234750048602,0,0.5
3,1,44,logistic_regression,766,206,0,0.23675956489283498,0,0.5
3,1,44,logistic_regression,767,12,0,0.1802971073668577,0,0.5
3,1,44,logistic_regression,774,801,0,0.2963032234461519,0,0.5
3,1,44,logistic_regression,775,455,0,0.22958852795651963,0,0.5
3,1,44,logistic_regression,777,744,0,0.21743147040645214,0,0.5
3,1,44,logistic_regression,778,136,0,0.17972731144512277,0,0.5
3,1,44,logistic_regression,784,403,0,0.22576371846821255,0,0.5
3,1,44,logistic_regression,791,15,0,0.22470381600832856,0,0.5
3,1,44,logistic_regression,796,605,0,0.2285581909820673,0,0.5
3,1,44,logistic_regression,797,645,1,0.23526043183651704,0,0.5
3,1,44,logistic_regression,802,14,0,0.21918581758810948,0,0.5
3,1,44,logistic_regression,817,516,0,0.2646280540122389,0,0.5
3,1,44,logistic_regression,822,726,0,0.20785258637298723,0,0.5
3,1,44,logistic_regression,823,644,0,0.21820435346021064,0,0.5
3,1,44,logistic_regression,830,699,0,0.2302169014438317,0,0.5
3,1,44,logistic_regression,832,561,0,0.21951609729894422,0,0.5
3,1,44,logistic_regression,844,444,0,0.2541451360043714,0,0.5
3,1,44,logistic_regression,851,298,0,0.22551796706734434,0,0.5
3,1,44,logistic_regression,857,526,0,0.2198433180061066,0,0.5
3,1,44,xgboost,1,7,0,0.04031971096992493,0,0.5
3,1,44,xgboost,7,413,0,0.06455229222774506,0,0.5
3,1,44,xgboost,11,450,0,0.06138927862048149,0,0.5
3,1,44,xgboost,13,803,0,0.044061608612537384,0,0.5
3,1,44,xgboost,21,783,0,0.19983652234077454,0,0.5
3,1,44,xgboost,25,805,0,0.05240172520279884,0,0.5
3,1,44,xgboost,38,758,0,0.06221478804945946,0,0.5
3,1,44,xgboost,39,719,0,0.048019394278526306,0,0.5
3,1,44,xgboost,41,732,1,0.13932467997074127,0,0.5
3,1,44,xgboost,67,728,0,0.11331816017627716,0,0.5
3,1,44,xgboost,81,593,0,0.06501208990812302,0,0.5
3,1,44,xgboost,83,621,0,0.05137830227613449,0,0.5
3,1,44,xgboost,86,718,0,0.044061608612537384,0,0.5
3,1,44,xgboost,90,707,0,0.0208864975720644,0,0.5
3,1,44,xgboost,92,649,0,0.05226564779877663,0,0.5
3,1,44,xgboost,100,669,0,0.041226133704185486,0,0.5
3,1,44,xgboost,102,599,0,0.025790385901927948,0,0.5
3,1,44,xgboost,105,674,0,0.07062692195177078,0,0.5
3,1,44,xgboost,108,611,0,0.07917957007884979,0,0.5
3,1,44,xgboost,129,557,0,0.03369145095348358,0,0.5
3,1,44,xgboost,136,586,0,0.028815364465117455,0,0.5
3,1,44,xgboost,138,517,0,0.04514741152524948,0,0.5
3,1,44,xgboost,147,533,0,0.07199599593877792,0,0.5
3,1,44,xgboost,151,551,0,0.06903679668903351,0,0.5
3,1,44,xgboost,154,457,0,0.04392736777663231,0,0.5
3,1,44,xgboost,156,448,0,0.041023723781108856,0,0.5
3,1,44,xgboost,164,546,0,0.026301035657525063,0,0.5
3,1,44,xgboost,171,418,0,0.05401916801929474,0,0.5
3,1,44,xgboost,174,499,0,0.08004054427146912,0,0.5
3,1,44,xgboost,175,412,0,0.0599946528673172,0,0.5
3,1,44,xgboost,189,380,0,0.04603756591677666,0,0.5
3,1,44,xgboost,190,513,0,0.05892974138259888,0,0.5
3,1,44,xgboost,191,527,0,0.03820940852165222,0,0.5
3,1,44,xgboost,193,445,0,0.020404329523444176,0,0.5
3,1,44,xgboost,195,429,0,0.045564912259578705,0,0.5
3,1,44,xgboost,196,505,0,0.07480161637067795,0,0.5
3,1,44,xgboost,204,222,0,0.06803178787231445,0,0.5
3,1,44,xgboost,212,431,0,0.07103320956230164,0,0.5
3,1,44,xgboost,216,531,1,0.055831197649240494,0,0.5
3,1,44,xgboost,217,408,0,0.041023723781108856,0,0.5
3,1,44,xgboost,231,432,0,0.047734275460243225,0,0.5
3,1,44,xgboost,232,316,0,0.04266633465886116,0,0.5
3,1,44,xgboost,233,345,0,0.0501791387796402,0,0.5
3,1,44,xgboost,236,343,0,0.07629483193159103,0,0.5
3,1,44,xgboost,247,292,0,0.06705309450626373,0,0.5
3,1,44,xgboost,249,270,0,0.0468473955988884,0,0.5
3,1,44,xgboost,254,390,0,0.054173439741134644,0,0.5
3,1,44,xgboost,283,389,0,0.05918702110648155,0,0.5
3,1,44,xgboost,288,300,0,0.04029257968068123,0,0.5
3,1,44,xgboost,290,204,0,0.05482674762606621,0,0.5
3,1,44,xgboost,294,288,0,0.07132861763238907,0,0.5
3,1,44,xgboost,303,386,0,0.04922831803560257,0,0.5
3,1,44,xgboost,307,287,0,0.022728197276592255,0,0.5
3,1,44,xgboost,312,313,0,0.05392218753695488,0,0.5
3,1,44,xgboost,315,189,0,0.04565355181694031,0,0.5
3,1,44,xgboost,318,308,0,0.04167816787958145,0,0.5
3,1,44,xgboost,320,271,1,0.03643856197595596,0,0.5
3,1,44,xgboost,332,583,0,0.04607759416103363,0,0.5
3,1,44,xgboost,337,818,0,0.06811626255512238,0,0.5
3,1,44,xgboost,340,148,0,0.04202645272016525,0,0.5
3,1,44,xgboost,342,228,0,0.04411980137228966,0,0.5
3,1,44,xgboost,346,149,0,0.01839440129697323,0,0.5
3,1,44,xgboost,347,131,0,0.04818824678659439,0,0.5
3,1,44,xgboost,357,258,0,0.025156088173389435,0,0.5
3,1,44,xgboost,360,339,0,0.0472116693854332,0,0.5
3,1,44,xgboost,365,178,0,0.08555471152067184,0,0.5
3,1,44,xgboost,366,143,0,0.03884050250053406,0,0.5
3,1,44,xgboost,367,127,0,0.056664928793907166,0,0.5
3,1,44,xgboost,370,239,1,0.04542422294616699,0,0.5
3,1,44,xgboost,373,312,0,0.06813448667526245,0,0.5
3,1,44,xgboost,374,243,0,0.10613849759101868,0,0.5
3,1,44,xgboost,379,224,0,0.04542422294616699,0,0.5
3,1,44,xgboost,380,103,0,0.04238538071513176,0,0.5
3,1,44,xgboost,387,266,0,0.062431395053863525,0,0.5
3,1,44,xgboost,391,69,0,0.02162201888859272,0,0.5
3,1,44,xgboost,393,142,0,0.03884050250053406,0,0.5
3,1,44,xgboost,399,209,0,0.06229119002819061,0,0.5
3,1,44,xgboost,402,102,0,0.03771767392754555,0,0.5
3,1,44,xgboost,403,64,0,0.03884050250053406,0,0.5
3,1,44,xgboost,410,171,0,0.06491731852293015,0,0.5
3,1,44,xgboost,419,149,0,0.01839440129697323,0,0.5
3,1,44,xgboost,424,181,0,0.1863962858915329,0,0.5
3,1,44,xgboost,436,39,0,0.01803966797888279,0,0.5
3,1,44,xgboost,439,112,0,0.040646787732839584,0,0.5
3,1,44,xgboost,440,7,0,0.04031971096992493,0,0.5
3,1,44,xgboost,441,9,0,0.04031971096992493,0,0.5
3,1,44,xgboost,445,36,0,0.01803966797888279,0,0.5
3,1,44,xgboost,447,63,0,0.03884050250053406,0,0.5
3,1,44,xgboost,454,7,0,0.04031971096992493,0,0.5
3,1,44,xgboost,456,24,0,0.04031971096992493,0,0.5
3,1,44,xgboost,462,68,0,0.03884050250053406,0,0.5
3,1,44,xgboost,464,25,0,0.05147398263216019,0,0.5
3,1,44,xgboost,466,7,0,0.04031971096992493,0,0.5
3,1,44,xgboost,474,640,0,0.05634545907378197,0,0.5
3,1,44,xgboost,476,753,0,0.022983290255069733,0,0.5
3,1,44,xgboost,477,751,0,0.06784170120954514,0,0.5
3,1,44,xgboost,478,534,0,0.0674232691526413,0,0.5
3,1,44,xgboost,482,757,0,0.07556195557117462,0,0.5
3,1,44,xgboost,483,190,0,0.0510459840297699,0,0.5
3,1,44,xgboost,484,371,0,0.05514199659228325,0,0.5
3,1,44,xgboost,490,375,0,0.058748651295900345,0,0.5
3,1,44,xgboost,507,71,0,0.04031971096992493,0,0.5
3,1,44,xgboost,508,590,0,0.13172273337841034,0,0.5
3,1,44,xgboost,517,514,0,0.0533064641058445,0,0.5
3,1,44,xgboost,521,791,0,0.0768670067191124,0,0.5
3,1,44,xgboost,530,239,1,0.04542422294616699,0,0.5
3,1,44,xgboost,532,364,0,0.04167816787958145,0,0.5
3,1,44,xgboost,536,24,0,0.04031971096992493,0,0.5
3,1,44,xgboost,538,361,0,0.06879594922065735,0,0.5
3,1,44,xgboost,540,188,0,0.04619704186916351,0,0.5
3,1,44,xgboost,541,474,0,0.043483879417181015,0,0.5
3,1,44,xgboost,548,58,0,0.04960671439766884,0,0.5
3,1,44,xgboost,555,435,0,0.07480161637067795,0,0.5
3,1,44,xgboost,558,255,0,0.05386754125356674,0,0.5
3,1,44,xgboost,566,456,0,0.05465500056743622,0,0.5
3,1,44,xgboost,568,338,0,0.05514199659228325,0,0.5
3,1,44,xgboost,578,126,1,0.0436214916408062,0,0.5
3,1,44,xgboost,582,198,0,0.04652555659413338,0,0.5
3,1,44,xgboost,586,150,0,0.020722266286611557,0,0.5
3,1,44,xgboost,592,321,0,0.09117279201745987,0,0.5
3,1,44,xgboost,606,539,0,0.05578092113137245,0,0.5
3,1,44,xgboost,607,566,0,0.019319452345371246,0,0.5
3,1,44,xgboost,609,416,0,0.05278245732188225,0,0.5
3,1,44,xgboost,623,250,0,0.09835122525691986,0,0.5
3,1,44,xgboost,629,336,0,0.06138927862048149,0,0.5
3,1,44,xgboost,636,741,0,0.0457272045314312,0,0.5
3,1,44,xgboost,640,625,0,0.05701184645295143,0,0.5
3,1,44,xgboost,647,277,0,0.05070719122886658,0,0.5
3,1,44,xgboost,648,95,0,0.12443938106298447,0,0.5
3,1,44,xgboost,659,467,0,0.05362416431307793,0,0.5
3,1,44,xgboost,660,33,0,0.03884050250053406,0,0.5
3,1,44,xgboost,661,326,0,0.03932151198387146,0,0.5
3,1,44,xgboost,665,205,0,0.03710247576236725,0,0.5
3,1,44,xgboost,666,67,0,0.03884050250053406,0,0.5
3,1,44,xgboost,671,824,1,0.07814933359622955,0,0.5
3,1,44,xgboost,675,808,0,0.0533064641058445,0,0.5
3,1,44,xgboost,678,609,0,0.05334039404988289,0,0.5
3,1,44,xgboost,687,638,1,0.0843348577618599,0,0.5
3,1,44,xgboost,689,340,0,0.07045533508062363,0,0.5
3,1,44,xgboost,690,8,0,0.07816958427429199,0,0.5
3,1,44,xgboost,692,74,0,0.08116961270570755,0,0.5
3,1,44,xgboost,695,538,0,0.08621323108673096,0,0.5
3,1,44,xgboost,697,91,0,0.06325335055589676,0,0.5
3,1,44,xgboost,706,81,0,0.10407434403896332,0,0.5
3,1,44,xgboost,712,317,0,0.05281617119908333,0,0.5
3,1,44,xgboost,727,589,0,0.09871435165405273,0,0.5
3,1,44,xgboost,729,327,0,0.03659091889858246,0,0.5
3,1,44,xgboost,730,775,0,0.23661023378372192,0,0.5
3,1,44,xgboost,739,495,1,0.15957562625408173,0,0.5
3,1,44,xgboost,740,768,0,0.04829646274447441,0,0.5
3,1,44,xgboost,753,166,1,0.11166638880968094,0,0.5
3,1,44,xgboost,756,395,0,0.05403303727507591,0,0.5
3,1,44,xgboost,762,139,0,0.02314353920519352,0,0.5
3,1,44,xgboost,766,206,0,0.04737759754061699,0,0.5
3,1,44,xgboost,767,12,0,0.018621601164340973,0,0.5
3,1,44,xgboost,774,801,0,0.11282020062208176,0,0.5
3,1,44,xgboost,775,455,0,0.04392736777663231,0,0.5
3,1,44,xgboost,777,744,0,0.04356936365365982,0,0.5
3,1,44,xgboost,778,136,0,0.01842438243329525,0,0.5
3,1,44,xgboost,784,403,0,0.043914925307035446,0,0.5
3,1,44,xgboost,791,15,0,0.04960671439766884,0,0.5
3,1,44,xgboost,796,605,0,0.033681802451610565,0,0.5
3,1,44,xgboost,797,645,1,0.09543348848819733,0,0.5
3,1,44,xgboost,802,14,0,0.03884050250053406,0,0.5
3,1,44,xgboost,817,516,0,0.07462257891893387,0,0.5
3,1,44,xgboost,822,726,0,0.06785526871681213,0,0.5
3,1,44,xgboost,823,644,0,0.05240172520279884,0,0.5
3,1,44,xgboost,830,699,0,0.05322083830833435,0,0.5
3,1,44,xgboost,832,561,0,0.04029769450426102,0,0.5
3,1,44,xgboost,844,444,0,0.03868409991264343,0,0.5
3,1,44,xgboost,851,298,0,0.0501791387796402,0,0.5
3,1,44,xgboost,857,526,0,0.043906208127737045,0,0.5
3,2,44,dummy_prior,0,109,0,0.0641399416909621,0,0.5
3,2,44,dummy_prior,5,796,0,0.0641399416909621,0,0.5
3,2,44,dummy_prior,15,776,0,0.0641399416909621,0,0.5
3,2,44,dummy_prior,18,792,0,0.0641399416909621,0,0.5
3,2,44,dummy_prior,22,766,1,0.0641399416909621,0,0.5
3,2,44,dummy_prior,23,767,1,0.0641399416909621,0,0.5
3,2,44,dummy_prior,24,774,0,0.0641399416909621,0,0.5
3,2,44,dummy_prior,48,780,0,0.0641399416909621,0,0.5
3,2,44,dummy_prior,59,692,0,0.0641399416909621,0,0.5
3,2,44,dummy_prior,61,697,0,0.0641399416909621,0,0.5
3,2,44,dummy_prior,64,750,1,0.0641399416909621,0,0.5
3,2,44,dummy_prior,70,727,0,0.0641399416909621,0,0.5
3,2,44,dummy_prior,77,646,0,0.0641399416909621,0,0.5
3,2,44,dummy_prior,80,630,0,0.0641399416909621,0,0.5
3,2,44,dummy_prior,85,657,0,0.0641399416909621,0,0.5
3,2,44,dummy_prior,87,703,0,0.0641399416909621,0,0.5
3,2,44,dummy_prior,93,631,1,0.0641399416909621,0,0.5
3,2,44,dummy_prior,98,584,0,0.0641399416909621,0,0.5
3,2,44,dummy_prior,104,633,0,0.0641399416909621,0,0.5
3,2,44,dummy_prior,106,577,0,0.0641399416909621,0,0.5
3,2,44,dummy_prior,107,653,0,0.0641399416909621,0,0.5
3,2,44,dummy_prior,111,626,0,0.0641399416909621,0,0.5
3,2,44,dummy_prior,113,328,0,0.0641399416909621,0,0.5
3,2,44,dummy_prior,114,667,0,0.0641399416909621,0,0.5
3,2,44,dummy_prior,115,665,0,0.0641399416909621,0,0.5
3,2,44,dummy_prior,125,596,0,0.0641399416909621,0,0.5
3,2,44,dummy_prior,126,588,0,0.0641399416909621,0,0.5
3,2,44,dummy_prior,128,518,0,0.0641399416909621,0,0.5
3,2,44,dummy_prior,130,492,0,0.0641399416909621,0,0.5
3,2,44,dummy_prior,140,553,0,0.0641399416909621,0,0.5
3,2,44,dummy_prior,144,558,0,0.0641399416909621,0,0.5
3,2,44,dummy_prior,150,489,0,0.0641399416909621,0,0.5
3,2,44,dummy_prior,157,545,0,0.0641399416909621,0,0.5
3,2,44,dummy_prior,158,617,0,0.0641399416909621,0,0.5
3,2,44,dummy_prior,160,484,0,0.0641399416909621,0,0.5
3,2,44,dummy_prior,162,481,0,0.0641399416909621,0,0.5
3,2,44,dummy_prior,166,515,0,0.0641399416909621,0,0.5
3,2,44,dummy_prior,169,108,0,0.0641399416909621,0,0.5
3,2,44,dummy_prior,173,529,0,0.0641399416909621,0,0.5
3,2,44,dummy_prior,178,472,0,0.0641399416909621,0,0.5
3,2,44,dummy_prior,179,548,0,0.0641399416909621,0,0.5
3,2,44,dummy_prior,186,404,0,0.0641399416909621,0,0.5
3,2,44,dummy_prior,188,475,0,0.0641399416909621,0,0.5
3,2,44,dummy_prior,205,388,1,0.0641399416909621,0,0.5
3,2,44,dummy_prior,208,470,0,0.0641399416909621,0,0.5
3,2,44,dummy_prior,209,387,0,0.0641399416909621,0,0.5
3,2,44,dummy_prior,210,399,0,0.0641399416909621,0,0.5
3,2,44,dummy_prior,222,552,0,0.0641399416909621,0,0.5
3,2,44,dummy_prior,223,278,0,0.0641399416909621,0,0.5
3,2,44,dummy_prior,224,351,1,0.0641399416909621,0,0.5
3,2,44,dummy_prior,227,394,0,0.0641399416909621,0,0.5
3,2,44,dummy_prior,242,555,0,0.0641399416909621,0,0.5
3,2,44,dummy_prior,251,284,0,0.0641399416909621,0,0.5
3,2,44,dummy_prior,253,279,0,0.0641399416909621,0,0.5
3,2,44,dummy_prior,258,245,0,0.0641399416909621,0,0.5
3,2,44,dummy_prior,262,295,0,0.0641399416909621,0,0.5
3,2,44,dummy_prior,270,211,0,0.0641399416909621,0,0.5
3,2,44,dummy_prior,278,267,0,0.0641399416909621,0,0.5
3,2,44,dummy_prior,279,263,0,0.0641399416909621,0,0.5
3,2,44,dummy_prior,281,238,0,0.0641399416909621,0,0.5
3,2,44,dummy_prior,282,219,0,0.0641399416909621,0,0.5
3,2,44,dummy_prior,289,419,0,0.0641399416909621,0,0.5
3,2,44,dummy_prior,292,264,0,0.0641399416909621,0,0.5
3,2,44,dummy_prior,298,333,0,0.0641399416909621,0,0.5
3,2,44,dummy_prior,300,301,0,0.0641399416909621,0,0.5
3,2,44,dummy_prior,306,436,0,0.0641399416909621,0,0.5
3,2,44,dummy_prior,311,368,0,0.0641399416909621,0,0.5
3,2,44,dummy_prior,316,348,0,0.0641399416909621,0,0.5
3,2,44,dummy_prior,329,290,0,0.0641399416909621,0,0.5
3,2,44,dummy_prior,330,207,0,0.0641399416909621,0,0.5
3,2,44,dummy_prior,338,200,0,0.0641399416909621,0,0.5
3,2,44,dummy_prior,339,182,0,0.0641399416909621,0,0.5
3,2,44,dummy_prior,343,159,0,0.0641399416909621,0,0.5
3,2,44,dummy_prior,348,125,0,0.0641399416909621,0,0.5
3,2,44,dummy_prior,350,167,0,0.0641399416909621,0,0.5
3,2,44,dummy_prior,359,733,0,0.0641399416909621,0,0.5
3,2,44,dummy_prior,362,160,0,0.0641399416909621,0,0.5
3,2,44,dummy_prior,368,203,0,0.0641399416909621,0,0.5
3,2,44,dummy_prior,371,367,0,0.0641399416909621,0,0.5
3,2,44,dummy_prior,376,786,0,0.0641399416909621,0,0.5
3,2,44,dummy_prior,389,49,0,0.0641399416909621,0,0.5
3,2,44,dummy_prior,396,100,0,0.0641399416909621,0,0.5
3,2,44,dummy_prior,397,137,0,0.0641399416909621,0,0.5
3,2,44,dummy_prior,398,115,0,0.0641399416909621,0,0.5
3,2,44,dummy_prior,406,49,0,0.0641399416909621,0,0.5
3,2,44,dummy_prior,409,54,0,0.0641399416909621,0,0.5
3,2,44,dummy_prior,411,49,0,0.0641399416909621,0,0.5
3,2,44,dummy_prior,414,186,0,0.0641399416909621,0,0.5
3,2,44,dummy_prior,435,54,0,0.0641399416909621,0,0.5
3,2,44,dummy_prior,448,65,0,0.0641399416909621,0,0.5
3,2,44,dummy_prior,465,43,0,0.0641399416909621,0,0.5
3,2,44,dummy_prior,475,154,0,0.0641399416909621,0,0.5
3,2,44,dummy_prior,479,482,0,0.0641399416909621,0,0.5
3,2,44,dummy_prior,492,658,0,0.0641399416909621,0,0.5
3,2,44,dummy_prior,495,405,0,0.0641399416909621,0,0.5
3,2,44,dummy_prior,496,451,1,0.0641399416909621,0,0.5
3,2,44,dummy_prior,502,369,0,0.0641399416909621,0,0.5
3,2,44,dummy_prior,503,735,0,0.0641399416909621,0,0.5
3,2,44,dummy_prior,505,306,0,0.0641399416909621,0,0.5
3,2,44,dummy_prior,518,362,0,0.0641399416909621,0,0.5
3,2,44,dummy_prior,520,53,0,0.0641399416909621,0,0.5
3,2,44,dummy_prior,522,37,0,0.0641399416909621,0,0.5
3,2,44,dummy_prior,531,119,0,0.0641399416909621,0,0.5
3,2,44,dummy_prior,534,93,0,0.0641399416909621,0,0.5
3,2,44,dummy_prior,535,275,0,0.0641399416909621,0,0.5
3,2,44,dummy_prior,547,385,0,0.0641399416909621,0,0.5
3,2,44,dummy_prior,550,191,0,0.0641399416909621,0,0.5
3,2,44,dummy_prior,551,639,0,0.0641399416909621,0,0.5
3,2,44,dummy_prior,553,636,0,0.0641399416909621,0,0.5
3,2,44,dummy_prior,564,426,0,0.0641399416909621,0,0.5
3,2,44,dummy_prior,571,257,0,0.0641399416909621,0,0.5
3,2,44,dummy_prior,575,54,0,0.0641399416909621,0,0.5
3,2,44,dummy_prior,576,464,0,0.0641399416909621,0,0.5
3,2,44,dummy_prior,577,196,0,0.0641399416909621,0,0.5
3,2,44,dummy_prior,583,315,0,0.0641399416909621,0,0.5
3,2,44,dummy_prior,589,784,0,0.0641399416909621,0,0.5
3,2,44,dummy_prior,591,244,0,0.0641399416909621,0,0.5
3,2,44,dummy_prior,593,13,0,0.0641399416909621,0,0.5
3,2,44,dummy_prior,597,133,0,0.0641399416909621,0,0.5
3,2,44,dummy_prior,598,54,1,0.0641399416909621,0,0.5
3,2,44,dummy_prior,601,504,0,0.0641399416909621,0,0.5
3,2,44,dummy_prior,602,670,0,0.0641399416909621,0,0.5
3,2,44,dummy_prior,611,311,0,0.0641399416909621,0,0.5
3,2,44,dummy_prior,614,341,1,0.0641399416909621,0,0.5
3,2,44,dummy_prior,615,706,0,0.0641399416909621,0,0.5
3,2,44,dummy_prior,621,582,0,0.0641399416909621,0,0.5
3,2,44,dummy_prior,624,118,0,0.0641399416909621,0,0.5
3,2,44,dummy_prior,626,622,0,0.0641399416909621,0,0.5
3,2,44,dummy_prior,628,779,0,0.0641399416909621,0,0.5
3,2,44,dummy_prior,633,261,0,0.0641399416909621,0,0.5
3,2,44,dummy_prior,634,478,0,0.0641399416909621,0,0.5
3,2,44,dummy_prior,635,714,0,0.0641399416909621,0,0.5
3,2,44,dummy_prior,644,285,0,0.0641399416909621,0,0.5
3,2,44,dummy_prior,650,421,0,0.0641399416909621,0,0.5
3,2,44,dummy_prior,657,260,0,0.0641399416909621,0,0.5
3,2,44,dummy_prior,680,821,0,0.0641399416909621,0,0.5
3,2,44,dummy_prior,688,510,1,0.0641399416909621,0,0.5
3,2,44,dummy_prior,696,138,0,0.0641399416909621,0,0.5
3,2,44,dummy_prior,699,111,0,0.0641399416909621,0,0.5
3,2,44,dummy_prior,707,231,0,0.0641399416909621,0,0.5
3,2,44,dummy_prior,709,374,0,0.0641399416909621,0,0.5
3,2,44,dummy_prior,714,521,0,0.0641399416909621,0,0.5
3,2,44,dummy_prior,715,13,0,0.0641399416909621,0,0.5
3,2,44,dummy_prior,718,246,0,0.0641399416909621,0,0.5
3,2,44,dummy_prior,719,769,0,0.0641399416909621,0,0.5
3,2,44,dummy_prior,736,725,0,0.0641399416909621,0,0.5
3,2,44,dummy_prior,743,540,0,0.0641399416909621,0,0.5
3,2,44,dummy_prior,745,30,0,0.0641399416909621,0,0.5
3,2,44,dummy_prior,747,218,0,0.0641399416909621,0,0.5
3,2,44,dummy_prior,752,676,0,0.0641399416909621,0,0.5
3,2,44,dummy_prior,758,578,0,0.0641399416909621,0,0.5
3,2,44,dummy_prior,759,101,0,0.0641399416909621,0,0.5
3,2,44,dummy_prior,764,281,0,0.0641399416909621,0,0.5
3,2,44,dummy_prior,768,422,0,0.0641399416909621,0,0.5
3,2,44,dummy_prior,770,357,0,0.0641399416909621,0,0.5
3,2,44,dummy_prior,771,661,0,0.0641399416909621,0,0.5
3,2,44,dummy_prior,779,656,0,0.0641399416909621,0,0.5
3,2,44,dummy_prior,781,642,1,0.0641399416909621,0,0.5
3,2,44,dummy_prior,782,528,0,0.0641399416909621,0,0.5
3,2,44,dummy_prior,783,84,0,0.0641399416909621,0,0.5
3,2,44,dummy_prior,790,350,0,0.0641399416909621,0,0.5
3,2,44,dummy_prior,794,175,0,0.0641399416909621,0,0.5
3,2,44,dummy_prior,799,141,0,0.0641399416909621,0,0.5
3,2,44,dummy_prior,805,668,0,0.0641399416909621,0,0.5
3,2,44,dummy_prior,808,544,0,0.0641399416909621,0,0.5
3,2,44,dummy_prior,811,48,0,0.0641399416909621,0,0.5
3,2,44,dummy_prior,815,549,0,0.0641399416909621,0,0.5
3,2,44,dummy_prior,829,666,0,0.0641399416909621,0,0.5
3,2,44,dummy_prior,833,659,0,0.0641399416909621,0,0.5
3,2,44,dummy_prior,843,567,0,0.0641399416909621,0,0.5
3,2,44,dummy_prior,845,132,0,0.0641399416909621,0,0.5
3,2,44,dummy_prior,852,800,0,0.0641399416909621,0,0.5
3,2,44,logistic_regression,0,109,0,0.08616291099815868,0,0.5
3,2,44,logistic_regression,5,796,0,0.06327725089705961,0,0.5
3,2,44,logistic_regression,15,776,0,0.14052961035640255,0,0.5
3,2,44,logistic_regression,18,792,0,0.4842127165178346,0,0.5
3,2,44,logistic_regression,22,766,1,0.11544504031126437,0,0.5
3,2,44,logistic_regression,23,767,1,0.12977368909568768,0,0.5
3,2,44,logistic_regression,24,774,0,0.08815639533012264,0,0.5
3,2,44,logistic_regression,48,780,0,0.14879611304710452,0,0.5
3,2,44,logistic_regression,59,692,0,0.2370954455000411,0,0.5
3,2,44,logistic_regression,61,697,0,0.09716614816098383,0,0.5
3,2,44,logistic_regression,64,750,1,0.17164759864792814,0,0.5
3,2,44,logistic_regression,70,727,0,0.15153394709789508,0,0.5
3,2,44,logistic_regression,77,646,0,0.06429815215807334,0,0.5
3,2,44,logistic_regression,80,630,0,0.04924415143467994,0,0.5
3,2,44,logistic_regression,85,657,0,0.07287836334827069,0,0.5
3,2,44,logistic_regression,87,703,0,0.11233388189466408,0,0.5
3,2,44,logistic_regression,93,631,1,0.04510721437830217,0,0.5
3,2,44,logistic_regression,98,584,0,0.03500038311289224,0,0.5
3,2,44,logistic_regression,104,633,0,0.11790668482574573,0,0.5
3,2,44,logistic_regression,106,577,0,0.13970655895611422,0,0.5
3,2,44,logistic_regression,107,653,0,0.08670899903561775,0,0.5
3,2,44,logistic_regression,111,626,0,0.07107102374807715,0,0.5
3,2,44,logistic_regression,113,328,0,0.06382738463221278,0,0.5
3,2,44,logistic_regression,114,667,0,0.08153987736045899,0,0.5
3,2,44,logistic_regression,115,665,0,0.16238740167829493,0,0.5
3,2,44,logistic_regression,125,596,0,0.1228176975338487,0,0.5
3,2,44,logistic_regression,126,588,0,0.07417030178777775,0,0.5
3,2,44,logistic_regression,128,518,0,0.04982059263297027,0,0.5
3,2,44,logistic_regression,130,492,0,0.09792733876556006,0,0.5
3,2,44,logistic_regression,140,553,0,0.10637173482158754,0,0.5
3,2,44,logistic_regression,144,558,0,0.07041584995278993,0,0.5
3,2,44,logistic_regression,150,489,0,0.07810312152533949,0,0.5
3,2,44,logistic_regression,157,545,0,0.09310159954427982,0,0.5
3,2,44,logistic_regression,158,617,0,0.06889360144985057,0,0.5
3,2,44,logistic_regression,160,484,0,0.1352183274360567,0,0.5
3,2,44,logistic_regression,162,481,0,0.06689722492503239,0,0.5
3,2,44,logistic_regression,166,515,0,0.08866041062316216,0,0.5
3,2,44,logistic_regression,169,108,0,0.0945069144080236,0,0.5
3,2,44,logistic_regression,173,529,0,0.2821601083424998,0,0.5
3,2,44,logistic_regression,178,472,0,0.04048788434400836,0,0.5
3,2,44,logistic_regression,179,548,0,0.11255799412107094,0,0.5
3,2,44,logistic_regression,186,404,0,0.05986404107010733,0,0.5
3,2,44,logistic_regression,188,475,0,0.07706043499129188,0,0.5
3,2,44,logistic_regression,205,388,1,0.07040985189493695,0,0.5
3,2,44,logistic_regression,208,470,0,0.07315420020160758,0,0.5
3,2,44,logistic_regression,209,387,0,0.11909809422021074,0,0.5
3,2,44,logistic_regression,210,399,0,0.1305485816785297,0,0.5
3,2,44,logistic_regression,222,552,0,0.008114346889757491,0,0.5
3,2,44,logistic_regression,223,278,0,0.08079302359051713,0,0.5
3,2,44,logistic_regression,224,351,1,0.2664245647963121,0,0.5
3,2,44,logistic_regression,227,394,0,0.203837623820697,0,0.5
3,2,44,logistic_regression,242,555,0,0.05357614633849289,0,0.5
3,2,44,logistic_regression,251,284,0,0.07127606670440019,0,0.5
3,2,44,logistic_regression,253,279,0,0.08626678439900531,0,0.5
3,2,44,logistic_regression,258,245,0,0.07355352524810051,0,0.5
3,2,44,logistic_regression,262,295,0,0.13526394023622096,0,0.5
3,2,44,logistic_regression,270,211,0,0.07117679880200194,0,0.5
3,2,44,logistic_regression,278,267,0,0.0782238732792084,0,0.5
3,2,44,logistic_regression,279,263,0,0.011928550821189546,0,0.5
3,2,44,logistic_regression,281,238,0,0.04004191449779189,0,0.5
3,2,44,logistic_regression,282,219,0,0.08027627657028809,0,0.5
3,2,44,logistic_regression,289,419,0,0.08662593605648919,0,0.5
3,2,44,logistic_regression,292,264,0,0.07258752984275109,0,0.5
3,2,44,logistic_regression,298,333,0,0.07509842525805784,0,0.5
3,2,44,logistic_regression,300,301,0,0.10016258603149811,0,0.5
3,2,44,logistic_regression,306,436,0,0.06771046748515581,0,0.5
3,2,44,logistic_regression,311,368,0,0.08936989934830604,0,0.5
3,2,44,logistic_regression,316,348,0,0.036257530382842705,0,0.5
3,2,44,logistic_regression,329,290,0,0.07457249387416158,0,0.5
3,2,44,logistic_regression,330,207,0,0.0377723204135135,0,0.5
3,2,44,logistic_regression,338,200,0,0.04991349985546715,0,0.5
3,2,44,logistic_regression,339,182,0,0.06600251940155204,0,0.5
3,2,44,logistic_regression,343,159,0,0.044483567399994775,0,0.5
3,2,44,logistic_regression,348,125,0,0.08098238769309545,0,0.5
3,2,44,logistic_regression,350,167,0,0.03496539144370914,0,0.5
3,2,44,logistic_regression,359,733,0,0.07731369210715813,0,0.5
3,2,44,logistic_regression,362,160,0,0.07669890296121823,0,0.5
3,2,44,logistic_regression,368,203,0,0.08586943406215063,0,0.5
3,2,44,logistic_regression,371,367,0,0.09585189044315405,0,0.5
3,2,44,logistic_regression,376,786,0,0.19811721905391755,0,0.5
3,2,44,logistic_regression,389,49,0,0.07880358405978359,0,0.5
3,2,44,logistic_regression,396,100,0,0.036614750282622885,0,0.5
3,2,44,logistic_regression,397,137,0,0.15202151918233128,0,0.5
3,2,44,logistic_regression,398,115,0,0.039697146205431855,0,0.5
3,2,44,logistic_regression,406,49,0,0.07880358405978359,0,0.5
3,2,44,logistic_regression,409,54,0,0.08517757354421215,0,0.5
3,2,44,logistic_regression,411,49,0,0.07880358405978359,0,0.5
3,2,44,logistic_regression,414,186,0,0.09703600697139977,0,0.5
3,2,44,logistic_regression,435,54,0,0.08517757354421215,0,0.5
3,2,44,logistic_regression,448,65,0,0.023432170544062207,0,0.5
3,2,44,logistic_regression,465,43,0,0.08726556798038088,0,0.5
3,2,44,logistic_regression,475,154,0,0.08958266343155315,0,0.5
3,2,44,logistic_regression,479,482,0,0.054753970033770236,0,0.5
3,2,44,logistic_regression,492,658,0,0.05623602526524013,0,0.5
3,2,44,logistic_regression,495,405,0,0.040433135018566456,0,0.5
3,2,44,logistic_regression,496,451,1,0.07040381314966232,0,0.5
3,2,44,logistic_regression,502,369,0,0.09891462736782312,0,0.5
3,2,44,logistic_regression,503,735,0,0.12813749685160988,0,0.5
3,2,44,logistic_regression,505,306,0,0.03753465925376787,0,0.5
3,2,44,logistic_regression,518,362,0,0.0997984475979235,0,0.5
3,2,44,logistic_regression,520,53,0,0.08293730957742808,0,0.5
3,2,44,logistic_regression,522,37,0,0.08438618721819645,0,0.5
3,2,44,logistic_regression,531,119,0,0.08961677494697674,0,0.5
3,2,44,logistic_regression,534,93,0,0.07121351743599547,0,0.5
3,2,44,logistic_regression,535,275,0,0.07633412556055155,0,0.5
3,2,44,logistic_regression,547,385,0,0.03800111715669495,0,0.5
3,2,44,logistic_regression,550,191,0,0.09147033738452884,0,0.5
3,2,44,logistic_regression,551,639,0,0.037043990504256184,0,0.5
3,2,44,logistic_regression,553,636,0,0.07928156877505474,0,0.5
3,2,44,logistic_regression,564,426,0,0.00829171907103524,0,0.5
3,2,44,logistic_regression,571,257,0,0.0870138746288863,0,0.5
3,2,44,logistic_regression,575,54,0,0.08517757354421215,0,0.5
3,2,44,logistic_regression,576,464,0,0.040579553897482155,0,0.5
3,2,44,logistic_regression,577,196,0,0.08891764386031284,0,0.5
3,2,44,logistic_regression,583,315,0,0.08181425513899668,0,0.5
3,2,44,logistic_regression,589,784,0,0.07355979369952421,0,0.5
3,2,44,logistic_regression,591,244,0,0.07524901048120274,0,0.5
3,2,44,logistic_regression,593,13,0,0.08857992426966739,0,0.5
3,2,44,logistic_regression,597,133,0,0.3584633193139701,0,0.5
3,2,44,logistic_regression,598,54,1,0.08517757354421215,0,0.5
3,2,44,logistic_regression,601,504,0,0.0917693925727587,0,0.5
3,2,44,logistic_regression,602,670,0,0.11012677266688967,0,0.5
3,2,44,logistic_regression,611,311,0,0.07300889583019035,0,0.5
3,2,44,logistic_regression,614,341,1,0.1026617389097014,0,0.5
3,2,44,logistic_regression,615,706,0,0.24426314076477385,0,0.5
3,2,44,logistic_regression,621,582,0,0.0871560475944166,0,0.5
3,2,44,logistic_regression,624,118,0,0.08420857135661433,0,0.5
3,2,44,logistic_regression,626,622,0,0.0691406709932042,0,0.5
3,2,44,logistic_regression,628,779,0,0.21627849295702492,0,0.5
3,2,44,logistic_regression,633,261,0,0.03778652121451528,0,0.5
3,2,44,logistic_regression,634,478,0,0.07923986918931955,0,0.5
3,2,44,logistic_regression,635,714,0,0.07826644325479117,0,0.5
3,2,44,logistic_regression,644,285,0,0.09468700345134104,0,0.5
3,2,44,logistic_regression,650,421,0,0.2090283412833774,0,0.5
3,2,44,logistic_regression,657,260,0,0.11499264073773896,0,0.5
3,2,44,logistic_regression,680,821,0,0.08316998234224045,0,0.5
3,2,44,logistic_regression,688,510,1,0.09333717564926304,0,0.5
3,2,44,logistic_regression,696,138,0,0.08640112198316734,0,0.5
3,2,44,logistic_regression,699,111,0,0.19574973165866683,0,0.5
3,2,44,logistic_regression,707,231,0,0.14967895456345054,0,0.5
3,2,44,logistic_regression,709,374,0,0.11096979019044667,0,0.5
3,2,44,logistic_regression,714,521,0,0.09915153981250517,0,0.5
3,2,44,logistic_regression,715,13,0,0.08857992426966739,0,0.5
3,2,44,logistic_regression,718,246,0,0.08033841447430737,0,0.5
3,2,44,logistic_regression,719,769,0,0.17937629924019596,0,0.5
3,2,44,logistic_regression,736,725,0,0.07824276865937377,0,0.5
3,2,44,logistic_regression,743,540,0,0.03003850519524202,0,0.5
3,2,44,logistic_regression,745,30,0,0.16549706837668282,0,0.5
3,2,44,logistic_regression,747,218,0,0.07234847960919814,0,0.5
3,2,44,logistic_regression,752,676,0,0.08617985252914734,0,0.5
3,2,44,logistic_regression,758,578,0,0.07300715565830296,0,0.5
3,2,44,logistic_regression,759,101,0,0.09143665085101697,0,0.5
3,2,44,logistic_regression,764,281,0,0.1180289488333456,0,0.5
3,2,44,logistic_regression,768,422,0,0.07523147866784755,0,0.5
3,2,44,logistic_regression,770,357,0,0.0148258641631074,0,0.5
3,2,44,logistic_regression,771,661,0,0.038101655924568274,0,0.5
3,2,44,logistic_regression,779,656,0,0.12272217167035633,0,0.5
3,2,44,logistic_regression,781,642,1,0.026870225016489332,0,0.5
3,2,44,logistic_regression,782,528,0,0.10692306744396982,0,0.5
3,2,44,logistic_regression,783,84,0,0.03397888417852617,0,0.5
3,2,44,logistic_regression,790,350,0,0.06909317980400802,0,0.5
3,2,44,logistic_regression,794,175,0,0.03672344800547433,0,0.5
3,2,44,logistic_regression,799,141,0,0.09126227158732242,0,0.5
3,2,44,logistic_regression,805,668,0,0.12922331793472602,0,0.5
3,2,44,logistic_regression,808,544,0,0.17418526625096353,0,0.5
3,2,44,logistic_regression,811,48,0,0.14154465833569543,0,0.5
3,2,44,logistic_regression,815,549,0,0.15041650973017534,0,0.5
3,2,44,logistic_regression,829,666,0,0.0943069266655222,0,0.5
3,2,44,logistic_regression,833,659,0,0.043532072345048675,0,0.5
3,2,44,logistic_regression,843,567,0,0.088431582882166,0,0.5
3,2,44,logistic_regression,845,132,0,0.07870640180836957,0,0.5
3,2,44,logistic_regression,852,800,0,0.09050544920886973,0,0.5
3,2,44,xgboost,0,109,0,0.04502040147781372,0,0.5
3,2,44,xgboost,5,796,0,0.022719725966453552,0,0.5
3,2,44,xgboost,15,776,0,0.1624232828617096,0,0.5
3,2,44,xgboost,18,792,0,0.09085889905691147,0,0.5
3,2,44,xgboost,22,766,1,0.0962868183851242,0,0.5
3,2,44,xgboost,23,767,1,0.08588384836912155,0,0.5
3,2,44,xgboost,24,774,0,0.041730184108018875,0,0.5
3,2,44,xgboost,48,780,0,0.10100921243429184,0,0.5
3,2,44,xgboost,59,692,0,0.09957555681467056,0,0.5
3,2,44,xgboost,61,697,0,0.034063201397657394,0,0.5
3,2,44,xgboost,64,750,1,0.1553366482257843,0,0.5
3,2,44,xgboost,70,727,0,0.18187226355075836,0,0.5
3,2,44,xgboost,77,646,0,0.022345934063196182,0,0.5
3,2,44,xgboost,80,630,0,0.02665046602487564,0,0.5
3,2,44,xgboost,85,657,0,0.022345934063196182,0,0.5
3,2,44,xgboost,87,703,0,0.13049660623073578,0,0.5
3,2,44,xgboost,93,631,1,0.022345934063196182,0,0.5
3,2,44,xgboost,98,584,0,0.02136707305908203,0,0.5
3,2,44,xgboost,104,633,0,0.13449470698833466,0,0.5
3,2,44,xgboost,106,577,0,0.14385749399662018,0,0.5
3,2,44,xgboost,107,653,0,0.04631330445408821,0,0.5
3,2,44,xgboost,111,626,0,0.03633027523756027,0,0.5
3,2,44,xgboost,113,328,0,0.02290363982319832,0,0.5
3,2,44,xgboost,114,667,0,0.042823776602745056,0,0.5
3,2,44,xgboost,115,665,0,0.06483013182878494,0,0.5
3,2,44,xgboost,125,596,0,0.048328571021556854,0,0.5
3,2,44,xgboost,126,588,0,0.04829515889286995,0,0.5
3,2,44,xgboost,128,518,0,0.02390885353088379,0,0.5
3,2,44,xgboost,130,492,0,0.04901038110256195,0,0.5
3,2,44,xgboost,140,553,0,0.036897093057632446,0,0.5
3,2,44,xgboost,144,558,0,0.046148862689733505,0,0.5
3,2,44,xgboost,150,489,0,0.046148862689733505,0,0.5
3,2,44,xgboost,157,545,0,0.046148862689733505,0,0.5
3,2,44,xgboost,158,617,0,0.023327253758907318,0,0.5
3,2,44,xgboost,160,484,0,0.05526380613446236,0,0.5
3,2,44,xgboost,162,481,0,0.02616811916232109,0,0.5
3,2,44,xgboost,166,515,0,0.02290363982319832,0,0.5
3,2,44,xgboost,169,108,0,0.061262696981430054,0,0.5
3,2,44,xgboost,173,529,0,0.11221662163734436,0,0.5
3,2,44,xgboost,178,472,0,0.028752366080880165,0,0.5
3,2,44,xgboost,179,548,0,0.0956370085477829,0,0.5
3,2,44,xgboost,186,404,0,0.08336659520864487,0,0.5
3,2,44,xgboost,188,475,0,0.04744016006588936,0,0.5
3,2,44,xgboost,205,388,1,0.0481240339577198,0,0.5
3,2,44,xgboost,208,470,0,0.03848414868116379,0,0.5
3,2,44,xgboost,209,387,0,0.0956370085477829,0,0.5
3,2,44,xgboost,210,399,0,0.05897640809416771,0,0.5
3,2,44,xgboost,222,552,0,0.0681162029504776,0,0.5
3,2,44,xgboost,223,278,0,0.03866030275821686,0,0.5
3,2,44,xgboost,224,351,1,0.1411713808774948,0,0.5
3,2,44,xgboost,227,394,0,0.08778960257768631,0,0.5
3,2,44,xgboost,242,555,0,0.02390885353088379,0,0.5
3,2,44,xgboost,251,284,0,0.046148862689733505,0,0.5
3,2,44,xgboost,253,279,0,0.03934807330369949,0,0.5
3,2,44,xgboost,258,245,0,0.07455169409513474,0,0.5
3,2,44,xgboost,262,295,0,0.0453350767493248,0,0.5
3,2,44,xgboost,270,211,0,0.08524409681558609,0,0.5
3,2,44,xgboost,278,267,0,0.0887368768453598,0,0.5
3,2,44,xgboost,279,263,0,0.056715093553066254,0,0.5
3,2,44,xgboost,281,238,0,0.04656124487519264,0,0.5
3,2,44,xgboost,282,219,0,0.08524409681558609,0,0.5
3,2,44,xgboost,289,419,0,0.06711269170045853,0,0.5
3,2,44,xgboost,292,264,0,0.100420281291008,0,0.5
3,2,44,xgboost,298,333,0,0.044848810881376266,0,0.5
3,2,44,xgboost,300,301,0,0.043869633227586746,0,0.5
3,2,44,xgboost,306,436,0,0.046148862689733505,0,0.5
3,2,44,xgboost,311,368,0,0.052548326551914215,0,0.5
3,2,44,xgboost,316,348,0,0.030271051451563835,0,0.5
3,2,44,xgboost,329,290,0,0.05110146105289459,0,0.5
3,2,44,xgboost,330,207,0,0.047382649034261703,0,0.5
3,2,44,xgboost,338,200,0,0.07381748408079147,0,0.5
3,2,44,xgboost,339,182,0,0.08094965666532516,0,0.5
3,2,44,xgboost,343,159,0,0.04305306449532509,0,0.5
3,2,44,xgboost,348,125,0,0.0658341720700264,0,0.5
3,2,44,xgboost,350,167,0,0.05267016589641571,0,0.5
3,2,44,xgboost,359,733,0,0.024869490414857864,0,0.5
3,2,44,xgboost,362,160,0,0.06932815164327621,0,0.5
3,2,44,xgboost,368,203,0,0.06518464535474777,0,0.5
3,2,44,xgboost,371,367,0,0.06283196061849594,0,0.5
3,2,44,xgboost,376,786,0,0.13222330808639526,0,0.5
3,2,44,xgboost,389,49,0,0.05033934861421585,0,0.5
3,2,44,xgboost,396,100,0,0.028354298323392868,0,0.5
3,2,44,xgboost,397,137,0,0.10499272495508194,0,0.5
3,2,44,xgboost,398,115,0,0.02948983944952488,0,0.5
3,2,44,xgboost,406,49,0,0.05033934861421585,0,0.5
3,2,44,xgboost,409,54,0,0.04117687791585922,0,0.5
3,2,44,xgboost,411,49,0,0.05033934861421585,0,0.5
3,2,44,xgboost,414,186,0,0.06660644710063934,0,0.5
3,2,44,xgboost,435,54,0,0.04117687791585922,0,0.5
3,2,44,xgboost,448,65,0,0.08056674897670746,0,0.5
3,2,44,xgboost,465,43,0,0.04205779731273651,0,0.5
3,2,44,xgboost,475,154,0,0.05284365266561508,0,0.5
3,2,44,xgboost,479,482,0,0.02290363982319832,0,0.5
3,2,44,xgboost,492,658,0,0.025533000007271767,0,0.5
3,2,44,xgboost,495,405,0,0.028752366080880165,0,0.5
3,2,44,xgboost,496,451,1,0.052548326551914215,0,0.5
3,2,44,xgboost,502,369,0,0.03848414868116379,0,0.5
3,2,44,xgboost,503,735,0,0.03889069706201553,0,0.5
3,2,44,xgboost,505,306,0,0.03454848751425743,0,0.5
3,2,44,xgboost,518,362,0,0.046148862689733505,0,0.5
3,2,44,xgboost,520,53,0,0.04041920229792595,0,0.5
3,2,44,xgboost,522,37,0,0.04117687791585922,0,0.5
3,2,44,xgboost,531,119,0,0.05174902454018593,0,0.5
3,2,44,xgboost,534,93,0,0.04502040147781372,0,0.5
3,2,44,xgboost,535,275,0,0.0887368768453598,0,0.5
3,2,44,xgboost,547,385,0,0.02517383173108101,0,0.5
3,2,44,xgboost,550,191,0,0.0777372419834137,0,0.5
3,2,44,xgboost,551,639,0,0.03371701017022133,0,0.5
3,2,44,xgboost,553,636,0,0.04378068447113037,0,0.5
3,2,44,xgboost,564,426,0,0.031132567673921585,0,0.5
3,2,44,xgboost,571,257,0,0.07312364876270294,0,0.5
3,2,44,xgboost,575,54,0,0.04117687791585922,0,0.5
3,2,44,xgboost,576,464,0,0.024727437645196915,0,0.5
3,2,44,xgboost,577,196,0,0.06547468900680542,0,0.5
3,2,44,xgboost,583,315,0,0.03934807330369949,0,0.5
3,2,44,xgboost,589,784,0,0.05000777542591095,0,0.5
3,2,44,xgboost,591,244,0,0.07312364876270294,0,0.5
3,2,44,xgboost,593,13,0,0.04045848548412323,0,0.5
3,2,44,xgboost,597,133,0,0.12789680063724518,0,0.5
3,2,44,xgboost,598,54,1,0.04117687791585922,0,0.5
3,2,44,xgboost,601,504,0,0.046148862689733505,0,0.5
3,2,44,xgboost,602,670,0,0.05876084044575691,0,0.5
3,2,44,xgboost,611,311,0,0.04946773126721382,0,0.5
3,2,44,xgboost,614,341,1,0.049473244696855545,0,0.5
3,2,44,xgboost,615,706,0,0.1470271199941635,0,0.5
3,2,44,xgboost,621,582,0,0.03991297632455826,0,0.5
3,2,44,xgboost,624,118,0,0.051932744681835175,0,0.5
3,2,44,xgboost,626,622,0,0.05349022150039673,0,0.5
3,2,44,xgboost,628,779,0,0.14594422280788422,0,0.5
3,2,44,xgboost,633,261,0,0.047382649034261703,0,0.5
3,2,44,xgboost,634,478,0,0.05630025267601013,0,0.5
3,2,44,xgboost,635,714,0,0.03976336866617203,0,0.5
3,2,44,xgboost,644,285,0,0.046148862689733505,0,0.5
3,2,44,xgboost,650,421,0,0.08289626985788345,0,0.5
3,2,44,xgboost,657,260,0,0.15201887488365173,0,0.5
3,2,44,xgboost,680,821,0,0.053367823362350464,0,0.5
3,2,44,xgboost,688,510,1,0.044848810881376266,0,0.5
3,2,44,xgboost,696,138,0,0.05598186329007149,0,0.5
3,2,44,xgboost,699,111,0,0.07807748019695282,0,0.5
3,2,44,xgboost,707,231,0,0.13726136088371277,0,0.5
3,2,44,xgboost,709,374,0,0.0956370085477829,0,0.5
3,2,44,xgboost,714,521,0,0.046148862689733505,0,0.5
3,2,44,xgboost,715,13,0,0.04045848548412323,0,0.5
3,2,44,xgboost,718,246,0,0.0887368768453598,0,0.5
3,2,44,xgboost,719,769,0,0.18187226355075836,0,0.5
3,2,44,xgboost,736,725,0,0.05000777542591095,0,0.5
3,2,44,xgboost,743,540,0,0.12128975242376328,0,0.5
3,2,44,xgboost,745,30,0,0.07285318523645401,0,0.5
3,2,44,xgboost,747,218,0,0.08524409681558609,0,0.5
3,2,44,xgboost,752,676,0,0.03991297632455826,0,0.5
3,2,44,xgboost,758,578,0,0.04946773126721382,0,0.5
3,2,44,xgboost,759,101,0,0.04518137127161026,0,0.5
3,2,44,xgboost,764,281,0,0.06447194516658783,0,0.5
3,2,44,xgboost,768,422,0,0.0481240339577198,0,0.5
3,2,44,xgboost,770,357,0,0.09442717581987381,0,0.5
3,2,44,xgboost,771,661,0,0.028056330978870392,0,0.5
3,2,44,xgboost,779,656,0,0.1183372288942337,0,0.5
3,2,44,xgboost,781,642,1,0.04698174074292183,0,0.5
3,2,44,xgboost,782,528,0,0.04345642775297165,0,0.5
3,2,44,xgboost,783,84,0,0.03468209505081177,0,0.5
3,2,44,xgboost,790,350,0,0.046148862689733505,0,0.5
3,2,44,xgboost,794,175,0,0.04305306449532509,0,0.5
3,2,44,xgboost,799,141,0,0.053081903606653214,0,0.5
3,2,44,xgboost,805,668,0,0.03991297632455826,0,0.5
3,2,44,xgboost,808,544,0,0.06617780774831772,0,0.5
3,2,44,xgboost,811,48,0,0.07285318523645401,0,0.5
3,2,44,xgboost,815,549,0,0.06413328647613525,0,0.5
3,2,44,xgboost,829,666,0,0.04301890358328819,0,0.5
3,2,44,xgboost,833,659,0,0.04698174074292183,0,0.5
3,2,44,xgboost,843,567,0,0.04310637339949608,0,0.5
3,2,44,xgboost,845,132,0,0.05284365266561508,0,0.5
3,2,44,xgboost,852,800,0,0.05000777542591095,0,0.5
3,3,44,dummy_prior,8,809,0,0.0641399416909621,0,0.5
3,3,44,dummy_prior,19,773,0,0.0641399416909621,0,0.5
3,3,44,dummy_prior,29,745,0,0.0641399416909621,0,0.5
3,3,44,dummy_prior,34,749,0,0.0641399416909621,0,0.5
3,3,44,dummy_prior,35,737,0,0.0641399416909621,0,0.5
3,3,44,dummy_prior,40,746,0,0.0641399416909621,0,0.5
3,3,44,dummy_prior,46,716,0,0.0641399416909621,0,0.5
3,3,44,dummy_prior,50,721,0,0.0641399416909621,0,0.5
3,3,44,dummy_prior,53,695,0,0.0641399416909621,0,0.5
3,3,44,dummy_prior,54,708,0,0.0641399416909621,0,0.5
3,3,44,dummy_prior,56,702,0,0.0641399416909621,0,0.5
3,3,44,dummy_prior,57,647,0,0.0641399416909621,0,0.5
3,3,44,dummy_prior,62,679,0,0.0641399416909621,0,0.5
3,3,44,dummy_prior,63,629,0,0.0641399416909621,0,0.5
3,3,44,dummy_prior,75,686,0,0.0641399416909621,0,0.5
3,3,44,dummy_prior,91,689,0,0.0641399416909621,0,0.5
3,3,44,dummy_prior,94,637,0,0.0641399416909621,0,0.5
3,3,44,dummy_prior,95,604,0,0.0641399416909621,0,0.5
3,3,44,dummy_prior,99,641,0,0.0641399416909621,0,0.5
3,3,44,dummy_prior,116,597,0,0.0641399416909621,0,0.5
3,3,44,dummy_prior,118,560,0,0.0641399416909621,0,0.5
3,3,44,dummy_prior,131,581,1,0.0641399416909621,0,0.5
3,3,44,dummy_prior,132,565,0,0.0641399416909621,0,0.5
3,3,44,dummy_prior,133,651,0,0.0641399416909621,0,0.5
3,3,44,dummy_prior,139,556,0,0.0641399416909621,0,0.5
3,3,44,dummy_prior,141,194,0,0.0641399416909621,0,0.5
3,3,44,dummy_prior,142,591,0,0.0641399416909621,0,0.5
3,3,44,dummy_prior,148,643,0,0.0641399416909621,0,0.5
3,3,44,dummy_prior,152,438,0,0.0641399416909621,0,0.5
3,3,44,dummy_prior,153,423,0,0.0641399416909621,0,0.5
3,3,44,dummy_prior,165,572,0,0.0641399416909621,0,0.5
3,3,44,dummy_prior,176,452,0,0.0641399416909621,0,0.5
3,3,44,dummy_prior,185,488,1,0.0641399416909621,0,0.5
3,3,44,dummy_prior,192,459,0,0.0641399416909621,0,0.5
3,3,44,dummy_prior,199,460,0,0.0641399416909621,0,0.5
3,3,44,dummy_prior,200,443,0,0.0641399416909621,0,0.5
3,3,44,dummy_prior,201,441,0,0.0641399416909621,0,0.5
3,3,44,dummy_prior,206,496,0,0.0641399416909621,0,0.5
3,3,44,dummy_prior,213,500,0,0.0641399416909621,0,0.5
3,3,44,dummy_prior,214,550,1,0.0641399416909621,0,0.5
3,3,44,dummy_prior,218,503,0,0.0641399416909621,0,0.5
3,3,44,dummy_prior,220,406,0,0.0641399416909621,0,0.5
3,3,44,dummy_prior,234,406,0,0.0641399416909621,0,0.5
3,3,44,dummy_prior,237,347,0,0.0641399416909621,0,0.5
3,3,44,dummy_prior,240,334,0,0.0641399416909621,0,0.5
3,3,44,dummy_prior,241,354,0,0.0641399416909621,0,0.5
3,3,44,dummy_prior,244,391,0,0.0641399416909621,0,0.5
3,3,44,dummy_prior,245,253,0,0.0641399416909621,0,0.5
3,3,44,dummy_prior,252,344,0,0.0641399416909621,0,0.5
3,3,44,dummy_prior,256,366,0,0.0641399416909621,0,0.5
3,3,44,dummy_prior,261,227,0,0.0641399416909621,0,0.5
3,3,44,dummy_prior,264,259,1,0.0641399416909621,0,0.5
3,3,44,dummy_prior,273,355,0,0.0641399416909621,0,0.5
3,3,44,dummy_prior,274,349,0,0.0641399416909621,0,0.5
3,3,44,dummy_prior,276,241,0,0.0641399416909621,0,0.5
3,3,44,dummy_prior,293,221,0,0.0641399416909621,0,0.5
3,3,44,dummy_prior,295,283,0,0.0641399416909621,0,0.5
3,3,44,dummy_prior,305,201,0,0.0641399416909621,0,0.5
3,3,44,dummy_prior,319,293,0,0.0641399416909621,0,0.5
3,3,44,dummy_prior,321,269,0,0.0641399416909621,0,0.5
3,3,44,dummy_prior,323,268,0,0.0641399416909621,0,0.5
3,3,44,dummy_prior,326,217,0,0.0641399416909621,0,0.5
3,3,44,dummy_prior,335,525,1,0.0641399416909621,0,0.5
3,3,44,dummy_prior,336,251,0,0.0641399416909621,0,0.5
3,3,44,dummy_prior,341,121,0,0.0641399416909621,0,0.5
3,3,44,dummy_prior,351,155,0,0.0641399416909621,0,0.5
3,3,44,dummy_prior,361,199,0,0.0641399416909621,0,0.5
3,3,44,dummy_prior,385,234,0,0.0641399416909621,0,0.5
3,3,44,dummy_prior,390,179,0,0.0641399416909621,0,0.5
3,3,44,dummy_prior,405,61,0,0.0641399416909621,0,0.5
3,3,44,dummy_prior,407,57,0,0.0641399416909621,0,0.5
3,3,44,dummy_prior,415,104,0,0.0641399416909621,0,0.5
3,3,44,dummy_prior,416,70,0,0.0641399416909621,0,0.5
3,3,44,dummy_prior,420,97,0,0.0641399416909621,0,0.5
3,3,44,dummy_prior,421,433,1,0.0641399416909621,0,0.5
3,3,44,dummy_prior,429,73,0,0.0641399416909621,0,0.5
3,3,44,dummy_prior,431,70,0,0.0641399416909621,0,0.5
3,3,44,dummy_prior,433,28,0,0.0641399416909621,0,0.5
3,3,44,dummy_prior,437,26,0,0.0641399416909621,0,0.5
3,3,44,dummy_prior,438,195,0,0.0641399416909621,0,0.5
3,3,44,dummy_prior,442,26,0,0.0641399416909621,0,0.5
3,3,44,dummy_prior,459,3,0,0.0641399416909621,0,0.5
3,3,44,dummy_prior,461,19,0,0.0641399416909621,0,0.5
3,3,44,dummy_prior,468,11,0,0.0641399416909621,0,0.5
3,3,44,dummy_prior,486,496,0,0.0641399416909621,0,0.5
3,3,44,dummy_prior,488,337,0,0.0641399416909621,0,0.5
3,3,44,dummy_prior,491,122,0,0.0641399416909621,0,0.5
3,3,44,dummy_prior,504,428,0,0.0641399416909621,0,0.5
3,3,44,dummy_prior,510,17,0,0.0641399416909621,0,0.5
3,3,44,dummy_prior,513,96,0,0.0641399416909621,0,0.5
3,3,44,dummy_prior,515,603,0,0.0641399416909621,0,0.5
3,3,44,dummy_prior,516,174,0,0.0641399416909621,0,0.5
3,3,44,dummy_prior,524,628,0,0.0641399416909621,0,0.5
3,3,44,dummy_prior,526,469,0,0.0641399416909621,0,0.5
3,3,44,dummy_prior,527,262,0,0.0641399416909621,0,0.5
3,3,44,dummy_prior,529,652,0,0.0641399416909621,0,0.5
3,3,44,dummy_prior,537,365,0,0.0641399416909621,0,0.5
3,3,44,dummy_prior,539,76,1,0.0641399416909621,0,0.5
3,3,44,dummy_prior,544,50,0,0.0641399416909621,0,0.5
3,3,44,dummy_prior,545,532,0,0.0641399416909621,0,0.5
3,3,44,dummy_prior,549,662,1,0.0641399416909621,0,0.5
3,3,44,dummy_prior,565,335,0,0.0641399416909621,0,0.5
3,3,44,dummy_prior,567,383,0,0.0641399416909621,0,0.5
3,3,44,dummy_prior,572,373,0,0.0641399416909621,0,0.5
3,3,44,dummy_prior,573,523,0,0.0641399416909621,0,0.5
3,3,44,dummy_prior,587,687,0,0.0641399416909621,0,0.5
3,3,44,dummy_prior,590,56,0,0.0641399416909621,0,0.5
3,3,44,dummy_prior,595,248,0,0.0641399416909621,0,0.5
3,3,44,dummy_prior,603,440,0,0.0641399416909621,0,0.5
3,3,44,dummy_prior,608,135,0,0.0641399416909621,0,0.5
3,3,44,dummy_prior,610,230,1,0.0641399416909621,0,0.5
3,3,44,dummy_prior,613,299,0,0.0641399416909621,0,0.5
3,3,44,dummy_prior,622,710,0,0.0641399416909621,0,0.5
3,3,44,dummy_prior,630,424,0,0.0641399416909621,0,0.5
3,3,44,dummy_prior,631,187,0,0.0641399416909621,0,0.5
3,3,44,dummy_prior,632,226,0,0.0641399416909621,0,0.5
3,3,44,dummy_prior,638,221,0,0.0641399416909621,0,0.5
3,3,44,dummy_prior,642,512,0,0.0641399416909621,0,0.5
3,3,44,dummy_prior,643,21,0,0.0641399416909621,0,0.5
3,3,44,dummy_prior,646,27,0,0.0641399416909621,0,0.5
3,3,44,dummy_prior,649,613,0,0.0641399416909621,0,0.5
3,3,44,dummy_prior,651,788,0,0.0641399416909621,0,0.5
3,3,44,dummy_prior,652,826,0,0.0641399416909621,0,0.5
3,3,44,dummy_prior,653,216,1,0.0641399416909621,0,0.5
3,3,44,dummy_prior,656,294,0,0.0641399416909621,0,0.5
3,3,44,dummy_prior,658,85,0,0.0641399416909621,0,0.5
3,3,44,dummy_prior,667,829,0,0.0641399416909621,0,0.5
3,3,44,dummy_prior,669,755,0,0.0641399416909621,0,0.5
3,3,44,dummy_prior,676,828,0,0.0641399416909621,0,0.5
3,3,44,dummy_prior,677,814,0,0.0641399416909621,0,0.5
3,3,44,dummy_prior,683,762,0,0.0641399416909621,0,0.5
3,3,44,dummy_prior,685,820,0,0.0641399416909621,0,0.5
3,3,44,dummy_prior,691,420,0,0.0641399416909621,0,0.5
3,3,44,dummy_prior,698,473,0,0.0641399416909621,0,0.5
3,3,44,dummy_prior,701,524,0,0.0641399416909621,0,0.5
3,3,44,dummy_prior,703,42,0,0.0641399416909621,0,0.5
3,3,44,dummy_prior,704,781,0,0.0641399416909621,0,0.5
3,3,44,dummy_prior,705,806,0,0.0641399416909621,0,0.5
3,3,44,dummy_prior,708,254,0,0.0641399416909621,0,0.5
3,3,44,dummy_prior,721,655,0,0.0641399416909621,0,0.5
3,3,44,dummy_prior,725,214,0,0.0641399416909621,0,0.5
3,3,44,dummy_prior,731,291,0,0.0641399416909621,0,0.5
3,3,44,dummy_prior,732,417,0,0.0641399416909621,0,0.5
3,3,44,dummy_prior,733,587,0,0.0641399416909621,0,0.5
3,3,44,dummy_prior,735,6,0,0.0641399416909621,0,0.5
3,3,44,dummy_prior,738,477,0,0.0641399416909621,0,0.5
3,3,44,dummy_prior,744,66,0,0.0641399416909621,0,0.5
3,3,44,dummy_prior,746,342,0,0.0641399416909621,0,0.5
3,3,44,dummy_prior,749,541,0,0.0641399416909621,0,0.5
3,3,44,dummy_prior,750,99,0,0.0641399416909621,0,0.5
3,3,44,dummy_prior,755,563,0,0.0641399416909621,0,0.5
3,3,44,dummy_prior,757,360,0,0.0641399416909621,0,0.5
3,3,44,dummy_prior,761,607,0,0.0641399416909621,0,0.5
3,3,44,dummy_prior,763,785,0,0.0641399416909621,0,0.5
3,3,44,dummy_prior,773,23,0,0.0641399416909621,0,0.5
3,3,44,dummy_prior,792,314,0,0.0641399416909621,0,0.5
3,3,44,dummy_prior,800,302,0,0.0641399416909621,0,0.5
3,3,44,dummy_prior,801,691,0,0.0641399416909621,0,0.5
3,3,44,dummy_prior,806,62,0,0.0641399416909621,0,0.5
3,3,44,dummy_prior,809,519,0,0.0641399416909621,0,0.5
3,3,44,dummy_prior,812,4,0,0.0641399416909621,0,0.5
3,3,44,dummy_prior,813,163,0,0.0641399416909621,0,0.5
3,3,44,dummy_prior,814,22,1,0.0641399416909621,0,0.5
3,3,44,dummy_prior,820,352,0,0.0641399416909621,0,0.5
3,3,44,dummy_prior,821,602,0,0.0641399416909621,0,0.5
3,3,44,dummy_prior,825,794,0,0.0641399416909621,0,0.5
3,3,44,dummy_prior,835,332,0,0.0641399416909621,0,0.5
3,3,44,dummy_prior,837,606,0,0.0641399416909621,0,0.5
3,3,44,dummy_prior,842,722,0,0.0641399416909621,0,0.5
3,3,44,dummy_prior,846,680,0,0.0641399416909621,0,0.5
3,3,44,dummy_prior,848,598,0,0.0641399416909621,0,0.5
3,3,44,dummy_prior,853,672,0,0.0641399416909621,0,0.5
3,3,44,logistic_regression,8,809,0,0.2466809944790001,0,0.5
3,3,44,logistic_regression,19,773,0,0.27706913383612175,0,0.5
3,3,44,logistic_regression,29,745,0,0.2414652273861492,0,0.5
3,3,44,logistic_regression,34,749,0,0.25539336908885296,0,0.5
3,3,44,logistic_regression,35,737,0,0.25294715487740654,0,0.5
3,3,44,logistic_regression,40,746,0,0.2179799144305399,0,0.5
3,3,44,logistic_regression,46,716,0,0.2758073103908885,0,0.5
3,3,44,logistic_regression,50,721,0,0.2483037308756608,0,0.5
3,3,44,logistic_regression,53,695,0,0.261817372260527,0,0.5
3,3,44,logistic_regression,54,708,0,0.26184438120224507,0,0.5
3,3,44,logistic_regression,56,702,0,0.238050581404131,0,0.5
3,3,44,logistic_regression,57,647,0,0.24414254962342039,0,0.5
3,3,44,logistic_regression,62,679,0,0.2454428313649974,0,0.5
3,3,44,logistic_regression,63,629,0,0.3731104471198711,0,0.5
3,3,44,logistic_regression,75,686,0,0.23930113578291104,0,0.5
3,3,44,logistic_regression,91,689,0,0.2632044018818322,0,0.5
3,3,44,logistic_regression,94,637,0,0.23386322915447125,0,0.5
3,3,44,logistic_regression,95,604,0,0.1864095232300981,0,0.5
3,3,44,logistic_regression,99,641,0,0.2557470136617376,0,0.5
3,3,44,logistic_regression,116,597,0,0.23269808985816068,0,0.5
3,3,44,logistic_regression,118,560,0,0.2572115406117098,0,0.5
3,3,44,logistic_regression,131,581,1,0.38149356916045285,0,0.5
3,3,44,logistic_regression,132,565,0,0.22969402109764367,0,0.5
3,3,44,logistic_regression,133,651,0,0.25015273424287154,0,0.5
3,3,44,logistic_regression,139,556,0,0.24558764703723965,0,0.5
3,3,44,logistic_regression,141,194,0,0.17820097067529075,0,0.5
3,3,44,logistic_regression,142,591,0,0.20143979783320418,0,0.5
3,3,44,logistic_regression,148,643,0,0.23521751524192608,0,0.5
3,3,44,logistic_regression,152,438,0,0.23880565430990355,0,0.5
3,3,44,logistic_regression,153,423,0,0.2435046751633828,0,0.5
3,3,44,logistic_regression,165,572,0,0.40956729650064483,0,0.5
3,3,44,logistic_regression,176,452,0,0.18215750193351019,0,0.5
3,3,44,logistic_regression,185,488,1,0.26567471323307434,0,0.5
3,3,44,logistic_regression,192,459,0,0.23071008509654267,0,0.5
3,3,44,logistic_regression,199,460,0,0.22894389010821317,0,0.5
3,3,44,logistic_regression,200,443,0,0.23197803810333925,0,0.5
3,3,44,logistic_regression,201,441,0,0.2322939976127661,0,0.5
3,3,44,logistic_regression,206,496,0,0.22935115883460036,0,0.5
3,3,44,logistic_regression,213,500,0,0.3801061032517454,0,0.5
3,3,44,logistic_regression,214,550,1,0.23721845760165974,0,0.5
3,3,44,logistic_regression,218,503,0,0.22977104714826876,0,0.5
3,3,44,logistic_regression,220,406,0,0.1645940399382098,0,0.5
3,3,44,logistic_regression,234,406,0,0.1645940399382098,0,0.5
3,3,44,logistic_regression,237,347,0,0.2982239169992653,0,0.5
3,3,44,logistic_regression,240,334,0,0.22880103039598676,0,0.5
3,3,44,logistic_regression,241,354,0,0.23828539024974194,0,0.5
3,3,44,logistic_regression,244,391,0,0.22872002817215784,0,0.5
3,3,44,logistic_regression,245,253,0,0.2228368710462772,0,0.5
3,3,44,logistic_regression,252,344,0,0.24955277057959493,0,0.5
3,3,44,logistic_regression,256,366,0,0.1808574378824772,0,0.5
3,3,44,logistic_regression,261,227,0,0.22222770440840134,0,0.5
3,3,44,logistic_regression,264,259,1,0.24079342775229015,0,0.5
3,3,44,logistic_regression,273,355,0,0.24063776788407298,0,0.5
3,3,44,logistic_regression,274,349,0,0.23499267122643702,0,0.5
3,3,44,logistic_regression,276,241,0,0.22945321053753676,0,0.5
3,3,44,logistic_regression,293,221,0,0.22351578849414896,0,0.5
3,3,44,logistic_regression,295,283,0,0.32700012118004906,0,0.5
3,3,44,logistic_regression,305,201,0,0.2242543761145756,0,0.5
3,3,44,logistic_regression,319,293,0,0.1798007348818936,0,0.5
3,3,44,logistic_regression,321,269,0,0.1793357425474744,0,0.5
3,3,44,logistic_regression,323,268,0,0.23267697720703534,0,0.5
3,3,44,logistic_regression,326,217,0,0.2189864672703089,0,0.5
3,3,44,logistic_regression,335,525,1,0.2318385205028464,0,0.5
3,3,44,logistic_regression,336,251,0,0.2384170352001573,0,0.5
3,3,44,logistic_regression,341,121,0,0.17513957985780151,0,0.5
3,3,44,logistic_regression,351,155,0,0.2287327264527276,0,0.5
3,3,44,logistic_regression,361,199,0,0.21996895147708487,0,0.5
3,3,44,logistic_regression,385,234,0,0.22166757075164598,0,0.5
3,3,44,logistic_regression,390,179,0,0.21804947427984842,0,0.5
3,3,44,logistic_regression,405,61,0,0.17447333837083187,0,0.5
3,3,44,logistic_regression,407,57,0,0.3764318111549099,0,0.5
3,3,44,logistic_regression,415,104,0,0.22064300035851886,0,0.5
3,3,44,logistic_regression,416,70,0,0.218394541028259,0,0.5
3,3,44,logistic_regression,420,97,0,0.2168489400607335,0,0.5
3,3,44,logistic_regression,421,433,1,0.21862669090875336,0,0.5
3,3,44,logistic_regression,429,73,0,0.21507986749906266,0,0.5
3,3,44,logistic_regression,431,70,0,0.218394541028259,0,0.5
3,3,44,logistic_regression,433,28,0,0.21523737956714523,0,0.5
3,3,44,logistic_regression,437,26,0,0.21671538991257333,0,0.5
3,3,44,logistic_regression,438,195,0,0.22392020421014247,0,0.5
3,3,44,logistic_regression,442,26,0,0.21671538991257333,0,0.5
3,3,44,logistic_regression,459,3,0,0.215406175667689,0,0.5
3,3,44,logistic_regression,461,19,0,0.21817032757465066,0,0.5
3,3,44,logistic_regression,468,11,0,0.1942713092336648,0,0.5
3,3,44,logistic_regression,486,496,0,0.22935115883460036,0,0.5
3,3,44,logistic_regression,488,337,0,0.23742121208167824,0,0.5
3,3,44,logistic_regression,491,122,0,0.21874747463222033,0,0.5
3,3,44,logistic_regression,504,428,0,0.22860143416765027,0,0.5
3,3,44,logistic_regression,510,17,0,0.21559050984496378,0,0.5
3,3,44,logistic_regression,513,96,0,0.22027611671590805,0,0.5
3,3,44,logistic_regression,515,603,0,0.2321194413555587,0,0.5
3,3,44,logistic_regression,516,174,0,0.21989602905099234,0,0.5
3,3,44,logistic_regression,524,628,0,0.24552295481231418,0,0.5
3,3,44,logistic_regression,526,469,0,0.23212412106269387,0,0.5
3,3,44,logistic_regression,527,262,0,0.17842189456292618,0,0.5
3,3,44,logistic_regression,529,652,0,0.24595467661124246,0,0.5
3,3,44,logistic_regression,537,365,0,0.22766189442354393,0,0.5
3,3,44,logistic_regression,539,76,1,0.3056048015720065,0,0.5
3,3,44,logistic_regression,544,50,0,0.1854802780649455,0,0.5
3,3,44,logistic_regression,545,532,0,0.25447452083441163,0,0.5
3,3,44,logistic_regression,549,662,1,0.27345131533790634,0,0.5
3,3,44,logistic_regression,565,335,0,0.2244030590890518,0,0.5
3,3,44,logistic_regression,567,383,0,0.25101024979186987,0,0.5
3,3,44,logistic_regression,572,373,0,0.24638076295982342,0,0.5
3,3,44,logistic_regression,573,523,0,0.24354714872634778,0,0.5
3,3,44,logistic_regression,587,687,0,0.27597884284634916,0,0.5
3,3,44,logistic_regression,590,56,0,0.20998301181288048,0,0.5
3,3,44,logistic_regression,595,248,0,0.24044578075494083,0,0.5
3,3,44,logistic_regression,603,440,0,0.18328861455036843,0,0.5
3,3,44,logistic_regression,608,135,0,0.22166883672269577,0,0.5
3,3,44,logistic_regression,610,230,1,0.23960745829607666,0,0.5
3,3,44,logistic_regression,613,299,0,0.20094299706865248,0,0.5
3,3,44,logistic_regression,622,710,0,0.2327774276436126,0,0.5
3,3,44,logistic_regression,630,424,0,0.23445367998720307,0,0.5
3,3,44,logistic_regression,631,187,0,0.22508548282196664,0,0.5
3,3,44,logistic_regression,632,226,0,0.22600892709697343,0,0.5
3,3,44,logistic_regression,638,221,0,0.22351578849414896,0,0.5
3,3,44,logistic_regression,642,512,0,0.23400078122716883,0,0.5
3,3,44,logistic_regression,643,21,0,0.214504883489262,0,0.5
3,3,44,logistic_regression,646,27,0,0.21332845591323255,0,0.5
3,3,44,logistic_regression,649,613,0,0.26843758327859235,0,0.5
3,3,44,logistic_regression,651,788,0,0.2779015002966511,0,0.5
3,3,44,logistic_regression,652,826,0,0.28652167923437494,0,0.5
3,3,44,logistic_regression,653,216,1,0.24120622952810836,0,0.5
3,3,44,logistic_regression,656,294,0,0.22429531060431165,0,0.5
3,3,44,logistic_regression,658,85,0,0.21775983612080024,0,0.5
3,3,44,logistic_regression,667,829,0,0.27683746944723797,0,0.5
3,3,44,logistic_regression,669,755,0,0.2929913037686432,0,0.5
3,3,44,logistic_regression,676,828,0,0.279175956118444,0,0.5
3,3,44,logistic_regression,677,814,0,0.24046957887253048,0,0.5
3,3,44,logistic_regression,683,762,0,0.25909200070768923,0,0.5
3,3,44,logistic_regression,685,820,0,0.22780003000133855,0,0.5
3,3,44,logistic_regression,691,420,0,0.3514645749130904,0,0.5
3,3,44,logistic_regression,698,473,0,0.24475207711815758,0,0.5
3,3,44,logistic_regression,701,524,0,0.1968111285618732,0,0.5
3,3,44,logistic_regression,703,42,0,0.23329867935601473,0,0.5
3,3,44,logistic_regression,704,781,0,0.26255605718662267,0,0.5
3,3,44,logistic_regression,705,806,0,0.2124055662687188,0,0.5
3,3,44,logistic_regression,708,254,0,0.24042918736828797,0,0.5
3,3,44,logistic_regression,721,655,0,0.23357473509865675,0,0.5
3,3,44,logistic_regression,725,214,0,0.2309622206488267,0,0.5
3,3,44,logistic_regression,731,291,0,0.22464841210593234,0,0.5
3,3,44,logistic_regression,732,417,0,0.21186441360457225,0,0.5
3,3,44,logistic_regression,733,587,0,0.2374288789285548,0,0.5
3,3,44,logistic_regression,735,6,0,0.17140360018425047,0,0.5
3,3,44,logistic_regression,738,477,0,0.23194350265341965,0,0.5
3,3,44,logistic_regression,744,66,0,0.23936059518026206,0,0.5
3,3,44,logistic_regression,746,342,0,0.24179557536796872,0,0.5
3,3,44,logistic_regression,749,541,0,0.326508215735345,0,0.5
3,3,44,logistic_regression,750,99,0,0.21900143667416452,0,0.5
3,3,44,logistic_regression,755,563,0,0.2451114360952986,0,0.5
3,3,44,logistic_regression,757,360,0,0.2299451926298591,0,0.5
3,3,44,logistic_regression,761,607,0,0.17017922822775644,0,0.5
3,3,44,logistic_regression,763,785,0,0.25853290831865333,0,0.5
3,3,44,logistic_regression,773,23,0,0.20948879189624897,0,0.5
3,3,44,logistic_regression,792,314,0,0.1838197377366577,0,0.5
3,3,44,logistic_regression,800,302,0,0.23572749288571707,0,0.5
3,3,44,logistic_regression,801,691,0,0.2656366416001027,0,0.5
3,3,44,logistic_regression,806,62,0,0.2198199460551231,0,0.5
3,3,44,logistic_regression,809,519,0,0.2596955135338726,0,0.5
3,3,44,logistic_regression,812,4,0,0.23023345173230356,0,0.5
3,3,44,logistic_regression,813,163,0,0.23484998033535917,0,0.5
3,3,44,logistic_regression,814,22,1,0.2114489586340508,0,0.5
3,3,44,logistic_regression,820,352,0,0.23886767450124066,0,0.5
3,3,44,logistic_regression,821,602,0,0.2376421795817645,0,0.5
3,3,44,logistic_regression,825,794,0,0.2416690521901545,0,0.5
3,3,44,logistic_regression,835,332,0,0.2222034068347334,0,0.5
3,3,44,logistic_regression,837,606,0,0.221535038968966,0,0.5
3,3,44,logistic_regression,842,722,0,0.24569913137038357,0,0.5
3,3,44,logistic_regression,846,680,0,0.23464880896888843,0,0.5
3,3,44,logistic_regression,848,598,0,0.22976032810395933,0,0.5
3,3,44,logistic_regression,853,672,0,0.23464065168996448,0,0.5
3,3,44,xgboost,8,809,0,0.023292824625968933,0,0.5
3,3,44,xgboost,19,773,0,0.02542635053396225,0,0.5
3,3,44,xgboost,29,745,0,0.022806791588664055,0,0.5
3,3,44,xgboost,34,749,0,0.04219482094049454,0,0.5
3,3,44,xgboost,35,737,0,0.03500109538435936,0,0.5
3,3,44,xgboost,40,746,0,0.06620847433805466,0,0.5
3,3,44,xgboost,46,716,0,0.016097836196422577,0,0.5
3,3,44,xgboost,50,721,0,0.08203115314245224,0,0.5
3,3,44,xgboost,53,695,0,0.15220773220062256,0,0.5
3,3,44,xgboost,54,708,0,0.08865849673748016,0,0.5
3,3,44,xgboost,56,702,0,0.1043841689825058,0,0.5
3,3,44,xgboost,57,647,0,0.03746023401618004,0,0.5
3,3,44,xgboost,62,679,0,0.016145622357726097,0,0.5
3,3,44,xgboost,63,629,0,0.35967808961868286,0,0.5
3,3,44,xgboost,75,686,0,0.03222965821623802,0,0.5
3,3,44,xgboost,91,689,0,0.00779039366170764,0,0.5
3,3,44,xgboost,94,637,0,0.058247439563274384,0,0.5
3,3,44,xgboost,95,604,0,0.005178960971534252,0,0.5
3,3,44,xgboost,99,641,0,0.03023247793316841,0,0.5
3,3,44,xgboost,116,597,0,0.07008593529462814,0,0.5
3,3,44,xgboost,118,560,0,0.0518646202981472,0,0.5
3,3,44,xgboost,131,581,1,0.07674729824066162,0,0.5
3,3,44,xgboost,132,565,0,0.021203912794589996,0,0.5
3,3,44,xgboost,133,651,0,0.2759154438972473,0,0.5
3,3,44,xgboost,139,556,0,0.017126983031630516,0,0.5
3,3,44,xgboost,141,194,0,0.02888813242316246,0,0.5
3,3,44,xgboost,142,591,0,0.007079290226101875,0,0.5
3,3,44,xgboost,148,643,0,0.05213828384876251,0,0.5
3,3,44,xgboost,152,438,0,0.010240788571536541,0,0.5
3,3,44,xgboost,153,423,0,0.016127945855259895,0,0.5
3,3,44,xgboost,165,572,0,0.10933235287666321,0,0.5
3,3,44,xgboost,176,452,0,0.009861433878540993,0,0.5
3,3,44,xgboost,185,488,1,0.018016790971159935,0,0.5
3,3,44,xgboost,192,459,0,0.032853785902261734,0,0.5
3,3,44,xgboost,199,460,0,0.0629270151257515,0,0.5
3,3,44,xgboost,200,443,0,0.10168597102165222,0,0.5
3,3,44,xgboost,201,441,0,0.18471866846084595,0,0.5
3,3,44,xgboost,206,496,0,0.03644922748208046,0,0.5
3,3,44,xgboost,213,500,0,0.10482076555490494,0,0.5
3,3,44,xgboost,214,550,1,0.009867274202406406,0,0.5
3,3,44,xgboost,218,503,0,0.13444547355175018,0,0.5
3,3,44,xgboost,220,406,0,0.0102308951318264,0,0.5
3,3,44,xgboost,234,406,0,0.0102308951318264,0,0.5
3,3,44,xgboost,237,347,0,0.1801697462797165,0,0.5
3,3,44,xgboost,240,334,0,0.00896457489579916,0,0.5
3,3,44,xgboost,241,354,0,0.006904021371155977,0,0.5
3,3,44,xgboost,244,391,0,0.08486670255661011,0,0.5
3,3,44,xgboost,245,253,0,0.12968099117279053,0,0.5
3,3,44,xgboost,252,344,0,0.005149666219949722,0,0.5
3,3,44,xgboost,256,366,0,0.006763850804418325,0,0.5
3,3,44,xgboost,261,227,0,0.05174858123064041,0,0.5
3,3,44,xgboost,264,259,1,0.01580631174147129,0,0.5
3,3,44,xgboost,273,355,0,0.012924420647323132,0,0.5
3,3,44,xgboost,274,349,0,0.007051070686429739,0,0.5
3,3,44,xgboost,276,241,0,0.12800878286361694,0,0.5
3,3,44,xgboost,293,221,0,0.05263357609510422,0,0.5
3,3,44,xgboost,295,283,0,0.10444819182157516,0,0.5
3,3,44,xgboost,305,201,0,0.1531205028295517,0,0.5
3,3,44,xgboost,319,293,0,0.012052490375936031,0,0.5
3,3,44,xgboost,321,269,0,0.023509420454502106,0,0.5
3,3,44,xgboost,323,268,0,0.041437700390815735,0,0.5
3,3,44,xgboost,326,217,0,0.14363479614257812,0,0.5
3,3,44,xgboost,335,525,1,0.12567400932312012,0,0.5
3,3,44,xgboost,336,251,0,0.032087478786706924,0,0.5
3,3,44,xgboost,341,121,0,0.01193952839821577,0,0.5
3,3,44,xgboost,351,155,0,0.021917974576354027,0,0.5
3,3,44,xgboost,361,199,0,0.19063617289066315,0,0.5
3,3,44,xgboost,385,234,0,0.09140931069850922,0,0.5
3,3,44,xgboost,390,179,0,0.10447955131530762,0,0.5
3,3,44,xgboost,405,61,0,0.006048385053873062,0,0.5
3,3,44,xgboost,407,57,0,0.06260593235492706,0,0.5
3,3,44,xgboost,415,104,0,0.023783687502145767,0,0.5
3,3,44,xgboost,416,70,0,0.007906517013907433,0,0.5
3,3,44,xgboost,420,97,0,0.06614062190055847,0,0.5
3,3,44,xgboost,421,433,1,0.011325964704155922,0,0.5
3,3,44,xgboost,429,73,0,0.011299213394522667,0,0.5
3,3,44,xgboost,431,70,0,0.007906517013907433,0,0.5
3,3,44,xgboost,433,28,0,0.03277644142508507,0,0.5
3,3,44,xgboost,437,26,0,0.010855271480977535,0,0.5
3,3,44,xgboost,438,195,0,0.1667405217885971,0,0.5
3,3,44,xgboost,442,26,0,0.010855271480977535,0,0.5
3,3,44,xgboost,459,3,0,0.014543279074132442,0,0.5
3,3,44,xgboost,461,19,0,0.023783687502145767,0,0.5
3,3,44,xgboost,468,11,0,0.0351065918803215,0,0.5
3,3,44,xgboost,486,496,0,0.03644922748208046,0,0.5
3,3,44,xgboost,488,337,0,0.01143360324203968,0,0.5
3,3,44,xgboost,491,122,0,0.106350839138031,0,0.5
3,3,44,xgboost,504,428,0,0.015324771404266357,0,0.5
3,3,44,xgboost,510,17,0,0.024740412831306458,0,0.5
3,3,44,xgboost,513,96,0,0.04694267362356186,0,0.5
3,3,44,xgboost,515,603,0,0.04884198307991028,0,0.5
3,3,44,xgboost,516,174,0,0.054549820721149445,0,0.5
3,3,44,xgboost,524,628,0,0.09589258581399918,0,0.5
3,3,44,xgboost,526,469,0,0.07702766358852386,0,0.5
3,3,44,xgboost,527,262,0,0.02750861458480358,0,0.5
3,3,44,xgboost,529,652,0,0.0281662717461586,0,0.5
3,3,44,xgboost,537,365,0,0.02333063818514347,0,0.5
3,3,44,xgboost,539,76,1,0.015441564843058586,0,0.5
3,3,44,xgboost,544,50,0,0.006035985425114632,0,0.5
3,3,44,xgboost,545,532,0,0.014385520480573177,0,0.5
3,3,44,xgboost,549,662,1,0.01633051224052906,0,0.5
3,3,44,xgboost,565,335,0,0.021149324253201485,0,0.5
3,3,44,xgboost,567,383,0,0.05844198167324066,0,0.5
3,3,44,xgboost,572,373,0,0.004636693745851517,0,0.5
3,3,44,xgboost,573,523,0,0.07435297220945358,0,0.5
3,3,44,xgboost,587,687,0,0.03650723397731781,0,0.5
3,3,44,xgboost,590,56,0,0.028745926916599274,0,0.5
3,3,44,xgboost,595,248,0,0.013493369333446026,0,0.5
3,3,44,xgboost,603,440,0,0.007201931439340115,0,0.5
3,3,44,xgboost,608,135,0,0.027330340817570686,0,0.5
3,3,44,xgboost,610,230,1,0.18306417763233185,0,0.5
3,3,44,xgboost,613,299,0,0.07950477302074432,0,0.5
3,3,44,xgboost,622,710,0,0.1451885998249054,0,0.5
3,3,44,xgboost,630,424,0,0.029103904962539673,0,0.5
3,3,44,xgboost,631,187,0,0.08115632832050323,0,0.5
3,3,44,xgboost,632,226,0,0.028303122147917747,0,0.5
3,3,44,xgboost,638,221,0,0.05263357609510422,0,0.5
3,3,44,xgboost,642,512,0,0.34491825103759766,0,0.5
3,3,44,xgboost,643,21,0,0.026556096971035004,0,0.5
3,3,44,xgboost,646,27,0,0.02141639031469822,0,0.5
3,3,44,xgboost,649,613,0,0.047506481409072876,0,0.5
3,3,44,xgboost,651,788,0,0.006404631305485964,0,0.5
3,3,44,xgboost,652,826,0,0.10214659571647644,0,0.5
3,3,44,xgboost,653,216,1,0.062216561287641525,0,0.5
3,3,44,xgboost,656,294,0,0.049631066620349884,0,0.5
3,3,44,xgboost,658,85,0,0.018346596509218216,0,0.5
3,3,44,xgboost,667,829,0,0.11085742712020874,0,0.5
3,3,44,xgboost,669,755,0,0.021747536957263947,0,0.5
3,3,44,xgboost,676,828,0,0.1338159739971161,0,0.5
3,3,44,xgboost,677,814,0,0.013220389373600483,0,0.5
3,3,44,xgboost,683,762,0,0.02297014556825161,0,0.5
3,3,44,xgboost,685,820,0,0.08402229845523834,0,0.5
3,3,44,xgboost,691,420,0,0.14992272853851318,0,0.5
3,3,44,xgboost,698,473,0,0.036870744079351425,0,0.5
3,3,44,xgboost,701,524,0,0.01375559438019991,0,0.5
3,3,44,xgboost,703,42,0,0.011929644271731377,0,0.5
3,3,44,xgboost,704,781,0,0.021509019657969475,0,0.5
3,3,44,xgboost,705,806,0,0.004588261246681213,0,0.5
3,3,44,xgboost,708,254,0,0.03714386001229286,0,0.5
3,3,44,xgboost,721,655,0,0.038193441927433014,0,0.5
3,3,44,xgboost,725,214,0,0.03701086714863777,0,0.5
3,3,44,xgboost,731,291,0,0.02515890635550022,0,0.5
3,3,44,xgboost,732,417,0,0.025538654997944832,0,0.5
3,3,44,xgboost,733,587,0,0.02095305733382702,0,0.5
3,3,44,xgboost,735,6,0,0.005245149601250887,0,0.5
3,3,44,xgboost,738,477,0,0.11394939571619034,0,0.5
3,3,44,xgboost,744,66,0,0.020125534385442734,0,0.5
3,3,44,xgboost,746,342,0,0.011387704871594906,0,0.5
3,3,44,xgboost,749,541,0,0.09214150160551071,0,0.5
3,3,44,xgboost,750,99,0,0.01905747316777706,0,0.5
3,3,44,xgboost,755,563,0,0.038535211235284805,0,0.5
3,3,44,xgboost,757,360,0,0.043801989406347275,0,0.5
3,3,44,xgboost,761,607,0,0.006734075956046581,0,0.5
3,3,44,xgboost,763,785,0,0.028070207685232162,0,0.5
3,3,44,xgboost,773,23,0,0.01471029408276081,0,0.5
3,3,44,xgboost,792,314,0,0.0047090789303183556,0,0.5
3,3,44,xgboost,800,302,0,0.004788652062416077,0,0.5
3,3,44,xgboost,801,691,0,0.08982344716787338,0,0.5
3,3,44,xgboost,806,62,0,0.016991935670375824,0,0.5
3,3,44,xgboost,809,519,0,0.011493935249745846,0,0.5
3,3,44,xgboost,812,4,0,0.04113990068435669,0,0.5
3,3,44,xgboost,813,163,0,0.12704527378082275,0,0.5
3,3,44,xgboost,814,22,1,0.0101331090554595,0,0.5
3,3,44,xgboost,820,352,0,0.050771575421094894,0,0.5
3,3,44,xgboost,821,602,0,0.008688002824783325,0,0.5
3,3,44,xgboost,825,794,0,0.039987146854400635,0,0.5
3,3,44,xgboost,835,332,0,0.0080760782584548,0,0.5
3,3,44,xgboost,837,606,0,0.040085744112730026,0,0.5
3,3,44,xgboost,842,722,0,0.013768889009952545,0,0.5
3,3,44,xgboost,846,680,0,0.0706569105386734,0,0.5
3,3,44,xgboost,848,598,0,0.04867776483297348,0,0.5
3,3,44,xgboost,853,672,0,0.09383183717727661,0,0.5
3,4,44,dummy_prior,2,660,0,0.06404657933042213,0,0.5
3,4,44,dummy_prior,10,807,0,0.06404657933042213,0,0.5
3,4,44,dummy_prior,12,812,0,0.06404657933042213,0,0.5
3,4,44,dummy_prior,16,790,0,0.06404657933042213,0,0.5
3,4,44,dummy_prior,17,799,0,0.06404657933042213,0,0.5
3,4,44,dummy_prior,28,742,0,0.06404657933042213,0,0.5
3,4,44,dummy_prior,33,734,0,0.06404657933042213,0,0.5
3,4,44,dummy_prior,42,724,0,0.06404657933042213,0,0.5
3,4,44,dummy_prior,44,740,1,0.06404657933042213,0,0.5
3,4,44,dummy_prior,45,709,0,0.06404657933042213,0,0.5
3,4,44,dummy_prior,55,789,0,0.06404657933042213,0,0.5
3,4,44,dummy_prior,65,736,0,0.06404657933042213,0,0.5
3,4,44,dummy_prior,69,705,0,0.06404657933042213,0,0.5
3,4,44,dummy_prior,71,677,0,0.06404657933042213,0,0.5
3,4,44,dummy_prior,74,681,0,0.06404657933042213,0,0.5
3,4,44,dummy_prior,76,675,0,0.06404657933042213,0,0.5
3,4,44,dummy_prior,78,693,0,0.06404657933042213,0,0.5
3,4,44,dummy_prior,79,684,0,0.06404657933042213,0,0.5
3,4,44,dummy_prior,88,618,0,0.06404657933042213,0,0.5
3,4,44,dummy_prior,89,632,0,0.06404657933042213,0,0.5
3,4,44,dummy_prior,96,701,1,0.06404657933042213,0,0.5
3,4,44,dummy_prior,97,678,0,0.06404657933042213,0,0.5
3,4,44,dummy_prior,110,619,0,0.06404657933042213,0,0.5
3,4,44,dummy_prior,117,570,0,0.06404657933042213,0,0.5
3,4,44,dummy_prior,120,627,0,0.06404657933042213,0,0.5
3,4,44,dummy_prior,121,579,0,0.06404657933042213,0,0.5
3,4,44,dummy_prior,124,571,0,0.06404657933042213,0,0.5
3,4,44,dummy_prior,127,520,0,0.06404657933042213,0,0.5
3,4,44,dummy_prior,134,568,0,0.06404657933042213,0,0.5
3,4,44,dummy_prior,135,465,0,0.06404657933042213,0,0.5
3,4,44,dummy_prior,155,507,0,0.06404657933042213,0,0.5
3,4,44,dummy_prior,161,490,0,0.06404657933042213,0,0.5
3,4,44,dummy_prior,163,509,1,0.06404657933042213,0,0.5
3,4,44,dummy_prior,167,461,0,0.06404657933042213,0,0.5
3,4,44,dummy_prior,177,468,0,0.06404657933042213,0,0.5
3,4,44,dummy_prior,180,414,0,0.06404657933042213,0,0.5
3,4,44,dummy_prior,181,462,0,0.06404657933042213,0,0.5
3,4,44,dummy_prior,182,392,0,0.06404657933042213,0,0.5
3,4,44,dummy_prior,184,411,0,0.06404657933042213,0,0.5
3,4,44,dummy_prior,187,501,0,0.06404657933042213,0,0.5
3,4,44,dummy_prior,198,447,0,0.06404657933042213,0,0.5
3,4,44,dummy_prior,202,454,0,0.06404657933042213,0,0.5
3,4,44,dummy_prior,203,494,1,0.06404657933042213,0,0.5
3,4,44,dummy_prior,215,372,0,0.06404657933042213,0,0.5
3,4,44,dummy_prior,219,324,0,0.06404657933042213,0,0.5
3,4,44,dummy_prior,225,511,0,0.06404657933042213,0,0.5
3,4,44,dummy_prior,226,409,0,0.06404657933042213,0,0.5
3,4,44,dummy_prior,230,304,0,0.06404657933042213,0,0.5
3,4,44,dummy_prior,239,497,0,0.06404657933042213,0,0.5
3,4,44,dummy_prior,248,381,0,0.06404657933042213,0,0.5
3,4,44,dummy_prior,250,379,0,0.06404657933042213,0,0.5
3,4,44,dummy_prior,255,379,0,0.06404657933042213,0,0.5
3,4,44,dummy_prior,263,296,0,0.06404657933042213,0,0.5
3,4,44,dummy_prior,265,247,0,0.06404657933042213,0,0.5
3,4,44,dummy_prior,266,232,0,0.06404657933042213,0,0.5
3,4,44,dummy_prior,269,410,0,0.06404657933042213,0,0.5
3,4,44,dummy_prior,271,359,0,0.06404657933042213,0,0.5
3,4,44,dummy_prior,272,330,0,0.06404657933042213,0,0.5
3,4,44,dummy_prior,284,252,0,0.06404657933042213,0,0.5
3,4,44,dummy_prior,285,430,0,0.06404657933042213,0,0.5
3,4,44,dummy_prior,291,289,0,0.06404657933042213,0,0.5
3,4,44,dummy_prior,296,358,0,0.06404657933042213,0,0.5
3,4,44,dummy_prior,297,220,0,0.06404657933042213,0,0.5
3,4,44,dummy_prior,301,202,0,0.06404657933042213,0,0.5
3,4,44,dummy_prior,302,323,0,0.06404657933042213,0,0.5
3,4,44,dummy_prior,313,370,0,0.06404657933042213,0,0.5
3,4,44,dummy_prior,317,170,0,0.06404657933042213,0,0.5
3,4,44,dummy_prior,322,180,0,0.06404657933042213,0,0.5
3,4,44,dummy_prior,324,654,0,0.06404657933042213,0,0.5
3,4,44,dummy_prior,331,446,0,0.06404657933042213,0,0.5
3,4,44,dummy_prior,334,229,0,0.06404657933042213,0,0.5
3,4,44,dummy_prior,345,276,1,0.06404657933042213,0,0.5
3,4,44,dummy_prior,349,235,0,0.06404657933042213,0,0.5
3,4,44,dummy_prior,353,223,0,0.06404657933042213,0,0.5
3,4,44,dummy_prior,354,811,0,0.06404657933042213,0,0.5
3,4,44,dummy_prior,355,140,0,0.06404657933042213,0,0.5
3,4,44,dummy_prior,369,82,0,0.06404657933042213,0,0.5
3,4,44,dummy_prior,382,400,0,0.06404657933042213,0,0.5
3,4,44,dummy_prior,383,134,1,0.06404657933042213,0,0.5
3,4,44,dummy_prior,384,78,0,0.06404657933042213,0,0.5
3,4,44,dummy_prior,386,90,0,0.06404657933042213,0,0.5
3,4,44,dummy_prior,388,185,0,0.06404657933042213,0,0.5
3,4,44,dummy_prior,395,82,0,0.06404657933042213,0,0.5
3,4,44,dummy_prior,400,55,0,0.06404657933042213,0,0.5
3,4,44,dummy_prior,404,88,0,0.06404657933042213,0,0.5
3,4,44,dummy_prior,408,60,0,0.06404657933042213,0,0.5
3,4,44,dummy_prior,413,698,0,0.06404657933042213,0,0.5
3,4,44,dummy_prior,418,47,0,0.06404657933042213,0,0.5
3,4,44,dummy_prior,422,89,0,0.06404657933042213,0,0.5
3,4,44,dummy_prior,425,35,0,0.06404657933042213,0,0.5
3,4,44,dummy_prior,428,29,0,0.06404657933042213,0,0.5
3,4,44,dummy_prior,432,600,0,0.06404657933042213,0,0.5
3,4,44,dummy_prior,443,10,0,0.06404657933042213,0,0.5
3,4,44,dummy_prior,446,107,0,0.06404657933042213,0,0.5
3,4,44,dummy_prior,449,75,0,0.06404657933042213,0,0.5
3,4,44,dummy_prior,451,32,0,0.06404657933042213,0,0.5
3,4,44,dummy_prior,453,10,0,0.06404657933042213,0,0.5
3,4,44,dummy_prior,457,18,0,0.06404657933042213,0,0.5
3,4,44,dummy_prior,458,35,0,0.06404657933042213,0,0.5
3,4,44,dummy_prior,460,5,0,0.06404657933042213,0,0.5
3,4,44,dummy_prior,471,94,0,0.06404657933042213,0,0.5
3,4,44,dummy_prior,481,608,0,0.06404657933042213,0,0.5
3,4,44,dummy_prior,487,483,0,0.06404657933042213,0,0.5
3,4,44,dummy_prior,489,151,0,0.06404657933042213,0,0.5
3,4,44,dummy_prior,497,356,0,0.06404657933042213,0,0.5
3,4,44,dummy_prior,498,663,0,0.06404657933042213,0,0.5
3,4,44,dummy_prior,499,614,0,0.06404657933042213,0,0.5
3,4,44,dummy_prior,501,610,0,0.06404657933042213,0,0.5
3,4,44,dummy_prior,511,38,0,0.06404657933042213,0,0.5
3,4,44,dummy_prior,519,123,0,0.06404657933042213,0,0.5
3,4,44,dummy_prior,542,146,0,0.06404657933042213,0,0.5
3,4,44,dummy_prior,546,213,0,0.06404657933042213,0,0.5
3,4,44,dummy_prior,554,20,0,0.06404657933042213,0,0.5
3,4,44,dummy_prior,557,458,0,0.06404657933042213,0,0.5
3,4,44,dummy_prior,559,162,0,0.06404657933042213,0,0.5
3,4,44,dummy_prior,569,802,0,0.06404657933042213,0,0.5
3,4,44,dummy_prior,570,559,0,0.06404657933042213,0,0.5
3,4,44,dummy_prior,574,309,0,0.06404657933042213,0,0.5
3,4,44,dummy_prior,580,55,0,0.06404657933042213,0,0.5
3,4,44,dummy_prior,581,59,0,0.06404657933042213,0,0.5
3,4,44,dummy_prior,599,176,0,0.06404657933042213,0,0.5
3,4,44,dummy_prior,600,506,0,0.06404657933042213,0,0.5
3,4,44,dummy_prior,612,225,0,0.06404657933042213,0,0.5
3,4,44,dummy_prior,616,376,0,0.06404657933042213,0,0.5
3,4,44,dummy_prior,618,130,0,0.06404657933042213,0,0.5
3,4,44,dummy_prior,619,320,0,0.06404657933042213,0,0.5
3,4,44,dummy_prior,620,363,0,0.06404657933042213,0,0.5
3,4,44,dummy_prior,637,493,0,0.06404657933042213,0,0.5
3,4,44,dummy_prior,639,52,0,0.06404657933042213,0,0.5
3,4,44,dummy_prior,641,761,0,0.06404657933042213,0,0.5
3,4,44,dummy_prior,654,810,0,0.06404657933042213,0,0.5
3,4,44,dummy_prior,655,236,1,0.06404657933042213,0,0.5
3,4,44,dummy_prior,662,502,0,0.06404657933042213,0,0.5
3,4,44,dummy_prior,663,310,0,0.06404657933042213,0,0.5
3,4,44,dummy_prior,664,756,1,0.06404657933042213,0,0.5
3,4,44,dummy_prior,668,830,0,0.06404657933042213,0,0.5
3,4,44,dummy_prior,672,0,0,0.06404657933042213,0,0.5
3,4,44,dummy_prior,673,819,1,0.06404657933042213,0,0.5
3,4,44,dummy_prior,681,793,0,0.06404657933042213,0,0.5
3,4,44,dummy_prior,682,827,0,0.06404657933042213,0,0.5
3,4,44,dummy_prior,684,815,0,0.06404657933042213,0,0.5
3,4,44,dummy_prior,686,704,1,0.06404657933042213,0,0.5
3,4,44,dummy_prior,694,486,0,0.06404657933042213,0,0.5
3,4,44,dummy_prior,702,439,0,0.06404657933042213,0,0.5
3,4,44,dummy_prior,716,144,0,0.06404657933042213,0,0.5
3,4,44,dummy_prior,720,427,0,0.06404657933042213,0,0.5
3,4,44,dummy_prior,724,554,0,0.06404657933042213,0,0.5
3,4,44,dummy_prior,726,530,0,0.06404657933042213,0,0.5
3,4,44,dummy_prior,728,623,0,0.06404657933042213,0,0.5
3,4,44,dummy_prior,748,393,0,0.06404657933042213,0,0.5
3,4,44,dummy_prior,751,778,0,0.06404657933042213,0,0.5
3,4,44,dummy_prior,760,44,0,0.06404657933042213,0,0.5
3,4,44,dummy_prior,786,401,1,0.06404657933042213,0,0.5
3,4,44,dummy_prior,787,256,0,0.06404657933042213,0,0.5
3,4,44,dummy_prior,788,752,0,0.06404657933042213,0,0.5
3,4,44,dummy_prior,789,164,0,0.06404657933042213,0,0.5
3,4,44,dummy_prior,793,353,0,0.06404657933042213,0,0.5
3,4,44,dummy_prior,798,396,0,0.06404657933042213,0,0.5
3,4,44,dummy_prior,807,717,0,0.06404657933042213,0,0.5
3,4,44,dummy_prior,816,233,0,0.06404657933042213,0,0.5
3,4,44,dummy_prior,818,700,0,0.06404657933042213,0,0.5
3,4,44,dummy_prior,824,720,0,0.06404657933042213,0,0.5
3,4,44,dummy_prior,826,650,0,0.06404657933042213,0,0.5
3,4,44,dummy_prior,827,688,0,0.06404657933042213,0,0.5
3,4,44,dummy_prior,831,777,0,0.06404657933042213,0,0.5
3,4,44,dummy_prior,839,601,0,0.06404657933042213,0,0.5
3,4,44,dummy_prior,840,346,0,0.06404657933042213,0,0.5
3,4,44,dummy_prior,841,297,0,0.06404657933042213,0,0.5
3,4,44,dummy_prior,847,574,0,0.06404657933042213,0,0.5
3,4,44,dummy_prior,849,620,0,0.06404657933042213,0,0.5
3,4,44,dummy_prior,854,616,0,0.06404657933042213,0,0.5
3,4,44,logistic_regression,2,660,0,0.2102626990049954,0,0.5
3,4,44,logistic_regression,10,807,0,0.24048373642246432,0,0.5
3,4,44,logistic_regression,12,812,0,0.26261449174503265,0,0.5
3,4,44,logistic_regression,16,790,0,0.2239189583794618,0,0.5
3,4,44,logistic_regression,17,799,0,0.24907290848473546,0,0.5
3,4,44,logistic_regression,28,742,0,0.24841998593317616,0,0.5
3,4,44,logistic_regression,33,734,0,0.22976485519314263,0,0.5
3,4,44,logistic_regression,42,724,0,0.25071068866696344,0,0.5
3,4,44,logistic_regression,44,740,1,0.27327507768502574,0,0.5
3,4,44,logistic_regression,45,709,0,0.24865974464196988,0,0.5
3,4,44,logistic_regression,55,789,0,0.26018363834698965,0,0.5
3,4,44,logistic_regression,65,736,0,0.2453116095255818,0,0.5
3,4,44,logistic_regression,69,705,0,0.21547862114646318,0,0.5
3,4,44,logistic_regression,71,677,0,0.1646384855135406,0,0.5
3,4,44,logistic_regression,74,681,0,0.21552747362490365,0,0.5
3,4,44,logistic_regression,76,675,0,0.22602001766210147,0,0.5
3,4,44,logistic_regression,78,693,0,0.25918903341029303,0,0.5
3,4,44,logistic_regression,79,684,0,0.23153911833443014,0,0.5
3,4,44,logistic_regression,88,618,0,0.2234283574804979,0,0.5
3,4,44,logistic_regression,89,632,0,0.25147881219821966,0,0.5
3,4,44,logistic_regression,96,701,1,0.2763852649193027,0,0.5
3,4,44,logistic_regression,97,678,0,0.23578265811165616,0,0.5
3,4,44,logistic_regression,110,619,0,0.23344354871414127,0,0.5
3,4,44,logistic_regression,117,570,0,0.20745324520531847,0,0.5
3,4,44,logistic_regression,120,627,0,0.24742754698926178,0,0.5
3,4,44,logistic_regression,121,579,0,0.22398321346204147,0,0.5
3,4,44,logistic_regression,124,571,0,0.25242056670272955,0,0.5
3,4,44,logistic_regression,127,520,0,0.2511725887846202,0,0.5
3,4,44,logistic_regression,134,568,0,0.3307035773917055,0,0.5
3,4,44,logistic_regression,135,465,0,0.24172112224621947,0,0.5
3,4,44,logistic_regression,155,507,0,0.24942442916112173,0,0.5
3,4,44,logistic_regression,161,490,0,0.23728361146517724,0,0.5
3,4,44,logistic_regression,163,509,1,0.2198699308408409,0,0.5
3,4,44,logistic_regression,167,461,0,0.28017127471328507,0,0.5
3,4,44,logistic_regression,177,468,0,0.2225627014333115,0,0.5
3,4,44,logistic_regression,180,414,0,0.23798515163524125,0,0.5
3,4,44,logistic_regression,181,462,0,0.23190750760030868,0,0.5
3,4,44,logistic_regression,182,392,0,0.19879841126479866,0,0.5
3,4,44,logistic_regression,184,411,0,0.23489524041979248,0,0.5
3,4,44,logistic_regression,187,501,0,0.4128531171372788,0,0.5
3,4,44,logistic_regression,198,447,0,0.23852746418653867,0,0.5
3,4,44,logistic_regression,202,454,0,0.25586845734876684,0,0.5
3,4,44,logistic_regression,203,494,1,0.307517042127839,0,0.5
3,4,44,logistic_regression,215,372,0,0.22936519959788218,0,0.5
3,4,44,logistic_regression,219,324,0,0.22925481632184175,0,0.5
3,4,44,logistic_regression,225,511,0,0.16611264220236033,0,0.5
3,4,44,logistic_regression,226,409,0,0.23609570875106772,0,0.5
3,4,44,logistic_regression,230,304,0,0.22111628956936738,0,0.5
3,4,44,logistic_regression,239,497,0,0.2578767637278719,0,0.5
3,4,44,logistic_regression,248,381,0,0.23859976574224548,0,0.5
3,4,44,logistic_regression,250,379,0,0.22411203174937827,0,0.5
3,4,44,logistic_regression,255,379,0,0.22411203174937827,0,0.5
3,4,44,logistic_regression,263,296,0,0.20208991147775396,0,0.5
3,4,44,logistic_regression,265,247,0,0.2736719844475873,0,0.5
3,4,44,logistic_regression,266,232,0,0.2218647601186662,0,0.5
3,4,44,logistic_regression,269,410,0,0.23960901251307445,0,0.5
3,4,44,logistic_regression,271,359,0,0.17574530299595642,0,0.5
3,4,44,logistic_regression,272,330,0,0.2149689010516905,0,0.5
3,4,44,logistic_regression,284,252,0,0.18197970479030331,0,0.5
3,4,44,logistic_regression,285,430,0,0.23008964512219202,0,0.5
3,4,44,logistic_regression,291,289,0,0.23018428208470348,0,0.5
3,4,44,logistic_regression,296,358,0,0.2246655222025251,0,0.5
3,4,44,logistic_regression,297,220,0,0.2723001486285173,0,0.5
3,4,44,logistic_regression,301,202,0,0.2306273226390905,0,0.5
3,4,44,logistic_regression,302,323,0,0.24106379194284347,0,0.5
3,4,44,logistic_regression,313,370,0,0.21205299989305057,0,0.5
3,4,44,logistic_regression,317,170,0,0.22566195107970063,0,0.5
3,4,44,logistic_regression,322,180,0,0.22363523530519766,0,0.5
3,4,44,logistic_regression,324,654,0,0.24062509083150724,0,0.5
3,4,44,logistic_regression,331,446,0,0.2491348922154964,0,0.5
3,4,44,logistic_regression,334,229,0,0.22457066912758125,0,0.5
3,4,44,logistic_regression,345,276,1,0.19250135366725032,0,0.5
3,4,44,logistic_regression,349,235,0,0.21831335080022132,0,0.5
3,4,44,logistic_regression,353,223,0,0.1770283288376408,0,0.5
3,4,44,logistic_regression,354,811,0,0.24706658045566415,0,0.5
3,4,44,logistic_regression,355,140,0,0.30515788309544667,0,0.5
3,4,44,logistic_regression,369,82,0,0.23378822691571993,0,0.5
3,4,44,logistic_regression,382,400,0,0.214443813847434,0,0.5
3,4,44,logistic_regression,383,134,1,0.2245316489519161,0,0.5
3,4,44,logistic_regression,384,78,0,0.31122366224269177,0,0.5
3,4,44,logistic_regression,386,90,0,0.23908702348248148,0,0.5
3,4,44,logistic_regression,388,185,0,0.22617053087588732,0,0.5
3,4,44,logistic_regression,395,82,0,0.23378822691571993,0,0.5
3,4,44,logistic_regression,400,55,0,0.2167953846966107,0,0.5
3,4,44,logistic_regression,404,88,0,0.23010239680456793,0,0.5
3,4,44,logistic_regression,408,60,0,0.17719319946824308,0,0.5
3,4,44,logistic_regression,413,698,0,0.24445538837479652,0,0.5
3,4,44,logistic_regression,418,47,0,0.31087977563388514,0,0.5
3,4,44,logistic_regression,422,89,0,0.2304717480836529,0,0.5
3,4,44,logistic_regression,425,35,0,0.2261248127702584,0,0.5
3,4,44,logistic_regression,428,29,0,0.24208466112276975,0,0.5
3,4,44,logistic_regression,432,600,0,0.2406442752173012,0,0.5
3,4,44,logistic_regression,443,10,0,0.1780924542038859,0,0.5
3,4,44,logistic_regression,446,107,0,0.24076615197342877,0,0.5
3,4,44,logistic_regression,449,75,0,0.22404883835571593,0,0.5
3,4,44,logistic_regression,451,32,0,0.2654291878249254,0,0.5
3,4,44,logistic_regression,453,10,0,0.1780924542038859,0,0.5
3,4,44,logistic_regression,457,18,0,0.17782509452688616,0,0.5
3,4,44,logistic_regression,458,35,0,0.2261248127702584,0,0.5
3,4,44,logistic_regression,460,5,0,0.17536177269568437,0,0.5
3,4,44,logistic_regression,471,94,0,0.21909097997771265,0,0.5
3,4,44,logistic_regression,481,608,0,0.23863284252929426,0,0.5
3,4,44,logistic_regression,487,483,0,0.2392174815914847,0,0.5
3,4,44,logistic_regression,489,151,0,0.16888663942814586,0,0.5
3,4,44,logistic_regression,497,356,0,0.24803779030610842,0,0.5
3,4,44,logistic_regression,498,663,0,0.388244104943254,0,0.5
3,4,44,logistic_regression,499,614,0,0.23589914024436823,0,0.5
3,4,44,logistic_regression,501,610,0,0.24874956068111395,0,0.5
3,4,44,logistic_regression,511,38,0,0.21665146123574092,0,0.5
3,4,44,logistic_regression,519,123,0,0.227097561177595,0,0.5
3,4,44,logistic_regression,542,146,0,0.17127423430412655,0,0.5
3,4,44,logistic_regression,546,213,0,0.29977223658209495,0,0.5
3,4,44,logistic_regression,554,20,0,0.2061356831727172,0,0.5
3,4,44,logistic_regression,557,458,0,0.22740072691275873,0,0.5
3,4,44,logistic_regression,559,162,0,0.23649319466532862,0,0.5
3,4,44,logistic_regression,569,802,0,0.24092017922276254,0,0.5
3,4,44,logistic_regression,570,559,0,0.237181260186926,0,0.5
3,4,44,logistic_regression,574,309,0,0.22724306604031727,0,0.5
3,4,44,logistic_regression,580,55,0,0.2167953846966107,0,0.5
3,4,44,logistic_regression,581,59,0,0.22358462070449334,0,0.5
3,4,44,logistic_regression,599,176,0,0.23645488409655055,0,0.5
3,4,44,logistic_regression,600,506,0,0.22843613003027902,0,0.5
3,4,44,logistic_regression,612,225,0,0.22932636211042717,0,0.5
3,4,44,logistic_regression,616,376,0,0.2533621703750689,0,0.5
3,4,44,logistic_regression,618,130,0,0.21717657976407725,0,0.5
3,4,44,logistic_regression,619,320,0,0.2004362540018955,0,0.5
3,4,44,logistic_regression,620,363,0,0.23788555228532698,0,0.5
3,4,44,logistic_regression,637,493,0,0.25387831015142176,0,0.5
3,4,44,logistic_regression,639,52,0,0.22574524712335348,0,0.5
3,4,44,logistic_regression,641,761,0,0.23393990670197887,0,0.5
3,4,44,logistic_regression,654,810,0,0.29282443960081456,0,0.5
3,4,44,logistic_regression,655,236,1,0.22047905112079652,0,0.5
3,4,44,logistic_regression,662,502,0,0.2250171116846846,0,0.5
3,4,44,logistic_regression,663,310,0,0.23703515554595248,0,0.5
3,4,44,logistic_regression,664,756,1,0.26679857721916866,0,0.5
3,4,44,logistic_regression,668,830,0,0.3457396861664497,0,0.5
3,4,44,logistic_regression,672,0,0,0.22560042133109426,0,0.5
3,4,44,logistic_regression,673,819,1,0.25144706338618017,0,0.5
3,4,44,logistic_regression,681,793,0,0.24633502914912775,0,0.5
3,4,44,logistic_regression,682,827,0,0.2894494720450006,0,0.5
3,4,44,logistic_regression,684,815,0,0.25797286945173287,0,0.5
3,4,44,logistic_regression,686,704,1,0.2224248404860183,0,0.5
3,4,44,logistic_regression,694,486,0,0.2721046053647623,0,0.5
3,4,44,logistic_regression,702,439,0,0.24807426488284187,0,0.5
3,4,44,logistic_regression,716,144,0,0.22532942183513163,0,0.5
3,4,44,logistic_regression,720,427,0,0.23004681777385175,0,0.5
3,4,44,logistic_regression,724,554,0,0.23306603750930882,0,0.5
3,4,44,logistic_regression,726,530,0,0.24399966986663926,0,0.5
3,4,44,logistic_regression,728,623,0,0.23967048003432304,0,0.5
3,4,44,logistic_regression,748,393,0,0.21716851626715478,0,0.5
3,4,44,logistic_regression,751,778,0,0.19134555932834704,0,0.5
3,4,44,logistic_regression,760,44,0,0.2978497814307668,0,0.5
3,4,44,logistic_regression,786,401,1,0.3867101066532121,0,0.5
3,4,44,logistic_regression,787,256,0,0.23850289106025205,0,0.5
3,4,44,logistic_regression,788,752,0,0.30765155418975565,0,0.5
3,4,44,logistic_regression,789,164,0,0.3093785488839354,0,0.5
3,4,44,logistic_regression,793,353,0,0.2310510918134133,0,0.5
3,4,44,logistic_regression,798,396,0,0.22331662367006844,0,0.5
3,4,44,logistic_regression,807,717,0,0.31295231594507505,0,0.5
3,4,44,logistic_regression,816,233,0,0.26019165850109655,0,0.5
3,4,44,logistic_regression,818,700,0,0.25836868120557266,0,0.5
3,4,44,logistic_regression,824,720,0,0.24350694471883014,0,0.5
3,4,44,logistic_regression,826,650,0,0.2545639629403744,0,0.5
3,4,44,logistic_regression,827,688,0,0.23396736781828842,0,0.5
3,4,44,logistic_regression,831,777,0,0.39010144504006866,0,0.5
3,4,44,logistic_regression,839,601,0,0.23149871432900124,0,0.5
3,4,44,logistic_regression,840,346,0,0.2360802840084131,0,0.5
3,4,44,logistic_regression,841,297,0,0.22470215663785004,0,0.5
3,4,44,logistic_regression,847,574,0,0.22966949609448628,0,0.5
3,4,44,logistic_regression,849,620,0,0.23886035132833308,0,0.5
3,4,44,logistic_regression,854,616,0,0.24000138255162232,0,0.5
3,4,44,xgboost,2,660,0,0.047206684947013855,0,0.5
3,4,44,xgboost,10,807,0,0.007438276428729296,0,0.5
3,4,44,xgboost,12,812,0,0.017912957817316055,0,0.5
3,4,44,xgboost,16,790,0,0.009560334496200085,0,0.5
3,4,44,xgboost,17,799,0,0.0038524840492755175,0,0.5
3,4,44,xgboost,28,742,0,0.010912606492638588,0,0.5
3,4,44,xgboost,33,734,0,0.028292376548051834,0,0.5
3,4,44,xgboost,42,724,0,0.1297331154346466,0,0.5
3,4,44,xgboost,44,740,1,0.10565674304962158,0,0.5
3,4,44,xgboost,45,709,0,0.2897959053516388,0,0.5
3,4,44,xgboost,55,789,0,0.021524278447031975,0,0.5
3,4,44,xgboost,65,736,0,0.06844309717416763,0,0.5
3,4,44,xgboost,69,705,0,0.011192570440471172,0,0.5
3,4,44,xgboost,71,677,0,0.01597128063440323,0,0.5
3,4,44,xgboost,74,681,0,0.010981244035065174,0,0.5
3,4,44,xgboost,76,675,0,0.00820483360439539,0,0.5
3,4,44,xgboost,78,693,0,0.04742403328418732,0,0.5
3,4,44,xgboost,79,684,0,0.07849708199501038,0,0.5
3,4,44,xgboost,88,618,0,0.009865205734968185,0,0.5
3,4,44,xgboost,89,632,0,0.03210835158824921,0,0.5
3,4,44,xgboost,96,701,1,0.11419092863798141,0,0.5
3,4,44,xgboost,97,678,0,0.06914234906435013,0,0.5
3,4,44,xgboost,110,619,0,0.020136939361691475,0,0.5
3,4,44,xgboost,117,570,0,0.0059899017214775085,0,0.5
3,4,44,xgboost,120,627,0,0.057947639375925064,0,0.5
3,4,44,xgboost,121,579,0,0.008603484369814396,0,0.5
3,4,44,xgboost,124,571,0,0.17472407221794128,0,0.5
3,4,44,xgboost,127,520,0,0.10362522304058075,0,0.5
3,4,44,xgboost,134,568,0,0.04417481645941734,0,0.5
3,4,44,xgboost,135,465,0,0.03624658286571503,0,0.5
3,4,44,xgboost,155,507,0,0.04314344748854637,0,0.5
3,4,44,xgboost,161,490,0,0.04168790951371193,0,0.5
3,4,44,xgboost,163,509,1,0.012547655962407589,0,0.5
3,4,44,xgboost,167,461,0,0.26446759700775146,0,0.5
3,4,44,xgboost,177,468,0,0.023189757019281387,0,0.5
3,4,44,xgboost,180,414,0,0.019259633496403694,0,0.5
3,4,44,xgboost,181,462,0,0.04084118828177452,0,0.5
3,4,44,xgboost,182,392,0,0.14894898235797882,0,0.5
3,4,44,xgboost,184,411,0,0.15134333074092865,0,0.5
3,4,44,xgboost,187,501,0,0.12061945348978043,0,0.5
3,4,44,xgboost,198,447,0,0.024914704263210297,0,0.5
3,4,44,xgboost,202,454,0,0.08440100401639938,0,0.5
3,4,44,xgboost,203,494,1,0.4441463351249695,0,0.5
3,4,44,xgboost,215,372,0,0.018367445096373558,0,0.5
3,4,44,xgboost,219,324,0,0.010581021197140217,0,0.5
3,4,44,xgboost,225,511,0,0.005663666408509016,0,0.5
3,4,44,xgboost,226,409,0,0.03690633922815323,0,0.5
3,4,44,xgboost,230,304,0,0.027472106739878654,0,0.5
3,4,44,xgboost,239,497,0,0.024163899943232536,0,0.5
3,4,44,xgboost,248,381,0,0.023367799818515778,0,0.5
3,4,44,xgboost,250,379,0,0.073269784450531,0,0.5
3,4,44,xgboost,255,379,0,0.073269784450531,0,0.5
3,4,44,xgboost,263,296,0,0.004359874874353409,0,0.5
3,4,44,xgboost,265,247,0,0.17694497108459473,0,0.5
3,4,44,xgboost,266,232,0,0.06715122610330582,0,0.5
3,4,44,xgboost,269,410,0,0.05392970144748688,0,0.5
3,4,44,xgboost,271,359,0,0.006475271191447973,0,0.5
3,4,44,xgboost,272,330,0,0.023313434794545174,0,0.5
3,4,44,xgboost,284,252,0,0.02037067897617817,0,0.5
3,4,44,xgboost,285,430,0,0.00958255585283041,0,0.5
3,4,44,xgboost,291,289,0,0.07659674435853958,0,0.5
3,4,44,xgboost,296,358,0,0.03218856081366539,0,0.5
3,4,44,xgboost,297,220,0,0.10422831028699875,0,0.5
3,4,44,xgboost,301,202,0,0.031481992453336716,0,0.5
3,4,44,xgboost,302,323,0,0.006915097124874592,0,0.5
3,4,44,xgboost,313,370,0,0.009945753030478954,0,0.5
3,4,44,xgboost,317,170,0,0.06682124733924866,0,0.5
3,4,44,xgboost,322,180,0,0.1138971596956253,0,0.5
3,4,44,xgboost,324,654,0,0.022662613540887833,0,0.5
3,4,44,xgboost,331,446,0,0.046605516225099564,0,0.5
3,4,44,xgboost,334,229,0,0.10796912014484406,0,0.5
3,4,44,xgboost,345,276,1,0.03160795196890831,0,0.5
3,4,44,xgboost,349,235,0,0.05156444013118744,0,0.5
3,4,44,xgboost,353,223,0,0.023339441046118736,0,0.5
3,4,44,xgboost,354,811,0,0.10688815265893936,0,0.5
3,4,44,xgboost,355,140,0,0.1097429171204567,0,0.5
3,4,44,xgboost,369,82,0,0.04617074131965637,0,0.5
3,4,44,xgboost,382,400,0,0.010479582473635674,0,0.5
3,4,44,xgboost,383,134,1,0.03911319747567177,0,0.5
3,4,44,xgboost,384,78,0,0.1442498117685318,0,0.5
3,4,44,xgboost,386,90,0,0.09890282899141312,0,0.5
3,4,44,xgboost,388,185,0,0.13492204248905182,0,0.5
3,4,44,xgboost,395,82,0,0.04617074131965637,0,0.5
3,4,44,xgboost,400,55,0,0.02886955626308918,0,0.5
3,4,44,xgboost,404,88,0,0.030731096863746643,0,0.5
3,4,44,xgboost,408,60,0,0.006527893245220184,0,0.5
3,4,44,xgboost,413,698,0,0.018627528101205826,0,0.5
3,4,44,xgboost,418,47,0,0.13391445577144623,0,0.5
3,4,44,xgboost,422,89,0,0.04489368945360184,0,0.5
3,4,44,xgboost,425,35,0,0.02209562063217163,0,0.5
3,4,44,xgboost,428,29,0,0.021244343370199203,0,0.5
3,4,44,xgboost,432,600,0,0.08278012275695801,0,0.5
3,4,44,xgboost,443,10,0,0.0068124886602163315,0,0.5
3,4,44,xgboost,446,107,0,0.03168976679444313,0,0.5
3,4,44,xgboost,449,75,0,0.026701604947447777,0,0.5
3,4,44,xgboost,451,32,0,0.014881358481943607,0,0.5
3,4,44,xgboost,453,10,0,0.0068124886602163315,0,0.5
3,4,44,xgboost,457,18,0,0.0039295777678489685,0,0.5
3,4,44,xgboost,458,35,0,0.02209562063217163,0,0.5
3,4,44,xgboost,460,5,0,0.004762616474181414,0,0.5
3,4,44,xgboost,471,94,0,0.018597399815917015,0,0.5
3,4,44,xgboost,481,608,0,0.09598971158266068,0,0.5
3,4,44,xgboost,487,483,0,0.041492339223623276,0,0.5
3,4,44,xgboost,489,151,0,0.003860756754875183,0,0.5
3,4,44,xgboost,497,356,0,0.07942661643028259,0,0.5
3,4,44,xgboost,498,663,0,0.22125712037086487,0,0.5
3,4,44,xgboost,499,614,0,0.08644546568393707,0,0.5
3,4,44,xgboost,501,610,0,0.024740837514400482,0,0.5
3,4,44,xgboost,511,38,0,0.013844644650816917,0,0.5
3,4,44,xgboost,519,123,0,0.07081569731235504,0,0.5
3,4,44,xgboost,542,146,0,0.003734305966645479,0,0.5
3,4,44,xgboost,546,213,0,0.3012892007827759,0,0.5
3,4,44,xgboost,554,20,0,0.012751861475408077,0,0.5
3,4,44,xgboost,557,458,0,0.13298320770263672,0,0.5
3,4,44,xgboost,559,162,0,0.03406113013625145,0,0.5
3,4,44,xgboost,569,802,0,0.007946443744003773,0,0.5
3,4,44,xgboost,570,559,0,0.03643759712576866,0,0.5
3,4,44,xgboost,574,309,0,0.022279204800724983,0,0.5
3,4,44,xgboost,580,55,0,0.02886955626308918,0,0.5
3,4,44,xgboost,581,59,0,0.017407508566975594,0,0.5
3,4,44,xgboost,599,176,0,0.051604144275188446,0,0.5
3,4,44,xgboost,600,506,0,0.01879250444471836,0,0.5
3,4,44,xgboost,612,225,0,0.15709975361824036,0,0.5
3,4,44,xgboost,616,376,0,0.013561875559389591,0,0.5
3,4,44,xgboost,618,130,0,0.03327405825257301,0,0.5
3,4,44,xgboost,619,320,0,0.013264353387057781,0,0.5
3,4,44,xgboost,620,363,0,0.03484002500772476,0,0.5
3,4,44,xgboost,637,493,0,0.030306344851851463,0,0.5
3,4,44,xgboost,639,52,0,0.015680721029639244,0,0.5
3,4,44,xgboost,641,761,0,0.0218999981880188,0,0.5
3,4,44,xgboost,654,810,0,0.129987433552742,0,0.5
3,4,44,xgboost,655,236,1,0.1092592403292656,0,0.5
3,4,44,xgboost,662,502,0,0.08088172972202301,0,0.5
3,4,44,xgboost,663,310,0,0.09423558413982391,0,0.5
3,4,44,xgboost,664,756,1,0.34541794657707214,0,0.5
3,4,44,xgboost,668,830,0,0.06048861891031265,0,0.5
3,4,44,xgboost,672,0,0,0.013549396768212318,0,0.5
3,4,44,xgboost,673,819,1,0.06380628049373627,0,0.5
3,4,44,xgboost,681,793,0,0.006163419224321842,0,0.5
3,4,44,xgboost,682,827,0,0.08275438100099564,0,0.5
3,4,44,xgboost,684,815,0,0.030344773083925247,0,0.5
3,4,44,xgboost,686,704,1,0.039419811218976974,0,0.5
3,4,44,xgboost,694,486,0,0.12246012687683105,0,0.5
3,4,44,xgboost,702,439,0,0.04203888401389122,0,0.5
3,4,44,xgboost,716,144,0,0.02647954411804676,0,0.5
3,4,44,xgboost,720,427,0,0.05210185423493385,0,0.5
3,4,44,xgboost,724,554,0,0.02789548598229885,0,0.5
3,4,44,xgboost,726,530,0,0.11017288267612457,0,0.5
3,4,44,xgboost,728,623,0,0.010852103121578693,0,0.5
3,4,44,xgboost,748,393,0,0.016280537471175194,0,0.5
3,4,44,xgboost,751,778,0,0.020697295665740967,0,0.5
3,4,44,xgboost,760,44,0,0.15070463716983795,0,0.5
3,4,44,xgboost,786,401,1,0.03065992332994938,0,0.5
3,4,44,xgboost,787,256,0,0.045364584773778915,0,0.5
3,4,44,xgboost,788,752,0,0.23822829127311707,0,0.5
3,4,44,xgboost,789,164,0,0.4763321280479431,0,0.5
3,4,44,xgboost,793,353,0,0.029750362038612366,0,0.5
3,4,44,xgboost,798,396,0,0.05473695322871208,0,0.5
3,4,44,xgboost,807,717,0,0.06147719919681549,0,0.5
3,4,44,xgboost,816,233,0,0.253307580947876,0,0.5
3,4,44,xgboost,818,700,0,0.041979532688856125,0,0.5
3,4,44,xgboost,824,720,0,0.015938811004161835,0,0.5
3,4,44,xgboost,826,650,0,0.09978684037923813,0,0.5
3,4,44,xgboost,827,688,0,0.03388930484652519,0,0.5
3,4,44,xgboost,831,777,0,0.10609591752290726,0,0.5
3,4,44,xgboost,839,601,0,0.08524364978075027,0,0.5
3,4,44,xgboost,840,346,0,0.009605523198843002,0,0.5
3,4,44,xgboost,841,297,0,0.02396649681031704,0,0.5
3,4,44,xgboost,847,574,0,0.014311817474663258,0,0.5
3,4,44,xgboost,849,620,0,0.044359240680933,0,0.5
3,4,44,xgboost,854,616,0,0.016774248331785202,0,0.5
3,5,44,dummy_prior,3,825,0,0.06404657933042213,0,0.5
3,5,44,dummy_prior,4,816,0,0.06404657933042213,0,0.5
3,5,44,dummy_prior,6,823,1,0.06404657933042213,0,0.5
3,5,44,dummy_prior,9,804,0,0.06404657933042213,0,0.5
3,5,44,dummy_prior,14,798,0,0.06404657933042213,0,0.5
3,5,44,dummy_prior,20,797,0,0.06404657933042213,0,0.5
3,5,44,dummy_prior,26,765,0,0.06404657933042213,0,0.5
3,5,44,dummy_prior,27,759,0,0.06404657933042213,0,0.5
3,5,44,dummy_prior,30,782,0,0.06404657933042213,0,0.5
3,5,44,dummy_prior,31,771,0,0.06404657933042213,0,0.5
3,5,44,dummy_prior,32,738,0,0.06404657933042213,0,0.5
3,5,44,dummy_prior,36,760,0,0.06404657933042213,0,0.5
3,5,44,dummy_prior,37,747,0,0.06404657933042213,0,0.5
3,5,44,dummy_prior,43,723,0,0.06404657933042213,0,0.5
3,5,44,dummy_prior,47,770,0,0.06404657933042213,0,0.5
3,5,44,dummy_prior,49,739,0,0.06404657933042213,0,0.5
3,5,44,dummy_prior,51,715,0,0.06404657933042213,0,0.5
3,5,44,dummy_prior,52,729,0,0.06404657933042213,0,0.5
3,5,44,dummy_prior,58,683,0,0.06404657933042213,0,0.5
3,5,44,dummy_prior,60,673,0,0.06404657933042213,0,0.5
3,5,44,dummy_prior,66,673,0,0.06404657933042213,0,0.5
3,5,44,dummy_prior,68,696,0,0.06404657933042213,0,0.5
3,5,44,dummy_prior,72,664,0,0.06404657933042213,0,0.5
3,5,44,dummy_prior,73,685,0,0.06404657933042213,0,0.5
3,5,44,dummy_prior,82,615,0,0.06404657933042213,0,0.5
3,5,44,dummy_prior,84,713,0,0.06404657933042213,0,0.5
3,5,44,dummy_prior,101,580,0,0.06404657933042213,0,0.5
3,5,44,dummy_prior,103,754,1,0.06404657933042213,0,0.5
3,5,44,dummy_prior,109,612,0,0.06404657933042213,0,0.5
3,5,44,dummy_prior,112,573,0,0.06404657933042213,0,0.5
3,5,44,dummy_prior,119,498,0,0.06404657933042213,0,0.5
3,5,44,dummy_prior,122,592,0,0.06404657933042213,0,0.5
3,5,44,dummy_prior,123,542,0,0.06404657933042213,0,0.5
3,5,44,dummy_prior,137,537,0,0.06404657933042213,0,0.5
3,5,44,dummy_prior,143,480,0,0.06404657933042213,0,0.5
3,5,44,dummy_prior,145,595,0,0.06404657933042213,0,0.5
3,5,44,dummy_prior,146,576,0,0.06404657933042213,0,0.5
3,5,44,dummy_prior,149,594,0,0.06404657933042213,0,0.5
3,5,44,dummy_prior,159,463,0,0.06404657933042213,0,0.5
3,5,44,dummy_prior,168,535,0,0.06404657933042213,0,0.5
3,5,44,dummy_prior,170,434,0,0.06404657933042213,0,0.5
3,5,44,dummy_prior,172,522,0,0.06404657933042213,0,0.5
3,5,44,dummy_prior,183,491,0,0.06404657933042213,0,0.5
3,5,44,dummy_prior,194,397,0,0.06404657933042213,0,0.5
3,5,44,dummy_prior,197,442,0,0.06404657933042213,0,0.5
3,5,44,dummy_prior,207,437,0,0.06404657933042213,0,0.5
3,5,44,dummy_prior,211,453,0,0.06404657933042213,0,0.5
3,5,44,dummy_prior,221,407,0,0.06404657933042213,0,0.5
3,5,44,dummy_prior,228,585,0,0.06404657933042213,0,0.5
3,5,44,dummy_prior,229,466,0,0.06404657933042213,0,0.5
3,5,44,dummy_prior,235,378,0,0.06404657933042213,0,0.5
3,5,44,dummy_prior,238,536,0,0.06404657933042213,0,0.5
3,5,44,dummy_prior,243,402,0,0.06404657933042213,0,0.5
3,5,44,dummy_prior,246,487,0,0.06404657933042213,0,0.5
3,5,44,dummy_prior,257,273,1,0.06404657933042213,0,0.5
3,5,44,dummy_prior,259,329,0,0.06404657933042213,0,0.5
3,5,44,dummy_prior,260,485,0,0.06404657933042213,0,0.5
3,5,44,dummy_prior,267,265,0,0.06404657933042213,0,0.5
3,5,44,dummy_prior,268,305,0,0.06404657933042213,0,0.5
3,5,44,dummy_prior,275,237,0,0.06404657933042213,0,0.5
3,5,44,dummy_prior,277,168,0,0.06404657933042213,0,0.5
3,5,44,dummy_prior,280,303,0,0.06404657933042213,0,0.5
3,5,44,dummy_prior,286,240,0,0.06404657933042213,0,0.5
3,5,44,dummy_prior,287,272,0,0.06404657933042213,0,0.5
3,5,44,dummy_prior,299,319,0,0.06404657933042213,0,0.5
3,5,44,dummy_prior,304,331,0,0.06404657933042213,0,0.5
3,5,44,dummy_prior,308,382,0,0.06404657933042213,0,0.5
3,5,44,dummy_prior,309,322,0,0.06404657933042213,0,0.5
3,5,44,dummy_prior,310,307,0,0.06404657933042213,0,0.5
3,5,44,dummy_prior,314,215,1,0.06404657933042213,0,0.5
3,5,44,dummy_prior,325,169,1,0.06404657933042213,0,0.5
3,5,44,dummy_prior,327,173,0,0.06404657933042213,0,0.5
3,5,44,dummy_prior,328,197,0,0.06404657933042213,0,0.5
3,5,44,dummy_prior,333,274,0,0.06404657933042213,0,0.5
3,5,44,dummy_prior,344,79,0,0.06404657933042213,0,0.5
3,5,44,dummy_prior,352,152,0,0.06404657933042213,0,0.5
3,5,44,dummy_prior,356,79,0,0.06404657933042213,0,0.5
3,5,44,dummy_prior,358,212,0,0.06404657933042213,0,0.5
3,5,44,dummy_prior,363,72,0,0.06404657933042213,0,0.5
3,5,44,dummy_prior,364,147,0,0.06404657933042213,0,0.5
3,5,44,dummy_prior,372,242,0,0.06404657933042213,0,0.5
3,5,44,dummy_prior,375,249,0,0.06404657933042213,0,0.5
3,5,44,dummy_prior,377,172,1,0.06404657933042213,0,0.5
3,5,44,dummy_prior,378,86,0,0.06404657933042213,0,0.5
3,5,44,dummy_prior,381,145,0,0.06404657933042213,0,0.5
3,5,44,dummy_prior,392,120,0,0.06404657933042213,0,0.5
3,5,44,dummy_prior,394,184,0,0.06404657933042213,0,0.5
3,5,44,dummy_prior,401,210,0,0.06404657933042213,0,0.5
3,5,44,dummy_prior,412,87,0,0.06404657933042213,0,0.5
3,5,44,dummy_prior,417,158,0,0.06404657933042213,0,0.5
3,5,44,dummy_prior,423,51,0,0.06404657933042213,0,0.5
3,5,44,dummy_prior,426,114,0,0.06404657933042213,0,0.5
3,5,44,dummy_prior,427,161,0,0.06404657933042213,0,0.5
3,5,44,dummy_prior,430,153,0,0.06404657933042213,0,0.5
3,5,44,dummy_prior,434,192,1,0.06404657933042213,0,0.5
3,5,44,dummy_prior,444,80,0,0.06404657933042213,0,0.5
3,5,44,dummy_prior,450,34,0,0.06404657933042213,0,0.5
3,5,44,dummy_prior,452,46,0,0.06404657933042213,0,0.5
3,5,44,dummy_prior,455,77,0,0.06404657933042213,0,0.5
3,5,44,dummy_prior,463,1,0,0.06404657933042213,0,0.5
3,5,44,dummy_prior,467,41,0,0.06404657933042213,0,0.5
3,5,44,dummy_prior,469,16,0,0.06404657933042213,0,0.5
3,5,44,dummy_prior,470,764,0,0.06404657933042213,0,0.5
3,5,44,dummy_prior,472,682,1,0.06404657933042213,0,0.5
3,5,44,dummy_prior,473,787,0,0.06404657933042213,0,0.5
3,5,44,dummy_prior,480,575,0,0.06404657933042213,0,0.5
3,5,44,dummy_prior,485,286,0,0.06404657933042213,0,0.5
3,5,44,dummy_prior,493,86,0,0.06404657933042213,0,0.5
3,5,44,dummy_prior,494,165,0,0.06404657933042213,0,0.5
3,5,44,dummy_prior,500,763,0,0.06404657933042213,0,0.5
3,5,44,dummy_prior,506,711,0,0.06404657933042213,0,0.5
3,5,44,dummy_prior,509,384,0,0.06404657933042213,0,0.5
3,5,44,dummy_prior,512,671,0,0.06404657933042213,0,0.5
3,5,44,dummy_prior,514,476,0,0.06404657933042213,0,0.5
3,5,44,dummy_prior,523,624,0,0.06404657933042213,0,0.5
3,5,44,dummy_prior,525,46,0,0.06404657933042213,0,0.5
3,5,44,dummy_prior,528,547,0,0.06404657933042213,0,0.5
3,5,44,dummy_prior,533,425,0,0.06404657933042213,0,0.5
3,5,44,dummy_prior,543,40,0,0.06404657933042213,0,0.5
3,5,44,dummy_prior,552,105,0,0.06404657933042213,0,0.5
3,5,44,dummy_prior,556,772,0,0.06404657933042213,0,0.5
3,5,44,dummy_prior,560,748,0,0.06404657933042213,0,0.5
3,5,44,dummy_prior,561,208,0,0.06404657933042213,0,0.5
3,5,44,dummy_prior,562,282,0,0.06404657933042213,0,0.5
3,5,44,dummy_prior,563,712,0,0.06404657933042213,0,0.5
3,5,44,dummy_prior,579,730,0,0.06404657933042213,0,0.5
3,5,44,dummy_prior,584,562,0,0.06404657933042213,0,0.5
3,5,44,dummy_prior,585,648,0,0.06404657933042213,0,0.5
3,5,44,dummy_prior,588,813,0,0.06404657933042213,0,0.5
3,5,44,dummy_prior,594,193,0,0.06404657933042213,0,0.5
3,5,44,dummy_prior,596,83,0,0.06404657933042213,0,0.5
3,5,44,dummy_prior,604,318,0,0.06404657933042213,0,0.5
3,5,44,dummy_prior,605,183,0,0.06404657933042213,0,0.5
3,5,44,dummy_prior,617,157,0,0.06404657933042213,0,0.5
3,5,44,dummy_prior,625,92,0,0.06404657933042213,0,0.5
3,5,44,dummy_prior,627,280,0,0.06404657933042213,0,0.5
3,5,44,dummy_prior,645,471,0,0.06404657933042213,0,0.5
3,5,44,dummy_prior,670,817,1,0.06404657933042213,0,0.5
3,5,44,dummy_prior,674,795,0,0.06404657933042213,0,0.5
3,5,44,dummy_prior,679,822,0,0.06404657933042213,0,0.5
3,5,44,dummy_prior,693,98,1,0.06404657933042213,0,0.5
3,5,44,dummy_prior,700,479,0,0.06404657933042213,0,0.5
3,5,44,dummy_prior,710,449,0,0.06404657933042213,0,0.5
3,5,44,dummy_prior,711,128,0,0.06404657933042213,0,0.5
3,5,44,dummy_prior,713,31,0,0.06404657933042213,0,0.5
3,5,44,dummy_prior,717,731,0,0.06404657933042213,0,0.5
3,5,44,dummy_prior,722,325,0,0.06404657933042213,0,0.5
3,5,44,dummy_prior,723,124,0,0.06404657933042213,0,0.5
3,5,44,dummy_prior,734,564,0,0.06404657933042213,0,0.5
3,5,44,dummy_prior,737,177,0,0.06404657933042213,0,0.5
3,5,44,dummy_prior,741,129,0,0.06404657933042213,0,0.5
3,5,44,dummy_prior,742,156,0,0.06404657933042213,0,0.5
3,5,44,dummy_prior,754,508,1,0.06404657933042213,0,0.5
3,5,44,dummy_prior,765,398,0,0.06404657933042213,0,0.5
3,5,44,dummy_prior,769,415,0,0.06404657933042213,0,0.5
3,5,44,dummy_prior,772,113,0,0.06404657933042213,0,0.5
3,5,44,dummy_prior,776,45,0,0.06404657933042213,0,0.5
3,5,44,dummy_prior,780,110,0,0.06404657933042213,0,0.5
3,5,44,dummy_prior,785,480,0,0.06404657933042213,0,0.5
3,5,44,dummy_prior,795,690,0,0.06404657933042213,0,0.5
3,5,44,dummy_prior,803,106,0,0.06404657933042213,0,0.5
3,5,44,dummy_prior,804,543,0,0.06404657933042213,0,0.5
3,5,44,dummy_prior,810,116,0,0.06404657933042213,0,0.5
3,5,44,dummy_prior,819,2,0,0.06404657933042213,0,0.5
3,5,44,dummy_prior,828,634,0,0.06404657933042213,0,0.5
3,5,44,dummy_prior,834,569,0,0.06404657933042213,0,0.5
3,5,44,dummy_prior,836,743,0,0.06404657933042213,0,0.5
3,5,44,dummy_prior,838,694,0,0.06404657933042213,0,0.5
3,5,44,dummy_prior,850,117,0,0.06404657933042213,0,0.5
3,5,44,dummy_prior,855,377,0,0.06404657933042213,0,0.5
3,5,44,dummy_prior,856,635,0,0.06404657933042213,0,0.5
3,5,44,logistic_regression,3,825,0,0.32813543788172067,0,0.5
3,5,44,logistic_regression,4,816,0,0.28179331116842826,0,0.5
3,5,44,logistic_regression,6,823,1,0.2811272959425874,0,0.5
3,5,44,logistic_regression,9,804,0,0.28552616299530037,0,0.5
3,5,44,logistic_regression,14,798,0,0.24612275083887689,0,0.5
3,5,44,logistic_regression,20,797,0,0.278888176515111,0,0.5
3,5,44,logistic_regression,26,765,0,0.24381486740138145,0,0.5
3,5,44,logistic_regression,27,759,0,0.22781110007700492,0,0.5
3,5,44,logistic_regression,30,782,0,0.3203743676729801,0,0.5
3,5,44,logistic_regression,31,771,0,0.3131281127599513,0,0.5
3,5,44,logistic_regression,32,738,0,0.22497453655207592,0,0.5
3,5,44,logistic_regression,36,760,0,0.22736520016271763,0,0.5
3,5,44,logistic_regression,37,747,0,0.22679315268564515,0,0.5
3,5,44,logistic_regression,43,723,0,0.2277768500270462,0,0.5
3,5,44,logistic_regression,47,770,0,0.24064172433761546,0,0.5
3,5,44,logistic_regression,49,739,0,0.22537623811111715,0,0.5
3,5,44,logistic_regression,51,715,0,0.22746143937823465,0,0.5
3,5,44,logistic_regression,52,729,0,0.2276855381541199,0,0.5
3,5,44,logistic_regression,58,683,0,0.2249026085451693,0,0.5
3,5,44,logistic_regression,60,673,0,0.23992478925937682,0,0.5
3,5,44,logistic_regression,66,673,0,0.23992478925937682,0,0.5
3,5,44,logistic_regression,68,696,0,0.3483117430372713,0,0.5
3,5,44,logistic_regression,72,664,0,0.22376945981569485,0,0.5
3,5,44,logistic_regression,73,685,0,0.22966728476031803,0,0.5
3,5,44,logistic_regression,82,615,0,0.24003541170744985,0,0.5
3,5,44,logistic_regression,84,713,0,0.20561924709061027,0,0.5
3,5,44,logistic_regression,101,580,0,0.4123894987833368,0,0.5
3,5,44,logistic_regression,103,754,1,0.27264930171962803,0,0.5
3,5,44,logistic_regression,109,612,0,0.18499919444467602,0,0.5
3,5,44,logistic_regression,112,573,0,0.35608124171026884,0,0.5
3,5,44,logistic_regression,119,498,0,0.23015650697681558,0,0.5
3,5,44,logistic_regression,122,592,0,0.23450033438238238,0,0.5
3,5,44,logistic_regression,123,542,0,0.3847278727518314,0,0.5
3,5,44,logistic_regression,137,537,0,0.22517498616820353,0,0.5
3,5,44,logistic_regression,143,480,0,0.18423289479784566,0,0.5
3,5,44,logistic_regression,145,595,0,0.24303840673708368,0,0.5
3,5,44,logistic_regression,146,576,0,0.2410210998672699,0,0.5
3,5,44,logistic_regression,149,594,0,0.1860787013200651,0,0.5
3,5,44,logistic_regression,159,463,0,0.24275516488065024,0,0.5
3,5,44,logistic_regression,168,535,0,0.23864324953941676,0,0.5
3,5,44,logistic_regression,170,434,0,0.19972591312754806,0,0.5
3,5,44,logistic_regression,172,522,0,0.25058859610694495,0,0.5
3,5,44,logistic_regression,183,491,0,0.22317998044386222,0,0.5
3,5,44,logistic_regression,194,397,0,0.2249364336458287,0,0.5
3,5,44,logistic_regression,197,442,0,0.2707395462691916,0,0.5
3,5,44,logistic_regression,207,437,0,0.22315968602574518,0,0.5
3,5,44,logistic_regression,211,453,0,0.222813867299681,0,0.5
3,5,44,logistic_regression,221,407,0,0.20229067473262727,0,0.5
3,5,44,logistic_regression,228,585,0,0.18589396217666626,0,0.5
3,5,44,logistic_regression,229,466,0,0.23944250380820245,0,0.5
3,5,44,logistic_regression,235,378,0,0.2203944162270602,0,0.5
3,5,44,logistic_regression,238,536,0,0.2411330083360616,0,0.5
3,5,44,logistic_regression,243,402,0,0.187608714993453,0,0.5
3,5,44,logistic_regression,246,487,0,0.24313043054678174,0,0.5
3,5,44,logistic_regression,257,273,1,0.30248615628486214,0,0.5
3,5,44,logistic_regression,259,329,0,0.2705927248085258,0,0.5
3,5,44,logistic_regression,260,485,0,0.23548897488800039,0,0.5
3,5,44,logistic_regression,267,265,0,0.18235964799408688,0,0.5
3,5,44,logistic_regression,268,305,0,0.2269487209953304,0,0.5
3,5,44,logistic_regression,275,237,0,0.2216257665096503,0,0.5
3,5,44,logistic_regression,277,168,0,0.21931705719519176,0,0.5
3,5,44,logistic_regression,280,303,0,0.22115924856417346,0,0.5
3,5,44,logistic_regression,286,240,0,0.2221733565209974,0,0.5
3,5,44,logistic_regression,287,272,0,0.22091726821912874,0,0.5
3,5,44,logistic_regression,299,319,0,0.18423088047262776,0,0.5
3,5,44,logistic_regression,304,331,0,0.1836819327794747,0,0.5
3,5,44,logistic_regression,308,382,0,0.23458451197386732,0,0.5
3,5,44,logistic_regression,309,322,0,0.2569335159745847,0,0.5
3,5,44,logistic_regression,310,307,0,0.21980369705468977,0,0.5
3,5,44,logistic_regression,314,215,1,0.22537821610459435,0,0.5
3,5,44,logistic_regression,325,169,1,0.2644028248998908,0,0.5
3,5,44,logistic_regression,327,173,0,0.22009690559439124,0,0.5
3,5,44,logistic_regression,328,197,0,0.18377943610457398,0,0.5
3,5,44,logistic_regression,333,274,0,0.23379824025426743,0,0.5
3,5,44,logistic_regression,344,79,0,0.21832524705618167,0,0.5
3,5,44,logistic_regression,352,152,0,0.22160755007204883,0,0.5
3,5,44,logistic_regression,356,79,0,0.21832524705618167,0,0.5
3,5,44,logistic_regression,358,212,0,0.22245870545725988,0,0.5
3,5,44,logistic_regression,363,72,0,0.2156621628793233,0,0.5
3,5,44,logistic_regression,364,147,0,0.22034041508453195,0,0.5
3,5,44,logistic_regression,372,242,0,0.2248506948391119,0,0.5
3,5,44,logistic_regression,375,249,0,0.21896260419971794,0,0.5
3,5,44,logistic_regression,377,172,1,0.22460164510787328,0,0.5
3,5,44,logistic_regression,378,86,0,0.21920075198151545,0,0.5
3,5,44,logistic_regression,381,145,0,0.18224508569439113,0,0.5
3,5,44,logistic_regression,392,120,0,0.2187226767195378,0,0.5
3,5,44,logistic_regression,394,184,0,0.4183493444633425,0,0.5
3,5,44,logistic_regression,401,210,0,0.2315944370833959,0,0.5
3,5,44,logistic_regression,412,87,0,0.18129923590639285,0,0.5
3,5,44,logistic_regression,417,158,0,0.182033755705214,0,0.5
3,5,44,logistic_regression,423,51,0,0.2183224324096098,0,0.5
3,5,44,logistic_regression,426,114,0,0.33960639799246606,0,0.5
3,5,44,logistic_regression,427,161,0,0.2285012815172621,0,0.5
3,5,44,logistic_regression,430,153,0,0.21930257742770665,0,0.5
3,5,44,logistic_regression,434,192,1,0.21799605311279485,0,0.5
3,5,44,logistic_regression,444,80,0,0.21522033599909848,0,0.5
3,5,44,logistic_regression,450,34,0,0.21641042812479722,0,0.5
3,5,44,logistic_regression,452,46,0,0.18011130608407294,0,0.5
3,5,44,logistic_regression,455,77,0,0.18571285011677108,0,0.5
3,5,44,logistic_regression,463,1,0,0.2160692921672594,0,0.5
3,5,44,logistic_regression,467,41,0,0.25678174020446504,0,0.5
3,5,44,logistic_regression,469,16,0,0.21786144822535736,0,0.5
3,5,44,logistic_regression,470,764,0,0.23714987907798646,0,0.5
3,5,44,logistic_regression,472,682,1,0.2258745139569295,0,0.5
3,5,44,logistic_regression,473,787,0,0.2534677321620542,0,0.5
3,5,44,logistic_regression,480,575,0,0.1555261803765605,0,0.5
3,5,44,logistic_regression,485,286,0,0.219893952789215,0,0.5
3,5,44,logistic_regression,493,86,0,0.21920075198151545,0,0.5
3,5,44,logistic_regression,494,165,0,0.2172354959671396,0,0.5
3,5,44,logistic_regression,500,763,0,0.2279697716613132,0,0.5
3,5,44,logistic_regression,506,711,0,0.2664966451712835,0,0.5
3,5,44,logistic_regression,509,384,0,0.22705677223849755,0,0.5
3,5,44,logistic_regression,512,671,0,0.20061221969728404,0,0.5
3,5,44,logistic_regression,514,476,0,0.22608903245548656,0,0.5
3,5,44,logistic_regression,523,624,0,0.22408737627973974,0,0.5
3,5,44,logistic_regression,525,46,0,0.18011130608407294,0,0.5
3,5,44,logistic_regression,528,547,0,0.1845531497455399,0,0.5
3,5,44,logistic_regression,533,425,0,0.22299991108660205,0,0.5
3,5,44,logistic_regression,543,40,0,0.21846458387631953,0,0.5
3,5,44,logistic_regression,552,105,0,0.1918601772901804,0,0.5
3,5,44,logistic_regression,556,772,0,0.3231411652242655,0,0.5
3,5,44,logistic_regression,560,748,0,0.24518374808302237,0,0.5
3,5,44,logistic_regression,561,208,0,0.21640585990766256,0,0.5
3,5,44,logistic_regression,562,282,0,0.21936086848905254,0,0.5
3,5,44,logistic_regression,563,712,0,0.2645265666008282,0,0.5
3,5,44,logistic_regression,579,730,0,0.2586981402156443,0,0.5
3,5,44,logistic_regression,584,562,0,0.22476700063905616,0,0.5
3,5,44,logistic_regression,585,648,0,0.22685089808672645,0,0.5
3,5,44,logistic_regression,588,813,0,0.2308927049782616,0,0.5
3,5,44,logistic_regression,594,193,0,0.22078786140489912,0,0.5
3,5,44,logistic_regression,596,83,0,0.2150154934353557,0,0.5
3,5,44,logistic_regression,604,318,0,0.222191606192385,0,0.5
3,5,44,logistic_regression,605,183,0,0.2230420393894344,0,0.5
3,5,44,logistic_regression,617,157,0,0.217543717006774,0,0.5
3,5,44,logistic_regression,625,92,0,0.21924986056333176,0,0.5
3,5,44,logistic_regression,627,280,0,0.2197955362483886,0,0.5
3,5,44,logistic_regression,645,471,0,0.27330186312834753,0,0.5
3,5,44,logistic_regression,670,817,1,0.3006710503310324,0,0.5
3,5,44,logistic_regression,674,795,0,0.3284407906031652,0,0.5
3,5,44,logistic_regression,679,822,0,0.24502201526714948,0,0.5
3,5,44,logistic_regression,693,98,1,0.25245482726343066,0,0.5
3,5,44,logistic_regression,700,479,0,0.213768619983897,0,0.5
3,5,44,logistic_regression,710,449,0,0.23179431890391283,0,0.5
3,5,44,logistic_regression,711,128,0,0.217232691465298,0,0.5
3,5,44,logistic_regression,713,31,0,0.21738548072449104,0,0.5
3,5,44,logistic_regression,717,731,0,0.27691225484184745,0,0.5
3,5,44,logistic_regression,722,325,0,0.2608088967698901,0,0.5
3,5,44,logistic_regression,723,124,0,0.2404133032431279,0,0.5
3,5,44,logistic_regression,734,564,0,0.25940926461954283,0,0.5
3,5,44,logistic_regression,737,177,0,0.21981134727260018,0,0.5
3,5,44,logistic_regression,741,129,0,0.18135505442149652,0,0.5
3,5,44,logistic_regression,742,156,0,0.31743563213367826,0,0.5
3,5,44,logistic_regression,754,508,1,0.2248211995828407,0,0.5
3,5,44,logistic_regression,765,398,0,0.2304400088591831,0,0.5
3,5,44,logistic_regression,769,415,0,0.18413080670324433,0,0.5
3,5,44,logistic_regression,772,113,0,0.18552200959030382,0,0.5
3,5,44,logistic_regression,776,45,0,0.21783055565253773,0,0.5
3,5,44,logistic_regression,780,110,0,0.23032727521708798,0,0.5
3,5,44,logistic_regression,785,480,0,0.18423289479784566,0,0.5
3,5,44,logistic_regression,795,690,0,0.29686103360422833,0,0.5
3,5,44,logistic_regression,803,106,0,0.22027582608141932,0,0.5
3,5,44,logistic_regression,804,543,0,0.2448836273701904,0,0.5
3,5,44,logistic_regression,810,116,0,0.25029926722180995,0,0.5
3,5,44,logistic_regression,819,2,0,0.19604620376448706,0,0.5
3,5,44,logistic_regression,828,634,0,0.2266289525292326,0,0.5
3,5,44,logistic_regression,834,569,0,0.24916965071646108,0,0.5
3,5,44,logistic_regression,836,743,0,0.19999262751154373,0,0.5
3,5,44,logistic_regression,838,694,0,0.24034944801159341,0,0.5
3,5,44,logistic_regression,850,117,0,0.218958148275829,0,0.5
3,5,44,logistic_regression,855,377,0,0.21937816583982772,0,0.5
3,5,44,logistic_regression,856,635,0,0.22265261078627402,0,0.5
3,5,44,xgboost,3,825,0,0.10921202600002289,0,0.5
3,5,44,xgboost,4,816,0,0.26353660225868225,0,0.5
3,5,44,xgboost,6,823,1,0.051303960382938385,0,0.5
3,5,44,xgboost,9,804,0,0.0628347098827362,0,0.5
3,5,44,xgboost,14,798,0,0.12100104987621307,0,0.5
3,5,44,xgboost,20,797,0,0.4141013026237488,0,0.5
3,5,44,xgboost,26,765,0,0.06375391036272049,0,0.5
3,5,44,xgboost,27,759,0,0.052925050258636475,0,0.5
3,5,44,xgboost,30,782,0,0.24716816842556,0,0.5
3,5,44,xgboost,31,771,0,0.31087103486061096,0,0.5
3,5,44,xgboost,32,738,0,0.03335219994187355,0,0.5
3,5,44,xgboost,36,760,0,0.030308866873383522,0,0.5
3,5,44,xgboost,37,747,0,0.03835681825876236,0,0.5
3,5,44,xgboost,43,723,0,0.0440642312169075,0,0.5
3,5,44,xgboost,47,770,0,0.0992550179362297,0,0.5
3,5,44,xgboost,49,739,0,0.06432695686817169,0,0.5
3,5,44,xgboost,51,715,0,0.02786322869360447,0,0.5
3,5,44,xgboost,52,729,0,0.0687539279460907,0,0.5
3,5,44,xgboost,58,683,0,0.011502893641591072,0,0.5
3,5,44,xgboost,60,673,0,0.029979655519127846,0,0.5
3,5,44,xgboost,66,673,0,0.029979655519127846,0,0.5
3,5,44,xgboost,68,696,0,0.35005566477775574,0,0.5
3,5,44,xgboost,72,664,0,0.03935134410858154,0,0.5
3,5,44,xgboost,73,685,0,0.01388800423592329,0,0.5
3,5,44,xgboost,82,615,0,0.028463657945394516,0,0.5
3,5,44,xgboost,84,713,0,0.11523676663637161,0,0.5
3,5,44,xgboost,101,580,0,0.5733367204666138,1,0.5
3,5,44,xgboost,103,754,1,0.23792804777622223,0,0.5
3,5,44,xgboost,109,612,0,0.0058430819772183895,0,0.5
3,5,44,xgboost,112,573,0,0.094046451151371,0,0.5
3,5,44,xgboost,119,498,0,0.058379869908094406,0,0.5
3,5,44,xgboost,122,592,0,0.037187013775110245,0,0.5
3,5,44,xgboost,123,542,0,0.2444533407688141,0,0.5
3,5,44,xgboost,137,537,0,0.06024346128106117,0,0.5
3,5,44,xgboost,143,480,0,0.022252075374126434,0,0.5
3,5,44,xgboost,145,595,0,0.008818316273391247,0,0.5
3,5,44,xgboost,146,576,0,0.11396980285644531,0,0.5
3,5,44,xgboost,149,594,0,0.005236622877418995,0,0.5
3,5,44,xgboost,159,463,0,0.013704976998269558,0,0.5
3,5,44,xgboost,168,535,0,0.13977928459644318,0,0.5
3,5,44,xgboost,170,434,0,0.16695979237556458,0,0.5
3,5,44,xgboost,172,522,0,0.08100604265928268,0,0.5
3,5,44,xgboost,183,491,0,0.14860790967941284,0,0.5
3,5,44,xgboost,194,397,0,0.03237450122833252,0,0.5
3,5,44,xgboost,197,442,0,0.09093624353408813,0,0.5
3,5,44,xgboost,207,437,0,0.024256525561213493,0,0.5
3,5,44,xgboost,211,453,0,0.017862385138869286,0,0.5
3,5,44,xgboost,221,407,0,0.017043815925717354,0,0.5
3,5,44,xgboost,228,585,0,0.011655268259346485,0,0.5
3,5,44,xgboost,229,466,0,0.050085123628377914,0,0.5
3,5,44,xgboost,235,378,0,0.03494451567530632,0,0.5
3,5,44,xgboost,238,536,0,0.013876098208129406,0,0.5
3,5,44,xgboost,243,402,0,0.009351485408842564,0,0.5
3,5,44,xgboost,246,487,0,0.024321934208273888,0,0.5
3,5,44,xgboost,257,273,1,0.20741185545921326,0,0.5
3,5,44,xgboost,259,329,0,0.06617389619350433,0,0.5
3,5,44,xgboost,260,485,0,0.07967116683721542,0,0.5
3,5,44,xgboost,267,265,0,0.02077919989824295,0,0.5
3,5,44,xgboost,268,305,0,0.028098348528146744,0,0.5
3,5,44,xgboost,275,237,0,0.12009990215301514,0,0.5
3,5,44,xgboost,277,168,0,0.03221602365374565,0,0.5
3,5,44,xgboost,280,303,0,0.01864529773592949,0,0.5
3,5,44,xgboost,286,240,0,0.17703372240066528,0,0.5
3,5,44,xgboost,287,272,0,0.07915914803743362,0,0.5
3,5,44,xgboost,299,319,0,0.007161897141486406,0,0.5
3,5,44,xgboost,304,331,0,0.006038680672645569,0,0.5
3,5,44,xgboost,308,382,0,0.02631174772977829,0,0.5
3,5,44,xgboost,309,322,0,0.02182873524725437,0,0.5
3,5,44,xgboost,310,307,0,0.03517700359225273,0,0.5
3,5,44,xgboost,314,215,1,0.09003619104623795,0,0.5
3,5,44,xgboost,325,169,1,0.15987266600131989,0,0.5
3,5,44,xgboost,327,173,0,0.03125141188502312,0,0.5
3,5,44,xgboost,328,197,0,0.013100645504891872,0,0.5
3,5,44,xgboost,333,274,0,0.09363303333520889,0,0.5
3,5,44,xgboost,344,79,0,0.02586221881210804,0,0.5
3,5,44,xgboost,352,152,0,0.06324262171983719,0,0.5
3,5,44,xgboost,356,79,0,0.02586221881210804,0,0.5
3,5,44,xgboost,358,212,0,0.10289937257766724,0,0.5
3,5,44,xgboost,363,72,0,0.05961883068084717,0,0.5
3,5,44,xgboost,364,147,0,0.022540012374520302,0,0.5
3,5,44,xgboost,372,242,0,0.13474957644939423,0,0.5
3,5,44,xgboost,375,249,0,0.08944135904312134,0,0.5
3,5,44,xgboost,377,172,1,0.09503382444381714,0,0.5
3,5,44,xgboost,378,86,0,0.024104105308651924,0,0.5
3,5,44,xgboost,381,145,0,0.00881266687065363,0,0.5
3,5,44,xgboost,392,120,0,0.029923399910330772,0,0.5
3,5,44,xgboost,394,184,0,0.3234119117259979,0,0.5
3,5,44,xgboost,401,210,0,0.0713706910610199,0,0.5
3,5,44,xgboost,412,87,0,0.007961324416100979,0,0.5
3,5,44,xgboost,417,158,0,0.007032296154648066,0,0.5
3,5,44,xgboost,423,51,0,0.013763404451310635,0,0.5
3,5,44,xgboost,426,114,0,0.07330123335123062,0,0.5
3,5,44,xgboost,427,161,0,0.036058660596609116,0,0.5
3,5,44,xgboost,430,153,0,0.0937657356262207,0,0.5
3,5,44,xgboost,434,192,1,0.027818134054541588,0,0.5
3,5,44,xgboost,444,80,0,0.026610251516103745,0,0.5
3,5,44,xgboost,450,34,0,0.020812558010220528,0,0.5
3,5,44,xgboost,452,46,0,0.011596892029047012,0,0.5
3,5,44,xgboost,455,77,0,0.0193011537194252,0,0.5
3,5,44,xgboost,463,1,0,0.016148682683706284,0,0.5
3,5,44,xgboost,467,41,0,0.030112115666270256,0,0.5
3,5,44,xgboost,469,16,0,0.025517314672470093,0,0.5
3,5,44,xgboost,470,764,0,0.052370406687259674,0,0.5
3,5,44,xgboost,472,682,1,0.029537977650761604,0,0.5
3,5,44,xgboost,473,787,0,0.016444774344563484,0,0.5
3,5,44,xgboost,480,575,0,0.007677788846194744,0,0.5
3,5,44,xgboost,485,286,0,0.04847540333867073,0,0.5
3,5,44,xgboost,493,86,0,0.024104105308651924,0,0.5
3,5,44,xgboost,494,165,0,0.09648961573839188,0,0.5
3,5,44,xgboost,500,763,0,0.02614407055079937,0,0.5
3,5,44,xgboost,506,711,0,0.3857266902923584,0,0.5
3,5,44,xgboost,509,384,0,0.009341824799776077,0,0.5
3,5,44,xgboost,512,671,0,0.00578312436118722,0,0.5
3,5,44,xgboost,514,476,0,0.02180926688015461,0,0.5
3,5,44,xgboost,523,624,0,0.051080841571092606,0,0.5
3,5,44,xgboost,525,46,0,0.011596892029047012,0,0.5
3,5,44,xgboost,528,547,0,0.019274631515145302,0,0.5
3,5,44,xgboost,533,425,0,0.030746595934033394,0,0.5
3,5,44,xgboost,543,40,0,0.01845051720738411,0,0.5
3,5,44,xgboost,552,105,0,0.006803837604820728,0,0.5
3,5,44,xgboost,556,772,0,0.32473433017730713,0,0.5
3,5,44,xgboost,560,748,0,0.033968258649110794,0,0.5
3,5,44,xgboost,561,208,0,0.07241971790790558,0,0.5
3,5,44,xgboost,562,282,0,0.03962266817688942,0,0.5
3,5,44,xgboost,563,712,0,0.32353705167770386,0,0.5
3,5,44,xgboost,579,730,0,0.17333687841892242,0,0.5
3,5,44,xgboost,584,562,0,0.04253207519650459,0,0.5
3,5,44,xgboost,585,648,0,0.0233180932700634,0,0.5
3,5,44,xgboost,588,813,0,0.022221261635422707,0,0.5
3,5,44,xgboost,594,193,0,0.032826993614435196,0,0.5
3,5,44,xgboost,596,83,0,0.03192591667175293,0,0.5
3,5,44,xgboost,604,318,0,0.040222808718681335,0,0.5
3,5,44,xgboost,605,183,0,0.022451788187026978,0,0.5
3,5,44,xgboost,617,157,0,0.02481124736368656,0,0.5
3,5,44,xgboost,625,92,0,0.017740420997142792,0,0.5
3,5,44,xgboost,627,280,0,0.04167850315570831,0,0.5
3,5,44,xgboost,645,471,0,0.2506590783596039,0,0.5
3,5,44,xgboost,670,817,1,0.28747040033340454,0,0.5
3,5,44,xgboost,674,795,0,0.17672611773014069,0,0.5
3,5,44,xgboost,679,822,0,0.007279622834175825,0,0.5
3,5,44,xgboost,693,98,1,0.03772519528865814,0,0.5
3,5,44,xgboost,700,479,0,0.05193481221795082,0,0.5
3,5,44,xgboost,710,449,0,0.034922678023576736,0,0.5
3,5,44,xgboost,711,128,0,0.03108895942568779,0,0.5
3,5,44,xgboost,713,31,0,0.023729100823402405,0,0.5
3,5,44,xgboost,717,731,0,0.1914435476064682,0,0.5
3,5,44,xgboost,722,325,0,0.04308216646313667,0,0.5
3,5,44,xgboost,723,124,0,0.08593586087226868,0,0.5
3,5,44,xgboost,734,564,0,0.04667024686932564,0,0.5
3,5,44,xgboost,737,177,0,0.017983244732022285,0,0.5
3,5,44,xgboost,741,129,0,0.006039061117917299,0,0.5
3,5,44,xgboost,742,156,0,0.0562557615339756,0,0.5
3,5,44,xgboost,754,508,1,0.23103952407836914,0,0.5
3,5,44,xgboost,765,398,0,0.09467928856611252,0,0.5
3,5,44,xgboost,769,415,0,0.006548949517309666,0,0.5
3,5,44,xgboost,772,113,0,0.01009052898734808,0,0.5
3,5,44,xgboost,776,45,0,0.024448473006486893,0,0.5
3,5,44,xgboost,780,110,0,0.028283102437853813,0,0.5
3,5,44,xgboost,785,480,0,0.022252075374126434,0,0.5
3,5,44,xgboost,795,690,0,0.32270103693008423,0,0.5
3,5,44,xgboost,803,106,0,0.025652559474110603,0,0.5
3,5,44,xgboost,804,543,0,0.11547138541936874,0,0.5
3,5,44,xgboost,810,116,0,0.1579860895872116,0,0.5
3,5,44,xgboost,819,2,0,0.028358304873108864,0,0.5
3,5,44,xgboost,828,634,0,0.024326413869857788,0,0.5
3,5,44,xgboost,834,569,0,0.07032333314418793,0,0.5
3,5,44,xgboost,836,743,0,0.02605658769607544,0,0.5
3,5,44,xgboost,838,694,0,0.023922771215438843,0,0.5
3,5,44,xgboost,850,117,0,0.025268971920013428,0,0.5
3,5,44,xgboost,855,377,0,0.02922183834016323,0,0.5
3,5,44,xgboost,856,635,0,0.04147796705365181,0,0.5
4,1,45,dummy_prior,1,7,0,0.0641399416909621,0,0.5
4,1,45,dummy_prior,9,804,0,0.0641399416909621,0,0.5
4,1,45,dummy_prior,19,773,0,0.0641399416909621,0,0.5
4,1,45,dummy_prior,21,783,0,0.0641399416909621,0,0.5
4,1,45,dummy_prior,25,805,0,0.0641399416909621,0,0.5
4,1,45,dummy_prior,30,782,0,0.0641399416909621,0,0.5
4,1,45,dummy_prior,39,719,0,0.0641399416909621,0,0.5
4,1,45,dummy_prior,42,724,0,0.0641399416909621,0,0.5
4,1,45,dummy_prior,48,780,0,0.0641399416909621,0,0.5
4,1,45,dummy_prior,64,750,1,0.0641399416909621,0,0.5
4,1,45,dummy_prior,65,736,0,0.0641399416909621,0,0.5
4,1,45,dummy_prior,74,681,0,0.0641399416909621,0,0.5
4,1,45,dummy_prior,76,675,0,0.0641399416909621,0,0.5
4,1,45,dummy_prior,77,646,0,0.0641399416909621,0,0.5
4,1,45,dummy_prior,78,693,0,0.0641399416909621,0,0.5
4,1,45,dummy_prior,80,630,0,0.0641399416909621,0,0.5
4,1,45,dummy_prior,90,707,0,0.0641399416909621,0,0.5
4,1,45,dummy_prior,91,689,0,0.0641399416909621,0,0.5
4,1,45,dummy_prior,96,701,1,0.0641399416909621,0,0.5
4,1,45,dummy_prior,98,584,0,0.0641399416909621,0,0.5
4,1,45,dummy_prior,113,328,0,0.0641399416909621,0,0.5
4,1,45,dummy_prior,120,627,0,0.0641399416909621,0,0.5
4,1,45,dummy_prior,124,571,0,0.0641399416909621,0,0.5
4,1,45,dummy_prior,125,596,0,0.0641399416909621,0,0.5
4,1,45,dummy_prior,128,518,0,0.0641399416909621,0,0.5
4,1,45,dummy_prior,129,557,0,0.0641399416909621,0,0.5
4,1,45,dummy_prior,134,568,0,0.0641399416909621,0,0.5
4,1,45,dummy_prior,137,537,0,0.0641399416909621,0,0.5
4,1,45,dummy_prior,141,194,0,0.0641399416909621,0,0.5
4,1,45,dummy_prior,146,576,0,0.0641399416909621,0,0.5
4,1,45,dummy_prior,151,551,0,0.0641399416909621,0,0.5
4,1,45,dummy_prior,153,423,0,0.0641399416909621,0,0.5
4,1,45,dummy_prior,156,448,0,0.0641399416909621,0,0.5
4,1,45,dummy_prior,160,484,0,0.0641399416909621,0,0.5
4,1,45,dummy_prior,162,481,0,0.0641399416909621,0,0.5
4,1,45,dummy_prior,164,546,0,0.0641399416909621,0,0.5
4,1,45,dummy_prior,172,522,0,0.0641399416909621,0,0.5
4,1,45,dummy_prior,174,499,0,0.0641399416909621,0,0.5
4,1,45,dummy_prior,179,548,0,0.0641399416909621,0,0.5
4,1,45,dummy_prior,192,459,0,0.0641399416909621,0,0.5
4,1,45,dummy_prior,197,442,0,0.0641399416909621,0,0.5
4,1,45,dummy_prior,200,443,0,0.0641399416909621,0,0.5
4,1,45,dummy_prior,207,437,0,0.0641399416909621,0,0.5
4,1,45,dummy_prior,213,500,0,0.0641399416909621,0,0.5
4,1,45,dummy_prior,216,531,1,0.0641399416909621,0,0.5
4,1,45,dummy_prior,230,304,0,0.0641399416909621,0,0.5
4,1,45,dummy_prior,232,316,0,0.0641399416909621,0,0.5
4,1,45,dummy_prior,238,536,0,0.0641399416909621,0,0.5
4,1,45,dummy_prior,242,555,0,0.0641399416909621,0,0.5
4,1,45,dummy_prior,244,391,0,0.0641399416909621,0,0.5
4,1,45,dummy_prior,249,270,0,0.0641399416909621,0,0.5
4,1,45,dummy_prior,252,344,0,0.0641399416909621,0,0.5
4,1,45,dummy_prior,260,485,0,0.0641399416909621,0,0.5
4,1,45,dummy_prior,261,227,0,0.0641399416909621,0,0.5
4,1,45,dummy_prior,267,265,0,0.0641399416909621,0,0.5
4,1,45,dummy_prior,269,410,0,0.0641399416909621,0,0.5
4,1,45,dummy_prior,278,267,0,0.0641399416909621,0,0.5
4,1,45,dummy_prior,280,303,0,0.0641399416909621,0,0.5
4,1,45,dummy_prior,281,238,0,0.0641399416909621,0,0.5
4,1,45,dummy_prior,290,204,0,0.0641399416909621,0,0.5
4,1,45,dummy_prior,292,264,0,0.0641399416909621,0,0.5
4,1,45,dummy_prior,302,323,0,0.0641399416909621,0,0.5
4,1,45,dummy_prior,307,287,0,0.0641399416909621,0,0.5
4,1,45,dummy_prior,317,170,0,0.0641399416909621,0,0.5
4,1,45,dummy_prior,320,271,1,0.0641399416909621,0,0.5
4,1,45,dummy_prior,321,269,0,0.0641399416909621,0,0.5
4,1,45,dummy_prior,336,251,0,0.0641399416909621,0,0.5
4,1,45,dummy_prior,337,818,0,0.0641399416909621,0,0.5
4,1,45,dummy_prior,346,149,0,0.0641399416909621,0,0.5
4,1,45,dummy_prior,360,339,0,0.0641399416909621,0,0.5
4,1,45,dummy_prior,362,160,0,0.0641399416909621,0,0.5
4,1,45,dummy_prior,379,224,0,0.0641399416909621,0,0.5
4,1,45,dummy_prior,380,103,0,0.0641399416909621,0,0.5
4,1,45,dummy_prior,387,266,0,0.0641399416909621,0,0.5
4,1,45,dummy_prior,388,185,0,0.0641399416909621,0,0.5
4,1,45,dummy_prior,393,142,0,0.0641399416909621,0,0.5
4,1,45,dummy_prior,414,186,0,0.0641399416909621,0,0.5
4,1,45,dummy_prior,416,70,0,0.0641399416909621,0,0.5
4,1,45,dummy_prior,419,149,0,0.0641399416909621,0,0.5
4,1,45,dummy_prior,431,70,0,0.0641399416909621,0,0.5
4,1,45,dummy_prior,434,192,1,0.0641399416909621,0,0.5
4,1,45,dummy_prior,440,7,0,0.0641399416909621,0,0.5
4,1,45,dummy_prior,443,10,0,0.0641399416909621,0,0.5
4,1,45,dummy_prior,453,10,0,0.0641399416909621,0,0.5
4,1,45,dummy_prior,454,7,0,0.0641399416909621,0,0.5
4,1,45,dummy_prior,455,77,0,0.0641399416909621,0,0.5
4,1,45,dummy_prior,464,25,0,0.0641399416909621,0,0.5
4,1,45,dummy_prior,466,7,0,0.0641399416909621,0,0.5
4,1,45,dummy_prior,467,41,0,0.0641399416909621,0,0.5
4,1,45,dummy_prior,469,16,0,0.0641399416909621,0,0.5
4,1,45,dummy_prior,474,640,0,0.0641399416909621,0,0.5
4,1,45,dummy_prior,479,482,0,0.0641399416909621,0,0.5
4,1,45,dummy_prior,481,608,0,0.0641399416909621,0,0.5
4,1,45,dummy_prior,482,757,0,0.0641399416909621,0,0.5
4,1,45,dummy_prior,483,190,0,0.0641399416909621,0,0.5
4,1,45,dummy_prior,497,356,0,0.0641399416909621,0,0.5
4,1,45,dummy_prior,499,614,0,0.0641399416909621,0,0.5
4,1,45,dummy_prior,503,735,0,0.0641399416909621,0,0.5
4,1,45,dummy_prior,505,306,0,0.0641399416909621,0,0.5
4,1,45,dummy_prior,506,711,0,0.0641399416909621,0,0.5
4,1,45,dummy_prior,512,671,0,0.0641399416909621,0,0.5
4,1,45,dummy_prior,520,53,0,0.0641399416909621,0,0.5
4,1,45,dummy_prior,523,624,0,0.0641399416909621,0,0.5
4,1,45,dummy_prior,524,628,0,0.0641399416909621,0,0.5
4,1,45,dummy_prior,528,547,0,0.0641399416909621,0,0.5
4,1,45,dummy_prior,535,275,0,0.0641399416909621,0,0.5
4,1,45,dummy_prior,544,50,0,0.0641399416909621,0,0.5
4,1,45,dummy_prior,545,532,0,0.0641399416909621,0,0.5
4,1,45,dummy_prior,548,58,0,0.0641399416909621,0,0.5
4,1,45,dummy_prior,551,639,0,0.0641399416909621,0,0.5
4,1,45,dummy_prior,559,162,0,0.0641399416909621,0,0.5
4,1,45,dummy_prior,569,802,0,0.0641399416909621,0,0.5
4,1,45,dummy_prior,574,309,0,0.0641399416909621,0,0.5
4,1,45,dummy_prior,581,59,0,0.0641399416909621,0,0.5
4,1,45,dummy_prior,597,133,0,0.0641399416909621,0,0.5
4,1,45,dummy_prior,606,539,0,0.0641399416909621,0,0.5
4,1,45,dummy_prior,614,341,1,0.0641399416909621,0,0.5
4,1,45,dummy_prior,620,363,0,0.0641399416909621,0,0.5
4,1,45,dummy_prior,625,92,0,0.0641399416909621,0,0.5
4,1,45,dummy_prior,632,226,0,0.0641399416909621,0,0.5
4,1,45,dummy_prior,640,625,0,0.0641399416909621,0,0.5
4,1,45,dummy_prior,641,761,0,0.0641399416909621,0,0.5
4,1,45,dummy_prior,648,95,0,0.0641399416909621,0,0.5
4,1,45,dummy_prior,649,613,0,0.0641399416909621,0,0.5
4,1,45,dummy_prior,650,421,0,0.0641399416909621,0,0.5
4,1,45,dummy_prior,664,756,1,0.0641399416909621,0,0.5
4,1,45,dummy_prior,671,824,1,0.0641399416909621,0,0.5
4,1,45,dummy_prior,678,609,0,0.0641399416909621,0,0.5
4,1,45,dummy_prior,683,762,0,0.0641399416909621,0,0.5
4,1,45,dummy_prior,685,820,0,0.0641399416909621,0,0.5
4,1,45,dummy_prior,686,704,1,0.0641399416909621,0,0.5
4,1,45,dummy_prior,689,340,0,0.0641399416909621,0,0.5
4,1,45,dummy_prior,691,420,0,0.0641399416909621,0,0.5
4,1,45,dummy_prior,694,486,0,0.0641399416909621,0,0.5
4,1,45,dummy_prior,697,91,0,0.0641399416909621,0,0.5
4,1,45,dummy_prior,700,479,0,0.0641399416909621,0,0.5
4,1,45,dummy_prior,701,524,0,0.0641399416909621,0,0.5
4,1,45,dummy_prior,704,781,0,0.0641399416909621,0,0.5
4,1,45,dummy_prior,708,254,0,0.0641399416909621,0,0.5
4,1,45,dummy_prior,709,374,0,0.0641399416909621,0,0.5
4,1,45,dummy_prior,711,128,0,0.0641399416909621,0,0.5
4,1,45,dummy_prior,713,31,0,0.0641399416909621,0,0.5
4,1,45,dummy_prior,726,530,0,0.0641399416909621,0,0.5
4,1,45,dummy_prior,732,417,0,0.0641399416909621,0,0.5
4,1,45,dummy_prior,735,6,0,0.0641399416909621,0,0.5
4,1,45,dummy_prior,738,477,0,0.0641399416909621,0,0.5
4,1,45,dummy_prior,740,768,0,0.0641399416909621,0,0.5
4,1,45,dummy_prior,742,156,0,0.0641399416909621,0,0.5
4,1,45,dummy_prior,745,30,0,0.0641399416909621,0,0.5
4,1,45,dummy_prior,754,508,1,0.0641399416909621,0,0.5
4,1,45,dummy_prior,757,360,0,0.0641399416909621,0,0.5
4,1,45,dummy_prior,758,578,0,0.0641399416909621,0,0.5
4,1,45,dummy_prior,768,422,0,0.0641399416909621,0,0.5
4,1,45,dummy_prior,771,661,0,0.0641399416909621,0,0.5
4,1,45,dummy_prior,778,136,0,0.0641399416909621,0,0.5
4,1,45,dummy_prior,779,656,0,0.0641399416909621,0,0.5
4,1,45,dummy_prior,788,752,0,0.0641399416909621,0,0.5
4,1,45,dummy_prior,794,175,0,0.0641399416909621,0,0.5
4,1,45,dummy_prior,802,14,0,0.0641399416909621,0,0.5
4,1,45,dummy_prior,806,62,0,0.0641399416909621,0,0.5
4,1,45,dummy_prior,808,544,0,0.0641399416909621,0,0.5
4,1,45,dummy_prior,809,519,0,0.0641399416909621,0,0.5
4,1,45,dummy_prior,814,22,1,0.0641399416909621,0,0.5
4,1,45,dummy_prior,816,233,0,0.0641399416909621,0,0.5
4,1,45,dummy_prior,821,602,0,0.0641399416909621,0,0.5
4,1,45,dummy_prior,823,644,0,0.0641399416909621,0,0.5
4,1,45,dummy_prior,826,650,0,0.0641399416909621,0,0.5
4,1,45,dummy_prior,836,743,0,0.0641399416909621,0,0.5
4,1,45,dummy_prior,841,297,0,0.0641399416909621,0,0.5
4,1,45,dummy_prior,844,444,0,0.0641399416909621,0,0.5
4,1,45,dummy_prior,855,377,0,0.0641399416909621,0,0.5
4,1,45,dummy_prior,857,526,0,0.0641399416909621,0,0.5
4,1,45,logistic_regression,1,7,0,0.22704206126761073,0,0.5
4,1,45,logistic_regression,9,804,0,0.2760875018492589,0,0.5
4,1,45,logistic_regression,19,773,0,0.292493616246091,0,0.5
4,1,45,logistic_regression,21,783,0,0.22672927852080652,0,0.5
4,1,45,logistic_regression,25,805,0,0.22367744427648736,0,0.5
4,1,45,logistic_regression,30,782,0,0.3051545002947749,0,0.5
4,1,45,logistic_regression,39,719,0,0.22872352082675895,0,0.5
4,1,45,logistic_regression,42,724,0,0.2501009010415192,0,0.5
4,1,45,logistic_regression,48,780,0,0.23296227504246275,0,0.5
4,1,45,logistic_regression,64,750,1,0.27089819357970213,0,0.5
4,1,45,logistic_regression,65,736,0,0.23918437170299545,0,0.5
4,1,45,logistic_regression,74,681,0,0.2131218665830718,0,0.5
4,1,45,logistic_regression,76,675,0,0.23797565450561467,0,0.5
4,1,45,logistic_regression,77,646,0,0.22094830246525413,0,0.5
4,1,45,logistic_regression,78,693,0,0.25103717748868865,0,0.5
4,1,45,logistic_regression,80,630,0,0.2258077460133298,0,0.5
4,1,45,logistic_regression,90,707,0,0.19044553652582227,0,0.5
4,1,45,logistic_regression,91,689,0,0.24228606803449965,0,0.5
4,1,45,logistic_regression,96,701,1,0.3066797953383411,0,0.5
4,1,45,logistic_regression,98,584,0,0.1872239000411189,0,0.5
4,1,45,logistic_regression,113,328,0,0.2146930782587935,0,0.5
4,1,45,logistic_regression,120,627,0,0.23523348201915603,0,0.5
4,1,45,logistic_regression,124,571,0,0.2541101782580719,0,0.5
4,1,45,logistic_regression,125,596,0,0.25463552017192465,0,0.5
4,1,45,logistic_regression,128,518,0,0.22678256589596,0,0.5
4,1,45,logistic_regression,129,557,0,0.24284288928185266,0,0.5
4,1,45,logistic_regression,134,568,0,0.3779061175875432,0,0.5
4,1,45,logistic_regression,137,537,0,0.21882651560484534,0,0.5
4,1,45,logistic_regression,141,194,0,0.1739341243207801,0,0.5
4,1,45,logistic_regression,146,576,0,0.2272561695413008,0,0.5
4,1,45,logistic_regression,151,551,0,0.23052410001325024,0,0.5
4,1,45,logistic_regression,153,423,0,0.2455747854733345,0,0.5
4,1,45,logistic_regression,156,448,0,0.2428868761573419,0,0.5
4,1,45,logistic_regression,160,484,0,0.25509593074639225,0,0.5
4,1,45,logistic_regression,162,481,0,0.2331776349437365,0,0.5
4,1,45,logistic_regression,164,546,0,0.17865568530836898,0,0.5
4,1,45,logistic_regression,172,522,0,0.24499730407792522,0,0.5
4,1,45,logistic_regression,174,499,0,0.23806628026495125,0,0.5
4,1,45,logistic_regression,179,548,0,0.24885348764267654,0,0.5
4,1,45,logistic_regression,192,459,0,0.22987057016186652,0,0.5
4,1,45,logistic_regression,197,442,0,0.25626925118720006,0,0.5
4,1,45,logistic_regression,200,443,0,0.21043881220254665,0,0.5
4,1,45,logistic_regression,207,437,0,0.2197788040660255,0,0.5
4,1,45,logistic_regression,213,500,0,0.4068243061116418,0,0.5
4,1,45,logistic_regression,216,531,1,0.26029977397247467,0,0.5
4,1,45,logistic_regression,230,304,0,0.2208791420002899,0,0.5
4,1,45,logistic_regression,232,316,0,0.2176102831284578,0,0.5
4,1,45,logistic_regression,238,536,0,0.23611804959117563,0,0.5
4,1,45,logistic_regression,242,555,0,0.2218995784360932,0,0.5
4,1,45,logistic_regression,244,391,0,0.2250640485036603,0,0.5
4,1,45,logistic_regression,249,270,0,0.2161504697528405,0,0.5
4,1,45,logistic_regression,252,344,0,0.25782283936853206,0,0.5
4,1,45,logistic_regression,260,485,0,0.23832633980466292,0,0.5
4,1,45,logistic_regression,261,227,0,0.22424704803462697,0,0.5
4,1,45,logistic_regression,267,265,0,0.18032014576546349,0,0.5
4,1,45,logistic_regression,269,410,0,0.2299585333709248,0,0.5
4,1,45,logistic_regression,278,267,0,0.22603562707809866,0,0.5
4,1,45,logistic_regression,280,303,0,0.226470520834898,0,0.5
4,1,45,logistic_regression,281,238,0,0.17179995924580013,0,0.5
4,1,45,logistic_regression,290,204,0,0.2729192109002852,0,0.5
4,1,45,logistic_regression,292,264,0,0.2222213623436748,0,0.5
4,1,45,logistic_regression,302,323,0,0.24355935388617,0,0.5
4,1,45,logistic_regression,307,287,0,0.17984306198173466,0,0.5
4,1,45,logistic_regression,317,170,0,0.22139645810818012,0,0.5
4,1,45,logistic_regression,320,271,1,0.21776161878489259,0,0.5
4,1,45,logistic_regression,321,269,0,0.17680454184355862,0,0.5
4,1,45,logistic_regression,336,251,0,0.24184474145040497,0,0.5
4,1,45,logistic_regression,337,818,0,0.31701110705042657,0,0.5
4,1,45,logistic_regression,346,149,0,0.1715730527376883,0,0.5
4,1,45,logistic_regression,360,339,0,0.23107389349876503,0,0.5
4,1,45,logistic_regression,362,160,0,0.2244955618064549,0,0.5
4,1,45,logistic_regression,379,224,0,0.22439376838009037,0,0.5
4,1,45,logistic_regression,380,103,0,0.22743667870817993,0,0.5
4,1,45,logistic_regression,387,266,0,0.22409249644320628,0,0.5
4,1,45,logistic_regression,388,185,0,0.21750287169959237,0,0.5
4,1,45,logistic_regression,393,142,0,0.22081300762039777,0,0.5
4,1,45,logistic_regression,414,186,0,0.23010904211610866,0,0.5
4,1,45,logistic_regression,416,70,0,0.2294260661726772,0,0.5
4,1,45,logistic_regression,419,149,0,0.1715730527376883,0,0.5
4,1,45,logistic_regression,431,70,0,0.2294260661726772,0,0.5
4,1,45,logistic_regression,434,192,1,0.21719815072734192,0,0.5
4,1,45,logistic_regression,440,7,0,0.22704206126761073,0,0.5
4,1,45,logistic_regression,443,10,0,0.17927550109343166,0,0.5
4,1,45,logistic_regression,453,10,0,0.17927550109343166,0,0.5
4,1,45,logistic_regression,454,7,0,0.22704206126761073,0,0.5
4,1,45,logistic_regression,455,77,0,0.19838977968826604,0,0.5
4,1,45,logistic_regression,464,25,0,0.2232078341429779,0,0.5
4,1,45,logistic_regression,466,7,0,0.22704206126761073,0,0.5
4,1,45,logistic_regression,467,41,0,0.1554542980387393,0,0.5
4,1,45,logistic_regression,469,16,0,0.22356178231890333,0,0.5
4,1,45,logistic_regression,474,640,0,0.23223280022582504,0,0.5
4,1,45,logistic_regression,479,482,0,0.22449291865414878,0,0.5
4,1,45,logistic_regression,481,608,0,0.22658212682059045,0,0.5
4,1,45,logistic_regression,482,757,0,0.26890638468273337,0,0.5
4,1,45,logistic_regression,483,190,0,0.2282909635914104,0,0.5
4,1,45,logistic_regression,497,356,0,0.24990907253417888,0,0.5
4,1,45,logistic_regression,499,614,0,0.22815046398224068,0,0.5
4,1,45,logistic_regression,503,735,0,0.2555172612867765,0,0.5
4,1,45,logistic_regression,505,306,0,0.18043809235120065,0,0.5
4,1,45,logistic_regression,506,711,0,0.27661991307103806,0,0.5
4,1,45,logistic_regression,512,671,0,0.1898186684200348,0,0.5
4,1,45,logistic_regression,520,53,0,0.22241181847410915,0,0.5
4,1,45,logistic_regression,523,624,0,0.2153567453949477,0,0.5
4,1,45,logistic_regression,524,628,0,0.24140394785312097,0,0.5
4,1,45,logistic_regression,528,547,0,0.18437024886429054,0,0.5
4,1,45,logistic_regression,535,275,0,0.2207895585401781,0,0.5
4,1,45,logistic_regression,544,50,0,0.21602535773571344,0,0.5
4,1,45,logistic_regression,545,532,0,0.2737898332925084,0,0.5
4,1,45,logistic_regression,548,58,0,0.22011091057412457,0,0.5
4,1,45,logistic_regression,551,639,0,0.1787996725241178,0,0.5
4,1,45,logistic_regression,559,162,0,0.22941000300741562,0,0.5
4,1,45,logistic_regression,569,802,0,0.22612443330693746,0,0.5
4,1,45,logistic_regression,574,309,0,0.22524486087636847,0,0.5
4,1,45,logistic_regression,581,59,0,0.22485122603331148,0,0.5
4,1,45,logistic_regression,597,133,0,0.4793314533507085,0,0.5
4,1,45,logistic_regression,606,539,0,0.2184461739417498,0,0.5
4,1,45,logistic_regression,614,341,1,0.3185110680470508,0,0.5
4,1,45,logistic_regression,620,363,0,0.23596554664255812,0,0.5
4,1,45,logistic_regression,625,92,0,0.22383097382107706,0,0.5
4,1,45,logistic_regression,632,226,0,0.22801894153592792,0,0.5
4,1,45,logistic_regression,640,625,0,0.23760235868137355,0,0.5
4,1,45,logistic_regression,641,761,0,0.23010811651150362,0,0.5
4,1,45,logistic_regression,648,95,0,0.530071310815563,1,0.5
4,1,45,logistic_regression,649,613,0,0.2741554720920724,0,0.5
4,1,45,logistic_regression,650,421,0,0.3022988425495056,0,0.5
4,1,45,logistic_regression,664,756,1,0.2810786060810037,0,0.5
4,1,45,logistic_regression,671,824,1,0.24332773671341368,0,0.5
4,1,45,logistic_regression,678,609,0,0.22319728949737225,0,0.5
4,1,45,logistic_regression,683,762,0,0.25125792617318304,0,0.5
4,1,45,logistic_regression,685,820,0,0.21474231743247668,0,0.5
4,1,45,logistic_regression,686,704,1,0.21778942151707875,0,0.5
4,1,45,logistic_regression,689,340,0,0.26957606407418294,0,0.5
4,1,45,logistic_regression,691,420,0,0.4103008608930445,0,0.5
4,1,45,logistic_regression,694,486,0,0.27142520116677477,0,0.5
4,1,45,logistic_regression,697,91,0,0.2658856204059003,0,0.5
4,1,45,logistic_regression,700,479,0,0.22005865173714706,0,0.5
4,1,45,logistic_regression,701,524,0,0.21693404885923706,0,0.5
4,1,45,logistic_regression,704,781,0,0.2838821507333034,0,0.5
4,1,45,logistic_regression,708,254,0,0.2732584224803731,0,0.5
4,1,45,logistic_regression,709,374,0,0.24251076151225892,0,0.5
4,1,45,logistic_regression,711,128,0,0.22140152627341791,0,0.5
4,1,45,logistic_regression,713,31,0,0.22688614674432897,0,0.5
4,1,45,logistic_regression,726,530,0,0.2462829305933893,0,0.5
4,1,45,logistic_regression,732,417,0,0.22324876384983777,0,0.5
4,1,45,logistic_regression,735,6,0,0.18754652495922147,0,0.5
4,1,45,logistic_regression,738,477,0,0.21376341063382598,0,0.5
4,1,45,logistic_regression,740,768,0,0.24170458670286515,0,0.5
4,1,45,logistic_regression,742,156,0,0.2954105915004667,0,0.5
4,1,45,logistic_regression,745,30,0,0.2733125585087981,0,0.5
4,1,45,logistic_regression,754,508,1,0.22409543692669978,0,0.5
4,1,45,logistic_regression,757,360,0,0.2175183402879728,0,0.5
4,1,45,logistic_regression,758,578,0,0.21846591266874557,0,0.5
4,1,45,logistic_regression,768,422,0,0.22464784487159759,0,0.5
4,1,45,logistic_regression,771,661,0,0.18186490543773984,0,0.5
4,1,45,logistic_regression,778,136,0,0.17682437955205307,0,0.5
4,1,45,logistic_regression,779,656,0,0.2538052030036732,0,0.5
4,1,45,logistic_regression,788,752,0,0.311347584449355,0,0.5
4,1,45,logistic_regression,794,175,0,0.17694053316329075,0,0.5
4,1,45,logistic_regression,802,14,0,0.21807603500242448,0,0.5
4,1,45,logistic_regression,806,62,0,0.23032276498885654,0,0.5
4,1,45,logistic_regression,808,544,0,0.27094732276224553,0,0.5
4,1,45,logistic_regression,809,519,0,0.28777537260837244,0,0.5
4,1,45,logistic_regression,814,22,1,0.2642021858841481,0,0.5
4,1,45,logistic_regression,816,233,0,0.26036746657182713,0,0.5
4,1,45,logistic_regression,821,602,0,0.22339203254994008,0,0.5
4,1,45,logistic_regression,823,644,0,0.220238009346455,0,0.5
4,1,45,logistic_regression,826,650,0,0.25663216720442056,0,0.5
4,1,45,logistic_regression,836,743,0,0.19220334290787844,0,0.5
4,1,45,logistic_regression,841,297,0,0.22273680640265522,0,0.5
4,1,45,logistic_regression,844,444,0,0.2550473581152097,0,0.5
4,1,45,logistic_regression,855,377,0,0.21690437890569547,0,0.5
4,1,45,logistic_regression,857,526,0,0.21998732951643094,0,0.5
4,1,45,xgboost,1,7,0,0.018169745802879333,0,0.5
4,1,45,xgboost,9,804,0,0.09579262137413025,0,0.5
4,1,45,xgboost,19,773,0,0.052984271198511124,0,0.5
4,1,45,xgboost,21,783,0,0.18479111790657043,0,0.5
4,1,45,xgboost,25,805,0,0.04378580302000046,0,0.5
4,1,45,xgboost,30,782,0,0.21827112138271332,0,0.5
4,1,45,xgboost,39,719,0,0.02451198548078537,0,0.5
4,1,45,xgboost,42,724,0,0.24872523546218872,0,0.5
4,1,45,xgboost,48,780,0,0.12313947826623917,0,0.5
4,1,45,xgboost,64,750,1,0.12146398425102234,0,0.5
4,1,45,xgboost,65,736,0,0.07495830953121185,0,0.5
4,1,45,xgboost,74,681,0,0.017229773104190826,0,0.5
4,1,45,xgboost,76,675,0,0.029589872807264328,0,0.5
4,1,45,xgboost,77,646,0,0.017501182854175568,0,0.5
4,1,45,xgboost,78,693,0,0.05755129083991051,0,0.5
4,1,45,xgboost,80,630,0,0.04836657643318176,0,0.5
4,1,45,xgboost,90,707,0,0.0066903564147651196,0,0.5
4,1,45,xgboost,91,689,0,0.02094993181526661,0,0.5
4,1,45,xgboost,96,701,1,0.22910141944885254,0,0.5
4,1,45,xgboost,98,584,0,0.0117269866168499,0,0.5
4,1,45,xgboost,113,328,0,0.014456484466791153,0,0.5
4,1,45,xgboost,120,627,0,0.06136482581496239,0,0.5
4,1,45,xgboost,124,571,0,0.22861583530902863,0,0.5
4,1,45,xgboost,125,596,0,0.0663616955280304,0,0.5
4,1,45,xgboost,128,518,0,0.027097603306174278,0,0.5
4,1,45,xgboost,129,557,0,0.01850568875670433,0,0.5
4,1,45,xgboost,134,568,0,0.1172603964805603,0,0.5
4,1,45,xgboost,137,537,0,0.056376587599515915,0,0.5
4,1,45,xgboost,141,194,0,0.02100250869989395,0,0.5
4,1,45,xgboost,146,576,0,0.060729362070560455,0,0.5
4,1,45,xgboost,151,551,0,0.07052839547395706,0,0.5
4,1,45,xgboost,153,423,0,0.03737200051546097,0,0.5
4,1,45,xgboost,156,448,0,0.01843637228012085,0,0.5
4,1,45,xgboost,160,484,0,0.0474267452955246,0,0.5
4,1,45,xgboost,162,481,0,0.04114099219441414,0,0.5
4,1,45,xgboost,164,546,0,0.016479045152664185,0,0.5
4,1,45,xgboost,172,522,0,0.1726740300655365,0,0.5
4,1,45,xgboost,174,499,0,0.0797484964132309,0,0.5
4,1,45,xgboost,179,548,0,0.09081903845071793,0,0.5
4,1,45,xgboost,192,459,0,0.07099715620279312,0,0.5
4,1,45,xgboost,197,442,0,0.08163431286811829,0,0.5
4,1,45,xgboost,200,443,0,0.05327984318137169,0,0.5
4,1,45,xgboost,207,437,0,0.03806310519576073,0,0.5
4,1,45,xgboost,213,500,0,0.1111619621515274,0,0.5
4,1,45,xgboost,216,531,1,0.06838948279619217,0,0.5
4,1,45,xgboost,230,304,0,0.03824736550450325,0,0.5
4,1,45,xgboost,232,316,0,0.03789926692843437,0,0.5
4,1,45,xgboost,238,536,0,0.01762951724231243,0,0.5
4,1,45,xgboost,242,555,0,0.0286678746342659,0,0.5
4,1,45,xgboost,244,391,0,0.07491989433765411,0,0.5
4,1,45,xgboost,249,270,0,0.07223421335220337,0,0.5
4,1,45,xgboost,252,344,0,0.02391435205936432,0,0.5
4,1,45,xgboost,260,485,0,0.038199055939912796,0,0.5
4,1,45,xgboost,261,227,0,0.08956216275691986,0,0.5
4,1,45,xgboost,267,265,0,0.059037160128355026,0,0.5
4,1,45,xgboost,269,410,0,0.05954022333025932,0,0.5
4,1,45,xgboost,278,267,0,0.1511598527431488,0,0.5
4,1,45,xgboost,280,303,0,0.030278805643320084,0,0.5
4,1,45,xgboost,281,238,0,0.018576066941022873,0,0.5
4,1,45,xgboost,290,204,0,0.06051672622561455,0,0.5
4,1,45,xgboost,292,264,0,0.21454346179962158,0,0.5
4,1,45,xgboost,302,323,0,0.022149717435240746,0,0.5
4,1,45,xgboost,307,287,0,0.014588293619453907,0,0.5
4,1,45,xgboost,317,170,0,0.046880099922418594,0,0.5
4,1,45,xgboost,320,271,1,0.0629681795835495,0,0.5
4,1,45,xgboost,321,269,0,0.035627808421850204,0,0.5
4,1,45,xgboost,336,251,0,0.095192089676857,0,0.5
4,1,45,xgboost,337,818,0,0.08376221358776093,0,0.5
4,1,45,xgboost,346,149,0,0.008447404019534588,0,0.5
4,1,45,xgboost,360,339,0,0.024572361260652542,0,0.5
4,1,45,xgboost,362,160,0,0.052959829568862915,0,0.5
4,1,45,xgboost,379,224,0,0.09098953008651733,0,0.5
4,1,45,xgboost,380,103,0,0.04149536415934563,0,0.5
4,1,45,xgboost,387,266,0,0.13841727375984192,0,0.5
4,1,45,xgboost,388,185,0,0.13237304985523224,0,0.5
4,1,45,xgboost,393,142,0,0.04286409541964531,0,0.5
4,1,45,xgboost,414,186,0,0.048471540212631226,0,0.5
4,1,45,xgboost,416,70,0,0.02308063954114914,0,0.5
4,1,45,xgboost,419,149,0,0.008447404019534588,0,0.5
4,1,45,xgboost,431,70,0,0.02308063954114914,0,0.5
4,1,45,xgboost,434,192,1,0.0909835547208786,0,0.5
4,1,45,xgboost,440,7,0,0.018169745802879333,0,0.5
4,1,45,xgboost,443,10,0,0.0070710633881390095,0,0.5
4,1,45,xgboost,453,10,0,0.0070710633881390095,0,0.5
4,1,45,xgboost,454,7,0,0.018169745802879333,0,0.5
4,1,45,xgboost,455,77,0,0.07031989097595215,0,0.5
4,1,45,xgboost,464,25,0,0.016882972791790962,0,0.5
4,1,45,xgboost,466,7,0,0.018169745802879333,0,0.5
4,1,45,xgboost,467,41,0,0.029472913593053818,0,0.5
4,1,45,xgboost,469,16,0,0.02329080179333687,0,0.5
4,1,45,xgboost,474,640,0,0.06757000088691711,0,0.5
4,1,45,xgboost,479,482,0,0.04154706746339798,0,0.5
4,1,45,xgboost,481,608,0,0.06461122632026672,0,0.5
4,1,45,xgboost,482,757,0,0.09858591854572296,0,0.5
4,1,45,xgboost,483,190,0,0.056526873260736465,0,0.5
4,1,45,xgboost,497,356,0,0.05643683671951294,0,0.5
4,1,45,xgboost,499,614,0,0.07326215505599976,0,0.5
4,1,45,xgboost,503,735,0,0.014713696204125881,0,0.5
4,1,45,xgboost,505,306,0,0.02180345728993416,0,0.5
4,1,45,xgboost,506,711,0,0.14543288946151733,0,0.5
4,1,45,xgboost,512,671,0,0.013860063627362251,0,0.5
4,1,45,xgboost,520,53,0,0.014673709869384766,0,0.5
4,1,45,xgboost,523,624,0,0.060896679759025574,0,0.5
4,1,45,xgboost,524,628,0,0.15918274223804474,0,0.5
4,1,45,xgboost,528,547,0,0.013598986901342869,0,0.5
4,1,45,xgboost,535,275,0,0.13728763163089752,0,0.5
4,1,45,xgboost,544,50,0,0.012514572590589523,0,0.5
4,1,45,xgboost,545,532,0,0.09086287021636963,0,0.5
4,1,45,xgboost,548,58,0,0.0206287894397974,0,0.5
4,1,45,xgboost,551,639,0,0.025844179093837738,0,0.5
4,1,45,xgboost,559,162,0,0.04451071843504906,0,0.5
4,1,45,xgboost,569,802,0,0.018721671774983406,0,0.5
4,1,45,xgboost,574,309,0,0.037778276950120926,0,0.5
4,1,45,xgboost,581,59,0,0.017258169129490852,0,0.5
4,1,45,xgboost,597,133,0,0.16363289952278137,0,0.5
4,1,45,xgboost,606,539,0,0.05725482478737831,0,0.5
4,1,45,xgboost,614,341,1,0.07310007512569427,0,0.5
4,1,45,xgboost,620,363,0,0.04010222107172012,0,0.5
4,1,45,xgboost,625,92,0,0.03177739679813385,0,0.5
4,1,45,xgboost,632,226,0,0.05837266147136688,0,0.5
4,1,45,xgboost,640,625,0,0.039763420820236206,0,0.5
4,1,45,xgboost,641,761,0,0.03583993390202522,0,0.5
4,1,45,xgboost,648,95,0,0.2308318316936493,0,0.5
4,1,45,xgboost,649,613,0,0.17522253096103668,0,0.5
4,1,45,xgboost,650,421,0,0.09550812095403671,0,0.5
4,1,45,xgboost,664,756,1,0.3231140077114105,0,0.5
4,1,45,xgboost,671,824,1,0.15744002163410187,0,0.5
4,1,45,xgboost,678,609,0,0.06634945422410965,0,0.5
4,1,45,xgboost,683,762,0,0.08248679339885712,0,0.5
4,1,45,xgboost,685,820,0,0.07905547320842743,0,0.5
4,1,45,xgboost,686,704,1,0.0426807701587677,0,0.5
4,1,45,xgboost,689,340,0,0.05478745326399803,0,0.5
4,1,45,xgboost,691,420,0,0.24057145416736603,0,0.5
4,1,45,xgboost,694,486,0,0.0948152020573616,0,0.5
4,1,45,xgboost,697,91,0,0.057270023971796036,0,0.5
4,1,45,xgboost,700,479,0,0.05813618004322052,0,0.5
4,1,45,xgboost,701,524,0,0.045024942606687546,0,0.5
4,1,45,xgboost,704,781,0,0.12255008518695831,0,0.5
4,1,45,xgboost,708,254,0,0.16107964515686035,0,0.5
4,1,45,xgboost,709,374,0,0.07037483155727386,0,0.5
4,1,45,xgboost,711,128,0,0.0347781777381897,0,0.5
4,1,45,xgboost,713,31,0,0.023125439882278442,0,0.5
4,1,45,xgboost,726,530,0,0.21506205201148987,0,0.5
4,1,45,xgboost,732,417,0,0.05889562889933586,0,0.5
4,1,45,xgboost,735,6,0,0.005864595994353294,0,0.5
4,1,45,xgboost,738,477,0,0.05555082857608795,0,0.5
4,1,45,xgboost,740,768,0,0.02398238517343998,0,0.5
4,1,45,xgboost,742,156,0,0.09204405546188354,0,0.5
4,1,45,xgboost,745,30,0,0.051096539944410324,0,0.5
4,1,45,xgboost,754,508,1,0.10600783675909042,0,0.5
4,1,45,xgboost,757,360,0,0.05866316333413124,0,0.5
4,1,45,xgboost,758,578,0,0.049780961126089096,0,0.5
4,1,45,xgboost,768,422,0,0.04997336491942406,0,0.5
4,1,45,xgboost,771,661,0,0.011708046309649944,0,0.5
4,1,45,xgboost,778,136,0,0.010595428757369518,0,0.5
4,1,45,xgboost,779,656,0,0.1331033855676651,0,0.5
4,1,45,xgboost,788,752,0,0.14404748380184174,0,0.5
4,1,45,xgboost,794,175,0,0.012336536310613155,0,0.5
4,1,45,xgboost,802,14,0,0.017441855743527412,0,0.5
4,1,45,xgboost,806,62,0,0.024414371699094772,0,0.5
4,1,45,xgboost,808,544,0,0.07342956960201263,0,0.5
4,1,45,xgboost,809,519,0,0.06140498071908951,0,0.5
4,1,45,xgboost,814,22,1,0.04589949548244476,0,0.5
4,1,45,xgboost,816,233,0,0.3138524293899536,0,0.5
4,1,45,xgboost,821,602,0,0.018359847366809845,0,0.5
4,1,45,xgboost,823,644,0,0.059052374213933945,0,0.5
4,1,45,xgboost,826,650,0,0.09468700736761093,0,0.5
4,1,45,xgboost,836,743,0,0.050002653151750565,0,0.5
4,1,45,xgboost,841,297,0,0.03210068494081497,0,0.5
4,1,45,xgboost,844,444,0,0.03419647738337517,0,0.5
4,1,45,xgboost,855,377,0,0.05503940209746361,0,0.5
4,1,45,xgboost,857,526,0,0.029498916119337082,0,0.5
4,2,45,dummy_prior,2,660,0,0.0641399416909621,0,0.5
4,2,45,dummy_prior,5,796,0,0.0641399416909621,0,0.5
4,2,45,dummy_prior,14,798,0,0.0641399416909621,0,0.5
4,2,45,dummy_prior,18,792,0,0.0641399416909621,0,0.5
4,2,45,dummy_prior,20,797,0,0.0641399416909621,0,0.5
4,2,45,dummy_prior,29,745,0,0.0641399416909621,0,0.5
4,2,45,dummy_prior,31,771,0,0.0641399416909621,0,0.5
4,2,45,dummy_prior,36,760,0,0.0641399416909621,0,0.5
4,2,45,dummy_prior,38,758,0,0.0641399416909621,0,0.5
4,2,45,dummy_prior,43,723,0,0.0641399416909621,0,0.5
4,2,45,dummy_prior,50,721,0,0.0641399416909621,0,0.5
4,2,45,dummy_prior,53,695,0,0.0641399416909621,0,0.5
4,2,45,dummy_prior,54,708,0,0.0641399416909621,0,0.5
4,2,45,dummy_prior,56,702,0,0.0641399416909621,0,0.5
4,2,45,dummy_prior,67,728,0,0.0641399416909621,0,0.5
4,2,45,dummy_prior,82,615,0,0.0641399416909621,0,0.5
4,2,45,dummy_prior,85,657,0,0.0641399416909621,0,0.5
4,2,45,dummy_prior,86,718,0,0.0641399416909621,0,0.5
4,2,45,dummy_prior,92,649,0,0.0641399416909621,0,0.5
4,2,45,dummy_prior,97,678,0,0.0641399416909621,0,0.5
4,2,45,dummy_prior,99,641,0,0.0641399416909621,0,0.5
4,2,45,dummy_prior,101,580,0,0.0641399416909621,0,0.5
4,2,45,dummy_prior,103,754,1,0.0641399416909621,0,0.5
4,2,45,dummy_prior,106,577,0,0.0641399416909621,0,0.5
4,2,45,dummy_prior,112,573,0,0.0641399416909621,0,0.5
4,2,45,dummy_prior,118,560,0,0.0641399416909621,0,0.5
4,2,45,dummy_prior,119,498,0,0.0641399416909621,0,0.5
4,2,45,dummy_prior,122,592,0,0.0641399416909621,0,0.5
4,2,45,dummy_prior,131,581,1,0.0641399416909621,0,0.5
4,2,45,dummy_prior,133,651,0,0.0641399416909621,0,0.5
4,2,45,dummy_prior,139,556,0,0.0641399416909621,0,0.5
4,2,45,dummy_prior,140,553,0,0.0641399416909621,0,0.5
4,2,45,dummy_prior,145,595,0,0.0641399416909621,0,0.5
4,2,45,dummy_prior,148,643,0,0.0641399416909621,0,0.5
4,2,45,dummy_prior,157,545,0,0.0641399416909621,0,0.5
4,2,45,dummy_prior,158,617,0,0.0641399416909621,0,0.5
4,2,45,dummy_prior,165,572,0,0.0641399416909621,0,0.5
4,2,45,dummy_prior,167,461,0,0.0641399416909621,0,0.5
4,2,45,dummy_prior,170,434,0,0.0641399416909621,0,0.5
4,2,45,dummy_prior,171,418,0,0.0641399416909621,0,0.5
4,2,45,dummy_prior,175,412,0,0.0641399416909621,0,0.5
4,2,45,dummy_prior,176,452,0,0.0641399416909621,0,0.5
4,2,45,dummy_prior,191,527,0,0.0641399416909621,0,0.5
4,2,45,dummy_prior,194,397,0,0.0641399416909621,0,0.5
4,2,45,dummy_prior,202,454,0,0.0641399416909621,0,0.5
4,2,45,dummy_prior,204,222,0,0.0641399416909621,0,0.5
4,2,45,dummy_prior,208,470,0,0.0641399416909621,0,0.5
4,2,45,dummy_prior,209,387,0,0.0641399416909621,0,0.5
4,2,45,dummy_prior,214,550,1,0.0641399416909621,0,0.5
4,2,45,dummy_prior,218,503,0,0.0641399416909621,0,0.5
4,2,45,dummy_prior,231,432,0,0.0641399416909621,0,0.5
4,2,45,dummy_prior,233,345,0,0.0641399416909621,0,0.5
4,2,45,dummy_prior,240,334,0,0.0641399416909621,0,0.5
4,2,45,dummy_prior,247,292,0,0.0641399416909621,0,0.5
4,2,45,dummy_prior,251,284,0,0.0641399416909621,0,0.5
4,2,45,dummy_prior,254,390,0,0.0641399416909621,0,0.5
4,2,45,dummy_prior,257,273,1,0.0641399416909621,0,0.5
4,2,45,dummy_prior,264,259,1,0.0641399416909621,0,0.5
4,2,45,dummy_prior,266,232,0,0.0641399416909621,0,0.5
4,2,45,dummy_prior,268,305,0,0.0641399416909621,0,0.5
4,2,45,dummy_prior,293,221,0,0.0641399416909621,0,0.5
4,2,45,dummy_prior,297,220,0,0.0641399416909621,0,0.5
4,2,45,dummy_prior,298,333,0,0.0641399416909621,0,0.5
4,2,45,dummy_prior,300,301,0,0.0641399416909621,0,0.5
4,2,45,dummy_prior,301,202,0,0.0641399416909621,0,0.5
4,2,45,dummy_prior,311,368,0,0.0641399416909621,0,0.5
4,2,45,dummy_prior,322,180,0,0.0641399416909621,0,0.5
4,2,45,dummy_prior,324,654,0,0.0641399416909621,0,0.5
4,2,45,dummy_prior,325,169,1,0.0641399416909621,0,0.5
4,2,45,dummy_prior,331,446,0,0.0641399416909621,0,0.5
4,2,45,dummy_prior,332,583,0,0.0641399416909621,0,0.5
4,2,45,dummy_prior,339,182,0,0.0641399416909621,0,0.5
4,2,45,dummy_prior,347,131,0,0.0641399416909621,0,0.5
4,2,45,dummy_prior,350,167,0,0.0641399416909621,0,0.5
4,2,45,dummy_prior,353,223,0,0.0641399416909621,0,0.5
4,2,45,dummy_prior,354,811,0,0.0641399416909621,0,0.5
4,2,45,dummy_prior,359,733,0,0.0641399416909621,0,0.5
4,2,45,dummy_prior,363,72,0,0.0641399416909621,0,0.5
4,2,45,dummy_prior,371,367,0,0.0641399416909621,0,0.5
4,2,45,dummy_prior,372,242,0,0.0641399416909621,0,0.5
4,2,45,dummy_prior,373,312,0,0.0641399416909621,0,0.5
4,2,45,dummy_prior,377,172,1,0.0641399416909621,0,0.5
4,2,45,dummy_prior,378,86,0,0.0641399416909621,0,0.5
4,2,45,dummy_prior,389,49,0,0.0641399416909621,0,0.5
4,2,45,dummy_prior,406,49,0,0.0641399416909621,0,0.5
4,2,45,dummy_prior,410,171,0,0.0641399416909621,0,0.5
4,2,45,dummy_prior,411,49,0,0.0641399416909621,0,0.5
4,2,45,dummy_prior,415,104,0,0.0641399416909621,0,0.5
4,2,45,dummy_prior,417,158,0,0.0641399416909621,0,0.5
4,2,45,dummy_prior,421,433,1,0.0641399416909621,0,0.5
4,2,45,dummy_prior,430,153,0,0.0641399416909621,0,0.5
4,2,45,dummy_prior,432,600,0,0.0641399416909621,0,0.5
4,2,45,dummy_prior,441,9,0,0.0641399416909621,0,0.5
4,2,45,dummy_prior,448,65,0,0.0641399416909621,0,0.5
4,2,45,dummy_prior,450,34,0,0.0641399416909621,0,0.5
4,2,45,dummy_prior,451,32,0,0.0641399416909621,0,0.5
4,2,45,dummy_prior,457,18,0,0.0641399416909621,0,0.5
4,2,45,dummy_prior,460,5,0,0.0641399416909621,0,0.5
4,2,45,dummy_prior,461,19,0,0.0641399416909621,0,0.5
4,2,45,dummy_prior,463,1,0,0.0641399416909621,0,0.5
4,2,45,dummy_prior,476,753,0,0.0641399416909621,0,0.5
4,2,45,dummy_prior,484,371,0,0.0641399416909621,0,0.5
4,2,45,dummy_prior,490,375,0,0.0641399416909621,0,0.5
4,2,45,dummy_prior,493,86,0,0.0641399416909621,0,0.5
4,2,45,dummy_prior,494,165,0,0.0641399416909621,0,0.5
4,2,45,dummy_prior,504,428,0,0.0641399416909621,0,0.5
4,2,45,dummy_prior,510,17,0,0.0641399416909621,0,0.5
4,2,45,dummy_prior,521,791,0,0.0641399416909621,0,0.5
4,2,45,dummy_prior,522,37,0,0.0641399416909621,0,0.5
4,2,45,dummy_prior,529,652,0,0.0641399416909621,0,0.5
4,2,45,dummy_prior,542,146,0,0.0641399416909621,0,0.5
4,2,45,dummy_prior,558,255,0,0.0641399416909621,0,0.5
4,2,45,dummy_prior,564,426,0,0.0641399416909621,0,0.5
4,2,45,dummy_prior,565,335,0,0.0641399416909621,0,0.5
4,2,45,dummy_prior,570,559,0,0.0641399416909621,0,0.5
4,2,45,dummy_prior,571,257,0,0.0641399416909621,0,0.5
4,2,45,dummy_prior,583,315,0,0.0641399416909621,0,0.5
4,2,45,dummy_prior,587,687,0,0.0641399416909621,0,0.5
4,2,45,dummy_prior,591,244,0,0.0641399416909621,0,0.5
4,2,45,dummy_prior,593,13,0,0.0641399416909621,0,0.5
4,2,45,dummy_prior,594,193,0,0.0641399416909621,0,0.5
4,2,45,dummy_prior,600,506,0,0.0641399416909621,0,0.5
4,2,45,dummy_prior,602,670,0,0.0641399416909621,0,0.5
4,2,45,dummy_prior,613,299,0,0.0641399416909621,0,0.5
4,2,45,dummy_prior,619,320,0,0.0641399416909621,0,0.5
4,2,45,dummy_prior,622,710,0,0.0641399416909621,0,0.5
4,2,45,dummy_prior,623,250,0,0.0641399416909621,0,0.5
4,2,45,dummy_prior,630,424,0,0.0641399416909621,0,0.5
4,2,45,dummy_prior,634,478,0,0.0641399416909621,0,0.5
4,2,45,dummy_prior,636,741,0,0.0641399416909621,0,0.5
4,2,45,dummy_prior,638,221,0,0.0641399416909621,0,0.5
4,2,45,dummy_prior,639,52,0,0.0641399416909621,0,0.5
4,2,45,dummy_prior,645,471,0,0.0641399416909621,0,0.5
4,2,45,dummy_prior,654,810,0,0.0641399416909621,0,0.5
4,2,45,dummy_prior,655,236,1,0.0641399416909621,0,0.5
4,2,45,dummy_prior,665,205,0,0.0641399416909621,0,0.5
4,2,45,dummy_prior,668,830,0,0.0641399416909621,0,0.5
4,2,45,dummy_prior,672,0,0,0.0641399416909621,0,0.5
4,2,45,dummy_prior,677,814,0,0.0641399416909621,0,0.5
4,2,45,dummy_prior,684,815,0,0.0641399416909621,0,0.5
4,2,45,dummy_prior,702,439,0,0.0641399416909621,0,0.5
4,2,45,dummy_prior,703,42,0,0.0641399416909621,0,0.5
4,2,45,dummy_prior,705,806,0,0.0641399416909621,0,0.5
4,2,45,dummy_prior,715,13,0,0.0641399416909621,0,0.5
4,2,45,dummy_prior,721,655,0,0.0641399416909621,0,0.5
4,2,45,dummy_prior,733,587,0,0.0641399416909621,0,0.5
4,2,45,dummy_prior,734,564,0,0.0641399416909621,0,0.5
4,2,45,dummy_prior,739,495,1,0.0641399416909621,0,0.5
4,2,45,dummy_prior,741,129,0,0.0641399416909621,0,0.5
4,2,45,dummy_prior,744,66,0,0.0641399416909621,0,0.5
4,2,45,dummy_prior,748,393,0,0.0641399416909621,0,0.5
4,2,45,dummy_prior,751,778,0,0.0641399416909621,0,0.5
4,2,45,dummy_prior,763,785,0,0.0641399416909621,0,0.5
4,2,45,dummy_prior,764,281,0,0.0641399416909621,0,0.5
4,2,45,dummy_prior,767,12,0,0.0641399416909621,0,0.5
4,2,45,dummy_prior,782,528,0,0.0641399416909621,0,0.5
4,2,45,dummy_prior,786,401,1,0.0641399416909621,0,0.5
4,2,45,dummy_prior,787,256,0,0.0641399416909621,0,0.5
4,2,45,dummy_prior,792,314,0,0.0641399416909621,0,0.5
4,2,45,dummy_prior,798,396,0,0.0641399416909621,0,0.5
4,2,45,dummy_prior,799,141,0,0.0641399416909621,0,0.5
4,2,45,dummy_prior,800,302,0,0.0641399416909621,0,0.5
4,2,45,dummy_prior,801,691,0,0.0641399416909621,0,0.5
4,2,45,dummy_prior,810,116,0,0.0641399416909621,0,0.5
4,2,45,dummy_prior,812,4,0,0.0641399416909621,0,0.5
4,2,45,dummy_prior,817,516,0,0.0641399416909621,0,0.5
4,2,45,dummy_prior,828,634,0,0.0641399416909621,0,0.5
4,2,45,dummy_prior,846,680,0,0.0641399416909621,0,0.5
4,2,45,dummy_prior,847,574,0,0.0641399416909621,0,0.5
4,2,45,dummy_prior,848,598,0,0.0641399416909621,0,0.5
4,2,45,dummy_prior,851,298,0,0.0641399416909621,0,0.5
4,2,45,dummy_prior,853,672,0,0.0641399416909621,0,0.5
4,2,45,logistic_regression,2,660,0,0.20989310698890176,0,0.5
4,2,45,logistic_regression,5,796,0,0.2403453490627538,0,0.5
4,2,45,logistic_regression,14,798,0,0.29529345482147473,0,0.5
4,2,45,logistic_regression,18,792,0,0.3854019608159559,0,0.5
4,2,45,logistic_regression,20,797,0,0.29187304536287323,0,0.5
4,2,45,logistic_regression,29,745,0,0.22661176637856573,0,0.5
4,2,45,logistic_regression,31,771,0,0.3539220190692694,0,0.5
4,2,45,logistic_regression,36,760,0,0.23887170648221098,0,0.5
4,2,45,logistic_regression,38,758,0,0.24550136148439147,0,0.5
4,2,45,logistic_regression,43,723,0,0.2372818822431024,0,0.5
4,2,45,logistic_regression,50,721,0,0.26061325405679225,0,0.5
4,2,45,logistic_regression,53,695,0,0.2552039468796516,0,0.5
4,2,45,logistic_regression,54,708,0,0.27029215462760753,0,0.5
4,2,45,logistic_regression,56,702,0,0.23621812513102242,0,0.5
4,2,45,logistic_regression,67,728,0,0.2991076188071895,0,0.5
4,2,45,logistic_regression,82,615,0,0.26139242234485727,0,0.5
4,2,45,logistic_regression,85,657,0,0.24091096627271727,0,0.5
4,2,45,logistic_regression,86,718,0,0.24674851635931666,0,0.5
4,2,45,logistic_regression,92,649,0,0.28884154937194306,0,0.5
4,2,45,logistic_regression,97,678,0,0.23657412896387384,0,0.5
4,2,45,logistic_regression,99,641,0,0.25699718144445616,0,0.5
4,2,45,logistic_regression,101,580,0,0.3944899048111104,0,0.5
4,2,45,logistic_regression,103,754,1,0.3017358312481054,0,0.5
4,2,45,logistic_regression,106,577,0,0.2675203425194746,0,0.5
4,2,45,logistic_regression,112,573,0,0.29295679597775387,0,0.5
4,2,45,logistic_regression,118,560,0,0.2629707947733101,0,0.5
4,2,45,logistic_regression,119,498,0,0.2348701035784068,0,0.5
4,2,45,logistic_regression,122,592,0,0.242060912730909,0,0.5
4,2,45,logistic_regression,131,581,1,0.3392418292772941,0,0.5
4,2,45,logistic_regression,133,651,0,0.23579534439690733,0,0.5
4,2,45,logistic_regression,139,556,0,0.28473003423656246,0,0.5
4,2,45,logistic_regression,140,553,0,0.2806734358735356,0,0.5
4,2,45,logistic_regression,145,595,0,0.24308044390708966,0,0.5
4,2,45,logistic_regression,148,643,0,0.23658983640826078,0,0.5
4,2,45,logistic_regression,157,545,0,0.21757761927348065,0,0.5
4,2,45,logistic_regression,158,617,0,0.234712356780157,0,0.5
4,2,45,logistic_regression,165,572,0,0.39897025728391994,0,0.5
4,2,45,logistic_regression,167,461,0,0.3091680438418474,0,0.5
4,2,45,logistic_regression,170,434,0,0.20013038375309544,0,0.5
4,2,45,logistic_regression,171,418,0,0.22718300930639973,0,0.5
4,2,45,logistic_regression,175,412,0,0.23026790528830426,0,0.5
4,2,45,logistic_regression,176,452,0,0.1864463890136003,0,0.5
4,2,45,logistic_regression,191,527,0,0.256923306999163,0,0.5
4,2,45,logistic_regression,194,397,0,0.22760189533297534,0,0.5
4,2,45,logistic_regression,202,454,0,0.2142888720230296,0,0.5
4,2,45,logistic_regression,204,222,0,0.22882681855335815,0,0.5
4,2,45,logistic_regression,208,470,0,0.2215515238127769,0,0.5
4,2,45,logistic_regression,209,387,0,0.25098710367133253,0,0.5
4,2,45,logistic_regression,214,550,1,0.24215599907736265,0,0.5
4,2,45,logistic_regression,218,503,0,0.2310418726826427,0,0.5
4,2,45,logistic_regression,231,432,0,0.275936024830908,0,0.5
4,2,45,logistic_regression,233,345,0,0.22237501248219668,0,0.5
4,2,45,logistic_regression,240,334,0,0.23482848216416405,0,0.5
4,2,45,logistic_regression,247,292,0,0.225212988572691,0,0.5
4,2,45,logistic_regression,251,284,0,0.22415849639349922,0,0.5
4,2,45,logistic_regression,254,390,0,0.22642563056251724,0,0.5
4,2,45,logistic_regression,257,273,1,0.24964760116346268,0,0.5
4,2,45,logistic_regression,264,259,1,0.23638473249872902,0,0.5
4,2,45,logistic_regression,266,232,0,0.22188483474027296,0,0.5
4,2,45,logistic_regression,268,305,0,0.23340529243019828,0,0.5
4,2,45,logistic_regression,293,221,0,0.22664149194237687,0,0.5
4,2,45,logistic_regression,297,220,0,0.25927509310694524,0,0.5
4,2,45,logistic_regression,298,333,0,0.22586413818144632,0,0.5
4,2,45,logistic_regression,300,301,0,0.2395166075837009,0,0.5
4,2,45,logistic_regression,301,202,0,0.20130880782337762,0,0.5
4,2,45,logistic_regression,311,368,0,0.23767714950741486,0,0.5
4,2,45,logistic_regression,322,180,0,0.2229367591872144,0,0.5
4,2,45,logistic_regression,324,654,0,0.2176244428034097,0,0.5
4,2,45,logistic_regression,325,169,1,0.2455333913038085,0,0.5
4,2,45,logistic_regression,331,446,0,0.2746230728804142,0,0.5
4,2,45,logistic_regression,332,583,0,0.2372539628933716,0,0.5
4,2,45,logistic_regression,339,182,0,0.21814429505348815,0,0.5
4,2,45,logistic_regression,347,131,0,0.22025666000619168,0,0.5
4,2,45,logistic_regression,350,167,0,0.1844899299921531,0,0.5
4,2,45,logistic_regression,353,223,0,0.18300710880819243,0,0.5
4,2,45,logistic_regression,354,811,0,0.2465643922756431,0,0.5
4,2,45,logistic_regression,359,733,0,0.24886273548778468,0,0.5
4,2,45,logistic_regression,363,72,0,0.21803495311528295,0,0.5
4,2,45,logistic_regression,371,367,0,0.223465276125676,0,0.5
4,2,45,logistic_regression,372,242,0,0.21206660232375332,0,0.5
4,2,45,logistic_regression,373,312,0,0.2236272129026908,0,0.5
4,2,45,logistic_regression,377,172,1,0.21829811878463248,0,0.5
4,2,45,logistic_regression,378,86,0,0.22254016741945684,0,0.5
4,2,45,logistic_regression,389,49,0,0.22349246540451054,0,0.5
4,2,45,logistic_regression,406,49,0,0.22349246540451054,0,0.5
4,2,45,logistic_regression,410,171,0,0.22172279074103024,0,0.5
4,2,45,logistic_regression,411,49,0,0.22349246540451054,0,0.5
4,2,45,logistic_regression,415,104,0,0.22365657470768135,0,0.5
4,2,45,logistic_regression,417,158,0,0.16347598840663366,0,0.5
4,2,45,logistic_regression,421,433,1,0.253868862647462,0,0.5
4,2,45,logistic_regression,430,153,0,0.21584645442045328,0,0.5
4,2,45,logistic_regression,432,600,0,0.2732383092604997,0,0.5
4,2,45,logistic_regression,441,9,0,0.22180334290898526,0,0.5
4,2,45,logistic_regression,448,65,0,0.19115230509141948,0,0.5
4,2,45,logistic_regression,450,34,0,0.21875419468604118,0,0.5
4,2,45,logistic_regression,451,32,0,0.2530949473637058,0,0.5
4,2,45,logistic_regression,457,18,0,0.1701075775394799,0,0.5
4,2,45,logistic_regression,460,5,0,0.15889319658773127,0,0.5
4,2,45,logistic_regression,461,19,0,0.22188213703033385,0,0.5
4,2,45,logistic_regression,463,1,0,0.2231085753946927,0,0.5
4,2,45,logistic_regression,476,753,0,0.19390103452962723,0,0.5
4,2,45,logistic_regression,484,371,0,0.2285290095769617,0,0.5
4,2,45,logistic_regression,490,375,0,0.20394045571320513,0,0.5
4,2,45,logistic_regression,493,86,0,0.22254016741945684,0,0.5
4,2,45,logistic_regression,494,165,0,0.22049131936232783,0,0.5
4,2,45,logistic_regression,504,428,0,0.22859224799004513,0,0.5
4,2,45,logistic_regression,510,17,0,0.2161041737530763,0,0.5
4,2,45,logistic_regression,521,791,0,0.26580748343765337,0,0.5
4,2,45,logistic_regression,522,37,0,0.2062059038841793,0,0.5
4,2,45,logistic_regression,529,652,0,0.24439210497630842,0,0.5
4,2,45,logistic_regression,542,146,0,0.17991000038650232,0,0.5
4,2,45,logistic_regression,558,255,0,0.2277552477467518,0,0.5
4,2,45,logistic_regression,564,426,0,0.2017718421539939,0,0.5
4,2,45,logistic_regression,565,335,0,0.22766983470510038,0,0.5
4,2,45,logistic_regression,570,559,0,0.24554260055438676,0,0.5
4,2,45,logistic_regression,571,257,0,0.22708687386143306,0,0.5
4,2,45,logistic_regression,583,315,0,0.22472075517143356,0,0.5
4,2,45,logistic_regression,587,687,0,0.27595317511514217,0,0.5
4,2,45,logistic_regression,591,244,0,0.21521248846409574,0,0.5
4,2,45,logistic_regression,593,13,0,0.22052038638013977,0,0.5
4,2,45,logistic_regression,594,193,0,0.22001474155702958,0,0.5
4,2,45,logistic_regression,600,506,0,0.2290000561992587,0,0.5
4,2,45,logistic_regression,602,670,0,0.2677017618256054,0,0.5
4,2,45,logistic_regression,613,299,0,0.22228983392670507,0,0.5
4,2,45,logistic_regression,619,320,0,0.18890664059856763,0,0.5
4,2,45,logistic_regression,622,710,0,0.23363601277144289,0,0.5
4,2,45,logistic_regression,623,250,0,0.2543072190193874,0,0.5
4,2,45,logistic_regression,630,424,0,0.239422241131169,0,0.5
4,2,45,logistic_regression,634,478,0,0.22909792328312292,0,0.5
4,2,45,logistic_regression,636,741,0,0.2432430087098663,0,0.5
4,2,45,logistic_regression,638,221,0,0.22664149194237687,0,0.5
4,2,45,logistic_regression,639,52,0,0.2216970378407459,0,0.5
4,2,45,logistic_regression,645,471,0,0.259216181248834,0,0.5
4,2,45,logistic_regression,654,810,0,0.34699784060137007,0,0.5
4,2,45,logistic_regression,655,236,1,0.2216357701962526,0,0.5
4,2,45,logistic_regression,665,205,0,0.23460401104052123,0,0.5
4,2,45,logistic_regression,668,830,0,0.3194870249188024,0,0.5
4,2,45,logistic_regression,672,0,0,0.21799766375188098,0,0.5
4,2,45,logistic_regression,677,814,0,0.23782507144485374,0,0.5
4,2,45,logistic_regression,684,815,0,0.2521536803137253,0,0.5
4,2,45,logistic_regression,702,439,0,0.26450778863192803,0,0.5
4,2,45,logistic_regression,703,42,0,0.26858441104826997,0,0.5
4,2,45,logistic_regression,705,806,0,0.23652976984520946,0,0.5
4,2,45,logistic_regression,715,13,0,0.22052038638013977,0,0.5
4,2,45,logistic_regression,721,655,0,0.23994080979181823,0,0.5
4,2,45,logistic_regression,733,587,0,0.24086128553138958,0,0.5
4,2,45,logistic_regression,734,564,0,0.28304034726716437,0,0.5
4,2,45,logistic_regression,739,495,1,0.2572242774996974,0,0.5
4,2,45,logistic_regression,741,129,0,0.18220577207837627,0,0.5
4,2,45,logistic_regression,744,66,0,0.2599010406884644,0,0.5
4,2,45,logistic_regression,748,393,0,0.2254779709036826,0,0.5
4,2,45,logistic_regression,751,778,0,0.1972584982186699,0,0.5
4,2,45,logistic_regression,763,785,0,0.27779586978319837,0,0.5
4,2,45,logistic_regression,764,281,0,0.2673121000909134,0,0.5
4,2,45,logistic_regression,767,12,0,0.17813593974347822,0,0.5
4,2,45,logistic_regression,782,528,0,0.22846892858043413,0,0.5
4,2,45,logistic_regression,786,401,1,0.341293597325797,0,0.5
4,2,45,logistic_regression,787,256,0,0.2453749181512554,0,0.5
4,2,45,logistic_regression,792,314,0,0.1788418975740243,0,0.5
4,2,45,logistic_regression,798,396,0,0.22729866516611083,0,0.5
4,2,45,logistic_regression,799,141,0,0.22399578688863145,0,0.5
4,2,45,logistic_regression,800,302,0,0.2386071936230817,0,0.5
4,2,45,logistic_regression,801,691,0,0.2565038404826933,0,0.5
4,2,45,logistic_regression,810,116,0,0.26513769646039104,0,0.5
4,2,45,logistic_regression,812,4,0,0.2557107253709312,0,0.5
4,2,45,logistic_regression,817,516,0,0.27936605072331877,0,0.5
4,2,45,logistic_regression,828,634,0,0.2308839875652682,0,0.5
4,2,45,logistic_regression,846,680,0,0.23327275069709327,0,0.5
4,2,45,logistic_regression,847,574,0,0.23046806054822042,0,0.5
4,2,45,logistic_regression,848,598,0,0.2249242156096599,0,0.5
4,2,45,logistic_regression,851,298,0,0.22768702873320043,0,0.5
4,2,45,logistic_regression,853,672,0,0.22965049088843856,0,0.5
4,2,45,xgboost,2,660,0,0.05336204171180725,0,0.5
4,2,45,xgboost,5,796,0,0.03282591700553894,0,0.5
4,2,45,xgboost,14,798,0,0.2123333066701889,0,0.5
4,2,45,xgboost,18,792,0,0.06316934525966644,0,0.5
4,2,45,xgboost,20,797,0,0.43637722730636597,0,0.5
4,2,45,xgboost,29,745,0,0.03196563571691513,0,0.5
4,2,45,xgboost,31,771,0,0.261429101228714,0,0.5
4,2,45,xgboost,36,760,0,0.09157244116067886,0,0.5
4,2,45,xgboost,38,758,0,0.05252426117658615,0,0.5
4,2,45,xgboost,43,723,0,0.08347164839506149,0,0.5
4,2,45,xgboost,50,721,0,0.0872652679681778,0,0.5
4,2,45,xgboost,53,695,0,0.15349864959716797,0,0.5
4,2,45,xgboost,54,708,0,0.10568103194236755,0,0.5
4,2,45,xgboost,56,702,0,0.1116836816072464,0,0.5
4,2,45,xgboost,67,728,0,0.23071180284023285,0,0.5
4,2,45,xgboost,82,615,0,0.046323299407958984,0,0.5
4,2,45,xgboost,85,657,0,0.017071213573217392,0,0.5
4,2,45,xgboost,86,718,0,0.013271701522171497,0,0.5
4,2,45,xgboost,92,649,0,0.04703933373093605,0,0.5
4,2,45,xgboost,97,678,0,0.05373164638876915,0,0.5
4,2,45,xgboost,99,641,0,0.07229247689247131,0,0.5
4,2,45,xgboost,101,580,0,0.30547571182250977,0,0.5
4,2,45,xgboost,103,754,1,0.19252954423427582,0,0.5
4,2,45,xgboost,106,577,0,0.28556028008461,0,0.5
4,2,45,xgboost,112,573,0,0.0754404217004776,0,0.5
4,2,45,xgboost,118,560,0,0.10784410685300827,0,0.5
4,2,45,xgboost,119,498,0,0.026565860956907272,0,0.5
4,2,45,xgboost,122,592,0,0.01975424960255623,0,0.5
4,2,45,xgboost,131,581,1,0.13008330762386322,0,0.5
4,2,45,xgboost,133,651,0,0.1069532185792923,0,0.5
4,2,45,xgboost,139,556,0,0.060944635421037674,0,0.5
4,2,45,xgboost,140,553,0,0.08554534614086151,0,0.5
4,2,45,xgboost,145,595,0,0.01088017225265503,0,0.5
4,2,45,xgboost,148,643,0,0.05745631456375122,0,0.5
4,2,45,xgboost,157,545,0,0.022942904382944107,0,0.5
4,2,45,xgboost,158,617,0,0.03190430626273155,0,0.5
4,2,45,xgboost,165,572,0,0.11313657462596893,0,0.5
4,2,45,xgboost,167,461,0,0.14664329588413239,0,0.5
4,2,45,xgboost,170,434,0,0.11722059547901154,0,0.5
4,2,45,xgboost,171,418,0,0.013961715623736382,0,0.5
4,2,45,xgboost,175,412,0,0.07126091420650482,0,0.5
4,2,45,xgboost,176,452,0,0.014852593652904034,0,0.5
4,2,45,xgboost,191,527,0,0.015357689931988716,0,0.5
4,2,45,xgboost,194,397,0,0.039490293711423874,0,0.5
4,2,45,xgboost,202,454,0,0.02083476074039936,0,0.5
4,2,45,xgboost,204,222,0,0.09341259300708771,0,0.5
4,2,45,xgboost,208,470,0,0.048366766422986984,0,0.5
4,2,45,xgboost,209,387,0,0.02981586381793022,0,0.5
4,2,45,xgboost,214,550,1,0.034208640456199646,0,0.5
4,2,45,xgboost,218,503,0,0.11063704639673233,0,0.5
4,2,45,xgboost,231,432,0,0.06282148510217667,0,0.5
4,2,45,xgboost,233,345,0,0.03094695694744587,0,0.5
4,2,45,xgboost,240,334,0,0.023779243230819702,0,0.5
4,2,45,xgboost,247,292,0,0.09050898253917694,0,0.5
4,2,45,xgboost,251,284,0,0.08150545507669449,0,0.5
4,2,45,xgboost,254,390,0,0.044630736112594604,0,0.5
4,2,45,xgboost,257,273,1,0.10393588244915009,0,0.5
4,2,45,xgboost,264,259,1,0.0146252466365695,0,0.5
4,2,45,xgboost,266,232,0,0.09022343903779984,0,0.5
4,2,45,xgboost,268,305,0,0.03676658868789673,0,0.5
4,2,45,xgboost,293,221,0,0.07371439784765244,0,0.5
4,2,45,xgboost,297,220,0,0.13075707852840424,0,0.5
4,2,45,xgboost,298,333,0,0.03318672254681587,0,0.5
4,2,45,xgboost,300,301,0,0.014327687211334705,0,0.5
4,2,45,xgboost,301,202,0,0.03883496671915054,0,0.5
4,2,45,xgboost,311,368,0,0.045014455914497375,0,0.5
4,2,45,xgboost,322,180,0,0.06939557939767838,0,0.5
4,2,45,xgboost,324,654,0,0.03599170967936516,0,0.5
4,2,45,xgboost,325,169,1,0.18620075285434723,0,0.5
4,2,45,xgboost,331,446,0,0.057779308408498764,0,0.5
4,2,45,xgboost,332,583,0,0.054488927125930786,0,0.5
4,2,45,xgboost,339,182,0,0.06943470984697342,0,0.5
4,2,45,xgboost,347,131,0,0.05051245167851448,0,0.5
4,2,45,xgboost,350,167,0,0.026782413944602013,0,0.5
4,2,45,xgboost,353,223,0,0.013569174334406853,0,0.5
4,2,45,xgboost,354,811,0,0.11003204435110092,0,0.5
4,2,45,xgboost,359,733,0,0.018728839233517647,0,0.5
4,2,45,xgboost,363,72,0,0.04158635064959526,0,0.5
4,2,45,xgboost,371,367,0,0.027489421889185905,0,0.5
4,2,45,xgboost,372,242,0,0.07070993632078171,0,0.5
4,2,45,xgboost,373,312,0,0.06474488973617554,0,0.5
4,2,45,xgboost,377,172,1,0.05058153346180916,0,0.5
4,2,45,xgboost,378,86,0,0.037874847650527954,0,0.5
4,2,45,xgboost,389,49,0,0.061048805713653564,0,0.5
4,2,45,xgboost,406,49,0,0.061048805713653564,0,0.5
4,2,45,xgboost,410,171,0,0.05371155962347984,0,0.5
4,2,45,xgboost,411,49,0,0.061048805713653564,0,0.5
4,2,45,xgboost,415,104,0,0.038624607026576996,0,0.5
4,2,45,xgboost,417,158,0,0.01956201158463955,0,0.5
4,2,45,xgboost,421,433,1,0.050293710082769394,0,0.5
4,2,45,xgboost,430,153,0,0.07181496173143387,0,0.5
4,2,45,xgboost,432,600,0,0.1200980544090271,0,0.5
4,2,45,xgboost,441,9,0,0.03957919776439667,0,0.5
4,2,45,xgboost,448,65,0,0.06998215615749359,0,0.5
4,2,45,xgboost,450,34,0,0.03327791392803192,0,0.5
4,2,45,xgboost,451,32,0,0.03957919776439667,0,0.5
4,2,45,xgboost,457,18,0,0.005648377817124128,0,0.5
4,2,45,xgboost,460,5,0,0.008736146613955498,0,0.5
4,2,45,xgboost,461,19,0,0.038624607026576996,0,0.5
4,2,45,xgboost,463,1,0,0.03158581629395485,0,0.5
4,2,45,xgboost,476,753,0,0.009373646229505539,0,0.5
4,2,45,xgboost,484,371,0,0.04492367058992386,0,0.5
4,2,45,xgboost,490,375,0,0.018418384715914726,0,0.5
4,2,45,xgboost,493,86,0,0.037874847650527954,0,0.5
4,2,45,xgboost,494,165,0,0.11469416320323944,0,0.5
4,2,45,xgboost,504,428,0,0.02699037827551365,0,0.5
4,2,45,xgboost,510,17,0,0.02450219914317131,0,0.5
4,2,45,xgboost,521,791,0,0.10644395649433136,0,0.5
4,2,45,xgboost,522,37,0,0.022336367517709732,0,0.5
4,2,45,xgboost,529,652,0,0.038184769451618195,0,0.5
4,2,45,xgboost,542,146,0,0.010447056964039803,0,0.5
4,2,45,xgboost,558,255,0,0.055803462862968445,0,0.5
4,2,45,xgboost,564,426,0,0.009454322047531605,0,0.5
4,2,45,xgboost,565,335,0,0.04025411233305931,0,0.5
4,2,45,xgboost,570,559,0,0.022150518372654915,0,0.5
4,2,45,xgboost,571,257,0,0.051572367548942566,0,0.5
4,2,45,xgboost,583,315,0,0.028685299679636955,0,0.5
4,2,45,xgboost,587,687,0,0.016367312520742416,0,0.5
4,2,45,xgboost,591,244,0,0.10065387934446335,0,0.5
4,2,45,xgboost,593,13,0,0.0307634100317955,0,0.5
4,2,45,xgboost,594,193,0,0.054845478385686874,0,0.5
4,2,45,xgboost,600,506,0,0.03475397452712059,0,0.5
4,2,45,xgboost,602,670,0,0.038726963102817535,0,0.5
4,2,45,xgboost,613,299,0,0.08037611097097397,0,0.5
4,2,45,xgboost,619,320,0,0.016818124800920486,0,0.5
4,2,45,xgboost,622,710,0,0.0905107855796814,0,0.5
4,2,45,xgboost,623,250,0,0.24623437225818634,0,0.5
4,2,45,xgboost,630,424,0,0.05817151442170143,0,0.5
4,2,45,xgboost,634,478,0,0.09775935858488083,0,0.5
4,2,45,xgboost,636,741,0,0.03984764218330383,0,0.5
4,2,45,xgboost,638,221,0,0.07371439784765244,0,0.5
4,2,45,xgboost,639,52,0,0.0307634100317955,0,0.5
4,2,45,xgboost,645,471,0,0.15275637805461884,0,0.5
4,2,45,xgboost,654,810,0,0.09203754365444183,0,0.5
4,2,45,xgboost,655,236,1,0.0932922288775444,0,0.5
4,2,45,xgboost,665,205,0,0.029586052522063255,0,0.5
4,2,45,xgboost,668,830,0,0.10787127166986465,0,0.5
4,2,45,xgboost,672,0,0,0.03215844929218292,0,0.5
4,2,45,xgboost,677,814,0,0.03442959487438202,0,0.5
4,2,45,xgboost,684,815,0,0.04012886434793472,0,0.5
4,2,45,xgboost,702,439,0,0.07515236735343933,0,0.5
4,2,45,xgboost,703,42,0,0.06426879018545151,0,0.5
4,2,45,xgboost,705,806,0,0.014802094548940659,0,0.5
4,2,45,xgboost,715,13,0,0.0307634100317955,0,0.5
4,2,45,xgboost,721,655,0,0.054952073842287064,0,0.5
4,2,45,xgboost,733,587,0,0.06876247376203537,0,0.5
4,2,45,xgboost,734,564,0,0.03750542551279068,0,0.5
4,2,45,xgboost,739,495,1,0.12337015569210052,0,0.5
4,2,45,xgboost,741,129,0,0.009340059943497181,0,0.5
4,2,45,xgboost,744,66,0,0.07952435314655304,0,0.5
4,2,45,xgboost,748,393,0,0.04479406028985977,0,0.5
4,2,45,xgboost,751,778,0,0.018612219020724297,0,0.5
4,2,45,xgboost,763,785,0,0.12427019327878952,0,0.5
4,2,45,xgboost,764,281,0,0.050887349992990494,0,0.5
4,2,45,xgboost,767,12,0,0.008736146613955498,0,0.5
4,2,45,xgboost,782,528,0,0.03714003041386604,0,0.5
4,2,45,xgboost,786,401,1,0.05212883651256561,0,0.5
4,2,45,xgboost,787,256,0,0.023853125050663948,0,0.5
4,2,45,xgboost,792,314,0,0.00464367913082242,0,0.5
4,2,45,xgboost,798,396,0,0.06818054616451263,0,0.5
4,2,45,xgboost,799,141,0,0.03416762501001358,0,0.5
4,2,45,xgboost,800,302,0,0.011118940077722073,0,0.5
4,2,45,xgboost,801,691,0,0.06906703859567642,0,0.5
4,2,45,xgboost,810,116,0,0.12599632143974304,0,0.5
4,2,45,xgboost,812,4,0,0.13165968656539917,0,0.5
4,2,45,xgboost,817,516,0,0.07200442254543304,0,0.5
4,2,45,xgboost,828,634,0,0.030078038573265076,0,0.5
4,2,45,xgboost,846,680,0,0.05109575390815735,0,0.5
4,2,45,xgboost,847,574,0,0.025781648233532906,0,0.5
4,2,45,xgboost,848,598,0,0.05740683525800705,0,0.5
4,2,45,xgboost,851,298,0,0.02712591551244259,0,0.5
4,2,45,xgboost,853,672,0,0.06370839476585388,0,0.5
4,3,45,dummy_prior,4,816,0,0.0641399416909621,0,0.5
4,3,45,dummy_prior,6,823,1,0.0641399416909621,0,0.5
4,3,45,dummy_prior,12,812,0,0.0641399416909621,0,0.5
4,3,45,dummy_prior,16,790,0,0.0641399416909621,0,0.5
4,3,45,dummy_prior,26,765,0,0.0641399416909621,0,0.5
4,3,45,dummy_prior,28,742,0,0.0641399416909621,0,0.5
4,3,45,dummy_prior,45,709,0,0.0641399416909621,0,0.5
4,3,45,dummy_prior,58,683,0,0.0641399416909621,0,0.5
4,3,45,dummy_prior,60,673,0,0.0641399416909621,0,0.5
4,3,45,dummy_prior,66,673,0,0.0641399416909621,0,0.5
4,3,45,dummy_prior,69,705,0,0.0641399416909621,0,0.5
4,3,45,dummy_prior,72,664,0,0.0641399416909621,0,0.5
4,3,45,dummy_prior,79,684,0,0.0641399416909621,0,0.5
4,3,45,dummy_prior,87,703,0,0.0641399416909621,0,0.5
4,3,45,dummy_prior,100,669,0,0.0641399416909621,0,0.5
4,3,45,dummy_prior,102,599,0,0.0641399416909621,0,0.5
4,3,45,dummy_prior,105,674,0,0.0641399416909621,0,0.5
4,3,45,dummy_prior,107,653,0,0.0641399416909621,0,0.5
4,3,45,dummy_prior,108,611,0,0.0641399416909621,0,0.5
4,3,45,dummy_prior,110,619,0,0.0641399416909621,0,0.5
4,3,45,dummy_prior,111,626,0,0.0641399416909621,0,0.5
4,3,45,dummy_prior,114,667,0,0.0641399416909621,0,0.5
4,3,45,dummy_prior,116,597,0,0.0641399416909621,0,0.5
4,3,45,dummy_prior,121,579,0,0.0641399416909621,0,0.5
4,3,45,dummy_prior,123,542,0,0.0641399416909621,0,0.5
4,3,45,dummy_prior,126,588,0,0.0641399416909621,0,0.5
4,3,45,dummy_prior,127,520,0,0.0641399416909621,0,0.5
4,3,45,dummy_prior,132,565,0,0.0641399416909621,0,0.5
4,3,45,dummy_prior,143,480,0,0.0641399416909621,0,0.5
4,3,45,dummy_prior,155,507,0,0.0641399416909621,0,0.5
4,3,45,dummy_prior,168,535,0,0.0641399416909621,0,0.5
4,3,45,dummy_prior,169,108,0,0.0641399416909621,0,0.5
4,3,45,dummy_prior,173,529,0,0.0641399416909621,0,0.5
4,3,45,dummy_prior,180,414,0,0.0641399416909621,0,0.5
4,3,45,dummy_prior,181,462,0,0.0641399416909621,0,0.5
4,3,45,dummy_prior,182,392,0,0.0641399416909621,0,0.5
4,3,45,dummy_prior,183,491,0,0.0641399416909621,0,0.5
4,3,45,dummy_prior,187,501,0,0.0641399416909621,0,0.5
4,3,45,dummy_prior,193,445,0,0.0641399416909621,0,0.5
4,3,45,dummy_prior,195,429,0,0.0641399416909621,0,0.5
4,3,45,dummy_prior,198,447,0,0.0641399416909621,0,0.5
4,3,45,dummy_prior,199,460,0,0.0641399416909621,0,0.5
4,3,45,dummy_prior,203,494,1,0.0641399416909621,0,0.5
4,3,45,dummy_prior,206,496,0,0.0641399416909621,0,0.5
4,3,45,dummy_prior,210,399,0,0.0641399416909621,0,0.5
4,3,45,dummy_prior,212,431,0,0.0641399416909621,0,0.5
4,3,45,dummy_prior,222,552,0,0.0641399416909621,0,0.5
4,3,45,dummy_prior,223,278,0,0.0641399416909621,0,0.5
4,3,45,dummy_prior,224,351,1,0.0641399416909621,0,0.5
4,3,45,dummy_prior,228,585,0,0.0641399416909621,0,0.5
4,3,45,dummy_prior,237,347,0,0.0641399416909621,0,0.5
4,3,45,dummy_prior,241,354,0,0.0641399416909621,0,0.5
4,3,45,dummy_prior,245,253,0,0.0641399416909621,0,0.5
4,3,45,dummy_prior,250,379,0,0.0641399416909621,0,0.5
4,3,45,dummy_prior,255,379,0,0.0641399416909621,0,0.5
4,3,45,dummy_prior,256,366,0,0.0641399416909621,0,0.5
4,3,45,dummy_prior,262,295,0,0.0641399416909621,0,0.5
4,3,45,dummy_prior,271,359,0,0.0641399416909621,0,0.5
4,3,45,dummy_prior,282,219,0,0.0641399416909621,0,0.5
4,3,45,dummy_prior,283,389,0,0.0641399416909621,0,0.5
4,3,45,dummy_prior,291,289,0,0.0641399416909621,0,0.5
4,3,45,dummy_prior,306,436,0,0.0641399416909621,0,0.5
4,3,45,dummy_prior,309,322,0,0.0641399416909621,0,0.5
4,3,45,dummy_prior,315,189,0,0.0641399416909621,0,0.5
4,3,45,dummy_prior,318,308,0,0.0641399416909621,0,0.5
4,3,45,dummy_prior,323,268,0,0.0641399416909621,0,0.5
4,3,45,dummy_prior,326,217,0,0.0641399416909621,0,0.5
4,3,45,dummy_prior,334,229,0,0.0641399416909621,0,0.5
4,3,45,dummy_prior,342,228,0,0.0641399416909621,0,0.5
4,3,45,dummy_prior,343,159,0,0.0641399416909621,0,0.5
4,3,45,dummy_prior,345,276,1,0.0641399416909621,0,0.5
4,3,45,dummy_prior,348,125,0,0.0641399416909621,0,0.5
4,3,45,dummy_prior,351,155,0,0.0641399416909621,0,0.5
4,3,45,dummy_prior,352,152,0,0.0641399416909621,0,0.5
4,3,45,dummy_prior,357,258,0,0.0641399416909621,0,0.5
4,3,45,dummy_prior,364,147,0,0.0641399416909621,0,0.5
4,3,45,dummy_prior,367,127,0,0.0641399416909621,0,0.5
4,3,45,dummy_prior,370,239,1,0.0641399416909621,0,0.5
4,3,45,dummy_prior,374,243,0,0.0641399416909621,0,0.5
4,3,45,dummy_prior,382,400,0,0.0641399416909621,0,0.5
4,3,45,dummy_prior,390,179,0,0.0641399416909621,0,0.5
4,3,45,dummy_prior,397,137,0,0.0641399416909621,0,0.5
4,3,45,dummy_prior,403,64,0,0.0641399416909621,0,0.5
4,3,45,dummy_prior,404,88,0,0.0641399416909621,0,0.5
4,3,45,dummy_prior,408,60,0,0.0641399416909621,0,0.5
4,3,45,dummy_prior,412,87,0,0.0641399416909621,0,0.5
4,3,45,dummy_prior,413,698,0,0.0641399416909621,0,0.5
4,3,45,dummy_prior,418,47,0,0.0641399416909621,0,0.5
4,3,45,dummy_prior,428,29,0,0.0641399416909621,0,0.5
4,3,45,dummy_prior,429,73,0,0.0641399416909621,0,0.5
4,3,45,dummy_prior,438,195,0,0.0641399416909621,0,0.5
4,3,45,dummy_prior,444,80,0,0.0641399416909621,0,0.5
4,3,45,dummy_prior,445,36,0,0.0641399416909621,0,0.5
4,3,45,dummy_prior,446,107,0,0.0641399416909621,0,0.5
4,3,45,dummy_prior,449,75,0,0.0641399416909621,0,0.5
4,3,45,dummy_prior,462,68,0,0.0641399416909621,0,0.5
4,3,45,dummy_prior,465,43,0,0.0641399416909621,0,0.5
4,3,45,dummy_prior,477,751,0,0.0641399416909621,0,0.5
4,3,45,dummy_prior,486,496,0,0.0641399416909621,0,0.5
4,3,45,dummy_prior,489,151,0,0.0641399416909621,0,0.5
4,3,45,dummy_prior,492,658,0,0.0641399416909621,0,0.5
4,3,45,dummy_prior,498,663,0,0.0641399416909621,0,0.5
4,3,45,dummy_prior,501,610,0,0.0641399416909621,0,0.5
4,3,45,dummy_prior,502,369,0,0.0641399416909621,0,0.5
4,3,45,dummy_prior,507,71,0,0.0641399416909621,0,0.5
4,3,45,dummy_prior,509,384,0,0.0641399416909621,0,0.5
4,3,45,dummy_prior,511,38,0,0.0641399416909621,0,0.5
4,3,45,dummy_prior,513,96,0,0.0641399416909621,0,0.5
4,3,45,dummy_prior,518,362,0,0.0641399416909621,0,0.5
4,3,45,dummy_prior,519,123,0,0.0641399416909621,0,0.5
4,3,45,dummy_prior,527,262,0,0.0641399416909621,0,0.5
4,3,45,dummy_prior,530,239,1,0.0641399416909621,0,0.5
4,3,45,dummy_prior,531,119,0,0.0641399416909621,0,0.5
4,3,45,dummy_prior,540,188,0,0.0641399416909621,0,0.5
4,3,45,dummy_prior,541,474,0,0.0641399416909621,0,0.5
4,3,45,dummy_prior,546,213,0,0.0641399416909621,0,0.5
4,3,45,dummy_prior,553,636,0,0.0641399416909621,0,0.5
4,3,45,dummy_prior,555,435,0,0.0641399416909621,0,0.5
4,3,45,dummy_prior,556,772,0,0.0641399416909621,0,0.5
4,3,45,dummy_prior,560,748,0,0.0641399416909621,0,0.5
4,3,45,dummy_prior,566,456,0,0.0641399416909621,0,0.5
4,3,45,dummy_prior,573,523,0,0.0641399416909621,0,0.5
4,3,45,dummy_prior,576,464,0,0.0641399416909621,0,0.5
4,3,45,dummy_prior,579,730,0,0.0641399416909621,0,0.5
4,3,45,dummy_prior,595,248,0,0.0641399416909621,0,0.5
4,3,45,dummy_prior,601,504,0,0.0641399416909621,0,0.5
4,3,45,dummy_prior,605,183,0,0.0641399416909621,0,0.5
4,3,45,dummy_prior,610,230,1,0.0641399416909621,0,0.5
4,3,45,dummy_prior,612,225,0,0.0641399416909621,0,0.5
4,3,45,dummy_prior,615,706,0,0.0641399416909621,0,0.5
4,3,45,dummy_prior,624,118,0,0.0641399416909621,0,0.5
4,3,45,dummy_prior,629,336,0,0.0641399416909621,0,0.5
4,3,45,dummy_prior,644,285,0,0.0641399416909621,0,0.5
4,3,45,dummy_prior,657,260,0,0.0641399416909621,0,0.5
4,3,45,dummy_prior,661,326,0,0.0641399416909621,0,0.5
4,3,45,dummy_prior,662,502,0,0.0641399416909621,0,0.5
4,3,45,dummy_prior,669,755,0,0.0641399416909621,0,0.5
4,3,45,dummy_prior,673,819,1,0.0641399416909621,0,0.5
4,3,45,dummy_prior,675,808,0,0.0641399416909621,0,0.5
4,3,45,dummy_prior,679,822,0,0.0641399416909621,0,0.5
4,3,45,dummy_prior,681,793,0,0.0641399416909621,0,0.5
4,3,45,dummy_prior,687,638,1,0.0641399416909621,0,0.5
4,3,45,dummy_prior,688,510,1,0.0641399416909621,0,0.5
4,3,45,dummy_prior,690,8,0,0.0641399416909621,0,0.5
4,3,45,dummy_prior,692,74,0,0.0641399416909621,0,0.5
4,3,45,dummy_prior,710,449,0,0.0641399416909621,0,0.5
4,3,45,dummy_prior,716,144,0,0.0641399416909621,0,0.5
4,3,45,dummy_prior,719,769,0,0.0641399416909621,0,0.5
4,3,45,dummy_prior,727,589,0,0.0641399416909621,0,0.5
4,3,45,dummy_prior,728,623,0,0.0641399416909621,0,0.5
4,3,45,dummy_prior,731,291,0,0.0641399416909621,0,0.5
4,3,45,dummy_prior,743,540,0,0.0641399416909621,0,0.5
4,3,45,dummy_prior,752,676,0,0.0641399416909621,0,0.5
4,3,45,dummy_prior,759,101,0,0.0641399416909621,0,0.5
4,3,45,dummy_prior,765,398,0,0.0641399416909621,0,0.5
4,3,45,dummy_prior,766,206,0,0.0641399416909621,0,0.5
4,3,45,dummy_prior,769,415,0,0.0641399416909621,0,0.5
4,3,45,dummy_prior,772,113,0,0.0641399416909621,0,0.5
4,3,45,dummy_prior,774,801,0,0.0641399416909621,0,0.5
4,3,45,dummy_prior,781,642,1,0.0641399416909621,0,0.5
4,3,45,dummy_prior,785,480,0,0.0641399416909621,0,0.5
4,3,45,dummy_prior,803,106,0,0.0641399416909621,0,0.5
4,3,45,dummy_prior,807,717,0,0.0641399416909621,0,0.5
4,3,45,dummy_prior,813,163,0,0.0641399416909621,0,0.5
4,3,45,dummy_prior,829,666,0,0.0641399416909621,0,0.5
4,3,45,dummy_prior,833,659,0,0.0641399416909621,0,0.5
4,3,45,dummy_prior,837,606,0,0.0641399416909621,0,0.5
4,3,45,dummy_prior,840,346,0,0.0641399416909621,0,0.5
4,3,45,dummy_prior,842,722,0,0.0641399416909621,0,0.5
4,3,45,dummy_prior,843,567,0,0.0641399416909621,0,0.5
4,3,45,dummy_prior,854,616,0,0.0641399416909621,0,0.5
4,3,45,dummy_prior,856,635,0,0.0641399416909621,0,0.5
4,3,45,logistic_regression,4,816,0,0.30263905102561844,0,0.5
4,3,45,logistic_regression,6,823,1,0.23768419057106785,0,0.5
4,3,45,logistic_regression,12,812,0,0.265035785538503,0,0.5
4,3,45,logistic_regression,16,790,0,0.2283228738261406,0,0.5
4,3,45,logistic_regression,26,765,0,0.20943089107333834,0,0.5
4,3,45,logistic_regression,28,742,0,0.2290198220567884,0,0.5
4,3,45,logistic_regression,45,709,0,0.22743901462559202,0,0.5
4,3,45,logistic_regression,58,683,0,0.2353785278233865,0,0.5
4,3,45,logistic_regression,60,673,0,0.24947544007217606,0,0.5
4,3,45,logistic_regression,66,673,0,0.24947544007217606,0,0.5
4,3,45,logistic_regression,69,705,0,0.22461215909249393,0,0.5
4,3,45,logistic_regression,72,664,0,0.23188772285762943,0,0.5
4,3,45,logistic_regression,79,684,0,0.23260100699130334,0,0.5
4,3,45,logistic_regression,87,703,0,0.26646084362900635,0,0.5
4,3,45,logistic_regression,100,669,0,0.22778026003466498,0,0.5
4,3,45,logistic_regression,102,599,0,0.18016765277148053,0,0.5
4,3,45,logistic_regression,105,674,0,0.22785162085836524,0,0.5
4,3,45,logistic_regression,107,653,0,0.23844603539539103,0,0.5
4,3,45,logistic_regression,108,611,0,0.2736523234783218,0,0.5
4,3,45,logistic_regression,110,619,0,0.2614492559548988,0,0.5
4,3,45,logistic_regression,111,626,0,0.18363719709602724,0,0.5
4,3,45,logistic_regression,114,667,0,0.2293736738037139,0,0.5
4,3,45,logistic_regression,116,597,0,0.21906296302740452,0,0.5
4,3,45,logistic_regression,121,579,0,0.24582842185631099,0,0.5
4,3,45,logistic_regression,123,542,0,0.39865042072356593,0,0.5
4,3,45,logistic_regression,126,588,0,0.22229477154074706,0,0.5
4,3,45,logistic_regression,127,520,0,0.2147972588809766,0,0.5
4,3,45,logistic_regression,132,565,0,0.22999614351518838,0,0.5
4,3,45,logistic_regression,143,480,0,0.1843133158985797,0,0.5
4,3,45,logistic_regression,155,507,0,0.2604235489744482,0,0.5
4,3,45,logistic_regression,168,535,0,0.20859696546111703,0,0.5
4,3,45,logistic_regression,169,108,0,0.24480892775371155,0,0.5
4,3,45,logistic_regression,173,529,0,0.3502526695982701,0,0.5
4,3,45,logistic_regression,180,414,0,0.2254071781043216,0,0.5
4,3,45,logistic_regression,181,462,0,0.2209233574692323,0,0.5
4,3,45,logistic_regression,182,392,0,0.20100933425048667,0,0.5
4,3,45,logistic_regression,183,491,0,0.22148195932345752,0,0.5
4,3,45,logistic_regression,187,501,0,0.4197826403470096,0,0.5
4,3,45,logistic_regression,193,445,0,0.1697855743792288,0,0.5
4,3,45,logistic_regression,195,429,0,0.2545960482638831,0,0.5
4,3,45,logistic_regression,198,447,0,0.22300156744481775,0,0.5
4,3,45,logistic_regression,199,460,0,0.2209222781840261,0,0.5
4,3,45,logistic_regression,203,494,1,0.304319315125412,0,0.5
4,3,45,logistic_regression,206,496,0,0.23281088610036024,0,0.5
4,3,45,logistic_regression,210,399,0,0.22333089166478956,0,0.5
4,3,45,logistic_regression,212,431,0,0.36370175057820897,0,0.5
4,3,45,logistic_regression,222,552,0,0.19588518609803324,0,0.5
4,3,45,logistic_regression,223,278,0,0.22844084236024673,0,0.5
4,3,45,logistic_regression,224,351,1,0.35351984067098263,0,0.5
4,3,45,logistic_regression,228,585,0,0.18245503906699756,0,0.5
4,3,45,logistic_regression,237,347,0,0.3504600617496718,0,0.5
4,3,45,logistic_regression,241,354,0,0.2533637241951634,0,0.5
4,3,45,logistic_regression,245,253,0,0.2335854401141677,0,0.5
4,3,45,logistic_regression,250,379,0,0.2281488985713388,0,0.5
4,3,45,logistic_regression,255,379,0,0.2281488985713388,0,0.5
4,3,45,logistic_regression,256,366,0,0.1755697825948404,0,0.5
4,3,45,logistic_regression,262,295,0,0.2130997630977427,0,0.5
4,3,45,logistic_regression,271,359,0,0.17830552670359823,0,0.5
4,3,45,logistic_regression,282,219,0,0.2459588856645423,0,0.5
4,3,45,logistic_regression,283,389,0,0.23731631539074655,0,0.5
4,3,45,logistic_regression,291,289,0,0.23356269688669742,0,0.5
4,3,45,logistic_regression,306,436,0,0.2271683882801252,0,0.5
4,3,45,logistic_regression,309,322,0,0.26512522068624694,0,0.5
4,3,45,logistic_regression,315,189,0,0.23969064824417438,0,0.5
4,3,45,logistic_regression,318,308,0,0.2527484497637575,0,0.5
4,3,45,logistic_regression,323,268,0,0.19848162232879954,0,0.5
4,3,45,logistic_regression,326,217,0,0.22946628502937527,0,0.5
4,3,45,logistic_regression,334,229,0,0.23025837308993377,0,0.5
4,3,45,logistic_regression,342,228,0,0.2272245612722808,0,0.5
4,3,45,logistic_regression,343,159,0,0.1867822923684515,0,0.5
4,3,45,logistic_regression,345,276,1,0.1835620962098624,0,0.5
4,3,45,logistic_regression,348,125,0,0.22112732885527245,0,0.5
4,3,45,logistic_regression,351,155,0,0.23630456510010722,0,0.5
4,3,45,logistic_regression,352,152,0,0.21241740392547662,0,0.5
4,3,45,logistic_regression,357,258,0,0.21757044386315208,0,0.5
4,3,45,logistic_regression,364,147,0,0.21557717525547151,0,0.5
4,3,45,logistic_regression,367,127,0,0.22141926012656232,0,0.5
4,3,45,logistic_regression,370,239,1,0.21294223741576765,0,0.5
4,3,45,logistic_regression,374,243,0,0.19009986228130496,0,0.5
4,3,45,logistic_regression,382,400,0,0.2116947002909974,0,0.5
4,3,45,logistic_regression,390,179,0,0.2254601025740374,0,0.5
4,3,45,logistic_regression,397,137,0,0.32308473941486965,0,0.5
4,3,45,logistic_regression,403,64,0,0.21447937189185037,0,0.5
4,3,45,logistic_regression,404,88,0,0.21764077346426272,0,0.5
4,3,45,logistic_regression,408,60,0,0.17846237621820538,0,0.5
4,3,45,logistic_regression,412,87,0,0.17844558906540606,0,0.5
4,3,45,logistic_regression,413,698,0,0.22216916971515735,0,0.5
4,3,45,logistic_regression,418,47,0,0.30179668717124775,0,0.5
4,3,45,logistic_regression,428,29,0,0.22571827933451324,0,0.5
4,3,45,logistic_regression,429,73,0,0.22731437593240456,0,0.5
4,3,45,logistic_regression,438,195,0,0.21641423588027106,0,0.5
4,3,45,logistic_regression,444,80,0,0.2279537327357864,0,0.5
4,3,45,logistic_regression,445,36,0,0.17798655136340497,0,0.5
4,3,45,logistic_regression,446,107,0,0.2236714812591975,0,0.5
4,3,45,logistic_regression,449,75,0,0.23126257623087096,0,0.5
4,3,45,logistic_regression,462,68,0,0.20933052773414643,0,0.5
4,3,45,logistic_regression,465,43,0,0.22000811301211348,0,0.5
4,3,45,logistic_regression,477,751,0,0.22419706306792866,0,0.5
4,3,45,logistic_regression,486,496,0,0.23281088610036024,0,0.5
4,3,45,logistic_regression,489,151,0,0.17419462163573043,0,0.5
4,3,45,logistic_regression,492,658,0,0.24386598660544231,0,0.5
4,3,45,logistic_regression,498,663,0,0.3571139760450527,0,0.5
4,3,45,logistic_regression,501,610,0,0.2646818999851257,0,0.5
4,3,45,logistic_regression,502,369,0,0.2393312632329419,0,0.5
4,3,45,logistic_regression,507,71,0,0.21998846431481225,0,0.5
4,3,45,logistic_regression,509,384,0,0.2382183830522992,0,0.5
4,3,45,logistic_regression,511,38,0,0.22407369669297883,0,0.5
4,3,45,logistic_regression,513,96,0,0.2179293897071556,0,0.5
4,3,45,logistic_regression,518,362,0,0.25307103200480374,0,0.5
4,3,45,logistic_regression,519,123,0,0.23619370036647291,0,0.5
4,3,45,logistic_regression,527,262,0,0.17986389039820933,0,0.5
4,3,45,logistic_regression,530,239,1,0.21294223741576765,0,0.5
4,3,45,logistic_regression,531,119,0,0.24444160241461982,0,0.5
4,3,45,logistic_regression,540,188,0,0.21555781291915915,0,0.5
4,3,45,logistic_regression,541,474,0,0.22589243739879003,0,0.5
4,3,45,logistic_regression,546,213,0,0.3338289128714253,0,0.5
4,3,45,logistic_regression,553,636,0,0.22661929855815055,0,0.5
4,3,45,logistic_regression,555,435,0,0.2264403695111699,0,0.5
4,3,45,logistic_regression,556,772,0,0.31828071813419856,0,0.5
4,3,45,logistic_regression,560,748,0,0.2651339129529834,0,0.5
4,3,45,logistic_regression,566,456,0,0.22034070779139645,0,0.5
4,3,45,logistic_regression,573,523,0,0.2385495424657693,0,0.5
4,3,45,logistic_regression,576,464,0,0.1782524480297933,0,0.5
4,3,45,logistic_regression,579,730,0,0.25264258949972096,0,0.5
4,3,45,logistic_regression,595,248,0,0.21584731126761506,0,0.5
4,3,45,logistic_regression,601,504,0,0.25163600445158024,0,0.5
4,3,45,logistic_regression,605,183,0,0.23400680562274884,0,0.5
4,3,45,logistic_regression,610,230,1,0.21219709472964376,0,0.5
4,3,45,logistic_regression,612,225,0,0.23246164809260192,0,0.5
4,3,45,logistic_regression,615,706,0,0.31245115772194665,0,0.5
4,3,45,logistic_regression,624,118,0,0.23340500867524533,0,0.5
4,3,45,logistic_regression,629,336,0,0.2562886963639426,0,0.5
4,3,45,logistic_regression,644,285,0,0.25566994447553937,0,0.5
4,3,45,logistic_regression,657,260,0,0.2661132634916534,0,0.5
4,3,45,logistic_regression,661,326,0,0.2187042104613748,0,0.5
4,3,45,logistic_regression,662,502,0,0.26244129451918097,0,0.5
4,3,45,logistic_regression,669,755,0,0.18985324572358028,0,0.5
4,3,45,logistic_regression,673,819,1,0.26387326504236264,0,0.5
4,3,45,logistic_regression,675,808,0,0.26293993311443836,0,0.5
4,3,45,logistic_regression,679,822,0,0.25777404465067993,0,0.5
4,3,45,logistic_regression,681,793,0,0.2711514972787038,0,0.5
4,3,45,logistic_regression,687,638,1,0.3812202760064944,0,0.5
4,3,45,logistic_regression,688,510,1,0.2130426358269018,0,0.5
4,3,45,logistic_regression,690,8,0,0.27081377952034597,0,0.5
4,3,45,logistic_regression,692,74,0,0.2737153005049389,0,0.5
4,3,45,logistic_regression,710,449,0,0.24739254351611184,0,0.5
4,3,45,logistic_regression,716,144,0,0.21529187600573754,0,0.5
4,3,45,logistic_regression,719,769,0,0.32298926575877085,0,0.5
4,3,45,logistic_regression,727,589,0,0.2698735125568086,0,0.5
4,3,45,logistic_regression,728,623,0,0.2630809666116354,0,0.5
4,3,45,logistic_regression,731,291,0,0.22250181707953937,0,0.5
4,3,45,logistic_regression,743,540,0,0.20204577434898346,0,0.5
4,3,45,logistic_regression,752,676,0,0.2295287535309426,0,0.5
4,3,45,logistic_regression,759,101,0,0.2147424649891718,0,0.5
4,3,45,logistic_regression,765,398,0,0.2314794751318316,0,0.5
4,3,45,logistic_regression,766,206,0,0.2450197842267357,0,0.5
4,3,45,logistic_regression,769,415,0,0.18053966805474186,0,0.5
4,3,45,logistic_regression,772,113,0,0.16718878606048634,0,0.5
4,3,45,logistic_regression,774,801,0,0.23140417256181178,0,0.5
4,3,45,logistic_regression,781,642,1,0.17635140337619892,0,0.5
4,3,45,logistic_regression,785,480,0,0.18431331589857972,0,0.5
4,3,45,logistic_regression,803,106,0,0.21531333991278023,0,0.5
4,3,45,logistic_regression,807,717,0,0.31626113453387406,0,0.5
4,3,45,logistic_regression,813,163,0,0.27782786858810393,0,0.5
4,3,45,logistic_regression,829,666,0,0.21957679170159455,0,0.5
4,3,45,logistic_regression,833,659,0,0.19997850199797323,0,0.5
4,3,45,logistic_regression,837,606,0,0.1999075165786792,0,0.5
4,3,45,logistic_regression,840,346,0,0.24848080688291285,0,0.5
4,3,45,logistic_regression,842,722,0,0.24365754604904669,0,0.5
4,3,45,logistic_regression,843,567,0,0.23344569358104483,0,0.5
4,3,45,logistic_regression,854,616,0,0.2650941153498499,0,0.5
4,3,45,logistic_regression,856,635,0,0.23142974616551673,0,0.5
4,3,45,xgboost,4,816,0,0.22744713723659515,0,0.5
4,3,45,xgboost,6,823,1,0.06026871129870415,0,0.5
4,3,45,xgboost,12,812,0,0.07373719662427902,0,0.5
4,3,45,xgboost,16,790,0,0.050368696451187134,0,0.5
4,3,45,xgboost,26,765,0,0.04664422199130058,0,0.5
4,3,45,xgboost,28,742,0,0.04651724547147751,0,0.5
4,3,45,xgboost,45,709,0,0.07807520776987076,0,0.5
4,3,45,xgboost,58,683,0,0.05778392031788826,0,0.5
4,3,45,xgboost,60,673,0,0.06457088142633438,0,0.5
4,3,45,xgboost,66,673,0,0.06457088142633438,0,0.5
4,3,45,xgboost,69,705,0,0.04664422199130058,0,0.5
4,3,45,xgboost,72,664,0,0.04827437549829483,0,0.5
4,3,45,xgboost,79,684,0,0.06994132697582245,0,0.5
4,3,45,xgboost,87,703,0,0.1398550570011139,0,0.5
4,3,45,xgboost,100,669,0,0.03375454246997833,0,0.5
4,3,45,xgboost,102,599,0,0.0297264214605093,0,0.5
4,3,45,xgboost,105,674,0,0.06628548353910446,0,0.5
4,3,45,xgboost,107,653,0,0.05798250436782837,0,0.5
4,3,45,xgboost,108,611,0,0.06828870624303818,0,0.5
4,3,45,xgboost,110,619,0,0.05562315881252289,0,0.5
4,3,45,xgboost,111,626,0,0.032040826976299286,0,0.5
4,3,45,xgboost,114,667,0,0.040792468935251236,0,0.5
4,3,45,xgboost,116,597,0,0.061754871159791946,0,0.5
4,3,45,xgboost,121,579,0,0.038561612367630005,0,0.5
4,3,45,xgboost,123,542,0,0.1450842022895813,0,0.5
4,3,45,xgboost,126,588,0,0.06357810646295547,0,0.5
4,3,45,xgboost,127,520,0,0.04389844089746475,0,0.5
4,3,45,xgboost,132,565,0,0.04827437549829483,0,0.5
4,3,45,xgboost,143,480,0,0.03475110977888107,0,0.5
4,3,45,xgboost,155,507,0,0.04892339929938316,0,0.5
4,3,45,xgboost,168,535,0,0.041247930377721786,0,0.5
4,3,45,xgboost,169,108,0,0.0755980834364891,0,0.5
4,3,45,xgboost,173,529,0,0.07890306413173676,0,0.5
4,3,45,xgboost,180,414,0,0.035139527171850204,0,0.5
4,3,45,xgboost,181,462,0,0.057461488991975784,0,0.5
4,3,45,xgboost,182,392,0,0.0647779107093811,0,0.5
4,3,45,xgboost,183,491,0,0.07460074871778488,0,0.5
4,3,45,xgboost,187,501,0,0.11089256405830383,0,0.5
4,3,45,xgboost,193,445,0,0.02179674059152603,0,0.5
4,3,45,xgboost,195,429,0,0.04363950714468956,0,0.5
4,3,45,xgboost,198,447,0,0.03884154185652733,0,0.5
4,3,45,xgboost,199,460,0,0.06059787794947624,0,0.5
4,3,45,xgboost,203,494,1,0.17092177271842957,0,0.5
4,3,45,xgboost,206,496,0,0.049994464963674545,0,0.5
4,3,45,xgboost,210,399,0,0.038847602903842926,0,0.5
4,3,45,xgboost,212,431,0,0.06733591109514236,0,0.5
4,3,45,xgboost,222,552,0,0.07496106624603271,0,0.5
4,3,45,xgboost,223,278,0,0.040047578513622284,0,0.5
4,3,45,xgboost,224,351,1,0.1386062055826187,0,0.5
4,3,45,xgboost,228,585,0,0.03282034024596214,0,0.5
4,3,45,xgboost,237,347,0,0.07337788492441177,0,0.5
4,3,45,xgboost,241,354,0,0.05457435920834541,0,0.5
4,3,45,xgboost,245,253,0,0.059278033673763275,0,0.5
4,3,45,xgboost,250,379,0,0.06059787794947624,0,0.5
4,3,45,xgboost,255,379,0,0.06059787794947624,0,0.5
4,3,45,xgboost,256,366,0,0.018061431124806404,0,0.5
4,3,45,xgboost,262,295,0,0.03538582846522331,0,0.5
4,3,45,xgboost,271,359,0,0.028285063803195953,0,0.5
4,3,45,xgboost,282,219,0,0.08444566279649734,0,0.5
4,3,45,xgboost,283,389,0,0.06282510608434677,0,0.5
4,3,45,xgboost,291,289,0,0.06770063936710358,0,0.5
4,3,45,xgboost,306,436,0,0.05580321326851845,0,0.5
4,3,45,xgboost,309,322,0,0.047869399189949036,0,0.5
4,3,45,xgboost,315,189,0,0.038012150675058365,0,0.5
4,3,45,xgboost,318,308,0,0.05457435920834541,0,0.5
4,3,45,xgboost,323,268,0,0.0632052794098854,0,0.5
4,3,45,xgboost,326,217,0,0.08550097048282623,0,0.5
4,3,45,xgboost,334,229,0,0.07741031795740128,0,0.5
4,3,45,xgboost,342,228,0,0.037580687552690506,0,0.5
4,3,45,xgboost,343,159,0,0.026924164965748787,0,0.5
4,3,45,xgboost,345,276,1,0.03377552703022957,0,0.5
4,3,45,xgboost,348,125,0,0.08566725254058838,0,0.5
4,3,45,xgboost,351,155,0,0.036788031458854675,0,0.5
4,3,45,xgboost,352,152,0,0.034440916031599045,0,0.5
4,3,45,xgboost,357,258,0,0.02123839408159256,0,0.5
4,3,45,xgboost,364,147,0,0.03757999464869499,0,0.5
4,3,45,xgboost,367,127,0,0.08134569227695465,0,0.5
4,3,45,xgboost,370,239,1,0.034440916031599045,0,0.5
4,3,45,xgboost,374,243,0,0.08628811687231064,0,0.5
4,3,45,xgboost,382,400,0,0.032392796128988266,0,0.5
4,3,45,xgboost,390,179,0,0.0744011253118515,0,0.5
4,3,45,xgboost,397,137,0,0.08942612260580063,0,0.5
4,3,45,xgboost,403,64,0,0.033106479793787,0,0.5
4,3,45,xgboost,404,88,0,0.03602542728185654,0,0.5
4,3,45,xgboost,408,60,0,0.0186321921646595,0,0.5
4,3,45,xgboost,412,87,0,0.01822381280362606,0,0.5
4,3,45,xgboost,413,698,0,0.045236460864543915,0,0.5
4,3,45,xgboost,418,47,0,0.09558253735303879,0,0.5
4,3,45,xgboost,428,29,0,0.03745105117559433,0,0.5
4,3,45,xgboost,429,73,0,0.03954104334115982,0,0.5
4,3,45,xgboost,438,195,0,0.07617191225290298,0,0.5
4,3,45,xgboost,444,80,0,0.07592099905014038,0,0.5
4,3,45,xgboost,445,36,0,0.01822381280362606,0,0.5
4,3,45,xgboost,446,107,0,0.06608404219150543,0,0.5
4,3,45,xgboost,449,75,0,0.03991330787539482,0,0.5
4,3,45,xgboost,462,68,0,0.032980144023895264,0,0.5
4,3,45,xgboost,465,43,0,0.03954104334115982,0,0.5
4,3,45,xgboost,477,751,0,0.06357810646295547,0,0.5
4,3,45,xgboost,486,496,0,0.049994464963674545,0,0.5
4,3,45,xgboost,489,151,0,0.019969817250967026,0,0.5
4,3,45,xgboost,492,658,0,0.05686229094862938,0,0.5
4,3,45,xgboost,498,663,0,0.10314982384443283,0,0.5
4,3,45,xgboost,501,610,0,0.05181509628891945,0,0.5
4,3,45,xgboost,502,369,0,0.033260270953178406,0,0.5
4,3,45,xgboost,507,71,0,0.03745105117559433,0,0.5
4,3,45,xgboost,509,384,0,0.04221949726343155,0,0.5
4,3,45,xgboost,511,38,0,0.03411465883255005,0,0.5
4,3,45,xgboost,513,96,0,0.06940454989671707,0,0.5
4,3,45,xgboost,518,362,0,0.05735211819410324,0,0.5
4,3,45,xgboost,519,123,0,0.08444566279649734,0,0.5
4,3,45,xgboost,527,262,0,0.032739318907260895,0,0.5
4,3,45,xgboost,530,239,1,0.034440916031599045,0,0.5
4,3,45,xgboost,531,119,0,0.04288458824157715,0,0.5
4,3,45,xgboost,540,188,0,0.03558981791138649,0,0.5
4,3,45,xgboost,541,474,0,0.052391167730093,0,0.5
4,3,45,xgboost,546,213,0,0.1674666702747345,0,0.5
4,3,45,xgboost,553,636,0,0.0398079976439476,0,0.5
4,3,45,xgboost,555,435,0,0.0647779107093811,0,0.5
4,3,45,xgboost,556,772,0,0.13029703497886658,0,0.5
4,3,45,xgboost,560,748,0,0.05569843575358391,0,0.5
4,3,45,xgboost,566,456,0,0.0390450619161129,0,0.5
4,3,45,xgboost,573,523,0,0.0643283948302269,0,0.5
4,3,45,xgboost,576,464,0,0.01854265108704567,0,0.5
4,3,45,xgboost,579,730,0,0.052876997739076614,0,0.5
4,3,45,xgboost,595,248,0,0.0419057235121727,0,0.5
4,3,45,xgboost,601,504,0,0.0626242607831955,0,0.5
4,3,45,xgboost,605,183,0,0.07347182184457779,0,0.5
4,3,45,xgboost,610,230,1,0.08904705941677094,0,0.5
4,3,45,xgboost,612,225,0,0.03857513144612312,0,0.5
4,3,45,xgboost,615,706,0,0.16876429319381714,0,0.5
4,3,45,xgboost,624,118,0,0.045263539999723434,0,0.5
4,3,45,xgboost,629,336,0,0.06981445103883743,0,0.5
4,3,45,xgboost,644,285,0,0.06633055210113525,0,0.5
4,3,45,xgboost,657,260,0,0.07060670107603073,0,0.5
4,3,45,xgboost,661,326,0,0.032392796128988266,0,0.5
4,3,45,xgboost,662,502,0,0.05557384714484215,0,0.5
4,3,45,xgboost,669,755,0,0.04542892426252365,0,0.5
4,3,45,xgboost,673,819,1,0.08344969153404236,0,0.5
4,3,45,xgboost,675,808,0,0.06680978089570999,0,0.5
4,3,45,xgboost,679,822,0,0.05546669289469719,0,0.5
4,3,45,xgboost,681,793,0,0.04341818019747734,0,0.5
4,3,45,xgboost,687,638,1,0.09697199612855911,0,0.5
4,3,45,xgboost,688,510,1,0.042391009628772736,0,0.5
4,3,45,xgboost,690,8,0,0.07455047965049744,0,0.5
4,3,45,xgboost,692,74,0,0.0850197970867157,0,0.5
4,3,45,xgboost,710,449,0,0.06422176212072372,0,0.5
4,3,45,xgboost,716,144,0,0.03757999464869499,0,0.5
4,3,45,xgboost,719,769,0,0.2638286352157593,0,0.5
4,3,45,xgboost,727,589,0,0.11398185044527054,0,0.5
4,3,45,xgboost,728,623,0,0.044488053768873215,0,0.5
4,3,45,xgboost,731,291,0,0.06293242424726486,0,0.5
4,3,45,xgboost,743,540,0,0.10740917921066284,0,0.5
4,3,45,xgboost,752,676,0,0.03564653918147087,0,0.5
4,3,45,xgboost,759,101,0,0.03496282175183296,0,0.5
4,3,45,xgboost,765,398,0,0.037490855902433395,0,0.5
4,3,45,xgboost,766,206,0,0.045263539999723434,0,0.5
4,3,45,xgboost,769,415,0,0.01854265108704567,0,0.5
4,3,45,xgboost,772,113,0,0.018692005425691605,0,0.5
4,3,45,xgboost,774,801,0,0.06010589748620987,0,0.5
4,3,45,xgboost,781,642,1,0.061754871159791946,0,0.5
4,3,45,xgboost,785,480,0,0.03475110977888107,0,0.5
4,3,45,xgboost,803,106,0,0.06742626428604126,0,0.5
4,3,45,xgboost,807,717,0,0.07663463801145554,0,0.5
4,3,45,xgboost,813,163,0,0.1392250508069992,0,0.5
4,3,45,xgboost,829,666,0,0.0398079976439476,0,0.5
4,3,45,xgboost,833,659,0,0.06467550992965698,0,0.5
4,3,45,xgboost,837,606,0,0.05716988816857338,0,0.5
4,3,45,xgboost,840,346,0,0.037965793162584305,0,0.5
4,3,45,xgboost,842,722,0,0.0461520217359066,0,0.5
4,3,45,xgboost,843,567,0,0.039532169699668884,0,0.5
4,3,45,xgboost,854,616,0,0.0572764128446579,0,0.5
4,3,45,xgboost,856,635,0,0.04926927387714386,0,0.5
4,4,45,dummy_prior,8,809,0,0.06404657933042213,0,0.5
4,4,45,dummy_prior,10,807,0,0.06404657933042213,0,0.5
4,4,45,dummy_prior,17,799,0,0.06404657933042213,0,0.5
4,4,45,dummy_prior,22,766,1,0.06404657933042213,0,0.5
4,4,45,dummy_prior,23,767,1,0.06404657933042213,0,0.5
4,4,45,dummy_prior,27,759,0,0.06404657933042213,0,0.5
4,4,45,dummy_prior,32,738,0,0.06404657933042213,0,0.5
4,4,45,dummy_prior,33,734,0,0.06404657933042213,0,0.5
4,4,45,dummy_prior,34,749,0,0.06404657933042213,0,0.5
4,4,45,dummy_prior,35,737,0,0.06404657933042213,0,0.5
4,4,45,dummy_prior,37,747,0,0.06404657933042213,0,0.5
4,4,45,dummy_prior,40,746,0,0.06404657933042213,0,0.5
4,4,45,dummy_prior,41,732,1,0.06404657933042213,0,0.5
4,4,45,dummy_prior,47,770,0,0.06404657933042213,0,0.5
4,4,45,dummy_prior,49,739,0,0.06404657933042213,0,0.5
4,4,45,dummy_prior,52,729,0,0.06404657933042213,0,0.5
4,4,45,dummy_prior,57,647,0,0.06404657933042213,0,0.5
4,4,45,dummy_prior,62,679,0,0.06404657933042213,0,0.5
4,4,45,dummy_prior,63,629,0,0.06404657933042213,0,0.5
4,4,45,dummy_prior,68,696,0,0.06404657933042213,0,0.5
4,4,45,dummy_prior,75,686,0,0.06404657933042213,0,0.5
4,4,45,dummy_prior,81,593,0,0.06404657933042213,0,0.5
4,4,45,dummy_prior,84,713,0,0.06404657933042213,0,0.5
4,4,45,dummy_prior,95,604,0,0.06404657933042213,0,0.5
4,4,45,dummy_prior,104,633,0,0.06404657933042213,0,0.5
4,4,45,dummy_prior,117,570,0,0.06404657933042213,0,0.5
4,4,45,dummy_prior,136,586,0,0.06404657933042213,0,0.5
4,4,45,dummy_prior,138,517,0,0.06404657933042213,0,0.5
4,4,45,dummy_prior,142,591,0,0.06404657933042213,0,0.5
4,4,45,dummy_prior,144,558,0,0.06404657933042213,0,0.5
4,4,45,dummy_prior,147,533,0,0.06404657933042213,0,0.5
4,4,45,dummy_prior,150,489,0,0.06404657933042213,0,0.5
4,4,45,dummy_prior,152,438,0,0.06404657933042213,0,0.5
4,4,45,dummy_prior,163,509,1,0.06404657933042213,0,0.5
4,4,45,dummy_prior,177,468,0,0.06404657933042213,0,0.5
4,4,45,dummy_prior,178,472,0,0.06404657933042213,0,0.5
4,4,45,dummy_prior,186,404,0,0.06404657933042213,0,0.5
4,4,45,dummy_prior,188,475,0,0.06404657933042213,0,0.5
4,4,45,dummy_prior,189,380,0,0.06404657933042213,0,0.5
4,4,45,dummy_prior,201,441,0,0.06404657933042213,0,0.5
4,4,45,dummy_prior,211,453,0,0.06404657933042213,0,0.5
4,4,45,dummy_prior,215,372,0,0.06404657933042213,0,0.5
4,4,45,dummy_prior,217,408,0,0.06404657933042213,0,0.5
4,4,45,dummy_prior,220,406,0,0.06404657933042213,0,0.5
4,4,45,dummy_prior,221,407,0,0.06404657933042213,0,0.5
4,4,45,dummy_prior,226,409,0,0.06404657933042213,0,0.5
4,4,45,dummy_prior,227,394,0,0.06404657933042213,0,0.5
4,4,45,dummy_prior,229,466,0,0.06404657933042213,0,0.5
4,4,45,dummy_prior,234,406,0,0.06404657933042213,0,0.5
4,4,45,dummy_prior,235,378,0,0.06404657933042213,0,0.5
4,4,45,dummy_prior,243,402,0,0.06404657933042213,0,0.5
4,4,45,dummy_prior,246,487,0,0.06404657933042213,0,0.5
4,4,45,dummy_prior,248,381,0,0.06404657933042213,0,0.5
4,4,45,dummy_prior,253,279,0,0.06404657933042213,0,0.5
4,4,45,dummy_prior,259,329,0,0.06404657933042213,0,0.5
4,4,45,dummy_prior,274,349,0,0.06404657933042213,0,0.5
4,4,45,dummy_prior,279,263,0,0.06404657933042213,0,0.5
4,4,45,dummy_prior,284,252,0,0.06404657933042213,0,0.5
4,4,45,dummy_prior,285,430,0,0.06404657933042213,0,0.5
4,4,45,dummy_prior,288,300,0,0.06404657933042213,0,0.5
4,4,45,dummy_prior,295,283,0,0.06404657933042213,0,0.5
4,4,45,dummy_prior,308,382,0,0.06404657933042213,0,0.5
4,4,45,dummy_prior,310,307,0,0.06404657933042213,0,0.5
4,4,45,dummy_prior,312,313,0,0.06404657933042213,0,0.5
4,4,45,dummy_prior,313,370,0,0.06404657933042213,0,0.5
4,4,45,dummy_prior,316,348,0,0.06404657933042213,0,0.5
4,4,45,dummy_prior,327,173,0,0.06404657933042213,0,0.5
4,4,45,dummy_prior,329,290,0,0.06404657933042213,0,0.5
4,4,45,dummy_prior,330,207,0,0.06404657933042213,0,0.5
4,4,45,dummy_prior,333,274,0,0.06404657933042213,0,0.5
4,4,45,dummy_prior,341,121,0,0.06404657933042213,0,0.5
4,4,45,dummy_prior,344,79,0,0.06404657933042213,0,0.5
4,4,45,dummy_prior,349,235,0,0.06404657933042213,0,0.5
4,4,45,dummy_prior,356,79,0,0.06404657933042213,0,0.5
4,4,45,dummy_prior,358,212,0,0.06404657933042213,0,0.5
4,4,45,dummy_prior,365,178,0,0.06404657933042213,0,0.5
4,4,45,dummy_prior,368,203,0,0.06404657933042213,0,0.5
4,4,45,dummy_prior,375,249,0,0.06404657933042213,0,0.5
4,4,45,dummy_prior,376,786,0,0.06404657933042213,0,0.5
4,4,45,dummy_prior,383,134,1,0.06404657933042213,0,0.5
4,4,45,dummy_prior,385,234,0,0.06404657933042213,0,0.5
4,4,45,dummy_prior,386,90,0,0.06404657933042213,0,0.5
4,4,45,dummy_prior,391,69,0,0.06404657933042213,0,0.5
4,4,45,dummy_prior,396,100,0,0.06404657933042213,0,0.5
4,4,45,dummy_prior,399,209,0,0.06404657933042213,0,0.5
4,4,45,dummy_prior,401,210,0,0.06404657933042213,0,0.5
4,4,45,dummy_prior,405,61,0,0.06404657933042213,0,0.5
4,4,45,dummy_prior,425,35,0,0.06404657933042213,0,0.5
4,4,45,dummy_prior,426,114,0,0.06404657933042213,0,0.5
4,4,45,dummy_prior,433,28,0,0.06404657933042213,0,0.5
4,4,45,dummy_prior,436,39,0,0.06404657933042213,0,0.5
4,4,45,dummy_prior,437,26,0,0.06404657933042213,0,0.5
4,4,45,dummy_prior,442,26,0,0.06404657933042213,0,0.5
4,4,45,dummy_prior,447,63,0,0.06404657933042213,0,0.5
4,4,45,dummy_prior,456,24,0,0.06404657933042213,0,0.5
4,4,45,dummy_prior,458,35,0,0.06404657933042213,0,0.5
4,4,45,dummy_prior,459,3,0,0.06404657933042213,0,0.5
4,4,45,dummy_prior,470,764,0,0.06404657933042213,0,0.5
4,4,45,dummy_prior,471,94,0,0.06404657933042213,0,0.5
4,4,45,dummy_prior,473,787,0,0.06404657933042213,0,0.5
4,4,45,dummy_prior,478,534,0,0.06404657933042213,0,0.5
4,4,45,dummy_prior,480,575,0,0.06404657933042213,0,0.5
4,4,45,dummy_prior,487,483,0,0.06404657933042213,0,0.5
4,4,45,dummy_prior,488,337,0,0.06404657933042213,0,0.5
4,4,45,dummy_prior,496,451,1,0.06404657933042213,0,0.5
4,4,45,dummy_prior,500,763,0,0.06404657933042213,0,0.5
4,4,45,dummy_prior,508,590,0,0.06404657933042213,0,0.5
4,4,45,dummy_prior,517,514,0,0.06404657933042213,0,0.5
4,4,45,dummy_prior,532,364,0,0.06404657933042213,0,0.5
4,4,45,dummy_prior,533,425,0,0.06404657933042213,0,0.5
4,4,45,dummy_prior,536,24,0,0.06404657933042213,0,0.5
4,4,45,dummy_prior,539,76,1,0.06404657933042213,0,0.5
4,4,45,dummy_prior,543,40,0,0.06404657933042213,0,0.5
4,4,45,dummy_prior,554,20,0,0.06404657933042213,0,0.5
4,4,45,dummy_prior,557,458,0,0.06404657933042213,0,0.5
4,4,45,dummy_prior,563,712,0,0.06404657933042213,0,0.5
4,4,45,dummy_prior,568,338,0,0.06404657933042213,0,0.5
4,4,45,dummy_prior,572,373,0,0.06404657933042213,0,0.5
4,4,45,dummy_prior,578,126,1,0.06404657933042213,0,0.5
4,4,45,dummy_prior,582,198,0,0.06404657933042213,0,0.5
4,4,45,dummy_prior,585,648,0,0.06404657933042213,0,0.5
4,4,45,dummy_prior,588,813,0,0.06404657933042213,0,0.5
4,4,45,dummy_prior,589,784,0,0.06404657933042213,0,0.5
4,4,45,dummy_prior,590,56,0,0.06404657933042213,0,0.5
4,4,45,dummy_prior,592,321,0,0.06404657933042213,0,0.5
4,4,45,dummy_prior,596,83,0,0.06404657933042213,0,0.5
4,4,45,dummy_prior,603,440,0,0.06404657933042213,0,0.5
4,4,45,dummy_prior,604,318,0,0.06404657933042213,0,0.5
4,4,45,dummy_prior,607,566,0,0.06404657933042213,0,0.5
4,4,45,dummy_prior,609,416,0,0.06404657933042213,0,0.5
4,4,45,dummy_prior,633,261,0,0.06404657933042213,0,0.5
4,4,45,dummy_prior,642,512,0,0.06404657933042213,0,0.5
4,4,45,dummy_prior,646,27,0,0.06404657933042213,0,0.5
4,4,45,dummy_prior,652,826,0,0.06404657933042213,0,0.5
4,4,45,dummy_prior,660,33,0,0.06404657933042213,0,0.5
4,4,45,dummy_prior,666,67,0,0.06404657933042213,0,0.5
4,4,45,dummy_prior,670,817,1,0.06404657933042213,0,0.5
4,4,45,dummy_prior,682,827,0,0.06404657933042213,0,0.5
4,4,45,dummy_prior,693,98,1,0.06404657933042213,0,0.5
4,4,45,dummy_prior,706,81,0,0.06404657933042213,0,0.5
4,4,45,dummy_prior,712,317,0,0.06404657933042213,0,0.5
4,4,45,dummy_prior,718,246,0,0.06404657933042213,0,0.5
4,4,45,dummy_prior,725,214,0,0.06404657933042213,0,0.5
4,4,45,dummy_prior,729,327,0,0.06404657933042213,0,0.5
4,4,45,dummy_prior,730,775,0,0.06404657933042213,0,0.5
4,4,45,dummy_prior,736,725,0,0.06404657933042213,0,0.5
4,4,45,dummy_prior,746,342,0,0.06404657933042213,0,0.5
4,4,45,dummy_prior,753,166,1,0.06404657933042213,0,0.5
4,4,45,dummy_prior,755,563,0,0.06404657933042213,0,0.5
4,4,45,dummy_prior,762,139,0,0.06404657933042213,0,0.5
4,4,45,dummy_prior,773,23,0,0.06404657933042213,0,0.5
4,4,45,dummy_prior,776,45,0,0.06404657933042213,0,0.5
4,4,45,dummy_prior,777,744,0,0.06404657933042213,0,0.5
4,4,45,dummy_prior,780,110,0,0.06404657933042213,0,0.5
4,4,45,dummy_prior,783,84,0,0.06404657933042213,0,0.5
4,4,45,dummy_prior,784,403,0,0.06404657933042213,0,0.5
4,4,45,dummy_prior,789,164,0,0.06404657933042213,0,0.5
4,4,45,dummy_prior,790,350,0,0.06404657933042213,0,0.5
4,4,45,dummy_prior,791,15,0,0.06404657933042213,0,0.5
4,4,45,dummy_prior,793,353,0,0.06404657933042213,0,0.5
4,4,45,dummy_prior,795,690,0,0.06404657933042213,0,0.5
4,4,45,dummy_prior,796,605,0,0.06404657933042213,0,0.5
4,4,45,dummy_prior,804,543,0,0.06404657933042213,0,0.5
4,4,45,dummy_prior,820,352,0,0.06404657933042213,0,0.5
4,4,45,dummy_prior,824,720,0,0.06404657933042213,0,0.5
4,4,45,dummy_prior,827,688,0,0.06404657933042213,0,0.5
4,4,45,dummy_prior,834,569,0,0.06404657933042213,0,0.5
4,4,45,dummy_prior,838,694,0,0.06404657933042213,0,0.5
4,4,45,dummy_prior,839,601,0,0.06404657933042213,0,0.5
4,4,45,dummy_prior,849,620,0,0.06404657933042213,0,0.5
4,4,45,dummy_prior,850,117,0,0.06404657933042213,0,0.5
4,4,45,logistic_regression,8,809,0,0.23749692699238592,0,0.5
4,4,45,logistic_regression,10,807,0,0.23592672749400612,0,0.5
4,4,45,logistic_regression,17,799,0,0.24499712682954883,0,0.5
4,4,45,logistic_regression,22,766,1,0.29619421507555926,0,0.5
4,4,45,logistic_regression,23,767,1,0.2476955445035432,0,0.5
4,4,45,logistic_regression,27,759,0,0.23401238750998954,0,0.5
4,4,45,logistic_regression,32,738,0,0.23132186630847956,0,0.5
4,4,45,logistic_regression,33,734,0,0.2551753194797662,0,0.5
4,4,45,logistic_regression,34,749,0,0.28352875439099334,0,0.5
4,4,45,logistic_regression,35,737,0,0.25971806494850813,0,0.5
4,4,45,logistic_regression,37,747,0,0.22371796207599745,0,0.5
4,4,45,logistic_regression,40,746,0,0.24068370199661182,0,0.5
4,4,45,logistic_regression,41,732,1,0.3563562204763896,0,0.5
4,4,45,logistic_regression,47,770,0,0.2610965177199386,0,0.5
4,4,45,logistic_regression,49,739,0,0.22579033846339758,0,0.5
4,4,45,logistic_regression,52,729,0,0.2291741412489081,0,0.5
4,4,45,logistic_regression,57,647,0,0.2560503368138368,0,0.5
4,4,45,logistic_regression,62,679,0,0.2257634947609306,0,0.5
4,4,45,logistic_regression,63,629,0,0.3605863180342067,0,0.5
4,4,45,logistic_regression,68,696,0,0.36542835347948477,0,0.5
4,4,45,logistic_regression,75,686,0,0.22492311638355472,0,0.5
4,4,45,logistic_regression,81,593,0,0.32498895845036013,0,0.5
4,4,45,logistic_regression,84,713,0,0.20055850948868614,0,0.5
4,4,45,logistic_regression,95,604,0,0.18627429564695794,0,0.5
4,4,45,logistic_regression,104,633,0,0.24012415076003943,0,0.5
4,4,45,logistic_regression,117,570,0,0.2188240083230191,0,0.5
4,4,45,logistic_regression,136,586,0,0.17169589189936668,0,0.5
4,4,45,logistic_regression,138,517,0,0.2249472414207361,0,0.5
4,4,45,logistic_regression,142,591,0,0.2217351528810569,0,0.5
4,4,45,logistic_regression,144,558,0,0.2180405330765076,0,0.5
4,4,45,logistic_regression,147,533,0,0.20554072141270338,0,0.5
4,4,45,logistic_regression,150,489,0,0.22386500472584372,0,0.5
4,4,45,logistic_regression,152,438,0,0.22890806378944786,0,0.5
4,4,45,logistic_regression,163,509,1,0.23323378170397335,0,0.5
4,4,45,logistic_regression,177,468,0,0.22244768380369195,0,0.5
4,4,45,logistic_regression,178,472,0,0.18993960796254128,0,0.5
4,4,45,logistic_regression,186,404,0,0.37793530854323854,0,0.5
4,4,45,logistic_regression,188,475,0,0.22915493011525992,0,0.5
4,4,45,logistic_regression,189,380,0,0.23584610182920507,0,0.5
4,4,45,logistic_regression,201,441,0,0.24597517960864854,0,0.5
4,4,45,logistic_regression,211,453,0,0.2238169369351096,0,0.5
4,4,45,logistic_regression,215,372,0,0.21553862515580766,0,0.5
4,4,45,logistic_regression,217,408,0,0.2227489984622313,0,0.5
4,4,45,logistic_regression,220,406,0,0.186155281858851,0,0.5
4,4,45,logistic_regression,221,407,0,0.19979316080210618,0,0.5
4,4,45,logistic_regression,226,409,0,0.22116168654349558,0,0.5
4,4,45,logistic_regression,227,394,0,0.3381161685902732,0,0.5
4,4,45,logistic_regression,229,466,0,0.23509624187925465,0,0.5
4,4,45,logistic_regression,234,406,0,0.186155281858851,0,0.5
4,4,45,logistic_regression,235,378,0,0.21589652803001982,0,0.5
4,4,45,logistic_regression,243,402,0,0.1861680465791099,0,0.5
4,4,45,logistic_regression,246,487,0,0.23062367601334763,0,0.5
4,4,45,logistic_regression,248,381,0,0.23012252194578858,0,0.5
4,4,45,logistic_regression,253,279,0,0.22207510848098802,0,0.5
4,4,45,logistic_regression,259,329,0,0.2675954094302043,0,0.5
4,4,45,logistic_regression,274,349,0,0.22369104307407656,0,0.5
4,4,45,logistic_regression,279,263,0,0.2103161874704951,0,0.5
4,4,45,logistic_regression,284,252,0,0.17830060796564795,0,0.5
4,4,45,logistic_regression,285,430,0,0.2224944914059846,0,0.5
4,4,45,logistic_regression,288,300,0,0.23524443025172412,0,0.5
4,4,45,logistic_regression,295,283,0,0.3046693803859342,0,0.5
4,4,45,logistic_regression,308,382,0,0.2292250899614264,0,0.5
4,4,45,logistic_regression,310,307,0,0.21581127084303267,0,0.5
4,4,45,logistic_regression,312,313,0,0.22210265446142943,0,0.5
4,4,45,logistic_regression,313,370,0,0.2262457604903922,0,0.5
4,4,45,logistic_regression,316,348,0,0.18193493957947549,0,0.5
4,4,45,logistic_regression,327,173,0,0.22042140050453163,0,0.5
4,4,45,logistic_regression,329,290,0,0.22384307962451136,0,0.5
4,4,45,logistic_regression,330,207,0,0.17706829944967373,0,0.5
4,4,45,logistic_regression,333,274,0,0.23255420743282496,0,0.5
4,4,45,logistic_regression,341,121,0,0.1768777720157881,0,0.5
4,4,45,logistic_regression,344,79,0,0.21878068250432414,0,0.5
4,4,45,logistic_regression,349,235,0,0.21968801755695783,0,0.5
4,4,45,logistic_regression,356,79,0,0.21878068250432414,0,0.5
4,4,45,logistic_regression,358,212,0,0.21572960486749257,0,0.5
4,4,45,logistic_regression,365,178,0,0.2401293621355749,0,0.5
4,4,45,logistic_regression,368,203,0,0.22286132834491856,0,0.5
4,4,45,logistic_regression,375,249,0,0.21909998913232803,0,0.5
4,4,45,logistic_regression,376,786,0,0.3552123316475265,0,0.5
4,4,45,logistic_regression,383,134,1,0.21901227399934053,0,0.5
4,4,45,logistic_regression,385,234,0,0.22167946240036004,0,0.5
4,4,45,logistic_regression,386,90,0,0.24090780087583943,0,0.5
4,4,45,logistic_regression,391,69,0,0.18354335724508133,0,0.5
4,4,45,logistic_regression,396,100,0,0.17598011630370594,0,0.5
4,4,45,logistic_regression,399,209,0,0.21768750934661782,0,0.5
4,4,45,logistic_regression,401,210,0,0.22579342275335218,0,0.5
4,4,45,logistic_regression,405,61,0,0.177893025861901,0,0.5
4,4,45,logistic_regression,425,35,0,0.21937945515626717,0,0.5
4,4,45,logistic_regression,426,114,0,0.325936284756752,0,0.5
4,4,45,logistic_regression,433,28,0,0.21218027591727218,0,0.5
4,4,45,logistic_regression,436,39,0,0.17862813295065144,0,0.5
4,4,45,logistic_regression,437,26,0,0.21767266123394086,0,0.5
4,4,45,logistic_regression,442,26,0,0.21767266123394086,0,0.5
4,4,45,logistic_regression,447,63,0,0.22105961943256036,0,0.5
4,4,45,logistic_regression,456,24,0,0.21737839234927547,0,0.5
4,4,45,logistic_regression,458,35,0,0.21937945515626717,0,0.5
4,4,45,logistic_regression,459,3,0,0.21856438671083395,0,0.5
4,4,45,logistic_regression,470,764,0,0.2374842520212521,0,0.5
4,4,45,logistic_regression,471,94,0,0.21465810865670626,0,0.5
4,4,45,logistic_regression,473,787,0,0.2442086556537362,0,0.5
4,4,45,logistic_regression,478,534,0,0.2524837798651125,0,0.5
4,4,45,logistic_regression,480,575,0,0.16237377924003543,0,0.5
4,4,45,logistic_regression,487,483,0,0.22278642048341696,0,0.5
4,4,45,logistic_regression,488,337,0,0.22632368433958636,0,0.5
4,4,45,logistic_regression,496,451,1,0.22013219782509794,0,0.5
4,4,45,logistic_regression,500,763,0,0.22583676233540845,0,0.5
4,4,45,logistic_regression,508,590,0,0.3431030470926447,0,0.5
4,4,45,logistic_regression,517,514,0,0.22619527100589545,0,0.5
4,4,45,logistic_regression,532,364,0,0.22050503934045182,0,0.5
4,4,45,logistic_regression,533,425,0,0.22318764431181673,0,0.5
4,4,45,logistic_regression,536,24,0,0.21737839234927547,0,0.5
4,4,45,logistic_regression,539,76,1,0.3106935943070082,0,0.5
4,4,45,logistic_regression,543,40,0,0.21779961025181988,0,0.5
4,4,45,logistic_regression,554,20,0,0.21609760301058906,0,0.5
4,4,45,logistic_regression,557,458,0,0.2211212591842677,0,0.5
4,4,45,logistic_regression,563,712,0,0.2637219560343087,0,0.5
4,4,45,logistic_regression,568,338,0,0.22093645192114614,0,0.5
4,4,45,logistic_regression,572,373,0,0.24966901179441078,0,0.5
4,4,45,logistic_regression,578,126,1,0.21381332520792612,0,0.5
4,4,45,logistic_regression,582,198,0,0.22784513681534765,0,0.5
4,4,45,logistic_regression,585,648,0,0.2264410761975421,0,0.5
4,4,45,logistic_regression,588,813,0,0.24213418040678664,0,0.5
4,4,45,logistic_regression,589,784,0,0.23083831604308436,0,0.5
4,4,45,logistic_regression,590,56,0,0.21828451293407883,0,0.5
4,4,45,logistic_regression,592,321,0,0.27432955632993833,0,0.5
4,4,45,logistic_regression,596,83,0,0.21200868349686527,0,0.5
4,4,45,logistic_regression,603,440,0,0.18740538040837362,0,0.5
4,4,45,logistic_regression,604,318,0,0.22615213015818042,0,0.5
4,4,45,logistic_regression,607,566,0,0.18415111048075533,0,0.5
4,4,45,logistic_regression,609,416,0,0.25380433239487254,0,0.5
4,4,45,logistic_regression,633,261,0,0.1812266926286536,0,0.5
4,4,45,logistic_regression,642,512,0,0.23821025776340146,0,0.5
4,4,45,logistic_regression,646,27,0,0.2109224435334464,0,0.5
4,4,45,logistic_regression,652,826,0,0.2860097705901761,0,0.5
4,4,45,logistic_regression,660,33,0,0.219083525042742,0,0.5
4,4,45,logistic_regression,666,67,0,0.21621323964157063,0,0.5
4,4,45,logistic_regression,670,817,1,0.26304683044808486,0,0.5
4,4,45,logistic_regression,682,827,0,0.29180270625614757,0,0.5
4,4,45,logistic_regression,693,98,1,0.24634296834565025,0,0.5
4,4,45,logistic_regression,706,81,0,0.23716231492434892,0,0.5
4,4,45,logistic_regression,712,317,0,0.23358405855314132,0,0.5
4,4,45,logistic_regression,718,246,0,0.226487454922827,0,0.5
4,4,45,logistic_regression,725,214,0,0.22087687526783226,0,0.5
4,4,45,logistic_regression,729,327,0,0.2222536940813142,0,0.5
4,4,45,logistic_regression,730,775,0,0.29683281697917735,0,0.5
4,4,45,logistic_regression,736,725,0,0.23127580800410083,0,0.5
4,4,45,logistic_regression,746,342,0,0.25934606248338915,0,0.5
4,4,45,logistic_regression,753,166,1,0.23688027291705233,0,0.5
4,4,45,logistic_regression,755,563,0,0.25419633674362835,0,0.5
4,4,45,logistic_regression,762,139,0,0.1785910863202796,0,0.5
4,4,45,logistic_regression,773,23,0,0.20002409451897069,0,0.5
4,4,45,logistic_regression,776,45,0,0.21822616493848118,0,0.5
4,4,45,logistic_regression,777,744,0,0.23176151303380835,0,0.5
4,4,45,logistic_regression,780,110,0,0.23431940091299616,0,0.5
4,4,45,logistic_regression,783,84,0,0.17716029145803258,0,0.5
4,4,45,logistic_regression,784,403,0,0.23151099818878096,0,0.5
4,4,45,logistic_regression,789,164,0,0.29822524111578613,0,0.5
4,4,45,logistic_regression,790,350,0,0.21848889442754876,0,0.5
4,4,45,logistic_regression,791,15,0,0.22140516325521595,0,0.5
4,4,45,logistic_regression,793,353,0,0.22266155379482702,0,0.5
4,4,45,logistic_regression,795,690,0,0.2839690876301063,0,0.5
4,4,45,logistic_regression,796,605,0,0.23735953460425618,0,0.5
4,4,45,logistic_regression,804,543,0,0.2746764448718912,0,0.5
4,4,45,logistic_regression,820,352,0,0.2417069879662567,0,0.5
4,4,45,logistic_regression,824,720,0,0.23091834971515546,0,0.5
4,4,45,logistic_regression,827,688,0,0.23171771811577202,0,0.5
4,4,45,logistic_regression,834,569,0,0.2627841889900674,0,0.5
4,4,45,logistic_regression,838,694,0,0.2337041126389221,0,0.5
4,4,45,logistic_regression,839,601,0,0.25951186182737757,0,0.5
4,4,45,logistic_regression,849,620,0,0.24149694575952058,0,0.5
4,4,45,logistic_regression,850,117,0,0.21560047218908163,0,0.5
4,4,45,xgboost,8,809,0,0.0036549861542880535,0,0.5
4,4,45,xgboost,10,807,0,0.0039418404921889305,0,0.5
4,4,45,xgboost,17,799,0,0.000989316264167428,0,0.5
4,4,45,xgboost,22,766,1,0.015742413699626923,0,0.5
4,4,45,xgboost,23,767,1,0.017896749079227448,0,0.5
4,4,45,xgboost,27,759,0,0.041026145219802856,0,0.5
4,4,45,xgboost,32,738,0,0.06091988831758499,0,0.5
4,4,45,xgboost,33,734,0,0.057436782866716385,0,0.5
4,4,45,xgboost,34,749,0,0.020720437169075012,0,0.5
4,4,45,xgboost,35,737,0,0.017742646858096123,0,0.5
4,4,45,xgboost,37,747,0,0.010167863219976425,0,0.5
4,4,45,xgboost,40,746,0,0.030107034370303154,0,0.5
4,4,45,xgboost,41,732,1,0.1464914232492447,0,0.5
4,4,45,xgboost,47,770,0,0.012708340771496296,0,0.5
4,4,45,xgboost,49,739,0,0.029758207499980927,0,0.5
4,4,45,xgboost,52,729,0,0.06792088598012924,0,0.5
4,4,45,xgboost,57,647,0,0.039861902594566345,0,0.5
4,4,45,xgboost,62,679,0,0.004667080473154783,0,0.5
4,4,45,xgboost,63,629,0,0.4588016867637634,0,0.5
4,4,45,xgboost,68,696,0,0.2629317045211792,0,0.5
4,4,45,xgboost,75,686,0,0.01629217341542244,0,0.5
4,4,45,xgboost,81,593,0,0.028707163408398628,0,0.5
4,4,45,xgboost,84,713,0,0.02329891547560692,0,0.5
4,4,45,xgboost,95,604,0,0.0028670725878328085,0,0.5
4,4,45,xgboost,104,633,0,0.2236228883266449,0,0.5
4,4,45,xgboost,117,570,0,0.0033829903695732355,0,0.5
4,4,45,xgboost,136,586,0,0.0065511493012309074,0,0.5
4,4,45,xgboost,138,517,0,0.010445495136082172,0,0.5
4,4,45,xgboost,142,591,0,0.009303049184381962,0,0.5
4,4,45,xgboost,144,558,0,0.019995208829641342,0,0.5
4,4,45,xgboost,147,533,0,0.027751941233873367,0,0.5
4,4,45,xgboost,150,489,0,0.02477475069463253,0,0.5
4,4,45,xgboost,152,438,0,0.014180289581418037,0,0.5
4,4,45,xgboost,163,509,1,0.03578595072031021,0,0.5
4,4,45,xgboost,177,468,0,0.00958991702646017,0,0.5
4,4,45,xgboost,178,472,0,0.005373266525566578,0,0.5
4,4,45,xgboost,186,404,0,0.09622026979923248,0,0.5
4,4,45,xgboost,188,475,0,0.020998168736696243,0,0.5
4,4,45,xgboost,189,380,0,0.004029707983136177,0,0.5
4,4,45,xgboost,201,441,0,0.1345064491033554,0,0.5
4,4,45,xgboost,211,453,0,0.006688129156827927,0,0.5
4,4,45,xgboost,215,372,0,0.009284631349146366,0,0.5
4,4,45,xgboost,217,408,0,0.005486984271556139,0,0.5
4,4,45,xgboost,220,406,0,0.004160046577453613,0,0.5
4,4,45,xgboost,221,407,0,0.024299725890159607,0,0.5
4,4,45,xgboost,226,409,0,0.008739938028156757,0,0.5
4,4,45,xgboost,227,394,0,0.07757792621850967,0,0.5
4,4,45,xgboost,229,466,0,0.0257266778498888,0,0.5
4,4,45,xgboost,234,406,0,0.004160046577453613,0,0.5
4,4,45,xgboost,235,378,0,0.04174807295203209,0,0.5
4,4,45,xgboost,243,402,0,0.002932544331997633,0,0.5
4,4,45,xgboost,246,487,0,0.034014131873846054,0,0.5
4,4,45,xgboost,248,381,0,0.007050229236483574,0,0.5
4,4,45,xgboost,253,279,0,0.019518304616212845,0,0.5
4,4,45,xgboost,259,329,0,0.045212823897600174,0,0.5
4,4,45,xgboost,274,349,0,0.003798394463956356,0,0.5
4,4,45,xgboost,279,263,0,0.026532728224992752,0,0.5
4,4,45,xgboost,284,252,0,0.031318143010139465,0,0.5
4,4,45,xgboost,285,430,0,0.005330162588506937,0,0.5
4,4,45,xgboost,288,300,0,0.006813962943851948,0,0.5
4,4,45,xgboost,295,283,0,0.06767939031124115,0,0.5
4,4,45,xgboost,308,382,0,0.00866241380572319,0,0.5
4,4,45,xgboost,310,307,0,0.013898483477532864,0,0.5
4,4,45,xgboost,312,313,0,0.014255810528993607,0,0.5
4,4,45,xgboost,313,370,0,0.030873898416757584,0,0.5
4,4,45,xgboost,316,348,0,0.007851211354136467,0,0.5
4,4,45,xgboost,327,173,0,0.0449552945792675,0,0.5
4,4,45,xgboost,329,290,0,0.018406488001346588,0,0.5
4,4,45,xgboost,330,207,0,0.04587598145008087,0,0.5
4,4,45,xgboost,333,274,0,0.25123414397239685,0,0.5
4,4,45,xgboost,341,121,0,0.0022186844144016504,0,0.5
4,4,45,xgboost,344,79,0,0.00911281444132328,0,0.5
4,4,45,xgboost,349,235,0,0.08544813096523285,0,0.5
4,4,45,xgboost,356,79,0,0.00911281444132328,0,0.5
4,4,45,xgboost,358,212,0,0.13035458326339722,0,0.5
4,4,45,xgboost,365,178,0,0.12543442845344543,0,0.5
4,4,45,xgboost,368,203,0,0.013863394036889076,0,0.5
4,4,45,xgboost,375,249,0,0.08604083210229874,0,0.5
4,4,45,xgboost,376,786,0,0.0481894314289093,0,0.5
4,4,45,xgboost,383,134,1,0.016024809330701828,0,0.5
4,4,45,xgboost,385,234,0,0.09161680191755295,0,0.5
4,4,45,xgboost,386,90,0,0.01456397958099842,0,0.5
4,4,45,xgboost,391,69,0,0.0037060591857880354,0,0.5
4,4,45,xgboost,396,100,0,0.00491189444437623,0,0.5
4,4,45,xgboost,399,209,0,0.3161054849624634,0,0.5
4,4,45,xgboost,401,210,0,0.0369880236685276,0,0.5
4,4,45,xgboost,405,61,0,0.0016655439976602793,0,0.5
4,4,45,xgboost,425,35,0,0.010548259131610394,0,0.5
4,4,45,xgboost,426,114,0,0.018553435802459717,0,0.5
4,4,45,xgboost,433,28,0,0.022709134966135025,0,0.5
4,4,45,xgboost,436,39,0,0.005059323739260435,0,0.5
4,4,45,xgboost,437,26,0,0.009208830073475838,0,0.5
4,4,45,xgboost,442,26,0,0.009208830073475838,0,0.5
4,4,45,xgboost,447,63,0,0.013462156988680363,0,0.5
4,4,45,xgboost,456,24,0,0.006019306369125843,0,0.5
4,4,45,xgboost,458,35,0,0.010548259131610394,0,0.5
4,4,45,xgboost,459,3,0,0.006898053456097841,0,0.5
4,4,45,xgboost,470,764,0,0.008657697588205338,0,0.5
4,4,45,xgboost,471,94,0,0.004455074667930603,0,0.5
4,4,45,xgboost,473,787,0,0.0027544363401830196,0,0.5
4,4,45,xgboost,478,534,0,0.023203948512673378,0,0.5
4,4,45,xgboost,480,575,0,0.001729952055029571,0,0.5
4,4,45,xgboost,487,483,0,0.023294050246477127,0,0.5
4,4,45,xgboost,488,337,0,0.011646092869341373,0,0.5
4,4,45,xgboost,496,451,1,0.046925704926252365,0,0.5
4,4,45,xgboost,500,763,0,0.003665235359221697,0,0.5
4,4,45,xgboost,508,590,0,0.03596451133489609,0,0.5
4,4,45,xgboost,517,514,0,0.0316830649971962,0,0.5
4,4,45,xgboost,532,364,0,0.018152890726923943,0,0.5
4,4,45,xgboost,533,425,0,0.03282516077160835,0,0.5
4,4,45,xgboost,536,24,0,0.006019306369125843,0,0.5
4,4,45,xgboost,539,76,1,0.01576543040573597,0,0.5
4,4,45,xgboost,543,40,0,0.010176202282309532,0,0.5
4,4,45,xgboost,554,20,0,0.015322376042604446,0,0.5
4,4,45,xgboost,557,458,0,0.046058669686317444,0,0.5
4,4,45,xgboost,563,712,0,0.08056405186653137,0,0.5
4,4,45,xgboost,568,338,0,0.03128260746598244,0,0.5
4,4,45,xgboost,572,373,0,0.006498039234429598,0,0.5
4,4,45,xgboost,578,126,1,0.005508654750883579,0,0.5
4,4,45,xgboost,582,198,0,0.03618655353784561,0,0.5
4,4,45,xgboost,585,648,0,0.0360400415956974,0,0.5
4,4,45,xgboost,588,813,0,0.004282809793949127,0,0.5
4,4,45,xgboost,589,784,0,0.010294434614479542,0,0.5
4,4,45,xgboost,590,56,0,0.03579392284154892,0,0.5
4,4,45,xgboost,592,321,0,0.025319240987300873,0,0.5
4,4,45,xgboost,596,83,0,0.00399892358109355,0,0.5
4,4,45,xgboost,603,440,0,0.0023785412777215242,0,0.5
4,4,45,xgboost,604,318,0,0.10632320493459702,0,0.5
4,4,45,xgboost,607,566,0,0.0019319462589919567,0,0.5
4,4,45,xgboost,609,416,0,0.029928093776106834,0,0.5
4,4,45,xgboost,633,261,0,0.013387860730290413,0,0.5
4,4,45,xgboost,642,512,0,0.4493027329444885,0,0.5
4,4,45,xgboost,646,27,0,0.020413439720869064,0,0.5
4,4,45,xgboost,652,826,0,0.057621702551841736,0,0.5
4,4,45,xgboost,660,33,0,0.006898053456097841,0,0.5
4,4,45,xgboost,666,67,0,0.03762197867035866,0,0.5
4,4,45,xgboost,670,817,1,0.20684914290905,0,0.5
4,4,45,xgboost,682,827,0,0.05283597111701965,0,0.5
4,4,45,xgboost,693,98,1,0.034127552062273026,0,0.5
4,4,45,xgboost,706,81,0,0.06517495959997177,0,0.5
4,4,45,xgboost,712,317,0,0.03922098129987717,0,0.5
4,4,45,xgboost,718,246,0,0.27773046493530273,0,0.5
4,4,45,xgboost,725,214,0,0.07911520451307297,0,0.5
4,4,45,xgboost,729,327,0,0.006121432408690453,0,0.5
4,4,45,xgboost,730,775,0,0.24308893084526062,0,0.5
4,4,45,xgboost,736,725,0,0.028858471661806107,0,0.5
4,4,45,xgboost,746,342,0,0.010873785242438316,0,0.5
4,4,45,xgboost,753,166,1,0.0611567348241806,0,0.5
4,4,45,xgboost,755,563,0,0.05515235662460327,0,0.5
4,4,45,xgboost,762,139,0,0.002674380550161004,0,0.5
4,4,45,xgboost,773,23,0,0.0057584550231695175,0,0.5
4,4,45,xgboost,776,45,0,0.0036290353164076805,0,0.5
4,4,45,xgboost,777,744,0,0.015005392953753471,0,0.5
4,4,45,xgboost,780,110,0,0.006841924041509628,0,0.5
4,4,45,xgboost,783,84,0,0.002041272120550275,0,0.5
4,4,45,xgboost,784,403,0,0.012026332318782806,0,0.5
4,4,45,xgboost,789,164,0,0.17389072477817535,0,0.5
4,4,45,xgboost,790,350,0,0.0399211086332798,0,0.5
4,4,45,xgboost,791,15,0,0.005703167524188757,0,0.5
4,4,45,xgboost,793,353,0,0.04460645467042923,0,0.5
4,4,45,xgboost,795,690,0,0.6264660358428955,1,0.5
4,4,45,xgboost,796,605,0,0.004135792143642902,0,0.5
4,4,45,xgboost,804,543,0,0.29547226428985596,0,0.5
4,4,45,xgboost,820,352,0,0.07074756920337677,0,0.5
4,4,45,xgboost,824,720,0,0.01644892431795597,0,0.5
4,4,45,xgboost,827,688,0,0.024614529684185982,0,0.5
4,4,45,xgboost,834,569,0,0.05438755825161934,0,0.5
4,4,45,xgboost,838,694,0,0.014486013911664486,0,0.5
4,4,45,xgboost,839,601,0,0.09020205587148666,0,0.5
4,4,45,xgboost,849,620,0,0.010961644351482391,0,0.5
4,4,45,xgboost,850,117,0,0.005063410848379135,0,0.5
4,5,45,dummy_prior,0,109,0,0.06404657933042213,0,0.5
4,5,45,dummy_prior,3,825,0,0.06404657933042213,0,0.5
4,5,45,dummy_prior,7,413,0,0.06404657933042213,0,0.5
4,5,45,dummy_prior,11,450,0,0.06404657933042213,0,0.5
4,5,45,dummy_prior,13,803,0,0.06404657933042213,0,0.5
4,5,45,dummy_prior,15,776,0,0.06404657933042213,0,0.5
4,5,45,dummy_prior,24,774,0,0.06404657933042213,0,0.5
4,5,45,dummy_prior,44,740,1,0.06404657933042213,0,0.5
4,5,45,dummy_prior,46,716,0,0.06404657933042213,0,0.5
4,5,45,dummy_prior,51,715,0,0.06404657933042213,0,0.5
4,5,45,dummy_prior,55,789,0,0.06404657933042213,0,0.5
4,5,45,dummy_prior,59,692,0,0.06404657933042213,0,0.5
4,5,45,dummy_prior,61,697,0,0.06404657933042213,0,0.5
4,5,45,dummy_prior,70,727,0,0.06404657933042213,0,0.5
4,5,45,dummy_prior,71,677,0,0.06404657933042213,0,0.5
4,5,45,dummy_prior,73,685,0,0.06404657933042213,0,0.5
4,5,45,dummy_prior,83,621,0,0.06404657933042213,0,0.5
4,5,45,dummy_prior,88,618,0,0.06404657933042213,0,0.5
4,5,45,dummy_prior,89,632,0,0.06404657933042213,0,0.5
4,5,45,dummy_prior,93,631,1,0.06404657933042213,0,0.5
4,5,45,dummy_prior,94,637,0,0.06404657933042213,0,0.5
4,5,45,dummy_prior,109,612,0,0.06404657933042213,0,0.5
4,5,45,dummy_prior,115,665,0,0.06404657933042213,0,0.5
4,5,45,dummy_prior,130,492,0,0.06404657933042213,0,0.5
4,5,45,dummy_prior,135,465,0,0.06404657933042213,0,0.5
4,5,45,dummy_prior,149,594,0,0.06404657933042213,0,0.5
4,5,45,dummy_prior,154,457,0,0.06404657933042213,0,0.5
4,5,45,dummy_prior,159,463,0,0.06404657933042213,0,0.5
4,5,45,dummy_prior,161,490,0,0.06404657933042213,0,0.5
4,5,45,dummy_prior,166,515,0,0.06404657933042213,0,0.5
4,5,45,dummy_prior,184,411,0,0.06404657933042213,0,0.5
4,5,45,dummy_prior,185,488,1,0.06404657933042213,0,0.5
4,5,45,dummy_prior,190,513,0,0.06404657933042213,0,0.5
4,5,45,dummy_prior,196,505,0,0.06404657933042213,0,0.5
4,5,45,dummy_prior,205,388,1,0.06404657933042213,0,0.5
4,5,45,dummy_prior,219,324,0,0.06404657933042213,0,0.5
4,5,45,dummy_prior,225,511,0,0.06404657933042213,0,0.5
4,5,45,dummy_prior,236,343,0,0.06404657933042213,0,0.5
4,5,45,dummy_prior,239,497,0,0.06404657933042213,0,0.5
4,5,45,dummy_prior,258,245,0,0.06404657933042213,0,0.5
4,5,45,dummy_prior,263,296,0,0.06404657933042213,0,0.5
4,5,45,dummy_prior,265,247,0,0.06404657933042213,0,0.5
4,5,45,dummy_prior,270,211,0,0.06404657933042213,0,0.5
4,5,45,dummy_prior,272,330,0,0.06404657933042213,0,0.5
4,5,45,dummy_prior,273,355,0,0.06404657933042213,0,0.5
4,5,45,dummy_prior,275,237,0,0.06404657933042213,0,0.5
4,5,45,dummy_prior,276,241,0,0.06404657933042213,0,0.5
4,5,45,dummy_prior,277,168,0,0.06404657933042213,0,0.5
4,5,45,dummy_prior,286,240,0,0.06404657933042213,0,0.5
4,5,45,dummy_prior,287,272,0,0.06404657933042213,0,0.5
4,5,45,dummy_prior,289,419,0,0.06404657933042213,0,0.5
4,5,45,dummy_prior,294,288,0,0.06404657933042213,0,0.5
4,5,45,dummy_prior,296,358,0,0.06404657933042213,0,0.5
4,5,45,dummy_prior,299,319,0,0.06404657933042213,0,0.5
4,5,45,dummy_prior,303,386,0,0.06404657933042213,0,0.5
4,5,45,dummy_prior,304,331,0,0.06404657933042213,0,0.5
4,5,45,dummy_prior,305,201,0,0.06404657933042213,0,0.5
4,5,45,dummy_prior,314,215,1,0.06404657933042213,0,0.5
4,5,45,dummy_prior,319,293,0,0.06404657933042213,0,0.5
4,5,45,dummy_prior,328,197,0,0.06404657933042213,0,0.5
4,5,45,dummy_prior,335,525,1,0.06404657933042213,0,0.5
4,5,45,dummy_prior,338,200,0,0.06404657933042213,0,0.5
4,5,45,dummy_prior,340,148,0,0.06404657933042213,0,0.5
4,5,45,dummy_prior,355,140,0,0.06404657933042213,0,0.5
4,5,45,dummy_prior,361,199,0,0.06404657933042213,0,0.5
4,5,45,dummy_prior,366,143,0,0.06404657933042213,0,0.5
4,5,45,dummy_prior,369,82,0,0.06404657933042213,0,0.5
4,5,45,dummy_prior,381,145,0,0.06404657933042213,0,0.5
4,5,45,dummy_prior,384,78,0,0.06404657933042213,0,0.5
4,5,45,dummy_prior,392,120,0,0.06404657933042213,0,0.5
4,5,45,dummy_prior,394,184,0,0.06404657933042213,0,0.5
4,5,45,dummy_prior,395,82,0,0.06404657933042213,0,0.5
4,5,45,dummy_prior,398,115,0,0.06404657933042213,0,0.5
4,5,45,dummy_prior,400,55,0,0.06404657933042213,0,0.5
4,5,45,dummy_prior,402,102,0,0.06404657933042213,0,0.5
4,5,45,dummy_prior,407,57,0,0.06404657933042213,0,0.5
4,5,45,dummy_prior,409,54,0,0.06404657933042213,0,0.5
4,5,45,dummy_prior,420,97,0,0.06404657933042213,0,0.5
4,5,45,dummy_prior,422,89,0,0.06404657933042213,0,0.5
4,5,45,dummy_prior,423,51,0,0.06404657933042213,0,0.5
4,5,45,dummy_prior,424,181,0,0.06404657933042213,0,0.5
4,5,45,dummy_prior,427,161,0,0.06404657933042213,0,0.5
4,5,45,dummy_prior,435,54,0,0.06404657933042213,0,0.5
4,5,45,dummy_prior,439,112,0,0.06404657933042213,0,0.5
4,5,45,dummy_prior,452,46,0,0.06404657933042213,0,0.5
4,5,45,dummy_prior,468,11,0,0.06404657933042213,0,0.5
4,5,45,dummy_prior,472,682,1,0.06404657933042213,0,0.5
4,5,45,dummy_prior,475,154,0,0.06404657933042213,0,0.5
4,5,45,dummy_prior,485,286,0,0.06404657933042213,0,0.5
4,5,45,dummy_prior,491,122,0,0.06404657933042213,0,0.5
4,5,45,dummy_prior,495,405,0,0.06404657933042213,0,0.5
4,5,45,dummy_prior,514,476,0,0.06404657933042213,0,0.5
4,5,45,dummy_prior,515,603,0,0.06404657933042213,0,0.5
4,5,45,dummy_prior,516,174,0,0.06404657933042213,0,0.5
4,5,45,dummy_prior,525,46,0,0.06404657933042213,0,0.5
4,5,45,dummy_prior,526,469,0,0.06404657933042213,0,0.5
4,5,45,dummy_prior,534,93,0,0.06404657933042213,0,0.5
4,5,45,dummy_prior,537,365,0,0.06404657933042213,0,0.5
4,5,45,dummy_prior,538,361,0,0.06404657933042213,0,0.5
4,5,45,dummy_prior,547,385,0,0.06404657933042213,0,0.5
4,5,45,dummy_prior,549,662,1,0.06404657933042213,0,0.5
4,5,45,dummy_prior,550,191,0,0.06404657933042213,0,0.5
4,5,45,dummy_prior,552,105,0,0.06404657933042213,0,0.5
4,5,45,dummy_prior,561,208,0,0.06404657933042213,0,0.5
4,5,45,dummy_prior,562,282,0,0.06404657933042213,0,0.5
4,5,45,dummy_prior,567,383,0,0.06404657933042213,0,0.5
4,5,45,dummy_prior,575,54,0,0.06404657933042213,0,0.5
4,5,45,dummy_prior,577,196,0,0.06404657933042213,0,0.5
4,5,45,dummy_prior,580,55,0,0.06404657933042213,0,0.5
4,5,45,dummy_prior,584,562,0,0.06404657933042213,0,0.5
4,5,45,dummy_prior,586,150,0,0.06404657933042213,0,0.5
4,5,45,dummy_prior,598,54,1,0.06404657933042213,0,0.5
4,5,45,dummy_prior,599,176,0,0.06404657933042213,0,0.5
4,5,45,dummy_prior,608,135,0,0.06404657933042213,0,0.5
4,5,45,dummy_prior,611,311,0,0.06404657933042213,0,0.5
4,5,45,dummy_prior,616,376,0,0.06404657933042213,0,0.5
4,5,45,dummy_prior,617,157,0,0.06404657933042213,0,0.5
4,5,45,dummy_prior,618,130,0,0.06404657933042213,0,0.5
4,5,45,dummy_prior,621,582,0,0.06404657933042213,0,0.5
4,5,45,dummy_prior,626,622,0,0.06404657933042213,0,0.5
4,5,45,dummy_prior,627,280,0,0.06404657933042213,0,0.5
4,5,45,dummy_prior,628,779,0,0.06404657933042213,0,0.5
4,5,45,dummy_prior,631,187,0,0.06404657933042213,0,0.5
4,5,45,dummy_prior,635,714,0,0.06404657933042213,0,0.5
4,5,45,dummy_prior,637,493,0,0.06404657933042213,0,0.5
4,5,45,dummy_prior,643,21,0,0.06404657933042213,0,0.5
4,5,45,dummy_prior,647,277,0,0.06404657933042213,0,0.5
4,5,45,dummy_prior,651,788,0,0.06404657933042213,0,0.5
4,5,45,dummy_prior,653,216,1,0.06404657933042213,0,0.5
4,5,45,dummy_prior,656,294,0,0.06404657933042213,0,0.5
4,5,45,dummy_prior,658,85,0,0.06404657933042213,0,0.5
4,5,45,dummy_prior,659,467,0,0.06404657933042213,0,0.5
4,5,45,dummy_prior,663,310,0,0.06404657933042213,0,0.5
4,5,45,dummy_prior,667,829,0,0.06404657933042213,0,0.5
4,5,45,dummy_prior,674,795,0,0.06404657933042213,0,0.5
4,5,45,dummy_prior,676,828,0,0.06404657933042213,0,0.5
4,5,45,dummy_prior,680,821,0,0.06404657933042213,0,0.5
4,5,45,dummy_prior,695,538,0,0.06404657933042213,0,0.5
4,5,45,dummy_prior,696,138,0,0.06404657933042213,0,0.5
4,5,45,dummy_prior,698,473,0,0.06404657933042213,0,0.5
4,5,45,dummy_prior,699,111,0,0.06404657933042213,0,0.5
4,5,45,dummy_prior,707,231,0,0.06404657933042213,0,0.5
4,5,45,dummy_prior,714,521,0,0.06404657933042213,0,0.5
4,5,45,dummy_prior,717,731,0,0.06404657933042213,0,0.5
4,5,45,dummy_prior,720,427,0,0.06404657933042213,0,0.5
4,5,45,dummy_prior,722,325,0,0.06404657933042213,0,0.5
4,5,45,dummy_prior,723,124,0,0.06404657933042213,0,0.5
4,5,45,dummy_prior,724,554,0,0.06404657933042213,0,0.5
4,5,45,dummy_prior,737,177,0,0.06404657933042213,0,0.5
4,5,45,dummy_prior,747,218,0,0.06404657933042213,0,0.5
4,5,45,dummy_prior,749,541,0,0.06404657933042213,0,0.5
4,5,45,dummy_prior,750,99,0,0.06404657933042213,0,0.5
4,5,45,dummy_prior,756,395,0,0.06404657933042213,0,0.5
4,5,45,dummy_prior,760,44,0,0.06404657933042213,0,0.5
4,5,45,dummy_prior,761,607,0,0.06404657933042213,0,0.5
4,5,45,dummy_prior,770,357,0,0.06404657933042213,0,0.5
4,5,45,dummy_prior,775,455,0,0.06404657933042213,0,0.5
4,5,45,dummy_prior,797,645,1,0.06404657933042213,0,0.5
4,5,45,dummy_prior,805,668,0,0.06404657933042213,0,0.5
4,5,45,dummy_prior,811,48,0,0.06404657933042213,0,0.5
4,5,45,dummy_prior,815,549,0,0.06404657933042213,0,0.5
4,5,45,dummy_prior,818,700,0,0.06404657933042213,0,0.5
4,5,45,dummy_prior,819,2,0,0.06404657933042213,0,0.5
4,5,45,dummy_prior,822,726,0,0.06404657933042213,0,0.5
4,5,45,dummy_prior,825,794,0,0.06404657933042213,0,0.5
4,5,45,dummy_prior,830,699,0,0.06404657933042213,0,0.5
4,5,45,dummy_prior,831,777,0,0.06404657933042213,0,0.5
4,5,45,dummy_prior,832,561,0,0.06404657933042213,0,0.5
4,5,45,dummy_prior,835,332,0,0.06404657933042213,0,0.5
4,5,45,dummy_prior,845,132,0,0.06404657933042213,0,0.5
4,5,45,dummy_prior,852,800,0,0.06404657933042213,0,0.5
4,5,45,logistic_regression,0,109,0,0.22516403745038302,0,0.5
4,5,45,logistic_regression,3,825,0,0.3117762239435257,0,0.5
4,5,45,logistic_regression,7,413,0,0.21240196875867112,0,0.5
4,5,45,logistic_regression,11,450,0,0.24126774616876376,0,0.5
4,5,45,logistic_regression,13,803,0,0.22456220164363205,0,0.5
4,5,45,logistic_regression,15,776,0,0.26763899431328375,0,0.5
4,5,45,logistic_regression,24,774,0,0.23656435949001225,0,0.5
4,5,45,logistic_regression,44,740,1,0.2822884492868048,0,0.5
4,5,45,logistic_regression,46,716,0,0.25541812281945125,0,0.5
4,5,45,logistic_regression,51,715,0,0.23038188948946936,0,0.5
4,5,45,logistic_regression,55,789,0,0.2777352287280642,0,0.5
4,5,45,logistic_regression,59,692,0,0.3761048720159551,0,0.5
4,5,45,logistic_regression,61,697,0,0.2657405144090756,0,0.5
4,5,45,logistic_regression,70,727,0,0.26929220764909556,0,0.5
4,5,45,logistic_regression,71,677,0,0.16493045737411358,0,0.5
4,5,45,logistic_regression,73,685,0,0.2201964665434422,0,0.5
4,5,45,logistic_regression,83,621,0,0.2406309673791603,0,0.5
4,5,45,logistic_regression,88,618,0,0.22601477717615942,0,0.5
4,5,45,logistic_regression,89,632,0,0.20386726019975848,0,0.5
4,5,45,logistic_regression,93,631,1,0.1994084172048271,0,0.5
4,5,45,logistic_regression,94,637,0,0.23239075313547802,0,0.5
4,5,45,logistic_regression,109,612,0,0.17353611033051905,0,0.5
4,5,45,logistic_regression,115,665,0,0.2455261465833873,0,0.5
4,5,45,logistic_regression,130,492,0,0.23555401112575686,0,0.5
4,5,45,logistic_regression,135,465,0,0.23715919760252482,0,0.5
4,5,45,logistic_regression,149,594,0,0.19226722341142788,0,0.5
4,5,45,logistic_regression,154,457,0,0.23894726105206954,0,0.5
4,5,45,logistic_regression,159,463,0,0.2329447289500527,0,0.5
4,5,45,logistic_regression,161,490,0,0.2322620420820461,0,0.5
4,5,45,logistic_regression,166,515,0,0.23199726757343764,0,0.5
4,5,45,logistic_regression,184,411,0,0.22040153658916284,0,0.5
4,5,45,logistic_regression,185,488,1,0.2741289171775468,0,0.5
4,5,45,logistic_regression,190,513,0,0.2195984932627235,0,0.5
4,5,45,logistic_regression,196,505,0,0.227735297891881,0,0.5
4,5,45,logistic_regression,205,388,1,0.21513089530320859,0,0.5
4,5,45,logistic_regression,219,324,0,0.22522752376931657,0,0.5
4,5,45,logistic_regression,225,511,0,0.1885215807757032,0,0.5
4,5,45,logistic_regression,236,343,0,0.422478248724246,0,0.5
4,5,45,logistic_regression,239,497,0,0.25951465195487566,0,0.5
4,5,45,logistic_regression,258,245,0,0.21465607188960362,0,0.5
4,5,45,logistic_regression,263,296,0,0.19759217062613704,0,0.5
4,5,45,logistic_regression,265,247,0,0.2585822743096879,0,0.5
4,5,45,logistic_regression,270,211,0,0.2141142855876555,0,0.5
4,5,45,logistic_regression,272,330,0,0.20921368290078643,0,0.5
4,5,45,logistic_regression,273,355,0,0.2378959966299692,0,0.5
4,5,45,logistic_regression,275,237,0,0.22293675734762344,0,0.5
4,5,45,logistic_regression,276,241,0,0.22333186105744718,0,0.5
4,5,45,logistic_regression,277,168,0,0.2186345057979538,0,0.5
4,5,45,logistic_regression,286,240,0,0.22823111763830525,0,0.5
4,5,45,logistic_regression,287,272,0,0.2196090124130214,0,0.5
4,5,45,logistic_regression,289,419,0,0.2290710292372316,0,0.5
4,5,45,logistic_regression,294,288,0,0.223433784597492,0,0.5
4,5,45,logistic_regression,296,358,0,0.2244358352465039,0,0.5
4,5,45,logistic_regression,299,319,0,0.1787330317152366,0,0.5
4,5,45,logistic_regression,303,386,0,0.23014329966698494,0,0.5
4,5,45,logistic_regression,304,331,0,0.1808476009827046,0,0.5
4,5,45,logistic_regression,305,201,0,0.22680534913458886,0,0.5
4,5,45,logistic_regression,314,215,1,0.22144316026260658,0,0.5
4,5,45,logistic_regression,319,293,0,0.17830944939705343,0,0.5
4,5,45,logistic_regression,328,197,0,0.1821624966325727,0,0.5
4,5,45,logistic_regression,335,525,1,0.22968531078043367,0,0.5
4,5,45,logistic_regression,338,200,0,0.19471701166553906,0,0.5
4,5,45,logistic_regression,340,148,0,0.211640825855832,0,0.5
4,5,45,logistic_regression,355,140,0,0.3541473753163043,0,0.5
4,5,45,logistic_regression,361,199,0,0.2115731948497204,0,0.5
4,5,45,logistic_regression,366,143,0,0.21471467292507185,0,0.5
4,5,45,logistic_regression,369,82,0,0.21942543753015464,0,0.5
4,5,45,logistic_regression,381,145,0,0.18295330780765032,0,0.5
4,5,45,logistic_regression,384,78,0,0.34209516596982015,0,0.5
4,5,45,logistic_regression,392,120,0,0.2235005210189845,0,0.5
4,5,45,logistic_regression,394,184,0,0.45229844911911465,0,0.5
4,5,45,logistic_regression,395,82,0,0.21942543753015464,0,0.5
4,5,45,logistic_regression,398,115,0,0.18334211188184937,0,0.5
4,5,45,logistic_regression,400,55,0,0.21386022287299508,0,0.5
4,5,45,logistic_regression,402,102,0,0.215180274866995,0,0.5
4,5,45,logistic_regression,407,57,0,0.4620750770410369,0,0.5
4,5,45,logistic_regression,409,54,0,0.2244234222203074,0,0.5
4,5,45,logistic_regression,420,97,0,0.21064218042809552,0,0.5
4,5,45,logistic_regression,422,89,0,0.21978324521932646,0,0.5
4,5,45,logistic_regression,423,51,0,0.22962123795455922,0,0.5
4,5,45,logistic_regression,424,181,0,0.3368974680192937,0,0.5
4,5,45,logistic_regression,427,161,0,0.22416516185578464,0,0.5
4,5,45,logistic_regression,435,54,0,0.2244234222203074,0,0.5
4,5,45,logistic_regression,439,112,0,0.21636996656223378,0,0.5
4,5,45,logistic_regression,452,46,0,0.17904443991936972,0,0.5
4,5,45,logistic_regression,468,11,0,0.20700768989191343,0,0.5
4,5,45,logistic_regression,472,682,1,0.2241570898562479,0,0.5
4,5,45,logistic_regression,475,154,0,0.22439863769696328,0,0.5
4,5,45,logistic_regression,485,286,0,0.22679025430426522,0,0.5
4,5,45,logistic_regression,491,122,0,0.21314746146164107,0,0.5
4,5,45,logistic_regression,495,405,0,0.18772508708882998,0,0.5
4,5,45,logistic_regression,514,476,0,0.21051780594777392,0,0.5
4,5,45,logistic_regression,515,603,0,0.2275636203299194,0,0.5
4,5,45,logistic_regression,516,174,0,0.21549523736901116,0,0.5
4,5,45,logistic_regression,525,46,0,0.17904443991936972,0,0.5
4,5,45,logistic_regression,526,469,0,0.2251476862043259,0,0.5
4,5,45,logistic_regression,534,93,0,0.21188778402163322,0,0.5
4,5,45,logistic_regression,537,365,0,0.23801090460454688,0,0.5
4,5,45,logistic_regression,538,361,0,0.21313006138524376,0,0.5
4,5,45,logistic_regression,547,385,0,0.18421266054797242,0,0.5
4,5,45,logistic_regression,549,662,1,0.2547872565255009,0,0.5
4,5,45,logistic_regression,550,191,0,0.22432482630187514,0,0.5
4,5,45,logistic_regression,552,105,0,0.19659295203744484,0,0.5
4,5,45,logistic_regression,561,208,0,0.21695651426311133,0,0.5
4,5,45,logistic_regression,562,282,0,0.22165250987424437,0,0.5
4,5,45,logistic_regression,567,383,0,0.24471012876782172,0,0.5
4,5,45,logistic_regression,575,54,0,0.2244234222203074,0,0.5
4,5,45,logistic_regression,577,196,0,0.2279913609628657,0,0.5
4,5,45,logistic_regression,580,55,0,0.21386022287299508,0,0.5
4,5,45,logistic_regression,584,562,0,0.22551692647597632,0,0.5
4,5,45,logistic_regression,586,150,0,0.1944871967823729,0,0.5
4,5,45,logistic_regression,598,54,1,0.2244234222203074,0,0.5
4,5,45,logistic_regression,599,176,0,0.22550073080749522,0,0.5
4,5,45,logistic_regression,608,135,0,0.21790615574823885,0,0.5
4,5,45,logistic_regression,611,311,0,0.2202306706079933,0,0.5
4,5,45,logistic_regression,616,376,0,0.239692073453453,0,0.5
4,5,45,logistic_regression,617,157,0,0.21388920250075907,0,0.5
4,5,45,logistic_regression,618,130,0,0.21459899015070422,0,0.5
4,5,45,logistic_regression,621,582,0,0.23027220825861722,0,0.5
4,5,45,logistic_regression,626,622,0,0.21829276843635553,0,0.5
4,5,45,logistic_regression,627,280,0,0.23045092839575018,0,0.5
4,5,45,logistic_regression,628,779,0,0.29891956732442904,0,0.5
4,5,45,logistic_regression,631,187,0,0.23574132949994464,0,0.5
4,5,45,logistic_regression,635,714,0,0.22706327991265582,0,0.5
4,5,45,logistic_regression,637,493,0,0.2417610369441022,0,0.5
4,5,45,logistic_regression,643,21,0,0.21873038507606934,0,0.5
4,5,45,logistic_regression,647,277,0,0.23933914621427482,0,0.5
4,5,45,logistic_regression,651,788,0,0.2721191618393929,0,0.5
4,5,45,logistic_regression,653,216,1,0.2502854939363208,0,0.5
4,5,45,logistic_regression,656,294,0,0.2145728943619537,0,0.5
4,5,45,logistic_regression,658,85,0,0.21955732155078944,0,0.5
4,5,45,logistic_regression,659,467,0,0.22034855960465186,0,0.5
4,5,45,logistic_regression,663,310,0,0.2250950676974482,0,0.5
4,5,45,logistic_regression,667,829,0,0.26180871407261275,0,0.5
4,5,45,logistic_regression,674,795,0,0.34595573842794586,0,0.5
4,5,45,logistic_regression,676,828,0,0.2404882418946414,0,0.5
4,5,45,logistic_regression,680,821,0,0.242606841601841,0,0.5
4,5,45,logistic_regression,695,538,0,0.2458587436144653,0,0.5
4,5,45,logistic_regression,696,138,0,0.21074984033937585,0,0.5
4,5,45,logistic_regression,698,473,0,0.25898436769898525,0,0.5
4,5,45,logistic_regression,699,111,0,0.2638236180850059,0,0.5
4,5,45,logistic_regression,707,231,0,0.2514959127883289,0,0.5
4,5,45,logistic_regression,714,521,0,0.23771563684163122,0,0.5
4,5,45,logistic_regression,717,731,0,0.2728216751359141,0,0.5
4,5,45,logistic_regression,720,427,0,0.21614760957846008,0,0.5
4,5,45,logistic_regression,722,325,0,0.2560670867087599,0,0.5
4,5,45,logistic_regression,723,124,0,0.2281035101959753,0,0.5
4,5,45,logistic_regression,724,554,0,0.2088645418288002,0,0.5
4,5,45,logistic_regression,737,177,0,0.22566458826854338,0,0.5
4,5,45,logistic_regression,747,218,0,0.21524421792344134,0,0.5
4,5,45,logistic_regression,749,541,0,0.3349045173031316,0,0.5
4,5,45,logistic_regression,750,99,0,0.22868516596975696,0,0.5
4,5,45,logistic_regression,756,395,0,0.22753274622176625,0,0.5
4,5,45,logistic_regression,760,44,0,0.32935284062516307,0,0.5
4,5,45,logistic_regression,761,607,0,0.1961216825787972,0,0.5
4,5,45,logistic_regression,770,357,0,0.24439954321948265,0,0.5
4,5,45,logistic_regression,775,455,0,0.2255717631792763,0,0.5
4,5,45,logistic_regression,797,645,1,0.22348942417004283,0,0.5
4,5,45,logistic_regression,805,668,0,0.2530657985326231,0,0.5
4,5,45,logistic_regression,811,48,0,0.24136786955530012,0,0.5
4,5,45,logistic_regression,815,549,0,0.25390473006346753,0,0.5
4,5,45,logistic_regression,818,700,0,0.25308885688244154,0,0.5
4,5,45,logistic_regression,819,2,0,0.19394428340388023,0,0.5
4,5,45,logistic_regression,822,726,0,0.21905897170175184,0,0.5
4,5,45,logistic_regression,825,794,0,0.23358023110647078,0,0.5
4,5,45,logistic_regression,830,699,0,0.2367297347006993,0,0.5
4,5,45,logistic_regression,831,777,0,0.4112685593020453,0,0.5
4,5,45,logistic_regression,832,561,0,0.21535237918334535,0,0.5
4,5,45,logistic_regression,835,332,0,0.22809497616485014,0,0.5
4,5,45,logistic_regression,845,132,0,0.2175468787322023,0,0.5
4,5,45,logistic_regression,852,800,0,0.24056737411120255,0,0.5
4,5,45,xgboost,0,109,0,0.057968609035015106,0,0.5
4,5,45,xgboost,3,825,0,0.15111587941646576,0,0.5
4,5,45,xgboost,7,413,0,0.028362557291984558,0,0.5
4,5,45,xgboost,11,450,0,0.0365544855594635,0,0.5
4,5,45,xgboost,13,803,0,0.021733161062002182,0,0.5
4,5,45,xgboost,15,776,0,0.31424227356910706,0,0.5
4,5,45,xgboost,24,774,0,0.03901233524084091,0,0.5
4,5,45,xgboost,44,740,1,0.14937855303287506,0,0.5
4,5,45,xgboost,46,716,0,0.03675352782011032,0,0.5
4,5,45,xgboost,51,715,0,0.04367491602897644,0,0.5
4,5,45,xgboost,55,789,0,0.2603309452533722,0,0.5
4,5,45,xgboost,59,692,0,0.06738884001970291,0,0.5
4,5,45,xgboost,61,697,0,0.03611015900969505,0,0.5
4,5,45,xgboost,70,727,0,0.2614622712135315,0,0.5
4,5,45,xgboost,71,677,0,0.017353851348161697,0,0.5
4,5,45,xgboost,73,685,0,0.023242807015776634,0,0.5
4,5,45,xgboost,83,621,0,0.03591368347406387,0,0.5
4,5,45,xgboost,88,618,0,0.031805746257305145,0,0.5
4,5,45,xgboost,89,632,0,0.02594093605875969,0,0.5
4,5,45,xgboost,93,631,1,0.025019554421305656,0,0.5
4,5,45,xgboost,94,637,0,0.04181273281574249,0,0.5
4,5,45,xgboost,109,612,0,0.015776770189404488,0,0.5
4,5,45,xgboost,115,665,0,0.04604675993323326,0,0.5
4,5,45,xgboost,130,492,0,0.03847140446305275,0,0.5
4,5,45,xgboost,135,465,0,0.046952564269304276,0,0.5
4,5,45,xgboost,149,594,0,0.020078442990779877,0,0.5
4,5,45,xgboost,154,457,0,0.036191411316394806,0,0.5
4,5,45,xgboost,159,463,0,0.035327255725860596,0,0.5
4,5,45,xgboost,161,490,0,0.03754638135433197,0,0.5
4,5,45,xgboost,166,515,0,0.024391060695052147,0,0.5
4,5,45,xgboost,184,411,0,0.058306217193603516,0,0.5
4,5,45,xgboost,185,488,1,0.039667192846536636,0,0.5
4,5,45,xgboost,190,513,0,0.06252218782901764,0,0.5
4,5,45,xgboost,196,505,0,0.07149820029735565,0,0.5
4,5,45,xgboost,205,388,1,0.04600067064166069,0,0.5
4,5,45,xgboost,219,324,0,0.04623483121395111,0,0.5
4,5,45,xgboost,225,511,0,0.024877453222870827,0,0.5
4,5,45,xgboost,236,343,0,0.10679147392511368,0,0.5
4,5,45,xgboost,239,497,0,0.039873309433460236,0,0.5
4,5,45,xgboost,258,245,0,0.08706498146057129,0,0.5
4,5,45,xgboost,263,296,0,0.019539915025234222,0,0.5
4,5,45,xgboost,265,247,0,0.08297217637300491,0,0.5
4,5,45,xgboost,270,211,0,0.061839986592531204,0,0.5
4,5,45,xgboost,272,330,0,0.018903182819485664,0,0.5
4,5,45,xgboost,273,355,0,0.04343336448073387,0,0.5
4,5,45,xgboost,275,237,0,0.09115660190582275,0,0.5
4,5,45,xgboost,276,241,0,0.09105318784713745,0,0.5
4,5,45,xgboost,277,168,0,0.0754416361451149,0,0.5
4,5,45,xgboost,286,240,0,0.09316069632768631,0,0.5
4,5,45,xgboost,287,272,0,0.07800741493701935,0,0.5
4,5,45,xgboost,289,419,0,0.051979318261146545,0,0.5
4,5,45,xgboost,294,288,0,0.04589046537876129,0,0.5
4,5,45,xgboost,296,358,0,0.050677601248025894,0,0.5
4,5,45,xgboost,299,319,0,0.018578315153717995,0,0.5
4,5,45,xgboost,303,386,0,0.0449177585542202,0,0.5
4,5,45,xgboost,304,331,0,0.016592632979154587,0,0.5
4,5,45,xgboost,305,201,0,0.10271280258893967,0,0.5
4,5,45,xgboost,314,215,1,0.05638417229056358,0,0.5
4,5,45,xgboost,319,293,0,0.016878090798854828,0,0.5
4,5,45,xgboost,328,197,0,0.03382391855120659,0,0.5
4,5,45,xgboost,335,525,1,0.061201997101306915,0,0.5
4,5,45,xgboost,338,200,0,0.062390949577093124,0,0.5
4,5,45,xgboost,340,148,0,0.06869979947805405,0,0.5
4,5,45,xgboost,355,140,0,0.1609691083431244,0,0.5
4,5,45,xgboost,361,199,0,0.09514425694942474,0,0.5
4,5,45,xgboost,366,143,0,0.06629253923892975,0,0.5
4,5,45,xgboost,369,82,0,0.052760254591703415,0,0.5
4,5,45,xgboost,381,145,0,0.026293057948350906,0,0.5
4,5,45,xgboost,384,78,0,0.16858775913715363,0,0.5
4,5,45,xgboost,392,120,0,0.05471266061067581,0,0.5
4,5,45,xgboost,394,184,0,0.45344826579093933,0,0.5
4,5,45,xgboost,395,82,0,0.052760254591703415,0,0.5
4,5,45,xgboost,398,115,0,0.02031339332461357,0,0.5
4,5,45,xgboost,400,55,0,0.036748167127370834,0,0.5
4,5,45,xgboost,402,102,0,0.0453316792845726,0,0.5
4,5,45,xgboost,407,57,0,0.15955103933811188,0,0.5
4,5,45,xgboost,409,54,0,0.03560926765203476,0,0.5
4,5,45,xgboost,420,97,0,0.05115969106554985,0,0.5
4,5,45,xgboost,422,89,0,0.04671984910964966,0,0.5
4,5,45,xgboost,423,51,0,0.034729085862636566,0,0.5
4,5,45,xgboost,424,181,0,0.4007071852684021,0,0.5
4,5,45,xgboost,427,161,0,0.05240254104137421,0,0.5
4,5,45,xgboost,435,54,0,0.03560926765203476,0,0.5
4,5,45,xgboost,439,112,0,0.04993405565619469,0,0.5
4,5,45,xgboost,452,46,0,0.017666460946202278,0,0.5
4,5,45,xgboost,468,11,0,0.06874638795852661,0,0.5
4,5,45,xgboost,472,682,1,0.036917153745889664,0,0.5
4,5,45,xgboost,475,154,0,0.06681255251169205,0,0.5
4,5,45,xgboost,485,286,0,0.045762285590171814,0,0.5
4,5,45,xgboost,491,122,0,0.05826835706830025,0,0.5
4,5,45,xgboost,495,405,0,0.017759699374437332,0,0.5
4,5,45,xgboost,514,476,0,0.03209996595978737,0,0.5
4,5,45,xgboost,515,603,0,0.05464934930205345,0,0.5
4,5,45,xgboost,516,174,0,0.0580560564994812,0,0.5
4,5,45,xgboost,525,46,0,0.017666460946202278,0,0.5
4,5,45,xgboost,526,469,0,0.04616285860538483,0,0.5
4,5,45,xgboost,534,93,0,0.0416688472032547,0,0.5
4,5,45,xgboost,537,365,0,0.053082242608070374,0,0.5
4,5,45,xgboost,538,361,0,0.05205043405294418,0,0.5
4,5,45,xgboost,547,385,0,0.018241070210933685,0,0.5
4,5,45,xgboost,549,662,1,0.03271735832095146,0,0.5
4,5,45,xgboost,550,191,0,0.06923927366733551,0,0.5
4,5,45,xgboost,552,105,0,0.021615540608763695,0,0.5
4,5,45,xgboost,561,208,0,0.06616352498531342,0,0.5
4,5,45,xgboost,562,282,0,0.039482954889535904,0,0.5
4,5,45,xgboost,567,383,0,0.09950733929872513,0,0.5
4,5,45,xgboost,575,54,0,0.03560926765203476,0,0.5
4,5,45,xgboost,577,196,0,0.08973869681358337,0,0.5
4,5,45,xgboost,580,55,0,0.036748167127370834,0,0.5
4,5,45,xgboost,584,562,0,0.050012677907943726,0,0.5
4,5,45,xgboost,586,150,0,0.029830144718289375,0,0.5
4,5,45,xgboost,598,54,1,0.03560926765203476,0,0.5
4,5,45,xgboost,599,176,0,0.06373555958271027,0,0.5
4,5,45,xgboost,608,135,0,0.0488361120223999,0,0.5
4,5,45,xgboost,611,311,0,0.050312723964452744,0,0.5
4,5,45,xgboost,616,376,0,0.033121783286333084,0,0.5
4,5,45,xgboost,617,157,0,0.07082492858171463,0,0.5
4,5,45,xgboost,618,130,0,0.061583638191223145,0,0.5
4,5,45,xgboost,621,582,0,0.028036314994096756,0,0.5
4,5,45,xgboost,626,622,0,0.05678011476993561,0,0.5
4,5,45,xgboost,627,280,0,0.042878665030002594,0,0.5
4,5,45,xgboost,628,779,0,0.18537430465221405,0,0.5
4,5,45,xgboost,631,187,0,0.11432407051324844,0,0.5
4,5,45,xgboost,635,714,0,0.03489390015602112,0,0.5
4,5,45,xgboost,637,493,0,0.03755786642432213,0,0.5
4,5,45,xgboost,643,21,0,0.04242883250117302,0,0.5
4,5,45,xgboost,647,277,0,0.0621611550450325,0,0.5
4,5,45,xgboost,651,788,0,0.02972177416086197,0,0.5
4,5,45,xgboost,653,216,1,0.06745342165231705,0,0.5
4,5,45,xgboost,656,294,0,0.04448964074254036,0,0.5
4,5,45,xgboost,658,85,0,0.038922835141420364,0,0.5
4,5,45,xgboost,659,467,0,0.04922173172235489,0,0.5
4,5,45,xgboost,663,310,0,0.05673867091536522,0,0.5
4,5,45,xgboost,667,829,0,0.07772594690322876,0,0.5
4,5,45,xgboost,674,795,0,0.1728949099779129,0,0.5
4,5,45,xgboost,676,828,0,0.06477835774421692,0,0.5
4,5,45,xgboost,680,821,0,0.08757138252258301,0,0.5
4,5,45,xgboost,695,538,0,0.05765582621097565,0,0.5
4,5,45,xgboost,696,138,0,0.02937828190624714,0,0.5
4,5,45,xgboost,698,473,0,0.07129354029893875,0,0.5
4,5,45,xgboost,699,111,0,0.07757746428251266,0,0.5
4,5,45,xgboost,707,231,0,0.10744193196296692,0,0.5
4,5,45,xgboost,714,521,0,0.029496027156710625,0,0.5
4,5,45,xgboost,717,731,0,0.10673490911722183,0,0.5
4,5,45,xgboost,720,427,0,0.04466184228658676,0,0.5
4,5,45,xgboost,722,325,0,0.06505169719457626,0,0.5
4,5,45,xgboost,723,124,0,0.08499155193567276,0,0.5
4,5,45,xgboost,724,554,0,0.02574312314391136,0,0.5
4,5,45,xgboost,737,177,0,0.06302065402269363,0,0.5
4,5,45,xgboost,747,218,0,0.05956852808594704,0,0.5
4,5,45,xgboost,749,541,0,0.07255200296640396,0,0.5
4,5,45,xgboost,750,99,0,0.046464093029499054,0,0.5
4,5,45,xgboost,756,395,0,0.054441630840301514,0,0.5
4,5,45,xgboost,760,44,0,0.11831750720739365,0,0.5
4,5,45,xgboost,761,607,0,0.017563533037900925,0,0.5
4,5,45,xgboost,770,357,0,0.05622660368680954,0,0.5
4,5,45,xgboost,775,455,0,0.038800984621047974,0,0.5
4,5,45,xgboost,797,645,1,0.06510728597640991,0,0.5
4,5,45,xgboost,805,668,0,0.030159879475831985,0,0.5
4,5,45,xgboost,811,48,0,0.052911143749952316,0,0.5
4,5,45,xgboost,815,549,0,0.0355035699903965,0,0.5
4,5,45,xgboost,818,700,0,0.05544516071677208,0,0.5
4,5,45,xgboost,819,2,0,0.02244262769818306,0,0.5
4,5,45,xgboost,822,726,0,0.05083387717604637,0,0.5
4,5,45,xgboost,825,794,0,0.05263416841626167,0,0.5
4,5,45,xgboost,830,699,0,0.06593101471662521,0,0.5
4,5,45,xgboost,831,777,0,0.18177375197410583,0,0.5
4,5,45,xgboost,832,561,0,0.03850793093442917,0,0.5
4,5,45,xgboost,835,332,0,0.03648335486650467,0,0.5
4,5,45,xgboost,845,132,0,0.05439748987555504,0,0.5
4,5,45,xgboost,852,800,0,0.03911096602678299,0,0.5
5,1,46,dummy_prior,1,7,0,0.0641399416909621,0,0.5
5,1,46,dummy_prior,8,809,0,0.0641399416909621,0,0.5
5,1,46,dummy_prior,18,792,0,0.0641399416909621,0,0.5
5,1,46,dummy_prior,21,783,0,0.0641399416909621,0,0.5
5,1,46,dummy_prior,22,766,1,0.0641399416909621,0,0.5
5,1,46,dummy_prior,29,745,0,0.0641399416909621,0,0.5
5,1,46,dummy_prior,36,760,0,0.0641399416909621,0,0.5
5,1,46,dummy_prior,39,719,0,0.0641399416909621,0,0.5
5,1,46,dummy_prior,40,746,0,0.0641399416909621,0,0.5
5,1,46,dummy_prior,44,740,1,0.0641399416909621,0,0.5
5,1,46,dummy_prior,62,679,0,0.0641399416909621,0,0.5
5,1,46,dummy_prior,65,736,0,0.0641399416909621,0,0.5
5,1,46,dummy_prior,73,685,0,0.0641399416909621,0,0.5
5,1,46,dummy_prior,82,615,0,0.0641399416909621,0,0.5
5,1,46,dummy_prior,87,703,0,0.0641399416909621,0,0.5
5,1,46,dummy_prior,95,604,0,0.0641399416909621,0,0.5
5,1,46,dummy_prior,99,641,0,0.0641399416909621,0,0.5
5,1,46,dummy_prior,106,577,0,0.0641399416909621,0,0.5
5,1,46,dummy_prior,107,653,0,0.0641399416909621,0,0.5
5,1,46,dummy_prior,110,619,0,0.0641399416909621,0,0.5
5,1,46,dummy_prior,111,626,0,0.0641399416909621,0,0.5
5,1,46,dummy_prior,112,573,0,0.0641399416909621,0,0.5
5,1,46,dummy_prior,123,542,0,0.0641399416909621,0,0.5
5,1,46,dummy_prior,124,571,0,0.0641399416909621,0,0.5
5,1,46,dummy_prior,131,581,1,0.0641399416909621,0,0.5
5,1,46,dummy_prior,133,651,0,0.0641399416909621,0,0.5
5,1,46,dummy_prior,135,465,0,0.0641399416909621,0,0.5
5,1,46,dummy_prior,150,489,0,0.0641399416909621,0,0.5
5,1,46,dummy_prior,154,457,0,0.0641399416909621,0,0.5
5,1,46,dummy_prior,155,507,0,0.0641399416909621,0,0.5
5,1,46,dummy_prior,156,448,0,0.0641399416909621,0,0.5
5,1,46,dummy_prior,163,509,1,0.0641399416909621,0,0.5
5,1,46,dummy_prior,164,546,0,0.0641399416909621,0,0.5
5,1,46,dummy_prior,170,434,0,0.0641399416909621,0,0.5
5,1,46,dummy_prior,175,412,0,0.0641399416909621,0,0.5
5,1,46,dummy_prior,177,468,0,0.0641399416909621,0,0.5
5,1,46,dummy_prior,178,472,0,0.0641399416909621,0,0.5
5,1,46,dummy_prior,180,414,0,0.0641399416909621,0,0.5
5,1,46,dummy_prior,189,380,0,0.0641399416909621,0,0.5
5,1,46,dummy_prior,200,443,0,0.0641399416909621,0,0.5
5,1,46,dummy_prior,202,454,0,0.0641399416909621,0,0.5
5,1,46,dummy_prior,207,437,0,0.0641399416909621,0,0.5
5,1,46,dummy_prior,208,470,0,0.0641399416909621,0,0.5
5,1,46,dummy_prior,211,453,0,0.0641399416909621,0,0.5
5,1,46,dummy_prior,212,431,0,0.0641399416909621,0,0.5
5,1,46,dummy_prior,215,372,0,0.0641399416909621,0,0.5
5,1,46,dummy_prior,217,408,0,0.0641399416909621,0,0.5
5,1,46,dummy_prior,218,503,0,0.0641399416909621,0,0.5
5,1,46,dummy_prior,232,316,0,0.0641399416909621,0,0.5
5,1,46,dummy_prior,236,343,0,0.0641399416909621,0,0.5
5,1,46,dummy_prior,243,402,0,0.0641399416909621,0,0.5
5,1,46,dummy_prior,245,253,0,0.0641399416909621,0,0.5
5,1,46,dummy_prior,248,381,0,0.0641399416909621,0,0.5
5,1,46,dummy_prior,249,270,0,0.0641399416909621,0,0.5
5,1,46,dummy_prior,251,284,0,0.0641399416909621,0,0.5
5,1,46,dummy_prior,253,279,0,0.0641399416909621,0,0.5
5,1,46,dummy_prior,263,296,0,0.0641399416909621,0,0.5
5,1,46,dummy_prior,267,265,0,0.0641399416909621,0,0.5
5,1,46,dummy_prior,272,330,0,0.0641399416909621,0,0.5
5,1,46,dummy_prior,278,267,0,0.0641399416909621,0,0.5
5,1,46,dummy_prior,285,430,0,0.0641399416909621,0,0.5
5,1,46,dummy_prior,289,419,0,0.0641399416909621,0,0.5
5,1,46,dummy_prior,294,288,0,0.0641399416909621,0,0.5
5,1,46,dummy_prior,305,201,0,0.0641399416909621,0,0.5
5,1,46,dummy_prior,316,348,0,0.0641399416909621,0,0.5
5,1,46,dummy_prior,317,170,0,0.0641399416909621,0,0.5
5,1,46,dummy_prior,324,654,0,0.0641399416909621,0,0.5
5,1,46,dummy_prior,326,217,0,0.0641399416909621,0,0.5
5,1,46,dummy_prior,327,173,0,0.0641399416909621,0,0.5
5,1,46,dummy_prior,331,446,0,0.0641399416909621,0,0.5
5,1,46,dummy_prior,333,274,0,0.0641399416909621,0,0.5
5,1,46,dummy_prior,341,121,0,0.0641399416909621,0,0.5
5,1,46,dummy_prior,342,228,0,0.0641399416909621,0,0.5
5,1,46,dummy_prior,351,155,0,0.0641399416909621,0,0.5
5,1,46,dummy_prior,366,143,0,0.0641399416909621,0,0.5
5,1,46,dummy_prior,374,243,0,0.0641399416909621,0,0.5
5,1,46,dummy_prior,381,145,0,0.0641399416909621,0,0.5
5,1,46,dummy_prior,383,134,1,0.0641399416909621,0,0.5
5,1,46,dummy_prior,385,234,0,0.0641399416909621,0,0.5
5,1,46,dummy_prior,391,69,0,0.0641399416909621,0,0.5
5,1,46,dummy_prior,403,64,0,0.0641399416909621,0,0.5
5,1,46,dummy_prior,413,698,0,0.0641399416909621,0,0.5
5,1,46,dummy_prior,417,158,0,0.0641399416909621,0,0.5
5,1,46,dummy_prior,422,89,0,0.0641399416909621,0,0.5
5,1,46,dummy_prior,425,35,0,0.0641399416909621,0,0.5
5,1,46,dummy_prior,432,600,0,0.0641399416909621,0,0.5
5,1,46,dummy_prior,434,192,1,0.0641399416909621,0,0.5
5,1,46,dummy_prior,437,26,0,0.0641399416909621,0,0.5
5,1,46,dummy_prior,440,7,0,0.0641399416909621,0,0.5
5,1,46,dummy_prior,442,26,0,0.0641399416909621,0,0.5
5,1,46,dummy_prior,446,107,0,0.0641399416909621,0,0.5
5,1,46,dummy_prior,452,46,0,0.0641399416909621,0,0.5
5,1,46,dummy_prior,454,7,0,0.0641399416909621,0,0.5
5,1,46,dummy_prior,457,18,0,0.0641399416909621,0,0.5
5,1,46,dummy_prior,458,35,0,0.0641399416909621,0,0.5
5,1,46,dummy_prior,459,3,0,0.0641399416909621,0,0.5
5,1,46,dummy_prior,463,1,0,0.0641399416909621,0,0.5
5,1,46,dummy_prior,465,43,0,0.0641399416909621,0,0.5
5,1,46,dummy_prior,466,7,0,0.0641399416909621,0,0.5
5,1,46,dummy_prior,481,608,0,0.0641399416909621,0,0.5
5,1,46,dummy_prior,484,371,0,0.0641399416909621,0,0.5
5,1,46,dummy_prior,489,151,0,0.0641399416909621,0,0.5
5,1,46,dummy_prior,498,663,0,0.0641399416909621,0,0.5
5,1,46,dummy_prior,515,603,0,0.0641399416909621,0,0.5
5,1,46,dummy_prior,517,514,0,0.0641399416909621,0,0.5
5,1,46,dummy_prior,519,123,0,0.0641399416909621,0,0.5
5,1,46,dummy_prior,524,628,0,0.0641399416909621,0,0.5
5,1,46,dummy_prior,525,46,0,0.0641399416909621,0,0.5
5,1,46,dummy_prior,526,469,0,0.0641399416909621,0,0.5
5,1,46,dummy_prior,531,119,0,0.0641399416909621,0,0.5
5,1,46,dummy_prior,535,275,0,0.0641399416909621,0,0.5
5,1,46,dummy_prior,538,361,0,0.0641399416909621,0,0.5
5,1,46,dummy_prior,539,76,1,0.0641399416909621,0,0.5
5,1,46,dummy_prior,540,188,0,0.0641399416909621,0,0.5
5,1,46,dummy_prior,550,191,0,0.0641399416909621,0,0.5
5,1,46,dummy_prior,565,335,0,0.0641399416909621,0,0.5
5,1,46,dummy_prior,572,373,0,0.0641399416909621,0,0.5
5,1,46,dummy_prior,574,309,0,0.0641399416909621,0,0.5
5,1,46,dummy_prior,577,196,0,0.0641399416909621,0,0.5
5,1,46,dummy_prior,582,198,0,0.0641399416909621,0,0.5
5,1,46,dummy_prior,584,562,0,0.0641399416909621,0,0.5
5,1,46,dummy_prior,588,813,0,0.0641399416909621,0,0.5
5,1,46,dummy_prior,592,321,0,0.0641399416909621,0,0.5
5,1,46,dummy_prior,601,504,0,0.0641399416909621,0,0.5
5,1,46,dummy_prior,602,670,0,0.0641399416909621,0,0.5
5,1,46,dummy_prior,605,183,0,0.0641399416909621,0,0.5
5,1,46,dummy_prior,607,566,0,0.0641399416909621,0,0.5
5,1,46,dummy_prior,608,135,0,0.0641399416909621,0,0.5
5,1,46,dummy_prior,609,416,0,0.0641399416909621,0,0.5
5,1,46,dummy_prior,613,299,0,0.0641399416909621,0,0.5
5,1,46,dummy_prior,615,706,0,0.0641399416909621,0,0.5
5,1,46,dummy_prior,627,280,0,0.0641399416909621,0,0.5
5,1,46,dummy_prior,634,478,0,0.0641399416909621,0,0.5
5,1,46,dummy_prior,637,493,0,0.0641399416909621,0,0.5
5,1,46,dummy_prior,647,277,0,0.0641399416909621,0,0.5
5,1,46,dummy_prior,648,95,0,0.0641399416909621,0,0.5
5,1,46,dummy_prior,652,826,0,0.0641399416909621,0,0.5
5,1,46,dummy_prior,658,85,0,0.0641399416909621,0,0.5
5,1,46,dummy_prior,659,467,0,0.0641399416909621,0,0.5
5,1,46,dummy_prior,661,326,0,0.0641399416909621,0,0.5
5,1,46,dummy_prior,662,502,0,0.0641399416909621,0,0.5
5,1,46,dummy_prior,663,310,0,0.0641399416909621,0,0.5
5,1,46,dummy_prior,673,819,1,0.0641399416909621,0,0.5
5,1,46,dummy_prior,693,98,1,0.0641399416909621,0,0.5
5,1,46,dummy_prior,694,486,0,0.0641399416909621,0,0.5
5,1,46,dummy_prior,698,473,0,0.0641399416909621,0,0.5
5,1,46,dummy_prior,704,781,0,0.0641399416909621,0,0.5
5,1,46,dummy_prior,710,449,0,0.0641399416909621,0,0.5
5,1,46,dummy_prior,713,31,0,0.0641399416909621,0,0.5
5,1,46,dummy_prior,719,769,0,0.0641399416909621,0,0.5
5,1,46,dummy_prior,722,325,0,0.0641399416909621,0,0.5
5,1,46,dummy_prior,724,554,0,0.0641399416909621,0,0.5
5,1,46,dummy_prior,725,214,0,0.0641399416909621,0,0.5
5,1,46,dummy_prior,733,587,0,0.0641399416909621,0,0.5
5,1,46,dummy_prior,750,99,0,0.0641399416909621,0,0.5
5,1,46,dummy_prior,764,281,0,0.0641399416909621,0,0.5
5,1,46,dummy_prior,765,398,0,0.0641399416909621,0,0.5
5,1,46,dummy_prior,766,206,0,0.0641399416909621,0,0.5
5,1,46,dummy_prior,767,12,0,0.0641399416909621,0,0.5
5,1,46,dummy_prior,773,23,0,0.0641399416909621,0,0.5
5,1,46,dummy_prior,779,656,0,0.0641399416909621,0,0.5
5,1,46,dummy_prior,783,84,0,0.0641399416909621,0,0.5
5,1,46,dummy_prior,786,401,1,0.0641399416909621,0,0.5
5,1,46,dummy_prior,796,605,0,0.0641399416909621,0,0.5
5,1,46,dummy_prior,808,544,0,0.0641399416909621,0,0.5
5,1,46,dummy_prior,811,48,0,0.0641399416909621,0,0.5
5,1,46,dummy_prior,814,22,1,0.0641399416909621,0,0.5
5,1,46,dummy_prior,824,720,0,0.0641399416909621,0,0.5
5,1,46,dummy_prior,828,634,0,0.0641399416909621,0,0.5
5,1,46,dummy_prior,838,694,0,0.0641399416909621,0,0.5
5,1,46,dummy_prior,855,377,0,0.0641399416909621,0,0.5
5,1,46,dummy_prior,856,635,0,0.0641399416909621,0,0.5
5,1,46,logistic_regression,1,7,0,0.22510394726648067,0,0.5
5,1,46,logistic_regression,8,809,0,0.24330400918005504,0,0.5
5,1,46,logistic_regression,18,792,0,0.3669824568167143,0,0.5
5,1,46,logistic_regression,21,783,0,0.236003447717634,0,0.5
5,1,46,logistic_regression,22,766,1,0.27192817105608036,0,0.5
5,1,46,logistic_regression,29,745,0,0.2276779379338083,0,0.5
5,1,46,logistic_regression,36,760,0,0.23225049260220662,0,0.5
5,1,46,logistic_regression,39,719,0,0.235827751673747,0,0.5
5,1,46,logistic_regression,40,746,0,0.21897050823891706,0,0.5
5,1,46,logistic_regression,44,740,1,0.2872288877884424,0,0.5
5,1,46,logistic_regression,62,679,0,0.24612967628627103,0,0.5
5,1,46,logistic_regression,65,736,0,0.26639412363532206,0,0.5
5,1,46,logistic_regression,73,685,0,0.2345262957726089,0,0.5
5,1,46,logistic_regression,82,615,0,0.24853394720097452,0,0.5
5,1,46,logistic_regression,87,703,0,0.2585417619199055,0,0.5
5,1,46,logistic_regression,95,604,0,0.1782546996674981,0,0.5
5,1,46,logistic_regression,99,641,0,0.2565386882019404,0,0.5
5,1,46,logistic_regression,106,577,0,0.26782548397802197,0,0.5
5,1,46,logistic_regression,107,653,0,0.23323801890490145,0,0.5
5,1,46,logistic_regression,110,619,0,0.25074601041256805,0,0.5
5,1,46,logistic_regression,111,626,0,0.18777903166133142,0,0.5
5,1,46,logistic_regression,112,573,0,0.3022311867128819,0,0.5
5,1,46,logistic_regression,123,542,0,0.3106570115375942,0,0.5
5,1,46,logistic_regression,124,571,0,0.26809529000099724,0,0.5
5,1,46,logistic_regression,131,581,1,0.35668006306952776,0,0.5
5,1,46,logistic_regression,133,651,0,0.23614634437970367,0,0.5
5,1,46,logistic_regression,135,465,0,0.257722956206307,0,0.5
5,1,46,logistic_regression,150,489,0,0.23426300666986885,0,0.5
5,1,46,logistic_regression,154,457,0,0.24345724656384732,0,0.5
5,1,46,logistic_regression,155,507,0,0.25146211518432665,0,0.5
5,1,46,logistic_regression,156,448,0,0.2479945359053903,0,0.5
5,1,46,logistic_regression,163,509,1,0.22999156397360415,0,0.5
5,1,46,logistic_regression,164,546,0,0.16637691055714432,0,0.5
5,1,46,logistic_regression,170,434,0,0.19794015336758422,0,0.5
5,1,46,logistic_regression,175,412,0,0.2293993454969443,0,0.5
5,1,46,logistic_regression,177,468,0,0.2272006823370702,0,0.5
5,1,46,logistic_regression,178,472,0,0.1786968908112174,0,0.5
5,1,46,logistic_regression,180,414,0,0.25357988361708256,0,0.5
5,1,46,logistic_regression,189,380,0,0.22351672305804207,0,0.5
5,1,46,logistic_regression,200,443,0,0.22495396292641615,0,0.5
5,1,46,logistic_regression,202,454,0,0.22732720889066907,0,0.5
5,1,46,logistic_regression,207,437,0,0.22552754669992622,0,0.5
5,1,46,logistic_regression,208,470,0,0.2213712419319958,0,0.5
5,1,46,logistic_regression,211,453,0,0.23732765118404794,0,0.5
5,1,46,logistic_regression,212,431,0,0.3143603884673344,0,0.5
5,1,46,logistic_regression,215,372,0,0.2273852809159225,0,0.5
5,1,46,logistic_regression,217,408,0,0.23687796990247453,0,0.5
5,1,46,logistic_regression,218,503,0,0.2273929480916756,0,0.5
5,1,46,logistic_regression,232,316,0,0.2229397638278637,0,0.5
5,1,46,logistic_regression,236,343,0,0.3613074853391577,0,0.5
5,1,46,logistic_regression,243,402,0,0.17505175303233217,0,0.5
5,1,46,logistic_regression,245,253,0,0.22685191536896968,0,0.5
5,1,46,logistic_regression,248,381,0,0.2475069679040603,0,0.5
5,1,46,logistic_regression,249,270,0,0.2174699133381569,0,0.5
5,1,46,logistic_regression,251,284,0,0.22440536077377807,0,0.5
5,1,46,logistic_regression,253,279,0,0.22939261206503822,0,0.5
5,1,46,logistic_regression,263,296,0,0.18150958667942546,0,0.5
5,1,46,logistic_regression,267,265,0,0.1789663594837148,0,0.5
5,1,46,logistic_regression,272,330,0,0.18757103565286576,0,0.5
5,1,46,logistic_regression,278,267,0,0.22994381239875125,0,0.5
5,1,46,logistic_regression,285,430,0,0.2321362656756835,0,0.5
5,1,46,logistic_regression,289,419,0,0.23192241845289815,0,0.5
5,1,46,logistic_regression,294,288,0,0.2314259882692417,0,0.5
5,1,46,logistic_regression,305,201,0,0.22453668610211608,0,0.5
5,1,46,logistic_regression,316,348,0,0.17874489574674562,0,0.5
5,1,46,logistic_regression,317,170,0,0.22362792101759874,0,0.5
5,1,46,logistic_regression,324,654,0,0.2182860176382011,0,0.5
5,1,46,logistic_regression,326,217,0,0.22263368935149327,0,0.5
5,1,46,logistic_regression,327,173,0,0.2263143671600888,0,0.5
5,1,46,logistic_regression,331,446,0,0.2563076664311486,0,0.5
5,1,46,logistic_regression,333,274,0,0.2393261596945335,0,0.5
5,1,46,logistic_regression,341,121,0,0.17695337788125587,0,0.5
5,1,46,logistic_regression,342,228,0,0.22104521599532725,0,0.5
5,1,46,logistic_regression,351,155,0,0.23034088125660113,0,0.5
5,1,46,logistic_regression,366,143,0,0.21779634900612702,0,0.5
5,1,46,logistic_regression,374,243,0,0.1996805500791874,0,0.5
5,1,46,logistic_regression,381,145,0,0.17530191390452912,0,0.5
5,1,46,logistic_regression,383,134,1,0.22183400873427495,0,0.5
5,1,46,logistic_regression,385,234,0,0.22213818951356212,0,0.5
5,1,46,logistic_regression,391,69,0,0.16114598588812845,0,0.5
5,1,46,logistic_regression,403,64,0,0.224190512432716,0,0.5
5,1,46,logistic_regression,413,698,0,0.23815802752567877,0,0.5
5,1,46,logistic_regression,417,158,0,0.16270159642493895,0,0.5
5,1,46,logistic_regression,422,89,0,0.2200168909881263,0,0.5
5,1,46,logistic_regression,425,35,0,0.22497997149366308,0,0.5
5,1,46,logistic_regression,432,600,0,0.25919871985959,0,0.5
5,1,46,logistic_regression,434,192,1,0.22034204168197236,0,0.5
5,1,46,logistic_regression,437,26,0,0.22610530604643797,0,0.5
5,1,46,logistic_regression,440,7,0,0.22510394726648067,0,0.5
5,1,46,logistic_regression,442,26,0,0.22610530604643797,0,0.5
5,1,46,logistic_regression,446,107,0,0.23111569002545895,0,0.5
5,1,46,logistic_regression,452,46,0,0.1763979416178627,0,0.5
5,1,46,logistic_regression,454,7,0,0.22510394726648067,0,0.5
5,1,46,logistic_regression,457,18,0,0.1736713604104884,0,0.5
5,1,46,logistic_regression,458,35,0,0.22497997149366308,0,0.5
5,1,46,logistic_regression,459,3,0,0.22365047885730585,0,0.5
5,1,46,logistic_regression,463,1,0,0.22570056827139148,0,0.5
5,1,46,logistic_regression,465,43,0,0.22737391208188057,0,0.5
5,1,46,logistic_regression,466,7,0,0.22510394726648067,0,0.5
5,1,46,logistic_regression,481,608,0,0.21495912360953107,0,0.5
5,1,46,logistic_regression,484,371,0,0.2311578848022339,0,0.5
5,1,46,logistic_regression,489,151,0,0.17382284091461875,0,0.5
5,1,46,logistic_regression,498,663,0,0.36108896823870595,0,0.5
5,1,46,logistic_regression,515,603,0,0.22592761820990095,0,0.5
5,1,46,logistic_regression,517,514,0,0.24358289237712544,0,0.5
5,1,46,logistic_regression,519,123,0,0.22726387285851354,0,0.5
5,1,46,logistic_regression,524,628,0,0.25106362819828154,0,0.5
5,1,46,logistic_regression,525,46,0,0.1763979416178627,0,0.5
5,1,46,logistic_regression,526,469,0,0.23375519673800474,0,0.5
5,1,46,logistic_regression,531,119,0,0.23283243632229883,0,0.5
5,1,46,logistic_regression,535,275,0,0.2278665231618221,0,0.5
5,1,46,logistic_regression,538,361,0,0.2220130274328738,0,0.5
5,1,46,logistic_regression,539,76,1,0.27205300350137057,0,0.5
5,1,46,logistic_regression,540,188,0,0.2258559263289127,0,0.5
5,1,46,logistic_regression,550,191,0,0.22950322724078528,0,0.5
5,1,46,logistic_regression,565,335,0,0.23014080384982413,0,0.5
5,1,46,logistic_regression,572,373,0,0.2502756148003406,0,0.5
5,1,46,logistic_regression,574,309,0,0.22908541077498432,0,0.5
5,1,46,logistic_regression,577,196,0,0.22340233515890717,0,0.5
5,1,46,logistic_regression,582,198,0,0.23416586207811288,0,0.5
5,1,46,logistic_regression,584,562,0,0.23170992768748483,0,0.5
5,1,46,logistic_regression,588,813,0,0.23114994687251686,0,0.5
5,1,46,logistic_regression,592,321,0,0.24478736729056727,0,0.5
5,1,46,logistic_regression,601,504,0,0.24375346485870145,0,0.5
5,1,46,logistic_regression,602,670,0,0.2503668399346421,0,0.5
5,1,46,logistic_regression,605,183,0,0.22713905619995367,0,0.5
5,1,46,logistic_regression,607,566,0,0.18650585453346327,0,0.5
5,1,46,logistic_regression,608,135,0,0.22546624198172252,0,0.5
5,1,46,logistic_regression,609,416,0,0.23966227782235383,0,0.5
5,1,46,logistic_regression,613,299,0,0.21048872609104066,0,0.5
5,1,46,logistic_regression,615,706,0,0.29604338558413484,0,0.5
5,1,46,logistic_regression,627,280,0,0.23033552104718338,0,0.5
5,1,46,logistic_regression,634,478,0,0.22869340601772045,0,0.5
5,1,46,logistic_regression,637,493,0,0.2525761143734449,0,0.5
5,1,46,logistic_regression,647,277,0,0.2231841275007649,0,0.5
5,1,46,logistic_regression,648,95,0,0.4207905466943256,0,0.5
5,1,46,logistic_regression,652,826,0,0.2873411889590164,0,0.5
5,1,46,logistic_regression,658,85,0,0.22134237299227486,0,0.5
5,1,46,logistic_regression,659,467,0,0.22344902824428645,0,0.5
5,1,46,logistic_regression,661,326,0,0.21755355732807327,0,0.5
5,1,46,logistic_regression,662,502,0,0.2448076046871995,0,0.5
5,1,46,logistic_regression,663,310,0,0.23122752027769292,0,0.5
5,1,46,logistic_regression,673,819,1,0.28303870772601536,0,0.5
5,1,46,logistic_regression,693,98,1,0.2582023593730811,0,0.5
5,1,46,logistic_regression,694,486,0,0.26040098433436654,0,0.5
5,1,46,logistic_regression,698,473,0,0.2582934514850639,0,0.5
5,1,46,logistic_regression,704,781,0,0.2694936730838934,0,0.5
5,1,46,logistic_regression,710,449,0,0.2369512375558114,0,0.5
5,1,46,logistic_regression,713,31,0,0.22677486050591178,0,0.5
5,1,46,logistic_regression,719,769,0,0.29999876585064444,0,0.5
5,1,46,logistic_regression,722,325,0,0.25113766606003124,0,0.5
5,1,46,logistic_regression,724,554,0,0.22893339923078068,0,0.5
5,1,46,logistic_regression,725,214,0,0.23841650188202182,0,0.5
5,1,46,logistic_regression,733,587,0,0.23721417003940437,0,0.5
5,1,46,logistic_regression,750,99,0,0.223194498595794,0,0.5
5,1,46,logistic_regression,764,281,0,0.2500913011153203,0,0.5
5,1,46,logistic_regression,765,398,0,0.2296543269424604,0,0.5
5,1,46,logistic_regression,766,206,0,0.2337844827050132,0,0.5
5,1,46,logistic_regression,767,12,0,0.17326338811817965,0,0.5
5,1,46,logistic_regression,773,23,0,0.22098051940377847,0,0.5
5,1,46,logistic_regression,779,656,0,0.25921406125372504,0,0.5
5,1,46,logistic_regression,783,84,0,0.17779026767254535,0,0.5
5,1,46,logistic_regression,786,401,1,0.37027895724230203,0,0.5
5,1,46,logistic_regression,796,605,0,0.22415247673758346,0,0.5
5,1,46,logistic_regression,808,544,0,0.2405546443475339,0,0.5
5,1,46,logistic_regression,811,48,0,0.2505681721941992,0,0.5
5,1,46,logistic_regression,814,22,1,0.23081545179658186,0,0.5
5,1,46,logistic_regression,824,720,0,0.24094646346981177,0,0.5
5,1,46,logistic_regression,828,634,0,0.23382949983335072,0,0.5
5,1,46,logistic_regression,838,694,0,0.24359657171901813,0,0.5
5,1,46,logistic_regression,855,377,0,0.22068817507590238,0,0.5
5,1,46,logistic_regression,856,635,0,0.22988210734501502,0,0.5
5,1,46,xgboost,1,7,0,0.0025819833390414715,0,0.5
5,1,46,xgboost,8,809,0,0.0030916049145162106,0,0.5
5,1,46,xgboost,18,792,0,0.004908120259642601,0,0.5
5,1,46,xgboost,21,783,0,0.007391488179564476,0,0.5
5,1,46,xgboost,22,766,1,0.04763529822230339,0,0.5
5,1,46,xgboost,29,745,0,0.0034783759620040655,0,0.5
5,1,46,xgboost,36,760,0,0.017571400851011276,0,0.5
5,1,46,xgboost,39,719,0,0.0019581487867981195,0,0.5
5,1,46,xgboost,40,746,0,0.019458813592791557,0,0.5
5,1,46,xgboost,44,740,1,0.029210077598690987,0,0.5
5,1,46,xgboost,62,679,0,0.008294378407299519,0,0.5
5,1,46,xgboost,65,736,0,0.05159091204404831,0,0.5
5,1,46,xgboost,73,685,0,0.007548287510871887,0,0.5
5,1,46,xgboost,82,615,0,0.003691672347486019,0,0.5
5,1,46,xgboost,87,703,0,0.04341811314225197,0,0.5
5,1,46,xgboost,95,604,0,0.0010539613431319594,0,0.5
5,1,46,xgboost,99,641,0,0.05468462407588959,0,0.5
5,1,46,xgboost,106,577,0,0.010598148219287395,0,0.5
5,1,46,xgboost,107,653,0,0.002800478134304285,0,0.5
5,1,46,xgboost,110,619,0,0.0026986198499798775,0,0.5
5,1,46,xgboost,111,626,0,0.006711945403367281,0,0.5
5,1,46,xgboost,112,573,0,0.035206764936447144,0,0.5
5,1,46,xgboost,123,542,0,0.008330927230417728,0,0.5
5,1,46,xgboost,124,571,0,0.07528480142354965,0,0.5
5,1,46,xgboost,131,581,1,0.07659517228603363,0,0.5
5,1,46,xgboost,133,651,0,0.14859777688980103,0,0.5
5,1,46,xgboost,135,465,0,0.02660796046257019,0,0.5
5,1,46,xgboost,150,489,0,0.02894093655049801,0,0.5
5,1,46,xgboost,154,457,0,0.014488572254776955,0,0.5
5,1,46,xgboost,155,507,0,0.09381205588579178,0,0.5
5,1,46,xgboost,156,448,0,0.006974850781261921,0,0.5
5,1,46,xgboost,163,509,1,0.011459114030003548,0,0.5
5,1,46,xgboost,164,546,0,0.009808706119656563,0,0.5
5,1,46,xgboost,170,434,0,0.13315889239311218,0,0.5
5,1,46,xgboost,175,412,0,0.110346719622612,0,0.5
5,1,46,xgboost,177,468,0,0.01788877137005329,0,0.5
5,1,46,xgboost,178,472,0,0.006321827881038189,0,0.5
5,1,46,xgboost,180,414,0,0.012079831212759018,0,0.5
5,1,46,xgboost,189,380,0,0.0012389844050630927,0,0.5
5,1,46,xgboost,200,443,0,0.02773704193532467,0,0.5
5,1,46,xgboost,202,454,0,0.038811273872852325,0,0.5
5,1,46,xgboost,207,437,0,0.041126348078250885,0,0.5
5,1,46,xgboost,208,470,0,0.027199560776352882,0,0.5
5,1,46,xgboost,211,453,0,0.0059386081993579865,0,0.5
5,1,46,xgboost,212,431,0,0.04293017461895943,0,0.5
5,1,46,xgboost,215,372,0,0.008455472066998482,0,0.5
5,1,46,xgboost,217,408,0,0.009200711734592915,0,0.5
5,1,46,xgboost,218,503,0,0.35901421308517456,0,0.5
5,1,46,xgboost,232,316,0,0.03455224260687828,0,0.5
5,1,46,xgboost,236,343,0,0.014971798285841942,0,0.5
5,1,46,xgboost,243,402,0,0.0018764185952022672,0,0.5
5,1,46,xgboost,245,253,0,0.15082363784313202,0,0.5
5,1,46,xgboost,248,381,0,0.0022950537968426943,0,0.5
5,1,46,xgboost,249,270,0,0.4034801721572876,0,0.5
5,1,46,xgboost,251,284,0,0.05239634960889816,0,0.5
5,1,46,xgboost,253,279,0,0.005047238431870937,0,0.5
5,1,46,xgboost,263,296,0,0.0007672336068935692,0,0.5
5,1,46,xgboost,267,265,0,0.02131432108581066,0,0.5
5,1,46,xgboost,272,330,0,0.009364038705825806,0,0.5
5,1,46,xgboost,278,267,0,0.0863410010933876,0,0.5
5,1,46,xgboost,285,430,0,0.0007018843898549676,0,0.5
5,1,46,xgboost,289,419,0,0.022958863526582718,0,0.5
5,1,46,xgboost,294,288,0,0.013535050675272942,0,0.5
5,1,46,xgboost,305,201,0,0.014140170998871326,0,0.5
5,1,46,xgboost,316,348,0,0.0036475236993283033,0,0.5
5,1,46,xgboost,317,170,0,0.014081682078540325,0,0.5
5,1,46,xgboost,324,654,0,0.031124131754040718,0,0.5
5,1,46,xgboost,326,217,0,0.07501693069934845,0,0.5
5,1,46,xgboost,327,173,0,0.031275440007448196,0,0.5
5,1,46,xgboost,331,446,0,0.021253976970911026,0,0.5
5,1,46,xgboost,333,274,0,0.19026052951812744,0,0.5
5,1,46,xgboost,341,121,0,0.0025707250460982323,0,0.5
5,1,46,xgboost,342,228,0,0.07326934486627579,0,0.5
5,1,46,xgboost,351,155,0,0.01105706486850977,0,0.5
5,1,46,xgboost,366,143,0,0.041727952659130096,0,0.5
5,1,46,xgboost,374,243,0,0.043980661779642105,0,0.5
5,1,46,xgboost,381,145,0,0.0027766411658376455,0,0.5
5,1,46,xgboost,383,134,1,0.01501068752259016,0,0.5
5,1,46,xgboost,385,234,0,0.03624597191810608,0,0.5
5,1,46,xgboost,391,69,0,0.00150134670548141,0,0.5
5,1,46,xgboost,403,64,0,0.031127819791436195,0,0.5
5,1,46,xgboost,413,698,0,0.010858860798180103,0,0.5
5,1,46,xgboost,417,158,0,0.0023108203895390034,0,0.5
5,1,46,xgboost,422,89,0,0.005389143712818623,0,0.5
5,1,46,xgboost,425,35,0,0.015383755788207054,0,0.5
5,1,46,xgboost,432,600,0,0.025791794061660767,0,0.5
5,1,46,xgboost,434,192,1,0.02921271324157715,0,0.5
5,1,46,xgboost,437,26,0,0.006718192249536514,0,0.5
5,1,46,xgboost,440,7,0,0.0025819833390414715,0,0.5
5,1,46,xgboost,442,26,0,0.006718192249536514,0,0.5
5,1,46,xgboost,446,107,0,0.0026981746777892113,0,0.5
5,1,46,xgboost,452,46,0,0.0019447827944532037,0,0.5
5,1,46,xgboost,454,7,0,0.0025819833390414715,0,0.5
5,1,46,xgboost,457,18,0,0.002411592286080122,0,0.5
5,1,46,xgboost,458,35,0,0.015383755788207054,0,0.5
5,1,46,xgboost,459,3,0,0.0059443311765789986,0,0.5
5,1,46,xgboost,463,1,0,0.0007227099849842489,0,0.5
5,1,46,xgboost,465,43,0,0.0018860893324017525,0,0.5
5,1,46,xgboost,466,7,0,0.0025819833390414715,0,0.5
5,1,46,xgboost,481,608,0,0.04863324761390686,0,0.5
5,1,46,xgboost,484,371,0,0.012421737425029278,0,0.5
5,1,46,xgboost,489,151,0,0.0011152533115819097,0,0.5
5,1,46,xgboost,498,663,0,0.1956550031900406,0,0.5
5,1,46,xgboost,515,603,0,0.04285541549324989,0,0.5
5,1,46,xgboost,517,514,0,0.045986924320459366,0,0.5
5,1,46,xgboost,519,123,0,0.03252685070037842,0,0.5
5,1,46,xgboost,524,628,0,0.30145201086997986,0,0.5
5,1,46,xgboost,525,46,0,0.0019447827944532037,0,0.5
5,1,46,xgboost,526,469,0,0.08514557033777237,0,0.5
5,1,46,xgboost,531,119,0,0.0715252086520195,0,0.5
5,1,46,xgboost,535,275,0,0.4528341591358185,0,0.5
5,1,46,xgboost,538,361,0,0.08195570856332779,0,0.5
5,1,46,xgboost,539,76,1,0.0032870001159608364,0,0.5
5,1,46,xgboost,540,188,0,0.027395686134696007,0,0.5
5,1,46,xgboost,550,191,0,0.028584375977516174,0,0.5
5,1,46,xgboost,565,335,0,0.0065361806191504,0,0.5
5,1,46,xgboost,572,373,0,0.002553433645516634,0,0.5
5,1,46,xgboost,574,309,0,0.0017108179163187742,0,0.5
5,1,46,xgboost,577,196,0,0.06740383058786392,0,0.5
5,1,46,xgboost,582,198,0,0.011250914074480534,0,0.5
5,1,46,xgboost,584,562,0,0.014006589539349079,0,0.5
5,1,46,xgboost,588,813,0,0.0005661200266331434,0,0.5
5,1,46,xgboost,592,321,0,0.03339240327477455,0,0.5
5,1,46,xgboost,601,504,0,0.02774869091808796,0,0.5
5,1,46,xgboost,602,670,0,0.028050284832715988,0,0.5
5,1,46,xgboost,605,183,0,0.00599816907197237,0,0.5
5,1,46,xgboost,607,566,0,0.0007098658825270832,0,0.5
5,1,46,xgboost,608,135,0,0.005450611002743244,0,0.5
5,1,46,xgboost,609,416,0,0.022421516478061676,0,0.5
5,1,46,xgboost,613,299,0,0.01677173189818859,0,0.5
5,1,46,xgboost,615,706,0,0.016901375725865364,0,0.5
5,1,46,xgboost,627,280,0,0.004098847042769194,0,0.5
5,1,46,xgboost,634,478,0,0.037092581391334534,0,0.5
5,1,46,xgboost,637,493,0,0.007371444255113602,0,0.5
5,1,46,xgboost,647,277,0,0.08731910586357117,0,0.5
5,1,46,xgboost,648,95,0,0.016035759821534157,0,0.5
5,1,46,xgboost,652,826,0,0.059580929577350616,0,0.5
5,1,46,xgboost,658,85,0,0.0031965298112481833,0,0.5
5,1,46,xgboost,659,467,0,0.0199949461966753,0,0.5
5,1,46,xgboost,661,326,0,0.007892514578998089,0,0.5
5,1,46,xgboost,662,502,0,0.07607417553663254,0,0.5
5,1,46,xgboost,663,310,0,0.03137867525219917,0,0.5
5,1,46,xgboost,673,819,1,0.030848098918795586,0,0.5
5,1,46,xgboost,693,98,1,0.017942331731319427,0,0.5
5,1,46,xgboost,694,486,0,0.22082778811454773,0,0.5
5,1,46,xgboost,698,473,0,0.06816661357879639,0,0.5
5,1,46,xgboost,704,781,0,0.015852494165301323,0,0.5
5,1,46,xgboost,710,449,0,0.04009789973497391,0,0.5
5,1,46,xgboost,713,31,0,0.002152219647541642,0,0.5
5,1,46,xgboost,719,769,0,0.34708961844444275,0,0.5
5,1,46,xgboost,722,325,0,0.009710786864161491,0,0.5
5,1,46,xgboost,724,554,0,0.00983076635748148,0,0.5
5,1,46,xgboost,725,214,0,0.14891374111175537,0,0.5
5,1,46,xgboost,733,587,0,0.033500902354717255,0,0.5
5,1,46,xgboost,750,99,0,0.011367591097950935,0,0.5
5,1,46,xgboost,764,281,0,0.0036207358352839947,0,0.5
5,1,46,xgboost,765,398,0,0.005396279040724039,0,0.5
5,1,46,xgboost,766,206,0,0.03918588533997536,0,0.5
5,1,46,xgboost,767,12,0,0.0016780683072283864,0,0.5
5,1,46,xgboost,773,23,0,0.0016575837507843971,0,0.5
5,1,46,xgboost,779,656,0,0.19742606580257416,0,0.5
5,1,46,xgboost,783,84,0,0.00932980701327324,0,0.5
5,1,46,xgboost,786,401,1,0.0029908588621765375,0,0.5
5,1,46,xgboost,796,605,0,0.001509654219262302,0,0.5
5,1,46,xgboost,808,544,0,0.05169225111603737,0,0.5
5,1,46,xgboost,811,48,0,0.0019011552212759852,0,0.5
5,1,46,xgboost,814,22,1,0.004333058837801218,0,0.5
5,1,46,xgboost,824,720,0,0.016254128888249397,0,0.5
5,1,46,xgboost,828,634,0,0.017264291644096375,0,0.5
5,1,46,xgboost,838,694,0,0.008965595625340939,0,0.5
5,1,46,xgboost,855,377,0,0.016988981515169144,0,0.5
5,1,46,xgboost,856,635,0,0.11271006613969803,0,0.5
5,2,46,dummy_prior,0,109,0,0.0641399416909621,0,0.5
5,2,46,dummy_prior,5,796,0,0.0641399416909621,0,0.5
5,2,46,dummy_prior,9,804,0,0.0641399416909621,0,0.5
5,2,46,dummy_prior,10,807,0,0.0641399416909621,0,0.5
5,2,46,dummy_prior,13,803,0,0.0641399416909621,0,0.5
5,2,46,dummy_prior,19,773,0,0.0641399416909621,0,0.5
5,2,46,dummy_prior,26,765,0,0.0641399416909621,0,0.5
5,2,46,dummy_prior,27,759,0,0.0641399416909621,0,0.5
5,2,46,dummy_prior,30,782,0,0.0641399416909621,0,0.5
5,2,46,dummy_prior,33,734,0,0.0641399416909621,0,0.5
5,2,46,dummy_prior,42,724,0,0.0641399416909621,0,0.5
5,2,46,dummy_prior,43,723,0,0.0641399416909621,0,0.5
5,2,46,dummy_prior,51,715,0,0.0641399416909621,0,0.5
5,2,46,dummy_prior,59,692,0,0.0641399416909621,0,0.5
5,2,46,dummy_prior,64,750,1,0.0641399416909621,0,0.5
5,2,46,dummy_prior,67,728,0,0.0641399416909621,0,0.5
5,2,46,dummy_prior,68,696,0,0.0641399416909621,0,0.5
5,2,46,dummy_prior,72,664,0,0.0641399416909621,0,0.5
5,2,46,dummy_prior,75,686,0,0.0641399416909621,0,0.5
5,2,46,dummy_prior,79,684,0,0.0641399416909621,0,0.5
5,2,46,dummy_prior,80,630,0,0.0641399416909621,0,0.5
5,2,46,dummy_prior,84,713,0,0.0641399416909621,0,0.5
5,2,46,dummy_prior,85,657,0,0.0641399416909621,0,0.5
5,2,46,dummy_prior,89,632,0,0.0641399416909621,0,0.5
5,2,46,dummy_prior,92,649,0,0.0641399416909621,0,0.5
5,2,46,dummy_prior,94,637,0,0.0641399416909621,0,0.5
5,2,46,dummy_prior,113,328,0,0.0641399416909621,0,0.5
5,2,46,dummy_prior,117,570,0,0.0641399416909621,0,0.5
5,2,46,dummy_prior,119,498,0,0.0641399416909621,0,0.5
5,2,46,dummy_prior,125,596,0,0.0641399416909621,0,0.5
5,2,46,dummy_prior,126,588,0,0.0641399416909621,0,0.5
5,2,46,dummy_prior,146,576,0,0.0641399416909621,0,0.5
5,2,46,dummy_prior,153,423,0,0.0641399416909621,0,0.5
5,2,46,dummy_prior,166,515,0,0.0641399416909621,0,0.5
5,2,46,dummy_prior,176,452,0,0.0641399416909621,0,0.5
5,2,46,dummy_prior,185,488,1,0.0641399416909621,0,0.5
5,2,46,dummy_prior,186,404,0,0.0641399416909621,0,0.5
5,2,46,dummy_prior,187,501,0,0.0641399416909621,0,0.5
5,2,46,dummy_prior,191,527,0,0.0641399416909621,0,0.5
5,2,46,dummy_prior,193,445,0,0.0641399416909621,0,0.5
5,2,46,dummy_prior,194,397,0,0.0641399416909621,0,0.5
5,2,46,dummy_prior,195,429,0,0.0641399416909621,0,0.5
5,2,46,dummy_prior,198,447,0,0.0641399416909621,0,0.5
5,2,46,dummy_prior,203,494,1,0.0641399416909621,0,0.5
5,2,46,dummy_prior,214,550,1,0.0641399416909621,0,0.5
5,2,46,dummy_prior,216,531,1,0.0641399416909621,0,0.5
5,2,46,dummy_prior,222,552,0,0.0641399416909621,0,0.5
5,2,46,dummy_prior,225,511,0,0.0641399416909621,0,0.5
5,2,46,dummy_prior,227,394,0,0.0641399416909621,0,0.5
5,2,46,dummy_prior,228,585,0,0.0641399416909621,0,0.5
5,2,46,dummy_prior,240,334,0,0.0641399416909621,0,0.5
5,2,46,dummy_prior,242,555,0,0.0641399416909621,0,0.5
5,2,46,dummy_prior,244,391,0,0.0641399416909621,0,0.5
5,2,46,dummy_prior,254,390,0,0.0641399416909621,0,0.5
5,2,46,dummy_prior,265,247,0,0.0641399416909621,0,0.5
5,2,46,dummy_prior,269,410,0,0.0641399416909621,0,0.5
5,2,46,dummy_prior,276,241,0,0.0641399416909621,0,0.5
5,2,46,dummy_prior,277,168,0,0.0641399416909621,0,0.5
5,2,46,dummy_prior,280,303,0,0.0641399416909621,0,0.5
5,2,46,dummy_prior,281,238,0,0.0641399416909621,0,0.5
5,2,46,dummy_prior,284,252,0,0.0641399416909621,0,0.5
5,2,46,dummy_prior,286,240,0,0.0641399416909621,0,0.5
5,2,46,dummy_prior,292,264,0,0.0641399416909621,0,0.5
5,2,46,dummy_prior,293,221,0,0.0641399416909621,0,0.5
5,2,46,dummy_prior,306,436,0,0.0641399416909621,0,0.5
5,2,46,dummy_prior,311,368,0,0.0641399416909621,0,0.5
5,2,46,dummy_prior,319,293,0,0.0641399416909621,0,0.5
5,2,46,dummy_prior,322,180,0,0.0641399416909621,0,0.5
5,2,46,dummy_prior,328,197,0,0.0641399416909621,0,0.5
5,2,46,dummy_prior,332,583,0,0.0641399416909621,0,0.5
5,2,46,dummy_prior,335,525,1,0.0641399416909621,0,0.5
5,2,46,dummy_prior,343,159,0,0.0641399416909621,0,0.5
5,2,46,dummy_prior,349,235,0,0.0641399416909621,0,0.5
5,2,46,dummy_prior,354,811,0,0.0641399416909621,0,0.5
5,2,46,dummy_prior,355,140,0,0.0641399416909621,0,0.5
5,2,46,dummy_prior,358,212,0,0.0641399416909621,0,0.5
5,2,46,dummy_prior,359,733,0,0.0641399416909621,0,0.5
5,2,46,dummy_prior,362,160,0,0.0641399416909621,0,0.5
5,2,46,dummy_prior,363,72,0,0.0641399416909621,0,0.5
5,2,46,dummy_prior,367,127,0,0.0641399416909621,0,0.5
5,2,46,dummy_prior,375,249,0,0.0641399416909621,0,0.5
5,2,46,dummy_prior,379,224,0,0.0641399416909621,0,0.5
5,2,46,dummy_prior,389,49,0,0.0641399416909621,0,0.5
5,2,46,dummy_prior,393,142,0,0.0641399416909621,0,0.5
5,2,46,dummy_prior,396,100,0,0.0641399416909621,0,0.5
5,2,46,dummy_prior,402,102,0,0.0641399416909621,0,0.5
5,2,46,dummy_prior,406,49,0,0.0641399416909621,0,0.5
5,2,46,dummy_prior,411,49,0,0.0641399416909621,0,0.5
5,2,46,dummy_prior,415,104,0,0.0641399416909621,0,0.5
5,2,46,dummy_prior,421,433,1,0.0641399416909621,0,0.5
5,2,46,dummy_prior,424,181,0,0.0641399416909621,0,0.5
5,2,46,dummy_prior,429,73,0,0.0641399416909621,0,0.5
5,2,46,dummy_prior,433,28,0,0.0641399416909621,0,0.5
5,2,46,dummy_prior,436,39,0,0.0641399416909621,0,0.5
5,2,46,dummy_prior,441,9,0,0.0641399416909621,0,0.5
5,2,46,dummy_prior,456,24,0,0.0641399416909621,0,0.5
5,2,46,dummy_prior,460,5,0,0.0641399416909621,0,0.5
5,2,46,dummy_prior,468,11,0,0.0641399416909621,0,0.5
5,2,46,dummy_prior,483,190,0,0.0641399416909621,0,0.5
5,2,46,dummy_prior,487,483,0,0.0641399416909621,0,0.5
5,2,46,dummy_prior,488,337,0,0.0641399416909621,0,0.5
5,2,46,dummy_prior,490,375,0,0.0641399416909621,0,0.5
5,2,46,dummy_prior,496,451,1,0.0641399416909621,0,0.5
5,2,46,dummy_prior,500,763,0,0.0641399416909621,0,0.5
5,2,46,dummy_prior,502,369,0,0.0641399416909621,0,0.5
5,2,46,dummy_prior,504,428,0,0.0641399416909621,0,0.5
5,2,46,dummy_prior,513,96,0,0.0641399416909621,0,0.5
5,2,46,dummy_prior,516,174,0,0.0641399416909621,0,0.5
5,2,46,dummy_prior,518,362,0,0.0641399416909621,0,0.5
5,2,46,dummy_prior,522,37,0,0.0641399416909621,0,0.5
5,2,46,dummy_prior,536,24,0,0.0641399416909621,0,0.5
5,2,46,dummy_prior,544,50,0,0.0641399416909621,0,0.5
5,2,46,dummy_prior,549,662,1,0.0641399416909621,0,0.5
5,2,46,dummy_prior,553,636,0,0.0641399416909621,0,0.5
5,2,46,dummy_prior,557,458,0,0.0641399416909621,0,0.5
5,2,46,dummy_prior,558,255,0,0.0641399416909621,0,0.5
5,2,46,dummy_prior,564,426,0,0.0641399416909621,0,0.5
5,2,46,dummy_prior,581,59,0,0.0641399416909621,0,0.5
5,2,46,dummy_prior,586,150,0,0.0641399416909621,0,0.5
5,2,46,dummy_prior,593,13,0,0.0641399416909621,0,0.5
5,2,46,dummy_prior,595,248,0,0.0641399416909621,0,0.5
5,2,46,dummy_prior,603,440,0,0.0641399416909621,0,0.5
5,2,46,dummy_prior,619,320,0,0.0641399416909621,0,0.5
5,2,46,dummy_prior,621,582,0,0.0641399416909621,0,0.5
5,2,46,dummy_prior,622,710,0,0.0641399416909621,0,0.5
5,2,46,dummy_prior,635,714,0,0.0641399416909621,0,0.5
5,2,46,dummy_prior,638,221,0,0.0641399416909621,0,0.5
5,2,46,dummy_prior,639,52,0,0.0641399416909621,0,0.5
5,2,46,dummy_prior,641,761,0,0.0641399416909621,0,0.5
5,2,46,dummy_prior,643,21,0,0.0641399416909621,0,0.5
5,2,46,dummy_prior,644,285,0,0.0641399416909621,0,0.5
5,2,46,dummy_prior,653,216,1,0.0641399416909621,0,0.5
5,2,46,dummy_prior,665,205,0,0.0641399416909621,0,0.5
5,2,46,dummy_prior,666,67,0,0.0641399416909621,0,0.5
5,2,46,dummy_prior,675,808,0,0.0641399416909621,0,0.5
5,2,46,dummy_prior,677,814,0,0.0641399416909621,0,0.5
5,2,46,dummy_prior,678,609,0,0.0641399416909621,0,0.5
5,2,46,dummy_prior,680,821,0,0.0641399416909621,0,0.5
5,2,46,dummy_prior,688,510,1,0.0641399416909621,0,0.5
5,2,46,dummy_prior,689,340,0,0.0641399416909621,0,0.5
5,2,46,dummy_prior,700,479,0,0.0641399416909621,0,0.5
5,2,46,dummy_prior,703,42,0,0.0641399416909621,0,0.5
5,2,46,dummy_prior,706,81,0,0.0641399416909621,0,0.5
5,2,46,dummy_prior,714,521,0,0.0641399416909621,0,0.5
5,2,46,dummy_prior,715,13,0,0.0641399416909621,0,0.5
5,2,46,dummy_prior,720,427,0,0.0641399416909621,0,0.5
5,2,46,dummy_prior,723,124,0,0.0641399416909621,0,0.5
5,2,46,dummy_prior,726,530,0,0.0641399416909621,0,0.5
5,2,46,dummy_prior,728,623,0,0.0641399416909621,0,0.5
5,2,46,dummy_prior,730,775,0,0.0641399416909621,0,0.5
5,2,46,dummy_prior,731,291,0,0.0641399416909621,0,0.5
5,2,46,dummy_prior,740,768,0,0.0641399416909621,0,0.5
5,2,46,dummy_prior,744,66,0,0.0641399416909621,0,0.5
5,2,46,dummy_prior,756,395,0,0.0641399416909621,0,0.5
5,2,46,dummy_prior,763,785,0,0.0641399416909621,0,0.5
5,2,46,dummy_prior,776,45,0,0.0641399416909621,0,0.5
5,2,46,dummy_prior,780,110,0,0.0641399416909621,0,0.5
5,2,46,dummy_prior,782,528,0,0.0641399416909621,0,0.5
5,2,46,dummy_prior,790,350,0,0.0641399416909621,0,0.5
5,2,46,dummy_prior,793,353,0,0.0641399416909621,0,0.5
5,2,46,dummy_prior,798,396,0,0.0641399416909621,0,0.5
5,2,46,dummy_prior,806,62,0,0.0641399416909621,0,0.5
5,2,46,dummy_prior,809,519,0,0.0641399416909621,0,0.5
5,2,46,dummy_prior,812,4,0,0.0641399416909621,0,0.5
5,2,46,dummy_prior,815,549,0,0.0641399416909621,0,0.5
5,2,46,dummy_prior,833,659,0,0.0641399416909621,0,0.5
5,2,46,dummy_prior,834,569,0,0.0641399416909621,0,0.5
5,2,46,dummy_prior,836,743,0,0.0641399416909621,0,0.5
5,2,46,dummy_prior,848,598,0,0.0641399416909621,0,0.5
5,2,46,dummy_prior,849,620,0,0.0641399416909621,0,0.5
5,2,46,dummy_prior,850,117,0,0.0641399416909621,0,0.5
5,2,46,dummy_prior,851,298,0,0.0641399416909621,0,0.5
5,2,46,logistic_regression,0,109,0,0.2280502503864411,0,0.5
5,2,46,logistic_regression,5,796,0,0.23887370062317387,0,0.5
5,2,46,logistic_regression,9,804,0,0.2532660900849016,0,0.5
5,2,46,logistic_regression,10,807,0,0.2304370778317302,0,0.5
5,2,46,logistic_regression,13,803,0,0.23893775694911898,0,0.5
5,2,46,logistic_regression,19,773,0,0.27641530342873616,0,0.5
5,2,46,logistic_regression,26,765,0,0.255398821193531,0,0.5
5,2,46,logistic_regression,27,759,0,0.23435737277025032,0,0.5
5,2,46,logistic_regression,30,782,0,0.29686966083429683,0,0.5
5,2,46,logistic_regression,33,734,0,0.23929914091185422,0,0.5
5,2,46,logistic_regression,42,724,0,0.25214397333341215,0,0.5
5,2,46,logistic_regression,43,723,0,0.23404058079115786,0,0.5
5,2,46,logistic_regression,51,715,0,0.23569711760571427,0,0.5
5,2,46,logistic_regression,59,692,0,0.34815375403650906,0,0.5
5,2,46,logistic_regression,64,750,1,0.25908277107558986,0,0.5
5,2,46,logistic_regression,67,728,0,0.3057072804298788,0,0.5
5,2,46,logistic_regression,68,696,0,0.3481909154514929,0,0.5
5,2,46,logistic_regression,72,664,0,0.22299853426757515,0,0.5
5,2,46,logistic_regression,75,686,0,0.2264073933877565,0,0.5
5,2,46,logistic_regression,79,684,0,0.2224668282218389,0,0.5
5,2,46,logistic_regression,80,630,0,0.22282134434972745,0,0.5
5,2,46,logistic_regression,84,713,0,0.2111855402825038,0,0.5
5,2,46,logistic_regression,85,657,0,0.23203464467518053,0,0.5
5,2,46,logistic_regression,89,632,0,0.23739906359492766,0,0.5
5,2,46,logistic_regression,92,649,0,0.2564608233086796,0,0.5
5,2,46,logistic_regression,94,637,0,0.23342352184402593,0,0.5
5,2,46,logistic_regression,113,328,0,0.22313573954106397,0,0.5
5,2,46,logistic_regression,117,570,0,0.20871156753232548,0,0.5
5,2,46,logistic_regression,119,498,0,0.22450530797351995,0,0.5
5,2,46,logistic_regression,125,596,0,0.25356412580216214,0,0.5
5,2,46,logistic_regression,126,588,0,0.23332691312823775,0,0.5
5,2,46,logistic_regression,146,576,0,0.2372557177434129,0,0.5
5,2,46,logistic_regression,153,423,0,0.23974935759640334,0,0.5
5,2,46,logistic_regression,166,515,0,0.23624814294256455,0,0.5
5,2,46,logistic_regression,176,452,0,0.18614483348894842,0,0.5
5,2,46,logistic_regression,185,488,1,0.25871684072196405,0,0.5
5,2,46,logistic_regression,186,404,0,0.35350465338504716,0,0.5
5,2,46,logistic_regression,187,501,0,0.4298670267111173,0,0.5
5,2,46,logistic_regression,191,527,0,0.24009432669169448,0,0.5
5,2,46,logistic_regression,193,445,0,0.20333437754103814,0,0.5
5,2,46,logistic_regression,194,397,0,0.22044986033333513,0,0.5
5,2,46,logistic_regression,195,429,0,0.2327148885013481,0,0.5
5,2,46,logistic_regression,198,447,0,0.2309140121901192,0,0.5
5,2,46,logistic_regression,203,494,1,0.3283103873891584,0,0.5
5,2,46,logistic_regression,214,550,1,0.22800448313823568,0,0.5
5,2,46,logistic_regression,216,531,1,0.2554851111388169,0,0.5
5,2,46,logistic_regression,222,552,0,0.150798435342227,0,0.5
5,2,46,logistic_regression,225,511,0,0.18440087001687006,0,0.5
5,2,46,logistic_regression,227,394,0,0.3396690809023066,0,0.5
5,2,46,logistic_regression,228,585,0,0.1856886270915427,0,0.5
5,2,46,logistic_regression,240,334,0,0.2230898733477049,0,0.5
5,2,46,logistic_regression,242,555,0,0.2221296637513156,0,0.5
5,2,46,logistic_regression,244,391,0,0.22986799349063528,0,0.5
5,2,46,logistic_regression,254,390,0,0.23155113078708098,0,0.5
5,2,46,logistic_regression,265,247,0,0.24573372209796732,0,0.5
5,2,46,logistic_regression,269,410,0,0.23101516584009615,0,0.5
5,2,46,logistic_regression,276,241,0,0.2222998805740802,0,0.5
5,2,46,logistic_regression,277,168,0,0.22970471677592338,0,0.5
5,2,46,logistic_regression,280,303,0,0.22936093613248332,0,0.5
5,2,46,logistic_regression,281,238,0,0.18316101569538262,0,0.5
5,2,46,logistic_regression,284,252,0,0.1844406695313624,0,0.5
5,2,46,logistic_regression,286,240,0,0.2284081088236528,0,0.5
5,2,46,logistic_regression,292,264,0,0.21601181333616745,0,0.5
5,2,46,logistic_regression,293,221,0,0.2303549867674522,0,0.5
5,2,46,logistic_regression,306,436,0,0.22076306283686523,0,0.5
5,2,46,logistic_regression,311,368,0,0.22518669552416154,0,0.5
5,2,46,logistic_regression,319,293,0,0.18406732539462148,0,0.5
5,2,46,logistic_regression,322,180,0,0.2181103152324418,0,0.5
5,2,46,logistic_regression,328,197,0,0.18303475384320167,0,0.5
5,2,46,logistic_regression,332,583,0,0.2198797192279324,0,0.5
5,2,46,logistic_regression,335,525,1,0.23058115384959404,0,0.5
5,2,46,logistic_regression,343,159,0,0.1909503796349996,0,0.5
5,2,46,logistic_regression,349,235,0,0.21829958248451517,0,0.5
5,2,46,logistic_regression,354,811,0,0.2370524362442489,0,0.5
5,2,46,logistic_regression,355,140,0,0.3136537037446432,0,0.5
5,2,46,logistic_regression,358,212,0,0.22152483282813337,0,0.5
5,2,46,logistic_regression,359,733,0,0.2310075567656289,0,0.5
5,2,46,logistic_regression,362,160,0,0.21628516813164908,0,0.5
5,2,46,logistic_regression,363,72,0,0.2161225337511809,0,0.5
5,2,46,logistic_regression,367,127,0,0.22930546588369888,0,0.5
5,2,46,logistic_regression,375,249,0,0.2177855975148329,0,0.5
5,2,46,logistic_regression,379,224,0,0.22915110494274146,0,0.5
5,2,46,logistic_regression,389,49,0,0.22801038107657734,0,0.5
5,2,46,logistic_regression,393,142,0,0.22840120044027376,0,0.5
5,2,46,logistic_regression,396,100,0,0.17343954607772225,0,0.5
5,2,46,logistic_regression,402,102,0,0.21677119098524084,0,0.5
5,2,46,logistic_regression,406,49,0,0.22801038107657734,0,0.5
5,2,46,logistic_regression,411,49,0,0.22801038107657734,0,0.5
5,2,46,logistic_regression,415,104,0,0.22716999492926163,0,0.5
5,2,46,logistic_regression,421,433,1,0.22408609602916246,0,0.5
5,2,46,logistic_regression,424,181,0,0.31868817727356286,0,0.5
5,2,46,logistic_regression,429,73,0,0.21476427560561875,0,0.5
5,2,46,logistic_regression,433,28,0,0.2168540102829299,0,0.5
5,2,46,logistic_regression,436,39,0,0.18143866796467442,0,0.5
5,2,46,logistic_regression,441,9,0,0.22672045898187226,0,0.5
5,2,46,logistic_regression,456,24,0,0.22686848778474272,0,0.5
5,2,46,logistic_regression,460,5,0,0.1798944764422457,0,0.5
5,2,46,logistic_regression,468,11,0,0.19497825000042485,0,0.5
5,2,46,logistic_regression,483,190,0,0.22080313952217887,0,0.5
5,2,46,logistic_regression,487,483,0,0.22565385547181388,0,0.5
5,2,46,logistic_regression,488,337,0,0.2313591423343152,0,0.5
5,2,46,logistic_regression,490,375,0,0.23980548374559207,0,0.5
5,2,46,logistic_regression,496,451,1,0.21907078603027058,0,0.5
5,2,46,logistic_regression,500,763,0,0.22728587016046234,0,0.5
5,2,46,logistic_regression,502,369,0,0.22846335491398892,0,0.5
5,2,46,logistic_regression,504,428,0,0.23240984349610402,0,0.5
5,2,46,logistic_regression,513,96,0,0.228454809487558,0,0.5
5,2,46,logistic_regression,516,174,0,0.2186784104664679,0,0.5
5,2,46,logistic_regression,518,362,0,0.23756001482907926,0,0.5
5,2,46,logistic_regression,522,37,0,0.2224072468312895,0,0.5
5,2,46,logistic_regression,536,24,0,0.22686848778474272,0,0.5
5,2,46,logistic_regression,544,50,0,0.19597956471785155,0,0.5
5,2,46,logistic_regression,549,662,1,0.2599373801232928,0,0.5
5,2,46,logistic_regression,553,636,0,0.21899565636244378,0,0.5
5,2,46,logistic_regression,557,458,0,0.2183117434320678,0,0.5
5,2,46,logistic_regression,558,255,0,0.23125776419850486,0,0.5
5,2,46,logistic_regression,564,426,0,0.19006317290135896,0,0.5
5,2,46,logistic_regression,581,59,0,0.2187206822563175,0,0.5
5,2,46,logistic_regression,586,150,0,0.19733583759907028,0,0.5
5,2,46,logistic_regression,593,13,0,0.22651920143490067,0,0.5
5,2,46,logistic_regression,595,248,0,0.25420147335184506,0,0.5
5,2,46,logistic_regression,603,440,0,0.18385516405603328,0,0.5
5,2,46,logistic_regression,619,320,0,0.198956946038339,0,0.5
5,2,46,logistic_regression,621,582,0,0.2205254942553772,0,0.5
5,2,46,logistic_regression,622,710,0,0.2219975178409751,0,0.5
5,2,46,logistic_regression,635,714,0,0.21972069851174428,0,0.5
5,2,46,logistic_regression,638,221,0,0.2303549867674522,0,0.5
5,2,46,logistic_regression,639,52,0,0.22731134582819282,0,0.5
5,2,46,logistic_regression,641,761,0,0.23040092314723623,0,0.5
5,2,46,logistic_regression,643,21,0,0.22182944060239182,0,0.5
5,2,46,logistic_regression,644,285,0,0.2307068874112007,0,0.5
5,2,46,logistic_regression,653,216,1,0.24089570484894823,0,0.5
5,2,46,logistic_regression,665,205,0,0.22766995529088316,0,0.5
5,2,46,logistic_regression,666,67,0,0.21569661083157685,0,0.5
5,2,46,logistic_regression,675,808,0,0.2401558364691747,0,0.5
5,2,46,logistic_regression,677,814,0,0.2395739292964876,0,0.5
5,2,46,logistic_regression,678,609,0,0.22231995313811362,0,0.5
5,2,46,logistic_regression,680,821,0,0.23969198143697304,0,0.5
5,2,46,logistic_regression,688,510,1,0.22957096595390172,0,0.5
5,2,46,logistic_regression,689,340,0,0.2383586335221805,0,0.5
5,2,46,logistic_regression,700,479,0,0.20101290319449763,0,0.5
5,2,46,logistic_regression,703,42,0,0.23609244824940917,0,0.5
5,2,46,logistic_regression,706,81,0,0.23311896017637102,0,0.5
5,2,46,logistic_regression,714,521,0,0.23553155765850312,0,0.5
5,2,46,logistic_regression,715,13,0,0.22651920143490067,0,0.5
5,2,46,logistic_regression,720,427,0,0.22010057484714063,0,0.5
5,2,46,logistic_regression,723,124,0,0.23965499533773418,0,0.5
5,2,46,logistic_regression,726,530,0,0.24190128887373877,0,0.5
5,2,46,logistic_regression,728,623,0,0.2402213336679718,0,0.5
5,2,46,logistic_regression,730,775,0,0.2923441923168855,0,0.5
5,2,46,logistic_regression,731,291,0,0.23090539453856385,0,0.5
5,2,46,logistic_regression,740,768,0,0.2329264281999147,0,0.5
5,2,46,logistic_regression,744,66,0,0.2581790321839805,0,0.5
5,2,46,logistic_regression,756,395,0,0.235999145109024,0,0.5
5,2,46,logistic_regression,763,785,0,0.2414170913830587,0,0.5
5,2,46,logistic_regression,776,45,0,0.2277616449298742,0,0.5
5,2,46,logistic_regression,780,110,0,0.2308992013006623,0,0.5
5,2,46,logistic_regression,782,528,0,0.241139831597775,0,0.5
5,2,46,logistic_regression,790,350,0,0.2187687533984877,0,0.5
5,2,46,logistic_regression,793,353,0,0.23135377471496968,0,0.5
5,2,46,logistic_regression,798,396,0,0.23050474512718314,0,0.5
5,2,46,logistic_regression,806,62,0,0.23681754576591815,0,0.5
5,2,46,logistic_regression,809,519,0,0.2680588159148918,0,0.5
5,2,46,logistic_regression,812,4,0,0.23104743471680325,0,0.5
5,2,46,logistic_regression,815,549,0,0.24194514237050774,0,0.5
5,2,46,logistic_regression,833,659,0,0.20823544058059298,0,0.5
5,2,46,logistic_regression,834,569,0,0.2692373578398964,0,0.5
5,2,46,logistic_regression,836,743,0,0.1981968323525238,0,0.5
5,2,46,logistic_regression,848,598,0,0.2223464503836933,0,0.5
5,2,46,logistic_regression,849,620,0,0.23801492178042946,0,0.5
5,2,46,logistic_regression,850,117,0,0.22889457448224274,0,0.5
5,2,46,logistic_regression,851,298,0,0.2291111639190672,0,0.5
5,2,46,xgboost,0,109,0,0.05969315767288208,0,0.5
5,2,46,xgboost,5,796,0,0.04820609092712402,0,0.5
5,2,46,xgboost,9,804,0,0.05744561180472374,0,0.5
5,2,46,xgboost,10,807,0,0.02866360731422901,0,0.5
5,2,46,xgboost,13,803,0,0.024730129167437553,0,0.5
5,2,46,xgboost,19,773,0,0.07431523501873016,0,0.5
5,2,46,xgboost,26,765,0,0.07340019196271896,0,0.5
5,2,46,xgboost,27,759,0,0.06281159073114395,0,0.5
5,2,46,xgboost,30,782,0,0.2142014503479004,0,0.5
5,2,46,xgboost,33,734,0,0.04861922562122345,0,0.5
5,2,46,xgboost,42,724,0,0.03722809627652168,0,0.5
5,2,46,xgboost,43,723,0,0.0686560794711113,0,0.5
5,2,46,xgboost,51,715,0,0.0571846142411232,0,0.5
5,2,46,xgboost,59,692,0,0.061374180018901825,0,0.5
5,2,46,xgboost,64,750,1,0.15944994986057281,0,0.5
5,2,46,xgboost,67,728,0,0.12401536852121353,0,0.5
5,2,46,xgboost,68,696,0,0.20020626485347748,0,0.5
5,2,46,xgboost,72,664,0,0.04554681479930878,0,0.5
5,2,46,xgboost,75,686,0,0.03724489361047745,0,0.5
5,2,46,xgboost,79,684,0,0.058368366211652756,0,0.5
5,2,46,xgboost,80,630,0,0.04930886998772621,0,0.5
5,2,46,xgboost,84,713,0,0.10006189346313477,0,0.5
5,2,46,xgboost,85,657,0,0.030729705467820168,0,0.5
5,2,46,xgboost,89,632,0,0.048891015350818634,0,0.5
5,2,46,xgboost,92,649,0,0.037070080637931824,0,0.5
5,2,46,xgboost,94,637,0,0.04308900982141495,0,0.5
5,2,46,xgboost,113,328,0,0.02910514362156391,0,0.5
5,2,46,xgboost,117,570,0,0.014259113930165768,0,0.5
5,2,46,xgboost,119,498,0,0.023104336112737656,0,0.5
5,2,46,xgboost,125,596,0,0.040280669927597046,0,0.5
5,2,46,xgboost,126,588,0,0.04853915795683861,0,0.5
5,2,46,xgboost,146,576,0,0.042372897267341614,0,0.5
5,2,46,xgboost,153,423,0,0.0319967083632946,0,0.5
5,2,46,xgboost,166,515,0,0.022401858121156693,0,0.5
5,2,46,xgboost,176,452,0,0.014868565835058689,0,0.5
5,2,46,xgboost,185,488,1,0.025205131620168686,0,0.5
5,2,46,xgboost,186,404,0,0.13084794580936432,0,0.5
5,2,46,xgboost,187,501,0,0.1320721060037613,0,0.5
5,2,46,xgboost,191,527,0,0.026408037170767784,0,0.5
5,2,46,xgboost,193,445,0,0.018350202590227127,0,0.5
5,2,46,xgboost,194,397,0,0.03358222544193268,0,0.5
5,2,46,xgboost,195,429,0,0.02063881978392601,0,0.5
5,2,46,xgboost,198,447,0,0.030679374933242798,0,0.5
5,2,46,xgboost,203,494,1,0.22963115572929382,0,0.5
5,2,46,xgboost,214,550,1,0.024922460317611694,0,0.5
5,2,46,xgboost,216,531,1,0.028442654758691788,0,0.5
5,2,46,xgboost,222,552,0,0.06427933275699615,0,0.5
5,2,46,xgboost,225,511,0,0.017264194786548615,0,0.5
5,2,46,xgboost,227,394,0,0.10905971378087997,0,0.5
5,2,46,xgboost,228,585,0,0.014588465914130211,0,0.5
5,2,46,xgboost,240,334,0,0.021228382363915443,0,0.5
5,2,46,xgboost,242,555,0,0.03789068013429642,0,0.5
5,2,46,xgboost,244,391,0,0.0567602775990963,0,0.5
5,2,46,xgboost,254,390,0,0.05075373500585556,0,0.5
5,2,46,xgboost,265,247,0,0.08627673983573914,0,0.5
5,2,46,xgboost,269,410,0,0.04853915795683861,0,0.5
5,2,46,xgboost,276,241,0,0.0923125222325325,0,0.5
5,2,46,xgboost,277,168,0,0.0964907854795456,0,0.5
5,2,46,xgboost,280,303,0,0.031888093799352646,0,0.5
5,2,46,xgboost,281,238,0,0.05060260370373726,0,0.5
5,2,46,xgboost,284,252,0,0.03751320764422417,0,0.5
5,2,46,xgboost,286,240,0,0.10886148363351822,0,0.5
5,2,46,xgboost,292,264,0,0.1259031891822815,0,0.5
5,2,46,xgboost,293,221,0,0.09926456958055496,0,0.5
5,2,46,xgboost,306,436,0,0.038407109677791595,0,0.5
5,2,46,xgboost,311,368,0,0.02919013984501362,0,0.5
5,2,46,xgboost,319,293,0,0.016152745112776756,0,0.5
5,2,46,xgboost,322,180,0,0.07481396198272705,0,0.5
5,2,46,xgboost,328,197,0,0.036445725709199905,0,0.5
5,2,46,xgboost,332,583,0,0.035674672573804855,0,0.5
5,2,46,xgboost,335,525,1,0.05205610394477844,0,0.5
5,2,46,xgboost,343,159,0,0.030192149803042412,0,0.5
5,2,46,xgboost,349,235,0,0.08415307104587555,0,0.5
5,2,46,xgboost,354,811,0,0.07005126029253006,0,0.5
5,2,46,xgboost,355,140,0,0.08691553771495819,0,0.5
5,2,46,xgboost,358,212,0,0.07665742188692093,0,0.5
5,2,46,xgboost,359,733,0,0.02542378194630146,0,0.5
5,2,46,xgboost,362,160,0,0.06304661929607391,0,0.5
5,2,46,xgboost,363,72,0,0.0504070408642292,0,0.5
5,2,46,xgboost,367,127,0,0.08610092103481293,0,0.5
5,2,46,xgboost,375,249,0,0.06984109431505203,0,0.5
5,2,46,xgboost,379,224,0,0.08371273428201675,0,0.5
5,2,46,xgboost,389,49,0,0.07692358642816544,0,0.5
5,2,46,xgboost,393,142,0,0.05678027123212814,0,0.5
5,2,46,xgboost,396,100,0,0.02656749077141285,0,0.5
5,2,46,xgboost,402,102,0,0.04984663799405098,0,0.5
5,2,46,xgboost,406,49,0,0.07692358642816544,0,0.5
5,2,46,xgboost,411,49,0,0.07692358642816544,0,0.5
5,2,46,xgboost,415,104,0,0.05030573531985283,0,0.5
5,2,46,xgboost,421,433,1,0.03407211974263191,0,0.5
5,2,46,xgboost,424,181,0,0.29821011424064636,0,0.5
5,2,46,xgboost,429,73,0,0.05057866871356964,0,0.5
5,2,46,xgboost,433,28,0,0.04296056926250458,0,0.5
5,2,46,xgboost,436,39,0,0.022030815482139587,0,0.5
5,2,46,xgboost,441,9,0,0.04938705265522003,0,0.5
5,2,46,xgboost,456,24,0,0.04938705265522003,0,0.5
5,2,46,xgboost,460,5,0,0.021807007491588593,0,0.5
5,2,46,xgboost,468,11,0,0.07113684713840485,0,0.5
5,2,46,xgboost,483,190,0,0.05247235298156738,0,0.5
5,2,46,xgboost,487,483,0,0.027074413374066353,0,0.5
5,2,46,xgboost,488,337,0,0.02620713971555233,0,0.5
5,2,46,xgboost,490,375,0,0.06289730966091156,0,0.5
5,2,46,xgboost,496,451,1,0.04457303136587143,0,0.5
5,2,46,xgboost,500,763,0,0.04678889736533165,0,0.5
5,2,46,xgboost,502,369,0,0.024082286283373833,0,0.5
5,2,46,xgboost,504,428,0,0.035612739622592926,0,0.5
5,2,46,xgboost,513,96,0,0.07610269635915756,0,0.5
5,2,46,xgboost,516,174,0,0.05481087043881416,0,0.5
5,2,46,xgboost,518,362,0,0.02685275487601757,0,0.5
5,2,46,xgboost,522,37,0,0.053126923739910126,0,0.5
5,2,46,xgboost,536,24,0,0.04938705265522003,0,0.5
5,2,46,xgboost,544,50,0,0.02353670820593834,0,0.5
5,2,46,xgboost,549,662,1,0.051917664706707,0,0.5
5,2,46,xgboost,553,636,0,0.0403011254966259,0,0.5
5,2,46,xgboost,557,458,0,0.047333113849163055,0,0.5
5,2,46,xgboost,558,255,0,0.09926456958055496,0,0.5
5,2,46,xgboost,564,426,0,0.014055371284484863,0,0.5
5,2,46,xgboost,581,59,0,0.03576464205980301,0,0.5
5,2,46,xgboost,586,150,0,0.028590010479092598,0,0.5
5,2,46,xgboost,593,13,0,0.04863491281867027,0,0.5
5,2,46,xgboost,595,248,0,0.051712825894355774,0,0.5
5,2,46,xgboost,603,440,0,0.01589314080774784,0,0.5
5,2,46,xgboost,619,320,0,0.017167478799819946,0,0.5
5,2,46,xgboost,621,582,0,0.022063298150897026,0,0.5
5,2,46,xgboost,622,710,0,0.06344906985759735,0,0.5
5,2,46,xgboost,635,714,0,0.035286642611026764,0,0.5
5,2,46,xgboost,638,221,0,0.09926456958055496,0,0.5
5,2,46,xgboost,639,52,0,0.04978833720088005,0,0.5
5,2,46,xgboost,641,761,0,0.03488875553011894,0,0.5
5,2,46,xgboost,643,21,0,0.05997423827648163,0,0.5
5,2,46,xgboost,644,285,0,0.02620713971555233,0,0.5
5,2,46,xgboost,653,216,1,0.0815468430519104,0,0.5
5,2,46,xgboost,665,205,0,0.05213409289717674,0,0.5
5,2,46,xgboost,666,67,0,0.05840606987476349,0,0.5
5,2,46,xgboost,675,808,0,0.035969529300928116,0,0.5
5,2,46,xgboost,677,814,0,0.05771658569574356,0,0.5
5,2,46,xgboost,678,609,0,0.04521028324961662,0,0.5
5,2,46,xgboost,680,821,0,0.09214741736650467,0,0.5
5,2,46,xgboost,688,510,1,0.04083194211125374,0,0.5
5,2,46,xgboost,689,340,0,0.03888843208551407,0,0.5
5,2,46,xgboost,700,479,0,0.015996547415852547,0,0.5
5,2,46,xgboost,703,42,0,0.04069775715470314,0,0.5
5,2,46,xgboost,706,81,0,0.08793310075998306,0,0.5
5,2,46,xgboost,714,521,0,0.023208266124129295,0,0.5
5,2,46,xgboost,715,13,0,0.04863491281867027,0,0.5
5,2,46,xgboost,720,427,0,0.035420503467321396,0,0.5
5,2,46,xgboost,723,124,0,0.07884335517883301,0,0.5
5,2,46,xgboost,726,530,0,0.0697694644331932,0,0.5
5,2,46,xgboost,728,623,0,0.022050179541110992,0,0.5
5,2,46,xgboost,730,775,0,0.25535768270492554,0,0.5
5,2,46,xgboost,731,291,0,0.04865659028291702,0,0.5
5,2,46,xgboost,740,768,0,0.04959198087453842,0,0.5
5,2,46,xgboost,744,66,0,0.06494492292404175,0,0.5
5,2,46,xgboost,756,395,0,0.039288222789764404,0,0.5
5,2,46,xgboost,763,785,0,0.07372348755598068,0,0.5
5,2,46,xgboost,776,45,0,0.050557367503643036,0,0.5
5,2,46,xgboost,780,110,0,0.04883691668510437,0,0.5
5,2,46,xgboost,782,528,0,0.03943362459540367,0,0.5
5,2,46,xgboost,790,350,0,0.043903596699237823,0,0.5
5,2,46,xgboost,793,353,0,0.04717576503753662,0,0.5
5,2,46,xgboost,798,396,0,0.05674600973725319,0,0.5
5,2,46,xgboost,806,62,0,0.06044589728116989,0,0.5
5,2,46,xgboost,809,519,0,0.039435356855392456,0,0.5
5,2,46,xgboost,812,4,0,0.05595744773745537,0,0.5
5,2,46,xgboost,815,549,0,0.02287854440510273,0,0.5
5,2,46,xgboost,833,659,0,0.05896017327904701,0,0.5
5,2,46,xgboost,834,569,0,0.0601230189204216,0,0.5
5,2,46,xgboost,836,743,0,0.0632425993680954,0,0.5
5,2,46,xgboost,848,598,0,0.04226533696055412,0,0.5
5,2,46,xgboost,849,620,0,0.03882986679673195,0,0.5
5,2,46,xgboost,850,117,0,0.055817507207393646,0,0.5
5,2,46,xgboost,851,298,0,0.031888093799352646,0,0.5
5,3,46,dummy_prior,7,413,0,0.0641399416909621,0,0.5
5,3,46,dummy_prior,15,776,0,0.0641399416909621,0,0.5
5,3,46,dummy_prior,24,774,0,0.0641399416909621,0,0.5
5,3,46,dummy_prior,28,742,0,0.0641399416909621,0,0.5
5,3,46,dummy_prior,34,749,0,0.0641399416909621,0,0.5
5,3,46,dummy_prior,37,747,0,0.0641399416909621,0,0.5
5,3,46,dummy_prior,38,758,0,0.0641399416909621,0,0.5
5,3,46,dummy_prior,47,770,0,0.0641399416909621,0,0.5
5,3,46,dummy_prior,49,739,0,0.0641399416909621,0,0.5
5,3,46,dummy_prior,53,695,0,0.0641399416909621,0,0.5
5,3,46,dummy_prior,54,708,0,0.0641399416909621,0,0.5
5,3,46,dummy_prior,56,702,0,0.0641399416909621,0,0.5
5,3,46,dummy_prior,63,629,0,0.0641399416909621,0,0.5
5,3,46,dummy_prior,71,677,0,0.0641399416909621,0,0.5
5,3,46,dummy_prior,78,693,0,0.0641399416909621,0,0.5
5,3,46,dummy_prior,81,593,0,0.0641399416909621,0,0.5
5,3,46,dummy_prior,86,718,0,0.0641399416909621,0,0.5
5,3,46,dummy_prior,88,618,0,0.0641399416909621,0,0.5
5,3,46,dummy_prior,91,689,0,0.0641399416909621,0,0.5
5,3,46,dummy_prior,93,631,1,0.0641399416909621,0,0.5
5,3,46,dummy_prior,98,584,0,0.0641399416909621,0,0.5
5,3,46,dummy_prior,100,669,0,0.0641399416909621,0,0.5
5,3,46,dummy_prior,102,599,0,0.0641399416909621,0,0.5
5,3,46,dummy_prior,103,754,1,0.0641399416909621,0,0.5
5,3,46,dummy_prior,104,633,0,0.0641399416909621,0,0.5
5,3,46,dummy_prior,114,667,0,0.0641399416909621,0,0.5
5,3,46,dummy_prior,115,665,0,0.0641399416909621,0,0.5
5,3,46,dummy_prior,118,560,0,0.0641399416909621,0,0.5
5,3,46,dummy_prior,122,592,0,0.0641399416909621,0,0.5
5,3,46,dummy_prior,128,518,0,0.0641399416909621,0,0.5
5,3,46,dummy_prior,132,565,0,0.0641399416909621,0,0.5
5,3,46,dummy_prior,137,537,0,0.0641399416909621,0,0.5
5,3,46,dummy_prior,138,517,0,0.0641399416909621,0,0.5
5,3,46,dummy_prior,142,591,0,0.0641399416909621,0,0.5
5,3,46,dummy_prior,147,533,0,0.0641399416909621,0,0.5
5,3,46,dummy_prior,152,438,0,0.0641399416909621,0,0.5
5,3,46,dummy_prior,165,572,0,0.0641399416909621,0,0.5
5,3,46,dummy_prior,171,418,0,0.0641399416909621,0,0.5
5,3,46,dummy_prior,172,522,0,0.0641399416909621,0,0.5
5,3,46,dummy_prior,173,529,0,0.0641399416909621,0,0.5
5,3,46,dummy_prior,181,462,0,0.0641399416909621,0,0.5
5,3,46,dummy_prior,182,392,0,0.0641399416909621,0,0.5
5,3,46,dummy_prior,190,513,0,0.0641399416909621,0,0.5
5,3,46,dummy_prior,196,505,0,0.0641399416909621,0,0.5
5,3,46,dummy_prior,205,388,1,0.0641399416909621,0,0.5
5,3,46,dummy_prior,206,496,0,0.0641399416909621,0,0.5
5,3,46,dummy_prior,210,399,0,0.0641399416909621,0,0.5
5,3,46,dummy_prior,230,304,0,0.0641399416909621,0,0.5
5,3,46,dummy_prior,231,432,0,0.0641399416909621,0,0.5
5,3,46,dummy_prior,237,347,0,0.0641399416909621,0,0.5
5,3,46,dummy_prior,252,344,0,0.0641399416909621,0,0.5
5,3,46,dummy_prior,256,366,0,0.0641399416909621,0,0.5
5,3,46,dummy_prior,260,485,0,0.0641399416909621,0,0.5
5,3,46,dummy_prior,264,259,1,0.0641399416909621,0,0.5
5,3,46,dummy_prior,268,305,0,0.0641399416909621,0,0.5
5,3,46,dummy_prior,274,349,0,0.0641399416909621,0,0.5
5,3,46,dummy_prior,288,300,0,0.0641399416909621,0,0.5
5,3,46,dummy_prior,290,204,0,0.0641399416909621,0,0.5
5,3,46,dummy_prior,295,283,0,0.0641399416909621,0,0.5
5,3,46,dummy_prior,297,220,0,0.0641399416909621,0,0.5
5,3,46,dummy_prior,302,323,0,0.0641399416909621,0,0.5
5,3,46,dummy_prior,303,386,0,0.0641399416909621,0,0.5
5,3,46,dummy_prior,304,331,0,0.0641399416909621,0,0.5
5,3,46,dummy_prior,308,382,0,0.0641399416909621,0,0.5
5,3,46,dummy_prior,310,307,0,0.0641399416909621,0,0.5
5,3,46,dummy_prior,312,313,0,0.0641399416909621,0,0.5
5,3,46,dummy_prior,314,215,1,0.0641399416909621,0,0.5
5,3,46,dummy_prior,315,189,0,0.0641399416909621,0,0.5
5,3,46,dummy_prior,329,290,0,0.0641399416909621,0,0.5
5,3,46,dummy_prior,352,152,0,0.0641399416909621,0,0.5
5,3,46,dummy_prior,361,199,0,0.0641399416909621,0,0.5
5,3,46,dummy_prior,364,147,0,0.0641399416909621,0,0.5
5,3,46,dummy_prior,369,82,0,0.0641399416909621,0,0.5
5,3,46,dummy_prior,370,239,1,0.0641399416909621,0,0.5
5,3,46,dummy_prior,372,242,0,0.0641399416909621,0,0.5
5,3,46,dummy_prior,395,82,0,0.0641399416909621,0,0.5
5,3,46,dummy_prior,401,210,0,0.0641399416909621,0,0.5
5,3,46,dummy_prior,410,171,0,0.0641399416909621,0,0.5
5,3,46,dummy_prior,416,70,0,0.0641399416909621,0,0.5
5,3,46,dummy_prior,418,47,0,0.0641399416909621,0,0.5
5,3,46,dummy_prior,420,97,0,0.0641399416909621,0,0.5
5,3,46,dummy_prior,423,51,0,0.0641399416909621,0,0.5
5,3,46,dummy_prior,426,114,0,0.0641399416909621,0,0.5
5,3,46,dummy_prior,428,29,0,0.0641399416909621,0,0.5
5,3,46,dummy_prior,431,70,0,0.0641399416909621,0,0.5
5,3,46,dummy_prior,443,10,0,0.0641399416909621,0,0.5
5,3,46,dummy_prior,453,10,0,0.0641399416909621,0,0.5
5,3,46,dummy_prior,455,77,0,0.0641399416909621,0,0.5
5,3,46,dummy_prior,461,19,0,0.0641399416909621,0,0.5
5,3,46,dummy_prior,462,68,0,0.0641399416909621,0,0.5
5,3,46,dummy_prior,464,25,0,0.0641399416909621,0,0.5
5,3,46,dummy_prior,467,41,0,0.0641399416909621,0,0.5
5,3,46,dummy_prior,469,16,0,0.0641399416909621,0,0.5
5,3,46,dummy_prior,474,640,0,0.0641399416909621,0,0.5
5,3,46,dummy_prior,475,154,0,0.0641399416909621,0,0.5
5,3,46,dummy_prior,476,753,0,0.0641399416909621,0,0.5
5,3,46,dummy_prior,477,751,0,0.0641399416909621,0,0.5
5,3,46,dummy_prior,478,534,0,0.0641399416909621,0,0.5
5,3,46,dummy_prior,482,757,0,0.0641399416909621,0,0.5
5,3,46,dummy_prior,486,496,0,0.0641399416909621,0,0.5
5,3,46,dummy_prior,491,122,0,0.0641399416909621,0,0.5
5,3,46,dummy_prior,492,658,0,0.0641399416909621,0,0.5
5,3,46,dummy_prior,494,165,0,0.0641399416909621,0,0.5
5,3,46,dummy_prior,495,405,0,0.0641399416909621,0,0.5
5,3,46,dummy_prior,497,356,0,0.0641399416909621,0,0.5
5,3,46,dummy_prior,501,610,0,0.0641399416909621,0,0.5
5,3,46,dummy_prior,506,711,0,0.0641399416909621,0,0.5
5,3,46,dummy_prior,508,590,0,0.0641399416909621,0,0.5
5,3,46,dummy_prior,509,384,0,0.0641399416909621,0,0.5
5,3,46,dummy_prior,523,624,0,0.0641399416909621,0,0.5
5,3,46,dummy_prior,527,262,0,0.0641399416909621,0,0.5
5,3,46,dummy_prior,530,239,1,0.0641399416909621,0,0.5
5,3,46,dummy_prior,532,364,0,0.0641399416909621,0,0.5
5,3,46,dummy_prior,534,93,0,0.0641399416909621,0,0.5
5,3,46,dummy_prior,541,474,0,0.0641399416909621,0,0.5
5,3,46,dummy_prior,545,532,0,0.0641399416909621,0,0.5
5,3,46,dummy_prior,547,385,0,0.0641399416909621,0,0.5
5,3,46,dummy_prior,548,58,0,0.0641399416909621,0,0.5
5,3,46,dummy_prior,560,748,0,0.0641399416909621,0,0.5
5,3,46,dummy_prior,562,282,0,0.0641399416909621,0,0.5
5,3,46,dummy_prior,563,712,0,0.0641399416909621,0,0.5
5,3,46,dummy_prior,570,559,0,0.0641399416909621,0,0.5
5,3,46,dummy_prior,571,257,0,0.0641399416909621,0,0.5
5,3,46,dummy_prior,599,176,0,0.0641399416909621,0,0.5
5,3,46,dummy_prior,610,230,1,0.0641399416909621,0,0.5
5,3,46,dummy_prior,614,341,1,0.0641399416909621,0,0.5
5,3,46,dummy_prior,616,376,0,0.0641399416909621,0,0.5
5,3,46,dummy_prior,625,92,0,0.0641399416909621,0,0.5
5,3,46,dummy_prior,631,187,0,0.0641399416909621,0,0.5
5,3,46,dummy_prior,632,226,0,0.0641399416909621,0,0.5
5,3,46,dummy_prior,645,471,0,0.0641399416909621,0,0.5
5,3,46,dummy_prior,649,613,0,0.0641399416909621,0,0.5
5,3,46,dummy_prior,650,421,0,0.0641399416909621,0,0.5
5,3,46,dummy_prior,657,260,0,0.0641399416909621,0,0.5
5,3,46,dummy_prior,664,756,1,0.0641399416909621,0,0.5
5,3,46,dummy_prior,679,822,0,0.0641399416909621,0,0.5
5,3,46,dummy_prior,681,793,0,0.0641399416909621,0,0.5
5,3,46,dummy_prior,685,820,0,0.0641399416909621,0,0.5
5,3,46,dummy_prior,687,638,1,0.0641399416909621,0,0.5
5,3,46,dummy_prior,691,420,0,0.0641399416909621,0,0.5
5,3,46,dummy_prior,692,74,0,0.0641399416909621,0,0.5
5,3,46,dummy_prior,695,538,0,0.0641399416909621,0,0.5
5,3,46,dummy_prior,697,91,0,0.0641399416909621,0,0.5
5,3,46,dummy_prior,702,439,0,0.0641399416909621,0,0.5
5,3,46,dummy_prior,705,806,0,0.0641399416909621,0,0.5
5,3,46,dummy_prior,707,231,0,0.0641399416909621,0,0.5
5,3,46,dummy_prior,716,144,0,0.0641399416909621,0,0.5
5,3,46,dummy_prior,734,564,0,0.0641399416909621,0,0.5
5,3,46,dummy_prior,742,156,0,0.0641399416909621,0,0.5
5,3,46,dummy_prior,745,30,0,0.0641399416909621,0,0.5
5,3,46,dummy_prior,746,342,0,0.0641399416909621,0,0.5
5,3,46,dummy_prior,760,44,0,0.0641399416909621,0,0.5
5,3,46,dummy_prior,761,607,0,0.0641399416909621,0,0.5
5,3,46,dummy_prior,762,139,0,0.0641399416909621,0,0.5
5,3,46,dummy_prior,769,415,0,0.0641399416909621,0,0.5
5,3,46,dummy_prior,787,256,0,0.0641399416909621,0,0.5
5,3,46,dummy_prior,794,175,0,0.0641399416909621,0,0.5
5,3,46,dummy_prior,795,690,0,0.0641399416909621,0,0.5
5,3,46,dummy_prior,799,141,0,0.0641399416909621,0,0.5
5,3,46,dummy_prior,800,302,0,0.0641399416909621,0,0.5
5,3,46,dummy_prior,802,14,0,0.0641399416909621,0,0.5
5,3,46,dummy_prior,818,700,0,0.0641399416909621,0,0.5
5,3,46,dummy_prior,819,2,0,0.0641399416909621,0,0.5
5,3,46,dummy_prior,820,352,0,0.0641399416909621,0,0.5
5,3,46,dummy_prior,825,794,0,0.0641399416909621,0,0.5
5,3,46,dummy_prior,830,699,0,0.0641399416909621,0,0.5
5,3,46,dummy_prior,839,601,0,0.0641399416909621,0,0.5
5,3,46,dummy_prior,841,297,0,0.0641399416909621,0,0.5
5,3,46,dummy_prior,843,567,0,0.0641399416909621,0,0.5
5,3,46,dummy_prior,844,444,0,0.0641399416909621,0,0.5
5,3,46,dummy_prior,854,616,0,0.0641399416909621,0,0.5
5,3,46,dummy_prior,857,526,0,0.0641399416909621,0,0.5
5,3,46,logistic_regression,7,413,0,0.22576046288697713,0,0.5
5,3,46,logistic_regression,15,776,0,0.2727399649420288,0,0.5
5,3,46,logistic_regression,24,774,0,0.23988802676513374,0,0.5
5,3,46,logistic_regression,28,742,0,0.22502481421623133,0,0.5
5,3,46,logistic_regression,34,749,0,0.2705406947936302,0,0.5
5,3,46,logistic_regression,37,747,0,0.2198456350301981,0,0.5
5,3,46,logistic_regression,38,758,0,0.22494299937857806,0,0.5
5,3,46,logistic_regression,47,770,0,0.22878823623099737,0,0.5
5,3,46,logistic_regression,49,739,0,0.22449275986017161,0,0.5
5,3,46,logistic_regression,53,695,0,0.2652418973041397,0,0.5
5,3,46,logistic_regression,54,708,0,0.26544742457806175,0,0.5
5,3,46,logistic_regression,56,702,0,0.23192619102057302,0,0.5
5,3,46,logistic_regression,63,629,0,0.36336649763074635,0,0.5
5,3,46,logistic_regression,71,677,0,0.15906555706553663,0,0.5
5,3,46,logistic_regression,78,693,0,0.25342999314977754,0,0.5
5,3,46,logistic_regression,81,593,0,0.28687106913609733,0,0.5
5,3,46,logistic_regression,86,718,0,0.2350720068653981,0,0.5
5,3,46,logistic_regression,88,618,0,0.2287305787152477,0,0.5
5,3,46,logistic_regression,91,689,0,0.26445740797897627,0,0.5
5,3,46,logistic_regression,93,631,1,0.20655175193608297,0,0.5
5,3,46,logistic_regression,98,584,0,0.18540506646469035,0,0.5
5,3,46,logistic_regression,100,669,0,0.23440863153061486,0,0.5
5,3,46,logistic_regression,102,599,0,0.18126285770407516,0,0.5
5,3,46,logistic_regression,103,754,1,0.26035867673335894,0,0.5
5,3,46,logistic_regression,104,633,0,0.25677863772358983,0,0.5
5,3,46,logistic_regression,114,667,0,0.23088734472739905,0,0.5
5,3,46,logistic_regression,115,665,0,0.2671603097465505,0,0.5
5,3,46,logistic_regression,118,560,0,0.2564356786744128,0,0.5
5,3,46,logistic_regression,122,592,0,0.2415069292868413,0,0.5
5,3,46,logistic_regression,128,518,0,0.2065174555834686,0,0.5
5,3,46,logistic_regression,132,565,0,0.21343784607108834,0,0.5
5,3,46,logistic_regression,137,537,0,0.2209769596935669,0,0.5
5,3,46,logistic_regression,138,517,0,0.20808354919512284,0,0.5
5,3,46,logistic_regression,142,591,0,0.21925796599824865,0,0.5
5,3,46,logistic_regression,147,533,0,0.21605189902269933,0,0.5
5,3,46,logistic_regression,152,438,0,0.22967686771500695,0,0.5
5,3,46,logistic_regression,165,572,0,0.3870458293964101,0,0.5
5,3,46,logistic_regression,171,418,0,0.23809894747458601,0,0.5
5,3,46,logistic_regression,172,522,0,0.2491973478918673,0,0.5
5,3,46,logistic_regression,173,529,0,0.3732566389898682,0,0.5
5,3,46,logistic_regression,181,462,0,0.22004260162508252,0,0.5
5,3,46,logistic_regression,182,392,0,0.19288426388133556,0,0.5
5,3,46,logistic_regression,190,513,0,0.21471762727402754,0,0.5
5,3,46,logistic_regression,196,505,0,0.22422751602220073,0,0.5
5,3,46,logistic_regression,205,388,1,0.21742041869423934,0,0.5
5,3,46,logistic_regression,206,496,0,0.21834163617972865,0,0.5
5,3,46,logistic_regression,210,399,0,0.23214418651275193,0,0.5
5,3,46,logistic_regression,230,304,0,0.21884151880561686,0,0.5
5,3,46,logistic_regression,231,432,0,0.24224877596714575,0,0.5
5,3,46,logistic_regression,237,347,0,0.3018840521399676,0,0.5
5,3,46,logistic_regression,252,344,0,0.2581596984591478,0,0.5
5,3,46,logistic_regression,256,366,0,0.17812627423645297,0,0.5
5,3,46,logistic_regression,260,485,0,0.2428002695741314,0,0.5
5,3,46,logistic_regression,264,259,1,0.2522107153640208,0,0.5
5,3,46,logistic_regression,268,305,0,0.22841268649142665,0,0.5
5,3,46,logistic_regression,274,349,0,0.22997404182379008,0,0.5
5,3,46,logistic_regression,288,300,0,0.24307548226402326,0,0.5
5,3,46,logistic_regression,290,204,0,0.2681113839268095,0,0.5
5,3,46,logistic_regression,295,283,0,0.34135545131875067,0,0.5
5,3,46,logistic_regression,297,220,0,0.24136793884237212,0,0.5
5,3,46,logistic_regression,302,323,0,0.2461203553125478,0,0.5
5,3,46,logistic_regression,303,386,0,0.22583226433338946,0,0.5
5,3,46,logistic_regression,304,331,0,0.1743375523087452,0,0.5
5,3,46,logistic_regression,308,382,0,0.23408835583039922,0,0.5
5,3,46,logistic_regression,310,307,0,0.21596302614304438,0,0.5
5,3,46,logistic_regression,312,313,0,0.21087971841061334,0,0.5
5,3,46,logistic_regression,314,215,1,0.22703188887517992,0,0.5
5,3,46,logistic_regression,315,189,0,0.22829508790058903,0,0.5
5,3,46,logistic_regression,329,290,0,0.2232458200180631,0,0.5
5,3,46,logistic_regression,352,152,0,0.2193945246993753,0,0.5
5,3,46,logistic_regression,361,199,0,0.21191512784822994,0,0.5
5,3,46,logistic_regression,364,147,0,0.22091316287354112,0,0.5
5,3,46,logistic_regression,369,82,0,0.2182783870068296,0,0.5
5,3,46,logistic_regression,370,239,1,0.2204711569464719,0,0.5
5,3,46,logistic_regression,372,242,0,0.22915424894259948,0,0.5
5,3,46,logistic_regression,395,82,0,0.2182783870068296,0,0.5
5,3,46,logistic_regression,401,210,0,0.23677213020929355,0,0.5
5,3,46,logistic_regression,410,171,0,0.22883304780887676,0,0.5
5,3,46,logistic_regression,416,70,0,0.22659650803288509,0,0.5
5,3,46,logistic_regression,418,47,0,0.3211252342024848,0,0.5
5,3,46,logistic_regression,420,97,0,0.21394423111649807,0,0.5
5,3,46,logistic_regression,423,51,0,0.22624492778275898,0,0.5
5,3,46,logistic_regression,426,114,0,0.32489888190208477,0,0.5
5,3,46,logistic_regression,428,29,0,0.22816964144697607,0,0.5
5,3,46,logistic_regression,431,70,0,0.22659650803288509,0,0.5
5,3,46,logistic_regression,443,10,0,0.17907845499432648,0,0.5
5,3,46,logistic_regression,453,10,0,0.17907845499432648,0,0.5
5,3,46,logistic_regression,455,77,0,0.19954574975756612,0,0.5
5,3,46,logistic_regression,461,19,0,0.22039373310596727,0,0.5
5,3,46,logistic_regression,462,68,0,0.21689156327251563,0,0.5
5,3,46,logistic_regression,464,25,0,0.220352845612077,0,0.5
5,3,46,logistic_regression,467,41,0,0.20389400163220697,0,0.5
5,3,46,logistic_regression,469,16,0,0.22012305962608492,0,0.5
5,3,46,logistic_regression,474,640,0,0.23396591942684364,0,0.5
5,3,46,logistic_regression,475,154,0,0.22486068569046588,0,0.5
5,3,46,logistic_regression,476,753,0,0.1801144390536951,0,0.5
5,3,46,logistic_regression,477,751,0,0.22777333398368055,0,0.5
5,3,46,logistic_regression,478,534,0,0.24214078049938806,0,0.5
5,3,46,logistic_regression,482,757,0,0.2597150634214417,0,0.5
5,3,46,logistic_regression,486,496,0,0.21834163617972865,0,0.5
5,3,46,logistic_regression,491,122,0,0.21813273040065104,0,0.5
5,3,46,logistic_regression,492,658,0,0.21793421937217458,0,0.5
5,3,46,logistic_regression,494,165,0,0.21555344639826526,0,0.5
5,3,46,logistic_regression,495,405,0,0.18088691424497796,0,0.5
5,3,46,logistic_regression,497,356,0,0.2522872180071203,0,0.5
5,3,46,logistic_regression,501,610,0,0.2372313297795169,0,0.5
5,3,46,logistic_regression,506,711,0,0.2854962390853313,0,0.5
5,3,46,logistic_regression,508,590,0,0.36150467092280797,0,0.5
5,3,46,logistic_regression,509,384,0,0.21953829118362922,0,0.5
5,3,46,logistic_regression,523,624,0,0.21997857986269273,0,0.5
5,3,46,logistic_regression,527,262,0,0.17827183558854606,0,0.5
5,3,46,logistic_regression,530,239,1,0.2204711569464719,0,0.5
5,3,46,logistic_regression,532,364,0,0.21769291840411067,0,0.5
5,3,46,logistic_regression,534,93,0,0.21504611186412548,0,0.5
5,3,46,logistic_regression,541,474,0,0.21811603910046867,0,0.5
5,3,46,logistic_regression,545,532,0,0.29249845660778767,0,0.5
5,3,46,logistic_regression,547,385,0,0.1812315195713374,0,0.5
5,3,46,logistic_regression,548,58,0,0.21806190114863738,0,0.5
5,3,46,logistic_regression,560,748,0,0.23740253989909357,0,0.5
5,3,46,logistic_regression,562,282,0,0.2270546360058201,0,0.5
5,3,46,logistic_regression,563,712,0,0.2682259907742986,0,0.5
5,3,46,logistic_regression,570,559,0,0.2400265803050045,0,0.5
5,3,46,logistic_regression,571,257,0,0.225655158363859,0,0.5
5,3,46,logistic_regression,599,176,0,0.23140014209938897,0,0.5
5,3,46,logistic_regression,610,230,1,0.22584519515331578,0,0.5
5,3,46,logistic_regression,614,341,1,0.3054984364623582,0,0.5
5,3,46,logistic_regression,616,376,0,0.24761442168847636,0,0.5
5,3,46,logistic_regression,625,92,0,0.22010294314643353,0,0.5
5,3,46,logistic_regression,631,187,0,0.23232429429554718,0,0.5
5,3,46,logistic_regression,632,226,0,0.22890818839366842,0,0.5
5,3,46,logistic_regression,645,471,0,0.2679536910592505,0,0.5
5,3,46,logistic_regression,649,613,0,0.27553338337870675,0,0.5
5,3,46,logistic_regression,650,421,0,0.3116928317999122,0,0.5
5,3,46,logistic_regression,657,260,0,0.2468782800674249,0,0.5
5,3,46,logistic_regression,664,756,1,0.2818998264277198,0,0.5
5,3,46,logistic_regression,679,822,0,0.2577892710958009,0,0.5
5,3,46,logistic_regression,681,793,0,0.22899142662607963,0,0.5
5,3,46,logistic_regression,685,820,0,0.22393571300332485,0,0.5
5,3,46,logistic_regression,687,638,1,0.41019878939871246,0,0.5
5,3,46,logistic_regression,691,420,0,0.42544833411250965,0,0.5
5,3,46,logistic_regression,692,74,0,0.27813986522877493,0,0.5
5,3,46,logistic_regression,695,538,0,0.27544334274522836,0,0.5
5,3,46,logistic_regression,697,91,0,0.2785020187058138,0,0.5
5,3,46,logistic_regression,702,439,0,0.28135810554420837,0,0.5
5,3,46,logistic_regression,705,806,0,0.23014399403460398,0,0.5
5,3,46,logistic_regression,707,231,0,0.2773669334146592,0,0.5
5,3,46,logistic_regression,716,144,0,0.22255780454195456,0,0.5
5,3,46,logistic_regression,734,564,0,0.2453041805457622,0,0.5
5,3,46,logistic_regression,742,156,0,0.3096048429080632,0,0.5
5,3,46,logistic_regression,745,30,0,0.28165685313018,0,0.5
5,3,46,logistic_regression,746,342,0,0.24033646286037644,0,0.5
5,3,46,logistic_regression,760,44,0,0.31704749632847423,0,0.5
5,3,46,logistic_regression,761,607,0,0.19093204974214298,0,0.5
5,3,46,logistic_regression,762,139,0,0.1768970603604345,0,0.5
5,3,46,logistic_regression,769,415,0,0.184445766510372,0,0.5
5,3,46,logistic_regression,787,256,0,0.2457373645401845,0,0.5
5,3,46,logistic_regression,794,175,0,0.1787491512849855,0,0.5
5,3,46,logistic_regression,795,690,0,0.3029647606253128,0,0.5
5,3,46,logistic_regression,799,141,0,0.22421116649781836,0,0.5
5,3,46,logistic_regression,800,302,0,0.23596259125277558,0,0.5
5,3,46,logistic_regression,802,14,0,0.21691806640944777,0,0.5
5,3,46,logistic_regression,818,700,0,0.28366326454485186,0,0.5
5,3,46,logistic_regression,819,2,0,0.22768977131589094,0,0.5
5,3,46,logistic_regression,820,352,0,0.275349142202443,0,0.5
5,3,46,logistic_regression,825,794,0,0.23010980830195948,0,0.5
5,3,46,logistic_regression,830,699,0,0.23172487353452653,0,0.5
5,3,46,logistic_regression,839,601,0,0.2299431516658838,0,0.5
5,3,46,logistic_regression,841,297,0,0.2227307008858136,0,0.5
5,3,46,logistic_regression,843,567,0,0.23277072600002513,0,0.5
5,3,46,logistic_regression,844,444,0,0.24493395316923644,0,0.5
5,3,46,logistic_regression,854,616,0,0.24229971106828666,0,0.5
5,3,46,logistic_regression,857,526,0,0.21568518267802383,0,0.5
5,3,46,xgboost,7,413,0,0.005063761491328478,0,0.5
5,3,46,xgboost,15,776,0,0.24722881615161896,0,0.5
5,3,46,xgboost,24,774,0,0.019999591633677483,0,0.5
5,3,46,xgboost,28,742,0,0.009153607301414013,0,0.5
5,3,46,xgboost,34,749,0,0.028564654290676117,0,0.5
5,3,46,xgboost,37,747,0,0.07262106239795685,0,0.5
5,3,46,xgboost,38,758,0,0.01641913503408432,0,0.5
5,3,46,xgboost,47,770,0,0.027636216953396797,0,0.5
5,3,46,xgboost,49,739,0,0.13144472241401672,0,0.5
5,3,46,xgboost,53,695,0,0.16801583766937256,0,0.5
5,3,46,xgboost,54,708,0,0.13956771790981293,0,0.5
5,3,46,xgboost,56,702,0,0.08145162463188171,0,0.5
5,3,46,xgboost,63,629,0,0.5576061010360718,1,0.5
5,3,46,xgboost,71,677,0,0.016040032729506493,0,0.5
5,3,46,xgboost,78,693,0,0.013137873262166977,0,0.5
5,3,46,xgboost,81,593,0,0.017641950398683548,0,0.5
5,3,46,xgboost,86,718,0,0.002200439805164933,0,0.5
5,3,46,xgboost,88,618,0,0.006526953540742397,0,0.5
5,3,46,xgboost,91,689,0,0.0031490540131926537,0,0.5
5,3,46,xgboost,93,631,1,0.021668734028935432,0,0.5
5,3,46,xgboost,98,584,0,0.0008663622429594398,0,0.5
5,3,46,xgboost,100,669,0,0.01038823090493679,0,0.5
5,3,46,xgboost,102,599,0,0.005034646485000849,0,0.5
5,3,46,xgboost,103,754,1,0.08633365482091904,0,0.5
5,3,46,xgboost,104,633,0,0.2819214165210724,0,0.5
5,3,46,xgboost,114,667,0,0.039145298302173615,0,0.5
5,3,46,xgboost,115,665,0,0.05012486129999161,0,0.5
5,3,46,xgboost,118,560,0,0.0830637589097023,0,0.5
5,3,46,xgboost,122,592,0,0.025782126933336258,0,0.5
5,3,46,xgboost,128,518,0,0.005143342539668083,0,0.5
5,3,46,xgboost,132,565,0,0.003298297058790922,0,0.5
5,3,46,xgboost,137,537,0,0.10647203773260117,0,0.5
5,3,46,xgboost,138,517,0,0.005143342539668083,0,0.5
5,3,46,xgboost,142,591,0,0.007875756360590458,0,0.5
5,3,46,xgboost,147,533,0,0.07666067779064178,0,0.5
5,3,46,xgboost,152,438,0,0.008522666059434414,0,0.5
5,3,46,xgboost,165,572,0,0.08395738154649734,0,0.5
5,3,46,xgboost,171,418,0,0.008713554590940475,0,0.5
5,3,46,xgboost,172,522,0,0.1268233060836792,0,0.5
5,3,46,xgboost,173,529,0,0.366821825504303,0,0.5
5,3,46,xgboost,181,462,0,0.02863631583750248,0,0.5
5,3,46,xgboost,182,392,0,0.12595918774604797,0,0.5
5,3,46,xgboost,190,513,0,0.19131584465503693,0,0.5
5,3,46,xgboost,196,505,0,0.3675788342952728,0,0.5
5,3,46,xgboost,205,388,1,0.024433255195617676,0,0.5
5,3,46,xgboost,206,496,0,0.008582348935306072,0,0.5
5,3,46,xgboost,210,399,0,0.03943018242716789,0,0.5
5,3,46,xgboost,230,304,0,0.014163634739816189,0,0.5
5,3,46,xgboost,231,432,0,0.012163075618445873,0,0.5
5,3,46,xgboost,237,347,0,0.04937109351158142,0,0.5
5,3,46,xgboost,252,344,0,0.0015886402688920498,0,0.5
5,3,46,xgboost,256,366,0,0.00240630516782403,0,0.5
5,3,46,xgboost,260,485,0,0.09287742525339127,0,0.5
5,3,46,xgboost,264,259,1,0.008107714354991913,0,0.5
5,3,46,xgboost,268,305,0,0.03226667642593384,0,0.5
5,3,46,xgboost,274,349,0,0.005875724367797375,0,0.5
5,3,46,xgboost,288,300,0,0.0027377749793231487,0,0.5
5,3,46,xgboost,290,204,0,0.023650016635656357,0,0.5
5,3,46,xgboost,295,283,0,0.07859469205141068,0,0.5
5,3,46,xgboost,297,220,0,0.043513957411050797,0,0.5
5,3,46,xgboost,302,323,0,0.0037033555563539267,0,0.5
5,3,46,xgboost,303,386,0,0.009904454462230206,0,0.5
5,3,46,xgboost,304,331,0,0.0033468776382505894,0,0.5
5,3,46,xgboost,308,382,0,0.018134910613298416,0,0.5
5,3,46,xgboost,310,307,0,0.04833430424332619,0,0.5
5,3,46,xgboost,312,313,0,0.0054762172512710094,0,0.5
5,3,46,xgboost,314,215,1,0.05423169955611229,0,0.5
5,3,46,xgboost,315,189,0,0.010671221651136875,0,0.5
5,3,46,xgboost,329,290,0,0.04329913482069969,0,0.5
5,3,46,xgboost,352,152,0,0.028833169490098953,0,0.5
5,3,46,xgboost,361,199,0,0.10726936906576157,0,0.5
5,3,46,xgboost,364,147,0,0.016326483339071274,0,0.5
5,3,46,xgboost,369,82,0,0.047675348818302155,0,0.5
5,3,46,xgboost,370,239,1,0.03620288148522377,0,0.5
5,3,46,xgboost,372,242,0,0.054247304797172546,0,0.5
5,3,46,xgboost,395,82,0,0.047675348818302155,0,0.5
5,3,46,xgboost,401,210,0,0.027128614485263824,0,0.5
5,3,46,xgboost,410,171,0,0.12747745215892792,0,0.5
5,3,46,xgboost,416,70,0,0.0078060622327029705,0,0.5
5,3,46,xgboost,418,47,0,0.07099135965108871,0,0.5
5,3,46,xgboost,420,97,0,0.062460046261548996,0,0.5
5,3,46,xgboost,423,51,0,0.01095724105834961,0,0.5
5,3,46,xgboost,426,114,0,0.03990492969751358,0,0.5
5,3,46,xgboost,428,29,0,0.01124056987464428,0,0.5
5,3,46,xgboost,431,70,0,0.0078060622327029705,0,0.5
5,3,46,xgboost,443,10,0,0.007708738092333078,0,0.5
5,3,46,xgboost,453,10,0,0.007708738092333078,0,0.5
5,3,46,xgboost,455,77,0,0.026654299348592758,0,0.5
5,3,46,xgboost,461,19,0,0.015646792948246002,0,0.5
5,3,46,xgboost,462,68,0,0.023563090711832047,0,0.5
5,3,46,xgboost,464,25,0,0.00714985653758049,0,0.5
5,3,46,xgboost,467,41,0,0.020309124141931534,0,0.5
5,3,46,xgboost,469,16,0,0.01650487817823887,0,0.5
5,3,46,xgboost,474,640,0,0.04118013381958008,0,0.5
5,3,46,xgboost,475,154,0,0.020807385444641113,0,0.5
5,3,46,xgboost,476,753,0,0.0014331486308947206,0,0.5
5,3,46,xgboost,477,751,0,0.09826827049255371,0,0.5
5,3,46,xgboost,478,534,0,0.01826358586549759,0,0.5
5,3,46,xgboost,482,757,0,0.07454635202884674,0,0.5
5,3,46,xgboost,486,496,0,0.008582348935306072,0,0.5
5,3,46,xgboost,491,122,0,0.07946717739105225,0,0.5
5,3,46,xgboost,492,658,0,0.018498163670301437,0,0.5
5,3,46,xgboost,494,165,0,0.19977261126041412,0,0.5
5,3,46,xgboost,495,405,0,0.0032787558156996965,0,0.5
5,3,46,xgboost,497,356,0,0.01928691565990448,0,0.5
5,3,46,xgboost,501,610,0,0.0022016658913344145,0,0.5
5,3,46,xgboost,506,711,0,0.08118127286434174,0,0.5
5,3,46,xgboost,508,590,0,0.01830429770052433,0,0.5
5,3,46,xgboost,509,384,0,0.0014774849405512214,0,0.5
5,3,46,xgboost,523,624,0,0.04999891296029091,0,0.5
5,3,46,xgboost,527,262,0,0.011858779937028885,0,0.5
5,3,46,xgboost,530,239,1,0.03620288148522377,0,0.5
5,3,46,xgboost,532,364,0,0.015034493058919907,0,0.5
5,3,46,xgboost,534,93,0,0.01199883408844471,0,0.5
5,3,46,xgboost,541,474,0,0.02240591123700142,0,0.5
5,3,46,xgboost,545,532,0,0.17179548740386963,0,0.5
5,3,46,xgboost,547,385,0,0.0029402519576251507,0,0.5
5,3,46,xgboost,548,58,0,0.010879777371883392,0,0.5
5,3,46,xgboost,560,748,0,0.011621869169175625,0,0.5
5,3,46,xgboost,562,282,0,0.026899270713329315,0,0.5
5,3,46,xgboost,563,712,0,0.05777927115559578,0,0.5
5,3,46,xgboost,570,559,0,0.014316007494926453,0,0.5
5,3,46,xgboost,571,257,0,0.018575264140963554,0,0.5
5,3,46,xgboost,599,176,0,0.014428704977035522,0,0.5
5,3,46,xgboost,610,230,1,0.16386833786964417,0,0.5
5,3,46,xgboost,614,341,1,0.019189059734344482,0,0.5
5,3,46,xgboost,616,376,0,0.002174627734348178,0,0.5
5,3,46,xgboost,625,92,0,0.015470950864255428,0,0.5
5,3,46,xgboost,631,187,0,0.09054221212863922,0,0.5
5,3,46,xgboost,632,226,0,0.014355053193867207,0,0.5
5,3,46,xgboost,645,471,0,0.13454432785511017,0,0.5
5,3,46,xgboost,649,613,0,0.07092887908220291,0,0.5
5,3,46,xgboost,650,421,0,0.07307817786931992,0,0.5
5,3,46,xgboost,657,260,0,0.0422615222632885,0,0.5
5,3,46,xgboost,664,756,1,0.40849068760871887,0,0.5
5,3,46,xgboost,679,822,0,0.050885796546936035,0,0.5
5,3,46,xgboost,681,793,0,0.0005235645803622901,0,0.5
5,3,46,xgboost,685,820,0,0.09378883242607117,0,0.5
5,3,46,xgboost,687,638,1,0.07853113114833832,0,0.5
5,3,46,xgboost,691,420,0,0.33682408928871155,0,0.5
5,3,46,xgboost,692,74,0,0.2675257623195648,0,0.5
5,3,46,xgboost,695,538,0,0.16629035770893097,0,0.5
5,3,46,xgboost,697,91,0,0.11424297839403152,0,0.5
5,3,46,xgboost,702,439,0,0.1268012672662735,0,0.5
5,3,46,xgboost,705,806,0,0.0029286122880876064,0,0.5
5,3,46,xgboost,707,231,0,0.18473117053508759,0,0.5
5,3,46,xgboost,716,144,0,0.01772576943039894,0,0.5
5,3,46,xgboost,734,564,0,0.026417460292577744,0,0.5
5,3,46,xgboost,742,156,0,0.10845982283353806,0,0.5
5,3,46,xgboost,745,30,0,0.05777321010828018,0,0.5
5,3,46,xgboost,746,342,0,0.008033495396375656,0,0.5
5,3,46,xgboost,760,44,0,0.08901562541723251,0,0.5
5,3,46,xgboost,761,607,0,0.0020996311213821173,0,0.5
5,3,46,xgboost,762,139,0,0.009902069345116615,0,0.5
5,3,46,xgboost,769,415,0,0.00198142952285707,0,0.5
5,3,46,xgboost,787,256,0,0.020324978977441788,0,0.5
5,3,46,xgboost,794,175,0,0.004868622869253159,0,0.5
5,3,46,xgboost,795,690,0,0.65219646692276,1,0.5
5,3,46,xgboost,799,141,0,0.013451077975332737,0,0.5
5,3,46,xgboost,800,302,0,0.002574922051280737,0,0.5
5,3,46,xgboost,802,14,0,0.015381683595478535,0,0.5
5,3,46,xgboost,818,700,0,0.14237292110919952,0,0.5
5,3,46,xgboost,819,2,0,0.04795272648334503,0,0.5
5,3,46,xgboost,820,352,0,0.08118604123592377,0,0.5
5,3,46,xgboost,825,794,0,0.017165064811706543,0,0.5
5,3,46,xgboost,830,699,0,0.05965270847082138,0,0.5
5,3,46,xgboost,839,601,0,0.028005903586745262,0,0.5
5,3,46,xgboost,841,297,0,0.006458555813878775,0,0.5
5,3,46,xgboost,843,567,0,0.026118053123354912,0,0.5
5,3,46,xgboost,844,444,0,0.0027510211803019047,0,0.5
5,3,46,xgboost,854,616,0,0.007548702415078878,0,0.5
5,3,46,xgboost,857,526,0,0.011865229345858097,0,0.5
5,4,46,dummy_prior,2,660,0,0.06404657933042213,0,0.5
5,4,46,dummy_prior,11,450,0,0.06404657933042213,0,0.5
5,4,46,dummy_prior,16,790,0,0.06404657933042213,0,0.5
5,4,46,dummy_prior,23,767,1,0.06404657933042213,0,0.5
5,4,46,dummy_prior,25,805,0,0.06404657933042213,0,0.5
5,4,46,dummy_prior,32,738,0,0.06404657933042213,0,0.5
5,4,46,dummy_prior,41,732,1,0.06404657933042213,0,0.5
5,4,46,dummy_prior,52,729,0,0.06404657933042213,0,0.5
5,4,46,dummy_prior,55,789,0,0.06404657933042213,0,0.5
5,4,46,dummy_prior,60,673,0,0.06404657933042213,0,0.5
5,4,46,dummy_prior,61,697,0,0.06404657933042213,0,0.5
5,4,46,dummy_prior,66,673,0,0.06404657933042213,0,0.5
5,4,46,dummy_prior,76,675,0,0.06404657933042213,0,0.5
5,4,46,dummy_prior,90,707,0,0.06404657933042213,0,0.5
5,4,46,dummy_prior,101,580,0,0.06404657933042213,0,0.5
5,4,46,dummy_prior,105,674,0,0.06404657933042213,0,0.5
5,4,46,dummy_prior,120,627,0,0.06404657933042213,0,0.5
5,4,46,dummy_prior,121,579,0,0.06404657933042213,0,0.5
5,4,46,dummy_prior,127,520,0,0.06404657933042213,0,0.5
5,4,46,dummy_prior,129,557,0,0.06404657933042213,0,0.5
5,4,46,dummy_prior,139,556,0,0.06404657933042213,0,0.5
5,4,46,dummy_prior,141,194,0,0.06404657933042213,0,0.5
5,4,46,dummy_prior,144,558,0,0.06404657933042213,0,0.5
5,4,46,dummy_prior,145,595,0,0.06404657933042213,0,0.5
5,4,46,dummy_prior,148,643,0,0.06404657933042213,0,0.5
5,4,46,dummy_prior,158,617,0,0.06404657933042213,0,0.5
5,4,46,dummy_prior,160,484,0,0.06404657933042213,0,0.5
5,4,46,dummy_prior,162,481,0,0.06404657933042213,0,0.5
5,4,46,dummy_prior,169,108,0,0.06404657933042213,0,0.5
5,4,46,dummy_prior,179,548,0,0.06404657933042213,0,0.5
5,4,46,dummy_prior,183,491,0,0.06404657933042213,0,0.5
5,4,46,dummy_prior,184,411,0,0.06404657933042213,0,0.5
5,4,46,dummy_prior,192,459,0,0.06404657933042213,0,0.5
5,4,46,dummy_prior,201,441,0,0.06404657933042213,0,0.5
5,4,46,dummy_prior,204,222,0,0.06404657933042213,0,0.5
5,4,46,dummy_prior,213,500,0,0.06404657933042213,0,0.5
5,4,46,dummy_prior,219,324,0,0.06404657933042213,0,0.5
5,4,46,dummy_prior,221,407,0,0.06404657933042213,0,0.5
5,4,46,dummy_prior,224,351,1,0.06404657933042213,0,0.5
5,4,46,dummy_prior,226,409,0,0.06404657933042213,0,0.5
5,4,46,dummy_prior,233,345,0,0.06404657933042213,0,0.5
5,4,46,dummy_prior,238,536,0,0.06404657933042213,0,0.5
5,4,46,dummy_prior,239,497,0,0.06404657933042213,0,0.5
5,4,46,dummy_prior,241,354,0,0.06404657933042213,0,0.5
5,4,46,dummy_prior,247,292,0,0.06404657933042213,0,0.5
5,4,46,dummy_prior,257,273,1,0.06404657933042213,0,0.5
5,4,46,dummy_prior,258,245,0,0.06404657933042213,0,0.5
5,4,46,dummy_prior,259,329,0,0.06404657933042213,0,0.5
5,4,46,dummy_prior,262,295,0,0.06404657933042213,0,0.5
5,4,46,dummy_prior,266,232,0,0.06404657933042213,0,0.5
5,4,46,dummy_prior,273,355,0,0.06404657933042213,0,0.5
5,4,46,dummy_prior,275,237,0,0.06404657933042213,0,0.5
5,4,46,dummy_prior,287,272,0,0.06404657933042213,0,0.5
5,4,46,dummy_prior,299,319,0,0.06404657933042213,0,0.5
5,4,46,dummy_prior,307,287,0,0.06404657933042213,0,0.5
5,4,46,dummy_prior,318,308,0,0.06404657933042213,0,0.5
5,4,46,dummy_prior,320,271,1,0.06404657933042213,0,0.5
5,4,46,dummy_prior,321,269,0,0.06404657933042213,0,0.5
5,4,46,dummy_prior,323,268,0,0.06404657933042213,0,0.5
5,4,46,dummy_prior,325,169,1,0.06404657933042213,0,0.5
5,4,46,dummy_prior,334,229,0,0.06404657933042213,0,0.5
5,4,46,dummy_prior,338,200,0,0.06404657933042213,0,0.5
5,4,46,dummy_prior,340,148,0,0.06404657933042213,0,0.5
5,4,46,dummy_prior,344,79,0,0.06404657933042213,0,0.5
5,4,46,dummy_prior,345,276,1,0.06404657933042213,0,0.5
5,4,46,dummy_prior,348,125,0,0.06404657933042213,0,0.5
5,4,46,dummy_prior,350,167,0,0.06404657933042213,0,0.5
5,4,46,dummy_prior,356,79,0,0.06404657933042213,0,0.5
5,4,46,dummy_prior,368,203,0,0.06404657933042213,0,0.5
5,4,46,dummy_prior,371,367,0,0.06404657933042213,0,0.5
5,4,46,dummy_prior,382,400,0,0.06404657933042213,0,0.5
5,4,46,dummy_prior,386,90,0,0.06404657933042213,0,0.5
5,4,46,dummy_prior,387,266,0,0.06404657933042213,0,0.5
5,4,46,dummy_prior,388,185,0,0.06404657933042213,0,0.5
5,4,46,dummy_prior,390,179,0,0.06404657933042213,0,0.5
5,4,46,dummy_prior,394,184,0,0.06404657933042213,0,0.5
5,4,46,dummy_prior,397,137,0,0.06404657933042213,0,0.5
5,4,46,dummy_prior,398,115,0,0.06404657933042213,0,0.5
5,4,46,dummy_prior,399,209,0,0.06404657933042213,0,0.5
5,4,46,dummy_prior,400,55,0,0.06404657933042213,0,0.5
5,4,46,dummy_prior,405,61,0,0.06404657933042213,0,0.5
5,4,46,dummy_prior,408,60,0,0.06404657933042213,0,0.5
5,4,46,dummy_prior,409,54,0,0.06404657933042213,0,0.5
5,4,46,dummy_prior,412,87,0,0.06404657933042213,0,0.5
5,4,46,dummy_prior,427,161,0,0.06404657933042213,0,0.5
5,4,46,dummy_prior,435,54,0,0.06404657933042213,0,0.5
5,4,46,dummy_prior,439,112,0,0.06404657933042213,0,0.5
5,4,46,dummy_prior,444,80,0,0.06404657933042213,0,0.5
5,4,46,dummy_prior,447,63,0,0.06404657933042213,0,0.5
5,4,46,dummy_prior,448,65,0,0.06404657933042213,0,0.5
5,4,46,dummy_prior,449,75,0,0.06404657933042213,0,0.5
5,4,46,dummy_prior,471,94,0,0.06404657933042213,0,0.5
5,4,46,dummy_prior,472,682,1,0.06404657933042213,0,0.5
5,4,46,dummy_prior,473,787,0,0.06404657933042213,0,0.5
5,4,46,dummy_prior,479,482,0,0.06404657933042213,0,0.5
5,4,46,dummy_prior,485,286,0,0.06404657933042213,0,0.5
5,4,46,dummy_prior,499,614,0,0.06404657933042213,0,0.5
5,4,46,dummy_prior,507,71,0,0.06404657933042213,0,0.5
5,4,46,dummy_prior,510,17,0,0.06404657933042213,0,0.5
5,4,46,dummy_prior,529,652,0,0.06404657933042213,0,0.5
5,4,46,dummy_prior,543,40,0,0.06404657933042213,0,0.5
5,4,46,dummy_prior,546,213,0,0.06404657933042213,0,0.5
5,4,46,dummy_prior,551,639,0,0.06404657933042213,0,0.5
5,4,46,dummy_prior,552,105,0,0.06404657933042213,0,0.5
5,4,46,dummy_prior,554,20,0,0.06404657933042213,0,0.5
5,4,46,dummy_prior,566,456,0,0.06404657933042213,0,0.5
5,4,46,dummy_prior,568,338,0,0.06404657933042213,0,0.5
5,4,46,dummy_prior,575,54,0,0.06404657933042213,0,0.5
5,4,46,dummy_prior,578,126,1,0.06404657933042213,0,0.5
5,4,46,dummy_prior,579,730,0,0.06404657933042213,0,0.5
5,4,46,dummy_prior,580,55,0,0.06404657933042213,0,0.5
5,4,46,dummy_prior,585,648,0,0.06404657933042213,0,0.5
5,4,46,dummy_prior,587,687,0,0.06404657933042213,0,0.5
5,4,46,dummy_prior,589,784,0,0.06404657933042213,0,0.5
5,4,46,dummy_prior,590,56,0,0.06404657933042213,0,0.5
5,4,46,dummy_prior,594,193,0,0.06404657933042213,0,0.5
5,4,46,dummy_prior,597,133,0,0.06404657933042213,0,0.5
5,4,46,dummy_prior,598,54,1,0.06404657933042213,0,0.5
5,4,46,dummy_prior,606,539,0,0.06404657933042213,0,0.5
5,4,46,dummy_prior,612,225,0,0.06404657933042213,0,0.5
5,4,46,dummy_prior,617,157,0,0.06404657933042213,0,0.5
5,4,46,dummy_prior,618,130,0,0.06404657933042213,0,0.5
5,4,46,dummy_prior,624,118,0,0.06404657933042213,0,0.5
5,4,46,dummy_prior,626,622,0,0.06404657933042213,0,0.5
5,4,46,dummy_prior,629,336,0,0.06404657933042213,0,0.5
5,4,46,dummy_prior,642,512,0,0.06404657933042213,0,0.5
5,4,46,dummy_prior,646,27,0,0.06404657933042213,0,0.5
5,4,46,dummy_prior,651,788,0,0.06404657933042213,0,0.5
5,4,46,dummy_prior,654,810,0,0.06404657933042213,0,0.5
5,4,46,dummy_prior,660,33,0,0.06404657933042213,0,0.5
5,4,46,dummy_prior,667,829,0,0.06404657933042213,0,0.5
5,4,46,dummy_prior,676,828,0,0.06404657933042213,0,0.5
5,4,46,dummy_prior,684,815,0,0.06404657933042213,0,0.5
5,4,46,dummy_prior,686,704,1,0.06404657933042213,0,0.5
5,4,46,dummy_prior,696,138,0,0.06404657933042213,0,0.5
5,4,46,dummy_prior,708,254,0,0.06404657933042213,0,0.5
5,4,46,dummy_prior,721,655,0,0.06404657933042213,0,0.5
5,4,46,dummy_prior,727,589,0,0.06404657933042213,0,0.5
5,4,46,dummy_prior,732,417,0,0.06404657933042213,0,0.5
5,4,46,dummy_prior,736,725,0,0.06404657933042213,0,0.5
5,4,46,dummy_prior,737,177,0,0.06404657933042213,0,0.5
5,4,46,dummy_prior,743,540,0,0.06404657933042213,0,0.5
5,4,46,dummy_prior,747,218,0,0.06404657933042213,0,0.5
5,4,46,dummy_prior,748,393,0,0.06404657933042213,0,0.5
5,4,46,dummy_prior,749,541,0,0.06404657933042213,0,0.5
5,4,46,dummy_prior,751,778,0,0.06404657933042213,0,0.5
5,4,46,dummy_prior,752,676,0,0.06404657933042213,0,0.5
5,4,46,dummy_prior,755,563,0,0.06404657933042213,0,0.5
5,4,46,dummy_prior,757,360,0,0.06404657933042213,0,0.5
5,4,46,dummy_prior,758,578,0,0.06404657933042213,0,0.5
5,4,46,dummy_prior,759,101,0,0.06404657933042213,0,0.5
5,4,46,dummy_prior,768,422,0,0.06404657933042213,0,0.5
5,4,46,dummy_prior,772,113,0,0.06404657933042213,0,0.5
5,4,46,dummy_prior,774,801,0,0.06404657933042213,0,0.5
5,4,46,dummy_prior,775,455,0,0.06404657933042213,0,0.5
5,4,46,dummy_prior,778,136,0,0.06404657933042213,0,0.5
5,4,46,dummy_prior,784,403,0,0.06404657933042213,0,0.5
5,4,46,dummy_prior,788,752,0,0.06404657933042213,0,0.5
5,4,46,dummy_prior,807,717,0,0.06404657933042213,0,0.5
5,4,46,dummy_prior,816,233,0,0.06404657933042213,0,0.5
5,4,46,dummy_prior,817,516,0,0.06404657933042213,0,0.5
5,4,46,dummy_prior,821,602,0,0.06404657933042213,0,0.5
5,4,46,dummy_prior,823,644,0,0.06404657933042213,0,0.5
5,4,46,dummy_prior,827,688,0,0.06404657933042213,0,0.5
5,4,46,dummy_prior,829,666,0,0.06404657933042213,0,0.5
5,4,46,dummy_prior,831,777,0,0.06404657933042213,0,0.5
5,4,46,dummy_prior,832,561,0,0.06404657933042213,0,0.5
5,4,46,dummy_prior,835,332,0,0.06404657933042213,0,0.5
5,4,46,dummy_prior,840,346,0,0.06404657933042213,0,0.5
5,4,46,dummy_prior,842,722,0,0.06404657933042213,0,0.5
5,4,46,dummy_prior,852,800,0,0.06404657933042213,0,0.5
5,4,46,logistic_regression,2,660,0,0.1951875571485617,0,0.5
5,4,46,logistic_regression,11,450,0,0.25310021467672716,0,0.5
5,4,46,logistic_regression,16,790,0,0.2232355093652765,0,0.5
5,4,46,logistic_regression,23,767,1,0.2785785794381708,0,0.5
5,4,46,logistic_regression,25,805,0,0.2181940393784338,0,0.5
5,4,46,logistic_regression,32,738,0,0.24232283307513866,0,0.5
5,4,46,logistic_regression,41,732,1,0.3825526943465297,0,0.5
5,4,46,logistic_regression,52,729,0,0.22331181209065898,0,0.5
5,4,46,logistic_regression,55,789,0,0.29373545681032076,0,0.5
5,4,46,logistic_regression,60,673,0,0.24062859120524255,0,0.5
5,4,46,logistic_regression,61,697,0,0.3014330166917764,0,0.5
5,4,46,logistic_regression,66,673,0,0.24062859120524255,0,0.5
5,4,46,logistic_regression,76,675,0,0.25964380939303255,0,0.5
5,4,46,logistic_regression,90,707,0,0.19816783112308775,0,0.5
5,4,46,logistic_regression,101,580,0,0.37422552522285113,0,0.5
5,4,46,logistic_regression,105,674,0,0.2593149925604886,0,0.5
5,4,46,logistic_regression,120,627,0,0.23260318975809105,0,0.5
5,4,46,logistic_regression,121,579,0,0.24279349923254076,0,0.5
5,4,46,logistic_regression,127,520,0,0.26083992391888555,0,0.5
5,4,46,logistic_regression,129,557,0,0.2577161611265696,0,0.5
5,4,46,logistic_regression,139,556,0,0.26309436972864897,0,0.5
5,4,46,logistic_regression,141,194,0,0.17101875619676274,0,0.5
5,4,46,logistic_regression,144,558,0,0.2171509161735763,0,0.5
5,4,46,logistic_regression,145,595,0,0.2748089370765924,0,0.5
5,4,46,logistic_regression,148,643,0,0.23556412718295275,0,0.5
5,4,46,logistic_regression,158,617,0,0.2200661601175596,0,0.5
5,4,46,logistic_regression,160,484,0,0.2656233467328762,0,0.5
5,4,46,logistic_regression,162,481,0,0.23210729855573314,0,0.5
5,4,46,logistic_regression,169,108,0,0.24165733933805578,0,0.5
5,4,46,logistic_regression,179,548,0,0.2531090448561483,0,0.5
5,4,46,logistic_regression,183,491,0,0.22480605166455706,0,0.5
5,4,46,logistic_regression,184,411,0,0.24190989944842575,0,0.5
5,4,46,logistic_regression,192,459,0,0.2342004332776324,0,0.5
5,4,46,logistic_regression,201,441,0,0.2439031500438524,0,0.5
5,4,46,logistic_regression,204,222,0,0.2186075670603147,0,0.5
5,4,46,logistic_regression,213,500,0,0.4396480935289943,0,0.5
5,4,46,logistic_regression,219,324,0,0.23697991884523806,0,0.5
5,4,46,logistic_regression,221,407,0,0.20619674050987563,0,0.5
5,4,46,logistic_regression,224,351,1,0.3369675533983068,0,0.5
5,4,46,logistic_regression,226,409,0,0.2159490812554831,0,0.5
5,4,46,logistic_regression,233,345,0,0.217655794948453,0,0.5
5,4,46,logistic_regression,238,536,0,0.2532941576118455,0,0.5
5,4,46,logistic_regression,239,497,0,0.27898434906065217,0,0.5
5,4,46,logistic_regression,241,354,0,0.23292197552923405,0,0.5
5,4,46,logistic_regression,247,292,0,0.21910799718801965,0,0.5
5,4,46,logistic_regression,257,273,1,0.2808296340717753,0,0.5
5,4,46,logistic_regression,258,245,0,0.21042461089145484,0,0.5
5,4,46,logistic_regression,259,329,0,0.26954358399921946,0,0.5
5,4,46,logistic_regression,262,295,0,0.2502058200827703,0,0.5
5,4,46,logistic_regression,266,232,0,0.21421291512473195,0,0.5
5,4,46,logistic_regression,273,355,0,0.24543626382276731,0,0.5
5,4,46,logistic_regression,275,237,0,0.21316441327869487,0,0.5
5,4,46,logistic_regression,287,272,0,0.2238359954679797,0,0.5
5,4,46,logistic_regression,299,319,0,0.17164569887116501,0,0.5
5,4,46,logistic_regression,307,287,0,0.1732475839608276,0,0.5
5,4,46,logistic_regression,318,308,0,0.23302712289723815,0,0.5
5,4,46,logistic_regression,320,271,1,0.21490400041285326,0,0.5
5,4,46,logistic_regression,321,269,0,0.17194166913302603,0,0.5
5,4,46,logistic_regression,323,268,0,0.21847754919822474,0,0.5
5,4,46,logistic_regression,325,169,1,0.23366742575822577,0,0.5
5,4,46,logistic_regression,334,229,0,0.2191643601193816,0,0.5
5,4,46,logistic_regression,338,200,0,0.1954642809751728,0,0.5
5,4,46,logistic_regression,340,148,0,0.21312150439586183,0,0.5
5,4,46,logistic_regression,344,79,0,0.21430870677942956,0,0.5
5,4,46,logistic_regression,345,276,1,0.2041615660895773,0,0.5
5,4,46,logistic_regression,348,125,0,0.21916103716423585,0,0.5
5,4,46,logistic_regression,350,167,0,0.17652262443289693,0,0.5
5,4,46,logistic_regression,356,79,0,0.21430870677942956,0,0.5
5,4,46,logistic_regression,368,203,0,0.22454675431404864,0,0.5
5,4,46,logistic_regression,371,367,0,0.24477412445355598,0,0.5
5,4,46,logistic_regression,382,400,0,0.21261531846407022,0,0.5
5,4,46,logistic_regression,386,90,0,0.25110883994914346,0,0.5
5,4,46,logistic_regression,387,266,0,0.2140082880183401,0,0.5
5,4,46,logistic_regression,388,185,0,0.20875704393540032,0,0.5
5,4,46,logistic_regression,390,179,0,0.2114687238020738,0,0.5
5,4,46,logistic_regression,394,184,0,0.37462263388447004,0,0.5
5,4,46,logistic_regression,397,137,0,0.3043050693543606,0,0.5
5,4,46,logistic_regression,398,115,0,0.1779577054667667,0,0.5
5,4,46,logistic_regression,399,209,0,0.224091811753313,0,0.5
5,4,46,logistic_regression,400,55,0,0.2122828758441042,0,0.5
5,4,46,logistic_regression,405,61,0,0.17177392310815243,0,0.5
5,4,46,logistic_regression,408,60,0,0.17596407782005863,0,0.5
5,4,46,logistic_regression,409,54,0,0.21381009869606823,0,0.5
5,4,46,logistic_regression,412,87,0,0.17227703393467036,0,0.5
5,4,46,logistic_regression,427,161,0,0.226646435083071,0,0.5
5,4,46,logistic_regression,435,54,0,0.21381009869606823,0,0.5
5,4,46,logistic_regression,439,112,0,0.21624656427555522,0,0.5
5,4,46,logistic_regression,444,80,0,0.21219052061388102,0,0.5
5,4,46,logistic_regression,447,63,0,0.21321361115871848,0,0.5
5,4,46,logistic_regression,448,65,0,0.17911384813828668,0,0.5
5,4,46,logistic_regression,449,75,0,0.2154573885359766,0,0.5
5,4,46,logistic_regression,471,94,0,0.21451019874781696,0,0.5
5,4,46,logistic_regression,472,682,1,0.2278022044327996,0,0.5
5,4,46,logistic_regression,473,787,0,0.2588734500293677,0,0.5
5,4,46,logistic_regression,479,482,0,0.2180050147573166,0,0.5
5,4,46,logistic_regression,485,286,0,0.22486062768831538,0,0.5
5,4,46,logistic_regression,499,614,0,0.23418815139355875,0,0.5
5,4,46,logistic_regression,507,71,0,0.215003366087254,0,0.5
5,4,46,logistic_regression,510,17,0,0.21351647814864855,0,0.5
5,4,46,logistic_regression,529,652,0,0.2397117610246305,0,0.5
5,4,46,logistic_regression,543,40,0,0.2183558561691143,0,0.5
5,4,46,logistic_regression,546,213,0,0.29654603844461047,0,0.5
5,4,46,logistic_regression,551,639,0,0.18197789335768236,0,0.5
5,4,46,logistic_regression,552,105,0,0.1872334251484295,0,0.5
5,4,46,logistic_regression,554,20,0,0.21326607526674662,0,0.5
5,4,46,logistic_regression,566,456,0,0.2256277605273863,0,0.5
5,4,46,logistic_regression,568,338,0,0.2151029986144876,0,0.5
5,4,46,logistic_regression,575,54,0,0.21381009869606823,0,0.5
5,4,46,logistic_regression,578,126,1,0.21500999297314577,0,0.5
5,4,46,logistic_regression,579,730,0,0.29653728801742024,0,0.5
5,4,46,logistic_regression,580,55,0,0.2122828758441042,0,0.5
5,4,46,logistic_regression,585,648,0,0.21770424122267315,0,0.5
5,4,46,logistic_regression,587,687,0,0.3219854895979027,0,0.5
5,4,46,logistic_regression,589,784,0,0.23281356405939102,0,0.5
5,4,46,logistic_regression,590,56,0,0.20966426358403173,0,0.5
5,4,46,logistic_regression,594,193,0,0.21336845254178322,0,0.5
5,4,46,logistic_regression,597,133,0,0.406188346903892,0,0.5
5,4,46,logistic_regression,598,54,1,0.21381009869606823,0,0.5
5,4,46,logistic_regression,606,539,0,0.23131620045741055,0,0.5
5,4,46,logistic_regression,612,225,0,0.22744830546688188,0,0.5
5,4,46,logistic_regression,617,157,0,0.21420304363453052,0,0.5
5,4,46,logistic_regression,618,130,0,0.21249853904486235,0,0.5
5,4,46,logistic_regression,624,118,0,0.22282284183723752,0,0.5
5,4,46,logistic_regression,626,622,0,0.22237489094884466,0,0.5
5,4,46,logistic_regression,629,336,0,0.24454384077298885,0,0.5
5,4,46,logistic_regression,642,512,0,0.22597979904953483,0,0.5
5,4,46,logistic_regression,646,27,0,0.2126988615713275,0,0.5
5,4,46,logistic_regression,651,788,0,0.2901845027171742,0,0.5
5,4,46,logistic_regression,654,810,0,0.3173710537840726,0,0.5
5,4,46,logistic_regression,660,33,0,0.21390902435682724,0,0.5
5,4,46,logistic_regression,667,829,0,0.24890490597117776,0,0.5
5,4,46,logistic_regression,676,828,0,0.24923608352205542,0,0.5
5,4,46,logistic_regression,684,815,0,0.24633604957788066,0,0.5
5,4,46,logistic_regression,686,704,1,0.21864472879265204,0,0.5
5,4,46,logistic_regression,696,138,0,0.2223126806708875,0,0.5
5,4,46,logistic_regression,708,254,0,0.25677109145029076,0,0.5
5,4,46,logistic_regression,721,655,0,0.23323429206974083,0,0.5
5,4,46,logistic_regression,727,589,0,0.2511627854393842,0,0.5
5,4,46,logistic_regression,732,417,0,0.21566738793612195,0,0.5
5,4,46,logistic_regression,736,725,0,0.2352017183135156,0,0.5
5,4,46,logistic_regression,737,177,0,0.2188052637741401,0,0.5
5,4,46,logistic_regression,743,540,0,0.21474945177340812,0,0.5
5,4,46,logistic_regression,747,218,0,0.21902458389854154,0,0.5
5,4,46,logistic_regression,748,393,0,0.2239860804633165,0,0.5
5,4,46,logistic_regression,749,541,0,0.2964308252601712,0,0.5
5,4,46,logistic_regression,751,778,0,0.18542684847305743,0,0.5
5,4,46,logistic_regression,752,676,0,0.2386755923629458,0,0.5
5,4,46,logistic_regression,755,563,0,0.2520663198570116,0,0.5
5,4,46,logistic_regression,757,360,0,0.2159505957240423,0,0.5
5,4,46,logistic_regression,758,578,0,0.21375443413724116,0,0.5
5,4,46,logistic_regression,759,101,0,0.2180480278087769,0,0.5
5,4,46,logistic_regression,768,422,0,0.21500032226539556,0,0.5
5,4,46,logistic_regression,772,113,0,0.16860075018416767,0,0.5
5,4,46,logistic_regression,774,801,0,0.33482125133371227,0,0.5
5,4,46,logistic_regression,775,455,0,0.2268195971929283,0,0.5
5,4,46,logistic_regression,778,136,0,0.17219314420464935,0,0.5
5,4,46,logistic_regression,784,403,0,0.22501429345598312,0,0.5
5,4,46,logistic_regression,788,752,0,0.3562533620173452,0,0.5
5,4,46,logistic_regression,807,717,0,0.34868768359172436,0,0.5
5,4,46,logistic_regression,816,233,0,0.25037737222509027,0,0.5
5,4,46,logistic_regression,817,516,0,0.2583473681941041,0,0.5
5,4,46,logistic_regression,821,602,0,0.22247465484963272,0,0.5
5,4,46,logistic_regression,823,644,0,0.21089726297059044,0,0.5
5,4,46,logistic_regression,827,688,0,0.22634538141365668,0,0.5
5,4,46,logistic_regression,829,666,0,0.23159934364908877,0,0.5
5,4,46,logistic_regression,831,777,0,0.32663916514385666,0,0.5
5,4,46,logistic_regression,832,561,0,0.21223259581557288,0,0.5
5,4,46,logistic_regression,835,332,0,0.21227838968606408,0,0.5
5,4,46,logistic_regression,840,346,0,0.24009437086335347,0,0.5
5,4,46,logistic_regression,842,722,0,0.2571236726790838,0,0.5
5,4,46,logistic_regression,852,800,0,0.24381647649848284,0,0.5
5,4,46,xgboost,2,660,0,0.006984457839280367,0,0.5
5,4,46,xgboost,11,450,0,0.0841628909111023,0,0.5
5,4,46,xgboost,16,790,0,0.0015191467246040702,0,0.5
5,4,46,xgboost,23,767,1,0.09227725118398666,0,0.5
5,4,46,xgboost,25,805,0,0.007095642387866974,0,0.5
5,4,46,xgboost,32,738,0,0.009409189224243164,0,0.5
5,4,46,xgboost,41,732,1,0.10188088566064835,0,0.5
5,4,46,xgboost,52,729,0,0.012079894542694092,0,0.5
5,4,46,xgboost,55,789,0,0.02782355807721615,0,0.5
5,4,46,xgboost,60,673,0,0.008157741278409958,0,0.5
5,4,46,xgboost,61,697,0,0.0007597701624035835,0,0.5
5,4,46,xgboost,66,673,0,0.008157741278409958,0,0.5
5,4,46,xgboost,76,675,0,0.007069704122841358,0,0.5
5,4,46,xgboost,90,707,0,0.0006603823276236653,0,0.5
5,4,46,xgboost,101,580,0,0.3379906713962555,0,0.5
5,4,46,xgboost,105,674,0,0.23914353549480438,0,0.5
5,4,46,xgboost,120,627,0,0.05360903963446617,0,0.5
5,4,46,xgboost,121,579,0,0.025022966787219048,0,0.5
5,4,46,xgboost,127,520,0,0.11171673983335495,0,0.5
5,4,46,xgboost,129,557,0,0.003254554234445095,0,0.5
5,4,46,xgboost,139,556,0,0.09068451821804047,0,0.5
5,4,46,xgboost,141,194,0,0.0034702501725405455,0,0.5
5,4,46,xgboost,144,558,0,0.0015922293532639742,0,0.5
5,4,46,xgboost,145,595,0,0.001589966006577015,0,0.5
5,4,46,xgboost,148,643,0,0.014181042090058327,0,0.5
5,4,46,xgboost,158,617,0,0.006259127054363489,0,0.5
5,4,46,xgboost,160,484,0,0.05667587369680405,0,0.5
5,4,46,xgboost,162,481,0,0.12105582654476166,0,0.5
5,4,46,xgboost,169,108,0,0.042010512202978134,0,0.5
5,4,46,xgboost,179,548,0,0.025804676115512848,0,0.5
5,4,46,xgboost,183,491,0,0.3053920567035675,0,0.5
5,4,46,xgboost,184,411,0,0.04966852813959122,0,0.5
5,4,46,xgboost,192,459,0,0.044474564492702484,0,0.5
5,4,46,xgboost,201,441,0,0.19011631608009338,0,0.5
5,4,46,xgboost,204,222,0,0.018990464508533478,0,0.5
5,4,46,xgboost,213,500,0,0.28560110926628113,0,0.5
5,4,46,xgboost,219,324,0,0.00027627061353996396,0,0.5
5,4,46,xgboost,221,407,0,0.017617547884583473,0,0.5
5,4,46,xgboost,224,351,1,0.3191130757331848,0,0.5
5,4,46,xgboost,226,409,0,0.005576224997639656,0,0.5
5,4,46,xgboost,233,345,0,0.0013940982753410935,0,0.5
5,4,46,xgboost,238,536,0,0.0075792777352035046,0,0.5
5,4,46,xgboost,239,497,0,0.010305571369826794,0,0.5
5,4,46,xgboost,241,354,0,0.0012362365378066897,0,0.5
5,4,46,xgboost,247,292,0,0.028890373185276985,0,0.5
5,4,46,xgboost,257,273,1,0.37964674830436707,0,0.5
5,4,46,xgboost,258,245,0,0.03393394500017166,0,0.5
5,4,46,xgboost,259,329,0,0.0088970260694623,0,0.5
5,4,46,xgboost,262,295,0,0.0014702393673360348,0,0.5
5,4,46,xgboost,266,232,0,0.0032600455451756716,0,0.5
5,4,46,xgboost,273,355,0,0.0041246735490858555,0,0.5
5,4,46,xgboost,275,237,0,0.48837780952453613,0,0.5
5,4,46,xgboost,287,272,0,0.003369078738614917,0,0.5
5,4,46,xgboost,299,319,0,0.0011399546638131142,0,0.5
5,4,46,xgboost,307,287,0,0.0015331038739532232,0,0.5
5,4,46,xgboost,318,308,0,0.000948061584495008,0,0.5
5,4,46,xgboost,320,271,1,0.003389971796423197,0,0.5
5,4,46,xgboost,321,269,0,0.00103194045368582,0,0.5
5,4,46,xgboost,323,268,0,0.010273938998579979,0,0.5
5,4,46,xgboost,325,169,1,0.034351080656051636,0,0.5
5,4,46,xgboost,334,229,0,0.011541741900146008,0,0.5
5,4,46,xgboost,338,200,0,0.026286082342267036,0,0.5
5,4,46,xgboost,340,148,0,0.0016433366108685732,0,0.5
5,4,46,xgboost,344,79,0,0.022819887846708298,0,0.5
5,4,46,xgboost,345,276,1,0.018105214461684227,0,0.5
5,4,46,xgboost,348,125,0,0.10026393830776215,0,0.5
5,4,46,xgboost,350,167,0,0.01599012315273285,0,0.5
5,4,46,xgboost,356,79,0,0.022819887846708298,0,0.5
5,4,46,xgboost,368,203,0,0.003897050628438592,0,0.5
5,4,46,xgboost,371,367,0,0.0005068492027930915,0,0.5
5,4,46,xgboost,382,400,0,0.007707909680902958,0,0.5
5,4,46,xgboost,386,90,0,0.01750635914504528,0,0.5
5,4,46,xgboost,387,266,0,0.007674734573811293,0,0.5
5,4,46,xgboost,388,185,0,0.026265105232596397,0,0.5
5,4,46,xgboost,390,179,0,0.04453638941049576,0,0.5
5,4,46,xgboost,394,184,0,0.10431260615587234,0,0.5
5,4,46,xgboost,397,137,0,0.0276130773127079,0,0.5
5,4,46,xgboost,398,115,0,0.002192466054111719,0,0.5
5,4,46,xgboost,399,209,0,0.549930214881897,1,0.5
5,4,46,xgboost,400,55,0,0.009569992311298847,0,0.5
5,4,46,xgboost,405,61,0,0.0009911899687722325,0,0.5
5,4,46,xgboost,408,60,0,0.003407097654417157,0,0.5
5,4,46,xgboost,409,54,0,0.004813330713659525,0,0.5
5,4,46,xgboost,412,87,0,0.0018138912273570895,0,0.5
5,4,46,xgboost,427,161,0,0.014495478011667728,0,0.5
5,4,46,xgboost,435,54,0,0.004813330713659525,0,0.5
5,4,46,xgboost,439,112,0,0.0019326600013300776,0,0.5
5,4,46,xgboost,444,80,0,0.014758480712771416,0,0.5
5,4,46,xgboost,447,63,0,0.007803045678883791,0,0.5
5,4,46,xgboost,448,65,0,0.007825860753655434,0,0.5
5,4,46,xgboost,449,75,0,0.002216090215370059,0,0.5
5,4,46,xgboost,471,94,0,0.0006680299993604422,0,0.5
5,4,46,xgboost,472,682,1,0.001739442814141512,0,0.5
5,4,46,xgboost,473,787,0,0.0005361621733754873,0,0.5
5,4,46,xgboost,479,482,0,0.40242698788642883,0,0.5
5,4,46,xgboost,485,286,0,0.03167709708213806,0,0.5
5,4,46,xgboost,499,614,0,0.03631654009222984,0,0.5
5,4,46,xgboost,507,71,0,0.0045026568695902824,0,0.5
5,4,46,xgboost,510,17,0,0.0006621573120355606,0,0.5
5,4,46,xgboost,529,652,0,0.020055511966347694,0,0.5
5,4,46,xgboost,543,40,0,0.0011746325762942433,0,0.5
5,4,46,xgboost,546,213,0,0.6042784452438354,1,0.5
5,4,46,xgboost,551,639,0,0.030110327526926994,0,0.5
5,4,46,xgboost,552,105,0,0.0018408562755212188,0,0.5
5,4,46,xgboost,554,20,0,0.000892201904207468,0,0.5
5,4,46,xgboost,566,456,0,0.023245329037308693,0,0.5
5,4,46,xgboost,568,338,0,0.0038061661180108786,0,0.5
5,4,46,xgboost,575,54,0,0.004813330713659525,0,0.5
5,4,46,xgboost,578,126,1,0.005354209803044796,0,0.5
5,4,46,xgboost,579,730,0,0.10784287750720978,0,0.5
5,4,46,xgboost,580,55,0,0.009569992311298847,0,0.5
5,4,46,xgboost,585,648,0,0.00856788083910942,0,0.5
5,4,46,xgboost,587,687,0,0.014617483131587505,0,0.5
5,4,46,xgboost,589,784,0,0.0026691900566220284,0,0.5
5,4,46,xgboost,590,56,0,0.034543104469776154,0,0.5
5,4,46,xgboost,594,193,0,0.0020930564496666193,0,0.5
5,4,46,xgboost,597,133,0,0.0759282112121582,0,0.5
5,4,46,xgboost,598,54,1,0.004813330713659525,0,0.5
5,4,46,xgboost,606,539,0,0.2395883947610855,0,0.5
5,4,46,xgboost,612,225,0,0.17463448643684387,0,0.5
5,4,46,xgboost,617,157,0,0.03109496273100376,0,0.5
5,4,46,xgboost,618,130,0,0.006893560755997896,0,0.5
5,4,46,xgboost,624,118,0,0.00487954868003726,0,0.5
5,4,46,xgboost,626,622,0,0.11124835163354874,0,0.5
5,4,46,xgboost,629,336,0,0.0653659924864769,0,0.5
5,4,46,xgboost,642,512,0,0.7468981146812439,1,0.5
5,4,46,xgboost,646,27,0,0.003459756728261709,0,0.5
5,4,46,xgboost,651,788,0,0.0008242272306233644,0,0.5
5,4,46,xgboost,654,810,0,0.01709895208477974,0,0.5
5,4,46,xgboost,660,33,0,0.0029729853849858046,0,0.5
5,4,46,xgboost,667,829,0,0.023017020896077156,0,0.5
5,4,46,xgboost,676,828,0,0.03271809592843056,0,0.5
5,4,46,xgboost,684,815,0,0.0016467300010845065,0,0.5
5,4,46,xgboost,686,704,1,0.006932887248694897,0,0.5
5,4,46,xgboost,696,138,0,0.023401575163006783,0,0.5
5,4,46,xgboost,708,254,0,0.007539055775851011,0,0.5
5,4,46,xgboost,721,655,0,0.019287826493382454,0,0.5
5,4,46,xgboost,727,589,0,0.020708641037344933,0,0.5
5,4,46,xgboost,732,417,0,0.0397021546959877,0,0.5
5,4,46,xgboost,736,725,0,0.0036406454164534807,0,0.5
5,4,46,xgboost,737,177,0,0.009141591377556324,0,0.5
5,4,46,xgboost,743,540,0,0.6109578609466553,1,0.5
5,4,46,xgboost,747,218,0,0.015063903294503689,0,0.5
5,4,46,xgboost,748,393,0,0.005544471554458141,0,0.5
5,4,46,xgboost,749,541,0,0.018771378323435783,0,0.5
5,4,46,xgboost,751,778,0,0.004051179625093937,0,0.5
5,4,46,xgboost,752,676,0,0.022056303918361664,0,0.5
5,4,46,xgboost,755,563,0,0.034658949822187424,0,0.5
5,4,46,xgboost,757,360,0,0.008451990783214569,0,0.5
5,4,46,xgboost,758,578,0,0.018097415566444397,0,0.5
5,4,46,xgboost,759,101,0,0.013781189918518066,0,0.5
5,4,46,xgboost,768,422,0,0.006035138387233019,0,0.5
5,4,46,xgboost,772,113,0,0.001597439288161695,0,0.5
5,4,46,xgboost,774,801,0,0.0033023846335709095,0,0.5
5,4,46,xgboost,775,455,0,0.006483746692538261,0,0.5
5,4,46,xgboost,778,136,0,0.0013376155402511358,0,0.5
5,4,46,xgboost,784,403,0,0.01051015593111515,0,0.5
5,4,46,xgboost,788,752,0,0.13574615120887756,0,0.5
5,4,46,xgboost,807,717,0,0.02298486977815628,0,0.5
5,4,46,xgboost,816,233,0,0.6178415417671204,1,0.5
5,4,46,xgboost,817,516,0,0.016799133270978928,0,0.5
5,4,46,xgboost,821,602,0,0.0006497390568256378,0,0.5
5,4,46,xgboost,823,644,0,0.09783459454774857,0,0.5
5,4,46,xgboost,827,688,0,0.0011323969811201096,0,0.5
5,4,46,xgboost,829,666,0,0.027850523591041565,0,0.5
5,4,46,xgboost,831,777,0,0.019318317994475365,0,0.5
5,4,46,xgboost,832,561,0,0.001214946387335658,0,0.5
5,4,46,xgboost,835,332,0,0.002174518071115017,0,0.5
5,4,46,xgboost,840,346,0,0.002368951914831996,0,0.5
5,4,46,xgboost,842,722,0,0.0003998731554020196,0,0.5
5,4,46,xgboost,852,800,0,0.001610202481970191,0,0.5
5,5,46,dummy_prior,3,825,0,0.06404657933042213,0,0.5
5,5,46,dummy_prior,4,816,0,0.06404657933042213,0,0.5
5,5,46,dummy_prior,6,823,1,0.06404657933042213,0,0.5
5,5,46,dummy_prior,12,812,0,0.06404657933042213,0,0.5
5,5,46,dummy_prior,14,798,0,0.06404657933042213,0,0.5
5,5,46,dummy_prior,17,799,0,0.06404657933042213,0,0.5
5,5,46,dummy_prior,20,797,0,0.06404657933042213,0,0.5
5,5,46,dummy_prior,31,771,0,0.06404657933042213,0,0.5
5,5,46,dummy_prior,35,737,0,0.06404657933042213,0,0.5
5,5,46,dummy_prior,45,709,0,0.06404657933042213,0,0.5
5,5,46,dummy_prior,46,716,0,0.06404657933042213,0,0.5
5,5,46,dummy_prior,48,780,0,0.06404657933042213,0,0.5
5,5,46,dummy_prior,50,721,0,0.06404657933042213,0,0.5
5,5,46,dummy_prior,57,647,0,0.06404657933042213,0,0.5
5,5,46,dummy_prior,58,683,0,0.06404657933042213,0,0.5
5,5,46,dummy_prior,69,705,0,0.06404657933042213,0,0.5
5,5,46,dummy_prior,70,727,0,0.06404657933042213,0,0.5
5,5,46,dummy_prior,74,681,0,0.06404657933042213,0,0.5
5,5,46,dummy_prior,77,646,0,0.06404657933042213,0,0.5
5,5,46,dummy_prior,83,621,0,0.06404657933042213,0,0.5
5,5,46,dummy_prior,96,701,1,0.06404657933042213,0,0.5
5,5,46,dummy_prior,97,678,0,0.06404657933042213,0,0.5
5,5,46,dummy_prior,108,611,0,0.06404657933042213,0,0.5
5,5,46,dummy_prior,109,612,0,0.06404657933042213,0,0.5
5,5,46,dummy_prior,116,597,0,0.06404657933042213,0,0.5
5,5,46,dummy_prior,130,492,0,0.06404657933042213,0,0.5
5,5,46,dummy_prior,134,568,0,0.06404657933042213,0,0.5
5,5,46,dummy_prior,136,586,0,0.06404657933042213,0,0.5
5,5,46,dummy_prior,140,553,0,0.06404657933042213,0,0.5
5,5,46,dummy_prior,143,480,0,0.06404657933042213,0,0.5
5,5,46,dummy_prior,149,594,0,0.06404657933042213,0,0.5
5,5,46,dummy_prior,151,551,0,0.06404657933042213,0,0.5
5,5,46,dummy_prior,157,545,0,0.06404657933042213,0,0.5
5,5,46,dummy_prior,159,463,0,0.06404657933042213,0,0.5
5,5,46,dummy_prior,161,490,0,0.06404657933042213,0,0.5
5,5,46,dummy_prior,167,461,0,0.06404657933042213,0,0.5
5,5,46,dummy_prior,168,535,0,0.06404657933042213,0,0.5
5,5,46,dummy_prior,174,499,0,0.06404657933042213,0,0.5
5,5,46,dummy_prior,188,475,0,0.06404657933042213,0,0.5
5,5,46,dummy_prior,197,442,0,0.06404657933042213,0,0.5
5,5,46,dummy_prior,199,460,0,0.06404657933042213,0,0.5
5,5,46,dummy_prior,209,387,0,0.06404657933042213,0,0.5
5,5,46,dummy_prior,220,406,0,0.06404657933042213,0,0.5
5,5,46,dummy_prior,223,278,0,0.06404657933042213,0,0.5
5,5,46,dummy_prior,229,466,0,0.06404657933042213,0,0.5
5,5,46,dummy_prior,234,406,0,0.06404657933042213,0,0.5
5,5,46,dummy_prior,235,378,0,0.06404657933042213,0,0.5
5,5,46,dummy_prior,246,487,0,0.06404657933042213,0,0.5
5,5,46,dummy_prior,250,379,0,0.06404657933042213,0,0.5
5,5,46,dummy_prior,255,379,0,0.06404657933042213,0,0.5
5,5,46,dummy_prior,261,227,0,0.06404657933042213,0,0.5
5,5,46,dummy_prior,270,211,0,0.06404657933042213,0,0.5
5,5,46,dummy_prior,271,359,0,0.06404657933042213,0,0.5
5,5,46,dummy_prior,279,263,0,0.06404657933042213,0,0.5
5,5,46,dummy_prior,282,219,0,0.06404657933042213,0,0.5
5,5,46,dummy_prior,283,389,0,0.06404657933042213,0,0.5
5,5,46,dummy_prior,291,289,0,0.06404657933042213,0,0.5
5,5,46,dummy_prior,296,358,0,0.06404657933042213,0,0.5
5,5,46,dummy_prior,298,333,0,0.06404657933042213,0,0.5
5,5,46,dummy_prior,300,301,0,0.06404657933042213,0,0.5
5,5,46,dummy_prior,301,202,0,0.06404657933042213,0,0.5
5,5,46,dummy_prior,309,322,0,0.06404657933042213,0,0.5
5,5,46,dummy_prior,313,370,0,0.06404657933042213,0,0.5
5,5,46,dummy_prior,330,207,0,0.06404657933042213,0,0.5
5,5,46,dummy_prior,336,251,0,0.06404657933042213,0,0.5
5,5,46,dummy_prior,337,818,0,0.06404657933042213,0,0.5
5,5,46,dummy_prior,339,182,0,0.06404657933042213,0,0.5
5,5,46,dummy_prior,346,149,0,0.06404657933042213,0,0.5
5,5,46,dummy_prior,347,131,0,0.06404657933042213,0,0.5
5,5,46,dummy_prior,353,223,0,0.06404657933042213,0,0.5
5,5,46,dummy_prior,357,258,0,0.06404657933042213,0,0.5
5,5,46,dummy_prior,360,339,0,0.06404657933042213,0,0.5
5,5,46,dummy_prior,365,178,0,0.06404657933042213,0,0.5
5,5,46,dummy_prior,373,312,0,0.06404657933042213,0,0.5
5,5,46,dummy_prior,376,786,0,0.06404657933042213,0,0.5
5,5,46,dummy_prior,377,172,1,0.06404657933042213,0,0.5
5,5,46,dummy_prior,378,86,0,0.06404657933042213,0,0.5
5,5,46,dummy_prior,380,103,0,0.06404657933042213,0,0.5
5,5,46,dummy_prior,384,78,0,0.06404657933042213,0,0.5
5,5,46,dummy_prior,392,120,0,0.06404657933042213,0,0.5
5,5,46,dummy_prior,404,88,0,0.06404657933042213,0,0.5
5,5,46,dummy_prior,407,57,0,0.06404657933042213,0,0.5
5,5,46,dummy_prior,414,186,0,0.06404657933042213,0,0.5
5,5,46,dummy_prior,419,149,0,0.06404657933042213,0,0.5
5,5,46,dummy_prior,430,153,0,0.06404657933042213,0,0.5
5,5,46,dummy_prior,438,195,0,0.06404657933042213,0,0.5
5,5,46,dummy_prior,445,36,0,0.06404657933042213,0,0.5
5,5,46,dummy_prior,450,34,0,0.06404657933042213,0,0.5
5,5,46,dummy_prior,451,32,0,0.06404657933042213,0,0.5
5,5,46,dummy_prior,470,764,0,0.06404657933042213,0,0.5
5,5,46,dummy_prior,480,575,0,0.06404657933042213,0,0.5
5,5,46,dummy_prior,493,86,0,0.06404657933042213,0,0.5
5,5,46,dummy_prior,503,735,0,0.06404657933042213,0,0.5
5,5,46,dummy_prior,505,306,0,0.06404657933042213,0,0.5
5,5,46,dummy_prior,511,38,0,0.06404657933042213,0,0.5
5,5,46,dummy_prior,512,671,0,0.06404657933042213,0,0.5
5,5,46,dummy_prior,514,476,0,0.06404657933042213,0,0.5
5,5,46,dummy_prior,520,53,0,0.06404657933042213,0,0.5
5,5,46,dummy_prior,521,791,0,0.06404657933042213,0,0.5
5,5,46,dummy_prior,528,547,0,0.06404657933042213,0,0.5
5,5,46,dummy_prior,533,425,0,0.06404657933042213,0,0.5
5,5,46,dummy_prior,537,365,0,0.06404657933042213,0,0.5
5,5,46,dummy_prior,542,146,0,0.06404657933042213,0,0.5
5,5,46,dummy_prior,555,435,0,0.06404657933042213,0,0.5
5,5,46,dummy_prior,556,772,0,0.06404657933042213,0,0.5
5,5,46,dummy_prior,559,162,0,0.06404657933042213,0,0.5
5,5,46,dummy_prior,561,208,0,0.06404657933042213,0,0.5
5,5,46,dummy_prior,567,383,0,0.06404657933042213,0,0.5
5,5,46,dummy_prior,569,802,0,0.06404657933042213,0,0.5
5,5,46,dummy_prior,573,523,0,0.06404657933042213,0,0.5
5,5,46,dummy_prior,576,464,0,0.06404657933042213,0,0.5
5,5,46,dummy_prior,583,315,0,0.06404657933042213,0,0.5
5,5,46,dummy_prior,591,244,0,0.06404657933042213,0,0.5
5,5,46,dummy_prior,596,83,0,0.06404657933042213,0,0.5
5,5,46,dummy_prior,600,506,0,0.06404657933042213,0,0.5
5,5,46,dummy_prior,604,318,0,0.06404657933042213,0,0.5
5,5,46,dummy_prior,611,311,0,0.06404657933042213,0,0.5
5,5,46,dummy_prior,620,363,0,0.06404657933042213,0,0.5
5,5,46,dummy_prior,623,250,0,0.06404657933042213,0,0.5
5,5,46,dummy_prior,628,779,0,0.06404657933042213,0,0.5
5,5,46,dummy_prior,630,424,0,0.06404657933042213,0,0.5
5,5,46,dummy_prior,633,261,0,0.06404657933042213,0,0.5
5,5,46,dummy_prior,636,741,0,0.06404657933042213,0,0.5
5,5,46,dummy_prior,640,625,0,0.06404657933042213,0,0.5
5,5,46,dummy_prior,655,236,1,0.06404657933042213,0,0.5
5,5,46,dummy_prior,656,294,0,0.06404657933042213,0,0.5
5,5,46,dummy_prior,668,830,0,0.06404657933042213,0,0.5
5,5,46,dummy_prior,669,755,0,0.06404657933042213,0,0.5
5,5,46,dummy_prior,670,817,1,0.06404657933042213,0,0.5
5,5,46,dummy_prior,671,824,1,0.06404657933042213,0,0.5
5,5,46,dummy_prior,672,0,0,0.06404657933042213,0,0.5
5,5,46,dummy_prior,674,795,0,0.06404657933042213,0,0.5
5,5,46,dummy_prior,682,827,0,0.06404657933042213,0,0.5
5,5,46,dummy_prior,683,762,0,0.06404657933042213,0,0.5
5,5,46,dummy_prior,690,8,0,0.06404657933042213,0,0.5
5,5,46,dummy_prior,699,111,0,0.06404657933042213,0,0.5
5,5,46,dummy_prior,701,524,0,0.06404657933042213,0,0.5
5,5,46,dummy_prior,709,374,0,0.06404657933042213,0,0.5
5,5,46,dummy_prior,711,128,0,0.06404657933042213,0,0.5
5,5,46,dummy_prior,712,317,0,0.06404657933042213,0,0.5
5,5,46,dummy_prior,717,731,0,0.06404657933042213,0,0.5
5,5,46,dummy_prior,718,246,0,0.06404657933042213,0,0.5
5,5,46,dummy_prior,729,327,0,0.06404657933042213,0,0.5
5,5,46,dummy_prior,735,6,0,0.06404657933042213,0,0.5
5,5,46,dummy_prior,738,477,0,0.06404657933042213,0,0.5
5,5,46,dummy_prior,739,495,1,0.06404657933042213,0,0.5
5,5,46,dummy_prior,741,129,0,0.06404657933042213,0,0.5
5,5,46,dummy_prior,753,166,1,0.06404657933042213,0,0.5
5,5,46,dummy_prior,754,508,1,0.06404657933042213,0,0.5
5,5,46,dummy_prior,770,357,0,0.06404657933042213,0,0.5
5,5,46,dummy_prior,771,661,0,0.06404657933042213,0,0.5
5,5,46,dummy_prior,777,744,0,0.06404657933042213,0,0.5
5,5,46,dummy_prior,781,642,1,0.06404657933042213,0,0.5
5,5,46,dummy_prior,785,480,0,0.06404657933042213,0,0.5
5,5,46,dummy_prior,789,164,0,0.06404657933042213,0,0.5
5,5,46,dummy_prior,791,15,0,0.06404657933042213,0,0.5
5,5,46,dummy_prior,792,314,0,0.06404657933042213,0,0.5
5,5,46,dummy_prior,797,645,1,0.06404657933042213,0,0.5
5,5,46,dummy_prior,801,691,0,0.06404657933042213,0,0.5
5,5,46,dummy_prior,803,106,0,0.06404657933042213,0,0.5
5,5,46,dummy_prior,804,543,0,0.06404657933042213,0,0.5
5,5,46,dummy_prior,805,668,0,0.06404657933042213,0,0.5
5,5,46,dummy_prior,810,116,0,0.06404657933042213,0,0.5
5,5,46,dummy_prior,813,163,0,0.06404657933042213,0,0.5
5,5,46,dummy_prior,822,726,0,0.06404657933042213,0,0.5
5,5,46,dummy_prior,826,650,0,0.06404657933042213,0,0.5
5,5,46,dummy_prior,837,606,0,0.06404657933042213,0,0.5
5,5,46,dummy_prior,845,132,0,0.06404657933042213,0,0.5
5,5,46,dummy_prior,846,680,0,0.06404657933042213,0,0.5
5,5,46,dummy_prior,847,574,0,0.06404657933042213,0,0.5
5,5,46,dummy_prior,853,672,0,0.06404657933042213,0,0.5
5,5,46,logistic_regression,3,825,0,0.03145249576760433,0,0.5
5,5,46,logistic_regression,4,816,0,0.13742704909804032,0,0.5
5,5,46,logistic_regression,6,823,1,0.1585350462524963,0,0.5
5,5,46,logistic_regression,12,812,0,0.13304004490081237,0,0.5
5,5,46,logistic_regression,14,798,0,0.0758413938021694,0,0.5
5,5,46,logistic_regression,17,799,0,0.11447082712788038,0,0.5
5,5,46,logistic_regression,20,797,0,0.1414427222254696,0,0.5
5,5,46,logistic_regression,31,771,0,0.12484008702935025,0,0.5
5,5,46,logistic_regression,35,737,0,0.1271650102941637,0,0.5
5,5,46,logistic_regression,45,709,0,0.09330078896572651,0,0.5
5,5,46,logistic_regression,46,716,0,0.02992113209751703,0,0.5
5,5,46,logistic_regression,48,780,0,0.041499200624151585,0,0.5
5,5,46,logistic_regression,50,721,0,0.11772251822196851,0,0.5
5,5,46,logistic_regression,57,647,0,0.09109263178591935,0,0.5
5,5,46,logistic_regression,58,683,0,0.09985817102848324,0,0.5
5,5,46,logistic_regression,69,705,0,0.07906481664597459,0,0.5
5,5,46,logistic_regression,70,727,0,0.13543884903777942,0,0.5
5,5,46,logistic_regression,74,681,0,0.05465367374326911,0,0.5
5,5,46,logistic_regression,77,646,0,0.08304477418166938,0,0.5
5,5,46,logistic_regression,83,621,0,0.10616812826034329,0,0.5
5,5,46,logistic_regression,96,701,1,0.12206077571401538,0,0.5
5,5,46,logistic_regression,97,678,0,0.08943937022455299,0,0.5
5,5,46,logistic_regression,108,611,0,0.11603298326763667,0,0.5
5,5,46,logistic_regression,109,612,0,0.03028446416997862,0,0.5
5,5,46,logistic_regression,116,597,0,0.08059665500047825,0,0.5
5,5,46,logistic_regression,130,492,0,0.11385886255003644,0,0.5
5,5,46,logistic_regression,134,568,0,0.310073387565467,0,0.5
5,5,46,logistic_regression,136,586,0,0.03267821914149,0,0.5
5,5,46,logistic_regression,140,553,0,0.06785920609130368,0,0.5
5,5,46,logistic_regression,143,480,0,0.041582275285003814,0,0.5
5,5,46,logistic_regression,149,594,0,0.046892771354466706,0,0.5
5,5,46,logistic_regression,151,551,0,0.08186459027955413,0,0.5
5,5,46,logistic_regression,157,545,0,0.09270213921918566,0,0.5
5,5,46,logistic_regression,159,463,0,0.10384526017472051,0,0.5
5,5,46,logistic_regression,161,490,0,0.1011275147797509,0,0.5
5,5,46,logistic_regression,167,461,0,0.1556995717205482,0,0.5
5,5,46,logistic_regression,168,535,0,0.09604655919755631,0,0.5
5,5,46,logistic_regression,174,499,0,0.05748533497762142,0,0.5
5,5,46,logistic_regression,188,475,0,0.08882786605138099,0,0.5
5,5,46,logistic_regression,197,442,0,0.16672545072160802,0,0.5
5,5,46,logistic_regression,199,460,0,0.08127044116012609,0,0.5
5,5,46,logistic_regression,209,387,0,0.11214269026543112,0,0.5
5,5,46,logistic_regression,220,406,0,0.03894268121053837,0,0.5
5,5,46,logistic_regression,223,278,0,0.08787079351866693,0,0.5
5,5,46,logistic_regression,229,466,0,0.1098888391262137,0,0.5
5,5,46,logistic_regression,234,406,0,0.03894268121053837,0,0.5
5,5,46,logistic_regression,235,378,0,0.08250747044928772,0,0.5
5,5,46,logistic_regression,246,487,0,0.10493625030894045,0,0.5
5,5,46,logistic_regression,250,379,0,0.08456219097304972,0,0.5
5,5,46,logistic_regression,255,379,0,0.08456219097304972,0,0.5
5,5,46,logistic_regression,261,227,0,0.07958748998270244,0,0.5
5,5,46,logistic_regression,270,211,0,0.0850287151372909,0,0.5
5,5,46,logistic_regression,271,359,0,0.04137299502392214,0,0.5
5,5,46,logistic_regression,279,263,0,0.011384305340111476,0,0.5
5,5,46,logistic_regression,282,219,0,0.09298394927447819,0,0.5
5,5,46,logistic_regression,283,389,0,0.09544109894233145,0,0.5
5,5,46,logistic_regression,291,289,0,0.0876642696914594,0,0.5
5,5,46,logistic_regression,296,358,0,0.07808229352828269,0,0.5
5,5,46,logistic_regression,298,333,0,0.08988521858758282,0,0.5
5,5,46,logistic_regression,300,301,0,0.10403092421674942,0,0.5
5,5,46,logistic_regression,301,202,0,0.07490564183989072,0,0.5
5,5,46,logistic_regression,309,322,0,0.05752327115724642,0,0.5
5,5,46,logistic_regression,313,370,0,0.08890255388167966,0,0.5
5,5,46,logistic_regression,330,207,0,0.04122727795008781,0,0.5
5,5,46,logistic_regression,336,251,0,0.10599291466939324,0,0.5
5,5,46,logistic_regression,337,818,0,0.1743829977940236,0,0.5
5,5,46,logistic_regression,339,182,0,0.08133043930153674,0,0.5
5,5,46,logistic_regression,346,149,0,0.04025341425865036,0,0.5
5,5,46,logistic_regression,347,131,0,0.08725142209634035,0,0.5
5,5,46,logistic_regression,353,223,0,0.04298221429894077,0,0.5
5,5,46,logistic_regression,357,258,0,0.032264392907578585,0,0.5
5,5,46,logistic_regression,360,339,0,0.09223789184582117,0,0.5
5,5,46,logistic_regression,365,178,0,0.13798378025884858,0,0.5
5,5,46,logistic_regression,373,312,0,0.08490992531809045,0,0.5
5,5,46,logistic_regression,376,786,0,0.20324720649367176,0,0.5
5,5,46,logistic_regression,377,172,1,0.07436875868528801,0,0.5
5,5,46,logistic_regression,378,86,0,0.08029233647434758,0,0.5
5,5,46,logistic_regression,380,103,0,0.0749160169027447,0,0.5
5,5,46,logistic_regression,384,78,0,0.1838809844894361,0,0.5
5,5,46,logistic_regression,392,120,0,0.08056621477419487,0,0.5
5,5,46,logistic_regression,404,88,0,0.08344308495542885,0,0.5
5,5,46,logistic_regression,407,57,0,0.2032431946688384,0,0.5
5,5,46,logistic_regression,414,186,0,0.06849315772270939,0,0.5
5,5,46,logistic_regression,419,149,0,0.04025341425865036,0,0.5
5,5,46,logistic_regression,430,153,0,0.08206121676676814,0,0.5
5,5,46,logistic_regression,438,195,0,0.08099856291050776,0,0.5
5,5,46,logistic_regression,445,36,0,0.040999060803508555,0,0.5
5,5,46,logistic_regression,450,34,0,0.08846622900618013,0,0.5
5,5,46,logistic_regression,451,32,0,0.02356775587007868,0,0.5
5,5,46,logistic_regression,470,764,0,0.09529174064484205,0,0.5
5,5,46,logistic_regression,480,575,0,0.023467430184982437,0,0.5
5,5,46,logistic_regression,493,86,0,0.08029233647434758,0,0.5
5,5,46,logistic_regression,503,735,0,0.14137665517023656,0,0.5
5,5,46,logistic_regression,505,306,0,0.043574280204579374,0,0.5
5,5,46,logistic_regression,511,38,0,0.08261154439120601,0,0.5
5,5,46,logistic_regression,512,671,0,0.03388437759191251,0,0.5
5,5,46,logistic_regression,514,476,0,0.07926411179770132,0,0.5
5,5,46,logistic_regression,520,53,0,0.08933913829088565,0,0.5
5,5,46,logistic_regression,521,791,0,0.10289491296774085,0,0.5
5,5,46,logistic_regression,528,547,0,0.04426235613729926,0,0.5
5,5,46,logistic_regression,533,425,0,0.07781362271641568,0,0.5
5,5,46,logistic_regression,537,365,0,0.06945610124799467,0,0.5
5,5,46,logistic_regression,542,146,0,0.0401917986596587,0,0.5
5,5,46,logistic_regression,555,435,0,0.08787080111629558,0,0.5
5,5,46,logistic_regression,556,772,0,0.19281321396392342,0,0.5
5,5,46,logistic_regression,559,162,0,0.0836446006456175,0,0.5
5,5,46,logistic_regression,561,208,0,0.08727455466100117,0,0.5
5,5,46,logistic_regression,567,383,0,0.11917814186728605,0,0.5
5,5,46,logistic_regression,569,802,0,0.07378636738626546,0,0.5
5,5,46,logistic_regression,573,523,0,0.10379248283239771,0,0.5
5,5,46,logistic_regression,576,464,0,0.04200812009233104,0,0.5
5,5,46,logistic_regression,583,315,0,0.07861963815072585,0,0.5
5,5,46,logistic_regression,591,244,0,0.08041932326068017,0,0.5
5,5,46,logistic_regression,596,83,0,0.08232868075266671,0,0.5
5,5,46,logistic_regression,600,506,0,0.07596638183349318,0,0.5
5,5,46,logistic_regression,604,318,0,0.0812338729370745,0,0.5
5,5,46,logistic_regression,611,311,0,0.0780445093681004,0,0.5
5,5,46,logistic_regression,620,363,0,0.08210327704625414,0,0.5
5,5,46,logistic_regression,623,250,0,0.0987411160022451,0,0.5
5,5,46,logistic_regression,628,779,0,0.17886928034624494,0,0.5
5,5,46,logistic_regression,630,424,0,0.10102480502178869,0,0.5
5,5,46,logistic_regression,633,261,0,0.04215966557991914,0,0.5
5,5,46,logistic_regression,636,741,0,0.08834292885130682,0,0.5
5,5,46,logistic_regression,640,625,0,0.10912445552762953,0,0.5
5,5,46,logistic_regression,655,236,1,0.07534091504071126,0,0.5
5,5,46,logistic_regression,656,294,0,0.09054969717704883,0,0.5
5,5,46,logistic_regression,668,830,0,0.17440631884341004,0,0.5
5,5,46,logistic_regression,669,755,0,0.024646180285466952,0,0.5
5,5,46,logistic_regression,670,817,1,0.15856280069933562,0,0.5
5,5,46,logistic_regression,671,824,1,0.061904158182097116,0,0.5
5,5,46,logistic_regression,672,0,0,0.07936077021204793,0,0.5
5,5,46,logistic_regression,674,795,0,0.1978361172950123,0,0.5
5,5,46,logistic_regression,682,827,0,0.12357862792236995,0,0.5
5,5,46,logistic_regression,683,762,0,0.12223331861364357,0,0.5
5,5,46,logistic_regression,690,8,0,0.1386861569959178,0,0.5
5,5,46,logistic_regression,699,111,0,0.11107605358927097,0,0.5
5,5,46,logistic_regression,701,524,0,0.06768371306964839,0,0.5
5,5,46,logistic_regression,709,374,0,0.10849691507759916,0,0.5
5,5,46,logistic_regression,711,128,0,0.08776006894896778,0,0.5
5,5,46,logistic_regression,712,317,0,0.06667372708275364,0,0.5
5,5,46,logistic_regression,717,731,0,0.17681337048656245,0,0.5
5,5,46,logistic_regression,718,246,0,0.07672014952225636,0,0.5
5,5,46,logistic_regression,729,327,0,0.08004517843237323,0,0.5
5,5,46,logistic_regression,735,6,0,0.03627042281713711,0,0.5
5,5,46,logistic_regression,738,477,0,0.07846295746096042,0,0.5
5,5,46,logistic_regression,739,495,1,0.1541313243603389,0,0.5
5,5,46,logistic_regression,741,129,0,0.04280863042452275,0,0.5
5,5,46,logistic_regression,753,166,1,0.12695065182772092,0,0.5
5,5,46,logistic_regression,754,508,1,0.08590249031804001,0,0.5
5,5,46,logistic_regression,770,357,0,0.017861520958037804,0,0.5
5,5,46,logistic_regression,771,661,0,0.043349309083804466,0,0.5
5,5,46,logistic_regression,777,744,0,0.0723531444458686,0,0.5
5,5,46,logistic_regression,781,642,1,0.023308779429486583,0,0.5
5,5,46,logistic_regression,785,480,0,0.041582275285003814,0,0.5
5,5,46,logistic_regression,789,164,0,0.17550895344321335,0,0.5
5,5,46,logistic_regression,791,15,0,0.08417895462024463,0,0.5
5,5,46,logistic_regression,792,314,0,0.03792796928931474,0,0.5
5,5,46,logistic_regression,797,645,1,0.09830695755574194,0,0.5
5,5,46,logistic_regression,801,691,0,0.1259604136300538,0,0.5
5,5,46,logistic_regression,803,106,0,0.07854615432944978,0,0.5
5,5,46,logistic_regression,804,543,0,0.08500876278523767,0,0.5
5,5,46,logistic_regression,805,668,0,0.09976949585371019,0,0.5
5,5,46,logistic_regression,810,116,0,0.14175223556998254,0,0.5
5,5,46,logistic_regression,813,163,0,0.13959568579513953,0,0.5
5,5,46,logistic_regression,822,726,0,0.038613343700545096,0,0.5
5,5,46,logistic_regression,826,650,0,0.1011691190582939,0,0.5
5,5,46,logistic_regression,837,606,0,0.03728942354465247,0,0.5
5,5,46,logistic_regression,845,132,0,0.08794771016964865,0,0.5
5,5,46,logistic_regression,846,680,0,0.07803642252441714,0,0.5
5,5,46,logistic_regression,847,574,0,0.07537101021611824,0,0.5
5,5,46,logistic_regression,853,672,0,0.07393927104830217,0,0.5
5,5,46,xgboost,3,825,0,0.05918445065617561,0,0.5
5,5,46,xgboost,4,816,0,0.20678749680519104,0,0.5
5,5,46,xgboost,6,823,1,0.0157268475741148,0,0.5
5,5,46,xgboost,12,812,0,0.08996161818504333,0,0.5
5,5,46,xgboost,14,798,0,0.014824558049440384,0,0.5
5,5,46,xgboost,17,799,0,0.01013792585581541,0,0.5
5,5,46,xgboost,20,797,0,0.3580096662044525,0,0.5
5,5,46,xgboost,31,771,0,0.21748998761177063,0,0.5
5,5,46,xgboost,35,737,0,0.019593987613916397,0,0.5
5,5,46,xgboost,45,709,0,0.11152464151382446,0,0.5
5,5,46,xgboost,46,716,0,0.03806951269507408,0,0.5
5,5,46,xgboost,48,780,0,0.04997972398996353,0,0.5
5,5,46,xgboost,50,721,0,0.06806382536888123,0,0.5
5,5,46,xgboost,57,647,0,0.012376070953905582,0,0.5
5,5,46,xgboost,58,683,0,0.022864392027258873,0,0.5
5,5,46,xgboost,69,705,0,0.04621003940701485,0,0.5
5,5,46,xgboost,70,727,0,0.21820715069770813,0,0.5
5,5,46,xgboost,74,681,0,0.017092542722821236,0,0.5
5,5,46,xgboost,77,646,0,0.008827432058751583,0,0.5
5,5,46,xgboost,83,621,0,0.020179808139801025,0,0.5
5,5,46,xgboost,96,701,1,0.1893061399459839,0,0.5
5,5,46,xgboost,97,678,0,0.07364512979984283,0,0.5
5,5,46,xgboost,108,611,0,0.06036512926220894,0,0.5
5,5,46,xgboost,109,612,0,0.007252254523336887,0,0.5
5,5,46,xgboost,116,597,0,0.03915875777602196,0,0.5
5,5,46,xgboost,130,492,0,0.01741497404873371,0,0.5
5,5,46,xgboost,134,568,0,0.08652450144290924,0,0.5
5,5,46,xgboost,136,586,0,0.01517726294696331,0,0.5
5,5,46,xgboost,140,553,0,0.01709766872227192,0,0.5
5,5,46,xgboost,143,480,0,0.02341281808912754,0,0.5
5,5,46,xgboost,149,594,0,0.005866889841854572,0,0.5
5,5,46,xgboost,151,551,0,0.04317107051610947,0,0.5
5,5,46,xgboost,157,545,0,0.04054075852036476,0,0.5
5,5,46,xgboost,159,463,0,0.021694282069802284,0,0.5
5,5,46,xgboost,161,490,0,0.03469538316130638,0,0.5
5,5,46,xgboost,167,461,0,0.138447105884552,0,0.5
5,5,46,xgboost,168,535,0,0.07480049133300781,0,0.5
5,5,46,xgboost,174,499,0,0.02316199243068695,0,0.5
5,5,46,xgboost,188,475,0,0.03821813687682152,0,0.5
5,5,46,xgboost,197,442,0,0.09451838582754135,0,0.5
5,5,46,xgboost,199,460,0,0.04233013838529587,0,0.5
5,5,46,xgboost,209,387,0,0.06063214689493179,0,0.5
5,5,46,xgboost,220,406,0,0.008474938571453094,0,0.5
5,5,46,xgboost,223,278,0,0.018634533509612083,0,0.5
5,5,46,xgboost,229,466,0,0.03843269497156143,0,0.5
5,5,46,xgboost,234,406,0,0.008474938571453094,0,0.5
5,5,46,xgboost,235,378,0,0.037677135318517685,0,0.5
5,5,46,xgboost,246,487,0,0.040991611778736115,0,0.5
5,5,46,xgboost,250,379,0,0.050846513360738754,0,0.5
5,5,46,xgboost,255,379,0,0.050846513360738754,0,0.5
5,5,46,xgboost,261,227,0,0.06166413798928261,0,0.5
5,5,46,xgboost,270,211,0,0.1436590552330017,0,0.5
5,5,46,xgboost,271,359,0,0.010705598630011082,0,0.5
5,5,46,xgboost,279,263,0,0.019091805443167686,0,0.5
5,5,46,xgboost,282,219,0,0.07838376611471176,0,0.5
5,5,46,xgboost,283,389,0,0.03885302692651749,0,0.5
5,5,46,xgboost,291,289,0,0.07429744303226471,0,0.5
5,5,46,xgboost,296,358,0,0.02920817770063877,0,0.5
5,5,46,xgboost,298,333,0,0.03810625150799751,0,0.5
5,5,46,xgboost,300,301,0,0.022861691191792488,0,0.5
5,5,46,xgboost,301,202,0,0.027128899469971657,0,0.5
5,5,46,xgboost,309,322,0,0.032847438007593155,0,0.5
5,5,46,xgboost,313,370,0,0.057860367000103,0,0.5
5,5,46,xgboost,330,207,0,0.02985288016498089,0,0.5
5,5,46,xgboost,336,251,0,0.10914967209100723,0,0.5
5,5,46,xgboost,337,818,0,0.013911508023738861,0,0.5
5,5,46,xgboost,339,182,0,0.040597692131996155,0,0.5
5,5,46,xgboost,346,149,0,0.010746710002422333,0,0.5
5,5,46,xgboost,347,131,0,0.06728142499923706,0,0.5
5,5,46,xgboost,353,223,0,0.01516359206289053,0,0.5
5,5,46,xgboost,357,258,0,0.029675934463739395,0,0.5
5,5,46,xgboost,360,339,0,0.03657589480280876,0,0.5
5,5,46,xgboost,365,178,0,0.14168515801429749,0,0.5
5,5,46,xgboost,373,312,0,0.05393846333026886,0,0.5
5,5,46,xgboost,376,786,0,0.0457310751080513,0,0.5
5,5,46,xgboost,377,172,1,0.08141244202852249,0,0.5
5,5,46,xgboost,378,86,0,0.027285531163215637,0,0.5
5,5,46,xgboost,380,103,0,0.05321997404098511,0,0.5
5,5,46,xgboost,384,78,0,0.0844542533159256,0,0.5
5,5,46,xgboost,392,120,0,0.026485415175557137,0,0.5
5,5,46,xgboost,404,88,0,0.030585994943976402,0,0.5
5,5,46,xgboost,407,57,0,0.13576167821884155,0,0.5
5,5,46,xgboost,414,186,0,0.0325404554605484,0,0.5
5,5,46,xgboost,419,149,0,0.010746710002422333,0,0.5
5,5,46,xgboost,430,153,0,0.10947272926568985,0,0.5
5,5,46,xgboost,438,195,0,0.07882294058799744,0,0.5
5,5,46,xgboost,445,36,0,0.0067493193782866,0,0.5
5,5,46,xgboost,450,34,0,0.02404962293803692,0,0.5
5,5,46,xgboost,451,32,0,0.018745342269539833,0,0.5
5,5,46,xgboost,470,764,0,0.06760390847921371,0,0.5
5,5,46,xgboost,480,575,0,0.01107743475586176,0,0.5
5,5,46,xgboost,493,86,0,0.027285531163215637,0,0.5
5,5,46,xgboost,503,735,0,0.010063711553812027,0,0.5
5,5,46,xgboost,505,306,0,0.011254611425101757,0,0.5
5,5,46,xgboost,511,38,0,0.01699223741889,0,0.5
5,5,46,xgboost,512,671,0,0.003987269941717386,0,0.5
5,5,46,xgboost,514,476,0,0.020519759505987167,0,0.5
5,5,46,xgboost,520,53,0,0.01855553314089775,0,0.5
5,5,46,xgboost,521,791,0,0.07918528467416763,0,0.5
5,5,46,xgboost,528,547,0,0.012721654027700424,0,0.5
5,5,46,xgboost,533,425,0,0.020351359620690346,0,0.5
5,5,46,xgboost,537,365,0,0.03227610141038895,0,0.5
5,5,46,xgboost,542,146,0,0.008383112028241158,0,0.5
5,5,46,xgboost,555,435,0,0.0768665224313736,0,0.5
5,5,46,xgboost,556,772,0,0.22268885374069214,0,0.5
5,5,46,xgboost,559,162,0,0.02775791846215725,0,0.5
5,5,46,xgboost,561,208,0,0.12044000625610352,0,0.5
5,5,46,xgboost,567,383,0,0.08929964154958725,0,0.5
5,5,46,xgboost,569,802,0,0.011647086590528488,0,0.5
5,5,46,xgboost,573,523,0,0.09510602056980133,0,0.5
5,5,46,xgboost,576,464,0,0.006540742702782154,0,0.5
5,5,46,xgboost,583,315,0,0.023385152220726013,0,0.5
5,5,46,xgboost,591,244,0,0.21535195410251617,0,0.5
5,5,46,xgboost,596,83,0,0.03273795545101166,0,0.5
5,5,46,xgboost,600,506,0,0.01432749256491661,0,0.5
5,5,46,xgboost,604,318,0,0.04920898377895355,0,0.5
5,5,46,xgboost,611,311,0,0.020910196006298065,0,0.5
5,5,46,xgboost,620,363,0,0.036035388708114624,0,0.5
5,5,46,xgboost,623,250,0,0.23649294674396515,0,0.5
5,5,46,xgboost,628,779,0,0.1047976166009903,0,0.5
5,5,46,xgboost,630,424,0,0.042139653116464615,0,0.5
5,5,46,xgboost,633,261,0,0.01651088520884514,0,0.5
5,5,46,xgboost,636,741,0,0.01023546326905489,0,0.5
5,5,46,xgboost,640,625,0,0.0360310822725296,0,0.5
5,5,46,xgboost,655,236,1,0.10335133969783783,0,0.5
5,5,46,xgboost,656,294,0,0.0849732980132103,0,0.5
5,5,46,xgboost,668,830,0,0.009971333667635918,0,0.5
5,5,46,xgboost,669,755,0,0.022087572142481804,0,0.5
5,5,46,xgboost,670,817,1,0.2524949610233307,0,0.5
5,5,46,xgboost,671,824,1,0.01411107275635004,0,0.5
5,5,46,xgboost,672,0,0,0.014162596315145493,0,0.5
5,5,46,xgboost,674,795,0,0.1696060448884964,0,0.5
5,5,46,xgboost,682,827,0,0.01091406773775816,0,0.5
5,5,46,xgboost,683,762,0,0.06895817816257477,0,0.5
5,5,46,xgboost,690,8,0,0.04998595267534256,0,0.5
5,5,46,xgboost,699,111,0,0.0584142841398716,0,0.5
5,5,46,xgboost,701,524,0,0.03074953891336918,0,0.5
5,5,46,xgboost,709,374,0,0.037150751799345016,0,0.5
5,5,46,xgboost,711,128,0,0.03921046108007431,0,0.5
5,5,46,xgboost,712,317,0,0.02057046629488468,0,0.5
5,5,46,xgboost,717,731,0,0.33414551615715027,0,0.5
5,5,46,xgboost,718,246,0,0.17169077694416046,0,0.5
5,5,46,xgboost,729,327,0,0.02364228665828705,0,0.5
5,5,46,xgboost,735,6,0,0.005162810906767845,0,0.5
5,5,46,xgboost,738,477,0,0.07271195203065872,0,0.5
5,5,46,xgboost,739,495,1,0.2713814377784729,0,0.5
5,5,46,xgboost,741,129,0,0.006621565669775009,0,0.5
5,5,46,xgboost,753,166,1,0.1640993058681488,0,0.5
5,5,46,xgboost,754,508,1,0.12154939770698547,0,0.5
5,5,46,xgboost,770,357,0,0.06154083088040352,0,0.5
5,5,46,xgboost,771,661,0,0.008418083190917969,0,0.5
5,5,46,xgboost,777,744,0,0.023923255503177643,0,0.5
5,5,46,xgboost,781,642,1,0.0330095998942852,0,0.5
5,5,46,xgboost,785,480,0,0.02341281808912754,0,0.5
5,5,46,xgboost,789,164,0,0.3378750681877136,0,0.5
5,5,46,xgboost,791,15,0,0.018285276368260384,0,0.5
5,5,46,xgboost,792,314,0,0.010210948064923286,0,0.5
5,5,46,xgboost,797,645,1,0.08096980303525925,0,0.5
5,5,46,xgboost,801,691,0,0.1037662997841835,0,0.5
5,5,46,xgboost,803,106,0,0.037669941782951355,0,0.5
5,5,46,xgboost,804,543,0,0.07948464155197144,0,0.5
5,5,46,xgboost,805,668,0,0.009274991229176521,0,0.5
5,5,46,xgboost,810,116,0,0.13730385899543762,0,0.5
5,5,46,xgboost,813,163,0,0.41029855608940125,0,0.5
5,5,46,xgboost,822,726,0,0.0253487229347229,0,0.5
5,5,46,xgboost,826,650,0,0.1833830177783966,0,0.5
5,5,46,xgboost,837,606,0,0.029780538752675056,0,0.5
5,5,46,xgboost,845,132,0,0.056726325303316116,0,0.5
5,5,46,xgboost,846,680,0,0.0259576216340065,0,0.5
5,5,46,xgboost,847,574,0,0.011157862842082977,0,0.5
5,5,46,xgboost,853,672,0,0.018902365118265152,0,0.5
