repeat,fold,random_state,model,row_position,group,observed_outcome,predicted_probability,predicted_class,threshold
1,1,42,dummy_prior,1,7,0,0.0641399416909621,0,0.5
1,1,42,dummy_prior,12,812,0,0.0641399416909621,0,0.5
1,1,42,dummy_prior,14,798,0,0.0641399416909621,0,0.5
1,1,42,dummy_prior,18,792,0,0.0641399416909621,0,0.5
1,1,42,dummy_prior,29,745,0,0.0641399416909621,0,0.5
1,1,42,dummy_prior,31,771,0,0.0641399416909621,0,0.5
1,1,42,dummy_prior,35,737,0,0.0641399416909621,0,0.5
1,1,42,dummy_prior,36,760,0,0.0641399416909621,0,0.5
1,1,42,dummy_prior,42,724,0,0.0641399416909621,0,0.5
1,1,42,dummy_prior,44,740,1,0.0641399416909621,0,0.5
1,1,42,dummy_prior,48,780,0,0.0641399416909621,0,0.5
1,1,42,dummy_prior,53,695,0,0.0641399416909621,0,0.5
1,1,42,dummy_prior,62,679,0,0.0641399416909621,0,0.5
1,1,42,dummy_prior,63,629,0,0.0641399416909621,0,0.5
1,1,42,dummy_prior,72,664,0,0.0641399416909621,0,0.5
1,1,42,dummy_prior,79,684,0,0.0641399416909621,0,0.5
1,1,42,dummy_prior,80,630,0,0.0641399416909621,0,0.5
1,1,42,dummy_prior,84,713,0,0.0641399416909621,0,0.5
1,1,42,dummy_prior,86,718,0,0.0641399416909621,0,0.5
1,1,42,dummy_prior,93,631,1,0.0641399416909621,0,0.5
1,1,42,dummy_prior,94,637,0,0.0641399416909621,0,0.5
1,1,42,dummy_prior,105,674,0,0.0641399416909621,0,0.5
1,1,42,dummy_prior,126,588,0,0.0641399416909621,0,0.5
1,1,42,dummy_prior,127,520,0,0.0641399416909621,0,0.5
1,1,42,dummy_prior,130,492,0,0.0641399416909621,0,0.5
1,1,42,dummy_prior,132,565,0,0.0641399416909621,0,0.5
1,1,42,dummy_prior,143,480,0,0.0641399416909621,0,0.5
1,1,42,dummy_prior,144,558,0,0.0641399416909621,0,0.5
1,1,42,dummy_prior,153,423,0,0.0641399416909621,0,0.5
1,1,42,dummy_prior,154,457,0,0.0641399416909621,0,0.5
1,1,42,dummy_prior,163,509,1,0.0641399416909621,0,0.5
1,1,42,dummy_prior,164,546,0,0.0641399416909621,0,0.5
1,1,42,dummy_prior,169,108,0,0.0641399416909621,0,0.5
1,1,42,dummy_prior,172,522,0,0.0641399416909621,0,0.5
1,1,42,dummy_prior,179,548,0,0.0641399416909621,0,0.5
1,1,42,dummy_prior,183,491,0,0.0641399416909621,0,0.5
1,1,42,dummy_prior,186,404,0,0.0641399416909621,0,0.5
1,1,42,dummy_prior,200,443,0,0.0641399416909621,0,0.5
1,1,42,dummy_prior,201,441,0,0.0641399416909621,0,0.5
1,1,42,dummy_prior,213,500,0,0.0641399416909621,0,0.5
1,1,42,dummy_prior,223,278,0,0.0641399416909621,0,0.5
1,1,42,dummy_prior,224,351,1,0.0641399416909621,0,0.5
1,1,42,dummy_prior,238,536,0,0.0641399416909621,0,0.5
1,1,42,dummy_prior,239,497,0,0.0641399416909621,0,0.5
1,1,42,dummy_prior,242,555,0,0.0641399416909621,0,0.5
1,1,42,dummy_prior,249,270,0,0.0641399416909621,0,0.5
1,1,42,dummy_prior,250,379,0,0.0641399416909621,0,0.5
1,1,42,dummy_prior,254,390,0,0.0641399416909621,0,0.5
1,1,42,dummy_prior,255,379,0,0.0641399416909621,0,0.5
1,1,42,dummy_prior,256,366,0,0.0641399416909621,0,0.5
1,1,42,dummy_prior,261,227,0,0.0641399416909621,0,0.5
1,1,42,dummy_prior,268,305,0,0.0641399416909621,0,0.5
1,1,42,dummy_prior,270,211,0,0.0641399416909621,0,0.5
1,1,42,dummy_prior,276,241,0,0.0641399416909621,0,0.5
1,1,42,dummy_prior,277,168,0,0.0641399416909621,0,0.5
1,1,42,dummy_prior,280,303,0,0.0641399416909621,0,0.5
1,1,42,dummy_prior,284,252,0,0.0641399416909621,0,0.5
1,1,42,dummy_prior,288,300,0,0.0641399416909621,0,0.5
1,1,42,dummy_prior,290,204,0,0.0641399416909621,0,0.5
1,1,42,dummy_prior,300,301,0,0.0641399416909621,0,0.5
1,1,42,dummy_prior,306,436,0,0.0641399416909621,0,0.5
1,1,42,dummy_prior,307,287,0,0.0641399416909621,0,0.5
1,1,42,dummy_prior,314,215,1,0.0641399416909621,0,0.5
1,1,42,dummy_prior,315,189,0,0.0641399416909621,0,0.5
1,1,42,dummy_prior,324,654,0,0.0641399416909621,0,0.5
1,1,42,dummy_prior,326,217,0,0.0641399416909621,0,0.5
1,1,42,dummy_prior,328,197,0,0.0641399416909621,0,0.5
1,1,42,dummy_prior,334,229,0,0.0641399416909621,0,0.5
1,1,42,dummy_prior,340,148,0,0.0641399416909621,0,0.5
1,1,42,dummy_prior,353,223,0,0.0641399416909621,0,0.5
1,1,42,dummy_prior,359,733,0,0.0641399416909621,0,0.5
1,1,42,dummy_prior,361,199,0,0.0641399416909621,0,0.5
1,1,42,dummy_prior,372,242,0,0.0641399416909621,0,0.5
1,1,42,dummy_prior,376,786,0,0.0641399416909621,0,0.5
1,1,42,dummy_prior,385,234,0,0.0641399416909621,0,0.5
1,1,42,dummy_prior,387,266,0,0.0641399416909621,0,0.5
1,1,42,dummy_prior,388,185,0,0.0641399416909621,0,0.5
1,1,42,dummy_prior,393,142,0,0.0641399416909621,0,0.5
1,1,42,dummy_prior,397,137,0,0.0641399416909621,0,0.5
1,1,42,dummy_prior,414,186,0,0.0641399416909621,0,0.5
1,1,42,dummy_prior,417,158,0,0.0641399416909621,0,0.5
1,1,42,dummy_prior,418,47,0,0.0641399416909621,0,0.5
1,1,42,dummy_prior,430,153,0,0.0641399416909621,0,0.5
1,1,42,dummy_prior,436,39,0,0.0641399416909621,0,0.5
1,1,42,dummy_prior,438,195,0,0.0641399416909621,0,0.5
1,1,42,dummy_prior,440,7,0,0.0641399416909621,0,0.5
1,1,42,dummy_prior,444,80,0,0.0641399416909621,0,0.5
1,1,42,dummy_prior,448,65,0,0.0641399416909621,0,0.5
1,1,42,dummy_prior,454,7,0,0.0641399416909621,0,0.5
1,1,42,dummy_prior,456,24,0,0.0641399416909621,0,0.5
1,1,42,dummy_prior,462,68,0,0.0641399416909621,0,0.5
1,1,42,dummy_prior,466,7,0,0.0641399416909621,0,0.5
1,1,42,dummy_prior,475,154,0,0.0641399416909621,0,0.5
1,1,42,dummy_prior,477,751,0,0.0641399416909621,0,0.5
1,1,42,dummy_prior,480,575,0,0.0641399416909621,0,0.5
1,1,42,dummy_prior,491,122,0,0.0641399416909621,0,0.5
1,1,42,dummy_prior,499,614,0,0.0641399416909621,0,0.5
1,1,42,dummy_prior,502,369,0,0.0641399416909621,0,0.5
1,1,42,dummy_prior,506,711,0,0.0641399416909621,0,0.5
1,1,42,dummy_prior,511,38,0,0.0641399416909621,0,0.5
1,1,42,dummy_prior,515,603,0,0.0641399416909621,0,0.5
1,1,42,dummy_prior,523,624,0,0.0641399416909621,0,0.5
1,1,42,dummy_prior,527,262,0,0.0641399416909621,0,0.5
1,1,42,dummy_prior,536,24,0,0.0641399416909621,0,0.5
1,1,42,dummy_prior,539,76,1,0.0641399416909621,0,0.5
1,1,42,dummy_prior,548,58,0,0.0641399416909621,0,0.5
1,1,42,dummy_prior,549,662,1,0.0641399416909621,0,0.5
1,1,42,dummy_prior,550,191,0,0.0641399416909621,0,0.5
1,1,42,dummy_prior,556,772,0,0.0641399416909621,0,0.5
1,1,42,dummy_prior,557,458,0,0.0641399416909621,0,0.5
1,1,42,dummy_prior,558,255,0,0.0641399416909621,0,0.5
1,1,42,dummy_prior,559,162,0,0.0641399416909621,0,0.5
1,1,42,dummy_prior,562,282,0,0.0641399416909621,0,0.5
1,1,42,dummy_prior,572,373,0,0.0641399416909621,0,0.5
1,1,42,dummy_prior,574,309,0,0.0641399416909621,0,0.5
1,1,42,dummy_prior,576,464,0,0.0641399416909621,0,0.5
1,1,42,dummy_prior,579,730,0,0.0641399416909621,0,0.5
1,1,42,dummy_prior,594,193,0,0.0641399416909621,0,0.5
1,1,42,dummy_prior,596,83,0,0.0641399416909621,0,0.5
1,1,42,dummy_prior,601,504,0,0.0641399416909621,0,0.5
1,1,42,dummy_prior,603,440,0,0.0641399416909621,0,0.5
1,1,42,dummy_prior,608,135,0,0.0641399416909621,0,0.5
1,1,42,dummy_prior,609,416,0,0.0641399416909621,0,0.5
1,1,42,dummy_prior,617,157,0,0.0641399416909621,0,0.5
1,1,42,dummy_prior,618,130,0,0.0641399416909621,0,0.5
1,1,42,dummy_prior,619,320,0,0.0641399416909621,0,0.5
1,1,42,dummy_prior,625,92,0,0.0641399416909621,0,0.5
1,1,42,dummy_prior,634,478,0,0.0641399416909621,0,0.5
1,1,42,dummy_prior,637,493,0,0.0641399416909621,0,0.5
1,1,42,dummy_prior,650,421,0,0.0641399416909621,0,0.5
1,1,42,dummy_prior,654,810,0,0.0641399416909621,0,0.5
1,1,42,dummy_prior,655,236,1,0.0641399416909621,0,0.5
1,1,42,dummy_prior,675,808,0,0.0641399416909621,0,0.5
1,1,42,dummy_prior,685,820,0,0.0641399416909621,0,0.5
1,1,42,dummy_prior,690,8,0,0.0641399416909621,0,0.5
1,1,42,dummy_prior,706,81,0,0.0641399416909621,0,0.5
1,1,42,dummy_prior,716,144,0,0.0641399416909621,0,0.5
1,1,42,dummy_prior,717,731,0,0.0641399416909621,0,0.5
1,1,42,dummy_prior,721,655,0,0.0641399416909621,0,0.5
1,1,42,dummy_prior,746,342,0,0.0641399416909621,0,0.5
1,1,42,dummy_prior,748,393,0,0.0641399416909621,0,0.5
1,1,42,dummy_prior,751,778,0,0.0641399416909621,0,0.5
1,1,42,dummy_prior,753,166,1,0.0641399416909621,0,0.5
1,1,42,dummy_prior,754,508,1,0.0641399416909621,0,0.5
1,1,42,dummy_prior,755,563,0,0.0641399416909621,0,0.5
1,1,42,dummy_prior,758,578,0,0.0641399416909621,0,0.5
1,1,42,dummy_prior,763,785,0,0.0641399416909621,0,0.5
1,1,42,dummy_prior,764,281,0,0.0641399416909621,0,0.5
1,1,42,dummy_prior,768,422,0,0.0641399416909621,0,0.5
1,1,42,dummy_prior,769,415,0,0.0641399416909621,0,0.5
1,1,42,dummy_prior,774,801,0,0.0641399416909621,0,0.5
1,1,42,dummy_prior,775,455,0,0.0641399416909621,0,0.5
1,1,42,dummy_prior,783,84,0,0.0641399416909621,0,0.5
1,1,42,dummy_prior,784,403,0,0.0641399416909621,0,0.5
1,1,42,dummy_prior,785,480,0,0.0641399416909621,0,0.5
1,1,42,dummy_prior,790,350,0,0.0641399416909621,0,0.5
1,1,42,dummy_prior,797,645,1,0.0641399416909621,0,0.5
1,1,42,dummy_prior,801,691,0,0.0641399416909621,0,0.5
1,1,42,dummy_prior,804,543,0,0.0641399416909621,0,0.5
1,1,42,dummy_prior,806,62,0,0.0641399416909621,0,0.5
1,1,42,dummy_prior,808,544,0,0.0641399416909621,0,0.5
1,1,42,dummy_prior,811,48,0,0.0641399416909621,0,0.5
1,1,42,dummy_prior,813,163,0,0.0641399416909621,0,0.5
1,1,42,dummy_prior,819,2,0,0.0641399416909621,0,0.5
1,1,42,dummy_prior,824,720,0,0.0641399416909621,0,0.5
1,1,42,dummy_prior,825,794,0,0.0641399416909621,0,0.5
1,1,42,dummy_prior,826,650,0,0.0641399416909621,0,0.5
1,1,42,dummy_prior,829,666,0,0.0641399416909621,0,0.5
1,1,42,dummy_prior,831,777,0,0.0641399416909621,0,0.5
1,1,42,dummy_prior,840,346,0,0.0641399416909621,0,0.5
1,1,42,dummy_prior,849,620,0,0.0641399416909621,0,0.5
1,1,42,dummy_prior,856,635,0,0.0641399416909621,0,0.5
1,1,42,logistic_regression,1,7,0,0.44793096351876366,0,0.5
1,1,42,logistic_regression,12,812,0,0.7073959748201862,1,0.5
1,1,42,logistic_regression,14,798,0,0.5925345573626072,1,0.5
1,1,42,logistic_regression,18,792,0,0.8346618240777326,1,0.5
1,1,42,logistic_regression,29,745,0,0.3146238734732629,0,0.5
1,1,42,logistic_regression,31,771,0,0.6928307304707538,1,0.5
1,1,42,logistic_regression,35,737,0,0.5404653801789016,1,0.5
1,1,42,logistic_regression,36,760,0,0.4682539000658767,0,0.5
1,1,42,logistic_regression,42,724,0,0.520867952078174,1,0.5
1,1,42,logistic_regression,44,740,1,0.6110669182421092,1,0.5
1,1,42,logistic_regression,48,780,0,0.6089122702149585,1,0.5
1,1,42,logistic_regression,53,695,0,0.5448163668449182,1,0.5
1,1,42,logistic_regression,62,679,0,0.4287125517983494,0,0.5
1,1,42,logistic_regression,63,629,0,0.8564304184393499,1,0.5
1,1,42,logistic_regression,72,664,0,0.38201183596872373,0,0.5
1,1,42,logistic_regression,79,684,0,0.41965736239683826,0,0.5
1,1,42,logistic_regression,80,630,0,0.3313127536951572,0,0.5
1,1,42,logistic_regression,84,713,0,0.29864020690619314,0,0.5
1,1,42,logistic_regression,86,718,0,0.4516555934501497,0,0.5
1,1,42,logistic_regression,93,631,1,0.30442642218691385,0,0.5
1,1,42,logistic_regression,94,637,0,0.4691894873119103,0,0.5
1,1,42,logistic_regression,105,674,0,0.4998741087025382,0,0.5
1,1,42,logistic_regression,126,588,0,0.43481145094680407,0,0.5
1,1,42,logistic_regression,127,520,0,0.5909825602483572,1,0.5
1,1,42,logistic_regression,130,492,0,0.5090853943077039,1,0.5
1,1,42,logistic_regression,132,565,0,0.3612506522636301,0,0.5
1,1,42,logistic_regression,143,480,0,0.3962447357181694,0,0.5
1,1,42,logistic_regression,144,558,0,0.4124036063111836,0,0.5
1,1,42,logistic_regression,153,423,0,0.48245548540696215,0,0.5
1,1,42,logistic_regression,154,457,0,0.5140193749469982,1,0.5
1,1,42,logistic_regression,163,509,1,0.4954876533872871,0,0.5
1,1,42,logistic_regression,164,546,0,0.3955601364465121,0,0.5
1,1,42,logistic_regression,169,108,0,0.4605592462834431,0,0.5
1,1,42,logistic_regression,172,522,0,0.5192649208013829,1,0.5
1,1,42,logistic_regression,179,548,0,0.5351014634287259,1,0.5
1,1,42,logistic_regression,183,491,0,0.45252989778610475,0,0.5
1,1,42,logistic_regression,186,404,0,0.7248540093080913,1,0.5
1,1,42,logistic_regression,200,443,0,0.43337346816506456,0,0.5
1,1,42,logistic_regression,201,441,0,0.46495600043299296,0,0.5
1,1,42,logistic_regression,213,500,0,0.8901765352642055,1,0.5
1,1,42,logistic_regression,223,278,0,0.4475332484359258,0,0.5
1,1,42,logistic_regression,224,351,1,0.7244636431534811,1,0.5
1,1,42,logistic_regression,238,536,0,0.5271456724435662,1,0.5
1,1,42,logistic_regression,239,497,0,0.5553499382295167,1,0.5
1,1,42,logistic_regression,242,555,0,0.3418640569919996,0,0.5
1,1,42,logistic_regression,249,270,0,0.4285835752262613,0,0.5
1,1,42,logistic_regression,250,379,0,0.39560213777146347,0,0.5
1,1,42,logistic_regression,254,390,0,0.4186193830203008,0,0.5
1,1,42,logistic_regression,255,379,0,0.39560213777146347,0,0.5
1,1,42,logistic_regression,256,366,0,0.4003611757076008,0,0.5
1,1,42,logistic_regression,261,227,0,0.43519782770956517,0,0.5
1,1,42,logistic_regression,268,305,0,0.4475256811807315,0,0.5
1,1,42,logistic_regression,270,211,0,0.39754932313945934,0,0.5
1,1,42,logistic_regression,276,241,0,0.4381548982213261,0,0.5
1,1,42,logistic_regression,277,168,0,0.4033660293053364,0,0.5
1,1,42,logistic_regression,280,303,0,0.4518716474282995,0,0.5
1,1,42,logistic_regression,284,252,0,0.37262868529811294,0,0.5
1,1,42,logistic_regression,288,300,0,0.4740660818447053,0,0.5
1,1,42,logistic_regression,290,204,0,0.5606082635118079,1,0.5
1,1,42,logistic_regression,300,301,0,0.4938418078486711,0,0.5
1,1,42,logistic_regression,306,436,0,0.3874013107876959,0,0.5
1,1,42,logistic_regression,307,287,0,0.3850084641737053,0,0.5
1,1,42,logistic_regression,314,215,1,0.4335675692240097,0,0.5
1,1,42,logistic_regression,315,189,0,0.4491248269346465,0,0.5
1,1,42,logistic_regression,324,654,0,0.4914885624424687,0,0.5
1,1,42,logistic_regression,326,217,0,0.37834267796786447,0,0.5
1,1,42,logistic_regression,328,197,0,0.40331603376413405,0,0.5
1,1,42,logistic_regression,334,229,0,0.39658218707815973,0,0.5
1,1,42,logistic_regression,340,148,0,0.37795989598146845,0,0.5
1,1,42,logistic_regression,353,223,0,0.4449202562896983,0,0.5
1,1,42,logistic_regression,359,733,0,0.45609638481811193,0,0.5
1,1,42,logistic_regression,361,199,0,0.3781882886800644,0,0.5
1,1,42,logistic_regression,372,242,0,0.44566495735257605,0,0.5
1,1,42,logistic_regression,376,786,0,0.8068741223226019,1,0.5
1,1,42,logistic_regression,385,234,0,0.4499132438809881,0,0.5
1,1,42,logistic_regression,387,266,0,0.4153944182892794,0,0.5
1,1,42,logistic_regression,388,185,0,0.28672120838897014,0,0.5
1,1,42,logistic_regression,393,142,0,0.4395028195778881,0,0.5
1,1,42,logistic_regression,397,137,0,0.7384406906702193,1,0.5
1,1,42,logistic_regression,414,186,0,0.43401773928174053,0,0.5
1,1,42,logistic_regression,417,158,0,0.39758432673226757,0,0.5
1,1,42,logistic_regression,418,47,0,0.7421410582600618,1,0.5
1,1,42,logistic_regression,430,153,0,0.40044561658100575,0,0.5
1,1,42,logistic_regression,436,39,0,0.4089162248476471,0,0.5
1,1,42,logistic_regression,438,195,0,0.4213271864522861,0,0.5
1,1,42,logistic_regression,440,7,0,0.44793096351876366,0,0.5
1,1,42,logistic_regression,444,80,0,0.3821119190618151,0,0.5
1,1,42,logistic_regression,448,65,0,0.21030546559216104,0,0.5
1,1,42,logistic_regression,454,7,0,0.44793096351876366,0,0.5
1,1,42,logistic_regression,456,24,0,0.449925910357334,0,0.5
1,1,42,logistic_regression,462,68,0,0.43016922606060876,0,0.5
1,1,42,logistic_regression,466,7,0,0.44793096351876366,0,0.5
1,1,42,logistic_regression,475,154,0,0.4434630236412095,0,0.5
1,1,42,logistic_regression,477,751,0,0.44873097858433375,0,0.5
1,1,42,logistic_regression,480,575,0,0.33980674002933553,0,0.5
1,1,42,logistic_regression,491,122,0,0.39369309310779815,0,0.5
1,1,42,logistic_regression,499,614,0,0.45893209325840745,0,0.5
1,1,42,logistic_regression,502,369,0,0.4748250679449739,0,0.5
1,1,42,logistic_regression,506,711,0,0.5055859619391636,1,0.5
1,1,42,logistic_regression,511,38,0,0.38533207081725135,0,0.5
1,1,42,logistic_regression,515,603,0,0.46893464669642626,0,0.5
1,1,42,logistic_regression,523,624,0,0.41361467832170823,0,0.5
1,1,42,logistic_regression,527,262,0,0.3910776776088248,0,0.5
1,1,42,logistic_regression,536,24,0,0.449925910357334,0,0.5
1,1,42,logistic_regression,539,76,1,0.7324811708677614,1,0.5
1,1,42,logistic_regression,548,58,0,0.41118944698249926,0,0.5
1,1,42,logistic_regression,549,662,1,0.6200216804905084,1,0.5
1,1,42,logistic_regression,550,191,0,0.4064789025978902,0,0.5
1,1,42,logistic_regression,556,772,0,0.7219298749323834,1,0.5
1,1,42,logistic_regression,557,458,0,0.4226971209114243,0,0.5
1,1,42,logistic_regression,558,255,0,0.3754330004619938,0,0.5
1,1,42,logistic_regression,559,162,0,0.44858817140607454,0,0.5
1,1,42,logistic_regression,562,282,0,0.4482881758951635,0,0.5
1,1,42,logistic_regression,572,373,0,0.547793541134496,1,0.5
1,1,42,logistic_regression,574,309,0,0.4121394026895742,0,0.5
1,1,42,logistic_regression,576,464,0,0.44316950494793783,0,0.5
1,1,42,logistic_regression,579,730,0,0.5955311323330719,1,0.5
1,1,42,logistic_regression,594,193,0,0.37985763364504876,0,0.5
1,1,42,logistic_regression,596,83,0,0.37074538180364164,0,0.5
1,1,42,logistic_regression,601,504,0,0.46708442983588133,0,0.5
1,1,42,logistic_regression,603,440,0,0.42923788073387537,0,0.5
1,1,42,logistic_regression,608,135,0,0.41344994661668133,0,0.5
1,1,42,logistic_regression,609,416,0,0.497078351917435,0,0.5
1,1,42,logistic_regression,617,157,0,0.3824661050388437,0,0.5
1,1,42,logistic_regression,618,130,0,0.4037182892852732,0,0.5
1,1,42,logistic_regression,619,320,0,0.44616520225281003,0,0.5
1,1,42,logistic_regression,625,92,0,0.42926106487048876,0,0.5
1,1,42,logistic_regression,634,478,0,0.42879417633379446,0,0.5
1,1,42,logistic_regression,637,493,0,0.533272396885157,1,0.5
1,1,42,logistic_regression,650,421,0,0.4823830173460011,0,0.5
1,1,42,logistic_regression,654,810,0,0.5917855079067346,1,0.5
1,1,42,logistic_regression,655,236,1,0.4091244803319798,0,0.5
1,1,42,logistic_regression,675,808,0,0.4956345234435482,0,0.5
1,1,42,logistic_regression,685,820,0,0.3390429071385643,0,0.5
1,1,42,logistic_regression,690,8,0,0.4198033953558382,0,0.5
1,1,42,logistic_regression,706,81,0,0.3953697309963191,0,0.5
1,1,42,logistic_regression,716,144,0,0.4522102250339636,0,0.5
1,1,42,logistic_regression,717,731,0,0.6771120104531884,1,0.5
1,1,42,logistic_regression,721,655,0,0.5134814004856929,1,0.5
1,1,42,logistic_regression,746,342,0,0.5794071828214779,1,0.5
1,1,42,logistic_regression,748,393,0,0.44417350470562306,0,0.5
1,1,42,logistic_regression,751,778,0,0.4561697672793559,0,0.5
1,1,42,logistic_regression,753,166,1,0.5403661211928804,1,0.5
1,1,42,logistic_regression,754,508,1,0.4598687194737962,0,0.5
1,1,42,logistic_regression,755,563,0,0.47672468515975513,0,0.5
1,1,42,logistic_regression,758,578,0,0.4149354305140708,0,0.5
1,1,42,logistic_regression,763,785,0,0.5462251291754706,1,0.5
1,1,42,logistic_regression,764,281,0,0.5217336705780313,1,0.5
1,1,42,logistic_regression,768,422,0,0.4232482118804939,0,0.5
1,1,42,logistic_regression,769,415,0,0.4329082999655946,0,0.5
1,1,42,logistic_regression,774,801,0,0.6898466195303266,1,0.5
1,1,42,logistic_regression,775,455,0,0.4646313597140394,0,0.5
1,1,42,logistic_regression,783,84,0,0.37550703880802916,0,0.5
1,1,42,logistic_regression,784,403,0,0.45909149217785905,0,0.5
1,1,42,logistic_regression,785,480,0,0.3962447357181695,0,0.5
1,1,42,logistic_regression,790,350,0,0.39657178886424876,0,0.5
1,1,42,logistic_regression,797,645,1,0.4806691808618323,0,0.5
1,1,42,logistic_regression,801,691,0,0.5531328844228193,1,0.5
1,1,42,logistic_regression,804,543,0,0.4966872679360356,0,0.5
1,1,42,logistic_regression,806,62,0,0.4536598806491357,0,0.5
1,1,42,logistic_regression,808,544,0,0.486096163156304,0,0.5
1,1,42,logistic_regression,811,48,0,0.4041240295776974,0,0.5
1,1,42,logistic_regression,813,163,0,0.4079817402298062,0,0.5
1,1,42,logistic_regression,819,2,0,0.42280066472182204,0,0.5
1,1,42,logistic_regression,824,720,0,0.3593194005312964,0,0.5
1,1,42,logistic_regression,825,794,0,0.46336385397814994,0,0.5
1,1,42,logistic_regression,826,650,0,0.48155358482299027,0,0.5
1,1,42,logistic_regression,829,666,0,0.5191493499092837,1,0.5
1,1,42,logistic_regression,831,777,0,0.6811783034132753,1,0.5
1,1,42,logistic_regression,840,346,0,0.48472498035010997,0,0.5
1,1,42,logistic_regression,849,620,0,0.3628292490438211,0,0.5
1,1,42,logistic_regression,856,635,0,0.3464124651950179,0,0.5
1,1,42,xgboost,1,7,0,0.13250596821308136,0,0.5
1,1,42,xgboost,12,812,0,0.07921034097671509,0,0.5
1,1,42,xgboost,14,798,0,0.24980679154396057,0,0.5
1,1,42,xgboost,18,792,0,0.11319803446531296,0,0.5
1,1,42,xgboost,29,745,0,0.17251107096672058,0,0.5
1,1,42,xgboost,31,771,0,0.30170273780822754,0,0.5
1,1,42,xgboost,35,737,0,0.21034134924411774,0,0.5
1,1,42,xgboost,36,760,0,0.5444152355194092,1,0.5
1,1,42,xgboost,42,724,0,0.8038950562477112,1,0.5
1,1,42,xgboost,44,740,1,0.6464157104492188,1,0.5
1,1,42,xgboost,48,780,0,0.41596096754074097,0,0.5
1,1,42,xgboost,53,695,0,0.48635634779930115,0,0.5
1,1,42,xgboost,62,679,0,0.08317580074071884,0,0.5
1,1,42,xgboost,63,629,0,0.5074800848960876,1,0.5
1,1,42,xgboost,72,664,0,0.23999033868312836,0,0.5
1,1,42,xgboost,79,684,0,0.3993379473686218,0,0.5
1,1,42,xgboost,80,630,0,0.2184484601020813,0,0.5
1,1,42,xgboost,84,713,0,0.5994435548782349,1,0.5
1,1,42,xgboost,86,718,0,0.15576817095279694,0,0.5
1,1,42,xgboost,93,631,1,0.17748674750328064,0,0.5
1,1,42,xgboost,94,637,0,0.32987064123153687,0,0.5
1,1,42,xgboost,105,674,0,0.6931769251823425,1,0.5
1,1,42,xgboost,126,588,0,0.5459145307540894,1,0.5
1,1,42,xgboost,127,520,0,0.17844286561012268,0,0.5
1,1,42,xgboost,130,492,0,0.1449323445558548,0,0.5
1,1,42,xgboost,132,565,0,0.2524679899215698,0,0.5
1,1,42,xgboost,143,480,0,0.4217487573623657,0,0.5
1,1,42,xgboost,144,558,0,0.3029043674468994,0,0.5
1,1,42,xgboost,153,423,0,0.23789362609386444,0,0.5
1,1,42,xgboost,154,457,0,0.28667134046554565,0,0.5
1,1,42,xgboost,163,509,1,0.1777278482913971,0,0.5
1,1,42,xgboost,164,546,0,0.37734222412109375,0,0.5
1,1,42,xgboost,169,108,0,0.2502170503139496,0,0.5
1,1,42,xgboost,172,522,0,0.6063197255134583,1,0.5
1,1,42,xgboost,179,548,0,0.46537190675735474,0,0.5
1,1,42,xgboost,183,491,0,0.6494148373603821,1,0.5
1,1,42,xgboost,186,404,0,0.7158383131027222,1,0.5
1,1,42,xgboost,200,443,0,0.5148444175720215,1,0.5
1,1,42,xgboost,201,441,0,0.41338497400283813,0,0.5
1,1,42,xgboost,213,500,0,0.13178245723247528,0,0.5
1,1,42,xgboost,223,278,0,0.14671923220157623,0,0.5
1,1,42,xgboost,224,351,1,0.8407355546951294,1,0.5
1,1,42,xgboost,238,536,0,0.09355716407299042,0,0.5
1,1,42,xgboost,239,497,0,0.17909574508666992,0,0.5
1,1,42,xgboost,242,555,0,0.09322051703929901,0,0.5
1,1,42,xgboost,249,270,0,0.3875649571418762,0,0.5
1,1,42,xgboost,250,379,0,0.5591822266578674,1,0.5
1,1,42,xgboost,254,390,0,0.33695855736732483,0,0.5
1,1,42,xgboost,255,379,0,0.5591822266578674,1,0.5
1,1,42,xgboost,256,366,0,0.22289060056209564,0,0.5
1,1,42,xgboost,261,227,0,0.4563097059726715,0,0.5
1,1,42,xgboost,268,305,0,0.2636776566505432,0,0.5
1,1,42,xgboost,270,211,0,0.5956607460975647,1,0.5
1,1,42,xgboost,276,241,0,0.5983851552009583,1,0.5
1,1,42,xgboost,277,168,0,0.45382174849510193,0,0.5
1,1,42,xgboost,280,303,0,0.22415988147258759,0,0.5
1,1,42,xgboost,284,252,0,0.4645264446735382,0,0.5
1,1,42,xgboost,288,300,0,0.14584293961524963,0,0.5
1,1,42,xgboost,290,204,0,0.2834915220737457,0,0.5
1,1,42,xgboost,300,301,0,0.2039887011051178,0,0.5
1,1,42,xgboost,306,436,0,0.25221705436706543,0,0.5
1,1,42,xgboost,307,287,0,0.18969684839248657,0,0.5
1,1,42,xgboost,314,215,1,0.6155750751495361,1,0.5
1,1,42,xgboost,315,189,0,0.35167375206947327,0,0.5
1,1,42,xgboost,324,654,0,0.21023549139499664,0,0.5
1,1,42,xgboost,326,217,0,0.5443052053451538,1,0.5
1,1,42,xgboost,328,197,0,0.47633466124534607,0,0.5
1,1,42,xgboost,334,229,0,0.6751117706298828,1,0.5
1,1,42,xgboost,340,148,0,0.47159165143966675,0,0.5
1,1,42,xgboost,353,223,0,0.40074899792671204,0,0.5
1,1,42,xgboost,359,733,0,0.16913765668869019,0,0.5
1,1,42,xgboost,361,199,0,0.6018427014350891,1,0.5
1,1,42,xgboost,372,242,0,0.29355666041374207,0,0.5
1,1,42,xgboost,376,786,0,0.17349284887313843,0,0.5
1,1,42,xgboost,385,234,0,0.4423925578594208,0,0.5
1,1,42,xgboost,387,266,0,0.5740721225738525,1,0.5
1,1,42,xgboost,388,185,0,0.3416564166545868,0,0.5
1,1,42,xgboost,393,142,0,0.42732924222946167,0,0.5
1,1,42,xgboost,397,137,0,0.23412954807281494,0,0.5
1,1,42,xgboost,414,186,0,0.4066757559776306,0,0.5
1,1,42,xgboost,417,158,0,0.5591259598731995,1,0.5
1,1,42,xgboost,418,47,0,0.5012081265449524,1,0.5
1,1,42,xgboost,430,153,0,0.5866739749908447,1,0.5
1,1,42,xgboost,436,39,0,0.09745234996080399,0,0.5
1,1,42,xgboost,438,195,0,0.7137435078620911,1,0.5
1,1,42,xgboost,440,7,0,0.13250596821308136,0,0.5
1,1,42,xgboost,444,80,0,0.2886446714401245,0,0.5
1,1,42,xgboost,448,65,0,0.27086877822875977,0,0.5
1,1,42,xgboost,454,7,0,0.13250596821308136,0,0.5
1,1,42,xgboost,456,24,0,0.13250596821308136,0,0.5
1,1,42,xgboost,462,68,0,0.31659987568855286,0,0.5
1,1,42,xgboost,466,7,0,0.13250596821308136,0,0.5
1,1,42,xgboost,475,154,0,0.38271215558052063,0,0.5
1,1,42,xgboost,477,751,0,0.6592501997947693,1,0.5
1,1,42,xgboost,480,575,0,0.07979351282119751,0,0.5
1,1,42,xgboost,491,122,0,0.5164196491241455,1,0.5
1,1,42,xgboost,499,614,0,0.36338260769844055,0,0.5
1,1,42,xgboost,502,369,0,0.2656569182872772,0,0.5
1,1,42,xgboost,506,711,0,0.5474611520767212,1,0.5
1,1,42,xgboost,511,38,0,0.20040230453014374,0,0.5
1,1,42,xgboost,515,603,0,0.325770765542984,0,0.5
1,1,42,xgboost,523,624,0,0.5838320255279541,1,0.5
1,1,42,xgboost,527,262,0,0.44855010509490967,0,0.5
1,1,42,xgboost,536,24,0,0.13250596821308136,0,0.5
1,1,42,xgboost,539,76,1,0.32289716601371765,0,0.5
1,1,42,xgboost,548,58,0,0.4268726110458374,0,0.5
1,1,42,xgboost,549,662,1,0.4110424220561981,0,0.5
1,1,42,xgboost,550,191,0,0.32302212715148926,0,0.5
1,1,42,xgboost,556,772,0,0.7967816591262817,1,0.5
1,1,42,xgboost,557,458,0,0.5777765512466431,1,0.5
1,1,42,xgboost,558,255,0,0.18980994820594788,0,0.5
1,1,42,xgboost,559,162,0,0.48411136865615845,0,0.5
1,1,42,xgboost,562,282,0,0.2977634370326996,0,0.5
1,1,42,xgboost,572,373,0,0.12344181537628174,0,0.5
1,1,42,xgboost,574,309,0,0.20494350790977478,0,0.5
1,1,42,xgboost,576,464,0,0.15372097492218018,0,0.5
1,1,42,xgboost,579,730,0,0.49941393733024597,0,0.5
1,1,42,xgboost,594,193,0,0.48549848794937134,0,0.5
1,1,42,xgboost,596,83,0,0.2886446714401245,0,0.5
1,1,42,xgboost,601,504,0,0.33820122480392456,0,0.5
1,1,42,xgboost,603,440,0,0.21987630426883698,0,0.5
1,1,42,xgboost,608,135,0,0.27741098403930664,0,0.5
1,1,42,xgboost,609,416,0,0.4322778582572937,0,0.5
1,1,42,xgboost,617,157,0,0.5184208154678345,1,0.5
1,1,42,xgboost,618,130,0,0.44977065920829773,0,0.5
1,1,42,xgboost,619,320,0,0.24223391711711884,0,0.5
1,1,42,xgboost,625,92,0,0.24128414690494537,0,0.5
1,1,42,xgboost,634,478,0,0.49945783615112305,0,0.5
1,1,42,xgboost,637,493,0,0.1365347057580948,0,0.5
1,1,42,xgboost,650,421,0,0.2186833620071411,0,0.5
1,1,42,xgboost,654,810,0,0.17178434133529663,0,0.5
1,1,42,xgboost,655,236,1,0.5754866600036621,1,0.5
1,1,42,xgboost,675,808,0,0.2999853789806366,0,0.5
1,1,42,xgboost,685,820,0,0.25455230474472046,0,0.5
1,1,42,xgboost,690,8,0,0.18333826959133148,0,0.5
1,1,42,xgboost,706,81,0,0.49192002415657043,0,0.5
1,1,42,xgboost,716,144,0,0.5750783681869507,1,0.5
1,1,42,xgboost,717,731,0,0.6175711154937744,1,0.5
1,1,42,xgboost,721,655,0,0.4196172058582306,0,0.5
1,1,42,xgboost,746,342,0,0.04659675434231758,0,0.5
1,1,42,xgboost,748,393,0,0.342884361743927,0,0.5
1,1,42,xgboost,751,778,0,0.4143337309360504,0,0.5
1,1,42,xgboost,753,166,1,0.7687989473342896,1,0.5
1,1,42,xgboost,754,508,1,0.6296290159225464,1,0.5
1,1,42,xgboost,755,563,0,0.40223023295402527,0,0.5
1,1,42,xgboost,758,578,0,0.45804521441459656,0,0.5
1,1,42,xgboost,763,785,0,0.11796277016401291,0,0.5
1,1,42,xgboost,764,281,0,0.11989879608154297,0,0.5
1,1,42,xgboost,768,422,0,0.30305740237236023,0,0.5
1,1,42,xgboost,769,415,0,0.2524048388004303,0,0.5
1,1,42,xgboost,774,801,0,0.203346386551857,0,0.5
1,1,42,xgboost,775,455,0,0.21707209944725037,0,0.5
1,1,42,xgboost,783,84,0,0.24253112077713013,0,0.5
1,1,42,xgboost,784,403,0,0.15352922677993774,0,0.5
1,1,42,xgboost,785,480,0,0.4217487573623657,0,0.5
1,1,42,xgboost,790,350,0,0.3490000069141388,0,0.5
1,1,42,xgboost,797,645,1,0.4970846176147461,0,0.5
1,1,42,xgboost,801,691,0,0.6104736924171448,1,0.5
1,1,42,xgboost,804,543,0,0.7521294951438904,1,0.5
1,1,42,xgboost,806,62,0,0.149752676486969,0,0.5
1,1,42,xgboost,808,544,0,0.3126668632030487,0,0.5
1,1,42,xgboost,811,48,0,0.3297848403453827,0,0.5
1,1,42,xgboost,813,163,0,0.6571595072746277,1,0.5
1,1,42,xgboost,819,2,0,0.15933792293071747,0,0.5
1,1,42,xgboost,824,720,0,0.23815029859542847,0,0.5
1,1,42,xgboost,825,794,0,0.28346046805381775,0,0.5
1,1,42,xgboost,826,650,0,0.7564243078231812,1,0.5
1,1,42,xgboost,829,666,0,0.27700355648994446,0,0.5
1,1,42,xgboost,831,777,0,0.6570509672164917,1,0.5
1,1,42,xgboost,840,346,0,0.20496012270450592,0,0.5
1,1,42,xgboost,849,620,0,0.15507660806179047,0,0.5
1,1,42,xgboost,856,635,0,0.22671371698379517,0,0.5
1,2,42,dummy_prior,3,825,0,0.0641399416909621,0,0.5
1,2,42,dummy_prior,4,816,0,0.0641399416909621,0,0.5
1,2,42,dummy_prior,5,796,0,0.0641399416909621,0,0.5
1,2,42,dummy_prior,8,809,0,0.0641399416909621,0,0.5
1,2,42,dummy_prior,23,767,1,0.0641399416909621,0,0.5
1,2,42,dummy_prior,24,774,0,0.0641399416909621,0,0.5
1,2,42,dummy_prior,30,782,0,0.0641399416909621,0,0.5
1,2,42,dummy_prior,41,732,1,0.0641399416909621,0,0.5
1,2,42,dummy_prior,49,739,0,0.0641399416909621,0,0.5
1,2,42,dummy_prior,55,789,0,0.0641399416909621,0,0.5
1,2,42,dummy_prior,56,702,0,0.0641399416909621,0,0.5
1,2,42,dummy_prior,58,683,0,0.0641399416909621,0,0.5
1,2,42,dummy_prior,76,675,0,0.0641399416909621,0,0.5
1,2,42,dummy_prior,81,593,0,0.0641399416909621,0,0.5
1,2,42,dummy_prior,87,703,0,0.0641399416909621,0,0.5
1,2,42,dummy_prior,90,707,0,0.0641399416909621,0,0.5
1,2,42,dummy_prior,92,649,0,0.0641399416909621,0,0.5
1,2,42,dummy_prior,97,678,0,0.0641399416909621,0,0.5
1,2,42,dummy_prior,107,653,0,0.0641399416909621,0,0.5
1,2,42,dummy_prior,110,619,0,0.0641399416909621,0,0.5
1,2,42,dummy_prior,116,597,0,0.0641399416909621,0,0.5
1,2,42,dummy_prior,131,581,1,0.0641399416909621,0,0.5
1,2,42,dummy_prior,134,568,0,0.0641399416909621,0,0.5
1,2,42,dummy_prior,155,507,0,0.0641399416909621,0,0.5
1,2,42,dummy_prior,157,545,0,0.0641399416909621,0,0.5
1,2,42,dummy_prior,171,418,0,0.0641399416909621,0,0.5
1,2,42,dummy_prior,178,472,0,0.0641399416909621,0,0.5
1,2,42,dummy_prior,181,462,0,0.0641399416909621,0,0.5
1,2,42,dummy_prior,182,392,0,0.0641399416909621,0,0.5
1,2,42,dummy_prior,185,488,1,0.0641399416909621,0,0.5
1,2,42,dummy_prior,191,527,0,0.0641399416909621,0,0.5
1,2,42,dummy_prior,208,470,0,0.0641399416909621,0,0.5
1,2,42,dummy_prior,212,431,0,0.0641399416909621,0,0.5
1,2,42,dummy_prior,218,503,0,0.0641399416909621,0,0.5
1,2,42,dummy_prior,222,552,0,0.0641399416909621,0,0.5
1,2,42,dummy_prior,226,409,0,0.0641399416909621,0,0.5
1,2,42,dummy_prior,236,343,0,0.0641399416909621,0,0.5
1,2,42,dummy_prior,241,354,0,0.0641399416909621,0,0.5
1,2,42,dummy_prior,248,381,0,0.0641399416909621,0,0.5
1,2,42,dummy_prior,259,329,0,0.0641399416909621,0,0.5
1,2,42,dummy_prior,264,259,1,0.0641399416909621,0,0.5
1,2,42,dummy_prior,267,265,0,0.0641399416909621,0,0.5
1,2,42,dummy_prior,274,349,0,0.0641399416909621,0,0.5
1,2,42,dummy_prior,283,389,0,0.0641399416909621,0,0.5
1,2,42,dummy_prior,289,419,0,0.0641399416909621,0,0.5
1,2,42,dummy_prior,291,289,0,0.0641399416909621,0,0.5
1,2,42,dummy_prior,296,358,0,0.0641399416909621,0,0.5
1,2,42,dummy_prior,297,220,0,0.0641399416909621,0,0.5
1,2,42,dummy_prior,298,333,0,0.0641399416909621,0,0.5
1,2,42,dummy_prior,299,319,0,0.0641399416909621,0,0.5
1,2,42,dummy_prior,302,323,0,0.0641399416909621,0,0.5
1,2,42,dummy_prior,303,386,0,0.0641399416909621,0,0.5
1,2,42,dummy_prior,304,331,0,0.0641399416909621,0,0.5
1,2,42,dummy_prior,313,370,0,0.0641399416909621,0,0.5
1,2,42,dummy_prior,321,269,0,0.0641399416909621,0,0.5
1,2,42,dummy_prior,323,268,0,0.0641399416909621,0,0.5
1,2,42,dummy_prior,335,525,1,0.0641399416909621,0,0.5
1,2,42,dummy_prior,336,251,0,0.0641399416909621,0,0.5
1,2,42,dummy_prior,337,818,0,0.0641399416909621,0,0.5
1,2,42,dummy_prior,343,159,0,0.0641399416909621,0,0.5
1,2,42,dummy_prior,347,131,0,0.0641399416909621,0,0.5
1,2,42,dummy_prior,363,72,0,0.0641399416909621,0,0.5
1,2,42,dummy_prior,368,203,0,0.0641399416909621,0,0.5
1,2,42,dummy_prior,371,367,0,0.0641399416909621,0,0.5
1,2,42,dummy_prior,374,243,0,0.0641399416909621,0,0.5
1,2,42,dummy_prior,375,249,0,0.0641399416909621,0,0.5
1,2,42,dummy_prior,382,400,0,0.0641399416909621,0,0.5
1,2,42,dummy_prior,389,49,0,0.0641399416909621,0,0.5
1,2,42,dummy_prior,398,115,0,0.0641399416909621,0,0.5
1,2,42,dummy_prior,404,88,0,0.0641399416909621,0,0.5
1,2,42,dummy_prior,405,61,0,0.0641399416909621,0,0.5
1,2,42,dummy_prior,406,49,0,0.0641399416909621,0,0.5
1,2,42,dummy_prior,407,57,0,0.0641399416909621,0,0.5
1,2,42,dummy_prior,408,60,0,0.0641399416909621,0,0.5
1,2,42,dummy_prior,411,49,0,0.0641399416909621,0,0.5
1,2,42,dummy_prior,416,70,0,0.0641399416909621,0,0.5
1,2,42,dummy_prior,420,97,0,0.0641399416909621,0,0.5
1,2,42,dummy_prior,425,35,0,0.0641399416909621,0,0.5
1,2,42,dummy_prior,428,29,0,0.0641399416909621,0,0.5
1,2,42,dummy_prior,431,70,0,0.0641399416909621,0,0.5
1,2,42,dummy_prior,433,28,0,0.0641399416909621,0,0.5
1,2,42,dummy_prior,439,112,0,0.0641399416909621,0,0.5
1,2,42,dummy_prior,449,75,0,0.0641399416909621,0,0.5
1,2,42,dummy_prior,451,32,0,0.0641399416909621,0,0.5
1,2,42,dummy_prior,452,46,0,0.0641399416909621,0,0.5
1,2,42,dummy_prior,458,35,0,0.0641399416909621,0,0.5
1,2,42,dummy_prior,460,5,0,0.0641399416909621,0,0.5
1,2,42,dummy_prior,461,19,0,0.0641399416909621,0,0.5
1,2,42,dummy_prior,465,43,0,0.0641399416909621,0,0.5
1,2,42,dummy_prior,469,16,0,0.0641399416909621,0,0.5
1,2,42,dummy_prior,472,682,1,0.0641399416909621,0,0.5
1,2,42,dummy_prior,473,787,0,0.0641399416909621,0,0.5
1,2,42,dummy_prior,478,534,0,0.0641399416909621,0,0.5
1,2,42,dummy_prior,481,608,0,0.0641399416909621,0,0.5
1,2,42,dummy_prior,482,757,0,0.0641399416909621,0,0.5
1,2,42,dummy_prior,488,337,0,0.0641399416909621,0,0.5
1,2,42,dummy_prior,498,663,0,0.0641399416909621,0,0.5
1,2,42,dummy_prior,510,17,0,0.0641399416909621,0,0.5
1,2,42,dummy_prior,517,514,0,0.0641399416909621,0,0.5
1,2,42,dummy_prior,518,362,0,0.0641399416909621,0,0.5
1,2,42,dummy_prior,521,791,0,0.0641399416909621,0,0.5
1,2,42,dummy_prior,522,37,0,0.0641399416909621,0,0.5
1,2,42,dummy_prior,525,46,0,0.0641399416909621,0,0.5
1,2,42,dummy_prior,529,652,0,0.0641399416909621,0,0.5
1,2,42,dummy_prior,533,425,0,0.0641399416909621,0,0.5
1,2,42,dummy_prior,535,275,0,0.0641399416909621,0,0.5
1,2,42,dummy_prior,538,361,0,0.0641399416909621,0,0.5
1,2,42,dummy_prior,541,474,0,0.0641399416909621,0,0.5
1,2,42,dummy_prior,543,40,0,0.0641399416909621,0,0.5
1,2,42,dummy_prior,545,532,0,0.0641399416909621,0,0.5
1,2,42,dummy_prior,547,385,0,0.0641399416909621,0,0.5
1,2,42,dummy_prior,553,636,0,0.0641399416909621,0,0.5
1,2,42,dummy_prior,554,20,0,0.0641399416909621,0,0.5
1,2,42,dummy_prior,555,435,0,0.0641399416909621,0,0.5
1,2,42,dummy_prior,560,748,0,0.0641399416909621,0,0.5
1,2,42,dummy_prior,561,208,0,0.0641399416909621,0,0.5
1,2,42,dummy_prior,563,712,0,0.0641399416909621,0,0.5
1,2,42,dummy_prior,565,335,0,0.0641399416909621,0,0.5
1,2,42,dummy_prior,566,456,0,0.0641399416909621,0,0.5
1,2,42,dummy_prior,583,315,0,0.0641399416909621,0,0.5
1,2,42,dummy_prior,587,687,0,0.0641399416909621,0,0.5
1,2,42,dummy_prior,595,248,0,0.0641399416909621,0,0.5
1,2,42,dummy_prior,610,230,1,0.0641399416909621,0,0.5
1,2,42,dummy_prior,612,225,0,0.0641399416909621,0,0.5
1,2,42,dummy_prior,613,299,0,0.0641399416909621,0,0.5
1,2,42,dummy_prior,616,376,0,0.0641399416909621,0,0.5
1,2,42,dummy_prior,620,363,0,0.0641399416909621,0,0.5
1,2,42,dummy_prior,629,336,0,0.0641399416909621,0,0.5
1,2,42,dummy_prior,642,512,0,0.0641399416909621,0,0.5
1,2,42,dummy_prior,643,21,0,0.0641399416909621,0,0.5
1,2,42,dummy_prior,652,826,0,0.0641399416909621,0,0.5
1,2,42,dummy_prior,661,326,0,0.0641399416909621,0,0.5
1,2,42,dummy_prior,665,205,0,0.0641399416909621,0,0.5
1,2,42,dummy_prior,668,830,0,0.0641399416909621,0,0.5
1,2,42,dummy_prior,671,824,1,0.0641399416909621,0,0.5
1,2,42,dummy_prior,680,821,0,0.0641399416909621,0,0.5
1,2,42,dummy_prior,681,793,0,0.0641399416909621,0,0.5
1,2,42,dummy_prior,682,827,0,0.0641399416909621,0,0.5
1,2,42,dummy_prior,683,762,0,0.0641399416909621,0,0.5
1,2,42,dummy_prior,696,138,0,0.0641399416909621,0,0.5
1,2,42,dummy_prior,697,91,0,0.0641399416909621,0,0.5
1,2,42,dummy_prior,699,111,0,0.0641399416909621,0,0.5
1,2,42,dummy_prior,700,479,0,0.0641399416909621,0,0.5
1,2,42,dummy_prior,702,439,0,0.0641399416909621,0,0.5
1,2,42,dummy_prior,707,231,0,0.0641399416909621,0,0.5
1,2,42,dummy_prior,710,449,0,0.0641399416909621,0,0.5
1,2,42,dummy_prior,718,246,0,0.0641399416909621,0,0.5
1,2,42,dummy_prior,722,325,0,0.0641399416909621,0,0.5
1,2,42,dummy_prior,725,214,0,0.0641399416909621,0,0.5
1,2,42,dummy_prior,726,530,0,0.0641399416909621,0,0.5
1,2,42,dummy_prior,728,623,0,0.0641399416909621,0,0.5
1,2,42,dummy_prior,729,327,0,0.0641399416909621,0,0.5
1,2,42,dummy_prior,731,291,0,0.0641399416909621,0,0.5
1,2,42,dummy_prior,732,417,0,0.0641399416909621,0,0.5
1,2,42,dummy_prior,736,725,0,0.0641399416909621,0,0.5
1,2,42,dummy_prior,737,177,0,0.0641399416909621,0,0.5
1,2,42,dummy_prior,739,495,1,0.0641399416909621,0,0.5
1,2,42,dummy_prior,744,66,0,0.0641399416909621,0,0.5
1,2,42,dummy_prior,772,113,0,0.0641399416909621,0,0.5
1,2,42,dummy_prior,779,656,0,0.0641399416909621,0,0.5
1,2,42,dummy_prior,781,642,1,0.0641399416909621,0,0.5
1,2,42,dummy_prior,794,175,0,0.0641399416909621,0,0.5
1,2,42,dummy_prior,816,233,0,0.0641399416909621,0,0.5
1,2,42,dummy_prior,821,602,0,0.0641399416909621,0,0.5
1,2,42,dummy_prior,827,688,0,0.0641399416909621,0,0.5
1,2,42,dummy_prior,839,601,0,0.0641399416909621,0,0.5
1,2,42,dummy_prior,841,297,0,0.0641399416909621,0,0.5
1,2,42,dummy_prior,843,567,0,0.0641399416909621,0,0.5
1,2,42,dummy_prior,844,444,0,0.0641399416909621,0,0.5
1,2,42,dummy_prior,847,574,0,0.0641399416909621,0,0.5
1,2,42,dummy_prior,848,598,0,0.0641399416909621,0,0.5
1,2,42,dummy_prior,852,800,0,0.0641399416909621,0,0.5
1,2,42,logistic_regression,3,825,0,0.7683265209359527,1,0.5
1,2,42,logistic_regression,4,816,0,0.6323879999261347,1,0.5
1,2,42,logistic_regression,5,796,0,0.40032960089451086,0,0.5
1,2,42,logistic_regression,8,809,0,0.41207758255547156,0,0.5
1,2,42,logistic_regression,23,767,1,0.6173115243429385,1,0.5
1,2,42,logistic_regression,24,774,0,0.4701699480301565,0,0.5
1,2,42,logistic_regression,30,782,0,0.7895071689566338,1,0.5
1,2,42,logistic_regression,41,732,1,0.6911173727174247,1,0.5
1,2,42,logistic_regression,49,739,0,0.42340626230704836,0,0.5
1,2,42,logistic_regression,55,789,0,0.6603099715541515,1,0.5
1,2,42,logistic_regression,56,702,0,0.4519599649710635,0,0.5
1,2,42,logistic_regression,58,683,0,0.4485083881217919,0,0.5
1,2,42,logistic_regression,76,675,0,0.5421187409566753,1,0.5
1,2,42,logistic_regression,81,593,0,0.5249782602374803,1,0.5
1,2,42,logistic_regression,87,703,0,0.5772353958117985,1,0.5
1,2,42,logistic_regression,90,707,0,0.4480978709034373,0,0.5
1,2,42,logistic_regression,92,649,0,0.6162951492881606,1,0.5
1,2,42,logistic_regression,97,678,0,0.4333609581208689,0,0.5
1,2,42,logistic_regression,107,653,0,0.44566761363169466,0,0.5
1,2,42,logistic_regression,110,619,0,0.53493816750852,1,0.5
1,2,42,logistic_regression,116,597,0,0.4260953394077117,0,0.5
1,2,42,logistic_regression,131,581,1,0.8053510428207709,1,0.5
1,2,42,logistic_regression,134,568,0,0.8547792288449697,1,0.5
1,2,42,logistic_regression,155,507,0,0.5701467264318097,1,0.5
1,2,42,logistic_regression,157,545,0,0.49243736611640043,0,0.5
1,2,42,logistic_regression,171,418,0,0.45210782343270367,0,0.5
1,2,42,logistic_regression,178,472,0,0.45329718784529577,0,0.5
1,2,42,logistic_regression,181,462,0,0.4123080918665188,0,0.5
1,2,42,logistic_regression,182,392,0,0.4426306525774872,0,0.5
1,2,42,logistic_regression,185,488,1,0.5536147072602482,1,0.5
1,2,42,logistic_regression,191,527,0,0.538647193332227,1,0.5
1,2,42,logistic_regression,208,470,0,0.43767362512895336,0,0.5
1,2,42,logistic_regression,212,431,0,0.7273559675670926,1,0.5
1,2,42,logistic_regression,218,503,0,0.45121379628550073,0,0.5
1,2,42,logistic_regression,222,552,0,0.23723906626075997,0,0.5
1,2,42,logistic_regression,226,409,0,0.41009416433087614,0,0.5
1,2,42,logistic_regression,236,343,0,0.7564804744158096,1,0.5
1,2,42,logistic_regression,241,354,0,0.5002659582950765,1,0.5
1,2,42,logistic_regression,248,381,0,0.5234158319674775,1,0.5
1,2,42,logistic_regression,259,329,0,0.6285688608127182,1,0.5
1,2,42,logistic_regression,264,259,1,0.5199550336961922,1,0.5
1,2,42,logistic_regression,267,265,0,0.4370524249002279,0,0.5
1,2,42,logistic_regression,274,349,0,0.4879459222942088,0,0.5
1,2,42,logistic_regression,283,389,0,0.47785539205641847,0,0.5
1,2,42,logistic_regression,289,419,0,0.4410357735494422,0,0.5
1,2,42,logistic_regression,291,289,0,0.4289697810356921,0,0.5
1,2,42,logistic_regression,296,358,0,0.42617703195561374,0,0.5
1,2,42,logistic_regression,297,220,0,0.4203548496372768,0,0.5
1,2,42,logistic_regression,298,333,0,0.4284812792050207,0,0.5
1,2,42,logistic_regression,299,319,0,0.4272663255668887,0,0.5
1,2,42,logistic_regression,302,323,0,0.5178535390203645,1,0.5
1,2,42,logistic_regression,303,386,0,0.4368176751571623,0,0.5
1,2,42,logistic_regression,304,331,0,0.42467502908357996,0,0.5
1,2,42,logistic_regression,313,370,0,0.4660864491715811,0,0.5
1,2,42,logistic_regression,321,269,0,0.41956158055796994,0,0.5
1,2,42,logistic_regression,323,268,0,0.4656517639509689,0,0.5
1,2,42,logistic_regression,335,525,1,0.43124171871250466,0,0.5
1,2,42,logistic_regression,336,251,0,0.5201088095567912,1,0.5
1,2,42,logistic_regression,337,818,0,0.7314960389752776,1,0.5
1,2,42,logistic_regression,343,159,0,0.40346195338643853,0,0.5
1,2,42,logistic_regression,347,131,0,0.4391577246847555,0,0.5
1,2,42,logistic_regression,363,72,0,0.42562353115011,0,0.5
1,2,42,logistic_regression,368,203,0,0.46689677905448973,0,0.5
1,2,42,logistic_regression,371,367,0,0.47402605011126175,0,0.5
1,2,42,logistic_regression,374,243,0,0.24846481920489855,0,0.5
1,2,42,logistic_regression,375,249,0,0.44137631995323784,0,0.5
1,2,42,logistic_regression,382,400,0,0.4397924542199342,0,0.5
1,2,42,logistic_regression,389,49,0,0.42057262624473574,0,0.5
1,2,42,logistic_regression,398,115,0,0.4372723262852343,0,0.5
1,2,42,logistic_regression,404,88,0,0.43705004964162414,0,0.5
1,2,42,logistic_regression,405,61,0,0.43212112262670926,0,0.5
1,2,42,logistic_regression,406,49,0,0.42057262624473574,0,0.5
1,2,42,logistic_regression,407,57,0,0.6872314180509076,1,0.5
1,2,42,logistic_regression,408,60,0,0.440906915549318,0,0.5
1,2,42,logistic_regression,411,49,0,0.42057262624473574,0,0.5
1,2,42,logistic_regression,416,70,0,0.4339294897489301,0,0.5
1,2,42,logistic_regression,420,97,0,0.4248037409704218,0,0.5
1,2,42,logistic_regression,425,35,0,0.4327705638298072,0,0.5
1,2,42,logistic_regression,428,29,0,0.39724417059046785,0,0.5
1,2,42,logistic_regression,431,70,0,0.4339294897489301,0,0.5
1,2,42,logistic_regression,433,28,0,0.4373072683385034,0,0.5
1,2,42,logistic_regression,439,112,0,0.4624990123694027,0,0.5
1,2,42,logistic_regression,449,75,0,0.43280779275402076,0,0.5
1,2,42,logistic_regression,451,32,0,0.424173038440778,0,0.5
1,2,42,logistic_regression,452,46,0,0.4262656357370761,0,0.5
1,2,42,logistic_regression,458,35,0,0.4327705638298072,0,0.5
1,2,42,logistic_regression,460,5,0,0.4402523621017225,0,0.5
1,2,42,logistic_regression,461,19,0,0.44556829302360873,0,0.5
1,2,42,logistic_regression,465,43,0,0.4320492458823415,0,0.5
1,2,42,logistic_regression,469,16,0,0.43364208874496896,0,0.5
1,2,42,logistic_regression,472,682,1,0.43314589049626073,0,0.5
1,2,42,logistic_regression,473,787,0,0.536919671078125,1,0.5
1,2,42,logistic_regression,478,534,0,0.47994697861867197,0,0.5
1,2,42,logistic_regression,481,608,0,0.41753281134550924,0,0.5
1,2,42,logistic_regression,482,757,0,0.5945836950545358,1,0.5
1,2,42,logistic_regression,488,337,0,0.5032205268603188,1,0.5
1,2,42,logistic_regression,498,663,0,0.6808890748329034,1,0.5
1,2,42,logistic_regression,510,17,0,0.45275708251727864,0,0.5
1,2,42,logistic_regression,517,514,0,0.48086674941512053,0,0.5
1,2,42,logistic_regression,518,362,0,0.4720621632658475,0,0.5
1,2,42,logistic_regression,521,791,0,0.4824666178818935,0,0.5
1,2,42,logistic_regression,522,37,0,0.3996568538865625,0,0.5
1,2,42,logistic_regression,525,46,0,0.4262656357370761,0,0.5
1,2,42,logistic_regression,529,652,0,0.5041640490688082,1,0.5
1,2,42,logistic_regression,533,425,0,0.41316842461482506,0,0.5
1,2,42,logistic_regression,535,275,0,0.42517245622865557,0,0.5
1,2,42,logistic_regression,538,361,0,0.4273626099562939,0,0.5
1,2,42,logistic_regression,541,474,0,0.4398298188148842,0,0.5
1,2,42,logistic_regression,543,40,0,0.4579559030251359,0,0.5
1,2,42,logistic_regression,545,532,0,0.490851019185084,0,0.5
1,2,42,logistic_regression,547,385,0,0.43376943773358134,0,0.5
1,2,42,logistic_regression,553,636,0,0.43862197683390164,0,0.5
1,2,42,logistic_regression,554,20,0,0.4642562003167637,0,0.5
1,2,42,logistic_regression,555,435,0,0.4382495170902605,0,0.5
1,2,42,logistic_regression,560,748,0,0.4876782295698526,0,0.5
1,2,42,logistic_regression,561,208,0,0.4278310565943614,0,0.5
1,2,42,logistic_regression,563,712,0,0.3882325951808443,0,0.5
1,2,42,logistic_regression,565,335,0,0.41453008423283955,0,0.5
1,2,42,logistic_regression,566,456,0,0.4352221314743366,0,0.5
1,2,42,logistic_regression,583,315,0,0.4297898344663791,0,0.5
1,2,42,logistic_regression,587,687,0,0.6438124401097718,1,0.5
1,2,42,logistic_regression,595,248,0,0.53128672002089,1,0.5
1,2,42,logistic_regression,610,230,1,0.4950961817662927,0,0.5
1,2,42,logistic_regression,612,225,0,0.40046770889800565,0,0.5
1,2,42,logistic_regression,613,299,0,0.3448227371753583,0,0.5
1,2,42,logistic_regression,616,376,0,0.4875922497482632,0,0.5
1,2,42,logistic_regression,620,363,0,0.43846984327426053,0,0.5
1,2,42,logistic_regression,629,336,0,0.512148186376756,1,0.5
1,2,42,logistic_regression,642,512,0,0.45849000198182793,0,0.5
1,2,42,logistic_regression,643,21,0,0.41449578757785055,0,0.5
1,2,42,logistic_regression,652,826,0,0.4865581874017226,0,0.5
1,2,42,logistic_regression,661,326,0,0.4407993592194105,0,0.5
1,2,42,logistic_regression,665,205,0,0.4958383591247722,0,0.5
1,2,42,logistic_regression,668,830,0,0.5590875618932557,1,0.5
1,2,42,logistic_regression,671,824,1,0.42420464294238586,0,0.5
1,2,42,logistic_regression,680,821,0,0.41598580504704263,0,0.5
1,2,42,logistic_regression,681,793,0,0.4804042680273871,0,0.5
1,2,42,logistic_regression,682,827,0,0.4941402877601987,0,0.5
1,2,42,logistic_regression,683,762,0,0.5332695536056946,1,0.5
1,2,42,logistic_regression,696,138,0,0.40599374122707044,0,0.5
1,2,42,logistic_regression,697,91,0,0.44749851405367524,0,0.5
1,2,42,logistic_regression,699,111,0,0.42985857566464564,0,0.5
1,2,42,logistic_regression,700,479,0,0.4199828931621793,0,0.5
1,2,42,logistic_regression,702,439,0,0.44662108097382436,0,0.5
1,2,42,logistic_regression,707,231,0,0.4261894560075163,0,0.5
1,2,42,logistic_regression,710,449,0,0.4670316423577549,0,0.5
1,2,42,logistic_regression,718,246,0,0.44052919393473505,0,0.5
1,2,42,logistic_regression,722,325,0,0.5889596264315948,1,0.5
1,2,42,logistic_regression,725,214,0,0.4874349179805276,0,0.5
1,2,42,logistic_regression,726,530,0,0.5794822031488914,1,0.5
1,2,42,logistic_regression,728,623,0,0.529879575368023,1,0.5
1,2,42,logistic_regression,729,327,0,0.44093275563880197,0,0.5
1,2,42,logistic_regression,731,291,0,0.4099587797466704,0,0.5
1,2,42,logistic_regression,732,417,0,0.4245910527941434,0,0.5
1,2,42,logistic_regression,736,725,0,0.45639264448078953,0,0.5
1,2,42,logistic_regression,737,177,0,0.4325511861571592,0,0.5
1,2,42,logistic_regression,739,495,1,0.6399955696229769,1,0.5
1,2,42,logistic_regression,744,66,0,0.4453587484472986,0,0.5
1,2,42,logistic_regression,772,113,0,0.46634401191488717,0,0.5
1,2,42,logistic_regression,779,656,0,0.5600902474216001,1,0.5
1,2,42,logistic_regression,781,642,1,0.4216247847749423,0,0.5
1,2,42,logistic_regression,794,175,0,0.42951001535219296,0,0.5
1,2,42,logistic_regression,816,233,0,0.4264103929592432,0,0.5
1,2,42,logistic_regression,821,602,0,0.45200297175754306,0,0.5
1,2,42,logistic_regression,827,688,0,0.4313665316465946,0,0.5
1,2,42,logistic_regression,839,601,0,0.44070452692317935,0,0.5
1,2,42,logistic_regression,841,297,0,0.42069663531748447,0,0.5
1,2,42,logistic_regression,843,567,0,0.46673492540699696,0,0.5
1,2,42,logistic_regression,844,444,0,0.6383302956526044,1,0.5
1,2,42,logistic_regression,847,574,0,0.4073810320863148,0,0.5
1,2,42,logistic_regression,848,598,0,0.4203324448527891,0,0.5
1,2,42,logistic_regression,852,800,0,0.4921177960571653,0,0.5
1,2,42,xgboost,3,825,0,0.924049973487854,1,0.5
1,2,42,xgboost,4,816,0,0.33374351263046265,0,0.5
1,2,42,xgboost,5,796,0,0.029569486156105995,0,0.5
1,2,42,xgboost,8,809,0,0.005651281680911779,0,0.5
1,2,42,xgboost,23,767,1,0.3989524841308594,0,0.5
1,2,42,xgboost,24,774,0,0.1706855446100235,0,0.5
1,2,42,xgboost,30,782,0,0.6081627011299133,1,0.5
1,2,42,xgboost,41,732,1,0.44655343890190125,0,0.5
1,2,42,xgboost,49,739,0,0.39052629470825195,0,0.5
1,2,42,xgboost,55,789,0,0.19165052473545074,0,0.5
1,2,42,xgboost,56,702,0,0.6466430425643921,1,0.5
1,2,42,xgboost,58,683,0,0.024829255416989326,0,0.5
1,2,42,xgboost,76,675,0,0.05803530663251877,0,0.5
1,2,42,xgboost,81,593,0,0.11508037149906158,0,0.5
1,2,42,xgboost,87,703,0,0.6886011958122253,1,0.5
1,2,42,xgboost,90,707,0,0.019691158086061478,0,0.5
1,2,42,xgboost,92,649,0,0.19410985708236694,0,0.5
1,2,42,xgboost,97,678,0,0.28423747420310974,0,0.5
1,2,42,xgboost,107,653,0,0.17268337309360504,0,0.5
1,2,42,xgboost,110,619,0,0.15251389145851135,0,0.5
1,2,42,xgboost,116,597,0,0.42479848861694336,0,0.5
1,2,42,xgboost,131,581,1,0.19041672348976135,0,0.5
1,2,42,xgboost,134,568,0,0.17042756080627441,0,0.5
1,2,42,xgboost,155,507,0,0.34900006651878357,0,0.5
1,2,42,xgboost,157,545,0,0.18429593741893768,0,0.5
1,2,42,xgboost,171,418,0,0.1534194052219391,0,0.5
1,2,42,xgboost,178,472,0,0.5833483934402466,1,0.5
1,2,42,xgboost,181,462,0,0.21708133816719055,0,0.5
1,2,42,xgboost,182,392,0,0.7501304149627686,1,0.5
1,2,42,xgboost,185,488,1,0.14329838752746582,0,0.5
1,2,42,xgboost,191,527,0,0.13271881639957428,0,0.5
1,2,42,xgboost,208,470,0,0.24652279913425446,0,0.5
1,2,42,xgboost,212,431,0,0.5904099345207214,1,0.5
1,2,42,xgboost,218,503,0,0.6770870089530945,1,0.5
1,2,42,xgboost,222,552,0,0.7528468370437622,1,0.5
1,2,42,xgboost,226,409,0,0.14361262321472168,0,0.5
1,2,42,xgboost,236,343,0,0.25415462255477905,0,0.5
1,2,42,xgboost,241,354,0,0.04235786572098732,0,0.5
1,2,42,xgboost,248,381,0,0.061099823564291,0,0.5
1,2,42,xgboost,259,329,0,0.08979345858097076,0,0.5
1,2,42,xgboost,264,259,1,0.1228613331913948,0,0.5
1,2,42,xgboost,267,265,0,0.5519717335700989,1,0.5
1,2,42,xgboost,274,349,0,0.040058065205812454,0,0.5
1,2,42,xgboost,283,389,0,0.4396989047527313,0,0.5
1,2,42,xgboost,289,419,0,0.19501455128192902,0,0.5
1,2,42,xgboost,291,289,0,0.2817344069480896,0,0.5
1,2,42,xgboost,296,358,0,0.44021424651145935,0,0.5
1,2,42,xgboost,297,220,0,0.4104604125022888,0,0.5
1,2,42,xgboost,298,333,0,0.24522864818572998,0,0.5
1,2,42,xgboost,299,319,0,0.16266553103923798,0,0.5
1,2,42,xgboost,302,323,0,0.11074455827474594,0,0.5
1,2,42,xgboost,303,386,0,0.4387892484664917,0,0.5
1,2,42,xgboost,304,331,0,0.10631807893514633,0,0.5
1,2,42,xgboost,313,370,0,0.44872158765792847,0,0.5
1,2,42,xgboost,321,269,0,0.210659921169281,0,0.5
1,2,42,xgboost,323,268,0,0.24613189697265625,0,0.5
1,2,42,xgboost,335,525,1,0.4020373821258545,0,0.5
1,2,42,xgboost,336,251,0,0.43185174465179443,0,0.5
1,2,42,xgboost,337,818,0,0.41548842191696167,0,0.5
1,2,42,xgboost,343,159,0,0.3011181354522705,0,0.5
1,2,42,xgboost,347,131,0,0.3453272581100464,0,0.5
1,2,42,xgboost,363,72,0,0.5402749180793762,1,0.5
1,2,42,xgboost,368,203,0,0.21543088555335999,0,0.5
1,2,42,xgboost,371,367,0,0.2671436667442322,0,0.5
1,2,42,xgboost,374,243,0,0.21977026760578156,0,0.5
1,2,42,xgboost,375,249,0,0.3798273205757141,0,0.5
1,2,42,xgboost,382,400,0,0.3536755442619324,0,0.5
1,2,42,xgboost,389,49,0,0.29347530007362366,0,0.5
1,2,42,xgboost,398,115,0,0.1882995367050171,0,0.5
1,2,42,xgboost,404,88,0,0.45014476776123047,0,0.5
1,2,42,xgboost,405,61,0,0.15314631164073944,0,0.5
1,2,42,xgboost,406,49,0,0.29347530007362366,0,0.5
1,2,42,xgboost,407,57,0,0.2892610430717468,0,0.5
1,2,42,xgboost,408,60,0,0.22678111493587494,0,0.5
1,2,42,xgboost,411,49,0,0.29347530007362366,0,0.5
1,2,42,xgboost,416,70,0,0.15669307112693787,0,0.5
1,2,42,xgboost,420,97,0,0.36300480365753174,0,0.5
1,2,42,xgboost,425,35,0,0.2744291126728058,0,0.5
1,2,42,xgboost,428,29,0,0.14422525465488434,0,0.5
1,2,42,xgboost,431,70,0,0.15669307112693787,0,0.5
1,2,42,xgboost,433,28,0,0.26093026995658875,0,0.5
1,2,42,xgboost,439,112,0,0.08092828840017319,0,0.5
1,2,42,xgboost,449,75,0,0.25784361362457275,0,0.5
1,2,42,xgboost,451,32,0,0.11977404356002808,0,0.5
1,2,42,xgboost,452,46,0,0.2964823544025421,0,0.5
1,2,42,xgboost,458,35,0,0.2744291126728058,0,0.5
1,2,42,xgboost,460,5,0,0.06629440933465958,0,0.5
1,2,42,xgboost,461,19,0,0.14578770101070404,0,0.5
1,2,42,xgboost,465,43,0,0.24327944219112396,0,0.5
1,2,42,xgboost,469,16,0,0.22923782467842102,0,0.5
1,2,42,xgboost,472,682,1,0.22013135254383087,0,0.5
1,2,42,xgboost,473,787,0,0.02116715908050537,0,0.5
1,2,42,xgboost,478,534,0,0.12333348393440247,0,0.5
1,2,42,xgboost,481,608,0,0.17747914791107178,0,0.5
1,2,42,xgboost,482,757,0,0.2157437652349472,0,0.5
1,2,42,xgboost,488,337,0,0.2629843056201935,0,0.5
1,2,42,xgboost,498,663,0,0.18497897684574127,0,0.5
1,2,42,xgboost,510,17,0,0.04450615495443344,0,0.5
1,2,42,xgboost,517,514,0,0.34445619583129883,0,0.5
1,2,42,xgboost,518,362,0,0.12799642980098724,0,0.5
1,2,42,xgboost,521,791,0,0.07118869572877884,0,0.5
1,2,42,xgboost,522,37,0,0.1063849925994873,0,0.5
1,2,42,xgboost,525,46,0,0.2964823544025421,0,0.5
1,2,42,xgboost,529,652,0,0.23153920471668243,0,0.5
1,2,42,xgboost,533,425,0,0.20316223800182343,0,0.5
1,2,42,xgboost,535,275,0,0.6173380613327026,1,0.5
1,2,42,xgboost,538,361,0,0.48424360156059265,0,0.5
1,2,42,xgboost,541,474,0,0.3395306468009949,0,0.5
1,2,42,xgboost,543,40,0,0.045355264097452164,0,0.5
1,2,42,xgboost,545,532,0,0.4458272159099579,0,0.5
1,2,42,xgboost,547,385,0,0.2929503321647644,0,0.5
1,2,42,xgboost,553,636,0,0.5086329579353333,1,0.5
1,2,42,xgboost,554,20,0,0.11740387231111526,0,0.5
1,2,42,xgboost,555,435,0,0.736717164516449,1,0.5
1,2,42,xgboost,560,748,0,0.07618661224842072,0,0.5
1,2,42,xgboost,561,208,0,0.554725170135498,1,0.5
1,2,42,xgboost,563,712,0,0.1588868945837021,0,0.5
1,2,42,xgboost,565,335,0,0.1362823098897934,0,0.5
1,2,42,xgboost,566,456,0,0.2989412844181061,0,0.5
1,2,42,xgboost,583,315,0,0.2750634253025055,0,0.5
1,2,42,xgboost,587,687,0,0.10066261887550354,0,0.5
1,2,42,xgboost,595,248,0,0.19498319923877716,0,0.5
1,2,42,xgboost,610,230,1,0.6220210790634155,1,0.5
1,2,42,xgboost,612,225,0,0.5146926641464233,1,0.5
1,2,42,xgboost,613,299,0,0.08859498798847198,0,0.5
1,2,42,xgboost,616,376,0,0.07448411732912064,0,0.5
1,2,42,xgboost,620,363,0,0.19503891468048096,0,0.5
1,2,42,xgboost,629,336,0,0.38159024715423584,0,0.5
1,2,42,xgboost,642,512,0,0.7884987592697144,1,0.5
1,2,42,xgboost,643,21,0,0.034585874527692795,0,0.5
1,2,42,xgboost,652,826,0,0.2118537724018097,0,0.5
1,2,42,xgboost,661,326,0,0.3077899217605591,0,0.5
1,2,42,xgboost,665,205,0,0.206324502825737,0,0.5
1,2,42,xgboost,668,830,0,0.14345423877239227,0,0.5
1,2,42,xgboost,671,824,1,0.4793218672275543,0,0.5
1,2,42,xgboost,680,821,0,0.5841678977012634,1,0.5
1,2,42,xgboost,681,793,0,0.06939737498760223,0,0.5
1,2,42,xgboost,682,827,0,0.2576240301132202,0,0.5
1,2,42,xgboost,683,762,0,0.12027112394571304,0,0.5
1,2,42,xgboost,696,138,0,0.29120779037475586,0,0.5
1,2,42,xgboost,697,91,0,0.2497997134923935,0,0.5
1,2,42,xgboost,699,111,0,0.0855131447315216,0,0.5
1,2,42,xgboost,700,479,0,0.5917611122131348,1,0.5
1,2,42,xgboost,702,439,0,0.29933422803878784,0,0.5
1,2,42,xgboost,707,231,0,0.489685595035553,0,0.5
1,2,42,xgboost,710,449,0,0.3804199993610382,0,0.5
1,2,42,xgboost,718,246,0,0.6412099599838257,1,0.5
1,2,42,xgboost,722,325,0,0.14702224731445312,0,0.5
1,2,42,xgboost,725,214,0,0.5079558491706848,1,0.5
1,2,42,xgboost,726,530,0,0.45779985189437866,0,0.5
1,2,42,xgboost,728,623,0,0.036025259643793106,0,0.5
1,2,42,xgboost,729,327,0,0.04723100736737251,0,0.5
1,2,42,xgboost,731,291,0,0.08659886568784714,0,0.5
1,2,42,xgboost,732,417,0,0.33861038088798523,0,0.5
1,2,42,xgboost,736,725,0,0.22730235755443573,0,0.5
1,2,42,xgboost,737,177,0,0.3446303904056549,0,0.5
1,2,42,xgboost,739,495,1,0.6773905754089355,1,0.5
1,2,42,xgboost,744,66,0,0.12716670334339142,0,0.5
1,2,42,xgboost,772,113,0,0.02469799481332302,0,0.5
1,2,42,xgboost,779,656,0,0.6135641932487488,1,0.5
1,2,42,xgboost,781,642,1,0.3509741723537445,0,0.5
1,2,42,xgboost,794,175,0,0.22702504694461823,0,0.5
1,2,42,xgboost,816,233,0,0.3249724805355072,0,0.5
1,2,42,xgboost,821,602,0,0.049619078636169434,0,0.5
1,2,42,xgboost,827,688,0,0.26489758491516113,0,0.5
1,2,42,xgboost,839,601,0,0.3005184829235077,0,0.5
1,2,42,xgboost,841,297,0,0.14406026899814606,0,0.5
1,2,42,xgboost,843,567,0,0.26473915576934814,0,0.5
1,2,42,xgboost,844,444,0,0.034821491688489914,0,0.5
1,2,42,xgboost,847,574,0,0.07042563706636429,0,0.5
1,2,42,xgboost,848,598,0,0.19914798438549042,0,0.5
1,2,42,xgboost,852,800,0,0.14185577630996704,0,0.5
1,3,42,dummy_prior,0,109,0,0.0641399416909621,0,0.5
1,3,42,dummy_prior,2,660,0,0.0641399416909621,0,0.5
1,3,42,dummy_prior,10,807,0,0.0641399416909621,0,0.5
1,3,42,dummy_prior,19,773,0,0.0641399416909621,0,0.5
1,3,42,dummy_prior,21,783,0,0.0641399416909621,0,0.5
1,3,42,dummy_prior,25,805,0,0.0641399416909621,0,0.5
1,3,42,dummy_prior,26,765,0,0.0641399416909621,0,0.5
1,3,42,dummy_prior,32,738,0,0.0641399416909621,0,0.5
1,3,42,dummy_prior,33,734,0,0.0641399416909621,0,0.5
1,3,42,dummy_prior,45,709,0,0.0641399416909621,0,0.5
1,3,42,dummy_prior,51,715,0,0.0641399416909621,0,0.5
1,3,42,dummy_prior,52,729,0,0.0641399416909621,0,0.5
1,3,42,dummy_prior,61,697,0,0.0641399416909621,0,0.5
1,3,42,dummy_prior,65,736,0,0.0641399416909621,0,0.5
1,3,42,dummy_prior,68,696,0,0.0641399416909621,0,0.5
1,3,42,dummy_prior,70,727,0,0.0641399416909621,0,0.5
1,3,42,dummy_prior,85,657,0,0.0641399416909621,0,0.5
1,3,42,dummy_prior,99,641,0,0.0641399416909621,0,0.5
1,3,42,dummy_prior,104,633,0,0.0641399416909621,0,0.5
1,3,42,dummy_prior,108,611,0,0.0641399416909621,0,0.5
1,3,42,dummy_prior,112,573,0,0.0641399416909621,0,0.5
1,3,42,dummy_prior,114,667,0,0.0641399416909621,0,0.5
1,3,42,dummy_prior,115,665,0,0.0641399416909621,0,0.5
1,3,42,dummy_prior,125,596,0,0.0641399416909621,0,0.5
1,3,42,dummy_prior,135,465,0,0.0641399416909621,0,0.5
1,3,42,dummy_prior,139,556,0,0.0641399416909621,0,0.5
1,3,42,dummy_prior,142,591,0,0.0641399416909621,0,0.5
1,3,42,dummy_prior,147,533,0,0.0641399416909621,0,0.5
1,3,42,dummy_prior,148,643,0,0.0641399416909621,0,0.5
1,3,42,dummy_prior,150,489,0,0.0641399416909621,0,0.5
1,3,42,dummy_prior,151,551,0,0.0641399416909621,0,0.5
1,3,42,dummy_prior,158,617,0,0.0641399416909621,0,0.5
1,3,42,dummy_prior,160,484,0,0.0641399416909621,0,0.5
1,3,42,dummy_prior,165,572,0,0.0641399416909621,0,0.5
1,3,42,dummy_prior,184,411,0,0.0641399416909621,0,0.5
1,3,42,dummy_prior,188,475,0,0.0641399416909621,0,0.5
1,3,42,dummy_prior,189,380,0,0.0641399416909621,0,0.5
1,3,42,dummy_prior,198,447,0,0.0641399416909621,0,0.5
1,3,42,dummy_prior,203,494,1,0.0641399416909621,0,0.5
1,3,42,dummy_prior,214,550,1,0.0641399416909621,0,0.5
1,3,42,dummy_prior,225,511,0,0.0641399416909621,0,0.5
1,3,42,dummy_prior,228,585,0,0.0641399416909621,0,0.5
1,3,42,dummy_prior,231,432,0,0.0641399416909621,0,0.5
1,3,42,dummy_prior,232,316,0,0.0641399416909621,0,0.5
1,3,42,dummy_prior,237,347,0,0.0641399416909621,0,0.5
1,3,42,dummy_prior,244,391,0,0.0641399416909621,0,0.5
1,3,42,dummy_prior,245,253,0,0.0641399416909621,0,0.5
1,3,42,dummy_prior,247,292,0,0.0641399416909621,0,0.5
1,3,42,dummy_prior,251,284,0,0.0641399416909621,0,0.5
1,3,42,dummy_prior,252,344,0,0.0641399416909621,0,0.5
1,3,42,dummy_prior,258,245,0,0.0641399416909621,0,0.5
1,3,42,dummy_prior,260,485,0,0.0641399416909621,0,0.5
1,3,42,dummy_prior,262,295,0,0.0641399416909621,0,0.5
1,3,42,dummy_prior,266,232,0,0.0641399416909621,0,0.5
1,3,42,dummy_prior,272,330,0,0.0641399416909621,0,0.5
1,3,42,dummy_prior,275,237,0,0.0641399416909621,0,0.5
1,3,42,dummy_prior,281,238,0,0.0641399416909621,0,0.5
1,3,42,dummy_prior,286,240,0,0.0641399416909621,0,0.5
1,3,42,dummy_prior,287,272,0,0.0641399416909621,0,0.5
1,3,42,dummy_prior,293,221,0,0.0641399416909621,0,0.5
1,3,42,dummy_prior,295,283,0,0.0641399416909621,0,0.5
1,3,42,dummy_prior,312,313,0,0.0641399416909621,0,0.5
1,3,42,dummy_prior,333,274,0,0.0641399416909621,0,0.5
1,3,42,dummy_prior,338,200,0,0.0641399416909621,0,0.5
1,3,42,dummy_prior,344,79,0,0.0641399416909621,0,0.5
1,3,42,dummy_prior,356,79,0,0.0641399416909621,0,0.5
1,3,42,dummy_prior,357,258,0,0.0641399416909621,0,0.5
1,3,42,dummy_prior,360,339,0,0.0641399416909621,0,0.5
1,3,42,dummy_prior,367,127,0,0.0641399416909621,0,0.5
1,3,42,dummy_prior,377,172,1,0.0641399416909621,0,0.5
1,3,42,dummy_prior,378,86,0,0.0641399416909621,0,0.5
1,3,42,dummy_prior,380,103,0,0.0641399416909621,0,0.5
1,3,42,dummy_prior,384,78,0,0.0641399416909621,0,0.5
1,3,42,dummy_prior,386,90,0,0.0641399416909621,0,0.5
1,3,42,dummy_prior,390,179,0,0.0641399416909621,0,0.5
1,3,42,dummy_prior,392,120,0,0.0641399416909621,0,0.5
1,3,42,dummy_prior,396,100,0,0.0641399416909621,0,0.5
1,3,42,dummy_prior,402,102,0,0.0641399416909621,0,0.5
1,3,42,dummy_prior,403,64,0,0.0641399416909621,0,0.5
1,3,42,dummy_prior,413,698,0,0.0641399416909621,0,0.5
1,3,42,dummy_prior,421,433,1,0.0641399416909621,0,0.5
1,3,42,dummy_prior,423,51,0,0.0641399416909621,0,0.5
1,3,42,dummy_prior,429,73,0,0.0641399416909621,0,0.5
1,3,42,dummy_prior,432,600,0,0.0641399416909621,0,0.5
1,3,42,dummy_prior,437,26,0,0.0641399416909621,0,0.5
1,3,42,dummy_prior,441,9,0,0.0641399416909621,0,0.5
1,3,42,dummy_prior,442,26,0,0.0641399416909621,0,0.5
1,3,42,dummy_prior,450,34,0,0.0641399416909621,0,0.5
1,3,42,dummy_prior,463,1,0,0.0641399416909621,0,0.5
1,3,42,dummy_prior,464,25,0,0.0641399416909621,0,0.5
1,3,42,dummy_prior,479,482,0,0.0641399416909621,0,0.5
1,3,42,dummy_prior,484,371,0,0.0641399416909621,0,0.5
1,3,42,dummy_prior,485,286,0,0.0641399416909621,0,0.5
1,3,42,dummy_prior,489,151,0,0.0641399416909621,0,0.5
1,3,42,dummy_prior,493,86,0,0.0641399416909621,0,0.5
1,3,42,dummy_prior,496,451,1,0.0641399416909621,0,0.5
1,3,42,dummy_prior,505,306,0,0.0641399416909621,0,0.5
1,3,42,dummy_prior,509,384,0,0.0641399416909621,0,0.5
1,3,42,dummy_prior,512,671,0,0.0641399416909621,0,0.5
1,3,42,dummy_prior,519,123,0,0.0641399416909621,0,0.5
1,3,42,dummy_prior,526,469,0,0.0641399416909621,0,0.5
1,3,42,dummy_prior,532,364,0,0.0641399416909621,0,0.5
1,3,42,dummy_prior,540,188,0,0.0641399416909621,0,0.5
1,3,42,dummy_prior,544,50,0,0.0641399416909621,0,0.5
1,3,42,dummy_prior,569,802,0,0.0641399416909621,0,0.5
1,3,42,dummy_prior,577,196,0,0.0641399416909621,0,0.5
1,3,42,dummy_prior,582,198,0,0.0641399416909621,0,0.5
1,3,42,dummy_prior,584,562,0,0.0641399416909621,0,0.5
1,3,42,dummy_prior,589,784,0,0.0641399416909621,0,0.5
1,3,42,dummy_prior,592,321,0,0.0641399416909621,0,0.5
1,3,42,dummy_prior,593,13,0,0.0641399416909621,0,0.5
1,3,42,dummy_prior,602,670,0,0.0641399416909621,0,0.5
1,3,42,dummy_prior,605,183,0,0.0641399416909621,0,0.5
1,3,42,dummy_prior,615,706,0,0.0641399416909621,0,0.5
1,3,42,dummy_prior,622,710,0,0.0641399416909621,0,0.5
1,3,42,dummy_prior,626,622,0,0.0641399416909621,0,0.5
1,3,42,dummy_prior,628,779,0,0.0641399416909621,0,0.5
1,3,42,dummy_prior,630,424,0,0.0641399416909621,0,0.5
1,3,42,dummy_prior,631,187,0,0.0641399416909621,0,0.5
1,3,42,dummy_prior,638,221,0,0.0641399416909621,0,0.5
1,3,42,dummy_prior,641,761,0,0.0641399416909621,0,0.5
1,3,42,dummy_prior,645,471,0,0.0641399416909621,0,0.5
1,3,42,dummy_prior,656,294,0,0.0641399416909621,0,0.5
1,3,42,dummy_prior,657,260,0,0.0641399416909621,0,0.5
1,3,42,dummy_prior,664,756,1,0.0641399416909621,0,0.5
1,3,42,dummy_prior,670,817,1,0.0641399416909621,0,0.5
1,3,42,dummy_prior,674,795,0,0.0641399416909621,0,0.5
1,3,42,dummy_prior,676,828,0,0.0641399416909621,0,0.5
1,3,42,dummy_prior,678,609,0,0.0641399416909621,0,0.5
1,3,42,dummy_prior,686,704,1,0.0641399416909621,0,0.5
1,3,42,dummy_prior,687,638,1,0.0641399416909621,0,0.5
1,3,42,dummy_prior,688,510,1,0.0641399416909621,0,0.5
1,3,42,dummy_prior,692,74,0,0.0641399416909621,0,0.5
1,3,42,dummy_prior,694,486,0,0.0641399416909621,0,0.5
1,3,42,dummy_prior,701,524,0,0.0641399416909621,0,0.5
1,3,42,dummy_prior,703,42,0,0.0641399416909621,0,0.5
1,3,42,dummy_prior,705,806,0,0.0641399416909621,0,0.5
1,3,42,dummy_prior,713,31,0,0.0641399416909621,0,0.5
1,3,42,dummy_prior,714,521,0,0.0641399416909621,0,0.5
1,3,42,dummy_prior,715,13,0,0.0641399416909621,0,0.5
1,3,42,dummy_prior,719,769,0,0.0641399416909621,0,0.5
1,3,42,dummy_prior,723,124,0,0.0641399416909621,0,0.5
1,3,42,dummy_prior,733,587,0,0.0641399416909621,0,0.5
1,3,42,dummy_prior,735,6,0,0.0641399416909621,0,0.5
1,3,42,dummy_prior,745,30,0,0.0641399416909621,0,0.5
1,3,42,dummy_prior,747,218,0,0.0641399416909621,0,0.5
1,3,42,dummy_prior,749,541,0,0.0641399416909621,0,0.5
1,3,42,dummy_prior,750,99,0,0.0641399416909621,0,0.5
1,3,42,dummy_prior,756,395,0,0.0641399416909621,0,0.5
1,3,42,dummy_prior,760,44,0,0.0641399416909621,0,0.5
1,3,42,dummy_prior,766,206,0,0.0641399416909621,0,0.5
1,3,42,dummy_prior,767,12,0,0.0641399416909621,0,0.5
1,3,42,dummy_prior,770,357,0,0.0641399416909621,0,0.5
1,3,42,dummy_prior,776,45,0,0.0641399416909621,0,0.5
1,3,42,dummy_prior,778,136,0,0.0641399416909621,0,0.5
1,3,42,dummy_prior,780,110,0,0.0641399416909621,0,0.5
1,3,42,dummy_prior,786,401,1,0.0641399416909621,0,0.5
1,3,42,dummy_prior,787,256,0,0.0641399416909621,0,0.5
1,3,42,dummy_prior,792,314,0,0.0641399416909621,0,0.5
1,3,42,dummy_prior,798,396,0,0.0641399416909621,0,0.5
1,3,42,dummy_prior,799,141,0,0.0641399416909621,0,0.5
1,3,42,dummy_prior,805,668,0,0.0641399416909621,0,0.5
1,3,42,dummy_prior,809,519,0,0.0641399416909621,0,0.5
1,3,42,dummy_prior,810,116,0,0.0641399416909621,0,0.5
1,3,42,dummy_prior,812,4,0,0.0641399416909621,0,0.5
1,3,42,dummy_prior,817,516,0,0.0641399416909621,0,0.5
1,3,42,dummy_prior,818,700,0,0.0641399416909621,0,0.5
1,3,42,dummy_prior,820,352,0,0.0641399416909621,0,0.5
1,3,42,dummy_prior,838,694,0,0.0641399416909621,0,0.5
1,3,42,dummy_prior,845,132,0,0.0641399416909621,0,0.5
1,3,42,dummy_prior,853,672,0,0.0641399416909621,0,0.5
1,3,42,dummy_prior,857,526,0,0.0641399416909621,0,0.5
1,3,42,logistic_regression,0,109,0,0.48901339485737744,0,0.5
1,3,42,logistic_regression,2,660,0,0.43254672725547005,0,0.5
1,3,42,logistic_regression,10,807,0,0.30003228388878805,0,0.5
1,3,42,logistic_regression,19,773,0,0.5789007263152914,1,0.5
1,3,42,logistic_regression,21,783,0,0.0008908630666523297,0,0.5
1,3,42,logistic_regression,25,805,0,0.3582900601887268,0,0.5
1,3,42,logistic_regression,26,765,0,0.5354162326410714,1,0.5
1,3,42,logistic_regression,32,738,0,0.0004794822049979038,0,0.5
1,3,42,logistic_regression,33,734,0,0.40303642101403875,0,0.5
1,3,42,logistic_regression,45,709,0,0.4703782017655509,0,0.5
1,3,42,logistic_regression,51,715,0,0.4090625818373044,0,0.5
1,3,42,logistic_regression,52,729,0,0.2501414304378479,0,0.5
1,3,42,logistic_regression,61,697,0,0.4943384565648921,0,0.5
1,3,42,logistic_regression,65,736,0,0.567472321210975,1,0.5
1,3,42,logistic_regression,68,696,0,0.9204161021782216,1,0.5
1,3,42,logistic_regression,70,727,0,0.7169937156321292,1,0.5
1,3,42,logistic_regression,85,657,0,0.40989453931090114,0,0.5
1,3,42,logistic_regression,99,641,0,0.5580048988929737,1,0.5
1,3,42,logistic_regression,104,633,0,0.6021470040668394,1,0.5
1,3,42,logistic_regression,108,611,0,0.5975175729784532,1,0.5
1,3,42,logistic_regression,112,573,0,0.8853625575997109,1,0.5
1,3,42,logistic_regression,114,667,0,0.27883788547694455,0,0.5
1,3,42,logistic_regression,115,665,0,0.711201491222718,1,0.5
1,3,42,logistic_regression,125,596,0,0.4259973066552334,0,0.5
1,3,42,logistic_regression,135,465,0,0.6795601969165015,1,0.5
1,3,42,logistic_regression,139,556,0,0.5743247385117665,1,0.5
1,3,42,logistic_regression,142,591,0,0.3339627830664259,0,0.5
1,3,42,logistic_regression,147,533,0,0.0005283921855127921,0,0.5
1,3,42,logistic_regression,148,643,0,0.30589213378527763,0,0.5
1,3,42,logistic_regression,150,489,0,0.3975751696990476,0,0.5
1,3,42,logistic_regression,151,551,0,0.4642771871711525,0,0.5
1,3,42,logistic_regression,158,617,0,0.4517834288273553,0,0.5
1,3,42,logistic_regression,160,484,0,0.6149321416751953,1,0.5
1,3,42,logistic_regression,165,572,0,0.9226291166108197,1,0.5
1,3,42,logistic_regression,184,411,0,0.4931222886389669,0,0.5
1,3,42,logistic_regression,188,475,0,0.37397466922343425,0,0.5
1,3,42,logistic_regression,189,380,0,0.48307556157812437,0,0.5
1,3,42,logistic_regression,198,447,0,0.4752219388810683,0,0.5
1,3,42,logistic_regression,203,494,1,0.8435057807213848,1,0.5
1,3,42,logistic_regression,214,550,1,0.4294767974374271,0,0.5
1,3,42,logistic_regression,225,511,0,0.2736584120192186,0,0.5
1,3,42,logistic_regression,228,585,0,0.30288122991061595,0,0.5
1,3,42,logistic_regression,231,432,0,0.6725316534772029,1,0.5
1,3,42,logistic_regression,232,316,0,0.3452827952706073,0,0.5
1,3,42,logistic_regression,237,347,0,0.7689069676881848,1,0.5
1,3,42,logistic_regression,244,391,0,0.47539391966994543,0,0.5
1,3,42,logistic_regression,245,253,0,0.3832712765727821,0,0.5
1,3,42,logistic_regression,247,292,0,0.36643947123860116,0,0.5
1,3,42,logistic_regression,251,284,0,0.3540142689243754,0,0.5
1,3,42,logistic_regression,252,344,0,0.509123077229599,1,0.5
1,3,42,logistic_regression,258,245,0,0.31477347678938306,0,0.5
1,3,42,logistic_regression,260,485,0,0.4597226974911994,0,0.5
1,3,42,logistic_regression,262,295,0,0.69716683819381,1,0.5
1,3,42,logistic_regression,266,232,0,0.3745440868896266,0,0.5
1,3,42,logistic_regression,272,330,0,0.3434275713161191,0,0.5
1,3,42,logistic_regression,275,237,0,0.489681829735915,0,0.5
1,3,42,logistic_regression,281,238,0,0.32059359212502864,0,0.5
1,3,42,logistic_regression,286,240,0,0.47374456436948903,0,0.5
1,3,42,logistic_regression,287,272,0,0.353573983127714,0,0.5
1,3,42,logistic_regression,293,221,0,0.524479458746701,1,0.5
1,3,42,logistic_regression,295,283,0,0.8801890796568581,1,0.5
1,3,42,logistic_regression,312,313,0,0.5339463721708317,1,0.5
1,3,42,logistic_regression,333,274,0,0.49297314677831533,0,0.5
1,3,42,logistic_regression,338,200,0,0.23672258576959584,0,0.5
1,3,42,logistic_regression,344,79,0,0.5316054609382573,1,0.5
1,3,42,logistic_regression,356,79,0,0.5316054609382573,1,0.5
1,3,42,logistic_regression,357,258,0,0.3421174133530014,0,0.5
1,3,42,logistic_regression,360,339,0,0.4405936158474389,0,0.5
1,3,42,logistic_regression,367,127,0,0.5330533076246337,1,0.5
1,3,42,logistic_regression,377,172,1,0.25344193609178844,0,0.5
1,3,42,logistic_regression,378,86,0,0.5123174251746185,1,0.5
1,3,42,logistic_regression,380,103,0,0.2435912694749941,0,0.5
1,3,42,logistic_regression,384,78,0,0.8636432461524495,1,0.5
1,3,42,logistic_regression,386,90,0,0.3291073466276114,0,0.5
1,3,42,logistic_regression,390,179,0,0.3442824165680463,0,0.5
1,3,42,logistic_regression,392,120,0,0.521577782854571,1,0.5
1,3,42,logistic_regression,396,100,0,0.24981540281391726,0,0.5
1,3,42,logistic_regression,402,102,0,0.35353954230145374,0,0.5
1,3,42,logistic_regression,403,64,0,0.5068850035334691,1,0.5
1,3,42,logistic_regression,413,698,0,0.43185007061007846,0,0.5
1,3,42,logistic_regression,421,433,1,0.3050790083878279,0,0.5
1,3,42,logistic_regression,423,51,0,0.5142299141512465,1,0.5
1,3,42,logistic_regression,429,73,0,0.3623642501708916,0,0.5
1,3,42,logistic_regression,432,600,0,0.6573397688237383,1,0.5
1,3,42,logistic_regression,437,26,0,0.5363491576854994,1,0.5
1,3,42,logistic_regression,441,9,0,0.5425300449437399,1,0.5
1,3,42,logistic_regression,442,26,0,0.5363491576854994,1,0.5
1,3,42,logistic_regression,450,34,0,0.37798960076821847,0,0.5
1,3,42,logistic_regression,463,1,0,0.5482332435411037,1,0.5
1,3,42,logistic_regression,464,25,0,0.37035197740171805,0,0.5
1,3,42,logistic_regression,479,482,0,0.35014469916180635,0,0.5
1,3,42,logistic_regression,484,371,0,0.491947482043292,0,0.5
1,3,42,logistic_regression,485,286,0,0.5072843400450092,1,0.5
1,3,42,logistic_regression,489,151,0,0.33451890502134085,0,0.5
1,3,42,logistic_regression,493,86,0,0.5123174251746185,1,0.5
1,3,42,logistic_regression,496,451,1,0.33801858276773966,0,0.5
1,3,42,logistic_regression,505,306,0,0.34647146965169273,0,0.5
1,3,42,logistic_regression,509,384,0,0.40323006863654337,0,0.5
1,3,42,logistic_regression,512,671,0,0.24924114290384738,0,0.5
1,3,42,logistic_regression,519,123,0,0.42299705369848967,0,0.5
1,3,42,logistic_regression,526,469,0,0.4739995266386528,0,0.5
1,3,42,logistic_regression,532,364,0,0.37814851262936733,0,0.5
1,3,42,logistic_regression,540,188,0,0.49206390147616813,0,0.5
1,3,42,logistic_regression,544,50,0,0.3599639290614461,0,0.5
1,3,42,logistic_regression,569,802,0,0.3907659290994666,0,0.5
1,3,42,logistic_regression,577,196,0,0.47276248688727246,0,0.5
1,3,42,logistic_regression,582,198,0,0.47936048109212076,0,0.5
1,3,42,logistic_regression,584,562,0,0.4493684410644879,0,0.5
1,3,42,logistic_regression,589,784,0,0.26271683710277016,0,0.5
1,3,42,logistic_regression,592,321,0,0.4049608138389889,0,0.5
1,3,42,logistic_regression,593,13,0,0.5271154923821892,1,0.5
1,3,42,logistic_regression,602,670,0,0.4745385326581492,0,0.5
1,3,42,logistic_regression,605,183,0,0.40935552866956926,0,0.5
1,3,42,logistic_regression,615,706,0,0.8187599955013982,1,0.5
1,3,42,logistic_regression,622,710,0,0.28288474480418546,0,0.5
1,3,42,logistic_regression,626,622,0,0.2794605246643787,0,0.5
1,3,42,logistic_regression,628,779,0,0.8307855339224535,1,0.5
1,3,42,logistic_regression,630,424,0,0.43276603796899604,0,0.5
1,3,42,logistic_regression,631,187,0,0.37251519566081864,0,0.5
1,3,42,logistic_regression,638,221,0,0.524479458746701,1,0.5
1,3,42,logistic_regression,641,761,0,0.3342012235654779,0,0.5
1,3,42,logistic_regression,645,471,0,0.9971879531067639,1,0.5
1,3,42,logistic_regression,656,294,0,0.3801362518607334,0,0.5
1,3,42,logistic_regression,657,260,0,0.6277687329567276,1,0.5
1,3,42,logistic_regression,664,756,1,0.853376165088861,1,0.5
1,3,42,logistic_regression,670,817,1,0.8072460346249121,1,0.5
1,3,42,logistic_regression,674,795,0,0.6602473575587827,1,0.5
1,3,42,logistic_regression,676,828,0,0.16819702842025974,0,0.5
1,3,42,logistic_regression,678,609,0,0.30105537558425605,0,0.5
1,3,42,logistic_regression,686,704,1,0.39206326395127356,0,0.5
1,3,42,logistic_regression,687,638,1,0.7756815970343999,1,0.5
1,3,42,logistic_regression,688,510,1,0.42581576065826005,0,0.5
1,3,42,logistic_regression,692,74,0,0.373163284302376,0,0.5
1,3,42,logistic_regression,694,486,0,0.4536246910456794,0,0.5
1,3,42,logistic_regression,701,524,0,0.3105972082559016,0,0.5
1,3,42,logistic_regression,703,42,0,0.4271973108889955,0,0.5
1,3,42,logistic_regression,705,806,0,0.24507719533881211,0,0.5
1,3,42,logistic_regression,713,31,0,0.5401634738319625,1,0.5
1,3,42,logistic_regression,714,521,0,0.5226429431435831,1,0.5
1,3,42,logistic_regression,715,13,0,0.5271154923821891,1,0.5
1,3,42,logistic_regression,719,769,0,0.8130201382651019,1,0.5
1,3,42,logistic_regression,723,124,0,0.3215229302854594,0,0.5
1,3,42,logistic_regression,733,587,0,0.3862097260754124,0,0.5
1,3,42,logistic_regression,735,6,0,0.25538349190043447,0,0.5
1,3,42,logistic_regression,745,30,0,0.5396974350783238,1,0.5
1,3,42,logistic_regression,747,218,0,0.4146215688251221,0,0.5
1,3,42,logistic_regression,749,541,0,0.7609848743224651,1,0.5
1,3,42,logistic_regression,750,99,0,0.4929926378077525,0,0.5
1,3,42,logistic_regression,756,395,0,0.4978607579432425,0,0.5
1,3,42,logistic_regression,760,44,0,0.7670736999024014,1,0.5
1,3,42,logistic_regression,766,206,0,0.47013789677276113,0,0.5
1,3,42,logistic_regression,767,12,0,0.37194371446793584,0,0.5
1,3,42,logistic_regression,770,357,0,0.0009877584573721547,0,0.5
1,3,42,logistic_regression,776,45,0,0.5339780774562034,1,0.5
1,3,42,logistic_regression,778,136,0,0.3595402002863216,0,0.5
1,3,42,logistic_regression,780,110,0,0.27027771405381584,0,0.5
1,3,42,logistic_regression,786,401,1,0.00558342758912636,0,0.5
1,3,42,logistic_regression,787,256,0,0.5577940146208195,1,0.5
1,3,42,logistic_regression,792,314,0,0.2525781950223011,0,0.5
1,3,42,logistic_regression,798,396,0,0.45662462203003695,0,0.5
1,3,42,logistic_regression,799,141,0,0.493977366351,0,0.5
1,3,42,logistic_regression,805,668,0,0.3282739574691877,0,0.5
1,3,42,logistic_regression,809,519,0,0.6391871898861985,1,0.5
1,3,42,logistic_regression,810,116,0,0.37071239080185636,0,0.5
1,3,42,logistic_regression,812,4,0,0.3459879672546324,0,0.5
1,3,42,logistic_regression,817,516,0,0.4857869011546893,0,0.5
1,3,42,logistic_regression,818,700,0,0.3058544497579107,0,0.5
1,3,42,logistic_regression,820,352,0,0.34621225249347914,0,0.5
1,3,42,logistic_regression,838,694,0,0.41346588754332575,0,0.5
1,3,42,logistic_regression,845,132,0,0.36700569100912633,0,0.5
1,3,42,logistic_regression,853,672,0,0.41027586309544783,0,0.5
1,3,42,logistic_regression,857,526,0,0.31761408292021354,0,0.5
1,3,42,xgboost,0,109,0,0.38480332493782043,0,0.5
1,3,42,xgboost,2,660,0,0.3818463981151581,0,0.5
1,3,42,xgboost,10,807,0,0.19463691115379333,0,0.5
1,3,42,xgboost,19,773,0,0.2585216462612152,0,0.5
1,3,42,xgboost,21,783,0,0.5413143038749695,1,0.5
1,3,42,xgboost,25,805,0,0.31153422594070435,0,0.5
1,3,42,xgboost,26,765,0,0.1077033132314682,0,0.5
1,3,42,xgboost,32,738,0,0.3897881805896759,0,0.5
1,3,42,xgboost,33,734,0,0.3582606613636017,0,0.5
1,3,42,xgboost,45,709,0,0.44540664553642273,0,0.5
1,3,42,xgboost,51,715,0,0.4029703140258789,0,0.5
1,3,42,xgboost,52,729,0,0.19658297300338745,0,0.5
1,3,42,xgboost,61,697,0,0.10777870565652847,0,0.5
1,3,42,xgboost,65,736,0,0.5344752073287964,1,0.5
1,3,42,xgboost,68,696,0,0.5377727746963501,1,0.5
1,3,42,xgboost,70,727,0,0.7584863305091858,1,0.5
1,3,42,xgboost,85,657,0,0.12154576182365417,0,0.5
1,3,42,xgboost,99,641,0,0.6378702521324158,1,0.5
1,3,42,xgboost,104,633,0,0.7152048945426941,1,0.5
1,3,42,xgboost,108,611,0,0.4139440655708313,0,0.5
1,3,42,xgboost,112,573,0,0.521708607673645,1,0.5
1,3,42,xgboost,114,667,0,0.3139495253562927,0,0.5
1,3,42,xgboost,115,665,0,0.4414724111557007,0,0.5
1,3,42,xgboost,125,596,0,0.28946930170059204,0,0.5
1,3,42,xgboost,135,465,0,0.2645615041255951,0,0.5
1,3,42,xgboost,139,556,0,0.31029772758483887,0,0.5
1,3,42,xgboost,142,591,0,0.48066797852516174,0,0.5
1,3,42,xgboost,147,533,0,0.5345959663391113,1,0.5
1,3,42,xgboost,148,643,0,0.25856783986091614,0,0.5
1,3,42,xgboost,150,489,0,0.42885491251945496,0,0.5
1,3,42,xgboost,151,551,0,0.43676918745040894,0,0.5
1,3,42,xgboost,158,617,0,0.26234227418899536,0,0.5
1,3,42,xgboost,160,484,0,0.32062003016471863,0,0.5
1,3,42,xgboost,165,572,0,0.2210690826177597,0,0.5
1,3,42,xgboost,184,411,0,0.34277746081352234,0,0.5
1,3,42,xgboost,188,475,0,0.08442465215921402,0,0.5
1,3,42,xgboost,189,380,0,0.15816955268383026,0,0.5
1,3,42,xgboost,198,447,0,0.15642137825489044,0,0.5
1,3,42,xgboost,203,494,1,0.7805285453796387,1,0.5
1,3,42,xgboost,214,550,1,0.22698621451854706,0,0.5
1,3,42,xgboost,225,511,0,0.2695395350456238,0,0.5
1,3,42,xgboost,228,585,0,0.43238380551338196,0,0.5
1,3,42,xgboost,231,432,0,0.19012701511383057,0,0.5
1,3,42,xgboost,232,316,0,0.2555943727493286,0,0.5
1,3,42,xgboost,237,347,0,0.5914140939712524,1,0.5
1,3,42,xgboost,244,391,0,0.458383172750473,0,0.5
1,3,42,xgboost,245,253,0,0.5092856287956238,1,0.5
1,3,42,xgboost,247,292,0,0.23254112899303436,0,0.5
1,3,42,xgboost,251,284,0,0.2771444022655487,0,0.5
1,3,42,xgboost,252,344,0,0.06286399066448212,0,0.5
1,3,42,xgboost,258,245,0,0.36910220980644226,0,0.5
1,3,42,xgboost,260,485,0,0.3234880268573761,0,0.5
1,3,42,xgboost,262,295,0,0.24029125273227692,0,0.5
1,3,42,xgboost,266,232,0,0.5737238526344299,1,0.5
1,3,42,xgboost,272,330,0,0.2771444022655487,0,0.5
1,3,42,xgboost,275,237,0,0.7560876607894897,1,0.5
1,3,42,xgboost,281,238,0,0.4726133942604065,0,0.5
1,3,42,xgboost,286,240,0,0.6959394216537476,1,0.5
1,3,42,xgboost,287,272,0,0.6088711023330688,1,0.5
1,3,42,xgboost,293,221,0,0.557598352432251,1,0.5
1,3,42,xgboost,295,283,0,0.33525434136390686,0,0.5
1,3,42,xgboost,312,313,0,0.23092155158519745,0,0.5
1,3,42,xgboost,333,274,0,0.7487078309059143,1,0.5
1,3,42,xgboost,338,200,0,0.29429149627685547,0,0.5
1,3,42,xgboost,344,79,0,0.47069892287254333,0,0.5
1,3,42,xgboost,356,79,0,0.47069892287254333,0,0.5
1,3,42,xgboost,357,258,0,0.5059982538223267,1,0.5
1,3,42,xgboost,360,339,0,0.18728023767471313,0,0.5
1,3,42,xgboost,367,127,0,0.4987407624721527,0,0.5
1,3,42,xgboost,377,172,1,0.4498666822910309,0,0.5
1,3,42,xgboost,378,86,0,0.31339821219444275,0,0.5
1,3,42,xgboost,380,103,0,0.29690253734588623,0,0.5
1,3,42,xgboost,384,78,0,0.6243676543235779,1,0.5
1,3,42,xgboost,386,90,0,0.3607534170150757,0,0.5
1,3,42,xgboost,390,179,0,0.5831782817840576,1,0.5
1,3,42,xgboost,392,120,0,0.3450266420841217,0,0.5
1,3,42,xgboost,396,100,0,0.1657266616821289,0,0.5
1,3,42,xgboost,402,102,0,0.2741367518901825,0,0.5
1,3,42,xgboost,403,64,0,0.2880783975124359,0,0.5
1,3,42,xgboost,413,698,0,0.18992339074611664,0,0.5
1,3,42,xgboost,421,433,1,0.1427987813949585,0,0.5
1,3,42,xgboost,423,51,0,0.24749667942523956,0,0.5
1,3,42,xgboost,429,73,0,0.3384206295013428,0,0.5
1,3,42,xgboost,432,600,0,0.4408869445323944,0,0.5
1,3,42,xgboost,437,26,0,0.1597108095884323,0,0.5
1,3,42,xgboost,441,9,0,0.1597108095884323,0,0.5
1,3,42,xgboost,442,26,0,0.1597108095884323,0,0.5
1,3,42,xgboost,450,34,0,0.14928825199604034,0,0.5
1,3,42,xgboost,463,1,0,0.147405207157135,0,0.5
1,3,42,xgboost,464,25,0,0.147405207157135,0,0.5
1,3,42,xgboost,479,482,0,0.2389453947544098,0,0.5
1,3,42,xgboost,484,371,0,0.2697998881340027,0,0.5
1,3,42,xgboost,485,286,0,0.334073007106781,0,0.5
1,3,42,xgboost,489,151,0,0.31574270129203796,0,0.5
1,3,42,xgboost,493,86,0,0.31339821219444275,0,0.5
1,3,42,xgboost,496,451,1,0.20402170717716217,0,0.5
1,3,42,xgboost,505,306,0,0.37301111221313477,0,0.5
1,3,42,xgboost,509,384,0,0.12325672060251236,0,0.5
1,3,42,xgboost,512,671,0,0.24891526997089386,0,0.5
1,3,42,xgboost,519,123,0,0.4541284441947937,0,0.5
1,3,42,xgboost,526,469,0,0.3627915382385254,0,0.5
1,3,42,xgboost,532,364,0,0.18641191720962524,0,0.5
1,3,42,xgboost,540,188,0,0.39178791642189026,0,0.5
1,3,42,xgboost,544,50,0,0.4818885624408722,0,0.5
1,3,42,xgboost,569,802,0,0.1465107798576355,0,0.5
1,3,42,xgboost,577,196,0,0.40085041522979736,0,0.5
1,3,42,xgboost,582,198,0,0.32776108384132385,0,0.5
1,3,42,xgboost,584,562,0,0.39187929034233093,0,0.5
1,3,42,xgboost,589,784,0,0.4146437644958496,0,0.5
1,3,42,xgboost,592,321,0,0.3098098337650299,0,0.5
1,3,42,xgboost,593,13,0,0.12976939976215363,0,0.5
1,3,42,xgboost,602,670,0,0.21831484138965607,0,0.5
1,3,42,xgboost,605,183,0,0.43423742055892944,0,0.5
1,3,42,xgboost,615,706,0,0.3840044438838959,0,0.5
1,3,42,xgboost,622,710,0,0.33187758922576904,0,0.5
1,3,42,xgboost,626,622,0,0.5461255311965942,1,0.5
1,3,42,xgboost,628,779,0,0.16390317678451538,0,0.5
1,3,42,xgboost,630,424,0,0.3631933927536011,0,0.5
1,3,42,xgboost,631,187,0,0.5365058779716492,1,0.5
1,3,42,xgboost,638,221,0,0.557598352432251,1,0.5
1,3,42,xgboost,641,761,0,0.31231820583343506,0,0.5
1,3,42,xgboost,645,471,0,0.4240918457508087,0,0.5
1,3,42,xgboost,656,294,0,0.21488995850086212,0,0.5
1,3,42,xgboost,657,260,0,0.6881911754608154,1,0.5
1,3,42,xgboost,664,756,1,0.8091182112693787,1,0.5
1,3,42,xgboost,670,817,1,0.5337212085723877,1,0.5
1,3,42,xgboost,674,795,0,0.40807831287384033,0,0.5
1,3,42,xgboost,676,828,0,0.24758881330490112,0,0.5
1,3,42,xgboost,678,609,0,0.27734625339508057,0,0.5
1,3,42,xgboost,686,704,1,0.17438775300979614,0,0.5
1,3,42,xgboost,687,638,1,0.2542664110660553,0,0.5
1,3,42,xgboost,688,510,1,0.41633734107017517,0,0.5
1,3,42,xgboost,692,74,0,0.28071707487106323,0,0.5
1,3,42,xgboost,694,486,0,0.37900617718696594,0,0.5
1,3,42,xgboost,701,524,0,0.39372947812080383,0,0.5
1,3,42,xgboost,703,42,0,0.20784537494182587,0,0.5
1,3,42,xgboost,705,806,0,0.12855452299118042,0,0.5
1,3,42,xgboost,713,31,0,0.13859853148460388,0,0.5
1,3,42,xgboost,714,521,0,0.2622581720352173,0,0.5
1,3,42,xgboost,715,13,0,0.12976939976215363,0,0.5
1,3,42,xgboost,719,769,0,0.6033788323402405,1,0.5
1,3,42,xgboost,723,124,0,0.3870674967765808,0,0.5
1,3,42,xgboost,733,587,0,0.4475066065788269,0,0.5
1,3,42,xgboost,735,6,0,0.10306067764759064,0,0.5
1,3,42,xgboost,745,30,0,0.19405610859394073,0,0.5
1,3,42,xgboost,747,218,0,0.5949375033378601,1,0.5
1,3,42,xgboost,749,541,0,0.11320362985134125,0,0.5
1,3,42,xgboost,750,99,0,0.2683604955673218,0,0.5
1,3,42,xgboost,756,395,0,0.255976140499115,0,0.5
1,3,42,xgboost,760,44,0,0.5743167996406555,1,0.5
1,3,42,xgboost,766,206,0,0.35815221071243286,0,0.5
1,3,42,xgboost,767,12,0,0.10306067764759064,0,0.5
1,3,42,xgboost,770,357,0,0.1799028515815735,0,0.5
1,3,42,xgboost,776,45,0,0.21882912516593933,0,0.5
1,3,42,xgboost,778,136,0,0.26089346408843994,0,0.5
1,3,42,xgboost,780,110,0,0.1158934235572815,0,0.5
1,3,42,xgboost,786,401,1,0.08705344796180725,0,0.5
1,3,42,xgboost,787,256,0,0.42379599809646606,0,0.5
1,3,42,xgboost,792,314,0,0.12904474139213562,0,0.5
1,3,42,xgboost,798,396,0,0.30550286173820496,0,0.5
1,3,42,xgboost,799,141,0,0.38061243295669556,0,0.5
1,3,42,xgboost,805,668,0,0.07897523045539856,0,0.5
1,3,42,xgboost,809,519,0,0.40431323647499084,0,0.5
1,3,42,xgboost,810,116,0,0.28873926401138306,0,0.5
1,3,42,xgboost,812,4,0,0.12769028544425964,0,0.5
1,3,42,xgboost,817,516,0,0.30098220705986023,0,0.5
1,3,42,xgboost,818,700,0,0.21277913451194763,0,0.5
1,3,42,xgboost,820,352,0,0.2712322175502777,0,0.5
1,3,42,xgboost,838,694,0,0.3347751498222351,0,0.5
1,3,42,xgboost,845,132,0,0.3611716032028198,0,0.5
1,3,42,xgboost,853,672,0,0.4106864631175995,0,0.5
1,3,42,xgboost,857,526,0,0.19715525209903717,0,0.5
1,4,42,dummy_prior,9,804,0,0.06404657933042213,0,0.5
1,4,42,dummy_prior,11,450,0,0.06404657933042213,0,0.5
1,4,42,dummy_prior,13,803,0,0.06404657933042213,0,0.5
1,4,42,dummy_prior,15,776,0,0.06404657933042213,0,0.5
1,4,42,dummy_prior,16,790,0,0.06404657933042213,0,0.5
1,4,42,dummy_prior,17,799,0,0.06404657933042213,0,0.5
1,4,42,dummy_prior,20,797,0,0.06404657933042213,0,0.5
1,4,42,dummy_prior,22,766,1,0.06404657933042213,0,0.5
1,4,42,dummy_prior,27,759,0,0.06404657933042213,0,0.5
1,4,42,dummy_prior,28,742,0,0.06404657933042213,0,0.5
1,4,42,dummy_prior,37,747,0,0.06404657933042213,0,0.5
1,4,42,dummy_prior,39,719,0,0.06404657933042213,0,0.5
1,4,42,dummy_prior,43,723,0,0.06404657933042213,0,0.5
1,4,42,dummy_prior,46,716,0,0.06404657933042213,0,0.5
1,4,42,dummy_prior,47,770,0,0.06404657933042213,0,0.5
1,4,42,dummy_prior,50,721,0,0.06404657933042213,0,0.5
1,4,42,dummy_prior,54,708,0,0.06404657933042213,0,0.5
1,4,42,dummy_prior,57,647,0,0.06404657933042213,0,0.5
1,4,42,dummy_prior,59,692,0,0.06404657933042213,0,0.5
1,4,42,dummy_prior,60,673,0,0.06404657933042213,0,0.5
1,4,42,dummy_prior,66,673,0,0.06404657933042213,0,0.5
1,4,42,dummy_prior,71,677,0,0.06404657933042213,0,0.5
1,4,42,dummy_prior,74,681,0,0.06404657933042213,0,0.5
1,4,42,dummy_prior,75,686,0,0.06404657933042213,0,0.5
1,4,42,dummy_prior,88,618,0,0.06404657933042213,0,0.5
1,4,42,dummy_prior,91,689,0,0.06404657933042213,0,0.5
1,4,42,dummy_prior,98,584,0,0.06404657933042213,0,0.5
1,4,42,dummy_prior,100,669,0,0.06404657933042213,0,0.5
1,4,42,dummy_prior,101,580,0,0.06404657933042213,0,0.5
1,4,42,dummy_prior,103,754,1,0.06404657933042213,0,0.5
1,4,42,dummy_prior,106,577,0,0.06404657933042213,0,0.5
1,4,42,dummy_prior,111,626,0,0.06404657933042213,0,0.5
1,4,42,dummy_prior,120,627,0,0.06404657933042213,0,0.5
1,4,42,dummy_prior,121,579,0,0.06404657933042213,0,0.5
1,4,42,dummy_prior,122,592,0,0.06404657933042213,0,0.5
1,4,42,dummy_prior,123,542,0,0.06404657933042213,0,0.5
1,4,42,dummy_prior,124,571,0,0.06404657933042213,0,0.5
1,4,42,dummy_prior,128,518,0,0.06404657933042213,0,0.5
1,4,42,dummy_prior,137,537,0,0.06404657933042213,0,0.5
1,4,42,dummy_prior,156,448,0,0.06404657933042213,0,0.5
1,4,42,dummy_prior,161,490,0,0.06404657933042213,0,0.5
1,4,42,dummy_prior,168,535,0,0.06404657933042213,0,0.5
1,4,42,dummy_prior,173,529,0,0.06404657933042213,0,0.5
1,4,42,dummy_prior,174,499,0,0.06404657933042213,0,0.5
1,4,42,dummy_prior,177,468,0,0.06404657933042213,0,0.5
1,4,42,dummy_prior,180,414,0,0.06404657933042213,0,0.5
1,4,42,dummy_prior,187,501,0,0.06404657933042213,0,0.5
1,4,42,dummy_prior,193,445,0,0.06404657933042213,0,0.5
1,4,42,dummy_prior,194,397,0,0.06404657933042213,0,0.5
1,4,42,dummy_prior,196,505,0,0.06404657933042213,0,0.5
1,4,42,dummy_prior,199,460,0,0.06404657933042213,0,0.5
1,4,42,dummy_prior,204,222,0,0.06404657933042213,0,0.5
1,4,42,dummy_prior,206,496,0,0.06404657933042213,0,0.5
1,4,42,dummy_prior,209,387,0,0.06404657933042213,0,0.5
1,4,42,dummy_prior,210,399,0,0.06404657933042213,0,0.5
1,4,42,dummy_prior,215,372,0,0.06404657933042213,0,0.5
1,4,42,dummy_prior,216,531,1,0.06404657933042213,0,0.5
1,4,42,dummy_prior,221,407,0,0.06404657933042213,0,0.5
1,4,42,dummy_prior,229,466,0,0.06404657933042213,0,0.5
1,4,42,dummy_prior,230,304,0,0.06404657933042213,0,0.5
1,4,42,dummy_prior,235,378,0,0.06404657933042213,0,0.5
1,4,42,dummy_prior,253,279,0,0.06404657933042213,0,0.5
1,4,42,dummy_prior,263,296,0,0.06404657933042213,0,0.5
1,4,42,dummy_prior,265,247,0,0.06404657933042213,0,0.5
1,4,42,dummy_prior,273,355,0,0.06404657933042213,0,0.5
1,4,42,dummy_prior,278,267,0,0.06404657933042213,0,0.5
1,4,42,dummy_prior,282,219,0,0.06404657933042213,0,0.5
1,4,42,dummy_prior,292,264,0,0.06404657933042213,0,0.5
1,4,42,dummy_prior,301,202,0,0.06404657933042213,0,0.5
1,4,42,dummy_prior,305,201,0,0.06404657933042213,0,0.5
1,4,42,dummy_prior,309,322,0,0.06404657933042213,0,0.5
1,4,42,dummy_prior,310,307,0,0.06404657933042213,0,0.5
1,4,42,dummy_prior,311,368,0,0.06404657933042213,0,0.5
1,4,42,dummy_prior,316,348,0,0.06404657933042213,0,0.5
1,4,42,dummy_prior,318,308,0,0.06404657933042213,0,0.5
1,4,42,dummy_prior,322,180,0,0.06404657933042213,0,0.5
1,4,42,dummy_prior,327,173,0,0.06404657933042213,0,0.5
1,4,42,dummy_prior,330,207,0,0.06404657933042213,0,0.5
1,4,42,dummy_prior,332,583,0,0.06404657933042213,0,0.5
1,4,42,dummy_prior,339,182,0,0.06404657933042213,0,0.5
1,4,42,dummy_prior,342,228,0,0.06404657933042213,0,0.5
1,4,42,dummy_prior,345,276,1,0.06404657933042213,0,0.5
1,4,42,dummy_prior,349,235,0,0.06404657933042213,0,0.5
1,4,42,dummy_prior,350,167,0,0.06404657933042213,0,0.5
1,4,42,dummy_prior,352,152,0,0.06404657933042213,0,0.5
1,4,42,dummy_prior,354,811,0,0.06404657933042213,0,0.5
1,4,42,dummy_prior,362,160,0,0.06404657933042213,0,0.5
1,4,42,dummy_prior,364,147,0,0.06404657933042213,0,0.5
1,4,42,dummy_prior,365,178,0,0.06404657933042213,0,0.5
1,4,42,dummy_prior,370,239,1,0.06404657933042213,0,0.5
1,4,42,dummy_prior,379,224,0,0.06404657933042213,0,0.5
1,4,42,dummy_prior,391,69,0,0.06404657933042213,0,0.5
1,4,42,dummy_prior,394,184,0,0.06404657933042213,0,0.5
1,4,42,dummy_prior,400,55,0,0.06404657933042213,0,0.5
1,4,42,dummy_prior,401,210,0,0.06404657933042213,0,0.5
1,4,42,dummy_prior,415,104,0,0.06404657933042213,0,0.5
1,4,42,dummy_prior,422,89,0,0.06404657933042213,0,0.5
1,4,42,dummy_prior,424,181,0,0.06404657933042213,0,0.5
1,4,42,dummy_prior,443,10,0,0.06404657933042213,0,0.5
1,4,42,dummy_prior,445,36,0,0.06404657933042213,0,0.5
1,4,42,dummy_prior,446,107,0,0.06404657933042213,0,0.5
1,4,42,dummy_prior,453,10,0,0.06404657933042213,0,0.5
1,4,42,dummy_prior,457,18,0,0.06404657933042213,0,0.5
1,4,42,dummy_prior,470,764,0,0.06404657933042213,0,0.5
1,4,42,dummy_prior,471,94,0,0.06404657933042213,0,0.5
1,4,42,dummy_prior,486,496,0,0.06404657933042213,0,0.5
1,4,42,dummy_prior,487,483,0,0.06404657933042213,0,0.5
1,4,42,dummy_prior,492,658,0,0.06404657933042213,0,0.5
1,4,42,dummy_prior,494,165,0,0.06404657933042213,0,0.5
1,4,42,dummy_prior,495,405,0,0.06404657933042213,0,0.5
1,4,42,dummy_prior,501,610,0,0.06404657933042213,0,0.5
1,4,42,dummy_prior,507,71,0,0.06404657933042213,0,0.5
1,4,42,dummy_prior,508,590,0,0.06404657933042213,0,0.5
1,4,42,dummy_prior,513,96,0,0.06404657933042213,0,0.5
1,4,42,dummy_prior,514,476,0,0.06404657933042213,0,0.5
1,4,42,dummy_prior,530,239,1,0.06404657933042213,0,0.5
1,4,42,dummy_prior,531,119,0,0.06404657933042213,0,0.5
1,4,42,dummy_prior,534,93,0,0.06404657933042213,0,0.5
1,4,42,dummy_prior,546,213,0,0.06404657933042213,0,0.5
1,4,42,dummy_prior,564,426,0,0.06404657933042213,0,0.5
1,4,42,dummy_prior,568,338,0,0.06404657933042213,0,0.5
1,4,42,dummy_prior,570,559,0,0.06404657933042213,0,0.5
1,4,42,dummy_prior,573,523,0,0.06404657933042213,0,0.5
1,4,42,dummy_prior,578,126,1,0.06404657933042213,0,0.5
1,4,42,dummy_prior,580,55,0,0.06404657933042213,0,0.5
1,4,42,dummy_prior,585,648,0,0.06404657933042213,0,0.5
1,4,42,dummy_prior,588,813,0,0.06404657933042213,0,0.5
1,4,42,dummy_prior,590,56,0,0.06404657933042213,0,0.5
1,4,42,dummy_prior,599,176,0,0.06404657933042213,0,0.5
1,4,42,dummy_prior,600,506,0,0.06404657933042213,0,0.5
1,4,42,dummy_prior,604,318,0,0.06404657933042213,0,0.5
1,4,42,dummy_prior,623,250,0,0.06404657933042213,0,0.5
1,4,42,dummy_prior,624,118,0,0.06404657933042213,0,0.5
1,4,42,dummy_prior,632,226,0,0.06404657933042213,0,0.5
1,4,42,dummy_prior,646,27,0,0.06404657933042213,0,0.5
1,4,42,dummy_prior,649,613,0,0.06404657933042213,0,0.5
1,4,42,dummy_prior,653,216,1,0.06404657933042213,0,0.5
1,4,42,dummy_prior,659,467,0,0.06404657933042213,0,0.5
1,4,42,dummy_prior,666,67,0,0.06404657933042213,0,0.5
1,4,42,dummy_prior,667,829,0,0.06404657933042213,0,0.5
1,4,42,dummy_prior,669,755,0,0.06404657933042213,0,0.5
1,4,42,dummy_prior,672,0,0,0.06404657933042213,0,0.5
1,4,42,dummy_prior,673,819,1,0.06404657933042213,0,0.5
1,4,42,dummy_prior,684,815,0,0.06404657933042213,0,0.5
1,4,42,dummy_prior,693,98,1,0.06404657933042213,0,0.5
1,4,42,dummy_prior,695,538,0,0.06404657933042213,0,0.5
1,4,42,dummy_prior,704,781,0,0.06404657933042213,0,0.5
1,4,42,dummy_prior,708,254,0,0.06404657933042213,0,0.5
1,4,42,dummy_prior,712,317,0,0.06404657933042213,0,0.5
1,4,42,dummy_prior,720,427,0,0.06404657933042213,0,0.5
1,4,42,dummy_prior,730,775,0,0.06404657933042213,0,0.5
1,4,42,dummy_prior,734,564,0,0.06404657933042213,0,0.5
1,4,42,dummy_prior,738,477,0,0.06404657933042213,0,0.5
1,4,42,dummy_prior,741,129,0,0.06404657933042213,0,0.5
1,4,42,dummy_prior,743,540,0,0.06404657933042213,0,0.5
1,4,42,dummy_prior,757,360,0,0.06404657933042213,0,0.5
1,4,42,dummy_prior,759,101,0,0.06404657933042213,0,0.5
1,4,42,dummy_prior,765,398,0,0.06404657933042213,0,0.5
1,4,42,dummy_prior,777,744,0,0.06404657933042213,0,0.5
1,4,42,dummy_prior,788,752,0,0.06404657933042213,0,0.5
1,4,42,dummy_prior,791,15,0,0.06404657933042213,0,0.5
1,4,42,dummy_prior,793,353,0,0.06404657933042213,0,0.5
1,4,42,dummy_prior,802,14,0,0.06404657933042213,0,0.5
1,4,42,dummy_prior,807,717,0,0.06404657933042213,0,0.5
1,4,42,dummy_prior,814,22,1,0.06404657933042213,0,0.5
1,4,42,dummy_prior,822,726,0,0.06404657933042213,0,0.5
1,4,42,dummy_prior,828,634,0,0.06404657933042213,0,0.5
1,4,42,dummy_prior,836,743,0,0.06404657933042213,0,0.5
1,4,42,dummy_prior,837,606,0,0.06404657933042213,0,0.5
1,4,42,dummy_prior,846,680,0,0.06404657933042213,0,0.5
1,4,42,dummy_prior,850,117,0,0.06404657933042213,0,0.5
1,4,42,logistic_regression,9,804,0,0.3868765077017663,0,0.5
1,4,42,logistic_regression,11,450,0,0.5749396039992831,1,0.5
1,4,42,logistic_regression,13,803,0,0.5113385940954777,1,0.5
1,4,42,logistic_regression,15,776,0,0.6915865640095387,1,0.5
1,4,42,logistic_regression,16,790,0,0.3808236704736499,0,0.5
1,4,42,logistic_regression,17,799,0,0.6415155632491529,1,0.5
1,4,42,logistic_regression,20,797,0,0.7740471951883644,1,0.5
1,4,42,logistic_regression,22,766,1,0.5763376287798669,1,0.5
1,4,42,logistic_regression,27,759,0,0.5044651540562528,1,0.5
1,4,42,logistic_regression,28,742,0,0.4578028727659251,0,0.5
1,4,42,logistic_regression,37,747,0,0.27128214544752566,0,0.5
1,4,42,logistic_regression,39,719,0,0.4294199761882667,0,0.5
1,4,42,logistic_regression,43,723,0,0.4526791667747197,0,0.5
1,4,42,logistic_regression,46,716,0,0.486296990422808,0,0.5
1,4,42,logistic_regression,47,770,0,0.5466889518214353,1,0.5
1,4,42,logistic_regression,50,721,0,0.423528062329906,0,0.5
1,4,42,logistic_regression,54,708,0,0.6277144757313672,1,0.5
1,4,42,logistic_regression,57,647,0,0.5936695877476756,1,0.5
1,4,42,logistic_regression,59,692,0,0.8670562225256854,1,0.5
1,4,42,logistic_regression,60,673,0,0.49991750968310394,0,0.5
1,4,42,logistic_regression,66,673,0,0.49991750968310394,0,0.5
1,4,42,logistic_regression,71,677,0,0.3549500205895078,0,0.5
1,4,42,logistic_regression,74,681,0,0.3530200552293705,0,0.5
1,4,42,logistic_regression,75,686,0,0.44181310546947,0,0.5
1,4,42,logistic_regression,88,618,0,0.3324194028393816,0,0.5
1,4,42,logistic_regression,91,689,0,0.6603048407106693,1,0.5
1,4,42,logistic_regression,98,584,0,0.5067375206547355,1,0.5
1,4,42,logistic_regression,100,669,0,0.52532845799141,1,0.5
1,4,42,logistic_regression,101,580,0,0.9253596130264988,1,0.5
1,4,42,logistic_regression,103,754,1,0.722164784170413,1,0.5
1,4,42,logistic_regression,106,577,0,0.6305005642286137,1,0.5
1,4,42,logistic_regression,111,626,0,0.309856553976288,0,0.5
1,4,42,logistic_regression,120,627,0,0.504631975470321,1,0.5
1,4,42,logistic_regression,121,579,0,0.4755584489225873,0,0.5
1,4,42,logistic_regression,122,592,0,0.4648788208542709,0,0.5
1,4,42,logistic_regression,123,542,0,0.7010014577658183,1,0.5
1,4,42,logistic_regression,124,571,0,0.7150486526740727,1,0.5
1,4,42,logistic_regression,128,518,0,0.5219130344421454,1,0.5
1,4,42,logistic_regression,137,537,0,0.3825820604089887,0,0.5
1,4,42,logistic_regression,156,448,0,0.4802838748412142,0,0.5
1,4,42,logistic_regression,161,490,0,0.4740547612516085,0,0.5
1,4,42,logistic_regression,168,535,0,0.5204224574614028,1,0.5
1,4,42,logistic_regression,173,529,0,0.8676383341215868,1,0.5
1,4,42,logistic_regression,174,499,0,0.6290628661933376,1,0.5
1,4,42,logistic_regression,177,468,0,0.3629938056981331,0,0.5
1,4,42,logistic_regression,180,414,0,0.40590651705236774,0,0.5
1,4,42,logistic_regression,187,501,0,0.9235623061466942,1,0.5
1,4,42,logistic_regression,193,445,0,0.2747988388069445,0,0.5
1,4,42,logistic_regression,194,397,0,0.38979818271485683,0,0.5
1,4,42,logistic_regression,196,505,0,0.4796034447729937,0,0.5
1,4,42,logistic_regression,199,460,0,0.430838419016046,0,0.5
1,4,42,logistic_regression,204,222,0,0.4703863695536357,0,0.5
1,4,42,logistic_regression,206,496,0,0.36425643718201495,0,0.5
1,4,42,logistic_regression,209,387,0,0.5201878892136405,1,0.5
1,4,42,logistic_regression,210,399,0,0.5195259953857151,1,0.5
1,4,42,logistic_regression,215,372,0,0.3473728800243305,0,0.5
1,4,42,logistic_regression,216,531,1,0.556090301120275,1,0.5
1,4,42,logistic_regression,221,407,0,0.384201909960271,0,0.5
1,4,42,logistic_regression,229,466,0,0.540807190247696,1,0.5
1,4,42,logistic_regression,230,304,0,0.2895279568938992,0,0.5
1,4,42,logistic_regression,235,378,0,0.2754017971464799,0,0.5
1,4,42,logistic_regression,253,279,0,0.4018726573189887,0,0.5
1,4,42,logistic_regression,263,296,0,0.5647014621966148,1,0.5
1,4,42,logistic_regression,265,247,0,0.4150390192919877,0,0.5
1,4,42,logistic_regression,273,355,0,0.45863507207781223,0,0.5
1,4,42,logistic_regression,278,267,0,0.4393121122469231,0,0.5
1,4,42,logistic_regression,282,219,0,0.3815505132007615,0,0.5
1,4,42,logistic_regression,292,264,0,0.3631826682402414,0,0.5
1,4,42,logistic_regression,301,202,0,0.36532535142816763,0,0.5
1,4,42,logistic_regression,305,201,0,0.3852298615674977,0,0.5
1,4,42,logistic_regression,309,322,0,0.6285065081490795,1,0.5
1,4,42,logistic_regression,310,307,0,0.2907814630797127,0,0.5
1,4,42,logistic_regression,311,368,0,0.526830927089065,1,0.5
1,4,42,logistic_regression,316,348,0,0.3220331649312792,0,0.5
1,4,42,logistic_regression,318,308,0,0.4291195552065148,0,0.5
1,4,42,logistic_regression,322,180,0,0.3405274527639793,0,0.5
1,4,42,logistic_regression,327,173,0,0.35311356516551107,0,0.5
1,4,42,logistic_regression,330,207,0,0.2623932495343944,0,0.5
1,4,42,logistic_regression,332,583,0,0.48093394762743497,0,0.5
1,4,42,logistic_regression,339,182,0,0.2835696634940893,0,0.5
1,4,42,logistic_regression,342,228,0,0.27034725362851925,0,0.5
1,4,42,logistic_regression,345,276,1,0.2641594505279143,0,0.5
1,4,42,logistic_regression,349,235,0,0.3244822292575591,0,0.5
1,4,42,logistic_regression,350,167,0,0.34266205617022966,0,0.5
1,4,42,logistic_regression,352,152,0,0.34905643753401683,0,0.5
1,4,42,logistic_regression,354,811,0,0.507385860657998,1,0.5
1,4,42,logistic_regression,362,160,0,0.30585473929453,0,0.5
1,4,42,logistic_regression,364,147,0,0.41538841140297306,0,0.5
1,4,42,logistic_regression,365,178,0,0.32257563113856835,0,0.5
1,4,42,logistic_regression,370,239,1,0.3459295082342313,0,0.5
1,4,42,logistic_regression,379,224,0,0.351540089154025,0,0.5
1,4,42,logistic_regression,391,69,0,0.3095359211502075,0,0.5
1,4,42,logistic_regression,394,184,0,0.8799693747448855,1,0.5
1,4,42,logistic_regression,400,55,0,0.2616618750075837,0,0.5
1,4,42,logistic_regression,401,210,0,0.4887127311819142,0,0.5
1,4,42,logistic_regression,415,104,0,0.40422410792725455,0,0.5
1,4,42,logistic_regression,422,89,0,0.3174853754129597,0,0.5
1,4,42,logistic_regression,424,181,0,0.7099031195138202,1,0.5
1,4,42,logistic_regression,443,10,0,0.2704789132091212,0,0.5
1,4,42,logistic_regression,445,36,0,0.2666978674918144,0,0.5
1,4,42,logistic_regression,446,107,0,0.4100567176544645,0,0.5
1,4,42,logistic_regression,453,10,0,0.2704789132091212,0,0.5
1,4,42,logistic_regression,457,18,0,0.27027942961491896,0,0.5
1,4,42,logistic_regression,470,764,0,0.4699883288085655,0,0.5
1,4,42,logistic_regression,471,94,0,0.2857210411013732,0,0.5
1,4,42,logistic_regression,486,496,0,0.36425643718201495,0,0.5
1,4,42,logistic_regression,487,483,0,0.4714289509576863,0,0.5
1,4,42,logistic_regression,492,658,0,0.5150618842584271,1,0.5
1,4,42,logistic_regression,494,165,0,0.295774658460754,0,0.5
1,4,42,logistic_regression,495,405,0,0.3570137302833406,0,0.5
1,4,42,logistic_regression,501,610,0,0.5510610729419478,1,0.5
1,4,42,logistic_regression,507,71,0,0.3591078553835255,0,0.5
1,4,42,logistic_regression,508,590,0,0.8221031468621629,1,0.5
1,4,42,logistic_regression,513,96,0,0.3809597601934869,0,0.5
1,4,42,logistic_regression,514,476,0,0.32080225905929466,0,0.5
1,4,42,logistic_regression,530,239,1,0.3459295082342313,0,0.5
1,4,42,logistic_regression,531,119,0,0.3478842958129016,0,0.5
1,4,42,logistic_regression,534,93,0,0.26519375729742417,0,0.5
1,4,42,logistic_regression,546,213,0,0.8153859307703638,1,0.5
1,4,42,logistic_regression,564,426,0,0.295635675632322,0,0.5
1,4,42,logistic_regression,568,338,0,0.39929983353118476,0,0.5
1,4,42,logistic_regression,570,559,0,0.4574228871155477,0,0.5
1,4,42,logistic_regression,573,523,0,0.351568446173516,0,0.5
1,4,42,logistic_regression,578,126,1,0.30902371954346436,0,0.5
1,4,42,logistic_regression,580,55,0,0.2616618750075837,0,0.5
1,4,42,logistic_regression,585,648,0,0.4552919547830736,0,0.5
1,4,42,logistic_regression,588,813,0,0.5164221174987559,1,0.5
1,4,42,logistic_regression,590,56,0,0.06971494062383793,0,0.5
1,4,42,logistic_regression,599,176,0,0.30745111640251077,0,0.5
1,4,42,logistic_regression,600,506,0,0.41227831774483936,0,0.5
1,4,42,logistic_regression,604,318,0,0.4215878803080859,0,0.5
1,4,42,logistic_regression,623,250,0,0.3851850559641863,0,0.5
1,4,42,logistic_regression,624,118,0,0.32192260312714177,0,0.5
1,4,42,logistic_regression,632,226,0,0.36579873922751466,0,0.5
1,4,42,logistic_regression,646,27,0,0.26365674158571933,0,0.5
1,4,42,logistic_regression,649,613,0,0.6043540537227542,1,0.5
1,4,42,logistic_regression,653,216,1,0.3936924136356409,0,0.5
1,4,42,logistic_regression,659,467,0,0.34874575800993485,0,0.5
1,4,42,logistic_regression,666,67,0,0.2552130959598042,0,0.5
1,4,42,logistic_regression,667,829,0,0.4762766893897413,0,0.5
1,4,42,logistic_regression,669,755,0,0.5158803255218237,1,0.5
1,4,42,logistic_regression,672,0,0,0.2958951482490539,0,0.5
1,4,42,logistic_regression,673,819,1,0.677006317641735,1,0.5
1,4,42,logistic_regression,684,815,0,0.5763787881188787,1,0.5
1,4,42,logistic_regression,693,98,1,0.43304714109493136,0,0.5
1,4,42,logistic_regression,695,538,0,0.32681876813115707,0,0.5
1,4,42,logistic_regression,704,781,0,0.4127725764397102,0,0.5
1,4,42,logistic_regression,708,254,0,0.48189994909386824,0,0.5
1,4,42,logistic_regression,712,317,0,0.3880405948818045,0,0.5
1,4,42,logistic_regression,720,427,0,0.40608920556631023,0,0.5
1,4,42,logistic_regression,730,775,0,0.8361905270166008,1,0.5
1,4,42,logistic_regression,734,564,0,0.6321347327448866,1,0.5
1,4,42,logistic_regression,738,477,0,0.40591093807881173,0,0.5
1,4,42,logistic_regression,741,129,0,0.2954338124004237,0,0.5
1,4,42,logistic_regression,743,540,0,0.06622838742535944,0,0.5
1,4,42,logistic_regression,757,360,0,0.3811119930653574,0,0.5
1,4,42,logistic_regression,759,101,0,0.39151415235163656,0,0.5
1,4,42,logistic_regression,765,398,0,0.45442032911267916,0,0.5
1,4,42,logistic_regression,777,744,0,0.45917088183699256,0,0.5
1,4,42,logistic_regression,788,752,0,0.9612989003037788,1,0.5
1,4,42,logistic_regression,791,15,0,0.3994124176093269,0,0.5
1,4,42,logistic_regression,793,353,0,0.3963408453803773,0,0.5
1,4,42,logistic_regression,802,14,0,0.25056018811330427,0,0.5
1,4,42,logistic_regression,807,717,0,0.6023797107959595,1,0.5
1,4,42,logistic_regression,814,22,1,0.27865160121011323,0,0.5
1,4,42,logistic_regression,822,726,0,0.05292079994429829,0,0.5
1,4,42,logistic_regression,828,634,0,0.35600941234105393,0,0.5
1,4,42,logistic_regression,836,743,0,0.21307503181990925,0,0.5
1,4,42,logistic_regression,837,606,0,0.2928335424287715,0,0.5
1,4,42,logistic_regression,846,680,0,0.35372662815727324,0,0.5
1,4,42,logistic_regression,850,117,0,0.2983353029298926,0,0.5
1,4,42,xgboost,9,804,0,0.2825069725513458,0,0.5
1,4,42,xgboost,11,450,0,0.4420951008796692,0,0.5
1,4,42,xgboost,13,803,0,0.05390951782464981,0,0.5
1,4,42,xgboost,15,776,0,0.8210577964782715,1,0.5
1,4,42,xgboost,16,790,0,0.11365634948015213,0,0.5
1,4,42,xgboost,17,799,0,0.08240727335214615,0,0.5
1,4,42,xgboost,20,797,0,0.8297131061553955,1,0.5
1,4,42,xgboost,22,766,1,0.6173896193504333,1,0.5
1,4,42,xgboost,27,759,0,0.5770803093910217,1,0.5
1,4,42,xgboost,28,742,0,0.12203110009431839,0,0.5
1,4,42,xgboost,37,747,0,0.21696127951145172,0,0.5
1,4,42,xgboost,39,719,0,0.24662268161773682,0,0.5
1,4,42,xgboost,43,723,0,0.5955497026443481,1,0.5
1,4,42,xgboost,46,716,0,0.3218189775943756,0,0.5
1,4,42,xgboost,47,770,0,0.29410555958747864,0,0.5
1,4,42,xgboost,50,721,0,0.43070119619369507,0,0.5
1,4,42,xgboost,54,708,0,0.42700424790382385,0,0.5
1,4,42,xgboost,57,647,0,0.12407424300909042,0,0.5
1,4,42,xgboost,59,692,0,0.560674786567688,1,0.5
1,4,42,xgboost,60,673,0,0.3055388629436493,0,0.5
1,4,42,xgboost,66,673,0,0.3055388629436493,0,0.5
1,4,42,xgboost,71,677,0,0.5413479208946228,1,0.5
1,4,42,xgboost,74,681,0,0.37494322657585144,0,0.5
1,4,42,xgboost,75,686,0,0.19255831837654114,0,0.5
1,4,42,xgboost,88,618,0,0.24347859621047974,0,0.5
1,4,42,xgboost,91,689,0,0.09540484100580215,0,0.5
1,4,42,xgboost,98,584,0,0.1687418520450592,0,0.5
1,4,42,xgboost,100,669,0,0.28018319606781006,0,0.5
1,4,42,xgboost,101,580,0,0.8079959154129028,1,0.5
1,4,42,xgboost,103,754,1,0.46283140778541565,0,0.5
1,4,42,xgboost,106,577,0,0.7922834157943726,1,0.5
1,4,42,xgboost,111,626,0,0.1826208233833313,0,0.5
1,4,42,xgboost,120,627,0,0.4210246801376343,0,0.5
1,4,42,xgboost,121,579,0,0.3893987536430359,0,0.5
1,4,42,xgboost,122,592,0,0.2949954569339752,0,0.5
1,4,42,xgboost,123,542,0,0.6798166036605835,1,0.5
1,4,42,xgboost,124,571,0,0.5927215814590454,1,0.5
1,4,42,xgboost,128,518,0,0.4616074860095978,0,0.5
1,4,42,xgboost,137,537,0,0.4083227813243866,0,0.5
1,4,42,xgboost,156,448,0,0.17514295876026154,0,0.5
1,4,42,xgboost,161,490,0,0.2932138442993164,0,0.5
1,4,42,xgboost,168,535,0,0.34748852252960205,0,0.5
1,4,42,xgboost,173,529,0,0.8270928263664246,1,0.5
1,4,42,xgboost,174,499,0,0.3619488775730133,0,0.5
1,4,42,xgboost,177,468,0,0.27285975217819214,0,0.5
1,4,42,xgboost,180,414,0,0.16051819920539856,0,0.5
1,4,42,xgboost,187,501,0,0.5605726838111877,1,0.5
1,4,42,xgboost,193,445,0,0.07191883772611618,0,0.5
1,4,42,xgboost,194,397,0,0.3939443528652191,0,0.5
1,4,42,xgboost,196,505,0,0.6666908264160156,1,0.5
1,4,42,xgboost,199,460,0,0.5488260388374329,1,0.5
1,4,42,xgboost,204,222,0,0.43286827206611633,0,0.5
1,4,42,xgboost,206,496,0,0.28731685876846313,0,0.5
1,4,42,xgboost,209,387,0,0.43773627281188965,0,0.5
1,4,42,xgboost,210,399,0,0.4224914312362671,0,0.5
1,4,42,xgboost,215,372,0,0.11488773673772812,0,0.5
1,4,42,xgboost,216,531,1,0.37058067321777344,0,0.5
1,4,42,xgboost,221,407,0,0.35318389534950256,0,0.5
1,4,42,xgboost,229,466,0,0.3359483778476715,0,0.5
1,4,42,xgboost,230,304,0,0.16806940734386444,0,0.5
1,4,42,xgboost,235,378,0,0.18484194576740265,0,0.5
1,4,42,xgboost,253,279,0,0.2360563725233078,0,0.5
1,4,42,xgboost,263,296,0,0.09927422553300858,0,0.5
1,4,42,xgboost,265,247,0,0.4925837218761444,0,0.5
1,4,42,xgboost,273,355,0,0.23597228527069092,0,0.5
1,4,42,xgboost,278,267,0,0.6861661076545715,1,0.5
1,4,42,xgboost,282,219,0,0.29686298966407776,0,0.5
1,4,42,xgboost,292,264,0,0.8345621228218079,1,0.5
1,4,42,xgboost,301,202,0,0.30160143971443176,0,0.5
1,4,42,xgboost,305,201,0,0.33408159017562866,0,0.5
1,4,42,xgboost,309,322,0,0.4394160211086273,0,0.5
1,4,42,xgboost,310,307,0,0.20395299792289734,0,0.5
1,4,42,xgboost,311,368,0,0.35841137170791626,0,0.5
1,4,42,xgboost,316,348,0,0.35856515169143677,0,0.5
1,4,42,xgboost,318,308,0,0.09049852192401886,0,0.5
1,4,42,xgboost,322,180,0,0.5267055034637451,1,0.5
1,4,42,xgboost,327,173,0,0.3887246549129486,0,0.5
1,4,42,xgboost,330,207,0,0.3015305697917938,0,0.5
1,4,42,xgboost,332,583,0,0.3132590353488922,0,0.5
1,4,42,xgboost,339,182,0,0.46482110023498535,0,0.5
1,4,42,xgboost,342,228,0,0.27308955788612366,0,0.5
1,4,42,xgboost,345,276,1,0.1574299931526184,0,0.5
1,4,42,xgboost,349,235,0,0.4273289740085602,0,0.5
1,4,42,xgboost,350,167,0,0.4142845571041107,0,0.5
1,4,42,xgboost,352,152,0,0.16671538352966309,0,0.5
1,4,42,xgboost,354,811,0,0.47643283009529114,0,0.5
1,4,42,xgboost,362,160,0,0.39673277735710144,0,0.5
1,4,42,xgboost,364,147,0,0.3013612627983093,0,0.5
1,4,42,xgboost,365,178,0,0.3719412386417389,0,0.5
1,4,42,xgboost,370,239,1,0.35239025950431824,0,0.5
1,4,42,xgboost,379,224,0,0.48873406648635864,0,0.5
1,4,42,xgboost,391,69,0,0.1392829269170761,0,0.5
1,4,42,xgboost,394,184,0,0.8689255118370056,1,0.5
1,4,42,xgboost,400,55,0,0.13912977278232574,0,0.5
1,4,42,xgboost,401,210,0,0.4127311110496521,0,0.5
1,4,42,xgboost,415,104,0,0.2770923674106598,0,0.5
1,4,42,xgboost,422,89,0,0.23327583074569702,0,0.5
1,4,42,xgboost,424,181,0,0.8973467350006104,1,0.5
1,4,42,xgboost,443,10,0,0.05656108632683754,0,0.5
1,4,42,xgboost,445,36,0,0.07879362255334854,0,0.5
1,4,42,xgboost,446,107,0,0.39111945033073425,0,0.5
1,4,42,xgboost,453,10,0,0.05656108632683754,0,0.5
1,4,42,xgboost,457,18,0,0.054743457585573196,0,0.5
1,4,42,xgboost,470,764,0,0.36920180916786194,0,0.5
1,4,42,xgboost,471,94,0,0.08751765638589859,0,0.5
1,4,42,xgboost,486,496,0,0.28731685876846313,0,0.5
1,4,42,xgboost,487,483,0,0.1816137433052063,0,0.5
1,4,42,xgboost,492,658,0,0.19397534430027008,0,0.5
1,4,42,xgboost,494,165,0,0.2750368118286133,0,0.5
1,4,42,xgboost,495,405,0,0.31583166122436523,0,0.5
1,4,42,xgboost,501,610,0,0.12416383624076843,0,0.5
1,4,42,xgboost,507,71,0,0.11796989291906357,0,0.5
1,4,42,xgboost,508,590,0,0.3163469433784485,0,0.5
1,4,42,xgboost,513,96,0,0.2692378759384155,0,0.5
1,4,42,xgboost,514,476,0,0.12324754893779755,0,0.5
1,4,42,xgboost,530,239,1,0.35239025950431824,0,0.5
1,4,42,xgboost,531,119,0,0.12958258390426636,0,0.5
1,4,42,xgboost,534,93,0,0.11340783536434174,0,0.5
1,4,42,xgboost,546,213,0,0.6750579476356506,1,0.5
1,4,42,xgboost,564,426,0,0.17106100916862488,0,0.5
1,4,42,xgboost,568,338,0,0.26931220293045044,0,0.5
1,4,42,xgboost,570,559,0,0.3090585172176361,0,0.5
1,4,42,xgboost,573,523,0,0.5213231444358826,1,0.5
1,4,42,xgboost,578,126,1,0.1518896222114563,0,0.5
1,4,42,xgboost,580,55,0,0.13912977278232574,0,0.5
1,4,42,xgboost,585,648,0,0.20563752949237823,0,0.5
1,4,42,xgboost,588,813,0,0.14878612756729126,0,0.5
1,4,42,xgboost,590,56,0,0.4928439259529114,0,0.5
1,4,42,xgboost,599,176,0,0.2329917848110199,0,0.5
1,4,42,xgboost,600,506,0,0.17230327427387238,0,0.5
1,4,42,xgboost,604,318,0,0.4641045033931732,0,0.5
1,4,42,xgboost,623,250,0,0.7645050287246704,1,0.5
1,4,42,xgboost,624,118,0,0.1377013921737671,0,0.5
1,4,42,xgboost,632,226,0,0.5016402006149292,1,0.5
1,4,42,xgboost,646,27,0,0.06974323093891144,0,0.5
1,4,42,xgboost,649,613,0,0.5210675597190857,1,0.5
1,4,42,xgboost,653,216,1,0.5658989548683167,1,0.5
1,4,42,xgboost,659,467,0,0.42736703157424927,0,0.5
1,4,42,xgboost,666,67,0,0.0714121013879776,0,0.5
1,4,42,xgboost,667,829,0,0.2780037820339203,0,0.5
1,4,42,xgboost,669,755,0,0.1899276077747345,0,0.5
1,4,42,xgboost,672,0,0,0.043147824704647064,0,0.5
1,4,42,xgboost,673,819,1,0.3387652039527893,0,0.5
1,4,42,xgboost,684,815,0,0.11610512435436249,0,0.5
1,4,42,xgboost,693,98,1,0.4071987569332123,0,0.5
1,4,42,xgboost,695,538,0,0.442765474319458,0,0.5
1,4,42,xgboost,704,781,0,0.2011118233203888,0,0.5
1,4,42,xgboost,708,254,0,0.3265286982059479,0,0.5
1,4,42,xgboost,712,317,0,0.2576717436313629,0,0.5
1,4,42,xgboost,720,427,0,0.454726904630661,0,0.5
1,4,42,xgboost,730,775,0,0.7261934876441956,1,0.5
1,4,42,xgboost,734,564,0,0.34722307324409485,0,0.5
1,4,42,xgboost,738,477,0,0.47062668204307556,0,0.5
1,4,42,xgboost,741,129,0,0.1712998002767563,0,0.5
1,4,42,xgboost,743,540,0,0.3796302378177643,0,0.5
1,4,42,xgboost,757,360,0,0.4342127740383148,0,0.5
1,4,42,xgboost,759,101,0,0.18265525996685028,0,0.5
1,4,42,xgboost,765,398,0,0.5029715895652771,1,0.5
1,4,42,xgboost,777,744,0,0.12723353505134583,0,0.5
1,4,42,xgboost,788,752,0,0.5306249260902405,1,0.5
1,4,42,xgboost,791,15,0,0.12051262706518173,0,0.5
1,4,42,xgboost,793,353,0,0.31340283155441284,0,0.5
1,4,42,xgboost,802,14,0,0.06482169032096863,0,0.5
1,4,42,xgboost,807,717,0,0.2189618945121765,0,0.5
1,4,42,xgboost,814,22,1,0.06162811443209648,0,0.5
1,4,42,xgboost,822,726,0,0.3409244418144226,0,0.5
1,4,42,xgboost,828,634,0,0.14178092777729034,0,0.5
1,4,42,xgboost,836,743,0,0.293891966342926,0,0.5
1,4,42,xgboost,837,606,0,0.1523963063955307,0,0.5
1,4,42,xgboost,846,680,0,0.32538050413131714,0,0.5
1,4,42,xgboost,850,117,0,0.11443568021059036,0,0.5
1,5,42,dummy_prior,6,823,1,0.06404657933042213,0,0.5
1,5,42,dummy_prior,7,413,0,0.06404657933042213,0,0.5
1,5,42,dummy_prior,34,749,0,0.06404657933042213,0,0.5
1,5,42,dummy_prior,38,758,0,0.06404657933042213,0,0.5
1,5,42,dummy_prior,40,746,0,0.06404657933042213,0,0.5
1,5,42,dummy_prior,64,750,1,0.06404657933042213,0,0.5
1,5,42,dummy_prior,67,728,0,0.06404657933042213,0,0.5
1,5,42,dummy_prior,69,705,0,0.06404657933042213,0,0.5
1,5,42,dummy_prior,73,685,0,0.06404657933042213,0,0.5
1,5,42,dummy_prior,77,646,0,0.06404657933042213,0,0.5
1,5,42,dummy_prior,78,693,0,0.06404657933042213,0,0.5
1,5,42,dummy_prior,82,615,0,0.06404657933042213,0,0.5
1,5,42,dummy_prior,83,621,0,0.06404657933042213,0,0.5
1,5,42,dummy_prior,89,632,0,0.06404657933042213,0,0.5
1,5,42,dummy_prior,95,604,0,0.06404657933042213,0,0.5
1,5,42,dummy_prior,96,701,1,0.06404657933042213,0,0.5
1,5,42,dummy_prior,102,599,0,0.06404657933042213,0,0.5
1,5,42,dummy_prior,109,612,0,0.06404657933042213,0,0.5
1,5,42,dummy_prior,113,328,0,0.06404657933042213,0,0.5
1,5,42,dummy_prior,117,570,0,0.06404657933042213,0,0.5
1,5,42,dummy_prior,118,560,0,0.06404657933042213,0,0.5
1,5,42,dummy_prior,119,498,0,0.06404657933042213,0,0.5
1,5,42,dummy_prior,129,557,0,0.06404657933042213,0,0.5
1,5,42,dummy_prior,133,651,0,0.06404657933042213,0,0.5
1,5,42,dummy_prior,136,586,0,0.06404657933042213,0,0.5
1,5,42,dummy_prior,138,517,0,0.06404657933042213,0,0.5
1,5,42,dummy_prior,140,553,0,0.06404657933042213,0,0.5
1,5,42,dummy_prior,141,194,0,0.06404657933042213,0,0.5
1,5,42,dummy_prior,145,595,0,0.06404657933042213,0,0.5
1,5,42,dummy_prior,146,576,0,0.06404657933042213,0,0.5
1,5,42,dummy_prior,149,594,0,0.06404657933042213,0,0.5
1,5,42,dummy_prior,152,438,0,0.06404657933042213,0,0.5
1,5,42,dummy_prior,159,463,0,0.06404657933042213,0,0.5
1,5,42,dummy_prior,162,481,0,0.06404657933042213,0,0.5
1,5,42,dummy_prior,166,515,0,0.06404657933042213,0,0.5
1,5,42,dummy_prior,167,461,0,0.06404657933042213,0,0.5
1,5,42,dummy_prior,170,434,0,0.06404657933042213,0,0.5
1,5,42,dummy_prior,175,412,0,0.06404657933042213,0,0.5
1,5,42,dummy_prior,176,452,0,0.06404657933042213,0,0.5
1,5,42,dummy_prior,190,513,0,0.06404657933042213,0,0.5
1,5,42,dummy_prior,192,459,0,0.06404657933042213,0,0.5
1,5,42,dummy_prior,195,429,0,0.06404657933042213,0,0.5
1,5,42,dummy_prior,197,442,0,0.06404657933042213,0,0.5
1,5,42,dummy_prior,202,454,0,0.06404657933042213,0,0.5
1,5,42,dummy_prior,205,388,1,0.06404657933042213,0,0.5
1,5,42,dummy_prior,207,437,0,0.06404657933042213,0,0.5
1,5,42,dummy_prior,211,453,0,0.06404657933042213,0,0.5
1,5,42,dummy_prior,217,408,0,0.06404657933042213,0,0.5
1,5,42,dummy_prior,219,324,0,0.06404657933042213,0,0.5
1,5,42,dummy_prior,220,406,0,0.06404657933042213,0,0.5
1,5,42,dummy_prior,227,394,0,0.06404657933042213,0,0.5
1,5,42,dummy_prior,233,345,0,0.06404657933042213,0,0.5
1,5,42,dummy_prior,234,406,0,0.06404657933042213,0,0.5
1,5,42,dummy_prior,240,334,0,0.06404657933042213,0,0.5
1,5,42,dummy_prior,243,402,0,0.06404657933042213,0,0.5
1,5,42,dummy_prior,246,487,0,0.06404657933042213,0,0.5
1,5,42,dummy_prior,257,273,1,0.06404657933042213,0,0.5
1,5,42,dummy_prior,269,410,0,0.06404657933042213,0,0.5
1,5,42,dummy_prior,271,359,0,0.06404657933042213,0,0.5
1,5,42,dummy_prior,279,263,0,0.06404657933042213,0,0.5
1,5,42,dummy_prior,285,430,0,0.06404657933042213,0,0.5
1,5,42,dummy_prior,294,288,0,0.06404657933042213,0,0.5
1,5,42,dummy_prior,308,382,0,0.06404657933042213,0,0.5
1,5,42,dummy_prior,317,170,0,0.06404657933042213,0,0.5
1,5,42,dummy_prior,319,293,0,0.06404657933042213,0,0.5
1,5,42,dummy_prior,320,271,1,0.06404657933042213,0,0.5
1,5,42,dummy_prior,325,169,1,0.06404657933042213,0,0.5
1,5,42,dummy_prior,329,290,0,0.06404657933042213,0,0.5
1,5,42,dummy_prior,331,446,0,0.06404657933042213,0,0.5
1,5,42,dummy_prior,341,121,0,0.06404657933042213,0,0.5
1,5,42,dummy_prior,346,149,0,0.06404657933042213,0,0.5
1,5,42,dummy_prior,348,125,0,0.06404657933042213,0,0.5
1,5,42,dummy_prior,351,155,0,0.06404657933042213,0,0.5
1,5,42,dummy_prior,355,140,0,0.06404657933042213,0,0.5
1,5,42,dummy_prior,358,212,0,0.06404657933042213,0,0.5
1,5,42,dummy_prior,366,143,0,0.06404657933042213,0,0.5
1,5,42,dummy_prior,369,82,0,0.06404657933042213,0,0.5
1,5,42,dummy_prior,373,312,0,0.06404657933042213,0,0.5
1,5,42,dummy_prior,381,145,0,0.06404657933042213,0,0.5
1,5,42,dummy_prior,383,134,1,0.06404657933042213,0,0.5
1,5,42,dummy_prior,395,82,0,0.06404657933042213,0,0.5
1,5,42,dummy_prior,399,209,0,0.06404657933042213,0,0.5
1,5,42,dummy_prior,409,54,0,0.06404657933042213,0,0.5
1,5,42,dummy_prior,410,171,0,0.06404657933042213,0,0.5
1,5,42,dummy_prior,412,87,0,0.06404657933042213,0,0.5
1,5,42,dummy_prior,419,149,0,0.06404657933042213,0,0.5
1,5,42,dummy_prior,426,114,0,0.06404657933042213,0,0.5
1,5,42,dummy_prior,427,161,0,0.06404657933042213,0,0.5
1,5,42,dummy_prior,434,192,1,0.06404657933042213,0,0.5
1,5,42,dummy_prior,435,54,0,0.06404657933042213,0,0.5
1,5,42,dummy_prior,447,63,0,0.06404657933042213,0,0.5
1,5,42,dummy_prior,455,77,0,0.06404657933042213,0,0.5
1,5,42,dummy_prior,459,3,0,0.06404657933042213,0,0.5
1,5,42,dummy_prior,467,41,0,0.06404657933042213,0,0.5
1,5,42,dummy_prior,468,11,0,0.06404657933042213,0,0.5
1,5,42,dummy_prior,474,640,0,0.06404657933042213,0,0.5
1,5,42,dummy_prior,476,753,0,0.06404657933042213,0,0.5
1,5,42,dummy_prior,483,190,0,0.06404657933042213,0,0.5
1,5,42,dummy_prior,490,375,0,0.06404657933042213,0,0.5
1,5,42,dummy_prior,497,356,0,0.06404657933042213,0,0.5
1,5,42,dummy_prior,500,763,0,0.06404657933042213,0,0.5
1,5,42,dummy_prior,503,735,0,0.06404657933042213,0,0.5
1,5,42,dummy_prior,504,428,0,0.06404657933042213,0,0.5
1,5,42,dummy_prior,516,174,0,0.06404657933042213,0,0.5
1,5,42,dummy_prior,520,53,0,0.06404657933042213,0,0.5
1,5,42,dummy_prior,524,628,0,0.06404657933042213,0,0.5
1,5,42,dummy_prior,528,547,0,0.06404657933042213,0,0.5
1,5,42,dummy_prior,537,365,0,0.06404657933042213,0,0.5
1,5,42,dummy_prior,542,146,0,0.06404657933042213,0,0.5
1,5,42,dummy_prior,551,639,0,0.06404657933042213,0,0.5
1,5,42,dummy_prior,552,105,0,0.06404657933042213,0,0.5
1,5,42,dummy_prior,567,383,0,0.06404657933042213,0,0.5
1,5,42,dummy_prior,571,257,0,0.06404657933042213,0,0.5
1,5,42,dummy_prior,575,54,0,0.06404657933042213,0,0.5
1,5,42,dummy_prior,581,59,0,0.06404657933042213,0,0.5
1,5,42,dummy_prior,586,150,0,0.06404657933042213,0,0.5
1,5,42,dummy_prior,591,244,0,0.06404657933042213,0,0.5
1,5,42,dummy_prior,597,133,0,0.06404657933042213,0,0.5
1,5,42,dummy_prior,598,54,1,0.06404657933042213,0,0.5
1,5,42,dummy_prior,606,539,0,0.06404657933042213,0,0.5
1,5,42,dummy_prior,607,566,0,0.06404657933042213,0,0.5
1,5,42,dummy_prior,611,311,0,0.06404657933042213,0,0.5
1,5,42,dummy_prior,614,341,1,0.06404657933042213,0,0.5
1,5,42,dummy_prior,621,582,0,0.06404657933042213,0,0.5
1,5,42,dummy_prior,627,280,0,0.06404657933042213,0,0.5
1,5,42,dummy_prior,633,261,0,0.06404657933042213,0,0.5
1,5,42,dummy_prior,635,714,0,0.06404657933042213,0,0.5
1,5,42,dummy_prior,636,741,0,0.06404657933042213,0,0.5
1,5,42,dummy_prior,639,52,0,0.06404657933042213,0,0.5
1,5,42,dummy_prior,640,625,0,0.06404657933042213,0,0.5
1,5,42,dummy_prior,644,285,0,0.06404657933042213,0,0.5
1,5,42,dummy_prior,647,277,0,0.06404657933042213,0,0.5
1,5,42,dummy_prior,648,95,0,0.06404657933042213,0,0.5
1,5,42,dummy_prior,651,788,0,0.06404657933042213,0,0.5
1,5,42,dummy_prior,658,85,0,0.06404657933042213,0,0.5
1,5,42,dummy_prior,660,33,0,0.06404657933042213,0,0.5
1,5,42,dummy_prior,662,502,0,0.06404657933042213,0,0.5
1,5,42,dummy_prior,663,310,0,0.06404657933042213,0,0.5
1,5,42,dummy_prior,677,814,0,0.06404657933042213,0,0.5
1,5,42,dummy_prior,679,822,0,0.06404657933042213,0,0.5
1,5,42,dummy_prior,689,340,0,0.06404657933042213,0,0.5
1,5,42,dummy_prior,691,420,0,0.06404657933042213,0,0.5
1,5,42,dummy_prior,698,473,0,0.06404657933042213,0,0.5
1,5,42,dummy_prior,709,374,0,0.06404657933042213,0,0.5
1,5,42,dummy_prior,711,128,0,0.06404657933042213,0,0.5
1,5,42,dummy_prior,724,554,0,0.06404657933042213,0,0.5
1,5,42,dummy_prior,727,589,0,0.06404657933042213,0,0.5
1,5,42,dummy_prior,740,768,0,0.06404657933042213,0,0.5
1,5,42,dummy_prior,742,156,0,0.06404657933042213,0,0.5
1,5,42,dummy_prior,752,676,0,0.06404657933042213,0,0.5
1,5,42,dummy_prior,761,607,0,0.06404657933042213,0,0.5
1,5,42,dummy_prior,762,139,0,0.06404657933042213,0,0.5
1,5,42,dummy_prior,771,661,0,0.06404657933042213,0,0.5
1,5,42,dummy_prior,773,23,0,0.06404657933042213,0,0.5
1,5,42,dummy_prior,782,528,0,0.06404657933042213,0,0.5
1,5,42,dummy_prior,789,164,0,0.06404657933042213,0,0.5
1,5,42,dummy_prior,795,690,0,0.06404657933042213,0,0.5
1,5,42,dummy_prior,796,605,0,0.06404657933042213,0,0.5
1,5,42,dummy_prior,800,302,0,0.06404657933042213,0,0.5
1,5,42,dummy_prior,803,106,0,0.06404657933042213,0,0.5
1,5,42,dummy_prior,815,549,0,0.06404657933042213,0,0.5
1,5,42,dummy_prior,823,644,0,0.06404657933042213,0,0.5
1,5,42,dummy_prior,830,699,0,0.06404657933042213,0,0.5
1,5,42,dummy_prior,832,561,0,0.06404657933042213,0,0.5
1,5,42,dummy_prior,833,659,0,0.06404657933042213,0,0.5
1,5,42,dummy_prior,834,569,0,0.06404657933042213,0,0.5
1,5,42,dummy_prior,835,332,0,0.06404657933042213,0,0.5
1,5,42,dummy_prior,842,722,0,0.06404657933042213,0,0.5
1,5,42,dummy_prior,851,298,0,0.06404657933042213,0,0.5
1,5,42,dummy_prior,854,616,0,0.06404657933042213,0,0.5
1,5,42,dummy_prior,855,377,0,0.06404657933042213,0,0.5
1,5,42,logistic_regression,6,823,1,0.6214699482022394,1,0.5
1,5,42,logistic_regression,7,413,0,0.5827816495929419,1,0.5
1,5,42,logistic_regression,34,749,0,0.5390191287228002,1,0.5
1,5,42,logistic_regression,38,758,0,0.5411304803977526,1,0.5
1,5,42,logistic_regression,40,746,0,0.5225670825566052,1,0.5
1,5,42,logistic_regression,64,750,1,0.6646894615505776,1,0.5
1,5,42,logistic_regression,67,728,0,0.4714534614825029,0,0.5
1,5,42,logistic_regression,69,705,0,0.43069101014349503,0,0.5
1,5,42,logistic_regression,73,685,0,0.4539976665731561,0,0.5
1,5,42,logistic_regression,77,646,0,0.4342845329084558,0,0.5
1,5,42,logistic_regression,78,693,0,0.38191579376306717,0,0.5
1,5,42,logistic_regression,82,615,0,0.5188875155174492,1,0.5
1,5,42,logistic_regression,83,621,0,0.523170078905306,1,0.5
1,5,42,logistic_regression,89,632,0,0.5328190590763047,1,0.5
1,5,42,logistic_regression,95,604,0,0.40360738169891985,0,0.5
1,5,42,logistic_regression,96,701,1,0.5171249001697547,1,0.5
1,5,42,logistic_regression,102,599,0,0.4158964745590078,0,0.5
1,5,42,logistic_regression,109,612,0,0.3998899142557238,0,0.5
1,5,42,logistic_regression,113,328,0,0.44027010141325795,0,0.5
1,5,42,logistic_regression,117,570,0,0.42368997159131844,0,0.5
1,5,42,logistic_regression,118,560,0,0.5632110209825922,1,0.5
1,5,42,logistic_regression,119,498,0,0.4522769769095782,0,0.5
1,5,42,logistic_regression,129,557,0,0.5359109320900024,1,0.5
1,5,42,logistic_regression,133,651,0,0.404990106032803,0,0.5
1,5,42,logistic_regression,136,586,0,0.4372968395580347,0,0.5
1,5,42,logistic_regression,138,517,0,0.49347632656641127,0,0.5
1,5,42,logistic_regression,140,553,0,0.5773761340063502,1,0.5
1,5,42,logistic_regression,141,194,0,0.38652395140753115,0,0.5
1,5,42,logistic_regression,145,595,0,0.5757472249080584,1,0.5
1,5,42,logistic_regression,146,576,0,0.5127238641550242,1,0.5
1,5,42,logistic_regression,149,594,0,0.45548780029275815,0,0.5
1,5,42,logistic_regression,152,438,0,0.4776530557960201,0,0.5
1,5,42,logistic_regression,159,463,0,0.5115155068996877,1,0.5
1,5,42,logistic_regression,162,481,0,0.4945585806189986,0,0.5
1,5,42,logistic_regression,166,515,0,0.5222960061833921,1,0.5
1,5,42,logistic_regression,167,461,0,0.5416578769624223,1,0.5
1,5,42,logistic_regression,170,434,0,0.2446874269958067,0,0.5
1,5,42,logistic_regression,175,412,0,0.44688203096897305,0,0.5
1,5,42,logistic_regression,176,452,0,0.40647569014179147,0,0.5
1,5,42,logistic_regression,190,513,0,0.4162114111517511,0,0.5
1,5,42,logistic_regression,192,459,0,0.4671351367055496,0,0.5
1,5,42,logistic_regression,195,429,0,0.5003435712592146,1,0.5
1,5,42,logistic_regression,197,442,0,0.4089943641647394,0,0.5
1,5,42,logistic_regression,202,454,0,0.4122243588250147,0,0.5
1,5,42,logistic_regression,205,388,1,0.3992126633446718,0,0.5
1,5,42,logistic_regression,207,437,0,0.4171282259729291,0,0.5
1,5,42,logistic_regression,211,453,0,0.4826285899864442,0,0.5
1,5,42,logistic_regression,217,408,0,0.45909598759010956,0,0.5
1,5,42,logistic_regression,219,324,0,0.42520793833699716,0,0.5
1,5,42,logistic_regression,220,406,0,0.4131398134430476,0,0.5
1,5,42,logistic_regression,227,394,0,0.7061179324111692,1,0.5
1,5,42,logistic_regression,233,345,0,0.39912361843622485,0,0.5
1,5,42,logistic_regression,234,406,0,0.4131398134430476,0,0.5
1,5,42,logistic_regression,240,334,0,0.46016942706660247,0,0.5
1,5,42,logistic_regression,243,402,0,0.38016962023920275,0,0.5
1,5,42,logistic_regression,246,487,0,0.5041798338893564,1,0.5
1,5,42,logistic_regression,257,273,1,0.625254068337403,1,0.5
1,5,42,logistic_regression,269,410,0,0.4651481427687678,0,0.5
1,5,42,logistic_regression,271,359,0,0.4038413844776493,0,0.5
1,5,42,logistic_regression,279,263,0,0.38869196841345754,0,0.5
1,5,42,logistic_regression,285,430,0,0.4477631922056614,0,0.5
1,5,42,logistic_regression,294,288,0,0.4616502532716369,0,0.5
1,5,42,logistic_regression,308,382,0,0.4940867172615468,0,0.5
1,5,42,logistic_regression,317,170,0,0.39924451273118655,0,0.5
1,5,42,logistic_regression,319,293,0,0.41907214165963524,0,0.5
1,5,42,logistic_regression,320,271,1,0.38340624832515174,0,0.5
1,5,42,logistic_regression,325,169,1,0.4841116059906738,0,0.5
1,5,42,logistic_regression,329,290,0,0.4636442112097422,0,0.5
1,5,42,logistic_regression,331,446,0,0.5541527584970761,1,0.5
1,5,42,logistic_regression,341,121,0,0.3852968943937433,0,0.5
1,5,42,logistic_regression,346,149,0,0.36551864915062376,0,0.5
1,5,42,logistic_regression,348,125,0,0.4527720674164539,0,0.5
1,5,42,logistic_regression,351,155,0,0.4343435322017206,0,0.5
1,5,42,logistic_regression,355,140,0,0.6981905733688468,1,0.5
1,5,42,logistic_regression,358,212,0,0.4121250184400306,0,0.5
1,5,42,logistic_regression,366,143,0,0.3700616813569242,0,0.5
1,5,42,logistic_regression,369,82,0,0.4383472454080841,0,0.5
1,5,42,logistic_regression,373,312,0,0.4149938124422017,0,0.5
1,5,42,logistic_regression,381,145,0,0.3900816511589123,0,0.5
1,5,42,logistic_regression,383,134,1,0.4121934714556889,0,0.5
1,5,42,logistic_regression,395,82,0,0.4383472454080841,0,0.5
1,5,42,logistic_regression,399,209,0,0.41743453155567756,0,0.5
1,5,42,logistic_regression,409,54,0,0.4205792734947927,0,0.5
1,5,42,logistic_regression,410,171,0,0.3947427742778267,0,0.5
1,5,42,logistic_regression,412,87,0,0.376223384818806,0,0.5
1,5,42,logistic_regression,419,149,0,0.36551864915062376,0,0.5
1,5,42,logistic_regression,426,114,0,0.6208975621927403,1,0.5
1,5,42,logistic_regression,427,161,0,0.434664951175321,0,0.5
1,5,42,logistic_regression,434,192,1,0.39591934132356343,0,0.5
1,5,42,logistic_regression,435,54,0,0.4205792734947927,0,0.5
1,5,42,logistic_regression,447,63,0,0.4123665063931901,0,0.5
1,5,42,logistic_regression,455,77,0,0.22944433157339042,0,0.5
1,5,42,logistic_regression,459,3,0,0.4130229427690038,0,0.5
1,5,42,logistic_regression,467,41,0,0.29850959361878826,0,0.5
1,5,42,logistic_regression,468,11,0,0.20937187274854901,0,0.5
1,5,42,logistic_regression,474,640,0,0.5313400937824628,1,0.5
1,5,42,logistic_regression,476,753,0,0.44473554489073364,0,0.5
1,5,42,logistic_regression,483,190,0,0.4647484147227394,0,0.5
1,5,42,logistic_regression,490,375,0,0.630085306764718,1,0.5
1,5,42,logistic_regression,497,356,0,0.470677302280378,0,0.5
1,5,42,logistic_regression,500,763,0,0.44364893247804127,0,0.5
1,5,42,logistic_regression,503,735,0,0.5908315270704209,1,0.5
1,5,42,logistic_regression,504,428,0,0.4518753710338699,0,0.5
1,5,42,logistic_regression,516,174,0,0.3891947724821222,0,0.5
1,5,42,logistic_regression,520,53,0,0.39458535358453434,0,0.5
1,5,42,logistic_regression,524,628,0,0.5219581131802283,1,0.5
1,5,42,logistic_regression,528,547,0,0.4277314405925835,0,0.5
1,5,42,logistic_regression,537,365,0,0.45232528069811706,0,0.5
1,5,42,logistic_regression,542,146,0,0.37738185887978504,0,0.5
1,5,42,logistic_regression,551,639,0,0.43129806170645224,0,0.5
1,5,42,logistic_regression,552,105,0,0.37628074453451243,0,0.5
1,5,42,logistic_regression,567,383,0,0.5649997886136918,1,0.5
1,5,42,logistic_regression,571,257,0,0.44368388619547133,0,0.5
1,5,42,logistic_regression,575,54,0,0.4205792734947927,0,0.5
1,5,42,logistic_regression,581,59,0,0.41240506878389277,0,0.5
1,5,42,logistic_regression,586,150,0,0.3811103761372854,0,0.5
1,5,42,logistic_regression,591,244,0,0.36338852302200575,0,0.5
1,5,42,logistic_regression,597,133,0,0.884254752744367,1,0.5
1,5,42,logistic_regression,598,54,1,0.4205792734947927,0,0.5
1,5,42,logistic_regression,606,539,0,0.4544148202220138,0,0.5
1,5,42,logistic_regression,607,566,0,0.4474287365899981,0,0.5
1,5,42,logistic_regression,611,311,0,0.4441878077261577,0,0.5
1,5,42,logistic_regression,614,341,1,0.6633064280433371,1,0.5
1,5,42,logistic_regression,621,582,0,0.4780281163619273,0,0.5
1,5,42,logistic_regression,627,280,0,0.4665417025762599,0,0.5
1,5,42,logistic_regression,633,261,0,0.4015269157014793,0,0.5
1,5,42,logistic_regression,635,714,0,0.46489026849938636,0,0.5
1,5,42,logistic_regression,636,741,0,0.5311131380341167,1,0.5
1,5,42,logistic_regression,639,52,0,0.41643739569449684,0,0.5
1,5,42,logistic_regression,640,625,0,0.5366088631414264,1,0.5
1,5,42,logistic_regression,644,285,0,0.4882580176703529,0,0.5
1,5,42,logistic_regression,647,277,0,0.49206222086068074,0,0.5
1,5,42,logistic_regression,648,95,0,0.8943860285406909,1,0.5
1,5,42,logistic_regression,651,788,0,0.5421465436997155,1,0.5
1,5,42,logistic_regression,658,85,0,0.3957060496902144,0,0.5
1,5,42,logistic_regression,660,33,0,0.41529833648237263,0,0.5
1,5,42,logistic_regression,662,502,0,0.3609207550887916,0,0.5
1,5,42,logistic_regression,663,310,0,0.4750832488202404,0,0.5
1,5,42,logistic_regression,677,814,0,0.4323166183251566,0,0.5
1,5,42,logistic_regression,679,822,0,0.5889090212399236,1,0.5
1,5,42,logistic_regression,689,340,0,0.4355255281738588,0,0.5
1,5,42,logistic_regression,691,420,0,0.6924451040973304,1,0.5
1,5,42,logistic_regression,698,473,0,0.4453911377675338,0,0.5
1,5,42,logistic_regression,709,374,0,0.5072394179152133,1,0.5
1,5,42,logistic_regression,711,128,0,0.39002350319266066,0,0.5
1,5,42,logistic_regression,724,554,0,0.43484991326979167,0,0.5
1,5,42,logistic_regression,727,589,0,0.5446009845027204,1,0.5
1,5,42,logistic_regression,740,768,0,0.5777842919292842,1,0.5
1,5,42,logistic_regression,742,156,0,0.6077514455338375,1,0.5
1,5,42,logistic_regression,752,676,0,0.463147176392394,0,0.5
1,5,42,logistic_regression,761,607,0,0.49000891298321186,0,0.5
1,5,42,logistic_regression,762,139,0,0.3853547828631718,0,0.5
1,5,42,logistic_regression,771,661,0,0.43238856165405576,0,0.5
1,5,42,logistic_regression,773,23,0,0.3866241544497031,0,0.5
1,5,42,logistic_regression,782,528,0,0.4112704034285105,0,0.5
1,5,42,logistic_regression,789,164,0,0.6791470890200795,1,0.5
1,5,42,logistic_regression,795,690,0,0.6666466126746982,1,0.5
1,5,42,logistic_regression,796,605,0,0.45014381590686475,0,0.5
1,5,42,logistic_regression,800,302,0,0.46219773825444854,0,0.5
1,5,42,logistic_regression,803,106,0,0.42593821199800247,0,0.5
1,5,42,logistic_regression,815,549,0,0.4355407667385743,0,0.5
1,5,42,logistic_regression,823,644,0,0.43418539180261245,0,0.5
1,5,42,logistic_regression,830,699,0,0.4899150708778324,0,0.5
1,5,42,logistic_regression,832,561,0,0.39162294931271696,0,0.5
1,5,42,logistic_regression,833,659,0,0.4352175267842934,0,0.5
1,5,42,logistic_regression,834,569,0,0.3892813026220354,0,0.5
1,5,42,logistic_regression,835,332,0,0.4113121073294382,0,0.5
1,5,42,logistic_regression,842,722,0,0.4701008058819616,0,0.5
1,5,42,logistic_regression,851,298,0,0.4448415681188302,0,0.5
1,5,42,logistic_regression,854,616,0,0.5139501881416166,1,0.5
1,5,42,logistic_regression,855,377,0,0.3697185265761061,0,0.5
1,5,42,xgboost,6,823,1,0.5018884539604187,1,0.5
1,5,42,xgboost,7,413,0,0.0848943367600441,0,0.5
1,5,42,xgboost,34,749,0,0.12536731362342834,0,0.5
1,5,42,xgboost,38,758,0,0.06462915241718292,0,0.5
1,5,42,xgboost,40,746,0,0.2725091874599457,0,0.5
1,5,42,xgboost,64,750,1,0.2988508343696594,0,0.5
1,5,42,xgboost,67,728,0,0.12772125005722046,0,0.5
1,5,42,xgboost,69,705,0,0.1862069070339203,0,0.5
1,5,42,xgboost,73,685,0,0.17464086413383484,0,0.5
1,5,42,xgboost,77,646,0,0.02349879965186119,0,0.5
1,5,42,xgboost,78,693,0,0.08212636411190033,0,0.5
1,5,42,xgboost,82,615,0,0.36224445700645447,0,0.5
1,5,42,xgboost,83,621,0,0.22473175823688507,0,0.5
1,5,42,xgboost,89,632,0,0.4012495279312134,0,0.5
1,5,42,xgboost,95,604,0,0.30359750986099243,0,0.5
1,5,42,xgboost,96,701,1,0.1534246951341629,0,0.5
1,5,42,xgboost,102,599,0,0.3911828398704529,0,0.5
1,5,42,xgboost,109,612,0,0.14943675696849823,0,0.5
1,5,42,xgboost,113,328,0,0.03456360846757889,0,0.5
1,5,42,xgboost,117,570,0,0.25033608078956604,0,0.5
1,5,42,xgboost,118,560,0,0.6084790825843811,1,0.5
1,5,42,xgboost,119,498,0,0.31985044479370117,0,0.5
1,5,42,xgboost,129,557,0,0.050826139748096466,0,0.5
1,5,42,xgboost,133,651,0,0.21638469398021698,0,0.5
1,5,42,xgboost,136,586,0,0.471443235874176,0,0.5
1,5,42,xgboost,138,517,0,0.023390157148241997,0,0.5
1,5,42,xgboost,140,553,0,0.04704861342906952,0,0.5
1,5,42,xgboost,141,194,0,0.20458905398845673,0,0.5
1,5,42,xgboost,145,595,0,0.04856366291642189,0,0.5
1,5,42,xgboost,146,576,0,0.2560795843601227,0,0.5
1,5,42,xgboost,149,594,0,0.08981108665466309,0,0.5
1,5,42,xgboost,152,438,0,0.18417660892009735,0,0.5
1,5,42,xgboost,159,463,0,0.22048918902873993,0,0.5
1,5,42,xgboost,162,481,0,0.19552728533744812,0,0.5
1,5,42,xgboost,166,515,0,0.19337445497512817,0,0.5
1,5,42,xgboost,167,461,0,0.6488620638847351,1,0.5
1,5,42,xgboost,170,434,0,0.3837321698665619,0,0.5
1,5,42,xgboost,175,412,0,0.503915548324585,1,0.5
1,5,42,xgboost,176,452,0,0.2917155921459198,0,0.5
1,5,42,xgboost,190,513,0,0.4196537435054779,0,0.5
1,5,42,xgboost,192,459,0,0.4570794999599457,0,0.5
1,5,42,xgboost,195,429,0,0.07174092531204224,0,0.5
1,5,42,xgboost,197,442,0,0.38004302978515625,0,0.5
1,5,42,xgboost,202,454,0,0.4780507981777191,0,0.5
1,5,42,xgboost,205,388,1,0.2932524085044861,0,0.5
1,5,42,xgboost,207,437,0,0.2739802598953247,0,0.5
1,5,42,xgboost,211,453,0,0.018005957826972008,0,0.5
1,5,42,xgboost,217,408,0,0.24236632883548737,0,0.5
1,5,42,xgboost,219,324,0,0.07096520811319351,0,0.5
1,5,42,xgboost,220,406,0,0.23988720774650574,0,0.5
1,5,42,xgboost,227,394,0,0.36980801820755005,0,0.5
1,5,42,xgboost,233,345,0,0.13589291274547577,0,0.5
1,5,42,xgboost,234,406,0,0.23988720774650574,0,0.5
1,5,42,xgboost,240,334,0,0.21199698746204376,0,0.5
1,5,42,xgboost,243,402,0,0.09769072383642197,0,0.5
1,5,42,xgboost,246,487,0,0.3481433689594269,0,0.5
1,5,42,xgboost,257,273,1,0.5981480479240417,1,0.5
1,5,42,xgboost,269,410,0,0.3740386962890625,0,0.5
1,5,42,xgboost,271,359,0,0.20100469887256622,0,0.5
1,5,42,xgboost,279,263,0,0.23354797065258026,0,0.5
1,5,42,xgboost,285,430,0,0.03703607991337776,0,0.5
1,5,42,xgboost,294,288,0,0.2515128552913666,0,0.5
1,5,42,xgboost,308,382,0,0.16229704022407532,0,0.5
1,5,42,xgboost,317,170,0,0.13449178636074066,0,0.5
1,5,42,xgboost,319,293,0,0.3877812325954437,0,0.5
1,5,42,xgboost,320,271,1,0.21408751606941223,0,0.5
1,5,42,xgboost,325,169,1,0.6105947494506836,1,0.5
1,5,42,xgboost,329,290,0,0.16496258974075317,0,0.5
1,5,42,xgboost,331,446,0,0.318159282207489,0,0.5
1,5,42,xgboost,341,121,0,0.22150254249572754,0,0.5
1,5,42,xgboost,346,149,0,0.21545350551605225,0,0.5
1,5,42,xgboost,348,125,0,0.45151588320732117,0,0.5
1,5,42,xgboost,351,155,0,0.17530357837677002,0,0.5
1,5,42,xgboost,355,140,0,0.4688444435596466,0,0.5
1,5,42,xgboost,358,212,0,0.5634767413139343,1,0.5
1,5,42,xgboost,366,143,0,0.11525346338748932,0,0.5
1,5,42,xgboost,369,82,0,0.2656056582927704,0,0.5
1,5,42,xgboost,373,312,0,0.19800560176372528,0,0.5
1,5,42,xgboost,381,145,0,0.1366628259420395,0,0.5
1,5,42,xgboost,383,134,1,0.16279098391532898,0,0.5
1,5,42,xgboost,395,82,0,0.2656056582927704,0,0.5
1,5,42,xgboost,399,209,0,0.5074166655540466,1,0.5
1,5,42,xgboost,409,54,0,0.05451808497309685,0,0.5
1,5,42,xgboost,410,171,0,0.6916043758392334,1,0.5
1,5,42,xgboost,412,87,0,0.0887620598077774,0,0.5
1,5,42,xgboost,419,149,0,0.21545350551605225,0,0.5
1,5,42,xgboost,426,114,0,0.12797129154205322,0,0.5
1,5,42,xgboost,427,161,0,0.18270644545555115,0,0.5
1,5,42,xgboost,434,192,1,0.39531469345092773,0,0.5
1,5,42,xgboost,435,54,0,0.05451808497309685,0,0.5
1,5,42,xgboost,447,63,0,0.04498576745390892,0,0.5
1,5,42,xgboost,455,77,0,0.14910636842250824,0,0.5
1,5,42,xgboost,459,3,0,0.04702213034033775,0,0.5
1,5,42,xgboost,467,41,0,0.06969631463289261,0,0.5
1,5,42,xgboost,468,11,0,0.0318266823887825,0,0.5
1,5,42,xgboost,474,640,0,0.2876432240009308,0,0.5
1,5,42,xgboost,476,753,0,0.08073573559522629,0,0.5
1,5,42,xgboost,483,190,0,0.20994803309440613,0,0.5
1,5,42,xgboost,490,375,0,0.2617061138153076,0,0.5
1,5,42,xgboost,497,356,0,0.3561280071735382,0,0.5
1,5,42,xgboost,500,763,0,0.20199133455753326,0,0.5
1,5,42,xgboost,503,735,0,0.052802179008722305,0,0.5
1,5,42,xgboost,504,428,0,0.05443877354264259,0,0.5
1,5,42,xgboost,516,174,0,0.10286147892475128,0,0.5
1,5,42,xgboost,520,53,0,0.05756881460547447,0,0.5
1,5,42,xgboost,524,628,0,0.5519804954528809,1,0.5
1,5,42,xgboost,528,547,0,0.4524489939212799,0,0.5
1,5,42,xgboost,537,365,0,0.18225596845149994,0,0.5
1,5,42,xgboost,542,146,0,0.08358710259199142,0,0.5
1,5,42,xgboost,551,639,0,0.5060677528381348,1,0.5
1,5,42,xgboost,552,105,0,0.0693684071302414,0,0.5
1,5,42,xgboost,567,383,0,0.466288685798645,0,0.5
1,5,42,xgboost,571,257,0,0.4208817183971405,0,0.5
1,5,42,xgboost,575,54,0,0.05451808497309685,0,0.5
1,5,42,xgboost,581,59,0,0.05653155967593193,0,0.5
1,5,42,xgboost,586,150,0,0.11728890985250473,0,0.5
1,5,42,xgboost,591,244,0,0.5817167162895203,1,0.5
1,5,42,xgboost,597,133,0,0.4644032120704651,0,0.5
1,5,42,xgboost,598,54,1,0.05451808497309685,0,0.5
1,5,42,xgboost,606,539,0,0.24136117100715637,0,0.5
1,5,42,xgboost,607,566,0,0.14395052194595337,0,0.5
1,5,42,xgboost,611,311,0,0.13190320134162903,0,0.5
1,5,42,xgboost,614,341,1,0.10292182862758636,0,0.5
1,5,42,xgboost,621,582,0,0.14243201911449432,0,0.5
1,5,42,xgboost,627,280,0,0.12648724019527435,0,0.5
1,5,42,xgboost,633,261,0,0.2840029299259186,0,0.5
1,5,42,xgboost,635,714,0,0.09191371500492096,0,0.5
1,5,42,xgboost,636,741,0,0.09736807644367218,0,0.5
1,5,42,xgboost,639,52,0,0.04702213034033775,0,0.5
1,5,42,xgboost,640,625,0,0.3273075520992279,0,0.5
1,5,42,xgboost,644,285,0,0.2814045548439026,0,0.5
1,5,42,xgboost,647,277,0,0.23808957636356354,0,0.5
1,5,42,xgboost,648,95,0,0.525885283946991,1,0.5
1,5,42,xgboost,651,788,0,0.035578250885009766,0,0.5
1,5,42,xgboost,658,85,0,0.11597441136837006,0,0.5
1,5,42,xgboost,660,33,0,0.04702213034033775,0,0.5
1,5,42,xgboost,662,502,0,0.09250510483980179,0,0.5
1,5,42,xgboost,663,310,0,0.3841573894023895,0,0.5
1,5,42,xgboost,677,814,0,0.03884220868349075,0,0.5
1,5,42,xgboost,679,822,0,0.2092185765504837,0,0.5
1,5,42,xgboost,689,340,0,0.06585967540740967,0,0.5
1,5,42,xgboost,691,420,0,0.5937809348106384,1,0.5
1,5,42,xgboost,698,473,0,0.46313750743865967,0,0.5
1,5,42,xgboost,709,374,0,0.18073225021362305,0,0.5
1,5,42,xgboost,711,128,0,0.1579507738351822,0,0.5
1,5,42,xgboost,724,554,0,0.07702455669641495,0,0.5
1,5,42,xgboost,727,589,0,0.5488321781158447,1,0.5
1,5,42,xgboost,740,768,0,0.05366698279976845,0,0.5
1,5,42,xgboost,742,156,0,0.3006110191345215,0,0.5
1,5,42,xgboost,752,676,0,0.08904396742582321,0,0.5
1,5,42,xgboost,761,607,0,0.16518229246139526,0,0.5
1,5,42,xgboost,762,139,0,0.20374736189842224,0,0.5
1,5,42,xgboost,771,661,0,0.24117791652679443,0,0.5
1,5,42,xgboost,773,23,0,0.14398914575576782,0,0.5
1,5,42,xgboost,782,528,0,0.2420402616262436,0,0.5
1,5,42,xgboost,789,164,0,0.7426403760910034,1,0.5
1,5,42,xgboost,795,690,0,0.7828717231750488,1,0.5
1,5,42,xgboost,796,605,0,0.06067892536520958,0,0.5
1,5,42,xgboost,800,302,0,0.0386715903878212,0,0.5
1,5,42,xgboost,803,106,0,0.24517494440078735,0,0.5
1,5,42,xgboost,815,549,0,0.3155498504638672,0,0.5
1,5,42,xgboost,823,644,0,0.37938594818115234,0,0.5
1,5,42,xgboost,830,699,0,0.512526273727417,1,0.5
1,5,42,xgboost,832,561,0,0.1761142760515213,0,0.5
1,5,42,xgboost,833,659,0,0.22067272663116455,0,0.5
1,5,42,xgboost,834,569,0,0.07688399404287338,0,0.5
1,5,42,xgboost,835,332,0,0.07218064367771149,0,0.5
1,5,42,xgboost,842,722,0,0.1468326896429062,0,0.5
1,5,42,xgboost,851,298,0,0.17758402228355408,0,0.5
1,5,42,xgboost,854,616,0,0.07826332002878189,0,0.5
1,5,42,xgboost,855,377,0,0.16526754200458527,0,0.5
2,1,43,dummy_prior,0,109,0,0.0641399416909621,0,0.5
2,1,43,dummy_prior,1,7,0,0.0641399416909621,0,0.5
2,1,43,dummy_prior,3,825,0,0.0641399416909621,0,0.5
2,1,43,dummy_prior,5,796,0,0.0641399416909621,0,0.5
2,1,43,dummy_prior,8,809,0,0.0641399416909621,0,0.5
2,1,43,dummy_prior,14,798,0,0.0641399416909621,0,0.5
2,1,43,dummy_prior,28,742,0,0.0641399416909621,0,0.5
2,1,43,dummy_prior,31,771,0,0.0641399416909621,0,0.5
2,1,43,dummy_prior,34,749,0,0.0641399416909621,0,0.5
2,1,43,dummy_prior,36,760,0,0.0641399416909621,0,0.5
2,1,43,dummy_prior,39,719,0,0.0641399416909621,0,0.5
2,1,43,dummy_prior,42,724,0,0.0641399416909621,0,0.5
2,1,43,dummy_prior,53,695,0,0.0641399416909621,0,0.5
2,1,43,dummy_prior,58,683,0,0.0641399416909621,0,0.5
2,1,43,dummy_prior,65,736,0,0.0641399416909621,0,0.5
2,1,43,dummy_prior,68,696,0,0.0641399416909621,0,0.5
2,1,43,dummy_prior,72,664,0,0.0641399416909621,0,0.5
2,1,43,dummy_prior,78,693,0,0.0641399416909621,0,0.5
2,1,43,dummy_prior,81,593,0,0.0641399416909621,0,0.5
2,1,43,dummy_prior,85,657,0,0.0641399416909621,0,0.5
2,1,43,dummy_prior,87,703,0,0.0641399416909621,0,0.5
2,1,43,dummy_prior,96,701,1,0.0641399416909621,0,0.5
2,1,43,dummy_prior,99,641,0,0.0641399416909621,0,0.5
2,1,43,dummy_prior,112,573,0,0.0641399416909621,0,0.5
2,1,43,dummy_prior,113,328,0,0.0641399416909621,0,0.5
2,1,43,dummy_prior,118,560,0,0.0641399416909621,0,0.5
2,1,43,dummy_prior,122,592,0,0.0641399416909621,0,0.5
2,1,43,dummy_prior,145,595,0,0.0641399416909621,0,0.5
2,1,43,dummy_prior,149,594,0,0.0641399416909621,0,0.5
2,1,43,dummy_prior,150,489,0,0.0641399416909621,0,0.5
2,1,43,dummy_prior,152,438,0,0.0641399416909621,0,0.5
2,1,43,dummy_prior,153,423,0,0.0641399416909621,0,0.5
2,1,43,dummy_prior,155,507,0,0.0641399416909621,0,0.5
2,1,43,dummy_prior,163,509,1,0.0641399416909621,0,0.5
2,1,43,dummy_prior,164,546,0,0.0641399416909621,0,0.5
2,1,43,dummy_prior,166,515,0,0.0641399416909621,0,0.5
2,1,43,dummy_prior,170,434,0,0.0641399416909621,0,0.5
2,1,43,dummy_prior,171,418,0,0.0641399416909621,0,0.5
2,1,43,dummy_prior,177,468,0,0.0641399416909621,0,0.5
2,1,43,dummy_prior,183,491,0,0.0641399416909621,0,0.5
2,1,43,dummy_prior,186,404,0,0.0641399416909621,0,0.5
2,1,43,dummy_prior,189,380,0,0.0641399416909621,0,0.5
2,1,43,dummy_prior,198,447,0,0.0641399416909621,0,0.5
2,1,43,dummy_prior,204,222,0,0.0641399416909621,0,0.5
2,1,43,dummy_prior,206,496,0,0.0641399416909621,0,0.5
2,1,43,dummy_prior,208,470,0,0.0641399416909621,0,0.5
2,1,43,dummy_prior,211,453,0,0.0641399416909621,0,0.5
2,1,43,dummy_prior,214,550,1,0.0641399416909621,0,0.5
2,1,43,dummy_prior,217,408,0,0.0641399416909621,0,0.5
2,1,43,dummy_prior,219,324,0,0.0641399416909621,0,0.5
2,1,43,dummy_prior,229,466,0,0.0641399416909621,0,0.5
2,1,43,dummy_prior,245,253,0,0.0641399416909621,0,0.5
2,1,43,dummy_prior,247,292,0,0.0641399416909621,0,0.5
2,1,43,dummy_prior,253,279,0,0.0641399416909621,0,0.5
2,1,43,dummy_prior,256,366,0,0.0641399416909621,0,0.5
2,1,43,dummy_prior,258,245,0,0.0641399416909621,0,0.5
2,1,43,dummy_prior,280,303,0,0.0641399416909621,0,0.5
2,1,43,dummy_prior,281,238,0,0.0641399416909621,0,0.5
2,1,43,dummy_prior,286,240,0,0.0641399416909621,0,0.5
2,1,43,dummy_prior,294,288,0,0.0641399416909621,0,0.5
2,1,43,dummy_prior,296,358,0,0.0641399416909621,0,0.5
2,1,43,dummy_prior,302,323,0,0.0641399416909621,0,0.5
2,1,43,dummy_prior,304,331,0,0.0641399416909621,0,0.5
2,1,43,dummy_prior,307,287,0,0.0641399416909621,0,0.5
2,1,43,dummy_prior,308,382,0,0.0641399416909621,0,0.5
2,1,43,dummy_prior,313,370,0,0.0641399416909621,0,0.5
2,1,43,dummy_prior,319,293,0,0.0641399416909621,0,0.5
2,1,43,dummy_prior,321,269,0,0.0641399416909621,0,0.5
2,1,43,dummy_prior,322,180,0,0.0641399416909621,0,0.5
2,1,43,dummy_prior,331,446,0,0.0641399416909621,0,0.5
2,1,43,dummy_prior,332,583,0,0.0641399416909621,0,0.5
2,1,43,dummy_prior,335,525,1,0.0641399416909621,0,0.5
2,1,43,dummy_prior,341,121,0,0.0641399416909621,0,0.5
2,1,43,dummy_prior,342,228,0,0.0641399416909621,0,0.5
2,1,43,dummy_prior,346,149,0,0.0641399416909621,0,0.5
2,1,43,dummy_prior,354,811,0,0.0641399416909621,0,0.5
2,1,43,dummy_prior,358,212,0,0.0641399416909621,0,0.5
2,1,43,dummy_prior,359,733,0,0.0641399416909621,0,0.5
2,1,43,dummy_prior,363,72,0,0.0641399416909621,0,0.5
2,1,43,dummy_prior,366,143,0,0.0641399416909621,0,0.5
2,1,43,dummy_prior,381,145,0,0.0641399416909621,0,0.5
2,1,43,dummy_prior,384,78,0,0.0641399416909621,0,0.5
2,1,43,dummy_prior,400,55,0,0.0641399416909621,0,0.5
2,1,43,dummy_prior,403,64,0,0.0641399416909621,0,0.5
2,1,43,dummy_prior,419,149,0,0.0641399416909621,0,0.5
2,1,43,dummy_prior,420,97,0,0.0641399416909621,0,0.5
2,1,43,dummy_prior,421,433,1,0.0641399416909621,0,0.5
2,1,43,dummy_prior,427,161,0,0.0641399416909621,0,0.5
2,1,43,dummy_prior,430,153,0,0.0641399416909621,0,0.5
2,1,43,dummy_prior,438,195,0,0.0641399416909621,0,0.5
2,1,43,dummy_prior,440,7,0,0.0641399416909621,0,0.5
2,1,43,dummy_prior,445,36,0,0.0641399416909621,0,0.5
2,1,43,dummy_prior,446,107,0,0.0641399416909621,0,0.5
2,1,43,dummy_prior,447,63,0,0.0641399416909621,0,0.5
2,1,43,dummy_prior,451,32,0,0.0641399416909621,0,0.5
2,1,43,dummy_prior,454,7,0,0.0641399416909621,0,0.5
2,1,43,dummy_prior,464,25,0,0.0641399416909621,0,0.5
2,1,43,dummy_prior,466,7,0,0.0641399416909621,0,0.5
2,1,43,dummy_prior,467,41,0,0.0641399416909621,0,0.5
2,1,43,dummy_prior,475,154,0,0.0641399416909621,0,0.5
2,1,43,dummy_prior,476,753,0,0.0641399416909621,0,0.5
2,1,43,dummy_prior,477,751,0,0.0641399416909621,0,0.5
2,1,43,dummy_prior,478,534,0,0.0641399416909621,0,0.5
2,1,43,dummy_prior,482,757,0,0.0641399416909621,0,0.5
2,1,43,dummy_prior,486,496,0,0.0641399416909621,0,0.5
2,1,43,dummy_prior,505,306,0,0.0641399416909621,0,0.5
2,1,43,dummy_prior,506,711,0,0.0641399416909621,0,0.5
2,1,43,dummy_prior,522,37,0,0.0641399416909621,0,0.5
2,1,43,dummy_prior,532,364,0,0.0641399416909621,0,0.5
2,1,43,dummy_prior,534,93,0,0.0641399416909621,0,0.5
2,1,43,dummy_prior,538,361,0,0.0641399416909621,0,0.5
2,1,43,dummy_prior,539,76,1,0.0641399416909621,0,0.5
2,1,43,dummy_prior,543,40,0,0.0641399416909621,0,0.5
2,1,43,dummy_prior,549,662,1,0.0641399416909621,0,0.5
2,1,43,dummy_prior,557,458,0,0.0641399416909621,0,0.5
2,1,43,dummy_prior,558,255,0,0.0641399416909621,0,0.5
2,1,43,dummy_prior,572,373,0,0.0641399416909621,0,0.5
2,1,43,dummy_prior,577,196,0,0.0641399416909621,0,0.5
2,1,43,dummy_prior,580,55,0,0.0641399416909621,0,0.5
2,1,43,dummy_prior,586,150,0,0.0641399416909621,0,0.5
2,1,43,dummy_prior,601,504,0,0.0641399416909621,0,0.5
2,1,43,dummy_prior,610,230,1,0.0641399416909621,0,0.5
2,1,43,dummy_prior,611,311,0,0.0641399416909621,0,0.5
2,1,43,dummy_prior,612,225,0,0.0641399416909621,0,0.5
2,1,43,dummy_prior,616,376,0,0.0641399416909621,0,0.5
2,1,43,dummy_prior,617,157,0,0.0641399416909621,0,0.5
2,1,43,dummy_prior,622,710,0,0.0641399416909621,0,0.5
2,1,43,dummy_prior,628,779,0,0.0641399416909621,0,0.5
2,1,43,dummy_prior,639,52,0,0.0641399416909621,0,0.5
2,1,43,dummy_prior,641,761,0,0.0641399416909621,0,0.5
2,1,43,dummy_prior,645,471,0,0.0641399416909621,0,0.5
2,1,43,dummy_prior,650,421,0,0.0641399416909621,0,0.5
2,1,43,dummy_prior,657,260,0,0.0641399416909621,0,0.5
2,1,43,dummy_prior,660,33,0,0.0641399416909621,0,0.5
2,1,43,dummy_prior,666,67,0,0.0641399416909621,0,0.5
2,1,43,dummy_prior,671,824,1,0.0641399416909621,0,0.5
2,1,43,dummy_prior,675,808,0,0.0641399416909621,0,0.5
2,1,43,dummy_prior,684,815,0,0.0641399416909621,0,0.5
2,1,43,dummy_prior,689,340,0,0.0641399416909621,0,0.5
2,1,43,dummy_prior,699,111,0,0.0641399416909621,0,0.5
2,1,43,dummy_prior,701,524,0,0.0641399416909621,0,0.5
2,1,43,dummy_prior,704,781,0,0.0641399416909621,0,0.5
2,1,43,dummy_prior,711,128,0,0.0641399416909621,0,0.5
2,1,43,dummy_prior,726,530,0,0.0641399416909621,0,0.5
2,1,43,dummy_prior,728,623,0,0.0641399416909621,0,0.5
2,1,43,dummy_prior,730,775,0,0.0641399416909621,0,0.5
2,1,43,dummy_prior,741,129,0,0.0641399416909621,0,0.5
2,1,43,dummy_prior,744,66,0,0.0641399416909621,0,0.5
2,1,43,dummy_prior,752,676,0,0.0641399416909621,0,0.5
2,1,43,dummy_prior,753,166,1,0.0641399416909621,0,0.5
2,1,43,dummy_prior,754,508,1,0.0641399416909621,0,0.5
2,1,43,dummy_prior,755,563,0,0.0641399416909621,0,0.5
2,1,43,dummy_prior,761,607,0,0.0641399416909621,0,0.5
2,1,43,dummy_prior,765,398,0,0.0641399416909621,0,0.5
2,1,43,dummy_prior,770,357,0,0.0641399416909621,0,0.5
2,1,43,dummy_prior,771,661,0,0.0641399416909621,0,0.5
2,1,43,dummy_prior,779,656,0,0.0641399416909621,0,0.5
2,1,43,dummy_prior,789,164,0,0.0641399416909621,0,0.5
2,1,43,dummy_prior,790,350,0,0.0641399416909621,0,0.5
2,1,43,dummy_prior,796,605,0,0.0641399416909621,0,0.5
2,1,43,dummy_prior,800,302,0,0.0641399416909621,0,0.5
2,1,43,dummy_prior,801,691,0,0.0641399416909621,0,0.5
2,1,43,dummy_prior,804,543,0,0.0641399416909621,0,0.5
2,1,43,dummy_prior,805,668,0,0.0641399416909621,0,0.5
2,1,43,dummy_prior,809,519,0,0.0641399416909621,0,0.5
2,1,43,dummy_prior,810,116,0,0.0641399416909621,0,0.5
2,1,43,dummy_prior,818,700,0,0.0641399416909621,0,0.5
2,1,43,dummy_prior,828,634,0,0.0641399416909621,0,0.5
2,1,43,dummy_prior,833,659,0,0.0641399416909621,0,0.5
2,1,43,dummy_prior,836,743,0,0.0641399416909621,0,0.5
2,1,43,dummy_prior,843,567,0,0.0641399416909621,0,0.5
2,1,43,dummy_prior,856,635,0,0.0641399416909621,0,0.5
2,1,43,logistic_regression,0,109,0,0.4300932375578648,0,0.5
2,1,43,logistic_regression,1,7,0,0.42696532308864565,0,0.5
2,1,43,logistic_regression,3,825,0,0.13992658806325073,0,0.5
2,1,43,logistic_regression,5,796,0,0.4252662425949411,0,0.5
2,1,43,logistic_regression,8,809,0,0.3912144432892887,0,0.5
2,1,43,logistic_regression,14,798,0,0.29262855124435455,0,0.5
2,1,43,logistic_regression,28,742,0,0.4784899542232031,0,0.5
2,1,43,logistic_regression,31,771,0,0.6796879171435759,1,0.5
2,1,43,logistic_regression,34,749,0,0.08403625321841822,0,0.5
2,1,43,logistic_regression,36,760,0,0.36241636956657286,0,0.5
2,1,43,logistic_regression,39,719,0,0.40393791312945915,0,0.5
2,1,43,logistic_regression,42,724,0,0.5019442578502933,1,0.5
2,1,43,logistic_regression,53,695,0,0.46296393592033147,0,0.5
2,1,43,logistic_regression,58,683,0,0.35930535813358366,0,0.5
2,1,43,logistic_regression,65,736,0,0.31677969689321184,0,0.5
2,1,43,logistic_regression,68,696,0,0.5696464553197791,1,0.5
2,1,43,logistic_regression,72,664,0,0.3795264396708226,0,0.5
2,1,43,logistic_regression,78,693,0,0.11785510932713204,0,0.5
2,1,43,logistic_regression,81,593,0,0.4414879092583798,0,0.5
2,1,43,logistic_regression,85,657,0,0.4617023498079138,0,0.5
2,1,43,logistic_regression,87,703,0,0.585953536043524,1,0.5
2,1,43,logistic_regression,96,701,1,0.5047745212143311,1,0.5
2,1,43,logistic_regression,99,641,0,0.5642022817791342,1,0.5
2,1,43,logistic_regression,112,573,0,0.8257736057624399,1,0.5
2,1,43,logistic_regression,113,328,0,0.43924170452055816,0,0.5
2,1,43,logistic_regression,118,560,0,0.6070541069637948,1,0.5
2,1,43,logistic_regression,122,592,0,0.42643419394542514,0,0.5
2,1,43,logistic_regression,145,595,0,0.4588162040535321,0,0.5
2,1,43,logistic_regression,149,594,0,0.34911020640350765,0,0.5
2,1,43,logistic_regression,150,489,0,0.43374358505569943,0,0.5
2,1,43,logistic_regression,152,438,0,0.4860240303839734,0,0.5
2,1,43,logistic_regression,153,423,0,0.555015479587695,1,0.5
2,1,43,logistic_regression,155,507,0,0.5983918565247422,1,0.5
2,1,43,logistic_regression,163,509,1,0.4097540392390967,0,0.5
2,1,43,logistic_regression,164,546,0,0.38154265404039367,0,0.5
2,1,43,logistic_regression,166,515,0,0.529704006587043,1,0.5
2,1,43,logistic_regression,170,434,0,0.04400559510307346,0,0.5
2,1,43,logistic_regression,171,418,0,0.4507643862222919,0,0.5
2,1,43,logistic_regression,177,468,0,0.3992536264073384,0,0.5
2,1,43,logistic_regression,183,491,0,0.4160008171293284,0,0.5
2,1,43,logistic_regression,186,404,0,0.7285047479960156,1,0.5
2,1,43,logistic_regression,189,380,0,0.4823838554614786,0,0.5
2,1,43,logistic_regression,198,447,0,0.4145576772903106,0,0.5
2,1,43,logistic_regression,204,222,0,0.4367480087391816,0,0.5
2,1,43,logistic_regression,206,496,0,0.39716283541601216,0,0.5
2,1,43,logistic_regression,208,470,0,0.3840398393103473,0,0.5
2,1,43,logistic_regression,211,453,0,0.45852538569367257,0,0.5
2,1,43,logistic_regression,214,550,1,0.44302691252703946,0,0.5
2,1,43,logistic_regression,217,408,0,0.449917984660872,0,0.5
2,1,43,logistic_regression,219,324,0,0.4673285877394749,0,0.5
2,1,43,logistic_regression,229,466,0,0.4800043639354457,0,0.5
2,1,43,logistic_regression,245,253,0,0.40896988929050965,0,0.5
2,1,43,logistic_regression,247,292,0,0.3911221285693747,0,0.5
2,1,43,logistic_regression,253,279,0,0.4154743044018867,0,0.5
2,1,43,logistic_regression,256,366,0,0.3838028432868352,0,0.5
2,1,43,logistic_regression,258,245,0,0.3864276551135854,0,0.5
2,1,43,logistic_regression,280,303,0,0.42019045463456844,0,0.5
2,1,43,logistic_regression,281,238,0,0.3799048568562796,0,0.5
2,1,43,logistic_regression,286,240,0,0.42067120064057134,0,0.5
2,1,43,logistic_regression,294,288,0,0.42679243802019184,0,0.5
2,1,43,logistic_regression,296,358,0,0.4296430727871652,0,0.5
2,1,43,logistic_regression,302,323,0,0.5205572392148065,1,0.5
2,1,43,logistic_regression,304,331,0,0.388379922676352,0,0.5
2,1,43,logistic_regression,307,287,0,0.3895017952458783,0,0.5
2,1,43,logistic_regression,308,382,0,0.4763669978952477,0,0.5
2,1,43,logistic_regression,313,370,0,0.3804107371094041,0,0.5
2,1,43,logistic_regression,319,293,0,0.3874511318992976,0,0.5
2,1,43,logistic_regression,321,269,0,0.3952718023448666,0,0.5
2,1,43,logistic_regression,322,180,0,0.39526684062028067,0,0.5
2,1,43,logistic_regression,331,446,0,0.38393261795010103,0,0.5
2,1,43,logistic_regression,332,583,0,0.36484237905794653,0,0.5
2,1,43,logistic_regression,335,525,1,0.40899195209227507,0,0.5
2,1,43,logistic_regression,341,121,0,0.38672302645419915,0,0.5
2,1,43,logistic_regression,342,228,0,0.3853686393438643,0,0.5
2,1,43,logistic_regression,346,149,0,0.382175154485573,0,0.5
2,1,43,logistic_regression,354,811,0,0.3905161797650576,0,0.5
2,1,43,logistic_regression,358,212,0,0.42091655251696375,0,0.5
2,1,43,logistic_regression,359,733,0,0.4450063136662456,0,0.5
2,1,43,logistic_regression,363,72,0,0.38055041649216603,0,0.5
2,1,43,logistic_regression,366,143,0,0.37954765256593004,0,0.5
2,1,43,logistic_regression,381,145,0,0.37921774379116846,0,0.5
2,1,43,logistic_regression,384,78,0,0.7243168146443494,1,0.5
2,1,43,logistic_regression,400,55,0,0.382609259222643,0,0.5
2,1,43,logistic_regression,403,64,0,0.43031417598972627,0,0.5
2,1,43,logistic_regression,419,149,0,0.382175154485573,0,0.5
2,1,43,logistic_regression,420,97,0,0.3870773798565232,0,0.5
2,1,43,logistic_regression,421,433,1,0.36772190986281955,0,0.5
2,1,43,logistic_regression,427,161,0,0.4630636563980187,0,0.5
2,1,43,logistic_regression,430,153,0,0.3841155924903302,0,0.5
2,1,43,logistic_regression,438,195,0,0.43224744764749207,0,0.5
2,1,43,logistic_regression,440,7,0,0.42696532308864565,0,0.5
2,1,43,logistic_regression,445,36,0,0.38740493287414685,0,0.5
2,1,43,logistic_regression,446,107,0,0.4953245868536571,0,0.5
2,1,43,logistic_regression,447,63,0,0.42652433818708824,0,0.5
2,1,43,logistic_regression,451,32,0,0.4333728084448162,0,0.5
2,1,43,logistic_regression,454,7,0,0.42696532308864565,0,0.5
2,1,43,logistic_regression,464,25,0,0.36821561840474215,0,0.5
2,1,43,logistic_regression,466,7,0,0.42696532308864565,0,0.5
2,1,43,logistic_regression,467,41,0,0.3816642580075574,0,0.5
2,1,43,logistic_regression,475,154,0,0.43490102859762103,0,0.5
2,1,43,logistic_regression,476,753,0,0.3822773529509763,0,0.5
2,1,43,logistic_regression,477,751,0,0.4139263233164515,0,0.5
2,1,43,logistic_regression,478,534,0,0.33437050598952206,0,0.5
2,1,43,logistic_regression,482,757,0,0.5709143998343758,1,0.5
2,1,43,logistic_regression,486,496,0,0.39716283541601216,0,0.5
2,1,43,logistic_regression,505,306,0,0.37538360138738075,0,0.5
2,1,43,logistic_regression,506,711,0,0.11878586206163921,0,0.5
2,1,43,logistic_regression,522,37,0,0.3779999215008287,0,0.5
2,1,43,logistic_regression,532,364,0,0.42685987893846,0,0.5
2,1,43,logistic_regression,534,93,0,0.37976828526908324,0,0.5
2,1,43,logistic_regression,538,361,0,0.37721465731781567,0,0.5
2,1,43,logistic_regression,539,76,1,0.7450239053009018,1,0.5
2,1,43,logistic_regression,543,40,0,0.3897193290159542,0,0.5
2,1,43,logistic_regression,549,662,1,0.5093358812305167,1,0.5
2,1,43,logistic_regression,557,458,0,0.36559786431698493,0,0.5
2,1,43,logistic_regression,558,255,0,0.4491460054994392,0,0.5
2,1,43,logistic_regression,572,373,0,0.5684940000707304,1,0.5
2,1,43,logistic_regression,577,196,0,0.42395133068487434,0,0.5
2,1,43,logistic_regression,580,55,0,0.382609259222643,0,0.5
2,1,43,logistic_regression,586,150,0,0.4737670226379116,0,0.5
2,1,43,logistic_regression,601,504,0,0.5024522543607841,1,0.5
2,1,43,logistic_regression,610,230,1,0.4744165509331262,0,0.5
2,1,43,logistic_regression,611,311,0,0.4374659038757913,0,0.5
2,1,43,logistic_regression,612,225,0,0.3856566832441953,0,0.5
2,1,43,logistic_regression,616,376,0,0.5491203821894571,1,0.5
2,1,43,logistic_regression,617,157,0,0.38593611287149665,0,0.5
2,1,43,logistic_regression,622,710,0,0.3582652042128942,0,0.5
2,1,43,logistic_regression,628,779,0,0.7449935380167624,1,0.5
2,1,43,logistic_regression,639,52,0,0.42556779853710497,0,0.5
2,1,43,logistic_regression,641,761,0,0.42078857774993594,0,0.5
2,1,43,logistic_regression,645,471,0,0.4653025765929157,0,0.5
2,1,43,logistic_regression,650,421,0,0.5639095071632669,1,0.5
2,1,43,logistic_regression,657,260,0,0.5686421359292148,1,0.5
2,1,43,logistic_regression,660,33,0,0.4267448160796038,0,0.5
2,1,43,logistic_regression,666,67,0,0.3827408538141139,0,0.5
2,1,43,logistic_regression,671,824,1,0.2165022792284859,0,0.5
2,1,43,logistic_regression,675,808,0,0.4839156403596031,0,0.5
2,1,43,logistic_regression,684,815,0,0.3662089712485647,0,0.5
2,1,43,logistic_regression,689,340,0,0.4045640754262072,0,0.5
2,1,43,logistic_regression,699,111,0,0.41781673006250136,0,0.5
2,1,43,logistic_regression,701,524,0,0.3742659424852575,0,0.5
2,1,43,logistic_regression,704,781,0,0.40800027153893775,0,0.5
2,1,43,logistic_regression,711,128,0,0.37466430280594903,0,0.5
2,1,43,logistic_regression,726,530,0,0.5814507649328569,1,0.5
2,1,43,logistic_regression,728,623,0,0.5544450992501369,1,0.5
2,1,43,logistic_regression,730,775,0,0.7834817001386485,1,0.5
2,1,43,logistic_regression,741,129,0,0.37466430280594903,0,0.5
2,1,43,logistic_regression,744,66,0,0.4510963317786925,0,0.5
2,1,43,logistic_regression,752,676,0,0.3449519218569331,0,0.5
2,1,43,logistic_regression,753,166,1,0.6880977326869331,1,0.5
2,1,43,logistic_regression,754,508,1,0.4120498977025024,0,0.5
2,1,43,logistic_regression,755,563,0,0.557152492521764,1,0.5
2,1,43,logistic_regression,761,607,0,0.3516304186955924,0,0.5
2,1,43,logistic_regression,765,398,0,0.41700838587903116,0,0.5
2,1,43,logistic_regression,770,357,0,0.07271148699781528,0,0.5
2,1,43,logistic_regression,771,661,0,0.359482840345194,0,0.5
2,1,43,logistic_regression,779,656,0,0.5376661945818568,1,0.5
2,1,43,logistic_regression,789,164,0,0.7332964777025913,1,0.5
2,1,43,logistic_regression,790,350,0,0.38357134750426447,0,0.5
2,1,43,logistic_regression,796,605,0,0.3666967923660344,0,0.5
2,1,43,logistic_regression,800,302,0,0.5057792705230916,1,0.5
2,1,43,logistic_regression,801,691,0,0.6640353182862682,1,0.5
2,1,43,logistic_regression,804,543,0,0.5753295595895205,1,0.5
2,1,43,logistic_regression,805,668,0,0.47868260663630274,0,0.5
2,1,43,logistic_regression,809,519,0,0.39063313490939094,0,0.5
2,1,43,logistic_regression,810,116,0,0.3754422853599597,0,0.5
2,1,43,logistic_regression,818,700,0,0.4053332403544606,0,0.5
2,1,43,logistic_regression,828,634,0,0.4391723992580248,0,0.5
2,1,43,logistic_regression,833,659,0,0.4218574977461494,0,0.5
2,1,43,logistic_regression,836,743,0,0.37214128165372357,0,0.5
2,1,43,logistic_regression,843,567,0,0.3895620798623058,0,0.5
2,1,43,logistic_regression,856,635,0,0.3862688442692766,0,0.5
2,1,43,xgboost,0,109,0,0.30137091875076294,0,0.5
2,1,43,xgboost,1,7,0,0.08148377388715744,0,0.5
2,1,43,xgboost,3,825,0,0.37650489807128906,0,0.5
2,1,43,xgboost,5,796,0,0.13493159413337708,0,0.5
2,1,43,xgboost,8,809,0,0.05962923914194107,0,0.5
2,1,43,xgboost,14,798,0,0.1203174814581871,0,0.5
2,1,43,xgboost,28,742,0,0.14909517765045166,0,0.5
2,1,43,xgboost,31,771,0,0.6116111874580383,1,0.5
2,1,43,xgboost,34,749,0,0.2333388477563858,0,0.5
2,1,43,xgboost,36,760,0,0.4664610028266907,0,0.5
2,1,43,xgboost,39,719,0,0.2929326593875885,0,0.5
2,1,43,xgboost,42,724,0,0.868403971195221,1,0.5
2,1,43,xgboost,53,695,0,0.530678927898407,1,0.5
2,1,43,xgboost,58,683,0,0.2402404397726059,0,0.5
2,1,43,xgboost,65,736,0,0.29864901304244995,0,0.5
2,1,43,xgboost,68,696,0,0.6511486768722534,1,0.5
2,1,43,xgboost,72,664,0,0.304464191198349,0,0.5
2,1,43,xgboost,78,693,0,0.21671918034553528,0,0.5
2,1,43,xgboost,81,593,0,0.16939833760261536,0,0.5
2,1,43,xgboost,85,657,0,0.1511305868625641,0,0.5
2,1,43,xgboost,87,703,0,0.7371670603752136,1,0.5
2,1,43,xgboost,96,701,1,0.4496540427207947,0,0.5
2,1,43,xgboost,99,641,0,0.7354528903961182,1,0.5
2,1,43,xgboost,112,573,0,0.6518793702125549,1,0.5
2,1,43,xgboost,113,328,0,0.1895257532596588,0,0.5
2,1,43,xgboost,118,560,0,0.5775744318962097,1,0.5
2,1,43,xgboost,122,592,0,0.07544741779565811,0,0.5
2,1,43,xgboost,145,595,0,0.04574894160032272,0,0.5
2,1,43,xgboost,149,594,0,0.07519732415676117,0,0.5
2,1,43,xgboost,150,489,0,0.3359256088733673,0,0.5
2,1,43,xgboost,152,438,0,0.22658732533454895,0,0.5
2,1,43,xgboost,153,423,0,0.2767225503921509,0,0.5
2,1,43,xgboost,155,507,0,0.21989820897579193,0,0.5
2,1,43,xgboost,163,509,1,0.14948393404483795,0,0.5
2,1,43,xgboost,164,546,0,0.321322500705719,0,0.5
2,1,43,xgboost,166,515,0,0.1550876349210739,0,0.5
2,1,43,xgboost,170,434,0,0.6551170945167542,1,0.5
2,1,43,xgboost,171,418,0,0.26484543085098267,0,0.5
2,1,43,xgboost,177,468,0,0.26490652561187744,0,0.5
2,1,43,xgboost,183,491,0,0.4753388464450836,0,0.5
2,1,43,xgboost,186,404,0,0.6160943508148193,1,0.5
2,1,43,xgboost,189,380,0,0.24574685096740723,0,0.5
2,1,43,xgboost,198,447,0,0.2604186534881592,0,0.5
2,1,43,xgboost,204,222,0,0.6075561046600342,1,0.5
2,1,43,xgboost,206,496,0,0.2748609185218811,0,0.5
2,1,43,xgboost,208,470,0,0.2066776603460312,0,0.5
2,1,43,xgboost,211,453,0,0.08980943262577057,0,0.5
2,1,43,xgboost,214,550,1,0.2632380425930023,0,0.5
2,1,43,xgboost,217,408,0,0.13328969478607178,0,0.5
2,1,43,xgboost,219,324,0,0.1542632132768631,0,0.5
2,1,43,xgboost,229,466,0,0.18757334351539612,0,0.5
2,1,43,xgboost,245,253,0,0.4764518737792969,0,0.5
2,1,43,xgboost,247,292,0,0.3209078311920166,0,0.5
2,1,43,xgboost,253,279,0,0.2244914025068283,0,0.5
2,1,43,xgboost,256,366,0,0.18066324293613434,0,0.5
2,1,43,xgboost,258,245,0,0.594135046005249,1,0.5
2,1,43,xgboost,280,303,0,0.23396770656108856,0,0.5
2,1,43,xgboost,281,238,0,0.4689595699310303,0,0.5
2,1,43,xgboost,286,240,0,0.7274232506752014,1,0.5
2,1,43,xgboost,294,288,0,0.37401682138442993,0,0.5
2,1,43,xgboost,296,358,0,0.2769502103328705,0,0.5
2,1,43,xgboost,302,323,0,0.13870692253112793,0,0.5
2,1,43,xgboost,304,331,0,0.32482418417930603,0,0.5
2,1,43,xgboost,307,287,0,0.21038472652435303,0,0.5
2,1,43,xgboost,308,382,0,0.24574685096740723,0,0.5
2,1,43,xgboost,313,370,0,0.256374329328537,0,0.5
2,1,43,xgboost,319,293,0,0.3375125825405121,0,0.5
2,1,43,xgboost,321,269,0,0.530274510383606,1,0.5
2,1,43,xgboost,322,180,0,0.6279687881469727,1,0.5
2,1,43,xgboost,331,446,0,0.16151705384254456,0,0.5
2,1,43,xgboost,332,583,0,0.15390710532665253,0,0.5
2,1,43,xgboost,335,525,1,0.41844379901885986,0,0.5
2,1,43,xgboost,341,121,0,0.345553994178772,0,0.5
2,1,43,xgboost,342,228,0,0.5382396578788757,1,0.5
2,1,43,xgboost,346,149,0,0.2507536709308624,0,0.5
2,1,43,xgboost,354,811,0,0.34939947724342346,0,0.5
2,1,43,xgboost,358,212,0,0.5791398286819458,1,0.5
2,1,43,xgboost,359,733,0,0.22363027930259705,0,0.5
2,1,43,xgboost,363,72,0,0.23161275684833527,0,0.5
2,1,43,xgboost,366,143,0,0.42415377497673035,0,0.5
2,1,43,xgboost,381,145,0,0.4085475206375122,0,0.5
2,1,43,xgboost,384,78,0,0.37374627590179443,0,0.5
2,1,43,xgboost,400,55,0,0.23466743528842926,0,0.5
2,1,43,xgboost,403,64,0,0.2499648928642273,0,0.5
2,1,43,xgboost,419,149,0,0.2507536709308624,0,0.5
2,1,43,xgboost,420,97,0,0.3298737406730652,0,0.5
2,1,43,xgboost,421,433,1,0.26086604595184326,0,0.5
2,1,43,xgboost,427,161,0,0.22410383820533752,0,0.5
2,1,43,xgboost,430,153,0,0.47094807028770447,0,0.5
2,1,43,xgboost,438,195,0,0.6762055158615112,1,0.5
2,1,43,xgboost,440,7,0,0.08148377388715744,0,0.5
2,1,43,xgboost,445,36,0,0.19369755685329437,0,0.5
2,1,43,xgboost,446,107,0,0.274836927652359,0,0.5
2,1,43,xgboost,447,63,0,0.13787676393985748,0,0.5
2,1,43,xgboost,451,32,0,0.2006893903017044,0,0.5
2,1,43,xgboost,454,7,0,0.08148377388715744,0,0.5
2,1,43,xgboost,464,25,0,0.13762901723384857,0,0.5
2,1,43,xgboost,466,7,0,0.08148377388715744,0,0.5
2,1,43,xgboost,467,41,0,0.1619565188884735,0,0.5
2,1,43,xgboost,475,154,0,0.38322508335113525,0,0.5
2,1,43,xgboost,476,753,0,0.3140644431114197,0,0.5
2,1,43,xgboost,477,751,0,0.5620055794715881,1,0.5
2,1,43,xgboost,478,534,0,0.07544498890638351,0,0.5
2,1,43,xgboost,482,757,0,0.37139683961868286,0,0.5
2,1,43,xgboost,486,496,0,0.2748609185218811,0,0.5
2,1,43,xgboost,505,306,0,0.37927156686782837,0,0.5
2,1,43,xgboost,506,711,0,0.5382160544395447,1,0.5
2,1,43,xgboost,522,37,0,0.23466743528842926,0,0.5
2,1,43,xgboost,532,364,0,0.14084942638874054,0,0.5
2,1,43,xgboost,534,93,0,0.2061191350221634,0,0.5
2,1,43,xgboost,538,361,0,0.4391816258430481,0,0.5
2,1,43,xgboost,539,76,1,0.3966848850250244,0,0.5
2,1,43,xgboost,543,40,0,0.09394722431898117,0,0.5
2,1,43,xgboost,549,662,1,0.6071754693984985,1,0.5
2,1,43,xgboost,557,458,0,0.5076621770858765,1,0.5
2,1,43,xgboost,558,255,0,0.3465014100074768,0,0.5
2,1,43,xgboost,572,373,0,0.07301531732082367,0,0.5
2,1,43,xgboost,577,196,0,0.36131590604782104,0,0.5
2,1,43,xgboost,580,55,0,0.23466743528842926,0,0.5
2,1,43,xgboost,586,150,0,0.1638251692056656,0,0.5
2,1,43,xgboost,601,504,0,0.29055795073509216,0,0.5
2,1,43,xgboost,610,230,1,0.7679274082183838,1,0.5
2,1,43,xgboost,611,311,0,0.21360711753368378,0,0.5
2,1,43,xgboost,612,225,0,0.6364296674728394,1,0.5
2,1,43,xgboost,616,376,0,0.10777954757213593,0,0.5
2,1,43,xgboost,617,157,0,0.5123836994171143,1,0.5
2,1,43,xgboost,622,710,0,0.5874211192131042,1,0.5
2,1,43,xgboost,628,779,0,0.17229332029819489,0,0.5
2,1,43,xgboost,639,52,0,0.1485626995563507,0,0.5
2,1,43,xgboost,641,761,0,0.3804321587085724,0,0.5
2,1,43,xgboost,645,471,0,0.6821572184562683,1,0.5
2,1,43,xgboost,650,421,0,0.2862805128097534,0,0.5
2,1,43,xgboost,657,260,0,0.604305624961853,1,0.5
2,1,43,xgboost,660,33,0,0.1485626995563507,0,0.5
2,1,43,xgboost,666,67,0,0.2674645185470581,0,0.5
2,1,43,xgboost,671,824,1,0.2929215133190155,0,0.5
2,1,43,xgboost,675,808,0,0.18821242451667786,0,0.5
2,1,43,xgboost,684,815,0,0.05939706042408943,0,0.5
2,1,43,xgboost,689,340,0,0.22090686857700348,0,0.5
2,1,43,xgboost,699,111,0,0.1389833688735962,0,0.5
2,1,43,xgboost,701,524,0,0.3755093812942505,0,0.5
2,1,43,xgboost,704,781,0,0.39990609884262085,0,0.5
2,1,43,xgboost,711,128,0,0.2799392342567444,0,0.5
2,1,43,xgboost,726,530,0,0.577337384223938,1,0.5
2,1,43,xgboost,728,623,0,0.11197727173566818,0,0.5
2,1,43,xgboost,730,775,0,0.7451668977737427,1,0.5
2,1,43,xgboost,741,129,0,0.2799392342567444,0,0.5
2,1,43,xgboost,744,66,0,0.1587829440832138,0,0.5
2,1,43,xgboost,752,676,0,0.1316186487674713,0,0.5
2,1,43,xgboost,753,166,1,0.5918684005737305,1,0.5
2,1,43,xgboost,754,508,1,0.5366124510765076,1,0.5
2,1,43,xgboost,755,563,0,0.47096794843673706,0,0.5
2,1,43,xgboost,761,607,0,0.15181614458560944,0,0.5
2,1,43,xgboost,765,398,0,0.22444961965084076,0,0.5
2,1,43,xgboost,770,357,0,0.11736912280321121,0,0.5
2,1,43,xgboost,771,661,0,0.2901780903339386,0,0.5
2,1,43,xgboost,779,656,0,0.499695360660553,0,0.5
2,1,43,xgboost,789,164,0,0.7622198462486267,1,0.5
2,1,43,xgboost,790,350,0,0.355916291475296,0,0.5
2,1,43,xgboost,796,605,0,0.07503964751958847,0,0.5
2,1,43,xgboost,800,302,0,0.0920679122209549,0,0.5
2,1,43,xgboost,801,691,0,0.7264483571052551,1,0.5
2,1,43,xgboost,804,543,0,0.45317909121513367,0,0.5
2,1,43,xgboost,805,668,0,0.07830969989299774,0,0.5
2,1,43,xgboost,809,519,0,0.09419635683298111,0,0.5
2,1,43,xgboost,810,116,0,0.25545626878738403,0,0.5
2,1,43,xgboost,818,700,0,0.44834113121032715,0,0.5
2,1,43,xgboost,828,634,0,0.18364863097667694,0,0.5
2,1,43,xgboost,833,659,0,0.3330021798610687,0,0.5
2,1,43,xgboost,836,743,0,0.3759154975414276,0,0.5
2,1,43,xgboost,843,567,0,0.07608956098556519,0,0.5
2,1,43,xgboost,856,635,0,0.3104712963104248,0,0.5
2,2,43,dummy_prior,4,816,0,0.0641399416909621,0,0.5
2,2,43,dummy_prior,6,823,1,0.0641399416909621,0,0.5
2,2,43,dummy_prior,9,804,0,0.0641399416909621,0,0.5
2,2,43,dummy_prior,13,803,0,0.0641399416909621,0,0.5
2,2,43,dummy_prior,18,792,0,0.0641399416909621,0,0.5
2,2,43,dummy_prior,21,783,0,0.0641399416909621,0,0.5
2,2,43,dummy_prior,24,774,0,0.0641399416909621,0,0.5
2,2,43,dummy_prior,25,805,0,0.0641399416909621,0,0.5
2,2,43,dummy_prior,26,765,0,0.0641399416909621,0,0.5
2,2,43,dummy_prior,33,734,0,0.0641399416909621,0,0.5
2,2,43,dummy_prior,38,758,0,0.0641399416909621,0,0.5
2,2,43,dummy_prior,44,740,1,0.0641399416909621,0,0.5
2,2,43,dummy_prior,47,770,0,0.0641399416909621,0,0.5
2,2,43,dummy_prior,50,721,0,0.0641399416909621,0,0.5
2,2,43,dummy_prior,51,715,0,0.0641399416909621,0,0.5
2,2,43,dummy_prior,61,697,0,0.0641399416909621,0,0.5
2,2,43,dummy_prior,69,705,0,0.0641399416909621,0,0.5
2,2,43,dummy_prior,75,686,0,0.0641399416909621,0,0.5
2,2,43,dummy_prior,82,615,0,0.0641399416909621,0,0.5
2,2,43,dummy_prior,83,621,0,0.0641399416909621,0,0.5
2,2,43,dummy_prior,88,618,0,0.0641399416909621,0,0.5
2,2,43,dummy_prior,97,678,0,0.0641399416909621,0,0.5
2,2,43,dummy_prior,104,633,0,0.0641399416909621,0,0.5
2,2,43,dummy_prior,114,667,0,0.0641399416909621,0,0.5
2,2,43,dummy_prior,120,627,0,0.0641399416909621,0,0.5
2,2,43,dummy_prior,121,579,0,0.0641399416909621,0,0.5
2,2,43,dummy_prior,123,542,0,0.0641399416909621,0,0.5
2,2,43,dummy_prior,124,571,0,0.0641399416909621,0,0.5
2,2,43,dummy_prior,125,596,0,0.0641399416909621,0,0.5
2,2,43,dummy_prior,128,518,0,0.0641399416909621,0,0.5
2,2,43,dummy_prior,138,517,0,0.0641399416909621,0,0.5
2,2,43,dummy_prior,141,194,0,0.0641399416909621,0,0.5
2,2,43,dummy_prior,148,643,0,0.0641399416909621,0,0.5
2,2,43,dummy_prior,151,551,0,0.0641399416909621,0,0.5
2,2,43,dummy_prior,154,457,0,0.0641399416909621,0,0.5
2,2,43,dummy_prior,174,499,0,0.0641399416909621,0,0.5
2,2,43,dummy_prior,182,392,0,0.0641399416909621,0,0.5
2,2,43,dummy_prior,196,505,0,0.0641399416909621,0,0.5
2,2,43,dummy_prior,201,441,0,0.0641399416909621,0,0.5
2,2,43,dummy_prior,202,454,0,0.0641399416909621,0,0.5
2,2,43,dummy_prior,207,437,0,0.0641399416909621,0,0.5
2,2,43,dummy_prior,222,552,0,0.0641399416909621,0,0.5
2,2,43,dummy_prior,223,278,0,0.0641399416909621,0,0.5
2,2,43,dummy_prior,225,511,0,0.0641399416909621,0,0.5
2,2,43,dummy_prior,230,304,0,0.0641399416909621,0,0.5
2,2,43,dummy_prior,235,378,0,0.0641399416909621,0,0.5
2,2,43,dummy_prior,236,343,0,0.0641399416909621,0,0.5
2,2,43,dummy_prior,243,402,0,0.0641399416909621,0,0.5
2,2,43,dummy_prior,254,390,0,0.0641399416909621,0,0.5
2,2,43,dummy_prior,263,296,0,0.0641399416909621,0,0.5
2,2,43,dummy_prior,266,232,0,0.0641399416909621,0,0.5
2,2,43,dummy_prior,273,355,0,0.0641399416909621,0,0.5
2,2,43,dummy_prior,276,241,0,0.0641399416909621,0,0.5
2,2,43,dummy_prior,279,263,0,0.0641399416909621,0,0.5
2,2,43,dummy_prior,285,430,0,0.0641399416909621,0,0.5
2,2,43,dummy_prior,291,289,0,0.0641399416909621,0,0.5
2,2,43,dummy_prior,292,264,0,0.0641399416909621,0,0.5
2,2,43,dummy_prior,297,220,0,0.0641399416909621,0,0.5
2,2,43,dummy_prior,305,201,0,0.0641399416909621,0,0.5
2,2,43,dummy_prior,310,307,0,0.0641399416909621,0,0.5
2,2,43,dummy_prior,312,313,0,0.0641399416909621,0,0.5
2,2,43,dummy_prior,318,308,0,0.0641399416909621,0,0.5
2,2,43,dummy_prior,323,268,0,0.0641399416909621,0,0.5
2,2,43,dummy_prior,325,169,1,0.0641399416909621,0,0.5
2,2,43,dummy_prior,326,217,0,0.0641399416909621,0,0.5
2,2,43,dummy_prior,327,173,0,0.0641399416909621,0,0.5
2,2,43,dummy_prior,330,207,0,0.0641399416909621,0,0.5
2,2,43,dummy_prior,337,818,0,0.0641399416909621,0,0.5
2,2,43,dummy_prior,340,148,0,0.0641399416909621,0,0.5
2,2,43,dummy_prior,343,159,0,0.0641399416909621,0,0.5
2,2,43,dummy_prior,344,79,0,0.0641399416909621,0,0.5
2,2,43,dummy_prior,353,223,0,0.0641399416909621,0,0.5
2,2,43,dummy_prior,355,140,0,0.0641399416909621,0,0.5
2,2,43,dummy_prior,356,79,0,0.0641399416909621,0,0.5
2,2,43,dummy_prior,360,339,0,0.0641399416909621,0,0.5
2,2,43,dummy_prior,368,203,0,0.0641399416909621,0,0.5
2,2,43,dummy_prior,370,239,1,0.0641399416909621,0,0.5
2,2,43,dummy_prior,371,367,0,0.0641399416909621,0,0.5
2,2,43,dummy_prior,373,312,0,0.0641399416909621,0,0.5
2,2,43,dummy_prior,375,249,0,0.0641399416909621,0,0.5
2,2,43,dummy_prior,377,172,1,0.0641399416909621,0,0.5
2,2,43,dummy_prior,378,86,0,0.0641399416909621,0,0.5
2,2,43,dummy_prior,382,400,0,0.0641399416909621,0,0.5
2,2,43,dummy_prior,389,49,0,0.0641399416909621,0,0.5
2,2,43,dummy_prior,406,49,0,0.0641399416909621,0,0.5
2,2,43,dummy_prior,407,57,0,0.0641399416909621,0,0.5
2,2,43,dummy_prior,408,60,0,0.0641399416909621,0,0.5
2,2,43,dummy_prior,411,49,0,0.0641399416909621,0,0.5
2,2,43,dummy_prior,412,87,0,0.0641399416909621,0,0.5
2,2,43,dummy_prior,432,600,0,0.0641399416909621,0,0.5
2,2,43,dummy_prior,441,9,0,0.0641399416909621,0,0.5
2,2,43,dummy_prior,444,80,0,0.0641399416909621,0,0.5
2,2,43,dummy_prior,448,65,0,0.0641399416909621,0,0.5
2,2,43,dummy_prior,450,34,0,0.0641399416909621,0,0.5
2,2,43,dummy_prior,479,482,0,0.0641399416909621,0,0.5
2,2,43,dummy_prior,480,575,0,0.0641399416909621,0,0.5
2,2,43,dummy_prior,481,608,0,0.0641399416909621,0,0.5
2,2,43,dummy_prior,483,190,0,0.0641399416909621,0,0.5
2,2,43,dummy_prior,488,337,0,0.0641399416909621,0,0.5
2,2,43,dummy_prior,489,151,0,0.0641399416909621,0,0.5
2,2,43,dummy_prior,490,375,0,0.0641399416909621,0,0.5
2,2,43,dummy_prior,492,658,0,0.0641399416909621,0,0.5
2,2,43,dummy_prior,493,86,0,0.0641399416909621,0,0.5
2,2,43,dummy_prior,495,405,0,0.0641399416909621,0,0.5
2,2,43,dummy_prior,496,451,1,0.0641399416909621,0,0.5
2,2,43,dummy_prior,499,614,0,0.0641399416909621,0,0.5
2,2,43,dummy_prior,514,476,0,0.0641399416909621,0,0.5
2,2,43,dummy_prior,520,53,0,0.0641399416909621,0,0.5
2,2,43,dummy_prior,529,652,0,0.0641399416909621,0,0.5
2,2,43,dummy_prior,530,239,1,0.0641399416909621,0,0.5
2,2,43,dummy_prior,531,119,0,0.0641399416909621,0,0.5
2,2,43,dummy_prior,547,385,0,0.0641399416909621,0,0.5
2,2,43,dummy_prior,560,748,0,0.0641399416909621,0,0.5
2,2,43,dummy_prior,565,335,0,0.0641399416909621,0,0.5
2,2,43,dummy_prior,571,257,0,0.0641399416909621,0,0.5
2,2,43,dummy_prior,582,198,0,0.0641399416909621,0,0.5
2,2,43,dummy_prior,584,562,0,0.0641399416909621,0,0.5
2,2,43,dummy_prior,587,687,0,0.0641399416909621,0,0.5
2,2,43,dummy_prior,592,321,0,0.0641399416909621,0,0.5
2,2,43,dummy_prior,593,13,0,0.0641399416909621,0,0.5
2,2,43,dummy_prior,602,670,0,0.0641399416909621,0,0.5
2,2,43,dummy_prior,603,440,0,0.0641399416909621,0,0.5
2,2,43,dummy_prior,604,318,0,0.0641399416909621,0,0.5
2,2,43,dummy_prior,605,183,0,0.0641399416909621,0,0.5
2,2,43,dummy_prior,613,299,0,0.0641399416909621,0,0.5
2,2,43,dummy_prior,619,320,0,0.0641399416909621,0,0.5
2,2,43,dummy_prior,621,582,0,0.0641399416909621,0,0.5
2,2,43,dummy_prior,623,250,0,0.0641399416909621,0,0.5
2,2,43,dummy_prior,630,424,0,0.0641399416909621,0,0.5
2,2,43,dummy_prior,636,741,0,0.0641399416909621,0,0.5
2,2,43,dummy_prior,637,493,0,0.0641399416909621,0,0.5
2,2,43,dummy_prior,649,613,0,0.0641399416909621,0,0.5
2,2,43,dummy_prior,654,810,0,0.0641399416909621,0,0.5
2,2,43,dummy_prior,662,502,0,0.0641399416909621,0,0.5
2,2,43,dummy_prior,665,205,0,0.0641399416909621,0,0.5
2,2,43,dummy_prior,677,814,0,0.0641399416909621,0,0.5
2,2,43,dummy_prior,680,821,0,0.0641399416909621,0,0.5
2,2,43,dummy_prior,683,762,0,0.0641399416909621,0,0.5
2,2,43,dummy_prior,685,820,0,0.0641399416909621,0,0.5
2,2,43,dummy_prior,691,420,0,0.0641399416909621,0,0.5
2,2,43,dummy_prior,693,98,1,0.0641399416909621,0,0.5
2,2,43,dummy_prior,702,439,0,0.0641399416909621,0,0.5
2,2,43,dummy_prior,705,806,0,0.0641399416909621,0,0.5
2,2,43,dummy_prior,715,13,0,0.0641399416909621,0,0.5
2,2,43,dummy_prior,720,427,0,0.0641399416909621,0,0.5
2,2,43,dummy_prior,722,325,0,0.0641399416909621,0,0.5
2,2,43,dummy_prior,731,291,0,0.0641399416909621,0,0.5
2,2,43,dummy_prior,733,587,0,0.0641399416909621,0,0.5
2,2,43,dummy_prior,737,177,0,0.0641399416909621,0,0.5
2,2,43,dummy_prior,746,342,0,0.0641399416909621,0,0.5
2,2,43,dummy_prior,748,393,0,0.0641399416909621,0,0.5
2,2,43,dummy_prior,749,541,0,0.0641399416909621,0,0.5
2,2,43,dummy_prior,756,395,0,0.0641399416909621,0,0.5
2,2,43,dummy_prior,757,360,0,0.0641399416909621,0,0.5
2,2,43,dummy_prior,773,23,0,0.0641399416909621,0,0.5
2,2,43,dummy_prior,778,136,0,0.0641399416909621,0,0.5
2,2,43,dummy_prior,781,642,1,0.0641399416909621,0,0.5
2,2,43,dummy_prior,783,84,0,0.0641399416909621,0,0.5
2,2,43,dummy_prior,787,256,0,0.0641399416909621,0,0.5
2,2,43,dummy_prior,791,15,0,0.0641399416909621,0,0.5
2,2,43,dummy_prior,797,645,1,0.0641399416909621,0,0.5
2,2,43,dummy_prior,813,163,0,0.0641399416909621,0,0.5
2,2,43,dummy_prior,814,22,1,0.0641399416909621,0,0.5
2,2,43,dummy_prior,816,233,0,0.0641399416909621,0,0.5
2,2,43,dummy_prior,820,352,0,0.0641399416909621,0,0.5
2,2,43,dummy_prior,821,602,0,0.0641399416909621,0,0.5
2,2,43,dummy_prior,823,644,0,0.0641399416909621,0,0.5
2,2,43,dummy_prior,825,794,0,0.0641399416909621,0,0.5
2,2,43,dummy_prior,827,688,0,0.0641399416909621,0,0.5
2,2,43,dummy_prior,839,601,0,0.0641399416909621,0,0.5
2,2,43,dummy_prior,849,620,0,0.0641399416909621,0,0.5
2,2,43,dummy_prior,852,800,0,0.0641399416909621,0,0.5
2,2,43,logistic_regression,4,816,0,0.7111955223424805,1,0.5
2,2,43,logistic_regression,6,823,1,0.5544631281952254,1,0.5
2,2,43,logistic_regression,9,804,0,0.41651441629733166,0,0.5
2,2,43,logistic_regression,13,803,0,0.5401164782866537,1,0.5
2,2,43,logistic_regression,18,792,0,0.8636971740115804,1,0.5
2,2,43,logistic_regression,21,783,0,0.48296183820829297,0,0.5
2,2,43,logistic_regression,24,774,0,0.47843404886692936,0,0.5
2,2,43,logistic_regression,25,805,0,0.4445590149183078,0,0.5
2,2,43,logistic_regression,26,765,0,0.5149577516204976,1,0.5
2,2,43,logistic_regression,33,734,0,0.4905946956420652,0,0.5
2,2,43,logistic_regression,38,758,0,0.4839498830286573,0,0.5
2,2,43,logistic_regression,44,740,1,0.6370825385543601,1,0.5
2,2,43,logistic_regression,47,770,0,0.5217381150196,1,0.5
2,2,43,logistic_regression,50,721,0,0.4935462379753499,0,0.5
2,2,43,logistic_regression,51,715,0,0.42651004702687295,0,0.5
2,2,43,logistic_regression,61,697,0,0.5285803477907016,1,0.5
2,2,43,logistic_regression,69,705,0,0.4346200886440804,0,0.5
2,2,43,logistic_regression,75,686,0,0.46124610434794416,0,0.5
2,2,43,logistic_regression,82,615,0,0.5063913692068788,1,0.5
2,2,43,logistic_regression,83,621,0,0.5499732765236597,1,0.5
2,2,43,logistic_regression,88,618,0,0.4402322777603835,0,0.5
2,2,43,logistic_regression,97,678,0,0.45342682658337236,0,0.5
2,2,43,logistic_regression,104,633,0,0.5940939275551127,1,0.5
2,2,43,logistic_regression,114,667,0,0.43818200576391353,0,0.5
2,2,43,logistic_regression,120,627,0,0.45036543858243994,0,0.5
2,2,43,logistic_regression,121,579,0,0.5111588818599948,1,0.5
2,2,43,logistic_regression,123,542,0,0.7705749198121461,1,0.5
2,2,43,logistic_regression,124,571,0,0.6309528686997715,1,0.5
2,2,43,logistic_regression,125,596,0,0.4178978760255329,0,0.5
2,2,43,logistic_regression,128,518,0,0.45061280948712157,0,0.5
2,2,43,logistic_regression,138,517,0,0.4477055759342504,0,0.5
2,2,43,logistic_regression,141,194,0,0.3900175617444029,0,0.5
2,2,43,logistic_regression,148,643,0,0.46132919817380885,0,0.5
2,2,43,logistic_regression,151,551,0,0.4306645086904691,0,0.5
2,2,43,logistic_regression,154,457,0,0.5095636240084619,1,0.5
2,2,43,logistic_regression,174,499,0,0.4388729962141595,0,0.5
2,2,43,logistic_regression,182,392,0,0.4218925700291857,0,0.5
2,2,43,logistic_regression,196,505,0,0.4351879155114294,0,0.5
2,2,43,logistic_regression,201,441,0,0.40741228448194394,0,0.5
2,2,43,logistic_regression,202,454,0,0.53732972445907,1,0.5
2,2,43,logistic_regression,207,437,0,0.41891391602788375,0,0.5
2,2,43,logistic_regression,222,552,0,0.30675272161431427,0,0.5
2,2,43,logistic_regression,223,278,0,0.3880565039255062,0,0.5
2,2,43,logistic_regression,225,511,0,0.41120097057486044,0,0.5
2,2,43,logistic_regression,230,304,0,0.402213790481669,0,0.5
2,2,43,logistic_regression,235,378,0,0.3971470173434231,0,0.5
2,2,43,logistic_regression,236,343,0,0.8229586934241077,1,0.5
2,2,43,logistic_regression,243,402,0,0.3947954798277994,0,0.5
2,2,43,logistic_regression,254,390,0,0.4099523705617332,0,0.5
2,2,43,logistic_regression,263,296,0,0.4147430879912395,0,0.5
2,2,43,logistic_regression,266,232,0,0.4045831362826553,0,0.5
2,2,43,logistic_regression,273,355,0,0.46940019098181246,0,0.5
2,2,43,logistic_regression,276,241,0,0.45084706423848225,0,0.5
2,2,43,logistic_regression,279,263,0,0.39159021002224037,0,0.5
2,2,43,logistic_regression,285,430,0,0.44578025565752777,0,0.5
2,2,43,logistic_regression,291,289,0,0.4162182756876905,0,0.5
2,2,43,logistic_regression,292,264,0,0.40513901821708326,0,0.5
2,2,43,logistic_regression,297,220,0,0.4156655303905034,0,0.5
2,2,43,logistic_regression,305,201,0,0.3670915631030395,0,0.5
2,2,43,logistic_regression,310,307,0,0.3980231921414284,0,0.5
2,2,43,logistic_regression,312,313,0,0.4540299364135426,0,0.5
2,2,43,logistic_regression,318,308,0,0.49080988515790025,0,0.5
2,2,43,logistic_regression,323,268,0,0.44750623241685933,0,0.5
2,2,43,logistic_regression,325,169,1,0.520759532804561,1,0.5
2,2,43,logistic_regression,326,217,0,0.3904038311324877,0,0.5
2,2,43,logistic_regression,327,173,0,0.39440010602810854,0,0.5
2,2,43,logistic_regression,330,207,0,0.38550145730381663,0,0.5
2,2,43,logistic_regression,337,818,0,0.5978133802162116,1,0.5
2,2,43,logistic_regression,340,148,0,0.3973519134344582,0,0.5
2,2,43,logistic_regression,343,159,0,0.3547046475571161,0,0.5
2,2,43,logistic_regression,344,79,0,0.3978794370218945,0,0.5
2,2,43,logistic_regression,353,223,0,0.38865222929196735,0,0.5
2,2,43,logistic_regression,355,140,0,0.7493641829019343,1,0.5
2,2,43,logistic_regression,356,79,0,0.3978794370218945,0,0.5
2,2,43,logistic_regression,360,339,0,0.4578764213120862,0,0.5
2,2,43,logistic_regression,368,203,0,0.42815316917685103,0,0.5
2,2,43,logistic_regression,370,239,1,0.39378591575894617,0,0.5
2,2,43,logistic_regression,371,367,0,0.3773164695679455,0,0.5
2,2,43,logistic_regression,373,312,0,0.4094981471614096,0,0.5
2,2,43,logistic_regression,375,249,0,0.4189306500246936,0,0.5
2,2,43,logistic_regression,377,172,1,0.38520111041012634,0,0.5
2,2,43,logistic_regression,378,86,0,0.39114312941160706,0,0.5
2,2,43,logistic_regression,382,400,0,0.4020181006403442,0,0.5
2,2,43,logistic_regression,389,49,0,0.3962447863662359,0,0.5
2,2,43,logistic_regression,406,49,0,0.3962447863662359,0,0.5
2,2,43,logistic_regression,407,57,0,0.8187927843932101,1,0.5
2,2,43,logistic_regression,408,60,0,0.3877470814430277,0,0.5
2,2,43,logistic_regression,411,49,0,0.3962447863662359,0,0.5
2,2,43,logistic_regression,412,87,0,0.37955305350965757,0,0.5
2,2,43,logistic_regression,432,600,0,0.4897232882688223,0,0.5
2,2,43,logistic_regression,441,9,0,0.38739070316210145,0,0.5
2,2,43,logistic_regression,444,80,0,0.38128236935812015,0,0.5
2,2,43,logistic_regression,448,65,0,0.2599307601514325,0,0.5
2,2,43,logistic_regression,450,34,0,0.386639223552666,0,0.5
2,2,43,logistic_regression,479,482,0,0.4332881620535351,0,0.5
2,2,43,logistic_regression,480,575,0,0.315780894016587,0,0.5
2,2,43,logistic_regression,481,608,0,0.4311863371847228,0,0.5
2,2,43,logistic_regression,483,190,0,0.45769001360770517,0,0.5
2,2,43,logistic_regression,488,337,0,0.5040611713941412,1,0.5
2,2,43,logistic_regression,489,151,0,0.3859693711680765,0,0.5
2,2,43,logistic_regression,490,375,0,0.7316014720580154,1,0.5
2,2,43,logistic_regression,492,658,0,0.4854598270274281,0,0.5
2,2,43,logistic_regression,493,86,0,0.39114312941160706,0,0.5
2,2,43,logistic_regression,495,405,0,0.413640443571108,0,0.5
2,2,43,logistic_regression,496,451,1,0.4245073421954898,0,0.5
2,2,43,logistic_regression,499,614,0,0.44634055723725397,0,0.5
2,2,43,logistic_regression,514,476,0,0.41677275119111723,0,0.5
2,2,43,logistic_regression,520,53,0,0.3938905896510029,0,0.5
2,2,43,logistic_regression,529,652,0,0.5088819591187153,1,0.5
2,2,43,logistic_regression,530,239,1,0.39378591575894617,0,0.5
2,2,43,logistic_regression,531,119,0,0.44183411753889645,0,0.5
2,2,43,logistic_regression,547,385,0,0.389753210275495,0,0.5
2,2,43,logistic_regression,560,748,0,0.5642908721376072,1,0.5
2,2,43,logistic_regression,565,335,0,0.40773406830125847,0,0.5
2,2,43,logistic_regression,571,257,0,0.40764339493354096,0,0.5
2,2,43,logistic_regression,582,198,0,0.4675542762462921,0,0.5
2,2,43,logistic_regression,584,562,0,0.41937925688156363,0,0.5
2,2,43,logistic_regression,587,687,0,0.5624164364275732,1,0.5
2,2,43,logistic_regression,592,321,0,0.43076046672309387,0,0.5
2,2,43,logistic_regression,593,13,0,0.3834939800224057,0,0.5
2,2,43,logistic_regression,602,670,0,0.49082741936691915,0,0.5
2,2,43,logistic_regression,603,440,0,0.4130167250960477,0,0.5
2,2,43,logistic_regression,604,318,0,0.41384634105292667,0,0.5
2,2,43,logistic_regression,605,183,0,0.4169185202282916,0,0.5
2,2,43,logistic_regression,613,299,0,0.35259856937945955,0,0.5
2,2,43,logistic_regression,619,320,0,0.39823350195179746,0,0.5
2,2,43,logistic_regression,621,582,0,0.4601530468151958,0,0.5
2,2,43,logistic_regression,623,250,0,0.45839278551046087,0,0.5
2,2,43,logistic_regression,630,424,0,0.48358012776781345,0,0.5
2,2,43,logistic_regression,636,741,0,0.4768168772122387,0,0.5
2,2,43,logistic_regression,637,493,0,0.5681556143633313,1,0.5
2,2,43,logistic_regression,649,613,0,0.5551314102107175,1,0.5
2,2,43,logistic_regression,654,810,0,0.5993118459787306,1,0.5
2,2,43,logistic_regression,662,502,0,0.4459639080064913,0,0.5
2,2,43,logistic_regression,665,205,0,0.4595214707444656,0,0.5
2,2,43,logistic_regression,677,814,0,0.42272238069947216,0,0.5
2,2,43,logistic_regression,680,821,0,0.4516367376527665,0,0.5
2,2,43,logistic_regression,683,762,0,0.545967676285005,1,0.5
2,2,43,logistic_regression,685,820,0,0.3761862092118361,0,0.5
2,2,43,logistic_regression,691,420,0,0.7560801639043806,1,0.5
2,2,43,logistic_regression,693,98,1,0.4067234430901133,0,0.5
2,2,43,logistic_regression,702,439,0,0.39106303440821705,0,0.5
2,2,43,logistic_regression,705,806,0,0.45434446883901713,0,0.5
2,2,43,logistic_regression,715,13,0,0.3834939800224057,0,0.5
2,2,43,logistic_regression,720,427,0,0.43307861420079447,0,0.5
2,2,43,logistic_regression,722,325,0,0.49030663572389493,0,0.5
2,2,43,logistic_regression,731,291,0,0.4117664673582242,0,0.5
2,2,43,logistic_regression,733,587,0,0.4834219587661984,0,0.5
2,2,43,logistic_regression,737,177,0,0.40718333765654974,0,0.5
2,2,43,logistic_regression,746,342,0,0.5118853498190071,1,0.5
2,2,43,logistic_regression,748,393,0,0.4176248223242436,0,0.5
2,2,43,logistic_regression,749,541,0,0.7754988531468501,1,0.5
2,2,43,logistic_regression,756,395,0,0.48193776738804844,0,0.5
2,2,43,logistic_regression,757,360,0,0.42283200955367883,0,0.5
2,2,43,logistic_regression,773,23,0,0.3816805973122591,0,0.5
2,2,43,logistic_regression,778,136,0,0.38393783084306743,0,0.5
2,2,43,logistic_regression,781,642,1,0.4333842528274049,0,0.5
2,2,43,logistic_regression,783,84,0,0.3890055533028293,0,0.5
2,2,43,logistic_regression,787,256,0,0.515473933308462,1,0.5
2,2,43,logistic_regression,791,15,0,0.393347516928571,0,0.5
2,2,43,logistic_regression,797,645,1,0.49096993712266707,0,0.5
2,2,43,logistic_regression,813,163,0,0.40840768672812977,0,0.5
2,2,43,logistic_regression,814,22,1,0.37825690624869945,0,0.5
2,2,43,logistic_regression,816,233,0,0.40620011828245634,0,0.5
2,2,43,logistic_regression,820,352,0,0.41099942614137686,0,0.5
2,2,43,logistic_regression,821,602,0,0.45711059197272574,0,0.5
2,2,43,logistic_regression,823,644,0,0.41598699641144665,0,0.5
2,2,43,logistic_regression,825,794,0,0.4354039010755436,0,0.5
2,2,43,logistic_regression,827,688,0,0.4411687797577106,0,0.5
2,2,43,logistic_regression,839,601,0,0.4722737557914346,0,0.5
2,2,43,logistic_regression,849,620,0,0.29816965682191243,0,0.5
2,2,43,logistic_regression,852,800,0,0.5241714796414985,1,0.5
2,2,43,xgboost,4,816,0,0.7084624767303467,1,0.5
2,2,43,xgboost,6,823,1,0.37513989210128784,0,0.5
2,2,43,xgboost,9,804,0,0.3494683802127838,0,0.5
2,2,43,xgboost,13,803,0,0.31433990597724915,0,0.5
2,2,43,xgboost,18,792,0,0.4446721374988556,0,0.5
2,2,43,xgboost,21,783,0,0.6076285243034363,1,0.5
2,2,43,xgboost,24,774,0,0.40584102272987366,0,0.5
2,2,43,xgboost,25,805,0,0.42826008796691895,0,0.5
2,2,43,xgboost,26,765,0,0.3454676866531372,0,0.5
2,2,43,xgboost,33,734,0,0.4181322753429413,0,0.5
2,2,43,xgboost,38,758,0,0.37498939037323,0,0.5
2,2,43,xgboost,44,740,1,0.6539654731750488,1,0.5
2,2,43,xgboost,47,770,0,0.35808607935905457,0,0.5
2,2,43,xgboost,50,721,0,0.44922950863838196,0,0.5
2,2,43,xgboost,51,715,0,0.4160808324813843,0,0.5
2,2,43,xgboost,61,697,0,0.20819991827011108,0,0.5
2,2,43,xgboost,69,705,0,0.34036344289779663,0,0.5
2,2,43,xgboost,75,686,0,0.33709338307380676,0,0.5
2,2,43,xgboost,82,615,0,0.45909667015075684,0,0.5
2,2,43,xgboost,83,621,0,0.4224431812763214,0,0.5
2,2,43,xgboost,88,618,0,0.3887319266796112,0,0.5
2,2,43,xgboost,97,678,0,0.44652533531188965,0,0.5
2,2,43,xgboost,104,633,0,0.705677330493927,1,0.5
2,2,43,xgboost,114,667,0,0.4474319815635681,0,0.5
2,2,43,xgboost,120,627,0,0.42626050114631653,0,0.5
2,2,43,xgboost,121,579,0,0.4114591181278229,0,0.5
2,2,43,xgboost,123,542,0,0.657962441444397,1,0.5
2,2,43,xgboost,124,571,0,0.7390809655189514,1,0.5
2,2,43,xgboost,125,596,0,0.4478682279586792,0,0.5
2,2,43,xgboost,128,518,0,0.39269453287124634,0,0.5
2,2,43,xgboost,138,517,0,0.3302455544471741,0,0.5
2,2,43,xgboost,141,194,0,0.45601770281791687,0,0.5
2,2,43,xgboost,148,643,0,0.33969923853874207,0,0.5
2,2,43,xgboost,151,551,0,0.4492441415786743,0,0.5
2,2,43,xgboost,154,457,0,0.37588366866111755,0,0.5
2,2,43,xgboost,174,499,0,0.2973891794681549,0,0.5
2,2,43,xgboost,182,392,0,0.5043734908103943,1,0.5
2,2,43,xgboost,196,505,0,0.46865925192832947,0,0.5
2,2,43,xgboost,201,441,0,0.4933655858039856,0,0.5
2,2,43,xgboost,202,454,0,0.4245249629020691,0,0.5
2,2,43,xgboost,207,437,0,0.4393516480922699,0,0.5
2,2,43,xgboost,222,552,0,0.6253302693367004,1,0.5
2,2,43,xgboost,223,278,0,0.32629135251045227,0,0.5
2,2,43,xgboost,225,511,0,0.3863646686077118,0,0.5
2,2,43,xgboost,230,304,0,0.4362395703792572,0,0.5
2,2,43,xgboost,235,378,0,0.4268686771392822,0,0.5
2,2,43,xgboost,236,343,0,0.5097023844718933,1,0.5
2,2,43,xgboost,243,402,0,0.41240638494491577,0,0.5
2,2,43,xgboost,254,390,0,0.4327657222747803,0,0.5
2,2,43,xgboost,263,296,0,0.20494474470615387,0,0.5
2,2,43,xgboost,266,232,0,0.5248955488204956,1,0.5
2,2,43,xgboost,273,355,0,0.3430801033973694,0,0.5
2,2,43,xgboost,276,241,0,0.5522760152816772,1,0.5
2,2,43,xgboost,279,263,0,0.466238409280777,0,0.5
2,2,43,xgboost,285,430,0,0.32519102096557617,0,0.5
2,2,43,xgboost,291,289,0,0.44412705302238464,0,0.5
2,2,43,xgboost,292,264,0,0.5131376385688782,1,0.5
2,2,43,xgboost,297,220,0,0.5120086073875427,1,0.5
2,2,43,xgboost,305,201,0,0.4719523787498474,0,0.5
2,2,43,xgboost,310,307,0,0.4268686771392822,0,0.5
2,2,43,xgboost,312,313,0,0.3388389050960541,0,0.5
2,2,43,xgboost,318,308,0,0.41775789856910706,0,0.5
2,2,43,xgboost,323,268,0,0.5206540822982788,1,0.5
2,2,43,xgboost,325,169,1,0.6665656566619873,1,0.5
2,2,43,xgboost,326,217,0,0.49445879459381104,0,0.5
2,2,43,xgboost,327,173,0,0.38582658767700195,0,0.5
2,2,43,xgboost,330,207,0,0.4039836823940277,0,0.5
2,2,43,xgboost,337,818,0,0.2742008864879608,0,0.5
2,2,43,xgboost,340,148,0,0.46271345019340515,0,0.5
2,2,43,xgboost,343,159,0,0.3856113851070404,0,0.5
2,2,43,xgboost,344,79,0,0.32711243629455566,0,0.5
2,2,43,xgboost,353,223,0,0.35547181963920593,0,0.5
2,2,43,xgboost,355,140,0,0.6436673998832703,1,0.5
2,2,43,xgboost,356,79,0,0.32711243629455566,0,0.5
2,2,43,xgboost,360,339,0,0.3853420317173004,0,0.5
2,2,43,xgboost,368,203,0,0.41289451718330383,0,0.5
2,2,43,xgboost,370,239,1,0.43170756101608276,0,0.5
2,2,43,xgboost,371,367,0,0.38308900594711304,0,0.5
2,2,43,xgboost,373,312,0,0.44412705302238464,0,0.5
2,2,43,xgboost,375,249,0,0.468441367149353,0,0.5
2,2,43,xgboost,377,172,1,0.4370054602622986,0,0.5
2,2,43,xgboost,378,86,0,0.26426345109939575,0,0.5
2,2,43,xgboost,382,400,0,0.36902809143066406,0,0.5
2,2,43,xgboost,389,49,0,0.30090758204460144,0,0.5
2,2,43,xgboost,406,49,0,0.30090758204460144,0,0.5
2,2,43,xgboost,407,57,0,0.556830108165741,1,0.5
2,2,43,xgboost,408,60,0,0.21388593316078186,0,0.5
2,2,43,xgboost,411,49,0,0.30090758204460144,0,0.5
2,2,43,xgboost,412,87,0,0.23595887422561646,0,0.5
2,2,43,xgboost,432,600,0,0.4557904303073883,0,0.5
2,2,43,xgboost,441,9,0,0.20921392738819122,0,0.5
2,2,43,xgboost,444,80,0,0.30826660990715027,0,0.5
2,2,43,xgboost,448,65,0,0.36656877398490906,0,0.5
2,2,43,xgboost,450,34,0,0.17117610573768616,0,0.5
2,2,43,xgboost,479,482,0,0.3559586703777313,0,0.5
2,2,43,xgboost,480,575,0,0.32234859466552734,0,0.5
2,2,43,xgboost,481,608,0,0.44014179706573486,0,0.5
2,2,43,xgboost,483,190,0,0.4750975966453552,0,0.5
2,2,43,xgboost,488,337,0,0.4255634546279907,0,0.5
2,2,43,xgboost,489,151,0,0.2799679934978485,0,0.5
2,2,43,xgboost,490,375,0,0.6382594108581543,1,0.5
2,2,43,xgboost,492,658,0,0.34785982966423035,0,0.5
2,2,43,xgboost,493,86,0,0.26426345109939575,0,0.5
2,2,43,xgboost,495,405,0,0.36343103647232056,0,0.5
2,2,43,xgboost,496,451,1,0.4464724361896515,0,0.5
2,2,43,xgboost,499,614,0,0.35272377729415894,0,0.5
2,2,43,xgboost,514,476,0,0.3366521894931793,0,0.5
2,2,43,xgboost,520,53,0,0.1988852471113205,0,0.5
2,2,43,xgboost,529,652,0,0.4471806287765503,0,0.5
2,2,43,xgboost,530,239,1,0.43170756101608276,0,0.5
2,2,43,xgboost,531,119,0,0.3858146667480469,0,0.5
2,2,43,xgboost,547,385,0,0.35702642798423767,0,0.5
2,2,43,xgboost,560,748,0,0.3247355818748474,0,0.5
2,2,43,xgboost,565,335,0,0.4205525517463684,0,0.5
2,2,43,xgboost,571,257,0,0.4366897642612457,0,0.5
2,2,43,xgboost,582,198,0,0.4012974500656128,0,0.5
2,2,43,xgboost,584,562,0,0.43194136023521423,0,0.5
2,2,43,xgboost,587,687,0,0.21127046644687653,0,0.5
2,2,43,xgboost,592,321,0,0.38010770082473755,0,0.5
2,2,43,xgboost,593,13,0,0.1671365350484848,0,0.5
2,2,43,xgboost,602,670,0,0.40085455775260925,0,0.5
2,2,43,xgboost,603,440,0,0.3589629530906677,0,0.5
2,2,43,xgboost,604,318,0,0.44383135437965393,0,0.5
2,2,43,xgboost,605,183,0,0.48989951610565186,0,0.5
2,2,43,xgboost,613,299,0,0.6712954044342041,1,0.5
2,2,43,xgboost,619,320,0,0.4883566200733185,0,0.5
2,2,43,xgboost,621,582,0,0.28784364461898804,0,0.5
2,2,43,xgboost,623,250,0,0.5206380486488342,1,0.5
2,2,43,xgboost,630,424,0,0.48178625106811523,0,0.5
2,2,43,xgboost,636,741,0,0.263126403093338,0,0.5
2,2,43,xgboost,637,493,0,0.25918126106262207,0,0.5
2,2,43,xgboost,649,613,0,0.6944385766983032,1,0.5
2,2,43,xgboost,654,810,0,0.44157126545906067,0,0.5
2,2,43,xgboost,662,502,0,0.29990723729133606,0,0.5
2,2,43,xgboost,665,205,0,0.373353511095047,0,0.5
2,2,43,xgboost,677,814,0,0.32339876890182495,0,0.5
2,2,43,xgboost,680,821,0,0.4433845281600952,0,0.5
2,2,43,xgboost,683,762,0,0.4654208719730377,0,0.5
2,2,43,xgboost,685,820,0,0.44238242506980896,0,0.5
2,2,43,xgboost,691,420,0,0.5386092662811279,1,0.5
2,2,43,xgboost,693,98,1,0.3260151445865631,0,0.5
2,2,43,xgboost,702,439,0,0.3220488727092743,0,0.5
2,2,43,xgboost,705,806,0,0.3165580630302429,0,0.5
2,2,43,xgboost,715,13,0,0.1671365350484848,0,0.5
2,2,43,xgboost,720,427,0,0.4464724361896515,0,0.5
2,2,43,xgboost,722,325,0,0.36065980792045593,0,0.5
2,2,43,xgboost,731,291,0,0.4205525517463684,0,0.5
2,2,43,xgboost,733,587,0,0.4952141046524048,0,0.5
2,2,43,xgboost,737,177,0,0.37381216883659363,0,0.5
2,2,43,xgboost,746,342,0,0.2667999267578125,0,0.5
2,2,43,xgboost,748,393,0,0.4102800190448761,0,0.5
2,2,43,xgboost,749,541,0,0.4711324870586395,0,0.5
2,2,43,xgboost,756,395,0,0.4114229679107666,0,0.5
2,2,43,xgboost,757,360,0,0.46350714564323425,0,0.5
2,2,43,xgboost,773,23,0,0.14652925729751587,0,0.5
2,2,43,xgboost,778,136,0,0.3243330121040344,0,0.5
2,2,43,xgboost,781,642,1,0.44622933864593506,0,0.5
2,2,43,xgboost,783,84,0,0.2947733998298645,0,0.5
2,2,43,xgboost,787,256,0,0.38237637281417847,0,0.5
2,2,43,xgboost,791,15,0,0.1664431393146515,0,0.5
2,2,43,xgboost,797,645,1,0.4803042709827423,0,0.5
2,2,43,xgboost,813,163,0,0.4791127145290375,0,0.5
2,2,43,xgboost,814,22,1,0.15472543239593506,0,0.5
2,2,43,xgboost,816,233,0,0.532870888710022,1,0.5
2,2,43,xgboost,820,352,0,0.44412705302238464,0,0.5
2,2,43,xgboost,821,602,0,0.36682865023612976,0,0.5
2,2,43,xgboost,823,644,0,0.4351506531238556,0,0.5
2,2,43,xgboost,825,794,0,0.42826008796691895,0,0.5
2,2,43,xgboost,827,688,0,0.38649991154670715,0,0.5
2,2,43,xgboost,839,601,0,0.4557904303073883,0,0.5
2,2,43,xgboost,849,620,0,0.49597787857055664,0,0.5
2,2,43,xgboost,852,800,0,0.4402480721473694,0,0.5
2,3,43,dummy_prior,12,812,0,0.06404657933042213,0,0.5
2,3,43,dummy_prior,19,773,0,0.06404657933042213,0,0.5
2,3,43,dummy_prior,35,737,0,0.06404657933042213,0,0.5
2,3,43,dummy_prior,37,747,0,0.06404657933042213,0,0.5
2,3,43,dummy_prior,48,780,0,0.06404657933042213,0,0.5
2,3,43,dummy_prior,49,739,0,0.06404657933042213,0,0.5
2,3,43,dummy_prior,57,647,0,0.06404657933042213,0,0.5
2,3,43,dummy_prior,59,692,0,0.06404657933042213,0,0.5
2,3,43,dummy_prior,60,673,0,0.06404657933042213,0,0.5
2,3,43,dummy_prior,66,673,0,0.06404657933042213,0,0.5
2,3,43,dummy_prior,76,675,0,0.06404657933042213,0,0.5
2,3,43,dummy_prior,79,684,0,0.06404657933042213,0,0.5
2,3,43,dummy_prior,80,630,0,0.06404657933042213,0,0.5
2,3,43,dummy_prior,84,713,0,0.06404657933042213,0,0.5
2,3,43,dummy_prior,86,718,0,0.06404657933042213,0,0.5
2,3,43,dummy_prior,89,632,0,0.06404657933042213,0,0.5
2,3,43,dummy_prior,98,584,0,0.06404657933042213,0,0.5
2,3,43,dummy_prior,100,669,0,0.06404657933042213,0,0.5
2,3,43,dummy_prior,101,580,0,0.06404657933042213,0,0.5
2,3,43,dummy_prior,103,754,1,0.06404657933042213,0,0.5
2,3,43,dummy_prior,106,577,0,0.06404657933042213,0,0.5
2,3,43,dummy_prior,109,612,0,0.06404657933042213,0,0.5
2,3,43,dummy_prior,110,619,0,0.06404657933042213,0,0.5
2,3,43,dummy_prior,116,597,0,0.06404657933042213,0,0.5
2,3,43,dummy_prior,130,492,0,0.06404657933042213,0,0.5
2,3,43,dummy_prior,132,565,0,0.06404657933042213,0,0.5
2,3,43,dummy_prior,136,586,0,0.06404657933042213,0,0.5
2,3,43,dummy_prior,137,537,0,0.06404657933042213,0,0.5
2,3,43,dummy_prior,139,556,0,0.06404657933042213,0,0.5
2,3,43,dummy_prior,140,553,0,0.06404657933042213,0,0.5
2,3,43,dummy_prior,146,576,0,0.06404657933042213,0,0.5
2,3,43,dummy_prior,147,533,0,0.06404657933042213,0,0.5
2,3,43,dummy_prior,156,448,0,0.06404657933042213,0,0.5
2,3,43,dummy_prior,157,545,0,0.06404657933042213,0,0.5
2,3,43,dummy_prior,159,463,0,0.06404657933042213,0,0.5
2,3,43,dummy_prior,165,572,0,0.06404657933042213,0,0.5
2,3,43,dummy_prior,168,535,0,0.06404657933042213,0,0.5
2,3,43,dummy_prior,172,522,0,0.06404657933042213,0,0.5
2,3,43,dummy_prior,181,462,0,0.06404657933042213,0,0.5
2,3,43,dummy_prior,187,501,0,0.06404657933042213,0,0.5
2,3,43,dummy_prior,191,527,0,0.06404657933042213,0,0.5
2,3,43,dummy_prior,193,445,0,0.06404657933042213,0,0.5
2,3,43,dummy_prior,195,429,0,0.06404657933042213,0,0.5
2,3,43,dummy_prior,200,443,0,0.06404657933042213,0,0.5
2,3,43,dummy_prior,205,388,1,0.06404657933042213,0,0.5
2,3,43,dummy_prior,209,387,0,0.06404657933042213,0,0.5
2,3,43,dummy_prior,212,431,0,0.06404657933042213,0,0.5
2,3,43,dummy_prior,216,531,1,0.06404657933042213,0,0.5
2,3,43,dummy_prior,218,503,0,0.06404657933042213,0,0.5
2,3,43,dummy_prior,220,406,0,0.06404657933042213,0,0.5
2,3,43,dummy_prior,224,351,1,0.06404657933042213,0,0.5
2,3,43,dummy_prior,227,394,0,0.06404657933042213,0,0.5
2,3,43,dummy_prior,233,345,0,0.06404657933042213,0,0.5
2,3,43,dummy_prior,234,406,0,0.06404657933042213,0,0.5
2,3,43,dummy_prior,242,555,0,0.06404657933042213,0,0.5
2,3,43,dummy_prior,249,270,0,0.06404657933042213,0,0.5
2,3,43,dummy_prior,264,259,1,0.06404657933042213,0,0.5
2,3,43,dummy_prior,270,211,0,0.06404657933042213,0,0.5
2,3,43,dummy_prior,271,359,0,0.06404657933042213,0,0.5
2,3,43,dummy_prior,272,330,0,0.06404657933042213,0,0.5
2,3,43,dummy_prior,283,389,0,0.06404657933042213,0,0.5
2,3,43,dummy_prior,290,204,0,0.06404657933042213,0,0.5
2,3,43,dummy_prior,303,386,0,0.06404657933042213,0,0.5
2,3,43,dummy_prior,311,368,0,0.06404657933042213,0,0.5
2,3,43,dummy_prior,320,271,1,0.06404657933042213,0,0.5
2,3,43,dummy_prior,334,229,0,0.06404657933042213,0,0.5
2,3,43,dummy_prior,338,200,0,0.06404657933042213,0,0.5
2,3,43,dummy_prior,339,182,0,0.06404657933042213,0,0.5
2,3,43,dummy_prior,345,276,1,0.06404657933042213,0,0.5
2,3,43,dummy_prior,357,258,0,0.06404657933042213,0,0.5
2,3,43,dummy_prior,361,199,0,0.06404657933042213,0,0.5
2,3,43,dummy_prior,362,160,0,0.06404657933042213,0,0.5
2,3,43,dummy_prior,379,224,0,0.06404657933042213,0,0.5
2,3,43,dummy_prior,385,234,0,0.06404657933042213,0,0.5
2,3,43,dummy_prior,387,266,0,0.06404657933042213,0,0.5
2,3,43,dummy_prior,390,179,0,0.06404657933042213,0,0.5
2,3,43,dummy_prior,392,120,0,0.06404657933042213,0,0.5
2,3,43,dummy_prior,396,100,0,0.06404657933042213,0,0.5
2,3,43,dummy_prior,397,137,0,0.06404657933042213,0,0.5
2,3,43,dummy_prior,409,54,0,0.06404657933042213,0,0.5
2,3,43,dummy_prior,410,171,0,0.06404657933042213,0,0.5
2,3,43,dummy_prior,417,158,0,0.06404657933042213,0,0.5
2,3,43,dummy_prior,426,114,0,0.06404657933042213,0,0.5
2,3,43,dummy_prior,429,73,0,0.06404657933042213,0,0.5
2,3,43,dummy_prior,435,54,0,0.06404657933042213,0,0.5
2,3,43,dummy_prior,436,39,0,0.06404657933042213,0,0.5
2,3,43,dummy_prior,449,75,0,0.06404657933042213,0,0.5
2,3,43,dummy_prior,456,24,0,0.06404657933042213,0,0.5
2,3,43,dummy_prior,469,16,0,0.06404657933042213,0,0.5
2,3,43,dummy_prior,470,764,0,0.06404657933042213,0,0.5
2,3,43,dummy_prior,471,94,0,0.06404657933042213,0,0.5
2,3,43,dummy_prior,487,483,0,0.06404657933042213,0,0.5
2,3,43,dummy_prior,494,165,0,0.06404657933042213,0,0.5
2,3,43,dummy_prior,510,17,0,0.06404657933042213,0,0.5
2,3,43,dummy_prior,511,38,0,0.06404657933042213,0,0.5
2,3,43,dummy_prior,517,514,0,0.06404657933042213,0,0.5
2,3,43,dummy_prior,518,362,0,0.06404657933042213,0,0.5
2,3,43,dummy_prior,521,791,0,0.06404657933042213,0,0.5
2,3,43,dummy_prior,524,628,0,0.06404657933042213,0,0.5
2,3,43,dummy_prior,526,469,0,0.06404657933042213,0,0.5
2,3,43,dummy_prior,536,24,0,0.06404657933042213,0,0.5
2,3,43,dummy_prior,540,188,0,0.06404657933042213,0,0.5
2,3,43,dummy_prior,541,474,0,0.06404657933042213,0,0.5
2,3,43,dummy_prior,545,532,0,0.06404657933042213,0,0.5
2,3,43,dummy_prior,550,191,0,0.06404657933042213,0,0.5
2,3,43,dummy_prior,551,639,0,0.06404657933042213,0,0.5
2,3,43,dummy_prior,552,105,0,0.06404657933042213,0,0.5
2,3,43,dummy_prior,554,20,0,0.06404657933042213,0,0.5
2,3,43,dummy_prior,559,162,0,0.06404657933042213,0,0.5
2,3,43,dummy_prior,562,282,0,0.06404657933042213,0,0.5
2,3,43,dummy_prior,570,559,0,0.06404657933042213,0,0.5
2,3,43,dummy_prior,575,54,0,0.06404657933042213,0,0.5
2,3,43,dummy_prior,578,126,1,0.06404657933042213,0,0.5
2,3,43,dummy_prior,579,730,0,0.06404657933042213,0,0.5
2,3,43,dummy_prior,595,248,0,0.06404657933042213,0,0.5
2,3,43,dummy_prior,597,133,0,0.06404657933042213,0,0.5
2,3,43,dummy_prior,598,54,1,0.06404657933042213,0,0.5
2,3,43,dummy_prior,608,135,0,0.06404657933042213,0,0.5
2,3,43,dummy_prior,609,416,0,0.06404657933042213,0,0.5
2,3,43,dummy_prior,624,118,0,0.06404657933042213,0,0.5
2,3,43,dummy_prior,629,336,0,0.06404657933042213,0,0.5
2,3,43,dummy_prior,632,226,0,0.06404657933042213,0,0.5
2,3,43,dummy_prior,644,285,0,0.06404657933042213,0,0.5
2,3,43,dummy_prior,651,788,0,0.06404657933042213,0,0.5
2,3,43,dummy_prior,656,294,0,0.06404657933042213,0,0.5
2,3,43,dummy_prior,658,85,0,0.06404657933042213,0,0.5
2,3,43,dummy_prior,664,756,1,0.06404657933042213,0,0.5
2,3,43,dummy_prior,668,830,0,0.06404657933042213,0,0.5
2,3,43,dummy_prior,672,0,0,0.06404657933042213,0,0.5
2,3,43,dummy_prior,679,822,0,0.06404657933042213,0,0.5
2,3,43,dummy_prior,681,793,0,0.06404657933042213,0,0.5
2,3,43,dummy_prior,688,510,1,0.06404657933042213,0,0.5
2,3,43,dummy_prior,692,74,0,0.06404657933042213,0,0.5
2,3,43,dummy_prior,694,486,0,0.06404657933042213,0,0.5
2,3,43,dummy_prior,695,538,0,0.06404657933042213,0,0.5
2,3,43,dummy_prior,696,138,0,0.06404657933042213,0,0.5
2,3,43,dummy_prior,703,42,0,0.06404657933042213,0,0.5
2,3,43,dummy_prior,710,449,0,0.06404657933042213,0,0.5
2,3,43,dummy_prior,712,317,0,0.06404657933042213,0,0.5
2,3,43,dummy_prior,716,144,0,0.06404657933042213,0,0.5
2,3,43,dummy_prior,717,731,0,0.06404657933042213,0,0.5
2,3,43,dummy_prior,718,246,0,0.06404657933042213,0,0.5
2,3,43,dummy_prior,721,655,0,0.06404657933042213,0,0.5
2,3,43,dummy_prior,723,124,0,0.06404657933042213,0,0.5
2,3,43,dummy_prior,724,554,0,0.06404657933042213,0,0.5
2,3,43,dummy_prior,732,417,0,0.06404657933042213,0,0.5
2,3,43,dummy_prior,742,156,0,0.06404657933042213,0,0.5
2,3,43,dummy_prior,747,218,0,0.06404657933042213,0,0.5
2,3,43,dummy_prior,762,139,0,0.06404657933042213,0,0.5
2,3,43,dummy_prior,764,281,0,0.06404657933042213,0,0.5
2,3,43,dummy_prior,769,415,0,0.06404657933042213,0,0.5
2,3,43,dummy_prior,774,801,0,0.06404657933042213,0,0.5
2,3,43,dummy_prior,775,455,0,0.06404657933042213,0,0.5
2,3,43,dummy_prior,780,110,0,0.06404657933042213,0,0.5
2,3,43,dummy_prior,792,314,0,0.06404657933042213,0,0.5
2,3,43,dummy_prior,793,353,0,0.06404657933042213,0,0.5
2,3,43,dummy_prior,794,175,0,0.06404657933042213,0,0.5
2,3,43,dummy_prior,806,62,0,0.06404657933042213,0,0.5
2,3,43,dummy_prior,807,717,0,0.06404657933042213,0,0.5
2,3,43,dummy_prior,812,4,0,0.06404657933042213,0,0.5
2,3,43,dummy_prior,817,516,0,0.06404657933042213,0,0.5
2,3,43,dummy_prior,819,2,0,0.06404657933042213,0,0.5
2,3,43,dummy_prior,824,720,0,0.06404657933042213,0,0.5
2,3,43,dummy_prior,832,561,0,0.06404657933042213,0,0.5
2,3,43,dummy_prior,835,332,0,0.06404657933042213,0,0.5
2,3,43,dummy_prior,838,694,0,0.06404657933042213,0,0.5
2,3,43,dummy_prior,840,346,0,0.06404657933042213,0,0.5
2,3,43,dummy_prior,841,297,0,0.06404657933042213,0,0.5
2,3,43,dummy_prior,844,444,0,0.06404657933042213,0,0.5
2,3,43,dummy_prior,845,132,0,0.06404657933042213,0,0.5
2,3,43,dummy_prior,851,298,0,0.06404657933042213,0,0.5
2,3,43,logistic_regression,12,812,0,0.7035430087548921,1,0.5
2,3,43,logistic_regression,19,773,0,0.5552514960096538,1,0.5
2,3,43,logistic_regression,35,737,0,0.5424119832550742,1,0.5
2,3,43,logistic_regression,37,747,0,0.4073179340182376,0,0.5
2,3,43,logistic_regression,48,780,0,0.6794390227564332,1,0.5
2,3,43,logistic_regression,49,739,0,0.4265118857436824,0,0.5
2,3,43,logistic_regression,57,647,0,0.47555379035028505,0,0.5
2,3,43,logistic_regression,59,692,0,0.8484512680544103,1,0.5
2,3,43,logistic_regression,60,673,0,0.4860734996816041,0,0.5
2,3,43,logistic_regression,66,673,0,0.4860734996816041,0,0.5
2,3,43,logistic_regression,76,675,0,0.5282350221661348,1,0.5
2,3,43,logistic_regression,79,684,0,0.43492878858108697,0,0.5
2,3,43,logistic_regression,80,630,0,0.44029044649435606,0,0.5
2,3,43,logistic_regression,84,713,0,0.29872959943925925,0,0.5
2,3,43,logistic_regression,86,718,0,0.482483531137143,0,0.5
2,3,43,logistic_regression,89,632,0,0.4763245037144487,0,0.5
2,3,43,logistic_regression,98,584,0,0.467383703783019,0,0.5
2,3,43,logistic_regression,100,669,0,0.4808363104641534,0,0.5
2,3,43,logistic_regression,101,580,0,0.8645912261145444,1,0.5
2,3,43,logistic_regression,103,754,1,0.6564261674025024,1,0.5
2,3,43,logistic_regression,106,577,0,0.5612199652847861,1,0.5
2,3,43,logistic_regression,109,612,0,0.39556336849946594,0,0.5
2,3,43,logistic_regression,110,619,0,0.4895256916695853,0,0.5
2,3,43,logistic_regression,116,597,0,0.4458254775627995,0,0.5
2,3,43,logistic_regression,130,492,0,0.5309830643923802,1,0.5
2,3,43,logistic_regression,132,565,0,0.4064813769133299,0,0.5
2,3,43,logistic_regression,136,586,0,0.4258400698702111,0,0.5
2,3,43,logistic_regression,137,537,0,0.4139736553143948,0,0.5
2,3,43,logistic_regression,139,556,0,0.5712528731217965,1,0.5
2,3,43,logistic_regression,140,553,0,0.5858686250525221,1,0.5
2,3,43,logistic_regression,146,576,0,0.5363030261707219,1,0.5
2,3,43,logistic_regression,147,533,0,0.29828530812765686,0,0.5
2,3,43,logistic_regression,156,448,0,0.4984051854127956,0,0.5
2,3,43,logistic_regression,157,545,0,0.4673366478543245,0,0.5
2,3,43,logistic_regression,159,463,0,0.4923312702118803,0,0.5
2,3,43,logistic_regression,165,572,0,0.8599066737537941,1,0.5
2,3,43,logistic_regression,168,535,0,0.540069630943905,1,0.5
2,3,43,logistic_regression,172,522,0,0.522004623712814,1,0.5
2,3,43,logistic_regression,181,462,0,0.4319455443046613,0,0.5
2,3,43,logistic_regression,187,501,0,0.8466801907157744,1,0.5
2,3,43,logistic_regression,191,527,0,0.493164433821308,0,0.5
2,3,43,logistic_regression,193,445,0,0.3335257154482791,0,0.5
2,3,43,logistic_regression,195,429,0,0.47750178230110507,0,0.5
2,3,43,logistic_regression,200,443,0,0.4046943628129484,0,0.5
2,3,43,logistic_regression,205,388,1,0.3863354971431861,0,0.5
2,3,43,logistic_regression,209,387,0,0.5049488619682773,1,0.5
2,3,43,logistic_regression,212,431,0,0.7703256253632706,1,0.5
2,3,43,logistic_regression,216,531,1,0.5080912151673596,1,0.5
2,3,43,logistic_regression,218,503,0,0.43531550860785295,0,0.5
2,3,43,logistic_regression,220,406,0,0.39925949239780273,0,0.5
2,3,43,logistic_regression,224,351,1,0.8091062595689822,1,0.5
2,3,43,logistic_regression,227,394,0,0.74879577498022,1,0.5
2,3,43,logistic_regression,233,345,0,0.39272020525662743,0,0.5
2,3,43,logistic_regression,234,406,0,0.39925949239780273,0,0.5
2,3,43,logistic_regression,242,555,0,0.39942963259320774,0,0.5
2,3,43,logistic_regression,249,270,0,0.3653949069929207,0,0.5
2,3,43,logistic_regression,264,259,1,0.4639565476318492,0,0.5
2,3,43,logistic_regression,270,211,0,0.39135070249356424,0,0.5
2,3,43,logistic_regression,271,359,0,0.38897965496918874,0,0.5
2,3,43,logistic_regression,272,330,0,0.39500773906266523,0,0.5
2,3,43,logistic_regression,283,389,0,0.4407695354754046,0,0.5
2,3,43,logistic_regression,290,204,0,0.47825291016127786,0,0.5
2,3,43,logistic_regression,303,386,0,0.4333963736396186,0,0.5
2,3,43,logistic_regression,311,368,0,0.4611222932092701,0,0.5
2,3,43,logistic_regression,320,271,1,0.3762877038327727,0,0.5
2,3,43,logistic_regression,334,229,0,0.3997075068720122,0,0.5
2,3,43,logistic_regression,338,200,0,0.37910724358061376,0,0.5
2,3,43,logistic_regression,339,182,0,0.3706573316371933,0,0.5
2,3,43,logistic_regression,345,276,1,0.3629368238456316,0,0.5
2,3,43,logistic_regression,357,258,0,0.39187881486746523,0,0.5
2,3,43,logistic_regression,361,199,0,0.35586332405178345,0,0.5
2,3,43,logistic_regression,362,160,0,0.39613456543765924,0,0.5
2,3,43,logistic_regression,379,224,0,0.41823688302950307,0,0.5
2,3,43,logistic_regression,385,234,0,0.4047201231028604,0,0.5
2,3,43,logistic_regression,387,266,0,0.4221184561914863,0,0.5
2,3,43,logistic_regression,390,179,0,0.3699994654497495,0,0.5
2,3,43,logistic_regression,392,120,0,0.42326851283721906,0,0.5
2,3,43,logistic_regression,396,100,0,0.3494566988881684,0,0.5
2,3,43,logistic_regression,397,137,0,0.7304945492429943,1,0.5
2,3,43,logistic_regression,409,54,0,0.41098606522741493,0,0.5
2,3,43,logistic_regression,410,171,0,0.4011323158905905,0,0.5
2,3,43,logistic_regression,417,158,0,0.3878911256608649,0,0.5
2,3,43,logistic_regression,426,114,0,0.6781148616787466,1,0.5
2,3,43,logistic_regression,429,73,0,0.3881387211369066,0,0.5
2,3,43,logistic_regression,435,54,0,0.41098606522741493,0,0.5
2,3,43,logistic_regression,436,39,0,0.357849123826206,0,0.5
2,3,43,logistic_regression,449,75,0,0.3853583514762758,0,0.5
2,3,43,logistic_regression,456,24,0,0.41643660682100564,0,0.5
2,3,43,logistic_regression,469,16,0,0.4073748965006802,0,0.5
2,3,43,logistic_regression,470,764,0,0.4672260603648617,0,0.5
2,3,43,logistic_regression,471,94,0,0.37762822936437945,0,0.5
2,3,43,logistic_regression,487,483,0,0.4392165555076105,0,0.5
2,3,43,logistic_regression,494,165,0,0.3837526774665189,0,0.5
2,3,43,logistic_regression,510,17,0,0.36344613807519643,0,0.5
2,3,43,logistic_regression,511,38,0,0.36241087596157684,0,0.5
2,3,43,logistic_regression,517,514,0,0.476907536940459,0,0.5
2,3,43,logistic_regression,518,362,0,0.4315342023719423,0,0.5
2,3,43,logistic_regression,521,791,0,0.517265367536657,1,0.5
2,3,43,logistic_regression,524,628,0,0.5369661689198777,1,0.5
2,3,43,logistic_regression,526,469,0,0.47273349808696796,0,0.5
2,3,43,logistic_regression,536,24,0,0.41643660682100564,0,0.5
2,3,43,logistic_regression,540,188,0,0.4091634653571382,0,0.5
2,3,43,logistic_regression,541,474,0,0.37869040824769423,0,0.5
2,3,43,logistic_regression,545,532,0,0.4524031010404429,0,0.5
2,3,43,logistic_regression,550,191,0,0.3793806673292825,0,0.5
2,3,43,logistic_regression,551,639,0,0.4208001749541584,0,0.5
2,3,43,logistic_regression,552,105,0,0.362591977493183,0,0.5
2,3,43,logistic_regression,554,20,0,0.35460865747714587,0,0.5
2,3,43,logistic_regression,559,162,0,0.44102415682580626,0,0.5
2,3,43,logistic_regression,562,282,0,0.42493332618571644,0,0.5
2,3,43,logistic_regression,570,559,0,0.48284619205695317,0,0.5
2,3,43,logistic_regression,575,54,0,0.41098606522741493,0,0.5
2,3,43,logistic_regression,578,126,1,0.3884684708957795,0,0.5
2,3,43,logistic_regression,579,730,0,0.5194617465782887,1,0.5
2,3,43,logistic_regression,595,248,0,0.48766108932481356,0,0.5
2,3,43,logistic_regression,597,133,0,0.8996122146009976,1,0.5
2,3,43,logistic_regression,598,54,1,0.41098606522741493,0,0.5
2,3,43,logistic_regression,608,135,0,0.3923535541743508,0,0.5
2,3,43,logistic_regression,609,416,0,0.4598344176504551,0,0.5
2,3,43,logistic_regression,624,118,0,0.40786936468495766,0,0.5
2,3,43,logistic_regression,629,336,0,0.49605043855447906,0,0.5
2,3,43,logistic_regression,632,226,0,0.4241670922267245,0,0.5
2,3,43,logistic_regression,644,285,0,0.47797376328744623,0,0.5
2,3,43,logistic_regression,651,788,0,0.5246485142429503,1,0.5
2,3,43,logistic_regression,656,294,0,0.42769326182081735,0,0.5
2,3,43,logistic_regression,658,85,0,0.39165156601451806,0,0.5
2,3,43,logistic_regression,664,756,1,0.7249767600650113,1,0.5
2,3,43,logistic_regression,668,830,0,0.7394051261767416,1,0.5
2,3,43,logistic_regression,672,0,0,0.3947136533274578,0,0.5
2,3,43,logistic_regression,679,822,0,0.5867335018991165,1,0.5
2,3,43,logistic_regression,681,793,0,0.5086256941875799,1,0.5
2,3,43,logistic_regression,688,510,1,0.45479006506063047,0,0.5
2,3,43,logistic_regression,692,74,0,0.3925669189132644,0,0.5
2,3,43,logistic_regression,694,486,0,0.44699016386418666,0,0.5
2,3,43,logistic_regression,695,538,0,0.3950486200149969,0,0.5
2,3,43,logistic_regression,696,138,0,0.36660710685104936,0,0.5
2,3,43,logistic_regression,703,42,0,0.41087398925098617,0,0.5
2,3,43,logistic_regression,710,449,0,0.4421011302228829,0,0.5
2,3,43,logistic_regression,712,317,0,0.39659637543211484,0,0.5
2,3,43,logistic_regression,716,144,0,0.4224265568161312,0,0.5
2,3,43,logistic_regression,717,731,0,0.6737879398716643,1,0.5
2,3,43,logistic_regression,718,246,0,0.3958808829919689,0,0.5
2,3,43,logistic_regression,721,655,0,0.4986311339324767,0,0.5
2,3,43,logistic_regression,723,124,0,0.4267931132371606,0,0.5
2,3,43,logistic_regression,724,554,0,0.4154717528818436,0,0.5
2,3,43,logistic_regression,732,417,0,0.44469364524353444,0,0.5
2,3,43,logistic_regression,742,156,0,0.6620073468046114,1,0.5
2,3,43,logistic_regression,747,218,0,0.40514126687486435,0,0.5
2,3,43,logistic_regression,762,139,0,0.37259970228521483,0,0.5
2,3,43,logistic_regression,764,281,0,0.5312740786949677,1,0.5
2,3,43,logistic_regression,769,415,0,0.39902089745751346,0,0.5
2,3,43,logistic_regression,774,801,0,0.6587520021285261,1,0.5
2,3,43,logistic_regression,775,455,0,0.4235391523103199,0,0.5
2,3,43,logistic_regression,780,110,0,0.356491612907891,0,0.5
2,3,43,logistic_regression,792,314,0,0.36666079442581856,0,0.5
2,3,43,logistic_regression,793,353,0,0.42645632462231353,0,0.5
2,3,43,logistic_regression,794,175,0,0.37368680325222364,0,0.5
2,3,43,logistic_regression,806,62,0,0.38743738531726163,0,0.5
2,3,43,logistic_regression,807,717,0,0.5930932534524536,1,0.5
2,3,43,logistic_regression,812,4,0,0.35131966415635096,0,0.5
2,3,43,logistic_regression,817,516,0,0.461859190540731,0,0.5
2,3,43,logistic_regression,819,2,0,0.38479818275776734,0,0.5
2,3,43,logistic_regression,824,720,0,0.4702266975474823,0,0.5
2,3,43,logistic_regression,832,561,0,0.3847927916585213,0,0.5
2,3,43,logistic_regression,835,332,0,0.41518698876629234,0,0.5
2,3,43,logistic_regression,838,694,0,0.4872345645991847,0,0.5
2,3,43,logistic_regression,840,346,0,0.47349729470713314,0,0.5
2,3,43,logistic_regression,841,297,0,0.4061335460030964,0,0.5
2,3,43,logistic_regression,844,444,0,0.4803966323489987,0,0.5
2,3,43,logistic_regression,845,132,0,0.3908436388843574,0,0.5
2,3,43,logistic_regression,851,298,0,0.4377784202540475,0,0.5
2,3,43,xgboost,12,812,0,0.3589931130409241,0,0.5
2,3,43,xgboost,19,773,0,0.29725852608680725,0,0.5
2,3,43,xgboost,35,737,0,0.3762880265712738,0,0.5
2,3,43,xgboost,37,747,0,0.26245057582855225,0,0.5
2,3,43,xgboost,48,780,0,0.5650761127471924,1,0.5
2,3,43,xgboost,49,739,0,0.5409613847732544,1,0.5
2,3,43,xgboost,57,647,0,0.21162165701389313,0,0.5
2,3,43,xgboost,59,692,0,0.4187745153903961,0,0.5
2,3,43,xgboost,60,673,0,0.3410193622112274,0,0.5
2,3,43,xgboost,66,673,0,0.3410193622112274,0,0.5
2,3,43,xgboost,76,675,0,0.2789088487625122,0,0.5
2,3,43,xgboost,79,684,0,0.5483533143997192,1,0.5
2,3,43,xgboost,80,630,0,0.3753482401371002,0,0.5
2,3,43,xgboost,84,713,0,0.4130411446094513,0,0.5
2,3,43,xgboost,86,718,0,0.2264435887336731,0,0.5
2,3,43,xgboost,89,632,0,0.48191624879837036,0,0.5
2,3,43,xgboost,98,584,0,0.2983812987804413,0,0.5
2,3,43,xgboost,100,669,0,0.2904815673828125,0,0.5
2,3,43,xgboost,101,580,0,0.6926298141479492,1,0.5
2,3,43,xgboost,103,754,1,0.6392606496810913,1,0.5
2,3,43,xgboost,106,577,0,0.6702684164047241,1,0.5
2,3,43,xgboost,109,612,0,0.24880163371562958,0,0.5
2,3,43,xgboost,110,619,0,0.159523606300354,0,0.5
2,3,43,xgboost,116,597,0,0.4858682155609131,0,0.5
2,3,43,xgboost,130,492,0,0.25147029757499695,0,0.5
2,3,43,xgboost,132,565,0,0.32105764746665955,0,0.5
2,3,43,xgboost,136,586,0,0.502865195274353,1,0.5
2,3,43,xgboost,137,537,0,0.49548986554145813,0,0.5
2,3,43,xgboost,139,556,0,0.38946691155433655,0,0.5
2,3,43,xgboost,140,553,0,0.3576262891292572,0,0.5
2,3,43,xgboost,146,576,0,0.41443654894828796,0,0.5
2,3,43,xgboost,147,533,0,0.38447535037994385,0,0.5
2,3,43,xgboost,156,448,0,0.1978592872619629,0,0.5
2,3,43,xgboost,157,545,0,0.3215249180793762,0,0.5
2,3,43,xgboost,159,463,0,0.24800235033035278,0,0.5
2,3,43,xgboost,165,572,0,0.3739023208618164,0,0.5
2,3,43,xgboost,168,535,0,0.4511204957962036,0,0.5
2,3,43,xgboost,172,522,0,0.5878916382789612,1,0.5
2,3,43,xgboost,181,462,0,0.27823054790496826,0,0.5
2,3,43,xgboost,187,501,0,0.3515356481075287,0,0.5
2,3,43,xgboost,191,527,0,0.32240113615989685,0,0.5
2,3,43,xgboost,193,445,0,0.20154327154159546,0,0.5
2,3,43,xgboost,195,429,0,0.17970304191112518,0,0.5
2,3,43,xgboost,200,443,0,0.454529732465744,0,0.5
2,3,43,xgboost,205,388,1,0.41580384969711304,0,0.5
2,3,43,xgboost,209,387,0,0.409574031829834,0,0.5
2,3,43,xgboost,212,431,0,0.6630824208259583,1,0.5
2,3,43,xgboost,216,531,1,0.3189726173877716,0,0.5
2,3,43,xgboost,218,503,0,0.5243040323257446,1,0.5
2,3,43,xgboost,220,406,0,0.3786033093929291,0,0.5
2,3,43,xgboost,224,351,1,0.7293575406074524,1,0.5
2,3,43,xgboost,227,394,0,0.6529645919799805,1,0.5
2,3,43,xgboost,233,345,0,0.255617618560791,0,0.5
2,3,43,xgboost,234,406,0,0.3786033093929291,0,0.5
2,3,43,xgboost,242,555,0,0.20123136043548584,0,0.5
2,3,43,xgboost,249,270,0,0.20556218922138214,0,0.5
2,3,43,xgboost,264,259,1,0.16737976670265198,0,0.5
2,3,43,xgboost,270,211,0,0.416362464427948,0,0.5
2,3,43,xgboost,271,359,0,0.35277318954467773,0,0.5
2,3,43,xgboost,272,330,0,0.33382168412208557,0,0.5
2,3,43,xgboost,283,389,0,0.3965253531932831,0,0.5
2,3,43,xgboost,290,204,0,0.39481261372566223,0,0.5
2,3,43,xgboost,303,386,0,0.2893078327178955,0,0.5
2,3,43,xgboost,311,368,0,0.30034372210502625,0,0.5
2,3,43,xgboost,320,271,1,0.1634608954191208,0,0.5
2,3,43,xgboost,334,229,0,0.5614510774612427,1,0.5
2,3,43,xgboost,338,200,0,0.5455042719841003,1,0.5
2,3,43,xgboost,339,182,0,0.42910850048065186,0,0.5
2,3,43,xgboost,345,276,1,0.19792881608009338,0,0.5
2,3,43,xgboost,357,258,0,0.2609216272830963,0,0.5
2,3,43,xgboost,361,199,0,0.5110551714897156,1,0.5
2,3,43,xgboost,362,160,0,0.49549660086631775,0,0.5
2,3,43,xgboost,379,224,0,0.3807796537876129,0,0.5
2,3,43,xgboost,385,234,0,0.47766175866127014,0,0.5
2,3,43,xgboost,387,266,0,0.2679923176765442,0,0.5
2,3,43,xgboost,390,179,0,0.439548522233963,0,0.5
2,3,43,xgboost,392,120,0,0.22568823397159576,0,0.5
2,3,43,xgboost,396,100,0,0.17770235240459442,0,0.5
2,3,43,xgboost,397,137,0,0.27499961853027344,0,0.5
2,3,43,xgboost,409,54,0,0.14960554242134094,0,0.5
2,3,43,xgboost,410,171,0,0.6597708463668823,1,0.5
2,3,43,xgboost,417,158,0,0.5211436152458191,1,0.5
2,3,43,xgboost,426,114,0,0.43247729539871216,0,0.5
2,3,43,xgboost,429,73,0,0.33210673928260803,0,0.5
2,3,43,xgboost,435,54,0,0.14960554242134094,0,0.5
2,3,43,xgboost,436,39,0,0.1244678720831871,0,0.5
2,3,43,xgboost,449,75,0,0.17326006293296814,0,0.5
2,3,43,xgboost,456,24,0,0.1316748708486557,0,0.5
2,3,43,xgboost,469,16,0,0.14960554242134094,0,0.5
2,3,43,xgboost,470,764,0,0.4643024504184723,0,0.5
2,3,43,xgboost,471,94,0,0.15945668518543243,0,0.5
2,3,43,xgboost,487,483,0,0.33711451292037964,0,0.5
2,3,43,xgboost,494,165,0,0.40129774808883667,0,0.5
2,3,43,xgboost,510,17,0,0.11522648483514786,0,0.5
2,3,43,xgboost,511,38,0,0.1551644653081894,0,0.5
2,3,43,xgboost,517,514,0,0.32001161575317383,0,0.5
2,3,43,xgboost,518,362,0,0.17186316847801208,0,0.5
2,3,43,xgboost,521,791,0,0.3924284875392914,0,0.5
2,3,43,xgboost,524,628,0,0.6053545475006104,1,0.5
2,3,43,xgboost,526,469,0,0.3628438115119934,0,0.5
2,3,43,xgboost,536,24,0,0.1316748708486557,0,0.5
2,3,43,xgboost,540,188,0,0.36563122272491455,0,0.5
2,3,43,xgboost,541,474,0,0.2631353437900543,0,0.5
2,3,43,xgboost,545,532,0,0.4002961218357086,0,0.5
2,3,43,xgboost,550,191,0,0.32155999541282654,0,0.5
2,3,43,xgboost,551,639,0,0.534740686416626,1,0.5
2,3,43,xgboost,552,105,0,0.18291327357292175,0,0.5
2,3,43,xgboost,554,20,0,0.30132541060447693,0,0.5
2,3,43,xgboost,559,162,0,0.4680103361606598,0,0.5
2,3,43,xgboost,562,282,0,0.2759788930416107,0,0.5
2,3,43,xgboost,570,559,0,0.31261691451072693,0,0.5
2,3,43,xgboost,575,54,0,0.14960554242134094,0,0.5
2,3,43,xgboost,578,126,1,0.24463173747062683,0,0.5
2,3,43,xgboost,579,730,0,0.2956728935241699,0,0.5
2,3,43,xgboost,595,248,0,0.1606770157814026,0,0.5
2,3,43,xgboost,597,133,0,0.5508003830909729,1,0.5
2,3,43,xgboost,598,54,1,0.14960554242134094,0,0.5
2,3,43,xgboost,608,135,0,0.18049390614032745,0,0.5
2,3,43,xgboost,609,416,0,0.33250704407691956,0,0.5
2,3,43,xgboost,624,118,0,0.32582148909568787,0,0.5
2,3,43,xgboost,629,336,0,0.2633451819419861,0,0.5
2,3,43,xgboost,632,226,0,0.4643305242061615,0,0.5
2,3,43,xgboost,644,285,0,0.220706045627594,0,0.5
2,3,43,xgboost,651,788,0,0.18494440615177155,0,0.5
2,3,43,xgboost,656,294,0,0.3564245104789734,0,0.5
2,3,43,xgboost,658,85,0,0.27084144949913025,0,0.5
2,3,43,xgboost,664,756,1,0.7830182909965515,1,0.5
2,3,43,xgboost,668,830,0,0.37295180559158325,0,0.5
2,3,43,xgboost,672,0,0,0.15585123002529144,0,0.5
2,3,43,xgboost,679,822,0,0.36279717087745667,0,0.5
2,3,43,xgboost,681,793,0,0.12357652932405472,0,0.5
2,3,43,xgboost,688,510,1,0.43885931372642517,0,0.5
2,3,43,xgboost,692,74,0,0.3414115309715271,0,0.5
2,3,43,xgboost,694,486,0,0.37726065516471863,0,0.5
2,3,43,xgboost,695,538,0,0.48340755701065063,0,0.5
2,3,43,xgboost,696,138,0,0.3333272337913513,0,0.5
2,3,43,xgboost,703,42,0,0.2394554167985916,0,0.5
2,3,43,xgboost,710,449,0,0.19699282944202423,0,0.5
2,3,43,xgboost,712,317,0,0.22316628694534302,0,0.5
2,3,43,xgboost,716,144,0,0.3575042188167572,0,0.5
2,3,43,xgboost,717,731,0,0.612709105014801,1,0.5
2,3,43,xgboost,718,246,0,0.5413485765457153,1,0.5
2,3,43,xgboost,721,655,0,0.4200842082500458,0,0.5
2,3,43,xgboost,723,124,0,0.23243659734725952,0,0.5
2,3,43,xgboost,724,554,0,0.33878466486930847,0,0.5
2,3,43,xgboost,732,417,0,0.4392693042755127,0,0.5
2,3,43,xgboost,742,156,0,0.5133896470069885,1,0.5
2,3,43,xgboost,747,218,0,0.37837088108062744,0,0.5
2,3,43,xgboost,762,139,0,0.27477219700813293,0,0.5
2,3,43,xgboost,764,281,0,0.28695443272590637,0,0.5
2,3,43,xgboost,769,415,0,0.290392130613327,0,0.5
2,3,43,xgboost,774,801,0,0.38653165102005005,0,0.5
2,3,43,xgboost,775,455,0,0.3220793306827545,0,0.5
2,3,43,xgboost,780,110,0,0.18712081015110016,0,0.5
2,3,43,xgboost,792,314,0,0.14974284172058105,0,0.5
2,3,43,xgboost,793,353,0,0.2449226826429367,0,0.5
2,3,43,xgboost,794,175,0,0.2940335273742676,0,0.5
2,3,43,xgboost,806,62,0,0.17474058270454407,0,0.5
2,3,43,xgboost,807,717,0,0.2691929340362549,0,0.5
2,3,43,xgboost,812,4,0,0.26748791337013245,0,0.5
2,3,43,xgboost,817,516,0,0.3480607867240906,0,0.5
2,3,43,xgboost,819,2,0,0.2557799220085144,0,0.5
2,3,43,xgboost,824,720,0,0.3066917955875397,0,0.5
2,3,43,xgboost,832,561,0,0.26583731174468994,0,0.5
2,3,43,xgboost,835,332,0,0.17741528153419495,0,0.5
2,3,43,xgboost,838,694,0,0.3497995138168335,0,0.5
2,3,43,xgboost,840,346,0,0.1728164404630661,0,0.5
2,3,43,xgboost,841,297,0,0.18424776196479797,0,0.5
2,3,43,xgboost,844,444,0,0.12244287133216858,0,0.5
2,3,43,xgboost,845,132,0,0.32767125964164734,0,0.5
2,3,43,xgboost,851,298,0,0.2526567280292511,0,0.5
2,4,43,dummy_prior,7,413,0,0.0641399416909621,0,0.5
2,4,43,dummy_prior,11,450,0,0.0641399416909621,0,0.5
2,4,43,dummy_prior,16,790,0,0.0641399416909621,0,0.5
2,4,43,dummy_prior,20,797,0,0.0641399416909621,0,0.5
2,4,43,dummy_prior,22,766,1,0.0641399416909621,0,0.5
2,4,43,dummy_prior,29,745,0,0.0641399416909621,0,0.5
2,4,43,dummy_prior,30,782,0,0.0641399416909621,0,0.5
2,4,43,dummy_prior,32,738,0,0.0641399416909621,0,0.5
2,4,43,dummy_prior,46,716,0,0.0641399416909621,0,0.5
2,4,43,dummy_prior,54,708,0,0.0641399416909621,0,0.5
2,4,43,dummy_prior,63,629,0,0.0641399416909621,0,0.5
2,4,43,dummy_prior,64,750,1,0.0641399416909621,0,0.5
2,4,43,dummy_prior,70,727,0,0.0641399416909621,0,0.5
2,4,43,dummy_prior,71,677,0,0.0641399416909621,0,0.5
2,4,43,dummy_prior,77,646,0,0.0641399416909621,0,0.5
2,4,43,dummy_prior,90,707,0,0.0641399416909621,0,0.5
2,4,43,dummy_prior,92,649,0,0.0641399416909621,0,0.5
2,4,43,dummy_prior,93,631,1,0.0641399416909621,0,0.5
2,4,43,dummy_prior,94,637,0,0.0641399416909621,0,0.5
2,4,43,dummy_prior,107,653,0,0.0641399416909621,0,0.5
2,4,43,dummy_prior,108,611,0,0.0641399416909621,0,0.5
2,4,43,dummy_prior,111,626,0,0.0641399416909621,0,0.5
2,4,43,dummy_prior,117,570,0,0.0641399416909621,0,0.5
2,4,43,dummy_prior,126,588,0,0.0641399416909621,0,0.5
2,4,43,dummy_prior,127,520,0,0.0641399416909621,0,0.5
2,4,43,dummy_prior,129,557,0,0.0641399416909621,0,0.5
2,4,43,dummy_prior,131,581,1,0.0641399416909621,0,0.5
2,4,43,dummy_prior,142,591,0,0.0641399416909621,0,0.5
2,4,43,dummy_prior,158,617,0,0.0641399416909621,0,0.5
2,4,43,dummy_prior,160,484,0,0.0641399416909621,0,0.5
2,4,43,dummy_prior,161,490,0,0.0641399416909621,0,0.5
2,4,43,dummy_prior,169,108,0,0.0641399416909621,0,0.5
2,4,43,dummy_prior,173,529,0,0.0641399416909621,0,0.5
2,4,43,dummy_prior,175,412,0,0.0641399416909621,0,0.5
2,4,43,dummy_prior,179,548,0,0.0641399416909621,0,0.5
2,4,43,dummy_prior,184,411,0,0.0641399416909621,0,0.5
2,4,43,dummy_prior,192,459,0,0.0641399416909621,0,0.5
2,4,43,dummy_prior,197,442,0,0.0641399416909621,0,0.5
2,4,43,dummy_prior,203,494,1,0.0641399416909621,0,0.5
2,4,43,dummy_prior,210,399,0,0.0641399416909621,0,0.5
2,4,43,dummy_prior,213,500,0,0.0641399416909621,0,0.5
2,4,43,dummy_prior,215,372,0,0.0641399416909621,0,0.5
2,4,43,dummy_prior,228,585,0,0.0641399416909621,0,0.5
2,4,43,dummy_prior,237,347,0,0.0641399416909621,0,0.5
2,4,43,dummy_prior,240,334,0,0.0641399416909621,0,0.5
2,4,43,dummy_prior,248,381,0,0.0641399416909621,0,0.5
2,4,43,dummy_prior,250,379,0,0.0641399416909621,0,0.5
2,4,43,dummy_prior,251,284,0,0.0641399416909621,0,0.5
2,4,43,dummy_prior,255,379,0,0.0641399416909621,0,0.5
2,4,43,dummy_prior,262,295,0,0.0641399416909621,0,0.5
2,4,43,dummy_prior,265,247,0,0.0641399416909621,0,0.5
2,4,43,dummy_prior,268,305,0,0.0641399416909621,0,0.5
2,4,43,dummy_prior,274,349,0,0.0641399416909621,0,0.5
2,4,43,dummy_prior,275,237,0,0.0641399416909621,0,0.5
2,4,43,dummy_prior,277,168,0,0.0641399416909621,0,0.5
2,4,43,dummy_prior,278,267,0,0.0641399416909621,0,0.5
2,4,43,dummy_prior,282,219,0,0.0641399416909621,0,0.5
2,4,43,dummy_prior,295,283,0,0.0641399416909621,0,0.5
2,4,43,dummy_prior,298,333,0,0.0641399416909621,0,0.5
2,4,43,dummy_prior,300,301,0,0.0641399416909621,0,0.5
2,4,43,dummy_prior,306,436,0,0.0641399416909621,0,0.5
2,4,43,dummy_prior,324,654,0,0.0641399416909621,0,0.5
2,4,43,dummy_prior,333,274,0,0.0641399416909621,0,0.5
2,4,43,dummy_prior,347,131,0,0.0641399416909621,0,0.5
2,4,43,dummy_prior,348,125,0,0.0641399416909621,0,0.5
2,4,43,dummy_prior,349,235,0,0.0641399416909621,0,0.5
2,4,43,dummy_prior,351,155,0,0.0641399416909621,0,0.5
2,4,43,dummy_prior,352,152,0,0.0641399416909621,0,0.5
2,4,43,dummy_prior,365,178,0,0.0641399416909621,0,0.5
2,4,43,dummy_prior,367,127,0,0.0641399416909621,0,0.5
2,4,43,dummy_prior,369,82,0,0.0641399416909621,0,0.5
2,4,43,dummy_prior,383,134,1,0.0641399416909621,0,0.5
2,4,43,dummy_prior,394,184,0,0.0641399416909621,0,0.5
2,4,43,dummy_prior,395,82,0,0.0641399416909621,0,0.5
2,4,43,dummy_prior,398,115,0,0.0641399416909621,0,0.5
2,4,43,dummy_prior,404,88,0,0.0641399416909621,0,0.5
2,4,43,dummy_prior,414,186,0,0.0641399416909621,0,0.5
2,4,43,dummy_prior,416,70,0,0.0641399416909621,0,0.5
2,4,43,dummy_prior,423,51,0,0.0641399416909621,0,0.5
2,4,43,dummy_prior,425,35,0,0.0641399416909621,0,0.5
2,4,43,dummy_prior,428,29,0,0.0641399416909621,0,0.5
2,4,43,dummy_prior,431,70,0,0.0641399416909621,0,0.5
2,4,43,dummy_prior,433,28,0,0.0641399416909621,0,0.5
2,4,43,dummy_prior,434,192,1,0.0641399416909621,0,0.5
2,4,43,dummy_prior,437,26,0,0.0641399416909621,0,0.5
2,4,43,dummy_prior,442,26,0,0.0641399416909621,0,0.5
2,4,43,dummy_prior,455,77,0,0.0641399416909621,0,0.5
2,4,43,dummy_prior,458,35,0,0.0641399416909621,0,0.5
2,4,43,dummy_prior,459,3,0,0.0641399416909621,0,0.5
2,4,43,dummy_prior,462,68,0,0.0641399416909621,0,0.5
2,4,43,dummy_prior,465,43,0,0.0641399416909621,0,0.5
2,4,43,dummy_prior,472,682,1,0.0641399416909621,0,0.5
2,4,43,dummy_prior,474,640,0,0.0641399416909621,0,0.5
2,4,43,dummy_prior,484,371,0,0.0641399416909621,0,0.5
2,4,43,dummy_prior,485,286,0,0.0641399416909621,0,0.5
2,4,43,dummy_prior,491,122,0,0.0641399416909621,0,0.5
2,4,43,dummy_prior,501,610,0,0.0641399416909621,0,0.5
2,4,43,dummy_prior,503,735,0,0.0641399416909621,0,0.5
2,4,43,dummy_prior,509,384,0,0.0641399416909621,0,0.5
2,4,43,dummy_prior,528,547,0,0.0641399416909621,0,0.5
2,4,43,dummy_prior,533,425,0,0.0641399416909621,0,0.5
2,4,43,dummy_prior,542,146,0,0.0641399416909621,0,0.5
2,4,43,dummy_prior,544,50,0,0.0641399416909621,0,0.5
2,4,43,dummy_prior,546,213,0,0.0641399416909621,0,0.5
2,4,43,dummy_prior,553,636,0,0.0641399416909621,0,0.5
2,4,43,dummy_prior,556,772,0,0.0641399416909621,0,0.5
2,4,43,dummy_prior,561,208,0,0.0641399416909621,0,0.5
2,4,43,dummy_prior,563,712,0,0.0641399416909621,0,0.5
2,4,43,dummy_prior,564,426,0,0.0641399416909621,0,0.5
2,4,43,dummy_prior,567,383,0,0.0641399416909621,0,0.5
2,4,43,dummy_prior,569,802,0,0.0641399416909621,0,0.5
2,4,43,dummy_prior,576,464,0,0.0641399416909621,0,0.5
2,4,43,dummy_prior,581,59,0,0.0641399416909621,0,0.5
2,4,43,dummy_prior,585,648,0,0.0641399416909621,0,0.5
2,4,43,dummy_prior,588,813,0,0.0641399416909621,0,0.5
2,4,43,dummy_prior,589,784,0,0.0641399416909621,0,0.5
2,4,43,dummy_prior,594,193,0,0.0641399416909621,0,0.5
2,4,43,dummy_prior,596,83,0,0.0641399416909621,0,0.5
2,4,43,dummy_prior,615,706,0,0.0641399416909621,0,0.5
2,4,43,dummy_prior,618,130,0,0.0641399416909621,0,0.5
2,4,43,dummy_prior,620,363,0,0.0641399416909621,0,0.5
2,4,43,dummy_prior,625,92,0,0.0641399416909621,0,0.5
2,4,43,dummy_prior,631,187,0,0.0641399416909621,0,0.5
2,4,43,dummy_prior,633,261,0,0.0641399416909621,0,0.5
2,4,43,dummy_prior,634,478,0,0.0641399416909621,0,0.5
2,4,43,dummy_prior,635,714,0,0.0641399416909621,0,0.5
2,4,43,dummy_prior,640,625,0,0.0641399416909621,0,0.5
2,4,43,dummy_prior,642,512,0,0.0641399416909621,0,0.5
2,4,43,dummy_prior,647,277,0,0.0641399416909621,0,0.5
2,4,43,dummy_prior,648,95,0,0.0641399416909621,0,0.5
2,4,43,dummy_prior,652,826,0,0.0641399416909621,0,0.5
2,4,43,dummy_prior,653,216,1,0.0641399416909621,0,0.5
2,4,43,dummy_prior,667,829,0,0.0641399416909621,0,0.5
2,4,43,dummy_prior,669,755,0,0.0641399416909621,0,0.5
2,4,43,dummy_prior,670,817,1,0.0641399416909621,0,0.5
2,4,43,dummy_prior,673,819,1,0.0641399416909621,0,0.5
2,4,43,dummy_prior,674,795,0,0.0641399416909621,0,0.5
2,4,43,dummy_prior,676,828,0,0.0641399416909621,0,0.5
2,4,43,dummy_prior,678,609,0,0.0641399416909621,0,0.5
2,4,43,dummy_prior,690,8,0,0.0641399416909621,0,0.5
2,4,43,dummy_prior,698,473,0,0.0641399416909621,0,0.5
2,4,43,dummy_prior,700,479,0,0.0641399416909621,0,0.5
2,4,43,dummy_prior,708,254,0,0.0641399416909621,0,0.5
2,4,43,dummy_prior,714,521,0,0.0641399416909621,0,0.5
2,4,43,dummy_prior,727,589,0,0.0641399416909621,0,0.5
2,4,43,dummy_prior,734,564,0,0.0641399416909621,0,0.5
2,4,43,dummy_prior,736,725,0,0.0641399416909621,0,0.5
2,4,43,dummy_prior,738,477,0,0.0641399416909621,0,0.5
2,4,43,dummy_prior,743,540,0,0.0641399416909621,0,0.5
2,4,43,dummy_prior,750,99,0,0.0641399416909621,0,0.5
2,4,43,dummy_prior,751,778,0,0.0641399416909621,0,0.5
2,4,43,dummy_prior,758,578,0,0.0641399416909621,0,0.5
2,4,43,dummy_prior,759,101,0,0.0641399416909621,0,0.5
2,4,43,dummy_prior,763,785,0,0.0641399416909621,0,0.5
2,4,43,dummy_prior,766,206,0,0.0641399416909621,0,0.5
2,4,43,dummy_prior,768,422,0,0.0641399416909621,0,0.5
2,4,43,dummy_prior,776,45,0,0.0641399416909621,0,0.5
2,4,43,dummy_prior,777,744,0,0.0641399416909621,0,0.5
2,4,43,dummy_prior,782,528,0,0.0641399416909621,0,0.5
2,4,43,dummy_prior,795,690,0,0.0641399416909621,0,0.5
2,4,43,dummy_prior,798,396,0,0.0641399416909621,0,0.5
2,4,43,dummy_prior,799,141,0,0.0641399416909621,0,0.5
2,4,43,dummy_prior,802,14,0,0.0641399416909621,0,0.5
2,4,43,dummy_prior,808,544,0,0.0641399416909621,0,0.5
2,4,43,dummy_prior,815,549,0,0.0641399416909621,0,0.5
2,4,43,dummy_prior,830,699,0,0.0641399416909621,0,0.5
2,4,43,dummy_prior,834,569,0,0.0641399416909621,0,0.5
2,4,43,dummy_prior,837,606,0,0.0641399416909621,0,0.5
2,4,43,dummy_prior,847,574,0,0.0641399416909621,0,0.5
2,4,43,dummy_prior,850,117,0,0.0641399416909621,0,0.5
2,4,43,dummy_prior,854,616,0,0.0641399416909621,0,0.5
2,4,43,dummy_prior,855,377,0,0.0641399416909621,0,0.5
2,4,43,logistic_regression,7,413,0,0.485745437987824,0,0.5
2,4,43,logistic_regression,11,450,0,0.5183861891038023,1,0.5
2,4,43,logistic_regression,16,790,0,0.3678013429858383,0,0.5
2,4,43,logistic_regression,20,797,0,0.627337275268246,1,0.5
2,4,43,logistic_regression,22,766,1,0.5756542182850027,1,0.5
2,4,43,logistic_regression,29,745,0,0.3322967009667287,0,0.5
2,4,43,logistic_regression,30,782,0,0.7862149098760794,1,0.5
2,4,43,logistic_regression,32,738,0,0.3849133653709039,0,0.5
2,4,43,logistic_regression,46,716,0,0.45864233526800524,0,0.5
2,4,43,logistic_regression,54,708,0,0.5660214799252207,1,0.5
2,4,43,logistic_regression,63,629,0,0.8271080058363944,1,0.5
2,4,43,logistic_regression,64,750,1,0.659571759531217,1,0.5
2,4,43,logistic_regression,70,727,0,0.6303511864614086,1,0.5
2,4,43,logistic_regression,71,677,0,0.3918262953616803,0,0.5
2,4,43,logistic_regression,77,646,0,0.37928765811128845,0,0.5
2,4,43,logistic_regression,90,707,0,0.4383954267329758,0,0.5
2,4,43,logistic_regression,92,649,0,0.6143678210208796,1,0.5
2,4,43,logistic_regression,93,631,1,0.3270573317266655,0,0.5
2,4,43,logistic_regression,94,637,0,0.4875120121471102,0,0.5
2,4,43,logistic_regression,107,653,0,0.4209295994099831,0,0.5
2,4,43,logistic_regression,108,611,0,0.548781922318543,1,0.5
2,4,43,logistic_regression,111,626,0,0.4987519523725552,0,0.5
2,4,43,logistic_regression,117,570,0,0.40113301407665225,0,0.5
2,4,43,logistic_regression,126,588,0,0.47254027236574386,0,0.5
2,4,43,logistic_regression,127,520,0,0.6231061339871761,1,0.5
2,4,43,logistic_regression,129,557,0,0.514379154854717,1,0.5
2,4,43,logistic_regression,131,581,1,0.8601046879606985,1,0.5
2,4,43,logistic_regression,142,591,0,0.4986480838670256,0,0.5
2,4,43,logistic_regression,158,617,0,0.46201555331889427,0,0.5
2,4,43,logistic_regression,160,484,0,0.5643998820717154,1,0.5
2,4,43,logistic_regression,161,490,0,0.4707192015083925,0,0.5
2,4,43,logistic_regression,169,108,0,0.48452042850979077,0,0.5
2,4,43,logistic_regression,173,529,0,0.8048964692684374,1,0.5
2,4,43,logistic_regression,175,412,0,0.3944702754524113,0,0.5
2,4,43,logistic_regression,179,548,0,0.5270881923356,1,0.5
2,4,43,logistic_regression,184,411,0,0.46252550635839695,0,0.5
2,4,43,logistic_regression,192,459,0,0.4313388761711941,0,0.5
2,4,43,logistic_regression,197,442,0,0.395914622582367,0,0.5
2,4,43,logistic_regression,203,494,1,0.6795148109867344,1,0.5
2,4,43,logistic_regression,210,399,0,0.5517766077077395,1,0.5
2,4,43,logistic_regression,213,500,0,0.8472276288114208,1,0.5
2,4,43,logistic_regression,215,372,0,0.33864246831854444,0,0.5
2,4,43,logistic_regression,228,585,0,0.39399248264924563,0,0.5
2,4,43,logistic_regression,237,347,0,0.7108197831509602,1,0.5
2,4,43,logistic_regression,240,334,0,0.44262713674963977,0,0.5
2,4,43,logistic_regression,248,381,0,0.4895971617180744,0,0.5
2,4,43,logistic_regression,250,379,0,0.3796843572587143,0,0.5
2,4,43,logistic_regression,251,284,0,0.3880000213346618,0,0.5
2,4,43,logistic_regression,255,379,0,0.3796843572587143,0,0.5
2,4,43,logistic_regression,262,295,0,0.6117707346483997,1,0.5
2,4,43,logistic_regression,265,247,0,0.4948010153028941,0,0.5
2,4,43,logistic_regression,268,305,0,0.4402994121534582,0,0.5
2,4,43,logistic_regression,274,349,0,0.4467203012297126,0,0.5
2,4,43,logistic_regression,275,237,0,0.48113706149415986,0,0.5
2,4,43,logistic_regression,277,168,0,0.46853302460156354,0,0.5
2,4,43,logistic_regression,278,267,0,0.4842356661828809,0,0.5
2,4,43,logistic_regression,282,219,0,0.4308048719654449,0,0.5
2,4,43,logistic_regression,295,283,0,0.6953639521286106,1,0.5
2,4,43,logistic_regression,298,333,0,0.3980628926890145,0,0.5
2,4,43,logistic_regression,300,301,0,0.48311260461754296,0,0.5
2,4,43,logistic_regression,306,436,0,0.37714361038175614,0,0.5
2,4,43,logistic_regression,324,654,0,0.44809577814974216,0,0.5
2,4,43,logistic_regression,333,274,0,0.4863985205476771,0,0.5
2,4,43,logistic_regression,347,131,0,0.4019842580223021,0,0.5
2,4,43,logistic_regression,348,125,0,0.489619128477388,0,0.5
2,4,43,logistic_regression,349,235,0,0.4055369675301243,0,0.5
2,4,43,logistic_regression,351,155,0,0.46258772333069154,0,0.5
2,4,43,logistic_regression,352,152,0,0.49424547491651405,0,0.5
2,4,43,logistic_regression,365,178,0,0.40053922857139496,0,0.5
2,4,43,logistic_regression,367,127,0,0.46928687853175505,0,0.5
2,4,43,logistic_regression,369,82,0,0.474932779897446,0,0.5
2,4,43,logistic_regression,383,134,1,0.41346584420372307,0,0.5
2,4,43,logistic_regression,394,184,0,0.8366901270965099,1,0.5
2,4,43,logistic_regression,395,82,0,0.474932779897446,0,0.5
2,4,43,logistic_regression,398,115,0,0.39800028615289257,0,0.5
2,4,43,logistic_regression,404,88,0,0.501977961966544,1,0.5
2,4,43,logistic_regression,414,186,0,0.505922628218243,1,0.5
2,4,43,logistic_regression,416,70,0,0.5050946527877954,1,0.5
2,4,43,logistic_regression,423,51,0,0.5125457268451594,1,0.5
2,4,43,logistic_regression,425,35,0,0.492936136339635,0,0.5
2,4,43,logistic_regression,428,29,0,0.505472464085511,1,0.5
2,4,43,logistic_regression,431,70,0,0.5050946527877954,1,0.5
2,4,43,logistic_regression,433,28,0,0.40029724941065065,0,0.5
2,4,43,logistic_regression,434,192,1,0.38960673832516346,0,0.5
2,4,43,logistic_regression,437,26,0,0.49114664440447187,0,0.5
2,4,43,logistic_regression,442,26,0,0.49114664440447187,0,0.5
2,4,43,logistic_regression,455,77,0,0.30470056663042133,0,0.5
2,4,43,logistic_regression,458,35,0,0.492936136339635,0,0.5
2,4,43,logistic_regression,459,3,0,0.4993560309723223,0,0.5
2,4,43,logistic_regression,462,68,0,0.4975487479283634,0,0.5
2,4,43,logistic_regression,465,43,0,0.500944803878378,1,0.5
2,4,43,logistic_regression,472,682,1,0.3990584633488375,0,0.5
2,4,43,logistic_regression,474,640,0,0.5248056932695445,1,0.5
2,4,43,logistic_regression,484,371,0,0.4696516372125549,0,0.5
2,4,43,logistic_regression,485,286,0,0.4971464133559254,0,0.5
2,4,43,logistic_regression,491,122,0,0.3887516778714705,0,0.5
2,4,43,logistic_regression,501,610,0,0.46294907669252217,0,0.5
2,4,43,logistic_regression,503,735,0,0.5537447869433756,1,0.5
2,4,43,logistic_regression,509,384,0,0.39589257521314103,0,0.5
2,4,43,logistic_regression,528,547,0,0.40240870951763763,0,0.5
2,4,43,logistic_regression,533,425,0,0.46579416225106796,0,0.5
2,4,43,logistic_regression,542,146,0,0.3889102976668346,0,0.5
2,4,43,logistic_regression,544,50,0,0.4176888234407602,0,0.5
2,4,43,logistic_regression,546,213,0,0.6785839670604659,1,0.5
2,4,43,logistic_regression,553,636,0,0.40710848454954673,0,0.5
2,4,43,logistic_regression,556,772,0,0.593850684716809,1,0.5
2,4,43,logistic_regression,561,208,0,0.39482911079763566,0,0.5
2,4,43,logistic_regression,563,712,0,0.3941251945576802,0,0.5
2,4,43,logistic_regression,564,426,0,0.3683908453903743,0,0.5
2,4,43,logistic_regression,567,383,0,0.5499038025413466,1,0.5
2,4,43,logistic_regression,569,802,0,0.4232883274413254,0,0.5
2,4,43,logistic_regression,576,464,0,0.4026022337298898,0,0.5
2,4,43,logistic_regression,581,59,0,0.42768271078028713,0,0.5
2,4,43,logistic_regression,585,648,0,0.3420215259315485,0,0.5
2,4,43,logistic_regression,588,813,0,0.44209517326161984,0,0.5
2,4,43,logistic_regression,589,784,0,0.40184189181996427,0,0.5
2,4,43,logistic_regression,594,193,0,0.38677298702259266,0,0.5
2,4,43,logistic_regression,596,83,0,0.37042440104783064,0,0.5
2,4,43,logistic_regression,615,706,0,0.7518810896802361,1,0.5
2,4,43,logistic_regression,618,130,0,0.38791918948184684,0,0.5
2,4,43,logistic_regression,620,363,0,0.4218374970074522,0,0.5
2,4,43,logistic_regression,625,92,0,0.48651857042668506,0,0.5
2,4,43,logistic_regression,631,187,0,0.5265215759128471,1,0.5
2,4,43,logistic_regression,633,261,0,0.39510275585946086,0,0.5
2,4,43,logistic_regression,634,478,0,0.4932557995530292,0,0.5
2,4,43,logistic_regression,635,714,0,0.4099306786537618,0,0.5
2,4,43,logistic_regression,640,625,0,0.5150690557722553,1,0.5
2,4,43,logistic_regression,642,512,0,0.5128652445665084,1,0.5
2,4,43,logistic_regression,647,277,0,0.500502618832989,1,0.5
2,4,43,logistic_regression,648,95,0,0.8840424064314357,1,0.5
2,4,43,logistic_regression,652,826,0,0.5609121502846703,1,0.5
2,4,43,logistic_regression,653,216,1,0.4296508017919703,0,0.5
2,4,43,logistic_regression,667,829,0,0.48258223323506094,0,0.5
2,4,43,logistic_regression,669,755,0,0.501377988005195,1,0.5
2,4,43,logistic_regression,670,817,1,0.6940025785208479,1,0.5
2,4,43,logistic_regression,673,819,1,0.6362347177182995,1,0.5
2,4,43,logistic_regression,674,795,0,0.6200624332981015,1,0.5
2,4,43,logistic_regression,676,828,0,0.4401525273619434,0,0.5
2,4,43,logistic_regression,678,609,0,0.3586821698852559,0,0.5
2,4,43,logistic_regression,690,8,0,0.40117230719278435,0,0.5
2,4,43,logistic_regression,698,473,0,0.49384035386786285,0,0.5
2,4,43,logistic_regression,700,479,0,0.38441213256500506,0,0.5
2,4,43,logistic_regression,708,254,0,0.4677648522937925,0,0.5
2,4,43,logistic_regression,714,521,0,0.49147617008288785,0,0.5
2,4,43,logistic_regression,727,589,0,0.5134242688851371,1,0.5
2,4,43,logistic_regression,734,564,0,0.5927838900395269,1,0.5
2,4,43,logistic_regression,736,725,0,0.42162597269510543,0,0.5
2,4,43,logistic_regression,738,477,0,0.4925136922519711,0,0.5
2,4,43,logistic_regression,743,540,0,0.24367415623027747,0,0.5
2,4,43,logistic_regression,750,99,0,0.5030256249482551,1,0.5
2,4,43,logistic_regression,751,778,0,0.3850917260533966,0,0.5
2,4,43,logistic_regression,758,578,0,0.4663443910074522,0,0.5
2,4,43,logistic_regression,759,101,0,0.5086738535321994,1,0.5
2,4,43,logistic_regression,763,785,0,0.5079762147886098,1,0.5
2,4,43,logistic_regression,766,206,0,0.4606227832045193,0,0.5
2,4,43,logistic_regression,768,422,0,0.47068112586339,0,0.5
2,4,43,logistic_regression,776,45,0,0.48548621323959673,0,0.5
2,4,43,logistic_regression,777,744,0,0.4271700644251241,0,0.5
2,4,43,logistic_regression,782,528,0,0.4378338832306692,0,0.5
2,4,43,logistic_regression,795,690,0,0.6993881828316969,1,0.5
2,4,43,logistic_regression,798,396,0,0.49044796049904626,0,0.5
2,4,43,logistic_regression,799,141,0,0.5079172819290975,1,0.5
2,4,43,logistic_regression,802,14,0,0.39404947850690936,0,0.5
2,4,43,logistic_regression,808,544,0,0.4985601997393317,0,0.5
2,4,43,logistic_regression,815,549,0,0.41157662133547196,0,0.5
2,4,43,logistic_regression,830,699,0,0.5088965948542896,1,0.5
2,4,43,logistic_regression,834,569,0,0.5492765344594003,1,0.5
2,4,43,logistic_regression,837,606,0,0.43541655583529437,0,0.5
2,4,43,logistic_regression,847,574,0,0.44995123054849134,0,0.5
2,4,43,logistic_regression,850,117,0,0.48323260654216466,0,0.5
2,4,43,logistic_regression,854,616,0,0.4854792740055505,0,0.5
2,4,43,logistic_regression,855,377,0,0.36192406734847055,0,0.5
2,4,43,xgboost,7,413,0,0.1639334261417389,0,0.5
2,4,43,xgboost,11,450,0,0.42014822363853455,0,0.5
2,4,43,xgboost,16,790,0,0.06878525763750076,0,0.5
2,4,43,xgboost,20,797,0,0.6923564076423645,1,0.5
2,4,43,xgboost,22,766,1,0.5150362849235535,1,0.5
2,4,43,xgboost,29,745,0,0.08239778876304626,0,0.5
2,4,43,xgboost,30,782,0,0.3412325382232666,0,0.5
2,4,43,xgboost,32,738,0,0.3738388121128082,0,0.5
2,4,43,xgboost,46,716,0,0.266849160194397,0,0.5
2,4,43,xgboost,54,708,0,0.5301144123077393,1,0.5
2,4,43,xgboost,63,629,0,0.7572057843208313,1,0.5
2,4,43,xgboost,64,750,1,0.5917190313339233,1,0.5
2,4,43,xgboost,70,727,0,0.8392001986503601,1,0.5
2,4,43,xgboost,71,677,0,0.30531972646713257,0,0.5
2,4,43,xgboost,77,646,0,0.07301274687051773,0,0.5
2,4,43,xgboost,90,707,0,0.07612568885087967,0,0.5
2,4,43,xgboost,92,649,0,0.24637770652770996,0,0.5
2,4,43,xgboost,93,631,1,0.1313551962375641,0,0.5
2,4,43,xgboost,94,637,0,0.37588974833488464,0,0.5
2,4,43,xgboost,107,653,0,0.2982746362686157,0,0.5
2,4,43,xgboost,108,611,0,0.45580747723579407,0,0.5
2,4,43,xgboost,111,626,0,0.28086286783218384,0,0.5
2,4,43,xgboost,117,570,0,0.1952417492866516,0,0.5
2,4,43,xgboost,126,588,0,0.5275547504425049,1,0.5
2,4,43,xgboost,127,520,0,0.4685317873954773,0,0.5
2,4,43,xgboost,129,557,0,0.10196271538734436,0,0.5
2,4,43,xgboost,131,581,1,0.5480689406394958,1,0.5
2,4,43,xgboost,142,591,0,0.4005802869796753,0,0.5
2,4,43,xgboost,158,617,0,0.10912540555000305,0,0.5
2,4,43,xgboost,160,484,0,0.24562101066112518,0,0.5
2,4,43,xgboost,161,490,0,0.33576393127441406,0,0.5
2,4,43,xgboost,169,108,0,0.46499869227409363,0,0.5
2,4,43,xgboost,173,529,0,0.6597681045532227,1,0.5
2,4,43,xgboost,175,412,0,0.454387903213501,0,0.5
2,4,43,xgboost,179,548,0,0.50298672914505,1,0.5
2,4,43,xgboost,184,411,0,0.47065919637680054,0,0.5
2,4,43,xgboost,192,459,0,0.47899943590164185,0,0.5
2,4,43,xgboost,197,442,0,0.3861664831638336,0,0.5
2,4,43,xgboost,203,494,1,0.7646745443344116,1,0.5
2,4,43,xgboost,210,399,0,0.5242459774017334,1,0.5
2,4,43,xgboost,213,500,0,0.5029276013374329,1,0.5
2,4,43,xgboost,215,372,0,0.09737786650657654,0,0.5
2,4,43,xgboost,228,585,0,0.32053613662719727,0,0.5
2,4,43,xgboost,237,347,0,0.5578348636627197,1,0.5
2,4,43,xgboost,240,334,0,0.24798862636089325,0,0.5
2,4,43,xgboost,248,381,0,0.2670558989048004,0,0.5
2,4,43,xgboost,250,379,0,0.48142704367637634,0,0.5
2,4,43,xgboost,251,284,0,0.31722018122673035,0,0.5
2,4,43,xgboost,255,379,0,0.48142704367637634,0,0.5
2,4,43,xgboost,262,295,0,0.15949884057044983,0,0.5
2,4,43,xgboost,265,247,0,0.5762491226196289,1,0.5
2,4,43,xgboost,268,305,0,0.28713592886924744,0,0.5
2,4,43,xgboost,274,349,0,0.23045018315315247,0,0.5
2,4,43,xgboost,275,237,0,0.7013801336288452,1,0.5
2,4,43,xgboost,277,168,0,0.5394538044929504,1,0.5
2,4,43,xgboost,278,267,0,0.7503754496574402,1,0.5
2,4,43,xgboost,282,219,0,0.5497973561286926,1,0.5
2,4,43,xgboost,295,283,0,0.4214530289173126,0,0.5
2,4,43,xgboost,298,333,0,0.27376654744148254,0,0.5
2,4,43,xgboost,300,301,0,0.16709311306476593,0,0.5
2,4,43,xgboost,306,436,0,0.22209390997886658,0,0.5
2,4,43,xgboost,324,654,0,0.2618396580219269,0,0.5
2,4,43,xgboost,333,274,0,0.6823413372039795,1,0.5
2,4,43,xgboost,347,131,0,0.206724151968956,0,0.5
2,4,43,xgboost,348,125,0,0.5418645739555359,1,0.5
2,4,43,xgboost,349,235,0,0.38647520542144775,0,0.5
2,4,43,xgboost,351,155,0,0.25806477665901184,0,0.5
2,4,43,xgboost,352,152,0,0.4707719385623932,0,0.5
2,4,43,xgboost,365,178,0,0.2720696032047272,0,0.5
2,4,43,xgboost,367,127,0,0.5142989754676819,1,0.5
2,4,43,xgboost,369,82,0,0.5142989754676819,1,0.5
2,4,43,xgboost,383,134,1,0.21628980338573456,0,0.5
2,4,43,xgboost,394,184,0,0.7460018992424011,1,0.5
2,4,43,xgboost,395,82,0,0.5142989754676819,1,0.5
2,4,43,xgboost,398,115,0,0.20041930675506592,0,0.5
2,4,43,xgboost,404,88,0,0.40467149019241333,0,0.5
2,4,43,xgboost,414,186,0,0.4871874451637268,0,0.5
2,4,43,xgboost,416,70,0,0.2569107115268707,0,0.5
2,4,43,xgboost,423,51,0,0.12014733254909515,0,0.5
2,4,43,xgboost,425,35,0,0.19743485748767853,0,0.5
2,4,43,xgboost,428,29,0,0.1592864841222763,0,0.5
2,4,43,xgboost,431,70,0,0.2569107115268707,0,0.5
2,4,43,xgboost,433,28,0,0.14854928851127625,0,0.5
2,4,43,xgboost,434,192,1,0.558695912361145,1,0.5
2,4,43,xgboost,437,26,0,0.17207679152488708,0,0.5
2,4,43,xgboost,442,26,0,0.17207679152488708,0,0.5
2,4,43,xgboost,455,77,0,0.46512362360954285,0,0.5
2,4,43,xgboost,458,35,0,0.19743485748767853,0,0.5
2,4,43,xgboost,459,3,0,0.12899444997310638,0,0.5
2,4,43,xgboost,462,68,0,0.284639835357666,0,0.5
2,4,43,xgboost,465,43,0,0.22194214165210724,0,0.5
2,4,43,xgboost,472,682,1,0.319898396730423,0,0.5
2,4,43,xgboost,474,640,0,0.466276615858078,0,0.5
2,4,43,xgboost,484,371,0,0.43844616413116455,0,0.5
2,4,43,xgboost,485,286,0,0.46721890568733215,0,0.5
2,4,43,xgboost,491,122,0,0.4457610547542572,0,0.5
2,4,43,xgboost,501,610,0,0.1017678827047348,0,0.5
2,4,43,xgboost,503,735,0,0.08406520634889603,0,0.5
2,4,43,xgboost,509,384,0,0.11383417248725891,0,0.5
2,4,43,xgboost,528,547,0,0.28553566336631775,0,0.5
2,4,43,xgboost,533,425,0,0.44246941804885864,0,0.5
2,4,43,xgboost,542,146,0,0.2005096822977066,0,0.5
2,4,43,xgboost,544,50,0,0.21957959234714508,0,0.5
2,4,43,xgboost,546,213,0,0.6889369487762451,1,0.5
2,4,43,xgboost,553,636,0,0.5125952363014221,1,0.5
2,4,43,xgboost,556,772,0,0.22111347317695618,0,0.5
2,4,43,xgboost,561,208,0,0.5311816334724426,1,0.5
2,4,43,xgboost,563,712,0,0.1946714222431183,0,0.5
2,4,43,xgboost,564,426,0,0.2158743143081665,0,0.5
2,4,43,xgboost,567,383,0,0.7085066437721252,1,0.5
2,4,43,xgboost,569,802,0,0.04440714418888092,0,0.5
2,4,43,xgboost,576,464,0,0.1517762690782547,0,0.5
2,4,43,xgboost,581,59,0,0.12062510848045349,0,0.5
2,4,43,xgboost,585,648,0,0.10368282347917557,0,0.5
2,4,43,xgboost,588,813,0,0.14856280386447906,0,0.5
2,4,43,xgboost,589,784,0,0.25718390941619873,0,0.5
2,4,43,xgboost,594,193,0,0.36873629689216614,0,0.5
2,4,43,xgboost,596,83,0,0.5252693295478821,1,0.5
2,4,43,xgboost,615,706,0,0.5393211841583252,1,0.5
2,4,43,xgboost,618,130,0,0.3396480977535248,0,0.5
2,4,43,xgboost,620,363,0,0.2722543776035309,0,0.5
2,4,43,xgboost,625,92,0,0.3868122398853302,0,0.5
2,4,43,xgboost,631,187,0,0.6816595792770386,1,0.5
2,4,43,xgboost,633,261,0,0.3825145959854126,0,0.5
2,4,43,xgboost,634,478,0,0.686336874961853,1,0.5
2,4,43,xgboost,635,714,0,0.1671287715435028,0,0.5
2,4,43,xgboost,640,625,0,0.36213892698287964,0,0.5
2,4,43,xgboost,642,512,0,0.8416970372200012,1,0.5
2,4,43,xgboost,647,277,0,0.44556406140327454,0,0.5
2,4,43,xgboost,648,95,0,0.7604687809944153,1,0.5
2,4,43,xgboost,652,826,0,0.2058948576450348,0,0.5
2,4,43,xgboost,653,216,1,0.6067131161689758,1,0.5
2,4,43,xgboost,667,829,0,0.44342368841171265,0,0.5
2,4,43,xgboost,669,755,0,0.060251712799072266,0,0.5
2,4,43,xgboost,670,817,1,0.370700865983963,0,0.5
2,4,43,xgboost,673,819,1,0.3532974123954773,0,0.5
2,4,43,xgboost,674,795,0,0.5402198433876038,1,0.5
2,4,43,xgboost,676,828,0,0.17616741359233856,0,0.5
2,4,43,xgboost,678,609,0,0.37011536955833435,0,0.5
2,4,43,xgboost,690,8,0,0.1193397119641304,0,0.5
2,4,43,xgboost,698,473,0,0.3994502127170563,0,0.5
2,4,43,xgboost,700,479,0,0.4479297399520874,0,0.5
2,4,43,xgboost,708,254,0,0.24117159843444824,0,0.5
2,4,43,xgboost,714,521,0,0.29247820377349854,0,0.5
2,4,43,xgboost,727,589,0,0.6296577453613281,1,0.5
2,4,43,xgboost,734,564,0,0.29918694496154785,0,0.5
2,4,43,xgboost,736,725,0,0.31281429529190063,0,0.5
2,4,43,xgboost,738,477,0,0.6211281418800354,1,0.5
2,4,43,xgboost,743,540,0,0.6222713589668274,1,0.5
2,4,43,xgboost,750,99,0,0.21573422849178314,0,0.5
2,4,43,xgboost,751,778,0,0.2575318515300751,0,0.5
2,4,43,xgboost,758,578,0,0.5313534736633301,1,0.5
2,4,43,xgboost,759,101,0,0.29793617129325867,0,0.5
2,4,43,xgboost,763,785,0,0.20938119292259216,0,0.5
2,4,43,xgboost,766,206,0,0.3925304114818573,0,0.5
2,4,43,xgboost,768,422,0,0.44246941804885864,0,0.5
2,4,43,xgboost,776,45,0,0.20931190252304077,0,0.5
2,4,43,xgboost,777,744,0,0.09597435593605042,0,0.5
2,4,43,xgboost,782,528,0,0.29994073510169983,0,0.5
2,4,43,xgboost,795,690,0,0.8669973015785217,1,0.5
2,4,43,xgboost,798,396,0,0.6162096261978149,1,0.5
2,4,43,xgboost,799,141,0,0.29793617129325867,0,0.5
2,4,43,xgboost,802,14,0,0.1343088299036026,0,0.5
2,4,43,xgboost,808,544,0,0.3065226078033447,0,0.5
2,4,43,xgboost,815,549,0,0.21471966803073883,0,0.5
2,4,43,xgboost,830,699,0,0.47175151109695435,0,0.5
2,4,43,xgboost,834,569,0,0.19271275401115417,0,0.5
2,4,43,xgboost,837,606,0,0.20221461355686188,0,0.5
2,4,43,xgboost,847,574,0,0.08683659881353378,0,0.5
2,4,43,xgboost,850,117,0,0.2501351833343506,0,0.5
2,4,43,xgboost,854,616,0,0.19013303518295288,0,0.5
2,4,43,xgboost,855,377,0,0.45371854305267334,0,0.5
2,5,43,dummy_prior,2,660,0,0.06404657933042213,0,0.5
2,5,43,dummy_prior,10,807,0,0.06404657933042213,0,0.5
2,5,43,dummy_prior,15,776,0,0.06404657933042213,0,0.5
2,5,43,dummy_prior,17,799,0,0.06404657933042213,0,0.5
2,5,43,dummy_prior,23,767,1,0.06404657933042213,0,0.5
2,5,43,dummy_prior,27,759,0,0.06404657933042213,0,0.5
2,5,43,dummy_prior,40,746,0,0.06404657933042213,0,0.5
2,5,43,dummy_prior,41,732,1,0.06404657933042213,0,0.5
2,5,43,dummy_prior,43,723,0,0.06404657933042213,0,0.5
2,5,43,dummy_prior,45,709,0,0.06404657933042213,0,0.5
2,5,43,dummy_prior,52,729,0,0.06404657933042213,0,0.5
2,5,43,dummy_prior,55,789,0,0.06404657933042213,0,0.5
2,5,43,dummy_prior,56,702,0,0.06404657933042213,0,0.5
2,5,43,dummy_prior,62,679,0,0.06404657933042213,0,0.5
2,5,43,dummy_prior,67,728,0,0.06404657933042213,0,0.5
2,5,43,dummy_prior,73,685,0,0.06404657933042213,0,0.5
2,5,43,dummy_prior,74,681,0,0.06404657933042213,0,0.5
2,5,43,dummy_prior,91,689,0,0.06404657933042213,0,0.5
2,5,43,dummy_prior,95,604,0,0.06404657933042213,0,0.5
2,5,43,dummy_prior,102,599,0,0.06404657933042213,0,0.5
2,5,43,dummy_prior,105,674,0,0.06404657933042213,0,0.5
2,5,43,dummy_prior,115,665,0,0.06404657933042213,0,0.5
2,5,43,dummy_prior,119,498,0,0.06404657933042213,0,0.5
2,5,43,dummy_prior,133,651,0,0.06404657933042213,0,0.5
2,5,43,dummy_prior,134,568,0,0.06404657933042213,0,0.5
2,5,43,dummy_prior,135,465,0,0.06404657933042213,0,0.5
2,5,43,dummy_prior,143,480,0,0.06404657933042213,0,0.5
2,5,43,dummy_prior,144,558,0,0.06404657933042213,0,0.5
2,5,43,dummy_prior,162,481,0,0.06404657933042213,0,0.5
2,5,43,dummy_prior,167,461,0,0.06404657933042213,0,0.5
2,5,43,dummy_prior,176,452,0,0.06404657933042213,0,0.5
2,5,43,dummy_prior,178,472,0,0.06404657933042213,0,0.5
2,5,43,dummy_prior,180,414,0,0.06404657933042213,0,0.5
2,5,43,dummy_prior,185,488,1,0.06404657933042213,0,0.5
2,5,43,dummy_prior,188,475,0,0.06404657933042213,0,0.5
2,5,43,dummy_prior,190,513,0,0.06404657933042213,0,0.5
2,5,43,dummy_prior,194,397,0,0.06404657933042213,0,0.5
2,5,43,dummy_prior,199,460,0,0.06404657933042213,0,0.5
2,5,43,dummy_prior,221,407,0,0.06404657933042213,0,0.5
2,5,43,dummy_prior,226,409,0,0.06404657933042213,0,0.5
2,5,43,dummy_prior,231,432,0,0.06404657933042213,0,0.5
2,5,43,dummy_prior,232,316,0,0.06404657933042213,0,0.5
2,5,43,dummy_prior,238,536,0,0.06404657933042213,0,0.5
2,5,43,dummy_prior,239,497,0,0.06404657933042213,0,0.5
2,5,43,dummy_prior,241,354,0,0.06404657933042213,0,0.5
2,5,43,dummy_prior,244,391,0,0.06404657933042213,0,0.5
2,5,43,dummy_prior,246,487,0,0.06404657933042213,0,0.5
2,5,43,dummy_prior,252,344,0,0.06404657933042213,0,0.5
2,5,43,dummy_prior,257,273,1,0.06404657933042213,0,0.5
2,5,43,dummy_prior,259,329,0,0.06404657933042213,0,0.5
2,5,43,dummy_prior,260,485,0,0.06404657933042213,0,0.5
2,5,43,dummy_prior,261,227,0,0.06404657933042213,0,0.5
2,5,43,dummy_prior,267,265,0,0.06404657933042213,0,0.5
2,5,43,dummy_prior,269,410,0,0.06404657933042213,0,0.5
2,5,43,dummy_prior,284,252,0,0.06404657933042213,0,0.5
2,5,43,dummy_prior,287,272,0,0.06404657933042213,0,0.5
2,5,43,dummy_prior,288,300,0,0.06404657933042213,0,0.5
2,5,43,dummy_prior,289,419,0,0.06404657933042213,0,0.5
2,5,43,dummy_prior,293,221,0,0.06404657933042213,0,0.5
2,5,43,dummy_prior,299,319,0,0.06404657933042213,0,0.5
2,5,43,dummy_prior,301,202,0,0.06404657933042213,0,0.5
2,5,43,dummy_prior,309,322,0,0.06404657933042213,0,0.5
2,5,43,dummy_prior,314,215,1,0.06404657933042213,0,0.5
2,5,43,dummy_prior,315,189,0,0.06404657933042213,0,0.5
2,5,43,dummy_prior,316,348,0,0.06404657933042213,0,0.5
2,5,43,dummy_prior,317,170,0,0.06404657933042213,0,0.5
2,5,43,dummy_prior,328,197,0,0.06404657933042213,0,0.5
2,5,43,dummy_prior,329,290,0,0.06404657933042213,0,0.5
2,5,43,dummy_prior,336,251,0,0.06404657933042213,0,0.5
2,5,43,dummy_prior,350,167,0,0.06404657933042213,0,0.5
2,5,43,dummy_prior,364,147,0,0.06404657933042213,0,0.5
2,5,43,dummy_prior,372,242,0,0.06404657933042213,0,0.5
2,5,43,dummy_prior,374,243,0,0.06404657933042213,0,0.5
2,5,43,dummy_prior,376,786,0,0.06404657933042213,0,0.5
2,5,43,dummy_prior,380,103,0,0.06404657933042213,0,0.5
2,5,43,dummy_prior,386,90,0,0.06404657933042213,0,0.5
2,5,43,dummy_prior,388,185,0,0.06404657933042213,0,0.5
2,5,43,dummy_prior,391,69,0,0.06404657933042213,0,0.5
2,5,43,dummy_prior,393,142,0,0.06404657933042213,0,0.5
2,5,43,dummy_prior,399,209,0,0.06404657933042213,0,0.5
2,5,43,dummy_prior,401,210,0,0.06404657933042213,0,0.5
2,5,43,dummy_prior,402,102,0,0.06404657933042213,0,0.5
2,5,43,dummy_prior,405,61,0,0.06404657933042213,0,0.5
2,5,43,dummy_prior,413,698,0,0.06404657933042213,0,0.5
2,5,43,dummy_prior,415,104,0,0.06404657933042213,0,0.5
2,5,43,dummy_prior,418,47,0,0.06404657933042213,0,0.5
2,5,43,dummy_prior,422,89,0,0.06404657933042213,0,0.5
2,5,43,dummy_prior,424,181,0,0.06404657933042213,0,0.5
2,5,43,dummy_prior,439,112,0,0.06404657933042213,0,0.5
2,5,43,dummy_prior,443,10,0,0.06404657933042213,0,0.5
2,5,43,dummy_prior,452,46,0,0.06404657933042213,0,0.5
2,5,43,dummy_prior,453,10,0,0.06404657933042213,0,0.5
2,5,43,dummy_prior,457,18,0,0.06404657933042213,0,0.5
2,5,43,dummy_prior,460,5,0,0.06404657933042213,0,0.5
2,5,43,dummy_prior,461,19,0,0.06404657933042213,0,0.5
2,5,43,dummy_prior,463,1,0,0.06404657933042213,0,0.5
2,5,43,dummy_prior,468,11,0,0.06404657933042213,0,0.5
2,5,43,dummy_prior,473,787,0,0.06404657933042213,0,0.5
2,5,43,dummy_prior,497,356,0,0.06404657933042213,0,0.5
2,5,43,dummy_prior,498,663,0,0.06404657933042213,0,0.5
2,5,43,dummy_prior,500,763,0,0.06404657933042213,0,0.5
2,5,43,dummy_prior,502,369,0,0.06404657933042213,0,0.5
2,5,43,dummy_prior,504,428,0,0.06404657933042213,0,0.5
2,5,43,dummy_prior,507,71,0,0.06404657933042213,0,0.5
2,5,43,dummy_prior,508,590,0,0.06404657933042213,0,0.5
2,5,43,dummy_prior,512,671,0,0.06404657933042213,0,0.5
2,5,43,dummy_prior,513,96,0,0.06404657933042213,0,0.5
2,5,43,dummy_prior,515,603,0,0.06404657933042213,0,0.5
2,5,43,dummy_prior,516,174,0,0.06404657933042213,0,0.5
2,5,43,dummy_prior,519,123,0,0.06404657933042213,0,0.5
2,5,43,dummy_prior,523,624,0,0.06404657933042213,0,0.5
2,5,43,dummy_prior,525,46,0,0.06404657933042213,0,0.5
2,5,43,dummy_prior,527,262,0,0.06404657933042213,0,0.5
2,5,43,dummy_prior,535,275,0,0.06404657933042213,0,0.5
2,5,43,dummy_prior,537,365,0,0.06404657933042213,0,0.5
2,5,43,dummy_prior,548,58,0,0.06404657933042213,0,0.5
2,5,43,dummy_prior,555,435,0,0.06404657933042213,0,0.5
2,5,43,dummy_prior,566,456,0,0.06404657933042213,0,0.5
2,5,43,dummy_prior,568,338,0,0.06404657933042213,0,0.5
2,5,43,dummy_prior,573,523,0,0.06404657933042213,0,0.5
2,5,43,dummy_prior,574,309,0,0.06404657933042213,0,0.5
2,5,43,dummy_prior,583,315,0,0.06404657933042213,0,0.5
2,5,43,dummy_prior,590,56,0,0.06404657933042213,0,0.5
2,5,43,dummy_prior,591,244,0,0.06404657933042213,0,0.5
2,5,43,dummy_prior,599,176,0,0.06404657933042213,0,0.5
2,5,43,dummy_prior,600,506,0,0.06404657933042213,0,0.5
2,5,43,dummy_prior,606,539,0,0.06404657933042213,0,0.5
2,5,43,dummy_prior,607,566,0,0.06404657933042213,0,0.5
2,5,43,dummy_prior,614,341,1,0.06404657933042213,0,0.5
2,5,43,dummy_prior,626,622,0,0.06404657933042213,0,0.5
2,5,43,dummy_prior,627,280,0,0.06404657933042213,0,0.5
2,5,43,dummy_prior,638,221,0,0.06404657933042213,0,0.5
2,5,43,dummy_prior,643,21,0,0.06404657933042213,0,0.5
2,5,43,dummy_prior,646,27,0,0.06404657933042213,0,0.5
2,5,43,dummy_prior,655,236,1,0.06404657933042213,0,0.5
2,5,43,dummy_prior,659,467,0,0.06404657933042213,0,0.5
2,5,43,dummy_prior,661,326,0,0.06404657933042213,0,0.5
2,5,43,dummy_prior,663,310,0,0.06404657933042213,0,0.5
2,5,43,dummy_prior,682,827,0,0.06404657933042213,0,0.5
2,5,43,dummy_prior,686,704,1,0.06404657933042213,0,0.5
2,5,43,dummy_prior,687,638,1,0.06404657933042213,0,0.5
2,5,43,dummy_prior,697,91,0,0.06404657933042213,0,0.5
2,5,43,dummy_prior,706,81,0,0.06404657933042213,0,0.5
2,5,43,dummy_prior,707,231,0,0.06404657933042213,0,0.5
2,5,43,dummy_prior,709,374,0,0.06404657933042213,0,0.5
2,5,43,dummy_prior,713,31,0,0.06404657933042213,0,0.5
2,5,43,dummy_prior,719,769,0,0.06404657933042213,0,0.5
2,5,43,dummy_prior,725,214,0,0.06404657933042213,0,0.5
2,5,43,dummy_prior,729,327,0,0.06404657933042213,0,0.5
2,5,43,dummy_prior,735,6,0,0.06404657933042213,0,0.5
2,5,43,dummy_prior,739,495,1,0.06404657933042213,0,0.5
2,5,43,dummy_prior,740,768,0,0.06404657933042213,0,0.5
2,5,43,dummy_prior,745,30,0,0.06404657933042213,0,0.5
2,5,43,dummy_prior,760,44,0,0.06404657933042213,0,0.5
2,5,43,dummy_prior,767,12,0,0.06404657933042213,0,0.5
2,5,43,dummy_prior,772,113,0,0.06404657933042213,0,0.5
2,5,43,dummy_prior,784,403,0,0.06404657933042213,0,0.5
2,5,43,dummy_prior,785,480,0,0.06404657933042213,0,0.5
2,5,43,dummy_prior,786,401,1,0.06404657933042213,0,0.5
2,5,43,dummy_prior,788,752,0,0.06404657933042213,0,0.5
2,5,43,dummy_prior,803,106,0,0.06404657933042213,0,0.5
2,5,43,dummy_prior,811,48,0,0.06404657933042213,0,0.5
2,5,43,dummy_prior,822,726,0,0.06404657933042213,0,0.5
2,5,43,dummy_prior,826,650,0,0.06404657933042213,0,0.5
2,5,43,dummy_prior,829,666,0,0.06404657933042213,0,0.5
2,5,43,dummy_prior,831,777,0,0.06404657933042213,0,0.5
2,5,43,dummy_prior,842,722,0,0.06404657933042213,0,0.5
2,5,43,dummy_prior,846,680,0,0.06404657933042213,0,0.5
2,5,43,dummy_prior,848,598,0,0.06404657933042213,0,0.5
2,5,43,dummy_prior,853,672,0,0.06404657933042213,0,0.5
2,5,43,dummy_prior,857,526,0,0.06404657933042213,0,0.5
2,5,43,logistic_regression,2,660,0,0.35285954719748086,0,0.5
2,5,43,logistic_regression,10,807,0,0.36356959950637974,0,0.5
2,5,43,logistic_regression,15,776,0,0.6115208061644648,1,0.5
2,5,43,logistic_regression,17,799,0,0.660604103285877,1,0.5
2,5,43,logistic_regression,23,767,1,0.6210028181885345,1,0.5
2,5,43,logistic_regression,27,759,0,0.4806008234810752,0,0.5
2,5,43,logistic_regression,40,746,0,0.5478667415368144,1,0.5
2,5,43,logistic_regression,41,732,1,0.6236209989157705,1,0.5
2,5,43,logistic_regression,43,723,0,0.43133597989193206,0,0.5
2,5,43,logistic_regression,45,709,0,0.584025950907912,1,0.5
2,5,43,logistic_regression,52,729,0,0.34061776415517264,0,0.5
2,5,43,logistic_regression,55,789,0,0.7517314126939083,1,0.5
2,5,43,logistic_regression,56,702,0,0.48281793807504353,0,0.5
2,5,43,logistic_regression,62,679,0,0.35775015385204584,0,0.5
2,5,43,logistic_regression,67,728,0,0.6641183648545899,1,0.5
2,5,43,logistic_regression,73,685,0,0.340149076373912,0,0.5
2,5,43,logistic_regression,74,681,0,0.3915213490338868,0,0.5
2,5,43,logistic_regression,91,689,0,0.7197757293486694,1,0.5
2,5,43,logistic_regression,95,604,0,0.3276033101847397,0,0.5
2,5,43,logistic_regression,102,599,0,0.32788766869147057,0,0.5
2,5,43,logistic_regression,105,674,0,0.5028770292738834,1,0.5
2,5,43,logistic_regression,115,665,0,0.6426268401241015,1,0.5
2,5,43,logistic_regression,119,498,0,0.4665968005689085,0,0.5
2,5,43,logistic_regression,133,651,0,0.36497245208527435,0,0.5
2,5,43,logistic_regression,134,568,0,0.9206435208948643,1,0.5
2,5,43,logistic_regression,135,465,0,0.6000848969796224,1,0.5
2,5,43,logistic_regression,143,480,0,0.3559329970885118,0,0.5
2,5,43,logistic_regression,144,558,0,0.30643580958292427,0,0.5
2,5,43,logistic_regression,162,481,0,0.4486161954400542,0,0.5
2,5,43,logistic_regression,167,461,0,0.5810925094953933,1,0.5
2,5,43,logistic_regression,176,452,0,0.3106863456268976,0,0.5
2,5,43,logistic_regression,178,472,0,0.45520457840177286,0,0.5
2,5,43,logistic_regression,180,414,0,0.5516282902968209,1,0.5
2,5,43,logistic_regression,185,488,1,0.5518514864984847,1,0.5
2,5,43,logistic_regression,188,475,0,0.37982039077385765,0,0.5
2,5,43,logistic_regression,190,513,0,0.3605574206792802,0,0.5
2,5,43,logistic_regression,194,397,0,0.42900417150941184,0,0.5
2,5,43,logistic_regression,199,460,0,0.42931742911326215,0,0.5
2,5,43,logistic_regression,221,407,0,0.42739648595364993,0,0.5
2,5,43,logistic_regression,226,409,0,0.3894363850818699,0,0.5
2,5,43,logistic_regression,231,432,0,0.7474006135530076,1,0.5
2,5,43,logistic_regression,232,316,0,0.33136471599452827,0,0.5
2,5,43,logistic_regression,238,536,0,0.6275009560918435,1,0.5
2,5,43,logistic_regression,239,497,0,0.5456816926935865,1,0.5
2,5,43,logistic_regression,241,354,0,0.43767266750131,0,0.5
2,5,43,logistic_regression,244,391,0,0.4865650771115586,0,0.5
2,5,43,logistic_regression,246,487,0,0.5048322347122183,1,0.5
2,5,43,logistic_regression,252,344,0,0.49971578068465916,0,0.5
2,5,43,logistic_regression,257,273,1,0.1516081810315053,0,0.5
2,5,43,logistic_regression,259,329,0,0.49228052007193934,0,0.5
2,5,43,logistic_regression,260,485,0,0.5792311424562617,1,0.5
2,5,43,logistic_regression,261,227,0,0.4155078892151653,0,0.5
2,5,43,logistic_regression,267,265,0,0.44105651414300473,0,0.5
2,5,43,logistic_regression,269,410,0,0.4442617453916043,0,0.5
2,5,43,logistic_regression,284,252,0,0.33466032486251124,0,0.5
2,5,43,logistic_regression,287,272,0,0.44776184237773653,0,0.5
2,5,43,logistic_regression,288,300,0,0.45466626956011613,0,0.5
2,5,43,logistic_regression,289,419,0,0.37775709529561097,0,0.5
2,5,43,logistic_regression,293,221,0,0.40673789122338516,0,0.5
2,5,43,logistic_regression,299,319,0,0.31691549188441864,0,0.5
2,5,43,logistic_regression,301,202,0,0.4208474486127142,0,0.5
2,5,43,logistic_regression,309,322,0,0.6467961449362823,1,0.5
2,5,43,logistic_regression,314,215,1,0.4586223916027302,0,0.5
2,5,43,logistic_regression,315,189,0,0.4729297740239081,0,0.5
2,5,43,logistic_regression,316,348,0,0.3759988425435409,0,0.5
2,5,43,logistic_regression,317,170,0,0.33500133770275503,0,0.5
2,5,43,logistic_regression,328,197,0,0.3352181610354199,0,0.5
2,5,43,logistic_regression,329,290,0,0.5471646123926055,1,0.5
2,5,43,logistic_regression,336,251,0,0.5426598703944787,1,0.5
2,5,43,logistic_regression,350,167,0,0.4016168598950178,0,0.5
2,5,43,logistic_regression,364,147,0,0.4724385294133247,0,0.5
2,5,43,logistic_regression,372,242,0,0.40316364691351375,0,0.5
2,5,43,logistic_regression,374,243,0,0.016891763450084113,0,0.5
2,5,43,logistic_regression,376,786,0,0.7623075581489718,1,0.5
2,5,43,logistic_regression,380,103,0,0.3249345495587048,0,0.5
2,5,43,logistic_regression,386,90,0,0.4959068105884075,0,0.5
2,5,43,logistic_regression,388,185,0,0.02475186187245469,0,0.5
2,5,43,logistic_regression,391,69,0,0.421790711120505,0,0.5
2,5,43,logistic_regression,393,142,0,0.4213099892828392,0,0.5
2,5,43,logistic_regression,399,209,0,0.46540385937921946,0,0.5
2,5,43,logistic_regression,401,210,0,0.5664769683375257,1,0.5
2,5,43,logistic_regression,402,102,0,0.35562016269532337,0,0.5
2,5,43,logistic_regression,405,61,0,0.36355134043564774,0,0.5
2,5,43,logistic_regression,413,698,0,0.5304891489283505,1,0.5
2,5,43,logistic_regression,415,104,0,0.48259367682646587,0,0.5
2,5,43,logistic_regression,418,47,0,0.7612617939087404,1,0.5
2,5,43,logistic_regression,422,89,0,0.3679445885615971,0,0.5
2,5,43,logistic_regression,424,181,0,0.6881854251106,1,0.5
2,5,43,logistic_regression,439,112,0,0.39523835564155896,0,0.5
2,5,43,logistic_regression,443,10,0,0.387335587023548,0,0.5
2,5,43,logistic_regression,452,46,0,0.3725772035820516,0,0.5
2,5,43,logistic_regression,453,10,0,0.387335587023548,0,0.5
2,5,43,logistic_regression,457,18,0,0.336938412960795,0,0.5
2,5,43,logistic_regression,460,5,0,0.38778595751558675,0,0.5
2,5,43,logistic_regression,461,19,0,0.4990462750176733,0,0.5
2,5,43,logistic_regression,463,1,0,0.5285945522026316,1,0.5
2,5,43,logistic_regression,468,11,0,0.01552666481033676,0,0.5
2,5,43,logistic_regression,473,787,0,0.5461079388421659,1,0.5
2,5,43,logistic_regression,497,356,0,0.5310026470050243,1,0.5
2,5,43,logistic_regression,498,663,0,0.5716807528160264,1,0.5
2,5,43,logistic_regression,500,763,0,0.19719452063865325,0,0.5
2,5,43,logistic_regression,502,369,0,0.4599323874858959,0,0.5
2,5,43,logistic_regression,504,428,0,0.3714491172403499,0,0.5
2,5,43,logistic_regression,507,71,0,0.44575480468351,0,0.5
2,5,43,logistic_regression,508,590,0,0.7448824220589062,1,0.5
2,5,43,logistic_regression,512,671,0,0.2951716944781336,0,0.5
2,5,43,logistic_regression,513,96,0,0.4269854242089955,0,0.5
2,5,43,logistic_regression,515,603,0,0.4497987627491176,0,0.5
2,5,43,logistic_regression,516,174,0,0.3592512113644064,0,0.5
2,5,43,logistic_regression,519,123,0,0.39121490493378797,0,0.5
2,5,43,logistic_regression,523,624,0,0.31177167597376804,0,0.5
2,5,43,logistic_regression,525,46,0,0.3725772035820516,0,0.5
2,5,43,logistic_regression,527,262,0,0.3343730148752289,0,0.5
2,5,43,logistic_regression,535,275,0,0.39185749595611735,0,0.5
2,5,43,logistic_regression,537,365,0,0.4124158971069821,0,0.5
2,5,43,logistic_regression,548,58,0,0.41398228049219044,0,0.5
2,5,43,logistic_regression,555,435,0,0.4082945939667614,0,0.5
2,5,43,logistic_regression,566,456,0,0.49935906923594653,0,0.5
2,5,43,logistic_regression,568,338,0,0.3954290308081681,0,0.5
2,5,43,logistic_regression,573,523,0,0.4011404876255951,0,0.5
2,5,43,logistic_regression,574,309,0,0.4105336945912509,0,0.5
2,5,43,logistic_regression,583,315,0,0.39557411028389217,0,0.5
2,5,43,logistic_regression,590,56,0,0.005617324437919003,0,0.5
2,5,43,logistic_regression,591,244,0,0.31505603680942523,0,0.5
2,5,43,logistic_regression,599,176,0,0.3520247365515138,0,0.5
2,5,43,logistic_regression,600,506,0,0.3480861410285721,0,0.5
2,5,43,logistic_regression,606,539,0,0.4880599377022088,0,0.5
2,5,43,logistic_regression,607,566,0,0.25178039990737483,0,0.5
2,5,43,logistic_regression,614,341,1,0.5904819182579635,1,0.5
2,5,43,logistic_regression,626,622,0,0.3650399380938975,0,0.5
2,5,43,logistic_regression,627,280,0,0.530967278399107,1,0.5
2,5,43,logistic_regression,638,221,0,0.40673789122338516,0,0.5
2,5,43,logistic_regression,643,21,0,0.31729387097818107,0,0.5
2,5,43,logistic_regression,646,27,0,0.37658347481910587,0,0.5
2,5,43,logistic_regression,655,236,1,0.3487348115415505,0,0.5
2,5,43,logistic_regression,659,467,0,0.407296681596502,0,0.5
2,5,43,logistic_regression,661,326,0,0.3032891131069988,0,0.5
2,5,43,logistic_regression,663,310,0,0.5072361445129941,1,0.5
2,5,43,logistic_regression,682,827,0,0.7818477517072797,1,0.5
2,5,43,logistic_regression,686,704,1,0.3554003011575219,0,0.5
2,5,43,logistic_regression,687,638,1,0.7429255615243209,1,0.5
2,5,43,logistic_regression,697,91,0,0.42796307091511615,0,0.5
2,5,43,logistic_regression,706,81,0,0.41103574618721933,0,0.5
2,5,43,logistic_regression,707,231,0,0.46183450963447376,0,0.5
2,5,43,logistic_regression,709,374,0,0.5167318750718277,1,0.5
2,5,43,logistic_regression,713,31,0,0.4519725529133354,0,0.5
2,5,43,logistic_regression,719,769,0,0.7530084460111264,1,0.5
2,5,43,logistic_regression,725,214,0,0.4494573333816141,0,0.5
2,5,43,logistic_regression,729,327,0,0.302397463759391,0,0.5
2,5,43,logistic_regression,735,6,0,0.35626497013422276,0,0.5
2,5,43,logistic_regression,739,495,1,0.6600538669001945,1,0.5
2,5,43,logistic_regression,740,768,0,0.6365325882278637,1,0.5
2,5,43,logistic_regression,745,30,0,0.5129602617639399,1,0.5
2,5,43,logistic_regression,760,44,0,0.6984107482621978,1,0.5
2,5,43,logistic_regression,767,12,0,0.3870293606104895,0,0.5
2,5,43,logistic_regression,772,113,0,0.3233437241037388,0,0.5
2,5,43,logistic_regression,784,403,0,0.4258373377269846,0,0.5
2,5,43,logistic_regression,785,480,0,0.3559329970885118,0,0.5
2,5,43,logistic_regression,786,401,1,0.0429501545778389,0,0.5
2,5,43,logistic_regression,788,752,0,0.9315809236206046,1,0.5
2,5,43,logistic_regression,803,106,0,0.41751860246931916,0,0.5
2,5,43,logistic_regression,811,48,0,0.4209241062016282,0,0.5
2,5,43,logistic_regression,822,726,0,0.13730242501877107,0,0.5
2,5,43,logistic_regression,826,650,0,0.9139540309090625,1,0.5
2,5,43,logistic_regression,829,666,0,0.5123881474493213,1,0.5
2,5,43,logistic_regression,831,777,0,0.5760331968273021,1,0.5
2,5,43,logistic_regression,842,722,0,0.396056432179074,0,0.5
2,5,43,logistic_regression,846,680,0,0.33911371187811706,0,0.5
2,5,43,logistic_regression,848,598,0,0.28018324056153837,0,0.5
2,5,43,logistic_regression,853,672,0,0.283195923015309,0,0.5
2,5,43,logistic_regression,857,526,0,0.2893856006536487,0,0.5
2,5,43,xgboost,2,660,0,0.43890300393104553,0,0.5
2,5,43,xgboost,10,807,0,0.1949317306280136,0,0.5
2,5,43,xgboost,15,776,0,0.6508088111877441,1,0.5
2,5,43,xgboost,17,799,0,0.23745889961719513,0,0.5
2,5,43,xgboost,23,767,1,0.45202749967575073,0,0.5
2,5,43,xgboost,27,759,0,0.5663230419158936,1,0.5
2,5,43,xgboost,40,746,0,0.4283974766731262,0,0.5
2,5,43,xgboost,41,732,1,0.5598683953285217,1,0.5
2,5,43,xgboost,43,723,0,0.5676077008247375,1,0.5
2,5,43,xgboost,45,709,0,0.6560170650482178,1,0.5
2,5,43,xgboost,52,729,0,0.5072537660598755,1,0.5
2,5,43,xgboost,55,789,0,0.5517486929893494,1,0.5
2,5,43,xgboost,56,702,0,0.5446935892105103,1,0.5
2,5,43,xgboost,62,679,0,0.18373332917690277,0,0.5
2,5,43,xgboost,67,728,0,0.5252521634101868,1,0.5
2,5,43,xgboost,73,685,0,0.18596892058849335,0,0.5
2,5,43,xgboost,74,681,0,0.3362424373626709,0,0.5
2,5,43,xgboost,91,689,0,0.33868080377578735,0,0.5
2,5,43,xgboost,95,604,0,0.37923991680145264,0,0.5
2,5,43,xgboost,102,599,0,0.3973519504070282,0,0.5
2,5,43,xgboost,105,674,0,0.6451388597488403,1,0.5
2,5,43,xgboost,115,665,0,0.5581241846084595,1,0.5
2,5,43,xgboost,119,498,0,0.4456649124622345,0,0.5
2,5,43,xgboost,133,651,0,0.4913642704486847,0,0.5
2,5,43,xgboost,134,568,0,0.5689241886138916,1,0.5
2,5,43,xgboost,135,465,0,0.4200948178768158,0,0.5
2,5,43,xgboost,143,480,0,0.4053759276866913,0,0.5
2,5,43,xgboost,144,558,0,0.3773331642150879,0,0.5
2,5,43,xgboost,162,481,0,0.2557791769504547,0,0.5
2,5,43,xgboost,167,461,0,0.4999961853027344,0,0.5
2,5,43,xgboost,176,452,0,0.3852144181728363,0,0.5
2,5,43,xgboost,178,472,0,0.48397305607795715,0,0.5
2,5,43,xgboost,180,414,0,0.34582769870758057,0,0.5
2,5,43,xgboost,185,488,1,0.3963346481323242,0,0.5
2,5,43,xgboost,188,475,0,0.32836979627609253,0,0.5
2,5,43,xgboost,190,513,0,0.47832122445106506,0,0.5
2,5,43,xgboost,194,397,0,0.4450394809246063,0,0.5
2,5,43,xgboost,199,460,0,0.44261276721954346,0,0.5
2,5,43,xgboost,221,407,0,0.32022854685783386,0,0.5
2,5,43,xgboost,226,409,0,0.43120479583740234,0,0.5
2,5,43,xgboost,231,432,0,0.4351685345172882,0,0.5
2,5,43,xgboost,232,316,0,0.3537134826183319,0,0.5
2,5,43,xgboost,238,536,0,0.2902883291244507,0,0.5
2,5,43,xgboost,239,497,0,0.27691322565078735,0,0.5
2,5,43,xgboost,241,354,0,0.3100002706050873,0,0.5
2,5,43,xgboost,244,391,0,0.5599937438964844,1,0.5
2,5,43,xgboost,246,487,0,0.3322013318538666,0,0.5
2,5,43,xgboost,252,344,0,0.2569851577281952,0,0.5
2,5,43,xgboost,257,273,1,0.532146692276001,1,0.5
2,5,43,xgboost,259,329,0,0.26379910111427307,0,0.5
2,5,43,xgboost,260,485,0,0.4386398494243622,0,0.5
2,5,43,xgboost,261,227,0,0.4925985336303711,0,0.5
2,5,43,xgboost,267,265,0,0.5708164572715759,1,0.5
2,5,43,xgboost,269,410,0,0.44261276721954346,0,0.5
2,5,43,xgboost,284,252,0,0.4640920162200928,0,0.5
2,5,43,xgboost,287,272,0,0.5049809217453003,1,0.5
2,5,43,xgboost,288,300,0,0.2569851577281952,0,0.5
2,5,43,xgboost,289,419,0,0.39052680134773254,0,0.5
2,5,43,xgboost,293,221,0,0.3051925599575043,0,0.5
2,5,43,xgboost,299,319,0,0.37645378708839417,0,0.5
2,5,43,xgboost,301,202,0,0.4925985336303711,0,0.5
2,5,43,xgboost,309,322,0,0.43525993824005127,0,0.5
2,5,43,xgboost,314,215,1,0.41110140085220337,0,0.5
2,5,43,xgboost,315,189,0,0.3738735318183899,0,0.5
2,5,43,xgboost,316,348,0,0.3810751736164093,0,0.5
2,5,43,xgboost,317,170,0,0.30959978699684143,0,0.5
2,5,43,xgboost,328,197,0,0.445185124874115,0,0.5
2,5,43,xgboost,329,290,0,0.40770864486694336,0,0.5
2,5,43,xgboost,336,251,0,0.3996771574020386,0,0.5
2,5,43,xgboost,350,167,0,0.4689801335334778,0,0.5
2,5,43,xgboost,364,147,0,0.47212135791778564,0,0.5
2,5,43,xgboost,372,242,0,0.4538261592388153,0,0.5
2,5,43,xgboost,374,243,0,0.5304625034332275,1,0.5
2,5,43,xgboost,376,786,0,0.40410783886909485,0,0.5
2,5,43,xgboost,380,103,0,0.39759767055511475,0,0.5
2,5,43,xgboost,386,90,0,0.5778223872184753,1,0.5
2,5,43,xgboost,388,185,0,0.5818289518356323,1,0.5
2,5,43,xgboost,391,69,0,0.4080134630203247,0,0.5
2,5,43,xgboost,393,142,0,0.4605812728404999,0,0.5
2,5,43,xgboost,399,209,0,0.5390720963478088,1,0.5
2,5,43,xgboost,401,210,0,0.4807545244693756,0,0.5
2,5,43,xgboost,402,102,0,0.4088963270187378,0,0.5
2,5,43,xgboost,405,61,0,0.4032782316207886,0,0.5
2,5,43,xgboost,413,698,0,0.20132304728031158,0,0.5
2,5,43,xgboost,415,104,0,0.47212135791778564,0,0.5
2,5,43,xgboost,418,47,0,0.575247049331665,1,0.5
2,5,43,xgboost,422,89,0,0.46057766675949097,0,0.5
2,5,43,xgboost,424,181,0,0.6283154487609863,1,0.5
2,5,43,xgboost,439,112,0,0.3901534676551819,0,0.5
2,5,43,xgboost,443,10,0,0.33980095386505127,0,0.5
2,5,43,xgboost,452,46,0,0.4032782316207886,0,0.5
2,5,43,xgboost,453,10,0,0.33980095386505127,0,0.5
2,5,43,xgboost,457,18,0,0.29271960258483887,0,0.5
2,5,43,xgboost,460,5,0,0.33250051736831665,0,0.5
2,5,43,xgboost,461,19,0,0.3899778723716736,0,0.5
2,5,43,xgboost,463,1,0,0.38222354650497437,0,0.5
2,5,43,xgboost,468,11,0,0.3758908212184906,0,0.5
2,5,43,xgboost,473,787,0,0.18760104477405548,0,0.5
2,5,43,xgboost,497,356,0,0.48436635732650757,0,0.5
2,5,43,xgboost,498,663,0,0.34028559923171997,0,0.5
2,5,43,xgboost,500,763,0,0.38285696506500244,0,0.5
2,5,43,xgboost,502,369,0,0.293927937746048,0,0.5
2,5,43,xgboost,504,428,0,0.24116815626621246,0,0.5
2,5,43,xgboost,507,71,0,0.4605812728404999,0,0.5
2,5,43,xgboost,508,590,0,0.25263020396232605,0,0.5
2,5,43,xgboost,512,671,0,0.36812978982925415,0,0.5
2,5,43,xgboost,513,96,0,0.47957685589790344,0,0.5
2,5,43,xgboost,515,603,0,0.4624268412590027,0,0.5
2,5,43,xgboost,516,174,0,0.4210968613624573,0,0.5
2,5,43,xgboost,519,123,0,0.3804098665714264,0,0.5
2,5,43,xgboost,523,624,0,0.4554826617240906,0,0.5
2,5,43,xgboost,525,46,0,0.4032782316207886,0,0.5
2,5,43,xgboost,527,262,0,0.4640920162200928,0,0.5
2,5,43,xgboost,535,275,0,0.5116620063781738,1,0.5
2,5,43,xgboost,537,365,0,0.36308151483535767,0,0.5
2,5,43,xgboost,548,58,0,0.4614895284175873,0,0.5
2,5,43,xgboost,555,435,0,0.5629263520240784,1,0.5
2,5,43,xgboost,566,456,0,0.5493054389953613,1,0.5
2,5,43,xgboost,568,338,0,0.42211636900901794,0,0.5
2,5,43,xgboost,573,523,0,0.40668174624443054,0,0.5
2,5,43,xgboost,574,309,0,0.32022854685783386,0,0.5
2,5,43,xgboost,583,315,0,0.4036315381526947,0,0.5
2,5,43,xgboost,590,56,0,0.575247049331665,1,0.5
2,5,43,xgboost,591,244,0,0.4977732300758362,0,0.5
2,5,43,xgboost,599,176,0,0.3766980469226837,0,0.5
2,5,43,xgboost,600,506,0,0.25320953130722046,0,0.5
2,5,43,xgboost,606,539,0,0.3730364143848419,0,0.5
2,5,43,xgboost,607,566,0,0.39958226680755615,0,0.5
2,5,43,xgboost,614,341,1,0.26247039437294006,0,0.5
2,5,43,xgboost,626,622,0,0.5839105844497681,1,0.5
2,5,43,xgboost,627,280,0,0.5328216552734375,1,0.5
2,5,43,xgboost,638,221,0,0.3051925599575043,0,0.5
2,5,43,xgboost,643,21,0,0.3291993737220764,0,0.5
2,5,43,xgboost,646,27,0,0.38388821482658386,0,0.5
2,5,43,xgboost,655,236,1,0.5116620063781738,1,0.5
2,5,43,xgboost,659,467,0,0.5383511781692505,1,0.5
2,5,43,xgboost,661,326,0,0.4086242914199829,0,0.5
2,5,43,xgboost,663,310,0,0.5646488666534424,1,0.5
2,5,43,xgboost,682,827,0,0.5644016265869141,1,0.5
2,5,43,xgboost,686,704,1,0.44268742203712463,0,0.5
2,5,43,xgboost,687,638,1,0.5442677736282349,1,0.5
2,5,43,xgboost,697,91,0,0.3901534676551819,0,0.5
2,5,43,xgboost,706,81,0,0.49633392691612244,0,0.5
2,5,43,xgboost,707,231,0,0.5232405662536621,1,0.5
2,5,43,xgboost,709,374,0,0.35459575057029724,0,0.5
2,5,43,xgboost,713,31,0,0.37900400161743164,0,0.5
2,5,43,xgboost,719,769,0,0.6892052888870239,1,0.5
2,5,43,xgboost,725,214,0,0.3996771574020386,0,0.5
2,5,43,xgboost,729,327,0,0.20360559225082397,0,0.5
2,5,43,xgboost,735,6,0,0.32216233015060425,0,0.5
2,5,43,xgboost,739,495,1,0.5317519903182983,1,0.5
2,5,43,xgboost,740,768,0,0.1828935593366623,0,0.5
2,5,43,xgboost,745,30,0,0.3899778723716736,0,0.5
2,5,43,xgboost,760,44,0,0.58029705286026,1,0.5
2,5,43,xgboost,767,12,0,0.33250051736831665,0,0.5
2,5,43,xgboost,772,113,0,0.3823891282081604,0,0.5
2,5,43,xgboost,784,403,0,0.3856189548969269,0,0.5
2,5,43,xgboost,785,480,0,0.4053759276866913,0,0.5
2,5,43,xgboost,786,401,1,0.3625696301460266,0,0.5
2,5,43,xgboost,788,752,0,0.5774972438812256,1,0.5
2,5,43,xgboost,803,106,0,0.47957685589790344,0,0.5
2,5,43,xgboost,811,48,0,0.4614895284175873,0,0.5
2,5,43,xgboost,822,726,0,0.2120334953069687,0,0.5
2,5,43,xgboost,826,650,0,0.4265066683292389,0,0.5
2,5,43,xgboost,829,666,0,0.5442728400230408,1,0.5
2,5,43,xgboost,831,777,0,0.30571117997169495,0,0.5
2,5,43,xgboost,842,722,0,0.38776689767837524,0,0.5
2,5,43,xgboost,846,680,0,0.4312790036201477,0,0.5
2,5,43,xgboost,848,598,0,0.3926583528518677,0,0.5
2,5,43,xgboost,853,672,0,0.43890300393104553,0,0.5
2,5,43,xgboost,857,526,0,0.2379576861858368,0,0.5
3,1,44,dummy_prior,1,7,0,0.0641399416909621,0,0.5
3,1,44,dummy_prior,7,413,0,0.0641399416909621,0,0.5
3,1,44,dummy_prior,11,450,0,0.0641399416909621,0,0.5
3,1,44,dummy_prior,13,803,0,0.0641399416909621,0,0.5
3,1,44,dummy_prior,21,783,0,0.0641399416909621,0,0.5
3,1,44,dummy_prior,25,805,0,0.0641399416909621,0,0.5
3,1,44,dummy_prior,38,758,0,0.0641399416909621,0,0.5
3,1,44,dummy_prior,39,719,0,0.0641399416909621,0,0.5
3,1,44,dummy_prior,41,732,1,0.0641399416909621,0,0.5
3,1,44,dummy_prior,67,728,0,0.0641399416909621,0,0.5
3,1,44,dummy_prior,81,593,0,0.0641399416909621,0,0.5
3,1,44,dummy_prior,83,621,0,0.0641399416909621,0,0.5
3,1,44,dummy_prior,86,718,0,0.0641399416909621,0,0.5
3,1,44,dummy_prior,90,707,0,0.0641399416909621,0,0.5
3,1,44,dummy_prior,92,649,0,0.0641399416909621,0,0.5
3,1,44,dummy_prior,100,669,0,0.0641399416909621,0,0.5
3,1,44,dummy_prior,102,599,0,0.0641399416909621,0,0.5
3,1,44,dummy_prior,105,674,0,0.0641399416909621,0,0.5
3,1,44,dummy_prior,108,611,0,0.0641399416909621,0,0.5
3,1,44,dummy_prior,129,557,0,0.0641399416909621,0,0.5
3,1,44,dummy_prior,136,586,0,0.0641399416909621,0,0.5
3,1,44,dummy_prior,138,517,0,0.0641399416909621,0,0.5
3,1,44,dummy_prior,147,533,0,0.0641399416909621,0,0.5
3,1,44,dummy_prior,151,551,0,0.0641399416909621,0,0.5
3,1,44,dummy_prior,154,457,0,0.0641399416909621,0,0.5
3,1,44,dummy_prior,156,448,0,0.0641399416909621,0,0.5
3,1,44,dummy_prior,164,546,0,0.0641399416909621,0,0.5
3,1,44,dummy_prior,171,418,0,0.0641399416909621,0,0.5
3,1,44,dummy_prior,174,499,0,0.0641399416909621,0,0.5
3,1,44,dummy_prior,175,412,0,0.0641399416909621,0,0.5
3,1,44,dummy_prior,189,380,0,0.0641399416909621,0,0.5
3,1,44,dummy_prior,190,513,0,0.0641399416909621,0,0.5
3,1,44,dummy_prior,191,527,0,0.0641399416909621,0,0.5
3,1,44,dummy_prior,193,445,0,0.0641399416909621,0,0.5
3,1,44,dummy_prior,195,429,0,0.0641399416909621,0,0.5
3,1,44,dummy_prior,196,505,0,0.0641399416909621,0,0.5
3,1,44,dummy_prior,204,222,0,0.0641399416909621,0,0.5
3,1,44,dummy_prior,212,431,0,0.0641399416909621,0,0.5
3,1,44,dummy_prior,216,531,1,0.0641399416909621,0,0.5
3,1,44,dummy_prior,217,408,0,0.0641399416909621,0,0.5
3,1,44,dummy_prior,231,432,0,0.0641399416909621,0,0.5
3,1,44,dummy_prior,232,316,0,0.0641399416909621,0,0.5
3,1,44,dummy_prior,233,345,0,0.0641399416909621,0,0.5
3,1,44,dummy_prior,236,343,0,0.0641399416909621,0,0.5
3,1,44,dummy_prior,247,292,0,0.0641399416909621,0,0.5
3,1,44,dummy_prior,249,270,0,0.0641399416909621,0,0.5
3,1,44,dummy_prior,254,390,0,0.0641399416909621,0,0.5
3,1,44,dummy_prior,283,389,0,0.0641399416909621,0,0.5
3,1,44,dummy_prior,288,300,0,0.0641399416909621,0,0.5
3,1,44,dummy_prior,290,204,0,0.0641399416909621,0,0.5
3,1,44,dummy_prior,294,288,0,0.0641399416909621,0,0.5
3,1,44,dummy_prior,303,386,0,0.0641399416909621,0,0.5
3,1,44,dummy_prior,307,287,0,0.0641399416909621,0,0.5
3,1,44,dummy_prior,312,313,0,0.0641399416909621,0,0.5
3,1,44,dummy_prior,315,189,0,0.0641399416909621,0,0.5
3,1,44,dummy_prior,318,308,0,0.0641399416909621,0,0.5
3,1,44,dummy_prior,320,271,1,0.0641399416909621,0,0.5
3,1,44,dummy_prior,332,583,0,0.0641399416909621,0,0.5
3,1,44,dummy_prior,337,818,0,0.0641399416909621,0,0.5
3,1,44,dummy_prior,340,148,0,0.0641399416909621,0,0.5
3,1,44,dummy_prior,342,228,0,0.0641399416909621,0,0.5
3,1,44,dummy_prior,346,149,0,0.0641399416909621,0,0.5
3,1,44,dummy_prior,347,131,0,0.0641399416909621,0,0.5
3,1,44,dummy_prior,357,258,0,0.0641399416909621,0,0.5
3,1,44,dummy_prior,360,339,0,0.0641399416909621,0,0.5
3,1,44,dummy_prior,365,178,0,0.0641399416909621,0,0.5
3,1,44,dummy_prior,366,143,0,0.0641399416909621,0,0.5
3,1,44,dummy_prior,367,127,0,0.0641399416909621,0,0.5
3,1,44,dummy_prior,370,239,1,0.0641399416909621,0,0.5
3,1,44,dummy_prior,373,312,0,0.0641399416909621,0,0.5
3,1,44,dummy_prior,374,243,0,0.0641399416909621,0,0.5
3,1,44,dummy_prior,379,224,0,0.0641399416909621,0,0.5
3,1,44,dummy_prior,380,103,0,0.0641399416909621,0,0.5
3,1,44,dummy_prior,387,266,0,0.0641399416909621,0,0.5
3,1,44,dummy_prior,391,69,0,0.0641399416909621,0,0.5
3,1,44,dummy_prior,393,142,0,0.0641399416909621,0,0.5
3,1,44,dummy_prior,399,209,0,0.0641399416909621,0,0.5
3,1,44,dummy_prior,402,102,0,0.0641399416909621,0,0.5
3,1,44,dummy_prior,403,64,0,0.0641399416909621,0,0.5
3,1,44,dummy_prior,410,171,0,0.0641399416909621,0,0.5
3,1,44,dummy_prior,419,149,0,0.0641399416909621,0,0.5
3,1,44,dummy_prior,424,181,0,0.0641399416909621,0,0.5
3,1,44,dummy_prior,436,39,0,0.0641399416909621,0,0.5
3,1,44,dummy_prior,439,112,0,0.0641399416909621,0,0.5
3,1,44,dummy_prior,440,7,0,0.0641399416909621,0,0.5
3,1,44,dummy_prior,441,9,0,0.0641399416909621,0,0.5
3,1,44,dummy_prior,445,36,0,0.0641399416909621,0,0.5
3,1,44,dummy_prior,447,63,0,0.0641399416909621,0,0.5
3,1,44,dummy_prior,454,7,0,0.0641399416909621,0,0.5
3,1,44,dummy_prior,456,24,0,0.0641399416909621,0,0.5
3,1,44,dummy_prior,462,68,0,0.0641399416909621,0,0.5
3,1,44,dummy_prior,464,25,0,0.0641399416909621,0,0.5
3,1,44,dummy_prior,466,7,0,0.0641399416909621,0,0.5
3,1,44,dummy_prior,474,640,0,0.0641399416909621,0,0.5
3,1,44,dummy_prior,476,753,0,0.0641399416909621,0,0.5
3,1,44,dummy_prior,477,751,0,0.0641399416909621,0,0.5
3,1,44,dummy_prior,478,534,0,0.0641399416909621,0,0.5
3,1,44,dummy_prior,482,757,0,0.0641399416909621,0,0.5
3,1,44,dummy_prior,483,190,0,0.0641399416909621,0,0.5
3,1,44,dummy_prior,484,371,0,0.0641399416909621,0,0.5
3,1,44,dummy_prior,490,375,0,0.0641399416909621,0,0.5
3,1,44,dummy_prior,507,71,0,0.0641399416909621,0,0.5
3,1,44,dummy_prior,508,590,0,0.0641399416909621,0,0.5
3,1,44,dummy_prior,517,514,0,0.0641399416909621,0,0.5
3,1,44,dummy_prior,521,791,0,0.0641399416909621,0,0.5
3,1,44,dummy_prior,530,239,1,0.0641399416909621,0,0.5
3,1,44,dummy_prior,532,364,0,0.0641399416909621,0,0.5
3,1,44,dummy_prior,536,24,0,0.0641399416909621,0,0.5
3,1,44,dummy_prior,538,361,0,0.0641399416909621,0,0.5
3,1,44,dummy_prior,540,188,0,0.0641399416909621,0,0.5
3,1,44,dummy_prior,541,474,0,0.0641399416909621,0,0.5
3,1,44,dummy_prior,548,58,0,0.0641399416909621,0,0.5
3,1,44,dummy_prior,555,435,0,0.0641399416909621,0,0.5
3,1,44,dummy_prior,558,255,0,0.0641399416909621,0,0.5
3,1,44,dummy_prior,566,456,0,0.0641399416909621,0,0.5
3,1,44,dummy_prior,568,338,0,0.0641399416909621,0,0.5
3,1,44,dummy_prior,578,126,1,0.0641399416909621,0,0.5
3,1,44,dummy_prior,582,198,0,0.0641399416909621,0,0.5
3,1,44,dummy_prior,586,150,0,0.0641399416909621,0,0.5
3,1,44,dummy_prior,592,321,0,0.0641399416909621,0,0.5
3,1,44,dummy_prior,606,539,0,0.0641399416909621,0,0.5
3,1,44,dummy_prior,607,566,0,0.0641399416909621,0,0.5
3,1,44,dummy_prior,609,416,0,0.0641399416909621,0,0.5
3,1,44,dummy_prior,623,250,0,0.0641399416909621,0,0.5
3,1,44,dummy_prior,629,336,0,0.0641399416909621,0,0.5
3,1,44,dummy_prior,636,741,0,0.0641399416909621,0,0.5
3,1,44,dummy_prior,640,625,0,0.0641399416909621,0,0.5
3,1,44,dummy_prior,647,277,0,0.0641399416909621,0,0.5
3,1,44,dummy_prior,648,95,0,0.0641399416909621,0,0.5
3,1,44,dummy_prior,659,467,0,0.0641399416909621,0,0.5
3,1,44,dummy_prior,660,33,0,0.0641399416909621,0,0.5
3,1,44,dummy_prior,661,326,0,0.0641399416909621,0,0.5
3,1,44,dummy_prior,665,205,0,0.0641399416909621,0,0.5
3,1,44,dummy_prior,666,67,0,0.0641399416909621,0,0.5
3,1,44,dummy_prior,671,824,1,0.0641399416909621,0,0.5
3,1,44,dummy_prior,675,808,0,0.0641399416909621,0,0.5
3,1,44,dummy_prior,678,609,0,0.0641399416909621,0,0.5
3,1,44,dummy_prior,687,638,1,0.0641399416909621,0,0.5
3,1,44,dummy_prior,689,340,0,0.0641399416909621,0,0.5
3,1,44,dummy_prior,690,8,0,0.0641399416909621,0,0.5
3,1,44,dummy_prior,692,74,0,0.0641399416909621,0,0.5
3,1,44,dummy_prior,695,538,0,0.0641399416909621,0,0.5
3,1,44,dummy_prior,697,91,0,0.0641399416909621,0,0.5
3,1,44,dummy_prior,706,81,0,0.0641399416909621,0,0.5
3,1,44,dummy_prior,712,317,0,0.0641399416909621,0,0.5
3,1,44,dummy_prior,727,589,0,0.0641399416909621,0,0.5
3,1,44,dummy_prior,729,327,0,0.0641399416909621,0,0.5
3,1,44,dummy_prior,730,775,0,0.0641399416909621,0,0.5
3,1,44,dummy_prior,739,495,1,0.0641399416909621,0,0.5
3,1,44,dummy_prior,740,768,0,0.0641399416909621,0,0.5
3,1,44,dummy_prior,753,166,1,0.0641399416909621,0,0.5
3,1,44,dummy_prior,756,395,0,0.0641399416909621,0,0.5
3,1,44,dummy_prior,762,139,0,0.0641399416909621,0,0.5
3,1,44,dummy_prior,766,206,0,0.0641399416909621,0,0.5
3,1,44,dummy_prior,767,12,0,0.0641399416909621,0,0.5
3,1,44,dummy_prior,774,801,0,0.0641399416909621,0,0.5
3,1,44,dummy_prior,775,455,0,0.0641399416909621,0,0.5
3,1,44,dummy_prior,777,744,0,0.0641399416909621,0,0.5
3,1,44,dummy_prior,778,136,0,0.0641399416909621,0,0.5
3,1,44,dummy_prior,784,403,0,0.0641399416909621,0,0.5
3,1,44,dummy_prior,791,15,0,0.0641399416909621,0,0.5
3,1,44,dummy_prior,796,605,0,0.0641399416909621,0,0.5
3,1,44,dummy_prior,797,645,1,0.0641399416909621,0,0.5
3,1,44,dummy_prior,802,14,0,0.0641399416909621,0,0.5
3,1,44,dummy_prior,817,516,0,0.0641399416909621,0,0.5
3,1,44,dummy_prior,822,726,0,0.0641399416909621,0,0.5
3,1,44,dummy_prior,823,644,0,0.0641399416909621,0,0.5
3,1,44,dummy_prior,830,699,0,0.0641399416909621,0,0.5
3,1,44,dummy_prior,832,561,0,0.0641399416909621,0,0.5
3,1,44,dummy_prior,844,444,0,0.0641399416909621,0,0.5
3,1,44,dummy_prior,851,298,0,0.0641399416909621,0,0.5
3,1,44,dummy_prior,857,526,0,0.0641399416909621,0,0.5
3,1,44,logistic_regression,1,7,0,0.4356609633900755,0,0.5
3,1,44,logistic_regression,7,413,0,0.4853068234197916,0,0.5
3,1,44,logistic_regression,11,450,0,0.555212874743933,1,0.5
3,1,44,logistic_regression,13,803,0,0.4788203839298351,0,0.5
3,1,44,logistic_regression,21,783,0,0.3749969660817413,0,0.5
3,1,44,logistic_regression,25,805,0,0.4235880812794678,0,0.5
3,1,44,logistic_regression,38,758,0,0.49465969217226075,0,0.5
3,1,44,logistic_regression,39,719,0,0.45851433561666116,0,0.5
3,1,44,logistic_regression,41,732,1,0.6955533508377847,1,0.5
3,1,44,logistic_regression,67,728,0,0.6215050239662485,1,0.5
3,1,44,logistic_regression,81,593,0,0.5198352191498359,1,0.5
3,1,44,logistic_regression,83,621,0,0.5226152168921268,1,0.5
3,1,44,logistic_regression,86,718,0,0.48185649549030785,0,0.5
3,1,44,logistic_regression,90,707,0,0.511247729620063,1,0.5
3,1,44,logistic_regression,92,649,0,0.5884946006156202,1,0.5
3,1,44,logistic_regression,100,669,0,0.514113010313669,1,0.5
3,1,44,logistic_regression,102,599,0,0.4109065018119813,0,0.5
3,1,44,logistic_regression,105,674,0,0.4921335417606938,0,0.5
3,1,44,logistic_regression,108,611,0,0.5599707704171936,1,0.5
3,1,44,logistic_regression,129,557,0,0.571725671808315,1,0.5
3,1,44,logistic_regression,136,586,0,0.4373106238251091,0,0.5
3,1,44,logistic_regression,138,517,0,0.42669543844655083,0,0.5
3,1,44,logistic_regression,147,533,0,0.29688612713033197,0,0.5
3,1,44,logistic_regression,151,551,0,0.45524389451955516,0,0.5
3,1,44,logistic_regression,154,457,0,0.5214313183523936,1,0.5
3,1,44,logistic_regression,156,448,0,0.5195266861888826,1,0.5
3,1,44,logistic_regression,164,546,0,0.41531254871202833,0,0.5
3,1,44,logistic_regression,171,418,0,0.436044743431545,0,0.5
3,1,44,logistic_regression,174,499,0,0.5833432587148001,1,0.5
3,1,44,logistic_regression,175,412,0,0.4489847537499944,0,0.5
3,1,44,logistic_regression,189,380,0,0.4824920038103035,0,0.5
3,1,44,logistic_regression,190,513,0,0.412653599847634,0,0.5
3,1,44,logistic_regression,191,527,0,0.4960706414580252,0,0.5
3,1,44,logistic_regression,193,445,0,0.36389037226640625,0,0.5
3,1,44,logistic_regression,195,429,0,0.4961198118621564,0,0.5
3,1,44,logistic_regression,196,505,0,0.46580488135700787,0,0.5
3,1,44,logistic_regression,204,222,0,0.4531381948258377,0,0.5
3,1,44,logistic_regression,212,431,0,0.6864393913943688,1,0.5
3,1,44,logistic_regression,216,531,1,0.5351271406476221,1,0.5
3,1,44,logistic_regression,217,408,0,0.47444012130980484,0,0.5
3,1,44,logistic_regression,231,432,0,0.5431049323824547,1,0.5
3,1,44,logistic_regression,232,316,0,0.39744576827327505,0,0.5
3,1,44,logistic_regression,233,345,0,0.41211528771763717,0,0.5
3,1,44,logistic_regression,236,343,0,0.7291033729493456,1,0.5
3,1,44,logistic_regression,247,292,0,0.4226402891740587,0,0.5
3,1,44,logistic_regression,249,270,0,0.389401946897937,0,0.5
3,1,44,logistic_regression,254,390,0,0.4229185284665781,0,0.5
3,1,44,logistic_regression,283,389,0,0.469416093601667,0,0.5
3,1,44,logistic_regression,288,300,0,0.45208597932310457,0,0.5
3,1,44,logistic_regression,290,204,0,0.5182766378007572,1,0.5
3,1,44,logistic_regression,294,288,0,0.4547275898729709,0,0.5
3,1,44,logistic_regression,303,386,0,0.44630298365599025,0,0.5
3,1,44,logistic_regression,307,287,0,0.39994262376778006,0,0.5
3,1,44,logistic_regression,312,313,0,0.4643152656952998,0,0.5
3,1,44,logistic_regression,315,189,0,0.4632000256548792,0,0.5
3,1,44,logistic_regression,318,308,0,0.47575530785985054,0,0.5
3,1,44,logistic_regression,320,271,1,0.39876838332494047,0,0.5
3,1,44,logistic_regression,332,583,0,0.4938623184084186,0,0.5
3,1,44,logistic_regression,337,818,0,0.7593383696268285,1,0.5
3,1,44,logistic_regression,340,148,0,0.39646470219816504,0,0.5
3,1,44,logistic_regression,342,228,0,0.39600034852390953,0,0.5
3,1,44,logistic_regression,346,149,0,0.38691715506532803,0,0.5
3,1,44,logistic_regression,347,131,0,0.41741693134559094,0,0.5
3,1,44,logistic_regression,357,258,0,0.41763394323743014,0,0.5
3,1,44,logistic_regression,360,339,0,0.4564563067960012,0,0.5
3,1,44,logistic_regression,365,178,0,0.4204363152239316,0,0.5
3,1,44,logistic_regression,366,143,0,0.38780784100086535,0,0.5
3,1,44,logistic_regression,367,127,0,0.43238084023425727,0,0.5
3,1,44,logistic_regression,370,239,1,0.41947119434478125,0,0.5
3,1,44,logistic_regression,373,312,0,0.41487925068560133,0,0.5
3,1,44,logistic_regression,374,243,0,0.2203386502755986,0,0.5
3,1,44,logistic_regression,379,224,0,0.4300636726835827,0,0.5
3,1,44,logistic_regression,380,103,0,0.3635170099430001,0,0.5
3,1,44,logistic_regression,387,266,0,0.4279990614606392,0,0.5
3,1,44,logistic_regression,391,69,0,0.41727227451352594,0,0.5
3,1,44,logistic_regression,393,142,0,0.42461344908885507,0,0.5
3,1,44,logistic_regression,399,209,0,0.44407100164424895,0,0.5
3,1,44,logistic_regression,402,102,0,0.3924526682288529,0,0.5
3,1,44,logistic_regression,403,64,0,0.42446811538506196,0,0.5
3,1,44,logistic_regression,410,171,0,0.4403354812114716,0,0.5
3,1,44,logistic_regression,419,149,0,0.38691715506532803,0,0.5
3,1,44,logistic_regression,424,181,0,0.6910649782973932,1,0.5
3,1,44,logistic_regression,436,39,0,0.3918588755936875,0,0.5
3,1,44,logistic_regression,439,112,0,0.40815629966860795,0,0.5
3,1,44,logistic_regression,440,7,0,0.4356609633900755,0,0.5
3,1,44,logistic_regression,441,9,0,0.4349459963039045,0,0.5
3,1,44,logistic_regression,445,36,0,0.3963403643007019,0,0.5
3,1,44,logistic_regression,447,63,0,0.42517881888661146,0,0.5
3,1,44,logistic_regression,454,7,0,0.4356609633900755,0,0.5
3,1,44,logistic_regression,456,24,0,0.43573409403956576,0,0.5
3,1,44,logistic_regression,462,68,0,0.41391336561676734,0,0.5
3,1,44,logistic_regression,464,25,0,0.41704441418324056,0,0.5
3,1,44,logistic_regression,466,7,0,0.4356609633900755,0,0.5
3,1,44,logistic_regression,474,640,0,0.5316519474600141,1,0.5
3,1,44,logistic_regression,476,753,0,0.4138445067460827,0,0.5
3,1,44,logistic_regression,477,751,0,0.44974266203655705,0,0.5
3,1,44,logistic_regression,478,534,0,0.46304434038464115,0,0.5
3,1,44,logistic_regression,482,757,0,0.6236809317292401,1,0.5
3,1,44,logistic_regression,483,190,0,0.4913487226454997,0,0.5
3,1,44,logistic_regression,484,371,0,0.43353304925430636,0,0.5
3,1,44,logistic_regression,490,375,0,0.662565641803023,1,0.5
3,1,44,logistic_regression,507,71,0,0.43516531422150756,0,0.5
3,1,44,logistic_regression,508,590,0,0.7656427597976824,1,0.5
3,1,44,logistic_regression,517,514,0,0.4874769119962636,0,0.5
3,1,44,logistic_regression,521,791,0,0.473319253152542,0,0.5
3,1,44,logistic_regression,530,239,1,0.41947119434478125,0,0.5
3,1,44,logistic_regression,532,364,0,0.4105772394315901,0,0.5
3,1,44,logistic_regression,536,24,0,0.43573409403956576,0,0.5
3,1,44,logistic_regression,538,361,0,0.40547068370557066,0,0.5
3,1,44,logistic_regression,540,188,0,0.42397563345039696,0,0.5
3,1,44,logistic_regression,541,474,0,0.39254998636501554,0,0.5
3,1,44,logistic_regression,548,58,0,0.4123155366351595,0,0.5
3,1,44,logistic_regression,555,435,0,0.4311541074690462,0,0.5
3,1,44,logistic_regression,558,255,0,0.43045934203620445,0,0.5
3,1,44,logistic_regression,566,456,0,0.47330304478863655,0,0.5
3,1,44,logistic_regression,568,338,0,0.43274587940650816,0,0.5
3,1,44,logistic_regression,578,126,1,0.4068834063141011,0,0.5
3,1,44,logistic_regression,582,198,0,0.4734810750093519,0,0.5
3,1,44,logistic_regression,586,150,0,0.38517832046137634,0,0.5
3,1,44,logistic_regression,592,321,0,0.45907643363524436,0,0.5
3,1,44,logistic_regression,606,539,0,0.4657840329598609,0,0.5
3,1,44,logistic_regression,607,566,0,0.3876282181412765,0,0.5
3,1,44,logistic_regression,609,416,0,0.48725010483408704,0,0.5
3,1,44,logistic_regression,623,250,0,0.4648758978520896,0,0.5
3,1,44,logistic_regression,629,336,0,0.5251649610462009,1,0.5
3,1,44,logistic_regression,636,741,0,0.5081949579636595,1,0.5
3,1,44,logistic_regression,640,625,0,0.5387483134950869,1,0.5
3,1,44,logistic_regression,647,277,0,0.5210601870926048,1,0.5
3,1,44,logistic_regression,648,95,0,0.8426352297388927,1,0.5
3,1,44,logistic_regression,659,467,0,0.4317932265208746,0,0.5
3,1,44,logistic_regression,660,33,0,0.4304120941322366,0,0.5
3,1,44,logistic_regression,661,326,0,0.3771627997678956,0,0.5
3,1,44,logistic_regression,665,205,0,0.4689405028250476,0,0.5
3,1,44,logistic_regression,666,67,0,0.38253370045475604,0,0.5
3,1,44,logistic_regression,671,824,1,0.5195081979833315,1,0.5
3,1,44,logistic_regression,675,808,0,0.5036788076436676,1,0.5
3,1,44,logistic_regression,678,609,0,0.3962893066003831,0,0.5
3,1,44,logistic_regression,687,638,1,0.7373210236085774,1,0.5
3,1,44,logistic_regression,689,340,0,0.4261334821243148,0,0.5
3,1,44,logistic_regression,690,8,0,0.41697210233862064,0,0.5
3,1,44,logistic_regression,692,74,0,0.42145292965750425,0,0.5
3,1,44,logistic_regression,695,538,0,0.40915107879505636,0,0.5
3,1,44,logistic_regression,697,91,0,0.424664466643484,0,0.5
3,1,44,logistic_regression,706,81,0,0.41755000753999444,0,0.5
3,1,44,logistic_regression,712,317,0,0.392025417375383,0,0.5
3,1,44,logistic_regression,727,589,0,0.5421627527637123,1,0.5
3,1,44,logistic_regression,729,327,0,0.385042825423806,0,0.5
3,1,44,logistic_regression,730,775,0,0.729154622285932,1,0.5
3,1,44,logistic_regression,739,495,1,0.6815092296891613,1,0.5
3,1,44,logistic_regression,740,768,0,0.5621630941372875,1,0.5
3,1,44,logistic_regression,753,166,1,0.5996971556643197,1,0.5
3,1,44,logistic_regression,756,395,0,0.48374355654653395,0,0.5
3,1,44,logistic_regression,762,139,0,0.39516268519162046,0,0.5
3,1,44,logistic_regression,766,206,0,0.4755198906302009,0,0.5
3,1,44,logistic_regression,767,12,0,0.3976617284986255,0,0.5
3,1,44,logistic_regression,774,801,0,0.6506679207549843,1,0.5
3,1,44,logistic_regression,775,455,0,0.4472940606939732,0,0.5
3,1,44,logistic_regression,777,744,0,0.41285394587657104,0,0.5
3,1,44,logistic_regression,778,136,0,0.3958580705232913,0,0.5
3,1,44,logistic_regression,784,403,0,0.43523380055925154,0,0.5
3,1,44,logistic_regression,791,15,0,0.45164935304867526,0,0.5
3,1,44,logistic_regression,796,605,0,0.4621468260474334,0,0.5
3,1,44,logistic_regression,797,645,1,0.47497890772872214,0,0.5
3,1,44,logistic_regression,802,14,0,0.3920874359421213,0,0.5
3,1,44,logistic_regression,817,516,0,0.4522864831956227,0,0.5
3,1,44,logistic_regression,822,726,0,0.29968751686607364,0,0.5
3,1,44,logistic_regression,823,644,0,0.40184305892766625,0,0.5
3,1,44,logistic_regression,830,699,0,0.4839272714943412,0,0.5
3,1,44,logistic_regression,832,561,0,0.38184424211250123,0,0.5
3,1,44,logistic_regression,844,444,0,0.5080053175129898,1,0.5
3,1,44,logistic_regression,851,298,0,0.4515183358560758,0,0.5
3,1,44,logistic_regression,857,526,0,0.3937889096577134,0,0.5
3,1,44,xgboost,1,7,0,0.0716538205742836,0,0.5
3,1,44,xgboost,7,413,0,0.08106301724910736,0,0.5
3,1,44,xgboost,11,450,0,0.4389948546886444,0,0.5
3,1,44,xgboost,13,803,0,0.017196232452988625,0,0.5
3,1,44,xgboost,21,783,0,0.29143771529197693,0,0.5
3,1,44,xgboost,25,805,0,0.06183605641126633,0,0.5
3,1,44,xgboost,38,758,0,0.06551028043031693,0,0.5
3,1,44,xgboost,39,719,0,0.04644755274057388,0,0.5
3,1,44,xgboost,41,732,1,0.6202589869499207,1,0.5
3,1,44,xgboost,67,728,0,0.10219917446374893,0,0.5
3,1,44,xgboost,81,593,0,0.031538091599941254,0,0.5
3,1,44,xgboost,83,621,0,0.07293324917554855,0,0.5
3,1,44,xgboost,86,718,0,0.02393742837011814,0,0.5
3,1,44,xgboost,90,707,0,0.014222552068531513,0,0.5
3,1,44,xgboost,92,649,0,0.1616901457309723,0,0.5
3,1,44,xgboost,100,669,0,0.04864764213562012,0,0.5
3,1,44,xgboost,102,599,0,0.34164610505104065,0,0.5
3,1,44,xgboost,105,674,0,0.4799882173538208,0,0.5
3,1,44,xgboost,108,611,0,0.23310942947864532,0,0.5
3,1,44,xgboost,129,557,0,0.031159425154328346,0,0.5
3,1,44,xgboost,136,586,0,0.4015979766845703,0,0.5
3,1,44,xgboost,138,517,0,0.019327644258737564,0,0.5
3,1,44,xgboost,147,533,0,0.09832392632961273,0,0.5
3,1,44,xgboost,151,551,0,0.5103903412818909,1,0.5
3,1,44,xgboost,154,457,0,0.1977337747812271,0,0.5
3,1,44,xgboost,156,448,0,0.08642061799764633,0,0.5
3,1,44,xgboost,164,546,0,0.34087055921554565,0,0.5
3,1,44,xgboost,171,418,0,0.1730513721704483,0,0.5
3,1,44,xgboost,174,499,0,0.1021154448390007,0,0.5
3,1,44,xgboost,175,412,0,0.3326094150543213,0,0.5
3,1,44,xgboost,189,380,0,0.08737629652023315,0,0.5
3,1,44,xgboost,190,513,0,0.13456541299819946,0,0.5
3,1,44,xgboost,191,527,0,0.09745211899280548,0,0.5
3,1,44,xgboost,193,445,0,0.0014753964496776462,0,0.5
3,1,44,xgboost,195,429,0,0.027382349595427513,0,0.5
3,1,44,xgboost,196,505,0,0.7811434864997864,1,0.5
3,1,44,xgboost,204,222,0,0.23378901183605194,0,0.5
3,1,44,xgboost,212,431,0,0.5804769396781921,1,0.5
3,1,44,xgboost,216,531,1,0.14892758429050446,0,0.5
3,1,44,xgboost,217,408,0,0.1329657882452011,0,0.5
3,1,44,xgboost,231,432,0,0.03865876793861389,0,0.5
3,1,44,xgboost,232,316,0,0.032561350613832474,0,0.5
3,1,44,xgboost,233,345,0,0.11331991106271744,0,0.5
3,1,44,xgboost,236,343,0,0.27782830595970154,0,0.5
3,1,44,xgboost,247,292,0,0.24991056323051453,0,0.5
3,1,44,xgboost,249,270,0,0.25608792901039124,0,0.5
3,1,44,xgboost,254,390,0,0.20748016238212585,0,0.5
3,1,44,xgboost,283,389,0,0.41596829891204834,0,0.5
3,1,44,xgboost,288,300,0,0.014039792120456696,0,0.5
3,1,44,xgboost,290,204,0,0.14097540080547333,0,0.5
3,1,44,xgboost,294,288,0,0.243293896317482,0,0.5
3,1,44,xgboost,303,386,0,0.25859779119491577,0,0.5
3,1,44,xgboost,307,287,0,0.057993873953819275,0,0.5
3,1,44,xgboost,312,313,0,0.046155959367752075,0,0.5
3,1,44,xgboost,315,189,0,0.2205445021390915,0,0.5
3,1,44,xgboost,318,308,0,0.007196611259132624,0,0.5
3,1,44,xgboost,320,271,1,0.2352207452058792,0,0.5
3,1,44,xgboost,332,583,0,0.11087105423212051,0,0.5
3,1,44,xgboost,337,818,0,0.21095117926597595,0,0.5
3,1,44,xgboost,340,148,0,0.014285512268543243,0,0.5
3,1,44,xgboost,342,228,0,0.21875423192977905,0,0.5
3,1,44,xgboost,346,149,0,0.04648659750819206,0,0.5
3,1,44,xgboost,347,131,0,0.27411139011383057,0,0.5
3,1,44,xgboost,357,258,0,0.6050847768783569,1,0.5
3,1,44,xgboost,360,339,0,0.1114102378487587,0,0.5
3,1,44,xgboost,365,178,0,0.3996753990650177,0,0.5
3,1,44,xgboost,366,143,0,0.1550678163766861,0,0.5
3,1,44,xgboost,367,127,0,0.10117258131504059,0,0.5
3,1,44,xgboost,370,239,1,0.2996372580528259,0,0.5
3,1,44,xgboost,373,312,0,0.15848518908023834,0,0.5
3,1,44,xgboost,374,243,0,0.12164000421762466,0,0.5
3,1,44,xgboost,379,224,0,0.3412860631942749,0,0.5
3,1,44,xgboost,380,103,0,0.36399880051612854,0,0.5
3,1,44,xgboost,387,266,0,0.3617658019065857,0,0.5
3,1,44,xgboost,391,69,0,0.15078967809677124,0,0.5
3,1,44,xgboost,393,142,0,0.13650017976760864,0,0.5
3,1,44,xgboost,399,209,0,0.6798268556594849,1,0.5
3,1,44,xgboost,402,102,0,0.2163975089788437,0,0.5
3,1,44,xgboost,403,64,0,0.30827322602272034,0,0.5
3,1,44,xgboost,410,171,0,0.8423855900764465,1,0.5
3,1,44,xgboost,419,149,0,0.04648659750819206,0,0.5
3,1,44,xgboost,424,181,0,0.8803257346153259,1,0.5
3,1,44,xgboost,436,39,0,0.023878607898950577,0,0.5
3,1,44,xgboost,439,112,0,0.047459207475185394,0,0.5
3,1,44,xgboost,440,7,0,0.0716538205742836,0,0.5
3,1,44,xgboost,441,9,0,0.1419707089662552,0,0.5
3,1,44,xgboost,445,36,0,0.05093760043382645,0,0.5
3,1,44,xgboost,447,63,0,0.1721101552248001,0,0.5
3,1,44,xgboost,454,7,0,0.0716538205742836,0,0.5
3,1,44,xgboost,456,24,0,0.0716538205742836,0,0.5
3,1,44,xgboost,462,68,0,0.198606938123703,0,0.5
3,1,44,xgboost,464,25,0,0.07343942672014236,0,0.5
3,1,44,xgboost,466,7,0,0.0716538205742836,0,0.5
3,1,44,xgboost,474,640,0,0.23217445611953735,0,0.5
3,1,44,xgboost,476,753,0,0.06870689988136292,0,0.5
3,1,44,xgboost,477,751,0,0.43035417795181274,0,0.5
3,1,44,xgboost,478,534,0,0.012345690280199051,0,0.5
3,1,44,xgboost,482,757,0,0.4788503646850586,0,0.5
3,1,44,xgboost,483,190,0,0.45495063066482544,0,0.5
3,1,44,xgboost,484,371,0,0.14890894293785095,0,0.5
3,1,44,xgboost,490,375,0,0.5361472964286804,1,0.5
3,1,44,xgboost,507,71,0,0.12440790235996246,0,0.5
3,1,44,xgboost,508,590,0,0.03436412289738655,0,0.5
3,1,44,xgboost,517,514,0,0.1727689504623413,0,0.5
3,1,44,xgboost,521,791,0,0.2925577759742737,0,0.5
3,1,44,xgboost,530,239,1,0.2996372580528259,0,0.5
3,1,44,xgboost,532,364,0,0.026255160570144653,0,0.5
3,1,44,xgboost,536,24,0,0.0716538205742836,0,0.5
3,1,44,xgboost,538,361,0,0.505785346031189,1,0.5
3,1,44,xgboost,540,188,0,0.1429479718208313,0,0.5
3,1,44,xgboost,541,474,0,0.09498929232358932,0,0.5
3,1,44,xgboost,548,58,0,0.2733428180217743,0,0.5
3,1,44,xgboost,555,435,0,0.7699025273323059,1,0.5
3,1,44,xgboost,558,255,0,0.05995053052902222,0,0.5
3,1,44,xgboost,566,456,0,0.3628072738647461,0,0.5
3,1,44,xgboost,568,338,0,0.15418516099452972,0,0.5
3,1,44,xgboost,578,126,1,0.024533133953809738,0,0.5
3,1,44,xgboost,582,198,0,0.16366295516490936,0,0.5
3,1,44,xgboost,586,150,0,0.011094968765974045,0,0.5
3,1,44,xgboost,592,321,0,0.034605249762535095,0,0.5
3,1,44,xgboost,606,539,0,0.6520058512687683,1,0.5
3,1,44,xgboost,607,566,0,0.22249796986579895,0,0.5
3,1,44,xgboost,609,416,0,0.09885885566473007,0,0.5
3,1,44,xgboost,623,250,0,0.8874334096908569,1,0.5
3,1,44,xgboost,629,336,0,0.37174326181411743,0,0.5
3,1,44,xgboost,636,741,0,0.010569540783762932,0,0.5
3,1,44,xgboost,640,625,0,0.11296159774065018,0,0.5
3,1,44,xgboost,647,277,0,0.491304874420166,0,0.5
3,1,44,xgboost,648,95,0,0.7550042867660522,1,0.5
3,1,44,xgboost,659,467,0,0.44853445887565613,0,0.5
3,1,44,xgboost,660,33,0,0.08884109556674957,0,0.5
3,1,44,xgboost,661,326,0,0.03207085281610489,0,0.5
3,1,44,xgboost,665,205,0,0.08110401779413223,0,0.5
3,1,44,xgboost,666,67,0,0.1600746214389801,0,0.5
3,1,44,xgboost,671,824,1,0.2782016694545746,0,0.5
3,1,44,xgboost,675,808,0,0.1179424375295639,0,0.5
3,1,44,xgboost,678,609,0,0.16689124703407288,0,0.5
3,1,44,xgboost,687,638,1,0.166016086935997,0,0.5
3,1,44,xgboost,689,340,0,0.05414711683988571,0,0.5
3,1,44,xgboost,690,8,0,0.07343942672014236,0,0.5
3,1,44,xgboost,692,74,0,0.5506272315979004,1,0.5
3,1,44,xgboost,695,538,0,0.4550316333770752,0,0.5
3,1,44,xgboost,697,91,0,0.1456064134836197,0,0.5
3,1,44,xgboost,706,81,0,0.6762287616729736,1,0.5
3,1,44,xgboost,712,317,0,0.05795682594180107,0,0.5
3,1,44,xgboost,727,589,0,0.2721877098083496,0,0.5
3,1,44,xgboost,729,327,0,0.006459550466388464,0,0.5
3,1,44,xgboost,730,775,0,0.675748884677887,1,0.5
3,1,44,xgboost,739,495,1,0.7940172553062439,1,0.5
3,1,44,xgboost,740,768,0,0.015043427236378193,0,0.5
3,1,44,xgboost,753,166,1,0.17006069421768188,0,0.5
3,1,44,xgboost,756,395,0,0.1696619838476181,0,0.5
3,1,44,xgboost,762,139,0,0.15646842122077942,0,0.5
3,1,44,xgboost,766,206,0,0.3512890040874481,0,0.5
3,1,44,xgboost,767,12,0,0.024425119161605835,0,0.5
3,1,44,xgboost,774,801,0,0.19566893577575684,0,0.5
3,1,44,xgboost,775,455,0,0.2078591287136078,0,0.5
3,1,44,xgboost,777,744,0,0.011195183731615543,0,0.5
3,1,44,xgboost,778,136,0,0.0645270124077797,0,0.5
3,1,44,xgboost,784,403,0,0.06435112655162811,0,0.5
3,1,44,xgboost,791,15,0,0.12894830107688904,0,0.5
3,1,44,xgboost,796,605,0,0.005087369121611118,0,0.5
3,1,44,xgboost,797,645,1,0.7717570066452026,1,0.5
3,1,44,xgboost,802,14,0,0.0503678098320961,0,0.5
3,1,44,xgboost,817,516,0,0.08188710361719131,0,0.5
3,1,44,xgboost,822,726,0,0.03817279636859894,0,0.5
3,1,44,xgboost,823,644,0,0.2666870057582855,0,0.5
3,1,44,xgboost,830,699,0,0.25131338834762573,0,0.5
3,1,44,xgboost,832,561,0,0.02897454984486103,0,0.5
3,1,44,xgboost,844,444,0,0.0020021877717226744,0,0.5
3,1,44,xgboost,851,298,0,0.09022440016269684,0,0.5
3,1,44,xgboost,857,526,0,0.028688590973615646,0,0.5
3,2,44,dummy_prior,0,109,0,0.0641399416909621,0,0.5
3,2,44,dummy_prior,5,796,0,0.0641399416909621,0,0.5
3,2,44,dummy_prior,15,776,0,0.0641399416909621,0,0.5
3,2,44,dummy_prior,18,792,0,0.0641399416909621,0,0.5
3,2,44,dummy_prior,22,766,1,0.0641399416909621,0,0.5
3,2,44,dummy_prior,23,767,1,0.0641399416909621,0,0.5
3,2,44,dummy_prior,24,774,0,0.0641399416909621,0,0.5
3,2,44,dummy_prior,48,780,0,0.0641399416909621,0,0.5
3,2,44,dummy_prior,59,692,0,0.0641399416909621,0,0.5
3,2,44,dummy_prior,61,697,0,0.0641399416909621,0,0.5
3,2,44,dummy_prior,64,750,1,0.0641399416909621,0,0.5
3,2,44,dummy_prior,70,727,0,0.0641399416909621,0,0.5
3,2,44,dummy_prior,77,646,0,0.0641399416909621,0,0.5
3,2,44,dummy_prior,80,630,0,0.0641399416909621,0,0.5
3,2,44,dummy_prior,85,657,0,0.0641399416909621,0,0.5
3,2,44,dummy_prior,87,703,0,0.0641399416909621,0,0.5
3,2,44,dummy_prior,93,631,1,0.0641399416909621,0,0.5
3,2,44,dummy_prior,98,584,0,0.0641399416909621,0,0.5
3,2,44,dummy_prior,104,633,0,0.0641399416909621,0,0.5
3,2,44,dummy_prior,106,577,0,0.0641399416909621,0,0.5
3,2,44,dummy_prior,107,653,0,0.0641399416909621,0,0.5
3,2,44,dummy_prior,111,626,0,0.0641399416909621,0,0.5
3,2,44,dummy_prior,113,328,0,0.0641399416909621,0,0.5
3,2,44,dummy_prior,114,667,0,0.0641399416909621,0,0.5
3,2,44,dummy_prior,115,665,0,0.0641399416909621,0,0.5
3,2,44,dummy_prior,125,596,0,0.0641399416909621,0,0.5
3,2,44,dummy_prior,126,588,0,0.0641399416909621,0,0.5
3,2,44,dummy_prior,128,518,0,0.0641399416909621,0,0.5
3,2,44,dummy_prior,130,492,0,0.0641399416909621,0,0.5
3,2,44,dummy_prior,140,553,0,0.0641399416909621,0,0.5
3,2,44,dummy_prior,144,558,0,0.0641399416909621,0,0.5
3,2,44,dummy_prior,150,489,0,0.0641399416909621,0,0.5
3,2,44,dummy_prior,157,545,0,0.0641399416909621,0,0.5
3,2,44,dummy_prior,158,617,0,0.0641399416909621,0,0.5
3,2,44,dummy_prior,160,484,0,0.0641399416909621,0,0.5
3,2,44,dummy_prior,162,481,0,0.0641399416909621,0,0.5
3,2,44,dummy_prior,166,515,0,0.0641399416909621,0,0.5
3,2,44,dummy_prior,169,108,0,0.0641399416909621,0,0.5
3,2,44,dummy_prior,173,529,0,0.0641399416909621,0,0.5
3,2,44,dummy_prior,178,472,0,0.0641399416909621,0,0.5
3,2,44,dummy_prior,179,548,0,0.0641399416909621,0,0.5
3,2,44,dummy_prior,186,404,0,0.0641399416909621,0,0.5
3,2,44,dummy_prior,188,475,0,0.0641399416909621,0,0.5
3,2,44,dummy_prior,205,388,1,0.0641399416909621,0,0.5
3,2,44,dummy_prior,208,470,0,0.0641399416909621,0,0.5
3,2,44,dummy_prior,209,387,0,0.0641399416909621,0,0.5
3,2,44,dummy_prior,210,399,0,0.0641399416909621,0,0.5
3,2,44,dummy_prior,222,552,0,0.0641399416909621,0,0.5
3,2,44,dummy_prior,223,278,0,0.0641399416909621,0,0.5
3,2,44,dummy_prior,224,351,1,0.0641399416909621,0,0.5
3,2,44,dummy_prior,227,394,0,0.0641399416909621,0,0.5
3,2,44,dummy_prior,242,555,0,0.0641399416909621,0,0.5
3,2,44,dummy_prior,251,284,0,0.0641399416909621,0,0.5
3,2,44,dummy_prior,253,279,0,0.0641399416909621,0,0.5
3,2,44,dummy_prior,258,245,0,0.0641399416909621,0,0.5
3,2,44,dummy_prior,262,295,0,0.0641399416909621,0,0.5
3,2,44,dummy_prior,270,211,0,0.0641399416909621,0,0.5
3,2,44,dummy_prior,278,267,0,0.0641399416909621,0,0.5
3,2,44,dummy_prior,279,263,0,0.0641399416909621,0,0.5
3,2,44,dummy_prior,281,238,0,0.0641399416909621,0,0.5
3,2,44,dummy_prior,282,219,0,0.0641399416909621,0,0.5
3,2,44,dummy_prior,289,419,0,0.0641399416909621,0,0.5
3,2,44,dummy_prior,292,264,0,0.0641399416909621,0,0.5
3,2,44,dummy_prior,298,333,0,0.0641399416909621,0,0.5
3,2,44,dummy_prior,300,301,0,0.0641399416909621,0,0.5
3,2,44,dummy_prior,306,436,0,0.0641399416909621,0,0.5
3,2,44,dummy_prior,311,368,0,0.0641399416909621,0,0.5
3,2,44,dummy_prior,316,348,0,0.0641399416909621,0,0.5
3,2,44,dummy_prior,329,290,0,0.0641399416909621,0,0.5
3,2,44,dummy_prior,330,207,0,0.0641399416909621,0,0.5
3,2,44,dummy_prior,338,200,0,0.0641399416909621,0,0.5
3,2,44,dummy_prior,339,182,0,0.0641399416909621,0,0.5
3,2,44,dummy_prior,343,159,0,0.0641399416909621,0,0.5
3,2,44,dummy_prior,348,125,0,0.0641399416909621,0,0.5
3,2,44,dummy_prior,350,167,0,0.0641399416909621,0,0.5
3,2,44,dummy_prior,359,733,0,0.0641399416909621,0,0.5
3,2,44,dummy_prior,362,160,0,0.0641399416909621,0,0.5
3,2,44,dummy_prior,368,203,0,0.0641399416909621,0,0.5
3,2,44,dummy_prior,371,367,0,0.0641399416909621,0,0.5
3,2,44,dummy_prior,376,786,0,0.0641399416909621,0,0.5
3,2,44,dummy_prior,389,49,0,0.0641399416909621,0,0.5
3,2,44,dummy_prior,396,100,0,0.0641399416909621,0,0.5
3,2,44,dummy_prior,397,137,0,0.0641399416909621,0,0.5
3,2,44,dummy_prior,398,115,0,0.0641399416909621,0,0.5
3,2,44,dummy_prior,406,49,0,0.0641399416909621,0,0.5
3,2,44,dummy_prior,409,54,0,0.0641399416909621,0,0.5
3,2,44,dummy_prior,411,49,0,0.0641399416909621,0,0.5
3,2,44,dummy_prior,414,186,0,0.0641399416909621,0,0.5
3,2,44,dummy_prior,435,54,0,0.0641399416909621,0,0.5
3,2,44,dummy_prior,448,65,0,0.0641399416909621,0,0.5
3,2,44,dummy_prior,465,43,0,0.0641399416909621,0,0.5
3,2,44,dummy_prior,475,154,0,0.0641399416909621,0,0.5
3,2,44,dummy_prior,479,482,0,0.0641399416909621,0,0.5
3,2,44,dummy_prior,492,658,0,0.0641399416909621,0,0.5
3,2,44,dummy_prior,495,405,0,0.0641399416909621,0,0.5
3,2,44,dummy_prior,496,451,1,0.0641399416909621,0,0.5
3,2,44,dummy_prior,502,369,0,0.0641399416909621,0,0.5
3,2,44,dummy_prior,503,735,0,0.0641399416909621,0,0.5
3,2,44,dummy_prior,505,306,0,0.0641399416909621,0,0.5
3,2,44,dummy_prior,518,362,0,0.0641399416909621,0,0.5
3,2,44,dummy_prior,520,53,0,0.0641399416909621,0,0.5
3,2,44,dummy_prior,522,37,0,0.0641399416909621,0,0.5
3,2,44,dummy_prior,531,119,0,0.0641399416909621,0,0.5
3,2,44,dummy_prior,534,93,0,0.0641399416909621,0,0.5
3,2,44,dummy_prior,535,275,0,0.0641399416909621,0,0.5
3,2,44,dummy_prior,547,385,0,0.0641399416909621,0,0.5
3,2,44,dummy_prior,550,191,0,0.0641399416909621,0,0.5
3,2,44,dummy_prior,551,639,0,0.0641399416909621,0,0.5
3,2,44,dummy_prior,553,636,0,0.0641399416909621,0,0.5
3,2,44,dummy_prior,564,426,0,0.0641399416909621,0,0.5
3,2,44,dummy_prior,571,257,0,0.0641399416909621,0,0.5
3,2,44,dummy_prior,575,54,0,0.0641399416909621,0,0.5
3,2,44,dummy_prior,576,464,0,0.0641399416909621,0,0.5
3,2,44,dummy_prior,577,196,0,0.0641399416909621,0,0.5
3,2,44,dummy_prior,583,315,0,0.0641399416909621,0,0.5
3,2,44,dummy_prior,589,784,0,0.0641399416909621,0,0.5
3,2,44,dummy_prior,591,244,0,0.0641399416909621,0,0.5
3,2,44,dummy_prior,593,13,0,0.0641399416909621,0,0.5
3,2,44,dummy_prior,597,133,0,0.0641399416909621,0,0.5
3,2,44,dummy_prior,598,54,1,0.0641399416909621,0,0.5
3,2,44,dummy_prior,601,504,0,0.0641399416909621,0,0.5
3,2,44,dummy_prior,602,670,0,0.0641399416909621,0,0.5
3,2,44,dummy_prior,611,311,0,0.0641399416909621,0,0.5
3,2,44,dummy_prior,614,341,1,0.0641399416909621,0,0.5
3,2,44,dummy_prior,615,706,0,0.0641399416909621,0,0.5
3,2,44,dummy_prior,621,582,0,0.0641399416909621,0,0.5
3,2,44,dummy_prior,624,118,0,0.0641399416909621,0,0.5
3,2,44,dummy_prior,626,622,0,0.0641399416909621,0,0.5
3,2,44,dummy_prior,628,779,0,0.0641399416909621,0,0.5
3,2,44,dummy_prior,633,261,0,0.0641399416909621,0,0.5
3,2,44,dummy_prior,634,478,0,0.0641399416909621,0,0.5
3,2,44,dummy_prior,635,714,0,0.0641399416909621,0,0.5
3,2,44,dummy_prior,644,285,0,0.0641399416909621,0,0.5
3,2,44,dummy_prior,650,421,0,0.0641399416909621,0,0.5
3,2,44,dummy_prior,657,260,0,0.0641399416909621,0,0.5
3,2,44,dummy_prior,680,821,0,0.0641399416909621,0,0.5
3,2,44,dummy_prior,688,510,1,0.0641399416909621,0,0.5
3,2,44,dummy_prior,696,138,0,0.0641399416909621,0,0.5
3,2,44,dummy_prior,699,111,0,0.0641399416909621,0,0.5
3,2,44,dummy_prior,707,231,0,0.0641399416909621,0,0.5
3,2,44,dummy_prior,709,374,0,0.0641399416909621,0,0.5
3,2,44,dummy_prior,714,521,0,0.0641399416909621,0,0.5
3,2,44,dummy_prior,715,13,0,0.0641399416909621,0,0.5
3,2,44,dummy_prior,718,246,0,0.0641399416909621,0,0.5
3,2,44,dummy_prior,719,769,0,0.0641399416909621,0,0.5
3,2,44,dummy_prior,736,725,0,0.0641399416909621,0,0.5
3,2,44,dummy_prior,743,540,0,0.0641399416909621,0,0.5
3,2,44,dummy_prior,745,30,0,0.0641399416909621,0,0.5
3,2,44,dummy_prior,747,218,0,0.0641399416909621,0,0.5
3,2,44,dummy_prior,752,676,0,0.0641399416909621,0,0.5
3,2,44,dummy_prior,758,578,0,0.0641399416909621,0,0.5
3,2,44,dummy_prior,759,101,0,0.0641399416909621,0,0.5
3,2,44,dummy_prior,764,281,0,0.0641399416909621,0,0.5
3,2,44,dummy_prior,768,422,0,0.0641399416909621,0,0.5
3,2,44,dummy_prior,770,357,0,0.0641399416909621,0,0.5
3,2,44,dummy_prior,771,661,0,0.0641399416909621,0,0.5
3,2,44,dummy_prior,779,656,0,0.0641399416909621,0,0.5
3,2,44,dummy_prior,781,642,1,0.0641399416909621,0,0.5
3,2,44,dummy_prior,782,528,0,0.0641399416909621,0,0.5
3,2,44,dummy_prior,783,84,0,0.0641399416909621,0,0.5
3,2,44,dummy_prior,790,350,0,0.0641399416909621,0,0.5
3,2,44,dummy_prior,794,175,0,0.0641399416909621,0,0.5
3,2,44,dummy_prior,799,141,0,0.0641399416909621,0,0.5
3,2,44,dummy_prior,805,668,0,0.0641399416909621,0,0.5
3,2,44,dummy_prior,808,544,0,0.0641399416909621,0,0.5
3,2,44,dummy_prior,811,48,0,0.0641399416909621,0,0.5
3,2,44,dummy_prior,815,549,0,0.0641399416909621,0,0.5
3,2,44,dummy_prior,829,666,0,0.0641399416909621,0,0.5
3,2,44,dummy_prior,833,659,0,0.0641399416909621,0,0.5
3,2,44,dummy_prior,843,567,0,0.0641399416909621,0,0.5
3,2,44,dummy_prior,845,132,0,0.0641399416909621,0,0.5
3,2,44,dummy_prior,852,800,0,0.0641399416909621,0,0.5
3,2,44,logistic_regression,0,109,0,0.47410019957988875,0,0.5
3,2,44,logistic_regression,5,796,0,0.24937162005281735,0,0.5
3,2,44,logistic_regression,15,776,0,0.6653688674584607,1,0.5
3,2,44,logistic_regression,18,792,0,0.8971553909073009,1,0.5
3,2,44,logistic_regression,22,766,1,0.438048391735881,0,0.5
3,2,44,logistic_regression,23,767,1,0.6174385457859055,1,0.5
3,2,44,logistic_regression,24,774,0,0.4023603408245889,0,0.5
3,2,44,logistic_regression,48,780,0,0.709346712446748,1,0.5
3,2,44,logistic_regression,59,692,0,0.8554293247418456,1,0.5
3,2,44,logistic_regression,61,697,0,0.39122836453250726,0,0.5
3,2,44,logistic_regression,64,750,1,0.784342980722912,1,0.5
3,2,44,logistic_regression,70,727,0,0.7251889113043217,1,0.5
3,2,44,logistic_regression,77,646,0,0.24699736925972743,0,0.5
3,2,44,logistic_regression,80,630,0,0.15962505950948155,0,0.5
3,2,44,logistic_regression,85,657,0,0.29962300498121913,0,0.5
3,2,44,logistic_regression,87,703,0,0.553335378494554,1,0.5
3,2,44,logistic_regression,93,631,1,0.1304839271066741,0,0.5
3,2,44,logistic_regression,98,584,0,0.31303297363164045,0,0.5
3,2,44,logistic_regression,104,633,0,0.5938578888643183,1,0.5
3,2,44,logistic_regression,106,577,0,0.6918230932770802,1,0.5
3,2,44,logistic_regression,107,653,0,0.3380371893893869,0,0.5
3,2,44,logistic_regression,111,626,0,0.5102262911895429,1,0.5
3,2,44,logistic_regression,113,328,0,0.2773219760097651,0,0.5
3,2,44,logistic_regression,114,667,0,0.386140461732007,0,0.5
3,2,44,logistic_regression,115,665,0,0.7665753669066354,1,0.5
3,2,44,logistic_regression,125,596,0,0.5539256770413364,1,0.5
3,2,44,logistic_regression,126,588,0,0.3551312333234748,0,0.5
3,2,44,logistic_regression,128,518,0,0.1782144869274345,0,0.5
3,2,44,logistic_regression,130,492,0,0.5273159254275619,1,0.5
3,2,44,logistic_regression,140,553,0,0.5473479629211603,1,0.5
3,2,44,logistic_regression,144,558,0,0.2955352092416356,0,0.5
3,2,44,logistic_regression,150,489,0,0.36173104914686477,0,0.5
3,2,44,logistic_regression,157,545,0,0.4351126250024705,0,0.5
3,2,44,logistic_regression,158,617,0,0.31403343714959014,0,0.5
3,2,44,logistic_regression,160,484,0,0.6811596252905618,1,0.5
3,2,44,logistic_regression,162,481,0,0.2895109116563198,0,0.5
3,2,44,logistic_regression,166,515,0,0.427469820798455,0,0.5
3,2,44,logistic_regression,169,108,0,0.5213665216295313,1,0.5
3,2,44,logistic_regression,173,529,0,0.8358573693792813,1,0.5
3,2,44,logistic_regression,178,472,0,0.3943705450075428,0,0.5
3,2,44,logistic_regression,179,548,0,0.5660441625450047,1,0.5
3,2,44,logistic_regression,186,404,0,0.7339679948769221,1,0.5
3,2,44,logistic_regression,188,475,0,0.3607056811688876,0,0.5
3,2,44,logistic_regression,205,388,1,0.3180898407327895,0,0.5
3,2,44,logistic_regression,208,470,0,0.32492162497166766,0,0.5
3,2,44,logistic_regression,209,387,0,0.6171804777899582,1,0.5
3,2,44,logistic_regression,210,399,0,0.6812527632863922,1,0.5
3,2,44,logistic_regression,222,552,0,0.01743650507246472,0,0.5
3,2,44,logistic_regression,223,278,0,0.39540631589311676,0,0.5
3,2,44,logistic_regression,224,351,1,0.825222626543455,1,0.5
3,2,44,logistic_regression,227,394,0,0.776312030773372,1,0.5
3,2,44,logistic_regression,242,555,0,0.1821179854579764,0,0.5
3,2,44,logistic_regression,251,284,0,0.3277196097829094,0,0.5
3,2,44,logistic_regression,253,279,0,0.4642325048252198,0,0.5
3,2,44,logistic_regression,258,245,0,0.3460682945821417,0,0.5
3,2,44,logistic_regression,262,295,0,0.707360896029663,1,0.5
3,2,44,logistic_regression,270,211,0,0.32458424855183216,0,0.5
3,2,44,logistic_regression,278,267,0,0.4118358770089949,0,0.5
3,2,44,logistic_regression,279,263,0,0.3112043639389809,0,0.5
3,2,44,logistic_regression,281,238,0,0.3811208317967108,0,0.5
3,2,44,logistic_regression,282,219,0,0.3880124938272754,0,0.5
3,2,44,logistic_regression,289,419,0,0.3837831504607228,0,0.5
3,2,44,logistic_regression,292,264,0,0.3493614455941936,0,0.5
3,2,44,logistic_regression,298,333,0,0.3605205534524596,0,0.5
3,2,44,logistic_regression,300,301,0,0.529929235405144,1,0.5
3,2,44,logistic_regression,306,436,0,0.288421553659194,0,0.5
3,2,44,logistic_regression,311,368,0,0.4704212538569996,0,0.5
3,2,44,logistic_regression,316,348,0,0.32737201188842363,0,0.5
3,2,44,logistic_regression,329,290,0,0.37642466635075766,0,0.5
3,2,44,logistic_regression,330,207,0,0.3474323551168834,0,0.5
3,2,44,logistic_regression,338,200,0,0.4727357755556138,0,0.5
3,2,44,logistic_regression,339,182,0,0.2912930051424978,0,0.5
3,2,44,logistic_regression,343,159,0,0.3896050745233575,0,0.5
3,2,44,logistic_regression,348,125,0,0.44000358856776994,0,0.5
3,2,44,logistic_regression,350,167,0,0.3197639759173091,0,0.5
3,2,44,logistic_regression,359,733,0,0.3459693716093847,0,0.5
3,2,44,logistic_regression,362,160,0,0.37552328390290957,0,0.5
3,2,44,logistic_regression,368,203,0,0.40840786185222283,0,0.5
3,2,44,logistic_regression,371,367,0,0.3860908433110515,0,0.5
3,2,44,logistic_regression,376,786,0,0.7505956834418084,1,0.5
3,2,44,logistic_regression,389,49,0,0.4217613450583028,0,0.5
3,2,44,logistic_regression,396,100,0,0.43186260864005055,0,0.5
3,2,44,logistic_regression,397,137,0,0.6778613363225905,1,0.5
3,2,44,logistic_regression,398,115,0,0.3700320632836095,0,0.5
3,2,44,logistic_regression,406,49,0,0.4217613450583028,0,0.5
3,2,44,logistic_regression,409,54,0,0.46815701977033686,0,0.5
3,2,44,logistic_regression,411,49,0,0.4217613450583028,0,0.5
3,2,44,logistic_regression,414,186,0,0.49584725326709117,0,0.5
3,2,44,logistic_regression,435,54,0,0.46815701977033686,0,0.5
3,2,44,logistic_regression,448,65,0,0.0228240196506323,0,0.5
3,2,44,logistic_regression,465,43,0,0.49025371814361907,0,0.5
3,2,44,logistic_regression,475,154,0,0.4702706248868764,0,0.5
3,2,44,logistic_regression,479,482,0,0.19920138558542677,0,0.5
3,2,44,logistic_regression,492,658,0,0.20206691407791855,0,0.5
3,2,44,logistic_regression,495,405,0,0.3671142161726053,0,0.5
3,2,44,logistic_regression,496,451,1,0.31808557922224606,0,0.5
3,2,44,logistic_regression,502,369,0,0.51378607718438,1,0.5
3,2,44,logistic_regression,503,735,0,0.6447540409059624,1,0.5
3,2,44,logistic_regression,505,306,0,0.3558245594599957,0,0.5
3,2,44,logistic_regression,518,362,0,0.4749446609669031,0,0.5
3,2,44,logistic_regression,520,53,0,0.42987399989682995,0,0.5
3,2,44,logistic_regression,522,37,0,0.39469048415470576,0,0.5
3,2,44,logistic_regression,531,119,0,0.4576453363077436,0,0.5
3,2,44,logistic_regression,534,93,0,0.33471076882430817,0,0.5
3,2,44,logistic_regression,535,275,0,0.39056554640037205,0,0.5
3,2,44,logistic_regression,547,385,0,0.3410418926860858,0,0.5
3,2,44,logistic_regression,550,191,0,0.42812084833667574,0,0.5
3,2,44,logistic_regression,551,639,0,0.32152161798956347,0,0.5
3,2,44,logistic_regression,553,636,0,0.37380391136904073,0,0.5
3,2,44,logistic_regression,564,426,0,0.26280751844678507,0,0.5
3,2,44,logistic_regression,571,257,0,0.47369746996151385,0,0.5
3,2,44,logistic_regression,575,54,0,0.46815701977033686,0,0.5
3,2,44,logistic_regression,576,464,0,0.3774081803051387,0,0.5
3,2,44,logistic_regression,577,196,0,0.4863095101010746,0,0.5
3,2,44,logistic_regression,583,315,0,0.42679477808323085,0,0.5
3,2,44,logistic_regression,589,784,0,0.31099746365504993,0,0.5
3,2,44,logistic_regression,591,244,0,0.3583018565785569,0,0.5
3,2,44,logistic_regression,593,13,0,0.497730420811541,0,0.5
3,2,44,logistic_regression,597,133,0,0.8698724478916214,1,0.5
3,2,44,logistic_regression,598,54,1,0.46815701977033686,0,0.5
3,2,44,logistic_regression,601,504,0,0.4535249067620742,0,0.5
3,2,44,logistic_regression,602,670,0,0.5314154766294353,1,0.5
3,2,44,logistic_regression,611,311,0,0.36201380469349803,0,0.5
3,2,44,logistic_regression,614,341,1,0.41843283847099527,0,0.5
3,2,44,logistic_regression,615,706,0,0.9150012716310886,1,0.5
3,2,44,logistic_regression,621,582,0,0.43968414420013735,0,0.5
3,2,44,logistic_regression,624,118,0,0.43103570084512977,0,0.5
3,2,44,logistic_regression,626,622,0,0.2975915824317273,0,0.5
3,2,44,logistic_regression,628,779,0,0.8741774377446917,1,0.5
3,2,44,logistic_regression,633,261,0,0.35397107668149214,0,0.5
3,2,44,logistic_regression,634,478,0,0.4169381950540872,0,0.5
3,2,44,logistic_regression,635,714,0,0.3650272670368842,0,0.5
3,2,44,logistic_regression,644,285,0,0.4857413650026314,0,0.5
3,2,44,logistic_regression,650,421,0,0.4684592008744743,0,0.5
3,2,44,logistic_regression,657,260,0,0.6047863935776961,1,0.5
3,2,44,logistic_regression,680,821,0,0.3649024558875681,0,0.5
3,2,44,logistic_regression,688,510,1,0.5176368994128767,1,0.5
3,2,44,logistic_regression,696,138,0,0.400491660641944,0,0.5
3,2,44,logistic_regression,699,111,0,0.5614558873583392,1,0.5
3,2,44,logistic_regression,707,231,0,0.4160539485433532,0,0.5
3,2,44,logistic_regression,709,374,0,0.56564686907392,1,0.5
3,2,44,logistic_regression,714,521,0,0.4948781843567248,0,0.5
3,2,44,logistic_regression,715,13,0,0.497730420811541,0,0.5
3,2,44,logistic_regression,718,246,0,0.42491788622445076,0,0.5
3,2,44,logistic_regression,719,769,0,0.7925927803517436,1,0.5
3,2,44,logistic_regression,736,725,0,0.35703506446614475,0,0.5
3,2,44,logistic_regression,743,540,0,0.03486682434089147,0,0.5
3,2,44,logistic_regression,745,30,0,0.49459955633327435,0,0.5
3,2,44,logistic_regression,747,218,0,0.33265353897481903,0,0.5
3,2,44,logistic_regression,752,676,0,0.40269386335382806,0,0.5
3,2,44,logistic_regression,758,578,0,0.34364188251859534,0,0.5
3,2,44,logistic_regression,759,101,0,0.5171317235079742,1,0.5
3,2,44,logistic_regression,764,281,0,0.6105387988594689,1,0.5
3,2,44,logistic_regression,768,422,0,0.3693269255488832,0,0.5
3,2,44,logistic_regression,770,357,0,0.08373346849051307,0,0.5
3,2,44,logistic_regression,771,661,0,0.3315674985451624,0,0.5
3,2,44,logistic_regression,779,656,0,0.6220408690176659,1,0.5
3,2,44,logistic_regression,781,642,1,0.3712114723805749,0,0.5
3,2,44,logistic_regression,782,528,0,0.4242362882446774,0,0.5
3,2,44,logistic_regression,783,84,0,0.30380235490966456,0,0.5
3,2,44,logistic_regression,790,350,0,0.310244642001817,0,0.5
3,2,44,logistic_regression,794,175,0,0.33714824511231545,0,0.5
3,2,44,logistic_regression,799,141,0,0.5127887795534215,1,0.5
3,2,44,logistic_regression,805,668,0,0.6308779812682408,1,0.5
3,2,44,logistic_regression,808,544,0,0.4642291585419609,0,0.5
3,2,44,logistic_regression,811,48,0,0.3634160868089199,0,0.5
3,2,44,logistic_regression,815,549,0,0.35982174923558247,0,0.5
3,2,44,logistic_regression,829,666,0,0.5021758481057269,1,0.5
3,2,44,logistic_regression,833,659,0,0.3273251178304376,0,0.5
3,2,44,logistic_regression,843,567,0,0.4357715935458542,0,0.5
3,2,44,logistic_regression,845,132,0,0.39391189446716607,0,0.5
3,2,44,logistic_regression,852,800,0,0.40741757709101184,0,0.5
3,2,44,xgboost,0,109,0,0.02742910385131836,0,0.5
3,2,44,xgboost,5,796,0,0.002304108813405037,0,0.5
3,2,44,xgboost,15,776,0,0.1017792671918869,0,0.5
3,2,44,xgboost,18,792,0,0.000233215672778897,0,0.5
3,2,44,xgboost,22,766,1,0.03808363899588585,0,0.5
3,2,44,xgboost,23,767,1,0.00726041616871953,0,0.5
3,2,44,xgboost,24,774,0,0.008163303136825562,0,0.5
3,2,44,xgboost,48,780,0,0.14261369407176971,0,0.5
3,2,44,xgboost,59,692,0,0.06229560077190399,0,0.5
3,2,44,xgboost,61,697,0,0.0011387027334421873,0,0.5
3,2,44,xgboost,64,750,1,0.4434657692909241,0,0.5
3,2,44,xgboost,70,727,0,0.5353575348854065,1,0.5
3,2,44,xgboost,77,646,0,0.00033670617267489433,0,0.5
3,2,44,xgboost,80,630,0,0.0044467453844845295,0,0.5
3,2,44,xgboost,85,657,0,0.0013091685250401497,0,0.5
3,2,44,xgboost,87,703,0,0.4554218351840973,0,0.5
3,2,44,xgboost,93,631,1,0.0006850022473372519,0,0.5
3,2,44,xgboost,98,584,0,8.755883754929528e-05,0,0.5
3,2,44,xgboost,104,633,0,0.3833608031272888,0,0.5
3,2,44,xgboost,106,577,0,0.2674216032028198,0,0.5
3,2,44,xgboost,107,653,0,0.014607499353587627,0,0.5
3,2,44,xgboost,111,626,0,0.009264782071113586,0,0.5
3,2,44,xgboost,113,328,0,0.002706429921090603,0,0.5
3,2,44,xgboost,114,667,0,0.08401282876729965,0,0.5
3,2,44,xgboost,115,665,0,0.010906529612839222,0,0.5
3,2,44,xgboost,125,596,0,0.03856959566473961,0,0.5
3,2,44,xgboost,126,588,0,0.2241331934928894,0,0.5
3,2,44,xgboost,128,518,0,0.0006769883912056684,0,0.5
3,2,44,xgboost,130,492,0,0.015179180540144444,0,0.5
3,2,44,xgboost,140,553,0,0.0009015485411509871,0,0.5
3,2,44,xgboost,144,558,0,0.0737108364701271,0,0.5
3,2,44,xgboost,150,489,0,0.1636432558298111,0,0.5
3,2,44,xgboost,157,545,0,0.15339647233486176,0,0.5
3,2,44,xgboost,158,617,0,0.00445864163339138,0,0.5
3,2,44,xgboost,160,484,0,0.13798025250434875,0,0.5
3,2,44,xgboost,162,481,0,0.060226768255233765,0,0.5
3,2,44,xgboost,166,515,0,0.001486965804360807,0,0.5
3,2,44,xgboost,169,108,0,0.02461041696369648,0,0.5
3,2,44,xgboost,173,529,0,0.779653012752533,1,0.5
3,2,44,xgboost,178,472,0,0.006903563626110554,0,0.5
3,2,44,xgboost,179,548,0,0.048953935503959656,0,0.5
3,2,44,xgboost,186,404,0,0.16044354438781738,0,0.5
3,2,44,xgboost,188,475,0,0.2157815545797348,0,0.5
3,2,44,xgboost,205,388,1,0.15926222503185272,0,0.5
3,2,44,xgboost,208,470,0,0.05875515565276146,0,0.5
3,2,44,xgboost,209,387,0,0.28879573941230774,0,0.5
3,2,44,xgboost,210,399,0,0.06999292969703674,0,0.5
3,2,44,xgboost,222,552,0,0.1256674975156784,0,0.5
3,2,44,xgboost,223,278,0,0.0007052933215163648,0,0.5
3,2,44,xgboost,224,351,1,0.5435613393783569,1,0.5
3,2,44,xgboost,227,394,0,0.020114967599511147,0,0.5
3,2,44,xgboost,242,555,0,0.00038718609721399844,0,0.5
3,2,44,xgboost,251,284,0,0.03357839211821556,0,0.5
3,2,44,xgboost,253,279,0,0.0022329839412122965,0,0.5
3,2,44,xgboost,258,245,0,0.5630285739898682,1,0.5
3,2,44,xgboost,262,295,0,0.0009053650428541005,0,0.5
3,2,44,xgboost,270,211,0,0.4605022668838501,0,0.5
3,2,44,xgboost,278,267,0,0.4917651116847992,0,0.5
3,2,44,xgboost,279,263,0,0.06880159676074982,0,0.5
3,2,44,xgboost,281,238,0,0.23004943132400513,0,0.5
3,2,44,xgboost,282,219,0,0.3095371425151825,0,0.5
3,2,44,xgboost,289,419,0,0.17839838564395905,0,0.5
3,2,44,xgboost,292,264,0,0.6027827262878418,1,0.5
3,2,44,xgboost,298,333,0,0.0012683336390182376,0,0.5
3,2,44,xgboost,300,301,0,0.0036946588661521673,0,0.5
3,2,44,xgboost,306,436,0,0.007795801851898432,0,0.5
3,2,44,xgboost,311,368,0,0.01239725761115551,0,0.5
3,2,44,xgboost,316,348,0,0.005332883447408676,0,0.5
3,2,44,xgboost,329,290,0,0.006340435706079006,0,0.5
3,2,44,xgboost,330,207,0,0.04933255910873413,0,0.5
3,2,44,xgboost,338,200,0,0.03547469899058342,0,0.5
3,2,44,xgboost,339,182,0,0.06377095729112625,0,0.5
3,2,44,xgboost,343,159,0,0.10195206850767136,0,0.5
3,2,44,xgboost,348,125,0,0.6136977076530457,1,0.5
3,2,44,xgboost,350,167,0,0.07666213065385818,0,0.5
3,2,44,xgboost,359,733,0,0.004751448519527912,0,0.5
3,2,44,xgboost,362,160,0,0.3166528642177582,0,0.5
3,2,44,xgboost,368,203,0,0.029725397005677223,0,0.5
3,2,44,xgboost,371,367,0,0.005535502918064594,0,0.5
3,2,44,xgboost,376,786,0,0.017176242545247078,0,0.5
3,2,44,xgboost,389,49,0,0.02119498886168003,0,0.5
3,2,44,xgboost,396,100,0,0.004421458579599857,0,0.5
3,2,44,xgboost,397,137,0,0.1678590029478073,0,0.5
3,2,44,xgboost,398,115,0,0.014365062117576599,0,0.5
3,2,44,xgboost,406,49,0,0.02119498886168003,0,0.5
3,2,44,xgboost,409,54,0,0.006191590800881386,0,0.5
3,2,44,xgboost,411,49,0,0.02119498886168003,0,0.5
3,2,44,xgboost,414,186,0,0.18698088824748993,0,0.5
3,2,44,xgboost,435,54,0,0.006191590800881386,0,0.5
3,2,44,xgboost,448,65,0,0.004384640138596296,0,0.5
3,2,44,xgboost,465,43,0,0.005942454561591148,0,0.5
3,2,44,xgboost,475,154,0,0.07549924403429031,0,0.5
3,2,44,xgboost,479,482,0,0.0026841226499527693,0,0.5
3,2,44,xgboost,492,658,0,0.012307039462029934,0,0.5
3,2,44,xgboost,495,405,0,0.0011392761953175068,0,0.5
3,2,44,xgboost,496,451,1,0.02463579922914505,0,0.5
3,2,44,xgboost,502,369,0,0.05891368165612221,0,0.5
3,2,44,xgboost,503,735,0,0.0031334205996245146,0,0.5
3,2,44,xgboost,505,306,0,0.005557266995310783,0,0.5
3,2,44,xgboost,518,362,0,0.0018305836711078882,0,0.5
3,2,44,xgboost,520,53,0,0.009650491178035736,0,0.5
3,2,44,xgboost,522,37,0,0.005585731007158756,0,0.5
3,2,44,xgboost,531,119,0,0.28732794523239136,0,0.5
3,2,44,xgboost,534,93,0,0.011236690916121006,0,0.5
3,2,44,xgboost,535,275,0,0.666290819644928,1,0.5
3,2,44,xgboost,547,385,0,0.03616249933838844,0,0.5
3,2,44,xgboost,550,191,0,0.19845369458198547,0,0.5
3,2,44,xgboost,551,639,0,0.026899881660938263,0,0.5
3,2,44,xgboost,553,636,0,0.053991056978702545,0,0.5
3,2,44,xgboost,564,426,0,0.00123119936324656,0,0.5
3,2,44,xgboost,571,257,0,0.3584456443786621,0,0.5
3,2,44,xgboost,575,54,0,0.006191590800881386,0,0.5
3,2,44,xgboost,576,464,0,0.015730051323771477,0,0.5
3,2,44,xgboost,577,196,0,0.14318354427814484,0,0.5
3,2,44,xgboost,583,315,0,0.019694462418556213,0,0.5
3,2,44,xgboost,589,784,0,0.013705304823815823,0,0.5
3,2,44,xgboost,591,244,0,0.812814474105835,1,0.5
3,2,44,xgboost,593,13,0,0.0034882475156337023,0,0.5
3,2,44,xgboost,597,133,0,0.7532234787940979,1,0.5
3,2,44,xgboost,598,54,1,0.006191590800881386,0,0.5
3,2,44,xgboost,601,504,0,0.048649780452251434,0,0.5
3,2,44,xgboost,602,670,0,0.028771618381142616,0,0.5
3,2,44,xgboost,611,311,0,0.013195536099374294,0,0.5
3,2,44,xgboost,614,341,1,0.001964123919606209,0,0.5
3,2,44,xgboost,615,706,0,0.09905870258808136,0,0.5
3,2,44,xgboost,621,582,0,0.0025270816404372454,0,0.5
3,2,44,xgboost,624,118,0,0.14208683371543884,0,0.5
3,2,44,xgboost,626,622,0,0.20705924928188324,0,0.5
3,2,44,xgboost,628,779,0,0.008754570037126541,0,0.5
3,2,44,xgboost,633,261,0,0.034140899777412415,0,0.5
3,2,44,xgboost,634,478,0,0.14647522568702698,0,0.5
3,2,44,xgboost,635,714,0,0.0021940041333436966,0,0.5
3,2,44,xgboost,644,285,0,0.04071933776140213,0,0.5
3,2,44,xgboost,650,421,0,0.0668976753950119,0,0.5
3,2,44,xgboost,657,260,0,0.6085637211799622,1,0.5
3,2,44,xgboost,680,821,0,0.18852528929710388,0,0.5
3,2,44,xgboost,688,510,1,0.6137279272079468,1,0.5
3,2,44,xgboost,696,138,0,0.02711751125752926,0,0.5
3,2,44,xgboost,699,111,0,0.004951732233166695,0,0.5
3,2,44,xgboost,707,231,0,0.5989323258399963,1,0.5
3,2,44,xgboost,709,374,0,0.03418275713920593,0,0.5
3,2,44,xgboost,714,521,0,0.15993018448352814,0,0.5
3,2,44,xgboost,715,13,0,0.0034882475156337023,0,0.5
3,2,44,xgboost,718,246,0,0.8515222668647766,1,0.5
3,2,44,xgboost,719,769,0,0.3455134332180023,0,0.5
3,2,44,xgboost,736,725,0,0.048551615327596664,0,0.5
3,2,44,xgboost,743,540,0,0.15078984200954437,0,0.5
3,2,44,xgboost,745,30,0,0.01005228329449892,0,0.5
3,2,44,xgboost,747,218,0,0.24155372381210327,0,0.5
3,2,44,xgboost,752,676,0,0.010817117057740688,0,0.5
3,2,44,xgboost,758,578,0,0.4691828787326813,0,0.5
3,2,44,xgboost,759,101,0,0.014801280573010445,0,0.5
3,2,44,xgboost,764,281,0,0.00070620869519189,0,0.5
3,2,44,xgboost,768,422,0,0.011068020015954971,0,0.5
3,2,44,xgboost,770,357,0,0.0016585529083386064,0,0.5
3,2,44,xgboost,771,661,0,0.01328443456441164,0,0.5
3,2,44,xgboost,779,656,0,0.27946385741233826,0,0.5
3,2,44,xgboost,781,642,1,0.2515011131763458,0,0.5
3,2,44,xgboost,782,528,0,0.22200344502925873,0,0.5
3,2,44,xgboost,783,84,0,0.04494943842291832,0,0.5
3,2,44,xgboost,790,350,0,0.006628299597650766,0,0.5
3,2,44,xgboost,794,175,0,0.005483074579387903,0,0.5
3,2,44,xgboost,799,141,0,0.024698976427316666,0,0.5
3,2,44,xgboost,805,668,0,0.001433735596947372,0,0.5
3,2,44,xgboost,808,544,0,0.0435812845826149,0,0.5
3,2,44,xgboost,811,48,0,0.00830583181232214,0,0.5
3,2,44,xgboost,815,549,0,0.028134917840361595,0,0.5
3,2,44,xgboost,829,666,0,0.04980064183473587,0,0.5
3,2,44,xgboost,833,659,0,0.006063033826649189,0,0.5
3,2,44,xgboost,843,567,0,0.11030413955450058,0,0.5
3,2,44,xgboost,845,132,0,0.3318505585193634,0,0.5
3,2,44,xgboost,852,800,0,0.007544044870883226,0,0.5
3,3,44,dummy_prior,8,809,0,0.0641399416909621,0,0.5
3,3,44,dummy_prior,19,773,0,0.0641399416909621,0,0.5
3,3,44,dummy_prior,29,745,0,0.0641399416909621,0,0.5
3,3,44,dummy_prior,34,749,0,0.0641399416909621,0,0.5
3,3,44,dummy_prior,35,737,0,0.0641399416909621,0,0.5
3,3,44,dummy_prior,40,746,0,0.0641399416909621,0,0.5
3,3,44,dummy_prior,46,716,0,0.0641399416909621,0,0.5
3,3,44,dummy_prior,50,721,0,0.0641399416909621,0,0.5
3,3,44,dummy_prior,53,695,0,0.0641399416909621,0,0.5
3,3,44,dummy_prior,54,708,0,0.0641399416909621,0,0.5
3,3,44,dummy_prior,56,702,0,0.0641399416909621,0,0.5
3,3,44,dummy_prior,57,647,0,0.0641399416909621,0,0.5
3,3,44,dummy_prior,62,679,0,0.0641399416909621,0,0.5
3,3,44,dummy_prior,63,629,0,0.0641399416909621,0,0.5
3,3,44,dummy_prior,75,686,0,0.0641399416909621,0,0.5
3,3,44,dummy_prior,91,689,0,0.0641399416909621,0,0.5
3,3,44,dummy_prior,94,637,0,0.0641399416909621,0,0.5
3,3,44,dummy_prior,95,604,0,0.0641399416909621,0,0.5
3,3,44,dummy_prior,99,641,0,0.0641399416909621,0,0.5
3,3,44,dummy_prior,116,597,0,0.0641399416909621,0,0.5
3,3,44,dummy_prior,118,560,0,0.0641399416909621,0,0.5
3,3,44,dummy_prior,131,581,1,0.0641399416909621,0,0.5
3,3,44,dummy_prior,132,565,0,0.0641399416909621,0,0.5
3,3,44,dummy_prior,133,651,0,0.0641399416909621,0,0.5
3,3,44,dummy_prior,139,556,0,0.0641399416909621,0,0.5
3,3,44,dummy_prior,141,194,0,0.0641399416909621,0,0.5
3,3,44,dummy_prior,142,591,0,0.0641399416909621,0,0.5
3,3,44,dummy_prior,148,643,0,0.0641399416909621,0,0.5
3,3,44,dummy_prior,152,438,0,0.0641399416909621,0,0.5
3,3,44,dummy_prior,153,423,0,0.0641399416909621,0,0.5
3,3,44,dummy_prior,165,572,0,0.0641399416909621,0,0.5
3,3,44,dummy_prior,176,452,0,0.0641399416909621,0,0.5
3,3,44,dummy_prior,185,488,1,0.0641399416909621,0,0.5
3,3,44,dummy_prior,192,459,0,0.0641399416909621,0,0.5
3,3,44,dummy_prior,199,460,0,0.0641399416909621,0,0.5
3,3,44,dummy_prior,200,443,0,0.0641399416909621,0,0.5
3,3,44,dummy_prior,201,441,0,0.0641399416909621,0,0.5
3,3,44,dummy_prior,206,496,0,0.0641399416909621,0,0.5
3,3,44,dummy_prior,213,500,0,0.0641399416909621,0,0.5
3,3,44,dummy_prior,214,550,1,0.0641399416909621,0,0.5
3,3,44,dummy_prior,218,503,0,0.0641399416909621,0,0.5
3,3,44,dummy_prior,220,406,0,0.0641399416909621,0,0.5
3,3,44,dummy_prior,234,406,0,0.0641399416909621,0,0.5
3,3,44,dummy_prior,237,347,0,0.0641399416909621,0,0.5
3,3,44,dummy_prior,240,334,0,0.0641399416909621,0,0.5
3,3,44,dummy_prior,241,354,0,0.0641399416909621,0,0.5
3,3,44,dummy_prior,244,391,0,0.0641399416909621,0,0.5
3,3,44,dummy_prior,245,253,0,0.0641399416909621,0,0.5
3,3,44,dummy_prior,252,344,0,0.0641399416909621,0,0.5
3,3,44,dummy_prior,256,366,0,0.0641399416909621,0,0.5
3,3,44,dummy_prior,261,227,0,0.0641399416909621,0,0.5
3,3,44,dummy_prior,264,259,1,0.0641399416909621,0,0.5
3,3,44,dummy_prior,273,355,0,0.0641399416909621,0,0.5
3,3,44,dummy_prior,274,349,0,0.0641399416909621,0,0.5
3,3,44,dummy_prior,276,241,0,0.0641399416909621,0,0.5
3,3,44,dummy_prior,293,221,0,0.0641399416909621,0,0.5
3,3,44,dummy_prior,295,283,0,0.0641399416909621,0,0.5
3,3,44,dummy_prior,305,201,0,0.0641399416909621,0,0.5
3,3,44,dummy_prior,319,293,0,0.0641399416909621,0,0.5
3,3,44,dummy_prior,321,269,0,0.0641399416909621,0,0.5
3,3,44,dummy_prior,323,268,0,0.0641399416909621,0,0.5
3,3,44,dummy_prior,326,217,0,0.0641399416909621,0,0.5
3,3,44,dummy_prior,335,525,1,0.0641399416909621,0,0.5
3,3,44,dummy_prior,336,251,0,0.0641399416909621,0,0.5
3,3,44,dummy_prior,341,121,0,0.0641399416909621,0,0.5
3,3,44,dummy_prior,351,155,0,0.0641399416909621,0,0.5
3,3,44,dummy_prior,361,199,0,0.0641399416909621,0,0.5
3,3,44,dummy_prior,385,234,0,0.0641399416909621,0,0.5
3,3,44,dummy_prior,390,179,0,0.0641399416909621,0,0.5
3,3,44,dummy_prior,405,61,0,0.0641399416909621,0,0.5
3,3,44,dummy_prior,407,57,0,0.0641399416909621,0,0.5
3,3,44,dummy_prior,415,104,0,0.0641399416909621,0,0.5
3,3,44,dummy_prior,416,70,0,0.0641399416909621,0,0.5
3,3,44,dummy_prior,420,97,0,0.0641399416909621,0,0.5
3,3,44,dummy_prior,421,433,1,0.0641399416909621,0,0.5
3,3,44,dummy_prior,429,73,0,0.0641399416909621,0,0.5
3,3,44,dummy_prior,431,70,0,0.0641399416909621,0,0.5
3,3,44,dummy_prior,433,28,0,0.0641399416909621,0,0.5
3,3,44,dummy_prior,437,26,0,0.0641399416909621,0,0.5
3,3,44,dummy_prior,438,195,0,0.0641399416909621,0,0.5
3,3,44,dummy_prior,442,26,0,0.0641399416909621,0,0.5
3,3,44,dummy_prior,459,3,0,0.0641399416909621,0,0.5
3,3,44,dummy_prior,461,19,0,0.0641399416909621,0,0.5
3,3,44,dummy_prior,468,11,0,0.0641399416909621,0,0.5
3,3,44,dummy_prior,486,496,0,0.0641399416909621,0,0.5
3,3,44,dummy_prior,488,337,0,0.0641399416909621,0,0.5
3,3,44,dummy_prior,491,122,0,0.0641399416909621,0,0.5
3,3,44,dummy_prior,504,428,0,0.0641399416909621,0,0.5
3,3,44,dummy_prior,510,17,0,0.0641399416909621,0,0.5
3,3,44,dummy_prior,513,96,0,0.0641399416909621,0,0.5
3,3,44,dummy_prior,515,603,0,0.0641399416909621,0,0.5
3,3,44,dummy_prior,516,174,0,0.0641399416909621,0,0.5
3,3,44,dummy_prior,524,628,0,0.0641399416909621,0,0.5
3,3,44,dummy_prior,526,469,0,0.0641399416909621,0,0.5
3,3,44,dummy_prior,527,262,0,0.0641399416909621,0,0.5
3,3,44,dummy_prior,529,652,0,0.0641399416909621,0,0.5
3,3,44,dummy_prior,537,365,0,0.0641399416909621,0,0.5
3,3,44,dummy_prior,539,76,1,0.0641399416909621,0,0.5
3,3,44,dummy_prior,544,50,0,0.0641399416909621,0,0.5
3,3,44,dummy_prior,545,532,0,0.0641399416909621,0,0.5
3,3,44,dummy_prior,549,662,1,0.0641399416909621,0,0.5
3,3,44,dummy_prior,565,335,0,0.0641399416909621,0,0.5
3,3,44,dummy_prior,567,383,0,0.0641399416909621,0,0.5
3,3,44,dummy_prior,572,373,0,0.0641399416909621,0,0.5
3,3,44,dummy_prior,573,523,0,0.0641399416909621,0,0.5
3,3,44,dummy_prior,587,687,0,0.0641399416909621,0,0.5
3,3,44,dummy_prior,590,56,0,0.0641399416909621,0,0.5
3,3,44,dummy_prior,595,248,0,0.0641399416909621,0,0.5
3,3,44,dummy_prior,603,440,0,0.0641399416909621,0,0.5
3,3,44,dummy_prior,608,135,0,0.0641399416909621,0,0.5
3,3,44,dummy_prior,610,230,1,0.0641399416909621,0,0.5
3,3,44,dummy_prior,613,299,0,0.0641399416909621,0,0.5
3,3,44,dummy_prior,622,710,0,0.0641399416909621,0,0.5
3,3,44,dummy_prior,630,424,0,0.0641399416909621,0,0.5
3,3,44,dummy_prior,631,187,0,0.0641399416909621,0,0.5
3,3,44,dummy_prior,632,226,0,0.0641399416909621,0,0.5
3,3,44,dummy_prior,638,221,0,0.0641399416909621,0,0.5
3,3,44,dummy_prior,642,512,0,0.0641399416909621,0,0.5
3,3,44,dummy_prior,643,21,0,0.0641399416909621,0,0.5
3,3,44,dummy_prior,646,27,0,0.0641399416909621,0,0.5
3,3,44,dummy_prior,649,613,0,0.0641399416909621,0,0.5
3,3,44,dummy_prior,651,788,0,0.0641399416909621,0,0.5
3,3,44,dummy_prior,652,826,0,0.0641399416909621,0,0.5
3,3,44,dummy_prior,653,216,1,0.0641399416909621,0,0.5
3,3,44,dummy_prior,656,294,0,0.0641399416909621,0,0.5
3,3,44,dummy_prior,658,85,0,0.0641399416909621,0,0.5
3,3,44,dummy_prior,667,829,0,0.0641399416909621,0,0.5
3,3,44,dummy_prior,669,755,0,0.0641399416909621,0,0.5
3,3,44,dummy_prior,676,828,0,0.0641399416909621,0,0.5
3,3,44,dummy_prior,677,814,0,0.0641399416909621,0,0.5
3,3,44,dummy_prior,683,762,0,0.0641399416909621,0,0.5
3,3,44,dummy_prior,685,820,0,0.0641399416909621,0,0.5
3,3,44,dummy_prior,691,420,0,0.0641399416909621,0,0.5
3,3,44,dummy_prior,698,473,0,0.0641399416909621,0,0.5
3,3,44,dummy_prior,701,524,0,0.0641399416909621,0,0.5
3,3,44,dummy_prior,703,42,0,0.0641399416909621,0,0.5
3,3,44,dummy_prior,704,781,0,0.0641399416909621,0,0.5
3,3,44,dummy_prior,705,806,0,0.0641399416909621,0,0.5
3,3,44,dummy_prior,708,254,0,0.0641399416909621,0,0.5
3,3,44,dummy_prior,721,655,0,0.0641399416909621,0,0.5
3,3,44,dummy_prior,725,214,0,0.0641399416909621,0,0.5
3,3,44,dummy_prior,731,291,0,0.0641399416909621,0,0.5
3,3,44,dummy_prior,732,417,0,0.0641399416909621,0,0.5
3,3,44,dummy_prior,733,587,0,0.0641399416909621,0,0.5
3,3,44,dummy_prior,735,6,0,0.0641399416909621,0,0.5
3,3,44,dummy_prior,738,477,0,0.0641399416909621,0,0.5
3,3,44,dummy_prior,744,66,0,0.0641399416909621,0,0.5
3,3,44,dummy_prior,746,342,0,0.0641399416909621,0,0.5
3,3,44,dummy_prior,749,541,0,0.0641399416909621,0,0.5
3,3,44,dummy_prior,750,99,0,0.0641399416909621,0,0.5
3,3,44,dummy_prior,755,563,0,0.0641399416909621,0,0.5
3,3,44,dummy_prior,757,360,0,0.0641399416909621,0,0.5
3,3,44,dummy_prior,761,607,0,0.0641399416909621,0,0.5
3,3,44,dummy_prior,763,785,0,0.0641399416909621,0,0.5
3,3,44,dummy_prior,773,23,0,0.0641399416909621,0,0.5
3,3,44,dummy_prior,792,314,0,0.0641399416909621,0,0.5
3,3,44,dummy_prior,800,302,0,0.0641399416909621,0,0.5
3,3,44,dummy_prior,801,691,0,0.0641399416909621,0,0.5
3,3,44,dummy_prior,806,62,0,0.0641399416909621,0,0.5
3,3,44,dummy_prior,809,519,0,0.0641399416909621,0,0.5
3,3,44,dummy_prior,812,4,0,0.0641399416909621,0,0.5
3,3,44,dummy_prior,813,163,0,0.0641399416909621,0,0.5
3,3,44,dummy_prior,814,22,1,0.0641399416909621,0,0.5
3,3,44,dummy_prior,820,352,0,0.0641399416909621,0,0.5
3,3,44,dummy_prior,821,602,0,0.0641399416909621,0,0.5
3,3,44,dummy_prior,825,794,0,0.0641399416909621,0,0.5
3,3,44,dummy_prior,835,332,0,0.0641399416909621,0,0.5
3,3,44,dummy_prior,837,606,0,0.0641399416909621,0,0.5
3,3,44,dummy_prior,842,722,0,0.0641399416909621,0,0.5
3,3,44,dummy_prior,846,680,0,0.0641399416909621,0,0.5
3,3,44,dummy_prior,848,598,0,0.0641399416909621,0,0.5
3,3,44,dummy_prior,853,672,0,0.0641399416909621,0,0.5
3,3,44,logistic_regression,8,809,0,0.5253341033370929,1,0.5
3,3,44,logistic_regression,19,773,0,0.5929212843423448,1,0.5
3,3,44,logistic_regression,29,745,0,0.49714643477593207,0,0.5
3,3,44,logistic_regression,34,749,0,0.522758609288106,1,0.5
3,3,44,logistic_regression,35,737,0,0.5316770690673265,1,0.5
3,3,44,logistic_regression,40,746,0,0.4987734186676215,0,0.5
3,3,44,logistic_regression,46,716,0,0.4996257293599447,0,0.5
3,3,44,logistic_regression,50,721,0,0.5062899982835676,1,0.5
3,3,44,logistic_regression,53,695,0,0.5676198817111514,1,0.5
3,3,44,logistic_regression,54,708,0,0.5598882930952983,1,0.5
3,3,44,logistic_regression,56,702,0,0.5064421499396178,1,0.5
3,3,44,logistic_regression,57,647,0,0.4785815034128678,0,0.5
3,3,44,logistic_regression,62,679,0,0.4876676859353207,0,0.5
3,3,44,logistic_regression,63,629,0,0.8399729702593051,1,0.5
3,3,44,logistic_regression,75,686,0,0.47422174674870565,0,0.5
3,3,44,logistic_regression,91,689,0,0.5761814320312424,1,0.5
3,3,44,logistic_regression,94,637,0,0.4746741089520157,0,0.5
3,3,44,logistic_regression,95,604,0,0.43162158444345694,0,0.5
3,3,44,logistic_regression,99,641,0,0.545383824119625,1,0.5
3,3,44,logistic_regression,116,597,0,0.47255938718182017,0,0.5
3,3,44,logistic_regression,118,560,0,0.5491926540414397,1,0.5
3,3,44,logistic_regression,131,581,1,0.8111693261369017,1,0.5
3,3,44,logistic_regression,132,565,0,0.4284202417391501,0,0.5
3,3,44,logistic_regression,133,651,0,0.482019944343724,0,0.5
3,3,44,logistic_regression,139,556,0,0.48982154991724663,0,0.5
3,3,44,logistic_regression,141,194,0,0.392798395675926,0,0.5
3,3,44,logistic_regression,142,591,0,0.4777361088278864,0,0.5
3,3,44,logistic_regression,148,643,0,0.4597266107440821,0,0.5
3,3,44,logistic_regression,152,438,0,0.4768143190676698,0,0.5
3,3,44,logistic_regression,153,423,0,0.4884699048259424,0,0.5
3,3,44,logistic_regression,165,572,0,0.8316543200891834,1,0.5
3,3,44,logistic_regression,176,452,0,0.39925914659382516,0,0.5
3,3,44,logistic_regression,185,488,1,0.5175501040283117,1,0.5
3,3,44,logistic_regression,192,459,0,0.4361656694915217,0,0.5
3,3,44,logistic_regression,199,460,0,0.4554611046711443,0,0.5
3,3,44,logistic_regression,200,443,0,0.4937954616545766,0,0.5
3,3,44,logistic_regression,201,441,0,0.4669489600811662,0,0.5
3,3,44,logistic_regression,206,496,0,0.42656162778335843,0,0.5
3,3,44,logistic_regression,213,500,0,0.834810819314756,1,0.5
3,3,44,logistic_regression,214,550,1,0.4558914311504943,0,0.5
3,3,44,logistic_regression,218,503,0,0.4353502824602138,0,0.5
3,3,44,logistic_regression,220,406,0,0.40401963972156457,0,0.5
3,3,44,logistic_regression,234,406,0,0.40401963972156457,0,0.5
3,3,44,logistic_regression,237,347,0,0.7148704330050677,1,0.5
3,3,44,logistic_regression,240,334,0,0.4216450801237572,0,0.5
3,3,44,logistic_regression,241,354,0,0.4688982670436399,0,0.5
3,3,44,logistic_regression,244,391,0,0.4642370539469484,0,0.5
3,3,44,logistic_regression,245,253,0,0.39478281403684373,0,0.5
3,3,44,logistic_regression,252,344,0,0.4895067074047519,0,0.5
3,3,44,logistic_regression,256,366,0,0.4055645672082722,0,0.5
3,3,44,logistic_regression,261,227,0,0.42439247300002975,0,0.5
3,3,44,logistic_regression,264,259,1,0.4558067461338513,0,0.5
3,3,44,logistic_regression,273,355,0,0.5092578442014113,1,0.5
3,3,44,logistic_regression,274,349,0,0.45222658010755046,0,0.5
3,3,44,logistic_regression,276,241,0,0.4433178253464252,0,0.5
3,3,44,logistic_regression,293,221,0,0.43071382504514694,0,0.5
3,3,44,logistic_regression,295,283,0,0.7242540674890579,1,0.5
3,3,44,logistic_regression,305,201,0,0.435577481191572,0,0.5
3,3,44,logistic_regression,319,293,0,0.39329228949140427,0,0.5
3,3,44,logistic_regression,321,269,0,0.39357688586549844,0,0.5
3,3,44,logistic_regression,323,268,0,0.4265877670443546,0,0.5
3,3,44,logistic_regression,326,217,0,0.37542972418852305,0,0.5
3,3,44,logistic_regression,335,525,1,0.47290668642079187,0,0.5
3,3,44,logistic_regression,336,251,0,0.46861459742631945,0,0.5
3,3,44,logistic_regression,341,121,0,0.36559766876934796,0,0.5
3,3,44,logistic_regression,351,155,0,0.436778606271475,0,0.5
3,3,44,logistic_regression,361,199,0,0.39356283155460253,0,0.5
3,3,44,logistic_regression,385,234,0,0.3980204807382084,0,0.5
3,3,44,logistic_regression,390,179,0,0.37542282043426295,0,0.5
3,3,44,logistic_regression,405,61,0,0.36844608815578755,0,0.5
3,3,44,logistic_regression,407,57,0,0.7249748851708412,1,0.5
3,3,44,logistic_regression,415,104,0,0.4263003567488569,0,0.5
3,3,44,logistic_regression,416,70,0,0.40491662963952263,0,0.5
3,3,44,logistic_regression,420,97,0,0.37185697219042224,0,0.5
3,3,44,logistic_regression,421,433,1,0.4023182485169719,0,0.5
3,3,44,logistic_regression,429,73,0,0.3595606032185389,0,0.5
3,3,44,logistic_regression,431,70,0,0.40491662963952263,0,0.5
3,3,44,logistic_regression,433,28,0,0.35964855247402944,0,0.5
3,3,44,logistic_regression,437,26,0,0.397336748458478,0,0.5
3,3,44,logistic_regression,438,195,0,0.4436444872527809,0,0.5
3,3,44,logistic_regression,442,26,0,0.397336748458478,0,0.5
3,3,44,logistic_regression,459,3,0,0.3965556845279725,0,0.5
3,3,44,logistic_regression,461,19,0,0.41751782136521154,0,0.5
3,3,44,logistic_regression,468,11,0,0.2081729922072445,0,0.5
3,3,44,logistic_regression,486,496,0,0.42656162778335843,0,0.5
3,3,44,logistic_regression,488,337,0,0.4617530286214603,0,0.5
3,3,44,logistic_regression,491,122,0,0.3752327581974952,0,0.5
3,3,44,logistic_regression,504,428,0,0.45446249959020596,0,0.5
3,3,44,logistic_regression,510,17,0,0.3700779994718905,0,0.5
3,3,44,logistic_regression,513,96,0,0.41939606919414474,0,0.5
3,3,44,logistic_regression,515,603,0,0.445510901372057,0,0.5
3,3,44,logistic_regression,516,174,0,0.38294046492271094,0,0.5
3,3,44,logistic_regression,524,628,0,0.4861824265574198,0,0.5
3,3,44,logistic_regression,526,469,0,0.483713048325345,0,0.5
3,3,44,logistic_regression,527,262,0,0.38619160526822954,0,0.5
3,3,44,logistic_regression,529,652,0,0.508756114747431,1,0.5
3,3,44,logistic_regression,537,365,0,0.439421056484877,0,0.5
3,3,44,logistic_regression,539,76,1,0.6670665222075656,1,0.5
3,3,44,logistic_regression,544,50,0,0.35941303105806655,0,0.5
3,3,44,logistic_regression,545,532,0,0.47162032871179715,0,0.5
3,3,44,logistic_regression,549,662,1,0.6118759946959811,1,0.5
3,3,44,logistic_regression,565,335,0,0.4281259518170054,0,0.5
3,3,44,logistic_regression,567,383,0,0.5310604441978125,1,0.5
3,3,44,logistic_regression,572,373,0,0.4780021867827966,0,0.5
3,3,44,logistic_regression,573,523,0,0.44098594464861496,0,0.5
3,3,44,logistic_regression,587,687,0,0.5907379137039122,1,0.5
3,3,44,logistic_regression,590,56,0,0.32814058292928355,0,0.5
3,3,44,logistic_regression,595,248,0,0.45318695083526733,0,0.5
3,3,44,logistic_regression,603,440,0,0.4225821116474347,0,0.5
3,3,44,logistic_regression,608,135,0,0.3923362686635124,0,0.5
3,3,44,logistic_regression,610,230,1,0.510931853532425,1,0.5
3,3,44,logistic_regression,613,299,0,0.2678536891423848,0,0.5
3,3,44,logistic_regression,622,710,0,0.42976703428415103,0,0.5
3,3,44,logistic_regression,630,424,0,0.4561535496198748,0,0.5
3,3,44,logistic_regression,631,187,0,0.4298953486649027,0,0.5
3,3,44,logistic_regression,632,226,0,0.41232518311841265,0,0.5
3,3,44,logistic_regression,638,221,0,0.43071382504514694,0,0.5
3,3,44,logistic_regression,642,512,0,0.5022656809298919,1,0.5
3,3,44,logistic_regression,643,21,0,0.35327625256868794,0,0.5
3,3,44,logistic_regression,646,27,0,0.35078738894512257,0,0.5
3,3,44,logistic_regression,649,613,0,0.5601167464753108,1,0.5
3,3,44,logistic_regression,651,788,0,0.5640271973393074,1,0.5
3,3,44,logistic_regression,652,826,0,0.5946275236063178,1,0.5
3,3,44,logistic_regression,653,216,1,0.41106097391640317,0,0.5
3,3,44,logistic_regression,656,294,0,0.4050109070472004,0,0.5
3,3,44,logistic_regression,658,85,0,0.37541193670598044,0,0.5
3,3,44,logistic_regression,667,829,0,0.61862196705329,1,0.5
3,3,44,logistic_regression,669,755,0,0.5706519490275859,1,0.5
3,3,44,logistic_regression,676,828,0,0.6336106405539549,1,0.5
3,3,44,logistic_regression,677,814,0,0.47237855497892045,0,0.5
3,3,44,logistic_regression,683,762,0,0.5474238034885947,1,0.5
3,3,44,logistic_regression,685,820,0,0.3252225864094167,0,0.5
3,3,44,logistic_regression,691,420,0,0.7169990441245265,1,0.5
3,3,44,logistic_regression,698,473,0,0.4657681185225354,0,0.5
3,3,44,logistic_regression,701,524,0,0.4118663409987411,0,0.5
3,3,44,logistic_regression,703,42,0,0.3761898549638311,0,0.5
3,3,44,logistic_regression,704,781,0,0.5034392572059067,1,0.5
3,3,44,logistic_regression,705,806,0,0.488302798756573,0,0.5
3,3,44,logistic_regression,708,254,0,0.44316155789380046,0,0.5
3,3,44,logistic_regression,721,655,0,0.46722146393745057,0,0.5
3,3,44,logistic_regression,725,214,0,0.4305814880707589,0,0.5
3,3,44,logistic_regression,731,291,0,0.4327949441733975,0,0.5
3,3,44,logistic_regression,732,417,0,0.4486427468359214,0,0.5
3,3,44,logistic_regression,733,587,0,0.4646553056373986,0,0.5
3,3,44,logistic_regression,735,6,0,0.3301119768555555,0,0.5
3,3,44,logistic_regression,738,477,0,0.4877315686208997,0,0.5
3,3,44,logistic_regression,744,66,0,0.4266369991435713,0,0.5
3,3,44,logistic_regression,746,342,0,0.48488942714485256,0,0.5
3,3,44,logistic_regression,749,541,0,0.7355516942560378,1,0.5
3,3,44,logistic_regression,750,99,0,0.4131202827430239,0,0.5
3,3,44,logistic_regression,755,563,0,0.48583394720492173,0,0.5
3,3,44,logistic_regression,757,360,0,0.4179635326887081,0,0.5
3,3,44,logistic_regression,761,607,0,0.4212929412207813,0,0.5
3,3,44,logistic_regression,763,785,0,0.5528232328799246,1,0.5
3,3,44,logistic_regression,773,23,0,0.35190881019183096,0,0.5
3,3,44,logistic_regression,792,314,0,0.39191542320160483,0,0.5
3,3,44,logistic_regression,800,302,0,0.45434193542890716,0,0.5
3,3,44,logistic_regression,801,691,0,0.5269031582751748,1,0.5
3,3,44,logistic_regression,806,62,0,0.4007365723255616,0,0.5
3,3,44,logistic_regression,809,519,0,0.5128600727683449,1,0.5
3,3,44,logistic_regression,812,4,0,0.3858735037450164,0,0.5
3,3,44,logistic_regression,813,163,0,0.38349073840054143,0,0.5
3,3,44,logistic_regression,814,22,1,0.34744022413667636,0,0.5
3,3,44,logistic_regression,820,352,0,0.403117182503957,0,0.5
3,3,44,logistic_regression,821,602,0,0.46418276635307687,0,0.5
3,3,44,logistic_regression,825,794,0,0.49977262674778483,0,0.5
3,3,44,logistic_regression,835,332,0,0.41116668795748107,0,0.5
3,3,44,logistic_regression,837,606,0,0.5054112706937071,1,0.5
3,3,44,logistic_regression,842,722,0,0.46720750231286956,0,0.5
3,3,44,logistic_regression,846,680,0,0.4697372701659118,0,0.5
3,3,44,logistic_regression,848,598,0,0.42469491326007497,0,0.5
3,3,44,logistic_regression,853,672,0,0.47390306964293216,0,0.5
3,3,44,xgboost,8,809,0,0.3431176543235779,0,0.5
3,3,44,xgboost,19,773,0,0.4029991626739502,0,0.5
3,3,44,xgboost,29,745,0,0.44054242968559265,0,0.5
3,3,44,xgboost,34,749,0,0.3735397160053253,0,0.5
3,3,44,xgboost,35,737,0,0.4303089678287506,0,0.5
3,3,44,xgboost,40,746,0,0.4357902705669403,0,0.5
3,3,44,xgboost,46,716,0,0.34065109491348267,0,0.5
3,3,44,xgboost,50,721,0,0.4759546220302582,0,0.5
3,3,44,xgboost,53,695,0,0.6141741871833801,1,0.5
3,3,44,xgboost,54,708,0,0.513735830783844,1,0.5
3,3,44,xgboost,56,702,0,0.5257142782211304,1,0.5
3,3,44,xgboost,57,647,0,0.35842856764793396,0,0.5
3,3,44,xgboost,62,679,0,0.25353386998176575,0,0.5
3,3,44,xgboost,63,629,0,0.7172799706459045,1,0.5
3,3,44,xgboost,75,686,0,0.3861110210418701,0,0.5
3,3,44,xgboost,91,689,0,0.2542029023170471,0,0.5
3,3,44,xgboost,94,637,0,0.4210885763168335,0,0.5
3,3,44,xgboost,95,604,0,0.36643555760383606,0,0.5
3,3,44,xgboost,99,641,0,0.384703665971756,0,0.5
3,3,44,xgboost,116,597,0,0.4517093300819397,0,0.5
3,3,44,xgboost,118,560,0,0.4837474226951599,0,0.5
3,3,44,xgboost,131,581,1,0.39409399032592773,0,0.5
3,3,44,xgboost,132,565,0,0.33103078603744507,0,0.5
3,3,44,xgboost,133,651,0,0.6180723905563354,1,0.5
3,3,44,xgboost,139,556,0,0.2694894075393677,0,0.5
3,3,44,xgboost,141,194,0,0.536066472530365,1,0.5
3,3,44,xgboost,142,591,0,0.3269950747489929,0,0.5
3,3,44,xgboost,148,643,0,0.4546099305152893,0,0.5
3,3,44,xgboost,152,438,0,0.3348204493522644,0,0.5
3,3,44,xgboost,153,423,0,0.3883277177810669,0,0.5
3,3,44,xgboost,165,572,0,0.43704402446746826,0,0.5
3,3,44,xgboost,176,452,0,0.44030869007110596,0,0.5
3,3,44,xgboost,185,488,1,0.31143027544021606,0,0.5
3,3,44,xgboost,192,459,0,0.43672260642051697,0,0.5
3,3,44,xgboost,199,460,0,0.472900390625,0,0.5
3,3,44,xgboost,200,443,0,0.5240100622177124,1,0.5
3,3,44,xgboost,201,441,0,0.5565613508224487,1,0.5
3,3,44,xgboost,206,496,0,0.3993270695209503,0,0.5
3,3,44,xgboost,213,500,0,0.32205361127853394,0,0.5
3,3,44,xgboost,214,550,1,0.26753661036491394,0,0.5
3,3,44,xgboost,218,503,0,0.5268382430076599,1,0.5
3,3,44,xgboost,220,406,0,0.45531702041625977,0,0.5
3,3,44,xgboost,234,406,0,0.45531702041625977,0,0.5
3,3,44,xgboost,237,347,0,0.6591888666152954,1,0.5
3,3,44,xgboost,240,334,0,0.2821751832962036,0,0.5
3,3,44,xgboost,241,354,0,0.3062053620815277,0,0.5
3,3,44,xgboost,244,391,0,0.5033045411109924,1,0.5
3,3,44,xgboost,245,253,0,0.448756605386734,0,0.5
3,3,44,xgboost,252,344,0,0.23153163492679596,0,0.5
3,3,44,xgboost,256,366,0,0.41477423906326294,0,0.5
3,3,44,xgboost,261,227,0,0.39494454860687256,0,0.5
3,3,44,xgboost,264,259,1,0.26772186160087585,0,0.5
3,3,44,xgboost,273,355,0,0.3275045156478882,0,0.5
3,3,44,xgboost,274,349,0,0.3062053620815277,0,0.5
3,3,44,xgboost,276,241,0,0.5038107633590698,1,0.5
3,3,44,xgboost,293,221,0,0.4689432680606842,0,0.5
3,3,44,xgboost,295,283,0,0.49153971672058105,0,0.5
3,3,44,xgboost,305,201,0,0.5343170762062073,1,0.5
3,3,44,xgboost,319,293,0,0.44634974002838135,0,0.5
3,3,44,xgboost,321,269,0,0.5002044439315796,1,0.5
3,3,44,xgboost,323,268,0,0.4258909821510315,0,0.5
3,3,44,xgboost,326,217,0,0.5114744901657104,1,0.5
3,3,44,xgboost,335,525,1,0.5048622488975525,1,0.5
3,3,44,xgboost,336,251,0,0.3486100435256958,0,0.5
3,3,44,xgboost,341,121,0,0.36449137330055237,0,0.5
3,3,44,xgboost,351,155,0,0.2912873923778534,0,0.5
3,3,44,xgboost,361,199,0,0.5343170762062073,1,0.5
3,3,44,xgboost,385,234,0,0.3949120044708252,0,0.5
3,3,44,xgboost,390,179,0,0.5270345211029053,1,0.5
3,3,44,xgboost,405,61,0,0.2626335620880127,0,0.5
3,3,44,xgboost,407,57,0,0.36353135108947754,0,0.5
3,3,44,xgboost,415,104,0,0.2910730540752411,0,0.5
3,3,44,xgboost,416,70,0,0.23034892976284027,0,0.5
3,3,44,xgboost,420,97,0,0.41428202390670776,0,0.5
3,3,44,xgboost,421,433,1,0.3632570505142212,0,0.5
3,3,44,xgboost,429,73,0,0.25269949436187744,0,0.5
3,3,44,xgboost,431,70,0,0.23034892976284027,0,0.5
3,3,44,xgboost,433,28,0,0.23428772389888763,0,0.5
3,3,44,xgboost,437,26,0,0.22765062749385834,0,0.5
3,3,44,xgboost,438,195,0,0.5596398711204529,1,0.5
3,3,44,xgboost,442,26,0,0.22765062749385834,0,0.5
3,3,44,xgboost,459,3,0,0.21361742913722992,0,0.5
3,3,44,xgboost,461,19,0,0.24958030879497528,0,0.5
3,3,44,xgboost,468,11,0,0.3102231025695801,0,0.5
3,3,44,xgboost,486,496,0,0.3993270695209503,0,0.5
3,3,44,xgboost,488,337,0,0.30371665954589844,0,0.5
3,3,44,xgboost,491,122,0,0.4854600131511688,0,0.5
3,3,44,xgboost,504,428,0,0.41046497225761414,0,0.5
3,3,44,xgboost,510,17,0,0.22047145664691925,0,0.5
3,3,44,xgboost,513,96,0,0.43588143587112427,0,0.5
3,3,44,xgboost,515,603,0,0.4665343165397644,0,0.5
3,3,44,xgboost,516,174,0,0.412644624710083,0,0.5
3,3,44,xgboost,524,628,0,0.5226413607597351,1,0.5
3,3,44,xgboost,526,469,0,0.48727819323539734,0,0.5
3,3,44,xgboost,527,262,0,0.5002044439315796,1,0.5
3,3,44,xgboost,529,652,0,0.42569172382354736,0,0.5
3,3,44,xgboost,537,365,0,0.3554905354976654,0,0.5
3,3,44,xgboost,539,76,1,0.4096561670303345,0,0.5
3,3,44,xgboost,544,50,0,0.2265813946723938,0,0.5
3,3,44,xgboost,545,532,0,0.3233987092971802,0,0.5
3,3,44,xgboost,549,662,1,0.34739696979522705,0,0.5
3,3,44,xgboost,565,335,0,0.45132437348365784,0,0.5
3,3,44,xgboost,567,383,0,0.540257453918457,1,0.5
3,3,44,xgboost,572,373,0,0.20095618069171906,0,0.5
3,3,44,xgboost,573,523,0,0.43560439348220825,0,0.5
3,3,44,xgboost,587,687,0,0.2478029876947403,0,0.5
3,3,44,xgboost,590,56,0,0.38633373379707336,0,0.5
3,3,44,xgboost,595,248,0,0.22818470001220703,0,0.5
3,3,44,xgboost,603,440,0,0.41567495465278625,0,0.5
3,3,44,xgboost,608,135,0,0.3447776138782501,0,0.5
3,3,44,xgboost,610,230,1,0.544224202632904,1,0.5
3,3,44,xgboost,613,299,0,0.5143535733222961,1,0.5
3,3,44,xgboost,622,710,0,0.4905523359775543,0,0.5
3,3,44,xgboost,630,424,0,0.4247584342956543,0,0.5
3,3,44,xgboost,631,187,0,0.4302980601787567,0,0.5
3,3,44,xgboost,632,226,0,0.33909520506858826,0,0.5
3,3,44,xgboost,638,221,0,0.4689432680606842,0,0.5
3,3,44,xgboost,642,512,0,0.568516731262207,1,0.5
3,3,44,xgboost,643,21,0,0.20441444218158722,0,0.5
3,3,44,xgboost,646,27,0,0.21688619256019592,0,0.5
3,3,44,xgboost,649,613,0,0.4716262221336365,0,0.5
3,3,44,xgboost,651,788,0,0.27772870659828186,0,0.5
3,3,44,xgboost,652,826,0,0.474383145570755,0,0.5
3,3,44,xgboost,653,216,1,0.426013320684433,0,0.5
3,3,44,xgboost,656,294,0,0.44999632239341736,0,0.5
3,3,44,xgboost,658,85,0,0.25117284059524536,0,0.5
3,3,44,xgboost,667,829,0,0.48122438788414,0,0.5
3,3,44,xgboost,669,755,0,0.3428206145763397,0,0.5
3,3,44,xgboost,676,828,0,0.5657901763916016,1,0.5
3,3,44,xgboost,677,814,0,0.27719980478286743,0,0.5
3,3,44,xgboost,683,762,0,0.4085180163383484,0,0.5
3,3,44,xgboost,685,820,0,0.47674572467803955,0,0.5
3,3,44,xgboost,691,420,0,0.5607215166091919,1,0.5
3,3,44,xgboost,698,473,0,0.41046300530433655,0,0.5
3,3,44,xgboost,701,524,0,0.4425193667411804,0,0.5
3,3,44,xgboost,703,42,0,0.18738657236099243,0,0.5
3,3,44,xgboost,704,781,0,0.37159615755081177,0,0.5
3,3,44,xgboost,705,806,0,0.37396439909935,0,0.5
3,3,44,xgboost,708,254,0,0.44163259863853455,0,0.5
3,3,44,xgboost,721,655,0,0.4304928481578827,0,0.5
3,3,44,xgboost,725,214,0,0.35139498114585876,0,0.5
3,3,44,xgboost,731,291,0,0.45132437348365784,0,0.5
3,3,44,xgboost,732,417,0,0.472900390625,0,0.5
3,3,44,xgboost,733,587,0,0.3785964250564575,0,0.5
3,3,44,xgboost,735,6,0,0.19226016104221344,0,0.5
3,3,44,xgboost,738,477,0,0.5240100622177124,1,0.5
3,3,44,xgboost,744,66,0,0.2289648950099945,0,0.5
3,3,44,xgboost,746,342,0,0.26010116934776306,0,0.5
3,3,44,xgboost,749,541,0,0.5219175219535828,1,0.5
3,3,44,xgboost,750,99,0,0.2566414773464203,0,0.5
3,3,44,xgboost,755,563,0,0.38389351963996887,0,0.5
3,3,44,xgboost,757,360,0,0.4856322705745697,0,0.5
3,3,44,xgboost,761,607,0,0.34535664319992065,0,0.5
3,3,44,xgboost,763,785,0,0.39909598231315613,0,0.5
3,3,44,xgboost,773,23,0,0.19055230915546417,0,0.5
3,3,44,xgboost,792,314,0,0.3621755838394165,0,0.5
3,3,44,xgboost,800,302,0,0.2402883917093277,0,0.5
3,3,44,xgboost,801,691,0,0.4885287880897522,0,0.5
3,3,44,xgboost,806,62,0,0.2349347323179245,0,0.5
3,3,44,xgboost,809,519,0,0.2935497760772705,0,0.5
3,3,44,xgboost,812,4,0,0.23404528200626373,0,0.5
3,3,44,xgboost,813,163,0,0.5064488649368286,1,0.5
3,3,44,xgboost,814,22,1,0.1855338215827942,0,0.5
3,3,44,xgboost,820,352,0,0.45531702041625977,0,0.5
3,3,44,xgboost,821,602,0,0.30112573504447937,0,0.5
3,3,44,xgboost,825,794,0,0.483446329832077,0,0.5
3,3,44,xgboost,835,332,0,0.2853328287601471,0,0.5
3,3,44,xgboost,837,606,0,0.4697757959365845,0,0.5
3,3,44,xgboost,842,722,0,0.3471480906009674,0,0.5
3,3,44,xgboost,846,680,0,0.49632975459098816,0,0.5
3,3,44,xgboost,848,598,0,0.4282607436180115,0,0.5
3,3,44,xgboost,853,672,0,0.5230578780174255,1,0.5
3,4,44,dummy_prior,2,660,0,0.06404657933042213,0,0.5
3,4,44,dummy_prior,10,807,0,0.06404657933042213,0,0.5
3,4,44,dummy_prior,12,812,0,0.06404657933042213,0,0.5
3,4,44,dummy_prior,16,790,0,0.06404657933042213,0,0.5
3,4,44,dummy_prior,17,799,0,0.06404657933042213,0,0.5
3,4,44,dummy_prior,28,742,0,0.06404657933042213,0,0.5
3,4,44,dummy_prior,33,734,0,0.06404657933042213,0,0.5
3,4,44,dummy_prior,42,724,0,0.06404657933042213,0,0.5
3,4,44,dummy_prior,44,740,1,0.06404657933042213,0,0.5
3,4,44,dummy_prior,45,709,0,0.06404657933042213,0,0.5
3,4,44,dummy_prior,55,789,0,0.06404657933042213,0,0.5
3,4,44,dummy_prior,65,736,0,0.06404657933042213,0,0.5
3,4,44,dummy_prior,69,705,0,0.06404657933042213,0,0.5
3,4,44,dummy_prior,71,677,0,0.06404657933042213,0,0.5
3,4,44,dummy_prior,74,681,0,0.06404657933042213,0,0.5
3,4,44,dummy_prior,76,675,0,0.06404657933042213,0,0.5
3,4,44,dummy_prior,78,693,0,0.06404657933042213,0,0.5
3,4,44,dummy_prior,79,684,0,0.06404657933042213,0,0.5
3,4,44,dummy_prior,88,618,0,0.06404657933042213,0,0.5
3,4,44,dummy_prior,89,632,0,0.06404657933042213,0,0.5
3,4,44,dummy_prior,96,701,1,0.06404657933042213,0,0.5
3,4,44,dummy_prior,97,678,0,0.06404657933042213,0,0.5
3,4,44,dummy_prior,110,619,0,0.06404657933042213,0,0.5
3,4,44,dummy_prior,117,570,0,0.06404657933042213,0,0.5
3,4,44,dummy_prior,120,627,0,0.06404657933042213,0,0.5
3,4,44,dummy_prior,121,579,0,0.06404657933042213,0,0.5
3,4,44,dummy_prior,124,571,0,0.06404657933042213,0,0.5
3,4,44,dummy_prior,127,520,0,0.06404657933042213,0,0.5
3,4,44,dummy_prior,134,568,0,0.06404657933042213,0,0.5
3,4,44,dummy_prior,135,465,0,0.06404657933042213,0,0.5
3,4,44,dummy_prior,155,507,0,0.06404657933042213,0,0.5
3,4,44,dummy_prior,161,490,0,0.06404657933042213,0,0.5
3,4,44,dummy_prior,163,509,1,0.06404657933042213,0,0.5
3,4,44,dummy_prior,167,461,0,0.06404657933042213,0,0.5
3,4,44,dummy_prior,177,468,0,0.06404657933042213,0,0.5
3,4,44,dummy_prior,180,414,0,0.06404657933042213,0,0.5
3,4,44,dummy_prior,181,462,0,0.06404657933042213,0,0.5
3,4,44,dummy_prior,182,392,0,0.06404657933042213,0,0.5
3,4,44,dummy_prior,184,411,0,0.06404657933042213,0,0.5
3,4,44,dummy_prior,187,501,0,0.06404657933042213,0,0.5
3,4,44,dummy_prior,198,447,0,0.06404657933042213,0,0.5
3,4,44,dummy_prior,202,454,0,0.06404657933042213,0,0.5
3,4,44,dummy_prior,203,494,1,0.06404657933042213,0,0.5
3,4,44,dummy_prior,215,372,0,0.06404657933042213,0,0.5
3,4,44,dummy_prior,219,324,0,0.06404657933042213,0,0.5
3,4,44,dummy_prior,225,511,0,0.06404657933042213,0,0.5
3,4,44,dummy_prior,226,409,0,0.06404657933042213,0,0.5
3,4,44,dummy_prior,230,304,0,0.06404657933042213,0,0.5
3,4,44,dummy_prior,239,497,0,0.06404657933042213,0,0.5
3,4,44,dummy_prior,248,381,0,0.06404657933042213,0,0.5
3,4,44,dummy_prior,250,379,0,0.06404657933042213,0,0.5
3,4,44,dummy_prior,255,379,0,0.06404657933042213,0,0.5
3,4,44,dummy_prior,263,296,0,0.06404657933042213,0,0.5
3,4,44,dummy_prior,265,247,0,0.06404657933042213,0,0.5
3,4,44,dummy_prior,266,232,0,0.06404657933042213,0,0.5
3,4,44,dummy_prior,269,410,0,0.06404657933042213,0,0.5
3,4,44,dummy_prior,271,359,0,0.06404657933042213,0,0.5
3,4,44,dummy_prior,272,330,0,0.06404657933042213,0,0.5
3,4,44,dummy_prior,284,252,0,0.06404657933042213,0,0.5
3,4,44,dummy_prior,285,430,0,0.06404657933042213,0,0.5
3,4,44,dummy_prior,291,289,0,0.06404657933042213,0,0.5
3,4,44,dummy_prior,296,358,0,0.06404657933042213,0,0.5
3,4,44,dummy_prior,297,220,0,0.06404657933042213,0,0.5
3,4,44,dummy_prior,301,202,0,0.06404657933042213,0,0.5
3,4,44,dummy_prior,302,323,0,0.06404657933042213,0,0.5
3,4,44,dummy_prior,313,370,0,0.06404657933042213,0,0.5
3,4,44,dummy_prior,317,170,0,0.06404657933042213,0,0.5
3,4,44,dummy_prior,322,180,0,0.06404657933042213,0,0.5
3,4,44,dummy_prior,324,654,0,0.06404657933042213,0,0.5
3,4,44,dummy_prior,331,446,0,0.06404657933042213,0,0.5
3,4,44,dummy_prior,334,229,0,0.06404657933042213,0,0.5
3,4,44,dummy_prior,345,276,1,0.06404657933042213,0,0.5
3,4,44,dummy_prior,349,235,0,0.06404657933042213,0,0.5
3,4,44,dummy_prior,353,223,0,0.06404657933042213,0,0.5
3,4,44,dummy_prior,354,811,0,0.06404657933042213,0,0.5
3,4,44,dummy_prior,355,140,0,0.06404657933042213,0,0.5
3,4,44,dummy_prior,369,82,0,0.06404657933042213,0,0.5
3,4,44,dummy_prior,382,400,0,0.06404657933042213,0,0.5
3,4,44,dummy_prior,383,134,1,0.06404657933042213,0,0.5
3,4,44,dummy_prior,384,78,0,0.06404657933042213,0,0.5
3,4,44,dummy_prior,386,90,0,0.06404657933042213,0,0.5
3,4,44,dummy_prior,388,185,0,0.06404657933042213,0,0.5
3,4,44,dummy_prior,395,82,0,0.06404657933042213,0,0.5
3,4,44,dummy_prior,400,55,0,0.06404657933042213,0,0.5
3,4,44,dummy_prior,404,88,0,0.06404657933042213,0,0.5
3,4,44,dummy_prior,408,60,0,0.06404657933042213,0,0.5
3,4,44,dummy_prior,413,698,0,0.06404657933042213,0,0.5
3,4,44,dummy_prior,418,47,0,0.06404657933042213,0,0.5
3,4,44,dummy_prior,422,89,0,0.06404657933042213,0,0.5
3,4,44,dummy_prior,425,35,0,0.06404657933042213,0,0.5
3,4,44,dummy_prior,428,29,0,0.06404657933042213,0,0.5
3,4,44,dummy_prior,432,600,0,0.06404657933042213,0,0.5
3,4,44,dummy_prior,443,10,0,0.06404657933042213,0,0.5
3,4,44,dummy_prior,446,107,0,0.06404657933042213,0,0.5
3,4,44,dummy_prior,449,75,0,0.06404657933042213,0,0.5
3,4,44,dummy_prior,451,32,0,0.06404657933042213,0,0.5
3,4,44,dummy_prior,453,10,0,0.06404657933042213,0,0.5
3,4,44,dummy_prior,457,18,0,0.06404657933042213,0,0.5
3,4,44,dummy_prior,458,35,0,0.06404657933042213,0,0.5
3,4,44,dummy_prior,460,5,0,0.06404657933042213,0,0.5
3,4,44,dummy_prior,471,94,0,0.06404657933042213,0,0.5
3,4,44,dummy_prior,481,608,0,0.06404657933042213,0,0.5
3,4,44,dummy_prior,487,483,0,0.06404657933042213,0,0.5
3,4,44,dummy_prior,489,151,0,0.06404657933042213,0,0.5
3,4,44,dummy_prior,497,356,0,0.06404657933042213,0,0.5
3,4,44,dummy_prior,498,663,0,0.06404657933042213,0,0.5
3,4,44,dummy_prior,499,614,0,0.06404657933042213,0,0.5
3,4,44,dummy_prior,501,610,0,0.06404657933042213,0,0.5
3,4,44,dummy_prior,511,38,0,0.06404657933042213,0,0.5
3,4,44,dummy_prior,519,123,0,0.06404657933042213,0,0.5
3,4,44,dummy_prior,542,146,0,0.06404657933042213,0,0.5
3,4,44,dummy_prior,546,213,0,0.06404657933042213,0,0.5
3,4,44,dummy_prior,554,20,0,0.06404657933042213,0,0.5
3,4,44,dummy_prior,557,458,0,0.06404657933042213,0,0.5
3,4,44,dummy_prior,559,162,0,0.06404657933042213,0,0.5
3,4,44,dummy_prior,569,802,0,0.06404657933042213,0,0.5
3,4,44,dummy_prior,570,559,0,0.06404657933042213,0,0.5
3,4,44,dummy_prior,574,309,0,0.06404657933042213,0,0.5
3,4,44,dummy_prior,580,55,0,0.06404657933042213,0,0.5
3,4,44,dummy_prior,581,59,0,0.06404657933042213,0,0.5
3,4,44,dummy_prior,599,176,0,0.06404657933042213,0,0.5
3,4,44,dummy_prior,600,506,0,0.06404657933042213,0,0.5
3,4,44,dummy_prior,612,225,0,0.06404657933042213,0,0.5
3,4,44,dummy_prior,616,376,0,0.06404657933042213,0,0.5
3,4,44,dummy_prior,618,130,0,0.06404657933042213,0,0.5
3,4,44,dummy_prior,619,320,0,0.06404657933042213,0,0.5
3,4,44,dummy_prior,620,363,0,0.06404657933042213,0,0.5
3,4,44,dummy_prior,637,493,0,0.06404657933042213,0,0.5
3,4,44,dummy_prior,639,52,0,0.06404657933042213,0,0.5
3,4,44,dummy_prior,641,761,0,0.06404657933042213,0,0.5
3,4,44,dummy_prior,654,810,0,0.06404657933042213,0,0.5
3,4,44,dummy_prior,655,236,1,0.06404657933042213,0,0.5
3,4,44,dummy_prior,662,502,0,0.06404657933042213,0,0.5
3,4,44,dummy_prior,663,310,0,0.06404657933042213,0,0.5
3,4,44,dummy_prior,664,756,1,0.06404657933042213,0,0.5
3,4,44,dummy_prior,668,830,0,0.06404657933042213,0,0.5
3,4,44,dummy_prior,672,0,0,0.06404657933042213,0,0.5
3,4,44,dummy_prior,673,819,1,0.06404657933042213,0,0.5
3,4,44,dummy_prior,681,793,0,0.06404657933042213,0,0.5
3,4,44,dummy_prior,682,827,0,0.06404657933042213,0,0.5
3,4,44,dummy_prior,684,815,0,0.06404657933042213,0,0.5
3,4,44,dummy_prior,686,704,1,0.06404657933042213,0,0.5
3,4,44,dummy_prior,694,486,0,0.06404657933042213,0,0.5
3,4,44,dummy_prior,702,439,0,0.06404657933042213,0,0.5
3,4,44,dummy_prior,716,144,0,0.06404657933042213,0,0.5
3,4,44,dummy_prior,720,427,0,0.06404657933042213,0,0.5
3,4,44,dummy_prior,724,554,0,0.06404657933042213,0,0.5
3,4,44,dummy_prior,726,530,0,0.06404657933042213,0,0.5
3,4,44,dummy_prior,728,623,0,0.06404657933042213,0,0.5
3,4,44,dummy_prior,748,393,0,0.06404657933042213,0,0.5
3,4,44,dummy_prior,751,778,0,0.06404657933042213,0,0.5
3,4,44,dummy_prior,760,44,0,0.06404657933042213,0,0.5
3,4,44,dummy_prior,786,401,1,0.06404657933042213,0,0.5
3,4,44,dummy_prior,787,256,0,0.06404657933042213,0,0.5
3,4,44,dummy_prior,788,752,0,0.06404657933042213,0,0.5
3,4,44,dummy_prior,789,164,0,0.06404657933042213,0,0.5
3,4,44,dummy_prior,793,353,0,0.06404657933042213,0,0.5
3,4,44,dummy_prior,798,396,0,0.06404657933042213,0,0.5
3,4,44,dummy_prior,807,717,0,0.06404657933042213,0,0.5
3,4,44,dummy_prior,816,233,0,0.06404657933042213,0,0.5
3,4,44,dummy_prior,818,700,0,0.06404657933042213,0,0.5
3,4,44,dummy_prior,824,720,0,0.06404657933042213,0,0.5
3,4,44,dummy_prior,826,650,0,0.06404657933042213,0,0.5
3,4,44,dummy_prior,827,688,0,0.06404657933042213,0,0.5
3,4,44,dummy_prior,831,777,0,0.06404657933042213,0,0.5
3,4,44,dummy_prior,839,601,0,0.06404657933042213,0,0.5
3,4,44,dummy_prior,840,346,0,0.06404657933042213,0,0.5
3,4,44,dummy_prior,841,297,0,0.06404657933042213,0,0.5
3,4,44,dummy_prior,847,574,0,0.06404657933042213,0,0.5
3,4,44,dummy_prior,849,620,0,0.06404657933042213,0,0.5
3,4,44,dummy_prior,854,616,0,0.06404657933042213,0,0.5
3,4,44,logistic_regression,2,660,0,0.4838663153563189,0,0.5
3,4,44,logistic_regression,10,807,0,0.49052280083783817,0,0.5
3,4,44,logistic_regression,12,812,0,0.6351461043978672,1,0.5
3,4,44,logistic_regression,16,790,0,0.40839543782076976,0,0.5
3,4,44,logistic_regression,17,799,0,0.5495064642372085,1,0.5
3,4,44,logistic_regression,28,742,0,0.4920718528627589,0,0.5
3,4,44,logistic_regression,33,734,0,0.4666926100502649,0,0.5
3,4,44,logistic_regression,42,724,0,0.5251129544859912,1,0.5
3,4,44,logistic_regression,44,740,1,0.5832364082513462,1,0.5
3,4,44,logistic_regression,45,709,0,0.5579030776772815,1,0.5
3,4,44,logistic_regression,55,789,0,0.6087273556107391,1,0.5
3,4,44,logistic_regression,65,736,0,0.5425112233090561,1,0.5
3,4,44,logistic_regression,69,705,0,0.37145734990610024,0,0.5
3,4,44,logistic_regression,71,677,0,0.44316474329533845,0,0.5
3,4,44,logistic_regression,74,681,0,0.5017498200076189,1,0.5
3,4,44,logistic_regression,76,675,0,0.4627671987831229,0,0.5
3,4,44,logistic_regression,78,693,0,0.42154590843741907,0,0.5
3,4,44,logistic_regression,79,684,0,0.4499599387729595,0,0.5
3,4,44,logistic_regression,88,618,0,0.4132819518702226,0,0.5
3,4,44,logistic_regression,89,632,0,0.553782252215846,1,0.5
3,4,44,logistic_regression,96,701,1,0.41876538007916353,0,0.5
3,4,44,logistic_regression,97,678,0,0.46754431629621107,0,0.5
3,4,44,logistic_regression,110,619,0,0.4671568287771797,0,0.5
3,4,44,logistic_regression,117,570,0,0.4154977726306244,0,0.5
3,4,44,logistic_regression,120,627,0,0.5429258760707788,1,0.5
3,4,44,logistic_regression,121,579,0,0.43045684291338704,0,0.5
3,4,44,logistic_regression,124,571,0,0.5769087574101652,1,0.5
3,4,44,logistic_regression,127,520,0,0.5899967421805232,1,0.5
3,4,44,logistic_regression,134,568,0,0.8104802051294889,1,0.5
3,4,44,logistic_regression,135,465,0,0.5410534153209101,1,0.5
3,4,44,logistic_regression,155,507,0,0.4726741565077231,0,0.5
3,4,44,logistic_regression,161,490,0,0.4899543773631012,0,0.5
3,4,44,logistic_regression,163,509,1,0.41183546710697994,0,0.5
3,4,44,logistic_regression,167,461,0,0.5355877638040527,1,0.5
3,4,44,logistic_regression,177,468,0,0.4130560383013272,0,0.5
3,4,44,logistic_regression,180,414,0,0.5118012602323998,1,0.5
3,4,44,logistic_regression,181,462,0,0.46475313735608564,0,0.5
3,4,44,logistic_regression,182,392,0,0.434876508346357,0,0.5
3,4,44,logistic_regression,184,411,0,0.4972643672882495,0,0.5
3,4,44,logistic_regression,187,501,0,0.8008458836009056,1,0.5
3,4,44,logistic_regression,198,447,0,0.4995507759983609,0,0.5
3,4,44,logistic_regression,202,454,0,0.466591407704864,0,0.5
3,4,44,logistic_regression,203,494,1,0.7303488171138155,1,0.5
3,4,44,logistic_regression,215,372,0,0.4407627397579943,0,0.5
3,4,44,logistic_regression,219,324,0,0.40413833684419315,0,0.5
3,4,44,logistic_regression,225,511,0,0.34462503097256053,0,0.5
3,4,44,logistic_regression,226,409,0,0.48496372639291974,0,0.5
3,4,44,logistic_regression,230,304,0,0.40524818113336886,0,0.5
3,4,44,logistic_regression,239,497,0,0.525266427556549,1,0.5
3,4,44,logistic_regression,248,381,0,0.5011825079593019,1,0.5
3,4,44,logistic_regression,250,379,0,0.420492995229218,0,0.5
3,4,44,logistic_regression,255,379,0,0.420492995229218,0,0.5
3,4,44,logistic_regression,263,296,0,0.5332844342300238,1,0.5
3,4,44,logistic_regression,265,247,0,0.47408428420771487,0,0.5
3,4,44,logistic_regression,266,232,0,0.4110925750031456,0,0.5
3,4,44,logistic_regression,269,410,0,0.5058741075825116,1,0.5
3,4,44,logistic_regression,271,359,0,0.3969118172999498,0,0.5
3,4,44,logistic_regression,272,330,0,0.41967847625590077,0,0.5
3,4,44,logistic_regression,284,252,0,0.4287131405337015,0,0.5
3,4,44,logistic_regression,285,430,0,0.4512371061848366,0,0.5
3,4,44,logistic_regression,291,289,0,0.4522881006798371,0,0.5
3,4,44,logistic_regression,296,358,0,0.43382200945246835,0,0.5
3,4,44,logistic_regression,297,220,0,0.5044987082767269,1,0.5
3,4,44,logistic_regression,301,202,0,0.4530098246137418,0,0.5
3,4,44,logistic_regression,302,323,0,0.490195090451739,0,0.5
3,4,44,logistic_regression,313,370,0,0.37105666093537476,0,0.5
3,4,44,logistic_regression,317,170,0,0.42845397114167033,0,0.5
3,4,44,logistic_regression,322,180,0,0.42475460926041453,0,0.5
3,4,44,logistic_regression,324,654,0,0.4903969751546679,0,0.5
3,4,44,logistic_regression,331,446,0,0.5730603861581205,1,0.5
3,4,44,logistic_regression,334,229,0,0.42825182497949055,0,0.5
3,4,44,logistic_regression,345,276,1,0.35142880099634616,0,0.5
3,4,44,logistic_regression,349,235,0,0.3987350789223915,0,0.5
3,4,44,logistic_regression,353,223,0,0.40634784753166203,0,0.5
3,4,44,logistic_regression,354,811,0,0.5290599680852653,1,0.5
3,4,44,logistic_regression,355,140,0,0.7269803836758365,1,0.5
3,4,44,logistic_regression,369,82,0,0.4827651449222214,0,0.5
3,4,44,logistic_regression,382,400,0,0.38483312313348383,0,0.5
3,4,44,logistic_regression,383,134,1,0.4335524450437588,0,0.5
3,4,44,logistic_regression,384,78,0,0.7390889657293582,1,0.5
3,4,44,logistic_regression,386,90,0,0.4503330776068769,0,0.5
3,4,44,logistic_regression,388,185,0,0.3205734159576707,0,0.5
3,4,44,logistic_regression,395,82,0,0.4827651449222214,0,0.5
3,4,44,logistic_regression,400,55,0,0.38961070033968104,0,0.5
3,4,44,logistic_regression,404,88,0,0.4699725318104189,0,0.5
3,4,44,logistic_regression,408,60,0,0.4116639605438109,0,0.5
3,4,44,logistic_regression,413,698,0,0.5332666166750256,1,0.5
3,4,44,logistic_regression,418,47,0,0.7388767052246806,1,0.5
3,4,44,logistic_regression,422,89,0,0.43075001893027265,0,0.5
3,4,44,logistic_regression,425,35,0,0.4486526064306993,0,0.5
3,4,44,logistic_regression,428,29,0,0.4936484031956074,0,0.5
3,4,44,logistic_regression,432,600,0,0.5279603284043419,1,0.5
3,4,44,logistic_regression,443,10,0,0.41396545698522075,0,0.5
3,4,44,logistic_regression,446,107,0,0.4641671081479471,0,0.5
3,4,44,logistic_regression,449,75,0,0.42385014378517083,0,0.5
3,4,44,logistic_regression,451,32,0,0.4756287115535519,0,0.5
3,4,44,logistic_regression,453,10,0,0.41396545698522075,0,0.5
3,4,44,logistic_regression,457,18,0,0.38395624787347066,0,0.5
3,4,44,logistic_regression,458,35,0,0.4486526064306993,0,0.5
3,4,44,logistic_regression,460,5,0,0.3876383127440777,0,0.5
3,4,44,logistic_regression,471,94,0,0.40074926294854357,0,0.5
3,4,44,logistic_regression,481,608,0,0.48341693162530774,0,0.5
3,4,44,logistic_regression,487,483,0,0.49196838675536264,0,0.5
3,4,44,logistic_regression,489,151,0,0.36382514571026103,0,0.5
3,4,44,logistic_regression,497,356,0,0.4842071872237093,0,0.5
3,4,44,logistic_regression,498,663,0,0.7836735687738409,1,0.5
3,4,44,logistic_regression,499,614,0,0.48215645515471556,0,0.5
3,4,44,logistic_regression,501,610,0,0.5400587382484457,1,0.5
3,4,44,logistic_regression,511,38,0,0.3896207292450576,0,0.5
3,4,44,logistic_regression,519,123,0,0.4391849081826518,0,0.5
3,4,44,logistic_regression,542,146,0,0.37268630755050514,0,0.5
3,4,44,logistic_regression,546,213,0,0.7130005518057104,1,0.5
3,4,44,logistic_regression,554,20,0,0.34318160654804836,0,0.5
3,4,44,logistic_regression,557,458,0,0.4382947224449364,0,0.5
3,4,44,logistic_regression,559,162,0,0.4976250262926114,0,0.5
3,4,44,logistic_regression,569,802,0,0.4891692709139553,0,0.5
3,4,44,logistic_regression,570,559,0,0.487206681757539,0,0.5
3,4,44,logistic_regression,574,309,0,0.4406394940001304,0,0.5
3,4,44,logistic_regression,580,55,0,0.38961070033968104,0,0.5
3,4,44,logistic_regression,581,59,0,0.4292866942578442,0,0.5
3,4,44,logistic_regression,599,176,0,0.4332402869020412,0,0.5
3,4,44,logistic_regression,600,506,0,0.44791891172202414,0,0.5
3,4,44,logistic_regression,612,225,0,0.41429210185910864,0,0.5
3,4,44,logistic_regression,616,376,0,0.49809049534097627,0,0.5
3,4,44,logistic_regression,618,130,0,0.3892167944044015,0,0.5
3,4,44,logistic_regression,619,320,0,0.481011717135927,0,0.5
3,4,44,logistic_regression,620,363,0,0.4404016794216491,0,0.5
3,4,44,logistic_regression,637,493,0,0.5848400061155291,1,0.5
3,4,44,logistic_regression,639,52,0,0.44566214860994635,0,0.5
3,4,44,logistic_regression,641,761,0,0.45692185584505085,0,0.5
3,4,44,logistic_regression,654,810,0,0.5639338401954549,1,0.5
3,4,44,logistic_regression,655,236,1,0.4125978647326331,0,0.5
3,4,44,logistic_regression,662,502,0,0.3387130273886442,0,0.5
3,4,44,logistic_regression,663,310,0,0.5021251439602755,1,0.5
3,4,44,logistic_regression,664,756,1,0.6613072487863246,1,0.5
3,4,44,logistic_regression,668,830,0,0.7571397320357965,1,0.5
3,4,44,logistic_regression,672,0,0,0.44420414940680797,0,0.5
3,4,44,logistic_regression,673,819,1,0.5773991496759043,1,0.5
3,4,44,logistic_regression,681,793,0,0.512374200972707,1,0.5
3,4,44,logistic_regression,682,827,0,0.7219821779086325,1,0.5
3,4,44,logistic_regression,684,815,0,0.5843258182852613,1,0.5
3,4,44,logistic_regression,686,704,1,0.4170667560673976,0,0.5
3,4,44,logistic_regression,694,486,0,0.47271458446710884,0,0.5
3,4,44,logistic_regression,702,439,0,0.3597730659754051,0,0.5
3,4,44,logistic_regression,716,144,0,0.4465770818400649,0,0.5
3,4,44,logistic_regression,720,427,0,0.4534782295939902,0,0.5
3,4,44,logistic_regression,724,554,0,0.4572443069971051,0,0.5
3,4,44,logistic_regression,726,530,0,0.5321796006107167,1,0.5
3,4,44,logistic_regression,728,623,0,0.5012220774558055,1,0.5
3,4,44,logistic_regression,748,393,0,0.39383274268794816,0,0.5
3,4,44,logistic_regression,751,778,0,0.4687237736328347,0,0.5
3,4,44,logistic_regression,760,44,0,0.6845605890770762,1,0.5
3,4,44,logistic_regression,786,401,1,0.8160621442737883,1,0.5
3,4,44,logistic_regression,787,256,0,0.508074242722703,1,0.5
3,4,44,logistic_regression,788,752,0,0.8009525175905123,1,0.5
3,4,44,logistic_regression,789,164,0,0.7283315127134138,1,0.5
3,4,44,logistic_regression,793,353,0,0.463932006104709,0,0.5
3,4,44,logistic_regression,798,396,0,0.43122147627799085,0,0.5
3,4,44,logistic_regression,807,717,0,0.5355616697474163,1,0.5
3,4,44,logistic_regression,816,233,0,0.42558206451646263,0,0.5
3,4,44,logistic_regression,818,700,0,0.3974564734516626,0,0.5
3,4,44,logistic_regression,824,720,0,0.514476550440813,1,0.5
3,4,44,logistic_regression,826,650,0,0.4310838191024494,0,0.5
3,4,44,logistic_regression,827,688,0,0.4750095227112351,0,0.5
3,4,44,logistic_regression,831,777,0,0.787263040468295,1,0.5
3,4,44,logistic_regression,839,601,0,0.4705658018478789,0,0.5
3,4,44,logistic_regression,840,346,0,0.4911151834982803,0,0.5
3,4,44,logistic_regression,841,297,0,0.4299454096618254,0,0.5
3,4,44,logistic_regression,847,574,0,0.45172970064065643,0,0.5
3,4,44,logistic_regression,849,620,0,0.3481886651547253,0,0.5
3,4,44,logistic_regression,854,616,0,0.4975472801425044,0,0.5
3,4,44,xgboost,2,660,0,0.19642838835716248,0,0.5
3,4,44,xgboost,10,807,0,0.04060055688023567,0,0.5
3,4,44,xgboost,12,812,0,0.0460842065513134,0,0.5
3,4,44,xgboost,16,790,0,0.04262861981987953,0,0.5
3,4,44,xgboost,17,799,0,0.03048623539507389,0,0.5
3,4,44,xgboost,28,742,0,0.04201531410217285,0,0.5
3,4,44,xgboost,33,734,0,0.16090697050094604,0,0.5
3,4,44,xgboost,42,724,0,0.4853183925151825,0,0.5
3,4,44,xgboost,44,740,1,0.15618258714675903,0,0.5
3,4,44,xgboost,45,709,0,0.6713451743125916,1,0.5
3,4,44,xgboost,55,789,0,0.041905369609594345,0,0.5
3,4,44,xgboost,65,736,0,0.42360982298851013,0,0.5
3,4,44,xgboost,69,705,0,0.03325193002820015,0,0.5
3,4,44,xgboost,71,677,0,0.4116324484348297,0,0.5
3,4,44,xgboost,74,681,0,0.24181966483592987,0,0.5
3,4,44,xgboost,76,675,0,0.011729318648576736,0,0.5
3,4,44,xgboost,78,693,0,0.10508083552122116,0,0.5
3,4,44,xgboost,79,684,0,0.31904637813568115,0,0.5
3,4,44,xgboost,88,618,0,0.06937146931886673,0,0.5
3,4,44,xgboost,89,632,0,0.41543692350387573,0,0.5
3,4,44,xgboost,96,701,1,0.04019291326403618,0,0.5
3,4,44,xgboost,97,678,0,0.4392736554145813,0,0.5
3,4,44,xgboost,110,619,0,0.09924553334712982,0,0.5
3,4,44,xgboost,117,570,0,0.14053402841091156,0,0.5
3,4,44,xgboost,120,627,0,0.3123915195465088,0,0.5
3,4,44,xgboost,121,579,0,0.06028557941317558,0,0.5
3,4,44,xgboost,124,571,0,0.5253673791885376,1,0.5
3,4,44,xgboost,127,520,0,0.37776434421539307,0,0.5
3,4,44,xgboost,134,568,0,0.10228327661752701,0,0.5
3,4,44,xgboost,135,465,0,0.3344688415527344,0,0.5
3,4,44,xgboost,155,507,0,0.18252936005592346,0,0.5
3,4,44,xgboost,161,490,0,0.29331839084625244,0,0.5
3,4,44,xgboost,163,509,1,0.050035588443279266,0,0.5
3,4,44,xgboost,167,461,0,0.6224356293678284,1,0.5
3,4,44,xgboost,177,468,0,0.1728210151195526,0,0.5
3,4,44,xgboost,180,414,0,0.10850342363119125,0,0.5
3,4,44,xgboost,181,462,0,0.22853127121925354,0,0.5
3,4,44,xgboost,182,392,0,0.6579227447509766,1,0.5
3,4,44,xgboost,184,411,0,0.545441210269928,1,0.5
3,4,44,xgboost,187,501,0,0.12513965368270874,0,0.5
3,4,44,xgboost,198,447,0,0.21067924797534943,0,0.5
3,4,44,xgboost,202,454,0,0.19777493178844452,0,0.5
3,4,44,xgboost,203,494,1,0.8307965993881226,1,0.5
3,4,44,xgboost,215,372,0,0.06331802159547806,0,0.5
3,4,44,xgboost,219,324,0,0.039338115602731705,0,0.5
3,4,44,xgboost,225,511,0,0.09888098388910294,0,0.5
3,4,44,xgboost,226,409,0,0.21409861743450165,0,0.5
3,4,44,xgboost,230,304,0,0.1329573541879654,0,0.5
3,4,44,xgboost,239,497,0,0.1969270557165146,0,0.5
3,4,44,xgboost,248,381,0,0.15657371282577515,0,0.5
3,4,44,xgboost,250,379,0,0.5033604502677917,1,0.5
3,4,44,xgboost,255,379,0,0.5033604502677917,1,0.5
3,4,44,xgboost,263,296,0,0.016807056963443756,0,0.5
3,4,44,xgboost,265,247,0,0.4791693091392517,0,0.5
3,4,44,xgboost,266,232,0,0.36087682843208313,0,0.5
3,4,44,xgboost,269,410,0,0.4495615065097809,0,0.5
3,4,44,xgboost,271,359,0,0.22547553479671478,0,0.5
3,4,44,xgboost,272,330,0,0.18331807851791382,0,0.5
3,4,44,xgboost,284,252,0,0.3424746096134186,0,0.5
3,4,44,xgboost,285,430,0,0.07130168378353119,0,0.5
3,4,44,xgboost,291,289,0,0.3818487823009491,0,0.5
3,4,44,xgboost,296,358,0,0.24727609753608704,0,0.5
3,4,44,xgboost,297,220,0,0.6665928959846497,1,0.5
3,4,44,xgboost,301,202,0,0.30228009819984436,0,0.5
3,4,44,xgboost,302,323,0,0.02342771552503109,0,0.5
3,4,44,xgboost,313,370,0,0.04417303204536438,0,0.5
3,4,44,xgboost,317,170,0,0.17535269260406494,0,0.5
3,4,44,xgboost,322,180,0,0.5807162523269653,1,0.5
3,4,44,xgboost,324,654,0,0.17204910516738892,0,0.5
3,4,44,xgboost,331,446,0,0.17079532146453857,0,0.5
3,4,44,xgboost,334,229,0,0.6265653371810913,1,0.5
3,4,44,xgboost,345,276,1,0.11308009177446365,0,0.5
3,4,44,xgboost,349,235,0,0.32981184124946594,0,0.5
3,4,44,xgboost,353,223,0,0.14974434673786163,0,0.5
3,4,44,xgboost,354,811,0,0.46355098485946655,0,0.5
3,4,44,xgboost,355,140,0,0.619316577911377,1,0.5
3,4,44,xgboost,369,82,0,0.26719921827316284,0,0.5
3,4,44,xgboost,382,400,0,0.05221923440694809,0,0.5
3,4,44,xgboost,383,134,1,0.19569891691207886,0,0.5
3,4,44,xgboost,384,78,0,0.5862410068511963,1,0.5
3,4,44,xgboost,386,90,0,0.25879478454589844,0,0.5
3,4,44,xgboost,388,185,0,0.2097238004207611,0,0.5
3,4,44,xgboost,395,82,0,0.26719921827316284,0,0.5
3,4,44,xgboost,400,55,0,0.41873639822006226,0,0.5
3,4,44,xgboost,404,88,0,0.45405784249305725,0,0.5
3,4,44,xgboost,408,60,0,0.1330973207950592,0,0.5
3,4,44,xgboost,413,698,0,0.0731421411037445,0,0.5
3,4,44,xgboost,418,47,0,0.5454940795898438,1,0.5
3,4,44,xgboost,422,89,0,0.5634655952453613,1,0.5
3,4,44,xgboost,425,35,0,0.27186551690101624,0,0.5
3,4,44,xgboost,428,29,0,0.1754818558692932,0,0.5
3,4,44,xgboost,432,600,0,0.17115256190299988,0,0.5
3,4,44,xgboost,443,10,0,0.08873554319143295,0,0.5
3,4,44,xgboost,446,107,0,0.29152098298072815,0,0.5
3,4,44,xgboost,449,75,0,0.2222028374671936,0,0.5
3,4,44,xgboost,451,32,0,0.09609848260879517,0,0.5
3,4,44,xgboost,453,10,0,0.08873554319143295,0,0.5
3,4,44,xgboost,457,18,0,0.026980925351381302,0,0.5
3,4,44,xgboost,458,35,0,0.27186551690101624,0,0.5
3,4,44,xgboost,460,5,0,0.027726350352168083,0,0.5
3,4,44,xgboost,471,94,0,0.131391704082489,0,0.5
3,4,44,xgboost,481,608,0,0.5535786747932434,1,0.5
3,4,44,xgboost,487,483,0,0.2225092053413391,0,0.5
3,4,44,xgboost,489,151,0,0.05203775316476822,0,0.5
3,4,44,xgboost,497,356,0,0.42590880393981934,0,0.5
3,4,44,xgboost,498,663,0,0.3487184941768646,0,0.5
3,4,44,xgboost,499,614,0,0.4141726493835449,0,0.5
3,4,44,xgboost,501,610,0,0.11436052620410919,0,0.5
3,4,44,xgboost,511,38,0,0.12570299208164215,0,0.5
3,4,44,xgboost,519,123,0,0.44126880168914795,0,0.5
3,4,44,xgboost,542,146,0,0.06869225203990936,0,0.5
3,4,44,xgboost,546,213,0,0.6698983311653137,1,0.5
3,4,44,xgboost,554,20,0,0.2066533863544464,0,0.5
3,4,44,xgboost,557,458,0,0.7070972323417664,1,0.5
3,4,44,xgboost,559,162,0,0.2833639085292816,0,0.5
3,4,44,xgboost,569,802,0,0.03000693768262863,0,0.5
3,4,44,xgboost,570,559,0,0.2988719642162323,0,0.5
3,4,44,xgboost,574,309,0,0.1290433406829834,0,0.5
3,4,44,xgboost,580,55,0,0.41873639822006226,0,0.5
3,4,44,xgboost,581,59,0,0.14611485600471497,0,0.5
3,4,44,xgboost,599,176,0,0.2941800653934479,0,0.5
3,4,44,xgboost,600,506,0,0.0787336602807045,0,0.5
3,4,44,xgboost,612,225,0,0.7181833386421204,1,0.5
3,4,44,xgboost,616,376,0,0.08716167509555817,0,0.5
3,4,44,xgboost,618,130,0,0.3970726728439331,0,0.5
3,4,44,xgboost,619,320,0,0.2545850872993469,0,0.5
3,4,44,xgboost,620,363,0,0.23919829726219177,0,0.5
3,4,44,xgboost,637,493,0,0.14360935986042023,0,0.5
3,4,44,xgboost,639,52,0,0.1807839721441269,0,0.5
3,4,44,xgboost,641,761,0,0.19187086820602417,0,0.5
3,4,44,xgboost,654,810,0,0.12601760029792786,0,0.5
3,4,44,xgboost,655,236,1,0.5909107327461243,1,0.5
3,4,44,xgboost,662,502,0,0.10227412730455399,0,0.5
3,4,44,xgboost,663,310,0,0.44800859689712524,0,0.5
3,4,44,xgboost,664,756,1,0.8217926621437073,1,0.5
3,4,44,xgboost,668,830,0,0.14167088270187378,0,0.5
3,4,44,xgboost,672,0,0,0.05710645765066147,0,0.5
3,4,44,xgboost,673,819,1,0.33274045586586,0,0.5
3,4,44,xgboost,681,793,0,0.09524134546518326,0,0.5
3,4,44,xgboost,682,827,0,0.2078910619020462,0,0.5
3,4,44,xgboost,684,815,0,0.06941165030002594,0,0.5
3,4,44,xgboost,686,704,1,0.1224089190363884,0,0.5
3,4,44,xgboost,694,486,0,0.5438500642776489,1,0.5
3,4,44,xgboost,702,439,0,0.2098878175020218,0,0.5
3,4,44,xgboost,716,144,0,0.4573897123336792,0,0.5
3,4,44,xgboost,720,427,0,0.28171780705451965,0,0.5
3,4,44,xgboost,724,554,0,0.14403480291366577,0,0.5
3,4,44,xgboost,726,530,0,0.47960641980171204,0,0.5
3,4,44,xgboost,728,623,0,0.0547252856194973,0,0.5
3,4,44,xgboost,748,393,0,0.12690788507461548,0,0.5
3,4,44,xgboost,751,778,0,0.3760893940925598,0,0.5
3,4,44,xgboost,760,44,0,0.5376061201095581,1,0.5
3,4,44,xgboost,786,401,1,0.038978900760412216,0,0.5
3,4,44,xgboost,787,256,0,0.11376501619815826,0,0.5
3,4,44,xgboost,788,752,0,0.4912917912006378,0,0.5
3,4,44,xgboost,789,164,0,0.8484340906143188,1,0.5
3,4,44,xgboost,793,353,0,0.16175608336925507,0,0.5
3,4,44,xgboost,798,396,0,0.41259822249412537,0,0.5
3,4,44,xgboost,807,717,0,0.09404007345438004,0,0.5
3,4,44,xgboost,816,233,0,0.3818069100379944,0,0.5
3,4,44,xgboost,818,700,0,0.14108353853225708,0,0.5
3,4,44,xgboost,824,720,0,0.11812185496091843,0,0.5
3,4,44,xgboost,826,650,0,0.3994349241256714,0,0.5
3,4,44,xgboost,827,688,0,0.2781694531440735,0,0.5
3,4,44,xgboost,831,777,0,0.4290313124656677,0,0.5
3,4,44,xgboost,839,601,0,0.16916780173778534,0,0.5
3,4,44,xgboost,840,346,0,0.04782753437757492,0,0.5
3,4,44,xgboost,841,297,0,0.22589439153671265,0,0.5
3,4,44,xgboost,847,574,0,0.06208224222064018,0,0.5
3,4,44,xgboost,849,620,0,0.10233107954263687,0,0.5
3,4,44,xgboost,854,616,0,0.057091403752565384,0,0.5
3,5,44,dummy_prior,3,825,0,0.06404657933042213,0,0.5
3,5,44,dummy_prior,4,816,0,0.06404657933042213,0,0.5
3,5,44,dummy_prior,6,823,1,0.06404657933042213,0,0.5
3,5,44,dummy_prior,9,804,0,0.06404657933042213,0,0.5
3,5,44,dummy_prior,14,798,0,0.06404657933042213,0,0.5
3,5,44,dummy_prior,20,797,0,0.06404657933042213,0,0.5
3,5,44,dummy_prior,26,765,0,0.06404657933042213,0,0.5
3,5,44,dummy_prior,27,759,0,0.06404657933042213,0,0.5
3,5,44,dummy_prior,30,782,0,0.06404657933042213,0,0.5
3,5,44,dummy_prior,31,771,0,0.06404657933042213,0,0.5
3,5,44,dummy_prior,32,738,0,0.06404657933042213,0,0.5
3,5,44,dummy_prior,36,760,0,0.06404657933042213,0,0.5
3,5,44,dummy_prior,37,747,0,0.06404657933042213,0,0.5
3,5,44,dummy_prior,43,723,0,0.06404657933042213,0,0.5
3,5,44,dummy_prior,47,770,0,0.06404657933042213,0,0.5
3,5,44,dummy_prior,49,739,0,0.06404657933042213,0,0.5
3,5,44,dummy_prior,51,715,0,0.06404657933042213,0,0.5
3,5,44,dummy_prior,52,729,0,0.06404657933042213,0,0.5
3,5,44,dummy_prior,58,683,0,0.06404657933042213,0,0.5
3,5,44,dummy_prior,60,673,0,0.06404657933042213,0,0.5
3,5,44,dummy_prior,66,673,0,0.06404657933042213,0,0.5
3,5,44,dummy_prior,68,696,0,0.06404657933042213,0,0.5
3,5,44,dummy_prior,72,664,0,0.06404657933042213,0,0.5
3,5,44,dummy_prior,73,685,0,0.06404657933042213,0,0.5
3,5,44,dummy_prior,82,615,0,0.06404657933042213,0,0.5
3,5,44,dummy_prior,84,713,0,0.06404657933042213,0,0.5
3,5,44,dummy_prior,101,580,0,0.06404657933042213,0,0.5
3,5,44,dummy_prior,103,754,1,0.06404657933042213,0,0.5
3,5,44,dummy_prior,109,612,0,0.06404657933042213,0,0.5
3,5,44,dummy_prior,112,573,0,0.06404657933042213,0,0.5
3,5,44,dummy_prior,119,498,0,0.06404657933042213,0,0.5
3,5,44,dummy_prior,122,592,0,0.06404657933042213,0,0.5
3,5,44,dummy_prior,123,542,0,0.06404657933042213,0,0.5
3,5,44,dummy_prior,137,537,0,0.06404657933042213,0,0.5
3,5,44,dummy_prior,143,480,0,0.06404657933042213,0,0.5
3,5,44,dummy_prior,145,595,0,0.06404657933042213,0,0.5
3,5,44,dummy_prior,146,576,0,0.06404657933042213,0,0.5
3,5,44,dummy_prior,149,594,0,0.06404657933042213,0,0.5
3,5,44,dummy_prior,159,463,0,0.06404657933042213,0,0.5
3,5,44,dummy_prior,168,535,0,0.06404657933042213,0,0.5
3,5,44,dummy_prior,170,434,0,0.06404657933042213,0,0.5
3,5,44,dummy_prior,172,522,0,0.06404657933042213,0,0.5
3,5,44,dummy_prior,183,491,0,0.06404657933042213,0,0.5
3,5,44,dummy_prior,194,397,0,0.06404657933042213,0,0.5
3,5,44,dummy_prior,197,442,0,0.06404657933042213,0,0.5
3,5,44,dummy_prior,207,437,0,0.06404657933042213,0,0.5
3,5,44,dummy_prior,211,453,0,0.06404657933042213,0,0.5
3,5,44,dummy_prior,221,407,0,0.06404657933042213,0,0.5
3,5,44,dummy_prior,228,585,0,0.06404657933042213,0,0.5
3,5,44,dummy_prior,229,466,0,0.06404657933042213,0,0.5
3,5,44,dummy_prior,235,378,0,0.06404657933042213,0,0.5
3,5,44,dummy_prior,238,536,0,0.06404657933042213,0,0.5
3,5,44,dummy_prior,243,402,0,0.06404657933042213,0,0.5
3,5,44,dummy_prior,246,487,0,0.06404657933042213,0,0.5
3,5,44,dummy_prior,257,273,1,0.06404657933042213,0,0.5
3,5,44,dummy_prior,259,329,0,0.06404657933042213,0,0.5
3,5,44,dummy_prior,260,485,0,0.06404657933042213,0,0.5
3,5,44,dummy_prior,267,265,0,0.06404657933042213,0,0.5
3,5,44,dummy_prior,268,305,0,0.06404657933042213,0,0.5
3,5,44,dummy_prior,275,237,0,0.06404657933042213,0,0.5
3,5,44,dummy_prior,277,168,0,0.06404657933042213,0,0.5
3,5,44,dummy_prior,280,303,0,0.06404657933042213,0,0.5
3,5,44,dummy_prior,286,240,0,0.06404657933042213,0,0.5
3,5,44,dummy_prior,287,272,0,0.06404657933042213,0,0.5
3,5,44,dummy_prior,299,319,0,0.06404657933042213,0,0.5
3,5,44,dummy_prior,304,331,0,0.06404657933042213,0,0.5
3,5,44,dummy_prior,308,382,0,0.06404657933042213,0,0.5
3,5,44,dummy_prior,309,322,0,0.06404657933042213,0,0.5
3,5,44,dummy_prior,310,307,0,0.06404657933042213,0,0.5
3,5,44,dummy_prior,314,215,1,0.06404657933042213,0,0.5
3,5,44,dummy_prior,325,169,1,0.06404657933042213,0,0.5
3,5,44,dummy_prior,327,173,0,0.06404657933042213,0,0.5
3,5,44,dummy_prior,328,197,0,0.06404657933042213,0,0.5
3,5,44,dummy_prior,333,274,0,0.06404657933042213,0,0.5
3,5,44,dummy_prior,344,79,0,0.06404657933042213,0,0.5
3,5,44,dummy_prior,352,152,0,0.06404657933042213,0,0.5
3,5,44,dummy_prior,356,79,0,0.06404657933042213,0,0.5
3,5,44,dummy_prior,358,212,0,0.06404657933042213,0,0.5
3,5,44,dummy_prior,363,72,0,0.06404657933042213,0,0.5
3,5,44,dummy_prior,364,147,0,0.06404657933042213,0,0.5
3,5,44,dummy_prior,372,242,0,0.06404657933042213,0,0.5
3,5,44,dummy_prior,375,249,0,0.06404657933042213,0,0.5
3,5,44,dummy_prior,377,172,1,0.06404657933042213,0,0.5
3,5,44,dummy_prior,378,86,0,0.06404657933042213,0,0.5
3,5,44,dummy_prior,381,145,0,0.06404657933042213,0,0.5
3,5,44,dummy_prior,392,120,0,0.06404657933042213,0,0.5
3,5,44,dummy_prior,394,184,0,0.06404657933042213,0,0.5
3,5,44,dummy_prior,401,210,0,0.06404657933042213,0,0.5
3,5,44,dummy_prior,412,87,0,0.06404657933042213,0,0.5
3,5,44,dummy_prior,417,158,0,0.06404657933042213,0,0.5
3,5,44,dummy_prior,423,51,0,0.06404657933042213,0,0.5
3,5,44,dummy_prior,426,114,0,0.06404657933042213,0,0.5
3,5,44,dummy_prior,427,161,0,0.06404657933042213,0,0.5
3,5,44,dummy_prior,430,153,0,0.06404657933042213,0,0.5
3,5,44,dummy_prior,434,192,1,0.06404657933042213,0,0.5
3,5,44,dummy_prior,444,80,0,0.06404657933042213,0,0.5
3,5,44,dummy_prior,450,34,0,0.06404657933042213,0,0.5
3,5,44,dummy_prior,452,46,0,0.06404657933042213,0,0.5
3,5,44,dummy_prior,455,77,0,0.06404657933042213,0,0.5
3,5,44,dummy_prior,463,1,0,0.06404657933042213,0,0.5
3,5,44,dummy_prior,467,41,0,0.06404657933042213,0,0.5
3,5,44,dummy_prior,469,16,0,0.06404657933042213,0,0.5
3,5,44,dummy_prior,470,764,0,0.06404657933042213,0,0.5
3,5,44,dummy_prior,472,682,1,0.06404657933042213,0,0.5
3,5,44,dummy_prior,473,787,0,0.06404657933042213,0,0.5
3,5,44,dummy_prior,480,575,0,0.06404657933042213,0,0.5
3,5,44,dummy_prior,485,286,0,0.06404657933042213,0,0.5
3,5,44,dummy_prior,493,86,0,0.06404657933042213,0,0.5
3,5,44,dummy_prior,494,165,0,0.06404657933042213,0,0.5
3,5,44,dummy_prior,500,763,0,0.06404657933042213,0,0.5
3,5,44,dummy_prior,506,711,0,0.06404657933042213,0,0.5
3,5,44,dummy_prior,509,384,0,0.06404657933042213,0,0.5
3,5,44,dummy_prior,512,671,0,0.06404657933042213,0,0.5
3,5,44,dummy_prior,514,476,0,0.06404657933042213,0,0.5
3,5,44,dummy_prior,523,624,0,0.06404657933042213,0,0.5
3,5,44,dummy_prior,525,46,0,0.06404657933042213,0,0.5
3,5,44,dummy_prior,528,547,0,0.06404657933042213,0,0.5
3,5,44,dummy_prior,533,425,0,0.06404657933042213,0,0.5
3,5,44,dummy_prior,543,40,0,0.06404657933042213,0,0.5
3,5,44,dummy_prior,552,105,0,0.06404657933042213,0,0.5
3,5,44,dummy_prior,556,772,0,0.06404657933042213,0,0.5
3,5,44,dummy_prior,560,748,0,0.06404657933042213,0,0.5
3,5,44,dummy_prior,561,208,0,0.06404657933042213,0,0.5
3,5,44,dummy_prior,562,282,0,0.06404657933042213,0,0.5
3,5,44,dummy_prior,563,712,0,0.06404657933042213,0,0.5
3,5,44,dummy_prior,579,730,0,0.06404657933042213,0,0.5
3,5,44,dummy_prior,584,562,0,0.06404657933042213,0,0.5
3,5,44,dummy_prior,585,648,0,0.06404657933042213,0,0.5
3,5,44,dummy_prior,588,813,0,0.06404657933042213,0,0.5
3,5,44,dummy_prior,594,193,0,0.06404657933042213,0,0.5
3,5,44,dummy_prior,596,83,0,0.06404657933042213,0,0.5
3,5,44,dummy_prior,604,318,0,0.06404657933042213,0,0.5
3,5,44,dummy_prior,605,183,0,0.06404657933042213,0,0.5
3,5,44,dummy_prior,617,157,0,0.06404657933042213,0,0.5
3,5,44,dummy_prior,625,92,0,0.06404657933042213,0,0.5
3,5,44,dummy_prior,627,280,0,0.06404657933042213,0,0.5
3,5,44,dummy_prior,645,471,0,0.06404657933042213,0,0.5
3,5,44,dummy_prior,670,817,1,0.06404657933042213,0,0.5
3,5,44,dummy_prior,674,795,0,0.06404657933042213,0,0.5
3,5,44,dummy_prior,679,822,0,0.06404657933042213,0,0.5
3,5,44,dummy_prior,693,98,1,0.06404657933042213,0,0.5
3,5,44,dummy_prior,700,479,0,0.06404657933042213,0,0.5
3,5,44,dummy_prior,710,449,0,0.06404657933042213,0,0.5
3,5,44,dummy_prior,711,128,0,0.06404657933042213,0,0.5
3,5,44,dummy_prior,713,31,0,0.06404657933042213,0,0.5
3,5,44,dummy_prior,717,731,0,0.06404657933042213,0,0.5
3,5,44,dummy_prior,722,325,0,0.06404657933042213,0,0.5
3,5,44,dummy_prior,723,124,0,0.06404657933042213,0,0.5
3,5,44,dummy_prior,734,564,0,0.06404657933042213,0,0.5
3,5,44,dummy_prior,737,177,0,0.06404657933042213,0,0.5
3,5,44,dummy_prior,741,129,0,0.06404657933042213,0,0.5
3,5,44,dummy_prior,742,156,0,0.06404657933042213,0,0.5
3,5,44,dummy_prior,754,508,1,0.06404657933042213,0,0.5
3,5,44,dummy_prior,765,398,0,0.06404657933042213,0,0.5
3,5,44,dummy_prior,769,415,0,0.06404657933042213,0,0.5
3,5,44,dummy_prior,772,113,0,0.06404657933042213,0,0.5
3,5,44,dummy_prior,776,45,0,0.06404657933042213,0,0.5
3,5,44,dummy_prior,780,110,0,0.06404657933042213,0,0.5
3,5,44,dummy_prior,785,480,0,0.06404657933042213,0,0.5
3,5,44,dummy_prior,795,690,0,0.06404657933042213,0,0.5
3,5,44,dummy_prior,803,106,0,0.06404657933042213,0,0.5
3,5,44,dummy_prior,804,543,0,0.06404657933042213,0,0.5
3,5,44,dummy_prior,810,116,0,0.06404657933042213,0,0.5
3,5,44,dummy_prior,819,2,0,0.06404657933042213,0,0.5
3,5,44,dummy_prior,828,634,0,0.06404657933042213,0,0.5
3,5,44,dummy_prior,834,569,0,0.06404657933042213,0,0.5
3,5,44,dummy_prior,836,743,0,0.06404657933042213,0,0.5
3,5,44,dummy_prior,838,694,0,0.06404657933042213,0,0.5
3,5,44,dummy_prior,850,117,0,0.06404657933042213,0,0.5
3,5,44,dummy_prior,855,377,0,0.06404657933042213,0,0.5
3,5,44,dummy_prior,856,635,0,0.06404657933042213,0,0.5
3,5,44,logistic_regression,3,825,0,0.6970287221215499,1,0.5
3,5,44,logistic_regression,4,816,0,0.6736994533097624,1,0.5
3,5,44,logistic_regression,6,823,1,0.5931346601731926,1,0.5
3,5,44,logistic_regression,9,804,0,0.4591990014622427,0,0.5
3,5,44,logistic_regression,14,798,0,0.5552058924847526,1,0.5
3,5,44,logistic_regression,20,797,0,0.6623166177265819,1,0.5
3,5,44,logistic_regression,26,765,0,0.5491544089091701,1,0.5
3,5,44,logistic_regression,27,759,0,0.4542242936889548,0,0.5
3,5,44,logistic_regression,30,782,0,0.8062214223879841,1,0.5
3,5,44,logistic_regression,31,771,0,0.7892141521327627,1,0.5
3,5,44,logistic_regression,32,738,0,0.351351318156825,0,0.5
3,5,44,logistic_regression,36,760,0,0.43093504763024404,0,0.5
3,5,44,logistic_regression,37,747,0,0.42424860380092916,0,0.5
3,5,44,logistic_regression,43,723,0,0.45833899217138085,0,0.5
3,5,44,logistic_regression,47,770,0,0.5262729322123326,1,0.5
3,5,44,logistic_regression,49,739,0,0.42460423192397484,0,0.5
3,5,44,logistic_regression,51,715,0,0.45255026174146573,0,0.5
3,5,44,logistic_regression,52,729,0,0.44135024594703215,0,0.5
3,5,44,logistic_regression,58,683,0,0.4247178883911617,0,0.5
3,5,44,logistic_regression,60,673,0,0.4992861728811262,0,0.5
3,5,44,logistic_regression,66,673,0,0.4992861728811262,0,0.5
3,5,44,logistic_regression,68,696,0,0.8208423929010734,1,0.5
3,5,44,logistic_regression,72,664,0,0.4170227297115418,0,0.5
3,5,44,logistic_regression,73,685,0,0.44499341387148283,0,0.5
3,5,44,logistic_regression,82,615,0,0.508422099557895,1,0.5
3,5,44,logistic_regression,84,713,0,0.2961281461003082,0,0.5
3,5,44,logistic_regression,101,580,0,0.8623807936373075,1,0.5
3,5,44,logistic_regression,103,754,1,0.6536811960223158,1,0.5
3,5,44,logistic_regression,109,612,0,0.41600322372704523,0,0.5
3,5,44,logistic_regression,112,573,0,0.819482379611902,1,0.5
3,5,44,logistic_regression,119,498,0,0.456293790370446,0,0.5
3,5,44,logistic_regression,122,592,0,0.4755062818822836,0,0.5
3,5,44,logistic_regression,123,542,0,0.7510484324159289,1,0.5
3,5,44,logistic_regression,137,537,0,0.43359395557016367,0,0.5
3,5,44,logistic_regression,143,480,0,0.4039517023652542,0,0.5
3,5,44,logistic_regression,145,595,0,0.48271868877375645,0,0.5
3,5,44,logistic_regression,146,576,0,0.5249821589468592,1,0.5
3,5,44,logistic_regression,149,594,0,0.4179365917191317,0,0.5
3,5,44,logistic_regression,159,463,0,0.5165407933507205,1,0.5
3,5,44,logistic_regression,168,535,0,0.532302391813165,1,0.5
3,5,44,logistic_regression,170,434,0,0.263146886187524,0,0.5
3,5,44,logistic_regression,172,522,0,0.5511939413040522,1,0.5
3,5,44,logistic_regression,183,491,0,0.44102043730860685,0,0.5
3,5,44,logistic_regression,194,397,0,0.4360344877563251,0,0.5
3,5,44,logistic_regression,197,442,0,0.43767163699915573,0,0.5
3,5,44,logistic_regression,207,437,0,0.42322621724411374,0,0.5
3,5,44,logistic_regression,211,453,0,0.4378564045371727,0,0.5
3,5,44,logistic_regression,221,407,0,0.44678714124780794,0,0.5
3,5,44,logistic_regression,228,585,0,0.41322771942252995,0,0.5
3,5,44,logistic_regression,229,466,0,0.50382642068785,1,0.5
3,5,44,logistic_regression,235,378,0,0.4069971805671876,0,0.5
3,5,44,logistic_regression,238,536,0,0.5135741049144289,1,0.5
3,5,44,logistic_regression,243,402,0,0.4362084881249219,0,0.5
3,5,44,logistic_regression,246,487,0,0.516880591301629,1,0.5
3,5,44,logistic_regression,257,273,1,0.6978886439288248,1,0.5
3,5,44,logistic_regression,259,329,0,0.5935198656217852,1,0.5
3,5,44,logistic_regression,260,485,0,0.48121841566586493,0,0.5
3,5,44,logistic_regression,267,265,0,0.40168377470193267,0,0.5
3,5,44,logistic_regression,268,305,0,0.44340662593401187,0,0.5
3,5,44,logistic_regression,275,237,0,0.44013788378384733,0,0.5
3,5,44,logistic_regression,277,168,0,0.42534005574952855,0,0.5
3,5,44,logistic_regression,280,303,0,0.4342634340256182,0,0.5
3,5,44,logistic_regression,286,240,0,0.4456770549425129,0,0.5
3,5,44,logistic_regression,287,272,0,0.41634191662070397,0,0.5
3,5,44,logistic_regression,299,319,0,0.4120300671789124,0,0.5
3,5,44,logistic_regression,304,331,0,0.4046497922430002,0,0.5
3,5,44,logistic_regression,308,382,0,0.4794838150074276,0,0.5
3,5,44,logistic_regression,309,322,0,0.7181878598513569,1,0.5
3,5,44,logistic_regression,310,307,0,0.40619027431408455,0,0.5
3,5,44,logistic_regression,314,215,1,0.4342884479072505,0,0.5
3,5,44,logistic_regression,325,169,1,0.5277375714973955,1,0.5
3,5,44,logistic_regression,327,173,0,0.4306178576845839,0,0.5
3,5,44,logistic_regression,328,197,0,0.41387152287688583,0,0.5
3,5,44,logistic_regression,333,274,0,0.4816023421537578,0,0.5
3,5,44,logistic_regression,344,79,0,0.42178074003501265,0,0.5
3,5,44,logistic_regression,352,152,0,0.44380902082411744,0,0.5
3,5,44,logistic_regression,356,79,0,0.42178074003501265,0,0.5
3,5,44,logistic_regression,358,212,0,0.4188170186261661,0,0.5
3,5,44,logistic_regression,363,72,0,0.3873956769811715,0,0.5
3,5,44,logistic_regression,364,147,0,0.436281894030936,0,0.5
3,5,44,logistic_regression,372,242,0,0.4030003623574699,0,0.5
3,5,44,logistic_regression,375,249,0,0.4020970937616328,0,0.5
3,5,44,logistic_regression,377,172,1,0.3905152058100249,0,0.5
3,5,44,logistic_regression,378,86,0,0.42801449286987087,0,0.5
3,5,44,logistic_regression,381,145,0,0.40472376452022313,0,0.5
3,5,44,logistic_regression,392,120,0,0.42259474026332977,0,0.5
3,5,44,logistic_regression,394,184,0,0.8196202000274394,1,0.5
3,5,44,logistic_regression,401,210,0,0.4658587407103374,0,0.5
3,5,44,logistic_regression,412,87,0,0.39710662239583244,0,0.5
3,5,44,logistic_regression,417,158,0,0.39859284169390513,0,0.5
3,5,44,logistic_regression,423,51,0,0.42499947193955395,0,0.5
3,5,44,logistic_regression,426,114,0,0.7545052107056868,1,0.5
3,5,44,logistic_regression,427,161,0,0.44960033290578605,0,0.5
3,5,44,logistic_regression,430,153,0,0.41129808920858446,0,0.5
3,5,44,logistic_regression,434,192,1,0.4029628360202187,0,0.5
3,5,44,logistic_regression,444,80,0,0.3856595142626911,0,0.5
3,5,44,logistic_regression,450,34,0,0.3958976294857501,0,0.5
3,5,44,logistic_regression,452,46,0,0.3892809990977208,0,0.5
3,5,44,logistic_regression,455,77,0,0.23470549019805761,0,0.5
3,5,44,logistic_regression,463,1,0,0.4144234028425396,0,0.5
3,5,44,logistic_regression,467,41,0,0.6173965501207115,1,0.5
3,5,44,logistic_regression,469,16,0,0.42411695029683044,0,0.5
3,5,44,logistic_regression,470,764,0,0.48624428554297494,0,0.5
3,5,44,logistic_regression,472,682,1,0.42647994137782114,0,0.5
3,5,44,logistic_regression,473,787,0,0.5577911442355519,1,0.5
3,5,44,logistic_regression,480,575,0,0.23475387871859624,0,0.5
3,5,44,logistic_regression,485,286,0,0.4267739778837578,0,0.5
3,5,44,logistic_regression,493,86,0,0.42801449286987087,0,0.5
3,5,44,logistic_regression,494,165,0,0.39402018500775804,0,0.5
3,5,44,logistic_regression,500,763,0,0.4385064412590794,0,0.5
3,5,44,logistic_regression,506,711,0,0.4574104952972427,0,0.5
3,5,44,logistic_regression,509,384,0,0.4408212645075053,0,0.5
3,5,44,logistic_regression,512,671,0,0.43269507178100003,0,0.5
3,5,44,logistic_regression,514,476,0,0.441194789806318,0,0.5
3,5,44,logistic_regression,523,624,0,0.42411938112559106,0,0.5
3,5,44,logistic_regression,525,46,0,0.3892809990977208,0,0.5
3,5,44,logistic_regression,528,547,0,0.40386986972840927,0,0.5
3,5,44,logistic_regression,533,425,0,0.4403975406193879,0,0.5
3,5,44,logistic_regression,543,40,0,0.4084016237984645,0,0.5
3,5,44,logistic_regression,552,105,0,0.4046573899086709,0,0.5
3,5,44,logistic_regression,556,772,0,0.7219314246116645,1,0.5
3,5,44,logistic_regression,560,748,0,0.5171999080245568,1,0.5
3,5,44,logistic_regression,561,208,0,0.38919420460063514,0,0.5
3,5,44,logistic_regression,562,282,0,0.4028995758736317,0,0.5
3,5,44,logistic_regression,563,712,0,0.45010633335018413,0,0.5
3,5,44,logistic_regression,579,730,0,0.520021693622573,1,0.5
3,5,44,logistic_regression,584,562,0,0.4451532757726247,0,0.5
3,5,44,logistic_regression,585,648,0,0.4371856674523458,0,0.5
3,5,44,logistic_regression,588,813,0,0.4517866924211653,0,0.5
3,5,44,logistic_regression,594,193,0,0.41620802458297873,0,0.5
3,5,44,logistic_regression,596,83,0,0.3848710183820288,0,0.5
3,5,44,logistic_regression,604,318,0,0.4420027455113858,0,0.5
3,5,44,logistic_regression,605,183,0,0.42518956449745854,0,0.5
3,5,44,logistic_regression,617,157,0,0.39535682431433594,0,0.5
3,5,44,logistic_regression,625,92,0,0.428498347611548,0,0.5
3,5,44,logistic_regression,627,280,0,0.4258073986728598,0,0.5
3,5,44,logistic_regression,645,471,0,0.5904171869641349,1,0.5
3,5,44,logistic_regression,670,817,1,0.7364424171263985,1,0.5
3,5,44,logistic_regression,674,795,0,0.7384564197545094,1,0.5
3,5,44,logistic_regression,679,822,0,0.5091216962871629,1,0.5
3,5,44,logistic_regression,693,98,1,0.4282326157068535,0,0.5
3,5,44,logistic_regression,700,479,0,0.4030004727631132,0,0.5
3,5,44,logistic_regression,710,449,0,0.45931040781658605,0,0.5
3,5,44,logistic_regression,711,128,0,0.3971725847422453,0,0.5
3,5,44,logistic_regression,713,31,0,0.4187104227729385,0,0.5
3,5,44,logistic_regression,717,731,0,0.667766126932556,1,0.5
3,5,44,logistic_regression,722,325,0,0.5519534488815745,1,0.5
3,5,44,logistic_regression,723,124,0,0.4436401663997748,0,0.5
3,5,44,logistic_regression,734,564,0,0.6010887975046809,1,0.5
3,5,44,logistic_regression,737,177,0,0.4303518011466629,0,0.5
3,5,44,logistic_regression,741,129,0,0.3971725847422453,0,0.5
3,5,44,logistic_regression,742,156,0,0.7263392732561832,1,0.5
3,5,44,logistic_regression,754,508,1,0.45483427453912895,0,0.5
3,5,44,logistic_regression,765,398,0,0.46621507256790223,0,0.5
3,5,44,logistic_regression,769,415,0,0.4065868061442228,0,0.5
3,5,44,logistic_regression,772,113,0,0.43236807832678487,0,0.5
3,5,44,logistic_regression,776,45,0,0.42000410077887396,0,0.5
3,5,44,logistic_regression,780,110,0,0.426387448862118,0,0.5
3,5,44,logistic_regression,785,480,0,0.4039517023652542,0,0.5
3,5,44,logistic_regression,795,690,0,0.6866883849493993,1,0.5
3,5,44,logistic_regression,803,106,0,0.4362141364814015,0,0.5
3,5,44,logistic_regression,804,543,0,0.4896080138870922,0,0.5
3,5,44,logistic_regression,810,116,0,0.3936202275588152,0,0.5
3,5,44,logistic_regression,819,2,0,0.3838383650541527,0,0.5
3,5,44,logistic_regression,828,634,0,0.45131849236605426,0,0.5
3,5,44,logistic_regression,834,569,0,0.4839932349866405,0,0.5
3,5,44,logistic_regression,836,743,0,0.42636616285076345,0,0.5
3,5,44,logistic_regression,838,694,0,0.5001203764042128,1,0.5
3,5,44,logistic_regression,850,117,0,0.42237736773347173,0,0.5
3,5,44,logistic_regression,855,377,0,0.4010276831852259,0,0.5
3,5,44,logistic_regression,856,635,0,0.41314686874199286,0,0.5
3,5,44,xgboost,3,825,0,0.2773188054561615,0,0.5
3,5,44,xgboost,4,816,0,0.2014678567647934,0,0.5
3,5,44,xgboost,6,823,1,0.2365744411945343,0,0.5
3,5,44,xgboost,9,804,0,0.005981957074254751,0,0.5
3,5,44,xgboost,14,798,0,0.17445479333400726,0,0.5
3,5,44,xgboost,20,797,0,0.5901042222976685,1,0.5
3,5,44,xgboost,26,765,0,0.11613629013299942,0,0.5
3,5,44,xgboost,27,759,0,0.12120360136032104,0,0.5
3,5,44,xgboost,30,782,0,0.19374173879623413,0,0.5
3,5,44,xgboost,31,771,0,0.3726523518562317,0,0.5
3,5,44,xgboost,32,738,0,0.006504667457193136,0,0.5
3,5,44,xgboost,36,760,0,0.029020100831985474,0,0.5
3,5,44,xgboost,37,747,0,0.013945936225354671,0,0.5
3,5,44,xgboost,43,723,0,0.19503507018089294,0,0.5
3,5,44,xgboost,47,770,0,0.12332450598478317,0,0.5
3,5,44,xgboost,49,739,0,0.2620404362678528,0,0.5
3,5,44,xgboost,51,715,0,0.01254747249186039,0,0.5
3,5,44,xgboost,52,729,0,0.17547738552093506,0,0.5
3,5,44,xgboost,58,683,0,0.0059516699984669685,0,0.5
3,5,44,xgboost,60,673,0,0.048884034156799316,0,0.5
3,5,44,xgboost,66,673,0,0.048884034156799316,0,0.5
3,5,44,xgboost,68,696,0,0.8730807900428772,1,0.5
3,5,44,xgboost,72,664,0,0.043620675802230835,0,0.5
3,5,44,xgboost,73,685,0,0.020987948402762413,0,0.5
3,5,44,xgboost,82,615,0,0.029209807515144348,0,0.5
3,5,44,xgboost,84,713,0,0.08233541995286942,0,0.5
3,5,44,xgboost,101,580,0,0.8601783514022827,1,0.5
3,5,44,xgboost,103,754,1,0.5587696433067322,1,0.5
3,5,44,xgboost,109,612,0,0.008849571458995342,0,0.5
3,5,44,xgboost,112,573,0,0.10042161494493484,0,0.5
3,5,44,xgboost,119,498,0,0.5700054168701172,1,0.5
3,5,44,xgboost,122,592,0,0.03371567651629448,0,0.5
3,5,44,xgboost,123,542,0,0.668484091758728,1,0.5
3,5,44,xgboost,137,537,0,0.13617834448814392,0,0.5
3,5,44,xgboost,143,480,0,0.5789086222648621,1,0.5
3,5,44,xgboost,145,595,0,0.0018635676242411137,0,0.5
3,5,44,xgboost,146,576,0,0.046450816094875336,0,0.5
3,5,44,xgboost,149,594,0,0.0059336391277611256,0,0.5
3,5,44,xgboost,159,463,0,0.00574369914829731,0,0.5
3,5,44,xgboost,168,535,0,0.4963032603263855,0,0.5
3,5,44,xgboost,170,434,0,0.6191208958625793,1,0.5
3,5,44,xgboost,172,522,0,0.6370493173599243,1,0.5
3,5,44,xgboost,183,491,0,0.7593199610710144,1,0.5
3,5,44,xgboost,194,397,0,0.08380007743835449,0,0.5
3,5,44,xgboost,197,442,0,0.22342969477176666,0,0.5
3,5,44,xgboost,207,437,0,0.1578918844461441,0,0.5
3,5,44,xgboost,211,453,0,0.0008760254713706672,0,0.5
3,5,44,xgboost,221,407,0,0.1430235356092453,0,0.5
3,5,44,xgboost,228,585,0,0.1043974906206131,0,0.5
3,5,44,xgboost,229,466,0,0.2356567680835724,0,0.5
3,5,44,xgboost,235,378,0,0.018070608377456665,0,0.5
3,5,44,xgboost,238,536,0,0.007990417070686817,0,0.5
3,5,44,xgboost,243,402,0,0.006895117927342653,0,0.5
3,5,44,xgboost,246,487,0,0.13999825716018677,0,0.5
3,5,44,xgboost,257,273,1,0.7423917651176453,1,0.5
3,5,44,xgboost,259,329,0,0.0029311031103134155,0,0.5
3,5,44,xgboost,260,485,0,0.40480339527130127,0,0.5
3,5,44,xgboost,267,265,0,0.2673909664154053,0,0.5
3,5,44,xgboost,268,305,0,0.07052567601203918,0,0.5
3,5,44,xgboost,275,237,0,0.7938991189002991,1,0.5
3,5,44,xgboost,277,168,0,0.01736694760620594,0,0.5
3,5,44,xgboost,280,303,0,0.00898305606096983,0,0.5
3,5,44,xgboost,286,240,0,0.8598113059997559,1,0.5
3,5,44,xgboost,287,272,0,0.42725637555122375,0,0.5
3,5,44,xgboost,299,319,0,0.027313392609357834,0,0.5
3,5,44,xgboost,304,331,0,0.008773472160100937,0,0.5
3,5,44,xgboost,308,382,0,0.015878597274422646,0,0.5
3,5,44,xgboost,309,322,0,0.36715784668922424,0,0.5
3,5,44,xgboost,310,307,0,0.012243460863828659,0,0.5
3,5,44,xgboost,314,215,1,0.8084657192230225,1,0.5
3,5,44,xgboost,325,169,1,0.048979997634887695,0,0.5
3,5,44,xgboost,327,173,0,0.08757898211479187,0,0.5
3,5,44,xgboost,328,197,0,0.13339757919311523,0,0.5
3,5,44,xgboost,333,274,0,0.39362016320228577,0,0.5
3,5,44,xgboost,344,79,0,0.054806988686323166,0,0.5
3,5,44,xgboost,352,152,0,0.31714171171188354,0,0.5
3,5,44,xgboost,356,79,0,0.054806988686323166,0,0.5
3,5,44,xgboost,358,212,0,0.525738000869751,1,0.5
3,5,44,xgboost,363,72,0,0.18208473920822144,0,0.5
3,5,44,xgboost,364,147,0,0.032619863748550415,0,0.5
3,5,44,xgboost,372,242,0,0.07985582947731018,0,0.5
3,5,44,xgboost,375,249,0,0.5230811834335327,1,0.5
3,5,44,xgboost,377,172,1,0.016809115186333656,0,0.5
3,5,44,xgboost,378,86,0,0.1721002608537674,0,0.5
3,5,44,xgboost,381,145,0,0.048655297607183456,0,0.5
3,5,44,xgboost,392,120,0,0.0799713283777237,0,0.5
3,5,44,xgboost,394,184,0,0.3605901300907135,0,0.5
3,5,44,xgboost,401,210,0,0.1408250331878662,0,0.5
3,5,44,xgboost,412,87,0,0.036060549318790436,0,0.5
3,5,44,xgboost,417,158,0,0.06143411993980408,0,0.5
3,5,44,xgboost,423,51,0,0.09561828523874283,0,0.5
3,5,44,xgboost,426,114,0,0.00029068306321278214,0,0.5
3,5,44,xgboost,427,161,0,0.08367400616407394,0,0.5
3,5,44,xgboost,430,153,0,0.29961466789245605,0,0.5
3,5,44,xgboost,434,192,1,0.0421157069504261,0,0.5
3,5,44,xgboost,444,80,0,0.030567770823836327,0,0.5
3,5,44,xgboost,450,34,0,0.006948903668671846,0,0.5
3,5,44,xgboost,452,46,0,0.15247969329357147,0,0.5
3,5,44,xgboost,455,77,0,0.007039059419184923,0,0.5
3,5,44,xgboost,463,1,0,0.004044493660330772,0,0.5
3,5,44,xgboost,467,41,0,0.018283285200595856,0,0.5
3,5,44,xgboost,469,16,0,0.16465039551258087,0,0.5
3,5,44,xgboost,470,764,0,0.22758325934410095,0,0.5
3,5,44,xgboost,472,682,1,0.04768790677189827,0,0.5
3,5,44,xgboost,473,787,0,0.003992211539298296,0,0.5
3,5,44,xgboost,480,575,0,0.008153857663273811,0,0.5
3,5,44,xgboost,485,286,0,0.04023323580622673,0,0.5
3,5,44,xgboost,493,86,0,0.1721002608537674,0,0.5
3,5,44,xgboost,494,165,0,0.18455494940280914,0,0.5
3,5,44,xgboost,500,763,0,0.17272333800792694,0,0.5
3,5,44,xgboost,506,711,0,0.6723862886428833,1,0.5
3,5,44,xgboost,509,384,0,0.0008380233193747699,0,0.5
3,5,44,xgboost,512,671,0,0.0029478566721081734,0,0.5
3,5,44,xgboost,514,476,0,0.002986459992825985,0,0.5
3,5,44,xgboost,523,624,0,0.23099908232688904,0,0.5
3,5,44,xgboost,525,46,0,0.15247969329357147,0,0.5
3,5,44,xgboost,528,547,0,0.210825577378273,0,0.5
3,5,44,xgboost,533,425,0,0.013900450430810452,0,0.5
3,5,44,xgboost,543,40,0,0.0017080770339816809,0,0.5
3,5,44,xgboost,552,105,0,0.007123748306185007,0,0.5
3,5,44,xgboost,556,772,0,0.6748011112213135,1,0.5
3,5,44,xgboost,560,748,0,0.029196634888648987,0,0.5
3,5,44,xgboost,561,208,0,0.042244404554367065,0,0.5
3,5,44,xgboost,562,282,0,0.06576830893754959,0,0.5
3,5,44,xgboost,563,712,0,0.702756941318512,1,0.5
3,5,44,xgboost,579,730,0,0.09375543892383575,0,0.5
3,5,44,xgboost,584,562,0,0.0427459180355072,0,0.5
3,5,44,xgboost,585,648,0,0.14332084357738495,0,0.5
3,5,44,xgboost,588,813,0,0.012550905346870422,0,0.5
3,5,44,xgboost,594,193,0,0.07663054019212723,0,0.5
3,5,44,xgboost,596,83,0,0.06463640928268433,0,0.5
3,5,44,xgboost,604,318,0,0.22355543076992035,0,0.5
3,5,44,xgboost,605,183,0,0.013867044821381569,0,0.5
3,5,44,xgboost,617,157,0,0.03188066557049751,0,0.5
3,5,44,xgboost,625,92,0,0.06616601347923279,0,0.5
3,5,44,xgboost,627,280,0,0.006810701452195644,0,0.5
3,5,44,xgboost,645,471,0,0.5823438167572021,1,0.5
3,5,44,xgboost,670,817,1,0.2873055040836334,0,0.5
3,5,44,xgboost,674,795,0,0.2905847132205963,0,0.5
3,5,44,xgboost,679,822,0,0.02189094014465809,0,0.5
3,5,44,xgboost,693,98,1,0.07570623606443405,0,0.5
3,5,44,xgboost,700,479,0,0.8348729610443115,1,0.5
3,5,44,xgboost,710,449,0,0.2772451341152191,0,0.5
3,5,44,xgboost,711,128,0,0.014362557791173458,0,0.5
3,5,44,xgboost,713,31,0,0.03630109876394272,0,0.5
3,5,44,xgboost,717,731,0,0.3386427164077759,0,0.5
3,5,44,xgboost,722,325,0,0.007401062175631523,0,0.5
3,5,44,xgboost,723,124,0,0.3119547367095947,0,0.5
3,5,44,xgboost,734,564,0,0.04083625227212906,0,0.5
3,5,44,xgboost,737,177,0,0.013747919350862503,0,0.5
3,5,44,xgboost,741,129,0,0.014362557791173458,0,0.5
3,5,44,xgboost,742,156,0,0.0004371624963823706,0,0.5
3,5,44,xgboost,754,508,1,0.8225383758544922,1,0.5
3,5,44,xgboost,765,398,0,0.6942350268363953,1,0.5
3,5,44,xgboost,769,415,0,0.12799020111560822,0,0.5
3,5,44,xgboost,772,113,0,0.0002348980779061094,0,0.5
3,5,44,xgboost,776,45,0,0.1559906303882599,0,0.5
3,5,44,xgboost,780,110,0,0.0007831488619558513,0,0.5
3,5,44,xgboost,785,480,0,0.5789086222648621,1,0.5
3,5,44,xgboost,795,690,0,0.6296862363815308,1,0.5
3,5,44,xgboost,803,106,0,0.03712541610002518,0,0.5
3,5,44,xgboost,804,543,0,0.022856585681438446,0,0.5
3,5,44,xgboost,810,116,0,0.2142086923122406,0,0.5
3,5,44,xgboost,819,2,0,0.009602566249668598,0,0.5
3,5,44,xgboost,828,634,0,0.006472728215157986,0,0.5
3,5,44,xgboost,834,569,0,0.0240162443369627,0,0.5
3,5,44,xgboost,836,743,0,0.043240319937467575,0,0.5
3,5,44,xgboost,838,694,0,0.026776861399412155,0,0.5
3,5,44,xgboost,850,117,0,0.025112133473157883,0,0.5
3,5,44,xgboost,855,377,0,0.11434326320886612,0,0.5
3,5,44,xgboost,856,635,0,0.15538306534290314,0,0.5
4,1,45,dummy_prior,1,7,0,0.0641399416909621,0,0.5
4,1,45,dummy_prior,9,804,0,0.0641399416909621,0,0.5
4,1,45,dummy_prior,19,773,0,0.0641399416909621,0,0.5
4,1,45,dummy_prior,21,783,0,0.0641399416909621,0,0.5
4,1,45,dummy_prior,25,805,0,0.0641399416909621,0,0.5
4,1,45,dummy_prior,30,782,0,0.0641399416909621,0,0.5
4,1,45,dummy_prior,39,719,0,0.0641399416909621,0,0.5
4,1,45,dummy_prior,42,724,0,0.0641399416909621,0,0.5
4,1,45,dummy_prior,48,780,0,0.0641399416909621,0,0.5
4,1,45,dummy_prior,64,750,1,0.0641399416909621,0,0.5
4,1,45,dummy_prior,65,736,0,0.0641399416909621,0,0.5
4,1,45,dummy_prior,74,681,0,0.0641399416909621,0,0.5
4,1,45,dummy_prior,76,675,0,0.0641399416909621,0,0.5
4,1,45,dummy_prior,77,646,0,0.0641399416909621,0,0.5
4,1,45,dummy_prior,78,693,0,0.0641399416909621,0,0.5
4,1,45,dummy_prior,80,630,0,0.0641399416909621,0,0.5
4,1,45,dummy_prior,90,707,0,0.0641399416909621,0,0.5
4,1,45,dummy_prior,91,689,0,0.0641399416909621,0,0.5
4,1,45,dummy_prior,96,701,1,0.0641399416909621,0,0.5
4,1,45,dummy_prior,98,584,0,0.0641399416909621,0,0.5
4,1,45,dummy_prior,113,328,0,0.0641399416909621,0,0.5
4,1,45,dummy_prior,120,627,0,0.0641399416909621,0,0.5
4,1,45,dummy_prior,124,571,0,0.0641399416909621,0,0.5
4,1,45,dummy_prior,125,596,0,0.0641399416909621,0,0.5
4,1,45,dummy_prior,128,518,0,0.0641399416909621,0,0.5
4,1,45,dummy_prior,129,557,0,0.0641399416909621,0,0.5
4,1,45,dummy_prior,134,568,0,0.0641399416909621,0,0.5
4,1,45,dummy_prior,137,537,0,0.0641399416909621,0,0.5
4,1,45,dummy_prior,141,194,0,0.0641399416909621,0,0.5
4,1,45,dummy_prior,146,576,0,0.0641399416909621,0,0.5
4,1,45,dummy_prior,151,551,0,0.0641399416909621,0,0.5
4,1,45,dummy_prior,153,423,0,0.0641399416909621,0,0.5
4,1,45,dummy_prior,156,448,0,0.0641399416909621,0,0.5
4,1,45,dummy_prior,160,484,0,0.0641399416909621,0,0.5
4,1,45,dummy_prior,162,481,0,0.0641399416909621,0,0.5
4,1,45,dummy_prior,164,546,0,0.0641399416909621,0,0.5
4,1,45,dummy_prior,172,522,0,0.0641399416909621,0,0.5
4,1,45,dummy_prior,174,499,0,0.0641399416909621,0,0.5
4,1,45,dummy_prior,179,548,0,0.0641399416909621,0,0.5
4,1,45,dummy_prior,192,459,0,0.0641399416909621,0,0.5
4,1,45,dummy_prior,197,442,0,0.0641399416909621,0,0.5
4,1,45,dummy_prior,200,443,0,0.0641399416909621,0,0.5
4,1,45,dummy_prior,207,437,0,0.0641399416909621,0,0.5
4,1,45,dummy_prior,213,500,0,0.0641399416909621,0,0.5
4,1,45,dummy_prior,216,531,1,0.0641399416909621,0,0.5
4,1,45,dummy_prior,230,304,0,0.0641399416909621,0,0.5
4,1,45,dummy_prior,232,316,0,0.0641399416909621,0,0.5
4,1,45,dummy_prior,238,536,0,0.0641399416909621,0,0.5
4,1,45,dummy_prior,242,555,0,0.0641399416909621,0,0.5
4,1,45,dummy_prior,244,391,0,0.0641399416909621,0,0.5
4,1,45,dummy_prior,249,270,0,0.0641399416909621,0,0.5
4,1,45,dummy_prior,252,344,0,0.0641399416909621,0,0.5
4,1,45,dummy_prior,260,485,0,0.0641399416909621,0,0.5
4,1,45,dummy_prior,261,227,0,0.0641399416909621,0,0.5
4,1,45,dummy_prior,267,265,0,0.0641399416909621,0,0.5
4,1,45,dummy_prior,269,410,0,0.0641399416909621,0,0.5
4,1,45,dummy_prior,278,267,0,0.0641399416909621,0,0.5
4,1,45,dummy_prior,280,303,0,0.0641399416909621,0,0.5
4,1,45,dummy_prior,281,238,0,0.0641399416909621,0,0.5
4,1,45,dummy_prior,290,204,0,0.0641399416909621,0,0.5
4,1,45,dummy_prior,292,264,0,0.0641399416909621,0,0.5
4,1,45,dummy_prior,302,323,0,0.0641399416909621,0,0.5
4,1,45,dummy_prior,307,287,0,0.0641399416909621,0,0.5
4,1,45,dummy_prior,317,170,0,0.0641399416909621,0,0.5
4,1,45,dummy_prior,320,271,1,0.0641399416909621,0,0.5
4,1,45,dummy_prior,321,269,0,0.0641399416909621,0,0.5
4,1,45,dummy_prior,336,251,0,0.0641399416909621,0,0.5
4,1,45,dummy_prior,337,818,0,0.0641399416909621,0,0.5
4,1,45,dummy_prior,346,149,0,0.0641399416909621,0,0.5
4,1,45,dummy_prior,360,339,0,0.0641399416909621,0,0.5
4,1,45,dummy_prior,362,160,0,0.0641399416909621,0,0.5
4,1,45,dummy_prior,379,224,0,0.0641399416909621,0,0.5
4,1,45,dummy_prior,380,103,0,0.0641399416909621,0,0.5
4,1,45,dummy_prior,387,266,0,0.0641399416909621,0,0.5
4,1,45,dummy_prior,388,185,0,0.0641399416909621,0,0.5
4,1,45,dummy_prior,393,142,0,0.0641399416909621,0,0.5
4,1,45,dummy_prior,414,186,0,0.0641399416909621,0,0.5
4,1,45,dummy_prior,416,70,0,0.0641399416909621,0,0.5
4,1,45,dummy_prior,419,149,0,0.0641399416909621,0,0.5
4,1,45,dummy_prior,431,70,0,0.0641399416909621,0,0.5
4,1,45,dummy_prior,434,192,1,0.0641399416909621,0,0.5
4,1,45,dummy_prior,440,7,0,0.0641399416909621,0,0.5
4,1,45,dummy_prior,443,10,0,0.0641399416909621,0,0.5
4,1,45,dummy_prior,453,10,0,0.0641399416909621,0,0.5
4,1,45,dummy_prior,454,7,0,0.0641399416909621,0,0.5
4,1,45,dummy_prior,455,77,0,0.0641399416909621,0,0.5
4,1,45,dummy_prior,464,25,0,0.0641399416909621,0,0.5
4,1,45,dummy_prior,466,7,0,0.0641399416909621,0,0.5
4,1,45,dummy_prior,467,41,0,0.0641399416909621,0,0.5
4,1,45,dummy_prior,469,16,0,0.0641399416909621,0,0.5
4,1,45,dummy_prior,474,640,0,0.0641399416909621,0,0.5
4,1,45,dummy_prior,479,482,0,0.0641399416909621,0,0.5
4,1,45,dummy_prior,481,608,0,0.0641399416909621,0,0.5
4,1,45,dummy_prior,482,757,0,0.0641399416909621,0,0.5
4,1,45,dummy_prior,483,190,0,0.0641399416909621,0,0.5
4,1,45,dummy_prior,497,356,0,0.0641399416909621,0,0.5
4,1,45,dummy_prior,499,614,0,0.0641399416909621,0,0.5
4,1,45,dummy_prior,503,735,0,0.0641399416909621,0,0.5
4,1,45,dummy_prior,505,306,0,0.0641399416909621,0,0.5
4,1,45,dummy_prior,506,711,0,0.0641399416909621,0,0.5
4,1,45,dummy_prior,512,671,0,0.0641399416909621,0,0.5
4,1,45,dummy_prior,520,53,0,0.0641399416909621,0,0.5
4,1,45,dummy_prior,523,624,0,0.0641399416909621,0,0.5
4,1,45,dummy_prior,524,628,0,0.0641399416909621,0,0.5
4,1,45,dummy_prior,528,547,0,0.0641399416909621,0,0.5
4,1,45,dummy_prior,535,275,0,0.0641399416909621,0,0.5
4,1,45,dummy_prior,544,50,0,0.0641399416909621,0,0.5
4,1,45,dummy_prior,545,532,0,0.0641399416909621,0,0.5
4,1,45,dummy_prior,548,58,0,0.0641399416909621,0,0.5
4,1,45,dummy_prior,551,639,0,0.0641399416909621,0,0.5
4,1,45,dummy_prior,559,162,0,0.0641399416909621,0,0.5
4,1,45,dummy_prior,569,802,0,0.0641399416909621,0,0.5
4,1,45,dummy_prior,574,309,0,0.0641399416909621,0,0.5
4,1,45,dummy_prior,581,59,0,0.0641399416909621,0,0.5
4,1,45,dummy_prior,597,133,0,0.0641399416909621,0,0.5
4,1,45,dummy_prior,606,539,0,0.0641399416909621,0,0.5
4,1,45,dummy_prior,614,341,1,0.0641399416909621,0,0.5
4,1,45,dummy_prior,620,363,0,0.0641399416909621,0,0.5
4,1,45,dummy_prior,625,92,0,0.0641399416909621,0,0.5
4,1,45,dummy_prior,632,226,0,0.0641399416909621,0,0.5
4,1,45,dummy_prior,640,625,0,0.0641399416909621,0,0.5
4,1,45,dummy_prior,641,761,0,0.0641399416909621,0,0.5
4,1,45,dummy_prior,648,95,0,0.0641399416909621,0,0.5
4,1,45,dummy_prior,649,613,0,0.0641399416909621,0,0.5
4,1,45,dummy_prior,650,421,0,0.0641399416909621,0,0.5
4,1,45,dummy_prior,664,756,1,0.0641399416909621,0,0.5
4,1,45,dummy_prior,671,824,1,0.0641399416909621,0,0.5
4,1,45,dummy_prior,678,609,0,0.0641399416909621,0,0.5
4,1,45,dummy_prior,683,762,0,0.0641399416909621,0,0.5
4,1,45,dummy_prior,685,820,0,0.0641399416909621,0,0.5
4,1,45,dummy_prior,686,704,1,0.0641399416909621,0,0.5
4,1,45,dummy_prior,689,340,0,0.0641399416909621,0,0.5
4,1,45,dummy_prior,691,420,0,0.0641399416909621,0,0.5
4,1,45,dummy_prior,694,486,0,0.0641399416909621,0,0.5
4,1,45,dummy_prior,697,91,0,0.0641399416909621,0,0.5
4,1,45,dummy_prior,700,479,0,0.0641399416909621,0,0.5
4,1,45,dummy_prior,701,524,0,0.0641399416909621,0,0.5
4,1,45,dummy_prior,704,781,0,0.0641399416909621,0,0.5
4,1,45,dummy_prior,708,254,0,0.0641399416909621,0,0.5
4,1,45,dummy_prior,709,374,0,0.0641399416909621,0,0.5
4,1,45,dummy_prior,711,128,0,0.0641399416909621,0,0.5
4,1,45,dummy_prior,713,31,0,0.0641399416909621,0,0.5
4,1,45,dummy_prior,726,530,0,0.0641399416909621,0,0.5
4,1,45,dummy_prior,732,417,0,0.0641399416909621,0,0.5
4,1,45,dummy_prior,735,6,0,0.0641399416909621,0,0.5
4,1,45,dummy_prior,738,477,0,0.0641399416909621,0,0.5
4,1,45,dummy_prior,740,768,0,0.0641399416909621,0,0.5
4,1,45,dummy_prior,742,156,0,0.0641399416909621,0,0.5
4,1,45,dummy_prior,745,30,0,0.0641399416909621,0,0.5
4,1,45,dummy_prior,754,508,1,0.0641399416909621,0,0.5
4,1,45,dummy_prior,757,360,0,0.0641399416909621,0,0.5
4,1,45,dummy_prior,758,578,0,0.0641399416909621,0,0.5
4,1,45,dummy_prior,768,422,0,0.0641399416909621,0,0.5
4,1,45,dummy_prior,771,661,0,0.0641399416909621,0,0.5
4,1,45,dummy_prior,778,136,0,0.0641399416909621,0,0.5
4,1,45,dummy_prior,779,656,0,0.0641399416909621,0,0.5
4,1,45,dummy_prior,788,752,0,0.0641399416909621,0,0.5
4,1,45,dummy_prior,794,175,0,0.0641399416909621,0,0.5
4,1,45,dummy_prior,802,14,0,0.0641399416909621,0,0.5
4,1,45,dummy_prior,806,62,0,0.0641399416909621,0,0.5
4,1,45,dummy_prior,808,544,0,0.0641399416909621,0,0.5
4,1,45,dummy_prior,809,519,0,0.0641399416909621,0,0.5
4,1,45,dummy_prior,814,22,1,0.0641399416909621,0,0.5
4,1,45,dummy_prior,816,233,0,0.0641399416909621,0,0.5
4,1,45,dummy_prior,821,602,0,0.0641399416909621,0,0.5
4,1,45,dummy_prior,823,644,0,0.0641399416909621,0,0.5
4,1,45,dummy_prior,826,650,0,0.0641399416909621,0,0.5
4,1,45,dummy_prior,836,743,0,0.0641399416909621,0,0.5
4,1,45,dummy_prior,841,297,0,0.0641399416909621,0,0.5
4,1,45,dummy_prior,844,444,0,0.0641399416909621,0,0.5
4,1,45,dummy_prior,855,377,0,0.0641399416909621,0,0.5
4,1,45,dummy_prior,857,526,0,0.0641399416909621,0,0.5
4,1,45,logistic_regression,1,7,0,0.45594952438887115,0,0.5
4,1,45,logistic_regression,9,804,0,0.4342552009677263,0,0.5
4,1,45,logistic_regression,19,773,0,0.562220109583618,1,0.5
4,1,45,logistic_regression,21,783,0,0.3705056600714024,0,0.5
4,1,45,logistic_regression,25,805,0,0.43164111145789247,0,0.5
4,1,45,logistic_regression,30,782,0,0.7855214219571653,1,0.5
4,1,45,logistic_regression,39,719,0,0.4446191988973822,0,0.5
4,1,45,logistic_regression,42,724,0,0.5262630134168532,1,0.5
4,1,45,logistic_regression,48,780,0,0.5015668070261146,1,0.5
4,1,45,logistic_regression,64,750,1,0.6523513927138335,1,0.5
4,1,45,logistic_regression,65,736,0,0.5116971754454342,1,0.5
4,1,45,logistic_regression,74,681,0,0.48661243409272636,0,0.5
4,1,45,logistic_regression,76,675,0,0.5100550387280286,1,0.5
4,1,45,logistic_regression,77,646,0,0.4080805453278002,0,0.5
4,1,45,logistic_regression,78,693,0,0.40118192815323545,0,0.5
4,1,45,logistic_regression,80,630,0,0.43394962750695537,0,0.5
4,1,45,logistic_regression,90,707,0,0.470120009490998,0,0.5
4,1,45,logistic_regression,91,689,0,0.534765061475805,1,0.5
4,1,45,logistic_regression,96,701,1,0.5380167819839388,1,0.5
4,1,45,logistic_regression,98,584,0,0.4604253829460894,0,0.5
4,1,45,logistic_regression,113,328,0,0.39476463225909625,0,0.5
4,1,45,logistic_regression,120,627,0,0.4932557482523195,0,0.5
4,1,45,logistic_regression,124,571,0,0.5859294310239243,1,0.5
4,1,45,logistic_regression,125,596,0,0.5142461888088331,1,0.5
4,1,45,logistic_regression,128,518,0,0.46136406329264934,0,0.5
4,1,45,logistic_regression,129,557,0,0.5221410575826676,1,0.5
4,1,45,logistic_regression,134,568,0,0.8607379432696323,1,0.5
4,1,45,logistic_regression,137,537,0,0.4037099297153639,0,0.5
4,1,45,logistic_regression,141,194,0,0.3861721579052031,0,0.5
4,1,45,logistic_regression,146,576,0,0.4564287226567072,0,0.5
4,1,45,logistic_regression,151,551,0,0.46961011188993024,0,0.5
4,1,45,logistic_regression,153,423,0,0.5390482375428619,1,0.5
4,1,45,logistic_regression,156,448,0,0.5163635543711824,1,0.5
4,1,45,logistic_regression,160,484,0,0.5855533112459979,1,0.5
4,1,45,logistic_regression,162,481,0,0.47320682445810147,0,0.5
4,1,45,logistic_regression,164,546,0,0.4110472042727904,0,0.5
4,1,45,logistic_regression,172,522,0,0.5323007033106353,1,0.5
4,1,45,logistic_regression,174,499,0,0.4598512001853736,0,0.5
4,1,45,logistic_regression,179,548,0,0.545205481443186,1,0.5
4,1,45,logistic_regression,192,459,0,0.45554604031973417,0,0.5
4,1,45,logistic_regression,197,442,0,0.3793780442061689,0,0.5
4,1,45,logistic_regression,200,443,0,0.3909821531317255,0,0.5
4,1,45,logistic_regression,207,437,0,0.4047886687718536,0,0.5
4,1,45,logistic_regression,213,500,0,0.867414601212812,1,0.5
4,1,45,logistic_regression,216,531,1,0.5285129462999524,1,0.5
4,1,45,logistic_regression,230,304,0,0.4055258425980412,0,0.5
4,1,45,logistic_regression,232,316,0,0.39273947580688784,0,0.5
4,1,45,logistic_regression,238,536,0,0.49848091121940363,0,0.5
4,1,45,logistic_regression,242,555,0,0.40766232760792775,0,0.5
4,1,45,logistic_regression,244,391,0,0.45517231529719127,0,0.5
4,1,45,logistic_regression,249,270,0,0.3810889782890015,0,0.5
4,1,45,logistic_regression,252,344,0,0.5317060980907687,1,0.5
4,1,45,logistic_regression,260,485,0,0.49812664066091655,0,0.5
4,1,45,logistic_regression,261,227,0,0.4435113716420019,0,0.5
4,1,45,logistic_regression,267,265,0,0.42213946810053277,0,0.5
4,1,45,logistic_regression,269,410,0,0.46957450196275835,0,0.5
4,1,45,logistic_regression,278,267,0,0.4562833413926166,0,0.5
4,1,45,logistic_regression,280,303,0,0.45558748774795355,0,0.5
4,1,45,logistic_regression,281,238,0,0.3722921052375246,0,0.5
4,1,45,logistic_regression,290,204,0,0.5459175892529955,1,0.5
4,1,45,logistic_regression,292,264,0,0.41622235075332187,0,0.5
4,1,45,logistic_regression,302,323,0,0.4978077786389942,0,0.5
4,1,45,logistic_regression,307,287,0,0.41176191847457805,0,0.5
4,1,45,logistic_regression,317,170,0,0.40892303899561894,0,0.5
4,1,45,logistic_regression,320,271,1,0.392053612019914,0,0.5
4,1,45,logistic_regression,321,269,0,0.399242946442249,0,0.5
4,1,45,logistic_regression,336,251,0,0.5170283706297072,1,0.5
4,1,45,logistic_regression,337,818,0,0.6658859273697989,1,0.5
4,1,45,logistic_regression,346,149,0,0.372275400188491,0,0.5
4,1,45,logistic_regression,360,339,0,0.4599827312200004,0,0.5
4,1,45,logistic_regression,362,160,0,0.42141873327462864,0,0.5
4,1,45,logistic_regression,379,224,0,0.44316081444810645,0,0.5
4,1,45,logistic_regression,380,103,0,0.4004735402422749,0,0.5
4,1,45,logistic_regression,387,266,0,0.4442214787863372,0,0.5
4,1,45,logistic_regression,388,185,0,0.2986626196651233,0,0.5
4,1,45,logistic_regression,393,142,0,0.43002870817128075,0,0.5
4,1,45,logistic_regression,414,186,0,0.43881729699653205,0,0.5
4,1,45,logistic_regression,416,70,0,0.4680883442268385,0,0.5
4,1,45,logistic_regression,419,149,0,0.372275400188491,0,0.5
4,1,45,logistic_regression,431,70,0,0.4680883442268385,0,0.5
4,1,45,logistic_regression,434,192,1,0.39398643228065705,0,0.5
4,1,45,logistic_regression,440,7,0,0.45594952438887115,0,0.5
4,1,45,logistic_regression,443,10,0,0.41066092923585734,0,0.5
4,1,45,logistic_regression,453,10,0,0.41066092923585734,0,0.5
4,1,45,logistic_regression,454,7,0,0.45594952438887115,0,0.5
4,1,45,logistic_regression,455,77,0,0.28180353979555084,0,0.5
4,1,45,logistic_regression,464,25,0,0.4162492200645837,0,0.5
4,1,45,logistic_regression,466,7,0,0.45594952438887115,0,0.5
4,1,45,logistic_regression,467,41,0,0.16229677821760016,0,0.5
4,1,45,logistic_regression,469,16,0,0.44310789474453904,0,0.5
4,1,45,logistic_regression,474,640,0,0.4913181048385554,0,0.5
4,1,45,logistic_regression,479,482,0,0.42574020537117135,0,0.5
4,1,45,logistic_regression,481,608,0,0.4563631475080489,0,0.5
4,1,45,logistic_regression,482,757,0,0.6445668512444547,1,0.5
4,1,45,logistic_regression,483,190,0,0.45625961318438346,0,0.5
4,1,45,logistic_regression,497,356,0,0.4889407049129833,0,0.5
4,1,45,logistic_regression,499,614,0,0.44373630815194176,0,0.5
4,1,45,logistic_regression,503,735,0,0.5884500640771703,1,0.5
4,1,45,logistic_regression,505,306,0,0.4221481869766399,0,0.5
4,1,45,logistic_regression,506,711,0,0.49911629644552985,0,0.5
4,1,45,logistic_regression,512,671,0,0.40360078511104464,0,0.5
4,1,45,logistic_regression,520,53,0,0.41623799122245647,0,0.5
4,1,45,logistic_regression,523,624,0,0.38020369850447605,0,0.5
4,1,45,logistic_regression,524,628,0,0.5125731290878257,1,0.5
4,1,45,logistic_regression,528,547,0,0.4345691254881026,0,0.5
4,1,45,logistic_regression,535,275,0,0.4310998058512694,0,0.5
4,1,45,logistic_regression,544,50,0,0.40853855971492226,0,0.5
4,1,45,logistic_regression,545,532,0,0.454046730490455,0,0.5
4,1,45,logistic_regression,548,58,0,0.4048195442486409,0,0.5
4,1,45,logistic_regression,551,639,0,0.40928488619420733,0,0.5
4,1,45,logistic_regression,559,162,0,0.46881355241074374,0,0.5
4,1,45,logistic_regression,569,802,0,0.4468720652631631,0,0.5
4,1,45,logistic_regression,574,309,0,0.4318091299176053,0,0.5
4,1,45,logistic_regression,581,59,0,0.43071131223138964,0,0.5
4,1,45,logistic_regression,597,133,0,0.8885869724297507,1,0.5
4,1,45,logistic_regression,606,539,0,0.4081522916835912,0,0.5
4,1,45,logistic_regression,614,341,1,0.6900959925691703,1,0.5
4,1,45,logistic_regression,620,363,0,0.4303027376090339,0,0.5
4,1,45,logistic_regression,625,92,0,0.4434849073680346,0,0.5
4,1,45,logistic_regression,632,226,0,0.4449884662195379,0,0.5
4,1,45,logistic_regression,640,625,0,0.5037847692961009,1,0.5
4,1,45,logistic_regression,641,761,0,0.4462001412727647,0,0.5
4,1,45,logistic_regression,648,95,0,0.8989945028791338,1,0.5
4,1,45,logistic_regression,649,613,0,0.5892779210003889,1,0.5
4,1,45,logistic_regression,650,421,0,0.4931921662007792,0,0.5
4,1,45,logistic_regression,664,756,1,0.7105749708071074,1,0.5
4,1,45,logistic_regression,671,824,1,0.5451109424646714,1,0.5
4,1,45,logistic_regression,678,609,0,0.4086833940169765,0,0.5
4,1,45,logistic_regression,683,762,0,0.560886444049874,1,0.5
4,1,45,logistic_regression,685,820,0,0.30053561866483,0,0.5
4,1,45,logistic_regression,686,704,1,0.417417110974458,0,0.5
4,1,45,logistic_regression,689,340,0,0.431747750374052,0,0.5
4,1,45,logistic_regression,691,420,0,0.7462827657103747,1,0.5
4,1,45,logistic_regression,694,486,0,0.4552795137020001,0,0.5
4,1,45,logistic_regression,697,91,0,0.4165918710057819,0,0.5
4,1,45,logistic_regression,700,479,0,0.42331102517777736,0,0.5
4,1,45,logistic_regression,701,524,0,0.41035962163285356,0,0.5
4,1,45,logistic_regression,704,781,0,0.45491202945447373,0,0.5
4,1,45,logistic_regression,708,254,0,0.4706004286322269,0,0.5
4,1,45,logistic_regression,709,374,0,0.5197615097150617,1,0.5
4,1,45,logistic_regression,711,128,0,0.4092424908708164,0,0.5
4,1,45,logistic_regression,713,31,0,0.4566632039315519,0,0.5
4,1,45,logistic_regression,726,530,0,0.5455391148780603,1,0.5
4,1,45,logistic_regression,732,417,0,0.4559664246921485,0,0.5
4,1,45,logistic_regression,735,6,0,0.41931919021838976,0,0.5
4,1,45,logistic_regression,738,477,0,0.403757950598655,0,0.5
4,1,45,logistic_regression,740,768,0,0.5312468297011801,1,0.5
4,1,45,logistic_regression,742,156,0,0.618287021892031,1,0.5
4,1,45,logistic_regression,745,30,0,0.46842423188752985,0,0.5
4,1,45,logistic_regression,754,508,1,0.4540617352844963,0,0.5
4,1,45,logistic_regression,757,360,0,0.41621980674491715,0,0.5
4,1,45,logistic_regression,758,578,0,0.41848937395742075,0,0.5
4,1,45,logistic_regression,768,422,0,0.44425677637783595,0,0.5
4,1,45,logistic_regression,771,661,0,0.42189760623151923,0,0.5
4,1,45,logistic_regression,778,136,0,0.3981955987473242,0,0.5
4,1,45,logistic_regression,779,656,0,0.5689342365411758,1,0.5
4,1,45,logistic_regression,788,752,0,0.8166675423148718,1,0.5
4,1,45,logistic_regression,794,175,0,0.39820416387224883,0,0.5
4,1,45,logistic_regression,802,14,0,0.39277856328674454,0,0.5
4,1,45,logistic_regression,806,62,0,0.4371759474100617,0,0.5
4,1,45,logistic_regression,808,544,0,0.45493612184460597,0,0.5
4,1,45,logistic_regression,809,519,0,0.5369564800032577,1,0.5
4,1,45,logistic_regression,814,22,1,0.4203452074092256,0,0.5
4,1,45,logistic_regression,816,233,0,0.41097798429897003,0,0.5
4,1,45,logistic_regression,821,602,0,0.4217650551590964,0,0.5
4,1,45,logistic_regression,823,644,0,0.41963204346591615,0,0.5
4,1,45,logistic_regression,826,650,0,0.4559650754269146,0,0.5
4,1,45,logistic_regression,836,743,0,0.371113480391848,0,0.5
4,1,45,logistic_regression,841,297,0,0.4311882892672717,0,0.5
4,1,45,logistic_regression,844,444,0,0.5290966353947181,1,0.5
4,1,45,logistic_regression,855,377,0,0.38121595632797184,0,0.5
4,1,45,logistic_regression,857,526,0,0.3996437199954845,0,0.5
4,1,45,xgboost,1,7,0,0.07701140642166138,0,0.5
4,1,45,xgboost,9,804,0,0.4680803418159485,0,0.5
4,1,45,xgboost,19,773,0,0.1362777203321457,0,0.5
4,1,45,xgboost,21,783,0,0.5951510071754456,1,0.5
4,1,45,xgboost,25,805,0,0.2592724561691284,0,0.5
4,1,45,xgboost,30,782,0,0.7186501026153564,1,0.5
4,1,45,xgboost,39,719,0,0.23595282435417175,0,0.5
4,1,45,xgboost,42,724,0,0.8608406186103821,1,0.5
4,1,45,xgboost,48,780,0,0.4747033417224884,0,0.5
4,1,45,xgboost,64,750,1,0.48216742277145386,0,0.5
4,1,45,xgboost,65,736,0,0.44263267517089844,0,0.5
4,1,45,xgboost,74,681,0,0.3780879080295563,0,0.5
4,1,45,xgboost,76,675,0,0.15617583692073822,0,0.5
4,1,45,xgboost,77,646,0,0.07749591767787933,0,0.5
4,1,45,xgboost,78,693,0,0.16181732714176178,0,0.5
4,1,45,xgboost,80,630,0,0.19793210923671722,0,0.5
4,1,45,xgboost,90,707,0,0.11567948758602142,0,0.5
4,1,45,xgboost,91,689,0,0.13049186766147614,0,0.5
4,1,45,xgboost,96,701,1,0.17228546738624573,0,0.5
4,1,45,xgboost,98,584,0,0.16059419512748718,0,0.5
4,1,45,xgboost,113,328,0,0.05074770748615265,0,0.5
4,1,45,xgboost,120,627,0,0.522189736366272,1,0.5
4,1,45,xgboost,124,571,0,0.8047301173210144,1,0.5
4,1,45,xgboost,125,596,0,0.4152661859989166,0,0.5
4,1,45,xgboost,128,518,0,0.33002611994743347,0,0.5
4,1,45,xgboost,129,557,0,0.09851119667291641,0,0.5
4,1,45,xgboost,134,568,0,0.30572977662086487,0,0.5
4,1,45,xgboost,137,537,0,0.4373030662536621,0,0.5
4,1,45,xgboost,141,194,0,0.4679875671863556,0,0.5
4,1,45,xgboost,146,576,0,0.3630388379096985,0,0.5
4,1,45,xgboost,151,551,0,0.5537769794464111,1,0.5
4,1,45,xgboost,153,423,0,0.3723282814025879,0,0.5
4,1,45,xgboost,156,448,0,0.20136524736881256,0,0.5
4,1,45,xgboost,160,484,0,0.344747930765152,0,0.5
4,1,45,xgboost,162,481,0,0.1929221749305725,0,0.5
4,1,45,xgboost,164,546,0,0.4426725208759308,0,0.5
4,1,45,xgboost,172,522,0,0.7675476670265198,1,0.5
4,1,45,xgboost,174,499,0,0.2574715316295624,0,0.5
4,1,45,xgboost,179,548,0,0.5675119161605835,1,0.5
4,1,45,xgboost,192,459,0,0.5391954779624939,1,0.5
4,1,45,xgboost,197,442,0,0.29728248715400696,0,0.5
4,1,45,xgboost,200,443,0,0.40616488456726074,0,0.5
4,1,45,xgboost,207,437,0,0.36683499813079834,0,0.5
4,1,45,xgboost,213,500,0,0.2275736778974533,0,0.5
4,1,45,xgboost,216,531,1,0.49641168117523193,0,0.5
4,1,45,xgboost,230,304,0,0.18747834861278534,0,0.5
4,1,45,xgboost,232,316,0,0.18835052847862244,0,0.5
4,1,45,xgboost,238,536,0,0.12812785804271698,0,0.5
4,1,45,xgboost,242,555,0,0.08805897831916809,0,0.5
4,1,45,xgboost,244,391,0,0.4966910481452942,0,0.5
4,1,45,xgboost,249,270,0,0.39037999510765076,0,0.5
4,1,45,xgboost,252,344,0,0.06366810202598572,0,0.5
4,1,45,xgboost,260,485,0,0.37541428208351135,0,0.5
4,1,45,xgboost,261,227,0,0.5831010937690735,1,0.5
4,1,45,xgboost,267,265,0,0.744943380355835,1,0.5
4,1,45,xgboost,269,410,0,0.502264678478241,1,0.5
4,1,45,xgboost,278,267,0,0.7337531447410583,1,0.5
4,1,45,xgboost,280,303,0,0.26994967460632324,0,0.5
4,1,45,xgboost,281,238,0,0.4029834270477295,0,0.5
4,1,45,xgboost,290,204,0,0.24174372851848602,0,0.5
4,1,45,xgboost,292,264,0,0.7930700182914734,1,0.5
4,1,45,xgboost,302,323,0,0.13572978973388672,0,0.5
4,1,45,xgboost,307,287,0,0.22522428631782532,0,0.5
4,1,45,xgboost,317,170,0,0.33747488260269165,0,0.5
4,1,45,xgboost,320,271,1,0.49635863304138184,0,0.5
4,1,45,xgboost,321,269,0,0.5348951816558838,1,0.5
4,1,45,xgboost,336,251,0,0.5343990325927734,1,0.5
4,1,45,xgboost,337,818,0,0.16897669434547424,0,0.5
4,1,45,xgboost,346,149,0,0.2360706925392151,0,0.5
4,1,45,xgboost,360,339,0,0.1687922477722168,0,0.5
4,1,45,xgboost,362,160,0,0.5222728848457336,1,0.5
4,1,45,xgboost,379,224,0,0.6340765953063965,1,0.5
4,1,45,xgboost,380,103,0,0.27253466844558716,0,0.5
4,1,45,xgboost,387,266,0,0.6462923884391785,1,0.5
4,1,45,xgboost,388,185,0,0.43024688959121704,0,0.5
4,1,45,xgboost,393,142,0,0.4498707354068756,0,0.5
4,1,45,xgboost,414,186,0,0.4782586991786957,0,0.5
4,1,45,xgboost,416,70,0,0.21863260865211487,0,0.5
4,1,45,xgboost,419,149,0,0.2360706925392151,0,0.5
4,1,45,xgboost,431,70,0,0.21863260865211487,0,0.5
4,1,45,xgboost,434,192,1,0.6443565487861633,1,0.5
4,1,45,xgboost,440,7,0,0.07701140642166138,0,0.5
4,1,45,xgboost,443,10,0,0.09974221885204315,0,0.5
4,1,45,xgboost,453,10,0,0.09974221885204315,0,0.5
4,1,45,xgboost,454,7,0,0.07701140642166138,0,0.5
4,1,45,xgboost,455,77,0,0.3574855327606201,0,0.5
4,1,45,xgboost,464,25,0,0.0723518505692482,0,0.5
4,1,45,xgboost,466,7,0,0.07701140642166138,0,0.5
4,1,45,xgboost,467,41,0,0.044597942382097244,0,0.5
4,1,45,xgboost,469,16,0,0.15782055258750916,0,0.5
4,1,45,xgboost,474,640,0,0.39043962955474854,0,0.5
4,1,45,xgboost,479,482,0,0.1932833194732666,0,0.5
4,1,45,xgboost,481,608,0,0.522334635257721,1,0.5
4,1,45,xgboost,482,757,0,0.45103034377098083,0,0.5
4,1,45,xgboost,483,190,0,0.48249351978302,0,0.5
4,1,45,xgboost,497,356,0,0.36009255051612854,0,0.5
4,1,45,xgboost,499,614,0,0.3537265658378601,0,0.5
4,1,45,xgboost,503,735,0,0.1428644210100174,0,0.5
4,1,45,xgboost,505,306,0,0.41596582531929016,0,0.5
4,1,45,xgboost,506,711,0,0.2759118378162384,0,0.5
4,1,45,xgboost,512,671,0,0.2289665788412094,0,0.5
4,1,45,xgboost,520,53,0,0.07557298243045807,0,0.5
4,1,45,xgboost,523,624,0,0.486351877450943,0,0.5
4,1,45,xgboost,524,628,0,0.6121887564659119,1,0.5
4,1,45,xgboost,528,547,0,0.4644659459590912,0,0.5
4,1,45,xgboost,535,275,0,0.6475978493690491,1,0.5
4,1,45,xgboost,544,50,0,0.0768572986125946,0,0.5
4,1,45,xgboost,545,532,0,0.41534528136253357,0,0.5
4,1,45,xgboost,548,58,0,0.20060187578201294,0,0.5
4,1,45,xgboost,551,639,0,0.586311399936676,1,0.5
4,1,45,xgboost,559,162,0,0.49164965748786926,0,0.5
4,1,45,xgboost,569,802,0,0.05705157667398453,0,0.5
4,1,45,xgboost,574,309,0,0.2727896273136139,0,0.5
4,1,45,xgboost,581,59,0,0.13056126236915588,0,0.5
4,1,45,xgboost,597,133,0,0.6674911975860596,1,0.5
4,1,45,xgboost,606,539,0,0.2810470163822174,0,0.5
4,1,45,xgboost,614,341,1,0.18477526307106018,0,0.5
4,1,45,xgboost,620,363,0,0.2439558058977127,0,0.5
4,1,45,xgboost,625,92,0,0.32006242871284485,0,0.5
4,1,45,xgboost,632,226,0,0.5349153280258179,1,0.5
4,1,45,xgboost,640,625,0,0.29074862599372864,0,0.5
4,1,45,xgboost,641,761,0,0.39413097500801086,0,0.5
4,1,45,xgboost,648,95,0,0.7503408789634705,1,0.5
4,1,45,xgboost,649,613,0,0.701903760433197,1,0.5
4,1,45,xgboost,650,421,0,0.32477885484695435,0,0.5
4,1,45,xgboost,664,756,1,0.7617915868759155,1,0.5
4,1,45,xgboost,671,824,1,0.38965100049972534,0,0.5
4,1,45,xgboost,678,609,0,0.3569371998310089,0,0.5
4,1,45,xgboost,683,762,0,0.5042245388031006,1,0.5
4,1,45,xgboost,685,820,0,0.24401552975177765,0,0.5
4,1,45,xgboost,686,704,1,0.3818620443344116,0,0.5
4,1,45,xgboost,689,340,0,0.08599942177534103,0,0.5
4,1,45,xgboost,691,420,0,0.6087881922721863,1,0.5
4,1,45,xgboost,694,486,0,0.486214816570282,0,0.5
4,1,45,xgboost,697,91,0,0.2399962693452835,0,0.5
4,1,45,xgboost,700,479,0,0.5601150393486023,1,0.5
4,1,45,xgboost,701,524,0,0.503349244594574,1,0.5
4,1,45,xgboost,704,781,0,0.4573298692703247,0,0.5
4,1,45,xgboost,708,254,0,0.3101409673690796,0,0.5
4,1,45,xgboost,709,374,0,0.3485792875289917,0,0.5
4,1,45,xgboost,711,128,0,0.2688494920730591,0,0.5
4,1,45,xgboost,713,31,0,0.12487204372882843,0,0.5
4,1,45,xgboost,726,530,0,0.814136266708374,1,0.5
4,1,45,xgboost,732,417,0,0.513995349407196,1,0.5
4,1,45,xgboost,735,6,0,0.04674753174185753,0,0.5
4,1,45,xgboost,738,477,0,0.44081124663352966,0,0.5
4,1,45,xgboost,740,768,0,0.12545831501483917,0,0.5
4,1,45,xgboost,742,156,0,0.39269953966140747,0,0.5
4,1,45,xgboost,745,30,0,0.15101012587547302,0,0.5
4,1,45,xgboost,754,508,1,0.5899295210838318,1,0.5
4,1,45,xgboost,757,360,0,0.36048632860183716,0,0.5
4,1,45,xgboost,758,578,0,0.30068716406822205,0,0.5
4,1,45,xgboost,768,422,0,0.32422974705696106,0,0.5
4,1,45,xgboost,771,661,0,0.3923826813697815,0,0.5
4,1,45,xgboost,778,136,0,0.3372015357017517,0,0.5
4,1,45,xgboost,779,656,0,0.523872435092926,1,0.5
4,1,45,xgboost,788,752,0,0.51947021484375,1,0.5
4,1,45,xgboost,794,175,0,0.38785627484321594,0,0.5
4,1,45,xgboost,802,14,0,0.07415007799863815,0,0.5
4,1,45,xgboost,806,62,0,0.10393344610929489,0,0.5
4,1,45,xgboost,808,544,0,0.32305267453193665,0,0.5
4,1,45,xgboost,809,519,0,0.20188157260417938,0,0.5
4,1,45,xgboost,814,22,1,0.0624651201069355,0,0.5
4,1,45,xgboost,816,233,0,0.6440101265907288,1,0.5
4,1,45,xgboost,821,602,0,0.1360229104757309,0,0.5
4,1,45,xgboost,823,644,0,0.3786340653896332,0,0.5
4,1,45,xgboost,826,650,0,0.5622403621673584,1,0.5
4,1,45,xgboost,836,743,0,0.3531430959701538,0,0.5
4,1,45,xgboost,841,297,0,0.24058157205581665,0,0.5
4,1,45,xgboost,844,444,0,0.13852323591709137,0,0.5
4,1,45,xgboost,855,377,0,0.3176398277282715,0,0.5
4,1,45,xgboost,857,526,0,0.16574788093566895,0,0.5
4,2,45,dummy_prior,2,660,0,0.0641399416909621,0,0.5
4,2,45,dummy_prior,5,796,0,0.0641399416909621,0,0.5
4,2,45,dummy_prior,14,798,0,0.0641399416909621,0,0.5
4,2,45,dummy_prior,18,792,0,0.0641399416909621,0,0.5
4,2,45,dummy_prior,20,797,0,0.0641399416909621,0,0.5
4,2,45,dummy_prior,29,745,0,0.0641399416909621,0,0.5
4,2,45,dummy_prior,31,771,0,0.0641399416909621,0,0.5
4,2,45,dummy_prior,36,760,0,0.0641399416909621,0,0.5
4,2,45,dummy_prior,38,758,0,0.0641399416909621,0,0.5
4,2,45,dummy_prior,43,723,0,0.0641399416909621,0,0.5
4,2,45,dummy_prior,50,721,0,0.0641399416909621,0,0.5
4,2,45,dummy_prior,53,695,0,0.0641399416909621,0,0.5
4,2,45,dummy_prior,54,708,0,0.0641399416909621,0,0.5
4,2,45,dummy_prior,56,702,0,0.0641399416909621,0,0.5
4,2,45,dummy_prior,67,728,0,0.0641399416909621,0,0.5
4,2,45,dummy_prior,82,615,0,0.0641399416909621,0,0.5
4,2,45,dummy_prior,85,657,0,0.0641399416909621,0,0.5
4,2,45,dummy_prior,86,718,0,0.0641399416909621,0,0.5
4,2,45,dummy_prior,92,649,0,0.0641399416909621,0,0.5
4,2,45,dummy_prior,97,678,0,0.0641399416909621,0,0.5
4,2,45,dummy_prior,99,641,0,0.0641399416909621,0,0.5
4,2,45,dummy_prior,101,580,0,0.0641399416909621,0,0.5
4,2,45,dummy_prior,103,754,1,0.0641399416909621,0,0.5
4,2,45,dummy_prior,106,577,0,0.0641399416909621,0,0.5
4,2,45,dummy_prior,112,573,0,0.0641399416909621,0,0.5
4,2,45,dummy_prior,118,560,0,0.0641399416909621,0,0.5
4,2,45,dummy_prior,119,498,0,0.0641399416909621,0,0.5
4,2,45,dummy_prior,122,592,0,0.0641399416909621,0,0.5
4,2,45,dummy_prior,131,581,1,0.0641399416909621,0,0.5
4,2,45,dummy_prior,133,651,0,0.0641399416909621,0,0.5
4,2,45,dummy_prior,139,556,0,0.0641399416909621,0,0.5
4,2,45,dummy_prior,140,553,0,0.0641399416909621,0,0.5
4,2,45,dummy_prior,145,595,0,0.0641399416909621,0,0.5
4,2,45,dummy_prior,148,643,0,0.0641399416909621,0,0.5
4,2,45,dummy_prior,157,545,0,0.0641399416909621,0,0.5
4,2,45,dummy_prior,158,617,0,0.0641399416909621,0,0.5
4,2,45,dummy_prior,165,572,0,0.0641399416909621,0,0.5
4,2,45,dummy_prior,167,461,0,0.0641399416909621,0,0.5
4,2,45,dummy_prior,170,434,0,0.0641399416909621,0,0.5
4,2,45,dummy_prior,171,418,0,0.0641399416909621,0,0.5
4,2,45,dummy_prior,175,412,0,0.0641399416909621,0,0.5
4,2,45,dummy_prior,176,452,0,0.0641399416909621,0,0.5
4,2,45,dummy_prior,191,527,0,0.0641399416909621,0,0.5
4,2,45,dummy_prior,194,397,0,0.0641399416909621,0,0.5
4,2,45,dummy_prior,202,454,0,0.0641399416909621,0,0.5
4,2,45,dummy_prior,204,222,0,0.0641399416909621,0,0.5
4,2,45,dummy_prior,208,470,0,0.0641399416909621,0,0.5
4,2,45,dummy_prior,209,387,0,0.0641399416909621,0,0.5
4,2,45,dummy_prior,214,550,1,0.0641399416909621,0,0.5
4,2,45,dummy_prior,218,503,0,0.0641399416909621,0,0.5
4,2,45,dummy_prior,231,432,0,0.0641399416909621,0,0.5
4,2,45,dummy_prior,233,345,0,0.0641399416909621,0,0.5
4,2,45,dummy_prior,240,334,0,0.0641399416909621,0,0.5
4,2,45,dummy_prior,247,292,0,0.0641399416909621,0,0.5
4,2,45,dummy_prior,251,284,0,0.0641399416909621,0,0.5
4,2,45,dummy_prior,254,390,0,0.0641399416909621,0,0.5
4,2,45,dummy_prior,257,273,1,0.0641399416909621,0,0.5
4,2,45,dummy_prior,264,259,1,0.0641399416909621,0,0.5
4,2,45,dummy_prior,266,232,0,0.0641399416909621,0,0.5
4,2,45,dummy_prior,268,305,0,0.0641399416909621,0,0.5
4,2,45,dummy_prior,293,221,0,0.0641399416909621,0,0.5
4,2,45,dummy_prior,297,220,0,0.0641399416909621,0,0.5
4,2,45,dummy_prior,298,333,0,0.0641399416909621,0,0.5
4,2,45,dummy_prior,300,301,0,0.0641399416909621,0,0.5
4,2,45,dummy_prior,301,202,0,0.0641399416909621,0,0.5
4,2,45,dummy_prior,311,368,0,0.0641399416909621,0,0.5
4,2,45,dummy_prior,322,180,0,0.0641399416909621,0,0.5
4,2,45,dummy_prior,324,654,0,0.0641399416909621,0,0.5
4,2,45,dummy_prior,325,169,1,0.0641399416909621,0,0.5
4,2,45,dummy_prior,331,446,0,0.0641399416909621,0,0.5
4,2,45,dummy_prior,332,583,0,0.0641399416909621,0,0.5
4,2,45,dummy_prior,339,182,0,0.0641399416909621,0,0.5
4,2,45,dummy_prior,347,131,0,0.0641399416909621,0,0.5
4,2,45,dummy_prior,350,167,0,0.0641399416909621,0,0.5
4,2,45,dummy_prior,353,223,0,0.0641399416909621,0,0.5
4,2,45,dummy_prior,354,811,0,0.0641399416909621,0,0.5
4,2,45,dummy_prior,359,733,0,0.0641399416909621,0,0.5
4,2,45,dummy_prior,363,72,0,0.0641399416909621,0,0.5
4,2,45,dummy_prior,371,367,0,0.0641399416909621,0,0.5
4,2,45,dummy_prior,372,242,0,0.0641399416909621,0,0.5
4,2,45,dummy_prior,373,312,0,0.0641399416909621,0,0.5
4,2,45,dummy_prior,377,172,1,0.0641399416909621,0,0.5
4,2,45,dummy_prior,378,86,0,0.0641399416909621,0,0.5
4,2,45,dummy_prior,389,49,0,0.0641399416909621,0,0.5
4,2,45,dummy_prior,406,49,0,0.0641399416909621,0,0.5
4,2,45,dummy_prior,410,171,0,0.0641399416909621,0,0.5
4,2,45,dummy_prior,411,49,0,0.0641399416909621,0,0.5
4,2,45,dummy_prior,415,104,0,0.0641399416909621,0,0.5
4,2,45,dummy_prior,417,158,0,0.0641399416909621,0,0.5
4,2,45,dummy_prior,421,433,1,0.0641399416909621,0,0.5
4,2,45,dummy_prior,430,153,0,0.0641399416909621,0,0.5
4,2,45,dummy_prior,432,600,0,0.0641399416909621,0,0.5
4,2,45,dummy_prior,441,9,0,0.0641399416909621,0,0.5
4,2,45,dummy_prior,448,65,0,0.0641399416909621,0,0.5
4,2,45,dummy_prior,450,34,0,0.0641399416909621,0,0.5
4,2,45,dummy_prior,451,32,0,0.0641399416909621,0,0.5
4,2,45,dummy_prior,457,18,0,0.0641399416909621,0,0.5
4,2,45,dummy_prior,460,5,0,0.0641399416909621,0,0.5
4,2,45,dummy_prior,461,19,0,0.0641399416909621,0,0.5
4,2,45,dummy_prior,463,1,0,0.0641399416909621,0,0.5
4,2,45,dummy_prior,476,753,0,0.0641399416909621,0,0.5
4,2,45,dummy_prior,484,371,0,0.0641399416909621,0,0.5
4,2,45,dummy_prior,490,375,0,0.0641399416909621,0,0.5
4,2,45,dummy_prior,493,86,0,0.0641399416909621,0,0.5
4,2,45,dummy_prior,494,165,0,0.0641399416909621,0,0.5
4,2,45,dummy_prior,504,428,0,0.0641399416909621,0,0.5
4,2,45,dummy_prior,510,17,0,0.0641399416909621,0,0.5
4,2,45,dummy_prior,521,791,0,0.0641399416909621,0,0.5
4,2,45,dummy_prior,522,37,0,0.0641399416909621,0,0.5
4,2,45,dummy_prior,529,652,0,0.0641399416909621,0,0.5
4,2,45,dummy_prior,542,146,0,0.0641399416909621,0,0.5
4,2,45,dummy_prior,558,255,0,0.0641399416909621,0,0.5
4,2,45,dummy_prior,564,426,0,0.0641399416909621,0,0.5
4,2,45,dummy_prior,565,335,0,0.0641399416909621,0,0.5
4,2,45,dummy_prior,570,559,0,0.0641399416909621,0,0.5
4,2,45,dummy_prior,571,257,0,0.0641399416909621,0,0.5
4,2,45,dummy_prior,583,315,0,0.0641399416909621,0,0.5
4,2,45,dummy_prior,587,687,0,0.0641399416909621,0,0.5
4,2,45,dummy_prior,591,244,0,0.0641399416909621,0,0.5
4,2,45,dummy_prior,593,13,0,0.0641399416909621,0,0.5
4,2,45,dummy_prior,594,193,0,0.0641399416909621,0,0.5
4,2,45,dummy_prior,600,506,0,0.0641399416909621,0,0.5
4,2,45,dummy_prior,602,670,0,0.0641399416909621,0,0.5
4,2,45,dummy_prior,613,299,0,0.0641399416909621,0,0.5
4,2,45,dummy_prior,619,320,0,0.0641399416909621,0,0.5
4,2,45,dummy_prior,622,710,0,0.0641399416909621,0,0.5
4,2,45,dummy_prior,623,250,0,0.0641399416909621,0,0.5
4,2,45,dummy_prior,630,424,0,0.0641399416909621,0,0.5
4,2,45,dummy_prior,634,478,0,0.0641399416909621,0,0.5
4,2,45,dummy_prior,636,741,0,0.0641399416909621,0,0.5
4,2,45,dummy_prior,638,221,0,0.0641399416909621,0,0.5
4,2,45,dummy_prior,639,52,0,0.0641399416909621,0,0.5
4,2,45,dummy_prior,645,471,0,0.0641399416909621,0,0.5
4,2,45,dummy_prior,654,810,0,0.0641399416909621,0,0.5
4,2,45,dummy_prior,655,236,1,0.0641399416909621,0,0.5
4,2,45,dummy_prior,665,205,0,0.0641399416909621,0,0.5
4,2,45,dummy_prior,668,830,0,0.0641399416909621,0,0.5
4,2,45,dummy_prior,672,0,0,0.0641399416909621,0,0.5
4,2,45,dummy_prior,677,814,0,0.0641399416909621,0,0.5
4,2,45,dummy_prior,684,815,0,0.0641399416909621,0,0.5
4,2,45,dummy_prior,702,439,0,0.0641399416909621,0,0.5
4,2,45,dummy_prior,703,42,0,0.0641399416909621,0,0.5
4,2,45,dummy_prior,705,806,0,0.0641399416909621,0,0.5
4,2,45,dummy_prior,715,13,0,0.0641399416909621,0,0.5
4,2,45,dummy_prior,721,655,0,0.0641399416909621,0,0.5
4,2,45,dummy_prior,733,587,0,0.0641399416909621,0,0.5
4,2,45,dummy_prior,734,564,0,0.0641399416909621,0,0.5
4,2,45,dummy_prior,739,495,1,0.0641399416909621,0,0.5
4,2,45,dummy_prior,741,129,0,0.0641399416909621,0,0.5
4,2,45,dummy_prior,744,66,0,0.0641399416909621,0,0.5
4,2,45,dummy_prior,748,393,0,0.0641399416909621,0,0.5
4,2,45,dummy_prior,751,778,0,0.0641399416909621,0,0.5
4,2,45,dummy_prior,763,785,0,0.0641399416909621,0,0.5
4,2,45,dummy_prior,764,281,0,0.0641399416909621,0,0.5
4,2,45,dummy_prior,767,12,0,0.0641399416909621,0,0.5
4,2,45,dummy_prior,782,528,0,0.0641399416909621,0,0.5
4,2,45,dummy_prior,786,401,1,0.0641399416909621,0,0.5
4,2,45,dummy_prior,787,256,0,0.0641399416909621,0,0.5
4,2,45,dummy_prior,792,314,0,0.0641399416909621,0,0.5
4,2,45,dummy_prior,798,396,0,0.0641399416909621,0,0.5
4,2,45,dummy_prior,799,141,0,0.0641399416909621,0,0.5
4,2,45,dummy_prior,800,302,0,0.0641399416909621,0,0.5
4,2,45,dummy_prior,801,691,0,0.0641399416909621,0,0.5
4,2,45,dummy_prior,810,116,0,0.0641399416909621,0,0.5
4,2,45,dummy_prior,812,4,0,0.0641399416909621,0,0.5
4,2,45,dummy_prior,817,516,0,0.0641399416909621,0,0.5
4,2,45,dummy_prior,828,634,0,0.0641399416909621,0,0.5
4,2,45,dummy_prior,846,680,0,0.0641399416909621,0,0.5
4,2,45,dummy_prior,847,574,0,0.0641399416909621,0,0.5
4,2,45,dummy_prior,848,598,0,0.0641399416909621,0,0.5
4,2,45,dummy_prior,851,298,0,0.0641399416909621,0,0.5
4,2,45,dummy_prior,853,672,0,0.0641399416909621,0,0.5
4,2,45,logistic_regression,2,660,0,0.47757052153273954,0,0.5
4,2,45,logistic_regression,5,796,0,0.5045341679905186,1,0.5
4,2,45,logistic_regression,14,798,0,0.6813655445374233,1,0.5
4,2,45,logistic_regression,18,792,0,0.7984045531411283,1,0.5
4,2,45,logistic_regression,20,797,0,0.678629140152383,1,0.5
4,2,45,logistic_regression,29,745,0,0.42686749292634774,0,0.5
4,2,45,logistic_regression,31,771,0,0.8219310571415511,1,0.5
4,2,45,logistic_regression,36,760,0,0.47126059786317437,0,0.5
4,2,45,logistic_regression,38,758,0,0.5291892680302068,1,0.5
4,2,45,logistic_regression,43,723,0,0.49480558190966833,0,0.5
4,2,45,logistic_regression,50,721,0,0.5521391745875202,1,0.5
4,2,45,logistic_regression,53,695,0,0.5246666063465556,1,0.5
4,2,45,logistic_regression,54,708,0,0.6040317612027725,1,0.5
4,2,45,logistic_regression,56,702,0,0.4931536350091403,0,0.5
4,2,45,logistic_regression,67,728,0,0.674352677994167,1,0.5
4,2,45,logistic_regression,82,615,0,0.558866832744966,1,0.5
4,2,45,logistic_regression,85,657,0,0.4843833431187755,0,0.5
4,2,45,logistic_regression,86,718,0,0.5094856508819245,1,0.5
4,2,45,logistic_regression,92,649,0,0.6591080136052753,1,0.5
4,2,45,logistic_regression,97,678,0,0.4636293251845364,0,0.5
4,2,45,logistic_regression,99,641,0,0.5564935937716851,1,0.5
4,2,45,logistic_regression,101,580,0,0.8520688740003216,1,0.5
4,2,45,logistic_regression,103,754,1,0.7006981857470138,1,0.5
4,2,45,logistic_regression,106,577,0,0.6025112411955649,1,0.5
4,2,45,logistic_regression,112,573,0,0.7224337195147765,1,0.5
4,2,45,logistic_regression,118,560,0,0.5823896082160734,1,0.5
4,2,45,logistic_regression,119,498,0,0.46499540540439016,0,0.5
4,2,45,logistic_regression,122,592,0,0.49358125709619316,0,0.5
4,2,45,logistic_regression,131,581,1,0.7790040920165744,1,0.5
4,2,45,logistic_regression,133,651,0,0.41555518301442357,0,0.5
4,2,45,logistic_regression,139,556,0,0.6184334009437357,1,0.5
4,2,45,logistic_regression,140,553,0,0.641347423546644,1,0.5
4,2,45,logistic_regression,145,595,0,0.47034902690135766,0,0.5
4,2,45,logistic_regression,148,643,0,0.4698064896001195,0,0.5
4,2,45,logistic_regression,157,545,0,0.4926548738944925,0,0.5
4,2,45,logistic_regression,158,617,0,0.48788628705283515,0,0.5
4,2,45,logistic_regression,165,572,0,0.8482841573085432,1,0.5
4,2,45,logistic_regression,167,461,0,0.5853159427873541,1,0.5
4,2,45,logistic_regression,170,434,0,0.2521146875408369,0,0.5
4,2,45,logistic_regression,171,418,0,0.4028094408245769,0,0.5
4,2,45,logistic_regression,175,412,0,0.44601014527191396,0,0.5
4,2,45,logistic_regression,176,452,0,0.419811436171456,0,0.5
4,2,45,logistic_regression,191,527,0,0.5430190772338015,1,0.5
4,2,45,logistic_regression,194,397,0,0.4378477706443027,0,0.5
4,2,45,logistic_regression,202,454,0,0.3294723690490268,0,0.5
4,2,45,logistic_regression,204,222,0,0.47127069087423507,0,0.5
4,2,45,logistic_regression,208,470,0,0.4070426036614365,0,0.5
4,2,45,logistic_regression,209,387,0,0.5381475289302631,1,0.5
4,2,45,logistic_regression,214,550,1,0.49355731777934764,0,0.5
4,2,45,logistic_regression,218,503,0,0.44936561623668847,0,0.5
4,2,45,logistic_regression,231,432,0,0.6342828997811427,1,0.5
4,2,45,logistic_regression,233,345,0,0.41184854026682804,0,0.5
4,2,45,logistic_regression,240,334,0,0.46702624052921216,0,0.5
4,2,45,logistic_regression,247,292,0,0.4259351756877344,0,0.5
4,2,45,logistic_regression,251,284,0,0.42018424746949173,0,0.5
4,2,45,logistic_regression,254,390,0,0.4571339907774072,0,0.5
4,2,45,logistic_regression,257,273,1,0.6016893152275085,1,0.5
4,2,45,logistic_regression,264,259,1,0.44018759334742535,0,0.5
4,2,45,logistic_regression,266,232,0,0.4137556074810583,0,0.5
4,2,45,logistic_regression,268,305,0,0.46350897987639017,0,0.5
4,2,45,logistic_regression,293,221,0,0.46083623313360716,0,0.5
4,2,45,logistic_regression,297,220,0,0.46790903605896406,0,0.5
4,2,45,logistic_regression,298,333,0,0.426802670761857,0,0.5
4,2,45,logistic_regression,300,301,0,0.489675214180158,0,0.5
4,2,45,logistic_regression,301,202,0,0.44896449581360626,0,0.5
4,2,45,logistic_regression,311,368,0,0.48502266294465785,0,0.5
4,2,45,logistic_regression,322,180,0,0.4190312146521242,0,0.5
4,2,45,logistic_regression,324,654,0,0.4890578523066591,0,0.5
4,2,45,logistic_regression,325,169,1,0.4836768153931346,0,0.5
4,2,45,logistic_regression,331,446,0,0.6031848472147833,1,0.5
4,2,45,logistic_regression,332,583,0,0.47182889691319,0,0.5
4,2,45,logistic_regression,339,182,0,0.39737679870020975,0,0.5
4,2,45,logistic_regression,347,131,0,0.4069523774226542,0,0.5
4,2,45,logistic_regression,350,167,0,0.41691562898778434,0,0.5
4,2,45,logistic_regression,353,223,0,0.40694181314095934,0,0.5
4,2,45,logistic_regression,354,811,0,0.5256273871148226,1,0.5
4,2,45,logistic_regression,359,733,0,0.5190106761955775,1,0.5
4,2,45,logistic_regression,363,72,0,0.39624309622664483,0,0.5
4,2,45,logistic_regression,371,367,0,0.3780137863185439,0,0.5
4,2,45,logistic_regression,372,242,0,0.3435828332744253,0,0.5
4,2,45,logistic_regression,373,312,0,0.42002282469145114,0,0.5
4,2,45,logistic_regression,377,172,1,0.36993400868145454,0,0.5
4,2,45,logistic_regression,378,86,0,0.4439721486035282,0,0.5
4,2,45,logistic_regression,389,49,0,0.4491446731093753,0,0.5
4,2,45,logistic_regression,406,49,0,0.4491446731093753,0,0.5
4,2,45,logistic_regression,410,171,0,0.41104446990165716,0,0.5
4,2,45,logistic_regression,411,49,0,0.4491446731093753,0,0.5
4,2,45,logistic_regression,415,104,0,0.450838573296519,0,0.5
4,2,45,logistic_regression,417,158,0,0.41021372100346504,0,0.5
4,2,45,logistic_regression,421,433,1,0.41248106109995963,0,0.5
4,2,45,logistic_regression,430,153,0,0.3889884429032455,0,0.5
4,2,45,logistic_regression,432,600,0,0.6162976021548103,1,0.5
4,2,45,logistic_regression,441,9,0,0.4424865447113986,0,0.5
4,2,45,logistic_regression,448,65,0,0.22469424875900132,0,0.5
4,2,45,logistic_regression,450,34,0,0.4027468607994443,0,0.5
4,2,45,logistic_regression,451,32,0,0.44581317822532585,0,0.5
4,2,45,logistic_regression,457,18,0,0.32053214994974577,0,0.5
4,2,45,logistic_regression,460,5,0,0.3872488100850112,0,0.5
4,2,45,logistic_regression,461,19,0,0.4458476553330577,0,0.5
4,2,45,logistic_regression,463,1,0,0.4495179351127459,0,0.5
4,2,45,logistic_regression,476,753,0,0.44978519577511883,0,0.5
4,2,45,logistic_regression,484,371,0,0.4641696293414337,0,0.5
4,2,45,logistic_regression,490,375,0,0.5918573779898171,1,0.5
4,2,45,logistic_regression,493,86,0,0.4439721486035282,0,0.5
4,2,45,logistic_regression,494,165,0,0.406758797740284,0,0.5
4,2,45,logistic_regression,504,428,0,0.4656781180197653,0,0.5
4,2,45,logistic_regression,510,17,0,0.392522699382203,0,0.5
4,2,45,logistic_regression,521,791,0,0.5633633004598705,1,0.5
4,2,45,logistic_regression,522,37,0,0.3196902791024406,0,0.5
4,2,45,logistic_regression,529,652,0,0.5044712762483499,1,0.5
4,2,45,logistic_regression,542,146,0,0.39510051318992506,0,0.5
4,2,45,logistic_regression,558,255,0,0.4658647782677375,0,0.5
4,2,45,logistic_regression,564,426,0,0.41473302042947746,0,0.5
4,2,45,logistic_regression,565,335,0,0.4608199189238516,0,0.5
4,2,45,logistic_regression,570,559,0,0.5091368869108667,1,0.5
4,2,45,logistic_regression,571,257,0,0.4610246713047332,0,0.5
4,2,45,logistic_regression,583,315,0,0.4504542761739525,0,0.5
4,2,45,logistic_regression,587,687,0,0.5776372409613733,1,0.5
4,2,45,logistic_regression,591,244,0,0.38530888465740026,0,0.5
4,2,45,logistic_regression,593,13,0,0.43733520835323075,0,0.5
4,2,45,logistic_regression,594,193,0,0.407069033637123,0,0.5
4,2,45,logistic_regression,600,506,0,0.46718178663858606,0,0.5
4,2,45,logistic_regression,602,670,0,0.570645745663553,1,0.5
4,2,45,logistic_regression,613,299,0,0.34630375122198875,0,0.5
4,2,45,logistic_regression,619,320,0,0.3984625509529223,0,0.5
4,2,45,logistic_regression,622,710,0,0.44999405256384656,0,0.5
4,2,45,logistic_regression,623,250,0,0.5320647205378948,1,0.5
4,2,45,logistic_regression,630,424,0,0.48806228094293463,0,0.5
4,2,45,logistic_regression,634,478,0,0.4724536340758835,0,0.5
4,2,45,logistic_regression,636,741,0,0.5224993510099516,1,0.5
4,2,45,logistic_regression,638,221,0,0.46083623313360716,0,0.5
4,2,45,logistic_regression,639,52,0,0.4406483295799306,0,0.5
4,2,45,logistic_regression,645,471,0,0.5645938721400591,1,0.5
4,2,45,logistic_regression,654,810,0,0.6627164852228016,1,0.5
4,2,45,logistic_regression,655,236,1,0.4384456764832279,0,0.5
4,2,45,logistic_regression,665,205,0,0.4672439157633732,0,0.5
4,2,45,logistic_regression,668,830,0,0.6921633411083931,1,0.5
4,2,45,logistic_regression,672,0,0,0.4255675869003423,0,0.5
4,2,45,logistic_regression,677,814,0,0.48051310303032957,0,0.5
4,2,45,logistic_regression,684,815,0,0.5466403910291134,1,0.5
4,2,45,logistic_regression,702,439,0,0.4046539398133414,0,0.5
4,2,45,logistic_regression,703,42,0,0.4270716876198139,0,0.5
4,2,45,logistic_regression,705,806,0,0.45795178030759665,0,0.5
4,2,45,logistic_regression,715,13,0,0.43733520835323086,0,0.5
4,2,45,logistic_regression,721,655,0,0.5056305724342902,1,0.5
4,2,45,logistic_regression,733,587,0,0.48906879037811657,0,0.5
4,2,45,logistic_regression,734,564,0,0.6468278636127394,1,0.5
4,2,45,logistic_regression,739,495,1,0.5912617623314647,1,0.5
4,2,45,logistic_regression,741,129,0,0.405324756900312,0,0.5
4,2,45,logistic_regression,744,66,0,0.38817261713347195,0,0.5
4,2,45,logistic_regression,748,393,0,0.4272691122290493,0,0.5
4,2,45,logistic_regression,751,778,0,0.4603312937168821,0,0.5
4,2,45,logistic_regression,763,785,0,0.6083859272571321,1,0.5
4,2,45,logistic_regression,764,281,0,0.5720595317987237,1,0.5
4,2,45,logistic_regression,767,12,0,0.38724361668504653,0,0.5
4,2,45,logistic_regression,782,528,0,0.3881190329506685,0,0.5
4,2,45,logistic_regression,786,401,1,0.7938766755321389,1,0.5
4,2,45,logistic_regression,787,256,0,0.5159036140433828,1,0.5
4,2,45,logistic_regression,792,314,0,0.35028205407162116,0,0.5
4,2,45,logistic_regression,798,396,0,0.46235616235243315,0,0.5
4,2,45,logistic_regression,799,141,0,0.4508331545453159,0,0.5
4,2,45,logistic_regression,800,302,0,0.48520076641515275,0,0.5
4,2,45,logistic_regression,801,691,0,0.48593309085125946,0,0.5
4,2,45,logistic_regression,810,116,0,0.4106899324782934,0,0.5
4,2,45,logistic_regression,812,4,0,0.384425208545697,0,0.5
4,2,45,logistic_regression,817,516,0,0.488068249257539,0,0.5
4,2,45,logistic_regression,828,634,0,0.4686404018100082,0,0.5
4,2,45,logistic_regression,846,680,0,0.47571637978938114,0,0.5
4,2,45,logistic_regression,847,574,0,0.47221347430550237,0,0.5
4,2,45,logistic_regression,848,598,0,0.4178249583535948,0,0.5
4,2,45,logistic_regression,851,298,0,0.46269648823014414,0,0.5
4,2,45,logistic_regression,853,672,0,0.46175461462546435,0,0.5
4,2,45,xgboost,2,660,0,0.01604549027979374,0,0.5
4,2,45,xgboost,5,796,0,0.011252504773437977,0,0.5
4,2,45,xgboost,14,798,0,0.44665777683258057,0,0.5
4,2,45,xgboost,18,792,0,0.0025706554297357798,0,0.5
4,2,45,xgboost,20,797,0,0.840452253818512,1,0.5
4,2,45,xgboost,29,745,0,0.0014729824615642428,0,0.5
4,2,45,xgboost,31,771,0,0.05737217515707016,0,0.5
4,2,45,xgboost,36,760,0,0.3195100426673889,0,0.5
4,2,45,xgboost,38,758,0,0.007485223468393087,0,0.5
4,2,45,xgboost,43,723,0,0.14883969724178314,0,0.5
4,2,45,xgboost,50,721,0,0.03196745738387108,0,0.5
4,2,45,xgboost,53,695,0,0.6443723440170288,1,0.5
4,2,45,xgboost,54,708,0,0.07687512785196304,0,0.5
4,2,45,xgboost,56,702,0,0.5934685468673706,1,0.5
4,2,45,xgboost,67,728,0,0.6954942345619202,1,0.5
4,2,45,xgboost,82,615,0,0.024468103423714638,0,0.5
4,2,45,xgboost,85,657,0,0.020466411486268044,0,0.5
4,2,45,xgboost,86,718,0,0.003624489763751626,0,0.5
4,2,45,xgboost,92,649,0,0.036992959678173065,0,0.5
4,2,45,xgboost,97,678,0,0.5818411111831665,1,0.5
4,2,45,xgboost,99,641,0,0.191206157207489,0,0.5
4,2,45,xgboost,101,580,0,0.22704938054084778,0,0.5
4,2,45,xgboost,103,754,1,0.49348920583724976,0,0.5
4,2,45,xgboost,106,577,0,0.2416943609714508,0,0.5
4,2,45,xgboost,112,573,0,0.006856101565063,0,0.5
4,2,45,xgboost,118,560,0,0.09805431962013245,0,0.5
4,2,45,xgboost,119,498,0,0.2766684889793396,0,0.5
4,2,45,xgboost,122,592,0,0.004511300008744001,0,0.5
4,2,45,xgboost,131,581,1,0.003769501345232129,0,0.5
4,2,45,xgboost,133,651,0,0.4653761386871338,0,0.5
4,2,45,xgboost,139,556,0,0.0008422036189585924,0,0.5
4,2,45,xgboost,140,553,0,0.005317531991750002,0,0.5
4,2,45,xgboost,145,595,0,0.00048045680159702897,0,0.5
4,2,45,xgboost,148,643,0,0.09085340052843094,0,0.5
4,2,45,xgboost,157,545,0,0.06182943284511566,0,0.5
4,2,45,xgboost,158,617,0,0.004173130728304386,0,0.5
4,2,45,xgboost,165,572,0,0.009281016886234283,0,0.5
4,2,45,xgboost,167,461,0,0.471891850233078,0,0.5
4,2,45,xgboost,170,434,0,0.10748352855443954,0,0.5
4,2,45,xgboost,171,418,0,0.003911840263754129,0,0.5
4,2,45,xgboost,175,412,0,0.2294693887233734,0,0.5
4,2,45,xgboost,176,452,0,0.1164323091506958,0,0.5
4,2,45,xgboost,191,527,0,0.021465573459863663,0,0.5
4,2,45,xgboost,194,397,0,0.040987901389598846,0,0.5
4,2,45,xgboost,202,454,0,0.0006201876094564795,0,0.5
4,2,45,xgboost,204,222,0,0.031257957220077515,0,0.5
4,2,45,xgboost,208,470,0,0.32709801197052,0,0.5
4,2,45,xgboost,209,387,0,0.054606832563877106,0,0.5
4,2,45,xgboost,214,550,1,0.019490636885166168,0,0.5
4,2,45,xgboost,218,503,0,0.9039390087127686,1,0.5
4,2,45,xgboost,231,432,0,0.012541205622255802,0,0.5
4,2,45,xgboost,233,345,0,0.006617718376219273,0,0.5
4,2,45,xgboost,240,334,0,0.016962610185146332,0,0.5
4,2,45,xgboost,247,292,0,0.17542147636413574,0,0.5
4,2,45,xgboost,251,284,0,0.14856790006160736,0,0.5
4,2,45,xgboost,254,390,0,0.07873113453388214,0,0.5
4,2,45,xgboost,257,273,1,0.23504474759101868,0,0.5
4,2,45,xgboost,264,259,1,0.002469888888299465,0,0.5
4,2,45,xgboost,266,232,0,0.0374593622982502,0,0.5
4,2,45,xgboost,268,305,0,0.07707123458385468,0,0.5
4,2,45,xgboost,293,221,0,0.004004382062703371,0,0.5
4,2,45,xgboost,297,220,0,0.29823195934295654,0,0.5
4,2,45,xgboost,298,333,0,0.0075672827661037445,0,0.5
4,2,45,xgboost,300,301,0,0.003074722131714225,0,0.5
4,2,45,xgboost,301,202,0,0.0456525944173336,0,0.5
4,2,45,xgboost,311,368,0,0.003960080444812775,0,0.5
4,2,45,xgboost,322,180,0,0.6779840588569641,1,0.5
4,2,45,xgboost,324,654,0,0.10978716611862183,0,0.5
4,2,45,xgboost,325,169,1,0.38686081767082214,0,0.5
4,2,45,xgboost,331,446,0,0.028020353987812996,0,0.5
4,2,45,xgboost,332,583,0,0.03408993408083916,0,0.5
4,2,45,xgboost,339,182,0,0.07177461683750153,0,0.5
4,2,45,xgboost,347,131,0,0.12335363775491714,0,0.5
4,2,45,xgboost,350,167,0,0.7136589288711548,1,0.5
4,2,45,xgboost,353,223,0,0.018608329817652702,0,0.5
4,2,45,xgboost,354,811,0,0.3862830400466919,0,0.5
4,2,45,xgboost,359,733,0,0.0022340340074151754,0,0.5
4,2,45,xgboost,363,72,0,0.08078674226999283,0,0.5
4,2,45,xgboost,371,367,0,0.0021112454123795033,0,0.5
4,2,45,xgboost,372,242,0,0.036856718361377716,0,0.5
4,2,45,xgboost,373,312,0,0.014953581616282463,0,0.5
4,2,45,xgboost,377,172,1,0.0015752225881442428,0,0.5
4,2,45,xgboost,378,86,0,0.23562847077846527,0,0.5
4,2,45,xgboost,389,49,0,0.1261509656906128,0,0.5
4,2,45,xgboost,406,49,0,0.1261509656906128,0,0.5
4,2,45,xgboost,410,171,0,0.22935861349105835,0,0.5
4,2,45,xgboost,411,49,0,0.1261509656906128,0,0.5
4,2,45,xgboost,415,104,0,0.07348503172397614,0,0.5
4,2,45,xgboost,417,158,0,0.7536444664001465,1,0.5
4,2,45,xgboost,421,433,1,0.027471104636788368,0,0.5
4,2,45,xgboost,430,153,0,0.24496454000473022,0,0.5
4,2,45,xgboost,432,600,0,0.07786287367343903,0,0.5
4,2,45,xgboost,441,9,0,0.05737524479627609,0,0.5
4,2,45,xgboost,448,65,0,0.014405579306185246,0,0.5
4,2,45,xgboost,450,34,0,0.00984994973987341,0,0.5
4,2,45,xgboost,451,32,0,0.03598068282008171,0,0.5
4,2,45,xgboost,457,18,0,0.00019627077563200146,0,0.5
4,2,45,xgboost,460,5,0,0.0038260009605437517,0,0.5
4,2,45,xgboost,461,19,0,0.04821186885237694,0,0.5
4,2,45,xgboost,463,1,0,0.00914384238421917,0,0.5
4,2,45,xgboost,476,753,0,0.023680809885263443,0,0.5
4,2,45,xgboost,484,371,0,0.018710890784859657,0,0.5
4,2,45,xgboost,490,375,0,0.2790771722793579,0,0.5
4,2,45,xgboost,493,86,0,0.23562847077846527,0,0.5
4,2,45,xgboost,494,165,0,0.2643197178840637,0,0.5
4,2,45,xgboost,504,428,0,0.0008583937305957079,0,0.5
4,2,45,xgboost,510,17,0,0.0024887695908546448,0,0.5
4,2,45,xgboost,521,791,0,0.12200471758842468,0,0.5
4,2,45,xgboost,522,37,0,0.013509220443665981,0,0.5
4,2,45,xgboost,529,652,0,0.021697944030165672,0,0.5
4,2,45,xgboost,542,146,0,0.07611525803804398,0,0.5
4,2,45,xgboost,558,255,0,0.0025284835137426853,0,0.5
4,2,45,xgboost,564,426,0,0.002444680780172348,0,0.5
4,2,45,xgboost,565,335,0,0.0053075458854436874,0,0.5
4,2,45,xgboost,570,559,0,0.013242634013295174,0,0.5
4,2,45,xgboost,571,257,0,0.09757093340158463,0,0.5
4,2,45,xgboost,583,315,0,0.0912826806306839,0,0.5
4,2,45,xgboost,587,687,0,0.028260407969355583,0,0.5
4,2,45,xgboost,591,244,0,0.6937434077262878,1,0.5
4,2,45,xgboost,593,13,0,0.032350942492485046,0,0.5
4,2,45,xgboost,594,193,0,0.20802117884159088,0,0.5
4,2,45,xgboost,600,506,0,0.010180861689150333,0,0.5
4,2,45,xgboost,602,670,0,0.04477245733141899,0,0.5
4,2,45,xgboost,613,299,0,0.0455363467335701,0,0.5
4,2,45,xgboost,619,320,0,0.010840535163879395,0,0.5
4,2,45,xgboost,622,710,0,0.495224267244339,0,0.5
4,2,45,xgboost,623,250,0,0.5859203934669495,1,0.5
4,2,45,xgboost,630,424,0,0.05068349465727806,0,0.5
4,2,45,xgboost,634,478,0,0.08795197308063507,0,0.5
4,2,45,xgboost,636,741,0,0.008615099824965,0,0.5
4,2,45,xgboost,638,221,0,0.004004382062703371,0,0.5
4,2,45,xgboost,639,52,0,0.15567238628864288,0,0.5
4,2,45,xgboost,645,471,0,0.43390989303588867,0,0.5
4,2,45,xgboost,654,810,0,0.02454186975955963,0,0.5
4,2,45,xgboost,655,236,1,0.21764840185642242,0,0.5
4,2,45,xgboost,665,205,0,0.014579132199287415,0,0.5
4,2,45,xgboost,668,830,0,0.13405102491378784,0,0.5
4,2,45,xgboost,672,0,0,0.008493953384459019,0,0.5
4,2,45,xgboost,677,814,0,0.0024300538934767246,0,0.5
4,2,45,xgboost,684,815,0,0.0013199923560023308,0,0.5
4,2,45,xgboost,702,439,0,0.03666028007864952,0,0.5
4,2,45,xgboost,703,42,0,0.008595897816121578,0,0.5
4,2,45,xgboost,705,806,0,0.011004417203366756,0,0.5
4,2,45,xgboost,715,13,0,0.032350942492485046,0,0.5
4,2,45,xgboost,721,655,0,0.040907569229602814,0,0.5
4,2,45,xgboost,733,587,0,0.0850319117307663,0,0.5
4,2,45,xgboost,734,564,0,0.007020552176982164,0,0.5
4,2,45,xgboost,739,495,1,0.26568683981895447,0,0.5
4,2,45,xgboost,741,129,0,0.025946497917175293,0,0.5
4,2,45,xgboost,744,66,0,0.005212316755205393,0,0.5
4,2,45,xgboost,748,393,0,0.23400068283081055,0,0.5
4,2,45,xgboost,751,778,0,0.11366628110408783,0,0.5
4,2,45,xgboost,763,785,0,0.0559457391500473,0,0.5
4,2,45,xgboost,764,281,0,0.002622351050376892,0,0.5
4,2,45,xgboost,767,12,0,0.0038260009605437517,0,0.5
4,2,45,xgboost,782,528,0,0.03504703938961029,0,0.5
4,2,45,xgboost,786,401,1,0.0031731186900287867,0,0.5
4,2,45,xgboost,787,256,0,0.005057670176029205,0,0.5
4,2,45,xgboost,792,314,0,0.015141064301133156,0,0.5
4,2,45,xgboost,798,396,0,0.4202200770378113,0,0.5
4,2,45,xgboost,799,141,0,0.009722106158733368,0,0.5
4,2,45,xgboost,800,302,0,0.002718252595514059,0,0.5
4,2,45,xgboost,801,691,0,0.8082128167152405,1,0.5
4,2,45,xgboost,810,116,0,0.12058454751968384,0,0.5
4,2,45,xgboost,812,4,0,0.005766591057181358,0,0.5
4,2,45,xgboost,817,516,0,0.008136345073580742,0,0.5
4,2,45,xgboost,828,634,0,0.0061494531109929085,0,0.5
4,2,45,xgboost,846,680,0,0.042294420301914215,0,0.5
4,2,45,xgboost,847,574,0,0.0010977298952639103,0,0.5
4,2,45,xgboost,848,598,0,0.012906026095151901,0,0.5
4,2,45,xgboost,851,298,0,0.011732757091522217,0,0.5
4,2,45,xgboost,853,672,0,0.2198542356491089,0,0.5
4,3,45,dummy_prior,4,816,0,0.0641399416909621,0,0.5
4,3,45,dummy_prior,6,823,1,0.0641399416909621,0,0.5
4,3,45,dummy_prior,12,812,0,0.0641399416909621,0,0.5
4,3,45,dummy_prior,16,790,0,0.0641399416909621,0,0.5
4,3,45,dummy_prior,26,765,0,0.0641399416909621,0,0.5
4,3,45,dummy_prior,28,742,0,0.0641399416909621,0,0.5
4,3,45,dummy_prior,45,709,0,0.0641399416909621,0,0.5
4,3,45,dummy_prior,58,683,0,0.0641399416909621,0,0.5
4,3,45,dummy_prior,60,673,0,0.0641399416909621,0,0.5
4,3,45,dummy_prior,66,673,0,0.0641399416909621,0,0.5
4,3,45,dummy_prior,69,705,0,0.0641399416909621,0,0.5
4,3,45,dummy_prior,72,664,0,0.0641399416909621,0,0.5
4,3,45,dummy_prior,79,684,0,0.0641399416909621,0,0.5
4,3,45,dummy_prior,87,703,0,0.0641399416909621,0,0.5
4,3,45,dummy_prior,100,669,0,0.0641399416909621,0,0.5
4,3,45,dummy_prior,102,599,0,0.0641399416909621,0,0.5
4,3,45,dummy_prior,105,674,0,0.0641399416909621,0,0.5
4,3,45,dummy_prior,107,653,0,0.0641399416909621,0,0.5
4,3,45,dummy_prior,108,611,0,0.0641399416909621,0,0.5
4,3,45,dummy_prior,110,619,0,0.0641399416909621,0,0.5
4,3,45,dummy_prior,111,626,0,0.0641399416909621,0,0.5
4,3,45,dummy_prior,114,667,0,0.0641399416909621,0,0.5
4,3,45,dummy_prior,116,597,0,0.0641399416909621,0,0.5
4,3,45,dummy_prior,121,579,0,0.0641399416909621,0,0.5
4,3,45,dummy_prior,123,542,0,0.0641399416909621,0,0.5
4,3,45,dummy_prior,126,588,0,0.0641399416909621,0,0.5
4,3,45,dummy_prior,127,520,0,0.0641399416909621,0,0.5
4,3,45,dummy_prior,132,565,0,0.0641399416909621,0,0.5
4,3,45,dummy_prior,143,480,0,0.0641399416909621,0,0.5
4,3,45,dummy_prior,155,507,0,0.0641399416909621,0,0.5
4,3,45,dummy_prior,168,535,0,0.0641399416909621,0,0.5
4,3,45,dummy_prior,169,108,0,0.0641399416909621,0,0.5
4,3,45,dummy_prior,173,529,0,0.0641399416909621,0,0.5
4,3,45,dummy_prior,180,414,0,0.0641399416909621,0,0.5
4,3,45,dummy_prior,181,462,0,0.0641399416909621,0,0.5
4,3,45,dummy_prior,182,392,0,0.0641399416909621,0,0.5
4,3,45,dummy_prior,183,491,0,0.0641399416909621,0,0.5
4,3,45,dummy_prior,187,501,0,0.0641399416909621,0,0.5
4,3,45,dummy_prior,193,445,0,0.0641399416909621,0,0.5
4,3,45,dummy_prior,195,429,0,0.0641399416909621,0,0.5
4,3,45,dummy_prior,198,447,0,0.0641399416909621,0,0.5
4,3,45,dummy_prior,199,460,0,0.0641399416909621,0,0.5
4,3,45,dummy_prior,203,494,1,0.0641399416909621,0,0.5
4,3,45,dummy_prior,206,496,0,0.0641399416909621,0,0.5
4,3,45,dummy_prior,210,399,0,0.0641399416909621,0,0.5
4,3,45,dummy_prior,212,431,0,0.0641399416909621,0,0.5
4,3,45,dummy_prior,222,552,0,0.0641399416909621,0,0.5
4,3,45,dummy_prior,223,278,0,0.0641399416909621,0,0.5
4,3,45,dummy_prior,224,351,1,0.0641399416909621,0,0.5
4,3,45,dummy_prior,228,585,0,0.0641399416909621,0,0.5
4,3,45,dummy_prior,237,347,0,0.0641399416909621,0,0.5
4,3,45,dummy_prior,241,354,0,0.0641399416909621,0,0.5
4,3,45,dummy_prior,245,253,0,0.0641399416909621,0,0.5
4,3,45,dummy_prior,250,379,0,0.0641399416909621,0,0.5
4,3,45,dummy_prior,255,379,0,0.0641399416909621,0,0.5
4,3,45,dummy_prior,256,366,0,0.0641399416909621,0,0.5
4,3,45,dummy_prior,262,295,0,0.0641399416909621,0,0.5
4,3,45,dummy_prior,271,359,0,0.0641399416909621,0,0.5
4,3,45,dummy_prior,282,219,0,0.0641399416909621,0,0.5
4,3,45,dummy_prior,283,389,0,0.0641399416909621,0,0.5
4,3,45,dummy_prior,291,289,0,0.0641399416909621,0,0.5
4,3,45,dummy_prior,306,436,0,0.0641399416909621,0,0.5
4,3,45,dummy_prior,309,322,0,0.0641399416909621,0,0.5
4,3,45,dummy_prior,315,189,0,0.0641399416909621,0,0.5
4,3,45,dummy_prior,318,308,0,0.0641399416909621,0,0.5
4,3,45,dummy_prior,323,268,0,0.0641399416909621,0,0.5
4,3,45,dummy_prior,326,217,0,0.0641399416909621,0,0.5
4,3,45,dummy_prior,334,229,0,0.0641399416909621,0,0.5
4,3,45,dummy_prior,342,228,0,0.0641399416909621,0,0.5
4,3,45,dummy_prior,343,159,0,0.0641399416909621,0,0.5
4,3,45,dummy_prior,345,276,1,0.0641399416909621,0,0.5
4,3,45,dummy_prior,348,125,0,0.0641399416909621,0,0.5
4,3,45,dummy_prior,351,155,0,0.0641399416909621,0,0.5
4,3,45,dummy_prior,352,152,0,0.0641399416909621,0,0.5
4,3,45,dummy_prior,357,258,0,0.0641399416909621,0,0.5
4,3,45,dummy_prior,364,147,0,0.0641399416909621,0,0.5
4,3,45,dummy_prior,367,127,0,0.0641399416909621,0,0.5
4,3,45,dummy_prior,370,239,1,0.0641399416909621,0,0.5
4,3,45,dummy_prior,374,243,0,0.0641399416909621,0,0.5
4,3,45,dummy_prior,382,400,0,0.0641399416909621,0,0.5
4,3,45,dummy_prior,390,179,0,0.0641399416909621,0,0.5
4,3,45,dummy_prior,397,137,0,0.0641399416909621,0,0.5
4,3,45,dummy_prior,403,64,0,0.0641399416909621,0,0.5
4,3,45,dummy_prior,404,88,0,0.0641399416909621,0,0.5
4,3,45,dummy_prior,408,60,0,0.0641399416909621,0,0.5
4,3,45,dummy_prior,412,87,0,0.0641399416909621,0,0.5
4,3,45,dummy_prior,413,698,0,0.0641399416909621,0,0.5
4,3,45,dummy_prior,418,47,0,0.0641399416909621,0,0.5
4,3,45,dummy_prior,428,29,0,0.0641399416909621,0,0.5
4,3,45,dummy_prior,429,73,0,0.0641399416909621,0,0.5
4,3,45,dummy_prior,438,195,0,0.0641399416909621,0,0.5
4,3,45,dummy_prior,444,80,0,0.0641399416909621,0,0.5
4,3,45,dummy_prior,445,36,0,0.0641399416909621,0,0.5
4,3,45,dummy_prior,446,107,0,0.0641399416909621,0,0.5
4,3,45,dummy_prior,449,75,0,0.0641399416909621,0,0.5
4,3,45,dummy_prior,462,68,0,0.0641399416909621,0,0.5
4,3,45,dummy_prior,465,43,0,0.0641399416909621,0,0.5
4,3,45,dummy_prior,477,751,0,0.0641399416909621,0,0.5
4,3,45,dummy_prior,486,496,0,0.0641399416909621,0,0.5
4,3,45,dummy_prior,489,151,0,0.0641399416909621,0,0.5
4,3,45,dummy_prior,492,658,0,0.0641399416909621,0,0.5
4,3,45,dummy_prior,498,663,0,0.0641399416909621,0,0.5
4,3,45,dummy_prior,501,610,0,0.0641399416909621,0,0.5
4,3,45,dummy_prior,502,369,0,0.0641399416909621,0,0.5
4,3,45,dummy_prior,507,71,0,0.0641399416909621,0,0.5
4,3,45,dummy_prior,509,384,0,0.0641399416909621,0,0.5
4,3,45,dummy_prior,511,38,0,0.0641399416909621,0,0.5
4,3,45,dummy_prior,513,96,0,0.0641399416909621,0,0.5
4,3,45,dummy_prior,518,362,0,0.0641399416909621,0,0.5
4,3,45,dummy_prior,519,123,0,0.0641399416909621,0,0.5
4,3,45,dummy_prior,527,262,0,0.0641399416909621,0,0.5
4,3,45,dummy_prior,530,239,1,0.0641399416909621,0,0.5
4,3,45,dummy_prior,531,119,0,0.0641399416909621,0,0.5
4,3,45,dummy_prior,540,188,0,0.0641399416909621,0,0.5
4,3,45,dummy_prior,541,474,0,0.0641399416909621,0,0.5
4,3,45,dummy_prior,546,213,0,0.0641399416909621,0,0.5
4,3,45,dummy_prior,553,636,0,0.0641399416909621,0,0.5
4,3,45,dummy_prior,555,435,0,0.0641399416909621,0,0.5
4,3,45,dummy_prior,556,772,0,0.0641399416909621,0,0.5
4,3,45,dummy_prior,560,748,0,0.0641399416909621,0,0.5
4,3,45,dummy_prior,566,456,0,0.0641399416909621,0,0.5
4,3,45,dummy_prior,573,523,0,0.0641399416909621,0,0.5
4,3,45,dummy_prior,576,464,0,0.0641399416909621,0,0.5
4,3,45,dummy_prior,579,730,0,0.0641399416909621,0,0.5
4,3,45,dummy_prior,595,248,0,0.0641399416909621,0,0.5
4,3,45,dummy_prior,601,504,0,0.0641399416909621,0,0.5
4,3,45,dummy_prior,605,183,0,0.0641399416909621,0,0.5
4,3,45,dummy_prior,610,230,1,0.0641399416909621,0,0.5
4,3,45,dummy_prior,612,225,0,0.0641399416909621,0,0.5
4,3,45,dummy_prior,615,706,0,0.0641399416909621,0,0.5
4,3,45,dummy_prior,624,118,0,0.0641399416909621,0,0.5
4,3,45,dummy_prior,629,336,0,0.0641399416909621,0,0.5
4,3,45,dummy_prior,644,285,0,0.0641399416909621,0,0.5
4,3,45,dummy_prior,657,260,0,0.0641399416909621,0,0.5
4,3,45,dummy_prior,661,326,0,0.0641399416909621,0,0.5
4,3,45,dummy_prior,662,502,0,0.0641399416909621,0,0.5
4,3,45,dummy_prior,669,755,0,0.0641399416909621,0,0.5
4,3,45,dummy_prior,673,819,1,0.0641399416909621,0,0.5
4,3,45,dummy_prior,675,808,0,0.0641399416909621,0,0.5
4,3,45,dummy_prior,679,822,0,0.0641399416909621,0,0.5
4,3,45,dummy_prior,681,793,0,0.0641399416909621,0,0.5
4,3,45,dummy_prior,687,638,1,0.0641399416909621,0,0.5
4,3,45,dummy_prior,688,510,1,0.0641399416909621,0,0.5
4,3,45,dummy_prior,690,8,0,0.0641399416909621,0,0.5
4,3,45,dummy_prior,692,74,0,0.0641399416909621,0,0.5
4,3,45,dummy_prior,710,449,0,0.0641399416909621,0,0.5
4,3,45,dummy_prior,716,144,0,0.0641399416909621,0,0.5
4,3,45,dummy_prior,719,769,0,0.0641399416909621,0,0.5
4,3,45,dummy_prior,727,589,0,0.0641399416909621,0,0.5
4,3,45,dummy_prior,728,623,0,0.0641399416909621,0,0.5
4,3,45,dummy_prior,731,291,0,0.0641399416909621,0,0.5
4,3,45,dummy_prior,743,540,0,0.0641399416909621,0,0.5
4,3,45,dummy_prior,752,676,0,0.0641399416909621,0,0.5
4,3,45,dummy_prior,759,101,0,0.0641399416909621,0,0.5
4,3,45,dummy_prior,765,398,0,0.0641399416909621,0,0.5
4,3,45,dummy_prior,766,206,0,0.0641399416909621,0,0.5
4,3,45,dummy_prior,769,415,0,0.0641399416909621,0,0.5
4,3,45,dummy_prior,772,113,0,0.0641399416909621,0,0.5
4,3,45,dummy_prior,774,801,0,0.0641399416909621,0,0.5
4,3,45,dummy_prior,781,642,1,0.0641399416909621,0,0.5
4,3,45,dummy_prior,785,480,0,0.0641399416909621,0,0.5
4,3,45,dummy_prior,803,106,0,0.0641399416909621,0,0.5
4,3,45,dummy_prior,807,717,0,0.0641399416909621,0,0.5
4,3,45,dummy_prior,813,163,0,0.0641399416909621,0,0.5
4,3,45,dummy_prior,829,666,0,0.0641399416909621,0,0.5
4,3,45,dummy_prior,833,659,0,0.0641399416909621,0,0.5
4,3,45,dummy_prior,837,606,0,0.0641399416909621,0,0.5
4,3,45,dummy_prior,840,346,0,0.0641399416909621,0,0.5
4,3,45,dummy_prior,842,722,0,0.0641399416909621,0,0.5
4,3,45,dummy_prior,843,567,0,0.0641399416909621,0,0.5
4,3,45,dummy_prior,854,616,0,0.0641399416909621,0,0.5
4,3,45,dummy_prior,856,635,0,0.0641399416909621,0,0.5
4,3,45,logistic_regression,4,816,0,0.7151901737022477,1,0.5
4,3,45,logistic_regression,6,823,1,0.4917482978066658,0,0.5
4,3,45,logistic_regression,12,812,0,0.6337030567757459,1,0.5
4,3,45,logistic_regression,16,790,0,0.4356902818149293,0,0.5
4,3,45,logistic_regression,26,765,0,0.3901985345290469,0,0.5
4,3,45,logistic_regression,28,742,0,0.4293609456680783,0,0.5
4,3,45,logistic_regression,45,709,0,0.4818809591419486,0,0.5
4,3,45,logistic_regression,58,683,0,0.49414443423230486,0,0.5
4,3,45,logistic_regression,60,673,0,0.5249853402789025,1,0.5
4,3,45,logistic_regression,66,673,0,0.5249853402789025,1,0.5
4,3,45,logistic_regression,69,705,0,0.41507839770323934,0,0.5
4,3,45,logistic_regression,72,664,0,0.44901116057223833,0,0.5
4,3,45,logistic_regression,79,684,0,0.4575875092657517,0,0.5
4,3,45,logistic_regression,87,703,0,0.5762552098834488,1,0.5
4,3,45,logistic_regression,100,669,0,0.46558163155338844,0,0.5
4,3,45,logistic_regression,102,599,0,0.42903904344033866,0,0.5
4,3,45,logistic_regression,105,674,0,0.43494873975706105,0,0.5
4,3,45,logistic_regression,107,653,0,0.44271437245152023,0,0.5
4,3,45,logistic_regression,108,611,0,0.6058292515535283,1,0.5
4,3,45,logistic_regression,110,619,0,0.5525843391131391,1,0.5
4,3,45,logistic_regression,111,626,0,0.3928572450733118,0,0.5
4,3,45,logistic_regression,114,667,0,0.4460938160399651,0,0.5
4,3,45,logistic_regression,116,597,0,0.40488068845476016,0,0.5
4,3,45,logistic_regression,121,579,0,0.5030187133805558,1,0.5
4,3,45,logistic_regression,123,542,0,0.6986179377653291,1,0.5
4,3,45,logistic_regression,126,588,0,0.42300477566080175,0,0.5
4,3,45,logistic_regression,127,520,0,0.44309584236546556,0,0.5
4,3,45,logistic_regression,132,565,0,0.4443351327833838,0,0.5
4,3,45,logistic_regression,143,480,0,0.45615637624971034,0,0.5
4,3,45,logistic_regression,155,507,0,0.5292466487767242,1,0.5
4,3,45,logistic_regression,168,535,0,0.3979358262291307,0,0.5
4,3,45,logistic_regression,169,108,0,0.5213161561889694,1,0.5
4,3,45,logistic_regression,173,529,0,0.7356394020653527,1,0.5
4,3,45,logistic_regression,180,414,0,0.46430908090603334,0,0.5
4,3,45,logistic_regression,181,462,0,0.41051801279230415,0,0.5
4,3,45,logistic_regression,182,392,0,0.4376872554690428,0,0.5
4,3,45,logistic_regression,183,491,0,0.4282605818477853,0,0.5
4,3,45,logistic_regression,187,501,0,0.8501565667482128,1,0.5
4,3,45,logistic_regression,193,445,0,0.334268522527749,0,0.5
4,3,45,logistic_regression,195,429,0,0.5435095595250078,1,0.5
4,3,45,logistic_regression,198,447,0,0.4258594530699547,0,0.5
4,3,45,logistic_regression,199,460,0,0.4177614264480042,0,0.5
4,3,45,logistic_regression,203,494,1,0.7058820895230361,1,0.5
4,3,45,logistic_regression,206,496,0,0.4543536979885237,0,0.5
4,3,45,logistic_regression,210,399,0,0.4506397264855168,0,0.5
4,3,45,logistic_regression,212,431,0,0.7759321881292839,1,0.5
4,3,45,logistic_regression,222,552,0,0.26961787060086334,0,0.5
4,3,45,logistic_regression,223,278,0,0.43125885267550035,0,0.5
4,3,45,logistic_regression,224,351,1,0.7567292754413979,1,0.5
4,3,45,logistic_regression,228,585,0,0.4496818142387766,0,0.5
4,3,45,logistic_regression,237,347,0,0.7489031387855927,1,0.5
4,3,45,logistic_regression,241,354,0,0.5295399475919806,1,0.5
4,3,45,logistic_regression,245,253,0,0.4536144470390329,0,0.5
4,3,45,logistic_regression,250,379,0,0.43372250033095733,0,0.5
4,3,45,logistic_regression,255,379,0,0.43372250033095733,0,0.5
4,3,45,logistic_regression,256,366,0,0.3964638083930871,0,0.5
4,3,45,logistic_regression,262,295,0,0.42398663273078147,0,0.5
4,3,45,logistic_regression,271,359,0,0.4217368020495956,0,0.5
4,3,45,logistic_regression,282,219,0,0.5020668555947823,1,0.5
4,3,45,logistic_regression,283,389,0,0.47725147609002233,0,0.5
4,3,45,logistic_regression,291,289,0,0.4591373395529324,0,0.5
4,3,45,logistic_regression,306,436,0,0.4186515700709854,0,0.5
4,3,45,logistic_regression,309,322,0,0.6742605013297752,1,0.5
4,3,45,logistic_regression,315,189,0,0.47927051222904005,0,0.5
4,3,45,logistic_regression,318,308,0,0.5262592822558271,1,0.5
4,3,45,logistic_regression,323,268,0,0.4811826012334984,0,0.5
4,3,45,logistic_regression,326,217,0,0.4343582657642138,0,0.5
4,3,45,logistic_regression,334,229,0,0.4443938881616783,0,0.5
4,3,45,logistic_regression,342,228,0,0.42051663341200046,0,0.5
4,3,45,logistic_regression,343,159,0,0.44433502960433136,0,0.5
4,3,45,logistic_regression,345,276,1,0.39513170156064453,0,0.5
4,3,45,logistic_regression,348,125,0,0.42295174410303216,0,0.5
4,3,45,logistic_regression,351,155,0,0.4625474975320113,0,0.5
4,3,45,logistic_regression,352,152,0,0.36969074681106096,0,0.5
4,3,45,logistic_regression,357,258,0,0.42849035012264025,0,0.5
4,3,45,logistic_regression,364,147,0,0.39437226785625334,0,0.5
4,3,45,logistic_regression,367,127,0,0.4182056149158287,0,0.5
4,3,45,logistic_regression,370,239,1,0.3709896901507315,0,0.5
4,3,45,logistic_regression,374,243,0,0.2062245640413646,0,0.5
4,3,45,logistic_regression,382,400,0,0.36345119519042574,0,0.5
4,3,45,logistic_regression,390,179,0,0.4149440560024134,0,0.5
4,3,45,logistic_regression,397,137,0,0.7322119383660363,1,0.5
4,3,45,logistic_regression,403,64,0,0.3810362557509775,0,0.5
4,3,45,logistic_regression,404,88,0,0.404157444634034,0,0.5
4,3,45,logistic_regression,408,60,0,0.4250835311960286,0,0.5
4,3,45,logistic_regression,412,87,0,0.4159583933661156,0,0.5
4,3,45,logistic_regression,413,698,0,0.44724325221574435,0,0.5
4,3,45,logistic_regression,418,47,0,0.6864716640383784,1,0.5
4,3,45,logistic_regression,428,29,0,0.4204182688345005,0,0.5
4,3,45,logistic_regression,429,73,0,0.4315092445002404,0,0.5
4,3,45,logistic_regression,438,195,0,0.40000891048458975,0,0.5
4,3,45,logistic_regression,444,80,0,0.428160097132223,0,0.5
4,3,45,logistic_regression,445,36,0,0.41460578208723753,0,0.5
4,3,45,logistic_regression,446,107,0,0.4026774458408305,0,0.5
4,3,45,logistic_regression,449,75,0,0.44059884168064634,0,0.5
4,3,45,logistic_regression,462,68,0,0.3559293789470022,0,0.5
4,3,45,logistic_regression,465,43,0,0.41653956473496695,0,0.5
4,3,45,logistic_regression,477,751,0,0.42777026921878847,0,0.5
4,3,45,logistic_regression,486,496,0,0.4543536979885237,0,0.5
4,3,45,logistic_regression,489,151,0,0.3977926133327049,0,0.5
4,3,45,logistic_regression,492,658,0,0.5156726611841632,1,0.5
4,3,45,logistic_regression,498,663,0,0.7451895539976402,1,0.5
4,3,45,logistic_regression,501,610,0,0.5838354817993082,1,0.5
4,3,45,logistic_regression,502,369,0,0.4706592031496108,0,0.5
4,3,45,logistic_regression,507,71,0,0.4074678466139635,0,0.5
4,3,45,logistic_regression,509,384,0,0.46935341931182994,0,0.5
4,3,45,logistic_regression,511,38,0,0.409729671662114,0,0.5
4,3,45,logistic_regression,513,96,0,0.39947621434638964,0,0.5
4,3,45,logistic_regression,518,362,0,0.5211919858303182,1,0.5
4,3,45,logistic_regression,519,123,0,0.4618395110739707,0,0.5
4,3,45,logistic_regression,527,262,0,0.4237277074997362,0,0.5
4,3,45,logistic_regression,530,239,1,0.3709896901507315,0,0.5
4,3,45,logistic_regression,531,119,0,0.4928908709248162,0,0.5
4,3,45,logistic_regression,540,188,0,0.3854643788764245,0,0.5
4,3,45,logistic_regression,541,474,0,0.4097079809032598,0,0.5
4,3,45,logistic_regression,546,213,0,0.7640637251389867,1,0.5
4,3,45,logistic_regression,553,636,0,0.43502547688463,0,0.5
4,3,45,logistic_regression,555,435,0,0.4315194421860843,0,0.5
4,3,45,logistic_regression,556,772,0,0.7304667713689186,1,0.5
4,3,45,logistic_regression,560,748,0,0.5938550883958248,1,0.5
4,3,45,logistic_regression,566,456,0,0.4199759311474371,0,0.5
4,3,45,logistic_regression,573,523,0,0.44369946377330255,0,0.5
4,3,45,logistic_regression,576,464,0,0.4161914616567381,0,0.5
4,3,45,logistic_regression,579,730,0,0.4997900070339539,0,0.5
4,3,45,logistic_regression,595,248,0,0.5566701131022472,1,0.5
4,3,45,logistic_regression,601,504,0,0.5263084163160654,1,0.5
4,3,45,logistic_regression,605,183,0,0.4517165263922595,0,0.5
4,3,45,logistic_regression,610,230,1,0.4236826259418845,0,0.5
4,3,45,logistic_regression,612,225,0,0.42836465135519836,0,0.5
4,3,45,logistic_regression,615,706,0,0.7461926853055438,1,0.5
4,3,45,logistic_regression,624,118,0,0.4550823492081282,0,0.5
4,3,45,logistic_regression,629,336,0,0.5577335161907143,1,0.5
4,3,45,logistic_regression,644,285,0,0.5470975562110695,1,0.5
4,3,45,logistic_regression,657,260,0,0.5841204894038301,1,0.5
4,3,45,logistic_regression,661,326,0,0.37868684956052673,0,0.5
4,3,45,logistic_regression,662,502,0,0.550797489978967,1,0.5
4,3,45,logistic_regression,669,755,0,0.5039124341542144,1,0.5
4,3,45,logistic_regression,673,819,1,0.6033302898378177,1,0.5
4,3,45,logistic_regression,675,808,0,0.567333830049226,1,0.5
4,3,45,logistic_regression,679,822,0,0.5838807583951786,1,0.5
4,3,45,logistic_regression,681,793,0,0.5932074520349905,1,0.5
4,3,45,logistic_regression,687,638,1,0.7802590075221976,1,0.5
4,3,45,logistic_regression,688,510,1,0.3913265065463966,0,0.5
4,3,45,logistic_regression,690,8,0,0.4269196336822046,0,0.5
4,3,45,logistic_regression,692,74,0,0.4375768231862198,0,0.5
4,3,45,logistic_regression,710,449,0,0.5036499488056078,1,0.5
4,3,45,logistic_regression,716,144,0,0.3918961718042143,0,0.5
4,3,45,logistic_regression,719,769,0,0.7625564113661146,1,0.5
4,3,45,logistic_regression,727,589,0,0.5977055314541482,1,0.5
4,3,45,logistic_regression,728,623,0,0.5726974290367343,1,0.5
4,3,45,logistic_regression,731,291,0,0.420918706958767,0,0.5
4,3,45,logistic_regression,743,540,0,0.261590650644868,0,0.5
4,3,45,logistic_regression,752,676,0,0.4665770044768254,0,0.5
4,3,45,logistic_regression,759,101,0,0.38876358779233816,0,0.5
4,3,45,logistic_regression,765,398,0,0.45524392447660206,0,0.5
4,3,45,logistic_regression,766,206,0,0.5017466238754734,1,0.5
4,3,45,logistic_regression,769,415,0,0.4312207103749925,0,0.5
4,3,45,logistic_regression,772,113,0,0.34987807615226574,0,0.5
4,3,45,logistic_regression,774,801,0,0.43509567924302855,0,0.5
4,3,45,logistic_regression,781,642,1,0.40872936457342235,0,0.5
4,3,45,logistic_regression,785,480,0,0.45615637624971034,0,0.5
4,3,45,logistic_regression,803,106,0,0.3866039656294853,0,0.5
4,3,45,logistic_regression,807,717,0,0.6194230501401877,1,0.5
4,3,45,logistic_regression,813,163,0,0.4544888002071337,0,0.5
4,3,45,logistic_regression,829,666,0,0.4188531096428681,0,0.5
4,3,45,logistic_regression,833,659,0,0.41353853358559683,0,0.5
4,3,45,logistic_regression,837,606,0,0.3677453747747684,0,0.5
4,3,45,logistic_regression,840,346,0,0.5237319655970232,1,0.5
4,3,45,logistic_regression,842,722,0,0.47689871307706666,0,0.5
4,3,45,logistic_regression,843,567,0,0.4548990298220307,0,0.5
4,3,45,logistic_regression,854,616,0,0.5709766526232899,1,0.5
4,3,45,logistic_regression,856,635,0,0.4515342264782803,0,0.5
4,3,45,xgboost,4,816,0,0.6416524052619934,1,0.5
4,3,45,xgboost,6,823,1,0.3168700635433197,0,0.5
4,3,45,xgboost,12,812,0,0.09156212955713272,0,0.5
4,3,45,xgboost,16,790,0,0.18606121838092804,0,0.5
4,3,45,xgboost,26,765,0,0.2654992938041687,0,0.5
4,3,45,xgboost,28,742,0,0.0931428000330925,0,0.5
4,3,45,xgboost,45,709,0,0.6451086401939392,1,0.5
4,3,45,xgboost,58,683,0,0.20351098477840424,0,0.5
4,3,45,xgboost,60,673,0,0.5306881666183472,1,0.5
4,3,45,xgboost,66,673,0,0.5306881666183472,1,0.5
4,3,45,xgboost,69,705,0,0.38989195227622986,0,0.5
4,3,45,xgboost,72,664,0,0.339274138212204,0,0.5
4,3,45,xgboost,79,684,0,0.5887781381607056,1,0.5
4,3,45,xgboost,87,703,0,0.7022212147712708,1,0.5
4,3,45,xgboost,100,669,0,0.15329930186271667,0,0.5
4,3,45,xgboost,102,599,0,0.47884759306907654,0,0.5
4,3,45,xgboost,105,674,0,0.48731255531311035,0,0.5
4,3,45,xgboost,107,653,0,0.21416831016540527,0,0.5
4,3,45,xgboost,108,611,0,0.40434253215789795,0,0.5
4,3,45,xgboost,110,619,0,0.2616184949874878,0,0.5
4,3,45,xgboost,111,626,0,0.34867197275161743,0,0.5
4,3,45,xgboost,114,667,0,0.39450186491012573,0,0.5
4,3,45,xgboost,116,597,0,0.5220822095870972,1,0.5
4,3,45,xgboost,121,579,0,0.30557966232299805,0,0.5
4,3,45,xgboost,123,542,0,0.6282972097396851,1,0.5
4,3,45,xgboost,126,588,0,0.5220822095870972,1,0.5
4,3,45,xgboost,127,520,0,0.35303995013237,0,0.5
4,3,45,xgboost,132,565,0,0.2624591886997223,0,0.5
4,3,45,xgboost,143,480,0,0.6178515553474426,1,0.5
4,3,45,xgboost,155,507,0,0.2186202108860016,0,0.5
4,3,45,xgboost,168,535,0,0.24300214648246765,0,0.5
4,3,45,xgboost,169,108,0,0.6672557592391968,1,0.5
4,3,45,xgboost,173,529,0,0.5899394154548645,1,0.5
4,3,45,xgboost,180,414,0,0.14004571735858917,0,0.5
4,3,45,xgboost,181,462,0,0.29346856474876404,0,0.5
4,3,45,xgboost,182,392,0,0.5381706953048706,1,0.5
4,3,45,xgboost,183,491,0,0.6518977880477905,1,0.5
4,3,45,xgboost,187,501,0,0.26720330119132996,0,0.5
4,3,45,xgboost,193,445,0,0.03731464594602585,0,0.5
4,3,45,xgboost,195,429,0,0.21377809345722198,0,0.5
4,3,45,xgboost,198,447,0,0.23637045919895172,0,0.5
4,3,45,xgboost,199,460,0,0.5012001991271973,1,0.5
4,3,45,xgboost,203,494,1,0.9038731455802917,1,0.5
4,3,45,xgboost,206,496,0,0.3176420331001282,0,0.5
4,3,45,xgboost,210,399,0,0.2999122142791748,0,0.5
4,3,45,xgboost,212,431,0,0.623112678527832,1,0.5
4,3,45,xgboost,222,552,0,0.6660885214805603,1,0.5
4,3,45,xgboost,223,278,0,0.16133137047290802,0,0.5
4,3,45,xgboost,224,351,1,0.6749869585037231,1,0.5
4,3,45,xgboost,228,585,0,0.5487470030784607,1,0.5
4,3,45,xgboost,237,347,0,0.6453736424446106,1,0.5
4,3,45,xgboost,241,354,0,0.24384841322898865,0,0.5
4,3,45,xgboost,245,253,0,0.3568679988384247,0,0.5
4,3,45,xgboost,250,379,0,0.48685240745544434,0,0.5
4,3,45,xgboost,255,379,0,0.48685240745544434,0,0.5
4,3,45,xgboost,256,366,0,0.06366792321205139,0,0.5
4,3,45,xgboost,262,295,0,0.08620823919773102,0,0.5
4,3,45,xgboost,271,359,0,0.4267038106918335,0,0.5
4,3,45,xgboost,282,219,0,0.5779622793197632,1,0.5
4,3,45,xgboost,283,389,0,0.47071942687034607,0,0.5
4,3,45,xgboost,291,289,0,0.36746349930763245,0,0.5
4,3,45,xgboost,306,436,0,0.2266516238451004,0,0.5
4,3,45,xgboost,309,322,0,0.31573712825775146,0,0.5
4,3,45,xgboost,315,189,0,0.2911536395549774,0,0.5
4,3,45,xgboost,318,308,0,0.1943458467721939,0,0.5
4,3,45,xgboost,323,268,0,0.6337094306945801,1,0.5
4,3,45,xgboost,326,217,0,0.5578087568283081,1,0.5
4,3,45,xgboost,334,229,0,0.6111742258071899,1,0.5
4,3,45,xgboost,342,228,0,0.1518850177526474,0,0.5
4,3,45,xgboost,343,159,0,0.33460554480552673,0,0.5
4,3,45,xgboost,345,276,1,0.05878203362226486,0,0.5
4,3,45,xgboost,348,125,0,0.6664043068885803,1,0.5
4,3,45,xgboost,351,155,0,0.22355878353118896,0,0.5
4,3,45,xgboost,352,152,0,0.12099289894104004,0,0.5
4,3,45,xgboost,357,258,0,0.4372350573539734,0,0.5
4,3,45,xgboost,364,147,0,0.2940834164619446,0,0.5
4,3,45,xgboost,367,127,0,0.4812835156917572,0,0.5
4,3,45,xgboost,370,239,1,0.12099289894104004,0,0.5
4,3,45,xgboost,374,243,0,0.22319868206977844,0,0.5
4,3,45,xgboost,382,400,0,0.09126604348421097,0,0.5
4,3,45,xgboost,390,179,0,0.4908885657787323,0,0.5
4,3,45,xgboost,397,137,0,0.35929933190345764,0,0.5
4,3,45,xgboost,403,64,0,0.2486722469329834,0,0.5
4,3,45,xgboost,404,88,0,0.42276912927627563,0,0.5
4,3,45,xgboost,408,60,0,0.3944888412952423,0,0.5
4,3,45,xgboost,412,87,0,0.25682565569877625,0,0.5
4,3,45,xgboost,413,698,0,0.1182161420583725,0,0.5
4,3,45,xgboost,418,47,0,0.5501067638397217,1,0.5
4,3,45,xgboost,428,29,0,0.14361672103405,0,0.5
4,3,45,xgboost,429,73,0,0.4023248851299286,0,0.5
4,3,45,xgboost,438,195,0,0.6259164214134216,1,0.5
4,3,45,xgboost,444,80,0,0.5071492791175842,1,0.5
4,3,45,xgboost,445,36,0,0.1637890338897705,0,0.5
4,3,45,xgboost,446,107,0,0.2906106412410736,0,0.5
4,3,45,xgboost,449,75,0,0.21759112179279327,0,0.5
4,3,45,xgboost,462,68,0,0.10831599682569504,0,0.5
4,3,45,xgboost,465,43,0,0.33577483892440796,0,0.5
4,3,45,xgboost,477,751,0,0.5625932812690735,1,0.5
4,3,45,xgboost,486,496,0,0.3176420331001282,0,0.5
4,3,45,xgboost,489,151,0,0.1708393096923828,0,0.5
4,3,45,xgboost,492,658,0,0.3781532943248749,0,0.5
4,3,45,xgboost,498,663,0,0.44265785813331604,0,0.5
4,3,45,xgboost,501,610,0,0.310666561126709,0,0.5
4,3,45,xgboost,502,369,0,0.2371710240840912,0,0.5
4,3,45,xgboost,507,71,0,0.23041954636573792,0,0.5
4,3,45,xgboost,509,384,0,0.1320001184940338,0,0.5
4,3,45,xgboost,511,38,0,0.10496300458908081,0,0.5
4,3,45,xgboost,513,96,0,0.4806903004646301,0,0.5
4,3,45,xgboost,518,362,0,0.2880440354347229,0,0.5
4,3,45,xgboost,519,123,0,0.592406153678894,1,0.5
4,3,45,xgboost,527,262,0,0.42701342701911926,0,0.5
4,3,45,xgboost,530,239,1,0.12099289894104004,0,0.5
4,3,45,xgboost,531,119,0,0.36169421672821045,0,0.5
4,3,45,xgboost,540,188,0,0.17731282114982605,0,0.5
4,3,45,xgboost,541,474,0,0.23107266426086426,0,0.5
4,3,45,xgboost,546,213,0,0.8044549822807312,1,0.5
4,3,45,xgboost,553,636,0,0.42971938848495483,0,0.5
4,3,45,xgboost,555,435,0,0.5614146590232849,1,0.5
4,3,45,xgboost,556,772,0,0.57259202003479,1,0.5
4,3,45,xgboost,560,748,0,0.3595315217971802,0,0.5
4,3,45,xgboost,566,456,0,0.37390628457069397,0,0.5
4,3,45,xgboost,573,523,0,0.31151023507118225,0,0.5
4,3,45,xgboost,576,464,0,0.2707570493221283,0,0.5
4,3,45,xgboost,579,730,0,0.4353410601615906,0,0.5
4,3,45,xgboost,595,248,0,0.3828010857105255,0,0.5
4,3,45,xgboost,601,504,0,0.4845215082168579,0,0.5
4,3,45,xgboost,605,183,0,0.4899306297302246,0,0.5
4,3,45,xgboost,610,230,1,0.6814865469932556,1,0.5
4,3,45,xgboost,612,225,0,0.3452504575252533,0,0.5
4,3,45,xgboost,615,706,0,0.4584053158760071,0,0.5
4,3,45,xgboost,624,118,0,0.40187186002731323,0,0.5
4,3,45,xgboost,629,336,0,0.4323851764202118,0,0.5
4,3,45,xgboost,644,285,0,0.3739570677280426,0,0.5
4,3,45,xgboost,657,260,0,0.4292781352996826,0,0.5
4,3,45,xgboost,661,326,0,0.08122332394123077,0,0.5
4,3,45,xgboost,662,502,0,0.11729523539543152,0,0.5
4,3,45,xgboost,669,755,0,0.29325470328330994,0,0.5
4,3,45,xgboost,673,819,1,0.432991087436676,0,0.5
4,3,45,xgboost,675,808,0,0.3443063795566559,0,0.5
4,3,45,xgboost,679,822,0,0.23855800926685333,0,0.5
4,3,45,xgboost,681,793,0,0.14029060304164886,0,0.5
4,3,45,xgboost,687,638,1,0.4823594391345978,0,0.5
4,3,45,xgboost,688,510,1,0.5133348107337952,1,0.5
4,3,45,xgboost,690,8,0,0.22488714754581451,0,0.5
4,3,45,xgboost,692,74,0,0.47644326090812683,0,0.5
4,3,45,xgboost,710,449,0,0.35925060510635376,0,0.5
4,3,45,xgboost,716,144,0,0.43276259303092957,0,0.5
4,3,45,xgboost,719,769,0,0.7492924928665161,1,0.5
4,3,45,xgboost,727,589,0,0.5859712362289429,1,0.5
4,3,45,xgboost,728,623,0,0.24910923838615417,0,0.5
4,3,45,xgboost,731,291,0,0.23002558946609497,0,0.5
4,3,45,xgboost,743,540,0,0.3726663589477539,0,0.5
4,3,45,xgboost,752,676,0,0.13624873757362366,0,0.5
4,3,45,xgboost,759,101,0,0.35772082209587097,0,0.5
4,3,45,xgboost,765,398,0,0.354765921831131,0,0.5
4,3,45,xgboost,766,206,0,0.4135427474975586,0,0.5
4,3,45,xgboost,769,415,0,0.30316370725631714,0,0.5
4,3,45,xgboost,772,113,0,0.0657263919711113,0,0.5
4,3,45,xgboost,774,801,0,0.10304774343967438,0,0.5
4,3,45,xgboost,781,642,1,0.5625932812690735,1,0.5
4,3,45,xgboost,785,480,0,0.6178515553474426,1,0.5
4,3,45,xgboost,803,106,0,0.4806903004646301,0,0.5
4,3,45,xgboost,807,717,0,0.24360577762126923,0,0.5
4,3,45,xgboost,813,163,0,0.7040073871612549,1,0.5
4,3,45,xgboost,829,666,0,0.46372032165527344,0,0.5
4,3,45,xgboost,833,659,0,0.36301183700561523,0,0.5
4,3,45,xgboost,837,606,0,0.1206713393330574,0,0.5
4,3,45,xgboost,840,346,0,0.1370735466480255,0,0.5
4,3,45,xgboost,842,722,0,0.15758803486824036,0,0.5
4,3,45,xgboost,843,567,0,0.3091023564338684,0,0.5
4,3,45,xgboost,854,616,0,0.2616184949874878,0,0.5
4,3,45,xgboost,856,635,0,0.26884350180625916,0,0.5
4,4,45,dummy_prior,8,809,0,0.06404657933042213,0,0.5
4,4,45,dummy_prior,10,807,0,0.06404657933042213,0,0.5
4,4,45,dummy_prior,17,799,0,0.06404657933042213,0,0.5
4,4,45,dummy_prior,22,766,1,0.06404657933042213,0,0.5
4,4,45,dummy_prior,23,767,1,0.06404657933042213,0,0.5
4,4,45,dummy_prior,27,759,0,0.06404657933042213,0,0.5
4,4,45,dummy_prior,32,738,0,0.06404657933042213,0,0.5
4,4,45,dummy_prior,33,734,0,0.06404657933042213,0,0.5
4,4,45,dummy_prior,34,749,0,0.06404657933042213,0,0.5
4,4,45,dummy_prior,35,737,0,0.06404657933042213,0,0.5
4,4,45,dummy_prior,37,747,0,0.06404657933042213,0,0.5
4,4,45,dummy_prior,40,746,0,0.06404657933042213,0,0.5
4,4,45,dummy_prior,41,732,1,0.06404657933042213,0,0.5
4,4,45,dummy_prior,47,770,0,0.06404657933042213,0,0.5
4,4,45,dummy_prior,49,739,0,0.06404657933042213,0,0.5
4,4,45,dummy_prior,52,729,0,0.06404657933042213,0,0.5
4,4,45,dummy_prior,57,647,0,0.06404657933042213,0,0.5
4,4,45,dummy_prior,62,679,0,0.06404657933042213,0,0.5
4,4,45,dummy_prior,63,629,0,0.06404657933042213,0,0.5
4,4,45,dummy_prior,68,696,0,0.06404657933042213,0,0.5
4,4,45,dummy_prior,75,686,0,0.06404657933042213,0,0.5
4,4,45,dummy_prior,81,593,0,0.06404657933042213,0,0.5
4,4,45,dummy_prior,84,713,0,0.06404657933042213,0,0.5
4,4,45,dummy_prior,95,604,0,0.06404657933042213,0,0.5
4,4,45,dummy_prior,104,633,0,0.06404657933042213,0,0.5
4,4,45,dummy_prior,117,570,0,0.06404657933042213,0,0.5
4,4,45,dummy_prior,136,586,0,0.06404657933042213,0,0.5
4,4,45,dummy_prior,138,517,0,0.06404657933042213,0,0.5
4,4,45,dummy_prior,142,591,0,0.06404657933042213,0,0.5
4,4,45,dummy_prior,144,558,0,0.06404657933042213,0,0.5
4,4,45,dummy_prior,147,533,0,0.06404657933042213,0,0.5
4,4,45,dummy_prior,150,489,0,0.06404657933042213,0,0.5
4,4,45,dummy_prior,152,438,0,0.06404657933042213,0,0.5
4,4,45,dummy_prior,163,509,1,0.06404657933042213,0,0.5
4,4,45,dummy_prior,177,468,0,0.06404657933042213,0,0.5
4,4,45,dummy_prior,178,472,0,0.06404657933042213,0,0.5
4,4,45,dummy_prior,186,404,0,0.06404657933042213,0,0.5
4,4,45,dummy_prior,188,475,0,0.06404657933042213,0,0.5
4,4,45,dummy_prior,189,380,0,0.06404657933042213,0,0.5
4,4,45,dummy_prior,201,441,0,0.06404657933042213,0,0.5
4,4,45,dummy_prior,211,453,0,0.06404657933042213,0,0.5
4,4,45,dummy_prior,215,372,0,0.06404657933042213,0,0.5
4,4,45,dummy_prior,217,408,0,0.06404657933042213,0,0.5
4,4,45,dummy_prior,220,406,0,0.06404657933042213,0,0.5
4,4,45,dummy_prior,221,407,0,0.06404657933042213,0,0.5
4,4,45,dummy_prior,226,409,0,0.06404657933042213,0,0.5
4,4,45,dummy_prior,227,394,0,0.06404657933042213,0,0.5
4,4,45,dummy_prior,229,466,0,0.06404657933042213,0,0.5
4,4,45,dummy_prior,234,406,0,0.06404657933042213,0,0.5
4,4,45,dummy_prior,235,378,0,0.06404657933042213,0,0.5
4,4,45,dummy_prior,243,402,0,0.06404657933042213,0,0.5
4,4,45,dummy_prior,246,487,0,0.06404657933042213,0,0.5
4,4,45,dummy_prior,248,381,0,0.06404657933042213,0,0.5
4,4,45,dummy_prior,253,279,0,0.06404657933042213,0,0.5
4,4,45,dummy_prior,259,329,0,0.06404657933042213,0,0.5
4,4,45,dummy_prior,274,349,0,0.06404657933042213,0,0.5
4,4,45,dummy_prior,279,263,0,0.06404657933042213,0,0.5
4,4,45,dummy_prior,284,252,0,0.06404657933042213,0,0.5
4,4,45,dummy_prior,285,430,0,0.06404657933042213,0,0.5
4,4,45,dummy_prior,288,300,0,0.06404657933042213,0,0.5
4,4,45,dummy_prior,295,283,0,0.06404657933042213,0,0.5
4,4,45,dummy_prior,308,382,0,0.06404657933042213,0,0.5
4,4,45,dummy_prior,310,307,0,0.06404657933042213,0,0.5
4,4,45,dummy_prior,312,313,0,0.06404657933042213,0,0.5
4,4,45,dummy_prior,313,370,0,0.06404657933042213,0,0.5
4,4,45,dummy_prior,316,348,0,0.06404657933042213,0,0.5
4,4,45,dummy_prior,327,173,0,0.06404657933042213,0,0.5
4,4,45,dummy_prior,329,290,0,0.06404657933042213,0,0.5
4,4,45,dummy_prior,330,207,0,0.06404657933042213,0,0.5
4,4,45,dummy_prior,333,274,0,0.06404657933042213,0,0.5
4,4,45,dummy_prior,341,121,0,0.06404657933042213,0,0.5
4,4,45,dummy_prior,344,79,0,0.06404657933042213,0,0.5
4,4,45,dummy_prior,349,235,0,0.06404657933042213,0,0.5
4,4,45,dummy_prior,356,79,0,0.06404657933042213,0,0.5
4,4,45,dummy_prior,358,212,0,0.06404657933042213,0,0.5
4,4,45,dummy_prior,365,178,0,0.06404657933042213,0,0.5
4,4,45,dummy_prior,368,203,0,0.06404657933042213,0,0.5
4,4,45,dummy_prior,375,249,0,0.06404657933042213,0,0.5
4,4,45,dummy_prior,376,786,0,0.06404657933042213,0,0.5
4,4,45,dummy_prior,383,134,1,0.06404657933042213,0,0.5
4,4,45,dummy_prior,385,234,0,0.06404657933042213,0,0.5
4,4,45,dummy_prior,386,90,0,0.06404657933042213,0,0.5
4,4,45,dummy_prior,391,69,0,0.06404657933042213,0,0.5
4,4,45,dummy_prior,396,100,0,0.06404657933042213,0,0.5
4,4,45,dummy_prior,399,209,0,0.06404657933042213,0,0.5
4,4,45,dummy_prior,401,210,0,0.06404657933042213,0,0.5
4,4,45,dummy_prior,405,61,0,0.06404657933042213,0,0.5
4,4,45,dummy_prior,425,35,0,0.06404657933042213,0,0.5
4,4,45,dummy_prior,426,114,0,0.06404657933042213,0,0.5
4,4,45,dummy_prior,433,28,0,0.06404657933042213,0,0.5
4,4,45,dummy_prior,436,39,0,0.06404657933042213,0,0.5
4,4,45,dummy_prior,437,26,0,0.06404657933042213,0,0.5
4,4,45,dummy_prior,442,26,0,0.06404657933042213,0,0.5
4,4,45,dummy_prior,447,63,0,0.06404657933042213,0,0.5
4,4,45,dummy_prior,456,24,0,0.06404657933042213,0,0.5
4,4,45,dummy_prior,458,35,0,0.06404657933042213,0,0.5
4,4,45,dummy_prior,459,3,0,0.06404657933042213,0,0.5
4,4,45,dummy_prior,470,764,0,0.06404657933042213,0,0.5
4,4,45,dummy_prior,471,94,0,0.06404657933042213,0,0.5
4,4,45,dummy_prior,473,787,0,0.06404657933042213,0,0.5
4,4,45,dummy_prior,478,534,0,0.06404657933042213,0,0.5
4,4,45,dummy_prior,480,575,0,0.06404657933042213,0,0.5
4,4,45,dummy_prior,487,483,0,0.06404657933042213,0,0.5
4,4,45,dummy_prior,488,337,0,0.06404657933042213,0,0.5
4,4,45,dummy_prior,496,451,1,0.06404657933042213,0,0.5
4,4,45,dummy_prior,500,763,0,0.06404657933042213,0,0.5
4,4,45,dummy_prior,508,590,0,0.06404657933042213,0,0.5
4,4,45,dummy_prior,517,514,0,0.06404657933042213,0,0.5
4,4,45,dummy_prior,532,364,0,0.06404657933042213,0,0.5
4,4,45,dummy_prior,533,425,0,0.06404657933042213,0,0.5
4,4,45,dummy_prior,536,24,0,0.06404657933042213,0,0.5
4,4,45,dummy_prior,539,76,1,0.06404657933042213,0,0.5
4,4,45,dummy_prior,543,40,0,0.06404657933042213,0,0.5
4,4,45,dummy_prior,554,20,0,0.06404657933042213,0,0.5
4,4,45,dummy_prior,557,458,0,0.06404657933042213,0,0.5
4,4,45,dummy_prior,563,712,0,0.06404657933042213,0,0.5
4,4,45,dummy_prior,568,338,0,0.06404657933042213,0,0.5
4,4,45,dummy_prior,572,373,0,0.06404657933042213,0,0.5
4,4,45,dummy_prior,578,126,1,0.06404657933042213,0,0.5
4,4,45,dummy_prior,582,198,0,0.06404657933042213,0,0.5
4,4,45,dummy_prior,585,648,0,0.06404657933042213,0,0.5
4,4,45,dummy_prior,588,813,0,0.06404657933042213,0,0.5
4,4,45,dummy_prior,589,784,0,0.06404657933042213,0,0.5
4,4,45,dummy_prior,590,56,0,0.06404657933042213,0,0.5
4,4,45,dummy_prior,592,321,0,0.06404657933042213,0,0.5
4,4,45,dummy_prior,596,83,0,0.06404657933042213,0,0.5
4,4,45,dummy_prior,603,440,0,0.06404657933042213,0,0.5
4,4,45,dummy_prior,604,318,0,0.06404657933042213,0,0.5
4,4,45,dummy_prior,607,566,0,0.06404657933042213,0,0.5
4,4,45,dummy_prior,609,416,0,0.06404657933042213,0,0.5
4,4,45,dummy_prior,633,261,0,0.06404657933042213,0,0.5
4,4,45,dummy_prior,642,512,0,0.06404657933042213,0,0.5
4,4,45,dummy_prior,646,27,0,0.06404657933042213,0,0.5
4,4,45,dummy_prior,652,826,0,0.06404657933042213,0,0.5
4,4,45,dummy_prior,660,33,0,0.06404657933042213,0,0.5
4,4,45,dummy_prior,666,67,0,0.06404657933042213,0,0.5
4,4,45,dummy_prior,670,817,1,0.06404657933042213,0,0.5
4,4,45,dummy_prior,682,827,0,0.06404657933042213,0,0.5
4,4,45,dummy_prior,693,98,1,0.06404657933042213,0,0.5
4,4,45,dummy_prior,706,81,0,0.06404657933042213,0,0.5
4,4,45,dummy_prior,712,317,0,0.06404657933042213,0,0.5
4,4,45,dummy_prior,718,246,0,0.06404657933042213,0,0.5
4,4,45,dummy_prior,725,214,0,0.06404657933042213,0,0.5
4,4,45,dummy_prior,729,327,0,0.06404657933042213,0,0.5
4,4,45,dummy_prior,730,775,0,0.06404657933042213,0,0.5
4,4,45,dummy_prior,736,725,0,0.06404657933042213,0,0.5
4,4,45,dummy_prior,746,342,0,0.06404657933042213,0,0.5
4,4,45,dummy_prior,753,166,1,0.06404657933042213,0,0.5
4,4,45,dummy_prior,755,563,0,0.06404657933042213,0,0.5
4,4,45,dummy_prior,762,139,0,0.06404657933042213,0,0.5
4,4,45,dummy_prior,773,23,0,0.06404657933042213,0,0.5
4,4,45,dummy_prior,776,45,0,0.06404657933042213,0,0.5
4,4,45,dummy_prior,777,744,0,0.06404657933042213,0,0.5
4,4,45,dummy_prior,780,110,0,0.06404657933042213,0,0.5
4,4,45,dummy_prior,783,84,0,0.06404657933042213,0,0.5
4,4,45,dummy_prior,784,403,0,0.06404657933042213,0,0.5
4,4,45,dummy_prior,789,164,0,0.06404657933042213,0,0.5
4,4,45,dummy_prior,790,350,0,0.06404657933042213,0,0.5
4,4,45,dummy_prior,791,15,0,0.06404657933042213,0,0.5
4,4,45,dummy_prior,793,353,0,0.06404657933042213,0,0.5
4,4,45,dummy_prior,795,690,0,0.06404657933042213,0,0.5
4,4,45,dummy_prior,796,605,0,0.06404657933042213,0,0.5
4,4,45,dummy_prior,804,543,0,0.06404657933042213,0,0.5
4,4,45,dummy_prior,820,352,0,0.06404657933042213,0,0.5
4,4,45,dummy_prior,824,720,0,0.06404657933042213,0,0.5
4,4,45,dummy_prior,827,688,0,0.06404657933042213,0,0.5
4,4,45,dummy_prior,834,569,0,0.06404657933042213,0,0.5
4,4,45,dummy_prior,838,694,0,0.06404657933042213,0,0.5
4,4,45,dummy_prior,839,601,0,0.06404657933042213,0,0.5
4,4,45,dummy_prior,849,620,0,0.06404657933042213,0,0.5
4,4,45,dummy_prior,850,117,0,0.06404657933042213,0,0.5
4,4,45,logistic_regression,8,809,0,0.46913259206256464,0,0.5
4,4,45,logistic_regression,10,807,0,0.44457731603705225,0,0.5
4,4,45,logistic_regression,17,799,0,0.4930686792214281,0,0.5
4,4,45,logistic_regression,22,766,1,0.5253742024265221,1,0.5
4,4,45,logistic_regression,23,767,1,0.5611933497546899,1,0.5
4,4,45,logistic_regression,27,759,0,0.45557827028220266,0,0.5
4,4,45,logistic_regression,32,738,0,0.1775051593448083,0,0.5
4,4,45,logistic_regression,33,734,0,0.5215903806405796,1,0.5
4,4,45,logistic_regression,34,749,0,0.45415908166243407,0,0.5
4,4,45,logistic_regression,35,737,0,0.5969384805193849,1,0.5
4,4,45,logistic_regression,37,747,0,0.2998415847130729,0,0.5
4,4,45,logistic_regression,40,746,0,0.48678932804402714,0,0.5
4,4,45,logistic_regression,41,732,1,0.7272848933070403,1,0.5
4,4,45,logistic_regression,47,770,0,0.632511709452204,1,0.5
4,4,45,logistic_regression,49,739,0,0.355059219143819,0,0.5
4,4,45,logistic_regression,52,729,0,0.3867183227355027,0,0.5
4,4,45,logistic_regression,57,647,0,0.5283572022921411,1,0.5
4,4,45,logistic_regression,62,679,0,0.37893608310217786,0,0.5
4,4,45,logistic_regression,63,629,0,0.9399602481692475,1,0.5
4,4,45,logistic_regression,68,696,0,0.8301006501788498,1,0.5
4,4,45,logistic_regression,75,686,0,0.39057900367307846,0,0.5
4,4,45,logistic_regression,81,593,0,0.7473079921404214,1,0.5
4,4,45,logistic_regression,84,713,0,0.045453875510356574,0,0.5
4,4,45,logistic_regression,95,604,0,0.35167636627527993,0,0.5
4,4,45,logistic_regression,104,633,0,0.5127487248091576,1,0.5
4,4,45,logistic_regression,117,570,0,0.3625249450665753,0,0.5
4,4,45,logistic_regression,136,586,0,0.35722817413671293,0,0.5
4,4,45,logistic_regression,138,517,0,0.46345521878469487,0,0.5
4,4,45,logistic_regression,142,591,0,0.47976292127491804,0,0.5
4,4,45,logistic_regression,144,558,0,0.31645002803142913,0,0.5
4,4,45,logistic_regression,147,533,0,0.059260897754188496,0,0.5
4,4,45,logistic_regression,150,489,0,0.3837203955087644,0,0.5
4,4,45,logistic_regression,152,438,0,0.4467186093321976,0,0.5
4,4,45,logistic_regression,163,509,1,0.4564961680777391,0,0.5
4,4,45,logistic_regression,177,468,0,0.3812583795873982,0,0.5
4,4,45,logistic_regression,178,472,0,0.4106992795264715,0,0.5
4,4,45,logistic_regression,186,404,0,0.8435607117634507,1,0.5
4,4,45,logistic_regression,188,475,0,0.4418538200612675,0,0.5
4,4,45,logistic_regression,189,380,0,0.42604819878481015,0,0.5
4,4,45,logistic_regression,201,441,0,0.5499729679872559,1,0.5
4,4,45,logistic_regression,211,453,0,0.45512697569841454,0,0.5
4,4,45,logistic_regression,215,372,0,0.3414203067786572,0,0.5
4,4,45,logistic_regression,217,408,0,0.37687123776828163,0,0.5
4,4,45,logistic_regression,220,406,0,0.3482695039764434,0,0.5
4,4,45,logistic_regression,221,407,0,0.3848437027255482,0,0.5
4,4,45,logistic_regression,226,409,0,0.40385570694153067,0,0.5
4,4,45,logistic_regression,227,394,0,0.7844037003297607,1,0.5
4,4,45,logistic_regression,229,466,0,0.48613692897724764,0,0.5
4,4,45,logistic_regression,234,406,0,0.3482695039764434,0,0.5
4,4,45,logistic_regression,235,378,0,0.32033654401195977,0,0.5
4,4,45,logistic_regression,243,402,0,0.38667929550148833,0,0.5
4,4,45,logistic_regression,246,487,0,0.4466360767583275,0,0.5
4,4,45,logistic_regression,248,381,0,0.4614584576901989,0,0.5
4,4,45,logistic_regression,253,279,0,0.4167952827889415,0,0.5
4,4,45,logistic_regression,259,329,0,0.6336783593905174,1,0.5
4,4,45,logistic_regression,274,349,0,0.40347147653378035,0,0.5
4,4,45,logistic_regression,279,263,0,0.32614055949550474,0,0.5
4,4,45,logistic_regression,284,252,0,0.3234572824741795,0,0.5
4,4,45,logistic_regression,285,430,0,0.3913946183234391,0,0.5
4,4,45,logistic_regression,288,300,0,0.4309859238447449,0,0.5
4,4,45,logistic_regression,295,283,0,0.6772847942292864,1,0.5
4,4,45,logistic_regression,308,382,0,0.45160031632632724,0,0.5
4,4,45,logistic_regression,310,307,0,0.3323792964265315,0,0.5
4,4,45,logistic_regression,312,313,0,0.5412658893787967,1,0.5
4,4,45,logistic_regression,313,370,0,0.4130900101282016,0,0.5
4,4,45,logistic_regression,316,348,0,0.34447327823391505,0,0.5
4,4,45,logistic_regression,327,173,0,0.4157684771376959,0,0.5
4,4,45,logistic_regression,329,290,0,0.40775184811304943,0,0.5
4,4,45,logistic_regression,330,207,0,0.3021092175646113,0,0.5
4,4,45,logistic_regression,333,274,0,0.49540359419845786,0,0.5
4,4,45,logistic_regression,341,121,0,0.3125482807759671,0,0.5
4,4,45,logistic_regression,344,79,0,0.41802441141055163,0,0.5
4,4,45,logistic_regression,349,235,0,0.37057122043774215,0,0.5
4,4,45,logistic_regression,356,79,0,0.41802441141055163,0,0.5
4,4,45,logistic_regression,358,212,0,0.33875633694099166,0,0.5
4,4,45,logistic_regression,365,178,0,0.3533750731863791,0,0.5
4,4,45,logistic_regression,368,203,0,0.3666623915692481,0,0.5
4,4,45,logistic_regression,375,249,0,0.36093393987120276,0,0.5
4,4,45,logistic_regression,376,786,0,0.7954553151226994,1,0.5
4,4,45,logistic_regression,383,134,1,0.3706527441689642,0,0.5
4,4,45,logistic_regression,385,234,0,0.3820083249932257,0,0.5
4,4,45,logistic_regression,386,90,0,0.448010395767083,0,0.5
4,4,45,logistic_regression,391,69,0,0.3490608902684994,0,0.5
4,4,45,logistic_regression,396,100,0,0.36356439850896,0,0.5
4,4,45,logistic_regression,399,209,0,0.348881120437475,0,0.5
4,4,45,logistic_regression,401,210,0,0.4320445121953649,0,0.5
4,4,45,logistic_regression,405,61,0,0.3319386134664259,0,0.5
4,4,45,logistic_regression,425,35,0,0.42625735178286095,0,0.5
4,4,45,logistic_regression,426,114,0,0.7372129687292321,1,0.5
4,4,45,logistic_regression,433,28,0,0.3225966233338435,0,0.5
4,4,45,logistic_regression,436,39,0,0.3370570371583325,0,0.5
4,4,45,logistic_regression,437,26,0,0.40988888332192064,0,0.5
4,4,45,logistic_regression,442,26,0,0.40988888332192064,0,0.5
4,4,45,logistic_regression,447,63,0,0.4333652052393888,0,0.5
4,4,45,logistic_regression,456,24,0,0.4032478309392398,0,0.5
4,4,45,logistic_regression,458,35,0,0.42625735178286095,0,0.5
4,4,45,logistic_regression,459,3,0,0.42478812648753655,0,0.5
4,4,45,logistic_regression,470,764,0,0.45445441513680934,0,0.5
4,4,45,logistic_regression,471,94,0,0.33881781140146106,0,0.5
4,4,45,logistic_regression,473,787,0,0.51875969266546,1,0.5
4,4,45,logistic_regression,478,534,0,0.5222590066006753,1,0.5
4,4,45,logistic_regression,480,575,0,0.12366377282720291,0,0.5
4,4,45,logistic_regression,487,483,0,0.40308498563953,0,0.5
4,4,45,logistic_regression,488,337,0,0.4297767489372651,0,0.5
4,4,45,logistic_regression,496,451,1,0.35298812626838155,0,0.5
4,4,45,logistic_regression,500,763,0,0.38506845023134373,0,0.5
4,4,45,logistic_regression,508,590,0,0.7660417631204623,1,0.5
4,4,45,logistic_regression,517,514,0,0.4059375028268008,0,0.5
4,4,45,logistic_regression,532,364,0,0.37484456283510664,0,0.5
4,4,45,logistic_regression,533,425,0,0.426875101743303,0,0.5
4,4,45,logistic_regression,536,24,0,0.4032478309392398,0,0.5
4,4,45,logistic_regression,539,76,1,0.6938657400560327,1,0.5
4,4,45,logistic_regression,543,40,0,0.37027673738232847,0,0.5
4,4,45,logistic_regression,554,20,0,0.35164353365777545,0,0.5
4,4,45,logistic_regression,557,458,0,0.3579876594449248,0,0.5
4,4,45,logistic_regression,563,712,0,0.12682688612523274,0,0.5
4,4,45,logistic_regression,568,338,0,0.41571627159044244,0,0.5
4,4,45,logistic_regression,572,373,0,0.5107141185866457,1,0.5
4,4,45,logistic_regression,578,126,1,0.33368610779833985,0,0.5
4,4,45,logistic_regression,582,198,0,0.45209555337934526,0,0.5
4,4,45,logistic_regression,585,648,0,0.418593324070745,0,0.5
4,4,45,logistic_regression,588,813,0,0.45354106051250653,0,0.5
4,4,45,logistic_regression,589,784,0,0.38170944478654084,0,0.5
4,4,45,logistic_regression,590,56,0,0.07699590797610585,0,0.5
4,4,45,logistic_regression,592,321,0,0.6023446593257226,1,0.5
4,4,45,logistic_regression,596,83,0,0.3215142325368254,0,0.5
4,4,45,logistic_regression,603,440,0,0.38838552568885054,0,0.5
4,4,45,logistic_regression,604,318,0,0.4634857914345498,0,0.5
4,4,45,logistic_regression,607,566,0,0.3819108426047032,0,0.5
4,4,45,logistic_regression,609,416,0,0.48294534913993636,0,0.5
4,4,45,logistic_regression,633,261,0,0.3431173647119698,0,0.5
4,4,45,logistic_regression,642,512,0,0.5521415485134434,1,0.5
4,4,45,logistic_regression,646,27,0,0.3109494337519897,0,0.5
4,4,45,logistic_regression,652,826,0,0.5113012987817808,1,0.5
4,4,45,logistic_regression,660,33,0,0.4195396424708186,0,0.5
4,4,45,logistic_regression,666,67,0,0.35329635462183795,0,0.5
4,4,45,logistic_regression,670,817,1,0.6497632542076943,1,0.5
4,4,45,logistic_regression,682,827,0,0.6811319607789652,1,0.5
4,4,45,logistic_regression,693,98,1,0.4601309480074257,0,0.5
4,4,45,logistic_regression,706,81,0,0.34110762186241383,0,0.5
4,4,45,logistic_regression,712,317,0,0.4578804738088179,0,0.5
4,4,45,logistic_regression,718,246,0,0.47651386816575747,0,0.5
4,4,45,logistic_regression,725,214,0,0.38851448426539464,0,0.5
4,4,45,logistic_regression,729,327,0,0.3988182979715379,0,0.5
4,4,45,logistic_regression,730,775,0,0.8012815142183948,1,0.5
4,4,45,logistic_regression,736,725,0,0.41174659059100255,0,0.5
4,4,45,logistic_regression,746,342,0,0.6020313651416952,1,0.5
4,4,45,logistic_regression,753,166,1,0.557387073506987,1,0.5
4,4,45,logistic_regression,755,563,0,0.5100097574280569,1,0.5
4,4,45,logistic_regression,762,139,0,0.33327276409844714,0,0.5
4,4,45,logistic_regression,773,23,0,0.32415309603524545,0,0.5
4,4,45,logistic_regression,776,45,0,0.4139507782224098,0,0.5
4,4,45,logistic_regression,777,744,0,0.47858987403516673,0,0.5
4,4,45,logistic_regression,780,110,0,0.4232453344976439,0,0.5
4,4,45,logistic_regression,783,84,0,0.3268595937394932,0,0.5
4,4,45,logistic_regression,784,403,0,0.45433876503459253,0,0.5
4,4,45,logistic_regression,789,164,0,0.6787425922240629,1,0.5
4,4,45,logistic_regression,790,350,0,0.35202363181738905,0,0.5
4,4,45,logistic_regression,791,15,0,0.4476625161781432,0,0.5
4,4,45,logistic_regression,793,353,0,0.4321470332192687,0,0.5
4,4,45,logistic_regression,795,690,0,0.7195089264847073,1,0.5
4,4,45,logistic_regression,796,605,0,0.4857942638103112,0,0.5
4,4,45,logistic_regression,804,543,0,0.6532418480653533,1,0.5
4,4,45,logistic_regression,820,352,0,0.35464705369165017,0,0.5
4,4,45,logistic_regression,824,720,0,0.4804606168020973,0,0.5
4,4,45,logistic_regression,827,688,0,0.45037630723330924,0,0.5
4,4,45,logistic_regression,834,569,0,0.5266438013254173,1,0.5
4,4,45,logistic_regression,838,694,0,0.44164278441584,0,0.5
4,4,45,logistic_regression,839,601,0,0.4980327634748225,0,0.5
4,4,45,logistic_regression,849,620,0,0.18128529373067576,0,0.5
4,4,45,logistic_regression,850,117,0,0.37098114319447206,0,0.5
4,4,45,xgboost,8,809,0,0.0011441016104072332,0,0.5
4,4,45,xgboost,10,807,0,0.015942281112074852,0,0.5
4,4,45,xgboost,17,799,0,0.0069962553679943085,0,0.5
4,4,45,xgboost,22,766,1,0.037911076098680496,0,0.5
4,4,45,xgboost,23,767,1,0.02297217771410942,0,0.5
4,4,45,xgboost,27,759,0,0.24150905013084412,0,0.5
4,4,45,xgboost,32,738,0,0.067440465092659,0,0.5
4,4,45,xgboost,33,734,0,0.3138860762119293,0,0.5
4,4,45,xgboost,34,749,0,0.10205769538879395,0,0.5
4,4,45,xgboost,35,737,0,0.1687108874320984,0,0.5
4,4,45,xgboost,37,747,0,0.03388083353638649,0,0.5
4,4,45,xgboost,40,746,0,0.22772571444511414,0,0.5
4,4,45,xgboost,41,732,1,0.8211113214492798,1,0.5
4,4,45,xgboost,47,770,0,0.0286245159804821,0,0.5
4,4,45,xgboost,49,739,0,0.40623849630355835,0,0.5
4,4,45,xgboost,52,729,0,0.4863094687461853,0,0.5
4,4,45,xgboost,57,647,0,0.04371153563261032,0,0.5
4,4,45,xgboost,62,679,0,0.0040175942704081535,0,0.5
4,4,45,xgboost,63,629,0,0.7029914259910583,1,0.5
4,4,45,xgboost,68,696,0,0.7694040536880493,1,0.5
4,4,45,xgboost,75,686,0,0.1524563580751419,0,0.5
4,4,45,xgboost,81,593,0,0.06669469177722931,0,0.5
4,4,45,xgboost,84,713,0,0.2121237814426422,0,0.5
4,4,45,xgboost,95,604,0,0.05899299308657646,0,0.5
4,4,45,xgboost,104,633,0,0.744776725769043,1,0.5
4,4,45,xgboost,117,570,0,0.10317383706569672,0,0.5
4,4,45,xgboost,136,586,0,0.09587166458368301,0,0.5
4,4,45,xgboost,138,517,0,0.020157882943749428,0,0.5
4,4,45,xgboost,142,591,0,0.10899405181407928,0,0.5
4,4,45,xgboost,144,558,0,0.1478956639766693,0,0.5
4,4,45,xgboost,147,533,0,0.22463202476501465,0,0.5
4,4,45,xgboost,150,489,0,0.23646900057792664,0,0.5
4,4,45,xgboost,152,438,0,0.0735788643360138,0,0.5
4,4,45,xgboost,163,509,1,0.19437898695468903,0,0.5
4,4,45,xgboost,177,468,0,0.017356550320982933,0,0.5
4,4,45,xgboost,178,472,0,0.09077176451683044,0,0.5
4,4,45,xgboost,186,404,0,0.41828852891921997,0,0.5
4,4,45,xgboost,188,475,0,0.09832221269607544,0,0.5
4,4,45,xgboost,189,380,0,0.06382180750370026,0,0.5
4,4,45,xgboost,201,441,0,0.5145816802978516,1,0.5
4,4,45,xgboost,211,453,0,0.017279604449868202,0,0.5
4,4,45,xgboost,215,372,0,0.019416674971580505,0,0.5
4,4,45,xgboost,217,408,0,0.08112481236457825,0,0.5
4,4,45,xgboost,220,406,0,0.101648710668087,0,0.5
4,4,45,xgboost,221,407,0,0.30043676495552063,0,0.5
4,4,45,xgboost,226,409,0,0.05469417944550514,0,0.5
4,4,45,xgboost,227,394,0,0.46312662959098816,0,0.5
4,4,45,xgboost,229,466,0,0.1776496320962906,0,0.5
4,4,45,xgboost,234,406,0,0.101648710668087,0,0.5
4,4,45,xgboost,235,378,0,0.2613389790058136,0,0.5
4,4,45,xgboost,243,402,0,0.025520505383610725,0,0.5
4,4,45,xgboost,246,487,0,0.2926585376262665,0,0.5
4,4,45,xgboost,248,381,0,0.039592742919921875,0,0.5
4,4,45,xgboost,253,279,0,0.08225125074386597,0,0.5
4,4,45,xgboost,259,329,0,0.014362145215272903,0,0.5
4,4,45,xgboost,274,349,0,0.017925644293427467,0,0.5
4,4,45,xgboost,279,263,0,0.392988920211792,0,0.5
4,4,45,xgboost,284,252,0,0.23458170890808105,0,0.5
4,4,45,xgboost,285,430,0,0.009821050800383091,0,0.5
4,4,45,xgboost,288,300,0,0.04937346652150154,0,0.5
4,4,45,xgboost,295,283,0,0.17369258403778076,0,0.5
4,4,45,xgboost,308,382,0,0.0530865304172039,0,0.5
4,4,45,xgboost,310,307,0,0.051956769078969955,0,0.5
4,4,45,xgboost,312,313,0,0.060786422342061996,0,0.5
4,4,45,xgboost,313,370,0,0.19603165984153748,0,0.5
4,4,45,xgboost,316,348,0,0.17093326151371002,0,0.5
4,4,45,xgboost,327,173,0,0.31764477491378784,0,0.5
4,4,45,xgboost,329,290,0,0.02264762483537197,0,0.5
4,4,45,xgboost,330,207,0,0.46008002758026123,0,0.5
4,4,45,xgboost,333,274,0,0.7396573424339294,1,0.5
4,4,45,xgboost,341,121,0,0.004599715583026409,0,0.5
4,4,45,xgboost,344,79,0,0.011635937727987766,0,0.5
4,4,45,xgboost,349,235,0,0.6356953382492065,1,0.5
4,4,45,xgboost,356,79,0,0.011635937727987766,0,0.5
4,4,45,xgboost,358,212,0,0.6207255721092224,1,0.5
4,4,45,xgboost,365,178,0,0.2686392664909363,0,0.5
4,4,45,xgboost,368,203,0,0.08954782038927078,0,0.5
4,4,45,xgboost,375,249,0,0.5427087545394897,1,0.5
4,4,45,xgboost,376,786,0,0.18780270218849182,0,0.5
4,4,45,xgboost,383,134,1,0.028947705402970314,0,0.5
4,4,45,xgboost,385,234,0,0.5096335411071777,1,0.5
4,4,45,xgboost,386,90,0,0.011639893054962158,0,0.5
4,4,45,xgboost,391,69,0,0.15006858110427856,0,0.5
4,4,45,xgboost,396,100,0,0.0017785769887268543,0,0.5
4,4,45,xgboost,399,209,0,0.7937383055686951,1,0.5
4,4,45,xgboost,401,210,0,0.32847708463668823,0,0.5
4,4,45,xgboost,405,61,0,0.0341147780418396,0,0.5
4,4,45,xgboost,425,35,0,0.387098491191864,0,0.5
4,4,45,xgboost,426,114,0,0.0010469421977177262,0,0.5
4,4,45,xgboost,433,28,0,0.33312931656837463,0,0.5
4,4,45,xgboost,436,39,0,0.047997646033763885,0,0.5
4,4,45,xgboost,437,26,0,0.21320568025112152,0,0.5
4,4,45,xgboost,442,26,0,0.21320568025112152,0,0.5
4,4,45,xgboost,447,63,0,0.18943312764167786,0,0.5
4,4,45,xgboost,456,24,0,0.0744706243276596,0,0.5
4,4,45,xgboost,458,35,0,0.387098491191864,0,0.5
4,4,45,xgboost,459,3,0,0.05712132900953293,0,0.5
4,4,45,xgboost,470,764,0,0.04341674596071243,0,0.5
4,4,45,xgboost,471,94,0,0.006585574243217707,0,0.5
4,4,45,xgboost,473,787,0,0.0023446890991181135,0,0.5
4,4,45,xgboost,478,534,0,0.018967576324939728,0,0.5
4,4,45,xgboost,480,575,0,0.008516129106283188,0,0.5
4,4,45,xgboost,487,483,0,0.2008490413427353,0,0.5
4,4,45,xgboost,488,337,0,0.06688323616981506,0,0.5
4,4,45,xgboost,496,451,1,0.17849566042423248,0,0.5
4,4,45,xgboost,500,763,0,0.01969454251229763,0,0.5
4,4,45,xgboost,508,590,0,0.04685625061392784,0,0.5
4,4,45,xgboost,517,514,0,0.20943191647529602,0,0.5
4,4,45,xgboost,532,364,0,0.04579230397939682,0,0.5
4,4,45,xgboost,533,425,0,0.22676219046115875,0,0.5
4,4,45,xgboost,536,24,0,0.0744706243276596,0,0.5
4,4,45,xgboost,539,76,1,0.003317607566714287,0,0.5
4,4,45,xgboost,543,40,0,0.09619323164224625,0,0.5
4,4,45,xgboost,554,20,0,0.5616093277931213,1,0.5
4,4,45,xgboost,557,458,0,0.35769352316856384,0,0.5
4,4,45,xgboost,563,712,0,0.22937992215156555,0,0.5
4,4,45,xgboost,568,338,0,0.07137053459882736,0,0.5
4,4,45,xgboost,572,373,0,0.01230428647249937,0,0.5
4,4,45,xgboost,578,126,1,0.006087251473218203,0,0.5
4,4,45,xgboost,582,198,0,0.25493574142456055,0,0.5
4,4,45,xgboost,585,648,0,0.2317187786102295,0,0.5
4,4,45,xgboost,588,813,0,0.007726598065346479,0,0.5
4,4,45,xgboost,589,784,0,0.06616928428411484,0,0.5
4,4,45,xgboost,590,56,0,0.4754350781440735,0,0.5
4,4,45,xgboost,592,321,0,0.028145285323262215,0,0.5
4,4,45,xgboost,596,83,0,0.003665085881948471,0,0.5
4,4,45,xgboost,603,440,0,0.06304183602333069,0,0.5
4,4,45,xgboost,604,318,0,0.5497906804084778,1,0.5
4,4,45,xgboost,607,566,0,0.048742469400167465,0,0.5
4,4,45,xgboost,609,416,0,0.23733560740947723,0,0.5
4,4,45,xgboost,633,261,0,0.2936909794807434,0,0.5
4,4,45,xgboost,642,512,0,0.800021231174469,1,0.5
4,4,45,xgboost,646,27,0,0.174472376704216,0,0.5
4,4,45,xgboost,652,826,0,0.09987257421016693,0,0.5
4,4,45,xgboost,660,33,0,0.15792174637317657,0,0.5
4,4,45,xgboost,666,67,0,0.30355897545814514,0,0.5
4,4,45,xgboost,670,817,1,0.35465526580810547,0,0.5
4,4,45,xgboost,682,827,0,0.1536470502614975,0,0.5
4,4,45,xgboost,693,98,1,0.057318706065416336,0,0.5
4,4,45,xgboost,706,81,0,0.0394602008163929,0,0.5
4,4,45,xgboost,712,317,0,0.19238336384296417,0,0.5
4,4,45,xgboost,718,246,0,0.7623058557510376,1,0.5
4,4,45,xgboost,725,214,0,0.5085503458976746,1,0.5
4,4,45,xgboost,729,327,0,0.006046883296221495,0,0.5
4,4,45,xgboost,730,775,0,0.5274251699447632,1,0.5
4,4,45,xgboost,736,725,0,0.22763890027999878,0,0.5
4,4,45,xgboost,746,342,0,0.00808650627732277,0,0.5
4,4,45,xgboost,753,166,1,0.16412389278411865,0,0.5
4,4,45,xgboost,755,563,0,0.17774280905723572,0,0.5
4,4,45,xgboost,762,139,0,0.0074134389869868755,0,0.5
4,4,45,xgboost,773,23,0,0.07892253994941711,0,0.5
4,4,45,xgboost,776,45,0,0.06960625946521759,0,0.5
4,4,45,xgboost,777,744,0,0.028843946754932404,0,0.5
4,4,45,xgboost,780,110,0,0.0010025080991908908,0,0.5
4,4,45,xgboost,783,84,0,0.003817762481048703,0,0.5
4,4,45,xgboost,784,403,0,0.02872905693948269,0,0.5
4,4,45,xgboost,789,164,0,0.3917876183986664,0,0.5
4,4,45,xgboost,790,350,0,0.1819641888141632,0,0.5
4,4,45,xgboost,791,15,0,0.06330953538417816,0,0.5
4,4,45,xgboost,793,353,0,0.2002146989107132,0,0.5
4,4,45,xgboost,795,690,0,0.9537767767906189,1,0.5
4,4,45,xgboost,796,605,0,0.012995243072509766,0,0.5
4,4,45,xgboost,804,543,0,0.7274303436279297,1,0.5
4,4,45,xgboost,820,352,0,0.16053926944732666,0,0.5
4,4,45,xgboost,824,720,0,0.10046258568763733,0,0.5
4,4,45,xgboost,827,688,0,0.3159666061401367,0,0.5
4,4,45,xgboost,834,569,0,0.04735558480024338,0,0.5
4,4,45,xgboost,838,694,0,0.14941708743572235,0,0.5
4,4,45,xgboost,839,601,0,0.1543656438589096,0,0.5
4,4,45,xgboost,849,620,0,0.00915471464395523,0,0.5
4,4,45,xgboost,850,117,0,0.0026188017800450325,0,0.5
4,5,45,dummy_prior,0,109,0,0.06404657933042213,0,0.5
4,5,45,dummy_prior,3,825,0,0.06404657933042213,0,0.5
4,5,45,dummy_prior,7,413,0,0.06404657933042213,0,0.5
4,5,45,dummy_prior,11,450,0,0.06404657933042213,0,0.5
4,5,45,dummy_prior,13,803,0,0.06404657933042213,0,0.5
4,5,45,dummy_prior,15,776,0,0.06404657933042213,0,0.5
4,5,45,dummy_prior,24,774,0,0.06404657933042213,0,0.5
4,5,45,dummy_prior,44,740,1,0.06404657933042213,0,0.5
4,5,45,dummy_prior,46,716,0,0.06404657933042213,0,0.5
4,5,45,dummy_prior,51,715,0,0.06404657933042213,0,0.5
4,5,45,dummy_prior,55,789,0,0.06404657933042213,0,0.5
4,5,45,dummy_prior,59,692,0,0.06404657933042213,0,0.5
4,5,45,dummy_prior,61,697,0,0.06404657933042213,0,0.5
4,5,45,dummy_prior,70,727,0,0.06404657933042213,0,0.5
4,5,45,dummy_prior,71,677,0,0.06404657933042213,0,0.5
4,5,45,dummy_prior,73,685,0,0.06404657933042213,0,0.5
4,5,45,dummy_prior,83,621,0,0.06404657933042213,0,0.5
4,5,45,dummy_prior,88,618,0,0.06404657933042213,0,0.5
4,5,45,dummy_prior,89,632,0,0.06404657933042213,0,0.5
4,5,45,dummy_prior,93,631,1,0.06404657933042213,0,0.5
4,5,45,dummy_prior,94,637,0,0.06404657933042213,0,0.5
4,5,45,dummy_prior,109,612,0,0.06404657933042213,0,0.5
4,5,45,dummy_prior,115,665,0,0.06404657933042213,0,0.5
4,5,45,dummy_prior,130,492,0,0.06404657933042213,0,0.5
4,5,45,dummy_prior,135,465,0,0.06404657933042213,0,0.5
4,5,45,dummy_prior,149,594,0,0.06404657933042213,0,0.5
4,5,45,dummy_prior,154,457,0,0.06404657933042213,0,0.5
4,5,45,dummy_prior,159,463,0,0.06404657933042213,0,0.5
4,5,45,dummy_prior,161,490,0,0.06404657933042213,0,0.5
4,5,45,dummy_prior,166,515,0,0.06404657933042213,0,0.5
4,5,45,dummy_prior,184,411,0,0.06404657933042213,0,0.5
4,5,45,dummy_prior,185,488,1,0.06404657933042213,0,0.5
4,5,45,dummy_prior,190,513,0,0.06404657933042213,0,0.5
4,5,45,dummy_prior,196,505,0,0.06404657933042213,0,0.5
4,5,45,dummy_prior,205,388,1,0.06404657933042213,0,0.5
4,5,45,dummy_prior,219,324,0,0.06404657933042213,0,0.5
4,5,45,dummy_prior,225,511,0,0.06404657933042213,0,0.5
4,5,45,dummy_prior,236,343,0,0.06404657933042213,0,0.5
4,5,45,dummy_prior,239,497,0,0.06404657933042213,0,0.5
4,5,45,dummy_prior,258,245,0,0.06404657933042213,0,0.5
4,5,45,dummy_prior,263,296,0,0.06404657933042213,0,0.5
4,5,45,dummy_prior,265,247,0,0.06404657933042213,0,0.5
4,5,45,dummy_prior,270,211,0,0.06404657933042213,0,0.5
4,5,45,dummy_prior,272,330,0,0.06404657933042213,0,0.5
4,5,45,dummy_prior,273,355,0,0.06404657933042213,0,0.5
4,5,45,dummy_prior,275,237,0,0.06404657933042213,0,0.5
4,5,45,dummy_prior,276,241,0,0.06404657933042213,0,0.5
4,5,45,dummy_prior,277,168,0,0.06404657933042213,0,0.5
4,5,45,dummy_prior,286,240,0,0.06404657933042213,0,0.5
4,5,45,dummy_prior,287,272,0,0.06404657933042213,0,0.5
4,5,45,dummy_prior,289,419,0,0.06404657933042213,0,0.5
4,5,45,dummy_prior,294,288,0,0.06404657933042213,0,0.5
4,5,45,dummy_prior,296,358,0,0.06404657933042213,0,0.5
4,5,45,dummy_prior,299,319,0,0.06404657933042213,0,0.5
4,5,45,dummy_prior,303,386,0,0.06404657933042213,0,0.5
4,5,45,dummy_prior,304,331,0,0.06404657933042213,0,0.5
4,5,45,dummy_prior,305,201,0,0.06404657933042213,0,0.5
4,5,45,dummy_prior,314,215,1,0.06404657933042213,0,0.5
4,5,45,dummy_prior,319,293,0,0.06404657933042213,0,0.5
4,5,45,dummy_prior,328,197,0,0.06404657933042213,0,0.5
4,5,45,dummy_prior,335,525,1,0.06404657933042213,0,0.5
4,5,45,dummy_prior,338,200,0,0.06404657933042213,0,0.5
4,5,45,dummy_prior,340,148,0,0.06404657933042213,0,0.5
4,5,45,dummy_prior,355,140,0,0.06404657933042213,0,0.5
4,5,45,dummy_prior,361,199,0,0.06404657933042213,0,0.5
4,5,45,dummy_prior,366,143,0,0.06404657933042213,0,0.5
4,5,45,dummy_prior,369,82,0,0.06404657933042213,0,0.5
4,5,45,dummy_prior,381,145,0,0.06404657933042213,0,0.5
4,5,45,dummy_prior,384,78,0,0.06404657933042213,0,0.5
4,5,45,dummy_prior,392,120,0,0.06404657933042213,0,0.5
4,5,45,dummy_prior,394,184,0,0.06404657933042213,0,0.5
4,5,45,dummy_prior,395,82,0,0.06404657933042213,0,0.5
4,5,45,dummy_prior,398,115,0,0.06404657933042213,0,0.5
4,5,45,dummy_prior,400,55,0,0.06404657933042213,0,0.5
4,5,45,dummy_prior,402,102,0,0.06404657933042213,0,0.5
4,5,45,dummy_prior,407,57,0,0.06404657933042213,0,0.5
4,5,45,dummy_prior,409,54,0,0.06404657933042213,0,0.5
4,5,45,dummy_prior,420,97,0,0.06404657933042213,0,0.5
4,5,45,dummy_prior,422,89,0,0.06404657933042213,0,0.5
4,5,45,dummy_prior,423,51,0,0.06404657933042213,0,0.5
4,5,45,dummy_prior,424,181,0,0.06404657933042213,0,0.5
4,5,45,dummy_prior,427,161,0,0.06404657933042213,0,0.5
4,5,45,dummy_prior,435,54,0,0.06404657933042213,0,0.5
4,5,45,dummy_prior,439,112,0,0.06404657933042213,0,0.5
4,5,45,dummy_prior,452,46,0,0.06404657933042213,0,0.5
4,5,45,dummy_prior,468,11,0,0.06404657933042213,0,0.5
4,5,45,dummy_prior,472,682,1,0.06404657933042213,0,0.5
4,5,45,dummy_prior,475,154,0,0.06404657933042213,0,0.5
4,5,45,dummy_prior,485,286,0,0.06404657933042213,0,0.5
4,5,45,dummy_prior,491,122,0,0.06404657933042213,0,0.5
4,5,45,dummy_prior,495,405,0,0.06404657933042213,0,0.5
4,5,45,dummy_prior,514,476,0,0.06404657933042213,0,0.5
4,5,45,dummy_prior,515,603,0,0.06404657933042213,0,0.5
4,5,45,dummy_prior,516,174,0,0.06404657933042213,0,0.5
4,5,45,dummy_prior,525,46,0,0.06404657933042213,0,0.5
4,5,45,dummy_prior,526,469,0,0.06404657933042213,0,0.5
4,5,45,dummy_prior,534,93,0,0.06404657933042213,0,0.5
4,5,45,dummy_prior,537,365,0,0.06404657933042213,0,0.5
4,5,45,dummy_prior,538,361,0,0.06404657933042213,0,0.5
4,5,45,dummy_prior,547,385,0,0.06404657933042213,0,0.5
4,5,45,dummy_prior,549,662,1,0.06404657933042213,0,0.5
4,5,45,dummy_prior,550,191,0,0.06404657933042213,0,0.5
4,5,45,dummy_prior,552,105,0,0.06404657933042213,0,0.5
4,5,45,dummy_prior,561,208,0,0.06404657933042213,0,0.5
4,5,45,dummy_prior,562,282,0,0.06404657933042213,0,0.5
4,5,45,dummy_prior,567,383,0,0.06404657933042213,0,0.5
4,5,45,dummy_prior,575,54,0,0.06404657933042213,0,0.5
4,5,45,dummy_prior,577,196,0,0.06404657933042213,0,0.5
4,5,45,dummy_prior,580,55,0,0.06404657933042213,0,0.5
4,5,45,dummy_prior,584,562,0,0.06404657933042213,0,0.5
4,5,45,dummy_prior,586,150,0,0.06404657933042213,0,0.5
4,5,45,dummy_prior,598,54,1,0.06404657933042213,0,0.5
4,5,45,dummy_prior,599,176,0,0.06404657933042213,0,0.5
4,5,45,dummy_prior,608,135,0,0.06404657933042213,0,0.5
4,5,45,dummy_prior,611,311,0,0.06404657933042213,0,0.5
4,5,45,dummy_prior,616,376,0,0.06404657933042213,0,0.5
4,5,45,dummy_prior,617,157,0,0.06404657933042213,0,0.5
4,5,45,dummy_prior,618,130,0,0.06404657933042213,0,0.5
4,5,45,dummy_prior,621,582,0,0.06404657933042213,0,0.5
4,5,45,dummy_prior,626,622,0,0.06404657933042213,0,0.5
4,5,45,dummy_prior,627,280,0,0.06404657933042213,0,0.5
4,5,45,dummy_prior,628,779,0,0.06404657933042213,0,0.5
4,5,45,dummy_prior,631,187,0,0.06404657933042213,0,0.5
4,5,45,dummy_prior,635,714,0,0.06404657933042213,0,0.5
4,5,45,dummy_prior,637,493,0,0.06404657933042213,0,0.5
4,5,45,dummy_prior,643,21,0,0.06404657933042213,0,0.5
4,5,45,dummy_prior,647,277,0,0.06404657933042213,0,0.5
4,5,45,dummy_prior,651,788,0,0.06404657933042213,0,0.5
4,5,45,dummy_prior,653,216,1,0.06404657933042213,0,0.5
4,5,45,dummy_prior,656,294,0,0.06404657933042213,0,0.5
4,5,45,dummy_prior,658,85,0,0.06404657933042213,0,0.5
4,5,45,dummy_prior,659,467,0,0.06404657933042213,0,0.5
4,5,45,dummy_prior,663,310,0,0.06404657933042213,0,0.5
4,5,45,dummy_prior,667,829,0,0.06404657933042213,0,0.5
4,5,45,dummy_prior,674,795,0,0.06404657933042213,0,0.5
4,5,45,dummy_prior,676,828,0,0.06404657933042213,0,0.5
4,5,45,dummy_prior,680,821,0,0.06404657933042213,0,0.5
4,5,45,dummy_prior,695,538,0,0.06404657933042213,0,0.5
4,5,45,dummy_prior,696,138,0,0.06404657933042213,0,0.5
4,5,45,dummy_prior,698,473,0,0.06404657933042213,0,0.5
4,5,45,dummy_prior,699,111,0,0.06404657933042213,0,0.5
4,5,45,dummy_prior,707,231,0,0.06404657933042213,0,0.5
4,5,45,dummy_prior,714,521,0,0.06404657933042213,0,0.5
4,5,45,dummy_prior,717,731,0,0.06404657933042213,0,0.5
4,5,45,dummy_prior,720,427,0,0.06404657933042213,0,0.5
4,5,45,dummy_prior,722,325,0,0.06404657933042213,0,0.5
4,5,45,dummy_prior,723,124,0,0.06404657933042213,0,0.5
4,5,45,dummy_prior,724,554,0,0.06404657933042213,0,0.5
4,5,45,dummy_prior,737,177,0,0.06404657933042213,0,0.5
4,5,45,dummy_prior,747,218,0,0.06404657933042213,0,0.5
4,5,45,dummy_prior,749,541,0,0.06404657933042213,0,0.5
4,5,45,dummy_prior,750,99,0,0.06404657933042213,0,0.5
4,5,45,dummy_prior,756,395,0,0.06404657933042213,0,0.5
4,5,45,dummy_prior,760,44,0,0.06404657933042213,0,0.5
4,5,45,dummy_prior,761,607,0,0.06404657933042213,0,0.5
4,5,45,dummy_prior,770,357,0,0.06404657933042213,0,0.5
4,5,45,dummy_prior,775,455,0,0.06404657933042213,0,0.5
4,5,45,dummy_prior,797,645,1,0.06404657933042213,0,0.5
4,5,45,dummy_prior,805,668,0,0.06404657933042213,0,0.5
4,5,45,dummy_prior,811,48,0,0.06404657933042213,0,0.5
4,5,45,dummy_prior,815,549,0,0.06404657933042213,0,0.5
4,5,45,dummy_prior,818,700,0,0.06404657933042213,0,0.5
4,5,45,dummy_prior,819,2,0,0.06404657933042213,0,0.5
4,5,45,dummy_prior,822,726,0,0.06404657933042213,0,0.5
4,5,45,dummy_prior,825,794,0,0.06404657933042213,0,0.5
4,5,45,dummy_prior,830,699,0,0.06404657933042213,0,0.5
4,5,45,dummy_prior,831,777,0,0.06404657933042213,0,0.5
4,5,45,dummy_prior,832,561,0,0.06404657933042213,0,0.5
4,5,45,dummy_prior,835,332,0,0.06404657933042213,0,0.5
4,5,45,dummy_prior,845,132,0,0.06404657933042213,0,0.5
4,5,45,dummy_prior,852,800,0,0.06404657933042213,0,0.5
4,5,45,logistic_regression,0,109,0,0.46084888635051424,0,0.5
4,5,45,logistic_regression,3,825,0,0.6506805418948836,1,0.5
4,5,45,logistic_regression,7,413,0,0.3716449267422986,0,0.5
4,5,45,logistic_regression,11,450,0,0.5036108596614338,1,0.5
4,5,45,logistic_regression,13,803,0,0.37940420782592055,0,0.5
4,5,45,logistic_regression,15,776,0,0.6134795720641631,1,0.5
4,5,45,logistic_regression,24,774,0,0.47162812394505577,0,0.5
4,5,45,logistic_regression,44,740,1,0.6247129131218084,1,0.5
4,5,45,logistic_regression,46,716,0,0.4597996202297034,0,0.5
4,5,45,logistic_regression,51,715,0,0.4455319214127217,0,0.5
4,5,45,logistic_regression,55,789,0,0.6732318650214622,1,0.5
4,5,45,logistic_regression,59,692,0,0.8529700192009313,1,0.5
4,5,45,logistic_regression,61,697,0,0.5323712901851595,1,0.5
4,5,45,logistic_regression,70,727,0,0.6367519834654847,1,0.5
4,5,45,logistic_regression,71,677,0,0.3992020918905685,0,0.5
4,5,45,logistic_regression,73,685,0,0.3791593952330611,0,0.5
4,5,45,logistic_regression,83,621,0,0.49667939724657006,0,0.5
4,5,45,logistic_regression,88,618,0,0.4249315692072069,0,0.5
4,5,45,logistic_regression,89,632,0,0.29288069190263255,0,0.5
4,5,45,logistic_regression,93,631,1,0.26420277453407787,0,0.5
4,5,45,logistic_regression,94,637,0,0.4711984968348326,0,0.5
4,5,45,logistic_regression,109,612,0,0.37448012081893006,0,0.5
4,5,45,logistic_regression,115,665,0,0.5970013736943539,1,0.5
4,5,45,logistic_regression,130,492,0,0.48760538114565877,0,0.5
4,5,45,logistic_regression,135,465,0,0.5408362686958187,1,0.5
4,5,45,logistic_regression,149,594,0,0.4471322412081265,0,0.5
4,5,45,logistic_regression,154,457,0,0.5001544985146251,1,0.5
4,5,45,logistic_regression,159,463,0,0.458975282321248,0,0.5
4,5,45,logistic_regression,161,490,0,0.4554776923004988,0,0.5
4,5,45,logistic_regression,166,515,0,0.4442582915707049,0,0.5
4,5,45,logistic_regression,184,411,0,0.40901652964204144,0,0.5
4,5,45,logistic_regression,185,488,1,0.514049279589685,1,0.5
4,5,45,logistic_regression,190,513,0,0.42271816270273754,0,0.5
4,5,45,logistic_regression,196,505,0,0.45566948133762714,0,0.5
4,5,45,logistic_regression,205,388,1,0.3781137374019553,0,0.5
4,5,45,logistic_regression,219,324,0,0.40179151958399356,0,0.5
4,5,45,logistic_regression,225,511,0,0.43707018260625996,0,0.5
4,5,45,logistic_regression,236,343,0,0.8161039640681987,1,0.5
4,5,45,logistic_regression,239,497,0,0.5535596141570902,1,0.5
4,5,45,logistic_regression,258,245,0,0.3892837245941079,0,0.5
4,5,45,logistic_regression,263,296,0,0.4739380195473756,0,0.5
4,5,45,logistic_regression,265,247,0,0.4534506266990794,0,0.5
4,5,45,logistic_regression,270,211,0,0.3661529170965092,0,0.5
4,5,45,logistic_regression,272,330,0,0.3771500043503686,0,0.5
4,5,45,logistic_regression,273,355,0,0.5401137680266737,1,0.5
4,5,45,logistic_regression,275,237,0,0.4360158510680751,0,0.5
4,5,45,logistic_regression,276,241,0,0.43569566333751414,0,0.5
4,5,45,logistic_regression,277,168,0,0.402134816818508,0,0.5
4,5,45,logistic_regression,286,240,0,0.4758563168207336,0,0.5
4,5,45,logistic_regression,287,272,0,0.4113253192853089,0,0.5
4,5,45,logistic_regression,289,419,0,0.4158843476474982,0,0.5
4,5,45,logistic_regression,294,288,0,0.42770163919272014,0,0.5
4,5,45,logistic_regression,296,358,0,0.4390240061945382,0,0.5
4,5,45,logistic_regression,299,319,0,0.3607127366856297,0,0.5
4,5,45,logistic_regression,303,386,0,0.474307074481588,0,0.5
4,5,45,logistic_regression,304,331,0,0.3562224960024688,0,0.5
4,5,45,logistic_regression,305,201,0,0.44908220886660827,0,0.5
4,5,45,logistic_regression,314,215,1,0.4075184964658746,0,0.5
4,5,45,logistic_regression,319,293,0,0.3510770903995601,0,0.5
4,5,45,logistic_regression,328,197,0,0.3948948573379223,0,0.5
4,5,45,logistic_regression,335,525,1,0.4630244817285009,0,0.5
4,5,45,logistic_regression,338,200,0,0.4513090281977728,0,0.5
4,5,45,logistic_regression,340,148,0,0.3642529366502612,0,0.5
4,5,45,logistic_regression,355,140,0,0.8252757476861958,1,0.5
4,5,45,logistic_regression,361,199,0,0.368555740675277,0,0.5
4,5,45,logistic_regression,366,143,0,0.38481116721496733,0,0.5
4,5,45,logistic_regression,369,82,0,0.4110420092050944,0,0.5
4,5,45,logistic_regression,381,145,0,0.40003593680649974,0,0.5
4,5,45,logistic_regression,384,78,0,0.7811030811113263,1,0.5
4,5,45,logistic_regression,392,120,0,0.4340244550979448,0,0.5
4,5,45,logistic_regression,394,184,0,0.8333850765752503,1,0.5
4,5,45,logistic_regression,395,82,0,0.4110420092050944,0,0.5
4,5,45,logistic_regression,398,115,0,0.38296839097152824,0,0.5
4,5,45,logistic_regression,400,55,0,0.37876884094591706,0,0.5
4,5,45,logistic_regression,402,102,0,0.38879426260622063,0,0.5
4,5,45,logistic_regression,407,57,0,0.8557489384620727,1,0.5
4,5,45,logistic_regression,409,54,0,0.448676132971944,0,0.5
4,5,45,logistic_regression,420,97,0,0.35757695937597334,0,0.5
4,5,45,logistic_regression,422,89,0,0.3934953213755436,0,0.5
4,5,45,logistic_regression,423,51,0,0.48304802685777,0,0.5
4,5,45,logistic_regression,424,181,0,0.7621636489133022,1,0.5
4,5,45,logistic_regression,427,161,0,0.42114931919186455,0,0.5
4,5,45,logistic_regression,435,54,0,0.448676132971944,0,0.5
4,5,45,logistic_regression,439,112,0,0.4066531092765192,0,0.5
4,5,45,logistic_regression,452,46,0,0.36549211219844235,0,0.5
4,5,45,logistic_regression,468,11,0,0.2658052870964322,0,0.5
4,5,45,logistic_regression,472,682,1,0.4077925142930135,0,0.5
4,5,45,logistic_regression,475,154,0,0.4440561992237364,0,0.5
4,5,45,logistic_regression,485,286,0,0.4506326446678068,0,0.5
4,5,45,logistic_regression,491,122,0,0.36426372307692884,0,0.5
4,5,45,logistic_regression,495,405,0,0.401217691076721,0,0.5
4,5,45,logistic_regression,514,476,0,0.35102478070739185,0,0.5
4,5,45,logistic_regression,515,603,0,0.44863472340872496,0,0.5
4,5,45,logistic_regression,516,174,0,0.38101241036076244,0,0.5
4,5,45,logistic_regression,525,46,0,0.36549211219844235,0,0.5
4,5,45,logistic_regression,526,469,0,0.44424629632307755,0,0.5
4,5,45,logistic_regression,534,93,0,0.3654981484994974,0,0.5
4,5,45,logistic_regression,537,365,0,0.49850357533996287,0,0.5
4,5,45,logistic_regression,538,361,0,0.36780492406323445,0,0.5
4,5,45,logistic_regression,547,385,0,0.39438411634409415,0,0.5
4,5,45,logistic_regression,549,662,1,0.5912796130413952,1,0.5
4,5,45,logistic_regression,550,191,0,0.4098215481204248,0,0.5
4,5,45,logistic_regression,552,105,0,0.37695108014724044,0,0.5
4,5,45,logistic_regression,561,208,0,0.3874613056103772,0,0.5
4,5,45,logistic_regression,562,282,0,0.41232354994680276,0,0.5
4,5,45,logistic_regression,567,383,0,0.5275243272951382,1,0.5
4,5,45,logistic_regression,575,54,0,0.448676132971944,0,0.5
4,5,45,logistic_regression,577,196,0,0.4740959116330553,0,0.5
4,5,45,logistic_regression,580,55,0,0.37876884094591706,0,0.5
4,5,45,logistic_regression,584,562,0,0.4284311574928485,0,0.5
4,5,45,logistic_regression,586,150,0,0.42790147720712196,0,0.5
4,5,45,logistic_regression,598,54,1,0.448676132971944,0,0.5
4,5,45,logistic_regression,599,176,0,0.39783404966020464,0,0.5
4,5,45,logistic_regression,608,135,0,0.3950598518772307,0,0.5
4,5,45,logistic_regression,611,311,0,0.4105132808991428,0,0.5
4,5,45,logistic_regression,616,376,0,0.4542039929291119,0,0.5
4,5,45,logistic_regression,617,157,0,0.35851348041854986,0,0.5
4,5,45,logistic_regression,618,130,0,0.3794962408797331,0,0.5
4,5,45,logistic_regression,621,582,0,0.45163920896402215,0,0.5
4,5,45,logistic_regression,626,622,0,0.3855502056977666,0,0.5
4,5,45,logistic_regression,627,280,0,0.47303121287521716,0,0.5
4,5,45,logistic_regression,628,779,0,0.7478381592148143,1,0.5
4,5,45,logistic_regression,631,187,0,0.4829214555158914,0,0.5
4,5,45,logistic_regression,635,714,0,0.4302160102601238,0,0.5
4,5,45,logistic_regression,637,493,0,0.51921114866781,1,0.5
4,5,45,logistic_regression,643,21,0,0.39843011287662483,0,0.5
4,5,45,logistic_regression,647,277,0,0.4950615213681926,0,0.5
4,5,45,logistic_regression,651,788,0,0.4833194545838262,0,0.5
4,5,45,logistic_regression,653,216,1,0.4075184964658746,0,0.5
4,5,45,logistic_regression,656,294,0,0.36943578571569685,0,0.5
4,5,45,logistic_regression,658,85,0,0.4121183489774531,0,0.5
4,5,45,logistic_regression,659,467,0,0.40723063689819927,0,0.5
4,5,45,logistic_regression,663,310,0,0.44505481118215523,0,0.5
4,5,45,logistic_regression,667,829,0,0.5482840999093946,1,0.5
4,5,45,logistic_regression,674,795,0,0.7639568518565851,1,0.5
4,5,45,logistic_regression,676,828,0,0.41468105324038274,0,0.5
4,5,45,logistic_regression,680,821,0,0.49873148840575565,0,0.5
4,5,45,logistic_regression,695,538,0,0.38664110615199926,0,0.5
4,5,45,logistic_regression,696,138,0,0.38781214320122104,0,0.5
4,5,45,logistic_regression,698,473,0,0.4707159762856477,0,0.5
4,5,45,logistic_regression,699,111,0,0.4951260420380133,0,0.5
4,5,45,logistic_regression,707,231,0,0.43122052057837773,0,0.5
4,5,45,logistic_regression,714,521,0,0.483459874266847,0,0.5
4,5,45,logistic_regression,717,731,0,0.6586256676886385,1,0.5
4,5,45,logistic_regression,720,427,0,0.37756320990117,0,0.5
4,5,45,logistic_regression,722,325,0,0.5512138080113448,1,0.5
4,5,45,logistic_regression,723,124,0,0.3985335513245206,0,0.5
4,5,45,logistic_regression,724,554,0,0.3224601050750721,0,0.5
4,5,45,logistic_regression,737,177,0,0.4524410208621117,0,0.5
4,5,45,logistic_regression,747,218,0,0.3703796149088153,0,0.5
4,5,45,logistic_regression,749,541,0,0.7424474437481365,1,0.5
4,5,45,logistic_regression,750,99,0,0.47768952340117377,0,0.5
4,5,45,logistic_regression,756,395,0,0.4725218275210101,0,0.5
4,5,45,logistic_regression,760,44,0,0.7337227284328757,1,0.5
4,5,45,logistic_regression,761,607,0,0.4248112373507633,0,0.5
4,5,45,logistic_regression,770,357,0,0.3608809203851817,0,0.5
4,5,45,logistic_regression,775,455,0,0.4327862570766741,0,0.5
4,5,45,logistic_regression,797,645,1,0.42843035059780404,0,0.5
4,5,45,logistic_regression,805,668,0,0.5538958557126902,1,0.5
4,5,45,logistic_regression,811,48,0,0.3730015164589384,0,0.5
4,5,45,logistic_regression,815,549,0,0.4119934075006748,0,0.5
4,5,45,logistic_regression,818,700,0,0.4114530308610541,0,0.5
4,5,45,logistic_regression,819,2,0,0.39516761677839896,0,0.5
4,5,45,logistic_regression,822,726,0,0.3201707270693439,0,0.5
4,5,45,logistic_regression,825,794,0,0.4571595891313976,0,0.5
4,5,45,logistic_regression,830,699,0,0.5028575471491411,1,0.5
4,5,45,logistic_regression,831,777,0,0.7731112932807636,1,0.5
4,5,45,logistic_regression,832,561,0,0.3583126231330954,0,0.5
4,5,45,logistic_regression,835,332,0,0.44942485858466563,0,0.5
4,5,45,logistic_regression,845,132,0,0.39842859700150507,0,0.5
4,5,45,logistic_regression,852,800,0,0.4837432637743262,0,0.5
4,5,45,xgboost,0,109,0,0.4318535327911377,0,0.5
4,5,45,xgboost,3,825,0,0.5614745020866394,1,0.5
4,5,45,xgboost,7,413,0,0.08428651839494705,0,0.5
4,5,45,xgboost,11,450,0,0.2254912257194519,0,0.5
4,5,45,xgboost,13,803,0,0.053795263171195984,0,0.5
4,5,45,xgboost,15,776,0,0.8380070924758911,1,0.5
4,5,45,xgboost,24,774,0,0.2968654930591583,0,0.5
4,5,45,xgboost,44,740,1,0.363772988319397,0,0.5
4,5,45,xgboost,46,716,0,0.252718448638916,0,0.5
4,5,45,xgboost,51,715,0,0.2518762946128845,0,0.5
4,5,45,xgboost,55,789,0,0.6881659030914307,1,0.5
4,5,45,xgboost,59,692,0,0.3612106144428253,0,0.5
4,5,45,xgboost,61,697,0,0.046300504356622696,0,0.5
4,5,45,xgboost,70,727,0,0.8572821617126465,1,0.5
4,5,45,xgboost,71,677,0,0.23222553730010986,0,0.5
4,5,45,xgboost,73,685,0,0.12791398167610168,0,0.5
4,5,45,xgboost,83,621,0,0.2094772905111313,0,0.5
4,5,45,xgboost,88,618,0,0.21116071939468384,0,0.5
4,5,45,xgboost,89,632,0,0.08794715255498886,0,0.5
4,5,45,xgboost,93,631,1,0.09247500449419022,0,0.5
4,5,45,xgboost,94,637,0,0.34909963607788086,0,0.5
4,5,45,xgboost,109,612,0,0.1590535193681717,0,0.5
4,5,45,xgboost,115,665,0,0.19901925325393677,0,0.5
4,5,45,xgboost,130,492,0,0.18421168625354767,0,0.5
4,5,45,xgboost,135,465,0,0.2744671702384949,0,0.5
4,5,45,xgboost,149,594,0,0.15192291140556335,0,0.5
4,5,45,xgboost,154,457,0,0.2565467059612274,0,0.5
4,5,45,xgboost,159,463,0,0.1608622521162033,0,0.5
4,5,45,xgboost,161,490,0,0.2692933976650238,0,0.5
4,5,45,xgboost,166,515,0,0.13739743828773499,0,0.5
4,5,45,xgboost,184,411,0,0.34304770827293396,0,0.5
4,5,45,xgboost,185,488,1,0.1834954470396042,0,0.5
4,5,45,xgboost,190,513,0,0.32166725397109985,0,0.5
4,5,45,xgboost,196,505,0,0.5806570053100586,1,0.5
4,5,45,xgboost,205,388,1,0.3581145405769348,0,0.5
4,5,45,xgboost,219,324,0,0.22303920984268188,0,0.5
4,5,45,xgboost,225,511,0,0.3560289740562439,0,0.5
4,5,45,xgboost,236,343,0,0.35698819160461426,0,0.5
4,5,45,xgboost,239,497,0,0.1815524846315384,0,0.5
4,5,45,xgboost,258,245,0,0.6440720558166504,1,0.5
4,5,45,xgboost,263,296,0,0.0966472253203392,0,0.5
4,5,45,xgboost,265,247,0,0.5404130220413208,1,0.5
4,5,45,xgboost,270,211,0,0.424243301153183,0,0.5
4,5,45,xgboost,272,330,0,0.1953529268503189,0,0.5
4,5,45,xgboost,273,355,0,0.1969147026538849,0,0.5
4,5,45,xgboost,275,237,0,0.641822338104248,1,0.5
4,5,45,xgboost,276,241,0,0.6998909115791321,1,0.5
4,5,45,xgboost,277,168,0,0.4916771948337555,0,0.5
4,5,45,xgboost,286,240,0,0.7323068976402283,1,0.5
4,5,45,xgboost,287,272,0,0.5896376371383667,1,0.5
4,5,45,xgboost,289,419,0,0.4117790460586548,0,0.5
4,5,45,xgboost,294,288,0,0.30182191729545593,0,0.5
4,5,45,xgboost,296,358,0,0.31707051396369934,0,0.5
4,5,45,xgboost,299,319,0,0.24868513643741608,0,0.5
4,5,45,xgboost,303,386,0,0.4051738679409027,0,0.5
4,5,45,xgboost,304,331,0,0.20770087838172913,0,0.5
4,5,45,xgboost,305,201,0,0.5831291675567627,1,0.5
4,5,45,xgboost,314,215,1,0.4429883360862732,0,0.5
4,5,45,xgboost,319,293,0,0.21937672793865204,0,0.5
4,5,45,xgboost,328,197,0,0.5595147609710693,1,0.5
4,5,45,xgboost,335,525,1,0.5517753958702087,1,0.5
4,5,45,xgboost,338,200,0,0.824575662612915,1,0.5
4,5,45,xgboost,340,148,0,0.45080289244651794,0,0.5
4,5,45,xgboost,355,140,0,0.8224196434020996,1,0.5
4,5,45,xgboost,361,199,0,0.6572989225387573,1,0.5
4,5,45,xgboost,366,143,0,0.4847698211669922,0,0.5
4,5,45,xgboost,369,82,0,0.3674817681312561,0,0.5
4,5,45,xgboost,381,145,0,0.3807881772518158,0,0.5
4,5,45,xgboost,384,78,0,0.7956551313400269,1,0.5
4,5,45,xgboost,392,120,0,0.4251854121685028,0,0.5
4,5,45,xgboost,394,184,0,0.7522107362747192,1,0.5
4,5,45,xgboost,395,82,0,0.3674817681312561,0,0.5
4,5,45,xgboost,398,115,0,0.2751273512840271,0,0.5
4,5,45,xgboost,400,55,0,0.13564983010292053,0,0.5
4,5,45,xgboost,402,102,0,0.2702830731868744,0,0.5
4,5,45,xgboost,407,57,0,0.2684285044670105,0,0.5
4,5,45,xgboost,409,54,0,0.13559728860855103,0,0.5
4,5,45,xgboost,420,97,0,0.36519965529441833,0,0.5
4,5,45,xgboost,422,89,0,0.34557145833969116,0,0.5
4,5,45,xgboost,423,51,0,0.1177314817905426,0,0.5
4,5,45,xgboost,424,181,0,0.9417988657951355,1,0.5
4,5,45,xgboost,427,161,0,0.3702889084815979,0,0.5
4,5,45,xgboost,435,54,0,0.13559728860855103,0,0.5
4,5,45,xgboost,439,112,0,0.3197707533836365,0,0.5
4,5,45,xgboost,452,46,0,0.1036192774772644,0,0.5
4,5,45,xgboost,468,11,0,0.08780260384082794,0,0.5
4,5,45,xgboost,472,682,1,0.2564097046852112,0,0.5
4,5,45,xgboost,475,154,0,0.46297940611839294,0,0.5
4,5,45,xgboost,485,286,0,0.32495298981666565,0,0.5
4,5,45,xgboost,491,122,0,0.40391919016838074,0,0.5
4,5,45,xgboost,495,405,0,0.2675773799419403,0,0.5
4,5,45,xgboost,514,476,0,0.10181368887424469,0,0.5
4,5,45,xgboost,515,603,0,0.42580825090408325,0,0.5
4,5,45,xgboost,516,174,0,0.3531639873981476,0,0.5
4,5,45,xgboost,525,46,0,0.1036192774772644,0,0.5
4,5,45,xgboost,526,469,0,0.38205310702323914,0,0.5
4,5,45,xgboost,534,93,0,0.30233821272850037,0,0.5
4,5,45,xgboost,537,365,0,0.3476261794567108,0,0.5
4,5,45,xgboost,538,361,0,0.375095009803772,0,0.5
4,5,45,xgboost,547,385,0,0.226047083735466,0,0.5
4,5,45,xgboost,549,662,1,0.09736014157533646,0,0.5
4,5,45,xgboost,550,191,0,0.4545009732246399,0,0.5
4,5,45,xgboost,552,105,0,0.27243006229400635,0,0.5
4,5,45,xgboost,561,208,0,0.5526229739189148,1,0.5
4,5,45,xgboost,562,282,0,0.2742919325828552,0,0.5
4,5,45,xgboost,567,383,0,0.5079168677330017,1,0.5
4,5,45,xgboost,575,54,0,0.13559728860855103,0,0.5
4,5,45,xgboost,577,196,0,0.6170644760131836,1,0.5
4,5,45,xgboost,580,55,0,0.13564983010292053,0,0.5
4,5,45,xgboost,584,562,0,0.32655856013298035,0,0.5
4,5,45,xgboost,586,150,0,0.303379625082016,0,0.5
4,5,45,xgboost,598,54,1,0.13559728860855103,0,0.5
4,5,45,xgboost,599,176,0,0.3429354727268219,0,0.5
4,5,45,xgboost,608,135,0,0.33438631892204285,0,0.5
4,5,45,xgboost,611,311,0,0.2714191973209381,0,0.5
4,5,45,xgboost,616,376,0,0.1637870818376541,0,0.5
4,5,45,xgboost,617,157,0,0.5095627307891846,1,0.5
4,5,45,xgboost,618,130,0,0.47026923298835754,0,0.5
4,5,45,xgboost,621,582,0,0.1209881380200386,0,0.5
4,5,45,xgboost,626,622,0,0.4010167419910431,0,0.5
4,5,45,xgboost,627,280,0,0.3136531412601471,0,0.5
4,5,45,xgboost,628,779,0,0.29931640625,0,0.5
4,5,45,xgboost,631,187,0,0.8162297010421753,1,0.5
4,5,45,xgboost,635,714,0,0.14392824470996857,0,0.5
4,5,45,xgboost,637,493,0,0.15336279571056366,0,0.5
4,5,45,xgboost,643,21,0,0.10995747148990631,0,0.5
4,5,45,xgboost,647,277,0,0.4952205419540405,0,0.5
4,5,45,xgboost,651,788,0,0.10922836512327194,0,0.5
4,5,45,xgboost,653,216,1,0.4429883360862732,0,0.5
4,5,45,xgboost,656,294,0,0.30064964294433594,0,0.5
4,5,45,xgboost,658,85,0,0.217001810669899,0,0.5
4,5,45,xgboost,659,467,0,0.41833731532096863,0,0.5
4,5,45,xgboost,663,310,0,0.4279859662055969,0,0.5
4,5,45,xgboost,667,829,0,0.5304738283157349,1,0.5
4,5,45,xgboost,674,795,0,0.8351501226425171,1,0.5
4,5,45,xgboost,676,828,0,0.35287031531333923,0,0.5
4,5,45,xgboost,680,821,0,0.6041215062141418,1,0.5
4,5,45,xgboost,695,538,0,0.40654999017715454,0,0.5
4,5,45,xgboost,696,138,0,0.3592664897441864,0,0.5
4,5,45,xgboost,698,473,0,0.46376001834869385,0,0.5
4,5,45,xgboost,699,111,0,0.31896042823791504,0,0.5
4,5,45,xgboost,707,231,0,0.6251848936080933,1,0.5
4,5,45,xgboost,714,521,0,0.16375550627708435,0,0.5
4,5,45,xgboost,717,731,0,0.4539165198802948,0,0.5
4,5,45,xgboost,720,427,0,0.31351590156555176,0,0.5
4,5,45,xgboost,722,325,0,0.10093578696250916,0,0.5
4,5,45,xgboost,723,124,0,0.21935488283634186,0,0.5
4,5,45,xgboost,724,554,0,0.09474111348390579,0,0.5
4,5,45,xgboost,737,177,0,0.5195456147193909,1,0.5
4,5,45,xgboost,747,218,0,0.4537619352340698,0,0.5
4,5,45,xgboost,749,541,0,0.3988671898841858,0,0.5
4,5,45,xgboost,750,99,0,0.28677427768707275,0,0.5
4,5,45,xgboost,756,395,0,0.36406856775283813,0,0.5
4,5,45,xgboost,760,44,0,0.387536883354187,0,0.5
4,5,45,xgboost,761,607,0,0.12319915741682053,0,0.5
4,5,45,xgboost,770,357,0,0.16559793055057526,0,0.5
4,5,45,xgboost,775,455,0,0.22862596809864044,0,0.5
4,5,45,xgboost,797,645,1,0.3505985736846924,0,0.5
4,5,45,xgboost,805,668,0,0.08289424329996109,0,0.5
4,5,45,xgboost,811,48,0,0.1487010270357132,0,0.5
4,5,45,xgboost,815,549,0,0.19884805381298065,0,0.5
4,5,45,xgboost,818,700,0,0.33872655034065247,0,0.5
4,5,45,xgboost,819,2,0,0.08314117044210434,0,0.5
4,5,45,xgboost,822,726,0,0.28588610887527466,0,0.5
4,5,45,xgboost,825,794,0,0.2874087691307068,0,0.5
4,5,45,xgboost,830,699,0,0.5346880555152893,1,0.5
4,5,45,xgboost,831,777,0,0.5134822726249695,1,0.5
4,5,45,xgboost,832,561,0,0.22006119787693024,0,0.5
4,5,45,xgboost,835,332,0,0.15411561727523804,0,0.5
4,5,45,xgboost,845,132,0,0.36718130111694336,0,0.5
4,5,45,xgboost,852,800,0,0.2316838800907135,0,0.5
5,1,46,dummy_prior,1,7,0,0.0641399416909621,0,0.5
5,1,46,dummy_prior,8,809,0,0.0641399416909621,0,0.5
5,1,46,dummy_prior,18,792,0,0.0641399416909621,0,0.5
5,1,46,dummy_prior,21,783,0,0.0641399416909621,0,0.5
5,1,46,dummy_prior,22,766,1,0.0641399416909621,0,0.5
5,1,46,dummy_prior,29,745,0,0.0641399416909621,0,0.5
5,1,46,dummy_prior,36,760,0,0.0641399416909621,0,0.5
5,1,46,dummy_prior,39,719,0,0.0641399416909621,0,0.5
5,1,46,dummy_prior,40,746,0,0.0641399416909621,0,0.5
5,1,46,dummy_prior,44,740,1,0.0641399416909621,0,0.5
5,1,46,dummy_prior,62,679,0,0.0641399416909621,0,0.5
5,1,46,dummy_prior,65,736,0,0.0641399416909621,0,0.5
5,1,46,dummy_prior,73,685,0,0.0641399416909621,0,0.5
5,1,46,dummy_prior,82,615,0,0.0641399416909621,0,0.5
5,1,46,dummy_prior,87,703,0,0.0641399416909621,0,0.5
5,1,46,dummy_prior,95,604,0,0.0641399416909621,0,0.5
5,1,46,dummy_prior,99,641,0,0.0641399416909621,0,0.5
5,1,46,dummy_prior,106,577,0,0.0641399416909621,0,0.5
5,1,46,dummy_prior,107,653,0,0.0641399416909621,0,0.5
5,1,46,dummy_prior,110,619,0,0.0641399416909621,0,0.5
5,1,46,dummy_prior,111,626,0,0.0641399416909621,0,0.5
5,1,46,dummy_prior,112,573,0,0.0641399416909621,0,0.5
5,1,46,dummy_prior,123,542,0,0.0641399416909621,0,0.5
5,1,46,dummy_prior,124,571,0,0.0641399416909621,0,0.5
5,1,46,dummy_prior,131,581,1,0.0641399416909621,0,0.5
5,1,46,dummy_prior,133,651,0,0.0641399416909621,0,0.5
5,1,46,dummy_prior,135,465,0,0.0641399416909621,0,0.5
5,1,46,dummy_prior,150,489,0,0.0641399416909621,0,0.5
5,1,46,dummy_prior,154,457,0,0.0641399416909621,0,0.5
5,1,46,dummy_prior,155,507,0,0.0641399416909621,0,0.5
5,1,46,dummy_prior,156,448,0,0.0641399416909621,0,0.5
5,1,46,dummy_prior,163,509,1,0.0641399416909621,0,0.5
5,1,46,dummy_prior,164,546,0,0.0641399416909621,0,0.5
5,1,46,dummy_prior,170,434,0,0.0641399416909621,0,0.5
5,1,46,dummy_prior,175,412,0,0.0641399416909621,0,0.5
5,1,46,dummy_prior,177,468,0,0.0641399416909621,0,0.5
5,1,46,dummy_prior,178,472,0,0.0641399416909621,0,0.5
5,1,46,dummy_prior,180,414,0,0.0641399416909621,0,0.5
5,1,46,dummy_prior,189,380,0,0.0641399416909621,0,0.5
5,1,46,dummy_prior,200,443,0,0.0641399416909621,0,0.5
5,1,46,dummy_prior,202,454,0,0.0641399416909621,0,0.5
5,1,46,dummy_prior,207,437,0,0.0641399416909621,0,0.5
5,1,46,dummy_prior,208,470,0,0.0641399416909621,0,0.5
5,1,46,dummy_prior,211,453,0,0.0641399416909621,0,0.5
5,1,46,dummy_prior,212,431,0,0.0641399416909621,0,0.5
5,1,46,dummy_prior,215,372,0,0.0641399416909621,0,0.5
5,1,46,dummy_prior,217,408,0,0.0641399416909621,0,0.5
5,1,46,dummy_prior,218,503,0,0.0641399416909621,0,0.5
5,1,46,dummy_prior,232,316,0,0.0641399416909621,0,0.5
5,1,46,dummy_prior,236,343,0,0.0641399416909621,0,0.5
5,1,46,dummy_prior,243,402,0,0.0641399416909621,0,0.5
5,1,46,dummy_prior,245,253,0,0.0641399416909621,0,0.5
5,1,46,dummy_prior,248,381,0,0.0641399416909621,0,0.5
5,1,46,dummy_prior,249,270,0,0.0641399416909621,0,0.5
5,1,46,dummy_prior,251,284,0,0.0641399416909621,0,0.5
5,1,46,dummy_prior,253,279,0,0.0641399416909621,0,0.5
5,1,46,dummy_prior,263,296,0,0.0641399416909621,0,0.5
5,1,46,dummy_prior,267,265,0,0.0641399416909621,0,0.5
5,1,46,dummy_prior,272,330,0,0.0641399416909621,0,0.5
5,1,46,dummy_prior,278,267,0,0.0641399416909621,0,0.5
5,1,46,dummy_prior,285,430,0,0.0641399416909621,0,0.5
5,1,46,dummy_prior,289,419,0,0.0641399416909621,0,0.5
5,1,46,dummy_prior,294,288,0,0.0641399416909621,0,0.5
5,1,46,dummy_prior,305,201,0,0.0641399416909621,0,0.5
5,1,46,dummy_prior,316,348,0,0.0641399416909621,0,0.5
5,1,46,dummy_prior,317,170,0,0.0641399416909621,0,0.5
5,1,46,dummy_prior,324,654,0,0.0641399416909621,0,0.5
5,1,46,dummy_prior,326,217,0,0.0641399416909621,0,0.5
5,1,46,dummy_prior,327,173,0,0.0641399416909621,0,0.5
5,1,46,dummy_prior,331,446,0,0.0641399416909621,0,0.5
5,1,46,dummy_prior,333,274,0,0.0641399416909621,0,0.5
5,1,46,dummy_prior,341,121,0,0.0641399416909621,0,0.5
5,1,46,dummy_prior,342,228,0,0.0641399416909621,0,0.5
5,1,46,dummy_prior,351,155,0,0.0641399416909621,0,0.5
5,1,46,dummy_prior,366,143,0,0.0641399416909621,0,0.5
5,1,46,dummy_prior,374,243,0,0.0641399416909621,0,0.5
5,1,46,dummy_prior,381,145,0,0.0641399416909621,0,0.5
5,1,46,dummy_prior,383,134,1,0.0641399416909621,0,0.5
5,1,46,dummy_prior,385,234,0,0.0641399416909621,0,0.5
5,1,46,dummy_prior,391,69,0,0.0641399416909621,0,0.5
5,1,46,dummy_prior,403,64,0,0.0641399416909621,0,0.5
5,1,46,dummy_prior,413,698,0,0.0641399416909621,0,0.5
5,1,46,dummy_prior,417,158,0,0.0641399416909621,0,0.5
5,1,46,dummy_prior,422,89,0,0.0641399416909621,0,0.5
5,1,46,dummy_prior,425,35,0,0.0641399416909621,0,0.5
5,1,46,dummy_prior,432,600,0,0.0641399416909621,0,0.5
5,1,46,dummy_prior,434,192,1,0.0641399416909621,0,0.5
5,1,46,dummy_prior,437,26,0,0.0641399416909621,0,0.5
5,1,46,dummy_prior,440,7,0,0.0641399416909621,0,0.5
5,1,46,dummy_prior,442,26,0,0.0641399416909621,0,0.5
5,1,46,dummy_prior,446,107,0,0.0641399416909621,0,0.5
5,1,46,dummy_prior,452,46,0,0.0641399416909621,0,0.5
5,1,46,dummy_prior,454,7,0,0.0641399416909621,0,0.5
5,1,46,dummy_prior,457,18,0,0.0641399416909621,0,0.5
5,1,46,dummy_prior,458,35,0,0.0641399416909621,0,0.5
5,1,46,dummy_prior,459,3,0,0.0641399416909621,0,0.5
5,1,46,dummy_prior,463,1,0,0.0641399416909621,0,0.5
5,1,46,dummy_prior,465,43,0,0.0641399416909621,0,0.5
5,1,46,dummy_prior,466,7,0,0.0641399416909621,0,0.5
5,1,46,dummy_prior,481,608,0,0.0641399416909621,0,0.5
5,1,46,dummy_prior,484,371,0,0.0641399416909621,0,0.5
5,1,46,dummy_prior,489,151,0,0.0641399416909621,0,0.5
5,1,46,dummy_prior,498,663,0,0.0641399416909621,0,0.5
5,1,46,dummy_prior,515,603,0,0.0641399416909621,0,0.5
5,1,46,dummy_prior,517,514,0,0.0641399416909621,0,0.5
5,1,46,dummy_prior,519,123,0,0.0641399416909621,0,0.5
5,1,46,dummy_prior,524,628,0,0.0641399416909621,0,0.5
5,1,46,dummy_prior,525,46,0,0.0641399416909621,0,0.5
5,1,46,dummy_prior,526,469,0,0.0641399416909621,0,0.5
5,1,46,dummy_prior,531,119,0,0.0641399416909621,0,0.5
5,1,46,dummy_prior,535,275,0,0.0641399416909621,0,0.5
5,1,46,dummy_prior,538,361,0,0.0641399416909621,0,0.5
5,1,46,dummy_prior,539,76,1,0.0641399416909621,0,0.5
5,1,46,dummy_prior,540,188,0,0.0641399416909621,0,0.5
5,1,46,dummy_prior,550,191,0,0.0641399416909621,0,0.5
5,1,46,dummy_prior,565,335,0,0.0641399416909621,0,0.5
5,1,46,dummy_prior,572,373,0,0.0641399416909621,0,0.5
5,1,46,dummy_prior,574,309,0,0.0641399416909621,0,0.5
5,1,46,dummy_prior,577,196,0,0.0641399416909621,0,0.5
5,1,46,dummy_prior,582,198,0,0.0641399416909621,0,0.5
5,1,46,dummy_prior,584,562,0,0.0641399416909621,0,0.5
5,1,46,dummy_prior,588,813,0,0.0641399416909621,0,0.5
5,1,46,dummy_prior,592,321,0,0.0641399416909621,0,0.5
5,1,46,dummy_prior,601,504,0,0.0641399416909621,0,0.5
5,1,46,dummy_prior,602,670,0,0.0641399416909621,0,0.5
5,1,46,dummy_prior,605,183,0,0.0641399416909621,0,0.5
5,1,46,dummy_prior,607,566,0,0.0641399416909621,0,0.5
5,1,46,dummy_prior,608,135,0,0.0641399416909621,0,0.5
5,1,46,dummy_prior,609,416,0,0.0641399416909621,0,0.5
5,1,46,dummy_prior,613,299,0,0.0641399416909621,0,0.5
5,1,46,dummy_prior,615,706,0,0.0641399416909621,0,0.5
5,1,46,dummy_prior,627,280,0,0.0641399416909621,0,0.5
5,1,46,dummy_prior,634,478,0,0.0641399416909621,0,0.5
5,1,46,dummy_prior,637,493,0,0.0641399416909621,0,0.5
5,1,46,dummy_prior,647,277,0,0.0641399416909621,0,0.5
5,1,46,dummy_prior,648,95,0,0.0641399416909621,0,0.5
5,1,46,dummy_prior,652,826,0,0.0641399416909621,0,0.5
5,1,46,dummy_prior,658,85,0,0.0641399416909621,0,0.5
5,1,46,dummy_prior,659,467,0,0.0641399416909621,0,0.5
5,1,46,dummy_prior,661,326,0,0.0641399416909621,0,0.5
5,1,46,dummy_prior,662,502,0,0.0641399416909621,0,0.5
5,1,46,dummy_prior,663,310,0,0.0641399416909621,0,0.5
5,1,46,dummy_prior,673,819,1,0.0641399416909621,0,0.5
5,1,46,dummy_prior,693,98,1,0.0641399416909621,0,0.5
5,1,46,dummy_prior,694,486,0,0.0641399416909621,0,0.5
5,1,46,dummy_prior,698,473,0,0.0641399416909621,0,0.5
5,1,46,dummy_prior,704,781,0,0.0641399416909621,0,0.5
5,1,46,dummy_prior,710,449,0,0.0641399416909621,0,0.5
5,1,46,dummy_prior,713,31,0,0.0641399416909621,0,0.5
5,1,46,dummy_prior,719,769,0,0.0641399416909621,0,0.5
5,1,46,dummy_prior,722,325,0,0.0641399416909621,0,0.5
5,1,46,dummy_prior,724,554,0,0.0641399416909621,0,0.5
5,1,46,dummy_prior,725,214,0,0.0641399416909621,0,0.5
5,1,46,dummy_prior,733,587,0,0.0641399416909621,0,0.5
5,1,46,dummy_prior,750,99,0,0.0641399416909621,0,0.5
5,1,46,dummy_prior,764,281,0,0.0641399416909621,0,0.5
5,1,46,dummy_prior,765,398,0,0.0641399416909621,0,0.5
5,1,46,dummy_prior,766,206,0,0.0641399416909621,0,0.5
5,1,46,dummy_prior,767,12,0,0.0641399416909621,0,0.5
5,1,46,dummy_prior,773,23,0,0.0641399416909621,0,0.5
5,1,46,dummy_prior,779,656,0,0.0641399416909621,0,0.5
5,1,46,dummy_prior,783,84,0,0.0641399416909621,0,0.5
5,1,46,dummy_prior,786,401,1,0.0641399416909621,0,0.5
5,1,46,dummy_prior,796,605,0,0.0641399416909621,0,0.5
5,1,46,dummy_prior,808,544,0,0.0641399416909621,0,0.5
5,1,46,dummy_prior,811,48,0,0.0641399416909621,0,0.5
5,1,46,dummy_prior,814,22,1,0.0641399416909621,0,0.5
5,1,46,dummy_prior,824,720,0,0.0641399416909621,0,0.5
5,1,46,dummy_prior,828,634,0,0.0641399416909621,0,0.5
5,1,46,dummy_prior,838,694,0,0.0641399416909621,0,0.5
5,1,46,dummy_prior,855,377,0,0.0641399416909621,0,0.5
5,1,46,dummy_prior,856,635,0,0.0641399416909621,0,0.5
5,1,46,logistic_regression,1,7,0,0.4479105442514269,0,0.5
5,1,46,logistic_regression,8,809,0,0.4888407688952155,0,0.5
5,1,46,logistic_regression,18,792,0,0.9405987482952631,1,0.5
5,1,46,logistic_regression,21,783,0,0.0003522148808946892,0,0.5
5,1,46,logistic_regression,22,766,1,0.4573286430947763,0,0.5
5,1,46,logistic_regression,29,745,0,0.37464730091845366,0,0.5
5,1,46,logistic_regression,36,760,0,0.331670009486412,0,0.5
5,1,46,logistic_regression,39,719,0,0.3924763116126627,0,0.5
5,1,46,logistic_regression,40,746,0,0.47610297410410346,0,0.5
5,1,46,logistic_regression,44,740,1,0.738592881002541,1,0.5
5,1,46,logistic_regression,62,679,0,0.4662877821428867,0,0.5
5,1,46,logistic_regression,65,736,0,0.5532691181428585,1,0.5
5,1,46,logistic_regression,73,685,0,0.37865930726293945,0,0.5
5,1,46,logistic_regression,82,615,0,0.46912324882374673,0,0.5
5,1,46,logistic_regression,87,703,0,0.5884630854468129,1,0.5
5,1,46,logistic_regression,95,604,0,0.2979206449609798,0,0.5
5,1,46,logistic_regression,99,641,0,0.5697285736639932,1,0.5
5,1,46,logistic_regression,106,577,0,0.6685914604520239,1,0.5
5,1,46,logistic_regression,107,653,0,0.3590463476763998,0,0.5
5,1,46,logistic_regression,110,619,0,0.5107732206172153,1,0.5
5,1,46,logistic_regression,111,626,0,0.31689502903266126,0,0.5
5,1,46,logistic_regression,112,573,0,0.7647383829377206,1,0.5
5,1,46,logistic_regression,123,542,0,0.59153070839263,1,0.5
5,1,46,logistic_regression,124,571,0,0.6877603397076849,1,0.5
5,1,46,logistic_regression,131,581,1,0.9037714466452995,1,0.5
5,1,46,logistic_regression,133,651,0,0.355569348611437,0,0.5
5,1,46,logistic_regression,135,465,0,0.6074908618725098,1,0.5
5,1,46,logistic_regression,150,489,0,0.4074048670343504,0,0.5
5,1,46,logistic_regression,154,457,0,0.47941748940030515,0,0.5
5,1,46,logistic_regression,155,507,0,0.5083663369829383,1,0.5
5,1,46,logistic_regression,156,448,0,0.5077121551800056,1,0.5
5,1,46,logistic_regression,163,509,1,0.3837546864479046,0,0.5
5,1,46,logistic_regression,164,546,0,0.34454557089322957,0,0.5
5,1,46,logistic_regression,170,434,0,0.00012392370299568113,0,0.5
5,1,46,logistic_regression,175,412,0,0.38861651706433925,0,0.5
5,1,46,logistic_regression,177,468,0,0.37701627146710565,0,0.5
5,1,46,logistic_regression,178,472,0,0.3435831801405519,0,0.5
5,1,46,logistic_regression,180,414,0,0.49000821330852457,0,0.5
5,1,46,logistic_regression,189,380,0,0.47972508466597374,0,0.5
5,1,46,logistic_regression,200,443,0,0.4538221368835819,0,0.5
5,1,46,logistic_regression,202,454,0,1.8576918788957888e-06,0,0.5
5,1,46,logistic_regression,207,437,0,0.3547164437548098,0,0.5
5,1,46,logistic_regression,208,470,0,0.2998616641537896,0,0.5
5,1,46,logistic_regression,211,453,0,0.5682023922284893,1,0.5
5,1,46,logistic_regression,212,431,0,0.8131595743564481,1,0.5
5,1,46,logistic_regression,215,372,0,0.3965785016049479,0,0.5
5,1,46,logistic_regression,217,408,0,0.41968711785609125,0,0.5
5,1,46,logistic_regression,218,503,0,0.3687573019129634,0,0.5
5,1,46,logistic_regression,232,316,0,0.33593350278325035,0,0.5
5,1,46,logistic_regression,236,343,0,0.8703264577898865,1,0.5
5,1,46,logistic_regression,243,402,0,0.3226207102180976,0,0.5
5,1,46,logistic_regression,245,253,0,0.3815710934354583,0,0.5
5,1,46,logistic_regression,248,381,0,0.5413595483731158,1,0.5
5,1,46,logistic_regression,249,270,0,0.27251682441268144,0,0.5
5,1,46,logistic_regression,251,284,0,0.342132475243656,0,0.5
5,1,46,logistic_regression,253,279,0,0.4492545890464933,0,0.5
5,1,46,logistic_regression,263,296,0,0.37337720199421415,0,0.5
5,1,46,logistic_regression,267,265,0,0.36073308101777896,0,0.5
5,1,46,logistic_regression,272,330,0,0.3403854063199978,0,0.5
5,1,46,logistic_regression,278,267,0,0.49289703011137853,0,0.5
5,1,46,logistic_regression,285,430,0,0.42565258417339463,0,0.5
5,1,46,logistic_regression,289,419,0,0.3692821485940035,0,0.5
5,1,46,logistic_regression,294,288,0,0.49095723056470214,0,0.5
5,1,46,logistic_regression,305,201,0,0.44388790716178106,0,0.5
5,1,46,logistic_regression,316,348,0,0.3369066142788792,0,0.5
5,1,46,logistic_regression,317,170,0,0.36715770041507084,0,0.5
5,1,46,logistic_regression,324,654,0,0.39739789341434417,0,0.5
5,1,46,logistic_regression,326,217,0,0.33813092589843413,0,0.5
5,1,46,logistic_regression,327,173,0,0.44060266995388525,0,0.5
5,1,46,logistic_regression,331,446,0,0.5343653917569781,1,0.5
5,1,46,logistic_regression,333,274,0,0.5123894454812341,1,0.5
5,1,46,logistic_regression,341,121,0,0.3270912295357318,0,0.5
5,1,46,logistic_regression,342,228,0,0.3186011115818723,0,0.5
5,1,46,logistic_regression,351,155,0,0.4269077455174506,0,0.5
5,1,46,logistic_regression,366,143,0,0.304995771713285,0,0.5
5,1,46,logistic_regression,374,243,0,0.00017996241502009377,0,0.5
5,1,46,logistic_regression,381,145,0,0.3276376109560666,0,0.5
5,1,46,logistic_regression,383,134,1,0.3481051503645789,0,0.5
5,1,46,logistic_regression,385,234,0,0.33845426813457796,0,0.5
5,1,46,logistic_regression,391,69,0,0.3362497042648599,0,0.5
5,1,46,logistic_regression,403,64,0,0.4501933372964379,0,0.5
5,1,46,logistic_regression,413,698,0,0.5376727070813903,1,0.5
5,1,46,logistic_regression,417,158,0,0.3544705060587373,0,0.5
5,1,46,logistic_regression,422,89,0,0.31153948082864935,0,0.5
5,1,46,logistic_regression,425,35,0,0.4559680888394656,0,0.5
5,1,46,logistic_regression,432,600,0,0.6186724582606886,1,0.5
5,1,46,logistic_regression,434,192,1,0.3421741532328073,0,0.5
5,1,46,logistic_regression,437,26,0,0.4578965782414231,0,0.5
5,1,46,logistic_regression,440,7,0,0.4479105442514269,0,0.5
5,1,46,logistic_regression,442,26,0,0.4578965782414231,0,0.5
5,1,46,logistic_regression,446,107,0,0.4863879946039003,0,0.5
5,1,46,logistic_regression,452,46,0,0.33396524456394416,0,0.5
5,1,46,logistic_regression,454,7,0,0.4479105442514269,0,0.5
5,1,46,logistic_regression,457,18,0,0.3006030915655023,0,0.5
5,1,46,logistic_regression,458,35,0,0.4559680888394656,0,0.5
5,1,46,logistic_regression,459,3,0,0.4498305599890254,0,0.5
5,1,46,logistic_regression,463,1,0,0.4701049132375754,0,0.5
5,1,46,logistic_regression,465,43,0,0.47240662374656567,0,0.5
5,1,46,logistic_regression,466,7,0,0.4479105442514269,0,0.5
5,1,46,logistic_regression,481,608,0,0.4580464944693647,0,0.5
5,1,46,logistic_regression,484,371,0,0.464783087820214,0,0.5
5,1,46,logistic_regression,489,151,0,0.31378199602437373,0,0.5
5,1,46,logistic_regression,498,663,0,0.8874971549978421,1,0.5
5,1,46,logistic_regression,515,603,0,0.33101591062931923,0,0.5
5,1,46,logistic_regression,517,514,0,0.48009352788327464,0,0.5
5,1,46,logistic_regression,519,123,0,0.3821780407104205,0,0.5
5,1,46,logistic_regression,524,628,0,0.4551811764947789,0,0.5
5,1,46,logistic_regression,525,46,0,0.33396524456394416,0,0.5
5,1,46,logistic_regression,526,469,0,0.5363217346102986,1,0.5
5,1,46,logistic_regression,531,119,0,0.4145895001148304,0,0.5
5,1,46,logistic_regression,535,275,0,0.47251623834526413,0,0.5
5,1,46,logistic_regression,538,361,0,0.3382664407238174,0,0.5
5,1,46,logistic_regression,539,76,1,0.6476290399297271,1,0.5
5,1,46,logistic_regression,540,188,0,0.4524808050918563,0,0.5
5,1,46,logistic_regression,550,191,0,0.3886483243072118,0,0.5
5,1,46,logistic_regression,565,335,0,0.4547728597618181,0,0.5
5,1,46,logistic_regression,572,373,0,0.5102731107386524,1,0.5
5,1,46,logistic_regression,574,309,0,0.3963922540251239,0,0.5
5,1,46,logistic_regression,577,196,0,0.4230913718739856,0,0.5
5,1,46,logistic_regression,582,198,0,0.4535019902045429,0,0.5
5,1,46,logistic_regression,584,562,0,0.44360666275137384,0,0.5
5,1,46,logistic_regression,588,813,0,0.32098970332098203,0,0.5
5,1,46,logistic_regression,592,321,0,0.4451145602376263,0,0.5
5,1,46,logistic_regression,601,504,0,0.49699160148490046,0,0.5
5,1,46,logistic_regression,602,670,0,0.4410734432623857,0,0.5
5,1,46,logistic_regression,605,183,0,0.38988818001616515,0,0.5
5,1,46,logistic_regression,607,566,0,0.4565756283452565,0,0.5
5,1,46,logistic_regression,608,135,0,0.3672758510509701,0,0.5
5,1,46,logistic_regression,609,416,0,0.415433424040212,0,0.5
5,1,46,logistic_regression,613,299,0,0.0010918928062008588,0,0.5
5,1,46,logistic_regression,615,706,0,0.824201482361585,1,0.5
5,1,46,logistic_regression,627,280,0,0.467589915947722,0,0.5
5,1,46,logistic_regression,634,478,0,0.4981329882656439,0,0.5
5,1,46,logistic_regression,637,493,0,0.6022049004832684,1,0.5
5,1,46,logistic_regression,647,277,0,0.4988219270269465,0,0.5
5,1,46,logistic_regression,648,95,0,0.026914760320976637,0,0.5
5,1,46,logistic_regression,652,826,0,0.38476235267944037,0,0.5
5,1,46,logistic_regression,658,85,0,0.3341041560735001,0,0.5
5,1,46,logistic_regression,659,467,0,0.32638766928355595,0,0.5
5,1,46,logistic_regression,661,326,0,0.3003863567634483,0,0.5
5,1,46,logistic_regression,662,502,0,0.46313975380913475,0,0.5
5,1,46,logistic_regression,663,310,0,0.5074779173187498,1,0.5
5,1,46,logistic_regression,673,819,1,0.6538850837139092,1,0.5
5,1,46,logistic_regression,693,98,1,0.4944706454796561,0,0.5
5,1,46,logistic_regression,694,486,0,0.42821960481590765,0,0.5
5,1,46,logistic_regression,698,473,0,0.4419397757108586,0,0.5
5,1,46,logistic_regression,704,781,0,0.3983736314138004,0,0.5
5,1,46,logistic_regression,710,449,0,0.4115369378655859,0,0.5
5,1,46,logistic_regression,713,31,0,0.4717856321319029,0,0.5
5,1,46,logistic_regression,719,769,0,0.8073086274377324,1,0.5
5,1,46,logistic_regression,722,325,0,0.5392764709737946,1,0.5
5,1,46,logistic_regression,724,554,0,0.37160460747041074,0,0.5
5,1,46,logistic_regression,725,214,0,0.4648238057388962,0,0.5
5,1,46,logistic_regression,733,587,0,0.4320280667138479,0,0.5
5,1,46,logistic_regression,750,99,0,0.4189477798460695,0,0.5
5,1,46,logistic_regression,764,281,0,0.48886082508496226,0,0.5
5,1,46,logistic_regression,765,398,0,0.40824938316596127,0,0.5
5,1,46,logistic_regression,766,206,0,0.4114279180411956,0,0.5
5,1,46,logistic_regression,767,12,0,0.3026904579849622,0,0.5
5,1,46,logistic_regression,773,23,0,0.3168211192965399,0,0.5
5,1,46,logistic_regression,779,656,0,0.5648740931465942,1,0.5
5,1,46,logistic_regression,783,84,0,0.35567958521813775,0,0.5
5,1,46,logistic_regression,786,401,1,0.06543108226091413,0,0.5
5,1,46,logistic_regression,796,605,0,0.3549817562135524,0,0.5
5,1,46,logistic_regression,808,544,0,0.4108415232977777,0,0.5
5,1,46,logistic_regression,811,48,0,0.343594956615782,0,0.5
5,1,46,logistic_regression,814,22,1,0.30277170569061895,0,0.5
5,1,46,logistic_regression,824,720,0,0.5638125753074807,1,0.5
5,1,46,logistic_regression,828,634,0,0.45524796891364105,0,0.5
5,1,46,logistic_regression,838,694,0,0.45750679555514656,0,0.5
5,1,46,logistic_regression,855,377,0,0.290650699946291,0,0.5
5,1,46,logistic_regression,856,635,0,0.3827443769898431,0,0.5
5,1,46,xgboost,1,7,0,0.020329879596829414,0,0.5
5,1,46,xgboost,8,809,0,0.037896495312452316,0,0.5
5,1,46,xgboost,18,792,0,0.06992138922214508,0,0.5
5,1,46,xgboost,21,783,0,0.3377484083175659,0,0.5
5,1,46,xgboost,22,766,1,0.3918602168560028,0,0.5
5,1,46,xgboost,29,745,0,0.014633893966674805,0,0.5
5,1,46,xgboost,36,760,0,0.3130333721637726,0,0.5
5,1,46,xgboost,39,719,0,0.09868305921554565,0,0.5
5,1,46,xgboost,40,746,0,0.21094827353954315,0,0.5
5,1,46,xgboost,44,740,1,0.32227715849876404,0,0.5
5,1,46,xgboost,62,679,0,0.051432982087135315,0,0.5
5,1,46,xgboost,65,736,0,0.3903702199459076,0,0.5
5,1,46,xgboost,73,685,0,0.18969957530498505,0,0.5
5,1,46,xgboost,82,615,0,0.22870473563671112,0,0.5
5,1,46,xgboost,87,703,0,0.7283701300621033,1,0.5
5,1,46,xgboost,95,604,0,0.1634189933538437,0,0.5
5,1,46,xgboost,99,641,0,0.628243088722229,1,0.5
5,1,46,xgboost,106,577,0,0.24122180044651031,0,0.5
5,1,46,xgboost,107,653,0,0.06084093451499939,0,0.5
5,1,46,xgboost,110,619,0,0.07034251093864441,0,0.5
5,1,46,xgboost,111,626,0,0.12307952344417572,0,0.5
5,1,46,xgboost,112,573,0,0.4321015477180481,0,0.5
5,1,46,xgboost,123,542,0,0.17008739709854126,0,0.5
5,1,46,xgboost,124,571,0,0.5784516930580139,1,0.5
5,1,46,xgboost,131,581,1,0.510392963886261,1,0.5
5,1,46,xgboost,133,651,0,0.30152758955955505,0,0.5
5,1,46,xgboost,135,465,0,0.29630619287490845,0,0.5
5,1,46,xgboost,150,489,0,0.3954468369483948,0,0.5
5,1,46,xgboost,154,457,0,0.18523001670837402,0,0.5
5,1,46,xgboost,155,507,0,0.4187983572483063,0,0.5
5,1,46,xgboost,156,448,0,0.11882243305444717,0,0.5
5,1,46,xgboost,163,509,1,0.14286193251609802,0,0.5
5,1,46,xgboost,164,546,0,0.45392653346061707,0,0.5
5,1,46,xgboost,170,434,0,0.6226705312728882,1,0.5
5,1,46,xgboost,175,412,0,0.4958569407463074,0,0.5
5,1,46,xgboost,177,468,0,0.19984078407287598,0,0.5
5,1,46,xgboost,178,472,0,0.3109871447086334,0,0.5
5,1,46,xgboost,180,414,0,0.13687707483768463,0,0.5
5,1,46,xgboost,189,380,0,0.12775449454784393,0,0.5
5,1,46,xgboost,200,443,0,0.33368363976478577,0,0.5
5,1,46,xgboost,202,454,0,0.2760465741157532,0,0.5
5,1,46,xgboost,207,437,0,0.34108152985572815,0,0.5
5,1,46,xgboost,208,470,0,0.17848806083202362,0,0.5
5,1,46,xgboost,211,453,0,0.05484052002429962,0,0.5
5,1,46,xgboost,212,431,0,0.5963248610496521,1,0.5
5,1,46,xgboost,215,372,0,0.06373286247253418,0,0.5
5,1,46,xgboost,217,408,0,0.16604512929916382,0,0.5
5,1,46,xgboost,218,503,0,0.6527769565582275,1,0.5
5,1,46,xgboost,232,316,0,0.22351740300655365,0,0.5
5,1,46,xgboost,236,343,0,0.18680380284786224,0,0.5
5,1,46,xgboost,243,402,0,0.08473470062017441,0,0.5
5,1,46,xgboost,245,253,0,0.46927911043167114,0,0.5
5,1,46,xgboost,248,381,0,0.12411554157733917,0,0.5
5,1,46,xgboost,249,270,0,0.3827061057090759,0,0.5
5,1,46,xgboost,251,284,0,0.3749077320098877,0,0.5
5,1,46,xgboost,253,279,0,0.1345362365245819,0,0.5
5,1,46,xgboost,263,296,0,0.01807619072496891,0,0.5
5,1,46,xgboost,267,265,0,0.5400101542472839,1,0.5
5,1,46,xgboost,272,330,0,0.2502841055393219,0,0.5
5,1,46,xgboost,278,267,0,0.6420523524284363,1,0.5
5,1,46,xgboost,285,430,0,0.05745363235473633,0,0.5
5,1,46,xgboost,289,419,0,0.4620661735534668,0,0.5
5,1,46,xgboost,294,288,0,0.25548240542411804,0,0.5
5,1,46,xgboost,305,201,0,0.2198580652475357,0,0.5
5,1,46,xgboost,316,348,0,0.2819129228591919,0,0.5
5,1,46,xgboost,317,170,0,0.21883736550807953,0,0.5
5,1,46,xgboost,324,654,0,0.25321802496910095,0,0.5
5,1,46,xgboost,326,217,0,0.5882195234298706,1,0.5
5,1,46,xgboost,327,173,0,0.5365074276924133,1,0.5
5,1,46,xgboost,331,446,0,0.12565810978412628,0,0.5
5,1,46,xgboost,333,274,0,0.5391457676887512,1,0.5
5,1,46,xgboost,341,121,0,0.16791555285453796,0,0.5
5,1,46,xgboost,342,228,0,0.45659971237182617,0,0.5
5,1,46,xgboost,351,155,0,0.1322077065706253,0,0.5
5,1,46,xgboost,366,143,0,0.26665228605270386,0,0.5
5,1,46,xgboost,374,243,0,0.13686436414718628,0,0.5
5,1,46,xgboost,381,145,0,0.1389828771352768,0,0.5
5,1,46,xgboost,383,134,1,0.1594819277524948,0,0.5
5,1,46,xgboost,385,234,0,0.23953191936016083,0,0.5
5,1,46,xgboost,391,69,0,0.08214835822582245,0,0.5
5,1,46,xgboost,403,64,0,0.28261274099349976,0,0.5
5,1,46,xgboost,413,698,0,0.06993786990642548,0,0.5
5,1,46,xgboost,417,158,0,0.19638200104236603,0,0.5
5,1,46,xgboost,422,89,0,0.04466396942734718,0,0.5
5,1,46,xgboost,425,35,0,0.2693236768245697,0,0.5
5,1,46,xgboost,432,600,0,0.24825429916381836,0,0.5
5,1,46,xgboost,434,192,1,0.3422893285751343,0,0.5
5,1,46,xgboost,437,26,0,0.08454831689596176,0,0.5
5,1,46,xgboost,440,7,0,0.020329879596829414,0,0.5
5,1,46,xgboost,442,26,0,0.08454831689596176,0,0.5
5,1,46,xgboost,446,107,0,0.03867840766906738,0,0.5
5,1,46,xgboost,452,46,0,0.08847789466381073,0,0.5
5,1,46,xgboost,454,7,0,0.020329879596829414,0,0.5
5,1,46,xgboost,457,18,0,0.015610267408192158,0,0.5
5,1,46,xgboost,458,35,0,0.2693236768245697,0,0.5
5,1,46,xgboost,459,3,0,0.07230085134506226,0,0.5
5,1,46,xgboost,463,1,0,0.011992990970611572,0,0.5
5,1,46,xgboost,465,43,0,0.06140416860580444,0,0.5
5,1,46,xgboost,466,7,0,0.020329879596829414,0,0.5
5,1,46,xgboost,481,608,0,0.5148343443870544,1,0.5
5,1,46,xgboost,484,371,0,0.16940192878246307,0,0.5
5,1,46,xgboost,489,151,0,0.03899059444665909,0,0.5
5,1,46,xgboost,498,663,0,0.34582480788230896,0,0.5
5,1,46,xgboost,515,603,0,0.2864372134208679,0,0.5
5,1,46,xgboost,517,514,0,0.42724043130874634,0,0.5
5,1,46,xgboost,519,123,0,0.3838721811771393,0,0.5
5,1,46,xgboost,524,628,0,0.629037618637085,1,0.5
5,1,46,xgboost,525,46,0,0.08847789466381073,0,0.5
5,1,46,xgboost,526,469,0,0.39538463950157166,0,0.5
5,1,46,xgboost,531,119,0,0.21506112813949585,0,0.5
5,1,46,xgboost,535,275,0,0.7259319424629211,1,0.5
5,1,46,xgboost,538,361,0,0.4781043231487274,0,0.5
5,1,46,xgboost,539,76,1,0.04451702535152435,0,0.5
5,1,46,xgboost,540,188,0,0.3791249394416809,0,0.5
5,1,46,xgboost,550,191,0,0.1857081949710846,0,0.5
5,1,46,xgboost,565,335,0,0.17751795053482056,0,0.5
5,1,46,xgboost,572,373,0,0.026440151035785675,0,0.5
5,1,46,xgboost,574,309,0,0.1598634272813797,0,0.5
5,1,46,xgboost,577,196,0,0.21894125640392303,0,0.5
5,1,46,xgboost,582,198,0,0.17899927496910095,0,0.5
5,1,46,xgboost,584,562,0,0.2723786532878876,0,0.5
5,1,46,xgboost,588,813,0,0.03870062902569771,0,0.5
5,1,46,xgboost,592,321,0,0.19802528619766235,0,0.5
5,1,46,xgboost,601,504,0,0.3264356851577759,0,0.5
5,1,46,xgboost,602,670,0,0.19321809709072113,0,0.5
5,1,46,xgboost,605,183,0,0.2954568862915039,0,0.5
5,1,46,xgboost,607,566,0,0.14341062307357788,0,0.5
5,1,46,xgboost,608,135,0,0.1635959893465042,0,0.5
5,1,46,xgboost,609,416,0,0.3337521255016327,0,0.5
5,1,46,xgboost,613,299,0,0.31412985920906067,0,0.5
5,1,46,xgboost,615,706,0,0.08701777458190918,0,0.5
5,1,46,xgboost,627,280,0,0.1283864825963974,0,0.5
5,1,46,xgboost,634,478,0,0.3774060010910034,0,0.5
5,1,46,xgboost,637,493,0,0.09769801795482635,0,0.5
5,1,46,xgboost,647,277,0,0.34387144446372986,0,0.5
5,1,46,xgboost,648,95,0,0.17167627811431885,0,0.5
5,1,46,xgboost,652,826,0,0.13793936371803284,0,0.5
5,1,46,xgboost,658,85,0,0.02055533602833748,0,0.5
5,1,46,xgboost,659,467,0,0.30411553382873535,0,0.5
5,1,46,xgboost,661,326,0,0.15504767000675201,0,0.5
5,1,46,xgboost,662,502,0,0.19083282351493835,0,0.5
5,1,46,xgboost,663,310,0,0.44327041506767273,0,0.5
5,1,46,xgboost,673,819,1,0.37658774852752686,0,0.5
5,1,46,xgboost,693,98,1,0.12303417921066284,0,0.5
5,1,46,xgboost,694,486,0,0.5681207180023193,1,0.5
5,1,46,xgboost,698,473,0,0.39497119188308716,0,0.5
5,1,46,xgboost,704,781,0,0.23559851944446564,0,0.5
5,1,46,xgboost,710,449,0,0.2826724648475647,0,0.5
5,1,46,xgboost,713,31,0,0.07434993237257004,0,0.5
5,1,46,xgboost,719,769,0,0.7408102750778198,1,0.5
5,1,46,xgboost,722,325,0,0.05913987383246422,0,0.5
5,1,46,xgboost,724,554,0,0.12946918606758118,0,0.5
5,1,46,xgboost,725,214,0,0.5969560742378235,1,0.5
5,1,46,xgboost,733,587,0,0.3050307333469391,0,0.5
5,1,46,xgboost,750,99,0,0.03579835966229439,0,0.5
5,1,46,xgboost,764,281,0,0.05798272043466568,0,0.5
5,1,46,xgboost,765,398,0,0.1900802105665207,0,0.5
5,1,46,xgboost,766,206,0,0.1462814062833786,0,0.5
5,1,46,xgboost,767,12,0,0.028047876432538033,0,0.5
5,1,46,xgboost,773,23,0,0.010148487985134125,0,0.5
5,1,46,xgboost,779,656,0,0.4585783779621124,0,0.5
5,1,46,xgboost,783,84,0,0.10934479534626007,0,0.5
5,1,46,xgboost,786,401,1,0.1123187318444252,0,0.5
5,1,46,xgboost,796,605,0,0.03100147470831871,0,0.5
5,1,46,xgboost,808,544,0,0.19809970259666443,0,0.5
5,1,46,xgboost,811,48,0,0.04906533658504486,0,0.5
5,1,46,xgboost,814,22,1,0.011022679507732391,0,0.5
5,1,46,xgboost,824,720,0,0.10532083362340927,0,0.5
5,1,46,xgboost,828,634,0,0.08853848278522491,0,0.5
5,1,46,xgboost,838,694,0,0.27800628542900085,0,0.5
5,1,46,xgboost,855,377,0,0.27099543809890747,0,0.5
5,1,46,xgboost,856,635,0,0.27246275544166565,0,0.5
5,2,46,dummy_prior,0,109,0,0.0641399416909621,0,0.5
5,2,46,dummy_prior,5,796,0,0.0641399416909621,0,0.5
5,2,46,dummy_prior,9,804,0,0.0641399416909621,0,0.5
5,2,46,dummy_prior,10,807,0,0.0641399416909621,0,0.5
5,2,46,dummy_prior,13,803,0,0.0641399416909621,0,0.5
5,2,46,dummy_prior,19,773,0,0.0641399416909621,0,0.5
5,2,46,dummy_prior,26,765,0,0.0641399416909621,0,0.5
5,2,46,dummy_prior,27,759,0,0.0641399416909621,0,0.5
5,2,46,dummy_prior,30,782,0,0.0641399416909621,0,0.5
5,2,46,dummy_prior,33,734,0,0.0641399416909621,0,0.5
5,2,46,dummy_prior,42,724,0,0.0641399416909621,0,0.5
5,2,46,dummy_prior,43,723,0,0.0641399416909621,0,0.5
5,2,46,dummy_prior,51,715,0,0.0641399416909621,0,0.5
5,2,46,dummy_prior,59,692,0,0.0641399416909621,0,0.5
5,2,46,dummy_prior,64,750,1,0.0641399416909621,0,0.5
5,2,46,dummy_prior,67,728,0,0.0641399416909621,0,0.5
5,2,46,dummy_prior,68,696,0,0.0641399416909621,0,0.5
5,2,46,dummy_prior,72,664,0,0.0641399416909621,0,0.5
5,2,46,dummy_prior,75,686,0,0.0641399416909621,0,0.5
5,2,46,dummy_prior,79,684,0,0.0641399416909621,0,0.5
5,2,46,dummy_prior,80,630,0,0.0641399416909621,0,0.5
5,2,46,dummy_prior,84,713,0,0.0641399416909621,0,0.5
5,2,46,dummy_prior,85,657,0,0.0641399416909621,0,0.5
5,2,46,dummy_prior,89,632,0,0.0641399416909621,0,0.5
5,2,46,dummy_prior,92,649,0,0.0641399416909621,0,0.5
5,2,46,dummy_prior,94,637,0,0.0641399416909621,0,0.5
5,2,46,dummy_prior,113,328,0,0.0641399416909621,0,0.5
5,2,46,dummy_prior,117,570,0,0.0641399416909621,0,0.5
5,2,46,dummy_prior,119,498,0,0.0641399416909621,0,0.5
5,2,46,dummy_prior,125,596,0,0.0641399416909621,0,0.5
5,2,46,dummy_prior,126,588,0,0.0641399416909621,0,0.5
5,2,46,dummy_prior,146,576,0,0.0641399416909621,0,0.5
5,2,46,dummy_prior,153,423,0,0.0641399416909621,0,0.5
5,2,46,dummy_prior,166,515,0,0.0641399416909621,0,0.5
5,2,46,dummy_prior,176,452,0,0.0641399416909621,0,0.5
5,2,46,dummy_prior,185,488,1,0.0641399416909621,0,0.5
5,2,46,dummy_prior,186,404,0,0.0641399416909621,0,0.5
5,2,46,dummy_prior,187,501,0,0.0641399416909621,0,0.5
5,2,46,dummy_prior,191,527,0,0.0641399416909621,0,0.5
5,2,46,dummy_prior,193,445,0,0.0641399416909621,0,0.5
5,2,46,dummy_prior,194,397,0,0.0641399416909621,0,0.5
5,2,46,dummy_prior,195,429,0,0.0641399416909621,0,0.5
5,2,46,dummy_prior,198,447,0,0.0641399416909621,0,0.5
5,2,46,dummy_prior,203,494,1,0.0641399416909621,0,0.5
5,2,46,dummy_prior,214,550,1,0.0641399416909621,0,0.5
5,2,46,dummy_prior,216,531,1,0.0641399416909621,0,0.5
5,2,46,dummy_prior,222,552,0,0.0641399416909621,0,0.5
5,2,46,dummy_prior,225,511,0,0.0641399416909621,0,0.5
5,2,46,dummy_prior,227,394,0,0.0641399416909621,0,0.5
5,2,46,dummy_prior,228,585,0,0.0641399416909621,0,0.5
5,2,46,dummy_prior,240,334,0,0.0641399416909621,0,0.5
5,2,46,dummy_prior,242,555,0,0.0641399416909621,0,0.5
5,2,46,dummy_prior,244,391,0,0.0641399416909621,0,0.5
5,2,46,dummy_prior,254,390,0,0.0641399416909621,0,0.5
5,2,46,dummy_prior,265,247,0,0.0641399416909621,0,0.5
5,2,46,dummy_prior,269,410,0,0.0641399416909621,0,0.5
5,2,46,dummy_prior,276,241,0,0.0641399416909621,0,0.5
5,2,46,dummy_prior,277,168,0,0.0641399416909621,0,0.5
5,2,46,dummy_prior,280,303,0,0.0641399416909621,0,0.5
5,2,46,dummy_prior,281,238,0,0.0641399416909621,0,0.5
5,2,46,dummy_prior,284,252,0,0.0641399416909621,0,0.5
5,2,46,dummy_prior,286,240,0,0.0641399416909621,0,0.5
5,2,46,dummy_prior,292,264,0,0.0641399416909621,0,0.5
5,2,46,dummy_prior,293,221,0,0.0641399416909621,0,0.5
5,2,46,dummy_prior,306,436,0,0.0641399416909621,0,0.5
5,2,46,dummy_prior,311,368,0,0.0641399416909621,0,0.5
5,2,46,dummy_prior,319,293,0,0.0641399416909621,0,0.5
5,2,46,dummy_prior,322,180,0,0.0641399416909621,0,0.5
5,2,46,dummy_prior,328,197,0,0.0641399416909621,0,0.5
5,2,46,dummy_prior,332,583,0,0.0641399416909621,0,0.5
5,2,46,dummy_prior,335,525,1,0.0641399416909621,0,0.5
5,2,46,dummy_prior,343,159,0,0.0641399416909621,0,0.5
5,2,46,dummy_prior,349,235,0,0.0641399416909621,0,0.5
5,2,46,dummy_prior,354,811,0,0.0641399416909621,0,0.5
5,2,46,dummy_prior,355,140,0,0.0641399416909621,0,0.5
5,2,46,dummy_prior,358,212,0,0.0641399416909621,0,0.5
5,2,46,dummy_prior,359,733,0,0.0641399416909621,0,0.5
5,2,46,dummy_prior,362,160,0,0.0641399416909621,0,0.5
5,2,46,dummy_prior,363,72,0,0.0641399416909621,0,0.5
5,2,46,dummy_prior,367,127,0,0.0641399416909621,0,0.5
5,2,46,dummy_prior,375,249,0,0.0641399416909621,0,0.5
5,2,46,dummy_prior,379,224,0,0.0641399416909621,0,0.5
5,2,46,dummy_prior,389,49,0,0.0641399416909621,0,0.5
5,2,46,dummy_prior,393,142,0,0.0641399416909621,0,0.5
5,2,46,dummy_prior,396,100,0,0.0641399416909621,0,0.5
5,2,46,dummy_prior,402,102,0,0.0641399416909621,0,0.5
5,2,46,dummy_prior,406,49,0,0.0641399416909621,0,0.5
5,2,46,dummy_prior,411,49,0,0.0641399416909621,0,0.5
5,2,46,dummy_prior,415,104,0,0.0641399416909621,0,0.5
5,2,46,dummy_prior,421,433,1,0.0641399416909621,0,0.5
5,2,46,dummy_prior,424,181,0,0.0641399416909621,0,0.5
5,2,46,dummy_prior,429,73,0,0.0641399416909621,0,0.5
5,2,46,dummy_prior,433,28,0,0.0641399416909621,0,0.5
5,2,46,dummy_prior,436,39,0,0.0641399416909621,0,0.5
5,2,46,dummy_prior,441,9,0,0.0641399416909621,0,0.5
5,2,46,dummy_prior,456,24,0,0.0641399416909621,0,0.5
5,2,46,dummy_prior,460,5,0,0.0641399416909621,0,0.5
5,2,46,dummy_prior,468,11,0,0.0641399416909621,0,0.5
5,2,46,dummy_prior,483,190,0,0.0641399416909621,0,0.5
5,2,46,dummy_prior,487,483,0,0.0641399416909621,0,0.5
5,2,46,dummy_prior,488,337,0,0.0641399416909621,0,0.5
5,2,46,dummy_prior,490,375,0,0.0641399416909621,0,0.5
5,2,46,dummy_prior,496,451,1,0.0641399416909621,0,0.5
5,2,46,dummy_prior,500,763,0,0.0641399416909621,0,0.5
5,2,46,dummy_prior,502,369,0,0.0641399416909621,0,0.5
5,2,46,dummy_prior,504,428,0,0.0641399416909621,0,0.5
5,2,46,dummy_prior,513,96,0,0.0641399416909621,0,0.5
5,2,46,dummy_prior,516,174,0,0.0641399416909621,0,0.5
5,2,46,dummy_prior,518,362,0,0.0641399416909621,0,0.5
5,2,46,dummy_prior,522,37,0,0.0641399416909621,0,0.5
5,2,46,dummy_prior,536,24,0,0.0641399416909621,0,0.5
5,2,46,dummy_prior,544,50,0,0.0641399416909621,0,0.5
5,2,46,dummy_prior,549,662,1,0.0641399416909621,0,0.5
5,2,46,dummy_prior,553,636,0,0.0641399416909621,0,0.5
5,2,46,dummy_prior,557,458,0,0.0641399416909621,0,0.5
5,2,46,dummy_prior,558,255,0,0.0641399416909621,0,0.5
5,2,46,dummy_prior,564,426,0,0.0641399416909621,0,0.5
5,2,46,dummy_prior,581,59,0,0.0641399416909621,0,0.5
5,2,46,dummy_prior,586,150,0,0.0641399416909621,0,0.5
5,2,46,dummy_prior,593,13,0,0.0641399416909621,0,0.5
5,2,46,dummy_prior,595,248,0,0.0641399416909621,0,0.5
5,2,46,dummy_prior,603,440,0,0.0641399416909621,0,0.5
5,2,46,dummy_prior,619,320,0,0.0641399416909621,0,0.5
5,2,46,dummy_prior,621,582,0,0.0641399416909621,0,0.5
5,2,46,dummy_prior,622,710,0,0.0641399416909621,0,0.5
5,2,46,dummy_prior,635,714,0,0.0641399416909621,0,0.5
5,2,46,dummy_prior,638,221,0,0.0641399416909621,0,0.5
5,2,46,dummy_prior,639,52,0,0.0641399416909621,0,0.5
5,2,46,dummy_prior,641,761,0,0.0641399416909621,0,0.5
5,2,46,dummy_prior,643,21,0,0.0641399416909621,0,0.5
5,2,46,dummy_prior,644,285,0,0.0641399416909621,0,0.5
5,2,46,dummy_prior,653,216,1,0.0641399416909621,0,0.5
5,2,46,dummy_prior,665,205,0,0.0641399416909621,0,0.5
5,2,46,dummy_prior,666,67,0,0.0641399416909621,0,0.5
5,2,46,dummy_prior,675,808,0,0.0641399416909621,0,0.5
5,2,46,dummy_prior,677,814,0,0.0641399416909621,0,0.5
5,2,46,dummy_prior,678,609,0,0.0641399416909621,0,0.5
5,2,46,dummy_prior,680,821,0,0.0641399416909621,0,0.5
5,2,46,dummy_prior,688,510,1,0.0641399416909621,0,0.5
5,2,46,dummy_prior,689,340,0,0.0641399416909621,0,0.5
5,2,46,dummy_prior,700,479,0,0.0641399416909621,0,0.5
5,2,46,dummy_prior,703,42,0,0.0641399416909621,0,0.5
5,2,46,dummy_prior,706,81,0,0.0641399416909621,0,0.5
5,2,46,dummy_prior,714,521,0,0.0641399416909621,0,0.5
5,2,46,dummy_prior,715,13,0,0.0641399416909621,0,0.5
5,2,46,dummy_prior,720,427,0,0.0641399416909621,0,0.5
5,2,46,dummy_prior,723,124,0,0.0641399416909621,0,0.5
5,2,46,dummy_prior,726,530,0,0.0641399416909621,0,0.5
5,2,46,dummy_prior,728,623,0,0.0641399416909621,0,0.5
5,2,46,dummy_prior,730,775,0,0.0641399416909621,0,0.5
5,2,46,dummy_prior,731,291,0,0.0641399416909621,0,0.5
5,2,46,dummy_prior,740,768,0,0.0641399416909621,0,0.5
5,2,46,dummy_prior,744,66,0,0.0641399416909621,0,0.5
5,2,46,dummy_prior,756,395,0,0.0641399416909621,0,0.5
5,2,46,dummy_prior,763,785,0,0.0641399416909621,0,0.5
5,2,46,dummy_prior,776,45,0,0.0641399416909621,0,0.5
5,2,46,dummy_prior,780,110,0,0.0641399416909621,0,0.5
5,2,46,dummy_prior,782,528,0,0.0641399416909621,0,0.5
5,2,46,dummy_prior,790,350,0,0.0641399416909621,0,0.5
5,2,46,dummy_prior,793,353,0,0.0641399416909621,0,0.5
5,2,46,dummy_prior,798,396,0,0.0641399416909621,0,0.5
5,2,46,dummy_prior,806,62,0,0.0641399416909621,0,0.5
5,2,46,dummy_prior,809,519,0,0.0641399416909621,0,0.5
5,2,46,dummy_prior,812,4,0,0.0641399416909621,0,0.5
5,2,46,dummy_prior,815,549,0,0.0641399416909621,0,0.5
5,2,46,dummy_prior,833,659,0,0.0641399416909621,0,0.5
5,2,46,dummy_prior,834,569,0,0.0641399416909621,0,0.5
5,2,46,dummy_prior,836,743,0,0.0641399416909621,0,0.5
5,2,46,dummy_prior,848,598,0,0.0641399416909621,0,0.5
5,2,46,dummy_prior,849,620,0,0.0641399416909621,0,0.5
5,2,46,dummy_prior,850,117,0,0.0641399416909621,0,0.5
5,2,46,dummy_prior,851,298,0,0.0641399416909621,0,0.5
5,2,46,logistic_regression,0,109,0,0.46194870657231313,0,0.5
5,2,46,logistic_regression,5,796,0,0.49357272924616563,0,0.5
5,2,46,logistic_regression,9,804,0,0.4990265340342789,0,0.5
5,2,46,logistic_regression,10,807,0,0.44229631253751317,0,0.5
5,2,46,logistic_regression,13,803,0,0.48320655638517335,0,0.5
5,2,46,logistic_regression,19,773,0,0.6018592742204139,1,0.5
5,2,46,logistic_regression,26,765,0,0.6003638052229444,1,0.5
5,2,46,logistic_regression,27,759,0,0.46492966984550393,0,0.5
5,2,46,logistic_regression,30,782,0,0.7491995050548809,1,0.5
5,2,46,logistic_regression,33,734,0,0.5034741243976794,1,0.5
5,2,46,logistic_regression,42,724,0,0.5279535410836854,1,0.5
5,2,46,logistic_regression,43,723,0,0.4698655752184225,0,0.5
5,2,46,logistic_regression,51,715,0,0.4764672649487643,0,0.5
5,2,46,logistic_regression,59,692,0,0.8098362718566587,1,0.5
5,2,46,logistic_regression,64,750,1,0.5799218468747666,1,0.5
5,2,46,logistic_regression,67,728,0,0.7392860056530641,1,0.5
5,2,46,logistic_regression,68,696,0,0.8216098589537737,1,0.5
5,2,46,logistic_regression,72,664,0,0.40898415169796254,0,0.5
5,2,46,logistic_regression,75,686,0,0.43129171459159193,0,0.5
5,2,46,logistic_regression,79,684,0,0.4028386587731613,0,0.5
5,2,46,logistic_regression,80,630,0,0.41215595743570954,0,0.5
5,2,46,logistic_regression,84,713,0,0.2944586468890471,0,0.5
5,2,46,logistic_regression,85,657,0,0.45276108960335537,0,0.5
5,2,46,logistic_regression,89,632,0,0.5007735183457565,1,0.5
5,2,46,logistic_regression,92,649,0,0.5973786409362133,1,0.5
5,2,46,logistic_regression,94,637,0,0.46968705976938907,0,0.5
5,2,46,logistic_regression,113,328,0,0.4324285846657046,0,0.5
5,2,46,logistic_regression,117,570,0,0.3947737003719285,0,0.5
5,2,46,logistic_regression,119,498,0,0.42051979905768044,0,0.5
5,2,46,logistic_regression,125,596,0,0.5066889348072289,1,0.5
5,2,46,logistic_regression,126,588,0,0.4720034048651802,0,0.5
5,2,46,logistic_regression,146,576,0,0.510044078259173,1,0.5
5,2,46,logistic_regression,153,423,0,0.5184216591928117,1,0.5
5,2,46,logistic_regression,166,515,0,0.4803955971939314,0,0.5
5,2,46,logistic_regression,176,452,0,0.40251743807775386,0,0.5
5,2,46,logistic_regression,185,488,1,0.5000140006527202,1,0.5
5,2,46,logistic_regression,186,404,0,0.7541618821113198,1,0.5
5,2,46,logistic_regression,187,501,0,0.8357423755928677,1,0.5
5,2,46,logistic_regression,191,527,0,0.515834410282909,1,0.5
5,2,46,logistic_regression,193,445,0,0.4617206442137119,0,0.5
5,2,46,logistic_regression,194,397,0,0.4073309067631537,0,0.5
5,2,46,logistic_regression,195,429,0,0.46837583454180187,0,0.5
5,2,46,logistic_regression,198,447,0,0.45885423094325695,0,0.5
5,2,46,logistic_regression,203,494,1,0.7618144989449982,1,0.5
5,2,46,logistic_regression,214,550,1,0.4331877761572562,0,0.5
5,2,46,logistic_regression,216,531,1,0.5141499133398111,1,0.5
5,2,46,logistic_regression,222,552,0,0.24126024933578596,0,0.5
5,2,46,logistic_regression,225,511,0,0.3990543991476477,0,0.5
5,2,46,logistic_regression,227,394,0,0.7523572378236683,1,0.5
5,2,46,logistic_regression,228,585,0,0.395091720347024,0,0.5
5,2,46,logistic_regression,240,334,0,0.41385742156284455,0,0.5
5,2,46,logistic_regression,242,555,0,0.4089303282045135,0,0.5
5,2,46,logistic_regression,244,391,0,0.46263582771766865,0,0.5
5,2,46,logistic_regression,254,390,0,0.4720524691610899,0,0.5
5,2,46,logistic_regression,265,247,0,0.4564916549326117,0,0.5
5,2,46,logistic_regression,269,410,0,0.46256139932142964,0,0.5
5,2,46,logistic_regression,276,241,0,0.4218368222522943,0,0.5
5,2,46,logistic_regression,277,168,0,0.46436408974897203,0,0.5
5,2,46,logistic_regression,280,303,0,0.45821768661341084,0,0.5
5,2,46,logistic_regression,281,238,0,0.3946495109894979,0,0.5
5,2,46,logistic_regression,284,252,0,0.3983431388681127,0,0.5
5,2,46,logistic_regression,286,240,0,0.4598410700280469,0,0.5
5,2,46,logistic_regression,292,264,0,0.3827513962370186,0,0.5
5,2,46,logistic_regression,293,221,0,0.4675184964340904,0,0.5
5,2,46,logistic_regression,306,436,0,0.4068235282839539,0,0.5
5,2,46,logistic_regression,311,368,0,0.43403687379220296,0,0.5
5,2,46,logistic_regression,319,293,0,0.39464924587550315,0,0.5
5,2,46,logistic_regression,322,180,0,0.39634097360659276,0,0.5
5,2,46,logistic_regression,328,197,0,0.3960172680312541,0,0.5
5,2,46,logistic_regression,332,583,0,0.38922456765554225,0,0.5
5,2,46,logistic_regression,335,525,1,0.45857354579349036,0,0.5
5,2,46,logistic_regression,343,159,0,0.40231903062953367,0,0.5
5,2,46,logistic_regression,349,235,0,0.39768729535102043,0,0.5
5,2,46,logistic_regression,354,811,0,0.4724158490092154,0,0.5
5,2,46,logistic_regression,355,140,0,0.7106402183120198,1,0.5
5,2,46,logistic_regression,358,212,0,0.4108223404977091,0,0.5
5,2,46,logistic_regression,359,733,0,0.44638501608700704,0,0.5
5,2,46,logistic_regression,362,160,0,0.382495617275799,0,0.5
5,2,46,logistic_regression,363,72,0,0.3842778151912171,0,0.5
5,2,46,logistic_regression,367,127,0,0.46349927300867944,0,0.5
5,2,46,logistic_regression,375,249,0,0.38859089303395833,0,0.5
5,2,46,logistic_regression,379,224,0,0.45890311637438086,0,0.5
5,2,46,logistic_regression,389,49,0,0.4572009725550265,0,0.5
5,2,46,logistic_regression,393,142,0,0.4599936245516844,0,0.5
5,2,46,logistic_regression,396,100,0,0.4084359717943004,0,0.5
5,2,46,logistic_regression,402,102,0,0.3925851741625235,0,0.5
5,2,46,logistic_regression,406,49,0,0.4572009725550265,0,0.5
5,2,46,logistic_regression,411,49,0,0.4572009725550265,0,0.5
5,2,46,logistic_regression,415,104,0,0.45443669900941513,0,0.5
5,2,46,logistic_regression,421,433,1,0.39178041973167965,0,0.5
5,2,46,logistic_regression,424,181,0,0.7297523352238324,1,0.5
5,2,46,logistic_regression,429,73,0,0.3769239837644682,0,0.5
5,2,46,logistic_regression,433,28,0,0.39043753392340086,0,0.5
5,2,46,logistic_regression,436,39,0,0.38780647472690033,0,0.5
5,2,46,logistic_regression,441,9,0,0.4509163249098368,0,0.5
5,2,46,logistic_regression,456,24,0,0.4495000708607986,0,0.5
5,2,46,logistic_regression,460,5,0,0.38347075939164427,0,0.5
5,2,46,logistic_regression,468,11,0,0.23515966985274042,0,0.5
5,2,46,logistic_regression,483,190,0,0.4114016012649156,0,0.5
5,2,46,logistic_regression,487,483,0,0.4323308111780514,0,0.5
5,2,46,logistic_regression,488,337,0,0.4592494975094561,0,0.5
5,2,46,logistic_regression,490,375,0,0.6716842304075409,1,0.5
5,2,46,logistic_regression,496,451,1,0.39126097075806654,0,0.5
5,2,46,logistic_regression,500,763,0,0.43835001112032523,0,0.5
5,2,46,logistic_regression,502,369,0,0.45147802684940724,0,0.5
5,2,46,logistic_regression,504,428,0,0.47467748551573896,0,0.5
5,2,46,logistic_regression,513,96,0,0.46088183963223267,0,0.5
5,2,46,logistic_regression,516,174,0,0.3986677567555029,0,0.5
5,2,46,logistic_regression,518,362,0,0.46609999749157394,0,0.5
5,2,46,logistic_regression,522,37,0,0.39315299688745253,0,0.5
5,2,46,logistic_regression,536,24,0,0.4495000708607986,0,0.5
5,2,46,logistic_regression,544,50,0,0.37713582515408084,0,0.5
5,2,46,logistic_regression,549,662,1,0.6107571381172887,1,0.5
5,2,46,logistic_regression,553,636,0,0.38565763927881064,0,0.5
5,2,46,logistic_regression,557,458,0,0.3888500103169356,0,0.5
5,2,46,logistic_regression,558,255,0,0.4729679748155422,0,0.5
5,2,46,logistic_regression,564,426,0,0.40441117970884055,0,0.5
5,2,46,logistic_regression,581,59,0,0.4012057886335941,0,0.5
5,2,46,logistic_regression,586,150,0,0.4269334046752217,0,0.5
5,2,46,logistic_regression,593,13,0,0.45144783867348154,0,0.5
5,2,46,logistic_regression,595,248,0,0.46058342807124597,0,0.5
5,2,46,logistic_regression,603,440,0,0.39416130159685553,0,0.5
5,2,46,logistic_regression,619,320,0,0.4289016429466666,0,0.5
5,2,46,logistic_regression,621,582,0,0.3906905633379685,0,0.5
5,2,46,logistic_regression,622,710,0,0.39579934605276773,0,0.5
5,2,46,logistic_regression,635,714,0,0.38407163594908256,0,0.5
5,2,46,logistic_regression,638,221,0,0.4675184964340904,0,0.5
5,2,46,logistic_regression,639,52,0,0.45317070051149255,0,0.5
5,2,46,logistic_regression,641,761,0,0.43850721132704945,0,0.5
5,2,46,logistic_regression,643,21,0,0.39518458355592473,0,0.5
5,2,46,logistic_regression,644,285,0,0.4561030935496282,0,0.5
5,2,46,logistic_regression,653,216,1,0.4181530381076485,0,0.5
5,2,46,logistic_regression,665,205,0,0.4400892407805324,0,0.5
5,2,46,logistic_regression,666,67,0,0.3905977627656393,0,0.5
5,2,46,logistic_regression,675,808,0,0.47972596805647366,0,0.5
5,2,46,logistic_regression,677,814,0,0.47785087558228057,0,0.5
5,2,46,logistic_regression,678,609,0,0.40374613334112797,0,0.5
5,2,46,logistic_regression,680,821,0,0.4812682806482463,0,0.5
5,2,46,logistic_regression,688,510,1,0.45930909932758296,0,0.5
5,2,46,logistic_regression,689,340,0,0.4057954712703746,0,0.5
5,2,46,logistic_regression,700,479,0,0.39440763843594207,0,0.5
5,2,46,logistic_regression,703,42,0,0.3962802902007963,0,0.5
5,2,46,logistic_regression,706,81,0,0.38322639692908067,0,0.5
5,2,46,logistic_regression,714,521,0,0.4763402913040518,0,0.5
5,2,46,logistic_regression,715,13,0,0.45144783867348154,0,0.5
5,2,46,logistic_regression,720,427,0,0.4012194267281953,0,0.5
5,2,46,logistic_regression,723,124,0,0.4742445381991204,0,0.5
5,2,46,logistic_regression,726,530,0,0.5112695761510445,1,0.5
5,2,46,logistic_regression,728,623,0,0.5032464875219697,1,0.5
5,2,46,logistic_regression,730,775,0,0.7370580347131077,1,0.5
5,2,46,logistic_regression,731,291,0,0.4669598055207287,0,0.5
5,2,46,logistic_regression,740,768,0,0.4557345548133088,0,0.5
5,2,46,logistic_regression,744,66,0,0.4796170218796248,0,0.5
5,2,46,logistic_regression,756,395,0,0.5057211060190249,1,0.5
5,2,46,logistic_regression,763,785,0,0.5133364177953985,1,0.5
5,2,46,logistic_regression,776,45,0,0.45491895635167495,0,0.5
5,2,46,logistic_regression,780,110,0,0.43468619911615214,0,0.5
5,2,46,logistic_regression,782,528,0,0.43838285313925224,0,0.5
5,2,46,logistic_regression,790,350,0,0.39599359072824347,0,0.5
5,2,46,logistic_regression,793,353,0,0.47065111560516487,0,0.5
5,2,46,logistic_regression,798,396,0,0.4678756172430305,0,0.5
5,2,46,logistic_regression,806,62,0,0.4716928093770809,0,0.5
5,2,46,logistic_regression,809,519,0,0.5667554627907622,1,0.5
5,2,46,logistic_regression,812,4,0,0.3865226794386408,0,0.5
5,2,46,logistic_regression,815,549,0,0.4115929003190225,0,0.5
5,2,46,logistic_regression,833,659,0,0.47662046829405696,0,0.5
5,2,46,logistic_regression,834,569,0,0.5709375286404452,1,0.5
5,2,46,logistic_regression,836,743,0,0.41355561229995225,0,0.5
5,2,46,logistic_regression,848,598,0,0.4091246834373907,0,0.5
5,2,46,logistic_regression,849,620,0,0.3544298708492992,0,0.5
5,2,46,logistic_regression,850,117,0,0.4567721408416975,0,0.5
5,2,46,logistic_regression,851,298,0,0.455934858305374,0,0.5
5,2,46,xgboost,0,109,0,0.3578040301799774,0,0.5
5,2,46,xgboost,5,796,0,0.20320698618888855,0,0.5
5,2,46,xgboost,9,804,0,0.38873451948165894,0,0.5
5,2,46,xgboost,10,807,0,0.23747938871383667,0,0.5
5,2,46,xgboost,13,803,0,0.12101738899946213,0,0.5
5,2,46,xgboost,19,773,0,0.230620339512825,0,0.5
5,2,46,xgboost,26,765,0,0.29405179619789124,0,0.5
5,2,46,xgboost,27,759,0,0.5911597609519958,1,0.5
5,2,46,xgboost,30,782,0,0.7709858417510986,1,0.5
5,2,46,xgboost,33,734,0,0.25041672587394714,0,0.5
5,2,46,xgboost,42,724,0,0.4659268260002136,0,0.5
5,2,46,xgboost,43,723,0,0.565883219242096,1,0.5
5,2,46,xgboost,51,715,0,0.4006786644458771,0,0.5
5,2,46,xgboost,59,692,0,0.35896676778793335,0,0.5
5,2,46,xgboost,64,750,1,0.6314674615859985,1,0.5
5,2,46,xgboost,67,728,0,0.5434259176254272,1,0.5
5,2,46,xgboost,68,696,0,0.8025897741317749,1,0.5
5,2,46,xgboost,72,664,0,0.1665976643562317,0,0.5
5,2,46,xgboost,75,686,0,0.2285633385181427,0,0.5
5,2,46,xgboost,79,684,0,0.4789416790008545,0,0.5
5,2,46,xgboost,80,630,0,0.17104481160640717,0,0.5
5,2,46,xgboost,84,713,0,0.4203585386276245,0,0.5
5,2,46,xgboost,85,657,0,0.12443805485963821,0,0.5
5,2,46,xgboost,89,632,0,0.5247129797935486,1,0.5
5,2,46,xgboost,92,649,0,0.26841217279434204,0,0.5
5,2,46,xgboost,94,637,0,0.3339977264404297,0,0.5
5,2,46,xgboost,113,328,0,0.17200326919555664,0,0.5
5,2,46,xgboost,117,570,0,0.12679444253444672,0,0.5
5,2,46,xgboost,119,498,0,0.13444362580776215,0,0.5
5,2,46,xgboost,125,596,0,0.19421137869358063,0,0.5
5,2,46,xgboost,126,588,0,0.3419996500015259,0,0.5
5,2,46,xgboost,146,576,0,0.1770896315574646,0,0.5
5,2,46,xgboost,153,423,0,0.2070106416940689,0,0.5
5,2,46,xgboost,166,515,0,0.09342794120311737,0,0.5
5,2,46,xgboost,176,452,0,0.1765914112329483,0,0.5
5,2,46,xgboost,185,488,1,0.1488497108221054,0,0.5
5,2,46,xgboost,186,404,0,0.6893143057823181,1,0.5
5,2,46,xgboost,187,501,0,0.18366974592208862,0,0.5
5,2,46,xgboost,191,527,0,0.11690305918455124,0,0.5
5,2,46,xgboost,193,445,0,0.08630222827196121,0,0.5
5,2,46,xgboost,194,397,0,0.3517897427082062,0,0.5
5,2,46,xgboost,195,429,0,0.099852554500103,0,0.5
5,2,46,xgboost,198,447,0,0.15428169071674347,0,0.5
5,2,46,xgboost,203,494,1,0.8570205569267273,1,0.5
5,2,46,xgboost,214,550,1,0.11788949370384216,0,0.5
5,2,46,xgboost,216,531,1,0.20252473652362823,0,0.5
5,2,46,xgboost,222,552,0,0.34000805020332336,0,0.5
5,2,46,xgboost,225,511,0,0.19436033070087433,0,0.5
5,2,46,xgboost,227,394,0,0.6490660905838013,1,0.5
5,2,46,xgboost,228,585,0,0.22005164623260498,0,0.5
5,2,46,xgboost,240,334,0,0.09996835142374039,0,0.5
5,2,46,xgboost,242,555,0,0.06288634240627289,0,0.5
5,2,46,xgboost,244,391,0,0.3985814154148102,0,0.5
5,2,46,xgboost,254,390,0,0.29052281379699707,0,0.5
5,2,46,xgboost,265,247,0,0.5662482976913452,1,0.5
5,2,46,xgboost,269,410,0,0.2995744049549103,0,0.5
5,2,46,xgboost,276,241,0,0.6931844353675842,1,0.5
5,2,46,xgboost,277,168,0,0.593233585357666,1,0.5
5,2,46,xgboost,280,303,0,0.19238926470279694,0,0.5
5,2,46,xgboost,281,238,0,0.6236552596092224,1,0.5
5,2,46,xgboost,284,252,0,0.5676226019859314,1,0.5
5,2,46,xgboost,286,240,0,0.7456667423248291,1,0.5
5,2,46,xgboost,292,264,0,0.7092556357383728,1,0.5
5,2,46,xgboost,293,221,0,0.513342022895813,1,0.5
5,2,46,xgboost,306,436,0,0.20730961859226227,0,0.5
5,2,46,xgboost,311,368,0,0.3341192603111267,0,0.5
5,2,46,xgboost,319,293,0,0.2635921537876129,0,0.5
5,2,46,xgboost,322,180,0,0.5718175172805786,1,0.5
5,2,46,xgboost,328,197,0,0.36150163412094116,0,0.5
5,2,46,xgboost,332,583,0,0.1251218020915985,0,0.5
5,2,46,xgboost,335,525,1,0.3795662522315979,0,0.5
5,2,46,xgboost,343,159,0,0.32437387108802795,0,0.5
5,2,46,xgboost,349,235,0,0.5228182673454285,1,0.5
5,2,46,xgboost,354,811,0,0.5725160837173462,1,0.5
5,2,46,xgboost,355,140,0,0.8058564066886902,1,0.5
5,2,46,xgboost,358,212,0,0.5155029296875,1,0.5
5,2,46,xgboost,359,733,0,0.14472925662994385,0,0.5
5,2,46,xgboost,362,160,0,0.48702576756477356,0,0.5
5,2,46,xgboost,363,72,0,0.32468682527542114,0,0.5
5,2,46,xgboost,367,127,0,0.5318860411643982,1,0.5
5,2,46,xgboost,375,249,0,0.4667297303676605,0,0.5
5,2,46,xgboost,379,224,0,0.5765344500541687,1,0.5
5,2,46,xgboost,389,49,0,0.2991538345813751,0,0.5
5,2,46,xgboost,393,142,0,0.5011155009269714,1,0.5
5,2,46,xgboost,396,100,0,0.26148736476898193,0,0.5
5,2,46,xgboost,402,102,0,0.4037047326564789,0,0.5
5,2,46,xgboost,406,49,0,0.2991538345813751,0,0.5
5,2,46,xgboost,411,49,0,0.2991538345813751,0,0.5
5,2,46,xgboost,415,104,0,0.3921166658401489,0,0.5
5,2,46,xgboost,421,433,1,0.16472579538822174,0,0.5
5,2,46,xgboost,424,181,0,0.8860265612602234,1,0.5
5,2,46,xgboost,429,73,0,0.3485873341560364,0,0.5
5,2,46,xgboost,433,28,0,0.13916829228401184,0,0.5
5,2,46,xgboost,436,39,0,0.11704665422439575,0,0.5
5,2,46,xgboost,441,9,0,0.1473427712917328,0,0.5
5,2,46,xgboost,456,24,0,0.13719676434993744,0,0.5
5,2,46,xgboost,460,5,0,0.09912851452827454,0,0.5
5,2,46,xgboost,468,11,0,0.17764610052108765,0,0.5
5,2,46,xgboost,483,190,0,0.41789793968200684,0,0.5
5,2,46,xgboost,487,483,0,0.12243872135877609,0,0.5
5,2,46,xgboost,488,337,0,0.15964828431606293,0,0.5
5,2,46,xgboost,490,375,0,0.5142191052436829,1,0.5
5,2,46,xgboost,496,451,1,0.21946369111537933,0,0.5
5,2,46,xgboost,500,763,0,0.6117717027664185,1,0.5
5,2,46,xgboost,502,369,0,0.12658442556858063,0,0.5
5,2,46,xgboost,504,428,0,0.12312699854373932,0,0.5
5,2,46,xgboost,513,96,0,0.4346313774585724,0,0.5
5,2,46,xgboost,516,174,0,0.3806227147579193,0,0.5
5,2,46,xgboost,518,362,0,0.164471834897995,0,0.5
5,2,46,xgboost,522,37,0,0.13696320354938507,0,0.5
5,2,46,xgboost,536,24,0,0.13719676434993744,0,0.5
5,2,46,xgboost,544,50,0,0.321227103471756,0,0.5
5,2,46,xgboost,549,662,1,0.25547099113464355,0,0.5
5,2,46,xgboost,553,636,0,0.3561345934867859,0,0.5
5,2,46,xgboost,557,458,0,0.29637831449508667,0,0.5
5,2,46,xgboost,558,255,0,0.4304388761520386,0,0.5
5,2,46,xgboost,564,426,0,0.1765914112329483,0,0.5
5,2,46,xgboost,581,59,0,0.17877590656280518,0,0.5
5,2,46,xgboost,586,150,0,0.227910578250885,0,0.5
5,2,46,xgboost,593,13,0,0.15417413413524628,0,0.5
5,2,46,xgboost,595,248,0,0.35949262976646423,0,0.5
5,2,46,xgboost,603,440,0,0.22614185512065887,0,0.5
5,2,46,xgboost,619,320,0,0.33928942680358887,0,0.5
5,2,46,xgboost,621,582,0,0.0469650998711586,0,0.5
5,2,46,xgboost,622,710,0,0.48484182357788086,0,0.5
5,2,46,xgboost,635,714,0,0.19261451065540314,0,0.5
5,2,46,xgboost,638,221,0,0.513342022895813,1,0.5
5,2,46,xgboost,639,52,0,0.24749819934368134,0,0.5
5,2,46,xgboost,641,761,0,0.3413203954696655,0,0.5
5,2,46,xgboost,643,21,0,0.1013624295592308,0,0.5
5,2,46,xgboost,644,285,0,0.1499384194612503,0,0.5
5,2,46,xgboost,653,216,1,0.5624092817306519,1,0.5
5,2,46,xgboost,665,205,0,0.33729907870292664,0,0.5
5,2,46,xgboost,666,67,0,0.24412961304187775,0,0.5
5,2,46,xgboost,675,808,0,0.2587134838104248,0,0.5
5,2,46,xgboost,677,814,0,0.24188928306102753,0,0.5
5,2,46,xgboost,678,609,0,0.21651633083820343,0,0.5
5,2,46,xgboost,680,821,0,0.4867413640022278,0,0.5
5,2,46,xgboost,688,510,1,0.4022273123264313,0,0.5
5,2,46,xgboost,689,340,0,0.16918054223060608,0,0.5
5,2,46,xgboost,700,479,0,0.23722493648529053,0,0.5
5,2,46,xgboost,703,42,0,0.16688907146453857,0,0.5
5,2,46,xgboost,706,81,0,0.46294209361076355,0,0.5
5,2,46,xgboost,714,521,0,0.12575696408748627,0,0.5
5,2,46,xgboost,715,13,0,0.15417413413524628,0,0.5
5,2,46,xgboost,720,427,0,0.2925916016101837,0,0.5
5,2,46,xgboost,723,124,0,0.43673351407051086,0,0.5
5,2,46,xgboost,726,530,0,0.36986011266708374,0,0.5
5,2,46,xgboost,728,623,0,0.06693996489048004,0,0.5
5,2,46,xgboost,730,775,0,0.7791381478309631,1,0.5
5,2,46,xgboost,731,291,0,0.23905588686466217,0,0.5
5,2,46,xgboost,740,768,0,0.17005006968975067,0,0.5
5,2,46,xgboost,744,66,0,0.17770646512508392,0,0.5
5,2,46,xgboost,756,395,0,0.2999477982521057,0,0.5
5,2,46,xgboost,763,785,0,0.3245541751384735,0,0.5
5,2,46,xgboost,776,45,0,0.2132987678050995,0,0.5
5,2,46,xgboost,780,110,0,0.10598411411046982,0,0.5
5,2,46,xgboost,782,528,0,0.14092417061328888,0,0.5
5,2,46,xgboost,790,350,0,0.25253263115882874,0,0.5
5,2,46,xgboost,793,353,0,0.2794712781906128,0,0.5
5,2,46,xgboost,798,396,0,0.4802919328212738,0,0.5
5,2,46,xgboost,806,62,0,0.28424540162086487,0,0.5
5,2,46,xgboost,809,519,0,0.13344553112983704,0,0.5
5,2,46,xgboost,812,4,0,0.060501739382743835,0,0.5
5,2,46,xgboost,815,549,0,0.09374557435512543,0,0.5
5,2,46,xgboost,833,659,0,0.34659382700920105,0,0.5
5,2,46,xgboost,834,569,0,0.1726052314043045,0,0.5
5,2,46,xgboost,836,743,0,0.4081319272518158,0,0.5
5,2,46,xgboost,848,598,0,0.17379160225391388,0,0.5
5,2,46,xgboost,849,620,0,0.07007913291454315,0,0.5
5,2,46,xgboost,850,117,0,0.4009525179862976,0,0.5
5,2,46,xgboost,851,298,0,0.21504651010036469,0,0.5
5,3,46,dummy_prior,7,413,0,0.0641399416909621,0,0.5
5,3,46,dummy_prior,15,776,0,0.0641399416909621,0,0.5
5,3,46,dummy_prior,24,774,0,0.0641399416909621,0,0.5
5,3,46,dummy_prior,28,742,0,0.0641399416909621,0,0.5
5,3,46,dummy_prior,34,749,0,0.0641399416909621,0,0.5
5,3,46,dummy_prior,37,747,0,0.0641399416909621,0,0.5
5,3,46,dummy_prior,38,758,0,0.0641399416909621,0,0.5
5,3,46,dummy_prior,47,770,0,0.0641399416909621,0,0.5
5,3,46,dummy_prior,49,739,0,0.0641399416909621,0,0.5
5,3,46,dummy_prior,53,695,0,0.0641399416909621,0,0.5
5,3,46,dummy_prior,54,708,0,0.0641399416909621,0,0.5
5,3,46,dummy_prior,56,702,0,0.0641399416909621,0,0.5
5,3,46,dummy_prior,63,629,0,0.0641399416909621,0,0.5
5,3,46,dummy_prior,71,677,0,0.0641399416909621,0,0.5
5,3,46,dummy_prior,78,693,0,0.0641399416909621,0,0.5
5,3,46,dummy_prior,81,593,0,0.0641399416909621,0,0.5
5,3,46,dummy_prior,86,718,0,0.0641399416909621,0,0.5
5,3,46,dummy_prior,88,618,0,0.0641399416909621,0,0.5
5,3,46,dummy_prior,91,689,0,0.0641399416909621,0,0.5
5,3,46,dummy_prior,93,631,1,0.0641399416909621,0,0.5
5,3,46,dummy_prior,98,584,0,0.0641399416909621,0,0.5
5,3,46,dummy_prior,100,669,0,0.0641399416909621,0,0.5
5,3,46,dummy_prior,102,599,0,0.0641399416909621,0,0.5
5,3,46,dummy_prior,103,754,1,0.0641399416909621,0,0.5
5,3,46,dummy_prior,104,633,0,0.0641399416909621,0,0.5
5,3,46,dummy_prior,114,667,0,0.0641399416909621,0,0.5
5,3,46,dummy_prior,115,665,0,0.0641399416909621,0,0.5
5,3,46,dummy_prior,118,560,0,0.0641399416909621,0,0.5
5,3,46,dummy_prior,122,592,0,0.0641399416909621,0,0.5
5,3,46,dummy_prior,128,518,0,0.0641399416909621,0,0.5
5,3,46,dummy_prior,132,565,0,0.0641399416909621,0,0.5
5,3,46,dummy_prior,137,537,0,0.0641399416909621,0,0.5
5,3,46,dummy_prior,138,517,0,0.0641399416909621,0,0.5
5,3,46,dummy_prior,142,591,0,0.0641399416909621,0,0.5
5,3,46,dummy_prior,147,533,0,0.0641399416909621,0,0.5
5,3,46,dummy_prior,152,438,0,0.0641399416909621,0,0.5
5,3,46,dummy_prior,165,572,0,0.0641399416909621,0,0.5
5,3,46,dummy_prior,171,418,0,0.0641399416909621,0,0.5
5,3,46,dummy_prior,172,522,0,0.0641399416909621,0,0.5
5,3,46,dummy_prior,173,529,0,0.0641399416909621,0,0.5
5,3,46,dummy_prior,181,462,0,0.0641399416909621,0,0.5
5,3,46,dummy_prior,182,392,0,0.0641399416909621,0,0.5
5,3,46,dummy_prior,190,513,0,0.0641399416909621,0,0.5
5,3,46,dummy_prior,196,505,0,0.0641399416909621,0,0.5
5,3,46,dummy_prior,205,388,1,0.0641399416909621,0,0.5
5,3,46,dummy_prior,206,496,0,0.0641399416909621,0,0.5
5,3,46,dummy_prior,210,399,0,0.0641399416909621,0,0.5
5,3,46,dummy_prior,230,304,0,0.0641399416909621,0,0.5
5,3,46,dummy_prior,231,432,0,0.0641399416909621,0,0.5
5,3,46,dummy_prior,237,347,0,0.0641399416909621,0,0.5
5,3,46,dummy_prior,252,344,0,0.0641399416909621,0,0.5
5,3,46,dummy_prior,256,366,0,0.0641399416909621,0,0.5
5,3,46,dummy_prior,260,485,0,0.0641399416909621,0,0.5
5,3,46,dummy_prior,264,259,1,0.0641399416909621,0,0.5
5,3,46,dummy_prior,268,305,0,0.0641399416909621,0,0.5
5,3,46,dummy_prior,274,349,0,0.0641399416909621,0,0.5
5,3,46,dummy_prior,288,300,0,0.0641399416909621,0,0.5
5,3,46,dummy_prior,290,204,0,0.0641399416909621,0,0.5
5,3,46,dummy_prior,295,283,0,0.0641399416909621,0,0.5
5,3,46,dummy_prior,297,220,0,0.0641399416909621,0,0.5
5,3,46,dummy_prior,302,323,0,0.0641399416909621,0,0.5
5,3,46,dummy_prior,303,386,0,0.0641399416909621,0,0.5
5,3,46,dummy_prior,304,331,0,0.0641399416909621,0,0.5
5,3,46,dummy_prior,308,382,0,0.0641399416909621,0,0.5
5,3,46,dummy_prior,310,307,0,0.0641399416909621,0,0.5
5,3,46,dummy_prior,312,313,0,0.0641399416909621,0,0.5
5,3,46,dummy_prior,314,215,1,0.0641399416909621,0,0.5
5,3,46,dummy_prior,315,189,0,0.0641399416909621,0,0.5
5,3,46,dummy_prior,329,290,0,0.0641399416909621,0,0.5
5,3,46,dummy_prior,352,152,0,0.0641399416909621,0,0.5
5,3,46,dummy_prior,361,199,0,0.0641399416909621,0,0.5
5,3,46,dummy_prior,364,147,0,0.0641399416909621,0,0.5
5,3,46,dummy_prior,369,82,0,0.0641399416909621,0,0.5
5,3,46,dummy_prior,370,239,1,0.0641399416909621,0,0.5
5,3,46,dummy_prior,372,242,0,0.0641399416909621,0,0.5
5,3,46,dummy_prior,395,82,0,0.0641399416909621,0,0.5
5,3,46,dummy_prior,401,210,0,0.0641399416909621,0,0.5
5,3,46,dummy_prior,410,171,0,0.0641399416909621,0,0.5
5,3,46,dummy_prior,416,70,0,0.0641399416909621,0,0.5
5,3,46,dummy_prior,418,47,0,0.0641399416909621,0,0.5
5,3,46,dummy_prior,420,97,0,0.0641399416909621,0,0.5
5,3,46,dummy_prior,423,51,0,0.0641399416909621,0,0.5
5,3,46,dummy_prior,426,114,0,0.0641399416909621,0,0.5
5,3,46,dummy_prior,428,29,0,0.0641399416909621,0,0.5
5,3,46,dummy_prior,431,70,0,0.0641399416909621,0,0.5
5,3,46,dummy_prior,443,10,0,0.0641399416909621,0,0.5
5,3,46,dummy_prior,453,10,0,0.0641399416909621,0,0.5
5,3,46,dummy_prior,455,77,0,0.0641399416909621,0,0.5
5,3,46,dummy_prior,461,19,0,0.0641399416909621,0,0.5
5,3,46,dummy_prior,462,68,0,0.0641399416909621,0,0.5
5,3,46,dummy_prior,464,25,0,0.0641399416909621,0,0.5
5,3,46,dummy_prior,467,41,0,0.0641399416909621,0,0.5
5,3,46,dummy_prior,469,16,0,0.0641399416909621,0,0.5
5,3,46,dummy_prior,474,640,0,0.0641399416909621,0,0.5
5,3,46,dummy_prior,475,154,0,0.0641399416909621,0,0.5
5,3,46,dummy_prior,476,753,0,0.0641399416909621,0,0.5
5,3,46,dummy_prior,477,751,0,0.0641399416909621,0,0.5
5,3,46,dummy_prior,478,534,0,0.0641399416909621,0,0.5
5,3,46,dummy_prior,482,757,0,0.0641399416909621,0,0.5
5,3,46,dummy_prior,486,496,0,0.0641399416909621,0,0.5
5,3,46,dummy_prior,491,122,0,0.0641399416909621,0,0.5
5,3,46,dummy_prior,492,658,0,0.0641399416909621,0,0.5
5,3,46,dummy_prior,494,165,0,0.0641399416909621,0,0.5
5,3,46,dummy_prior,495,405,0,0.0641399416909621,0,0.5
5,3,46,dummy_prior,497,356,0,0.0641399416909621,0,0.5
5,3,46,dummy_prior,501,610,0,0.0641399416909621,0,0.5
5,3,46,dummy_prior,506,711,0,0.0641399416909621,0,0.5
5,3,46,dummy_prior,508,590,0,0.0641399416909621,0,0.5
5,3,46,dummy_prior,509,384,0,0.0641399416909621,0,0.5
5,3,46,dummy_prior,523,624,0,0.0641399416909621,0,0.5
5,3,46,dummy_prior,527,262,0,0.0641399416909621,0,0.5
5,3,46,dummy_prior,530,239,1,0.0641399416909621,0,0.5
5,3,46,dummy_prior,532,364,0,0.0641399416909621,0,0.5
5,3,46,dummy_prior,534,93,0,0.0641399416909621,0,0.5
5,3,46,dummy_prior,541,474,0,0.0641399416909621,0,0.5
5,3,46,dummy_prior,545,532,0,0.0641399416909621,0,0.5
5,3,46,dummy_prior,547,385,0,0.0641399416909621,0,0.5
5,3,46,dummy_prior,548,58,0,0.0641399416909621,0,0.5
5,3,46,dummy_prior,560,748,0,0.0641399416909621,0,0.5
5,3,46,dummy_prior,562,282,0,0.0641399416909621,0,0.5
5,3,46,dummy_prior,563,712,0,0.0641399416909621,0,0.5
5,3,46,dummy_prior,570,559,0,0.0641399416909621,0,0.5
5,3,46,dummy_prior,571,257,0,0.0641399416909621,0,0.5
5,3,46,dummy_prior,599,176,0,0.0641399416909621,0,0.5
5,3,46,dummy_prior,610,230,1,0.0641399416909621,0,0.5
5,3,46,dummy_prior,614,341,1,0.0641399416909621,0,0.5
5,3,46,dummy_prior,616,376,0,0.0641399416909621,0,0.5
5,3,46,dummy_prior,625,92,0,0.0641399416909621,0,0.5
5,3,46,dummy_prior,631,187,0,0.0641399416909621,0,0.5
5,3,46,dummy_prior,632,226,0,0.0641399416909621,0,0.5
5,3,46,dummy_prior,645,471,0,0.0641399416909621,0,0.5
5,3,46,dummy_prior,649,613,0,0.0641399416909621,0,0.5
5,3,46,dummy_prior,650,421,0,0.0641399416909621,0,0.5
5,3,46,dummy_prior,657,260,0,0.0641399416909621,0,0.5
5,3,46,dummy_prior,664,756,1,0.0641399416909621,0,0.5
5,3,46,dummy_prior,679,822,0,0.0641399416909621,0,0.5
5,3,46,dummy_prior,681,793,0,0.0641399416909621,0,0.5
5,3,46,dummy_prior,685,820,0,0.0641399416909621,0,0.5
5,3,46,dummy_prior,687,638,1,0.0641399416909621,0,0.5
5,3,46,dummy_prior,691,420,0,0.0641399416909621,0,0.5
5,3,46,dummy_prior,692,74,0,0.0641399416909621,0,0.5
5,3,46,dummy_prior,695,538,0,0.0641399416909621,0,0.5
5,3,46,dummy_prior,697,91,0,0.0641399416909621,0,0.5
5,3,46,dummy_prior,702,439,0,0.0641399416909621,0,0.5
5,3,46,dummy_prior,705,806,0,0.0641399416909621,0,0.5
5,3,46,dummy_prior,707,231,0,0.0641399416909621,0,0.5
5,3,46,dummy_prior,716,144,0,0.0641399416909621,0,0.5
5,3,46,dummy_prior,734,564,0,0.0641399416909621,0,0.5
5,3,46,dummy_prior,742,156,0,0.0641399416909621,0,0.5
5,3,46,dummy_prior,745,30,0,0.0641399416909621,0,0.5
5,3,46,dummy_prior,746,342,0,0.0641399416909621,0,0.5
5,3,46,dummy_prior,760,44,0,0.0641399416909621,0,0.5
5,3,46,dummy_prior,761,607,0,0.0641399416909621,0,0.5
5,3,46,dummy_prior,762,139,0,0.0641399416909621,0,0.5
5,3,46,dummy_prior,769,415,0,0.0641399416909621,0,0.5
5,3,46,dummy_prior,787,256,0,0.0641399416909621,0,0.5
5,3,46,dummy_prior,794,175,0,0.0641399416909621,0,0.5
5,3,46,dummy_prior,795,690,0,0.0641399416909621,0,0.5
5,3,46,dummy_prior,799,141,0,0.0641399416909621,0,0.5
5,3,46,dummy_prior,800,302,0,0.0641399416909621,0,0.5
5,3,46,dummy_prior,802,14,0,0.0641399416909621,0,0.5
5,3,46,dummy_prior,818,700,0,0.0641399416909621,0,0.5
5,3,46,dummy_prior,819,2,0,0.0641399416909621,0,0.5
5,3,46,dummy_prior,820,352,0,0.0641399416909621,0,0.5
5,3,46,dummy_prior,825,794,0,0.0641399416909621,0,0.5
5,3,46,dummy_prior,830,699,0,0.0641399416909621,0,0.5
5,3,46,dummy_prior,839,601,0,0.0641399416909621,0,0.5
5,3,46,dummy_prior,841,297,0,0.0641399416909621,0,0.5
5,3,46,dummy_prior,843,567,0,0.0641399416909621,0,0.5
5,3,46,dummy_prior,844,444,0,0.0641399416909621,0,0.5
5,3,46,dummy_prior,854,616,0,0.0641399416909621,0,0.5
5,3,46,dummy_prior,857,526,0,0.0641399416909621,0,0.5
5,3,46,logistic_regression,7,413,0,0.4402435403628207,0,0.5
5,3,46,logistic_regression,15,776,0,0.6357645532305131,1,0.5
5,3,46,logistic_regression,24,774,0,0.5009930513843885,1,0.5
5,3,46,logistic_regression,28,742,0,0.38491834482542536,0,0.5
5,3,46,logistic_regression,34,749,0,0.6383917255428466,1,0.5
5,3,46,logistic_regression,37,747,0,0.40407672809874173,0,0.5
5,3,46,logistic_regression,38,758,0,0.43759816617042746,0,0.5
5,3,46,logistic_regression,47,770,0,0.47544054493538396,0,0.5
5,3,46,logistic_regression,49,739,0,0.42603966815047284,0,0.5
5,3,46,logistic_regression,53,695,0,0.5528490868252157,1,0.5
5,3,46,logistic_regression,54,708,0,0.6103710463251911,1,0.5
5,3,46,logistic_regression,56,702,0,0.49979962153871066,0,0.5
5,3,46,logistic_regression,63,629,0,0.8382611916617184,1,0.5
5,3,46,logistic_regression,71,677,0,0.435527803659646,0,0.5
5,3,46,logistic_regression,78,693,0,0.4255526271298989,0,0.5
5,3,46,logistic_regression,81,593,0,0.6511435608108604,1,0.5
5,3,46,logistic_regression,86,718,0,0.464858589509367,0,0.5
5,3,46,logistic_regression,88,618,0,0.4457907259760826,0,0.5
5,3,46,logistic_regression,91,689,0,0.6406457998181603,1,0.5
5,3,46,logistic_regression,93,631,1,0.3187731710688551,0,0.5
5,3,46,logistic_regression,98,584,0,0.43631301561116054,0,0.5
5,3,46,logistic_regression,100,669,0,0.507462251116419,1,0.5
5,3,46,logistic_regression,102,599,0,0.4022751552220988,0,0.5
5,3,46,logistic_regression,103,754,1,0.6162909472113582,1,0.5
5,3,46,logistic_regression,104,633,0,0.5778172353666479,1,0.5
5,3,46,logistic_regression,114,667,0,0.46961320189942096,0,0.5
5,3,46,logistic_regression,115,665,0,0.6579853713634708,1,0.5
5,3,46,logistic_regression,118,560,0,0.571798471760886,1,0.5
5,3,46,logistic_regression,122,592,0,0.5237828007950379,1,0.5
5,3,46,logistic_regression,128,518,0,0.33149241788108025,0,0.5
5,3,46,logistic_regression,132,565,0,0.36355611955939643,0,0.5
5,3,46,logistic_regression,137,537,0,0.41874545846463407,0,0.5
5,3,46,logistic_regression,138,517,0,0.33983599463020053,0,0.5
5,3,46,logistic_regression,142,591,0,0.5425357502917673,1,0.5
5,3,46,logistic_regression,147,533,0,0.3568459533338117,0,0.5
5,3,46,logistic_regression,152,438,0,0.4516280934451691,0,0.5
5,3,46,logistic_regression,165,572,0,0.8048284850954945,1,0.5
5,3,46,logistic_regression,171,418,0,0.45531539697588636,0,0.5
5,3,46,logistic_regression,172,522,0,0.5399800570171924,1,0.5
5,3,46,logistic_regression,173,529,0,0.7807802583233255,1,0.5
5,3,46,logistic_regression,181,462,0,0.4117828085321239,0,0.5
5,3,46,logistic_regression,182,392,0,0.42789526271227113,0,0.5
5,3,46,logistic_regression,190,513,0,0.4033436362536916,0,0.5
5,3,46,logistic_regression,196,505,0,0.4499127715335304,0,0.5
5,3,46,logistic_regression,205,388,1,0.39526690535049286,0,0.5
5,3,46,logistic_regression,206,496,0,0.3906230654239132,0,0.5
5,3,46,logistic_regression,210,399,0,0.5084903410232149,1,0.5
5,3,46,logistic_regression,230,304,0,0.39340023041500205,0,0.5
5,3,46,logistic_regression,231,432,0,0.5716379370116631,1,0.5
5,3,46,logistic_regression,237,347,0,0.7090517113271387,1,0.5
5,3,46,logistic_regression,252,344,0,0.5256250312370738,1,0.5
5,3,46,logistic_regression,256,366,0,0.3891008353859461,0,0.5
5,3,46,logistic_regression,260,485,0,0.52731902905058,1,0.5
5,3,46,logistic_regression,264,259,1,0.5124500298624529,1,0.5
5,3,46,logistic_regression,268,305,0,0.4533092784582088,0,0.5
5,3,46,logistic_regression,274,349,0,0.4451537399366603,0,0.5
5,3,46,logistic_regression,288,300,0,0.4833136437031924,0,0.5
5,3,46,logistic_regression,290,204,0,0.5419075514889583,1,0.5
5,3,46,logistic_regression,295,283,0,0.7714279626398279,1,0.5
5,3,46,logistic_regression,297,220,0,0.42825069527902315,0,0.5
5,3,46,logistic_regression,302,323,0,0.5112517186586144,1,0.5
5,3,46,logistic_regression,303,386,0,0.4566030366712243,0,0.5
5,3,46,logistic_regression,304,331,0,0.3820622847965987,0,0.5
5,3,46,logistic_regression,308,382,0,0.4779834082822504,0,0.5
5,3,46,logistic_regression,310,307,0,0.378499143806904,0,0.5
5,3,46,logistic_regression,312,313,0,0.3630486879945633,0,0.5
5,3,46,logistic_regression,314,215,1,0.4376012707825148,0,0.5
5,3,46,logistic_regression,315,189,0,0.4530125092446104,0,0.5
5,3,46,logistic_regression,329,290,0,0.43708730435214826,0,0.5
5,3,46,logistic_regression,352,152,0,0.42646526377149024,0,0.5
5,3,46,logistic_regression,361,199,0,0.3693596489852572,0,0.5
5,3,46,logistic_regression,364,147,0,0.4359835426833787,0,0.5
5,3,46,logistic_regression,369,82,0,0.407515112120407,0,0.5
5,3,46,logistic_regression,370,239,1,0.4302227508700859,0,0.5
5,3,46,logistic_regression,372,242,0,0.4391331684656597,0,0.5
5,3,46,logistic_regression,395,82,0,0.407515112120407,0,0.5
5,3,46,logistic_regression,401,210,0,0.49250309183498603,0,0.5
5,3,46,logistic_regression,410,171,0,0.4644990850162585,0,0.5
5,3,46,logistic_regression,416,70,0,0.45950412248869427,0,0.5
5,3,46,logistic_regression,418,47,0,0.7362998822224699,1,0.5
5,3,46,logistic_regression,420,97,0,0.37358293949552773,0,0.5
5,3,46,logistic_regression,423,51,0,0.4634198159341202,0,0.5
5,3,46,logistic_regression,426,114,0,0.7103419351605378,1,0.5
5,3,46,logistic_regression,428,29,0,0.426477453235652,0,0.5
5,3,46,logistic_regression,431,70,0,0.45950412248869427,0,0.5
5,3,46,logistic_regression,443,10,0,0.3915590887934511,0,0.5
5,3,46,logistic_regression,453,10,0,0.3915590887934511,0,0.5
5,3,46,logistic_regression,455,77,0,0.2644382342979941,0,0.5
5,3,46,logistic_regression,461,19,0,0.4376384937047033,0,0.5
5,3,46,logistic_regression,462,68,0,0.41930639451304835,0,0.5
5,3,46,logistic_regression,464,25,0,0.4124008368516299,0,0.5
5,3,46,logistic_regression,467,41,0,0.4014880809522542,0,0.5
5,3,46,logistic_regression,469,16,0,0.4258017623577046,0,0.5
5,3,46,logistic_regression,474,640,0,0.5153628117933202,1,0.5
5,3,46,logistic_regression,475,154,0,0.441918734076782,0,0.5
5,3,46,logistic_regression,476,753,0,0.3827320672794254,0,0.5
5,3,46,logistic_regression,477,751,0,0.4477010048918474,0,0.5
5,3,46,logistic_regression,478,534,0,0.4739223048791436,0,0.5
5,3,46,logistic_regression,482,757,0,0.6052922284538942,1,0.5
5,3,46,logistic_regression,486,496,0,0.3906230654239132,0,0.5
5,3,46,logistic_regression,491,122,0,0.38942174675499847,0,0.5
5,3,46,logistic_regression,492,658,0,0.38076344427445397,0,0.5
5,3,46,logistic_regression,494,165,0,0.3752397098082872,0,0.5
5,3,46,logistic_regression,495,405,0,0.42776684849544844,0,0.5
5,3,46,logistic_regression,497,356,0,0.5110110307378478,1,0.5
5,3,46,logistic_regression,501,610,0,0.47225922819657296,0,0.5
5,3,46,logistic_regression,506,711,0,0.5214616178901683,1,0.5
5,3,46,logistic_regression,508,590,0,0.7830744097736289,1,0.5
5,3,46,logistic_regression,509,384,0,0.3919778054675038,0,0.5
5,3,46,logistic_regression,523,624,0,0.4059686752512976,0,0.5
5,3,46,logistic_regression,527,262,0,0.38322569791065936,0,0.5
5,3,46,logistic_regression,530,239,1,0.4302227508700859,0,0.5
5,3,46,logistic_regression,532,364,0,0.38851369701143895,0,0.5
5,3,46,logistic_regression,534,93,0,0.37994878597679654,0,0.5
5,3,46,logistic_regression,541,474,0,0.39404789117184735,0,0.5
5,3,46,logistic_regression,545,532,0,0.46840314995534116,0,0.5
5,3,46,logistic_regression,547,385,0,0.40323242749455673,0,0.5
5,3,46,logistic_regression,548,58,0,0.4030115483453518,0,0.5
5,3,46,logistic_regression,560,748,0,0.4730377867772149,0,0.5
5,3,46,logistic_regression,562,282,0,0.4452843789201473,0,0.5
5,3,46,logistic_regression,563,712,0,0.4165202708511989,0,0.5
5,3,46,logistic_regression,570,559,0,0.4965121584053765,0,0.5
5,3,46,logistic_regression,571,257,0,0.45436363236591015,0,0.5
5,3,46,logistic_regression,599,176,0,0.4083517598620509,0,0.5
5,3,46,logistic_regression,610,230,1,0.47736975555579947,0,0.5
5,3,46,logistic_regression,614,341,1,0.6503614387414994,1,0.5
5,3,46,logistic_regression,616,376,0,0.4741271653598829,0,0.5
5,3,46,logistic_regression,625,92,0,0.42228489486933496,0,0.5
5,3,46,logistic_regression,631,187,0,0.4537169257082468,0,0.5
5,3,46,logistic_regression,632,226,0,0.4526284498409067,0,0.5
5,3,46,logistic_regression,645,471,0,0.5712306541467281,1,0.5
5,3,46,logistic_regression,649,613,0,0.5882680046584551,1,0.5
5,3,46,logistic_regression,650,421,0,0.47575382857897663,0,0.5
5,3,46,logistic_regression,657,260,0,0.5359309150979055,1,0.5
5,3,46,logistic_regression,664,756,1,0.7032783286683549,1,0.5
5,3,46,logistic_regression,679,822,0,0.5962971439638739,1,0.5
5,3,46,logistic_regression,681,793,0,0.4075483241807098,0,0.5
5,3,46,logistic_regression,685,820,0,0.35607083404665085,0,0.5
5,3,46,logistic_regression,687,638,1,0.802323143887837,1,0.5
5,3,46,logistic_regression,691,420,0,0.7613778501952662,1,0.5
5,3,46,logistic_regression,692,74,0,0.4120474160576929,0,0.5
5,3,46,logistic_regression,695,538,0,0.4000347178434071,0,0.5
5,3,46,logistic_regression,697,91,0,0.41718702341136654,0,0.5
5,3,46,logistic_regression,702,439,0,0.43252305744661285,0,0.5
5,3,46,logistic_regression,705,806,0,0.38146406398438004,0,0.5
5,3,46,logistic_regression,707,231,0,0.42482905294831563,0,0.5
5,3,46,logistic_regression,716,144,0,0.44520562448409495,0,0.5
5,3,46,logistic_regression,734,564,0,0.5458553851965772,1,0.5
5,3,46,logistic_regression,742,156,0,0.7029863307675291,1,0.5
5,3,46,logistic_regression,745,30,0,0.44643090813589253,0,0.5
5,3,46,logistic_regression,746,342,0,0.5458808108232752,1,0.5
5,3,46,logistic_regression,760,44,0,0.7094528022493528,1,0.5
5,3,46,logistic_regression,761,607,0,0.4573062801924895,0,0.5
5,3,46,logistic_regression,762,139,0,0.37779995056566384,0,0.5
5,3,46,logistic_regression,769,415,0,0.42357474403958423,0,0.5
5,3,46,logistic_regression,787,256,0,0.5398620009011946,1,0.5
5,3,46,logistic_regression,794,175,0,0.3884560931202962,0,0.5
5,3,46,logistic_regression,795,690,0,0.7029311526645273,1,0.5
5,3,46,logistic_regression,799,141,0,0.45446559517353063,0,0.5
5,3,46,logistic_regression,800,302,0,0.47689650564688374,0,0.5
5,3,46,logistic_regression,802,14,0,0.3933868454385115,0,0.5
5,3,46,logistic_regression,818,700,0,0.42959620443725793,0,0.5
5,3,46,logistic_regression,819,2,0,0.4136781486032414,0,0.5
5,3,46,logistic_regression,820,352,0,0.3962385197996236,0,0.5
5,3,46,logistic_regression,825,794,0,0.4549563062836997,0,0.5
5,3,46,logistic_regression,830,699,0,0.49394265375462815,0,0.5
5,3,46,logistic_regression,839,601,0,0.45774895010783745,0,0.5
5,3,46,logistic_regression,841,297,0,0.42559225789504607,0,0.5
5,3,46,logistic_regression,843,567,0,0.47602715499545056,0,0.5
5,3,46,logistic_regression,844,444,0,0.49433289764470595,0,0.5
5,3,46,logistic_regression,854,616,0,0.49639464249897775,0,0.5
5,3,46,logistic_regression,857,526,0,0.3706163712634761,0,0.5
5,3,46,xgboost,7,413,0,0.16234508156776428,0,0.5
5,3,46,xgboost,15,776,0,0.7662560939788818,1,0.5
5,3,46,xgboost,24,774,0,0.4112599790096283,0,0.5
5,3,46,xgboost,28,742,0,0.1557505875825882,0,0.5
5,3,46,xgboost,34,749,0,0.380041241645813,0,0.5
5,3,46,xgboost,37,747,0,0.4234638810157776,0,0.5
5,3,46,xgboost,38,758,0,0.2143966406583786,0,0.5
5,3,46,xgboost,47,770,0,0.32787439227104187,0,0.5
5,3,46,xgboost,49,739,0,0.5428539514541626,1,0.5
5,3,46,xgboost,53,695,0,0.5714531540870667,1,0.5
5,3,46,xgboost,54,708,0,0.6127724051475525,1,0.5
5,3,46,xgboost,56,702,0,0.481901615858078,0,0.5
5,3,46,xgboost,63,629,0,0.6687875986099243,1,0.5
5,3,46,xgboost,71,677,0,0.5338728427886963,1,0.5
5,3,46,xgboost,78,693,0,0.3296235501766205,0,0.5
5,3,46,xgboost,81,593,0,0.4630798399448395,0,0.5
5,3,46,xgboost,86,718,0,0.2364978790283203,0,0.5
5,3,46,xgboost,88,618,0,0.36041221022605896,0,0.5
5,3,46,xgboost,91,689,0,0.2686005234718323,0,0.5
5,3,46,xgboost,93,631,1,0.18278396129608154,0,0.5
5,3,46,xgboost,98,584,0,0.22605346143245697,0,0.5
5,3,46,xgboost,100,669,0,0.34821799397468567,0,0.5
5,3,46,xgboost,102,599,0,0.48353761434555054,0,0.5
5,3,46,xgboost,103,754,1,0.6724944710731506,1,0.5
5,3,46,xgboost,104,633,0,0.7018231749534607,1,0.5
5,3,46,xgboost,114,667,0,0.41783609986305237,0,0.5
5,3,46,xgboost,115,665,0,0.4630798399448395,0,0.5
5,3,46,xgboost,118,560,0,0.6566286087036133,1,0.5
5,3,46,xgboost,122,592,0,0.3853052258491516,0,0.5
5,3,46,xgboost,128,518,0,0.15002557635307312,0,0.5
5,3,46,xgboost,132,565,0,0.1908555030822754,0,0.5
5,3,46,xgboost,137,537,0,0.5101611018180847,1,0.5
5,3,46,xgboost,138,517,0,0.15002557635307312,0,0.5
5,3,46,xgboost,142,591,0,0.5550256967544556,1,0.5
5,3,46,xgboost,147,533,0,0.5315781831741333,1,0.5
5,3,46,xgboost,152,438,0,0.39667588472366333,0,0.5
5,3,46,xgboost,165,572,0,0.5256790518760681,1,0.5
5,3,46,xgboost,171,418,0,0.4100812077522278,0,0.5
5,3,46,xgboost,172,522,0,0.652353048324585,1,0.5
5,3,46,xgboost,173,529,0,0.6599121689796448,1,0.5
5,3,46,xgboost,181,462,0,0.4183518886566162,0,0.5
5,3,46,xgboost,182,392,0,0.5201243758201599,1,0.5
5,3,46,xgboost,190,513,0,0.5162411332130432,1,0.5
5,3,46,xgboost,196,505,0,0.5684549808502197,1,0.5
5,3,46,xgboost,205,388,1,0.4697790741920471,0,0.5
5,3,46,xgboost,206,496,0,0.2735046446323395,0,0.5
5,3,46,xgboost,210,399,0,0.3772486746311188,0,0.5
5,3,46,xgboost,230,304,0,0.4010445773601532,0,0.5
5,3,46,xgboost,231,432,0,0.34137415885925293,0,0.5
5,3,46,xgboost,237,347,0,0.7054840326309204,1,0.5
5,3,46,xgboost,252,344,0,0.2501521706581116,0,0.5
5,3,46,xgboost,256,366,0,0.31726521253585815,0,0.5
5,3,46,xgboost,260,485,0,0.3615090548992157,0,0.5
5,3,46,xgboost,264,259,1,0.3236411213874817,0,0.5
5,3,46,xgboost,268,305,0,0.48057401180267334,0,0.5
5,3,46,xgboost,274,349,0,0.3552187383174896,0,0.5
5,3,46,xgboost,288,300,0,0.2932259142398834,0,0.5
5,3,46,xgboost,290,204,0,0.33805355429649353,0,0.5
5,3,46,xgboost,295,283,0,0.5662255883216858,1,0.5
5,3,46,xgboost,297,220,0,0.49474260210990906,0,0.5
5,3,46,xgboost,302,323,0,0.32140278816223145,0,0.5
5,3,46,xgboost,303,386,0,0.3881272077560425,0,0.5
5,3,46,xgboost,304,331,0,0.4607882797718048,0,0.5
5,3,46,xgboost,308,382,0,0.4388798475265503,0,0.5
5,3,46,xgboost,310,307,0,0.405967652797699,0,0.5
5,3,46,xgboost,312,313,0,0.20379990339279175,0,0.5
5,3,46,xgboost,314,215,1,0.46373581886291504,0,0.5
5,3,46,xgboost,315,189,0,0.33913618326187134,0,0.5
5,3,46,xgboost,329,290,0,0.4105418920516968,0,0.5
5,3,46,xgboost,352,152,0,0.366740882396698,0,0.5
5,3,46,xgboost,361,199,0,0.45981281995773315,0,0.5
5,3,46,xgboost,364,147,0,0.403639018535614,0,0.5
5,3,46,xgboost,369,82,0,0.4401703476905823,0,0.5
5,3,46,xgboost,370,239,1,0.366740882396698,0,0.5
5,3,46,xgboost,372,242,0,0.41025111079216003,0,0.5
5,3,46,xgboost,395,82,0,0.4401703476905823,0,0.5
5,3,46,xgboost,401,210,0,0.3554309904575348,0,0.5
5,3,46,xgboost,410,171,0,0.5347374081611633,1,0.5
5,3,46,xgboost,416,70,0,0.3975476920604706,0,0.5
5,3,46,xgboost,418,47,0,0.6375418901443481,1,0.5
5,3,46,xgboost,420,97,0,0.4466378688812256,0,0.5
5,3,46,xgboost,423,51,0,0.3940717875957489,0,0.5
5,3,46,xgboost,426,114,0,0.5876743197441101,1,0.5
5,3,46,xgboost,428,29,0,0.3066064119338989,0,0.5
5,3,46,xgboost,431,70,0,0.3975476920604706,0,0.5
5,3,46,xgboost,443,10,0,0.3035126328468323,0,0.5
5,3,46,xgboost,453,10,0,0.3035126328468323,0,0.5
5,3,46,xgboost,455,77,0,0.4950038194656372,0,0.5
5,3,46,xgboost,461,19,0,0.3590715527534485,0,0.5
5,3,46,xgboost,462,68,0,0.34811893105506897,0,0.5
5,3,46,xgboost,464,25,0,0.3548745810985565,0,0.5
5,3,46,xgboost,467,41,0,0.40684834122657776,0,0.5
5,3,46,xgboost,469,16,0,0.3150778114795685,0,0.5
5,3,46,xgboost,474,640,0,0.4563415050506592,0,0.5
5,3,46,xgboost,475,154,0,0.37340787053108215,0,0.5
5,3,46,xgboost,476,753,0,0.18278396129608154,0,0.5
5,3,46,xgboost,477,751,0,0.506354033946991,1,0.5
5,3,46,xgboost,478,534,0,0.34685182571411133,0,0.5
5,3,46,xgboost,482,757,0,0.44878026843070984,0,0.5
5,3,46,xgboost,486,496,0,0.2735046446323395,0,0.5
5,3,46,xgboost,491,122,0,0.43893542885780334,0,0.5
5,3,46,xgboost,492,658,0,0.18266454339027405,0,0.5
5,3,46,xgboost,494,165,0,0.45085063576698303,0,0.5
5,3,46,xgboost,495,405,0,0.40875837206840515,0,0.5
5,3,46,xgboost,497,356,0,0.3862098753452301,0,0.5
5,3,46,xgboost,501,610,0,0.14681988954544067,0,0.5
5,3,46,xgboost,506,711,0,0.3713306188583374,0,0.5
5,3,46,xgboost,508,590,0,0.35359758138656616,0,0.5
5,3,46,xgboost,509,384,0,0.21888957917690277,0,0.5
5,3,46,xgboost,523,624,0,0.4968162477016449,0,0.5
5,3,46,xgboost,527,262,0,0.4599330723285675,0,0.5
5,3,46,xgboost,530,239,1,0.366740882396698,0,0.5
5,3,46,xgboost,532,364,0,0.39455360174179077,0,0.5
5,3,46,xgboost,534,93,0,0.3480169177055359,0,0.5
5,3,46,xgboost,541,474,0,0.4010445773601532,0,0.5
5,3,46,xgboost,545,532,0,0.44366320967674255,0,0.5
5,3,46,xgboost,547,385,0,0.32625386118888855,0,0.5
5,3,46,xgboost,548,58,0,0.3777289092540741,0,0.5
5,3,46,xgboost,560,748,0,0.15890948474407196,0,0.5
5,3,46,xgboost,562,282,0,0.3958089053630829,0,0.5
5,3,46,xgboost,563,712,0,0.38381659984588623,0,0.5
5,3,46,xgboost,570,559,0,0.4187179207801819,0,0.5
5,3,46,xgboost,571,257,0,0.42250165343284607,0,0.5
5,3,46,xgboost,599,176,0,0.3307019770145416,0,0.5
5,3,46,xgboost,610,230,1,0.555303692817688,1,0.5
5,3,46,xgboost,614,341,1,0.3475390374660492,0,0.5
5,3,46,xgboost,616,376,0,0.3294006586074829,0,0.5
5,3,46,xgboost,625,92,0,0.3521127700805664,0,0.5
5,3,46,xgboost,631,187,0,0.4467163681983948,0,0.5
5,3,46,xgboost,632,226,0,0.37340787053108215,0,0.5
5,3,46,xgboost,645,471,0,0.609279990196228,1,0.5
5,3,46,xgboost,649,613,0,0.6566286087036133,1,0.5
5,3,46,xgboost,650,421,0,0.4261946976184845,0,0.5
5,3,46,xgboost,657,260,0,0.5638132095336914,1,0.5
5,3,46,xgboost,664,756,1,0.782891035079956,1,0.5
5,3,46,xgboost,679,822,0,0.4849492907524109,0,0.5
5,3,46,xgboost,681,793,0,0.10886263102293015,0,0.5
5,3,46,xgboost,685,820,0,0.4870983958244324,0,0.5
5,3,46,xgboost,687,638,1,0.5751120448112488,1,0.5
5,3,46,xgboost,691,420,0,0.5797134041786194,1,0.5
5,3,46,xgboost,692,74,0,0.38305678963661194,0,0.5
5,3,46,xgboost,695,538,0,0.46680495142936707,0,0.5
5,3,46,xgboost,697,91,0,0.3673281967639923,0,0.5
5,3,46,xgboost,702,439,0,0.3791061043739319,0,0.5
5,3,46,xgboost,705,806,0,0.16189466416835785,0,0.5
5,3,46,xgboost,707,231,0,0.5057942867279053,1,0.5
5,3,46,xgboost,716,144,0,0.41359230875968933,0,0.5
5,3,46,xgboost,734,564,0,0.44878026843070984,0,0.5
5,3,46,xgboost,742,156,0,0.6450320482254028,1,0.5
5,3,46,xgboost,745,30,0,0.3605637550354004,0,0.5
5,3,46,xgboost,746,342,0,0.28019198775291443,0,0.5
5,3,46,xgboost,760,44,0,0.6413295865058899,1,0.5
5,3,46,xgboost,761,607,0,0.42395278811454773,0,0.5
5,3,46,xgboost,762,139,0,0.45085063576698303,0,0.5
5,3,46,xgboost,769,415,0,0.3706376552581787,0,0.5
5,3,46,xgboost,787,256,0,0.3734515607357025,0,0.5
5,3,46,xgboost,794,175,0,0.3518909811973572,0,0.5
5,3,46,xgboost,795,690,0,0.8178808689117432,1,0.5
5,3,46,xgboost,799,141,0,0.41359230875968933,0,0.5
5,3,46,xgboost,800,302,0,0.2588842809200287,0,0.5
5,3,46,xgboost,802,14,0,0.31120580434799194,0,0.5
5,3,46,xgboost,818,700,0,0.46006712317466736,0,0.5
5,3,46,xgboost,819,2,0,0.33525657653808594,0,0.5
5,3,46,xgboost,820,352,0,0.44416582584381104,0,0.5
5,3,46,xgboost,825,794,0,0.40442734956741333,0,0.5
5,3,46,xgboost,830,699,0,0.4655662477016449,0,0.5
5,3,46,xgboost,839,601,0,0.43074220418930054,0,0.5
5,3,46,xgboost,841,297,0,0.3314010500907898,0,0.5
5,3,46,xgboost,843,567,0,0.4112599790096283,0,0.5
5,3,46,xgboost,844,444,0,0.24828174710273743,0,0.5
5,3,46,xgboost,854,616,0,0.3718971014022827,0,0.5
5,3,46,xgboost,857,526,0,0.2451382428407669,0,0.5
5,4,46,dummy_prior,2,660,0,0.06404657933042213,0,0.5
5,4,46,dummy_prior,11,450,0,0.06404657933042213,0,0.5
5,4,46,dummy_prior,16,790,0,0.06404657933042213,0,0.5
5,4,46,dummy_prior,23,767,1,0.06404657933042213,0,0.5
5,4,46,dummy_prior,25,805,0,0.06404657933042213,0,0.5
5,4,46,dummy_prior,32,738,0,0.06404657933042213,0,0.5
5,4,46,dummy_prior,41,732,1,0.06404657933042213,0,0.5
5,4,46,dummy_prior,52,729,0,0.06404657933042213,0,0.5
5,4,46,dummy_prior,55,789,0,0.06404657933042213,0,0.5
5,4,46,dummy_prior,60,673,0,0.06404657933042213,0,0.5
5,4,46,dummy_prior,61,697,0,0.06404657933042213,0,0.5
5,4,46,dummy_prior,66,673,0,0.06404657933042213,0,0.5
5,4,46,dummy_prior,76,675,0,0.06404657933042213,0,0.5
5,4,46,dummy_prior,90,707,0,0.06404657933042213,0,0.5
5,4,46,dummy_prior,101,580,0,0.06404657933042213,0,0.5
5,4,46,dummy_prior,105,674,0,0.06404657933042213,0,0.5
5,4,46,dummy_prior,120,627,0,0.06404657933042213,0,0.5
5,4,46,dummy_prior,121,579,0,0.06404657933042213,0,0.5
5,4,46,dummy_prior,127,520,0,0.06404657933042213,0,0.5
5,4,46,dummy_prior,129,557,0,0.06404657933042213,0,0.5
5,4,46,dummy_prior,139,556,0,0.06404657933042213,0,0.5
5,4,46,dummy_prior,141,194,0,0.06404657933042213,0,0.5
5,4,46,dummy_prior,144,558,0,0.06404657933042213,0,0.5
5,4,46,dummy_prior,145,595,0,0.06404657933042213,0,0.5
5,4,46,dummy_prior,148,643,0,0.06404657933042213,0,0.5
5,4,46,dummy_prior,158,617,0,0.06404657933042213,0,0.5
5,4,46,dummy_prior,160,484,0,0.06404657933042213,0,0.5
5,4,46,dummy_prior,162,481,0,0.06404657933042213,0,0.5
5,4,46,dummy_prior,169,108,0,0.06404657933042213,0,0.5
5,4,46,dummy_prior,179,548,0,0.06404657933042213,0,0.5
5,4,46,dummy_prior,183,491,0,0.06404657933042213,0,0.5
5,4,46,dummy_prior,184,411,0,0.06404657933042213,0,0.5
5,4,46,dummy_prior,192,459,0,0.06404657933042213,0,0.5
5,4,46,dummy_prior,201,441,0,0.06404657933042213,0,0.5
5,4,46,dummy_prior,204,222,0,0.06404657933042213,0,0.5
5,4,46,dummy_prior,213,500,0,0.06404657933042213,0,0.5
5,4,46,dummy_prior,219,324,0,0.06404657933042213,0,0.5
5,4,46,dummy_prior,221,407,0,0.06404657933042213,0,0.5
5,4,46,dummy_prior,224,351,1,0.06404657933042213,0,0.5
5,4,46,dummy_prior,226,409,0,0.06404657933042213,0,0.5
5,4,46,dummy_prior,233,345,0,0.06404657933042213,0,0.5
5,4,46,dummy_prior,238,536,0,0.06404657933042213,0,0.5
5,4,46,dummy_prior,239,497,0,0.06404657933042213,0,0.5
5,4,46,dummy_prior,241,354,0,0.06404657933042213,0,0.5
5,4,46,dummy_prior,247,292,0,0.06404657933042213,0,0.5
5,4,46,dummy_prior,257,273,1,0.06404657933042213,0,0.5
5,4,46,dummy_prior,258,245,0,0.06404657933042213,0,0.5
5,4,46,dummy_prior,259,329,0,0.06404657933042213,0,0.5
5,4,46,dummy_prior,262,295,0,0.06404657933042213,0,0.5
5,4,46,dummy_prior,266,232,0,0.06404657933042213,0,0.5
5,4,46,dummy_prior,273,355,0,0.06404657933042213,0,0.5
5,4,46,dummy_prior,275,237,0,0.06404657933042213,0,0.5
5,4,46,dummy_prior,287,272,0,0.06404657933042213,0,0.5
5,4,46,dummy_prior,299,319,0,0.06404657933042213,0,0.5
5,4,46,dummy_prior,307,287,0,0.06404657933042213,0,0.5
5,4,46,dummy_prior,318,308,0,0.06404657933042213,0,0.5
5,4,46,dummy_prior,320,271,1,0.06404657933042213,0,0.5
5,4,46,dummy_prior,321,269,0,0.06404657933042213,0,0.5
5,4,46,dummy_prior,323,268,0,0.06404657933042213,0,0.5
5,4,46,dummy_prior,325,169,1,0.06404657933042213,0,0.5
5,4,46,dummy_prior,334,229,0,0.06404657933042213,0,0.5
5,4,46,dummy_prior,338,200,0,0.06404657933042213,0,0.5
5,4,46,dummy_prior,340,148,0,0.06404657933042213,0,0.5
5,4,46,dummy_prior,344,79,0,0.06404657933042213,0,0.5
5,4,46,dummy_prior,345,276,1,0.06404657933042213,0,0.5
5,4,46,dummy_prior,348,125,0,0.06404657933042213,0,0.5
5,4,46,dummy_prior,350,167,0,0.06404657933042213,0,0.5
5,4,46,dummy_prior,356,79,0,0.06404657933042213,0,0.5
5,4,46,dummy_prior,368,203,0,0.06404657933042213,0,0.5
5,4,46,dummy_prior,371,367,0,0.06404657933042213,0,0.5
5,4,46,dummy_prior,382,400,0,0.06404657933042213,0,0.5
5,4,46,dummy_prior,386,90,0,0.06404657933042213,0,0.5
5,4,46,dummy_prior,387,266,0,0.06404657933042213,0,0.5
5,4,46,dummy_prior,388,185,0,0.06404657933042213,0,0.5
5,4,46,dummy_prior,390,179,0,0.06404657933042213,0,0.5
5,4,46,dummy_prior,394,184,0,0.06404657933042213,0,0.5
5,4,46,dummy_prior,397,137,0,0.06404657933042213,0,0.5
5,4,46,dummy_prior,398,115,0,0.06404657933042213,0,0.5
5,4,46,dummy_prior,399,209,0,0.06404657933042213,0,0.5
5,4,46,dummy_prior,400,55,0,0.06404657933042213,0,0.5
5,4,46,dummy_prior,405,61,0,0.06404657933042213,0,0.5
5,4,46,dummy_prior,408,60,0,0.06404657933042213,0,0.5
5,4,46,dummy_prior,409,54,0,0.06404657933042213,0,0.5
5,4,46,dummy_prior,412,87,0,0.06404657933042213,0,0.5
5,4,46,dummy_prior,427,161,0,0.06404657933042213,0,0.5
5,4,46,dummy_prior,435,54,0,0.06404657933042213,0,0.5
5,4,46,dummy_prior,439,112,0,0.06404657933042213,0,0.5
5,4,46,dummy_prior,444,80,0,0.06404657933042213,0,0.5
5,4,46,dummy_prior,447,63,0,0.06404657933042213,0,0.5
5,4,46,dummy_prior,448,65,0,0.06404657933042213,0,0.5
5,4,46,dummy_prior,449,75,0,0.06404657933042213,0,0.5
5,4,46,dummy_prior,471,94,0,0.06404657933042213,0,0.5
5,4,46,dummy_prior,472,682,1,0.06404657933042213,0,0.5
5,4,46,dummy_prior,473,787,0,0.06404657933042213,0,0.5
5,4,46,dummy_prior,479,482,0,0.06404657933042213,0,0.5
5,4,46,dummy_prior,485,286,0,0.06404657933042213,0,0.5
5,4,46,dummy_prior,499,614,0,0.06404657933042213,0,0.5
5,4,46,dummy_prior,507,71,0,0.06404657933042213,0,0.5
5,4,46,dummy_prior,510,17,0,0.06404657933042213,0,0.5
5,4,46,dummy_prior,529,652,0,0.06404657933042213,0,0.5
5,4,46,dummy_prior,543,40,0,0.06404657933042213,0,0.5
5,4,46,dummy_prior,546,213,0,0.06404657933042213,0,0.5
5,4,46,dummy_prior,551,639,0,0.06404657933042213,0,0.5
5,4,46,dummy_prior,552,105,0,0.06404657933042213,0,0.5
5,4,46,dummy_prior,554,20,0,0.06404657933042213,0,0.5
5,4,46,dummy_prior,566,456,0,0.06404657933042213,0,0.5
5,4,46,dummy_prior,568,338,0,0.06404657933042213,0,0.5
5,4,46,dummy_prior,575,54,0,0.06404657933042213,0,0.5
5,4,46,dummy_prior,578,126,1,0.06404657933042213,0,0.5
5,4,46,dummy_prior,579,730,0,0.06404657933042213,0,0.5
5,4,46,dummy_prior,580,55,0,0.06404657933042213,0,0.5
5,4,46,dummy_prior,585,648,0,0.06404657933042213,0,0.5
5,4,46,dummy_prior,587,687,0,0.06404657933042213,0,0.5
5,4,46,dummy_prior,589,784,0,0.06404657933042213,0,0.5
5,4,46,dummy_prior,590,56,0,0.06404657933042213,0,0.5
5,4,46,dummy_prior,594,193,0,0.06404657933042213,0,0.5
5,4,46,dummy_prior,597,133,0,0.06404657933042213,0,0.5
5,4,46,dummy_prior,598,54,1,0.06404657933042213,0,0.5
5,4,46,dummy_prior,606,539,0,0.06404657933042213,0,0.5
5,4,46,dummy_prior,612,225,0,0.06404657933042213,0,0.5
5,4,46,dummy_prior,617,157,0,0.06404657933042213,0,0.5
5,4,46,dummy_prior,618,130,0,0.06404657933042213,0,0.5
5,4,46,dummy_prior,624,118,0,0.06404657933042213,0,0.5
5,4,46,dummy_prior,626,622,0,0.06404657933042213,0,0.5
5,4,46,dummy_prior,629,336,0,0.06404657933042213,0,0.5
5,4,46,dummy_prior,642,512,0,0.06404657933042213,0,0.5
5,4,46,dummy_prior,646,27,0,0.06404657933042213,0,0.5
5,4,46,dummy_prior,651,788,0,0.06404657933042213,0,0.5
5,4,46,dummy_prior,654,810,0,0.06404657933042213,0,0.5
5,4,46,dummy_prior,660,33,0,0.06404657933042213,0,0.5
5,4,46,dummy_prior,667,829,0,0.06404657933042213,0,0.5
5,4,46,dummy_prior,676,828,0,0.06404657933042213,0,0.5
5,4,46,dummy_prior,684,815,0,0.06404657933042213,0,0.5
5,4,46,dummy_prior,686,704,1,0.06404657933042213,0,0.5
5,4,46,dummy_prior,696,138,0,0.06404657933042213,0,0.5
5,4,46,dummy_prior,708,254,0,0.06404657933042213,0,0.5
5,4,46,dummy_prior,721,655,0,0.06404657933042213,0,0.5
5,4,46,dummy_prior,727,589,0,0.06404657933042213,0,0.5
5,4,46,dummy_prior,732,417,0,0.06404657933042213,0,0.5
5,4,46,dummy_prior,736,725,0,0.06404657933042213,0,0.5
5,4,46,dummy_prior,737,177,0,0.06404657933042213,0,0.5
5,4,46,dummy_prior,743,540,0,0.06404657933042213,0,0.5
5,4,46,dummy_prior,747,218,0,0.06404657933042213,0,0.5
5,4,46,dummy_prior,748,393,0,0.06404657933042213,0,0.5
5,4,46,dummy_prior,749,541,0,0.06404657933042213,0,0.5
5,4,46,dummy_prior,751,778,0,0.06404657933042213,0,0.5
5,4,46,dummy_prior,752,676,0,0.06404657933042213,0,0.5
5,4,46,dummy_prior,755,563,0,0.06404657933042213,0,0.5
5,4,46,dummy_prior,757,360,0,0.06404657933042213,0,0.5
5,4,46,dummy_prior,758,578,0,0.06404657933042213,0,0.5
5,4,46,dummy_prior,759,101,0,0.06404657933042213,0,0.5
5,4,46,dummy_prior,768,422,0,0.06404657933042213,0,0.5
5,4,46,dummy_prior,772,113,0,0.06404657933042213,0,0.5
5,4,46,dummy_prior,774,801,0,0.06404657933042213,0,0.5
5,4,46,dummy_prior,775,455,0,0.06404657933042213,0,0.5
5,4,46,dummy_prior,778,136,0,0.06404657933042213,0,0.5
5,4,46,dummy_prior,784,403,0,0.06404657933042213,0,0.5
5,4,46,dummy_prior,788,752,0,0.06404657933042213,0,0.5
5,4,46,dummy_prior,807,717,0,0.06404657933042213,0,0.5
5,4,46,dummy_prior,816,233,0,0.06404657933042213,0,0.5
5,4,46,dummy_prior,817,516,0,0.06404657933042213,0,0.5
5,4,46,dummy_prior,821,602,0,0.06404657933042213,0,0.5
5,4,46,dummy_prior,823,644,0,0.06404657933042213,0,0.5
5,4,46,dummy_prior,827,688,0,0.06404657933042213,0,0.5
5,4,46,dummy_prior,829,666,0,0.06404657933042213,0,0.5
5,4,46,dummy_prior,831,777,0,0.06404657933042213,0,0.5
5,4,46,dummy_prior,832,561,0,0.06404657933042213,0,0.5
5,4,46,dummy_prior,835,332,0,0.06404657933042213,0,0.5
5,4,46,dummy_prior,840,346,0,0.06404657933042213,0,0.5
5,4,46,dummy_prior,842,722,0,0.06404657933042213,0,0.5
5,4,46,dummy_prior,852,800,0,0.06404657933042213,0,0.5
5,4,46,logistic_regression,2,660,0,0.4052920033038787,0,0.5
5,4,46,logistic_regression,11,450,0,0.5513642194696367,1,0.5
5,4,46,logistic_regression,16,790,0,0.4090057380373166,0,0.5
5,4,46,logistic_regression,23,767,1,0.6314879296009459,1,0.5
5,4,46,logistic_regression,25,805,0,0.39540992654263823,0,0.5
5,4,46,logistic_regression,32,738,0,0.41645531022677307,0,0.5
5,4,46,logistic_regression,41,732,1,0.6697216321250656,1,0.5
5,4,46,logistic_regression,52,729,0,0.41206837390193274,0,0.5
5,4,46,logistic_regression,55,789,0,0.7005628691226014,1,0.5
5,4,46,logistic_regression,60,673,0,0.49207324021297527,0,0.5
5,4,46,logistic_regression,61,697,0,0.6692302349417386,1,0.5
5,4,46,logistic_regression,66,673,0,0.49207324021297527,0,0.5
5,4,46,logistic_regression,76,675,0,0.5771448078772968,1,0.5
5,4,46,logistic_regression,90,707,0,0.5168197188496889,1,0.5
5,4,46,logistic_regression,101,580,0,0.7981197204951582,1,0.5
5,4,46,logistic_regression,105,674,0,0.5481211733740123,1,0.5
5,4,46,logistic_regression,120,627,0,0.492327522118743,0,0.5
5,4,46,logistic_regression,121,579,0,0.5033619743887726,1,0.5
5,4,46,logistic_regression,127,520,0,0.6033338693656517,1,0.5
5,4,46,logistic_regression,129,557,0,0.5866514033747567,1,0.5
5,4,46,logistic_regression,139,556,0,0.5665140777390963,1,0.5
5,4,46,logistic_regression,141,194,0,0.3634787235241601,0,0.5
5,4,46,logistic_regression,144,558,0,0.3764768702048948,0,0.5
5,4,46,logistic_regression,145,595,0,0.6249740419348386,1,0.5
5,4,46,logistic_regression,148,643,0,0.48536137819846936,0,0.5
5,4,46,logistic_regression,158,617,0,0.426775987148166,0,0.5
5,4,46,logistic_regression,160,484,0,0.5940196293328283,1,0.5
5,4,46,logistic_regression,162,481,0,0.46489143956210804,0,0.5
5,4,46,logistic_regression,169,108,0,0.5227222182302631,1,0.5
5,4,46,logistic_regression,179,548,0,0.5393665787779414,1,0.5
5,4,46,logistic_regression,183,491,0,0.45790009628896156,0,0.5
5,4,46,logistic_regression,184,411,0,0.4920937854780357,0,0.5
5,4,46,logistic_regression,192,459,0,0.47787604643980836,0,0.5
5,4,46,logistic_regression,201,441,0,0.516165562686387,1,0.5
5,4,46,logistic_regression,204,222,0,0.4321095291641337,0,0.5
5,4,46,logistic_regression,213,500,0,0.9194690138971364,1,0.5
5,4,46,logistic_regression,219,324,0,0.4296071403485171,0,0.5
5,4,46,logistic_regression,221,407,0,0.43648073434900636,0,0.5
5,4,46,logistic_regression,224,351,1,0.7196179586412126,1,0.5
5,4,46,logistic_regression,226,409,0,0.40495863272829147,0,0.5
5,4,46,logistic_regression,233,345,0,0.39195692666727217,0,0.5
5,4,46,logistic_regression,238,536,0,0.5647310155081945,1,0.5
5,4,46,logistic_regression,239,497,0,0.5836165941793177,1,0.5
5,4,46,logistic_regression,241,354,0,0.45502141967681176,0,0.5
5,4,46,logistic_regression,247,292,0,0.4018861813172053,0,0.5
5,4,46,logistic_regression,257,273,1,0.6562767954925518,1,0.5
5,4,46,logistic_regression,258,245,0,0.3571332183248234,0,0.5
5,4,46,logistic_regression,259,329,0,0.5510611929874683,1,0.5
5,4,46,logistic_regression,262,295,0,0.5509906449233,1,0.5
5,4,46,logistic_regression,266,232,0,0.37550329963404566,0,0.5
5,4,46,logistic_regression,273,355,0,0.5340195811779059,1,0.5
5,4,46,logistic_regression,275,237,0,0.39791601190918197,0,0.5
5,4,46,logistic_regression,287,272,0,0.4295853669259191,0,0.5
5,4,46,logistic_regression,299,319,0,0.3633416067460379,0,0.5
5,4,46,logistic_regression,307,287,0,0.37107025474613575,0,0.5
5,4,46,logistic_regression,318,308,0,0.45580548052982456,0,0.5
5,4,46,logistic_regression,320,271,1,0.37433782512305147,0,0.5
5,4,46,logistic_regression,321,269,0,0.36655485701789425,0,0.5
5,4,46,logistic_regression,323,268,0,0.4358976096362018,0,0.5
5,4,46,logistic_regression,325,169,1,0.4213709693136108,0,0.5
5,4,46,logistic_regression,334,229,0,0.4039150439856476,0,0.5
5,4,46,logistic_regression,338,200,0,0.4626605195886547,0,0.5
5,4,46,logistic_regression,340,148,0,0.37239621857023186,0,0.5
5,4,46,logistic_regression,344,79,0,0.4060541420657933,0,0.5
5,4,46,logistic_regression,345,276,1,0.36212948074992063,0,0.5
5,4,46,logistic_regression,348,125,0,0.43438979310978276,0,0.5
5,4,46,logistic_regression,350,167,0,0.3987924500283919,0,0.5
5,4,46,logistic_regression,356,79,0,0.4060541420657933,0,0.5
5,4,46,logistic_regression,368,203,0,0.40901423384140934,0,0.5
5,4,46,logistic_regression,371,367,0,0.44155977870222596,0,0.5
5,4,46,logistic_regression,382,400,0,0.3904921232300332,0,0.5
5,4,46,logistic_regression,386,90,0,0.5002208594331474,1,0.5
5,4,46,logistic_regression,387,266,0,0.4011473978064391,0,0.5
5,4,46,logistic_regression,388,185,0,0.2871825436927379,0,0.5
5,4,46,logistic_regression,390,179,0,0.36283844226865025,0,0.5
5,4,46,logistic_regression,394,184,0,0.7446459846349218,1,0.5
5,4,46,logistic_regression,397,137,0,0.7086971571490491,1,0.5
5,4,46,logistic_regression,398,115,0,0.39632361984770553,0,0.5
5,4,46,logistic_regression,399,209,0,0.4304520660178184,0,0.5
5,4,46,logistic_regression,400,55,0,0.3681639089192423,0,0.5
5,4,46,logistic_regression,405,61,0,0.3688517603520619,0,0.5
5,4,46,logistic_regression,408,60,0,0.3970802318829733,0,0.5
5,4,46,logistic_regression,409,54,0,0.4035229799949264,0,0.5
5,4,46,logistic_regression,412,87,0,0.3694959771712674,0,0.5
5,4,46,logistic_regression,427,161,0,0.42907227156173167,0,0.5
5,4,46,logistic_regression,435,54,0,0.4035229799949264,0,0.5
5,4,46,logistic_regression,439,112,0,0.3935174008980789,0,0.5
5,4,46,logistic_regression,444,80,0,0.3680066849646646,0,0.5
5,4,46,logistic_regression,447,63,0,0.4002378227331046,0,0.5
5,4,46,logistic_regression,448,65,0,0.18375663918496413,0,0.5
5,4,46,logistic_regression,449,75,0,0.38164689899517024,0,0.5
5,4,46,logistic_regression,471,94,0,0.37772995034002754,0,0.5
5,4,46,logistic_regression,472,682,1,0.4323070964417896,0,0.5
5,4,46,logistic_regression,473,787,0,0.5690071638979791,1,0.5
5,4,46,logistic_regression,479,482,0,0.3954163861463426,0,0.5
5,4,46,logistic_regression,485,286,0,0.46301348225560507,0,0.5
5,4,46,logistic_regression,499,614,0,0.47929995409977616,0,0.5
5,4,46,logistic_regression,507,71,0,0.40748452653826783,0,0.5
5,4,46,logistic_regression,510,17,0,0.37535643496383725,0,0.5
5,4,46,logistic_regression,529,652,0,0.48870713841655156,0,0.5
5,4,46,logistic_regression,543,40,0,0.40300341658337835,0,0.5
5,4,46,logistic_regression,546,213,0,0.6840184064410308,1,0.5
5,4,46,logistic_regression,551,639,0,0.41901238851554173,0,0.5
5,4,46,logistic_regression,552,105,0,0.36494282981855786,0,0.5
5,4,46,logistic_regression,554,20,0,0.3728502913655104,0,0.5
5,4,46,logistic_regression,566,456,0,0.46015708908080843,0,0.5
5,4,46,logistic_regression,568,338,0,0.4043398156139758,0,0.5
5,4,46,logistic_regression,575,54,0,0.4035229799949264,0,0.5
5,4,46,logistic_regression,578,126,1,0.38020244920656304,0,0.5
5,4,46,logistic_regression,579,730,0,0.620925214366241,1,0.5
5,4,46,logistic_regression,580,55,0,0.3681639089192423,0,0.5
5,4,46,logistic_regression,585,648,0,0.3922609211370192,0,0.5
5,4,46,logistic_regression,587,687,0,0.723285698281717,1,0.5
5,4,46,logistic_regression,589,784,0,0.4559425348753172,0,0.5
5,4,46,logistic_regression,590,56,0,0.3687071312588138,0,0.5
5,4,46,logistic_regression,594,193,0,0.37235004510777214,0,0.5
5,4,46,logistic_regression,597,133,0,0.8433327012230648,1,0.5
5,4,46,logistic_regression,598,54,1,0.4035229799949264,0,0.5
5,4,46,logistic_regression,606,539,0,0.47110627340031747,0,0.5
5,4,46,logistic_regression,612,225,0,0.3989038553407772,0,0.5
5,4,46,logistic_regression,617,157,0,0.3654732294687769,0,0.5
5,4,46,logistic_regression,618,130,0,0.3668489557817818,0,0.5
5,4,46,logistic_regression,624,118,0,0.4188708294432599,0,0.5
5,4,46,logistic_regression,626,622,0,0.4129076134769055,0,0.5
5,4,46,logistic_regression,629,336,0,0.5187984176573466,1,0.5
5,4,46,logistic_regression,642,512,0,0.47107672882094415,0,0.5
5,4,46,logistic_regression,646,27,0,0.37085857164249664,0,0.5
5,4,46,logistic_regression,651,788,0,0.5111803556205474,1,0.5
5,4,46,logistic_regression,654,810,0,0.594043971135845,1,0.5
5,4,46,logistic_regression,660,33,0,0.4042841316687521,0,0.5
5,4,46,logistic_regression,667,829,0,0.515026762870207,1,0.5
5,4,46,logistic_regression,676,828,0,0.48322233028991435,0,0.5
5,4,46,logistic_regression,684,815,0,0.5505209616907367,1,0.5
5,4,46,logistic_regression,686,704,1,0.4159127554785601,0,0.5
5,4,46,logistic_regression,696,138,0,0.426581342759211,0,0.5
5,4,46,logistic_regression,708,254,0,0.4313339217333225,0,0.5
5,4,46,logistic_regression,721,655,0,0.4930189361515234,0,0.5
5,4,46,logistic_regression,727,589,0,0.532970355689088,1,0.5
5,4,46,logistic_regression,732,417,0,0.42996923621849137,0,0.5
5,4,46,logistic_regression,736,725,0,0.4725460487097278,0,0.5
5,4,46,logistic_regression,737,177,0,0.43098648475756834,0,0.5
5,4,46,logistic_regression,743,540,0,0.3110392924248907,0,0.5
5,4,46,logistic_regression,747,218,0,0.39572490680292455,0,0.5
5,4,46,logistic_regression,748,393,0,0.4260947091596155,0,0.5
5,4,46,logistic_regression,749,541,0,0.6701370888384292,1,0.5
5,4,46,logistic_regression,751,778,0,0.42674405937972604,0,0.5
5,4,46,logistic_regression,752,676,0,0.48347265472747847,0,0.5
5,4,46,logistic_regression,755,563,0,0.48489143564475484,0,0.5
5,4,46,logistic_regression,757,360,0,0.4287624794720229,0,0.5
5,4,46,logistic_regression,758,578,0,0.39210022570217384,0,0.5
5,4,46,logistic_regression,759,101,0,0.42846038734443803,0,0.5
5,4,46,logistic_regression,768,422,0,0.40095756881424366,0,0.5
5,4,46,logistic_regression,772,113,0,0.3510174369656002,0,0.5
5,4,46,logistic_regression,774,801,0,0.7133100022278274,1,0.5
5,4,46,logistic_regression,775,455,0,0.434878904866071,0,0.5
5,4,46,logistic_regression,778,136,0,0.3687597782565356,0,0.5
5,4,46,logistic_regression,784,403,0,0.4307093832357907,0,0.5
5,4,46,logistic_regression,788,752,0,0.8654776244066407,1,0.5
5,4,46,logistic_regression,807,717,0,0.6456517312849146,1,0.5
5,4,46,logistic_regression,816,233,0,0.3953138880794624,0,0.5
5,4,46,logistic_regression,817,516,0,0.4302680417727218,0,0.5
5,4,46,logistic_regression,821,602,0,0.40162440956946055,0,0.5
5,4,46,logistic_regression,823,644,0,0.368422388580249,0,0.5
5,4,46,logistic_regression,827,688,0,0.4549015434680569,0,0.5
5,4,46,logistic_regression,829,666,0,0.4854481390642419,0,0.5
5,4,46,logistic_regression,831,777,0,0.6625958406880659,1,0.5
5,4,46,logistic_regression,832,561,0,0.34886558175920007,0,0.5
5,4,46,logistic_regression,835,332,0,0.3800980800547946,0,0.5
5,4,46,logistic_regression,840,346,0,0.4989470596887518,0,0.5
5,4,46,logistic_regression,842,722,0,0.5027570519661765,1,0.5
5,4,46,logistic_regression,852,800,0,0.4931103965929444,0,0.5
5,4,46,xgboost,2,660,0,0.005505528766661882,0,0.5
5,4,46,xgboost,11,450,0,0.47333651781082153,0,0.5
5,4,46,xgboost,16,790,0,0.0015975708374753594,0,0.5
5,4,46,xgboost,23,767,1,0.09752562642097473,0,0.5
5,4,46,xgboost,25,805,0,0.021423347294330597,0,0.5
5,4,46,xgboost,32,738,0,0.01708989031612873,0,0.5
5,4,46,xgboost,41,732,1,0.14281830191612244,0,0.5
5,4,46,xgboost,52,729,0,0.033418208360672,0,0.5
5,4,46,xgboost,55,789,0,0.013414301909506321,0,0.5
5,4,46,xgboost,60,673,0,0.029242951422929764,0,0.5
5,4,46,xgboost,61,697,0,0.0005221307510510087,0,0.5
5,4,46,xgboost,66,673,0,0.029242951422929764,0,0.5
5,4,46,xgboost,76,675,0,0.009608798660337925,0,0.5
5,4,46,xgboost,90,707,0,0.0005151102668605745,0,0.5
5,4,46,xgboost,101,580,0,0.3680390417575836,0,0.5
5,4,46,xgboost,105,674,0,0.46208420395851135,0,0.5
5,4,46,xgboost,120,627,0,0.09127217531204224,0,0.5
5,4,46,xgboost,121,579,0,0.2110242247581482,0,0.5
5,4,46,xgboost,127,520,0,0.0945148766040802,0,0.5
5,4,46,xgboost,129,557,0,0.011426054872572422,0,0.5
5,4,46,xgboost,139,556,0,0.14318737387657166,0,0.5
5,4,46,xgboost,141,194,0,0.008959861472249031,0,0.5
5,4,46,xgboost,144,558,0,0.007085453253239393,0,0.5
5,4,46,xgboost,145,595,0,0.002842498943209648,0,0.5
5,4,46,xgboost,148,643,0,0.03421194106340408,0,0.5
5,4,46,xgboost,158,617,0,0.011974128894507885,0,0.5
5,4,46,xgboost,160,484,0,0.07897023111581802,0,0.5
5,4,46,xgboost,162,481,0,0.382196307182312,0,0.5
5,4,46,xgboost,169,108,0,0.05246953293681145,0,0.5
5,4,46,xgboost,179,548,0,0.1050238087773323,0,0.5
5,4,46,xgboost,183,491,0,0.8191667795181274,1,0.5
5,4,46,xgboost,184,411,0,0.12240449339151382,0,0.5
5,4,46,xgboost,192,459,0,0.1825226992368698,0,0.5
5,4,46,xgboost,201,441,0,0.40842053294181824,0,0.5
5,4,46,xgboost,204,222,0,0.023244787007570267,0,0.5
5,4,46,xgboost,213,500,0,0.1681477129459381,0,0.5
5,4,46,xgboost,219,324,0,0.00019510033598635346,0,0.5
5,4,46,xgboost,221,407,0,0.0840146616101265,0,0.5
5,4,46,xgboost,224,351,1,0.368501752614975,0,0.5
5,4,46,xgboost,226,409,0,0.010099068284034729,0,0.5
5,4,46,xgboost,233,345,0,0.013784833252429962,0,0.5
5,4,46,xgboost,238,536,0,0.015603307634592056,0,0.5
5,4,46,xgboost,239,497,0,0.041699592024087906,0,0.5
5,4,46,xgboost,241,354,0,0.0010596738429740071,0,0.5
5,4,46,xgboost,247,292,0,0.056870587170124054,0,0.5
5,4,46,xgboost,257,273,1,0.8081604242324829,1,0.5
5,4,46,xgboost,258,245,0,0.01604565605521202,0,0.5
5,4,46,xgboost,259,329,0,0.0010929133277386427,0,0.5
5,4,46,xgboost,262,295,0,0.0010759419528767467,0,0.5
5,4,46,xgboost,266,232,0,0.005386534612625837,0,0.5
5,4,46,xgboost,273,355,0,0.006506297271698713,0,0.5
5,4,46,xgboost,275,237,0,0.8555822372436523,1,0.5
5,4,46,xgboost,287,272,0,0.009623280726373196,0,0.5
5,4,46,xgboost,299,319,0,0.0013214432401582599,0,0.5
5,4,46,xgboost,307,287,0,0.0025170266162604094,0,0.5
5,4,46,xgboost,318,308,0,0.000447863683803007,0,0.5
5,4,46,xgboost,320,271,1,0.007312082219868898,0,0.5
5,4,46,xgboost,321,269,0,0.0011514790821820498,0,0.5
5,4,46,xgboost,323,268,0,0.01831660605967045,0,0.5
5,4,46,xgboost,325,169,1,0.034234076738357544,0,0.5
5,4,46,xgboost,334,229,0,0.04761051759123802,0,0.5
5,4,46,xgboost,338,200,0,0.08366356790065765,0,0.5
5,4,46,xgboost,340,148,0,0.0014044363051652908,0,0.5
5,4,46,xgboost,344,79,0,0.0713920071721077,0,0.5
5,4,46,xgboost,345,276,1,0.01697108894586563,0,0.5
5,4,46,xgboost,348,125,0,0.32543957233428955,0,0.5
5,4,46,xgboost,350,167,0,0.19218982756137848,0,0.5
5,4,46,xgboost,356,79,0,0.0713920071721077,0,0.5
5,4,46,xgboost,368,203,0,0.008601930923759937,0,0.5
5,4,46,xgboost,371,367,0,0.0008786722319200635,0,0.5
5,4,46,xgboost,382,400,0,0.025991788133978844,0,0.5
5,4,46,xgboost,386,90,0,0.12581290304660797,0,0.5
5,4,46,xgboost,387,266,0,0.013130524195730686,0,0.5
5,4,46,xgboost,388,185,0,0.04760684818029404,0,0.5
5,4,46,xgboost,390,179,0,0.2354133427143097,0,0.5
5,4,46,xgboost,394,184,0,0.14585211873054504,0,0.5
5,4,46,xgboost,397,137,0,0.037511445581912994,0,0.5
5,4,46,xgboost,398,115,0,0.015495840460062027,0,0.5
5,4,46,xgboost,399,209,0,0.934734046459198,1,0.5
5,4,46,xgboost,400,55,0,0.032777365297079086,0,0.5
5,4,46,xgboost,405,61,0,0.0006921441527083516,0,0.5
5,4,46,xgboost,408,60,0,0.011940281838178635,0,0.5
5,4,46,xgboost,409,54,0,0.006434522569179535,0,0.5
5,4,46,xgboost,412,87,0,0.0038277350831776857,0,0.5
5,4,46,xgboost,427,161,0,0.018069187179207802,0,0.5
5,4,46,xgboost,435,54,0,0.006434522569179535,0,0.5
5,4,46,xgboost,439,112,0,0.0031763918232172728,0,0.5
5,4,46,xgboost,444,80,0,0.04708538576960564,0,0.5
5,4,46,xgboost,447,63,0,0.004217193927615881,0,0.5
5,4,46,xgboost,448,65,0,0.0005215097917243838,0,0.5
5,4,46,xgboost,449,75,0,0.003052798565477133,0,0.5
5,4,46,xgboost,471,94,0,0.0011080560507252812,0,0.5
5,4,46,xgboost,472,682,1,0.00805861409753561,0,0.5
5,4,46,xgboost,473,787,0,0.0009021061705425382,0,0.5
5,4,46,xgboost,479,482,0,0.5741204023361206,1,0.5
5,4,46,xgboost,485,286,0,0.06301267445087433,0,0.5
5,4,46,xgboost,499,614,0,0.16030187904834747,0,0.5
5,4,46,xgboost,507,71,0,0.00707588903605938,0,0.5
5,4,46,xgboost,510,17,0,0.0007396445143967867,0,0.5
5,4,46,xgboost,529,652,0,0.0753469467163086,0,0.5
5,4,46,xgboost,543,40,0,0.005171762779355049,0,0.5
5,4,46,xgboost,546,213,0,0.8362880349159241,1,0.5
5,4,46,xgboost,551,639,0,0.17323407530784607,0,0.5
5,4,46,xgboost,552,105,0,0.0013001306215301156,0,0.5
5,4,46,xgboost,554,20,0,0.06144152209162712,0,0.5
5,4,46,xgboost,566,456,0,0.1567077338695526,0,0.5
5,4,46,xgboost,568,338,0,0.003722950117662549,0,0.5
5,4,46,xgboost,575,54,0,0.006434522569179535,0,0.5
5,4,46,xgboost,578,126,1,0.009997167624533176,0,0.5
5,4,46,xgboost,579,730,0,0.18577678501605988,0,0.5
5,4,46,xgboost,580,55,0,0.032777365297079086,0,0.5
5,4,46,xgboost,585,648,0,0.03499729186296463,0,0.5
5,4,46,xgboost,587,687,0,0.06444274634122849,0,0.5
5,4,46,xgboost,589,784,0,0.00981049332767725,0,0.5
5,4,46,xgboost,590,56,0,0.06348972022533417,0,0.5
5,4,46,xgboost,594,193,0,0.003930066712200642,0,0.5
5,4,46,xgboost,597,133,0,0.2988356053829193,0,0.5
5,4,46,xgboost,598,54,1,0.006434522569179535,0,0.5
5,4,46,xgboost,606,539,0,0.33352065086364746,0,0.5
5,4,46,xgboost,612,225,0,0.6331256031990051,1,0.5
5,4,46,xgboost,617,157,0,0.10067000240087509,0,0.5
5,4,46,xgboost,618,130,0,0.0212573055177927,0,0.5
5,4,46,xgboost,624,118,0,0.023713618516921997,0,0.5
5,4,46,xgboost,626,622,0,0.4692685604095459,0,0.5
5,4,46,xgboost,629,336,0,0.2576870620250702,0,0.5
5,4,46,xgboost,642,512,0,0.8279669284820557,1,0.5
5,4,46,xgboost,646,27,0,0.0049410718493163586,0,0.5
5,4,46,xgboost,651,788,0,0.0004351895477157086,0,0.5
5,4,46,xgboost,654,810,0,0.007737826555967331,0,0.5
5,4,46,xgboost,660,33,0,0.005083853378891945,0,0.5
5,4,46,xgboost,667,829,0,0.06108713150024414,0,0.5
5,4,46,xgboost,676,828,0,0.039979662746191025,0,0.5
5,4,46,xgboost,684,815,0,0.0003408438933547586,0,0.5
5,4,46,xgboost,686,704,1,0.012245438061654568,0,0.5
5,4,46,xgboost,696,138,0,0.017170295119285583,0,0.5
5,4,46,xgboost,708,254,0,0.0024748058058321476,0,0.5
5,4,46,xgboost,721,655,0,0.015188920311629772,0,0.5
5,4,46,xgboost,727,589,0,0.05348948761820793,0,0.5
5,4,46,xgboost,732,417,0,0.41042205691337585,0,0.5
5,4,46,xgboost,736,725,0,0.013048063963651657,0,0.5
5,4,46,xgboost,737,177,0,0.05146927386522293,0,0.5
5,4,46,xgboost,743,540,0,0.2462288737297058,0,0.5
5,4,46,xgboost,747,218,0,0.045850273221731186,0,0.5
5,4,46,xgboost,748,393,0,0.039872270077466965,0,0.5
5,4,46,xgboost,749,541,0,0.02274477295577526,0,0.5
5,4,46,xgboost,751,778,0,0.033976372331380844,0,0.5
5,4,46,xgboost,752,676,0,0.045518409460783005,0,0.5
5,4,46,xgboost,755,563,0,0.11296481639146805,0,0.5
5,4,46,xgboost,757,360,0,0.04322146624326706,0,0.5
5,4,46,xgboost,758,578,0,0.07221231609582901,0,0.5
5,4,46,xgboost,759,101,0,0.04812656715512276,0,0.5
5,4,46,xgboost,768,422,0,0.024481594562530518,0,0.5
5,4,46,xgboost,772,113,0,0.00036998518044129014,0,0.5
5,4,46,xgboost,774,801,0,0.014532417058944702,0,0.5
5,4,46,xgboost,775,455,0,0.04466402158141136,0,0.5
5,4,46,xgboost,778,136,0,0.0023642966989427805,0,0.5
5,4,46,xgboost,784,403,0,0.03920329362154007,0,0.5
5,4,46,xgboost,788,752,0,0.5501814484596252,1,0.5
5,4,46,xgboost,807,717,0,0.009192620404064655,0,0.5
5,4,46,xgboost,816,233,0,0.4354766309261322,0,0.5
5,4,46,xgboost,817,516,0,0.016956910490989685,0,0.5
5,4,46,xgboost,821,602,0,0.0004913245211355388,0,0.5
5,4,46,xgboost,823,644,0,0.4231909513473511,0,0.5
5,4,46,xgboost,827,688,0,0.004938683472573757,0,0.5
5,4,46,xgboost,829,666,0,0.0634843036532402,0,0.5
5,4,46,xgboost,831,777,0,0.03358558192849159,0,0.5
5,4,46,xgboost,832,561,0,0.004600739572197199,0,0.5
5,4,46,xgboost,835,332,0,0.003150954144075513,0,0.5
5,4,46,xgboost,840,346,0,0.006370792631059885,0,0.5
5,4,46,xgboost,842,722,0,0.0010772987734526396,0,0.5
5,4,46,xgboost,852,800,0,0.009178702719509602,0,0.5
5,5,46,dummy_prior,3,825,0,0.06404657933042213,0,0.5
5,5,46,dummy_prior,4,816,0,0.06404657933042213,0,0.5
5,5,46,dummy_prior,6,823,1,0.06404657933042213,0,0.5
5,5,46,dummy_prior,12,812,0,0.06404657933042213,0,0.5
5,5,46,dummy_prior,14,798,0,0.06404657933042213,0,0.5
5,5,46,dummy_prior,17,799,0,0.06404657933042213,0,0.5
5,5,46,dummy_prior,20,797,0,0.06404657933042213,0,0.5
5,5,46,dummy_prior,31,771,0,0.06404657933042213,0,0.5
5,5,46,dummy_prior,35,737,0,0.06404657933042213,0,0.5
5,5,46,dummy_prior,45,709,0,0.06404657933042213,0,0.5
5,5,46,dummy_prior,46,716,0,0.06404657933042213,0,0.5
5,5,46,dummy_prior,48,780,0,0.06404657933042213,0,0.5
5,5,46,dummy_prior,50,721,0,0.06404657933042213,0,0.5
5,5,46,dummy_prior,57,647,0,0.06404657933042213,0,0.5
5,5,46,dummy_prior,58,683,0,0.06404657933042213,0,0.5
5,5,46,dummy_prior,69,705,0,0.06404657933042213,0,0.5
5,5,46,dummy_prior,70,727,0,0.06404657933042213,0,0.5
5,5,46,dummy_prior,74,681,0,0.06404657933042213,0,0.5
5,5,46,dummy_prior,77,646,0,0.06404657933042213,0,0.5
5,5,46,dummy_prior,83,621,0,0.06404657933042213,0,0.5
5,5,46,dummy_prior,96,701,1,0.06404657933042213,0,0.5
5,5,46,dummy_prior,97,678,0,0.06404657933042213,0,0.5
5,5,46,dummy_prior,108,611,0,0.06404657933042213,0,0.5
5,5,46,dummy_prior,109,612,0,0.06404657933042213,0,0.5
5,5,46,dummy_prior,116,597,0,0.06404657933042213,0,0.5
5,5,46,dummy_prior,130,492,0,0.06404657933042213,0,0.5
5,5,46,dummy_prior,134,568,0,0.06404657933042213,0,0.5
5,5,46,dummy_prior,136,586,0,0.06404657933042213,0,0.5
5,5,46,dummy_prior,140,553,0,0.06404657933042213,0,0.5
5,5,46,dummy_prior,143,480,0,0.06404657933042213,0,0.5
5,5,46,dummy_prior,149,594,0,0.06404657933042213,0,0.5
5,5,46,dummy_prior,151,551,0,0.06404657933042213,0,0.5
5,5,46,dummy_prior,157,545,0,0.06404657933042213,0,0.5
5,5,46,dummy_prior,159,463,0,0.06404657933042213,0,0.5
5,5,46,dummy_prior,161,490,0,0.06404657933042213,0,0.5
5,5,46,dummy_prior,167,461,0,0.06404657933042213,0,0.5
5,5,46,dummy_prior,168,535,0,0.06404657933042213,0,0.5
5,5,46,dummy_prior,174,499,0,0.06404657933042213,0,0.5
5,5,46,dummy_prior,188,475,0,0.06404657933042213,0,0.5
5,5,46,dummy_prior,197,442,0,0.06404657933042213,0,0.5
5,5,46,dummy_prior,199,460,0,0.06404657933042213,0,0.5
5,5,46,dummy_prior,209,387,0,0.06404657933042213,0,0.5
5,5,46,dummy_prior,220,406,0,0.06404657933042213,0,0.5
5,5,46,dummy_prior,223,278,0,0.06404657933042213,0,0.5
5,5,46,dummy_prior,229,466,0,0.06404657933042213,0,0.5
5,5,46,dummy_prior,234,406,0,0.06404657933042213,0,0.5
5,5,46,dummy_prior,235,378,0,0.06404657933042213,0,0.5
5,5,46,dummy_prior,246,487,0,0.06404657933042213,0,0.5
5,5,46,dummy_prior,250,379,0,0.06404657933042213,0,0.5
5,5,46,dummy_prior,255,379,0,0.06404657933042213,0,0.5
5,5,46,dummy_prior,261,227,0,0.06404657933042213,0,0.5
5,5,46,dummy_prior,270,211,0,0.06404657933042213,0,0.5
5,5,46,dummy_prior,271,359,0,0.06404657933042213,0,0.5
5,5,46,dummy_prior,279,263,0,0.06404657933042213,0,0.5
5,5,46,dummy_prior,282,219,0,0.06404657933042213,0,0.5
5,5,46,dummy_prior,283,389,0,0.06404657933042213,0,0.5
5,5,46,dummy_prior,291,289,0,0.06404657933042213,0,0.5
5,5,46,dummy_prior,296,358,0,0.06404657933042213,0,0.5
5,5,46,dummy_prior,298,333,0,0.06404657933042213,0,0.5
5,5,46,dummy_prior,300,301,0,0.06404657933042213,0,0.5
5,5,46,dummy_prior,301,202,0,0.06404657933042213,0,0.5
5,5,46,dummy_prior,309,322,0,0.06404657933042213,0,0.5
5,5,46,dummy_prior,313,370,0,0.06404657933042213,0,0.5
5,5,46,dummy_prior,330,207,0,0.06404657933042213,0,0.5
5,5,46,dummy_prior,336,251,0,0.06404657933042213,0,0.5
5,5,46,dummy_prior,337,818,0,0.06404657933042213,0,0.5
5,5,46,dummy_prior,339,182,0,0.06404657933042213,0,0.5
5,5,46,dummy_prior,346,149,0,0.06404657933042213,0,0.5
5,5,46,dummy_prior,347,131,0,0.06404657933042213,0,0.5
5,5,46,dummy_prior,353,223,0,0.06404657933042213,0,0.5
5,5,46,dummy_prior,357,258,0,0.06404657933042213,0,0.5
5,5,46,dummy_prior,360,339,0,0.06404657933042213,0,0.5
5,5,46,dummy_prior,365,178,0,0.06404657933042213,0,0.5
5,5,46,dummy_prior,373,312,0,0.06404657933042213,0,0.5
5,5,46,dummy_prior,376,786,0,0.06404657933042213,0,0.5
5,5,46,dummy_prior,377,172,1,0.06404657933042213,0,0.5
5,5,46,dummy_prior,378,86,0,0.06404657933042213,0,0.5
5,5,46,dummy_prior,380,103,0,0.06404657933042213,0,0.5
5,5,46,dummy_prior,384,78,0,0.06404657933042213,0,0.5
5,5,46,dummy_prior,392,120,0,0.06404657933042213,0,0.5
5,5,46,dummy_prior,404,88,0,0.06404657933042213,0,0.5
5,5,46,dummy_prior,407,57,0,0.06404657933042213,0,0.5
5,5,46,dummy_prior,414,186,0,0.06404657933042213,0,0.5
5,5,46,dummy_prior,419,149,0,0.06404657933042213,0,0.5
5,5,46,dummy_prior,430,153,0,0.06404657933042213,0,0.5
5,5,46,dummy_prior,438,195,0,0.06404657933042213,0,0.5
5,5,46,dummy_prior,445,36,0,0.06404657933042213,0,0.5
5,5,46,dummy_prior,450,34,0,0.06404657933042213,0,0.5
5,5,46,dummy_prior,451,32,0,0.06404657933042213,0,0.5
5,5,46,dummy_prior,470,764,0,0.06404657933042213,0,0.5
5,5,46,dummy_prior,480,575,0,0.06404657933042213,0,0.5
5,5,46,dummy_prior,493,86,0,0.06404657933042213,0,0.5
5,5,46,dummy_prior,503,735,0,0.06404657933042213,0,0.5
5,5,46,dummy_prior,505,306,0,0.06404657933042213,0,0.5
5,5,46,dummy_prior,511,38,0,0.06404657933042213,0,0.5
5,5,46,dummy_prior,512,671,0,0.06404657933042213,0,0.5
5,5,46,dummy_prior,514,476,0,0.06404657933042213,0,0.5
5,5,46,dummy_prior,520,53,0,0.06404657933042213,0,0.5
5,5,46,dummy_prior,521,791,0,0.06404657933042213,0,0.5
5,5,46,dummy_prior,528,547,0,0.06404657933042213,0,0.5
5,5,46,dummy_prior,533,425,0,0.06404657933042213,0,0.5
5,5,46,dummy_prior,537,365,0,0.06404657933042213,0,0.5
5,5,46,dummy_prior,542,146,0,0.06404657933042213,0,0.5
5,5,46,dummy_prior,555,435,0,0.06404657933042213,0,0.5
5,5,46,dummy_prior,556,772,0,0.06404657933042213,0,0.5
5,5,46,dummy_prior,559,162,0,0.06404657933042213,0,0.5
5,5,46,dummy_prior,561,208,0,0.06404657933042213,0,0.5
5,5,46,dummy_prior,567,383,0,0.06404657933042213,0,0.5
5,5,46,dummy_prior,569,802,0,0.06404657933042213,0,0.5
5,5,46,dummy_prior,573,523,0,0.06404657933042213,0,0.5
5,5,46,dummy_prior,576,464,0,0.06404657933042213,0,0.5
5,5,46,dummy_prior,583,315,0,0.06404657933042213,0,0.5
5,5,46,dummy_prior,591,244,0,0.06404657933042213,0,0.5
5,5,46,dummy_prior,596,83,0,0.06404657933042213,0,0.5
5,5,46,dummy_prior,600,506,0,0.06404657933042213,0,0.5
5,5,46,dummy_prior,604,318,0,0.06404657933042213,0,0.5
5,5,46,dummy_prior,611,311,0,0.06404657933042213,0,0.5
5,5,46,dummy_prior,620,363,0,0.06404657933042213,0,0.5
5,5,46,dummy_prior,623,250,0,0.06404657933042213,0,0.5
5,5,46,dummy_prior,628,779,0,0.06404657933042213,0,0.5
5,5,46,dummy_prior,630,424,0,0.06404657933042213,0,0.5
5,5,46,dummy_prior,633,261,0,0.06404657933042213,0,0.5
5,5,46,dummy_prior,636,741,0,0.06404657933042213,0,0.5
5,5,46,dummy_prior,640,625,0,0.06404657933042213,0,0.5
5,5,46,dummy_prior,655,236,1,0.06404657933042213,0,0.5
5,5,46,dummy_prior,656,294,0,0.06404657933042213,0,0.5
5,5,46,dummy_prior,668,830,0,0.06404657933042213,0,0.5
5,5,46,dummy_prior,669,755,0,0.06404657933042213,0,0.5
5,5,46,dummy_prior,670,817,1,0.06404657933042213,0,0.5
5,5,46,dummy_prior,671,824,1,0.06404657933042213,0,0.5
5,5,46,dummy_prior,672,0,0,0.06404657933042213,0,0.5
5,5,46,dummy_prior,674,795,0,0.06404657933042213,0,0.5
5,5,46,dummy_prior,682,827,0,0.06404657933042213,0,0.5
5,5,46,dummy_prior,683,762,0,0.06404657933042213,0,0.5
5,5,46,dummy_prior,690,8,0,0.06404657933042213,0,0.5
5,5,46,dummy_prior,699,111,0,0.06404657933042213,0,0.5
5,5,46,dummy_prior,701,524,0,0.06404657933042213,0,0.5
5,5,46,dummy_prior,709,374,0,0.06404657933042213,0,0.5
5,5,46,dummy_prior,711,128,0,0.06404657933042213,0,0.5
5,5,46,dummy_prior,712,317,0,0.06404657933042213,0,0.5
5,5,46,dummy_prior,717,731,0,0.06404657933042213,0,0.5
5,5,46,dummy_prior,718,246,0,0.06404657933042213,0,0.5
5,5,46,dummy_prior,729,327,0,0.06404657933042213,0,0.5
5,5,46,dummy_prior,735,6,0,0.06404657933042213,0,0.5
5,5,46,dummy_prior,738,477,0,0.06404657933042213,0,0.5
5,5,46,dummy_prior,739,495,1,0.06404657933042213,0,0.5
5,5,46,dummy_prior,741,129,0,0.06404657933042213,0,0.5
5,5,46,dummy_prior,753,166,1,0.06404657933042213,0,0.5
5,5,46,dummy_prior,754,508,1,0.06404657933042213,0,0.5
5,5,46,dummy_prior,770,357,0,0.06404657933042213,0,0.5
5,5,46,dummy_prior,771,661,0,0.06404657933042213,0,0.5
5,5,46,dummy_prior,777,744,0,0.06404657933042213,0,0.5
5,5,46,dummy_prior,781,642,1,0.06404657933042213,0,0.5
5,5,46,dummy_prior,785,480,0,0.06404657933042213,0,0.5
5,5,46,dummy_prior,789,164,0,0.06404657933042213,0,0.5
5,5,46,dummy_prior,791,15,0,0.06404657933042213,0,0.5
5,5,46,dummy_prior,792,314,0,0.06404657933042213,0,0.5
5,5,46,dummy_prior,797,645,1,0.06404657933042213,0,0.5
5,5,46,dummy_prior,801,691,0,0.06404657933042213,0,0.5
5,5,46,dummy_prior,803,106,0,0.06404657933042213,0,0.5
5,5,46,dummy_prior,804,543,0,0.06404657933042213,0,0.5
5,5,46,dummy_prior,805,668,0,0.06404657933042213,0,0.5
5,5,46,dummy_prior,810,116,0,0.06404657933042213,0,0.5
5,5,46,dummy_prior,813,163,0,0.06404657933042213,0,0.5
5,5,46,dummy_prior,822,726,0,0.06404657933042213,0,0.5
5,5,46,dummy_prior,826,650,0,0.06404657933042213,0,0.5
5,5,46,dummy_prior,837,606,0,0.06404657933042213,0,0.5
5,5,46,dummy_prior,845,132,0,0.06404657933042213,0,0.5
5,5,46,dummy_prior,846,680,0,0.06404657933042213,0,0.5
5,5,46,dummy_prior,847,574,0,0.06404657933042213,0,0.5
5,5,46,dummy_prior,853,672,0,0.06404657933042213,0,0.5
5,5,46,logistic_regression,3,825,0,0.24041349523574682,0,0.5
5,5,46,logistic_regression,4,816,0,0.6566419797785678,1,0.5
5,5,46,logistic_regression,6,823,1,0.5015988114276067,1,0.5
5,5,46,logistic_regression,12,812,0,0.6440455139147302,1,0.5
5,5,46,logistic_regression,14,798,0,0.4631875408615146,0,0.5
5,5,46,logistic_regression,17,799,0,0.5499936348660152,1,0.5
5,5,46,logistic_regression,20,797,0,0.6636908457001385,1,0.5
5,5,46,logistic_regression,31,771,0,0.6847089463423554,1,0.5
5,5,46,logistic_regression,35,737,0,0.5488475525344408,1,0.5
5,5,46,logistic_regression,45,709,0,0.48652750306216525,0,0.5
5,5,46,logistic_regression,46,716,0,0.5120043136126868,1,0.5
5,5,46,logistic_regression,48,780,0,0.3656013681654686,0,0.5
5,5,46,logistic_regression,50,721,0,0.5222315831528543,1,0.5
5,5,46,logistic_regression,57,647,0,0.4332461793993197,0,0.5
5,5,46,logistic_regression,58,683,0,0.4949462273299121,0,0.5
5,5,46,logistic_regression,69,705,0,0.41510633452991974,0,0.5
5,5,46,logistic_regression,70,727,0,0.6483200314584336,1,0.5
5,5,46,logistic_regression,74,681,0,0.42515007492909435,0,0.5
5,5,46,logistic_regression,77,646,0,0.43485493158017174,0,0.5
5,5,46,logistic_regression,83,621,0,0.5398511999885393,1,0.5
5,5,46,logistic_regression,96,701,1,0.4885013671259457,0,0.5
5,5,46,logistic_regression,97,678,0,0.4580617626235702,0,0.5
5,5,46,logistic_regression,108,611,0,0.5756429637731196,1,0.5
5,5,46,logistic_regression,109,612,0,0.42185523191374863,0,0.5
5,5,46,logistic_regression,116,597,0,0.4276820803887235,0,0.5
5,5,46,logistic_regression,130,492,0,0.5549367977033475,1,0.5
5,5,46,logistic_regression,134,568,0,0.8740163709694174,1,0.5
5,5,46,logistic_regression,136,586,0,0.4477648945879351,0,0.5
5,5,46,logistic_regression,140,553,0,0.4252624994476631,0,0.5
5,5,46,logistic_regression,143,480,0,0.4369020708725913,0,0.5
5,5,46,logistic_regression,149,594,0,0.4756552580458544,0,0.5
5,5,46,logistic_regression,151,551,0,0.4329636824419086,0,0.5
5,5,46,logistic_regression,157,545,0,0.501396699827888,1,0.5
5,5,46,logistic_regression,159,463,0,0.5285044361498425,1,0.5
5,5,46,logistic_regression,161,490,0,0.5149615720371152,1,0.5
5,5,46,logistic_regression,167,461,0,0.48547675564526105,0,0.5
5,5,46,logistic_regression,168,535,0,0.4849348035853952,0,0.5
5,5,46,logistic_regression,174,499,0,0.3531728252025719,0,0.5
5,5,46,logistic_regression,188,475,0,0.4605708672794557,0,0.5
5,5,46,logistic_regression,197,442,0,0.4332305601284466,0,0.5
5,5,46,logistic_regression,199,460,0,0.4305693255069537,0,0.5
5,5,46,logistic_regression,209,387,0,0.5599225264451845,1,0.5
5,5,46,logistic_regression,220,406,0,0.4357722646423833,0,0.5
5,5,46,logistic_regression,223,278,0,0.44090856688935964,0,0.5
5,5,46,logistic_regression,229,466,0,0.5431774756383232,1,0.5
5,5,46,logistic_regression,234,406,0,0.4357722646423833,0,0.5
5,5,46,logistic_regression,235,378,0,0.423610322607111,0,0.5
5,5,46,logistic_regression,246,487,0,0.5308221322197981,1,0.5
5,5,46,logistic_regression,250,379,0,0.43218497476216844,0,0.5
5,5,46,logistic_regression,255,379,0,0.43218497476216844,0,0.5
5,5,46,logistic_regression,261,227,0,0.42120460653832087,0,0.5
5,5,46,logistic_regression,270,211,0,0.4349185877723686,0,0.5
5,5,46,logistic_regression,271,359,0,0.4341382471655472,0,0.5
5,5,46,logistic_regression,279,263,0,0.4243630974784565,0,0.5
5,5,46,logistic_regression,282,219,0,0.4770835011184343,0,0.5
5,5,46,logistic_regression,283,389,0,0.4837111572444728,0,0.5
5,5,46,logistic_regression,291,289,0,0.4466453956437928,0,0.5
5,5,46,logistic_regression,296,358,0,0.4160719211494675,0,0.5
5,5,46,logistic_regression,298,333,0,0.4516652224463288,0,0.5
5,5,46,logistic_regression,300,301,0,0.5192104831784004,1,0.5
5,5,46,logistic_regression,301,202,0,0.4214551092919202,0,0.5
5,5,46,logistic_regression,309,322,0,0.7257116858147332,1,0.5
5,5,46,logistic_regression,313,370,0,0.45107359834866945,0,0.5
5,5,46,logistic_regression,330,207,0,0.4302851952878286,0,0.5
5,5,46,logistic_regression,336,251,0,0.5342676379911888,1,0.5
5,5,46,logistic_regression,337,818,0,0.5669187539690297,1,0.5
5,5,46,logistic_regression,339,182,0,0.4176245053324369,0,0.5
5,5,46,logistic_regression,346,149,0,0.4226286193522031,0,0.5
5,5,46,logistic_regression,347,131,0,0.44110541114684704,0,0.5
5,5,46,logistic_regression,353,223,0,0.443146713172823,0,0.5
5,5,46,logistic_regression,357,258,0,0.4403456561368889,0,0.5
5,5,46,logistic_regression,360,339,0,0.4728363466217107,0,0.5
5,5,46,logistic_regression,365,178,0,0.44317997925490116,0,0.5
5,5,46,logistic_regression,373,312,0,0.43500759903142117,0,0.5
5,5,46,logistic_regression,376,786,0,0.7788568774315034,1,0.5
5,5,46,logistic_regression,377,172,1,0.40167316305120415,0,0.5
5,5,46,logistic_regression,378,86,0,0.4232166532393552,0,0.5
5,5,46,logistic_regression,380,103,0,0.3825619640710248,0,0.5
5,5,46,logistic_regression,384,78,0,0.7305666120995922,1,0.5
5,5,46,logistic_regression,392,120,0,0.42484042625482205,0,0.5
5,5,46,logistic_regression,404,88,0,0.4366460528756858,0,0.5
5,5,46,logistic_regression,407,57,0,0.7928520082296714,1,0.5
5,5,46,logistic_regression,414,186,0,0.37247872513604174,0,0.5
5,5,46,logistic_regression,419,149,0,0.4226286193522031,0,0.5
5,5,46,logistic_regression,430,153,0,0.42022968072462,0,0.5
5,5,46,logistic_regression,438,195,0,0.4291847534819262,0,0.5
5,5,46,logistic_regression,445,36,0,0.42839758688583,0,0.5
5,5,46,logistic_regression,450,34,0,0.4454473459713341,0,0.5
5,5,46,logistic_regression,451,32,0,0.4255937730176613,0,0.5
5,5,46,logistic_regression,470,764,0,0.4861000921023423,0,0.5
5,5,46,logistic_regression,480,575,0,0.33751066752791026,0,0.5
5,5,46,logistic_regression,493,86,0,0.4232166532393552,0,0.5
5,5,46,logistic_regression,503,735,0,0.5946331753566005,1,0.5
5,5,46,logistic_regression,505,306,0,0.45107690659129807,0,0.5
5,5,46,logistic_regression,511,38,0,0.42114083068129643,0,0.5
5,5,46,logistic_regression,512,671,0,0.3569580154097595,0,0.5
5,5,46,logistic_regression,514,476,0,0.4158085640194409,0,0.5
5,5,46,logistic_regression,520,53,0,0.45010439094199806,0,0.5
5,5,46,logistic_regression,521,791,0,0.48874217080317534,0,0.5
5,5,46,logistic_regression,528,547,0,0.4550367702285195,0,0.5
5,5,46,logistic_regression,533,425,0,0.41618262815356993,0,0.5
5,5,46,logistic_regression,537,365,0,0.37819325924618274,0,0.5
5,5,46,logistic_regression,542,146,0,0.42324134467717994,0,0.5
5,5,46,logistic_regression,555,435,0,0.4459822424723622,0,0.5
5,5,46,logistic_regression,556,772,0,0.740842630396897,1,0.5
5,5,46,logistic_regression,559,162,0,0.43802926653601365,0,0.5
5,5,46,logistic_regression,561,208,0,0.4401645623511197,0,0.5
5,5,46,logistic_regression,567,383,0,0.5869583369070271,1,0.5
5,5,46,logistic_regression,569,802,0,0.40421063956810044,0,0.5
5,5,46,logistic_regression,573,523,0,0.4169116022959644,0,0.5
5,5,46,logistic_regression,576,464,0,0.43719039116878283,0,0.5
5,5,46,logistic_regression,583,315,0,0.41757731188922653,0,0.5
5,5,46,logistic_regression,591,244,0,0.4130597233647884,0,0.5
5,5,46,logistic_regression,596,83,0,0.4212519134239857,0,0.5
5,5,46,logistic_regression,600,506,0,0.41006626187924067,0,0.5
5,5,46,logistic_regression,604,318,0,0.42969517122855583,0,0.5
5,5,46,logistic_regression,611,311,0,0.416931751430572,0,0.5
5,5,46,logistic_regression,620,363,0,0.4003697987582324,0,0.5
5,5,46,logistic_regression,623,250,0,0.4811961987161091,0,0.5
5,5,46,logistic_regression,628,779,0,0.7500742920879437,1,0.5
5,5,46,logistic_regression,630,424,0,0.5063684420573017,1,0.5
5,5,46,logistic_regression,633,261,0,0.4390730591571619,0,0.5
5,5,46,logistic_regression,636,741,0,0.4629222348159508,0,0.5
5,5,46,logistic_regression,640,625,0,0.5502545880151719,1,0.5
5,5,46,logistic_regression,655,236,1,0.40356453292612654,0,0.5
5,5,46,logistic_regression,656,294,0,0.4589420954670682,0,0.5
5,5,46,logistic_regression,668,830,0,0.5480602325543388,1,0.5
5,5,46,logistic_regression,669,755,0,0.4760232155183544,0,0.5
5,5,46,logistic_regression,670,817,1,0.714659093193284,1,0.5
5,5,46,logistic_regression,671,824,1,0.4303043873417102,0,0.5
5,5,46,logistic_regression,672,0,0,0.41676443226635,0,0.5
5,5,46,logistic_regression,674,795,0,0.7492778184838085,1,0.5
5,5,46,logistic_regression,682,827,0,0.5792514570199171,1,0.5
5,5,46,logistic_regression,683,762,0,0.547132832593722,1,0.5
5,5,46,logistic_regression,690,8,0,0.4405094698453662,0,0.5
5,5,46,logistic_regression,699,111,0,0.37880023225446485,0,0.5
5,5,46,logistic_regression,701,524,0,0.4360318548327916,0,0.5
5,5,46,logistic_regression,709,374,0,0.5482806938672163,1,0.5
5,5,46,logistic_regression,711,128,0,0.44237925304189957,0,0.5
5,5,46,logistic_regression,712,317,0,0.3670567718651176,0,0.5
5,5,46,logistic_regression,717,731,0,0.6943234535493183,1,0.5
5,5,46,logistic_regression,718,246,0,0.4105915648812966,0,0.5
5,5,46,logistic_regression,729,327,0,0.41806338417116296,0,0.5
5,5,46,logistic_regression,735,6,0,0.38752408267802746,0,0.5
5,5,46,logistic_regression,738,477,0,0.4192801011554545,0,0.5
5,5,46,logistic_regression,739,495,1,0.6795957757642559,1,0.5
5,5,46,logistic_regression,741,129,0,0.44237925304189957,0,0.5
5,5,46,logistic_regression,753,166,1,0.6209190955303289,1,0.5
5,5,46,logistic_regression,754,508,1,0.4509966497445021,0,0.5
5,5,46,logistic_regression,770,357,0,0.39326118193351955,0,0.5
5,5,46,logistic_regression,771,661,0,0.44955795100081325,0,0.5
5,5,46,logistic_regression,777,744,0,0.39852673633728986,0,0.5
5,5,46,logistic_regression,781,642,1,0.4259156748637313,0,0.5
5,5,46,logistic_regression,785,480,0,0.4369020708725913,0,0.5
5,5,46,logistic_regression,789,164,0,0.717139400036667,1,0.5
5,5,46,logistic_regression,791,15,0,0.43867595648379654,0,0.5
5,5,46,logistic_regression,792,314,0,0.38228027142935905,0,0.5
5,5,46,logistic_regression,797,645,1,0.4830641368597894,0,0.5
5,5,46,logistic_regression,801,691,0,0.45678456331136563,0,0.5
5,5,46,logistic_regression,803,106,0,0.41757043790189957,0,0.5
5,5,46,logistic_regression,804,543,0,0.3793676247957637,0,0.5
5,5,46,logistic_regression,805,668,0,0.5193595195896323,1,0.5
5,5,46,logistic_regression,810,116,0,0.45043812906631386,0,0.5
5,5,46,logistic_regression,813,163,0,0.4486847612470365,0,0.5
5,5,46,logistic_regression,822,726,0,0.36034065131823806,0,0.5
5,5,46,logistic_regression,826,650,0,0.5174273506621064,1,0.5
5,5,46,logistic_regression,837,606,0,0.334170008968564,0,0.5
5,5,46,logistic_regression,845,132,0,0.4447087540270448,0,0.5
5,5,46,logistic_regression,846,680,0,0.4164460304037414,0,0.5
5,5,46,logistic_regression,847,574,0,0.4083207046863418,0,0.5
5,5,46,logistic_regression,853,672,0,0.3991142877749189,0,0.5
5,5,46,xgboost,3,825,0,0.3180200755596161,0,0.5
5,5,46,xgboost,4,816,0,0.6288975477218628,1,0.5
5,5,46,xgboost,6,823,1,0.09883007407188416,0,0.5
5,5,46,xgboost,12,812,0,0.3360165059566498,0,0.5
5,5,46,xgboost,14,798,0,0.11647085100412369,0,0.5
5,5,46,xgboost,17,799,0,0.12366554886102676,0,0.5
5,5,46,xgboost,20,797,0,0.7567511200904846,1,0.5
5,5,46,xgboost,31,771,0,0.4548133313655853,0,0.5
5,5,46,xgboost,35,737,0,0.15797625482082367,0,0.5
5,5,46,xgboost,45,709,0,0.3637290894985199,0,0.5
5,5,46,xgboost,46,716,0,0.3578510284423828,0,0.5
5,5,46,xgboost,48,780,0,0.2948085367679596,0,0.5
5,5,46,xgboost,50,721,0,0.38567936420440674,0,0.5
5,5,46,xgboost,57,647,0,0.09802833944559097,0,0.5
5,5,46,xgboost,58,683,0,0.19688493013381958,0,0.5
5,5,46,xgboost,69,705,0,0.314291775226593,0,0.5
5,5,46,xgboost,70,727,0,0.7218970060348511,1,0.5
5,5,46,xgboost,74,681,0,0.45091426372528076,0,0.5
5,5,46,xgboost,77,646,0,0.1818699985742569,0,0.5
5,5,46,xgboost,83,621,0,0.3944677710533142,0,0.5
5,5,46,xgboost,96,701,1,0.6246498823165894,1,0.5
5,5,46,xgboost,97,678,0,0.49778303503990173,0,0.5
5,5,46,xgboost,108,611,0,0.494272917509079,0,0.5
5,5,46,xgboost,109,612,0,0.2860601544380188,0,0.5
5,5,46,xgboost,116,597,0,0.48973289132118225,0,0.5
5,5,46,xgboost,130,492,0,0.1721554696559906,0,0.5
5,5,46,xgboost,134,568,0,0.3114720284938812,0,0.5
5,5,46,xgboost,136,586,0,0.4694214463233948,0,0.5
5,5,46,xgboost,140,553,0,0.22644710540771484,0,0.5
5,5,46,xgboost,143,480,0,0.48510509729385376,0,0.5
5,5,46,xgboost,149,594,0,0.17367373406887054,0,0.5
5,5,46,xgboost,151,551,0,0.4943254590034485,0,0.5
5,5,46,xgboost,157,545,0,0.4398503303527832,0,0.5
5,5,46,xgboost,159,463,0,0.39033132791519165,0,0.5
5,5,46,xgboost,161,490,0,0.43332639336586,0,0.5
5,5,46,xgboost,167,461,0,0.5270323753356934,1,0.5
5,5,46,xgboost,168,535,0,0.4362296164035797,0,0.5
5,5,46,xgboost,174,499,0,0.15135887265205383,0,0.5
5,5,46,xgboost,188,475,0,0.47145265340805054,0,0.5
5,5,46,xgboost,197,442,0,0.48664385080337524,0,0.5
5,5,46,xgboost,199,460,0,0.5033683180809021,1,0.5
5,5,46,xgboost,209,387,0,0.5237376689910889,1,0.5
5,5,46,xgboost,220,406,0,0.46803018450737,0,0.5
5,5,46,xgboost,223,278,0,0.29024162888526917,0,0.5
5,5,46,xgboost,229,466,0,0.41456809639930725,0,0.5
5,5,46,xgboost,234,406,0,0.46803018450737,0,0.5
5,5,46,xgboost,235,378,0,0.29806095361709595,0,0.5
5,5,46,xgboost,246,487,0,0.43240123987197876,0,0.5
5,5,46,xgboost,250,379,0,0.4783337712287903,0,0.5
5,5,46,xgboost,255,379,0,0.4783337712287903,0,0.5
5,5,46,xgboost,261,227,0,0.45868584513664246,0,0.5
5,5,46,xgboost,270,211,0,0.46720677614212036,0,0.5
5,5,46,xgboost,271,359,0,0.4771471619606018,0,0.5
5,5,46,xgboost,279,263,0,0.413264662027359,0,0.5
5,5,46,xgboost,282,219,0,0.4418385922908783,0,0.5
5,5,46,xgboost,283,389,0,0.4768257141113281,0,0.5
5,5,46,xgboost,291,289,0,0.4801046848297119,0,0.5
5,5,46,xgboost,296,358,0,0.333331823348999,0,0.5
5,5,46,xgboost,298,333,0,0.38978129625320435,0,0.5
5,5,46,xgboost,300,301,0,0.3511173129081726,0,0.5
5,5,46,xgboost,301,202,0,0.40326759219169617,0,0.5
5,5,46,xgboost,309,322,0,0.6538205146789551,1,0.5
5,5,46,xgboost,313,370,0,0.4311717748641968,0,0.5
5,5,46,xgboost,330,207,0,0.49366775155067444,0,0.5
5,5,46,xgboost,336,251,0,0.5381184816360474,1,0.5
5,5,46,xgboost,337,818,0,0.10238948464393616,0,0.5
5,5,46,xgboost,339,182,0,0.38283076882362366,0,0.5
5,5,46,xgboost,346,149,0,0.30118528008461,0,0.5
5,5,46,xgboost,347,131,0,0.4797098934650421,0,0.5
5,5,46,xgboost,353,223,0,0.3781341314315796,0,0.5
5,5,46,xgboost,357,258,0,0.5717558860778809,1,0.5
5,5,46,xgboost,360,339,0,0.3580167889595032,0,0.5
5,5,46,xgboost,365,178,0,0.4611233174800873,0,0.5
5,5,46,xgboost,373,312,0,0.42500606179237366,0,0.5
5,5,46,xgboost,376,786,0,0.27532991766929626,0,0.5
5,5,46,xgboost,377,172,1,0.3267035484313965,0,0.5
5,5,46,xgboost,378,86,0,0.38875192403793335,0,0.5
5,5,46,xgboost,380,103,0,0.3226091265678406,0,0.5
5,5,46,xgboost,384,78,0,0.6608104705810547,1,0.5
5,5,46,xgboost,392,120,0,0.3800432085990906,0,0.5
5,5,46,xgboost,404,88,0,0.4538535177707672,0,0.5
5,5,46,xgboost,407,57,0,0.4263533651828766,0,0.5
5,5,46,xgboost,414,186,0,0.43480971455574036,0,0.5
5,5,46,xgboost,419,149,0,0.30118528008461,0,0.5
5,5,46,xgboost,430,153,0,0.4787057042121887,0,0.5
5,5,46,xgboost,438,195,0,0.5841571688652039,1,0.5
5,5,46,xgboost,445,36,0,0.24667073786258698,0,0.5
5,5,46,xgboost,450,34,0,0.19165174663066864,0,0.5
5,5,46,xgboost,451,32,0,0.23079805076122284,0,0.5
5,5,46,xgboost,470,764,0,0.4184532165527344,0,0.5
5,5,46,xgboost,480,575,0,0.16577516496181488,0,0.5
5,5,46,xgboost,493,86,0,0.38875192403793335,0,0.5
5,5,46,xgboost,503,735,0,0.12406902015209198,0,0.5
5,5,46,xgboost,505,306,0,0.4737998843193054,0,0.5
5,5,46,xgboost,511,38,0,0.2137843668460846,0,0.5
5,5,46,xgboost,512,671,0,0.24129332602024078,0,0.5
5,5,46,xgboost,514,476,0,0.23186206817626953,0,0.5
5,5,46,xgboost,520,53,0,0.24222001433372498,0,0.5
5,5,46,xgboost,521,791,0,0.36272069811820984,0,0.5
5,5,46,xgboost,528,547,0,0.4321325421333313,0,0.5
5,5,46,xgboost,533,425,0,0.2810148000717163,0,0.5
5,5,46,xgboost,537,365,0,0.28167006373405457,0,0.5
5,5,46,xgboost,542,146,0,0.3794097900390625,0,0.5
5,5,46,xgboost,555,435,0,0.4961725175380707,0,0.5
5,5,46,xgboost,556,772,0,0.5763983726501465,1,0.5
5,5,46,xgboost,559,162,0,0.45998769998550415,0,0.5
5,5,46,xgboost,561,208,0,0.5703926086425781,1,0.5
5,5,46,xgboost,567,383,0,0.6365761160850525,1,0.5
5,5,46,xgboost,569,802,0,0.10474984347820282,0,0.5
5,5,46,xgboost,573,523,0,0.4704045057296753,0,0.5
5,5,46,xgboost,576,464,0,0.30671119689941406,0,0.5
5,5,46,xgboost,583,315,0,0.3089500367641449,0,0.5
5,5,46,xgboost,591,244,0,0.5639294981956482,1,0.5
5,5,46,xgboost,596,83,0,0.35435113310813904,0,0.5
5,5,46,xgboost,600,506,0,0.20877178013324738,0,0.5
5,5,46,xgboost,604,318,0,0.4849839210510254,0,0.5
5,5,46,xgboost,611,311,0,0.2713695764541626,0,0.5
5,5,46,xgboost,620,363,0,0.41306251287460327,0,0.5
5,5,46,xgboost,623,250,0,0.623084306716919,1,0.5
5,5,46,xgboost,628,779,0,0.21557952463626862,0,0.5
5,5,46,xgboost,630,424,0,0.4750779867172241,0,0.5
5,5,46,xgboost,633,261,0,0.5268347859382629,1,0.5
5,5,46,xgboost,636,741,0,0.10036295652389526,0,0.5
5,5,46,xgboost,640,625,0,0.4028172492980957,0,0.5
5,5,46,xgboost,655,236,1,0.4593975841999054,0,0.5
5,5,46,xgboost,656,294,0,0.45741745829582214,0,0.5
5,5,46,xgboost,668,830,0,0.0754399523139,0,0.5
5,5,46,xgboost,669,755,0,0.17306259274482727,0,0.5
5,5,46,xgboost,670,817,1,0.5805619955062866,1,0.5
5,5,46,xgboost,671,824,1,0.10665837675333023,0,0.5
5,5,46,xgboost,672,0,0,0.15893509984016418,0,0.5
5,5,46,xgboost,674,795,0,0.7254694104194641,1,0.5
5,5,46,xgboost,682,827,0,0.09903942793607712,0,0.5
5,5,46,xgboost,683,762,0,0.40823209285736084,0,0.5
5,5,46,xgboost,690,8,0,0.18952319025993347,0,0.5
5,5,46,xgboost,699,111,0,0.2941127121448517,0,0.5
5,5,46,xgboost,701,524,0,0.4998030364513397,0,0.5
5,5,46,xgboost,709,374,0,0.4269959032535553,0,0.5
5,5,46,xgboost,711,128,0,0.3108171224594116,0,0.5
5,5,46,xgboost,712,317,0,0.28386688232421875,0,0.5
5,5,46,xgboost,717,731,0,0.733650267124176,1,0.5
5,5,46,xgboost,718,246,0,0.49068182706832886,0,0.5
5,5,46,xgboost,729,327,0,0.2208935171365738,0,0.5
5,5,46,xgboost,735,6,0,0.13526658713817596,0,0.5
5,5,46,xgboost,738,477,0,0.48031604290008545,0,0.5
5,5,46,xgboost,739,495,1,0.7565456628799438,1,0.5
5,5,46,xgboost,741,129,0,0.3108171224594116,0,0.5
5,5,46,xgboost,753,166,1,0.5863533020019531,1,0.5
5,5,46,xgboost,754,508,1,0.5266447067260742,1,0.5
5,5,46,xgboost,770,357,0,0.2510484457015991,0,0.5
5,5,46,xgboost,771,661,0,0.39505070447921753,0,0.5
5,5,46,xgboost,777,744,0,0.16289332509040833,0,0.5
5,5,46,xgboost,781,642,1,0.48059648275375366,0,0.5
5,5,46,xgboost,785,480,0,0.48510509729385376,0,0.5
5,5,46,xgboost,789,164,0,0.784082293510437,1,0.5
5,5,46,xgboost,791,15,0,0.21874435245990753,0,0.5
5,5,46,xgboost,792,314,0,0.30178484320640564,0,0.5
5,5,46,xgboost,797,645,1,0.4719490706920624,0,0.5
5,5,46,xgboost,801,691,0,0.4756368398666382,0,0.5
5,5,46,xgboost,803,106,0,0.37811049818992615,0,0.5
5,5,46,xgboost,804,543,0,0.3762342035770416,0,0.5
5,5,46,xgboost,805,668,0,0.14080165326595306,0,0.5
5,5,46,xgboost,810,116,0,0.308706670999527,0,0.5
5,5,46,xgboost,813,163,0,0.597119927406311,1,0.5
5,5,46,xgboost,822,726,0,0.21942175924777985,0,0.5
5,5,46,xgboost,826,650,0,0.652319073677063,1,0.5
5,5,46,xgboost,837,606,0,0.21904157102108002,0,0.5
5,5,46,xgboost,845,132,0,0.4797098934650421,0,0.5
5,5,46,xgboost,846,680,0,0.3203544318675995,0,0.5
5,5,46,xgboost,847,574,0,0.19969558715820312,0,0.5
5,5,46,xgboost,853,672,0,0.330710768699646,0,0.5
