repeat,fold,random_state,model,row_position,group,observed_outcome,predicted_probability,predicted_class,threshold
1,1,42,dummy_prior,1,7,0,0.0641399416909621,0,0.5
1,1,42,dummy_prior,12,812,0,0.0641399416909621,0,0.5
1,1,42,dummy_prior,14,798,0,0.0641399416909621,0,0.5
1,1,42,dummy_prior,18,792,0,0.0641399416909621,0,0.5
1,1,42,dummy_prior,29,745,0,0.0641399416909621,0,0.5
1,1,42,dummy_prior,31,771,0,0.0641399416909621,0,0.5
1,1,42,dummy_prior,35,737,0,0.0641399416909621,0,0.5
1,1,42,dummy_prior,36,760,0,0.0641399416909621,0,0.5
1,1,42,dummy_prior,42,724,0,0.0641399416909621,0,0.5
1,1,42,dummy_prior,44,740,1,0.0641399416909621,0,0.5
1,1,42,dummy_prior,48,780,0,0.0641399416909621,0,0.5
1,1,42,dummy_prior,53,695,0,0.0641399416909621,0,0.5
1,1,42,dummy_prior,62,679,0,0.0641399416909621,0,0.5
1,1,42,dummy_prior,63,629,0,0.0641399416909621,0,0.5
1,1,42,dummy_prior,72,664,0,0.0641399416909621,0,0.5
1,1,42,dummy_prior,79,684,0,0.0641399416909621,0,0.5
1,1,42,dummy_prior,80,630,0,0.0641399416909621,0,0.5
1,1,42,dummy_prior,84,713,0,0.0641399416909621,0,0.5
1,1,42,dummy_prior,86,718,0,0.0641399416909621,0,0.5
1,1,42,dummy_prior,93,631,1,0.0641399416909621,0,0.5
1,1,42,dummy_prior,94,637,0,0.0641399416909621,0,0.5
1,1,42,dummy_prior,105,674,0,0.0641399416909621,0,0.5
1,1,42,dummy_prior,126,588,0,0.0641399416909621,0,0.5
1,1,42,dummy_prior,127,520,0,0.0641399416909621,0,0.5
1,1,42,dummy_prior,130,492,0,0.0641399416909621,0,0.5
1,1,42,dummy_prior,132,565,0,0.0641399416909621,0,0.5
1,1,42,dummy_prior,143,480,0,0.0641399416909621,0,0.5
1,1,42,dummy_prior,144,558,0,0.0641399416909621,0,0.5
1,1,42,dummy_prior,153,423,0,0.0641399416909621,0,0.5
1,1,42,dummy_prior,154,457,0,0.0641399416909621,0,0.5
1,1,42,dummy_prior,163,509,1,0.0641399416909621,0,0.5
1,1,42,dummy_prior,164,546,0,0.0641399416909621,0,0.5
1,1,42,dummy_prior,169,108,0,0.0641399416909621,0,0.5
1,1,42,dummy_prior,172,522,0,0.0641399416909621,0,0.5
1,1,42,dummy_prior,179,548,0,0.0641399416909621,0,0.5
1,1,42,dummy_prior,183,491,0,0.0641399416909621,0,0.5
1,1,42,dummy_prior,186,404,0,0.0641399416909621,0,0.5
1,1,42,dummy_prior,200,443,0,0.0641399416909621,0,0.5
1,1,42,dummy_prior,201,441,0,0.0641399416909621,0,0.5
1,1,42,dummy_prior,213,500,0,0.0641399416909621,0,0.5
1,1,42,dummy_prior,223,278,0,0.0641399416909621,0,0.5
1,1,42,dummy_prior,224,351,1,0.0641399416909621,0,0.5
1,1,42,dummy_prior,238,536,0,0.0641399416909621,0,0.5
1,1,42,dummy_prior,239,497,0,0.0641399416909621,0,0.5
1,1,42,dummy_prior,242,555,0,0.0641399416909621,0,0.5
1,1,42,dummy_prior,249,270,0,0.0641399416909621,0,0.5
1,1,42,dummy_prior,250,379,0,0.0641399416909621,0,0.5
1,1,42,dummy_prior,254,390,0,0.0641399416909621,0,0.5
1,1,42,dummy_prior,255,379,0,0.0641399416909621,0,0.5
1,1,42,dummy_prior,256,366,0,0.0641399416909621,0,0.5
1,1,42,dummy_prior,261,227,0,0.0641399416909621,0,0.5
1,1,42,dummy_prior,268,305,0,0.0641399416909621,0,0.5
1,1,42,dummy_prior,270,211,0,0.0641399416909621,0,0.5
1,1,42,dummy_prior,276,241,0,0.0641399416909621,0,0.5
1,1,42,dummy_prior,277,168,0,0.0641399416909621,0,0.5
1,1,42,dummy_prior,280,303,0,0.0641399416909621,0,0.5
1,1,42,dummy_prior,284,252,0,0.0641399416909621,0,0.5
1,1,42,dummy_prior,288,300,0,0.0641399416909621,0,0.5
1,1,42,dummy_prior,290,204,0,0.0641399416909621,0,0.5
1,1,42,dummy_prior,300,301,0,0.0641399416909621,0,0.5
1,1,42,dummy_prior,306,436,0,0.0641399416909621,0,0.5
1,1,42,dummy_prior,307,287,0,0.0641399416909621,0,0.5
1,1,42,dummy_prior,314,215,1,0.0641399416909621,0,0.5
1,1,42,dummy_prior,315,189,0,0.0641399416909621,0,0.5
1,1,42,dummy_prior,324,654,0,0.0641399416909621,0,0.5
1,1,42,dummy_prior,326,217,0,0.0641399416909621,0,0.5
1,1,42,dummy_prior,328,197,0,0.0641399416909621,0,0.5
1,1,42,dummy_prior,334,229,0,0.0641399416909621,0,0.5
1,1,42,dummy_prior,340,148,0,0.0641399416909621,0,0.5
1,1,42,dummy_prior,353,223,0,0.0641399416909621,0,0.5
1,1,42,dummy_prior,359,733,0,0.0641399416909621,0,0.5
1,1,42,dummy_prior,361,199,0,0.0641399416909621,0,0.5
1,1,42,dummy_prior,372,242,0,0.0641399416909621,0,0.5
1,1,42,dummy_prior,376,786,0,0.0641399416909621,0,0.5
1,1,42,dummy_prior,385,234,0,0.0641399416909621,0,0.5
1,1,42,dummy_prior,387,266,0,0.0641399416909621,0,0.5
1,1,42,dummy_prior,388,185,0,0.0641399416909621,0,0.5
1,1,42,dummy_prior,393,142,0,0.0641399416909621,0,0.5
1,1,42,dummy_prior,397,137,0,0.0641399416909621,0,0.5
1,1,42,dummy_prior,414,186,0,0.0641399416909621,0,0.5
1,1,42,dummy_prior,417,158,0,0.0641399416909621,0,0.5
1,1,42,dummy_prior,418,47,0,0.0641399416909621,0,0.5
1,1,42,dummy_prior,430,153,0,0.0641399416909621,0,0.5
1,1,42,dummy_prior,436,39,0,0.0641399416909621,0,0.5
1,1,42,dummy_prior,438,195,0,0.0641399416909621,0,0.5
1,1,42,dummy_prior,440,7,0,0.0641399416909621,0,0.5
1,1,42,dummy_prior,444,80,0,0.0641399416909621,0,0.5
1,1,42,dummy_prior,448,65,0,0.0641399416909621,0,0.5
1,1,42,dummy_prior,454,7,0,0.0641399416909621,0,0.5
1,1,42,dummy_prior,456,24,0,0.0641399416909621,0,0.5
1,1,42,dummy_prior,462,68,0,0.0641399416909621,0,0.5
1,1,42,dummy_prior,466,7,0,0.0641399416909621,0,0.5
1,1,42,dummy_prior,475,154,0,0.0641399416909621,0,0.5
1,1,42,dummy_prior,477,751,0,0.0641399416909621,0,0.5
1,1,42,dummy_prior,480,575,0,0.0641399416909621,0,0.5
1,1,42,dummy_prior,491,122,0,0.0641399416909621,0,0.5
1,1,42,dummy_prior,499,614,0,0.0641399416909621,0,0.5
1,1,42,dummy_prior,502,369,0,0.0641399416909621,0,0.5
1,1,42,dummy_prior,506,711,0,0.0641399416909621,0,0.5
1,1,42,dummy_prior,511,38,0,0.0641399416909621,0,0.5
1,1,42,dummy_prior,515,603,0,0.0641399416909621,0,0.5
1,1,42,dummy_prior,523,624,0,0.0641399416909621,0,0.5
1,1,42,dummy_prior,527,262,0,0.0641399416909621,0,0.5
1,1,42,dummy_prior,536,24,0,0.0641399416909621,0,0.5
1,1,42,dummy_prior,539,76,1,0.0641399416909621,0,0.5
1,1,42,dummy_prior,548,58,0,0.0641399416909621,0,0.5
1,1,42,dummy_prior,549,662,1,0.0641399416909621,0,0.5
1,1,42,dummy_prior,550,191,0,0.0641399416909621,0,0.5
1,1,42,dummy_prior,556,772,0,0.0641399416909621,0,0.5
1,1,42,dummy_prior,557,458,0,0.0641399416909621,0,0.5
1,1,42,dummy_prior,558,255,0,0.0641399416909621,0,0.5
1,1,42,dummy_prior,559,162,0,0.0641399416909621,0,0.5
1,1,42,dummy_prior,562,282,0,0.0641399416909621,0,0.5
1,1,42,dummy_prior,572,373,0,0.0641399416909621,0,0.5
1,1,42,dummy_prior,574,309,0,0.0641399416909621,0,0.5
1,1,42,dummy_prior,576,464,0,0.0641399416909621,0,0.5
1,1,42,dummy_prior,579,730,0,0.0641399416909621,0,0.5
1,1,42,dummy_prior,594,193,0,0.0641399416909621,0,0.5
1,1,42,dummy_prior,596,83,0,0.0641399416909621,0,0.5
1,1,42,dummy_prior,601,504,0,0.0641399416909621,0,0.5
1,1,42,dummy_prior,603,440,0,0.0641399416909621,0,0.5
1,1,42,dummy_prior,608,135,0,0.0641399416909621,0,0.5
1,1,42,dummy_prior,609,416,0,0.0641399416909621,0,0.5
1,1,42,dummy_prior,617,157,0,0.0641399416909621,0,0.5
1,1,42,dummy_prior,618,130,0,0.0641399416909621,0,0.5
1,1,42,dummy_prior,619,320,0,0.0641399416909621,0,0.5
1,1,42,dummy_prior,625,92,0,0.0641399416909621,0,0.5
1,1,42,dummy_prior,634,478,0,0.0641399416909621,0,0.5
1,1,42,dummy_prior,637,493,0,0.0641399416909621,0,0.5
1,1,42,dummy_prior,650,421,0,0.0641399416909621,0,0.5
1,1,42,dummy_prior,654,810,0,0.0641399416909621,0,0.5
1,1,42,dummy_prior,655,236,1,0.0641399416909621,0,0.5
1,1,42,dummy_prior,675,808,0,0.0641399416909621,0,0.5
1,1,42,dummy_prior,685,820,0,0.0641399416909621,0,0.5
1,1,42,dummy_prior,690,8,0,0.0641399416909621,0,0.5
1,1,42,dummy_prior,706,81,0,0.0641399416909621,0,0.5
1,1,42,dummy_prior,716,144,0,0.0641399416909621,0,0.5
1,1,42,dummy_prior,717,731,0,0.0641399416909621,0,0.5
1,1,42,dummy_prior,721,655,0,0.0641399416909621,0,0.5
1,1,42,dummy_prior,746,342,0,0.0641399416909621,0,0.5
1,1,42,dummy_prior,748,393,0,0.0641399416909621,0,0.5
1,1,42,dummy_prior,751,778,0,0.0641399416909621,0,0.5
1,1,42,dummy_prior,753,166,1,0.0641399416909621,0,0.5
1,1,42,dummy_prior,754,508,1,0.0641399416909621,0,0.5
1,1,42,dummy_prior,755,563,0,0.0641399416909621,0,0.5
1,1,42,dummy_prior,758,578,0,0.0641399416909621,0,0.5
1,1,42,dummy_prior,763,785,0,0.0641399416909621,0,0.5
1,1,42,dummy_prior,764,281,0,0.0641399416909621,0,0.5
1,1,42,dummy_prior,768,422,0,0.0641399416909621,0,0.5
1,1,42,dummy_prior,769,415,0,0.0641399416909621,0,0.5
1,1,42,dummy_prior,774,801,0,0.0641399416909621,0,0.5
1,1,42,dummy_prior,775,455,0,0.0641399416909621,0,0.5
1,1,42,dummy_prior,783,84,0,0.0641399416909621,0,0.5
1,1,42,dummy_prior,784,403,0,0.0641399416909621,0,0.5
1,1,42,dummy_prior,785,480,0,0.0641399416909621,0,0.5
1,1,42,dummy_prior,790,350,0,0.0641399416909621,0,0.5
1,1,42,dummy_prior,797,645,1,0.0641399416909621,0,0.5
1,1,42,dummy_prior,801,691,0,0.0641399416909621,0,0.5
1,1,42,dummy_prior,804,543,0,0.0641399416909621,0,0.5
1,1,42,dummy_prior,806,62,0,0.0641399416909621,0,0.5
1,1,42,dummy_prior,808,544,0,0.0641399416909621,0,0.5
1,1,42,dummy_prior,811,48,0,0.0641399416909621,0,0.5
1,1,42,dummy_prior,813,163,0,0.0641399416909621,0,0.5
1,1,42,dummy_prior,819,2,0,0.0641399416909621,0,0.5
1,1,42,dummy_prior,824,720,0,0.0641399416909621,0,0.5
1,1,42,dummy_prior,825,794,0,0.0641399416909621,0,0.5
1,1,42,dummy_prior,826,650,0,0.0641399416909621,0,0.5
1,1,42,dummy_prior,829,666,0,0.0641399416909621,0,0.5
1,1,42,dummy_prior,831,777,0,0.0641399416909621,0,0.5
1,1,42,dummy_prior,840,346,0,0.0641399416909621,0,0.5
1,1,42,dummy_prior,849,620,0,0.0641399416909621,0,0.5
1,1,42,dummy_prior,856,635,0,0.0641399416909621,0,0.5
1,1,42,logistic_regression,1,7,0,0.4437855311300483,0,0.5
1,1,42,logistic_regression,12,812,0,0.7070907403032336,1,0.5
1,1,42,logistic_regression,14,798,0,0.5894927663594015,1,0.5
1,1,42,logistic_regression,18,792,0,0.9195612758977271,1,0.5
1,1,42,logistic_regression,29,745,0,0.3470259678179276,0,0.5
1,1,42,logistic_regression,31,771,0,0.6710172785852208,1,0.5
1,1,42,logistic_regression,35,737,0,0.5625462819951366,1,0.5
1,1,42,logistic_regression,36,760,0,0.49202776639951423,0,0.5
1,1,42,logistic_regression,42,724,0,0.531788114172436,1,0.5
1,1,42,logistic_regression,44,740,1,0.6061814264930279,1,0.5
1,1,42,logistic_regression,48,780,0,0.606693133662365,1,0.5
1,1,42,logistic_regression,53,695,0,0.5402280847759431,1,0.5
1,1,42,logistic_regression,62,679,0,0.4408741910010321,0,0.5
1,1,42,logistic_regression,63,629,0,0.8497405882829628,1,0.5
1,1,42,logistic_regression,72,664,0,0.40788565600257076,0,0.5
1,1,42,logistic_regression,79,684,0,0.4451704299701479,0,0.5
1,1,42,logistic_regression,80,630,0,0.35774403353672435,0,0.5
1,1,42,logistic_regression,84,713,0,0.2988002790380744,0,0.5
1,1,42,logistic_regression,86,718,0,0.4656730085683383,0,0.5
1,1,42,logistic_regression,93,631,1,0.32947307006015464,0,0.5
1,1,42,logistic_regression,94,637,0,0.46885243945165866,0,0.5
1,1,42,logistic_regression,105,674,0,0.5131931888317184,1,0.5
1,1,42,logistic_regression,126,588,0,0.4343042163458845,0,0.5
1,1,42,logistic_regression,127,520,0,0.5861736643360455,1,0.5
1,1,42,logistic_regression,130,492,0,0.5246226579564393,1,0.5
1,1,42,logistic_regression,132,565,0,0.38799599384598105,0,0.5
1,1,42,logistic_regression,143,480,0,0.15457943867794033,0,0.5
1,1,42,logistic_regression,144,558,0,0.43496303978047735,0,0.5
1,1,42,logistic_regression,153,423,0,0.5001441442489286,1,0.5
1,1,42,logistic_regression,154,457,0,0.524072283275849,1,0.5
1,1,42,logistic_regression,163,509,1,0.518918146585643,1,0.5
1,1,42,logistic_regression,164,546,0,0.12471981963353704,0,0.5
1,1,42,logistic_regression,169,108,0,0.4777393360127267,0,0.5
1,1,42,logistic_regression,172,522,0,0.5218355672251103,1,0.5
1,1,42,logistic_regression,179,548,0,0.5352236504630511,1,0.5
1,1,42,logistic_regression,183,491,0,0.45219692837827086,0,0.5
1,1,42,logistic_regression,186,404,0,0.8501264182728206,1,0.5
1,1,42,logistic_regression,200,443,0,0.44140711616808004,0,0.5
1,1,42,logistic_regression,201,441,0,0.48105858622117015,0,0.5
1,1,42,logistic_regression,213,500,0,0.8958944064934505,1,0.5
1,1,42,logistic_regression,223,278,0,0.46977268895211655,0,0.5
1,1,42,logistic_regression,224,351,1,0.7141393359798026,1,0.5
1,1,42,logistic_regression,238,536,0,0.5421597644304379,1,0.5
1,1,42,logistic_regression,239,497,0,0.5744951052732853,1,0.5
1,1,42,logistic_regression,242,555,0,0.3663115681947818,0,0.5
1,1,42,logistic_regression,249,270,0,0.4537241060134439,0,0.5
1,1,42,logistic_regression,250,379,0,0.4211400469599866,0,0.5
1,1,42,logistic_regression,254,390,0,0.4194234018840522,0,0.5
1,1,42,logistic_regression,255,379,0,0.4211400469599866,0,0.5
1,1,42,logistic_regression,256,366,0,0.15890935451222218,0,0.5
1,1,42,logistic_regression,261,227,0,0.4334680527903612,0,0.5
1,1,42,logistic_regression,268,305,0,0.4666757843518648,0,0.5
1,1,42,logistic_regression,270,211,0,0.418723878779924,0,0.5
1,1,42,logistic_regression,276,241,0,0.46109062910322457,0,0.5
1,1,42,logistic_regression,277,168,0,0.4014292371360624,0,0.5
1,1,42,logistic_regression,280,303,0,0.45043897744820743,0,0.5
1,1,42,logistic_regression,284,252,0,0.14197411695290163,0,0.5
1,1,42,logistic_regression,288,300,0,0.49804402839498746,0,0.5
1,1,42,logistic_regression,290,204,0,0.58870525355783,1,0.5
1,1,42,logistic_regression,300,301,0,0.5068449892014923,1,0.5
1,1,42,logistic_regression,306,436,0,0.4130082918821674,0,0.5
1,1,42,logistic_regression,307,287,0,0.14820787193917836,0,0.5
1,1,42,logistic_regression,314,215,1,0.45045184577506064,0,0.5
1,1,42,logistic_regression,315,189,0,0.46677310755428614,0,0.5
1,1,42,logistic_regression,324,654,0,0.44677087246286135,0,0.5
1,1,42,logistic_regression,326,217,0,0.40156025935125417,0,0.5
1,1,42,logistic_regression,328,197,0,0.1604465541754528,0,0.5
1,1,42,logistic_regression,334,229,0,0.4205081213099503,0,0.5
1,1,42,logistic_regression,340,148,0,0.40300164084653856,0,0.5
1,1,42,logistic_regression,353,223,0,0.18214023411988955,0,0.5
1,1,42,logistic_regression,359,733,0,0.47412061753742923,0,0.5
1,1,42,logistic_regression,361,199,0,0.40659839346603277,0,0.5
1,1,42,logistic_regression,372,242,0,0.4858332520635972,0,0.5
1,1,42,logistic_regression,376,786,0,0.8131578737850407,1,0.5
1,1,42,logistic_regression,385,234,0,0.474807844739489,0,0.5
1,1,42,logistic_regression,387,266,0,0.4146058523947343,0,0.5
1,1,42,logistic_regression,388,185,0,0.3001649890899408,0,0.5
1,1,42,logistic_regression,393,142,0,0.4392505512930115,0,0.5
1,1,42,logistic_regression,397,137,0,0.7493067885845947,1,0.5
1,1,42,logistic_regression,414,186,0,0.4459055311289419,0,0.5
1,1,42,logistic_regression,417,158,0,0.12552877297189916,0,0.5
1,1,42,logistic_regression,418,47,0,0.7365774996337356,1,0.5
1,1,42,logistic_regression,430,153,0,0.42777369790890657,0,0.5
1,1,42,logistic_regression,436,39,0,0.16246706379987164,0,0.5
1,1,42,logistic_regression,438,195,0,0.4229556376933727,0,0.5
1,1,42,logistic_regression,440,7,0,0.4437855311300483,0,0.5
1,1,42,logistic_regression,444,80,0,0.405363771719627,0,0.5
1,1,42,logistic_regression,448,65,0,0.23098456224310457,0,0.5
1,1,42,logistic_regression,454,7,0,0.4437855311300483,0,0.5
1,1,42,logistic_regression,456,24,0,0.44570215968677157,0,0.5
1,1,42,logistic_regression,462,68,0,0.433726691397317,0,0.5
1,1,42,logistic_regression,466,7,0,0.4437855311300483,0,0.5
1,1,42,logistic_regression,475,154,0,0.4651147799492387,0,0.5
1,1,42,logistic_regression,477,751,0,0.4476965384769206,0,0.5
1,1,42,logistic_regression,480,575,0,0.12763802046605421,0,0.5
1,1,42,logistic_regression,491,122,0,0.41495059802732953,0,0.5
1,1,42,logistic_regression,499,614,0,0.4854184154253019,0,0.5
1,1,42,logistic_regression,502,369,0,0.4928615644795778,0,0.5
1,1,42,logistic_regression,506,711,0,0.5130147595679613,1,0.5
1,1,42,logistic_regression,511,38,0,0.41030885358403807,0,0.5
1,1,42,logistic_regression,515,603,0,0.4960214454256413,0,0.5
1,1,42,logistic_regression,523,624,0,0.4423539306891647,0,0.5
1,1,42,logistic_regression,527,262,0,0.15219936852468394,0,0.5
1,1,42,logistic_regression,536,24,0,0.44570215968677157,0,0.5
1,1,42,logistic_regression,539,76,1,0.7366334824165979,1,0.5
1,1,42,logistic_regression,548,58,0,0.4363237744761387,0,0.5
1,1,42,logistic_regression,549,662,1,0.619730596372625,1,0.5
1,1,42,logistic_regression,550,191,0,0.43866854142082673,0,0.5
1,1,42,logistic_regression,556,772,0,0.7403260263224734,1,0.5
1,1,42,logistic_regression,557,458,0,0.44848953385288187,0,0.5
1,1,42,logistic_regression,558,255,0,0.3748430454713756,0,0.5
1,1,42,logistic_regression,559,162,0,0.44553856700241523,0,0.5
1,1,42,logistic_regression,562,282,0,0.4698123896292526,0,0.5
1,1,42,logistic_regression,572,373,0,0.5678803460045468,1,0.5
1,1,42,logistic_regression,574,309,0,0.4335876164238637,0,0.5
1,1,42,logistic_regression,576,464,0,0.18222943229843203,0,0.5
1,1,42,logistic_regression,579,730,0,0.6280313655407396,1,0.5
1,1,42,logistic_regression,594,193,0,0.4048703427885671,0,0.5
1,1,42,logistic_regression,596,83,0,0.394436465870263,0,0.5
1,1,42,logistic_regression,601,504,0,0.4799750164168244,0,0.5
1,1,42,logistic_regression,603,440,0,0.17591804061794727,0,0.5
1,1,42,logistic_regression,608,135,0,0.43375025376995135,0,0.5
1,1,42,logistic_regression,609,416,0,0.528788347369046,1,0.5
1,1,42,logistic_regression,617,157,0,0.3477148985958952,0,0.5
1,1,42,logistic_regression,618,130,0,0.42789270875179586,0,0.5
1,1,42,logistic_regression,619,320,0,0.19352954073980777,0,0.5
1,1,42,logistic_regression,625,92,0,0.4277592360690186,0,0.5
1,1,42,logistic_regression,634,478,0,0.43636403961134856,0,0.5
1,1,42,logistic_regression,637,493,0,0.543500691157986,1,0.5
1,1,42,logistic_regression,650,421,0,0.7037765905408347,1,0.5
1,1,42,logistic_regression,654,810,0,0.7690397665200231,1,0.5
1,1,42,logistic_regression,655,236,1,0.4092709309412255,0,0.5
1,1,42,logistic_regression,675,808,0,0.5040582683916434,1,0.5
1,1,42,logistic_regression,685,820,0,0.3599544198511199,0,0.5
1,1,42,logistic_regression,690,8,0,0.6407026871427078,1,0.5
1,1,42,logistic_regression,706,81,0,0.6178999319213342,1,0.5
1,1,42,logistic_regression,716,144,0,0.45241726332739357,0,0.5
1,1,42,logistic_regression,717,731,0,0.6682506899880684,1,0.5
1,1,42,logistic_regression,721,655,0,0.5097581429713225,1,0.5
1,1,42,logistic_regression,746,342,0,0.5960912913126359,1,0.5
1,1,42,logistic_regression,748,393,0,0.47108779524952493,0,0.5
1,1,42,logistic_regression,751,778,0,0.18847796003645007,0,0.5
1,1,42,logistic_regression,753,166,1,0.5286935078472221,1,0.5
1,1,42,logistic_regression,754,508,1,0.46370446350718453,0,0.5
1,1,42,logistic_regression,755,563,0,0.48741955970894046,0,0.5
1,1,42,logistic_regression,758,578,0,0.41768025912025825,0,0.5
1,1,42,logistic_regression,763,785,0,0.5690830461889265,1,0.5
1,1,42,logistic_regression,764,281,0,0.5425048046134189,1,0.5
1,1,42,logistic_regression,768,422,0,0.4221601987878871,0,0.5
1,1,42,logistic_regression,769,415,0,0.1753593507513611,0,0.5
1,1,42,logistic_regression,774,801,0,0.6908673142722775,1,0.5
1,1,42,logistic_regression,775,455,0,0.48729812415603657,0,0.5
1,1,42,logistic_regression,783,84,0,0.14337542035529552,0,0.5
1,1,42,logistic_regression,784,403,0,0.4885662733743597,0,0.5
1,1,42,logistic_regression,785,480,0,0.15457943867794033,0,0.5
1,1,42,logistic_regression,790,350,0,0.4215601060090592,0,0.5
1,1,42,logistic_regression,797,645,1,0.5060460596199526,1,0.5
1,1,42,logistic_regression,801,691,0,0.5899750552149776,1,0.5
1,1,42,logistic_regression,804,543,0,0.5165239936105666,1,0.5
1,1,42,logistic_regression,806,62,0,0.4628312078971367,0,0.5
1,1,42,logistic_regression,808,544,0,0.6191945705687276,1,0.5
1,1,42,logistic_regression,811,48,0,0.6260678003263431,1,0.5
1,1,42,logistic_regression,813,163,0,0.6282272422690028,1,0.5
1,1,42,logistic_regression,819,2,0,0.3548211792638707,0,0.5
1,1,42,logistic_regression,824,720,0,0.3622719809073643,0,0.5
1,1,42,logistic_regression,825,794,0,0.46239688305406446,0,0.5
1,1,42,logistic_regression,826,650,0,0.5053014135925415,1,0.5
1,1,42,logistic_regression,829,666,0,0.5186422581967095,1,0.5
1,1,42,logistic_regression,831,777,0,0.6719875622150299,1,0.5
1,1,42,logistic_regression,840,346,0,0.4981603785411973,0,0.5
1,1,42,logistic_regression,849,620,0,0.3938979072259352,0,0.5
1,1,42,logistic_regression,856,635,0,0.3734456896777813,0,0.5
1,1,42,xgboost,1,7,0,0.11392535269260406,0,0.5
1,1,42,xgboost,12,812,0,0.14931358397006989,0,0.5
1,1,42,xgboost,14,798,0,0.3310801684856415,0,0.5
1,1,42,xgboost,18,792,0,0.20873692631721497,0,0.5
1,1,42,xgboost,29,745,0,0.11289849877357483,0,0.5
1,1,42,xgboost,31,771,0,0.22314414381980896,0,0.5
1,1,42,xgboost,35,737,0,0.28835156559944153,0,0.5
1,1,42,xgboost,36,760,0,0.5893517732620239,1,0.5
1,1,42,xgboost,42,724,0,0.6820245981216431,1,0.5
1,1,42,xgboost,44,740,1,0.5391044020652771,1,0.5
1,1,42,xgboost,48,780,0,0.47920849919319153,0,0.5
1,1,42,xgboost,53,695,0,0.48744460940361023,0,0.5
1,1,42,xgboost,62,679,0,0.06154850870370865,0,0.5
1,1,42,xgboost,63,629,0,0.6054927706718445,1,0.5
1,1,42,xgboost,72,664,0,0.1542751044034958,0,0.5
1,1,42,xgboost,79,684,0,0.6149295568466187,1,0.5
1,1,42,xgboost,80,630,0,0.17843179404735565,0,0.5
1,1,42,xgboost,84,713,0,0.6067989468574524,1,0.5
1,1,42,xgboost,86,718,0,0.15219753980636597,0,0.5
1,1,42,xgboost,93,631,1,0.14707140624523163,0,0.5
1,1,42,xgboost,94,637,0,0.4052025377750397,0,0.5
1,1,42,xgboost,105,674,0,0.7282881736755371,1,0.5
1,1,42,xgboost,126,588,0,0.5297171473503113,1,0.5
1,1,42,xgboost,127,520,0,0.26366230845451355,0,0.5
1,1,42,xgboost,130,492,0,0.18868222832679749,0,0.5
1,1,42,xgboost,132,565,0,0.15122196078300476,0,0.5
1,1,42,xgboost,143,480,0,0.06816308945417404,0,0.5
1,1,42,xgboost,144,558,0,0.3899063169956207,0,0.5
1,1,42,xgboost,153,423,0,0.27101930975914,0,0.5
1,1,42,xgboost,154,457,0,0.29619041085243225,0,0.5
1,1,42,xgboost,163,509,1,0.1890563815832138,0,0.5
1,1,42,xgboost,164,546,0,0.06933566182851791,0,0.5
1,1,42,xgboost,169,108,0,0.19094721972942352,0,0.5
1,1,42,xgboost,172,522,0,0.5311222076416016,1,0.5
1,1,42,xgboost,179,548,0,0.4132890999317169,0,0.5
1,1,42,xgboost,183,491,0,0.6142378449440002,1,0.5
1,1,42,xgboost,186,404,0,0.679356038570404,1,0.5
1,1,42,xgboost,200,443,0,0.4793010354042053,0,0.5
1,1,42,xgboost,201,441,0,0.4943986237049103,0,0.5
1,1,42,xgboost,213,500,0,0.31928858160972595,0,0.5
1,1,42,xgboost,223,278,0,0.21146893501281738,0,0.5
1,1,42,xgboost,224,351,1,0.8006854057312012,1,0.5
1,1,42,xgboost,238,536,0,0.1384868323802948,0,0.5
1,1,42,xgboost,239,497,0,0.2428349256515503,0,0.5
1,1,42,xgboost,242,555,0,0.10597880184650421,0,0.5
1,1,42,xgboost,249,270,0,0.4881104826927185,0,0.5
1,1,42,xgboost,250,379,0,0.49462777376174927,0,0.5
1,1,42,xgboost,254,390,0,0.40189531445503235,0,0.5
1,1,42,xgboost,255,379,0,0.49462777376174927,0,0.5
1,1,42,xgboost,256,366,0,0.0467274971306324,0,0.5
1,1,42,xgboost,261,227,0,0.5075163245201111,1,0.5
1,1,42,xgboost,268,305,0,0.32776275277137756,0,0.5
1,1,42,xgboost,270,211,0,0.561377227306366,1,0.5
1,1,42,xgboost,276,241,0,0.5052089691162109,1,0.5
1,1,42,xgboost,277,168,0,0.5619882941246033,1,0.5
1,1,42,xgboost,280,303,0,0.30081701278686523,0,0.5
1,1,42,xgboost,284,252,0,0.08588002622127533,0,0.5
1,1,42,xgboost,288,300,0,0.18024270236492157,0,0.5
1,1,42,xgboost,290,204,0,0.23687414824962616,0,0.5
1,1,42,xgboost,300,301,0,0.24779200553894043,0,0.5
1,1,42,xgboost,306,436,0,0.40041035413742065,0,0.5
1,1,42,xgboost,307,287,0,0.03547945246100426,0,0.5
1,1,42,xgboost,314,215,1,0.49101704359054565,0,0.5
1,1,42,xgboost,315,189,0,0.36933189630508423,0,0.5
1,1,42,xgboost,324,654,0,0.29850706458091736,0,0.5
1,1,42,xgboost,326,217,0,0.5997263789176941,1,0.5
1,1,42,xgboost,328,197,0,0.11962253600358963,0,0.5
1,1,42,xgboost,334,229,0,0.5765527486801147,1,0.5
1,1,42,xgboost,340,148,0,0.5147859454154968,1,0.5
1,1,42,xgboost,353,223,0,0.0596860833466053,0,0.5
1,1,42,xgboost,359,733,0,0.10907521098852158,0,0.5
1,1,42,xgboost,361,199,0,0.62569260597229,1,0.5
1,1,42,xgboost,372,242,0,0.35898107290267944,0,0.5
1,1,42,xgboost,376,786,0,0.3813086152076721,0,0.5
1,1,42,xgboost,385,234,0,0.3899991810321808,0,0.5
1,1,42,xgboost,387,266,0,0.5869865417480469,1,0.5
1,1,42,xgboost,388,185,0,0.4959506094455719,0,0.5
1,1,42,xgboost,393,142,0,0.5417232513427734,1,0.5
1,1,42,xgboost,397,137,0,0.3500904440879822,0,0.5
1,1,42,xgboost,414,186,0,0.554314136505127,1,0.5
1,1,42,xgboost,417,158,0,0.09725463390350342,0,0.5
1,1,42,xgboost,418,47,0,0.3700886368751526,0,0.5
1,1,42,xgboost,430,153,0,0.6190493702888489,1,0.5
1,1,42,xgboost,436,39,0,0.021379379555583,0,0.5
1,1,42,xgboost,438,195,0,0.6619842648506165,1,0.5
1,1,42,xgboost,440,7,0,0.11392535269260406,0,0.5
1,1,42,xgboost,444,80,0,0.2490117996931076,0,0.5
1,1,42,xgboost,448,65,0,0.33651402592658997,0,0.5
1,1,42,xgboost,454,7,0,0.11392535269260406,0,0.5
1,1,42,xgboost,456,24,0,0.11392535269260406,0,0.5
1,1,42,xgboost,462,68,0,0.21299414336681366,0,0.5
1,1,42,xgboost,466,7,0,0.11392535269260406,0,0.5
1,1,42,xgboost,475,154,0,0.3739100992679596,0,0.5
1,1,42,xgboost,477,751,0,0.5629318356513977,1,0.5
1,1,42,xgboost,480,575,0,0.019670555368065834,0,0.5
1,1,42,xgboost,491,122,0,0.519514262676239,1,0.5
1,1,42,xgboost,499,614,0,0.39557358622550964,0,0.5
1,1,42,xgboost,502,369,0,0.23389822244644165,0,0.5
1,1,42,xgboost,506,711,0,0.5237639546394348,1,0.5
1,1,42,xgboost,511,38,0,0.16237880289554596,0,0.5
1,1,42,xgboost,515,603,0,0.4094066023826599,0,0.5
1,1,42,xgboost,523,624,0,0.5648733377456665,1,0.5
1,1,42,xgboost,527,262,0,0.094161756336689,0,0.5
1,1,42,xgboost,536,24,0,0.11392535269260406,0,0.5
1,1,42,xgboost,539,76,1,0.35543879866600037,0,0.5
1,1,42,xgboost,548,58,0,0.2238544225692749,0,0.5
1,1,42,xgboost,549,662,1,0.4663245677947998,0,0.5
1,1,42,xgboost,550,191,0,0.4074351489543915,0,0.5
1,1,42,xgboost,556,772,0,0.6328727006912231,1,0.5
1,1,42,xgboost,557,458,0,0.5730811953544617,1,0.5
1,1,42,xgboost,558,255,0,0.18399910628795624,0,0.5
1,1,42,xgboost,559,162,0,0.4702549874782562,0,0.5
1,1,42,xgboost,562,282,0,0.35985463857650757,0,0.5
1,1,42,xgboost,572,373,0,0.16995945572853088,0,0.5
1,1,42,xgboost,574,309,0,0.2491815686225891,0,0.5
1,1,42,xgboost,576,464,0,0.03287281468510628,0,0.5
1,1,42,xgboost,579,730,0,0.5057423710823059,1,0.5
1,1,42,xgboost,594,193,0,0.5392462015151978,1,0.5
1,1,42,xgboost,596,83,0,0.25873324275016785,0,0.5
1,1,42,xgboost,601,504,0,0.35102465748786926,0,0.5
1,1,42,xgboost,603,440,0,0.051012180745601654,0,0.5
1,1,42,xgboost,608,135,0,0.3098859488964081,0,0.5
1,1,42,xgboost,609,416,0,0.45645612478256226,0,0.5
1,1,42,xgboost,617,157,0,0.5741606950759888,1,0.5
1,1,42,xgboost,618,130,0,0.5460609793663025,1,0.5
1,1,42,xgboost,619,320,0,0.05177302658557892,0,0.5
1,1,42,xgboost,625,92,0,0.20641130208969116,0,0.5
1,1,42,xgboost,634,478,0,0.475679486989975,0,0.5
1,1,42,xgboost,637,493,0,0.19371657073497772,0,0.5
1,1,42,xgboost,650,421,0,0.4946095645427704,0,0.5
1,1,42,xgboost,654,810,0,0.3928973972797394,0,0.5
1,1,42,xgboost,655,236,1,0.5852510333061218,1,0.5
1,1,42,xgboost,675,808,0,0.31095486879348755,0,0.5
1,1,42,xgboost,685,820,0,0.3449525237083435,0,0.5
1,1,42,xgboost,690,8,0,0.35500529408454895,0,0.5
1,1,42,xgboost,706,81,0,0.6676116585731506,1,0.5
1,1,42,xgboost,716,144,0,0.5221843719482422,1,0.5
1,1,42,xgboost,717,731,0,0.5644407868385315,1,0.5
1,1,42,xgboost,721,655,0,0.49390989542007446,0,0.5
1,1,42,xgboost,746,342,0,0.07972043752670288,0,0.5
1,1,42,xgboost,748,393,0,0.35534003376960754,0,0.5
1,1,42,xgboost,751,778,0,0.06632297486066818,0,0.5
1,1,42,xgboost,753,166,1,0.7567164897918701,1,0.5
1,1,42,xgboost,754,508,1,0.5899794697761536,1,0.5
1,1,42,xgboost,755,563,0,0.5639126896858215,1,0.5
1,1,42,xgboost,758,578,0,0.4700298607349396,0,0.5
1,1,42,xgboost,763,785,0,0.20161853730678558,0,0.5
1,1,42,xgboost,764,281,0,0.247146874666214,0,0.5
1,1,42,xgboost,768,422,0,0.37904641032218933,0,0.5
1,1,42,xgboost,769,415,0,0.04993564635515213,0,0.5
1,1,42,xgboost,774,801,0,0.30912402272224426,0,0.5
1,1,42,xgboost,775,455,0,0.2721617817878723,0,0.5
1,1,42,xgboost,783,84,0,0.0314280241727829,0,0.5
1,1,42,xgboost,784,403,0,0.15170276165008545,0,0.5
1,1,42,xgboost,785,480,0,0.06816308945417404,0,0.5
1,1,42,xgboost,790,350,0,0.5028913021087646,1,0.5
1,1,42,xgboost,797,645,1,0.5625942945480347,1,0.5
1,1,42,xgboost,801,691,0,0.5918810963630676,1,0.5
1,1,42,xgboost,804,543,0,0.677119255065918,1,0.5
1,1,42,xgboost,806,62,0,0.15313215553760529,0,0.5
1,1,42,xgboost,808,544,0,0.5267193913459778,1,0.5
1,1,42,xgboost,811,48,0,0.5189867615699768,1,0.5
1,1,42,xgboost,813,163,0,0.7971864342689514,1,0.5
1,1,42,xgboost,819,2,0,0.06267303973436356,0,0.5
1,1,42,xgboost,824,720,0,0.14495716989040375,0,0.5
1,1,42,xgboost,825,794,0,0.3960496485233307,0,0.5
1,1,42,xgboost,826,650,0,0.7106617093086243,1,0.5
1,1,42,xgboost,829,666,0,0.3360404670238495,0,0.5
1,1,42,xgboost,831,777,0,0.43424350023269653,0,0.5
1,1,42,xgboost,840,346,0,0.2484627366065979,0,0.5
1,1,42,xgboost,849,620,0,0.31464189291000366,0,0.5
1,1,42,xgboost,856,635,0,0.1484861820936203,0,0.5
1,2,42,dummy_prior,3,825,0,0.0641399416909621,0,0.5
1,2,42,dummy_prior,4,816,0,0.0641399416909621,0,0.5
1,2,42,dummy_prior,5,796,0,0.0641399416909621,0,0.5
1,2,42,dummy_prior,8,809,0,0.0641399416909621,0,0.5
1,2,42,dummy_prior,23,767,1,0.0641399416909621,0,0.5
1,2,42,dummy_prior,24,774,0,0.0641399416909621,0,0.5
1,2,42,dummy_prior,30,782,0,0.0641399416909621,0,0.5
1,2,42,dummy_prior,41,732,1,0.0641399416909621,0,0.5
1,2,42,dummy_prior,49,739,0,0.0641399416909621,0,0.5
1,2,42,dummy_prior,55,789,0,0.0641399416909621,0,0.5
1,2,42,dummy_prior,56,702,0,0.0641399416909621,0,0.5
1,2,42,dummy_prior,58,683,0,0.0641399416909621,0,0.5
1,2,42,dummy_prior,76,675,0,0.0641399416909621,0,0.5
1,2,42,dummy_prior,81,593,0,0.0641399416909621,0,0.5
1,2,42,dummy_prior,87,703,0,0.0641399416909621,0,0.5
1,2,42,dummy_prior,90,707,0,0.0641399416909621,0,0.5
1,2,42,dummy_prior,92,649,0,0.0641399416909621,0,0.5
1,2,42,dummy_prior,97,678,0,0.0641399416909621,0,0.5
1,2,42,dummy_prior,107,653,0,0.0641399416909621,0,0.5
1,2,42,dummy_prior,110,619,0,0.0641399416909621,0,0.5
1,2,42,dummy_prior,116,597,0,0.0641399416909621,0,0.5
1,2,42,dummy_prior,131,581,1,0.0641399416909621,0,0.5
1,2,42,dummy_prior,134,568,0,0.0641399416909621,0,0.5
1,2,42,dummy_prior,155,507,0,0.0641399416909621,0,0.5
1,2,42,dummy_prior,157,545,0,0.0641399416909621,0,0.5
1,2,42,dummy_prior,171,418,0,0.0641399416909621,0,0.5
1,2,42,dummy_prior,178,472,0,0.0641399416909621,0,0.5
1,2,42,dummy_prior,181,462,0,0.0641399416909621,0,0.5
1,2,42,dummy_prior,182,392,0,0.0641399416909621,0,0.5
1,2,42,dummy_prior,185,488,1,0.0641399416909621,0,0.5
1,2,42,dummy_prior,191,527,0,0.0641399416909621,0,0.5
1,2,42,dummy_prior,208,470,0,0.0641399416909621,0,0.5
1,2,42,dummy_prior,212,431,0,0.0641399416909621,0,0.5
1,2,42,dummy_prior,218,503,0,0.0641399416909621,0,0.5
1,2,42,dummy_prior,222,552,0,0.0641399416909621,0,0.5
1,2,42,dummy_prior,226,409,0,0.0641399416909621,0,0.5
1,2,42,dummy_prior,236,343,0,0.0641399416909621,0,0.5
1,2,42,dummy_prior,241,354,0,0.0641399416909621,0,0.5
1,2,42,dummy_prior,248,381,0,0.0641399416909621,0,0.5
1,2,42,dummy_prior,259,329,0,0.0641399416909621,0,0.5
1,2,42,dummy_prior,264,259,1,0.0641399416909621,0,0.5
1,2,42,dummy_prior,267,265,0,0.0641399416909621,0,0.5
1,2,42,dummy_prior,274,349,0,0.0641399416909621,0,0.5
1,2,42,dummy_prior,283,389,0,0.0641399416909621,0,0.5
1,2,42,dummy_prior,289,419,0,0.0641399416909621,0,0.5
1,2,42,dummy_prior,291,289,0,0.0641399416909621,0,0.5
1,2,42,dummy_prior,296,358,0,0.0641399416909621,0,0.5
1,2,42,dummy_prior,297,220,0,0.0641399416909621,0,0.5
1,2,42,dummy_prior,298,333,0,0.0641399416909621,0,0.5
1,2,42,dummy_prior,299,319,0,0.0641399416909621,0,0.5
1,2,42,dummy_prior,302,323,0,0.0641399416909621,0,0.5
1,2,42,dummy_prior,303,386,0,0.0641399416909621,0,0.5
1,2,42,dummy_prior,304,331,0,0.0641399416909621,0,0.5
1,2,42,dummy_prior,313,370,0,0.0641399416909621,0,0.5
1,2,42,dummy_prior,321,269,0,0.0641399416909621,0,0.5
1,2,42,dummy_prior,323,268,0,0.0641399416909621,0,0.5
1,2,42,dummy_prior,335,525,1,0.0641399416909621,0,0.5
1,2,42,dummy_prior,336,251,0,0.0641399416909621,0,0.5
1,2,42,dummy_prior,337,818,0,0.0641399416909621,0,0.5
1,2,42,dummy_prior,343,159,0,0.0641399416909621,0,0.5
1,2,42,dummy_prior,347,131,0,0.0641399416909621,0,0.5
1,2,42,dummy_prior,363,72,0,0.0641399416909621,0,0.5
1,2,42,dummy_prior,368,203,0,0.0641399416909621,0,0.5
1,2,42,dummy_prior,371,367,0,0.0641399416909621,0,0.5
1,2,42,dummy_prior,374,243,0,0.0641399416909621,0,0.5
1,2,42,dummy_prior,375,249,0,0.0641399416909621,0,0.5
1,2,42,dummy_prior,382,400,0,0.0641399416909621,0,0.5
1,2,42,dummy_prior,389,49,0,0.0641399416909621,0,0.5
1,2,42,dummy_prior,398,115,0,0.0641399416909621,0,0.5
1,2,42,dummy_prior,404,88,0,0.0641399416909621,0,0.5
1,2,42,dummy_prior,405,61,0,0.0641399416909621,0,0.5
1,2,42,dummy_prior,406,49,0,0.0641399416909621,0,0.5
1,2,42,dummy_prior,407,57,0,0.0641399416909621,0,0.5
1,2,42,dummy_prior,408,60,0,0.0641399416909621,0,0.5
1,2,42,dummy_prior,411,49,0,0.0641399416909621,0,0.5
1,2,42,dummy_prior,416,70,0,0.0641399416909621,0,0.5
1,2,42,dummy_prior,420,97,0,0.0641399416909621,0,0.5
1,2,42,dummy_prior,425,35,0,0.0641399416909621,0,0.5
1,2,42,dummy_prior,428,29,0,0.0641399416909621,0,0.5
1,2,42,dummy_prior,431,70,0,0.0641399416909621,0,0.5
1,2,42,dummy_prior,433,28,0,0.0641399416909621,0,0.5
1,2,42,dummy_prior,439,112,0,0.0641399416909621,0,0.5
1,2,42,dummy_prior,449,75,0,0.0641399416909621,0,0.5
1,2,42,dummy_prior,451,32,0,0.0641399416909621,0,0.5
1,2,42,dummy_prior,452,46,0,0.0641399416909621,0,0.5
1,2,42,dummy_prior,458,35,0,0.0641399416909621,0,0.5
1,2,42,dummy_prior,460,5,0,0.0641399416909621,0,0.5
1,2,42,dummy_prior,461,19,0,0.0641399416909621,0,0.5
1,2,42,dummy_prior,465,43,0,0.0641399416909621,0,0.5
1,2,42,dummy_prior,469,16,0,0.0641399416909621,0,0.5
1,2,42,dummy_prior,472,682,1,0.0641399416909621,0,0.5
1,2,42,dummy_prior,473,787,0,0.0641399416909621,0,0.5
1,2,42,dummy_prior,478,534,0,0.0641399416909621,0,0.5
1,2,42,dummy_prior,481,608,0,0.0641399416909621,0,0.5
1,2,42,dummy_prior,482,757,0,0.0641399416909621,0,0.5
1,2,42,dummy_prior,488,337,0,0.0641399416909621,0,0.5
1,2,42,dummy_prior,498,663,0,0.0641399416909621,0,0.5
1,2,42,dummy_prior,510,17,0,0.0641399416909621,0,0.5
1,2,42,dummy_prior,517,514,0,0.0641399416909621,0,0.5
1,2,42,dummy_prior,518,362,0,0.0641399416909621,0,0.5
1,2,42,dummy_prior,521,791,0,0.0641399416909621,0,0.5
1,2,42,dummy_prior,522,37,0,0.0641399416909621,0,0.5
1,2,42,dummy_prior,525,46,0,0.0641399416909621,0,0.5
1,2,42,dummy_prior,529,652,0,0.0641399416909621,0,0.5
1,2,42,dummy_prior,533,425,0,0.0641399416909621,0,0.5
1,2,42,dummy_prior,535,275,0,0.0641399416909621,0,0.5
1,2,42,dummy_prior,538,361,0,0.0641399416909621,0,0.5
1,2,42,dummy_prior,541,474,0,0.0641399416909621,0,0.5
1,2,42,dummy_prior,543,40,0,0.0641399416909621,0,0.5
1,2,42,dummy_prior,545,532,0,0.0641399416909621,0,0.5
1,2,42,dummy_prior,547,385,0,0.0641399416909621,0,0.5
1,2,42,dummy_prior,553,636,0,0.0641399416909621,0,0.5
1,2,42,dummy_prior,554,20,0,0.0641399416909621,0,0.5
1,2,42,dummy_prior,555,435,0,0.0641399416909621,0,0.5
1,2,42,dummy_prior,560,748,0,0.0641399416909621,0,0.5
1,2,42,dummy_prior,561,208,0,0.0641399416909621,0,0.5
1,2,42,dummy_prior,563,712,0,0.0641399416909621,0,0.5
1,2,42,dummy_prior,565,335,0,0.0641399416909621,0,0.5
1,2,42,dummy_prior,566,456,0,0.0641399416909621,0,0.5
1,2,42,dummy_prior,583,315,0,0.0641399416909621,0,0.5
1,2,42,dummy_prior,587,687,0,0.0641399416909621,0,0.5
1,2,42,dummy_prior,595,248,0,0.0641399416909621,0,0.5
1,2,42,dummy_prior,610,230,1,0.0641399416909621,0,0.5
1,2,42,dummy_prior,612,225,0,0.0641399416909621,0,0.5
1,2,42,dummy_prior,613,299,0,0.0641399416909621,0,0.5
1,2,42,dummy_prior,616,376,0,0.0641399416909621,0,0.5
1,2,42,dummy_prior,620,363,0,0.0641399416909621,0,0.5
1,2,42,dummy_prior,629,336,0,0.0641399416909621,0,0.5
1,2,42,dummy_prior,642,512,0,0.0641399416909621,0,0.5
1,2,42,dummy_prior,643,21,0,0.0641399416909621,0,0.5
1,2,42,dummy_prior,652,826,0,0.0641399416909621,0,0.5
1,2,42,dummy_prior,661,326,0,0.0641399416909621,0,0.5
1,2,42,dummy_prior,665,205,0,0.0641399416909621,0,0.5
1,2,42,dummy_prior,668,830,0,0.0641399416909621,0,0.5
1,2,42,dummy_prior,671,824,1,0.0641399416909621,0,0.5
1,2,42,dummy_prior,680,821,0,0.0641399416909621,0,0.5
1,2,42,dummy_prior,681,793,0,0.0641399416909621,0,0.5
1,2,42,dummy_prior,682,827,0,0.0641399416909621,0,0.5
1,2,42,dummy_prior,683,762,0,0.0641399416909621,0,0.5
1,2,42,dummy_prior,696,138,0,0.0641399416909621,0,0.5
1,2,42,dummy_prior,697,91,0,0.0641399416909621,0,0.5
1,2,42,dummy_prior,699,111,0,0.0641399416909621,0,0.5
1,2,42,dummy_prior,700,479,0,0.0641399416909621,0,0.5
1,2,42,dummy_prior,702,439,0,0.0641399416909621,0,0.5
1,2,42,dummy_prior,707,231,0,0.0641399416909621,0,0.5
1,2,42,dummy_prior,710,449,0,0.0641399416909621,0,0.5
1,2,42,dummy_prior,718,246,0,0.0641399416909621,0,0.5
1,2,42,dummy_prior,722,325,0,0.0641399416909621,0,0.5
1,2,42,dummy_prior,725,214,0,0.0641399416909621,0,0.5
1,2,42,dummy_prior,726,530,0,0.0641399416909621,0,0.5
1,2,42,dummy_prior,728,623,0,0.0641399416909621,0,0.5
1,2,42,dummy_prior,729,327,0,0.0641399416909621,0,0.5
1,2,42,dummy_prior,731,291,0,0.0641399416909621,0,0.5
1,2,42,dummy_prior,732,417,0,0.0641399416909621,0,0.5
1,2,42,dummy_prior,736,725,0,0.0641399416909621,0,0.5
1,2,42,dummy_prior,737,177,0,0.0641399416909621,0,0.5
1,2,42,dummy_prior,739,495,1,0.0641399416909621,0,0.5
1,2,42,dummy_prior,744,66,0,0.0641399416909621,0,0.5
1,2,42,dummy_prior,772,113,0,0.0641399416909621,0,0.5
1,2,42,dummy_prior,779,656,0,0.0641399416909621,0,0.5
1,2,42,dummy_prior,781,642,1,0.0641399416909621,0,0.5
1,2,42,dummy_prior,794,175,0,0.0641399416909621,0,0.5
1,2,42,dummy_prior,816,233,0,0.0641399416909621,0,0.5
1,2,42,dummy_prior,821,602,0,0.0641399416909621,0,0.5
1,2,42,dummy_prior,827,688,0,0.0641399416909621,0,0.5
1,2,42,dummy_prior,839,601,0,0.0641399416909621,0,0.5
1,2,42,dummy_prior,841,297,0,0.0641399416909621,0,0.5
1,2,42,dummy_prior,843,567,0,0.0641399416909621,0,0.5
1,2,42,dummy_prior,844,444,0,0.0641399416909621,0,0.5
1,2,42,dummy_prior,847,574,0,0.0641399416909621,0,0.5
1,2,42,dummy_prior,848,598,0,0.0641399416909621,0,0.5
1,2,42,dummy_prior,852,800,0,0.0641399416909621,0,0.5
1,2,42,logistic_regression,3,825,0,0.723658573128045,1,0.5
1,2,42,logistic_regression,4,816,0,0.6395312335331992,1,0.5
1,2,42,logistic_regression,5,796,0,0.42186421372701893,0,0.5
1,2,42,logistic_regression,8,809,0,0.4266326508892887,0,0.5
1,2,42,logistic_regression,23,767,1,0.6219366996644422,1,0.5
1,2,42,logistic_regression,24,774,0,0.5082040042097046,1,0.5
1,2,42,logistic_regression,30,782,0,0.7772374517776011,1,0.5
1,2,42,logistic_regression,41,732,1,0.7630965386938267,1,0.5
1,2,42,logistic_regression,49,739,0,0.4660800818446605,0,0.5
1,2,42,logistic_regression,55,789,0,0.6676751447850512,1,0.5
1,2,42,logistic_regression,56,702,0,0.47549033978777694,0,0.5
1,2,42,logistic_regression,58,683,0,0.4825910017821237,0,0.5
1,2,42,logistic_regression,76,675,0,0.5744474040787689,1,0.5
1,2,42,logistic_regression,81,593,0,0.5359384035032108,1,0.5
1,2,42,logistic_regression,87,703,0,0.6013447654597484,1,0.5
1,2,42,logistic_regression,90,707,0,0.19770574876969607,0,0.5
1,2,42,logistic_regression,92,649,0,0.6309720951062077,1,0.5
1,2,42,logistic_regression,97,678,0,0.46854906410708774,0,0.5
1,2,42,logistic_regression,107,653,0,0.49538067372482697,0,0.5
1,2,42,logistic_regression,110,619,0,0.5609715325321922,1,0.5
1,2,42,logistic_regression,116,597,0,0.4464440357891169,0,0.5
1,2,42,logistic_regression,131,581,1,0.6901561083431517,1,0.5
1,2,42,logistic_regression,134,568,0,0.852178941712006,1,0.5
1,2,42,logistic_regression,155,507,0,0.5986607995062602,1,0.5
1,2,42,logistic_regression,157,545,0,0.35796372247811964,0,0.5
1,2,42,logistic_regression,171,418,0,0.48859265453951967,0,0.5
1,2,42,logistic_regression,178,472,0,0.20520083171534226,0,0.5
1,2,42,logistic_regression,181,462,0,0.4302799595015092,0,0.5
1,2,42,logistic_regression,182,392,0,0.3105729599945786,0,0.5
1,2,42,logistic_regression,185,488,1,0.7003939852912255,1,0.5
1,2,42,logistic_regression,191,527,0,0.5675972037487963,1,0.5
1,2,42,logistic_regression,208,470,0,0.48248560367984666,0,0.5
1,2,42,logistic_regression,212,431,0,0.4115805528562874,0,0.5
1,2,42,logistic_regression,218,503,0,0.4888107909764343,0,0.5
1,2,42,logistic_regression,222,552,0,0.08094555222730718,0,0.5
1,2,42,logistic_regression,226,409,0,0.42586278781556,0,0.5
1,2,42,logistic_regression,236,343,0,0.777041249892564,1,0.5
1,2,42,logistic_regression,241,354,0,0.5265634588524251,1,0.5
1,2,42,logistic_regression,248,381,0,0.5462263069082546,1,0.5
1,2,42,logistic_regression,259,329,0,0.6471568094246478,1,0.5
1,2,42,logistic_regression,264,259,1,0.548430602057057,1,0.5
1,2,42,logistic_regression,267,265,0,0.19188584260309938,0,0.5
1,2,42,logistic_regression,274,349,0,0.5169177239892628,1,0.5
1,2,42,logistic_regression,283,389,0,0.5114099612519001,1,0.5
1,2,42,logistic_regression,289,419,0,0.4749177908161927,0,0.5
1,2,42,logistic_regression,291,289,0,0.4632965477748551,0,0.5
1,2,42,logistic_regression,296,358,0,0.446124939064732,0,0.5
1,2,42,logistic_regression,297,220,0,0.1486253002163573,0,0.5
1,2,42,logistic_regression,298,333,0,0.46387429119673673,0,0.5
1,2,42,logistic_regression,299,319,0,0.18892907645160067,0,0.5
1,2,42,logistic_regression,302,323,0,0.5505935474282093,1,0.5
1,2,42,logistic_regression,303,386,0,0.45613393530720886,0,0.5
1,2,42,logistic_regression,304,331,0,0.10400760173302123,0,0.5
1,2,42,logistic_regression,313,370,0,0.5090307574632393,1,0.5
1,2,42,logistic_regression,321,269,0,0.182528119827999,0,0.5
1,2,42,logistic_regression,323,268,0,0.531817917846678,1,0.5
1,2,42,logistic_regression,335,525,1,0.44579397166359996,0,0.5
1,2,42,logistic_regression,336,251,0,0.5399640994831191,1,0.5
1,2,42,logistic_regression,337,818,0,0.7338477350916822,1,0.5
1,2,42,logistic_regression,343,159,0,0.17566425804612518,0,0.5
1,2,42,logistic_regression,347,131,0,0.4766439691914484,0,0.5
1,2,42,logistic_regression,363,72,0,0.4623401593931505,0,0.5
1,2,42,logistic_regression,368,203,0,0.33849384699293095,0,0.5
1,2,42,logistic_regression,371,367,0,0.5173147886356477,1,0.5
1,2,42,logistic_regression,374,243,0,0.28212964637931653,0,0.5
1,2,42,logistic_regression,375,249,0,0.4745953629938351,0,0.5
1,2,42,logistic_regression,382,400,0,0.46472072475009907,0,0.5
1,2,42,logistic_regression,389,49,0,0.4342973740318842,0,0.5
1,2,42,logistic_regression,398,115,0,0.1086440525904709,0,0.5
1,2,42,logistic_regression,404,88,0,0.45233126049798267,0,0.5
1,2,42,logistic_regression,405,61,0,0.18992290471858467,0,0.5
1,2,42,logistic_regression,406,49,0,0.4342973740318842,0,0.5
1,2,42,logistic_regression,407,57,0,0.7076703042633872,1,0.5
1,2,42,logistic_regression,408,60,0,0.1946997721514537,0,0.5
1,2,42,logistic_regression,411,49,0,0.4342973740318842,0,0.5
1,2,42,logistic_regression,416,70,0,0.4472538909154259,0,0.5
1,2,42,logistic_regression,420,97,0,0.4634115642810328,0,0.5
1,2,42,logistic_regression,425,35,0,0.44894881836887135,0,0.5
1,2,42,logistic_regression,428,29,0,0.41745788537096346,0,0.5
1,2,42,logistic_regression,431,70,0,0.4472538909154259,0,0.5
1,2,42,logistic_regression,433,28,0,0.47204411540670993,0,0.5
1,2,42,logistic_regression,439,112,0,0.5050543790399847,1,0.5
1,2,42,logistic_regression,449,75,0,0.46778666090918924,0,0.5
1,2,42,logistic_regression,451,32,0,0.1509233113412025,0,0.5
1,2,42,logistic_regression,452,46,0,0.18494895781593332,0,0.5
1,2,42,logistic_regression,458,35,0,0.44894881836887135,0,0.5
1,2,42,logistic_regression,460,5,0,0.11016126386492119,0,0.5
1,2,42,logistic_regression,461,19,0,0.46227852244522033,0,0.5
1,2,42,logistic_regression,465,43,0,0.44486483075664535,0,0.5
1,2,42,logistic_regression,469,16,0,0.4495610310456807,0,0.5
1,2,42,logistic_regression,472,682,1,0.47169131101515815,0,0.5
1,2,42,logistic_regression,473,787,0,0.5602661899132442,1,0.5
1,2,42,logistic_regression,478,534,0,0.4846466230713823,0,0.5
1,2,42,logistic_regression,481,608,0,0.2828953833030805,0,0.5
1,2,42,logistic_regression,482,757,0,0.602978180747398,1,0.5
1,2,42,logistic_regression,488,337,0,0.526088558736219,1,0.5
1,2,42,logistic_regression,498,663,0,0.6975465712519943,1,0.5
1,2,42,logistic_regression,510,17,0,0.4919998076783872,0,0.5
1,2,42,logistic_regression,517,514,0,0.507282964226316,1,0.5
1,2,42,logistic_regression,518,362,0,0.5076564679489679,1,0.5
1,2,42,logistic_regression,521,791,0,0.5151370566926491,1,0.5
1,2,42,logistic_regression,522,37,0,0.44482057248014717,0,0.5
1,2,42,logistic_regression,525,46,0,0.18494895781593332,0,0.5
1,2,42,logistic_regression,529,652,0,0.5369252315262917,1,0.5
1,2,42,logistic_regression,533,425,0,0.4308866207118152,0,0.5
1,2,42,logistic_regression,535,275,0,0.4443479046868391,0,0.5
1,2,42,logistic_regression,538,361,0,0.46831608828823224,0,0.5
1,2,42,logistic_regression,541,474,0,0.48363952562732937,0,0.5
1,2,42,logistic_regression,543,40,0,0.4960335366198977,0,0.5
1,2,42,logistic_regression,545,532,0,0.6571813436836251,1,0.5
1,2,42,logistic_regression,547,385,0,0.19380031882260632,0,0.5
1,2,42,logistic_regression,553,636,0,0.4801139766330508,0,0.5
1,2,42,logistic_regression,554,20,0,0.5062352794571517,1,0.5
1,2,42,logistic_regression,555,435,0,0.4780412601992642,0,0.5
1,2,42,logistic_regression,560,748,0,0.5102389288053835,1,0.5
1,2,42,logistic_regression,561,208,0,0.46411167534419606,0,0.5
1,2,42,logistic_regression,563,712,0,0.4029332051729019,0,0.5
1,2,42,logistic_regression,565,335,0,0.43004699601627866,0,0.5
1,2,42,logistic_regression,566,456,0,0.45142538405373855,0,0.5
1,2,42,logistic_regression,583,315,0,0.4497396597148057,0,0.5
1,2,42,logistic_regression,587,687,0,0.6597690531331991,1,0.5
1,2,42,logistic_regression,595,248,0,0.585782696025573,1,0.5
1,2,42,logistic_regression,610,230,1,0.4988087911529624,0,0.5
1,2,42,logistic_regression,612,225,0,0.44677855085399687,0,0.5
1,2,42,logistic_regression,613,299,0,0.37490458640000024,0,0.5
1,2,42,logistic_regression,616,376,0,0.5267994217165457,1,0.5
1,2,42,logistic_regression,620,363,0,0.48304181059725876,0,0.5
1,2,42,logistic_regression,629,336,0,0.5337495704263404,1,0.5
1,2,42,logistic_regression,642,512,0,0.481902031951476,0,0.5
1,2,42,logistic_regression,643,21,0,0.4646561243191959,0,0.5
1,2,42,logistic_regression,652,826,0,0.6392377933923857,1,0.5
1,2,42,logistic_regression,661,326,0,0.4877860795657059,0,0.5
1,2,42,logistic_regression,665,205,0,0.5227424455679991,1,0.5
1,2,42,logistic_regression,668,830,0,0.5827874068416147,1,0.5
1,2,42,logistic_regression,671,824,1,0.43126418109180065,0,0.5
1,2,42,logistic_regression,680,821,0,0.4414447611250951,0,0.5
1,2,42,logistic_regression,681,793,0,0.505843160251342,1,0.5
1,2,42,logistic_regression,682,827,0,0.49897519662172046,0,0.5
1,2,42,logistic_regression,683,762,0,0.5579909772559956,1,0.5
1,2,42,logistic_regression,696,138,0,0.2739014232372375,0,0.5
1,2,42,logistic_regression,697,91,0,0.6205307125157554,1,0.5
1,2,42,logistic_regression,699,111,0,0.595790326896385,1,0.5
1,2,42,logistic_regression,700,479,0,0.27958905128590833,0,0.5
1,2,42,logistic_regression,702,439,0,0.6279686307327986,1,0.5
1,2,42,logistic_regression,707,231,0,0.5798873242775004,1,0.5
1,2,42,logistic_regression,710,449,0,0.4972392363984987,0,0.5
1,2,42,logistic_regression,718,246,0,0.4641621201805979,0,0.5
1,2,42,logistic_regression,722,325,0,0.611827525221296,1,0.5
1,2,42,logistic_regression,725,214,0,0.5136474135453706,1,0.5
1,2,42,logistic_regression,726,530,0,0.5966083488665918,1,0.5
1,2,42,logistic_regression,728,623,0,0.5535797494787686,1,0.5
1,2,42,logistic_regression,729,327,0,0.485169941585322,0,0.5
1,2,42,logistic_regression,731,291,0,0.4247091084107726,0,0.5
1,2,42,logistic_regression,732,417,0,0.40890437557196113,0,0.5
1,2,42,logistic_regression,736,725,0,0.49352491828149525,0,0.5
1,2,42,logistic_regression,737,177,0,0.44810069795984253,0,0.5
1,2,42,logistic_regression,739,495,1,0.65310230862376,1,0.5
1,2,42,logistic_regression,744,66,0,0.6068460475737885,1,0.5
1,2,42,logistic_regression,772,113,0,0.22004554370508972,0,0.5
1,2,42,logistic_regression,779,656,0,0.5758498614393146,1,0.5
1,2,42,logistic_regression,781,642,1,0.1531900876489095,0,0.5
1,2,42,logistic_regression,794,175,0,0.1887834858724752,0,0.5
1,2,42,logistic_regression,816,233,0,0.5688709245664952,1,0.5
1,2,42,logistic_regression,821,602,0,0.48928890499420236,0,0.5
1,2,42,logistic_regression,827,688,0,0.4516041457350612,0,0.5
1,2,42,logistic_regression,839,601,0,0.47377298697488807,0,0.5
1,2,42,logistic_regression,841,297,0,0.44007669134259036,0,0.5
1,2,42,logistic_regression,843,567,0,0.5047261347785523,1,0.5
1,2,42,logistic_regression,844,444,0,0.671014387456167,1,0.5
1,2,42,logistic_regression,847,574,0,0.42753835128460105,0,0.5
1,2,42,logistic_regression,848,598,0,0.46367272772375145,0,0.5
1,2,42,logistic_regression,852,800,0,0.5256550543542924,1,0.5
1,2,42,xgboost,3,825,0,0.632432758808136,1,0.5
1,2,42,xgboost,4,816,0,0.5392847657203674,1,0.5
1,2,42,xgboost,5,796,0,0.20716683566570282,0,0.5
1,2,42,xgboost,8,809,0,0.11570782214403152,0,0.5
1,2,42,xgboost,23,767,1,0.5025014281272888,1,0.5
1,2,42,xgboost,24,774,0,0.3896593451499939,0,0.5
1,2,42,xgboost,30,782,0,0.6703071594238281,1,0.5
1,2,42,xgboost,41,732,1,0.4821580946445465,0,0.5
1,2,42,xgboost,49,739,0,0.523250937461853,1,0.5
1,2,42,xgboost,55,789,0,0.42893099784851074,0,0.5
1,2,42,xgboost,56,702,0,0.5029910802841187,1,0.5
1,2,42,xgboost,58,683,0,0.2297981083393097,0,0.5
1,2,42,xgboost,76,675,0,0.22460907697677612,0,0.5
1,2,42,xgboost,81,593,0,0.41241806745529175,0,0.5
1,2,42,xgboost,87,703,0,0.6049636006355286,1,0.5
1,2,42,xgboost,90,707,0,0.05725942179560661,0,0.5
1,2,42,xgboost,92,649,0,0.37748298048973083,0,0.5
1,2,42,xgboost,97,678,0,0.40210607647895813,0,0.5
1,2,42,xgboost,107,653,0,0.3989744484424591,0,0.5
1,2,42,xgboost,110,619,0,0.35183995962142944,0,0.5
1,2,42,xgboost,116,597,0,0.493239164352417,0,0.5
1,2,42,xgboost,131,581,1,0.5252455472946167,1,0.5
1,2,42,xgboost,134,568,0,0.3724713921546936,0,0.5
1,2,42,xgboost,155,507,0,0.3588598668575287,0,0.5
1,2,42,xgboost,157,545,0,0.3469484746456146,0,0.5
1,2,42,xgboost,171,418,0,0.38355153799057007,0,0.5
1,2,42,xgboost,178,472,0,0.13753299415111542,0,0.5
1,2,42,xgboost,181,462,0,0.4147881865501404,0,0.5
1,2,42,xgboost,182,392,0,0.6068530678749084,1,0.5
1,2,42,xgboost,185,488,1,0.4599495232105255,0,0.5
1,2,42,xgboost,191,527,0,0.35472503304481506,0,0.5
1,2,42,xgboost,208,470,0,0.47342509031295776,0,0.5
1,2,42,xgboost,212,431,0,0.12415271997451782,0,0.5
1,2,42,xgboost,218,503,0,0.5629463791847229,1,0.5
1,2,42,xgboost,222,552,0,0.1634242832660675,0,0.5
1,2,42,xgboost,226,409,0,0.40875929594039917,0,0.5
1,2,42,xgboost,236,343,0,0.411399781703949,0,0.5
1,2,42,xgboost,241,354,0,0.31363072991371155,0,0.5
1,2,42,xgboost,248,381,0,0.3467506468296051,0,0.5
1,2,42,xgboost,259,329,0,0.34549185633659363,0,0.5
1,2,42,xgboost,264,259,1,0.3011648952960968,0,0.5
1,2,42,xgboost,267,265,0,0.1210581436753273,0,0.5
1,2,42,xgboost,274,349,0,0.32171666622161865,0,0.5
1,2,42,xgboost,283,389,0,0.5391403436660767,1,0.5
1,2,42,xgboost,289,419,0,0.42838773131370544,0,0.5
1,2,42,xgboost,291,289,0,0.4842941462993622,0,0.5
1,2,42,xgboost,296,358,0,0.5000330805778503,1,0.5
1,2,42,xgboost,297,220,0,0.49131670594215393,0,0.5
1,2,42,xgboost,298,333,0,0.48638781905174255,0,0.5
1,2,42,xgboost,299,319,0,0.09962962567806244,0,0.5
1,2,42,xgboost,302,323,0,0.36377954483032227,0,0.5
1,2,42,xgboost,303,386,0,0.469230592250824,0,0.5
1,2,42,xgboost,304,331,0,0.09140443801879883,0,0.5
1,2,42,xgboost,313,370,0,0.48986586928367615,0,0.5
1,2,42,xgboost,321,269,0,0.10131578892469406,0,0.5
1,2,42,xgboost,323,268,0,0.5121481418609619,1,0.5
1,2,42,xgboost,335,525,1,0.5120754241943359,1,0.5
1,2,42,xgboost,336,251,0,0.4342997968196869,0,0.5
1,2,42,xgboost,337,818,0,0.3100281059741974,0,0.5
1,2,42,xgboost,343,159,0,0.11059857159852982,0,0.5
1,2,42,xgboost,347,131,0,0.4789069592952728,0,0.5
1,2,42,xgboost,363,72,0,0.4795827269554138,0,0.5
1,2,42,xgboost,368,203,0,0.40011829137802124,0,0.5
1,2,42,xgboost,371,367,0,0.48952555656433105,0,0.5
1,2,42,xgboost,374,243,0,0.49382784962654114,0,0.5
1,2,42,xgboost,375,249,0,0.4931386411190033,0,0.5
1,2,42,xgboost,382,400,0,0.49899715185165405,0,0.5
1,2,42,xgboost,389,49,0,0.4106820523738861,0,0.5
1,2,42,xgboost,398,115,0,0.09676956385374069,0,0.5
1,2,42,xgboost,404,88,0,0.41865822672843933,0,0.5
1,2,42,xgboost,405,61,0,0.08872995525598526,0,0.5
1,2,42,xgboost,406,49,0,0.4106820523738861,0,0.5
1,2,42,xgboost,407,57,0,0.47841233015060425,0,0.5
1,2,42,xgboost,408,60,0,0.09329503029584885,0,0.5
1,2,42,xgboost,411,49,0,0.4106820523738861,0,0.5
1,2,42,xgboost,416,70,0,0.35015514492988586,0,0.5
1,2,42,xgboost,420,97,0,0.5011062026023865,1,0.5
1,2,42,xgboost,425,35,0,0.31751278042793274,0,0.5
1,2,42,xgboost,428,29,0,0.274381548166275,0,0.5
1,2,42,xgboost,431,70,0,0.35015514492988586,0,0.5
1,2,42,xgboost,433,28,0,0.34429091215133667,0,0.5
1,2,42,xgboost,439,112,0,0.3911605179309845,0,0.5
1,2,42,xgboost,449,75,0,0.43475422263145447,0,0.5
1,2,42,xgboost,451,32,0,0.30179598927497864,0,0.5
1,2,42,xgboost,452,46,0,0.10045760869979858,0,0.5
1,2,42,xgboost,458,35,0,0.31751278042793274,0,0.5
1,2,42,xgboost,460,5,0,0.07303477823734283,0,0.5
1,2,42,xgboost,461,19,0,0.323751837015152,0,0.5
1,2,42,xgboost,465,43,0,0.36511367559432983,0,0.5
1,2,42,xgboost,469,16,0,0.31751278042793274,0,0.5
1,2,42,xgboost,472,682,1,0.4359448552131653,0,0.5
1,2,42,xgboost,473,787,0,0.1553386151790619,0,0.5
1,2,42,xgboost,478,534,0,0.46953389048576355,0,0.5
1,2,42,xgboost,481,608,0,0.41665059328079224,0,0.5
1,2,42,xgboost,482,757,0,0.3508988618850708,0,0.5
1,2,42,xgboost,488,337,0,0.38514989614486694,0,0.5
1,2,42,xgboost,498,663,0,0.33965709805488586,0,0.5
1,2,42,xgboost,510,17,0,0.2515410780906677,0,0.5
1,2,42,xgboost,517,514,0,0.37959837913513184,0,0.5
1,2,42,xgboost,518,362,0,0.3503413498401642,0,0.5
1,2,42,xgboost,521,791,0,0.3308764696121216,0,0.5
1,2,42,xgboost,522,37,0,0.3036161959171295,0,0.5
1,2,42,xgboost,525,46,0,0.10045760869979858,0,0.5
1,2,42,xgboost,529,652,0,0.4326905906200409,0,0.5
1,2,42,xgboost,533,425,0,0.4147881865501404,0,0.5
1,2,42,xgboost,535,275,0,0.574027955532074,1,0.5
1,2,42,xgboost,538,361,0,0.5432983636856079,1,0.5
1,2,42,xgboost,541,474,0,0.5065901279449463,1,0.5
1,2,42,xgboost,543,40,0,0.2620736062526703,0,0.5
1,2,42,xgboost,545,532,0,0.5347513556480408,1,0.5
1,2,42,xgboost,547,385,0,0.10277209430932999,0,0.5
1,2,42,xgboost,553,636,0,0.5227760076522827,1,0.5
1,2,42,xgboost,554,20,0,0.30448129773139954,0,0.5
1,2,42,xgboost,555,435,0,0.6026533246040344,1,0.5
1,2,42,xgboost,560,748,0,0.17472635209560394,0,0.5
1,2,42,xgboost,561,208,0,0.5104483366012573,1,0.5
1,2,42,xgboost,563,712,0,0.5109389424324036,1,0.5
1,2,42,xgboost,565,335,0,0.40542882680892944,0,0.5
1,2,42,xgboost,566,456,0,0.4257603585720062,0,0.5
1,2,42,xgboost,583,315,0,0.4457382261753082,0,0.5
1,2,42,xgboost,587,687,0,0.23210947215557098,0,0.5
1,2,42,xgboost,595,248,0,0.39284002780914307,0,0.5
1,2,42,xgboost,610,230,1,0.5203168392181396,1,0.5
1,2,42,xgboost,612,225,0,0.46055009961128235,0,0.5
1,2,42,xgboost,613,299,0,0.46486228704452515,0,0.5
1,2,42,xgboost,616,376,0,0.3434007167816162,0,0.5
1,2,42,xgboost,620,363,0,0.44704005122184753,0,0.5
1,2,42,xgboost,629,336,0,0.4271340072154999,0,0.5
1,2,42,xgboost,642,512,0,0.6118110418319702,1,0.5
1,2,42,xgboost,643,21,0,0.26430654525756836,0,0.5
1,2,42,xgboost,652,826,0,0.4481496214866638,0,0.5
1,2,42,xgboost,661,326,0,0.5002291202545166,1,0.5
1,2,42,xgboost,665,205,0,0.3240146338939667,0,0.5
1,2,42,xgboost,668,830,0,0.25898125767707825,0,0.5
1,2,42,xgboost,671,824,1,0.39330989122390747,0,0.5
1,2,42,xgboost,680,821,0,0.4923033118247986,0,0.5
1,2,42,xgboost,681,793,0,0.19796589016914368,0,0.5
1,2,42,xgboost,682,827,0,0.33428773283958435,0,0.5
1,2,42,xgboost,683,762,0,0.3755762279033661,0,0.5
1,2,42,xgboost,696,138,0,0.13320903480052948,0,0.5
1,2,42,xgboost,697,91,0,0.49287891387939453,0,0.5
1,2,42,xgboost,699,111,0,0.4407978057861328,0,0.5
1,2,42,xgboost,700,479,0,0.13115879893302917,0,0.5
1,2,42,xgboost,702,439,0,0.5414752960205078,1,0.5
1,2,42,xgboost,707,231,0,0.5072682499885559,1,0.5
1,2,42,xgboost,710,449,0,0.4480064809322357,0,0.5
1,2,42,xgboost,718,246,0,0.6160266995429993,1,0.5
1,2,42,xgboost,722,325,0,0.33121442794799805,0,0.5
1,2,42,xgboost,725,214,0,0.4302392899990082,0,0.5
1,2,42,xgboost,726,530,0,0.5189496874809265,1,0.5
1,2,42,xgboost,728,623,0,0.18376217782497406,0,0.5
1,2,42,xgboost,729,327,0,0.2915652096271515,0,0.5
1,2,42,xgboost,731,291,0,0.3937590420246124,0,0.5
1,2,42,xgboost,732,417,0,0.43135353922843933,0,0.5
1,2,42,xgboost,736,725,0,0.46190693974494934,0,0.5
1,2,42,xgboost,737,177,0,0.4436521530151367,0,0.5
1,2,42,xgboost,739,495,1,0.6576918959617615,1,0.5
1,2,42,xgboost,744,66,0,0.3911912441253662,0,0.5
1,2,42,xgboost,772,113,0,0.09048852324485779,0,0.5
1,2,42,xgboost,779,656,0,0.5577542781829834,1,0.5
1,2,42,xgboost,781,642,1,0.493239164352417,0,0.5
1,2,42,xgboost,794,175,0,0.1009325459599495,0,0.5
1,2,42,xgboost,816,233,0,0.5407733917236328,1,0.5
1,2,42,xgboost,821,602,0,0.22515898942947388,0,0.5
1,2,42,xgboost,827,688,0,0.4471307694911957,0,0.5
1,2,42,xgboost,839,601,0,0.42971616983413696,0,0.5
1,2,42,xgboost,841,297,0,0.37112388014793396,0,0.5
1,2,42,xgboost,843,567,0,0.43023166060447693,0,0.5
1,2,42,xgboost,844,444,0,0.30133703351020813,0,0.5
1,2,42,xgboost,847,574,0,0.2758382558822632,0,0.5
1,2,42,xgboost,848,598,0,0.5041820406913757,1,0.5
1,2,42,xgboost,852,800,0,0.3412085473537445,0,0.5
1,3,42,dummy_prior,0,109,0,0.0641399416909621,0,0.5
1,3,42,dummy_prior,2,660,0,0.0641399416909621,0,0.5
1,3,42,dummy_prior,10,807,0,0.0641399416909621,0,0.5
1,3,42,dummy_prior,19,773,0,0.0641399416909621,0,0.5
1,3,42,dummy_prior,21,783,0,0.0641399416909621,0,0.5
1,3,42,dummy_prior,25,805,0,0.0641399416909621,0,0.5
1,3,42,dummy_prior,26,765,0,0.0641399416909621,0,0.5
1,3,42,dummy_prior,32,738,0,0.0641399416909621,0,0.5
1,3,42,dummy_prior,33,734,0,0.0641399416909621,0,0.5
1,3,42,dummy_prior,45,709,0,0.0641399416909621,0,0.5
1,3,42,dummy_prior,51,715,0,0.0641399416909621,0,0.5
1,3,42,dummy_prior,52,729,0,0.0641399416909621,0,0.5
1,3,42,dummy_prior,61,697,0,0.0641399416909621,0,0.5
1,3,42,dummy_prior,65,736,0,0.0641399416909621,0,0.5
1,3,42,dummy_prior,68,696,0,0.0641399416909621,0,0.5
1,3,42,dummy_prior,70,727,0,0.0641399416909621,0,0.5
1,3,42,dummy_prior,85,657,0,0.0641399416909621,0,0.5
1,3,42,dummy_prior,99,641,0,0.0641399416909621,0,0.5
1,3,42,dummy_prior,104,633,0,0.0641399416909621,0,0.5
1,3,42,dummy_prior,108,611,0,0.0641399416909621,0,0.5
1,3,42,dummy_prior,112,573,0,0.0641399416909621,0,0.5
1,3,42,dummy_prior,114,667,0,0.0641399416909621,0,0.5
1,3,42,dummy_prior,115,665,0,0.0641399416909621,0,0.5
1,3,42,dummy_prior,125,596,0,0.0641399416909621,0,0.5
1,3,42,dummy_prior,135,465,0,0.0641399416909621,0,0.5
1,3,42,dummy_prior,139,556,0,0.0641399416909621,0,0.5
1,3,42,dummy_prior,142,591,0,0.0641399416909621,0,0.5
1,3,42,dummy_prior,147,533,0,0.0641399416909621,0,0.5
1,3,42,dummy_prior,148,643,0,0.0641399416909621,0,0.5
1,3,42,dummy_prior,150,489,0,0.0641399416909621,0,0.5
1,3,42,dummy_prior,151,551,0,0.0641399416909621,0,0.5
1,3,42,dummy_prior,158,617,0,0.0641399416909621,0,0.5
1,3,42,dummy_prior,160,484,0,0.0641399416909621,0,0.5
1,3,42,dummy_prior,165,572,0,0.0641399416909621,0,0.5
1,3,42,dummy_prior,184,411,0,0.0641399416909621,0,0.5
1,3,42,dummy_prior,188,475,0,0.0641399416909621,0,0.5
1,3,42,dummy_prior,189,380,0,0.0641399416909621,0,0.5
1,3,42,dummy_prior,198,447,0,0.0641399416909621,0,0.5
1,3,42,dummy_prior,203,494,1,0.0641399416909621,0,0.5
1,3,42,dummy_prior,214,550,1,0.0641399416909621,0,0.5
1,3,42,dummy_prior,225,511,0,0.0641399416909621,0,0.5
1,3,42,dummy_prior,228,585,0,0.0641399416909621,0,0.5
1,3,42,dummy_prior,231,432,0,0.0641399416909621,0,0.5
1,3,42,dummy_prior,232,316,0,0.0641399416909621,0,0.5
1,3,42,dummy_prior,237,347,0,0.0641399416909621,0,0.5
1,3,42,dummy_prior,244,391,0,0.0641399416909621,0,0.5
1,3,42,dummy_prior,245,253,0,0.0641399416909621,0,0.5
1,3,42,dummy_prior,247,292,0,0.0641399416909621,0,0.5
1,3,42,dummy_prior,251,284,0,0.0641399416909621,0,0.5
1,3,42,dummy_prior,252,344,0,0.0641399416909621,0,0.5
1,3,42,dummy_prior,258,245,0,0.0641399416909621,0,0.5
1,3,42,dummy_prior,260,485,0,0.0641399416909621,0,0.5
1,3,42,dummy_prior,262,295,0,0.0641399416909621,0,0.5
1,3,42,dummy_prior,266,232,0,0.0641399416909621,0,0.5
1,3,42,dummy_prior,272,330,0,0.0641399416909621,0,0.5
1,3,42,dummy_prior,275,237,0,0.0641399416909621,0,0.5
1,3,42,dummy_prior,281,238,0,0.0641399416909621,0,0.5
1,3,42,dummy_prior,286,240,0,0.0641399416909621,0,0.5
1,3,42,dummy_prior,287,272,0,0.0641399416909621,0,0.5
1,3,42,dummy_prior,293,221,0,0.0641399416909621,0,0.5
1,3,42,dummy_prior,295,283,0,0.0641399416909621,0,0.5
1,3,42,dummy_prior,312,313,0,0.0641399416909621,0,0.5
1,3,42,dummy_prior,333,274,0,0.0641399416909621,0,0.5
1,3,42,dummy_prior,338,200,0,0.0641399416909621,0,0.5
1,3,42,dummy_prior,344,79,0,0.0641399416909621,0,0.5
1,3,42,dummy_prior,356,79,0,0.0641399416909621,0,0.5
1,3,42,dummy_prior,357,258,0,0.0641399416909621,0,0.5
1,3,42,dummy_prior,360,339,0,0.0641399416909621,0,0.5
1,3,42,dummy_prior,367,127,0,0.0641399416909621,0,0.5
1,3,42,dummy_prior,377,172,1,0.0641399416909621,0,0.5
1,3,42,dummy_prior,378,86,0,0.0641399416909621,0,0.5
1,3,42,dummy_prior,380,103,0,0.0641399416909621,0,0.5
1,3,42,dummy_prior,384,78,0,0.0641399416909621,0,0.5
1,3,42,dummy_prior,386,90,0,0.0641399416909621,0,0.5
1,3,42,dummy_prior,390,179,0,0.0641399416909621,0,0.5
1,3,42,dummy_prior,392,120,0,0.0641399416909621,0,0.5
1,3,42,dummy_prior,396,100,0,0.0641399416909621,0,0.5
1,3,42,dummy_prior,402,102,0,0.0641399416909621,0,0.5
1,3,42,dummy_prior,403,64,0,0.0641399416909621,0,0.5
1,3,42,dummy_prior,413,698,0,0.0641399416909621,0,0.5
1,3,42,dummy_prior,421,433,1,0.0641399416909621,0,0.5
1,3,42,dummy_prior,423,51,0,0.0641399416909621,0,0.5
1,3,42,dummy_prior,429,73,0,0.0641399416909621,0,0.5
1,3,42,dummy_prior,432,600,0,0.0641399416909621,0,0.5
1,3,42,dummy_prior,437,26,0,0.0641399416909621,0,0.5
1,3,42,dummy_prior,441,9,0,0.0641399416909621,0,0.5
1,3,42,dummy_prior,442,26,0,0.0641399416909621,0,0.5
1,3,42,dummy_prior,450,34,0,0.0641399416909621,0,0.5
1,3,42,dummy_prior,463,1,0,0.0641399416909621,0,0.5
1,3,42,dummy_prior,464,25,0,0.0641399416909621,0,0.5
1,3,42,dummy_prior,479,482,0,0.0641399416909621,0,0.5
1,3,42,dummy_prior,484,371,0,0.0641399416909621,0,0.5
1,3,42,dummy_prior,485,286,0,0.0641399416909621,0,0.5
1,3,42,dummy_prior,489,151,0,0.0641399416909621,0,0.5
1,3,42,dummy_prior,493,86,0,0.0641399416909621,0,0.5
1,3,42,dummy_prior,496,451,1,0.0641399416909621,0,0.5
1,3,42,dummy_prior,505,306,0,0.0641399416909621,0,0.5
1,3,42,dummy_prior,509,384,0,0.0641399416909621,0,0.5
1,3,42,dummy_prior,512,671,0,0.0641399416909621,0,0.5
1,3,42,dummy_prior,519,123,0,0.0641399416909621,0,0.5
1,3,42,dummy_prior,526,469,0,0.0641399416909621,0,0.5
1,3,42,dummy_prior,532,364,0,0.0641399416909621,0,0.5
1,3,42,dummy_prior,540,188,0,0.0641399416909621,0,0.5
1,3,42,dummy_prior,544,50,0,0.0641399416909621,0,0.5
1,3,42,dummy_prior,569,802,0,0.0641399416909621,0,0.5
1,3,42,dummy_prior,577,196,0,0.0641399416909621,0,0.5
1,3,42,dummy_prior,582,198,0,0.0641399416909621,0,0.5
1,3,42,dummy_prior,584,562,0,0.0641399416909621,0,0.5
1,3,42,dummy_prior,589,784,0,0.0641399416909621,0,0.5
1,3,42,dummy_prior,592,321,0,0.0641399416909621,0,0.5
1,3,42,dummy_prior,593,13,0,0.0641399416909621,0,0.5
1,3,42,dummy_prior,602,670,0,0.0641399416909621,0,0.5
1,3,42,dummy_prior,605,183,0,0.0641399416909621,0,0.5
1,3,42,dummy_prior,615,706,0,0.0641399416909621,0,0.5
1,3,42,dummy_prior,622,710,0,0.0641399416909621,0,0.5
1,3,42,dummy_prior,626,622,0,0.0641399416909621,0,0.5
1,3,42,dummy_prior,628,779,0,0.0641399416909621,0,0.5
1,3,42,dummy_prior,630,424,0,0.0641399416909621,0,0.5
1,3,42,dummy_prior,631,187,0,0.0641399416909621,0,0.5
1,3,42,dummy_prior,638,221,0,0.0641399416909621,0,0.5
1,3,42,dummy_prior,641,761,0,0.0641399416909621,0,0.5
1,3,42,dummy_prior,645,471,0,0.0641399416909621,0,0.5
1,3,42,dummy_prior,656,294,0,0.0641399416909621,0,0.5
1,3,42,dummy_prior,657,260,0,0.0641399416909621,0,0.5
1,3,42,dummy_prior,664,756,1,0.0641399416909621,0,0.5
1,3,42,dummy_prior,670,817,1,0.0641399416909621,0,0.5
1,3,42,dummy_prior,674,795,0,0.0641399416909621,0,0.5
1,3,42,dummy_prior,676,828,0,0.0641399416909621,0,0.5
1,3,42,dummy_prior,678,609,0,0.0641399416909621,0,0.5
1,3,42,dummy_prior,686,704,1,0.0641399416909621,0,0.5
1,3,42,dummy_prior,687,638,1,0.0641399416909621,0,0.5
1,3,42,dummy_prior,688,510,1,0.0641399416909621,0,0.5
1,3,42,dummy_prior,692,74,0,0.0641399416909621,0,0.5
1,3,42,dummy_prior,694,486,0,0.0641399416909621,0,0.5
1,3,42,dummy_prior,701,524,0,0.0641399416909621,0,0.5
1,3,42,dummy_prior,703,42,0,0.0641399416909621,0,0.5
1,3,42,dummy_prior,705,806,0,0.0641399416909621,0,0.5
1,3,42,dummy_prior,713,31,0,0.0641399416909621,0,0.5
1,3,42,dummy_prior,714,521,0,0.0641399416909621,0,0.5
1,3,42,dummy_prior,715,13,0,0.0641399416909621,0,0.5
1,3,42,dummy_prior,719,769,0,0.0641399416909621,0,0.5
1,3,42,dummy_prior,723,124,0,0.0641399416909621,0,0.5
1,3,42,dummy_prior,733,587,0,0.0641399416909621,0,0.5
1,3,42,dummy_prior,735,6,0,0.0641399416909621,0,0.5
1,3,42,dummy_prior,745,30,0,0.0641399416909621,0,0.5
1,3,42,dummy_prior,747,218,0,0.0641399416909621,0,0.5
1,3,42,dummy_prior,749,541,0,0.0641399416909621,0,0.5
1,3,42,dummy_prior,750,99,0,0.0641399416909621,0,0.5
1,3,42,dummy_prior,756,395,0,0.0641399416909621,0,0.5
1,3,42,dummy_prior,760,44,0,0.0641399416909621,0,0.5
1,3,42,dummy_prior,766,206,0,0.0641399416909621,0,0.5
1,3,42,dummy_prior,767,12,0,0.0641399416909621,0,0.5
1,3,42,dummy_prior,770,357,0,0.0641399416909621,0,0.5
1,3,42,dummy_prior,776,45,0,0.0641399416909621,0,0.5
1,3,42,dummy_prior,778,136,0,0.0641399416909621,0,0.5
1,3,42,dummy_prior,780,110,0,0.0641399416909621,0,0.5
1,3,42,dummy_prior,786,401,1,0.0641399416909621,0,0.5
1,3,42,dummy_prior,787,256,0,0.0641399416909621,0,0.5
1,3,42,dummy_prior,792,314,0,0.0641399416909621,0,0.5
1,3,42,dummy_prior,798,396,0,0.0641399416909621,0,0.5
1,3,42,dummy_prior,799,141,0,0.0641399416909621,0,0.5
1,3,42,dummy_prior,805,668,0,0.0641399416909621,0,0.5
1,3,42,dummy_prior,809,519,0,0.0641399416909621,0,0.5
1,3,42,dummy_prior,810,116,0,0.0641399416909621,0,0.5
1,3,42,dummy_prior,812,4,0,0.0641399416909621,0,0.5
1,3,42,dummy_prior,817,516,0,0.0641399416909621,0,0.5
1,3,42,dummy_prior,818,700,0,0.0641399416909621,0,0.5
1,3,42,dummy_prior,820,352,0,0.0641399416909621,0,0.5
1,3,42,dummy_prior,838,694,0,0.0641399416909621,0,0.5
1,3,42,dummy_prior,845,132,0,0.0641399416909621,0,0.5
1,3,42,dummy_prior,853,672,0,0.0641399416909621,0,0.5
1,3,42,dummy_prior,857,526,0,0.0641399416909621,0,0.5
1,3,42,logistic_regression,0,109,0,0.4435827814962799,0,0.5
1,3,42,logistic_regression,2,660,0,0.0004558781457965154,0,0.5
1,3,42,logistic_regression,10,807,0,0.33890868627408816,0,0.5
1,3,42,logistic_regression,19,773,0,0.7731368984960902,1,0.5
1,3,42,logistic_regression,21,783,0,0.0009862080222422516,0,0.5
1,3,42,logistic_regression,25,805,0,0.33916468708331576,0,0.5
1,3,42,logistic_regression,26,765,0,0.5123344985542838,1,0.5
1,3,42,logistic_regression,32,738,0,0.0006799500295588957,0,0.5
1,3,42,logistic_regression,33,734,0,0.43537160104400086,0,0.5
1,3,42,logistic_regression,45,709,0,0.5077104843548037,1,0.5
1,3,42,logistic_regression,51,715,0,0.3816118891399926,0,0.5
1,3,42,logistic_regression,52,729,0,0.27883934169886193,0,0.5
1,3,42,logistic_regression,61,697,0,0.4246365634313416,0,0.5
1,3,42,logistic_regression,65,736,0,0.5813446394483129,1,0.5
1,3,42,logistic_regression,68,696,0,0.9113814225333221,1,0.5
1,3,42,logistic_regression,70,727,0,0.6575468299328099,1,0.5
1,3,42,logistic_regression,85,657,0,0.4236214877907679,0,0.5
1,3,42,logistic_regression,99,641,0,0.5319186715469463,1,0.5
1,3,42,logistic_regression,104,633,0,0.5697651441266052,1,0.5
1,3,42,logistic_regression,108,611,0,0.561088621323024,1,0.5
1,3,42,logistic_regression,112,573,0,0.8753787564028669,1,0.5
1,3,42,logistic_regression,114,667,0,0.3069765247508742,0,0.5
1,3,42,logistic_regression,115,665,0,0.6739460565568594,1,0.5
1,3,42,logistic_regression,125,596,0,0.4437832496257445,0,0.5
1,3,42,logistic_regression,135,465,0,0.640215998179328,1,0.5
1,3,42,logistic_regression,139,556,0,0.5961355187200488,1,0.5
1,3,42,logistic_regression,142,591,0,0.000131390117002243,0,0.5
1,3,42,logistic_regression,147,533,0,0.0005555656073406177,0,0.5
1,3,42,logistic_regression,148,643,0,0.3365925969166251,0,0.5
1,3,42,logistic_regression,150,489,0,0.4119057967151789,0,0.5
1,3,42,logistic_regression,151,551,0,0.4341709232444399,0,0.5
1,3,42,logistic_regression,158,617,0,0.4261962748799043,0,0.5
1,3,42,logistic_regression,160,484,0,0.6095388399106577,1,0.5
1,3,42,logistic_regression,165,572,0,0.954367985515112,1,0.5
1,3,42,logistic_regression,184,411,0,0.5241090535020905,1,0.5
1,3,42,logistic_regression,188,475,0,0.3866188584492312,0,0.5
1,3,42,logistic_regression,189,380,0,0.6981266423569504,1,0.5
1,3,42,logistic_regression,198,447,0,0.4404340723174307,0,0.5
1,3,42,logistic_regression,203,494,1,0.8610549813312299,1,0.5
1,3,42,logistic_regression,214,550,1,0.4385830739277229,0,0.5
1,3,42,logistic_regression,225,511,0,0.00011241615236416968,0,0.5
1,3,42,logistic_regression,228,585,0,0.0001334173078607452,0,0.5
1,3,42,logistic_regression,231,432,0,0.6354264237770674,1,0.5
1,3,42,logistic_regression,232,316,0,0.36657240960532467,0,0.5
1,3,42,logistic_regression,237,347,0,0.0002506883984671222,0,0.5
1,3,42,logistic_regression,244,391,0,0.4411087975739585,0,0.5
1,3,42,logistic_regression,245,253,0,0.4094783861000668,0,0.5
1,3,42,logistic_regression,247,292,0,0.39491840127951106,0,0.5
1,3,42,logistic_regression,251,284,0,0.3810147524101483,0,0.5
1,3,42,logistic_regression,252,344,0,0.5209499363603926,1,0.5
1,3,42,logistic_regression,258,245,0,0.3354209763822664,0,0.5
1,3,42,logistic_regression,260,485,0,0.4579617063485047,0,0.5
1,3,42,logistic_regression,262,295,0,0.6561914613164764,1,0.5
1,3,42,logistic_regression,266,232,0,0.39806137763227645,0,0.5
1,3,42,logistic_regression,272,330,0,0.00011178908227595833,0,0.5
1,3,42,logistic_regression,275,237,0,0.44944829983570994,0,0.5
1,3,42,logistic_regression,281,238,0,0.0001370190982040216,0,0.5
1,3,42,logistic_regression,286,240,0,0.4315486368087607,0,0.5
1,3,42,logistic_regression,287,272,0,0.3748670030330488,0,0.5
1,3,42,logistic_regression,293,221,0,0.48900032094645296,0,0.5
1,3,42,logistic_regression,295,283,0,0.8732245093680703,1,0.5
1,3,42,logistic_regression,312,313,0,0.2694411263746122,0,0.5
1,3,42,logistic_regression,333,274,0,0.48855404682787085,0,0.5
1,3,42,logistic_regression,338,200,0,9.788974341097301e-05,0,0.5
1,3,42,logistic_regression,344,79,0,0.49031971473752295,0,0.5
1,3,42,logistic_regression,356,79,0,0.49031971473752295,0,0.5
1,3,42,logistic_regression,357,258,0,2.1843796870174035e-05,0,0.5
1,3,42,logistic_regression,360,339,0,0.4554123675317959,0,0.5
1,3,42,logistic_regression,367,127,0,0.4949220275958016,0,0.5
1,3,42,logistic_regression,377,172,1,0.28717123127278443,0,0.5
1,3,42,logistic_regression,378,86,0,0.4679789452790012,0,0.5
1,3,42,logistic_regression,380,103,0,0.29257414849319363,0,0.5
1,3,42,logistic_regression,384,78,0,0.8446910788824394,1,0.5
1,3,42,logistic_regression,386,90,0,0.3669258783650819,0,0.5
1,3,42,logistic_regression,390,179,0,0.37039456598632187,0,0.5
1,3,42,logistic_regression,392,120,0,0.47980284586806027,0,0.5
1,3,42,logistic_regression,396,100,0,1.607864296741011e-05,0,0.5
1,3,42,logistic_regression,402,102,0,0.372238509718518,0,0.5
1,3,42,logistic_regression,403,64,0,0.46119977047713206,0,0.5
1,3,42,logistic_regression,413,698,0,0.4105530591257174,0,0.5
1,3,42,logistic_regression,421,433,1,0.3158419686066516,0,0.5
1,3,42,logistic_regression,423,51,0,0.46760173874781213,0,0.5
1,3,42,logistic_regression,429,73,0,0.3867677812931305,0,0.5
1,3,42,logistic_regression,432,600,0,0.6237938595159546,1,0.5
1,3,42,logistic_regression,437,26,0,0.49119938666332097,0,0.5
1,3,42,logistic_regression,441,9,0,0.4966818471155383,0,0.5
1,3,42,logistic_regression,442,26,0,0.49119938666332097,0,0.5
1,3,42,logistic_regression,450,34,0,0.3954939248435372,0,0.5
1,3,42,logistic_regression,463,1,0,0.501346351103798,1,0.5
1,3,42,logistic_regression,464,25,0,0.39240215734140654,0,0.5
1,3,42,logistic_regression,479,482,0,0.3884822747846423,0,0.5
1,3,42,logistic_regression,484,371,0,0.4570844485219539,0,0.5
1,3,42,logistic_regression,485,286,0,0.471382351425075,0,0.5
1,3,42,logistic_regression,489,151,0,0.00014560195738181248,0,0.5
1,3,42,logistic_regression,493,86,0,0.4679789452790012,0,0.5
1,3,42,logistic_regression,496,451,1,0.36914072916491736,0,0.5
1,3,42,logistic_regression,505,306,0,0.00015900291622656743,0,0.5
1,3,42,logistic_regression,509,384,0,0.42057572469139365,0,0.5
1,3,42,logistic_regression,512,671,0,0.0001093229738843648,0,0.5
1,3,42,logistic_regression,519,123,0,0.43691058812503714,0,0.5
1,3,42,logistic_regression,526,469,0,0.4444095472315683,0,0.5
1,3,42,logistic_regression,532,364,0,0.39618088063012136,0,0.5
1,3,42,logistic_regression,540,188,0,0.4498838273270689,0,0.5
1,3,42,logistic_regression,544,50,0,0.0004253578572879118,0,0.5
1,3,42,logistic_regression,569,802,0,0.3782949175946756,0,0.5
1,3,42,logistic_regression,577,196,0,0.4278389005862341,0,0.5
1,3,42,logistic_regression,582,198,0,0.468726980447533,0,0.5
1,3,42,logistic_regression,584,562,0,0.4180121331639207,0,0.5
1,3,42,logistic_regression,589,784,0,0.29507111305136713,0,0.5
1,3,42,logistic_regression,592,321,0,0.42649226376065325,0,0.5
1,3,42,logistic_regression,593,13,0,0.4793534350733174,0,0.5
1,3,42,logistic_regression,602,670,0,0.5006790403794051,1,0.5
1,3,42,logistic_regression,605,183,0,0.4244194599779833,0,0.5
1,3,42,logistic_regression,615,706,0,0.7429638019938931,1,0.5
1,3,42,logistic_regression,622,710,0,0.3186272665694132,0,0.5
1,3,42,logistic_regression,626,622,0,0.312396080911122,0,0.5
1,3,42,logistic_regression,628,779,0,0.7662218448566267,1,0.5
1,3,42,logistic_regression,630,424,0,0.44401989617634857,0,0.5
1,3,42,logistic_regression,631,187,0,0.35018555830304154,0,0.5
1,3,42,logistic_regression,638,221,0,0.48900032094645296,0,0.5
1,3,42,logistic_regression,641,761,0,0.35494824075400305,0,0.5
1,3,42,logistic_regression,645,471,0,0.9988185824027989,1,0.5
1,3,42,logistic_regression,656,294,0,0.4074704861924711,0,0.5
1,3,42,logistic_regression,657,260,0,0.5933797999873653,1,0.5
1,3,42,logistic_regression,664,756,1,0.810546259918162,1,0.5
1,3,42,logistic_regression,670,817,1,0.7398427242749209,1,0.5
1,3,42,logistic_regression,674,795,0,0.6990424020317797,1,0.5
1,3,42,logistic_regression,676,828,0,0.19597353379027216,0,0.5
1,3,42,logistic_regression,678,609,0,0.33492847263401354,0,0.5
1,3,42,logistic_regression,686,704,1,0.36561033965468565,0,0.5
1,3,42,logistic_regression,687,638,1,0.896437155423267,1,0.5
1,3,42,logistic_regression,688,510,1,0.39067897794048356,0,0.5
1,3,42,logistic_regression,692,74,0,0.6331944729321328,1,0.5
1,3,42,logistic_regression,694,486,0,0.6546959690321099,1,0.5
1,3,42,logistic_regression,701,524,0,0.0003616445642404526,0,0.5
1,3,42,logistic_regression,703,42,0,0.6719405358464242,1,0.5
1,3,42,logistic_regression,705,806,0,0.0002796664225031732,0,0.5
1,3,42,logistic_regression,713,31,0,0.49624188282456005,0,0.5
1,3,42,logistic_regression,714,521,0,0.50758206835846,1,0.5
1,3,42,logistic_regression,715,13,0,0.4793534350733174,0,0.5
1,3,42,logistic_regression,719,769,0,0.7486738290753101,1,0.5
1,3,42,logistic_regression,723,124,0,0.2963719861019941,0,0.5
1,3,42,logistic_regression,733,587,0,0.4041757911131197,0,0.5
1,3,42,logistic_regression,735,6,0,0.00011511603955226167,0,0.5
1,3,42,logistic_regression,745,30,0,0.7215437742283207,1,0.5
1,3,42,logistic_regression,747,218,0,0.4310905585793897,0,0.5
1,3,42,logistic_regression,749,541,0,0.7744160995644835,1,0.5
1,3,42,logistic_regression,750,99,0,0.4457658250472936,0,0.5
1,3,42,logistic_regression,756,395,0,0.5186076340961923,1,0.5
1,3,42,logistic_regression,760,44,0,0.786698848459592,1,0.5
1,3,42,logistic_regression,766,206,0,0.4683092104569029,0,0.5
1,3,42,logistic_regression,767,12,0,0.00016899834170416213,0,0.5
1,3,42,logistic_regression,770,357,0,0.004904294066894831,0,0.5
1,3,42,logistic_regression,776,45,0,0.4907595435475038,0,0.5
1,3,42,logistic_regression,778,136,0,0.0001644621282536693,0,0.5
1,3,42,logistic_regression,780,110,0,0.30404732375911764,0,0.5
1,3,42,logistic_regression,786,401,1,0.003078394795360317,0,0.5
1,3,42,logistic_regression,787,256,0,0.5350031105309705,1,0.5
1,3,42,logistic_regression,792,314,0,0.00011758545499214686,0,0.5
1,3,42,logistic_regression,798,396,0,0.41996380117988585,0,0.5
1,3,42,logistic_regression,799,141,0,0.44950888285268437,0,0.5
1,3,42,logistic_regression,805,668,0,0.35230436700810724,0,0.5
1,3,42,logistic_regression,809,519,0,0.7976502652318783,1,0.5
1,3,42,logistic_regression,810,116,0,0.626918471534834,1,0.5
1,3,42,logistic_regression,812,4,0,0.6036456743493003,1,0.5
1,3,42,logistic_regression,817,516,0,0.691728545709103,1,0.5
1,3,42,logistic_regression,818,700,0,0.5634825242110943,1,0.5
1,3,42,logistic_regression,820,352,0,0.610969854183289,1,0.5
1,3,42,logistic_regression,838,694,0,0.4188126623596209,0,0.5
1,3,42,logistic_regression,845,132,0,0.3869239361031005,0,0.5
1,3,42,logistic_regression,853,672,0,0.38112930536276113,0,0.5
1,3,42,logistic_regression,857,526,0,0.34923389401552274,0,0.5
1,3,42,xgboost,0,109,0,0.3730427622795105,0,0.5
1,3,42,xgboost,2,660,0,0.4330153167247772,0,0.5
1,3,42,xgboost,10,807,0,0.12207415699958801,0,0.5
1,3,42,xgboost,19,773,0,0.2310149073600769,0,0.5
1,3,42,xgboost,21,783,0,0.36605963110923767,0,0.5
1,3,42,xgboost,25,805,0,0.2294856160879135,0,0.5
1,3,42,xgboost,26,765,0,0.06370880454778671,0,0.5
1,3,42,xgboost,32,738,0,0.2954104244709015,0,0.5
1,3,42,xgboost,33,734,0,0.44342970848083496,0,0.5
1,3,42,xgboost,45,709,0,0.5190404653549194,1,0.5
1,3,42,xgboost,51,715,0,0.4330153167247772,0,0.5
1,3,42,xgboost,52,729,0,0.23867958784103394,0,0.5
1,3,42,xgboost,61,697,0,0.16450069844722748,0,0.5
1,3,42,xgboost,65,736,0,0.4924183785915375,0,0.5
1,3,42,xgboost,68,696,0,0.6821855902671814,1,0.5
1,3,42,xgboost,70,727,0,0.7554816603660583,1,0.5
1,3,42,xgboost,85,657,0,0.18388783931732178,0,0.5
1,3,42,xgboost,99,641,0,0.6141304969787598,1,0.5
1,3,42,xgboost,104,633,0,0.710027813911438,1,0.5
1,3,42,xgboost,108,611,0,0.5158670544624329,1,0.5
1,3,42,xgboost,112,573,0,0.4868910014629364,0,0.5
1,3,42,xgboost,114,667,0,0.3527895212173462,0,0.5
1,3,42,xgboost,115,665,0,0.389285147190094,0,0.5
1,3,42,xgboost,125,596,0,0.3732105493545532,0,0.5
1,3,42,xgboost,135,465,0,0.2094149887561798,0,0.5
1,3,42,xgboost,139,556,0,0.42797744274139404,0,0.5
1,3,42,xgboost,142,591,0,0.07039174437522888,0,0.5
1,3,42,xgboost,147,533,0,0.5522457957267761,1,0.5
1,3,42,xgboost,148,643,0,0.35183075070381165,0,0.5
1,3,42,xgboost,150,489,0,0.40375152230262756,0,0.5
1,3,42,xgboost,151,551,0,0.4765397310256958,0,0.5
1,3,42,xgboost,158,617,0,0.20995749533176422,0,0.5
1,3,42,xgboost,160,484,0,0.2906053960323334,0,0.5
1,3,42,xgboost,165,572,0,0.30509528517723083,0,0.5
1,3,42,xgboost,184,411,0,0.4289369285106659,0,0.5
1,3,42,xgboost,188,475,0,0.09984851628541946,0,0.5
1,3,42,xgboost,189,380,0,0.12610550224781036,0,0.5
1,3,42,xgboost,198,447,0,0.2053273618221283,0,0.5
1,3,42,xgboost,203,494,1,0.840019941329956,1,0.5
1,3,42,xgboost,214,550,1,0.25626784563064575,0,0.5
1,3,42,xgboost,225,511,0,0.026711855083703995,0,0.5
1,3,42,xgboost,228,585,0,0.07876041531562805,0,0.5
1,3,42,xgboost,231,432,0,0.21695081889629364,0,0.5
1,3,42,xgboost,232,316,0,0.27861928939819336,0,0.5
1,3,42,xgboost,237,347,0,0.16642127931118011,0,0.5
1,3,42,xgboost,244,391,0,0.47281935811042786,0,0.5
1,3,42,xgboost,245,253,0,0.550607442855835,1,0.5
1,3,42,xgboost,247,292,0,0.28662434220314026,0,0.5
1,3,42,xgboost,251,284,0,0.3610336482524872,0,0.5
1,3,42,xgboost,252,344,0,0.10773596912622452,0,0.5
1,3,42,xgboost,258,245,0,0.3995113968849182,0,0.5
1,3,42,xgboost,260,485,0,0.2904013991355896,0,0.5
1,3,42,xgboost,262,295,0,0.19623060524463654,0,0.5
1,3,42,xgboost,266,232,0,0.5984692573547363,1,0.5
1,3,42,xgboost,272,330,0,0.0451880544424057,0,0.5
1,3,42,xgboost,275,237,0,0.715537965297699,1,0.5
1,3,42,xgboost,281,238,0,0.08328259736299515,0,0.5
1,3,42,xgboost,286,240,0,0.6208056807518005,1,0.5
1,3,42,xgboost,287,272,0,0.614510178565979,1,0.5
1,3,42,xgboost,293,221,0,0.588416576385498,1,0.5
1,3,42,xgboost,295,283,0,0.29898130893707275,0,0.5
1,3,42,xgboost,312,313,0,0.14075793325901031,0,0.5
1,3,42,xgboost,333,274,0,0.6707890629768372,1,0.5
1,3,42,xgboost,338,200,0,0.03317790478467941,0,0.5
1,3,42,xgboost,344,79,0,0.5094413757324219,1,0.5
1,3,42,xgboost,356,79,0,0.5094413757324219,1,0.5
1,3,42,xgboost,357,258,0,0.11981767416000366,0,0.5
1,3,42,xgboost,360,339,0,0.19118614494800568,0,0.5
1,3,42,xgboost,367,127,0,0.5320597887039185,1,0.5
1,3,42,xgboost,377,172,1,0.5423352122306824,1,0.5
1,3,42,xgboost,378,86,0,0.3730427622795105,0,0.5
1,3,42,xgboost,380,103,0,0.3380293548107147,0,0.5
1,3,42,xgboost,384,78,0,0.6323191523551941,1,0.5
1,3,42,xgboost,386,90,0,0.3684360384941101,0,0.5
1,3,42,xgboost,390,179,0,0.6359879374504089,1,0.5
1,3,42,xgboost,392,120,0,0.4373054802417755,0,0.5
1,3,42,xgboost,396,100,0,0.02996457740664482,0,0.5
1,3,42,xgboost,402,102,0,0.3837340772151947,0,0.5
1,3,42,xgboost,403,64,0,0.320189893245697,0,0.5
1,3,42,xgboost,413,698,0,0.15614913403987885,0,0.5
1,3,42,xgboost,421,433,1,0.2236616462469101,0,0.5
1,3,42,xgboost,423,51,0,0.27644768357276917,0,0.5
1,3,42,xgboost,429,73,0,0.3821469247341156,0,0.5
1,3,42,xgboost,432,600,0,0.4515334963798523,0,0.5
1,3,42,xgboost,437,26,0,0.26535359025001526,0,0.5
1,3,42,xgboost,441,9,0,0.26535359025001526,0,0.5
1,3,42,xgboost,442,26,0,0.26535359025001526,0,0.5
1,3,42,xgboost,450,34,0,0.21021011471748352,0,0.5
1,3,42,xgboost,463,1,0,0.22660551965236664,0,0.5
1,3,42,xgboost,464,25,0,0.23467084765434265,0,0.5
1,3,42,xgboost,479,482,0,0.30031317472457886,0,0.5
1,3,42,xgboost,484,371,0,0.35175642371177673,0,0.5
1,3,42,xgboost,485,286,0,0.31469404697418213,0,0.5
1,3,42,xgboost,489,151,0,0.045888543128967285,0,0.5
1,3,42,xgboost,493,86,0,0.3730427622795105,0,0.5
1,3,42,xgboost,496,451,1,0.35041365027427673,0,0.5
1,3,42,xgboost,505,306,0,0.04825780168175697,0,0.5
1,3,42,xgboost,509,384,0,0.174668088555336,0,0.5
1,3,42,xgboost,512,671,0,0.04270996153354645,0,0.5
1,3,42,xgboost,519,123,0,0.48782095313072205,0,0.5
1,3,42,xgboost,526,469,0,0.39982208609580994,0,0.5
1,3,42,xgboost,532,364,0,0.21639081835746765,0,0.5
1,3,42,xgboost,540,188,0,0.45836612582206726,0,0.5
1,3,42,xgboost,544,50,0,0.17780208587646484,0,0.5
1,3,42,xgboost,569,802,0,0.09918389469385147,0,0.5
1,3,42,xgboost,577,196,0,0.4385731518268585,0,0.5
1,3,42,xgboost,582,198,0,0.3086771070957184,0,0.5
1,3,42,xgboost,584,562,0,0.43596571683883667,0,0.5
1,3,42,xgboost,589,784,0,0.3442188501358032,0,0.5
1,3,42,xgboost,592,321,0,0.20122846961021423,0,0.5
1,3,42,xgboost,593,13,0,0.22778482735157013,0,0.5
1,3,42,xgboost,602,670,0,0.2273794412612915,0,0.5
1,3,42,xgboost,605,183,0,0.4842396378517151,0,0.5
1,3,42,xgboost,615,706,0,0.6165180802345276,1,0.5
1,3,42,xgboost,622,710,0,0.44463083148002625,0,0.5
1,3,42,xgboost,626,622,0,0.5850325226783752,1,0.5
1,3,42,xgboost,628,779,0,0.2461116760969162,0,0.5
1,3,42,xgboost,630,424,0,0.3972843289375305,0,0.5
1,3,42,xgboost,631,187,0,0.47715824842453003,0,0.5
1,3,42,xgboost,638,221,0,0.588416576385498,1,0.5
1,3,42,xgboost,641,761,0,0.35847339034080505,0,0.5
1,3,42,xgboost,645,471,0,0.5402558445930481,1,0.5
1,3,42,xgboost,656,294,0,0.23110376298427582,0,0.5
1,3,42,xgboost,657,260,0,0.7308998703956604,1,0.5
1,3,42,xgboost,664,756,1,0.8395230174064636,1,0.5
1,3,42,xgboost,670,817,1,0.5911626219749451,1,0.5
1,3,42,xgboost,674,795,0,0.311810702085495,0,0.5
1,3,42,xgboost,676,828,0,0.18407675623893738,0,0.5
1,3,42,xgboost,678,609,0,0.3985494375228882,0,0.5
1,3,42,xgboost,686,704,1,0.1422499269247055,0,0.5
1,3,42,xgboost,687,638,1,0.28240466117858887,0,0.5
1,3,42,xgboost,688,510,1,0.30438148975372314,0,0.5
1,3,42,xgboost,692,74,0,0.5653026103973389,1,0.5
1,3,42,xgboost,694,486,0,0.4508369565010071,0,0.5
1,3,42,xgboost,701,524,0,0.09293331205844879,0,0.5
1,3,42,xgboost,703,42,0,0.33290553092956543,0,0.5
1,3,42,xgboost,705,806,0,0.013806046918034554,0,0.5
1,3,42,xgboost,713,31,0,0.24216832220554352,0,0.5
1,3,42,xgboost,714,521,0,0.3055739998817444,0,0.5
1,3,42,xgboost,715,13,0,0.22778482735157013,0,0.5
1,3,42,xgboost,719,769,0,0.7326812148094177,1,0.5
1,3,42,xgboost,723,124,0,0.5067771673202515,1,0.5
1,3,42,xgboost,733,587,0,0.46456626057624817,0,0.5
1,3,42,xgboost,735,6,0,0.027653224766254425,0,0.5
1,3,42,xgboost,745,30,0,0.4299914538860321,0,0.5
1,3,42,xgboost,747,218,0,0.5858502388000488,1,0.5
1,3,42,xgboost,749,541,0,0.1853141188621521,0,0.5
1,3,42,xgboost,750,99,0,0.3270142078399658,0,0.5
1,3,42,xgboost,756,395,0,0.2453988939523697,0,0.5
1,3,42,xgboost,760,44,0,0.6169031262397766,1,0.5
1,3,42,xgboost,766,206,0,0.38586175441741943,0,0.5
1,3,42,xgboost,767,12,0,0.033517025411129,0,0.5
1,3,42,xgboost,770,357,0,0.11599090695381165,0,0.5
1,3,42,xgboost,776,45,0,0.2941316068172455,0,0.5
1,3,42,xgboost,778,136,0,0.04983987286686897,0,0.5
1,3,42,xgboost,780,110,0,0.1633143126964569,0,0.5
1,3,42,xgboost,786,401,1,0.10832999646663666,0,0.5
1,3,42,xgboost,787,256,0,0.4131700396537781,0,0.5
1,3,42,xgboost,792,314,0,0.018636224791407585,0,0.5
1,3,42,xgboost,798,396,0,0.293999046087265,0,0.5
1,3,42,xgboost,799,141,0,0.4160877466201782,0,0.5
1,3,42,xgboost,805,668,0,0.10038264840841293,0,0.5
1,3,42,xgboost,809,519,0,0.4084906578063965,0,0.5
1,3,42,xgboost,810,116,0,0.5207319855690002,1,0.5
1,3,42,xgboost,812,4,0,0.23342463374137878,0,0.5
1,3,42,xgboost,817,516,0,0.30181947350502014,0,0.5
1,3,42,xgboost,818,700,0,0.3391093611717224,0,0.5
1,3,42,xgboost,820,352,0,0.4491598308086395,0,0.5
1,3,42,xgboost,838,694,0,0.34833553433418274,0,0.5
1,3,42,xgboost,845,132,0,0.44216006994247437,0,0.5
1,3,42,xgboost,853,672,0,0.40798407793045044,0,0.5
1,3,42,xgboost,857,526,0,0.3781387209892273,0,0.5
1,4,42,dummy_prior,9,804,0,0.06404657933042213,0,0.5
1,4,42,dummy_prior,11,450,0,0.06404657933042213,0,0.5
1,4,42,dummy_prior,13,803,0,0.06404657933042213,0,0.5
1,4,42,dummy_prior,15,776,0,0.06404657933042213,0,0.5
1,4,42,dummy_prior,16,790,0,0.06404657933042213,0,0.5
1,4,42,dummy_prior,17,799,0,0.06404657933042213,0,0.5
1,4,42,dummy_prior,20,797,0,0.06404657933042213,0,0.5
1,4,42,dummy_prior,22,766,1,0.06404657933042213,0,0.5
1,4,42,dummy_prior,27,759,0,0.06404657933042213,0,0.5
1,4,42,dummy_prior,28,742,0,0.06404657933042213,0,0.5
1,4,42,dummy_prior,37,747,0,0.06404657933042213,0,0.5
1,4,42,dummy_prior,39,719,0,0.06404657933042213,0,0.5
1,4,42,dummy_prior,43,723,0,0.06404657933042213,0,0.5
1,4,42,dummy_prior,46,716,0,0.06404657933042213,0,0.5
1,4,42,dummy_prior,47,770,0,0.06404657933042213,0,0.5
1,4,42,dummy_prior,50,721,0,0.06404657933042213,0,0.5
1,4,42,dummy_prior,54,708,0,0.06404657933042213,0,0.5
1,4,42,dummy_prior,57,647,0,0.06404657933042213,0,0.5
1,4,42,dummy_prior,59,692,0,0.06404657933042213,0,0.5
1,4,42,dummy_prior,60,673,0,0.06404657933042213,0,0.5
1,4,42,dummy_prior,66,673,0,0.06404657933042213,0,0.5
1,4,42,dummy_prior,71,677,0,0.06404657933042213,0,0.5
1,4,42,dummy_prior,74,681,0,0.06404657933042213,0,0.5
1,4,42,dummy_prior,75,686,0,0.06404657933042213,0,0.5
1,4,42,dummy_prior,88,618,0,0.06404657933042213,0,0.5
1,4,42,dummy_prior,91,689,0,0.06404657933042213,0,0.5
1,4,42,dummy_prior,98,584,0,0.06404657933042213,0,0.5
1,4,42,dummy_prior,100,669,0,0.06404657933042213,0,0.5
1,4,42,dummy_prior,101,580,0,0.06404657933042213,0,0.5
1,4,42,dummy_prior,103,754,1,0.06404657933042213,0,0.5
1,4,42,dummy_prior,106,577,0,0.06404657933042213,0,0.5
1,4,42,dummy_prior,111,626,0,0.06404657933042213,0,0.5
1,4,42,dummy_prior,120,627,0,0.06404657933042213,0,0.5
1,4,42,dummy_prior,121,579,0,0.06404657933042213,0,0.5
1,4,42,dummy_prior,122,592,0,0.06404657933042213,0,0.5
1,4,42,dummy_prior,123,542,0,0.06404657933042213,0,0.5
1,4,42,dummy_prior,124,571,0,0.06404657933042213,0,0.5
1,4,42,dummy_prior,128,518,0,0.06404657933042213,0,0.5
1,4,42,dummy_prior,137,537,0,0.06404657933042213,0,0.5
1,4,42,dummy_prior,156,448,0,0.06404657933042213,0,0.5
1,4,42,dummy_prior,161,490,0,0.06404657933042213,0,0.5
1,4,42,dummy_prior,168,535,0,0.06404657933042213,0,0.5
1,4,42,dummy_prior,173,529,0,0.06404657933042213,0,0.5
1,4,42,dummy_prior,174,499,0,0.06404657933042213,0,0.5
1,4,42,dummy_prior,177,468,0,0.06404657933042213,0,0.5
1,4,42,dummy_prior,180,414,0,0.06404657933042213,0,0.5
1,4,42,dummy_prior,187,501,0,0.06404657933042213,0,0.5
1,4,42,dummy_prior,193,445,0,0.06404657933042213,0,0.5
1,4,42,dummy_prior,194,397,0,0.06404657933042213,0,0.5
1,4,42,dummy_prior,196,505,0,0.06404657933042213,0,0.5
1,4,42,dummy_prior,199,460,0,0.06404657933042213,0,0.5
1,4,42,dummy_prior,204,222,0,0.06404657933042213,0,0.5
1,4,42,dummy_prior,206,496,0,0.06404657933042213,0,0.5
1,4,42,dummy_prior,209,387,0,0.06404657933042213,0,0.5
1,4,42,dummy_prior,210,399,0,0.06404657933042213,0,0.5
1,4,42,dummy_prior,215,372,0,0.06404657933042213,0,0.5
1,4,42,dummy_prior,216,531,1,0.06404657933042213,0,0.5
1,4,42,dummy_prior,221,407,0,0.06404657933042213,0,0.5
1,4,42,dummy_prior,229,466,0,0.06404657933042213,0,0.5
1,4,42,dummy_prior,230,304,0,0.06404657933042213,0,0.5
1,4,42,dummy_prior,235,378,0,0.06404657933042213,0,0.5
1,4,42,dummy_prior,253,279,0,0.06404657933042213,0,0.5
1,4,42,dummy_prior,263,296,0,0.06404657933042213,0,0.5
1,4,42,dummy_prior,265,247,0,0.06404657933042213,0,0.5
1,4,42,dummy_prior,273,355,0,0.06404657933042213,0,0.5
1,4,42,dummy_prior,278,267,0,0.06404657933042213,0,0.5
1,4,42,dummy_prior,282,219,0,0.06404657933042213,0,0.5
1,4,42,dummy_prior,292,264,0,0.06404657933042213,0,0.5
1,4,42,dummy_prior,301,202,0,0.06404657933042213,0,0.5
1,4,42,dummy_prior,305,201,0,0.06404657933042213,0,0.5
1,4,42,dummy_prior,309,322,0,0.06404657933042213,0,0.5
1,4,42,dummy_prior,310,307,0,0.06404657933042213,0,0.5
1,4,42,dummy_prior,311,368,0,0.06404657933042213,0,0.5
1,4,42,dummy_prior,316,348,0,0.06404657933042213,0,0.5
1,4,42,dummy_prior,318,308,0,0.06404657933042213,0,0.5
1,4,42,dummy_prior,322,180,0,0.06404657933042213,0,0.5
1,4,42,dummy_prior,327,173,0,0.06404657933042213,0,0.5
1,4,42,dummy_prior,330,207,0,0.06404657933042213,0,0.5
1,4,42,dummy_prior,332,583,0,0.06404657933042213,0,0.5
1,4,42,dummy_prior,339,182,0,0.06404657933042213,0,0.5
1,4,42,dummy_prior,342,228,0,0.06404657933042213,0,0.5
1,4,42,dummy_prior,345,276,1,0.06404657933042213,0,0.5
1,4,42,dummy_prior,349,235,0,0.06404657933042213,0,0.5
1,4,42,dummy_prior,350,167,0,0.06404657933042213,0,0.5
1,4,42,dummy_prior,352,152,0,0.06404657933042213,0,0.5
1,4,42,dummy_prior,354,811,0,0.06404657933042213,0,0.5
1,4,42,dummy_prior,362,160,0,0.06404657933042213,0,0.5
1,4,42,dummy_prior,364,147,0,0.06404657933042213,0,0.5
1,4,42,dummy_prior,365,178,0,0.06404657933042213,0,0.5
1,4,42,dummy_prior,370,239,1,0.06404657933042213,0,0.5
1,4,42,dummy_prior,379,224,0,0.06404657933042213,0,0.5
1,4,42,dummy_prior,391,69,0,0.06404657933042213,0,0.5
1,4,42,dummy_prior,394,184,0,0.06404657933042213,0,0.5
1,4,42,dummy_prior,400,55,0,0.06404657933042213,0,0.5
1,4,42,dummy_prior,401,210,0,0.06404657933042213,0,0.5
1,4,42,dummy_prior,415,104,0,0.06404657933042213,0,0.5
1,4,42,dummy_prior,422,89,0,0.06404657933042213,0,0.5
1,4,42,dummy_prior,424,181,0,0.06404657933042213,0,0.5
1,4,42,dummy_prior,443,10,0,0.06404657933042213,0,0.5
1,4,42,dummy_prior,445,36,0,0.06404657933042213,0,0.5
1,4,42,dummy_prior,446,107,0,0.06404657933042213,0,0.5
1,4,42,dummy_prior,453,10,0,0.06404657933042213,0,0.5
1,4,42,dummy_prior,457,18,0,0.06404657933042213,0,0.5
1,4,42,dummy_prior,470,764,0,0.06404657933042213,0,0.5
1,4,42,dummy_prior,471,94,0,0.06404657933042213,0,0.5
1,4,42,dummy_prior,486,496,0,0.06404657933042213,0,0.5
1,4,42,dummy_prior,487,483,0,0.06404657933042213,0,0.5
1,4,42,dummy_prior,492,658,0,0.06404657933042213,0,0.5
1,4,42,dummy_prior,494,165,0,0.06404657933042213,0,0.5
1,4,42,dummy_prior,495,405,0,0.06404657933042213,0,0.5
1,4,42,dummy_prior,501,610,0,0.06404657933042213,0,0.5
1,4,42,dummy_prior,507,71,0,0.06404657933042213,0,0.5
1,4,42,dummy_prior,508,590,0,0.06404657933042213,0,0.5
1,4,42,dummy_prior,513,96,0,0.06404657933042213,0,0.5
1,4,42,dummy_prior,514,476,0,0.06404657933042213,0,0.5
1,4,42,dummy_prior,530,239,1,0.06404657933042213,0,0.5
1,4,42,dummy_prior,531,119,0,0.06404657933042213,0,0.5
1,4,42,dummy_prior,534,93,0,0.06404657933042213,0,0.5
1,4,42,dummy_prior,546,213,0,0.06404657933042213,0,0.5
1,4,42,dummy_prior,564,426,0,0.06404657933042213,0,0.5
1,4,42,dummy_prior,568,338,0,0.06404657933042213,0,0.5
1,4,42,dummy_prior,570,559,0,0.06404657933042213,0,0.5
1,4,42,dummy_prior,573,523,0,0.06404657933042213,0,0.5
1,4,42,dummy_prior,578,126,1,0.06404657933042213,0,0.5
1,4,42,dummy_prior,580,55,0,0.06404657933042213,0,0.5
1,4,42,dummy_prior,585,648,0,0.06404657933042213,0,0.5
1,4,42,dummy_prior,588,813,0,0.06404657933042213,0,0.5
1,4,42,dummy_prior,590,56,0,0.06404657933042213,0,0.5
1,4,42,dummy_prior,599,176,0,0.06404657933042213,0,0.5
1,4,42,dummy_prior,600,506,0,0.06404657933042213,0,0.5
1,4,42,dummy_prior,604,318,0,0.06404657933042213,0,0.5
1,4,42,dummy_prior,623,250,0,0.06404657933042213,0,0.5
1,4,42,dummy_prior,624,118,0,0.06404657933042213,0,0.5
1,4,42,dummy_prior,632,226,0,0.06404657933042213,0,0.5
1,4,42,dummy_prior,646,27,0,0.06404657933042213,0,0.5
1,4,42,dummy_prior,649,613,0,0.06404657933042213,0,0.5
1,4,42,dummy_prior,653,216,1,0.06404657933042213,0,0.5
1,4,42,dummy_prior,659,467,0,0.06404657933042213,0,0.5
1,4,42,dummy_prior,666,67,0,0.06404657933042213,0,0.5
1,4,42,dummy_prior,667,829,0,0.06404657933042213,0,0.5
1,4,42,dummy_prior,669,755,0,0.06404657933042213,0,0.5
1,4,42,dummy_prior,672,0,0,0.06404657933042213,0,0.5
1,4,42,dummy_prior,673,819,1,0.06404657933042213,0,0.5
1,4,42,dummy_prior,684,815,0,0.06404657933042213,0,0.5
1,4,42,dummy_prior,693,98,1,0.06404657933042213,0,0.5
1,4,42,dummy_prior,695,538,0,0.06404657933042213,0,0.5
1,4,42,dummy_prior,704,781,0,0.06404657933042213,0,0.5
1,4,42,dummy_prior,708,254,0,0.06404657933042213,0,0.5
1,4,42,dummy_prior,712,317,0,0.06404657933042213,0,0.5
1,4,42,dummy_prior,720,427,0,0.06404657933042213,0,0.5
1,4,42,dummy_prior,730,775,0,0.06404657933042213,0,0.5
1,4,42,dummy_prior,734,564,0,0.06404657933042213,0,0.5
1,4,42,dummy_prior,738,477,0,0.06404657933042213,0,0.5
1,4,42,dummy_prior,741,129,0,0.06404657933042213,0,0.5
1,4,42,dummy_prior,743,540,0,0.06404657933042213,0,0.5
1,4,42,dummy_prior,757,360,0,0.06404657933042213,0,0.5
1,4,42,dummy_prior,759,101,0,0.06404657933042213,0,0.5
1,4,42,dummy_prior,765,398,0,0.06404657933042213,0,0.5
1,4,42,dummy_prior,777,744,0,0.06404657933042213,0,0.5
1,4,42,dummy_prior,788,752,0,0.06404657933042213,0,0.5
1,4,42,dummy_prior,791,15,0,0.06404657933042213,0,0.5
1,4,42,dummy_prior,793,353,0,0.06404657933042213,0,0.5
1,4,42,dummy_prior,802,14,0,0.06404657933042213,0,0.5
1,4,42,dummy_prior,807,717,0,0.06404657933042213,0,0.5
1,4,42,dummy_prior,814,22,1,0.06404657933042213,0,0.5
1,4,42,dummy_prior,822,726,0,0.06404657933042213,0,0.5
1,4,42,dummy_prior,828,634,0,0.06404657933042213,0,0.5
1,4,42,dummy_prior,836,743,0,0.06404657933042213,0,0.5
1,4,42,dummy_prior,837,606,0,0.06404657933042213,0,0.5
1,4,42,dummy_prior,846,680,0,0.06404657933042213,0,0.5
1,4,42,dummy_prior,850,117,0,0.06404657933042213,0,0.5
1,4,42,logistic_regression,9,804,0,0.5952069470546048,1,0.5
1,4,42,logistic_regression,11,450,0,0.5751125593507921,1,0.5
1,4,42,logistic_regression,13,803,0,0.5688958147718712,1,0.5
1,4,42,logistic_regression,15,776,0,0.6602473264539995,1,0.5
1,4,42,logistic_regression,16,790,0,0.4961687039766614,0,0.5
1,4,42,logistic_regression,17,799,0,0.6200337170051315,1,0.5
1,4,42,logistic_regression,20,797,0,0.7048576774860498,1,0.5
1,4,42,logistic_regression,22,766,1,0.6970483829921339,1,0.5
1,4,42,logistic_regression,27,759,0,0.52170779682693,1,0.5
1,4,42,logistic_regression,28,742,0,0.507171357585901,1,0.5
1,4,42,logistic_regression,37,747,0,0.39784645822682535,0,0.5
1,4,42,logistic_regression,39,719,0,0.5154938997726677,1,0.5
1,4,42,logistic_regression,43,723,0,0.4923487834056362,0,0.5
1,4,42,logistic_regression,46,716,0,0.7380777593571091,1,0.5
1,4,42,logistic_regression,47,770,0,0.5531297199498613,1,0.5
1,4,42,logistic_regression,50,721,0,0.5245125544114131,1,0.5
1,4,42,logistic_regression,54,708,0,0.6219417116985435,1,0.5
1,4,42,logistic_regression,57,647,0,0.5925883123652932,1,0.5
1,4,42,logistic_regression,59,692,0,0.8225428942616433,1,0.5
1,4,42,logistic_regression,60,673,0,0.5463074588728732,1,0.5
1,4,42,logistic_regression,66,673,0,0.5463074588728732,1,0.5
1,4,42,logistic_regression,71,677,0,0.03910074137421561,0,0.5
1,4,42,logistic_regression,74,681,0,0.11217948882607856,0,0.5
1,4,42,logistic_regression,75,686,0,0.5114688861252563,1,0.5
1,4,42,logistic_regression,88,618,0,0.46581098052826797,0,0.5
1,4,42,logistic_regression,91,689,0,0.6541771437430031,1,0.5
1,4,42,logistic_regression,98,584,0,0.1195020862214064,0,0.5
1,4,42,logistic_regression,100,669,0,0.5476996368803416,1,0.5
1,4,42,logistic_regression,101,580,0,0.8555470345023533,1,0.5
1,4,42,logistic_regression,103,754,1,0.67467225386118,1,0.5
1,4,42,logistic_regression,106,577,0,0.6105039577303502,1,0.5
1,4,42,logistic_regression,111,626,0,0.10245742728270903,0,0.5
1,4,42,logistic_regression,120,627,0,0.5122319865477726,1,0.5
1,4,42,logistic_regression,121,579,0,0.5294576108109568,1,0.5
1,4,42,logistic_regression,122,592,0,0.5269330394879951,1,0.5
1,4,42,logistic_regression,123,542,0,0.795226626620669,1,0.5
1,4,42,logistic_regression,124,571,0,0.6463991137140387,1,0.5
1,4,42,logistic_regression,128,518,0,0.5023276324563578,1,0.5
1,4,42,logistic_regression,137,537,0,0.4763847040722209,0,0.5
1,4,42,logistic_regression,156,448,0,0.534843982573534,1,0.5
1,4,42,logistic_regression,161,490,0,0.5286223176397892,1,0.5
1,4,42,logistic_regression,168,535,0,0.5246652634480153,1,0.5
1,4,42,logistic_regression,173,529,0,0.8024356637437494,1,0.5
1,4,42,logistic_regression,174,499,0,0.5818666874274269,1,0.5
1,4,42,logistic_regression,177,468,0,0.4643653574770126,0,0.5
1,4,42,logistic_regression,180,414,0,0.5206363416815059,1,0.5
1,4,42,logistic_regression,187,501,0,0.8754597964171473,1,0.5
1,4,42,logistic_regression,193,445,0,0.08328430724660704,0,0.5
1,4,42,logistic_regression,194,397,0,0.47325772802638366,0,0.5
1,4,42,logistic_regression,196,505,0,0.48650055549164506,0,0.5
1,4,42,logistic_regression,199,460,0,0.4662917978230698,0,0.5
1,4,42,logistic_regression,204,222,0,0.47106715151514617,0,0.5
1,4,42,logistic_regression,206,496,0,0.46890331814761954,0,0.5
1,4,42,logistic_regression,209,387,0,0.5485942213603334,1,0.5
1,4,42,logistic_regression,210,399,0,0.5471834262890091,1,0.5
1,4,42,logistic_regression,215,372,0,0.4523866765468934,0,0.5
1,4,42,logistic_regression,216,531,1,0.5909996702890828,1,0.5
1,4,42,logistic_regression,221,407,0,0.25734135631240196,0,0.5
1,4,42,logistic_regression,229,466,0,0.5539278316764712,1,0.5
1,4,42,logistic_regression,230,304,0,0.4263278873963308,0,0.5
1,4,42,logistic_regression,235,378,0,0.42214783996033844,0,0.5
1,4,42,logistic_regression,253,279,0,0.45005272128873364,0,0.5
1,4,42,logistic_regression,263,296,0,0.128985670548766,0,0.5
1,4,42,logistic_regression,265,247,0,0.4544063102760863,0,0.5
1,4,42,logistic_regression,273,355,0,0.4953273768659919,0,0.5
1,4,42,logistic_regression,278,267,0,0.4596961495956295,0,0.5
1,4,42,logistic_regression,282,219,0,0.4727409921845323,0,0.5
1,4,42,logistic_regression,292,264,0,0.45614525232011066,0,0.5
1,4,42,logistic_regression,301,202,0,0.38070936124498345,0,0.5
1,4,42,logistic_regression,305,201,0,0.4382357857333444,0,0.5
1,4,42,logistic_regression,309,322,0,0.5485156061086899,1,0.5
1,4,42,logistic_regression,310,307,0,0.4252895216454663,0,0.5
1,4,42,logistic_regression,311,368,0,0.5334340220718933,1,0.5
1,4,42,logistic_regression,316,348,0,0.08546635319319693,0,0.5
1,4,42,logistic_regression,318,308,0,0.499859424153533,0,0.5
1,4,42,logistic_regression,322,180,0,0.4442039351649911,0,0.5
1,4,42,logistic_regression,327,173,0,0.4211752483813811,0,0.5
1,4,42,logistic_regression,330,207,0,0.07585728155012618,0,0.5
1,4,42,logistic_regression,332,583,0,0.5282493418573879,1,0.5
1,4,42,logistic_regression,339,182,0,0.41465908258285217,0,0.5
1,4,42,logistic_regression,342,228,0,0.41235782179642344,0,0.5
1,4,42,logistic_regression,345,276,1,0.1052282256800751,0,0.5
1,4,42,logistic_regression,349,235,0,0.43763124215469884,0,0.5
1,4,42,logistic_regression,350,167,0,0.0863100697549664,0,0.5
1,4,42,logistic_regression,352,152,0,0.41359791834234605,0,0.5
1,4,42,logistic_regression,354,811,0,0.5343859860731566,1,0.5
1,4,42,logistic_regression,362,160,0,0.43010227357607467,0,0.5
1,4,42,logistic_regression,364,147,0,0.44312381689217517,0,0.5
1,4,42,logistic_regression,365,178,0,0.48817216897052595,0,0.5
1,4,42,logistic_regression,370,239,1,0.4161738692413879,0,0.5
1,4,42,logistic_regression,379,224,0,0.4224692357527186,0,0.5
1,4,42,logistic_regression,391,69,0,0.06703556911074028,0,0.5
1,4,42,logistic_regression,394,184,0,0.829048262830722,1,0.5
1,4,42,logistic_regression,400,55,0,0.40037151496080065,0,0.5
1,4,42,logistic_regression,401,210,0,0.5213666537818521,1,0.5
1,4,42,logistic_regression,415,104,0,0.4371243583419221,0,0.5
1,4,42,logistic_regression,422,89,0,0.43981853610509714,0,0.5
1,4,42,logistic_regression,424,181,0,0.6875578345336155,1,0.5
1,4,42,logistic_regression,443,10,0,0.07365554085695039,0,0.5
1,4,42,logistic_regression,445,36,0,0.07313718638392921,0,0.5
1,4,42,logistic_regression,446,107,0,0.4591471552857102,0,0.5
1,4,42,logistic_regression,453,10,0,0.07365554085695039,0,0.5
1,4,42,logistic_regression,457,18,0,0.07605320291714654,0,0.5
1,4,42,logistic_regression,470,764,0,0.5362225037040805,1,0.5
1,4,42,logistic_regression,471,94,0,0.4152219445632796,0,0.5
1,4,42,logistic_regression,486,496,0,0.46890331814761954,0,0.5
1,4,42,logistic_regression,487,483,0,0.5145156454157654,1,0.5
1,4,42,logistic_regression,492,658,0,0.5445221271520502,1,0.5
1,4,42,logistic_regression,494,165,0,0.4234756314282095,0,0.5
1,4,42,logistic_regression,495,405,0,0.07705798495658801,0,0.5
1,4,42,logistic_regression,501,610,0,0.5696394634786437,1,0.5
1,4,42,logistic_regression,507,71,0,0.42174000555718266,0,0.5
1,4,42,logistic_regression,508,590,0,0.8037461763551861,1,0.5
1,4,42,logistic_regression,513,96,0,0.4278866544081517,0,0.5
1,4,42,logistic_regression,514,476,0,0.4407194825319294,0,0.5
1,4,42,logistic_regression,530,239,1,0.4161738692413879,0,0.5
1,4,42,logistic_regression,531,119,0,0.45589481296830914,0,0.5
1,4,42,logistic_regression,534,93,0,0.4028913087846715,0,0.5
1,4,42,logistic_regression,546,213,0,0.7230136551149863,1,0.5
1,4,42,logistic_regression,564,426,0,0.5501205277073297,1,0.5
1,4,42,logistic_regression,568,338,0,0.4482771746759957,0,0.5
1,4,42,logistic_regression,570,559,0,0.5265211509402968,1,0.5
1,4,42,logistic_regression,573,523,0,0.5003917821794385,1,0.5
1,4,42,logistic_regression,578,126,1,0.4289582412253026,0,0.5
1,4,42,logistic_regression,580,55,0,0.40037151496080065,0,0.5
1,4,42,logistic_regression,585,648,0,0.510345124377537,1,0.5
1,4,42,logistic_regression,588,813,0,0.5636646211075172,1,0.5
1,4,42,logistic_regression,590,56,0,0.3683670410288908,0,0.5
1,4,42,logistic_regression,599,176,0,0.44859094627632407,0,0.5
1,4,42,logistic_regression,600,506,0,0.45656397654641306,0,0.5
1,4,42,logistic_regression,604,318,0,0.45308109299789645,0,0.5
1,4,42,logistic_regression,623,250,0,0.48782769599669823,0,0.5
1,4,42,logistic_regression,624,118,0,0.4388338411904757,0,0.5
1,4,42,logistic_regression,632,226,0,0.46356540762146414,0,0.5
1,4,42,logistic_regression,646,27,0,0.4011366136471724,0,0.5
1,4,42,logistic_regression,649,613,0,0.6254468070117697,1,0.5
1,4,42,logistic_regression,653,216,1,0.5286473519384638,1,0.5
1,4,42,logistic_regression,659,467,0,0.45933661889424204,0,0.5
1,4,42,logistic_regression,666,67,0,0.39312187743507,0,0.5
1,4,42,logistic_regression,667,829,0,0.5911494475322995,1,0.5
1,4,42,logistic_regression,669,755,0,0.7644914479635999,1,0.5
1,4,42,logistic_regression,672,0,0,0.3848778841122996,0,0.5
1,4,42,logistic_regression,673,819,1,0.6700783231451192,1,0.5
1,4,42,logistic_regression,684,815,0,0.5686062180277536,1,0.5
1,4,42,logistic_regression,693,98,1,0.5019677894644405,1,0.5
1,4,42,logistic_regression,695,538,0,0.5031647218283843,1,0.5
1,4,42,logistic_regression,704,781,0,0.557720050398749,1,0.5
1,4,42,logistic_regression,708,254,0,0.5295126254886696,1,0.5
1,4,42,logistic_regression,712,317,0,0.4508205393659635,0,0.5
1,4,42,logistic_regression,720,427,0,0.48361790158313644,0,0.5
1,4,42,logistic_regression,730,775,0,0.7584055718842848,1,0.5
1,4,42,logistic_regression,734,564,0,0.6144315519266811,1,0.5
1,4,42,logistic_regression,738,477,0,0.4487334757902298,0,0.5
1,4,42,logistic_regression,741,129,0,0.07915055910587039,0,0.5
1,4,42,logistic_regression,743,540,0,0.3465214329805786,0,0.5
1,4,42,logistic_regression,757,360,0,0.13092156563951984,0,0.5
1,4,42,logistic_regression,759,101,0,0.4324449715216392,0,0.5
1,4,42,logistic_regression,765,398,0,0.5034349804763882,1,0.5
1,4,42,logistic_regression,777,744,0,0.48896390915560967,0,0.5
1,4,42,logistic_regression,788,752,0,0.5542406592677747,1,0.5
1,4,42,logistic_regression,791,15,0,0.43171139367597566,0,0.5
1,4,42,logistic_regression,793,353,0,0.4450820640973787,0,0.5
1,4,42,logistic_regression,802,14,0,0.3910271559465525,0,0.5
1,4,42,logistic_regression,807,717,0,0.3183843118899813,0,0.5
1,4,42,logistic_regression,814,22,1,0.15242633374848108,0,0.5
1,4,42,logistic_regression,822,726,0,0.347009921657989,0,0.5
1,4,42,logistic_regression,828,634,0,0.4443870695878362,0,0.5
1,4,42,logistic_regression,836,743,0,0.2402616794927249,0,0.5
1,4,42,logistic_regression,837,606,0,0.27859822253480393,0,0.5
1,4,42,logistic_regression,846,680,0,0.45009606392439866,0,0.5
1,4,42,logistic_regression,850,117,0,0.39699085612792134,0,0.5
1,4,42,xgboost,9,804,0,0.39966246485710144,0,0.5
1,4,42,xgboost,11,450,0,0.3985596001148224,0,0.5
1,4,42,xgboost,13,803,0,0.0678044855594635,0,0.5
1,4,42,xgboost,15,776,0,0.8612877726554871,1,0.5
1,4,42,xgboost,16,790,0,0.1642940640449524,0,0.5
1,4,42,xgboost,17,799,0,0.17638927698135376,0,0.5
1,4,42,xgboost,20,797,0,0.8605828285217285,1,0.5
1,4,42,xgboost,22,766,1,0.6184240579605103,1,0.5
1,4,42,xgboost,27,759,0,0.603480875492096,1,0.5
1,4,42,xgboost,28,742,0,0.09368229657411575,0,0.5
1,4,42,xgboost,37,747,0,0.24471239745616913,0,0.5
1,4,42,xgboost,39,719,0,0.1419055014848709,0,0.5
1,4,42,xgboost,43,723,0,0.5636306405067444,1,0.5
1,4,42,xgboost,46,716,0,0.268683522939682,0,0.5
1,4,42,xgboost,47,770,0,0.30233532190322876,0,0.5
1,4,42,xgboost,50,721,0,0.4474531412124634,0,0.5
1,4,42,xgboost,54,708,0,0.3332962095737457,0,0.5
1,4,42,xgboost,57,647,0,0.20276331901550293,0,0.5
1,4,42,xgboost,59,692,0,0.5246674418449402,1,0.5
1,4,42,xgboost,60,673,0,0.32024863362312317,0,0.5
1,4,42,xgboost,66,673,0,0.32024863362312317,0,0.5
1,4,42,xgboost,71,677,0,0.10314514487981796,0,0.5
1,4,42,xgboost,74,681,0,0.06220440939068794,0,0.5
1,4,42,xgboost,75,686,0,0.12554916739463806,0,0.5
1,4,42,xgboost,88,618,0,0.2471511960029602,0,0.5
1,4,42,xgboost,91,689,0,0.1254032403230667,0,0.5
1,4,42,xgboost,98,584,0,0.024095896631479263,0,0.5
1,4,42,xgboost,100,669,0,0.3599192500114441,0,0.5
1,4,42,xgboost,101,580,0,0.8485511541366577,1,0.5
1,4,42,xgboost,103,754,1,0.4621902108192444,0,0.5
1,4,42,xgboost,106,577,0,0.7701196670532227,1,0.5
1,4,42,xgboost,111,626,0,0.029886119067668915,0,0.5
1,4,42,xgboost,120,627,0,0.46296218037605286,0,0.5
1,4,42,xgboost,121,579,0,0.40380680561065674,0,0.5
1,4,42,xgboost,122,592,0,0.2959626019001007,0,0.5
1,4,42,xgboost,123,542,0,0.5661896467208862,1,0.5
1,4,42,xgboost,124,571,0,0.611223578453064,1,0.5
1,4,42,xgboost,128,518,0,0.41930893063545227,0,0.5
1,4,42,xgboost,137,537,0,0.37341418862342834,0,0.5
1,4,42,xgboost,156,448,0,0.18393908441066742,0,0.5
1,4,42,xgboost,161,490,0,0.305666446685791,0,0.5
1,4,42,xgboost,168,535,0,0.37966838479042053,0,0.5
1,4,42,xgboost,173,529,0,0.8299436569213867,1,0.5
1,4,42,xgboost,174,499,0,0.4459189772605896,0,0.5
1,4,42,xgboost,177,468,0,0.19376341998577118,0,0.5
1,4,42,xgboost,180,414,0,0.2555386424064636,0,0.5
1,4,42,xgboost,187,501,0,0.6272329688072205,1,0.5
1,4,42,xgboost,193,445,0,0.010563313961029053,0,0.5
1,4,42,xgboost,194,397,0,0.4107540547847748,0,0.5
1,4,42,xgboost,196,505,0,0.6681651473045349,1,0.5
1,4,42,xgboost,199,460,0,0.5845469832420349,1,0.5
1,4,42,xgboost,204,222,0,0.5139542818069458,1,0.5
1,4,42,xgboost,206,496,0,0.2195524275302887,0,0.5
1,4,42,xgboost,209,387,0,0.4192281663417816,0,0.5
1,4,42,xgboost,210,399,0,0.5489543080329895,1,0.5
1,4,42,xgboost,215,372,0,0.15582749247550964,0,0.5
1,4,42,xgboost,216,531,1,0.4254506528377533,0,0.5
1,4,42,xgboost,221,407,0,0.4242355525493622,0,0.5
1,4,42,xgboost,229,466,0,0.3189569413661957,0,0.5
1,4,42,xgboost,230,304,0,0.22812050580978394,0,0.5
1,4,42,xgboost,235,378,0,0.36235854029655457,0,0.5
1,4,42,xgboost,253,279,0,0.3569055497646332,0,0.5
1,4,42,xgboost,263,296,0,0.024027300998568535,0,0.5
1,4,42,xgboost,265,247,0,0.5752172470092773,1,0.5
1,4,42,xgboost,273,355,0,0.3125689923763275,0,0.5
1,4,42,xgboost,278,267,0,0.7234843373298645,1,0.5
1,4,42,xgboost,282,219,0,0.33739227056503296,0,0.5
1,4,42,xgboost,292,264,0,0.8209260106086731,1,0.5
1,4,42,xgboost,301,202,0,0.40618157386779785,0,0.5
1,4,42,xgboost,305,201,0,0.3492532968521118,0,0.5
1,4,42,xgboost,309,322,0,0.17911115288734436,0,0.5
1,4,42,xgboost,310,307,0,0.3250896632671356,0,0.5
1,4,42,xgboost,311,368,0,0.4195852279663086,0,0.5
1,4,42,xgboost,316,348,0,0.08347562700510025,0,0.5
1,4,42,xgboost,318,308,0,0.11544502526521683,0,0.5
1,4,42,xgboost,322,180,0,0.5735887289047241,1,0.5
1,4,42,xgboost,327,173,0,0.5019419193267822,1,0.5
1,4,42,xgboost,330,207,0,0.05598430708050728,0,0.5
1,4,42,xgboost,332,583,0,0.3615713119506836,0,0.5
1,4,42,xgboost,339,182,0,0.5154810547828674,1,0.5
1,4,42,xgboost,342,228,0,0.4449191093444824,0,0.5
1,4,42,xgboost,345,276,1,0.17458178102970123,0,0.5
1,4,42,xgboost,349,235,0,0.43267446756362915,0,0.5
1,4,42,xgboost,350,167,0,0.0958201140165329,0,0.5
1,4,42,xgboost,352,152,0,0.22501283884048462,0,0.5
1,4,42,xgboost,354,811,0,0.5124928951263428,1,0.5
1,4,42,xgboost,362,160,0,0.5085332989692688,1,0.5
1,4,42,xgboost,364,147,0,0.3389063775539398,0,0.5
1,4,42,xgboost,365,178,0,0.4449165165424347,0,0.5
1,4,42,xgboost,370,239,1,0.4110680818557739,0,0.5
1,4,42,xgboost,379,224,0,0.5566744804382324,1,0.5
1,4,42,xgboost,391,69,0,0.022062435746192932,0,0.5
1,4,42,xgboost,394,184,0,0.8990163207054138,1,0.5
1,4,42,xgboost,400,55,0,0.1605750173330307,0,0.5
1,4,42,xgboost,401,210,0,0.3724236488342285,0,0.5
1,4,42,xgboost,415,104,0,0.25181543827056885,0,0.5
1,4,42,xgboost,422,89,0,0.23470556735992432,0,0.5
1,4,42,xgboost,424,181,0,0.87092125415802,1,0.5
1,4,42,xgboost,443,10,0,0.010769850574433804,0,0.5
1,4,42,xgboost,445,36,0,0.017623333260416985,0,0.5
1,4,42,xgboost,446,107,0,0.4200899302959442,0,0.5
1,4,42,xgboost,453,10,0,0.010769850574433804,0,0.5
1,4,42,xgboost,457,18,0,0.011054286733269691,0,0.5
1,4,42,xgboost,470,764,0,0.4388476610183716,0,0.5
1,4,42,xgboost,471,94,0,0.0853012427687645,0,0.5
1,4,42,xgboost,486,496,0,0.2195524275302887,0,0.5
1,4,42,xgboost,487,483,0,0.1698807030916214,0,0.5
1,4,42,xgboost,492,658,0,0.15296849608421326,0,0.5
1,4,42,xgboost,494,165,0,0.4654655456542969,0,0.5
1,4,42,xgboost,495,405,0,0.052771616727113724,0,0.5
1,4,42,xgboost,501,610,0,0.09709537029266357,0,0.5
1,4,42,xgboost,507,71,0,0.12376952171325684,0,0.5
1,4,42,xgboost,508,590,0,0.31518515944480896,0,0.5
1,4,42,xgboost,513,96,0,0.24345436692237854,0,0.5
1,4,42,xgboost,514,476,0,0.08158493787050247,0,0.5
1,4,42,xgboost,530,239,1,0.4110680818557739,0,0.5
1,4,42,xgboost,531,119,0,0.15517382323741913,0,0.5
1,4,42,xgboost,534,93,0,0.1364227682352066,0,0.5
1,4,42,xgboost,546,213,0,0.6730153560638428,1,0.5
1,4,42,xgboost,564,426,0,0.06288404762744904,0,0.5
1,4,42,xgboost,568,338,0,0.29820770025253296,0,0.5
1,4,42,xgboost,570,559,0,0.34651264548301697,0,0.5
1,4,42,xgboost,573,523,0,0.5982446670532227,1,0.5
1,4,42,xgboost,578,126,1,0.18088631331920624,0,0.5
1,4,42,xgboost,580,55,0,0.1605750173330307,0,0.5
1,4,42,xgboost,585,648,0,0.19363930821418762,0,0.5
1,4,42,xgboost,588,813,0,0.3355656862258911,0,0.5
1,4,42,xgboost,590,56,0,0.41042211651802063,0,0.5
1,4,42,xgboost,599,176,0,0.24794062972068787,0,0.5
1,4,42,xgboost,600,506,0,0.17707505822181702,0,0.5
1,4,42,xgboost,604,318,0,0.6109908223152161,1,0.5
1,4,42,xgboost,623,250,0,0.7944443821907043,1,0.5
1,4,42,xgboost,624,118,0,0.12046878784894943,0,0.5
1,4,42,xgboost,632,226,0,0.518709659576416,1,0.5
1,4,42,xgboost,646,27,0,0.08764102309942245,0,0.5
1,4,42,xgboost,649,613,0,0.5575833320617676,1,0.5
1,4,42,xgboost,653,216,1,0.600101888179779,1,0.5
1,4,42,xgboost,659,467,0,0.4725012183189392,0,0.5
1,4,42,xgboost,666,67,0,0.09079699218273163,0,0.5
1,4,42,xgboost,667,829,0,0.4424055516719818,0,0.5
1,4,42,xgboost,669,755,0,0.11525232344865799,0,0.5
1,4,42,xgboost,672,0,0,0.05034477636218071,0,0.5
1,4,42,xgboost,673,819,1,0.4284031391143799,0,0.5
1,4,42,xgboost,684,815,0,0.20841431617736816,0,0.5
1,4,42,xgboost,693,98,1,0.3663104176521301,0,0.5
1,4,42,xgboost,695,538,0,0.4785536527633667,0,0.5
1,4,42,xgboost,704,781,0,0.2977714538574219,0,0.5
1,4,42,xgboost,708,254,0,0.4487491548061371,0,0.5
1,4,42,xgboost,712,317,0,0.340847373008728,0,0.5
1,4,42,xgboost,720,427,0,0.42144346237182617,0,0.5
1,4,42,xgboost,730,775,0,0.7641234397888184,1,0.5
1,4,42,xgboost,734,564,0,0.33457496762275696,0,0.5
1,4,42,xgboost,738,477,0,0.5530922412872314,1,0.5
1,4,42,xgboost,741,129,0,0.03208903595805168,0,0.5
1,4,42,xgboost,743,540,0,0.5871800184249878,1,0.5
1,4,42,xgboost,757,360,0,0.3483715057373047,0,0.5
1,4,42,xgboost,759,101,0,0.1566494256258011,0,0.5
1,4,42,xgboost,765,398,0,0.5489543080329895,1,0.5
1,4,42,xgboost,777,744,0,0.08892570436000824,0,0.5
1,4,42,xgboost,788,752,0,0.42658400535583496,0,0.5
1,4,42,xgboost,791,15,0,0.1121516302227974,0,0.5
1,4,42,xgboost,793,353,0,0.32807567715644836,0,0.5
1,4,42,xgboost,802,14,0,0.08033681660890579,0,0.5
1,4,42,xgboost,807,717,0,0.13077481091022491,0,0.5
1,4,42,xgboost,814,22,1,0.04555484279990196,0,0.5
1,4,42,xgboost,822,726,0,0.21965250372886658,0,0.5
1,4,42,xgboost,828,634,0,0.15519191324710846,0,0.5
1,4,42,xgboost,836,743,0,0.2889844477176666,0,0.5
1,4,42,xgboost,837,606,0,0.14908669888973236,0,0.5
1,4,42,xgboost,846,680,0,0.33958980441093445,0,0.5
1,4,42,xgboost,850,117,0,0.1488935947418213,0,0.5
1,5,42,dummy_prior,6,823,1,0.06404657933042213,0,0.5
1,5,42,dummy_prior,7,413,0,0.06404657933042213,0,0.5
1,5,42,dummy_prior,34,749,0,0.06404657933042213,0,0.5
1,5,42,dummy_prior,38,758,0,0.06404657933042213,0,0.5
1,5,42,dummy_prior,40,746,0,0.06404657933042213,0,0.5
1,5,42,dummy_prior,64,750,1,0.06404657933042213,0,0.5
1,5,42,dummy_prior,67,728,0,0.06404657933042213,0,0.5
1,5,42,dummy_prior,69,705,0,0.06404657933042213,0,0.5
1,5,42,dummy_prior,73,685,0,0.06404657933042213,0,0.5
1,5,42,dummy_prior,77,646,0,0.06404657933042213,0,0.5
1,5,42,dummy_prior,78,693,0,0.06404657933042213,0,0.5
1,5,42,dummy_prior,82,615,0,0.06404657933042213,0,0.5
1,5,42,dummy_prior,83,621,0,0.06404657933042213,0,0.5
1,5,42,dummy_prior,89,632,0,0.06404657933042213,0,0.5
1,5,42,dummy_prior,95,604,0,0.06404657933042213,0,0.5
1,5,42,dummy_prior,96,701,1,0.06404657933042213,0,0.5
1,5,42,dummy_prior,102,599,0,0.06404657933042213,0,0.5
1,5,42,dummy_prior,109,612,0,0.06404657933042213,0,0.5
1,5,42,dummy_prior,113,328,0,0.06404657933042213,0,0.5
1,5,42,dummy_prior,117,570,0,0.06404657933042213,0,0.5
1,5,42,dummy_prior,118,560,0,0.06404657933042213,0,0.5
1,5,42,dummy_prior,119,498,0,0.06404657933042213,0,0.5
1,5,42,dummy_prior,129,557,0,0.06404657933042213,0,0.5
1,5,42,dummy_prior,133,651,0,0.06404657933042213,0,0.5
1,5,42,dummy_prior,136,586,0,0.06404657933042213,0,0.5
1,5,42,dummy_prior,138,517,0,0.06404657933042213,0,0.5
1,5,42,dummy_prior,140,553,0,0.06404657933042213,0,0.5
1,5,42,dummy_prior,141,194,0,0.06404657933042213,0,0.5
1,5,42,dummy_prior,145,595,0,0.06404657933042213,0,0.5
1,5,42,dummy_prior,146,576,0,0.06404657933042213,0,0.5
1,5,42,dummy_prior,149,594,0,0.06404657933042213,0,0.5
1,5,42,dummy_prior,152,438,0,0.06404657933042213,0,0.5
1,5,42,dummy_prior,159,463,0,0.06404657933042213,0,0.5
1,5,42,dummy_prior,162,481,0,0.06404657933042213,0,0.5
1,5,42,dummy_prior,166,515,0,0.06404657933042213,0,0.5
1,5,42,dummy_prior,167,461,0,0.06404657933042213,0,0.5
1,5,42,dummy_prior,170,434,0,0.06404657933042213,0,0.5
1,5,42,dummy_prior,175,412,0,0.06404657933042213,0,0.5
1,5,42,dummy_prior,176,452,0,0.06404657933042213,0,0.5
1,5,42,dummy_prior,190,513,0,0.06404657933042213,0,0.5
1,5,42,dummy_prior,192,459,0,0.06404657933042213,0,0.5
1,5,42,dummy_prior,195,429,0,0.06404657933042213,0,0.5
1,5,42,dummy_prior,197,442,0,0.06404657933042213,0,0.5
1,5,42,dummy_prior,202,454,0,0.06404657933042213,0,0.5
1,5,42,dummy_prior,205,388,1,0.06404657933042213,0,0.5
1,5,42,dummy_prior,207,437,0,0.06404657933042213,0,0.5
1,5,42,dummy_prior,211,453,0,0.06404657933042213,0,0.5
1,5,42,dummy_prior,217,408,0,0.06404657933042213,0,0.5
1,5,42,dummy_prior,219,324,0,0.06404657933042213,0,0.5
1,5,42,dummy_prior,220,406,0,0.06404657933042213,0,0.5
1,5,42,dummy_prior,227,394,0,0.06404657933042213,0,0.5
1,5,42,dummy_prior,233,345,0,0.06404657933042213,0,0.5
1,5,42,dummy_prior,234,406,0,0.06404657933042213,0,0.5
1,5,42,dummy_prior,240,334,0,0.06404657933042213,0,0.5
1,5,42,dummy_prior,243,402,0,0.06404657933042213,0,0.5
1,5,42,dummy_prior,246,487,0,0.06404657933042213,0,0.5
1,5,42,dummy_prior,257,273,1,0.06404657933042213,0,0.5
1,5,42,dummy_prior,269,410,0,0.06404657933042213,0,0.5
1,5,42,dummy_prior,271,359,0,0.06404657933042213,0,0.5
1,5,42,dummy_prior,279,263,0,0.06404657933042213,0,0.5
1,5,42,dummy_prior,285,430,0,0.06404657933042213,0,0.5
1,5,42,dummy_prior,294,288,0,0.06404657933042213,0,0.5
1,5,42,dummy_prior,308,382,0,0.06404657933042213,0,0.5
1,5,42,dummy_prior,317,170,0,0.06404657933042213,0,0.5
1,5,42,dummy_prior,319,293,0,0.06404657933042213,0,0.5
1,5,42,dummy_prior,320,271,1,0.06404657933042213,0,0.5
1,5,42,dummy_prior,325,169,1,0.06404657933042213,0,0.5
1,5,42,dummy_prior,329,290,0,0.06404657933042213,0,0.5
1,5,42,dummy_prior,331,446,0,0.06404657933042213,0,0.5
1,5,42,dummy_prior,341,121,0,0.06404657933042213,0,0.5
1,5,42,dummy_prior,346,149,0,0.06404657933042213,0,0.5
1,5,42,dummy_prior,348,125,0,0.06404657933042213,0,0.5
1,5,42,dummy_prior,351,155,0,0.06404657933042213,0,0.5
1,5,42,dummy_prior,355,140,0,0.06404657933042213,0,0.5
1,5,42,dummy_prior,358,212,0,0.06404657933042213,0,0.5
1,5,42,dummy_prior,366,143,0,0.06404657933042213,0,0.5
1,5,42,dummy_prior,369,82,0,0.06404657933042213,0,0.5
1,5,42,dummy_prior,373,312,0,0.06404657933042213,0,0.5
1,5,42,dummy_prior,381,145,0,0.06404657933042213,0,0.5
1,5,42,dummy_prior,383,134,1,0.06404657933042213,0,0.5
1,5,42,dummy_prior,395,82,0,0.06404657933042213,0,0.5
1,5,42,dummy_prior,399,209,0,0.06404657933042213,0,0.5
1,5,42,dummy_prior,409,54,0,0.06404657933042213,0,0.5
1,5,42,dummy_prior,410,171,0,0.06404657933042213,0,0.5
1,5,42,dummy_prior,412,87,0,0.06404657933042213,0,0.5
1,5,42,dummy_prior,419,149,0,0.06404657933042213,0,0.5
1,5,42,dummy_prior,426,114,0,0.06404657933042213,0,0.5
1,5,42,dummy_prior,427,161,0,0.06404657933042213,0,0.5
1,5,42,dummy_prior,434,192,1,0.06404657933042213,0,0.5
1,5,42,dummy_prior,435,54,0,0.06404657933042213,0,0.5
1,5,42,dummy_prior,447,63,0,0.06404657933042213,0,0.5
1,5,42,dummy_prior,455,77,0,0.06404657933042213,0,0.5
1,5,42,dummy_prior,459,3,0,0.06404657933042213,0,0.5
1,5,42,dummy_prior,467,41,0,0.06404657933042213,0,0.5
1,5,42,dummy_prior,468,11,0,0.06404657933042213,0,0.5
1,5,42,dummy_prior,474,640,0,0.06404657933042213,0,0.5
1,5,42,dummy_prior,476,753,0,0.06404657933042213,0,0.5
1,5,42,dummy_prior,483,190,0,0.06404657933042213,0,0.5
1,5,42,dummy_prior,490,375,0,0.06404657933042213,0,0.5
1,5,42,dummy_prior,497,356,0,0.06404657933042213,0,0.5
1,5,42,dummy_prior,500,763,0,0.06404657933042213,0,0.5
1,5,42,dummy_prior,503,735,0,0.06404657933042213,0,0.5
1,5,42,dummy_prior,504,428,0,0.06404657933042213,0,0.5
1,5,42,dummy_prior,516,174,0,0.06404657933042213,0,0.5
1,5,42,dummy_prior,520,53,0,0.06404657933042213,0,0.5
1,5,42,dummy_prior,524,628,0,0.06404657933042213,0,0.5
1,5,42,dummy_prior,528,547,0,0.06404657933042213,0,0.5
1,5,42,dummy_prior,537,365,0,0.06404657933042213,0,0.5
1,5,42,dummy_prior,542,146,0,0.06404657933042213,0,0.5
1,5,42,dummy_prior,551,639,0,0.06404657933042213,0,0.5
1,5,42,dummy_prior,552,105,0,0.06404657933042213,0,0.5
1,5,42,dummy_prior,567,383,0,0.06404657933042213,0,0.5
1,5,42,dummy_prior,571,257,0,0.06404657933042213,0,0.5
1,5,42,dummy_prior,575,54,0,0.06404657933042213,0,0.5
1,5,42,dummy_prior,581,59,0,0.06404657933042213,0,0.5
1,5,42,dummy_prior,586,150,0,0.06404657933042213,0,0.5
1,5,42,dummy_prior,591,244,0,0.06404657933042213,0,0.5
1,5,42,dummy_prior,597,133,0,0.06404657933042213,0,0.5
1,5,42,dummy_prior,598,54,1,0.06404657933042213,0,0.5
1,5,42,dummy_prior,606,539,0,0.06404657933042213,0,0.5
1,5,42,dummy_prior,607,566,0,0.06404657933042213,0,0.5
1,5,42,dummy_prior,611,311,0,0.06404657933042213,0,0.5
1,5,42,dummy_prior,614,341,1,0.06404657933042213,0,0.5
1,5,42,dummy_prior,621,582,0,0.06404657933042213,0,0.5
1,5,42,dummy_prior,627,280,0,0.06404657933042213,0,0.5
1,5,42,dummy_prior,633,261,0,0.06404657933042213,0,0.5
1,5,42,dummy_prior,635,714,0,0.06404657933042213,0,0.5
1,5,42,dummy_prior,636,741,0,0.06404657933042213,0,0.5
1,5,42,dummy_prior,639,52,0,0.06404657933042213,0,0.5
1,5,42,dummy_prior,640,625,0,0.06404657933042213,0,0.5
1,5,42,dummy_prior,644,285,0,0.06404657933042213,0,0.5
1,5,42,dummy_prior,647,277,0,0.06404657933042213,0,0.5
1,5,42,dummy_prior,648,95,0,0.06404657933042213,0,0.5
1,5,42,dummy_prior,651,788,0,0.06404657933042213,0,0.5
1,5,42,dummy_prior,658,85,0,0.06404657933042213,0,0.5
1,5,42,dummy_prior,660,33,0,0.06404657933042213,0,0.5
1,5,42,dummy_prior,662,502,0,0.06404657933042213,0,0.5
1,5,42,dummy_prior,663,310,0,0.06404657933042213,0,0.5
1,5,42,dummy_prior,677,814,0,0.06404657933042213,0,0.5
1,5,42,dummy_prior,679,822,0,0.06404657933042213,0,0.5
1,5,42,dummy_prior,689,340,0,0.06404657933042213,0,0.5
1,5,42,dummy_prior,691,420,0,0.06404657933042213,0,0.5
1,5,42,dummy_prior,698,473,0,0.06404657933042213,0,0.5
1,5,42,dummy_prior,709,374,0,0.06404657933042213,0,0.5
1,5,42,dummy_prior,711,128,0,0.06404657933042213,0,0.5
1,5,42,dummy_prior,724,554,0,0.06404657933042213,0,0.5
1,5,42,dummy_prior,727,589,0,0.06404657933042213,0,0.5
1,5,42,dummy_prior,740,768,0,0.06404657933042213,0,0.5
1,5,42,dummy_prior,742,156,0,0.06404657933042213,0,0.5
1,5,42,dummy_prior,752,676,0,0.06404657933042213,0,0.5
1,5,42,dummy_prior,761,607,0,0.06404657933042213,0,0.5
1,5,42,dummy_prior,762,139,0,0.06404657933042213,0,0.5
1,5,42,dummy_prior,771,661,0,0.06404657933042213,0,0.5
1,5,42,dummy_prior,773,23,0,0.06404657933042213,0,0.5
1,5,42,dummy_prior,782,528,0,0.06404657933042213,0,0.5
1,5,42,dummy_prior,789,164,0,0.06404657933042213,0,0.5
1,5,42,dummy_prior,795,690,0,0.06404657933042213,0,0.5
1,5,42,dummy_prior,796,605,0,0.06404657933042213,0,0.5
1,5,42,dummy_prior,800,302,0,0.06404657933042213,0,0.5
1,5,42,dummy_prior,803,106,0,0.06404657933042213,0,0.5
1,5,42,dummy_prior,815,549,0,0.06404657933042213,0,0.5
1,5,42,dummy_prior,823,644,0,0.06404657933042213,0,0.5
1,5,42,dummy_prior,830,699,0,0.06404657933042213,0,0.5
1,5,42,dummy_prior,832,561,0,0.06404657933042213,0,0.5
1,5,42,dummy_prior,833,659,0,0.06404657933042213,0,0.5
1,5,42,dummy_prior,834,569,0,0.06404657933042213,0,0.5
1,5,42,dummy_prior,835,332,0,0.06404657933042213,0,0.5
1,5,42,dummy_prior,842,722,0,0.06404657933042213,0,0.5
1,5,42,dummy_prior,851,298,0,0.06404657933042213,0,0.5
1,5,42,dummy_prior,854,616,0,0.06404657933042213,0,0.5
1,5,42,dummy_prior,855,377,0,0.06404657933042213,0,0.5
1,5,42,logistic_regression,6,823,1,0.6481016454750123,1,0.5
1,5,42,logistic_regression,7,413,0,0.5910896741151537,1,0.5
1,5,42,logistic_regression,34,749,0,0.5550471056356294,1,0.5
1,5,42,logistic_regression,38,758,0,0.5309706691618102,1,0.5
1,5,42,logistic_regression,40,746,0,0.45738324963525523,0,0.5
1,5,42,logistic_regression,64,750,1,0.655771810975872,1,0.5
1,5,42,logistic_regression,67,728,0,0.498074371434767,0,0.5
1,5,42,logistic_regression,69,705,0,0.4475852154277599,0,0.5
1,5,42,logistic_regression,73,685,0,0.4628079473420263,0,0.5
1,5,42,logistic_regression,77,646,0,0.4448551515152676,0,0.5
1,5,42,logistic_regression,78,693,0,0.41943194222433605,0,0.5
1,5,42,logistic_regression,82,615,0,0.5258907676111152,1,0.5
1,5,42,logistic_regression,83,621,0,0.526014902037219,1,0.5
1,5,42,logistic_regression,89,632,0,0.5227272972636161,1,0.5
1,5,42,logistic_regression,95,604,0,0.1823075685159585,0,0.5
1,5,42,logistic_regression,96,701,1,0.6989811290962438,1,0.5
1,5,42,logistic_regression,102,599,0,0.18882958824740098,0,0.5
1,5,42,logistic_regression,109,612,0,0.14866699377375794,0,0.5
1,5,42,logistic_regression,113,328,0,0.45586515049283516,0,0.5
1,5,42,logistic_regression,117,570,0,0.36860772188769064,0,0.5
1,5,42,logistic_regression,118,560,0,0.5601767284110768,1,0.5
1,5,42,logistic_regression,119,498,0,0.4623527490361529,0,0.5
1,5,42,logistic_regression,129,557,0,0.5420382022563819,1,0.5
1,5,42,logistic_regression,133,651,0,0.4412477706494752,0,0.5
1,5,42,logistic_regression,136,586,0,0.16958935099137887,0,0.5
1,5,42,logistic_regression,138,517,0,0.483241861275072,0,0.5
1,5,42,logistic_regression,140,553,0,0.5683040814845463,1,0.5
1,5,42,logistic_regression,141,194,0,0.17109784441174564,0,0.5
1,5,42,logistic_regression,145,595,0,0.5936548367606168,1,0.5
1,5,42,logistic_regression,146,576,0,0.5294482429165748,1,0.5
1,5,42,logistic_regression,149,594,0,0.215289490922532,0,0.5
1,5,42,logistic_regression,152,438,0,0.48504512096325064,0,0.5
1,5,42,logistic_regression,159,463,0,0.5141505149384227,1,0.5
1,5,42,logistic_regression,162,481,0,0.5009979525978485,1,0.5
1,5,42,logistic_regression,166,515,0,0.5228401851945523,1,0.5
1,5,42,logistic_regression,167,461,0,0.691658455001497,1,0.5
1,5,42,logistic_regression,170,434,0,0.265430523719269,0,0.5
1,5,42,logistic_regression,175,412,0,0.45598316793083116,0,0.5
1,5,42,logistic_regression,176,452,0,0.18061159810907315,0,0.5
1,5,42,logistic_regression,190,513,0,0.4385490256332928,0,0.5
1,5,42,logistic_regression,192,459,0,0.47706748614676986,0,0.5
1,5,42,logistic_regression,195,429,0,0.5044429074632228,1,0.5
1,5,42,logistic_regression,197,442,0,0.5650354305017351,1,0.5
1,5,42,logistic_regression,202,454,0,0.4465174277431461,0,0.5
1,5,42,logistic_regression,205,388,1,0.4128186613333409,0,0.5
1,5,42,logistic_regression,207,437,0,0.42963707681109836,0,0.5
1,5,42,logistic_regression,211,453,0,0.4724977952084641,0,0.5
1,5,42,logistic_regression,217,408,0,0.4637948579048239,0,0.5
1,5,42,logistic_regression,219,324,0,0.452309996156616,0,0.5
1,5,42,logistic_regression,220,406,0,0.15390364872030987,0,0.5
1,5,42,logistic_regression,227,394,0,0.715738656088637,1,0.5
1,5,42,logistic_regression,233,345,0,0.4107546122309735,0,0.5
1,5,42,logistic_regression,234,406,0,0.15390364872030987,0,0.5
1,5,42,logistic_regression,240,334,0,0.4666630954265001,0,0.5
1,5,42,logistic_regression,243,402,0,0.17043510143337479,0,0.5
1,5,42,logistic_regression,246,487,0,0.5066834400762711,1,0.5
1,5,42,logistic_regression,257,273,1,0.6187614877845918,1,0.5
1,5,42,logistic_regression,269,410,0,0.45519308676327513,0,0.5
1,5,42,logistic_regression,271,359,0,0.1816028938397749,0,0.5
1,5,42,logistic_regression,279,263,0,0.333781306420541,0,0.5
1,5,42,logistic_regression,285,430,0,0.4572428717712562,0,0.5
1,5,42,logistic_regression,294,288,0,0.4519264085989989,0,0.5
1,5,42,logistic_regression,308,382,0,0.4998547519770483,0,0.5
1,5,42,logistic_regression,317,170,0,0.4089640883080955,0,0.5
1,5,42,logistic_regression,319,293,0,0.18879204161266178,0,0.5
1,5,42,logistic_regression,320,271,1,0.39550644826000886,0,0.5
1,5,42,logistic_regression,325,169,1,0.4961781425130062,0,0.5
1,5,42,logistic_regression,329,290,0,0.47459080091191547,0,0.5
1,5,42,logistic_regression,331,446,0,0.5612865719362852,1,0.5
1,5,42,logistic_regression,341,121,0,0.16815356178769586,0,0.5
1,5,42,logistic_regression,346,149,0,0.1598031839734241,0,0.5
1,5,42,logistic_regression,348,125,0,0.44334390991065464,0,0.5
1,5,42,logistic_regression,351,155,0,0.44531605457805057,0,0.5
1,5,42,logistic_regression,355,140,0,0.6932680166442772,1,0.5
1,5,42,logistic_regression,358,212,0,0.41946068367267403,0,0.5
1,5,42,logistic_regression,366,143,0,0.3831743462280014,0,0.5
1,5,42,logistic_regression,369,82,0,0.4287966147355583,0,0.5
1,5,42,logistic_regression,373,312,0,0.42646543118842273,0,0.5
1,5,42,logistic_regression,381,145,0,0.17339309173078124,0,0.5
1,5,42,logistic_regression,383,134,1,0.423998735928998,0,0.5
1,5,42,logistic_regression,395,82,0,0.4287966147355583,0,0.5
1,5,42,logistic_regression,399,209,0,0.42730946731189257,0,0.5
1,5,42,logistic_regression,409,54,0,0.41303044702643155,0,0.5
1,5,42,logistic_regression,410,171,0,0.406418573922487,0,0.5
1,5,42,logistic_regression,412,87,0,0.163942184693494,0,0.5
1,5,42,logistic_regression,419,149,0,0.1598031839734241,0,0.5
1,5,42,logistic_regression,426,114,0,0.6531636820258839,1,0.5
1,5,42,logistic_regression,427,161,0,0.4394633329872514,0,0.5
1,5,42,logistic_regression,434,192,1,0.40962337323604947,0,0.5
1,5,42,logistic_regression,435,54,0,0.41303044702643155,0,0.5
1,5,42,logistic_regression,447,63,0,0.4067368006984496,0,0.5
1,5,42,logistic_regression,455,77,0,0.2320143859970168,0,0.5
1,5,42,logistic_regression,459,3,0,0.4057001231353423,0,0.5
1,5,42,logistic_regression,467,41,0,0.350588405962056,0,0.5
1,5,42,logistic_regression,468,11,0,0.22599842161769731,0,0.5
1,5,42,logistic_regression,474,640,0,0.5259171915252707,1,0.5
1,5,42,logistic_regression,476,753,0,0.20596102525043483,0,0.5
1,5,42,logistic_regression,483,190,0,0.47577402411335296,0,0.5
1,5,42,logistic_regression,490,375,0,0.30843700613024894,0,0.5
1,5,42,logistic_regression,497,356,0,0.4969642523384417,0,0.5
1,5,42,logistic_regression,500,763,0,0.45860693809679315,0,0.5
1,5,42,logistic_regression,503,735,0,0.5970467564399574,1,0.5
1,5,42,logistic_regression,504,428,0,0.4436844761316073,0,0.5
1,5,42,logistic_regression,516,174,0,0.39963391920838,0,0.5
1,5,42,logistic_regression,520,53,0,0.40551406588872996,0,0.5
1,5,42,logistic_regression,524,628,0,0.5313671861596668,1,0.5
1,5,42,logistic_regression,528,547,0,0.19407131125731458,0,0.5
1,5,42,logistic_regression,537,365,0,0.46115252439227516,0,0.5
1,5,42,logistic_regression,542,146,0,0.1656832432327871,0,0.5
1,5,42,logistic_regression,551,639,0,0.19875737965633938,0,0.5
1,5,42,logistic_regression,552,105,0,0.3241584655590852,0,0.5
1,5,42,logistic_regression,567,383,0,0.5639885037225523,1,0.5
1,5,42,logistic_regression,571,257,0,0.4359588798647338,0,0.5
1,5,42,logistic_regression,575,54,0,0.41303044702643155,0,0.5
1,5,42,logistic_regression,581,59,0,0.42218391538140465,0,0.5
1,5,42,logistic_regression,586,150,0,0.17823618490309445,0,0.5
1,5,42,logistic_regression,591,244,0,0.380081671600211,0,0.5
1,5,42,logistic_regression,597,133,0,0.8872607355016437,1,0.5
1,5,42,logistic_regression,598,54,1,0.41303044702643155,0,0.5
1,5,42,logistic_regression,606,539,0,0.47227673414718907,0,0.5
1,5,42,logistic_regression,607,566,0,0.2080804762480813,0,0.5
1,5,42,logistic_regression,611,311,0,0.43621442367978014,0,0.5
1,5,42,logistic_regression,614,341,1,0.6708610608793703,1,0.5
1,5,42,logistic_regression,621,582,0,0.4866274586315406,0,0.5
1,5,42,logistic_regression,627,280,0,0.4570068751402558,0,0.5
1,5,42,logistic_regression,633,261,0,0.1790837739282047,0,0.5
1,5,42,logistic_regression,635,714,0,0.4769139333615883,0,0.5
1,5,42,logistic_regression,636,741,0,0.5251895879504503,1,0.5
1,5,42,logistic_regression,639,52,0,0.40888194151357404,0,0.5
1,5,42,logistic_regression,640,625,0,0.5416969512096809,1,0.5
1,5,42,logistic_regression,644,285,0,0.490516440772093,0,0.5
1,5,42,logistic_regression,647,277,0,0.4396013533697616,0,0.5
1,5,42,logistic_regression,648,95,0,0.9514761960056172,1,0.5
1,5,42,logistic_regression,651,788,0,0.7021764666002387,1,0.5
1,5,42,logistic_regression,658,85,0,0.40657365295780995,0,0.5
1,5,42,logistic_regression,660,33,0,0.40782047290902884,0,0.5
1,5,42,logistic_regression,662,502,0,0.4047043612310769,0,0.5
1,5,42,logistic_regression,663,310,0,0.4675786031673213,0,0.5
1,5,42,logistic_regression,677,814,0,0.4203496557417052,0,0.5
1,5,42,logistic_regression,679,822,0,0.5938100125274778,1,0.5
1,5,42,logistic_regression,689,340,0,0.6122482009895324,1,0.5
1,5,42,logistic_regression,691,420,0,0.8308646965489904,1,0.5
1,5,42,logistic_regression,698,473,0,0.6090865024854172,1,0.5
1,5,42,logistic_regression,709,374,0,0.5069222489221797,1,0.5
1,5,42,logistic_regression,711,128,0,0.4014206680591701,0,0.5
1,5,42,logistic_regression,724,554,0,0.444534879296188,0,0.5
1,5,42,logistic_regression,727,589,0,0.5442265219839264,1,0.5
1,5,42,logistic_regression,740,768,0,0.5684669873546747,1,0.5
1,5,42,logistic_regression,742,156,0,0.628093766936859,1,0.5
1,5,42,logistic_regression,752,676,0,0.4182432558447328,0,0.5
1,5,42,logistic_regression,761,607,0,0.20714052363497581,0,0.5
1,5,42,logistic_regression,762,139,0,0.16931143397989964,0,0.5
1,5,42,logistic_regression,771,661,0,0.19814312171686294,0,0.5
1,5,42,logistic_regression,773,23,0,0.31003439607459726,0,0.5
1,5,42,logistic_regression,782,528,0,0.44227699109800717,0,0.5
1,5,42,logistic_regression,789,164,0,0.6698649513273349,1,0.5
1,5,42,logistic_regression,795,690,0,0.6743769510433164,1,0.5
1,5,42,logistic_regression,796,605,0,0.47116821576121765,0,0.5
1,5,42,logistic_regression,800,302,0,0.4660861614265683,0,0.5
1,5,42,logistic_regression,803,106,0,0.42026993368259535,0,0.5
1,5,42,logistic_regression,815,549,0,0.610409584446398,1,0.5
1,5,42,logistic_regression,823,644,0,0.42717348014167333,0,0.5
1,5,42,logistic_regression,830,699,0,0.4856835644200255,0,0.5
1,5,42,logistic_regression,832,561,0,0.4011476669257446,0,0.5
1,5,42,logistic_regression,833,659,0,0.26724591142275633,0,0.5
1,5,42,logistic_regression,834,569,0,0.4056739759216538,0,0.5
1,5,42,logistic_regression,835,332,0,0.4011063857314917,0,0.5
1,5,42,logistic_regression,842,722,0,0.4964632618037413,0,0.5
1,5,42,logistic_regression,851,298,0,0.43703953551058866,0,0.5
1,5,42,logistic_regression,854,616,0,0.5145631069306027,1,0.5
1,5,42,logistic_regression,855,377,0,0.3805409862918724,0,0.5
1,5,42,xgboost,6,823,1,0.5597547888755798,1,0.5
1,5,42,xgboost,7,413,0,0.13698990643024445,0,0.5
1,5,42,xgboost,34,749,0,0.23803192377090454,0,0.5
1,5,42,xgboost,38,758,0,0.19848841428756714,0,0.5
1,5,42,xgboost,40,746,0,0.33412936329841614,0,0.5
1,5,42,xgboost,64,750,1,0.4944944679737091,0,0.5
1,5,42,xgboost,67,728,0,0.24172723293304443,0,0.5
1,5,42,xgboost,69,705,0,0.20950280129909515,0,0.5
1,5,42,xgboost,73,685,0,0.2576029598712921,0,0.5
1,5,42,xgboost,77,646,0,0.06481006741523743,0,0.5
1,5,42,xgboost,78,693,0,0.19990038871765137,0,0.5
1,5,42,xgboost,82,615,0,0.4645709991455078,0,0.5
1,5,42,xgboost,83,621,0,0.37896034121513367,0,0.5
1,5,42,xgboost,89,632,0,0.482560396194458,0,0.5
1,5,42,xgboost,95,604,0,0.10495048016309738,0,0.5
1,5,42,xgboost,96,701,1,0.259651780128479,0,0.5
1,5,42,xgboost,102,599,0,0.10641475766897202,0,0.5
1,5,42,xgboost,109,612,0,0.07302152365446091,0,0.5
1,5,42,xgboost,113,328,0,0.10445012897253036,0,0.5
1,5,42,xgboost,117,570,0,0.08889979869127274,0,0.5
1,5,42,xgboost,118,560,0,0.6390224099159241,1,0.5
1,5,42,xgboost,119,498,0,0.3165401816368103,0,0.5
1,5,42,xgboost,129,557,0,0.10081128031015396,0,0.5
1,5,42,xgboost,133,651,0,0.36992260813713074,0,0.5
1,5,42,xgboost,136,586,0,0.19621756672859192,0,0.5
1,5,42,xgboost,138,517,0,0.09968670457601547,0,0.5
1,5,42,xgboost,140,553,0,0.1421077400445938,0,0.5
1,5,42,xgboost,141,194,0,0.07538702338933945,0,0.5
1,5,42,xgboost,145,595,0,0.09848561882972717,0,0.5
1,5,42,xgboost,146,576,0,0.4544846713542938,0,0.5
1,5,42,xgboost,149,594,0,0.04119051992893219,0,0.5
1,5,42,xgboost,152,438,0,0.31468313932418823,0,0.5
1,5,42,xgboost,159,463,0,0.3408519923686981,0,0.5
1,5,42,xgboost,162,481,0,0.21606215834617615,0,0.5
1,5,42,xgboost,166,515,0,0.3348744511604309,0,0.5
1,5,42,xgboost,167,461,0,0.7054896950721741,1,0.5
1,5,42,xgboost,170,434,0,0.6039762496948242,1,0.5
1,5,42,xgboost,175,412,0,0.556347131729126,1,0.5
1,5,42,xgboost,176,452,0,0.07334592193365097,0,0.5
1,5,42,xgboost,190,513,0,0.5667877197265625,1,0.5
1,5,42,xgboost,192,459,0,0.508571445941925,1,0.5
1,5,42,xgboost,195,429,0,0.18105493485927582,0,0.5
1,5,42,xgboost,197,442,0,0.5863901376724243,1,0.5
1,5,42,xgboost,202,454,0,0.41137436032295227,0,0.5
1,5,42,xgboost,205,388,1,0.39059874415397644,0,0.5
1,5,42,xgboost,207,437,0,0.36271795630455017,0,0.5
1,5,42,xgboost,211,453,0,0.08164402097463608,0,0.5
1,5,42,xgboost,217,408,0,0.2910688817501068,0,0.5
1,5,42,xgboost,219,324,0,0.1847476065158844,0,0.5
1,5,42,xgboost,220,406,0,0.07790827751159668,0,0.5
1,5,42,xgboost,227,394,0,0.5501071214675903,1,0.5
1,5,42,xgboost,233,345,0,0.24995875358581543,0,0.5
1,5,42,xgboost,234,406,0,0.07790827751159668,0,0.5
1,5,42,xgboost,240,334,0,0.34217560291290283,0,0.5
1,5,42,xgboost,243,402,0,0.059532586485147476,0,0.5
1,5,42,xgboost,246,487,0,0.3864328861236572,0,0.5
1,5,42,xgboost,257,273,1,0.6036880612373352,1,0.5
1,5,42,xgboost,269,410,0,0.494945764541626,0,0.5
1,5,42,xgboost,271,359,0,0.06802554428577423,0,0.5
1,5,42,xgboost,279,263,0,0.0905691534280777,0,0.5
1,5,42,xgboost,285,430,0,0.09443728625774384,0,0.5
1,5,42,xgboost,294,288,0,0.46187159419059753,0,0.5
1,5,42,xgboost,308,382,0,0.3640097379684448,0,0.5
1,5,42,xgboost,317,170,0,0.2814847230911255,0,0.5
1,5,42,xgboost,319,293,0,0.11000646650791168,0,0.5
1,5,42,xgboost,320,271,1,0.2578318417072296,0,0.5
1,5,42,xgboost,325,169,1,0.6386743783950806,1,0.5
1,5,42,xgboost,329,290,0,0.3121452033519745,0,0.5
1,5,42,xgboost,331,446,0,0.32560527324676514,0,0.5
1,5,42,xgboost,341,121,0,0.0734722763299942,0,0.5
1,5,42,xgboost,346,149,0,0.0889316126704216,0,0.5
1,5,42,xgboost,348,125,0,0.4827321767807007,0,0.5
1,5,42,xgboost,351,155,0,0.29670241475105286,0,0.5
1,5,42,xgboost,355,140,0,0.6386789083480835,1,0.5
1,5,42,xgboost,358,212,0,0.5427029728889465,1,0.5
1,5,42,xgboost,366,143,0,0.24712245166301727,0,0.5
1,5,42,xgboost,369,82,0,0.327361136674881,0,0.5
1,5,42,xgboost,373,312,0,0.4345022439956665,0,0.5
1,5,42,xgboost,381,145,0,0.060737960040569305,0,0.5
1,5,42,xgboost,383,134,1,0.2827896475791931,0,0.5
1,5,42,xgboost,395,82,0,0.327361136674881,0,0.5
1,5,42,xgboost,399,209,0,0.5789257884025574,1,0.5
1,5,42,xgboost,409,54,0,0.08995340764522552,0,0.5
1,5,42,xgboost,410,171,0,0.43866148591041565,0,0.5
1,5,42,xgboost,412,87,0,0.037549544125795364,0,0.5
1,5,42,xgboost,419,149,0,0.0889316126704216,0,0.5
1,5,42,xgboost,426,114,0,0.40114331245422363,0,0.5
1,5,42,xgboost,427,161,0,0.2911064326763153,0,0.5
1,5,42,xgboost,434,192,1,0.48047560453414917,0,0.5
1,5,42,xgboost,435,54,0,0.08995340764522552,0,0.5
1,5,42,xgboost,447,63,0,0.08760318160057068,0,0.5
1,5,42,xgboost,455,77,0,0.22706584632396698,0,0.5
1,5,42,xgboost,459,3,0,0.08653969317674637,0,0.5
1,5,42,xgboost,467,41,0,0.14289593696594238,0,0.5
1,5,42,xgboost,468,11,0,0.09728766977787018,0,0.5
1,5,42,xgboost,474,640,0,0.3099243640899658,0,0.5
1,5,42,xgboost,476,753,0,0.02383795753121376,0,0.5
1,5,42,xgboost,483,190,0,0.37100648880004883,0,0.5
1,5,42,xgboost,490,375,0,0.10680744796991348,0,0.5
1,5,42,xgboost,497,356,0,0.41482579708099365,0,0.5
1,5,42,xgboost,500,763,0,0.3621489703655243,0,0.5
1,5,42,xgboost,503,735,0,0.11566448211669922,0,0.5
1,5,42,xgboost,504,428,0,0.1647232472896576,0,0.5
1,5,42,xgboost,516,174,0,0.21852125227451324,0,0.5
1,5,42,xgboost,520,53,0,0.07641453295946121,0,0.5
1,5,42,xgboost,524,628,0,0.5941506624221802,1,0.5
1,5,42,xgboost,528,547,0,0.1216994971036911,0,0.5
1,5,42,xgboost,537,365,0,0.2813791036605835,0,0.5
1,5,42,xgboost,542,146,0,0.04983856528997421,0,0.5
1,5,42,xgboost,551,639,0,0.13997231423854828,0,0.5
1,5,42,xgboost,552,105,0,0.038645703345537186,0,0.5
1,5,42,xgboost,567,383,0,0.6214231252670288,1,0.5
1,5,42,xgboost,571,257,0,0.42638829350471497,0,0.5
1,5,42,xgboost,575,54,0,0.08995340764522552,0,0.5
1,5,42,xgboost,581,59,0,0.07946354895830154,0,0.5
1,5,42,xgboost,586,150,0,0.05868908762931824,0,0.5
1,5,42,xgboost,591,244,0,0.5024187564849854,1,0.5
1,5,42,xgboost,597,133,0,0.5551067590713501,1,0.5
1,5,42,xgboost,598,54,1,0.08995340764522552,0,0.5
1,5,42,xgboost,606,539,0,0.3201746940612793,0,0.5
1,5,42,xgboost,607,566,0,0.0533643402159214,0,0.5
1,5,42,xgboost,611,311,0,0.2910709083080292,0,0.5
1,5,42,xgboost,614,341,1,0.19361481070518494,0,0.5
1,5,42,xgboost,621,582,0,0.21319520473480225,0,0.5
1,5,42,xgboost,627,280,0,0.31628626585006714,0,0.5
1,5,42,xgboost,633,261,0,0.09369933605194092,0,0.5
1,5,42,xgboost,635,714,0,0.19514378905296326,0,0.5
1,5,42,xgboost,636,741,0,0.17050378024578094,0,0.5
1,5,42,xgboost,639,52,0,0.08653969317674637,0,0.5
1,5,42,xgboost,640,625,0,0.5605989098548889,1,0.5
1,5,42,xgboost,644,285,0,0.41337698698043823,0,0.5
1,5,42,xgboost,647,277,0,0.33983784914016724,0,0.5
1,5,42,xgboost,648,95,0,0.5777977108955383,1,0.5
1,5,42,xgboost,651,788,0,0.14835068583488464,0,0.5
1,5,42,xgboost,658,85,0,0.17142805457115173,0,0.5
1,5,42,xgboost,660,33,0,0.08653969317674637,0,0.5
1,5,42,xgboost,662,502,0,0.23929907381534576,0,0.5
1,5,42,xgboost,663,310,0,0.5238205194473267,1,0.5
1,5,42,xgboost,677,814,0,0.12751539051532745,0,0.5
1,5,42,xgboost,679,822,0,0.2603934109210968,0,0.5
1,5,42,xgboost,689,340,0,0.2141580879688263,0,0.5
1,5,42,xgboost,691,420,0,0.7041373252868652,1,0.5
1,5,42,xgboost,698,473,0,0.5221076011657715,1,0.5
1,5,42,xgboost,709,374,0,0.27423498034477234,0,0.5
1,5,42,xgboost,711,128,0,0.3007856607437134,0,0.5
1,5,42,xgboost,724,554,0,0.1915481835603714,0,0.5
1,5,42,xgboost,727,589,0,0.6258535981178284,1,0.5
1,5,42,xgboost,740,768,0,0.1365196853876114,0,0.5
1,5,42,xgboost,742,156,0,0.6204509139060974,1,0.5
1,5,42,xgboost,752,676,0,0.2081545889377594,0,0.5
1,5,42,xgboost,761,607,0,0.058885764330625534,0,0.5
1,5,42,xgboost,762,139,0,0.060811903327703476,0,0.5
1,5,42,xgboost,771,661,0,0.09527160972356796,0,0.5
1,5,42,xgboost,773,23,0,0.029976950958371162,0,0.5
1,5,42,xgboost,782,528,0,0.3279663920402527,0,0.5
1,5,42,xgboost,789,164,0,0.7357019186019897,1,0.5
1,5,42,xgboost,795,690,0,0.8405788540840149,1,0.5
1,5,42,xgboost,796,605,0,0.19885097444057465,0,0.5
1,5,42,xgboost,800,302,0,0.11460734158754349,0,0.5
1,5,42,xgboost,803,106,0,0.2958371043205261,0,0.5
1,5,42,xgboost,815,549,0,0.49680840969085693,0,0.5
1,5,42,xgboost,823,644,0,0.39104893803596497,0,0.5
1,5,42,xgboost,830,699,0,0.6141132116317749,1,0.5
1,5,42,xgboost,832,561,0,0.2886095643043518,0,0.5
1,5,42,xgboost,833,659,0,0.37819838523864746,0,0.5
1,5,42,xgboost,834,569,0,0.2767363488674164,0,0.5
1,5,42,xgboost,835,332,0,0.18148674070835114,0,0.5
1,5,42,xgboost,842,722,0,0.322823703289032,0,0.5
1,5,42,xgboost,851,298,0,0.2663589417934418,0,0.5
1,5,42,xgboost,854,616,0,0.24391938745975494,0,0.5
1,5,42,xgboost,855,377,0,0.2667025923728943,0,0.5
2,1,43,dummy_prior,0,109,0,0.0641399416909621,0,0.5
2,1,43,dummy_prior,1,7,0,0.0641399416909621,0,0.5
2,1,43,dummy_prior,3,825,0,0.0641399416909621,0,0.5
2,1,43,dummy_prior,5,796,0,0.0641399416909621,0,0.5
2,1,43,dummy_prior,8,809,0,0.0641399416909621,0,0.5
2,1,43,dummy_prior,14,798,0,0.0641399416909621,0,0.5
2,1,43,dummy_prior,28,742,0,0.0641399416909621,0,0.5
2,1,43,dummy_prior,31,771,0,0.0641399416909621,0,0.5
2,1,43,dummy_prior,34,749,0,0.0641399416909621,0,0.5
2,1,43,dummy_prior,36,760,0,0.0641399416909621,0,0.5
2,1,43,dummy_prior,39,719,0,0.0641399416909621,0,0.5
2,1,43,dummy_prior,42,724,0,0.0641399416909621,0,0.5
2,1,43,dummy_prior,53,695,0,0.0641399416909621,0,0.5
2,1,43,dummy_prior,58,683,0,0.0641399416909621,0,0.5
2,1,43,dummy_prior,65,736,0,0.0641399416909621,0,0.5
2,1,43,dummy_prior,68,696,0,0.0641399416909621,0,0.5
2,1,43,dummy_prior,72,664,0,0.0641399416909621,0,0.5
2,1,43,dummy_prior,78,693,0,0.0641399416909621,0,0.5
2,1,43,dummy_prior,81,593,0,0.0641399416909621,0,0.5
2,1,43,dummy_prior,85,657,0,0.0641399416909621,0,0.5
2,1,43,dummy_prior,87,703,0,0.0641399416909621,0,0.5
2,1,43,dummy_prior,96,701,1,0.0641399416909621,0,0.5
2,1,43,dummy_prior,99,641,0,0.0641399416909621,0,0.5
2,1,43,dummy_prior,112,573,0,0.0641399416909621,0,0.5
2,1,43,dummy_prior,113,328,0,0.0641399416909621,0,0.5
2,1,43,dummy_prior,118,560,0,0.0641399416909621,0,0.5
2,1,43,dummy_prior,122,592,0,0.0641399416909621,0,0.5
2,1,43,dummy_prior,145,595,0,0.0641399416909621,0,0.5
2,1,43,dummy_prior,149,594,0,0.0641399416909621,0,0.5
2,1,43,dummy_prior,150,489,0,0.0641399416909621,0,0.5
2,1,43,dummy_prior,152,438,0,0.0641399416909621,0,0.5
2,1,43,dummy_prior,153,423,0,0.0641399416909621,0,0.5
2,1,43,dummy_prior,155,507,0,0.0641399416909621,0,0.5
2,1,43,dummy_prior,163,509,1,0.0641399416909621,0,0.5
2,1,43,dummy_prior,164,546,0,0.0641399416909621,0,0.5
2,1,43,dummy_prior,166,515,0,0.0641399416909621,0,0.5
2,1,43,dummy_prior,170,434,0,0.0641399416909621,0,0.5
2,1,43,dummy_prior,171,418,0,0.0641399416909621,0,0.5
2,1,43,dummy_prior,177,468,0,0.0641399416909621,0,0.5
2,1,43,dummy_prior,183,491,0,0.0641399416909621,0,0.5
2,1,43,dummy_prior,186,404,0,0.0641399416909621,0,0.5
2,1,43,dummy_prior,189,380,0,0.0641399416909621,0,0.5
2,1,43,dummy_prior,198,447,0,0.0641399416909621,0,0.5
2,1,43,dummy_prior,204,222,0,0.0641399416909621,0,0.5
2,1,43,dummy_prior,206,496,0,0.0641399416909621,0,0.5
2,1,43,dummy_prior,208,470,0,0.0641399416909621,0,0.5
2,1,43,dummy_prior,211,453,0,0.0641399416909621,0,0.5
2,1,43,dummy_prior,214,550,1,0.0641399416909621,0,0.5
2,1,43,dummy_prior,217,408,0,0.0641399416909621,0,0.5
2,1,43,dummy_prior,219,324,0,0.0641399416909621,0,0.5
2,1,43,dummy_prior,229,466,0,0.0641399416909621,0,0.5
2,1,43,dummy_prior,245,253,0,0.0641399416909621,0,0.5
2,1,43,dummy_prior,247,292,0,0.0641399416909621,0,0.5
2,1,43,dummy_prior,253,279,0,0.0641399416909621,0,0.5
2,1,43,dummy_prior,256,366,0,0.0641399416909621,0,0.5
2,1,43,dummy_prior,258,245,0,0.0641399416909621,0,0.5
2,1,43,dummy_prior,280,303,0,0.0641399416909621,0,0.5
2,1,43,dummy_prior,281,238,0,0.0641399416909621,0,0.5
2,1,43,dummy_prior,286,240,0,0.0641399416909621,0,0.5
2,1,43,dummy_prior,294,288,0,0.0641399416909621,0,0.5
2,1,43,dummy_prior,296,358,0,0.0641399416909621,0,0.5
2,1,43,dummy_prior,302,323,0,0.0641399416909621,0,0.5
2,1,43,dummy_prior,304,331,0,0.0641399416909621,0,0.5
2,1,43,dummy_prior,307,287,0,0.0641399416909621,0,0.5
2,1,43,dummy_prior,308,382,0,0.0641399416909621,0,0.5
2,1,43,dummy_prior,313,370,0,0.0641399416909621,0,0.5
2,1,43,dummy_prior,319,293,0,0.0641399416909621,0,0.5
2,1,43,dummy_prior,321,269,0,0.0641399416909621,0,0.5
2,1,43,dummy_prior,322,180,0,0.0641399416909621,0,0.5
2,1,43,dummy_prior,331,446,0,0.0641399416909621,0,0.5
2,1,43,dummy_prior,332,583,0,0.0641399416909621,0,0.5
2,1,43,dummy_prior,335,525,1,0.0641399416909621,0,0.5
2,1,43,dummy_prior,341,121,0,0.0641399416909621,0,0.5
2,1,43,dummy_prior,342,228,0,0.0641399416909621,0,0.5
2,1,43,dummy_prior,346,149,0,0.0641399416909621,0,0.5
2,1,43,dummy_prior,354,811,0,0.0641399416909621,0,0.5
2,1,43,dummy_prior,358,212,0,0.0641399416909621,0,0.5
2,1,43,dummy_prior,359,733,0,0.0641399416909621,0,0.5
2,1,43,dummy_prior,363,72,0,0.0641399416909621,0,0.5
2,1,43,dummy_prior,366,143,0,0.0641399416909621,0,0.5
2,1,43,dummy_prior,381,145,0,0.0641399416909621,0,0.5
2,1,43,dummy_prior,384,78,0,0.0641399416909621,0,0.5
2,1,43,dummy_prior,400,55,0,0.0641399416909621,0,0.5
2,1,43,dummy_prior,403,64,0,0.0641399416909621,0,0.5
2,1,43,dummy_prior,419,149,0,0.0641399416909621,0,0.5
2,1,43,dummy_prior,420,97,0,0.0641399416909621,0,0.5
2,1,43,dummy_prior,421,433,1,0.0641399416909621,0,0.5
2,1,43,dummy_prior,427,161,0,0.0641399416909621,0,0.5
2,1,43,dummy_prior,430,153,0,0.0641399416909621,0,0.5
2,1,43,dummy_prior,438,195,0,0.0641399416909621,0,0.5
2,1,43,dummy_prior,440,7,0,0.0641399416909621,0,0.5
2,1,43,dummy_prior,445,36,0,0.0641399416909621,0,0.5
2,1,43,dummy_prior,446,107,0,0.0641399416909621,0,0.5
2,1,43,dummy_prior,447,63,0,0.0641399416909621,0,0.5
2,1,43,dummy_prior,451,32,0,0.0641399416909621,0,0.5
2,1,43,dummy_prior,454,7,0,0.0641399416909621,0,0.5
2,1,43,dummy_prior,464,25,0,0.0641399416909621,0,0.5
2,1,43,dummy_prior,466,7,0,0.0641399416909621,0,0.5
2,1,43,dummy_prior,467,41,0,0.0641399416909621,0,0.5
2,1,43,dummy_prior,475,154,0,0.0641399416909621,0,0.5
2,1,43,dummy_prior,476,753,0,0.0641399416909621,0,0.5
2,1,43,dummy_prior,477,751,0,0.0641399416909621,0,0.5
2,1,43,dummy_prior,478,534,0,0.0641399416909621,0,0.5
2,1,43,dummy_prior,482,757,0,0.0641399416909621,0,0.5
2,1,43,dummy_prior,486,496,0,0.0641399416909621,0,0.5
2,1,43,dummy_prior,505,306,0,0.0641399416909621,0,0.5
2,1,43,dummy_prior,506,711,0,0.0641399416909621,0,0.5
2,1,43,dummy_prior,522,37,0,0.0641399416909621,0,0.5
2,1,43,dummy_prior,532,364,0,0.0641399416909621,0,0.5
2,1,43,dummy_prior,534,93,0,0.0641399416909621,0,0.5
2,1,43,dummy_prior,538,361,0,0.0641399416909621,0,0.5
2,1,43,dummy_prior,539,76,1,0.0641399416909621,0,0.5
2,1,43,dummy_prior,543,40,0,0.0641399416909621,0,0.5
2,1,43,dummy_prior,549,662,1,0.0641399416909621,0,0.5
2,1,43,dummy_prior,557,458,0,0.0641399416909621,0,0.5
2,1,43,dummy_prior,558,255,0,0.0641399416909621,0,0.5
2,1,43,dummy_prior,572,373,0,0.0641399416909621,0,0.5
2,1,43,dummy_prior,577,196,0,0.0641399416909621,0,0.5
2,1,43,dummy_prior,580,55,0,0.0641399416909621,0,0.5
2,1,43,dummy_prior,586,150,0,0.0641399416909621,0,0.5
2,1,43,dummy_prior,601,504,0,0.0641399416909621,0,0.5
2,1,43,dummy_prior,610,230,1,0.0641399416909621,0,0.5
2,1,43,dummy_prior,611,311,0,0.0641399416909621,0,0.5
2,1,43,dummy_prior,612,225,0,0.0641399416909621,0,0.5
2,1,43,dummy_prior,616,376,0,0.0641399416909621,0,0.5
2,1,43,dummy_prior,617,157,0,0.0641399416909621,0,0.5
2,1,43,dummy_prior,622,710,0,0.0641399416909621,0,0.5
2,1,43,dummy_prior,628,779,0,0.0641399416909621,0,0.5
2,1,43,dummy_prior,639,52,0,0.0641399416909621,0,0.5
2,1,43,dummy_prior,641,761,0,0.0641399416909621,0,0.5
2,1,43,dummy_prior,645,471,0,0.0641399416909621,0,0.5
2,1,43,dummy_prior,650,421,0,0.0641399416909621,0,0.5
2,1,43,dummy_prior,657,260,0,0.0641399416909621,0,0.5
2,1,43,dummy_prior,660,33,0,0.0641399416909621,0,0.5
2,1,43,dummy_prior,666,67,0,0.0641399416909621,0,0.5
2,1,43,dummy_prior,671,824,1,0.0641399416909621,0,0.5
2,1,43,dummy_prior,675,808,0,0.0641399416909621,0,0.5
2,1,43,dummy_prior,684,815,0,0.0641399416909621,0,0.5
2,1,43,dummy_prior,689,340,0,0.0641399416909621,0,0.5
2,1,43,dummy_prior,699,111,0,0.0641399416909621,0,0.5
2,1,43,dummy_prior,701,524,0,0.0641399416909621,0,0.5
2,1,43,dummy_prior,704,781,0,0.0641399416909621,0,0.5
2,1,43,dummy_prior,711,128,0,0.0641399416909621,0,0.5
2,1,43,dummy_prior,726,530,0,0.0641399416909621,0,0.5
2,1,43,dummy_prior,728,623,0,0.0641399416909621,0,0.5
2,1,43,dummy_prior,730,775,0,0.0641399416909621,0,0.5
2,1,43,dummy_prior,741,129,0,0.0641399416909621,0,0.5
2,1,43,dummy_prior,744,66,0,0.0641399416909621,0,0.5
2,1,43,dummy_prior,752,676,0,0.0641399416909621,0,0.5
2,1,43,dummy_prior,753,166,1,0.0641399416909621,0,0.5
2,1,43,dummy_prior,754,508,1,0.0641399416909621,0,0.5
2,1,43,dummy_prior,755,563,0,0.0641399416909621,0,0.5
2,1,43,dummy_prior,761,607,0,0.0641399416909621,0,0.5
2,1,43,dummy_prior,765,398,0,0.0641399416909621,0,0.5
2,1,43,dummy_prior,770,357,0,0.0641399416909621,0,0.5
2,1,43,dummy_prior,771,661,0,0.0641399416909621,0,0.5
2,1,43,dummy_prior,779,656,0,0.0641399416909621,0,0.5
2,1,43,dummy_prior,789,164,0,0.0641399416909621,0,0.5
2,1,43,dummy_prior,790,350,0,0.0641399416909621,0,0.5
2,1,43,dummy_prior,796,605,0,0.0641399416909621,0,0.5
2,1,43,dummy_prior,800,302,0,0.0641399416909621,0,0.5
2,1,43,dummy_prior,801,691,0,0.0641399416909621,0,0.5
2,1,43,dummy_prior,804,543,0,0.0641399416909621,0,0.5
2,1,43,dummy_prior,805,668,0,0.0641399416909621,0,0.5
2,1,43,dummy_prior,809,519,0,0.0641399416909621,0,0.5
2,1,43,dummy_prior,810,116,0,0.0641399416909621,0,0.5
2,1,43,dummy_prior,818,700,0,0.0641399416909621,0,0.5
2,1,43,dummy_prior,828,634,0,0.0641399416909621,0,0.5
2,1,43,dummy_prior,833,659,0,0.0641399416909621,0,0.5
2,1,43,dummy_prior,836,743,0,0.0641399416909621,0,0.5
2,1,43,dummy_prior,843,567,0,0.0641399416909621,0,0.5
2,1,43,dummy_prior,856,635,0,0.0641399416909621,0,0.5
2,1,43,logistic_regression,0,109,0,0.4411895454850143,0,0.5
2,1,43,logistic_regression,1,7,0,0.42835136685676783,0,0.5
2,1,43,logistic_regression,3,825,0,0.5619397736846358,1,0.5
2,1,43,logistic_regression,5,796,0,0.4610056955780998,0,0.5
2,1,43,logistic_regression,8,809,0,0.44840028213785216,0,0.5
2,1,43,logistic_regression,14,798,0,0.42570954890858304,0,0.5
2,1,43,logistic_regression,28,742,0,0.5004023055480706,1,0.5
2,1,43,logistic_regression,31,771,0,0.6553990852023525,1,0.5
2,1,43,logistic_regression,34,749,0,0.35607948920109833,0,0.5
2,1,43,logistic_regression,36,760,0,0.4649569936088671,0,0.5
2,1,43,logistic_regression,39,719,0,0.47776677354136227,0,0.5
2,1,43,logistic_regression,42,724,0,0.5734721850913379,1,0.5
2,1,43,logistic_regression,53,695,0,0.5433025952282685,1,0.5
2,1,43,logistic_regression,58,683,0,0.456692800951486,0,0.5
2,1,43,logistic_regression,65,736,0,0.46881961166897224,0,0.5
2,1,43,logistic_regression,68,696,0,0.6739711721399044,1,0.5
2,1,43,logistic_regression,72,664,0,0.459333183896319,0,0.5
2,1,43,logistic_regression,78,693,0,0.4643623781324488,0,0.5
2,1,43,logistic_regression,81,593,0,0.5340651909139578,1,0.5
2,1,43,logistic_regression,85,657,0,0.5011941994695108,1,0.5
2,1,43,logistic_regression,87,703,0,0.58161165309843,1,0.5
2,1,43,logistic_regression,96,701,1,0.767887055699563,1,0.5
2,1,43,logistic_regression,99,641,0,0.5618640644271833,1,0.5
2,1,43,logistic_regression,112,573,0,0.7876278194617985,1,0.5
2,1,43,logistic_regression,113,328,0,0.4794306932020824,0,0.5
2,1,43,logistic_regression,118,560,0,0.5785358070303159,1,0.5
2,1,43,logistic_regression,122,592,0,0.49469322462663357,0,0.5
2,1,43,logistic_regression,145,595,0,0.5353825880293676,1,0.5
2,1,43,logistic_regression,149,594,0,0.16642854735199966,0,0.5
2,1,43,logistic_regression,150,489,0,0.4837372081328914,0,0.5
2,1,43,logistic_regression,152,438,0,0.509118246933861,1,0.5
2,1,43,logistic_regression,153,423,0,0.5090083144427219,1,0.5
2,1,43,logistic_regression,155,507,0,0.607615048336945,1,0.5
2,1,43,logistic_regression,163,509,1,0.48671638095957265,0,0.5
2,1,43,logistic_regression,164,546,0,0.12742928455982355,0,0.5
2,1,43,logistic_regression,166,515,0,0.5292708759758908,1,0.5
2,1,43,logistic_regression,170,434,0,0.2956683894619194,0,0.5
2,1,43,logistic_regression,171,418,0,0.5176394893859918,1,0.5
2,1,43,logistic_regression,177,468,0,0.4635309099882424,0,0.5
2,1,43,logistic_regression,183,491,0,0.4401968648497676,0,0.5
2,1,43,logistic_regression,186,404,0,0.8664384162511166,1,0.5
2,1,43,logistic_regression,189,380,0,0.4492226756878926,0,0.5
2,1,43,logistic_regression,198,447,0,0.4376635414485029,0,0.5
2,1,43,logistic_regression,204,222,0,0.4339614785195772,0,0.5
2,1,43,logistic_regression,206,496,0,0.4611925032812964,0,0.5
2,1,43,logistic_regression,208,470,0,0.4636642369857949,0,0.5
2,1,43,logistic_regression,211,453,0,0.4445793648053397,0,0.5
2,1,43,logistic_regression,214,550,1,0.49108618021864797,0,0.5
2,1,43,logistic_regression,217,408,0,0.4894626736383347,0,0.5
2,1,43,logistic_regression,219,324,0,0.5220673454885152,1,0.5
2,1,43,logistic_regression,229,466,0,0.5149457988467078,1,0.5
2,1,43,logistic_regression,245,253,0,0.454930654613053,0,0.5
2,1,43,logistic_regression,247,292,0,0.44905413713769743,0,0.5
2,1,43,logistic_regression,253,279,0,0.4335789430791536,0,0.5
2,1,43,logistic_regression,256,366,0,0.17055291508287898,0,0.5
2,1,43,logistic_regression,258,245,0,0.45847704342341083,0,0.5
2,1,43,logistic_regression,280,303,0,0.4372431383342127,0,0.5
2,1,43,logistic_regression,281,238,0,0.16848311390437745,0,0.5
2,1,43,logistic_regression,286,240,0,0.4414355733159368,0,0.5
2,1,43,logistic_regression,294,288,0,0.43490082416476117,0,0.5
2,1,43,logistic_regression,296,358,0,0.4443243031385504,0,0.5
2,1,43,logistic_regression,302,323,0,0.5542538768294891,1,0.5
2,1,43,logistic_regression,304,331,0,0.12497784660799845,0,0.5
2,1,43,logistic_regression,307,287,0,0.16504386679085534,0,0.5
2,1,43,logistic_regression,308,382,0,0.5019372194988214,1,0.5
2,1,43,logistic_regression,313,370,0,0.46254226800811316,0,0.5
2,1,43,logistic_regression,319,293,0,0.16389999230440216,0,0.5
2,1,43,logistic_regression,321,269,0,0.16659313858980151,0,0.5
2,1,43,logistic_regression,322,180,0,0.452502598524592,0,0.5
2,1,43,logistic_regression,331,446,0,0.4648186114313556,0,0.5
2,1,43,logistic_regression,332,583,0,0.4518317263430296,0,0.5
2,1,43,logistic_regression,335,525,1,0.4386173247083962,0,0.5
2,1,43,logistic_regression,341,121,0,0.16252285312386222,0,0.5
2,1,43,logistic_regression,342,228,0,0.4496588558823159,0,0.5
2,1,43,logistic_regression,346,149,0,0.16744751969059862,0,0.5
2,1,43,logistic_regression,354,811,0,0.45326336062453926,0,0.5
2,1,43,logistic_regression,358,212,0,0.46435411544842464,0,0.5
2,1,43,logistic_regression,359,733,0,0.5001113435555288,1,0.5
2,1,43,logistic_regression,363,72,0,0.4412563538237271,0,0.5
2,1,43,logistic_regression,366,143,0,0.44771736001317297,0,0.5
2,1,43,logistic_regression,381,145,0,0.16448042328312124,0,0.5
2,1,43,logistic_regression,384,78,0,0.6872471267525325,1,0.5
2,1,43,logistic_regression,400,55,0,0.44357689475035383,0,0.5
2,1,43,logistic_regression,403,64,0,0.4370476180252303,0,0.5
2,1,43,logistic_regression,419,149,0,0.16744751969059862,0,0.5
2,1,43,logistic_regression,420,97,0,0.44444831299896415,0,0.5
2,1,43,logistic_regression,421,433,1,0.4726664593435461,0,0.5
2,1,43,logistic_regression,427,161,0,0.4864361535652048,0,0.5
2,1,43,logistic_regression,430,153,0,0.45294193362483826,0,0.5
2,1,43,logistic_regression,438,195,0,0.43861757968552245,0,0.5
2,1,43,logistic_regression,440,7,0,0.42835136685676783,0,0.5
2,1,43,logistic_regression,445,36,0,0.1625505151182365,0,0.5
2,1,43,logistic_regression,446,107,0,0.49500800610447904,0,0.5
2,1,43,logistic_regression,447,63,0,0.4366063924871433,0,0.5
2,1,43,logistic_regression,451,32,0,0.6437676872191174,1,0.5
2,1,43,logistic_regression,454,7,0,0.42835136685676783,0,0.5
2,1,43,logistic_regression,464,25,0,0.43360864209698635,0,0.5
2,1,43,logistic_regression,466,7,0,0.42835136685676783,0,0.5
2,1,43,logistic_regression,467,41,0,0.5381903828549558,1,0.5
2,1,43,logistic_regression,475,154,0,0.480615593125472,0,0.5
2,1,43,logistic_regression,476,753,0,0.1743044451349139,0,0.5
2,1,43,logistic_regression,477,751,0,0.45229525270633847,0,0.5
2,1,43,logistic_regression,478,534,0,0.478044613252881,0,0.5
2,1,43,logistic_regression,482,757,0,0.5599321836012064,1,0.5
2,1,43,logistic_regression,486,496,0,0.4611925032812964,0,0.5
2,1,43,logistic_regression,505,306,0,0.1638188204295949,0,0.5
2,1,43,logistic_regression,506,711,0,0.5000956479052338,1,0.5
2,1,43,logistic_regression,522,37,0,0.4640597381788613,0,0.5
2,1,43,logistic_regression,532,364,0,0.47454717467629176,0,0.5
2,1,43,logistic_regression,534,93,0,0.4420327839099826,0,0.5
2,1,43,logistic_regression,538,361,0,0.45008143783949295,0,0.5
2,1,43,logistic_regression,539,76,1,0.7172019378795019,1,0.5
2,1,43,logistic_regression,543,40,0,0.45074695361340217,0,0.5
2,1,43,logistic_regression,549,662,1,0.5488843150294196,1,0.5
2,1,43,logistic_regression,557,458,0,0.44768791872026303,0,0.5
2,1,43,logistic_regression,558,255,0,0.4382427679133642,0,0.5
2,1,43,logistic_regression,572,373,0,0.5772157390512098,1,0.5
2,1,43,logistic_regression,577,196,0,0.4425747390962112,0,0.5
2,1,43,logistic_regression,580,55,0,0.44357689475035383,0,0.5
2,1,43,logistic_regression,586,150,0,0.2094644108645019,0,0.5
2,1,43,logistic_regression,601,504,0,0.5222656595578188,1,0.5
2,1,43,logistic_regression,610,230,1,0.4494516621398375,0,0.5
2,1,43,logistic_regression,611,311,0,0.4410602454197711,0,0.5
2,1,43,logistic_regression,612,225,0,0.47468446400447795,0,0.5
2,1,43,logistic_regression,616,376,0,0.5588654576811535,1,0.5
2,1,43,logistic_regression,617,157,0,0.3660603037745705,0,0.5
2,1,43,logistic_regression,622,710,0,0.45314054462399866,0,0.5
2,1,43,logistic_regression,628,779,0,0.6762772861192765,1,0.5
2,1,43,logistic_regression,639,52,0,0.43338379944841665,0,0.5
2,1,43,logistic_regression,641,761,0,0.49392078941416884,0,0.5
2,1,43,logistic_regression,645,471,0,0.5419051929874095,1,0.5
2,1,43,logistic_regression,650,421,0,0.6994073457066206,1,0.5
2,1,43,logistic_regression,657,260,0,0.5476736209249792,1,0.5
2,1,43,logistic_regression,660,33,0,0.43247419261453,0,0.5
2,1,43,logistic_regression,666,67,0,0.44912765354493295,0,0.5
2,1,43,logistic_regression,671,824,1,0.4112259071346992,0,0.5
2,1,43,logistic_regression,675,808,0,0.531876131101209,1,0.5
2,1,43,logistic_regression,684,815,0,0.44459932254997714,0,0.5
2,1,43,logistic_regression,689,340,0,0.5942693407323518,1,0.5
2,1,43,logistic_regression,699,111,0,0.6050108240055395,1,0.5
2,1,43,logistic_regression,701,524,0,0.26222976114217306,0,0.5
2,1,43,logistic_regression,704,781,0,0.6341673299852769,1,0.5
2,1,43,logistic_regression,711,128,0,0.4444394325911579,0,0.5
2,1,43,logistic_regression,726,530,0,0.5668540800642717,1,0.5
2,1,43,logistic_regression,728,623,0,0.5506700511793441,1,0.5
2,1,43,logistic_regression,730,775,0,0.6946688255641026,1,0.5
2,1,43,logistic_regression,741,129,0,0.1624422307716806,0,0.5
2,1,43,logistic_regression,744,66,0,0.6179107697171636,1,0.5
2,1,43,logistic_regression,752,676,0,0.37147853089744676,0,0.5
2,1,43,logistic_regression,753,166,1,0.6033868620184503,1,0.5
2,1,43,logistic_regression,754,508,1,0.44416966641934025,0,0.5
2,1,43,logistic_regression,755,563,0,0.5389155691592572,1,0.5
2,1,43,logistic_regression,761,607,0,0.13557095375009082,0,0.5
2,1,43,logistic_regression,765,398,0,0.48438789057137616,0,0.5
2,1,43,logistic_regression,770,357,0,0.5518654517252122,1,0.5
2,1,43,logistic_regression,771,661,0,0.16922614011777082,0,0.5
2,1,43,logistic_regression,779,656,0,0.5499815763313898,1,0.5
2,1,43,logistic_regression,789,164,0,0.6917674488940189,1,0.5
2,1,43,logistic_regression,790,350,0,0.4507937277528451,0,0.5
2,1,43,logistic_regression,796,605,0,0.470934373577522,0,0.5
2,1,43,logistic_regression,800,302,0,0.5159981399615396,1,0.5
2,1,43,logistic_regression,801,691,0,0.6349104255984235,1,0.5
2,1,43,logistic_regression,804,543,0,0.5697131296291681,1,0.5
2,1,43,logistic_regression,805,668,0,0.5498679092402255,1,0.5
2,1,43,logistic_regression,809,519,0,0.5813022211421592,1,0.5
2,1,43,logistic_regression,810,116,0,0.5834646139959077,1,0.5
2,1,43,logistic_regression,818,700,0,0.6232539302853021,1,0.5
2,1,43,logistic_regression,828,634,0,0.4536076395924486,0,0.5
2,1,43,logistic_regression,833,659,0,0.28110255888578356,0,0.5
2,1,43,logistic_regression,836,743,0,0.2961258912910561,0,0.5
2,1,43,logistic_regression,843,567,0,0.4728090200194923,0,0.5
2,1,43,logistic_regression,856,635,0,0.45683053616264246,0,0.5
2,1,43,xgboost,0,109,0,0.36323845386505127,0,0.5
2,1,43,xgboost,1,7,0,0.18089665472507477,0,0.5
2,1,43,xgboost,3,825,0,0.3763863742351532,0,0.5
2,1,43,xgboost,5,796,0,0.35106998682022095,0,0.5
2,1,43,xgboost,8,809,0,0.25965818762779236,0,0.5
2,1,43,xgboost,14,798,0,0.33055922389030457,0,0.5
2,1,43,xgboost,28,742,0,0.2786562144756317,0,0.5
2,1,43,xgboost,31,771,0,0.6783130764961243,1,0.5
2,1,43,xgboost,34,749,0,0.37470078468322754,0,0.5
2,1,43,xgboost,36,760,0,0.47028398513793945,0,0.5
2,1,43,xgboost,39,719,0,0.3394210636615753,0,0.5
2,1,43,xgboost,42,724,0,0.6817124485969543,1,0.5
2,1,43,xgboost,53,695,0,0.46098193526268005,0,0.5
2,1,43,xgboost,58,683,0,0.31387436389923096,0,0.5
2,1,43,xgboost,65,736,0,0.3596251606941223,0,0.5
2,1,43,xgboost,68,696,0,0.7292124629020691,1,0.5
2,1,43,xgboost,72,664,0,0.3912416696548462,0,0.5
2,1,43,xgboost,78,693,0,0.3415865898132324,0,0.5
2,1,43,xgboost,81,593,0,0.32288268208503723,0,0.5
2,1,43,xgboost,85,657,0,0.2668779194355011,0,0.5
2,1,43,xgboost,87,703,0,0.602179765701294,1,0.5
2,1,43,xgboost,96,701,1,0.4954853057861328,0,0.5
2,1,43,xgboost,99,641,0,0.5845335721969604,1,0.5
2,1,43,xgboost,112,573,0,0.4481732249259949,0,0.5
2,1,43,xgboost,113,328,0,0.2481292337179184,0,0.5
2,1,43,xgboost,118,560,0,0.5255799889564514,1,0.5
2,1,43,xgboost,122,592,0,0.213615283370018,0,0.5
2,1,43,xgboost,145,595,0,0.14565153419971466,0,0.5
2,1,43,xgboost,149,594,0,0.07917654514312744,0,0.5
2,1,43,xgboost,150,489,0,0.36680394411087036,0,0.5
2,1,43,xgboost,152,438,0,0.3067234456539154,0,0.5
2,1,43,xgboost,153,423,0,0.3555096387863159,0,0.5
2,1,43,xgboost,155,507,0,0.4191361963748932,0,0.5
2,1,43,xgboost,163,509,1,0.25883468985557556,0,0.5
2,1,43,xgboost,164,546,0,0.08638675510883331,0,0.5
2,1,43,xgboost,166,515,0,0.27984800934791565,0,0.5
2,1,43,xgboost,170,434,0,0.683739185333252,1,0.5
2,1,43,xgboost,171,418,0,0.33661314845085144,0,0.5
2,1,43,xgboost,177,468,0,0.3378603756427765,0,0.5
2,1,43,xgboost,183,491,0,0.4695015549659729,0,0.5
2,1,43,xgboost,186,404,0,0.6185927391052246,1,0.5
2,1,43,xgboost,189,380,0,0.285688191652298,0,0.5
2,1,43,xgboost,198,447,0,0.3473893404006958,0,0.5
2,1,43,xgboost,204,222,0,0.5213073492050171,1,0.5
2,1,43,xgboost,206,496,0,0.3439984917640686,0,0.5
2,1,43,xgboost,208,470,0,0.34891176223754883,0,0.5
2,1,43,xgboost,211,453,0,0.26522696018218994,0,0.5
2,1,43,xgboost,214,550,1,0.3392068147659302,0,0.5
2,1,43,xgboost,217,408,0,0.2774108052253723,0,0.5
2,1,43,xgboost,219,324,0,0.2564561665058136,0,0.5
2,1,43,xgboost,229,466,0,0.28105419874191284,0,0.5
2,1,43,xgboost,245,253,0,0.4597148299217224,0,0.5
2,1,43,xgboost,247,292,0,0.3914947807788849,0,0.5
2,1,43,xgboost,253,279,0,0.3268643915653229,0,0.5
2,1,43,xgboost,256,366,0,0.09051308780908585,0,0.5
2,1,43,xgboost,258,245,0,0.6367870569229126,1,0.5
2,1,43,xgboost,280,303,0,0.3567025065422058,0,0.5
2,1,43,xgboost,281,238,0,0.11351201683282852,0,0.5
2,1,43,xgboost,286,240,0,0.5787099003791809,1,0.5
2,1,43,xgboost,294,288,0,0.41365519165992737,0,0.5
2,1,43,xgboost,296,358,0,0.38158437609672546,0,0.5
2,1,43,xgboost,302,323,0,0.24520987272262573,0,0.5
2,1,43,xgboost,304,331,0,0.08199905604124069,0,0.5
2,1,43,xgboost,307,287,0,0.07574435323476791,0,0.5
2,1,43,xgboost,308,382,0,0.33037054538726807,0,0.5
2,1,43,xgboost,313,370,0,0.3396742641925812,0,0.5
2,1,43,xgboost,319,293,0,0.0817931592464447,0,0.5
2,1,43,xgboost,321,269,0,0.1039687991142273,0,0.5
2,1,43,xgboost,322,180,0,0.5714078545570374,1,0.5
2,1,43,xgboost,331,446,0,0.27512872219085693,0,0.5
2,1,43,xgboost,332,583,0,0.25998082756996155,0,0.5
2,1,43,xgboost,335,525,1,0.4608069062232971,0,0.5
2,1,43,xgboost,341,121,0,0.09678663313388824,0,0.5
2,1,43,xgboost,342,228,0,0.6123908162117004,1,0.5
2,1,43,xgboost,346,149,0,0.0790736973285675,0,0.5
2,1,43,xgboost,354,811,0,0.49427908658981323,0,0.5
2,1,43,xgboost,358,212,0,0.5218247771263123,1,0.5
2,1,43,xgboost,359,733,0,0.2569613754749298,0,0.5
2,1,43,xgboost,363,72,0,0.32649582624435425,0,0.5
2,1,43,xgboost,366,143,0,0.4669467508792877,0,0.5
2,1,43,xgboost,381,145,0,0.11192195862531662,0,0.5
2,1,43,xgboost,384,78,0,0.352550745010376,0,0.5
2,1,43,xgboost,400,55,0,0.3264915943145752,0,0.5
2,1,43,xgboost,403,64,0,0.3309294879436493,0,0.5
2,1,43,xgboost,419,149,0,0.0790736973285675,0,0.5
2,1,43,xgboost,420,97,0,0.3814103603363037,0,0.5
2,1,43,xgboost,421,433,1,0.3704514503479004,0,0.5
2,1,43,xgboost,427,161,0,0.3372552692890167,0,0.5
2,1,43,xgboost,430,153,0,0.508463978767395,1,0.5
2,1,43,xgboost,438,195,0,0.606517493724823,1,0.5
2,1,43,xgboost,440,7,0,0.18089665472507477,0,0.5
2,1,43,xgboost,445,36,0,0.07701576501131058,0,0.5
2,1,43,xgboost,446,107,0,0.3713824152946472,0,0.5
2,1,43,xgboost,447,63,0,0.2694796919822693,0,0.5
2,1,43,xgboost,451,32,0,0.2284640073776245,0,0.5
2,1,43,xgboost,454,7,0,0.18089665472507477,0,0.5
2,1,43,xgboost,464,25,0,0.20235392451286316,0,0.5
2,1,43,xgboost,466,7,0,0.18089665472507477,0,0.5
2,1,43,xgboost,467,41,0,0.22598806023597717,0,0.5
2,1,43,xgboost,475,154,0,0.39633554220199585,0,0.5
2,1,43,xgboost,476,753,0,0.0795883908867836,0,0.5
2,1,43,xgboost,477,751,0,0.48531103134155273,0,0.5
2,1,43,xgboost,478,534,0,0.2857820391654968,0,0.5
2,1,43,xgboost,482,757,0,0.3676614463329315,0,0.5
2,1,43,xgboost,486,496,0,0.3439984917640686,0,0.5
2,1,43,xgboost,505,306,0,0.09142018109560013,0,0.5
2,1,43,xgboost,506,711,0,0.6521334648132324,1,0.5
2,1,43,xgboost,522,37,0,0.25922852754592896,0,0.5
2,1,43,xgboost,532,364,0,0.2486933022737503,0,0.5
2,1,43,xgboost,534,93,0,0.35216841101646423,0,0.5
2,1,43,xgboost,538,361,0,0.4632081687450409,0,0.5
2,1,43,xgboost,539,76,1,0.3412887752056122,0,0.5
2,1,43,xgboost,543,40,0,0.2001987099647522,0,0.5
2,1,43,xgboost,549,662,1,0.5868942737579346,1,0.5
2,1,43,xgboost,557,458,0,0.4801833927631378,0,0.5
2,1,43,xgboost,558,255,0,0.4132923185825348,0,0.5
2,1,43,xgboost,572,373,0,0.22840441763401031,0,0.5
2,1,43,xgboost,577,196,0,0.3982253670692444,0,0.5
2,1,43,xgboost,580,55,0,0.3264915943145752,0,0.5
2,1,43,xgboost,586,150,0,0.07636307924985886,0,0.5
2,1,43,xgboost,601,504,0,0.3243553638458252,0,0.5
2,1,43,xgboost,610,230,1,0.6003268957138062,1,0.5
2,1,43,xgboost,611,311,0,0.33363068103790283,0,0.5
2,1,43,xgboost,612,225,0,0.5729580521583557,1,0.5
2,1,43,xgboost,616,376,0,0.31358057260513306,0,0.5
2,1,43,xgboost,617,157,0,0.49411267042160034,0,0.5
2,1,43,xgboost,622,710,0,0.49887779355049133,0,0.5
2,1,43,xgboost,628,779,0,0.47994527220726013,0,0.5
2,1,43,xgboost,639,52,0,0.2661268413066864,0,0.5
2,1,43,xgboost,641,761,0,0.4098387658596039,0,0.5
2,1,43,xgboost,645,471,0,0.5965833067893982,1,0.5
2,1,43,xgboost,650,421,0,0.4271154999732971,0,0.5
2,1,43,xgboost,657,260,0,0.5695733428001404,1,0.5
2,1,43,xgboost,660,33,0,0.21636806428432465,0,0.5
2,1,43,xgboost,666,67,0,0.3365015387535095,0,0.5
2,1,43,xgboost,671,824,1,0.3937219977378845,0,0.5
2,1,43,xgboost,675,808,0,0.3420776128768921,0,0.5
2,1,43,xgboost,684,815,0,0.22171667218208313,0,0.5
2,1,43,xgboost,689,340,0,0.33355826139450073,0,0.5
2,1,43,xgboost,699,111,0,0.42399606108665466,0,0.5
2,1,43,xgboost,701,524,0,0.10403192043304443,0,0.5
2,1,43,xgboost,704,781,0,0.5014522075653076,1,0.5
2,1,43,xgboost,711,128,0,0.4282307028770447,0,0.5
2,1,43,xgboost,726,530,0,0.5320553183555603,1,0.5
2,1,43,xgboost,728,623,0,0.21960267424583435,0,0.5
2,1,43,xgboost,730,775,0,0.7703670263290405,1,0.5
2,1,43,xgboost,741,129,0,0.080203577876091,0,0.5
2,1,43,xgboost,744,66,0,0.38727396726608276,0,0.5
2,1,43,xgboost,752,676,0,0.29766321182250977,0,0.5
2,1,43,xgboost,753,166,1,0.558924674987793,1,0.5
2,1,43,xgboost,754,508,1,0.473762571811676,0,0.5
2,1,43,xgboost,755,563,0,0.467358261346817,0,0.5
2,1,43,xgboost,761,607,0,0.08056281507015228,0,0.5
2,1,43,xgboost,765,398,0,0.3146041929721832,0,0.5
2,1,43,xgboost,770,357,0,0.2114672064781189,0,0.5
2,1,43,xgboost,771,661,0,0.10721853375434875,0,0.5
2,1,43,xgboost,779,656,0,0.4730870723724365,0,0.5
2,1,43,xgboost,789,164,0,0.7129803895950317,1,0.5
2,1,43,xgboost,790,350,0,0.47471246123313904,0,0.5
2,1,43,xgboost,796,605,0,0.20528168976306915,0,0.5
2,1,43,xgboost,800,302,0,0.2419310212135315,0,0.5
2,1,43,xgboost,801,691,0,0.6295233964920044,1,0.5
2,1,43,xgboost,804,543,0,0.536392867565155,1,0.5
2,1,43,xgboost,805,668,0,0.17814207077026367,0,0.5
2,1,43,xgboost,809,519,0,0.2946891784667969,0,0.5
2,1,43,xgboost,810,116,0,0.4437233805656433,0,0.5
2,1,43,xgboost,818,700,0,0.41802191734313965,0,0.5
2,1,43,xgboost,828,634,0,0.32529473304748535,0,0.5
2,1,43,xgboost,833,659,0,0.4033229649066925,0,0.5
2,1,43,xgboost,836,743,0,0.41602927446365356,0,0.5
2,1,43,xgboost,843,567,0,0.23457761108875275,0,0.5
2,1,43,xgboost,856,635,0,0.41058871150016785,0,0.5
2,2,43,dummy_prior,4,816,0,0.0641399416909621,0,0.5
2,2,43,dummy_prior,6,823,1,0.0641399416909621,0,0.5
2,2,43,dummy_prior,9,804,0,0.0641399416909621,0,0.5
2,2,43,dummy_prior,13,803,0,0.0641399416909621,0,0.5
2,2,43,dummy_prior,18,792,0,0.0641399416909621,0,0.5
2,2,43,dummy_prior,21,783,0,0.0641399416909621,0,0.5
2,2,43,dummy_prior,24,774,0,0.0641399416909621,0,0.5
2,2,43,dummy_prior,25,805,0,0.0641399416909621,0,0.5
2,2,43,dummy_prior,26,765,0,0.0641399416909621,0,0.5
2,2,43,dummy_prior,33,734,0,0.0641399416909621,0,0.5
2,2,43,dummy_prior,38,758,0,0.0641399416909621,0,0.5
2,2,43,dummy_prior,44,740,1,0.0641399416909621,0,0.5
2,2,43,dummy_prior,47,770,0,0.0641399416909621,0,0.5
2,2,43,dummy_prior,50,721,0,0.0641399416909621,0,0.5
2,2,43,dummy_prior,51,715,0,0.0641399416909621,0,0.5
2,2,43,dummy_prior,61,697,0,0.0641399416909621,0,0.5
2,2,43,dummy_prior,69,705,0,0.0641399416909621,0,0.5
2,2,43,dummy_prior,75,686,0,0.0641399416909621,0,0.5
2,2,43,dummy_prior,82,615,0,0.0641399416909621,0,0.5
2,2,43,dummy_prior,83,621,0,0.0641399416909621,0,0.5
2,2,43,dummy_prior,88,618,0,0.0641399416909621,0,0.5
2,2,43,dummy_prior,97,678,0,0.0641399416909621,0,0.5
2,2,43,dummy_prior,104,633,0,0.0641399416909621,0,0.5
2,2,43,dummy_prior,114,667,0,0.0641399416909621,0,0.5
2,2,43,dummy_prior,120,627,0,0.0641399416909621,0,0.5
2,2,43,dummy_prior,121,579,0,0.0641399416909621,0,0.5
2,2,43,dummy_prior,123,542,0,0.0641399416909621,0,0.5
2,2,43,dummy_prior,124,571,0,0.0641399416909621,0,0.5
2,2,43,dummy_prior,125,596,0,0.0641399416909621,0,0.5
2,2,43,dummy_prior,128,518,0,0.0641399416909621,0,0.5
2,2,43,dummy_prior,138,517,0,0.0641399416909621,0,0.5
2,2,43,dummy_prior,141,194,0,0.0641399416909621,0,0.5
2,2,43,dummy_prior,148,643,0,0.0641399416909621,0,0.5
2,2,43,dummy_prior,151,551,0,0.0641399416909621,0,0.5
2,2,43,dummy_prior,154,457,0,0.0641399416909621,0,0.5
2,2,43,dummy_prior,174,499,0,0.0641399416909621,0,0.5
2,2,43,dummy_prior,182,392,0,0.0641399416909621,0,0.5
2,2,43,dummy_prior,196,505,0,0.0641399416909621,0,0.5
2,2,43,dummy_prior,201,441,0,0.0641399416909621,0,0.5
2,2,43,dummy_prior,202,454,0,0.0641399416909621,0,0.5
2,2,43,dummy_prior,207,437,0,0.0641399416909621,0,0.5
2,2,43,dummy_prior,222,552,0,0.0641399416909621,0,0.5
2,2,43,dummy_prior,223,278,0,0.0641399416909621,0,0.5
2,2,43,dummy_prior,225,511,0,0.0641399416909621,0,0.5
2,2,43,dummy_prior,230,304,0,0.0641399416909621,0,0.5
2,2,43,dummy_prior,235,378,0,0.0641399416909621,0,0.5
2,2,43,dummy_prior,236,343,0,0.0641399416909621,0,0.5
2,2,43,dummy_prior,243,402,0,0.0641399416909621,0,0.5
2,2,43,dummy_prior,254,390,0,0.0641399416909621,0,0.5
2,2,43,dummy_prior,263,296,0,0.0641399416909621,0,0.5
2,2,43,dummy_prior,266,232,0,0.0641399416909621,0,0.5
2,2,43,dummy_prior,273,355,0,0.0641399416909621,0,0.5
2,2,43,dummy_prior,276,241,0,0.0641399416909621,0,0.5
2,2,43,dummy_prior,279,263,0,0.0641399416909621,0,0.5
2,2,43,dummy_prior,285,430,0,0.0641399416909621,0,0.5
2,2,43,dummy_prior,291,289,0,0.0641399416909621,0,0.5
2,2,43,dummy_prior,292,264,0,0.0641399416909621,0,0.5
2,2,43,dummy_prior,297,220,0,0.0641399416909621,0,0.5
2,2,43,dummy_prior,305,201,0,0.0641399416909621,0,0.5
2,2,43,dummy_prior,310,307,0,0.0641399416909621,0,0.5
2,2,43,dummy_prior,312,313,0,0.0641399416909621,0,0.5
2,2,43,dummy_prior,318,308,0,0.0641399416909621,0,0.5
2,2,43,dummy_prior,323,268,0,0.0641399416909621,0,0.5
2,2,43,dummy_prior,325,169,1,0.0641399416909621,0,0.5
2,2,43,dummy_prior,326,217,0,0.0641399416909621,0,0.5
2,2,43,dummy_prior,327,173,0,0.0641399416909621,0,0.5
2,2,43,dummy_prior,330,207,0,0.0641399416909621,0,0.5
2,2,43,dummy_prior,337,818,0,0.0641399416909621,0,0.5
2,2,43,dummy_prior,340,148,0,0.0641399416909621,0,0.5
2,2,43,dummy_prior,343,159,0,0.0641399416909621,0,0.5
2,2,43,dummy_prior,344,79,0,0.0641399416909621,0,0.5
2,2,43,dummy_prior,353,223,0,0.0641399416909621,0,0.5
2,2,43,dummy_prior,355,140,0,0.0641399416909621,0,0.5
2,2,43,dummy_prior,356,79,0,0.0641399416909621,0,0.5
2,2,43,dummy_prior,360,339,0,0.0641399416909621,0,0.5
2,2,43,dummy_prior,368,203,0,0.0641399416909621,0,0.5
2,2,43,dummy_prior,370,239,1,0.0641399416909621,0,0.5
2,2,43,dummy_prior,371,367,0,0.0641399416909621,0,0.5
2,2,43,dummy_prior,373,312,0,0.0641399416909621,0,0.5
2,2,43,dummy_prior,375,249,0,0.0641399416909621,0,0.5
2,2,43,dummy_prior,377,172,1,0.0641399416909621,0,0.5
2,2,43,dummy_prior,378,86,0,0.0641399416909621,0,0.5
2,2,43,dummy_prior,382,400,0,0.0641399416909621,0,0.5
2,2,43,dummy_prior,389,49,0,0.0641399416909621,0,0.5
2,2,43,dummy_prior,406,49,0,0.0641399416909621,0,0.5
2,2,43,dummy_prior,407,57,0,0.0641399416909621,0,0.5
2,2,43,dummy_prior,408,60,0,0.0641399416909621,0,0.5
2,2,43,dummy_prior,411,49,0,0.0641399416909621,0,0.5
2,2,43,dummy_prior,412,87,0,0.0641399416909621,0,0.5
2,2,43,dummy_prior,432,600,0,0.0641399416909621,0,0.5
2,2,43,dummy_prior,441,9,0,0.0641399416909621,0,0.5
2,2,43,dummy_prior,444,80,0,0.0641399416909621,0,0.5
2,2,43,dummy_prior,448,65,0,0.0641399416909621,0,0.5
2,2,43,dummy_prior,450,34,0,0.0641399416909621,0,0.5
2,2,43,dummy_prior,479,482,0,0.0641399416909621,0,0.5
2,2,43,dummy_prior,480,575,0,0.0641399416909621,0,0.5
2,2,43,dummy_prior,481,608,0,0.0641399416909621,0,0.5
2,2,43,dummy_prior,483,190,0,0.0641399416909621,0,0.5
2,2,43,dummy_prior,488,337,0,0.0641399416909621,0,0.5
2,2,43,dummy_prior,489,151,0,0.0641399416909621,0,0.5
2,2,43,dummy_prior,490,375,0,0.0641399416909621,0,0.5
2,2,43,dummy_prior,492,658,0,0.0641399416909621,0,0.5
2,2,43,dummy_prior,493,86,0,0.0641399416909621,0,0.5
2,2,43,dummy_prior,495,405,0,0.0641399416909621,0,0.5
2,2,43,dummy_prior,496,451,1,0.0641399416909621,0,0.5
2,2,43,dummy_prior,499,614,0,0.0641399416909621,0,0.5
2,2,43,dummy_prior,514,476,0,0.0641399416909621,0,0.5
2,2,43,dummy_prior,520,53,0,0.0641399416909621,0,0.5
2,2,43,dummy_prior,529,652,0,0.0641399416909621,0,0.5
2,2,43,dummy_prior,530,239,1,0.0641399416909621,0,0.5
2,2,43,dummy_prior,531,119,0,0.0641399416909621,0,0.5
2,2,43,dummy_prior,547,385,0,0.0641399416909621,0,0.5
2,2,43,dummy_prior,560,748,0,0.0641399416909621,0,0.5
2,2,43,dummy_prior,565,335,0,0.0641399416909621,0,0.5
2,2,43,dummy_prior,571,257,0,0.0641399416909621,0,0.5
2,2,43,dummy_prior,582,198,0,0.0641399416909621,0,0.5
2,2,43,dummy_prior,584,562,0,0.0641399416909621,0,0.5
2,2,43,dummy_prior,587,687,0,0.0641399416909621,0,0.5
2,2,43,dummy_prior,592,321,0,0.0641399416909621,0,0.5
2,2,43,dummy_prior,593,13,0,0.0641399416909621,0,0.5
2,2,43,dummy_prior,602,670,0,0.0641399416909621,0,0.5
2,2,43,dummy_prior,603,440,0,0.0641399416909621,0,0.5
2,2,43,dummy_prior,604,318,0,0.0641399416909621,0,0.5
2,2,43,dummy_prior,605,183,0,0.0641399416909621,0,0.5
2,2,43,dummy_prior,613,299,0,0.0641399416909621,0,0.5
2,2,43,dummy_prior,619,320,0,0.0641399416909621,0,0.5
2,2,43,dummy_prior,621,582,0,0.0641399416909621,0,0.5
2,2,43,dummy_prior,623,250,0,0.0641399416909621,0,0.5
2,2,43,dummy_prior,630,424,0,0.0641399416909621,0,0.5
2,2,43,dummy_prior,636,741,0,0.0641399416909621,0,0.5
2,2,43,dummy_prior,637,493,0,0.0641399416909621,0,0.5
2,2,43,dummy_prior,649,613,0,0.0641399416909621,0,0.5
2,2,43,dummy_prior,654,810,0,0.0641399416909621,0,0.5
2,2,43,dummy_prior,662,502,0,0.0641399416909621,0,0.5
2,2,43,dummy_prior,665,205,0,0.0641399416909621,0,0.5
2,2,43,dummy_prior,677,814,0,0.0641399416909621,0,0.5
2,2,43,dummy_prior,680,821,0,0.0641399416909621,0,0.5
2,2,43,dummy_prior,683,762,0,0.0641399416909621,0,0.5
2,2,43,dummy_prior,685,820,0,0.0641399416909621,0,0.5
2,2,43,dummy_prior,691,420,0,0.0641399416909621,0,0.5
2,2,43,dummy_prior,693,98,1,0.0641399416909621,0,0.5
2,2,43,dummy_prior,702,439,0,0.0641399416909621,0,0.5
2,2,43,dummy_prior,705,806,0,0.0641399416909621,0,0.5
2,2,43,dummy_prior,715,13,0,0.0641399416909621,0,0.5
2,2,43,dummy_prior,720,427,0,0.0641399416909621,0,0.5
2,2,43,dummy_prior,722,325,0,0.0641399416909621,0,0.5
2,2,43,dummy_prior,731,291,0,0.0641399416909621,0,0.5
2,2,43,dummy_prior,733,587,0,0.0641399416909621,0,0.5
2,2,43,dummy_prior,737,177,0,0.0641399416909621,0,0.5
2,2,43,dummy_prior,746,342,0,0.0641399416909621,0,0.5
2,2,43,dummy_prior,748,393,0,0.0641399416909621,0,0.5
2,2,43,dummy_prior,749,541,0,0.0641399416909621,0,0.5
2,2,43,dummy_prior,756,395,0,0.0641399416909621,0,0.5
2,2,43,dummy_prior,757,360,0,0.0641399416909621,0,0.5
2,2,43,dummy_prior,773,23,0,0.0641399416909621,0,0.5
2,2,43,dummy_prior,778,136,0,0.0641399416909621,0,0.5
2,2,43,dummy_prior,781,642,1,0.0641399416909621,0,0.5
2,2,43,dummy_prior,783,84,0,0.0641399416909621,0,0.5
2,2,43,dummy_prior,787,256,0,0.0641399416909621,0,0.5
2,2,43,dummy_prior,791,15,0,0.0641399416909621,0,0.5
2,2,43,dummy_prior,797,645,1,0.0641399416909621,0,0.5
2,2,43,dummy_prior,813,163,0,0.0641399416909621,0,0.5
2,2,43,dummy_prior,814,22,1,0.0641399416909621,0,0.5
2,2,43,dummy_prior,816,233,0,0.0641399416909621,0,0.5
2,2,43,dummy_prior,820,352,0,0.0641399416909621,0,0.5
2,2,43,dummy_prior,821,602,0,0.0641399416909621,0,0.5
2,2,43,dummy_prior,823,644,0,0.0641399416909621,0,0.5
2,2,43,dummy_prior,825,794,0,0.0641399416909621,0,0.5
2,2,43,dummy_prior,827,688,0,0.0641399416909621,0,0.5
2,2,43,dummy_prior,839,601,0,0.0641399416909621,0,0.5
2,2,43,dummy_prior,849,620,0,0.0641399416909621,0,0.5
2,2,43,dummy_prior,852,800,0,0.0641399416909621,0,0.5
2,2,43,logistic_regression,4,816,0,0.7052765812396045,1,0.5
2,2,43,logistic_regression,6,823,1,0.5643323041437678,1,0.5
2,2,43,logistic_regression,9,804,0,0.5059864106425425,1,0.5
2,2,43,logistic_regression,13,803,0,0.5624047415496296,1,0.5
2,2,43,logistic_regression,18,792,0,0.911736707915614,1,0.5
2,2,43,logistic_regression,21,783,0,0.5036780667565267,1,0.5
2,2,43,logistic_regression,24,774,0,0.513537296064298,1,0.5
2,2,43,logistic_regression,25,805,0,0.46607254899923656,0,0.5
2,2,43,logistic_regression,26,765,0,0.5306110819319565,1,0.5
2,2,43,logistic_regression,33,734,0,0.5283885107246714,1,0.5
2,2,43,logistic_regression,38,758,0,0.49526659567820625,0,0.5
2,2,43,logistic_regression,44,740,1,0.631609921142072,1,0.5
2,2,43,logistic_regression,47,770,0,0.5335005571092272,1,0.5
2,2,43,logistic_regression,50,721,0,0.5306409291918948,1,0.5
2,2,43,logistic_regression,51,715,0,0.44898186357685177,0,0.5
2,2,43,logistic_regression,61,697,0,0.5167627870569242,1,0.5
2,2,43,logistic_regression,69,705,0,0.47725724141474785,0,0.5
2,2,43,logistic_regression,75,686,0,0.495634711356269,0,0.5
2,2,43,logistic_regression,82,615,0,0.5390337150112007,1,0.5
2,2,43,logistic_regression,83,621,0,0.5708295287386796,1,0.5
2,2,43,logistic_regression,88,618,0,0.4803111222902813,0,0.5
2,2,43,logistic_regression,97,678,0,0.4892900899644575,0,0.5
2,2,43,logistic_regression,104,633,0,0.6062357697969052,1,0.5
2,2,43,logistic_regression,114,667,0,0.47910163020272356,0,0.5
2,2,43,logistic_regression,120,627,0,0.467618104005381,0,0.5
2,2,43,logistic_regression,121,579,0,0.5413181532201587,1,0.5
2,2,43,logistic_regression,123,542,0,0.8336315458295048,1,0.5
2,2,43,logistic_regression,124,571,0,0.6371649108608648,1,0.5
2,2,43,logistic_regression,125,596,0,0.4399942159317844,0,0.5
2,2,43,logistic_regression,128,518,0,0.46526714322096485,0,0.5
2,2,43,logistic_regression,138,517,0,0.4629887951468456,0,0.5
2,2,43,logistic_regression,141,194,0,0.14964587411456323,0,0.5
2,2,43,logistic_regression,148,643,0,0.4979236933098734,0,0.5
2,2,43,logistic_regression,151,551,0,0.45037393867099895,0,0.5
2,2,43,logistic_regression,154,457,0,0.5362439886359704,1,0.5
2,2,43,logistic_regression,174,499,0,0.43533375535522567,0,0.5
2,2,43,logistic_regression,182,392,0,0.2987880777704423,0,0.5
2,2,43,logistic_regression,196,505,0,0.4561064979530064,0,0.5
2,2,43,logistic_regression,201,441,0,0.4305747998715945,0,0.5
2,2,43,logistic_regression,202,454,0,0.5745614660467008,1,0.5
2,2,43,logistic_regression,207,437,0,0.461182221715439,0,0.5
2,2,43,logistic_regression,222,552,0,0.14297933551918007,0,0.5
2,2,43,logistic_regression,223,278,0,0.4329934762440558,0,0.5
2,2,43,logistic_regression,225,511,0,0.16189784287063827,0,0.5
2,2,43,logistic_regression,230,304,0,0.44557610337237946,0,0.5
2,2,43,logistic_regression,235,378,0,0.4415499662847255,0,0.5
2,2,43,logistic_regression,236,343,0,0.8391556897743345,1,0.5
2,2,43,logistic_regression,243,402,0,0.15388304711600165,0,0.5
2,2,43,logistic_regression,254,390,0,0.4344300457651957,0,0.5
2,2,43,logistic_regression,263,296,0,0.1586572111720857,0,0.5
2,2,43,logistic_regression,266,232,0,0.4470153779003492,0,0.5
2,2,43,logistic_regression,273,355,0,0.48994320967039096,0,0.5
2,2,43,logistic_regression,276,241,0,0.4885824483995048,0,0.5
2,2,43,logistic_regression,279,263,0,0.03255203948540407,0,0.5
2,2,43,logistic_regression,285,430,0,0.4822469464526222,0,0.5
2,2,43,logistic_regression,291,289,0,0.4562507305183494,0,0.5
2,2,43,logistic_regression,292,264,0,0.4479907263128626,0,0.5
2,2,43,logistic_regression,297,220,0,0.1286874485873603,0,0.5
2,2,43,logistic_regression,305,201,0,0.39546341110573535,0,0.5
2,2,43,logistic_regression,310,307,0,0.4418639453285388,0,0.5
2,2,43,logistic_regression,312,313,0,0.4185871470833286,0,0.5
2,2,43,logistic_regression,318,308,0,0.5196628595422192,1,0.5
2,2,43,logistic_regression,323,268,0,0.4073754220344638,0,0.5
2,2,43,logistic_regression,325,169,1,0.5623745173441733,1,0.5
2,2,43,logistic_regression,326,217,0,0.433970448574582,0,0.5
2,2,43,logistic_regression,327,173,0,0.4199250812753793,0,0.5
2,2,43,logistic_regression,330,207,0,0.14682406089130914,0,0.5
2,2,43,logistic_regression,337,818,0,0.602084440727501,1,0.5
2,2,43,logistic_regression,340,148,0,0.44180581926024887,0,0.5
2,2,43,logistic_regression,343,159,0,0.13205927546409257,0,0.5
2,2,43,logistic_regression,344,79,0,0.42120838974580765,0,0.5
2,2,43,logistic_regression,353,223,0,0.14893476316458956,0,0.5
2,2,43,logistic_regression,355,140,0,0.7576848052735514,1,0.5
2,2,43,logistic_regression,356,79,0,0.42120838974580765,0,0.5
2,2,43,logistic_regression,360,339,0,0.4910911879608923,0,0.5
2,2,43,logistic_regression,368,203,0,0.4122556559538284,0,0.5
2,2,43,logistic_regression,370,239,1,0.42172008622670487,0,0.5
2,2,43,logistic_regression,371,367,0,0.42138016546928353,0,0.5
2,2,43,logistic_regression,373,312,0,0.4515187188282559,0,0.5
2,2,43,logistic_regression,375,249,0,0.4587187049779882,0,0.5
2,2,43,logistic_regression,377,172,1,0.4225565724060093,0,0.5
2,2,43,logistic_regression,378,86,0,0.4168840872720508,0,0.5
2,2,43,logistic_regression,382,400,0,0.4302076779518239,0,0.5
2,2,43,logistic_regression,389,49,0,0.41968583207127624,0,0.5
2,2,43,logistic_regression,406,49,0,0.41968583207127624,0,0.5
2,2,43,logistic_regression,407,57,0,0.8331592187661547,1,0.5
2,2,43,logistic_regression,408,60,0,0.14809097833410487,0,0.5
2,2,43,logistic_regression,411,49,0,0.41968583207127624,0,0.5
2,2,43,logistic_regression,412,87,0,0.14456042546554831,0,0.5
2,2,43,logistic_regression,432,600,0,0.5073127364031029,1,0.5
2,2,43,logistic_regression,441,9,0,0.41219925565681487,0,0.5
2,2,43,logistic_regression,444,80,0,0.4258603174230232,0,0.5
2,2,43,logistic_regression,448,65,0,0.3079477737794989,0,0.5
2,2,43,logistic_regression,450,34,0,0.43171460089107333,0,0.5
2,2,43,logistic_regression,479,482,0,0.4705218234886977,0,0.5
2,2,43,logistic_regression,480,575,0,0.14673182871603152,0,0.5
2,2,43,logistic_regression,481,608,0,0.3975289957367595,0,0.5
2,2,43,logistic_regression,483,190,0,0.4932174359323558,0,0.5
2,2,43,logistic_regression,488,337,0,0.5296889422406934,1,0.5
2,2,43,logistic_regression,489,151,0,0.14865359416467935,0,0.5
2,2,43,logistic_regression,490,375,0,0.49187299786959787,0,0.5
2,2,43,logistic_regression,492,658,0,0.5146715916435206,1,0.5
2,2,43,logistic_regression,493,86,0,0.4168840872720508,0,0.5
2,2,43,logistic_regression,495,405,0,0.13245665613185786,0,0.5
2,2,43,logistic_regression,496,451,1,0.4638760423400175,0,0.5
2,2,43,logistic_regression,499,614,0,0.4842859642673443,0,0.5
2,2,43,logistic_regression,514,476,0,0.461264981168135,0,0.5
2,2,43,logistic_regression,520,53,0,0.43806465165300285,0,0.5
2,2,43,logistic_regression,529,652,0,0.5383496680798939,1,0.5
2,2,43,logistic_regression,530,239,1,0.42172008622670487,0,0.5
2,2,43,logistic_regression,531,119,0,0.47762030399556177,0,0.5
2,2,43,logistic_regression,547,385,0,0.15012502095900504,0,0.5
2,2,43,logistic_regression,560,748,0,0.5804593634814581,1,0.5
2,2,43,logistic_regression,565,335,0,0.43037426489424274,0,0.5
2,2,43,logistic_regression,571,257,0,0.431417339535666,0,0.5
2,2,43,logistic_regression,582,198,0,0.5026190149579367,1,0.5
2,2,43,logistic_regression,584,562,0,0.44198370622152944,0,0.5
2,2,43,logistic_regression,587,687,0,0.5772914575499287,1,0.5
2,2,43,logistic_regression,592,321,0,0.4636431494418112,0,0.5
2,2,43,logistic_regression,593,13,0,0.41011655427952365,0,0.5
2,2,43,logistic_regression,602,670,0,0.5281813136617329,1,0.5
2,2,43,logistic_regression,603,440,0,0.16129459774823285,0,0.5
2,2,43,logistic_regression,604,318,0,0.43759138439717093,0,0.5
2,2,43,logistic_regression,605,183,0,0.4574711159720861,0,0.5
2,2,43,logistic_regression,613,299,0,0.3886188237216464,0,0.5
2,2,43,logistic_regression,619,320,0,0.15180770131872054,0,0.5
2,2,43,logistic_regression,621,582,0,0.4948524871546064,0,0.5
2,2,43,logistic_regression,623,250,0,0.4969676278123839,0,0.5
2,2,43,logistic_regression,630,424,0,0.514228862325385,1,0.5
2,2,43,logistic_regression,636,741,0,0.49188981008634736,0,0.5
2,2,43,logistic_regression,637,493,0,0.5842195275905406,1,0.5
2,2,43,logistic_regression,649,613,0,0.5716433963584896,1,0.5
2,2,43,logistic_regression,654,810,0,0.7249710874642628,1,0.5
2,2,43,logistic_regression,662,502,0,0.44262599817245196,0,0.5
2,2,43,logistic_regression,665,205,0,0.49284454323538046,0,0.5
2,2,43,logistic_regression,677,814,0,0.4466995754106739,0,0.5
2,2,43,logistic_regression,680,821,0,0.4733239802476853,0,0.5
2,2,43,logistic_regression,683,762,0,0.5725650004198228,1,0.5
2,2,43,logistic_regression,685,820,0,0.4143281233118396,0,0.5
2,2,43,logistic_regression,691,420,0,0.8482656614525576,1,0.5
2,2,43,logistic_regression,693,98,1,0.5518725588568864,1,0.5
2,2,43,logistic_regression,702,439,0,0.5614231882224517,1,0.5
2,2,43,logistic_regression,705,806,0,0.26578379226209964,0,0.5
2,2,43,logistic_regression,715,13,0,0.41011655427952365,0,0.5
2,2,43,logistic_regression,720,427,0,0.47191249022543874,0,0.5
2,2,43,logistic_regression,722,325,0,0.5137500114898582,1,0.5
2,2,43,logistic_regression,731,291,0,0.4333363701990585,0,0.5
2,2,43,logistic_regression,733,587,0,0.5148365401293534,1,0.5
2,2,43,logistic_regression,737,177,0,0.4305991536519309,0,0.5
2,2,43,logistic_regression,746,342,0,0.5433512145540795,1,0.5
2,2,43,logistic_regression,748,393,0,0.4615155683348087,0,0.5
2,2,43,logistic_regression,749,541,0,0.793622799261149,1,0.5
2,2,43,logistic_regression,756,395,0,0.5204991144076264,1,0.5
2,2,43,logistic_regression,757,360,0,0.38896726203789206,0,0.5
2,2,43,logistic_regression,773,23,0,0.05117960948043155,0,0.5
2,2,43,logistic_regression,778,136,0,0.14647639649183553,0,0.5
2,2,43,logistic_regression,781,642,1,0.13746375069925626,0,0.5
2,2,43,logistic_regression,783,84,0,0.14792182684502272,0,0.5
2,2,43,logistic_regression,787,256,0,0.5405225900441258,1,0.5
2,2,43,logistic_regression,791,15,0,0.41849120474859197,0,0.5
2,2,43,logistic_regression,797,645,1,0.5276102994346799,1,0.5
2,2,43,logistic_regression,813,163,0,0.5714161290135337,1,0.5
2,2,43,logistic_regression,814,22,1,0.4185558050265823,0,0.5
2,2,43,logistic_regression,816,233,0,0.4432034093109265,0,0.5
2,2,43,logistic_regression,820,352,0,0.5751154461216128,1,0.5
2,2,43,logistic_regression,821,602,0,0.49367604122654757,0,0.5
2,2,43,logistic_regression,823,644,0,0.44049224542544724,0,0.5
2,2,43,logistic_regression,825,794,0,0.45841215236205207,0,0.5
2,2,43,logistic_regression,827,688,0,0.46241867136137854,0,0.5
2,2,43,logistic_regression,839,601,0,0.5121266517487824,1,0.5
2,2,43,logistic_regression,849,620,0,0.3215589310736809,0,0.5
2,2,43,logistic_regression,852,800,0,0.551433908198911,1,0.5
2,2,43,xgboost,4,816,0,0.6933978796005249,1,0.5
2,2,43,xgboost,6,823,1,0.42475900053977966,0,0.5
2,2,43,xgboost,9,804,0,0.43532800674438477,0,0.5
2,2,43,xgboost,13,803,0,0.3563258945941925,0,0.5
2,2,43,xgboost,18,792,0,0.4463319778442383,0,0.5
2,2,43,xgboost,21,783,0,0.6214831471443176,1,0.5
2,2,43,xgboost,24,774,0,0.44068461656570435,0,0.5
2,2,43,xgboost,25,805,0,0.45459869503974915,0,0.5
2,2,43,xgboost,26,765,0,0.36681824922561646,0,0.5
2,2,43,xgboost,33,734,0,0.4549662172794342,0,0.5
2,2,43,xgboost,38,758,0,0.36400485038757324,0,0.5
2,2,43,xgboost,44,740,1,0.6864175796508789,1,0.5
2,2,43,xgboost,47,770,0,0.3936571776866913,0,0.5
2,2,43,xgboost,50,721,0,0.45637866854667664,0,0.5
2,2,43,xgboost,51,715,0,0.4666571319103241,0,0.5
2,2,43,xgboost,61,697,0,0.3138861656188965,0,0.5
2,2,43,xgboost,69,705,0,0.3614196181297302,0,0.5
2,2,43,xgboost,75,686,0,0.3945331573486328,0,0.5
2,2,43,xgboost,82,615,0,0.5107747316360474,1,0.5
2,2,43,xgboost,83,621,0,0.46058860421180725,0,0.5
2,2,43,xgboost,88,618,0,0.43801403045654297,0,0.5
2,2,43,xgboost,97,678,0,0.4963366687297821,0,0.5
2,2,43,xgboost,104,633,0,0.6813812851905823,1,0.5
2,2,43,xgboost,114,667,0,0.4605037271976471,0,0.5
2,2,43,xgboost,120,627,0,0.4394162893295288,0,0.5
2,2,43,xgboost,121,579,0,0.4385671019554138,0,0.5
2,2,43,xgboost,123,542,0,0.668420672416687,1,0.5
2,2,43,xgboost,124,571,0,0.6912039518356323,1,0.5
2,2,43,xgboost,125,596,0,0.45381632447242737,0,0.5
2,2,43,xgboost,128,518,0,0.3657941222190857,0,0.5
2,2,43,xgboost,138,517,0,0.35054388642311096,0,0.5
2,2,43,xgboost,141,194,0,0.1543424278497696,0,0.5
2,2,43,xgboost,148,643,0,0.40058571100234985,0,0.5
2,2,43,xgboost,151,551,0,0.5055944919586182,1,0.5
2,2,43,xgboost,154,457,0,0.41055163741111755,0,0.5
2,2,43,xgboost,174,499,0,0.3565604090690613,0,0.5
2,2,43,xgboost,182,392,0,0.4883270561695099,0,0.5
2,2,43,xgboost,196,505,0,0.5055944919586182,1,0.5
2,2,43,xgboost,201,441,0,0.4883270561695099,0,0.5
2,2,43,xgboost,202,454,0,0.46879342198371887,0,0.5
2,2,43,xgboost,207,437,0,0.47693464159965515,0,0.5
2,2,43,xgboost,222,552,0,0.26944440603256226,0,0.5
2,2,43,xgboost,223,278,0,0.3698756992816925,0,0.5
2,2,43,xgboost,225,511,0,0.14753791689872742,0,0.5
2,2,43,xgboost,230,304,0,0.47249743342399597,0,0.5
2,2,43,xgboost,235,378,0,0.47249743342399597,0,0.5
2,2,43,xgboost,236,343,0,0.5760450959205627,1,0.5
2,2,43,xgboost,243,402,0,0.1384764164686203,0,0.5
2,2,43,xgboost,254,390,0,0.47249743342399597,0,0.5
2,2,43,xgboost,263,296,0,0.08690464496612549,0,0.5
2,2,43,xgboost,266,232,0,0.5217567086219788,1,0.5
2,2,43,xgboost,273,355,0,0.3714618980884552,0,0.5
2,2,43,xgboost,276,241,0,0.5261950492858887,1,0.5
2,2,43,xgboost,279,263,0,0.16372089087963104,0,0.5
2,2,43,xgboost,285,430,0,0.37613871693611145,0,0.5
2,2,43,xgboost,291,289,0,0.47693464159965515,0,0.5
2,2,43,xgboost,292,264,0,0.5261950492858887,1,0.5
2,2,43,xgboost,297,220,0,0.5261950492858887,1,0.5
2,2,43,xgboost,305,201,0,0.49166280031204224,0,0.5
2,2,43,xgboost,310,307,0,0.47249743342399597,0,0.5
2,2,43,xgboost,312,313,0,0.3316776156425476,0,0.5
2,2,43,xgboost,318,308,0,0.4525948166847229,0,0.5
2,2,43,xgboost,323,268,0,0.49410462379455566,0,0.5
2,2,43,xgboost,325,169,1,0.7055263519287109,1,0.5
2,2,43,xgboost,326,217,0,0.5217567086219788,1,0.5
2,2,43,xgboost,327,173,0,0.4347315728664398,0,0.5
2,2,43,xgboost,330,207,0,0.15586256980895996,0,0.5
2,2,43,xgboost,337,818,0,0.3375401496887207,0,0.5
2,2,43,xgboost,340,148,0,0.4881681203842163,0,0.5
2,2,43,xgboost,343,159,0,0.1444362998008728,0,0.5
2,2,43,xgboost,344,79,0,0.3419789671897888,0,0.5
2,2,43,xgboost,353,223,0,0.12379816174507141,0,0.5
2,2,43,xgboost,355,140,0,0.6512978672981262,1,0.5
2,2,43,xgboost,356,79,0,0.3419789671897888,0,0.5
2,2,43,xgboost,360,339,0,0.4032253324985504,0,0.5
2,2,43,xgboost,368,203,0,0.4334167242050171,0,0.5
2,2,43,xgboost,370,239,1,0.46452516317367554,0,0.5
2,2,43,xgboost,371,367,0,0.4656156599521637,0,0.5
2,2,43,xgboost,373,312,0,0.47693464159965515,0,0.5
2,2,43,xgboost,375,249,0,0.4676212966442108,0,0.5
2,2,43,xgboost,377,172,1,0.4054540693759918,0,0.5
2,2,43,xgboost,378,86,0,0.29241007566452026,0,0.5
2,2,43,xgboost,382,400,0,0.4050116539001465,0,0.5
2,2,43,xgboost,389,49,0,0.3338756859302521,0,0.5
2,2,43,xgboost,406,49,0,0.3338756859302521,0,0.5
2,2,43,xgboost,407,57,0,0.6246160864830017,1,0.5
2,2,43,xgboost,408,60,0,0.09717331826686859,0,0.5
2,2,43,xgboost,411,49,0,0.3338756859302521,0,0.5
2,2,43,xgboost,412,87,0,0.09880183637142181,0,0.5
2,2,43,xgboost,432,600,0,0.4643501937389374,0,0.5
2,2,43,xgboost,441,9,0,0.25735583901405334,0,0.5
2,2,43,xgboost,444,80,0,0.33611610531806946,0,0.5
2,2,43,xgboost,448,65,0,0.44271722435951233,0,0.5
2,2,43,xgboost,450,34,0,0.20492099225521088,0,0.5
2,2,43,xgboost,479,482,0,0.3700096607208252,0,0.5
2,2,43,xgboost,480,575,0,0.14474572241306305,0,0.5
2,2,43,xgboost,481,608,0,0.4963366687297821,0,0.5
2,2,43,xgboost,483,190,0,0.4676549732685089,0,0.5
2,2,43,xgboost,488,337,0,0.4570070803165436,0,0.5
2,2,43,xgboost,489,151,0,0.10511359572410583,0,0.5
2,2,43,xgboost,490,375,0,0.29248252511024475,0,0.5
2,2,43,xgboost,492,658,0,0.3945331573486328,0,0.5
2,2,43,xgboost,493,86,0,0.29241007566452026,0,0.5
2,2,43,xgboost,495,405,0,0.12852834165096283,0,0.5
2,2,43,xgboost,496,451,1,0.47693464159965515,0,0.5
2,2,43,xgboost,499,614,0,0.40058571100234985,0,0.5
2,2,43,xgboost,514,476,0,0.3719724118709564,0,0.5
2,2,43,xgboost,520,53,0,0.22864337265491486,0,0.5
2,2,43,xgboost,529,652,0,0.4763367176055908,0,0.5
2,2,43,xgboost,530,239,1,0.46452516317367554,0,0.5
2,2,43,xgboost,531,119,0,0.4287589192390442,0,0.5
2,2,43,xgboost,547,385,0,0.1316390484571457,0,0.5
2,2,43,xgboost,560,748,0,0.3675342798233032,0,0.5
2,2,43,xgboost,565,335,0,0.47249743342399597,0,0.5
2,2,43,xgboost,571,257,0,0.4689541161060333,0,0.5
2,2,43,xgboost,582,198,0,0.42924898862838745,0,0.5
2,2,43,xgboost,584,562,0,0.4844813048839569,0,0.5
2,2,43,xgboost,587,687,0,0.2602677047252655,0,0.5
2,2,43,xgboost,592,321,0,0.4358009994029999,0,0.5
2,2,43,xgboost,593,13,0,0.19982630014419556,0,0.5
2,2,43,xgboost,602,670,0,0.4396885335445404,0,0.5
2,2,43,xgboost,603,440,0,0.12852834165096283,0,0.5
2,2,43,xgboost,604,318,0,0.47693464159965515,0,0.5
2,2,43,xgboost,605,183,0,0.5042349696159363,1,0.5
2,2,43,xgboost,613,299,0,0.6874315738677979,1,0.5
2,2,43,xgboost,619,320,0,0.14704754948616028,0,0.5
2,2,43,xgboost,621,582,0,0.35610431432724,0,0.5
2,2,43,xgboost,623,250,0,0.540569543838501,1,0.5
2,2,43,xgboost,630,424,0,0.4883270561695099,0,0.5
2,2,43,xgboost,636,741,0,0.2935725450515747,0,0.5
2,2,43,xgboost,637,493,0,0.33993586897850037,0,0.5
2,2,43,xgboost,649,613,0,0.6873036026954651,1,0.5
2,2,43,xgboost,654,810,0,0.45737770199775696,0,0.5
2,2,43,xgboost,662,502,0,0.3462398052215576,0,0.5
2,2,43,xgboost,665,205,0,0.37521693110466003,0,0.5
2,2,43,xgboost,677,814,0,0.36504796147346497,0,0.5
2,2,43,xgboost,680,821,0,0.4905363917350769,0,0.5
2,2,43,xgboost,683,762,0,0.5021658539772034,1,0.5
2,2,43,xgboost,685,820,0,0.5305825471878052,1,0.5
2,2,43,xgboost,691,420,0,0.5656071305274963,1,0.5
2,2,43,xgboost,693,98,1,0.3459944427013397,0,0.5
2,2,43,xgboost,702,439,0,0.3786807060241699,0,0.5
2,2,43,xgboost,705,806,0,0.09914284944534302,0,0.5
2,2,43,xgboost,715,13,0,0.19982630014419556,0,0.5
2,2,43,xgboost,720,427,0,0.47693464159965515,0,0.5
2,2,43,xgboost,722,325,0,0.404631644487381,0,0.5
2,2,43,xgboost,731,291,0,0.47249743342399597,0,0.5
2,2,43,xgboost,733,587,0,0.5077426433563232,1,0.5
2,2,43,xgboost,737,177,0,0.4279887080192566,0,0.5
2,2,43,xgboost,746,342,0,0.30958664417266846,0,0.5
2,2,43,xgboost,748,393,0,0.43005791306495667,0,0.5
2,2,43,xgboost,749,541,0,0.49981075525283813,0,0.5
2,2,43,xgboost,756,395,0,0.43311822414398193,0,0.5
2,2,43,xgboost,757,360,0,0.4450266361236572,0,0.5
2,2,43,xgboost,773,23,0,0.08002486824989319,0,0.5
2,2,43,xgboost,778,136,0,0.12793564796447754,0,0.5
2,2,43,xgboost,781,642,1,0.4963366687297821,0,0.5
2,2,43,xgboost,783,84,0,0.10892442613840103,0,0.5
2,2,43,xgboost,787,256,0,0.36462298035621643,0,0.5
2,2,43,xgboost,791,15,0,0.20268675684928894,0,0.5
2,2,43,xgboost,797,645,1,0.5107747316360474,1,0.5
2,2,43,xgboost,813,163,0,0.4961107671260834,0,0.5
2,2,43,xgboost,814,22,1,0.19930535554885864,0,0.5
2,2,43,xgboost,816,233,0,0.48068246245384216,0,0.5
2,2,43,xgboost,820,352,0,0.47693464159965515,0,0.5
2,2,43,xgboost,821,602,0,0.4015900194644928,0,0.5
2,2,43,xgboost,823,644,0,0.47523847222328186,0,0.5
2,2,43,xgboost,825,794,0,0.45459869503974915,0,0.5
2,2,43,xgboost,827,688,0,0.42820999026298523,0,0.5
2,2,43,xgboost,839,601,0,0.4643501937389374,0,0.5
2,2,43,xgboost,849,620,0,0.5123710036277771,1,0.5
2,2,43,xgboost,852,800,0,0.4556906223297119,0,0.5
2,3,43,dummy_prior,12,812,0,0.06404657933042213,0,0.5
2,3,43,dummy_prior,19,773,0,0.06404657933042213,0,0.5
2,3,43,dummy_prior,35,737,0,0.06404657933042213,0,0.5
2,3,43,dummy_prior,37,747,0,0.06404657933042213,0,0.5
2,3,43,dummy_prior,48,780,0,0.06404657933042213,0,0.5
2,3,43,dummy_prior,49,739,0,0.06404657933042213,0,0.5
2,3,43,dummy_prior,57,647,0,0.06404657933042213,0,0.5
2,3,43,dummy_prior,59,692,0,0.06404657933042213,0,0.5
2,3,43,dummy_prior,60,673,0,0.06404657933042213,0,0.5
2,3,43,dummy_prior,66,673,0,0.06404657933042213,0,0.5
2,3,43,dummy_prior,76,675,0,0.06404657933042213,0,0.5
2,3,43,dummy_prior,79,684,0,0.06404657933042213,0,0.5
2,3,43,dummy_prior,80,630,0,0.06404657933042213,0,0.5
2,3,43,dummy_prior,84,713,0,0.06404657933042213,0,0.5
2,3,43,dummy_prior,86,718,0,0.06404657933042213,0,0.5
2,3,43,dummy_prior,89,632,0,0.06404657933042213,0,0.5
2,3,43,dummy_prior,98,584,0,0.06404657933042213,0,0.5
2,3,43,dummy_prior,100,669,0,0.06404657933042213,0,0.5
2,3,43,dummy_prior,101,580,0,0.06404657933042213,0,0.5
2,3,43,dummy_prior,103,754,1,0.06404657933042213,0,0.5
2,3,43,dummy_prior,106,577,0,0.06404657933042213,0,0.5
2,3,43,dummy_prior,109,612,0,0.06404657933042213,0,0.5
2,3,43,dummy_prior,110,619,0,0.06404657933042213,0,0.5
2,3,43,dummy_prior,116,597,0,0.06404657933042213,0,0.5
2,3,43,dummy_prior,130,492,0,0.06404657933042213,0,0.5
2,3,43,dummy_prior,132,565,0,0.06404657933042213,0,0.5
2,3,43,dummy_prior,136,586,0,0.06404657933042213,0,0.5
2,3,43,dummy_prior,137,537,0,0.06404657933042213,0,0.5
2,3,43,dummy_prior,139,556,0,0.06404657933042213,0,0.5
2,3,43,dummy_prior,140,553,0,0.06404657933042213,0,0.5
2,3,43,dummy_prior,146,576,0,0.06404657933042213,0,0.5
2,3,43,dummy_prior,147,533,0,0.06404657933042213,0,0.5
2,3,43,dummy_prior,156,448,0,0.06404657933042213,0,0.5
2,3,43,dummy_prior,157,545,0,0.06404657933042213,0,0.5
2,3,43,dummy_prior,159,463,0,0.06404657933042213,0,0.5
2,3,43,dummy_prior,165,572,0,0.06404657933042213,0,0.5
2,3,43,dummy_prior,168,535,0,0.06404657933042213,0,0.5
2,3,43,dummy_prior,172,522,0,0.06404657933042213,0,0.5
2,3,43,dummy_prior,181,462,0,0.06404657933042213,0,0.5
2,3,43,dummy_prior,187,501,0,0.06404657933042213,0,0.5
2,3,43,dummy_prior,191,527,0,0.06404657933042213,0,0.5
2,3,43,dummy_prior,193,445,0,0.06404657933042213,0,0.5
2,3,43,dummy_prior,195,429,0,0.06404657933042213,0,0.5
2,3,43,dummy_prior,200,443,0,0.06404657933042213,0,0.5
2,3,43,dummy_prior,205,388,1,0.06404657933042213,0,0.5
2,3,43,dummy_prior,209,387,0,0.06404657933042213,0,0.5
2,3,43,dummy_prior,212,431,0,0.06404657933042213,0,0.5
2,3,43,dummy_prior,216,531,1,0.06404657933042213,0,0.5
2,3,43,dummy_prior,218,503,0,0.06404657933042213,0,0.5
2,3,43,dummy_prior,220,406,0,0.06404657933042213,0,0.5
2,3,43,dummy_prior,224,351,1,0.06404657933042213,0,0.5
2,3,43,dummy_prior,227,394,0,0.06404657933042213,0,0.5
2,3,43,dummy_prior,233,345,0,0.06404657933042213,0,0.5
2,3,43,dummy_prior,234,406,0,0.06404657933042213,0,0.5
2,3,43,dummy_prior,242,555,0,0.06404657933042213,0,0.5
2,3,43,dummy_prior,249,270,0,0.06404657933042213,0,0.5
2,3,43,dummy_prior,264,259,1,0.06404657933042213,0,0.5
2,3,43,dummy_prior,270,211,0,0.06404657933042213,0,0.5
2,3,43,dummy_prior,271,359,0,0.06404657933042213,0,0.5
2,3,43,dummy_prior,272,330,0,0.06404657933042213,0,0.5
2,3,43,dummy_prior,283,389,0,0.06404657933042213,0,0.5
2,3,43,dummy_prior,290,204,0,0.06404657933042213,0,0.5
2,3,43,dummy_prior,303,386,0,0.06404657933042213,0,0.5
2,3,43,dummy_prior,311,368,0,0.06404657933042213,0,0.5
2,3,43,dummy_prior,320,271,1,0.06404657933042213,0,0.5
2,3,43,dummy_prior,334,229,0,0.06404657933042213,0,0.5
2,3,43,dummy_prior,338,200,0,0.06404657933042213,0,0.5
2,3,43,dummy_prior,339,182,0,0.06404657933042213,0,0.5
2,3,43,dummy_prior,345,276,1,0.06404657933042213,0,0.5
2,3,43,dummy_prior,357,258,0,0.06404657933042213,0,0.5
2,3,43,dummy_prior,361,199,0,0.06404657933042213,0,0.5
2,3,43,dummy_prior,362,160,0,0.06404657933042213,0,0.5
2,3,43,dummy_prior,379,224,0,0.06404657933042213,0,0.5
2,3,43,dummy_prior,385,234,0,0.06404657933042213,0,0.5
2,3,43,dummy_prior,387,266,0,0.06404657933042213,0,0.5
2,3,43,dummy_prior,390,179,0,0.06404657933042213,0,0.5
2,3,43,dummy_prior,392,120,0,0.06404657933042213,0,0.5
2,3,43,dummy_prior,396,100,0,0.06404657933042213,0,0.5
2,3,43,dummy_prior,397,137,0,0.06404657933042213,0,0.5
2,3,43,dummy_prior,409,54,0,0.06404657933042213,0,0.5
2,3,43,dummy_prior,410,171,0,0.06404657933042213,0,0.5
2,3,43,dummy_prior,417,158,0,0.06404657933042213,0,0.5
2,3,43,dummy_prior,426,114,0,0.06404657933042213,0,0.5
2,3,43,dummy_prior,429,73,0,0.06404657933042213,0,0.5
2,3,43,dummy_prior,435,54,0,0.06404657933042213,0,0.5
2,3,43,dummy_prior,436,39,0,0.06404657933042213,0,0.5
2,3,43,dummy_prior,449,75,0,0.06404657933042213,0,0.5
2,3,43,dummy_prior,456,24,0,0.06404657933042213,0,0.5
2,3,43,dummy_prior,469,16,0,0.06404657933042213,0,0.5
2,3,43,dummy_prior,470,764,0,0.06404657933042213,0,0.5
2,3,43,dummy_prior,471,94,0,0.06404657933042213,0,0.5
2,3,43,dummy_prior,487,483,0,0.06404657933042213,0,0.5
2,3,43,dummy_prior,494,165,0,0.06404657933042213,0,0.5
2,3,43,dummy_prior,510,17,0,0.06404657933042213,0,0.5
2,3,43,dummy_prior,511,38,0,0.06404657933042213,0,0.5
2,3,43,dummy_prior,517,514,0,0.06404657933042213,0,0.5
2,3,43,dummy_prior,518,362,0,0.06404657933042213,0,0.5
2,3,43,dummy_prior,521,791,0,0.06404657933042213,0,0.5
2,3,43,dummy_prior,524,628,0,0.06404657933042213,0,0.5
2,3,43,dummy_prior,526,469,0,0.06404657933042213,0,0.5
2,3,43,dummy_prior,536,24,0,0.06404657933042213,0,0.5
2,3,43,dummy_prior,540,188,0,0.06404657933042213,0,0.5
2,3,43,dummy_prior,541,474,0,0.06404657933042213,0,0.5
2,3,43,dummy_prior,545,532,0,0.06404657933042213,0,0.5
2,3,43,dummy_prior,550,191,0,0.06404657933042213,0,0.5
2,3,43,dummy_prior,551,639,0,0.06404657933042213,0,0.5
2,3,43,dummy_prior,552,105,0,0.06404657933042213,0,0.5
2,3,43,dummy_prior,554,20,0,0.06404657933042213,0,0.5
2,3,43,dummy_prior,559,162,0,0.06404657933042213,0,0.5
2,3,43,dummy_prior,562,282,0,0.06404657933042213,0,0.5
2,3,43,dummy_prior,570,559,0,0.06404657933042213,0,0.5
2,3,43,dummy_prior,575,54,0,0.06404657933042213,0,0.5
2,3,43,dummy_prior,578,126,1,0.06404657933042213,0,0.5
2,3,43,dummy_prior,579,730,0,0.06404657933042213,0,0.5
2,3,43,dummy_prior,595,248,0,0.06404657933042213,0,0.5
2,3,43,dummy_prior,597,133,0,0.06404657933042213,0,0.5
2,3,43,dummy_prior,598,54,1,0.06404657933042213,0,0.5
2,3,43,dummy_prior,608,135,0,0.06404657933042213,0,0.5
2,3,43,dummy_prior,609,416,0,0.06404657933042213,0,0.5
2,3,43,dummy_prior,624,118,0,0.06404657933042213,0,0.5
2,3,43,dummy_prior,629,336,0,0.06404657933042213,0,0.5
2,3,43,dummy_prior,632,226,0,0.06404657933042213,0,0.5
2,3,43,dummy_prior,644,285,0,0.06404657933042213,0,0.5
2,3,43,dummy_prior,651,788,0,0.06404657933042213,0,0.5
2,3,43,dummy_prior,656,294,0,0.06404657933042213,0,0.5
2,3,43,dummy_prior,658,85,0,0.06404657933042213,0,0.5
2,3,43,dummy_prior,664,756,1,0.06404657933042213,0,0.5
2,3,43,dummy_prior,668,830,0,0.06404657933042213,0,0.5
2,3,43,dummy_prior,672,0,0,0.06404657933042213,0,0.5
2,3,43,dummy_prior,679,822,0,0.06404657933042213,0,0.5
2,3,43,dummy_prior,681,793,0,0.06404657933042213,0,0.5
2,3,43,dummy_prior,688,510,1,0.06404657933042213,0,0.5
2,3,43,dummy_prior,692,74,0,0.06404657933042213,0,0.5
2,3,43,dummy_prior,694,486,0,0.06404657933042213,0,0.5
2,3,43,dummy_prior,695,538,0,0.06404657933042213,0,0.5
2,3,43,dummy_prior,696,138,0,0.06404657933042213,0,0.5
2,3,43,dummy_prior,703,42,0,0.06404657933042213,0,0.5
2,3,43,dummy_prior,710,449,0,0.06404657933042213,0,0.5
2,3,43,dummy_prior,712,317,0,0.06404657933042213,0,0.5
2,3,43,dummy_prior,716,144,0,0.06404657933042213,0,0.5
2,3,43,dummy_prior,717,731,0,0.06404657933042213,0,0.5
2,3,43,dummy_prior,718,246,0,0.06404657933042213,0,0.5
2,3,43,dummy_prior,721,655,0,0.06404657933042213,0,0.5
2,3,43,dummy_prior,723,124,0,0.06404657933042213,0,0.5
2,3,43,dummy_prior,724,554,0,0.06404657933042213,0,0.5
2,3,43,dummy_prior,732,417,0,0.06404657933042213,0,0.5
2,3,43,dummy_prior,742,156,0,0.06404657933042213,0,0.5
2,3,43,dummy_prior,747,218,0,0.06404657933042213,0,0.5
2,3,43,dummy_prior,762,139,0,0.06404657933042213,0,0.5
2,3,43,dummy_prior,764,281,0,0.06404657933042213,0,0.5
2,3,43,dummy_prior,769,415,0,0.06404657933042213,0,0.5
2,3,43,dummy_prior,774,801,0,0.06404657933042213,0,0.5
2,3,43,dummy_prior,775,455,0,0.06404657933042213,0,0.5
2,3,43,dummy_prior,780,110,0,0.06404657933042213,0,0.5
2,3,43,dummy_prior,792,314,0,0.06404657933042213,0,0.5
2,3,43,dummy_prior,793,353,0,0.06404657933042213,0,0.5
2,3,43,dummy_prior,794,175,0,0.06404657933042213,0,0.5
2,3,43,dummy_prior,806,62,0,0.06404657933042213,0,0.5
2,3,43,dummy_prior,807,717,0,0.06404657933042213,0,0.5
2,3,43,dummy_prior,812,4,0,0.06404657933042213,0,0.5
2,3,43,dummy_prior,817,516,0,0.06404657933042213,0,0.5
2,3,43,dummy_prior,819,2,0,0.06404657933042213,0,0.5
2,3,43,dummy_prior,824,720,0,0.06404657933042213,0,0.5
2,3,43,dummy_prior,832,561,0,0.06404657933042213,0,0.5
2,3,43,dummy_prior,835,332,0,0.06404657933042213,0,0.5
2,3,43,dummy_prior,838,694,0,0.06404657933042213,0,0.5
2,3,43,dummy_prior,840,346,0,0.06404657933042213,0,0.5
2,3,43,dummy_prior,841,297,0,0.06404657933042213,0,0.5
2,3,43,dummy_prior,844,444,0,0.06404657933042213,0,0.5
2,3,43,dummy_prior,845,132,0,0.06404657933042213,0,0.5
2,3,43,dummy_prior,851,298,0,0.06404657933042213,0,0.5
2,3,43,logistic_regression,12,812,0,0.6994700600642411,1,0.5
2,3,43,logistic_regression,19,773,0,0.7531895064220074,1,0.5
2,3,43,logistic_regression,35,737,0,0.5619631908758979,1,0.5
2,3,43,logistic_regression,37,747,0,0.36973679364815887,0,0.5
2,3,43,logistic_regression,48,780,0,0.6744023602397383,1,0.5
2,3,43,logistic_regression,49,739,0,0.45373693693380857,0,0.5
2,3,43,logistic_regression,57,647,0,0.5157891130695537,1,0.5
2,3,43,logistic_regression,59,692,0,0.8463303747675309,1,0.5
2,3,43,logistic_regression,60,673,0,0.5022582215748227,1,0.5
2,3,43,logistic_regression,66,673,0,0.5022582215748227,1,0.5
2,3,43,logistic_regression,76,675,0,0.5481373676465062,1,0.5
2,3,43,logistic_regression,79,684,0,0.46174724086518526,0,0.5
2,3,43,logistic_regression,80,630,0,0.47171079722902487,0,0.5
2,3,43,logistic_regression,84,713,0,0.30115509757412395,0,0.5
2,3,43,logistic_regression,86,718,0,0.4975886964470174,0,0.5
2,3,43,logistic_regression,89,632,0,0.48348935968389956,0,0.5
2,3,43,logistic_regression,98,584,0,0.17778591829947463,0,0.5
2,3,43,logistic_regression,100,669,0,0.5104037067159701,1,0.5
2,3,43,logistic_regression,101,580,0,0.846446011385864,1,0.5
2,3,43,logistic_regression,103,754,1,0.6528973950437831,1,0.5
2,3,43,logistic_regression,106,577,0,0.5557001129703368,1,0.5
2,3,43,logistic_regression,109,612,0,0.25263237917121895,0,0.5
2,3,43,logistic_regression,110,619,0,0.4958705126087879,0,0.5
2,3,43,logistic_regression,116,597,0,0.44698536993626387,0,0.5
2,3,43,logistic_regression,130,492,0,0.548696427952736,1,0.5
2,3,43,logistic_regression,132,565,0,0.43550663535918616,0,0.5
2,3,43,logistic_regression,136,586,0,0.2785448729324438,0,0.5
2,3,43,logistic_regression,137,537,0,0.44083867638105,0,0.5
2,3,43,logistic_regression,139,556,0,0.5897144138171013,1,0.5
2,3,43,logistic_regression,140,553,0,0.5815670460445711,1,0.5
2,3,43,logistic_regression,146,576,0,0.5567855048248442,1,0.5
2,3,43,logistic_regression,147,533,0,0.3015987722021992,0,0.5
2,3,43,logistic_regression,156,448,0,0.5069034132948997,1,0.5
2,3,43,logistic_regression,157,545,0,0.41822240951714634,0,0.5
2,3,43,logistic_regression,159,463,0,0.502995918093371,1,0.5
2,3,43,logistic_regression,165,572,0,0.8478789729486758,1,0.5
2,3,43,logistic_regression,168,535,0,0.5357220807984554,1,0.5
2,3,43,logistic_regression,172,522,0,0.5261601809503289,1,0.5
2,3,43,logistic_regression,181,462,0,0.43336628995592774,0,0.5
2,3,43,logistic_regression,187,501,0,0.8326199521414713,1,0.5
2,3,43,logistic_regression,191,527,0,0.5079989445388085,1,0.5
2,3,43,logistic_regression,193,445,0,0.11606996087278017,0,0.5
2,3,43,logistic_regression,195,429,0,0.49140273298625864,0,0.5
2,3,43,logistic_regression,200,443,0,0.40901489397500973,0,0.5
2,3,43,logistic_regression,205,388,1,0.41378748014423916,0,0.5
2,3,43,logistic_regression,209,387,0,0.5093144545366496,1,0.5
2,3,43,logistic_regression,212,431,0,0.5996528825205861,1,0.5
2,3,43,logistic_regression,216,531,1,0.5307685746053535,1,0.5
2,3,43,logistic_regression,218,503,0,0.4621103740928016,0,0.5
2,3,43,logistic_regression,220,406,0,0.11177343714300539,0,0.5
2,3,43,logistic_regression,224,351,1,0.7896555350616202,1,0.5
2,3,43,logistic_regression,227,394,0,0.7533735758775824,1,0.5
2,3,43,logistic_regression,233,345,0,0.41912363730440066,0,0.5
2,3,43,logistic_regression,234,406,0,0.11177343714300539,0,0.5
2,3,43,logistic_regression,242,555,0,0.42753656882945024,0,0.5
2,3,43,logistic_regression,249,270,0,0.38974456716430794,0,0.5
2,3,43,logistic_regression,264,259,1,0.4841760284285899,0,0.5
2,3,43,logistic_regression,270,211,0,0.41523702291514597,0,0.5
2,3,43,logistic_regression,271,359,0,0.13504034601052384,0,0.5
2,3,43,logistic_regression,272,330,0,0.23359252263507654,0,0.5
2,3,43,logistic_regression,283,389,0,0.46221296461648337,0,0.5
2,3,43,logistic_regression,290,204,0,0.5112671892585641,1,0.5
2,3,43,logistic_regression,303,386,0,0.4343849782881202,0,0.5
2,3,43,logistic_regression,311,368,0,0.4820448658640473,0,0.5
2,3,43,logistic_regression,320,271,1,0.4000004152384637,0,0.5
2,3,43,logistic_regression,334,229,0,0.4255136357794818,0,0.5
2,3,43,logistic_regression,338,200,0,0.13142206585221014,0,0.5
2,3,43,logistic_regression,339,182,0,0.3976297944980224,0,0.5
2,3,43,logistic_regression,345,276,1,0.2301415820100829,0,0.5
2,3,43,logistic_regression,357,258,0,0.25051387906557065,0,0.5
2,3,43,logistic_regression,361,199,0,0.3829668238115352,0,0.5
2,3,43,logistic_regression,362,160,0,0.4213690346009364,0,0.5
2,3,43,logistic_regression,379,224,0,0.4184983246509902,0,0.5
2,3,43,logistic_regression,385,234,0,0.4299096271965788,0,0.5
2,3,43,logistic_regression,387,266,0,0.4237241202484597,0,0.5
2,3,43,logistic_regression,390,179,0,0.3964702192848686,0,0.5
2,3,43,logistic_regression,392,120,0,0.42366477135282815,0,0.5
2,3,43,logistic_regression,396,100,0,0.22456058846105317,0,0.5
2,3,43,logistic_regression,397,137,0,0.7404734679788055,1,0.5
2,3,43,logistic_regression,409,54,0,0.41179124820106827,0,0.5
2,3,43,logistic_regression,410,171,0,0.42575394060114713,0,0.5
2,3,43,logistic_regression,417,158,0,0.10726061651277884,0,0.5
2,3,43,logistic_regression,426,114,0,0.6899281539103359,1,0.5
2,3,43,logistic_regression,429,73,0,0.4143443031007084,0,0.5
2,3,43,logistic_regression,435,54,0,0.41179124820106827,0,0.5
2,3,43,logistic_regression,436,39,0,0.11979365588026017,0,0.5
2,3,43,logistic_regression,449,75,0,0.40904394857660453,0,0.5
2,3,43,logistic_regression,456,24,0,0.4162583090504887,0,0.5
2,3,43,logistic_regression,469,16,0,0.40844979253945013,0,0.5
2,3,43,logistic_regression,470,764,0,0.48931754910618014,0,0.5
2,3,43,logistic_regression,471,94,0,0.40177334644098184,0,0.5
2,3,43,logistic_regression,487,483,0,0.46540259583559684,0,0.5
2,3,43,logistic_regression,494,165,0,0.4093685271270974,0,0.5
2,3,43,logistic_regression,510,17,0,0.38730619633905944,0,0.5
2,3,43,logistic_regression,511,38,0,0.388727919025074,0,0.5
2,3,43,logistic_regression,517,514,0,0.4918334530041981,0,0.5
2,3,43,logistic_regression,518,362,0,0.4557580296707008,0,0.5
2,3,43,logistic_regression,521,791,0,0.5351176187529506,1,0.5
2,3,43,logistic_regression,524,628,0,0.5568488898378523,1,0.5
2,3,43,logistic_regression,526,469,0,0.4772759661376681,0,0.5
2,3,43,logistic_regression,536,24,0,0.4162583090504887,0,0.5
2,3,43,logistic_regression,540,188,0,0.4106773502772385,0,0.5
2,3,43,logistic_regression,541,474,0,0.40337836973054514,0,0.5
2,3,43,logistic_regression,545,532,0,0.6853426435735428,1,0.5
2,3,43,logistic_regression,550,191,0,0.40837423572717935,0,0.5
2,3,43,logistic_regression,551,639,0,0.15091304981733714,0,0.5
2,3,43,logistic_regression,552,105,0,0.20103226642407945,0,0.5
2,3,43,logistic_regression,554,20,0,0.37789334289408216,0,0.5
2,3,43,logistic_regression,559,162,0,0.44192720071574343,0,0.5
2,3,43,logistic_regression,562,282,0,0.4493644379348068,0,0.5
2,3,43,logistic_regression,570,559,0,0.494675449339179,0,0.5
2,3,43,logistic_regression,575,54,0,0.41179124820106827,0,0.5
2,3,43,logistic_regression,578,126,1,0.41306099125726986,0,0.5
2,3,43,logistic_regression,579,730,0,0.5509985447484983,1,0.5
2,3,43,logistic_regression,595,248,0,0.3162249551865427,0,0.5
2,3,43,logistic_regression,597,133,0,0.8949652636941174,1,0.5
2,3,43,logistic_regression,598,54,1,0.41179124820106827,0,0.5
2,3,43,logistic_regression,608,135,0,0.4141436656448625,0,0.5
2,3,43,logistic_regression,609,416,0,0.49219682043620644,0,0.5
2,3,43,logistic_regression,624,118,0,0.4301971795017898,0,0.5
2,3,43,logistic_regression,629,336,0,0.5087300025426742,1,0.5
2,3,43,logistic_regression,632,226,0,0.44371885554157164,0,0.5
2,3,43,logistic_regression,644,285,0,0.49013149095443515,0,0.5
2,3,43,logistic_regression,651,788,0,0.7370975419723002,1,0.5
2,3,43,logistic_regression,656,294,0,0.4541629686655839,0,0.5
2,3,43,logistic_regression,658,85,0,0.4157433430279098,0,0.5
2,3,43,logistic_regression,664,756,1,0.7096968891317307,1,0.5
2,3,43,logistic_regression,668,830,0,0.7588758367237889,1,0.5
2,3,43,logistic_regression,672,0,0,0.39383715917619383,0,0.5
2,3,43,logistic_regression,679,822,0,0.6010860250581926,1,0.5
2,3,43,logistic_regression,681,793,0,0.5183248812613181,1,0.5
2,3,43,logistic_regression,688,510,1,0.45795055120266775,0,0.5
2,3,43,logistic_regression,692,74,0,0.6392948539433937,1,0.5
2,3,43,logistic_regression,694,486,0,0.6660050468067347,1,0.5
2,3,43,logistic_regression,695,538,0,0.6426624807631254,1,0.5
2,3,43,logistic_regression,696,138,0,0.2664430070532496,0,0.5
2,3,43,logistic_regression,703,42,0,0.6526189270971027,1,0.5
2,3,43,logistic_regression,710,449,0,0.45810371018406626,0,0.5
2,3,43,logistic_regression,712,317,0,0.40596588845065185,0,0.5
2,3,43,logistic_regression,716,144,0,0.42423328131264587,0,0.5
2,3,43,logistic_regression,717,731,0,0.6638705134759272,1,0.5
2,3,43,logistic_regression,718,246,0,0.39897415759442845,0,0.5
2,3,43,logistic_regression,721,655,0,0.49837268872418566,0,0.5
2,3,43,logistic_regression,723,124,0,0.4249580809118209,0,0.5
2,3,43,logistic_regression,724,554,0,0.44381060915722964,0,0.5
2,3,43,logistic_regression,732,417,0,0.302933310088785,0,0.5
2,3,43,logistic_regression,742,156,0,0.6818050695481159,1,0.5
2,3,43,logistic_regression,747,218,0,0.42722072604077854,0,0.5
2,3,43,logistic_regression,762,139,0,0.12686420291104653,0,0.5
2,3,43,logistic_regression,764,281,0,0.5514195406120281,1,0.5
2,3,43,logistic_regression,769,415,0,0.13909562008640927,0,0.5
2,3,43,logistic_regression,774,801,0,0.6580318978118541,1,0.5
2,3,43,logistic_regression,775,455,0,0.4475386074878349,0,0.5
2,3,43,logistic_regression,780,110,0,0.3851765044569847,0,0.5
2,3,43,logistic_regression,792,314,0,0.12808367264826293,0,0.5
2,3,43,logistic_regression,793,353,0,0.42828590125246857,0,0.5
2,3,43,logistic_regression,794,175,0,0.12709283572692645,0,0.5
2,3,43,logistic_regression,806,62,0,0.39452864419152756,0,0.5
2,3,43,logistic_regression,807,717,0,0.662993427593597,1,0.5
2,3,43,logistic_regression,812,4,0,0.6020004502777205,1,0.5
2,3,43,logistic_regression,817,516,0,0.6816023926805266,1,0.5
2,3,43,logistic_regression,819,2,0,0.41072689182606686,0,0.5
2,3,43,logistic_regression,824,720,0,0.4750883770115199,0,0.5
2,3,43,logistic_regression,832,561,0,0.40781203540511124,0,0.5
2,3,43,logistic_regression,835,332,0,0.4132853280676875,0,0.5
2,3,43,logistic_regression,838,694,0,0.5027738210336998,1,0.5
2,3,43,logistic_regression,840,346,0,0.4889027097004762,0,0.5
2,3,43,logistic_regression,841,297,0,0.405493841034677,0,0.5
2,3,43,logistic_regression,844,444,0,0.501840382039595,1,0.5
2,3,43,logistic_regression,845,132,0,0.41590640970218545,0,0.5
2,3,43,logistic_regression,851,298,0,0.43840639453626534,0,0.5
2,3,43,xgboost,12,812,0,0.057835038751363754,0,0.5
2,3,43,xgboost,19,773,0,0.005864620674401522,0,0.5
2,3,43,xgboost,35,737,0,0.014470995403826237,0,0.5
2,3,43,xgboost,37,747,0,0.03941653296351433,0,0.5
2,3,43,xgboost,48,780,0,0.12555797398090363,0,0.5
2,3,43,xgboost,49,739,0,0.3166974186897278,0,0.5
2,3,43,xgboost,57,647,0,0.007549392059445381,0,0.5
2,3,43,xgboost,59,692,0,0.07066435366868973,0,0.5
2,3,43,xgboost,60,673,0,0.05652229115366936,0,0.5
2,3,43,xgboost,66,673,0,0.05652229115366936,0,0.5
2,3,43,xgboost,76,675,0,0.02275821752846241,0,0.5
2,3,43,xgboost,79,684,0,0.9702717065811157,1,0.5
2,3,43,xgboost,80,630,0,0.2894268333911896,0,0.5
2,3,43,xgboost,84,713,0,0.016576604917645454,0,0.5
2,3,43,xgboost,86,718,0,0.001973775215446949,0,0.5
2,3,43,xgboost,89,632,0,0.3163294196128845,0,0.5
2,3,43,xgboost,98,584,0,0.002493087202310562,0,0.5
2,3,43,xgboost,100,669,0,0.00477689690887928,0,0.5
2,3,43,xgboost,101,580,0,0.3323819637298584,0,0.5
2,3,43,xgboost,103,754,1,0.07988125085830688,0,0.5
2,3,43,xgboost,106,577,0,0.3429292142391205,0,0.5
2,3,43,xgboost,109,612,0,0.0012392228236421943,0,0.5
2,3,43,xgboost,110,619,0,0.0016810257220640779,0,0.5
2,3,43,xgboost,116,597,0,0.24238233268260956,0,0.5
2,3,43,xgboost,130,492,0,0.011132417246699333,0,0.5
2,3,43,xgboost,132,565,0,0.01961546018719673,0,0.5
2,3,43,xgboost,136,586,0,0.051523856818675995,0,0.5
2,3,43,xgboost,137,537,0,0.16773773729801178,0,0.5
2,3,43,xgboost,139,556,0,0.37756097316741943,0,0.5
2,3,43,xgboost,140,553,0,0.007786774542182684,0,0.5
2,3,43,xgboost,146,576,0,0.1732606291770935,0,0.5
2,3,43,xgboost,147,533,0,0.052684906870126724,0,0.5
2,3,43,xgboost,156,448,0,0.0036648574750870466,0,0.5
2,3,43,xgboost,157,545,0,0.037874553352594376,0,0.5
2,3,43,xgboost,159,463,0,0.0037791081704199314,0,0.5
2,3,43,xgboost,165,572,0,0.04049423709511757,0,0.5
2,3,43,xgboost,168,535,0,0.3684782385826111,0,0.5
2,3,43,xgboost,172,522,0,0.33116614818573,0,0.5
2,3,43,xgboost,181,462,0,0.042114101350307465,0,0.5
2,3,43,xgboost,187,501,0,0.09910369664430618,0,0.5
2,3,43,xgboost,191,527,0,0.0253073051571846,0,0.5
2,3,43,xgboost,193,445,0,1.9392107788007706e-05,0,0.5
2,3,43,xgboost,195,429,0,0.0005528207984752953,0,0.5
2,3,43,xgboost,200,443,0,0.05554242432117462,0,0.5
2,3,43,xgboost,205,388,1,0.08391844481229782,0,0.5
2,3,43,xgboost,209,387,0,0.015096808783710003,0,0.5
2,3,43,xgboost,212,431,0,0.03458884358406067,0,0.5
2,3,43,xgboost,216,531,1,0.019521109759807587,0,0.5
2,3,43,xgboost,218,503,0,0.7619683742523193,1,0.5
2,3,43,xgboost,220,406,0,0.0009617676259949803,0,0.5
2,3,43,xgboost,224,351,1,0.7011635303497314,1,0.5
2,3,43,xgboost,227,394,0,0.15700139105319977,0,0.5
2,3,43,xgboost,233,345,0,0.002494292100891471,0,0.5
2,3,43,xgboost,234,406,0,0.0009617676259949803,0,0.5
2,3,43,xgboost,242,555,0,0.0032495015766471624,0,0.5
2,3,43,xgboost,249,270,0,0.04825979471206665,0,0.5
2,3,43,xgboost,264,259,1,0.0017046543071046472,0,0.5
2,3,43,xgboost,270,211,0,0.3099961578845978,0,0.5
2,3,43,xgboost,271,359,0,0.003556035226210952,0,0.5
2,3,43,xgboost,272,330,0,0.007993600331246853,0,0.5
2,3,43,xgboost,283,389,0,0.12257039546966553,0,0.5
2,3,43,xgboost,290,204,0,0.11988866329193115,0,0.5
2,3,43,xgboost,303,386,0,0.016104264184832573,0,0.5
2,3,43,xgboost,311,368,0,0.013785345479846,0,0.5
2,3,43,xgboost,320,271,1,0.01078355498611927,0,0.5
2,3,43,xgboost,334,229,0,0.09870433062314987,0,0.5
2,3,43,xgboost,338,200,0,0.00375337153673172,0,0.5
2,3,43,xgboost,339,182,0,0.03503032773733139,0,0.5
2,3,43,xgboost,345,276,1,0.013866366818547249,0,0.5
2,3,43,xgboost,357,258,0,0.005703859496861696,0,0.5
2,3,43,xgboost,361,199,0,0.2575315237045288,0,0.5
2,3,43,xgboost,362,160,0,0.3010932207107544,0,0.5
2,3,43,xgboost,379,224,0,0.31638532876968384,0,0.5
2,3,43,xgboost,385,234,0,0.16483403742313385,0,0.5
2,3,43,xgboost,387,266,0,0.01718497835099697,0,0.5
2,3,43,xgboost,390,179,0,0.14321434497833252,0,0.5
2,3,43,xgboost,392,120,0,0.010343643836677074,0,0.5
2,3,43,xgboost,396,100,0,0.0018695180770009756,0,0.5
2,3,43,xgboost,397,137,0,0.02328760176897049,0,0.5
2,3,43,xgboost,409,54,0,0.005749532021582127,0,0.5
2,3,43,xgboost,410,171,0,0.8949873447418213,1,0.5
2,3,43,xgboost,417,158,0,0.017625050619244576,0,0.5
2,3,43,xgboost,426,114,0,0.0012861222494393587,0,0.5
2,3,43,xgboost,429,73,0,0.003716095583513379,0,0.5
2,3,43,xgboost,435,54,0,0.005749532021582127,0,0.5
2,3,43,xgboost,436,39,0,0.0009103696211241186,0,0.5
2,3,43,xgboost,449,75,0,0.0045723989605903625,0,0.5
2,3,43,xgboost,456,24,0,0.001919622183777392,0,0.5
2,3,43,xgboost,469,16,0,0.005749532021582127,0,0.5
2,3,43,xgboost,470,764,0,0.034803684800863266,0,0.5
2,3,43,xgboost,471,94,0,0.001879673101939261,0,0.5
2,3,43,xgboost,487,483,0,0.039911240339279175,0,0.5
2,3,43,xgboost,494,165,0,0.5284320712089539,1,0.5
2,3,43,xgboost,510,17,0,0.0008623653557151556,0,0.5
2,3,43,xgboost,511,38,0,0.0014199824072420597,0,0.5
2,3,43,xgboost,517,514,0,0.08065324276685715,0,0.5
2,3,43,xgboost,518,362,0,0.0007981102680787444,0,0.5
2,3,43,xgboost,521,791,0,0.033002227544784546,0,0.5
2,3,43,xgboost,524,628,0,0.7034757137298584,1,0.5
2,3,43,xgboost,526,469,0,0.07406146824359894,0,0.5
2,3,43,xgboost,536,24,0,0.001919622183777392,0,0.5
2,3,43,xgboost,540,188,0,0.08044558763504028,0,0.5
2,3,43,xgboost,541,474,0,0.020981281995773315,0,0.5
2,3,43,xgboost,545,532,0,0.5232654213905334,1,0.5
2,3,43,xgboost,550,191,0,0.06563270092010498,0,0.5
2,3,43,xgboost,551,639,0,0.037205927073955536,0,0.5
2,3,43,xgboost,552,105,0,0.0012317618820816278,0,0.5
2,3,43,xgboost,554,20,0,0.003968383651226759,0,0.5
2,3,43,xgboost,559,162,0,0.019963761791586876,0,0.5
2,3,43,xgboost,562,282,0,0.02476656250655651,0,0.5
2,3,43,xgboost,570,559,0,0.07438097894191742,0,0.5
2,3,43,xgboost,575,54,0,0.005749532021582127,0,0.5
2,3,43,xgboost,578,126,1,0.03773898258805275,0,0.5
2,3,43,xgboost,579,730,0,0.0022869687527418137,0,0.5
2,3,43,xgboost,595,248,0,0.0020662546157836914,0,0.5
2,3,43,xgboost,597,133,0,0.6213806867599487,1,0.5
2,3,43,xgboost,598,54,1,0.005749532021582127,0,0.5
2,3,43,xgboost,608,135,0,0.002521321177482605,0,0.5
2,3,43,xgboost,609,416,0,0.009591534733772278,0,0.5
2,3,43,xgboost,624,118,0,0.024654807522892952,0,0.5
2,3,43,xgboost,629,336,0,0.08569231629371643,0,0.5
2,3,43,xgboost,632,226,0,0.2116691619157791,0,0.5
2,3,43,xgboost,644,285,0,0.020041853189468384,0,0.5
2,3,43,xgboost,651,788,0,0.001709897886030376,0,0.5
2,3,43,xgboost,656,294,0,0.08262967318296432,0,0.5
2,3,43,xgboost,658,85,0,0.008811063133180141,0,0.5
2,3,43,xgboost,664,756,1,0.5635057687759399,1,0.5
2,3,43,xgboost,668,830,0,0.12968194484710693,0,0.5
2,3,43,xgboost,672,0,0,0.005309227854013443,0,0.5
2,3,43,xgboost,679,822,0,0.20856088399887085,0,0.5
2,3,43,xgboost,681,793,0,0.00046175066381692886,0,0.5
2,3,43,xgboost,688,510,1,0.46110254526138306,0,0.5
2,3,43,xgboost,692,74,0,0.4455336034297943,0,0.5
2,3,43,xgboost,694,486,0,0.2589138150215149,0,0.5
2,3,43,xgboost,695,538,0,0.3438786268234253,0,0.5
2,3,43,xgboost,696,138,0,0.022628067061305046,0,0.5
2,3,43,xgboost,703,42,0,0.033096764236688614,0,0.5
2,3,43,xgboost,710,449,0,0.05855564773082733,0,0.5
2,3,43,xgboost,712,317,0,0.01578216813504696,0,0.5
2,3,43,xgboost,716,144,0,0.04691099375486374,0,0.5
2,3,43,xgboost,717,731,0,0.3157573640346527,0,0.5
2,3,43,xgboost,718,246,0,0.6929479837417603,1,0.5
2,3,43,xgboost,721,655,0,0.034261785447597504,0,0.5
2,3,43,xgboost,723,124,0,0.021452806890010834,0,0.5
2,3,43,xgboost,724,554,0,0.042923249304294586,0,0.5
2,3,43,xgboost,732,417,0,0.07758156210184097,0,0.5
2,3,43,xgboost,742,156,0,0.04924773424863815,0,0.5
2,3,43,xgboost,747,218,0,0.07256773859262466,0,0.5
2,3,43,xgboost,762,139,0,0.0040967646054923534,0,0.5
2,3,43,xgboost,764,281,0,0.00508126663044095,0,0.5
2,3,43,xgboost,769,415,0,0.0011032955953851342,0,0.5
2,3,43,xgboost,774,801,0,0.009644148871302605,0,0.5
2,3,43,xgboost,775,455,0,0.1254037618637085,0,0.5
2,3,43,xgboost,780,110,0,0.0005879012169316411,0,0.5
2,3,43,xgboost,792,314,0,0.00021660146012436599,0,0.5
2,3,43,xgboost,793,353,0,0.018889816477894783,0,0.5
2,3,43,xgboost,794,175,0,0.0018697992200031877,0,0.5
2,3,43,xgboost,806,62,0,0.009353963658213615,0,0.5
2,3,43,xgboost,807,717,0,0.003975876607000828,0,0.5
2,3,43,xgboost,812,4,0,0.018927142024040222,0,0.5
2,3,43,xgboost,817,516,0,0.02543899603188038,0,0.5
2,3,43,xgboost,819,2,0,0.01685250550508499,0,0.5
2,3,43,xgboost,824,720,0,0.006428918801248074,0,0.5
2,3,43,xgboost,832,561,0,0.014320382848381996,0,0.5
2,3,43,xgboost,835,332,0,0.006875430699437857,0,0.5
2,3,43,xgboost,838,694,0,0.02762826532125473,0,0.5
2,3,43,xgboost,840,346,0,0.00175952457357198,0,0.5
2,3,43,xgboost,841,297,0,0.015990274026989937,0,0.5
2,3,43,xgboost,844,444,0,0.00014518680109176785,0,0.5
2,3,43,xgboost,845,132,0,0.07970597594976425,0,0.5
2,3,43,xgboost,851,298,0,0.00469063688069582,0,0.5
2,4,43,dummy_prior,7,413,0,0.0641399416909621,0,0.5
2,4,43,dummy_prior,11,450,0,0.0641399416909621,0,0.5
2,4,43,dummy_prior,16,790,0,0.0641399416909621,0,0.5
2,4,43,dummy_prior,20,797,0,0.0641399416909621,0,0.5
2,4,43,dummy_prior,22,766,1,0.0641399416909621,0,0.5
2,4,43,dummy_prior,29,745,0,0.0641399416909621,0,0.5
2,4,43,dummy_prior,30,782,0,0.0641399416909621,0,0.5
2,4,43,dummy_prior,32,738,0,0.0641399416909621,0,0.5
2,4,43,dummy_prior,46,716,0,0.0641399416909621,0,0.5
2,4,43,dummy_prior,54,708,0,0.0641399416909621,0,0.5
2,4,43,dummy_prior,63,629,0,0.0641399416909621,0,0.5
2,4,43,dummy_prior,64,750,1,0.0641399416909621,0,0.5
2,4,43,dummy_prior,70,727,0,0.0641399416909621,0,0.5
2,4,43,dummy_prior,71,677,0,0.0641399416909621,0,0.5
2,4,43,dummy_prior,77,646,0,0.0641399416909621,0,0.5
2,4,43,dummy_prior,90,707,0,0.0641399416909621,0,0.5
2,4,43,dummy_prior,92,649,0,0.0641399416909621,0,0.5
2,4,43,dummy_prior,93,631,1,0.0641399416909621,0,0.5
2,4,43,dummy_prior,94,637,0,0.0641399416909621,0,0.5
2,4,43,dummy_prior,107,653,0,0.0641399416909621,0,0.5
2,4,43,dummy_prior,108,611,0,0.0641399416909621,0,0.5
2,4,43,dummy_prior,111,626,0,0.0641399416909621,0,0.5
2,4,43,dummy_prior,117,570,0,0.0641399416909621,0,0.5
2,4,43,dummy_prior,126,588,0,0.0641399416909621,0,0.5
2,4,43,dummy_prior,127,520,0,0.0641399416909621,0,0.5
2,4,43,dummy_prior,129,557,0,0.0641399416909621,0,0.5
2,4,43,dummy_prior,131,581,1,0.0641399416909621,0,0.5
2,4,43,dummy_prior,142,591,0,0.0641399416909621,0,0.5
2,4,43,dummy_prior,158,617,0,0.0641399416909621,0,0.5
2,4,43,dummy_prior,160,484,0,0.0641399416909621,0,0.5
2,4,43,dummy_prior,161,490,0,0.0641399416909621,0,0.5
2,4,43,dummy_prior,169,108,0,0.0641399416909621,0,0.5
2,4,43,dummy_prior,173,529,0,0.0641399416909621,0,0.5
2,4,43,dummy_prior,175,412,0,0.0641399416909621,0,0.5
2,4,43,dummy_prior,179,548,0,0.0641399416909621,0,0.5
2,4,43,dummy_prior,184,411,0,0.0641399416909621,0,0.5
2,4,43,dummy_prior,192,459,0,0.0641399416909621,0,0.5
2,4,43,dummy_prior,197,442,0,0.0641399416909621,0,0.5
2,4,43,dummy_prior,203,494,1,0.0641399416909621,0,0.5
2,4,43,dummy_prior,210,399,0,0.0641399416909621,0,0.5
2,4,43,dummy_prior,213,500,0,0.0641399416909621,0,0.5
2,4,43,dummy_prior,215,372,0,0.0641399416909621,0,0.5
2,4,43,dummy_prior,228,585,0,0.0641399416909621,0,0.5
2,4,43,dummy_prior,237,347,0,0.0641399416909621,0,0.5
2,4,43,dummy_prior,240,334,0,0.0641399416909621,0,0.5
2,4,43,dummy_prior,248,381,0,0.0641399416909621,0,0.5
2,4,43,dummy_prior,250,379,0,0.0641399416909621,0,0.5
2,4,43,dummy_prior,251,284,0,0.0641399416909621,0,0.5
2,4,43,dummy_prior,255,379,0,0.0641399416909621,0,0.5
2,4,43,dummy_prior,262,295,0,0.0641399416909621,0,0.5
2,4,43,dummy_prior,265,247,0,0.0641399416909621,0,0.5
2,4,43,dummy_prior,268,305,0,0.0641399416909621,0,0.5
2,4,43,dummy_prior,274,349,0,0.0641399416909621,0,0.5
2,4,43,dummy_prior,275,237,0,0.0641399416909621,0,0.5
2,4,43,dummy_prior,277,168,0,0.0641399416909621,0,0.5
2,4,43,dummy_prior,278,267,0,0.0641399416909621,0,0.5
2,4,43,dummy_prior,282,219,0,0.0641399416909621,0,0.5
2,4,43,dummy_prior,295,283,0,0.0641399416909621,0,0.5
2,4,43,dummy_prior,298,333,0,0.0641399416909621,0,0.5
2,4,43,dummy_prior,300,301,0,0.0641399416909621,0,0.5
2,4,43,dummy_prior,306,436,0,0.0641399416909621,0,0.5
2,4,43,dummy_prior,324,654,0,0.0641399416909621,0,0.5
2,4,43,dummy_prior,333,274,0,0.0641399416909621,0,0.5
2,4,43,dummy_prior,347,131,0,0.0641399416909621,0,0.5
2,4,43,dummy_prior,348,125,0,0.0641399416909621,0,0.5
2,4,43,dummy_prior,349,235,0,0.0641399416909621,0,0.5
2,4,43,dummy_prior,351,155,0,0.0641399416909621,0,0.5
2,4,43,dummy_prior,352,152,0,0.0641399416909621,0,0.5
2,4,43,dummy_prior,365,178,0,0.0641399416909621,0,0.5
2,4,43,dummy_prior,367,127,0,0.0641399416909621,0,0.5
2,4,43,dummy_prior,369,82,0,0.0641399416909621,0,0.5
2,4,43,dummy_prior,383,134,1,0.0641399416909621,0,0.5
2,4,43,dummy_prior,394,184,0,0.0641399416909621,0,0.5
2,4,43,dummy_prior,395,82,0,0.0641399416909621,0,0.5
2,4,43,dummy_prior,398,115,0,0.0641399416909621,0,0.5
2,4,43,dummy_prior,404,88,0,0.0641399416909621,0,0.5
2,4,43,dummy_prior,414,186,0,0.0641399416909621,0,0.5
2,4,43,dummy_prior,416,70,0,0.0641399416909621,0,0.5
2,4,43,dummy_prior,423,51,0,0.0641399416909621,0,0.5
2,4,43,dummy_prior,425,35,0,0.0641399416909621,0,0.5
2,4,43,dummy_prior,428,29,0,0.0641399416909621,0,0.5
2,4,43,dummy_prior,431,70,0,0.0641399416909621,0,0.5
2,4,43,dummy_prior,433,28,0,0.0641399416909621,0,0.5
2,4,43,dummy_prior,434,192,1,0.0641399416909621,0,0.5
2,4,43,dummy_prior,437,26,0,0.0641399416909621,0,0.5
2,4,43,dummy_prior,442,26,0,0.0641399416909621,0,0.5
2,4,43,dummy_prior,455,77,0,0.0641399416909621,0,0.5
2,4,43,dummy_prior,458,35,0,0.0641399416909621,0,0.5
2,4,43,dummy_prior,459,3,0,0.0641399416909621,0,0.5
2,4,43,dummy_prior,462,68,0,0.0641399416909621,0,0.5
2,4,43,dummy_prior,465,43,0,0.0641399416909621,0,0.5
2,4,43,dummy_prior,472,682,1,0.0641399416909621,0,0.5
2,4,43,dummy_prior,474,640,0,0.0641399416909621,0,0.5
2,4,43,dummy_prior,484,371,0,0.0641399416909621,0,0.5
2,4,43,dummy_prior,485,286,0,0.0641399416909621,0,0.5
2,4,43,dummy_prior,491,122,0,0.0641399416909621,0,0.5
2,4,43,dummy_prior,501,610,0,0.0641399416909621,0,0.5
2,4,43,dummy_prior,503,735,0,0.0641399416909621,0,0.5
2,4,43,dummy_prior,509,384,0,0.0641399416909621,0,0.5
2,4,43,dummy_prior,528,547,0,0.0641399416909621,0,0.5
2,4,43,dummy_prior,533,425,0,0.0641399416909621,0,0.5
2,4,43,dummy_prior,542,146,0,0.0641399416909621,0,0.5
2,4,43,dummy_prior,544,50,0,0.0641399416909621,0,0.5
2,4,43,dummy_prior,546,213,0,0.0641399416909621,0,0.5
2,4,43,dummy_prior,553,636,0,0.0641399416909621,0,0.5
2,4,43,dummy_prior,556,772,0,0.0641399416909621,0,0.5
2,4,43,dummy_prior,561,208,0,0.0641399416909621,0,0.5
2,4,43,dummy_prior,563,712,0,0.0641399416909621,0,0.5
2,4,43,dummy_prior,564,426,0,0.0641399416909621,0,0.5
2,4,43,dummy_prior,567,383,0,0.0641399416909621,0,0.5
2,4,43,dummy_prior,569,802,0,0.0641399416909621,0,0.5
2,4,43,dummy_prior,576,464,0,0.0641399416909621,0,0.5
2,4,43,dummy_prior,581,59,0,0.0641399416909621,0,0.5
2,4,43,dummy_prior,585,648,0,0.0641399416909621,0,0.5
2,4,43,dummy_prior,588,813,0,0.0641399416909621,0,0.5
2,4,43,dummy_prior,589,784,0,0.0641399416909621,0,0.5
2,4,43,dummy_prior,594,193,0,0.0641399416909621,0,0.5
2,4,43,dummy_prior,596,83,0,0.0641399416909621,0,0.5
2,4,43,dummy_prior,615,706,0,0.0641399416909621,0,0.5
2,4,43,dummy_prior,618,130,0,0.0641399416909621,0,0.5
2,4,43,dummy_prior,620,363,0,0.0641399416909621,0,0.5
2,4,43,dummy_prior,625,92,0,0.0641399416909621,0,0.5
2,4,43,dummy_prior,631,187,0,0.0641399416909621,0,0.5
2,4,43,dummy_prior,633,261,0,0.0641399416909621,0,0.5
2,4,43,dummy_prior,634,478,0,0.0641399416909621,0,0.5
2,4,43,dummy_prior,635,714,0,0.0641399416909621,0,0.5
2,4,43,dummy_prior,640,625,0,0.0641399416909621,0,0.5
2,4,43,dummy_prior,642,512,0,0.0641399416909621,0,0.5
2,4,43,dummy_prior,647,277,0,0.0641399416909621,0,0.5
2,4,43,dummy_prior,648,95,0,0.0641399416909621,0,0.5
2,4,43,dummy_prior,652,826,0,0.0641399416909621,0,0.5
2,4,43,dummy_prior,653,216,1,0.0641399416909621,0,0.5
2,4,43,dummy_prior,667,829,0,0.0641399416909621,0,0.5
2,4,43,dummy_prior,669,755,0,0.0641399416909621,0,0.5
2,4,43,dummy_prior,670,817,1,0.0641399416909621,0,0.5
2,4,43,dummy_prior,673,819,1,0.0641399416909621,0,0.5
2,4,43,dummy_prior,674,795,0,0.0641399416909621,0,0.5
2,4,43,dummy_prior,676,828,0,0.0641399416909621,0,0.5
2,4,43,dummy_prior,678,609,0,0.0641399416909621,0,0.5
2,4,43,dummy_prior,690,8,0,0.0641399416909621,0,0.5
2,4,43,dummy_prior,698,473,0,0.0641399416909621,0,0.5
2,4,43,dummy_prior,700,479,0,0.0641399416909621,0,0.5
2,4,43,dummy_prior,708,254,0,0.0641399416909621,0,0.5
2,4,43,dummy_prior,714,521,0,0.0641399416909621,0,0.5
2,4,43,dummy_prior,727,589,0,0.0641399416909621,0,0.5
2,4,43,dummy_prior,734,564,0,0.0641399416909621,0,0.5
2,4,43,dummy_prior,736,725,0,0.0641399416909621,0,0.5
2,4,43,dummy_prior,738,477,0,0.0641399416909621,0,0.5
2,4,43,dummy_prior,743,540,0,0.0641399416909621,0,0.5
2,4,43,dummy_prior,750,99,0,0.0641399416909621,0,0.5
2,4,43,dummy_prior,751,778,0,0.0641399416909621,0,0.5
2,4,43,dummy_prior,758,578,0,0.0641399416909621,0,0.5
2,4,43,dummy_prior,759,101,0,0.0641399416909621,0,0.5
2,4,43,dummy_prior,763,785,0,0.0641399416909621,0,0.5
2,4,43,dummy_prior,766,206,0,0.0641399416909621,0,0.5
2,4,43,dummy_prior,768,422,0,0.0641399416909621,0,0.5
2,4,43,dummy_prior,776,45,0,0.0641399416909621,0,0.5
2,4,43,dummy_prior,777,744,0,0.0641399416909621,0,0.5
2,4,43,dummy_prior,782,528,0,0.0641399416909621,0,0.5
2,4,43,dummy_prior,795,690,0,0.0641399416909621,0,0.5
2,4,43,dummy_prior,798,396,0,0.0641399416909621,0,0.5
2,4,43,dummy_prior,799,141,0,0.0641399416909621,0,0.5
2,4,43,dummy_prior,802,14,0,0.0641399416909621,0,0.5
2,4,43,dummy_prior,808,544,0,0.0641399416909621,0,0.5
2,4,43,dummy_prior,815,549,0,0.0641399416909621,0,0.5
2,4,43,dummy_prior,830,699,0,0.0641399416909621,0,0.5
2,4,43,dummy_prior,834,569,0,0.0641399416909621,0,0.5
2,4,43,dummy_prior,837,606,0,0.0641399416909621,0,0.5
2,4,43,dummy_prior,847,574,0,0.0641399416909621,0,0.5
2,4,43,dummy_prior,850,117,0,0.0641399416909621,0,0.5
2,4,43,dummy_prior,854,616,0,0.0641399416909621,0,0.5
2,4,43,dummy_prior,855,377,0,0.0641399416909621,0,0.5
2,4,43,logistic_regression,7,413,0,0.5210006779854633,1,0.5
2,4,43,logistic_regression,11,450,0,0.5289358365694711,1,0.5
2,4,43,logistic_regression,16,790,0,0.39895026189725674,0,0.5
2,4,43,logistic_regression,20,797,0,0.6145976311575959,1,0.5
2,4,43,logistic_regression,22,766,1,0.5957528374435596,1,0.5
2,4,43,logistic_regression,29,745,0,0.36874171920648746,0,0.5
2,4,43,logistic_regression,30,782,0,0.7590071119351882,1,0.5
2,4,43,logistic_regression,32,738,0,0.40086409679860746,0,0.5
2,4,43,logistic_regression,46,716,0,0.7033882106567223,1,0.5
2,4,43,logistic_regression,54,708,0,0.5637795926708334,1,0.5
2,4,43,logistic_regression,63,629,0,0.8208138367003183,1,0.5
2,4,43,logistic_regression,64,750,1,0.6433272219657594,1,0.5
2,4,43,logistic_regression,70,727,0,0.6193391056743585,1,0.5
2,4,43,logistic_regression,71,677,0,0.05148186772906107,0,0.5
2,4,43,logistic_regression,77,646,0,0.40806547041618757,0,0.5
2,4,43,logistic_regression,90,707,0,0.19757954746894688,0,0.5
2,4,43,logistic_regression,92,649,0,0.6182775799634562,1,0.5
2,4,43,logistic_regression,93,631,1,0.36576935884164147,0,0.5
2,4,43,logistic_regression,94,637,0,0.4873895992459092,0,0.5
2,4,43,logistic_regression,107,653,0,0.45569464382436004,0,0.5
2,4,43,logistic_regression,108,611,0,0.5497810982662801,1,0.5
2,4,43,logistic_regression,111,626,0,0.2366263332658345,0,0.5
2,4,43,logistic_regression,117,570,0,0.36059288079465635,0,0.5
2,4,43,logistic_regression,126,588,0,0.47610858778184456,0,0.5
2,4,43,logistic_regression,127,520,0,0.6195371129522095,1,0.5
2,4,43,logistic_regression,129,557,0,0.5299740628598371,1,0.5
2,4,43,logistic_regression,131,581,1,0.7546911295252636,1,0.5
2,4,43,logistic_regression,142,591,0,0.22544546330366488,0,0.5
2,4,43,logistic_regression,158,617,0,0.4673956932524659,0,0.5
2,4,43,logistic_regression,160,484,0,0.576415302041908,1,0.5
2,4,43,logistic_regression,161,490,0,0.487814022253255,0,0.5
2,4,43,logistic_regression,169,108,0,0.5086984967295021,1,0.5
2,4,43,logistic_regression,173,529,0,0.7891161186769405,1,0.5
2,4,43,logistic_regression,175,412,0,0.4264932149984179,0,0.5
2,4,43,logistic_regression,179,548,0,0.5324483602491599,1,0.5
2,4,43,logistic_regression,184,411,0,0.4919761892070953,0,0.5
2,4,43,logistic_regression,192,459,0,0.4591643199364606,0,0.5
2,4,43,logistic_regression,197,442,0,0.5577042818336796,1,0.5
2,4,43,logistic_regression,203,494,1,0.6983448863031421,1,0.5
2,4,43,logistic_regression,210,399,0,0.5717252529487742,1,0.5
2,4,43,logistic_regression,213,500,0,0.8493930104642045,1,0.5
2,4,43,logistic_regression,215,372,0,0.37645030684114417,0,0.5
2,4,43,logistic_regression,228,585,0,0.1735287840675007,0,0.5
2,4,43,logistic_regression,237,347,0,0.4144420072284267,0,0.5
2,4,43,logistic_regression,240,334,0,0.4672411257395754,0,0.5
2,4,43,logistic_regression,248,381,0,0.5049325957000113,1,0.5
2,4,43,logistic_regression,250,379,0,0.41278537167794394,0,0.5
2,4,43,logistic_regression,251,284,0,0.4199856683054707,0,0.5
2,4,43,logistic_regression,255,379,0,0.41278537167794394,0,0.5
2,4,43,logistic_regression,262,295,0,0.6101940921417324,1,0.5
2,4,43,logistic_regression,265,247,0,0.5086669299709287,1,0.5
2,4,43,logistic_regression,268,305,0,0.466618698935198,0,0.5
2,4,43,logistic_regression,274,349,0,0.4677822189267536,0,0.5
2,4,43,logistic_regression,275,237,0,0.4861833535914269,0,0.5
2,4,43,logistic_regression,277,168,0,0.47552802139798467,0,0.5
2,4,43,logistic_regression,278,267,0,0.4899148169178484,0,0.5
2,4,43,logistic_regression,282,219,0,0.4553309300353543,0,0.5
2,4,43,logistic_regression,295,283,0,0.7007499105548646,1,0.5
2,4,43,logistic_regression,298,333,0,0.42975325894226013,0,0.5
2,4,43,logistic_regression,300,301,0,0.5017678131481682,1,0.5
2,4,43,logistic_regression,306,436,0,0.4087961692751975,0,0.5
2,4,43,logistic_regression,324,654,0,0.3298749357996022,0,0.5
2,4,43,logistic_regression,333,274,0,0.5080648873260221,1,0.5
2,4,43,logistic_regression,347,131,0,0.4338366967486224,0,0.5
2,4,43,logistic_regression,348,125,0,0.49498704209823535,0,0.5
2,4,43,logistic_regression,349,235,0,0.436718689961652,0,0.5
2,4,43,logistic_regression,351,155,0,0.4858520052174609,0,0.5
2,4,43,logistic_regression,352,152,0,0.4981101763350384,0,0.5
2,4,43,logistic_regression,365,178,0,0.588233917030307,1,0.5
2,4,43,logistic_regression,367,127,0,0.4766375422738531,0,0.5
2,4,43,logistic_regression,369,82,0,0.48155543340114143,0,0.5
2,4,43,logistic_regression,383,134,1,0.44550394998639803,0,0.5
2,4,43,logistic_regression,394,184,0,0.8215799390247676,1,0.5
2,4,43,logistic_regression,395,82,0,0.48155543340114143,0,0.5
2,4,43,logistic_regression,398,115,0,0.1072219128799083,0,0.5
2,4,43,logistic_regression,404,88,0,0.5058048795516941,1,0.5
2,4,43,logistic_regression,414,186,0,0.5175240879367001,1,0.5
2,4,43,logistic_regression,416,70,0,0.507541795906481,1,0.5
2,4,43,logistic_regression,423,51,0,0.5145420558350402,1,0.5
2,4,43,logistic_regression,425,35,0,0.4972918946635827,0,0.5
2,4,43,logistic_regression,428,29,0,0.5176827328498049,1,0.5
2,4,43,logistic_regression,431,70,0,0.507541795906481,1,0.5
2,4,43,logistic_regression,433,28,0,0.43129775837627254,0,0.5
2,4,43,logistic_regression,434,192,1,0.42393157198843306,0,0.5
2,4,43,logistic_regression,437,26,0,0.4952147658755024,0,0.5
2,4,43,logistic_regression,442,26,0,0.4952147658755024,0,0.5
2,4,43,logistic_regression,455,77,0,0.31459651791782867,0,0.5
2,4,43,logistic_regression,458,35,0,0.4972918946635827,0,0.5
2,4,43,logistic_regression,459,3,0,0.5033304266856927,1,0.5
2,4,43,logistic_regression,462,68,0,0.502411528833331,1,0.5
2,4,43,logistic_regression,465,43,0,0.5048398066931175,1,0.5
2,4,43,logistic_regression,472,682,1,0.4261973842898338,0,0.5
2,4,43,logistic_regression,474,640,0,0.5264972174910046,1,0.5
2,4,43,logistic_regression,484,371,0,0.4737866548009362,0,0.5
2,4,43,logistic_regression,485,286,0,0.5012760117665754,1,0.5
2,4,43,logistic_regression,491,122,0,0.42057366498135346,0,0.5
2,4,43,logistic_regression,501,610,0,0.4798241034634118,0,0.5
2,4,43,logistic_regression,503,735,0,0.5667833291243689,1,0.5
2,4,43,logistic_regression,509,384,0,0.4251020006573903,0,0.5
2,4,43,logistic_regression,528,547,0,0.1773848912061942,0,0.5
2,4,43,logistic_regression,533,425,0,0.4709460721907172,0,0.5
2,4,43,logistic_regression,542,146,0,0.17224850190000737,0,0.5
2,4,43,logistic_regression,544,50,0,0.30229328173008985,0,0.5
2,4,43,logistic_regression,546,213,0,0.6949036012637398,1,0.5
2,4,43,logistic_regression,553,636,0,0.43599298165049033,0,0.5
2,4,43,logistic_regression,556,772,0,0.6175550585250613,1,0.5
2,4,43,logistic_regression,561,208,0,0.4262409250589592,0,0.5
2,4,43,logistic_regression,563,712,0,0.4077137712276513,0,0.5
2,4,43,logistic_regression,564,426,0,0.32759397043822347,0,0.5
2,4,43,logistic_regression,567,383,0,0.5567790386019849,1,0.5
2,4,43,logistic_regression,569,802,0,0.42850264455887915,0,0.5
2,4,43,logistic_regression,576,464,0,0.17771652684134046,0,0.5
2,4,43,logistic_regression,581,59,0,0.4564585317327388,0,0.5
2,4,43,logistic_regression,585,648,0,0.3796665195553702,0,0.5
2,4,43,logistic_regression,588,813,0,0.46670638915140106,0,0.5
2,4,43,logistic_regression,589,784,0,0.42847599865297115,0,0.5
2,4,43,logistic_regression,594,193,0,0.41982128700173965,0,0.5
2,4,43,logistic_regression,596,83,0,0.40565494494853443,0,0.5
2,4,43,logistic_regression,615,706,0,0.7288207193176162,1,0.5
2,4,43,logistic_regression,618,130,0,0.4199572383688062,0,0.5
2,4,43,logistic_regression,620,363,0,0.4619747066622763,0,0.5
2,4,43,logistic_regression,625,92,0,0.491254152545292,0,0.5
2,4,43,logistic_regression,631,187,0,0.5315654782781093,1,0.5
2,4,43,logistic_regression,633,261,0,0.1753060647645421,0,0.5
2,4,43,logistic_regression,634,478,0,0.49958504118451935,0,0.5
2,4,43,logistic_regression,635,714,0,0.4385641468179995,0,0.5
2,4,43,logistic_regression,640,625,0,0.5258022041940322,1,0.5
2,4,43,logistic_regression,642,512,0,0.516832967333438,1,0.5
2,4,43,logistic_regression,647,277,0,0.3723631429832692,0,0.5
2,4,43,logistic_regression,648,95,0,0.9473710286401292,1,0.5
2,4,43,logistic_regression,652,826,0,0.690375567902645,1,0.5
2,4,43,logistic_regression,653,216,1,0.6112854207920446,1,0.5
2,4,43,logistic_regression,667,829,0,0.46641749254991005,0,0.5
2,4,43,logistic_regression,669,755,0,0.7428383526498109,1,0.5
2,4,43,logistic_regression,670,817,1,0.6674987982963662,1,0.5
2,4,43,logistic_regression,673,819,1,0.6293061693119523,1,0.5
2,4,43,logistic_regression,674,795,0,0.6377760545524257,1,0.5
2,4,43,logistic_regression,676,828,0,0.44628901222838985,0,0.5
2,4,43,logistic_regression,678,609,0,0.3893329555769563,0,0.5
2,4,43,logistic_regression,690,8,0,0.5900503986263134,1,0.5
2,4,43,logistic_regression,698,473,0,0.6487048581440995,1,0.5
2,4,43,logistic_regression,700,479,0,0.27489434034724475,0,0.5
2,4,43,logistic_regression,708,254,0,0.6305031500796578,1,0.5
2,4,43,logistic_regression,714,521,0,0.5042988622064463,1,0.5
2,4,43,logistic_regression,727,589,0,0.5220015664172297,1,0.5
2,4,43,logistic_regression,734,564,0,0.5984642574153674,1,0.5
2,4,43,logistic_regression,736,725,0,0.4475213263134413,0,0.5
2,4,43,logistic_regression,738,477,0,0.4964766473812641,0,0.5
2,4,43,logistic_regression,743,540,0,0.27616129204086715,0,0.5
2,4,43,logistic_regression,750,99,0,0.5047737917031456,1,0.5
2,4,43,logistic_regression,751,778,0,0.16608756805946603,0,0.5
2,4,43,logistic_regression,758,578,0,0.4706533073919491,0,0.5
2,4,43,logistic_regression,759,101,0,0.511694731468295,1,0.5
2,4,43,logistic_regression,763,785,0,0.5318337276351388,1,0.5
2,4,43,logistic_regression,766,206,0,0.4812156713453506,0,0.5
2,4,43,logistic_regression,768,422,0,0.4747492806880908,0,0.5
2,4,43,logistic_regression,776,45,0,0.49028929910645774,0,0.5
2,4,43,logistic_regression,777,744,0,0.43647883223623674,0,0.5
2,4,43,logistic_regression,782,528,0,0.47542584880417815,0,0.5
2,4,43,logistic_regression,795,690,0,0.6867114260156764,1,0.5
2,4,43,logistic_regression,798,396,0,0.4945464402926231,0,0.5
2,4,43,logistic_regression,799,141,0,0.5105832179619146,1,0.5
2,4,43,logistic_regression,802,14,0,0.4268143404239978,0,0.5
2,4,43,logistic_regression,808,544,0,0.5073996826776053,1,0.5
2,4,43,logistic_regression,815,549,0,0.5921359574347913,1,0.5
2,4,43,logistic_regression,830,699,0,0.5087139666376246,1,0.5
2,4,43,logistic_regression,834,569,0,0.5388844353909655,1,0.5
2,4,43,logistic_regression,837,606,0,0.2902474574499843,0,0.5
2,4,43,logistic_regression,847,574,0,0.4572038330052851,0,0.5
2,4,43,logistic_regression,850,117,0,0.48496003262052717,0,0.5
2,4,43,logistic_regression,854,616,0,0.4963814271592359,0,0.5
2,4,43,logistic_regression,855,377,0,0.39353483376020015,0,0.5
2,4,43,xgboost,7,413,0,0.021381406113505363,0,0.5
2,4,43,xgboost,11,450,0,0.41148748993873596,0,0.5
2,4,43,xgboost,16,790,0,0.016786063089966774,0,0.5
2,4,43,xgboost,20,797,0,0.4492000937461853,0,0.5
2,4,43,xgboost,22,766,1,0.2602267563343048,0,0.5
2,4,43,xgboost,29,745,0,0.010980477556586266,0,0.5
2,4,43,xgboost,30,782,0,0.22708740830421448,0,0.5
2,4,43,xgboost,32,738,0,0.05021857097744942,0,0.5
2,4,43,xgboost,46,716,0,0.11333204060792923,0,0.5
2,4,43,xgboost,54,708,0,0.18078632652759552,0,0.5
2,4,43,xgboost,63,629,0,0.8301314115524292,1,0.5
2,4,43,xgboost,64,750,1,0.3782869279384613,0,0.5
2,4,43,xgboost,70,727,0,0.7723671197891235,1,0.5
2,4,43,xgboost,71,677,0,0.007647994440048933,0,0.5
2,4,43,xgboost,77,646,0,0.005941063165664673,0,0.5
2,4,43,xgboost,90,707,0,0.0009555607102811337,0,0.5
2,4,43,xgboost,92,649,0,0.1867094784975052,0,0.5
2,4,43,xgboost,93,631,1,0.20009346306324005,0,0.5
2,4,43,xgboost,94,637,0,0.2298819124698639,0,0.5
2,4,43,xgboost,107,653,0,0.0966046005487442,0,0.5
2,4,43,xgboost,108,611,0,0.11268869787454605,0,0.5
2,4,43,xgboost,111,626,0,0.003508778056129813,0,0.5
2,4,43,xgboost,117,570,0,0.02409227564930916,0,0.5
2,4,43,xgboost,126,588,0,0.48721519112586975,0,0.5
2,4,43,xgboost,127,520,0,0.3084440231323242,0,0.5
2,4,43,xgboost,129,557,0,0.015062940306961536,0,0.5
2,4,43,xgboost,131,581,1,0.28421562910079956,0,0.5
2,4,43,xgboost,142,591,0,0.018720952793955803,0,0.5
2,4,43,xgboost,158,617,0,0.04649364948272705,0,0.5
2,4,43,xgboost,160,484,0,0.10617834329605103,0,0.5
2,4,43,xgboost,161,490,0,0.19310486316680908,0,0.5
2,4,43,xgboost,169,108,0,0.15408951044082642,0,0.5
2,4,43,xgboost,173,529,0,0.534643828868866,1,0.5
2,4,43,xgboost,175,412,0,0.4647217094898224,0,0.5
2,4,43,xgboost,179,548,0,0.2779083251953125,0,0.5
2,4,43,xgboost,184,411,0,0.1872188299894333,0,0.5
2,4,43,xgboost,192,459,0,0.27843570709228516,0,0.5
2,4,43,xgboost,197,442,0,0.5398843884468079,1,0.5
2,4,43,xgboost,203,494,1,0.9536184668540955,1,0.5
2,4,43,xgboost,210,399,0,0.619186520576477,1,0.5
2,4,43,xgboost,213,500,0,0.18350693583488464,0,0.5
2,4,43,xgboost,215,372,0,0.021510746330022812,0,0.5
2,4,43,xgboost,228,585,0,0.010315969586372375,0,0.5
2,4,43,xgboost,237,347,0,0.1092623919248581,0,0.5
2,4,43,xgboost,240,334,0,0.10390808433294296,0,0.5
2,4,43,xgboost,248,381,0,0.0721072107553482,0,0.5
2,4,43,xgboost,250,379,0,0.2358597368001938,0,0.5
2,4,43,xgboost,251,284,0,0.4678833782672882,0,0.5
2,4,43,xgboost,255,379,0,0.2358597368001938,0,0.5
2,4,43,xgboost,262,295,0,0.018177999183535576,0,0.5
2,4,43,xgboost,265,247,0,0.6517397165298462,1,0.5
2,4,43,xgboost,268,305,0,0.1324775516986847,0,0.5
2,4,43,xgboost,274,349,0,0.053982023149728775,0,0.5
2,4,43,xgboost,275,237,0,0.8251360058784485,1,0.5
2,4,43,xgboost,277,168,0,0.3877885639667511,0,0.5
2,4,43,xgboost,278,267,0,0.7513337135314941,1,0.5
2,4,43,xgboost,282,219,0,0.6508042216300964,1,0.5
2,4,43,xgboost,295,283,0,0.4200632572174072,0,0.5
2,4,43,xgboost,298,333,0,0.04188775271177292,0,0.5
2,4,43,xgboost,300,301,0,0.04213257133960724,0,0.5
2,4,43,xgboost,306,436,0,0.2403925061225891,0,0.5
2,4,43,xgboost,324,654,0,0.07004305720329285,0,0.5
2,4,43,xgboost,333,274,0,0.693677544593811,1,0.5
2,4,43,xgboost,347,131,0,0.23448780179023743,0,0.5
2,4,43,xgboost,348,125,0,0.4000895619392395,0,0.5
2,4,43,xgboost,349,235,0,0.29161956906318665,0,0.5
2,4,43,xgboost,351,155,0,0.09935780614614487,0,0.5
2,4,43,xgboost,352,152,0,0.4466205835342407,0,0.5
2,4,43,xgboost,365,178,0,0.19277231395244598,0,0.5
2,4,43,xgboost,367,127,0,0.5830017924308777,1,0.5
2,4,43,xgboost,369,82,0,0.43235665559768677,0,0.5
2,4,43,xgboost,383,134,1,0.23950715363025665,0,0.5
2,4,43,xgboost,394,184,0,0.6837584972381592,1,0.5
2,4,43,xgboost,395,82,0,0.43235665559768677,0,0.5
2,4,43,xgboost,398,115,0,0.0038802167400717735,0,0.5
2,4,43,xgboost,404,88,0,0.24662737548351288,0,0.5
2,4,43,xgboost,414,186,0,0.24605120718479156,0,0.5
2,4,43,xgboost,416,70,0,0.04793740436434746,0,0.5
2,4,43,xgboost,423,51,0,0.10072583705186844,0,0.5
2,4,43,xgboost,425,35,0,0.2792249917984009,0,0.5
2,4,43,xgboost,428,29,0,0.06393203884363174,0,0.5
2,4,43,xgboost,431,70,0,0.04793740436434746,0,0.5
2,4,43,xgboost,433,28,0,0.19594448804855347,0,0.5
2,4,43,xgboost,434,192,1,0.26897647976875305,0,0.5
2,4,43,xgboost,437,26,0,0.12522871792316437,0,0.5
2,4,43,xgboost,442,26,0,0.12522871792316437,0,0.5
2,4,43,xgboost,455,77,0,0.08937918394804001,0,0.5
2,4,43,xgboost,458,35,0,0.2792249917984009,0,0.5
2,4,43,xgboost,459,3,0,0.12034008651971817,0,0.5
2,4,43,xgboost,462,68,0,0.07130913436412811,0,0.5
2,4,43,xgboost,465,43,0,0.13013164699077606,0,0.5
2,4,43,xgboost,472,682,1,0.11585485935211182,0,0.5
2,4,43,xgboost,474,640,0,0.29420220851898193,0,0.5
2,4,43,xgboost,484,371,0,0.1891954243183136,0,0.5
2,4,43,xgboost,485,286,0,0.24078908562660217,0,0.5
2,4,43,xgboost,491,122,0,0.5803678035736084,1,0.5
2,4,43,xgboost,501,610,0,0.030558954924345016,0,0.5
2,4,43,xgboost,503,735,0,0.00867267232388258,0,0.5
2,4,43,xgboost,509,384,0,0.012287295423448086,0,0.5
2,4,43,xgboost,528,547,0,0.023812461644411087,0,0.5
2,4,43,xgboost,533,425,0,0.32575127482414246,0,0.5
2,4,43,xgboost,542,146,0,0.008590223267674446,0,0.5
2,4,43,xgboost,544,50,0,0.09651175886392593,0,0.5
2,4,43,xgboost,546,213,0,0.8917679786682129,1,0.5
2,4,43,xgboost,553,636,0,0.4483320713043213,0,0.5
2,4,43,xgboost,556,772,0,0.17267157137393951,0,0.5
2,4,43,xgboost,561,208,0,0.24311938881874084,0,0.5
2,4,43,xgboost,563,712,0,0.08806774765253067,0,0.5
2,4,43,xgboost,564,426,0,0.02463388442993164,0,0.5
2,4,43,xgboost,567,383,0,0.2861824035644531,0,0.5
2,4,43,xgboost,569,802,0,0.006553266663104296,0,0.5
2,4,43,xgboost,576,464,0,0.011117121204733849,0,0.5
2,4,43,xgboost,581,59,0,0.05172674357891083,0,0.5
2,4,43,xgboost,585,648,0,0.035788483917713165,0,0.5
2,4,43,xgboost,588,813,0,0.051418256014585495,0,0.5
2,4,43,xgboost,589,784,0,0.12384764105081558,0,0.5
2,4,43,xgboost,594,193,0,0.15794777870178223,0,0.5
2,4,43,xgboost,596,83,0,0.4168635904788971,0,0.5
2,4,43,xgboost,615,706,0,0.4244772791862488,0,0.5
2,4,43,xgboost,618,130,0,0.29052048921585083,0,0.5
2,4,43,xgboost,620,363,0,0.2550932765007019,0,0.5
2,4,43,xgboost,625,92,0,0.21859337389469147,0,0.5
2,4,43,xgboost,631,187,0,0.6851564645767212,1,0.5
2,4,43,xgboost,633,261,0,0.021423861384391785,0,0.5
2,4,43,xgboost,634,478,0,0.7390232086181641,1,0.5
2,4,43,xgboost,635,714,0,0.012018867768347263,0,0.5
2,4,43,xgboost,640,625,0,0.16269953548908234,0,0.5
2,4,43,xgboost,642,512,0,0.9215412735939026,1,0.5
2,4,43,xgboost,647,277,0,0.29543739557266235,0,0.5
2,4,43,xgboost,648,95,0,0.8789797425270081,1,0.5
2,4,43,xgboost,652,826,0,0.15234288573265076,0,0.5
2,4,43,xgboost,653,216,1,0.857879638671875,1,0.5
2,4,43,xgboost,667,829,0,0.13255907595157623,0,0.5
2,4,43,xgboost,669,755,0,0.02620624750852585,0,0.5
2,4,43,xgboost,670,817,1,0.1888367086648941,0,0.5
2,4,43,xgboost,673,819,1,0.05421089008450508,0,0.5
2,4,43,xgboost,674,795,0,0.4062314033508301,0,0.5
2,4,43,xgboost,676,828,0,0.07878728955984116,0,0.5
2,4,43,xgboost,678,609,0,0.14558503031730652,0,0.5
2,4,43,xgboost,690,8,0,0.10973856598138809,0,0.5
2,4,43,xgboost,698,473,0,0.5577007532119751,1,0.5
2,4,43,xgboost,700,479,0,0.2690664827823639,0,0.5
2,4,43,xgboost,708,254,0,0.1331445276737213,0,0.5
2,4,43,xgboost,714,521,0,0.1348281055688858,0,0.5
2,4,43,xgboost,727,589,0,0.3530254662036896,0,0.5
2,4,43,xgboost,734,564,0,0.10023302584886551,0,0.5
2,4,43,xgboost,736,725,0,0.11522482335567474,0,0.5
2,4,43,xgboost,738,477,0,0.6021470427513123,1,0.5
2,4,43,xgboost,743,540,0,0.83403480052948,1,0.5
2,4,43,xgboost,750,99,0,0.10813482105731964,0,0.5
2,4,43,xgboost,751,778,0,0.006150420755147934,0,0.5
2,4,43,xgboost,758,578,0,0.45487019419670105,0,0.5
2,4,43,xgboost,759,101,0,0.1005152091383934,0,0.5
2,4,43,xgboost,763,785,0,0.08703865110874176,0,0.5
2,4,43,xgboost,766,206,0,0.2649316191673279,0,0.5
2,4,43,xgboost,768,422,0,0.25012698769569397,0,0.5
2,4,43,xgboost,776,45,0,0.08968059718608856,0,0.5
2,4,43,xgboost,777,744,0,0.019126268103718758,0,0.5
2,4,43,xgboost,782,528,0,0.16936959326267242,0,0.5
2,4,43,xgboost,795,690,0,0.9506623148918152,1,0.5
2,4,43,xgboost,798,396,0,0.5562933087348938,1,0.5
2,4,43,xgboost,799,141,0,0.13370303809642792,0,0.5
2,4,43,xgboost,802,14,0,0.07822427153587341,0,0.5
2,4,43,xgboost,808,544,0,0.2797660529613495,0,0.5
2,4,43,xgboost,815,549,0,0.17684395611286163,0,0.5
2,4,43,xgboost,830,699,0,0.19718967378139496,0,0.5
2,4,43,xgboost,834,569,0,0.09360410273075104,0,0.5
2,4,43,xgboost,837,606,0,0.006900932174175978,0,0.5
2,4,43,xgboost,847,574,0,0.033908240497112274,0,0.5
2,4,43,xgboost,850,117,0,0.09139255434274673,0,0.5
2,4,43,xgboost,854,616,0,0.03753829002380371,0,0.5
2,4,43,xgboost,855,377,0,0.2842255234718323,0,0.5
2,5,43,dummy_prior,2,660,0,0.06404657933042213,0,0.5
2,5,43,dummy_prior,10,807,0,0.06404657933042213,0,0.5
2,5,43,dummy_prior,15,776,0,0.06404657933042213,0,0.5
2,5,43,dummy_prior,17,799,0,0.06404657933042213,0,0.5
2,5,43,dummy_prior,23,767,1,0.06404657933042213,0,0.5
2,5,43,dummy_prior,27,759,0,0.06404657933042213,0,0.5
2,5,43,dummy_prior,40,746,0,0.06404657933042213,0,0.5
2,5,43,dummy_prior,41,732,1,0.06404657933042213,0,0.5
2,5,43,dummy_prior,43,723,0,0.06404657933042213,0,0.5
2,5,43,dummy_prior,45,709,0,0.06404657933042213,0,0.5
2,5,43,dummy_prior,52,729,0,0.06404657933042213,0,0.5
2,5,43,dummy_prior,55,789,0,0.06404657933042213,0,0.5
2,5,43,dummy_prior,56,702,0,0.06404657933042213,0,0.5
2,5,43,dummy_prior,62,679,0,0.06404657933042213,0,0.5
2,5,43,dummy_prior,67,728,0,0.06404657933042213,0,0.5
2,5,43,dummy_prior,73,685,0,0.06404657933042213,0,0.5
2,5,43,dummy_prior,74,681,0,0.06404657933042213,0,0.5
2,5,43,dummy_prior,91,689,0,0.06404657933042213,0,0.5
2,5,43,dummy_prior,95,604,0,0.06404657933042213,0,0.5
2,5,43,dummy_prior,102,599,0,0.06404657933042213,0,0.5
2,5,43,dummy_prior,105,674,0,0.06404657933042213,0,0.5
2,5,43,dummy_prior,115,665,0,0.06404657933042213,0,0.5
2,5,43,dummy_prior,119,498,0,0.06404657933042213,0,0.5
2,5,43,dummy_prior,133,651,0,0.06404657933042213,0,0.5
2,5,43,dummy_prior,134,568,0,0.06404657933042213,0,0.5
2,5,43,dummy_prior,135,465,0,0.06404657933042213,0,0.5
2,5,43,dummy_prior,143,480,0,0.06404657933042213,0,0.5
2,5,43,dummy_prior,144,558,0,0.06404657933042213,0,0.5
2,5,43,dummy_prior,162,481,0,0.06404657933042213,0,0.5
2,5,43,dummy_prior,167,461,0,0.06404657933042213,0,0.5
2,5,43,dummy_prior,176,452,0,0.06404657933042213,0,0.5
2,5,43,dummy_prior,178,472,0,0.06404657933042213,0,0.5
2,5,43,dummy_prior,180,414,0,0.06404657933042213,0,0.5
2,5,43,dummy_prior,185,488,1,0.06404657933042213,0,0.5
2,5,43,dummy_prior,188,475,0,0.06404657933042213,0,0.5
2,5,43,dummy_prior,190,513,0,0.06404657933042213,0,0.5
2,5,43,dummy_prior,194,397,0,0.06404657933042213,0,0.5
2,5,43,dummy_prior,199,460,0,0.06404657933042213,0,0.5
2,5,43,dummy_prior,221,407,0,0.06404657933042213,0,0.5
2,5,43,dummy_prior,226,409,0,0.06404657933042213,0,0.5
2,5,43,dummy_prior,231,432,0,0.06404657933042213,0,0.5
2,5,43,dummy_prior,232,316,0,0.06404657933042213,0,0.5
2,5,43,dummy_prior,238,536,0,0.06404657933042213,0,0.5
2,5,43,dummy_prior,239,497,0,0.06404657933042213,0,0.5
2,5,43,dummy_prior,241,354,0,0.06404657933042213,0,0.5
2,5,43,dummy_prior,244,391,0,0.06404657933042213,0,0.5
2,5,43,dummy_prior,246,487,0,0.06404657933042213,0,0.5
2,5,43,dummy_prior,252,344,0,0.06404657933042213,0,0.5
2,5,43,dummy_prior,257,273,1,0.06404657933042213,0,0.5
2,5,43,dummy_prior,259,329,0,0.06404657933042213,0,0.5
2,5,43,dummy_prior,260,485,0,0.06404657933042213,0,0.5
2,5,43,dummy_prior,261,227,0,0.06404657933042213,0,0.5
2,5,43,dummy_prior,267,265,0,0.06404657933042213,0,0.5
2,5,43,dummy_prior,269,410,0,0.06404657933042213,0,0.5
2,5,43,dummy_prior,284,252,0,0.06404657933042213,0,0.5
2,5,43,dummy_prior,287,272,0,0.06404657933042213,0,0.5
2,5,43,dummy_prior,288,300,0,0.06404657933042213,0,0.5
2,5,43,dummy_prior,289,419,0,0.06404657933042213,0,0.5
2,5,43,dummy_prior,293,221,0,0.06404657933042213,0,0.5
2,5,43,dummy_prior,299,319,0,0.06404657933042213,0,0.5
2,5,43,dummy_prior,301,202,0,0.06404657933042213,0,0.5
2,5,43,dummy_prior,309,322,0,0.06404657933042213,0,0.5
2,5,43,dummy_prior,314,215,1,0.06404657933042213,0,0.5
2,5,43,dummy_prior,315,189,0,0.06404657933042213,0,0.5
2,5,43,dummy_prior,316,348,0,0.06404657933042213,0,0.5
2,5,43,dummy_prior,317,170,0,0.06404657933042213,0,0.5
2,5,43,dummy_prior,328,197,0,0.06404657933042213,0,0.5
2,5,43,dummy_prior,329,290,0,0.06404657933042213,0,0.5
2,5,43,dummy_prior,336,251,0,0.06404657933042213,0,0.5
2,5,43,dummy_prior,350,167,0,0.06404657933042213,0,0.5
2,5,43,dummy_prior,364,147,0,0.06404657933042213,0,0.5
2,5,43,dummy_prior,372,242,0,0.06404657933042213,0,0.5
2,5,43,dummy_prior,374,243,0,0.06404657933042213,0,0.5
2,5,43,dummy_prior,376,786,0,0.06404657933042213,0,0.5
2,5,43,dummy_prior,380,103,0,0.06404657933042213,0,0.5
2,5,43,dummy_prior,386,90,0,0.06404657933042213,0,0.5
2,5,43,dummy_prior,388,185,0,0.06404657933042213,0,0.5
2,5,43,dummy_prior,391,69,0,0.06404657933042213,0,0.5
2,5,43,dummy_prior,393,142,0,0.06404657933042213,0,0.5
2,5,43,dummy_prior,399,209,0,0.06404657933042213,0,0.5
2,5,43,dummy_prior,401,210,0,0.06404657933042213,0,0.5
2,5,43,dummy_prior,402,102,0,0.06404657933042213,0,0.5
2,5,43,dummy_prior,405,61,0,0.06404657933042213,0,0.5
2,5,43,dummy_prior,413,698,0,0.06404657933042213,0,0.5
2,5,43,dummy_prior,415,104,0,0.06404657933042213,0,0.5
2,5,43,dummy_prior,418,47,0,0.06404657933042213,0,0.5
2,5,43,dummy_prior,422,89,0,0.06404657933042213,0,0.5
2,5,43,dummy_prior,424,181,0,0.06404657933042213,0,0.5
2,5,43,dummy_prior,439,112,0,0.06404657933042213,0,0.5
2,5,43,dummy_prior,443,10,0,0.06404657933042213,0,0.5
2,5,43,dummy_prior,452,46,0,0.06404657933042213,0,0.5
2,5,43,dummy_prior,453,10,0,0.06404657933042213,0,0.5
2,5,43,dummy_prior,457,18,0,0.06404657933042213,0,0.5
2,5,43,dummy_prior,460,5,0,0.06404657933042213,0,0.5
2,5,43,dummy_prior,461,19,0,0.06404657933042213,0,0.5
2,5,43,dummy_prior,463,1,0,0.06404657933042213,0,0.5
2,5,43,dummy_prior,468,11,0,0.06404657933042213,0,0.5
2,5,43,dummy_prior,473,787,0,0.06404657933042213,0,0.5
2,5,43,dummy_prior,497,356,0,0.06404657933042213,0,0.5
2,5,43,dummy_prior,498,663,0,0.06404657933042213,0,0.5
2,5,43,dummy_prior,500,763,0,0.06404657933042213,0,0.5
2,5,43,dummy_prior,502,369,0,0.06404657933042213,0,0.5
2,5,43,dummy_prior,504,428,0,0.06404657933042213,0,0.5
2,5,43,dummy_prior,507,71,0,0.06404657933042213,0,0.5
2,5,43,dummy_prior,508,590,0,0.06404657933042213,0,0.5
2,5,43,dummy_prior,512,671,0,0.06404657933042213,0,0.5
2,5,43,dummy_prior,513,96,0,0.06404657933042213,0,0.5
2,5,43,dummy_prior,515,603,0,0.06404657933042213,0,0.5
2,5,43,dummy_prior,516,174,0,0.06404657933042213,0,0.5
2,5,43,dummy_prior,519,123,0,0.06404657933042213,0,0.5
2,5,43,dummy_prior,523,624,0,0.06404657933042213,0,0.5
2,5,43,dummy_prior,525,46,0,0.06404657933042213,0,0.5
2,5,43,dummy_prior,527,262,0,0.06404657933042213,0,0.5
2,5,43,dummy_prior,535,275,0,0.06404657933042213,0,0.5
2,5,43,dummy_prior,537,365,0,0.06404657933042213,0,0.5
2,5,43,dummy_prior,548,58,0,0.06404657933042213,0,0.5
2,5,43,dummy_prior,555,435,0,0.06404657933042213,0,0.5
2,5,43,dummy_prior,566,456,0,0.06404657933042213,0,0.5
2,5,43,dummy_prior,568,338,0,0.06404657933042213,0,0.5
2,5,43,dummy_prior,573,523,0,0.06404657933042213,0,0.5
2,5,43,dummy_prior,574,309,0,0.06404657933042213,0,0.5
2,5,43,dummy_prior,583,315,0,0.06404657933042213,0,0.5
2,5,43,dummy_prior,590,56,0,0.06404657933042213,0,0.5
2,5,43,dummy_prior,591,244,0,0.06404657933042213,0,0.5
2,5,43,dummy_prior,599,176,0,0.06404657933042213,0,0.5
2,5,43,dummy_prior,600,506,0,0.06404657933042213,0,0.5
2,5,43,dummy_prior,606,539,0,0.06404657933042213,0,0.5
2,5,43,dummy_prior,607,566,0,0.06404657933042213,0,0.5
2,5,43,dummy_prior,614,341,1,0.06404657933042213,0,0.5
2,5,43,dummy_prior,626,622,0,0.06404657933042213,0,0.5
2,5,43,dummy_prior,627,280,0,0.06404657933042213,0,0.5
2,5,43,dummy_prior,638,221,0,0.06404657933042213,0,0.5
2,5,43,dummy_prior,643,21,0,0.06404657933042213,0,0.5
2,5,43,dummy_prior,646,27,0,0.06404657933042213,0,0.5
2,5,43,dummy_prior,655,236,1,0.06404657933042213,0,0.5
2,5,43,dummy_prior,659,467,0,0.06404657933042213,0,0.5
2,5,43,dummy_prior,661,326,0,0.06404657933042213,0,0.5
2,5,43,dummy_prior,663,310,0,0.06404657933042213,0,0.5
2,5,43,dummy_prior,682,827,0,0.06404657933042213,0,0.5
2,5,43,dummy_prior,686,704,1,0.06404657933042213,0,0.5
2,5,43,dummy_prior,687,638,1,0.06404657933042213,0,0.5
2,5,43,dummy_prior,697,91,0,0.06404657933042213,0,0.5
2,5,43,dummy_prior,706,81,0,0.06404657933042213,0,0.5
2,5,43,dummy_prior,707,231,0,0.06404657933042213,0,0.5
2,5,43,dummy_prior,709,374,0,0.06404657933042213,0,0.5
2,5,43,dummy_prior,713,31,0,0.06404657933042213,0,0.5
2,5,43,dummy_prior,719,769,0,0.06404657933042213,0,0.5
2,5,43,dummy_prior,725,214,0,0.06404657933042213,0,0.5
2,5,43,dummy_prior,729,327,0,0.06404657933042213,0,0.5
2,5,43,dummy_prior,735,6,0,0.06404657933042213,0,0.5
2,5,43,dummy_prior,739,495,1,0.06404657933042213,0,0.5
2,5,43,dummy_prior,740,768,0,0.06404657933042213,0,0.5
2,5,43,dummy_prior,745,30,0,0.06404657933042213,0,0.5
2,5,43,dummy_prior,760,44,0,0.06404657933042213,0,0.5
2,5,43,dummy_prior,767,12,0,0.06404657933042213,0,0.5
2,5,43,dummy_prior,772,113,0,0.06404657933042213,0,0.5
2,5,43,dummy_prior,784,403,0,0.06404657933042213,0,0.5
2,5,43,dummy_prior,785,480,0,0.06404657933042213,0,0.5
2,5,43,dummy_prior,786,401,1,0.06404657933042213,0,0.5
2,5,43,dummy_prior,788,752,0,0.06404657933042213,0,0.5
2,5,43,dummy_prior,803,106,0,0.06404657933042213,0,0.5
2,5,43,dummy_prior,811,48,0,0.06404657933042213,0,0.5
2,5,43,dummy_prior,822,726,0,0.06404657933042213,0,0.5
2,5,43,dummy_prior,826,650,0,0.06404657933042213,0,0.5
2,5,43,dummy_prior,829,666,0,0.06404657933042213,0,0.5
2,5,43,dummy_prior,831,777,0,0.06404657933042213,0,0.5
2,5,43,dummy_prior,842,722,0,0.06404657933042213,0,0.5
2,5,43,dummy_prior,846,680,0,0.06404657933042213,0,0.5
2,5,43,dummy_prior,848,598,0,0.06404657933042213,0,0.5
2,5,43,dummy_prior,853,672,0,0.06404657933042213,0,0.5
2,5,43,dummy_prior,857,526,0,0.06404657933042213,0,0.5
2,5,43,logistic_regression,2,660,0,0.0002660557275578764,0,0.5
2,5,43,logistic_regression,10,807,0,0.39869943300792343,0,0.5
2,5,43,logistic_regression,15,776,0,0.5775737020040043,1,0.5
2,5,43,logistic_regression,17,799,0,0.7040040684475868,1,0.5
2,5,43,logistic_regression,23,767,1,0.5901846040338717,1,0.5
2,5,43,logistic_regression,27,759,0,0.4538733810827912,0,0.5
2,5,43,logistic_regression,40,746,0,0.3223344448321466,0,0.5
2,5,43,logistic_regression,41,732,1,0.9129712336439589,1,0.5
2,5,43,logistic_regression,43,723,0,0.39752660467677897,0,0.5
2,5,43,logistic_regression,45,709,0,0.6127703955417649,1,0.5
2,5,43,logistic_regression,52,729,0,0.36061217900961406,0,0.5
2,5,43,logistic_regression,55,789,0,0.7408397155545027,1,0.5
2,5,43,logistic_regression,56,702,0,0.45305079756496647,0,0.5
2,5,43,logistic_regression,62,679,0,0.3543388730775717,0,0.5
2,5,43,logistic_regression,67,728,0,0.5600331256328722,1,0.5
2,5,43,logistic_regression,73,685,0,0.35212118456938074,0,0.5
2,5,43,logistic_regression,74,681,0,0.00018868433269413935,0,0.5
2,5,43,logistic_regression,91,689,0,0.7384749906826082,1,0.5
2,5,43,logistic_regression,95,604,0,0.00011761677124957086,0,0.5
2,5,43,logistic_regression,102,599,0,0.00011912394351021572,0,0.5
2,5,43,logistic_regression,105,674,0,0.5177223767910055,1,0.5
2,5,43,logistic_regression,115,665,0,0.6045333346424301,1,0.5
2,5,43,logistic_regression,119,498,0,0.47715562771385744,0,0.5
2,5,43,logistic_regression,133,651,0,0.4095052900064421,0,0.5
2,5,43,logistic_regression,134,568,0,0.921177857160404,1,0.5
2,5,43,logistic_regression,135,465,0,0.554810954973291,1,0.5
2,5,43,logistic_regression,143,480,0,0.00013578814140876607,0,0.5
2,5,43,logistic_regression,144,558,0,0.3104216571790132,0,0.5
2,5,43,logistic_regression,162,481,0,0.47032242969985927,0,0.5
2,5,43,logistic_regression,167,461,0,0.6861070718484351,1,0.5
2,5,43,logistic_regression,176,452,0,0.00010730418816125009,0,0.5
2,5,43,logistic_regression,178,472,0,0.00021483926017344633,0,0.5
2,5,43,logistic_regression,180,414,0,0.5604167369416445,1,0.5
2,5,43,logistic_regression,185,488,1,0.6839472448379706,1,0.5
2,5,43,logistic_regression,188,475,0,0.3874315069628744,0,0.5
2,5,43,logistic_regression,190,513,0,0.38042798441971454,0,0.5
2,5,43,logistic_regression,194,397,0,0.44724528464017793,0,0.5
2,5,43,logistic_regression,199,460,0,0.38941747922029024,0,0.5
2,5,43,logistic_regression,221,407,0,0.00019297013491720297,0,0.5
2,5,43,logistic_regression,226,409,0,0.34388133417885935,0,0.5
2,5,43,logistic_regression,231,432,0,0.7297026949271679,1,0.5
2,5,43,logistic_regression,232,316,0,0.335427269529376,0,0.5
2,5,43,logistic_regression,238,536,0,0.6434042950724183,1,0.5
2,5,43,logistic_regression,239,497,0,0.577450137249392,1,0.5
2,5,43,logistic_regression,241,354,0,0.4277523020515979,0,0.5
2,5,43,logistic_regression,244,391,0,0.45322300216061256,0,0.5
2,5,43,logistic_regression,246,487,0,0.4963576081883605,0,0.5
2,5,43,logistic_regression,252,344,0,0.524101234727814,1,0.5
2,5,43,logistic_regression,257,273,1,0.002444022462149435,0,0.5
2,5,43,logistic_regression,259,329,0,0.47855647061953355,0,0.5
2,5,43,logistic_regression,260,485,0,0.5904669595921561,1,0.5
2,5,43,logistic_regression,261,227,0,0.36607847563878987,0,0.5
2,5,43,logistic_regression,267,265,0,0.00019781631614058348,0,0.5
2,5,43,logistic_regression,269,410,0,0.4040428230493237,0,0.5
2,5,43,logistic_regression,284,252,0,0.00011974412630549168,0,0.5
2,5,43,logistic_regression,287,272,0,0.46660349015396985,0,0.5
2,5,43,logistic_regression,288,300,0,0.5015726366446412,1,0.5
2,5,43,logistic_regression,289,419,0,0.4218523383147059,0,0.5
2,5,43,logistic_regression,293,221,0,0.3629040357612463,0,0.5
2,5,43,logistic_regression,299,319,0,0.00010976040875709209,0,0.5
2,5,43,logistic_regression,301,202,0,0.19997564988796168,0,0.5
2,5,43,logistic_regression,309,322,0,6.722778860786034e-05,0,0.5
2,5,43,logistic_regression,314,215,1,0.4642242394239999,0,0.5
2,5,43,logistic_regression,315,189,0,0.47348714131293185,0,0.5
2,5,43,logistic_regression,316,348,0,0.00014636631725484554,0,0.5
2,5,43,logistic_regression,317,170,0,0.3453556117029857,0,0.5
2,5,43,logistic_regression,328,197,0,0.0001172840250725142,0,0.5
2,5,43,logistic_regression,329,290,0,0.5867845084171144,1,0.5
2,5,43,logistic_regression,336,251,0,0.535695735312413,1,0.5
2,5,43,logistic_regression,350,167,0,0.00016399077609052023,0,0.5
2,5,43,logistic_regression,364,147,0,0.42874515545362446,0,0.5
2,5,43,logistic_regression,372,242,0,0.4687552299852299,0,0.5
2,5,43,logistic_regression,374,243,0,0.0002656746504129503,0,0.5
2,5,43,logistic_regression,376,786,0,0.7828360702030245,1,0.5
2,5,43,logistic_regression,380,103,0,0.3768505734496648,0,0.5
2,5,43,logistic_regression,386,90,0,0.5460945089066503,1,0.5
2,5,43,logistic_regression,388,185,0,0.00041120986082136563,0,0.5
2,5,43,logistic_regression,391,69,0,7.420983337833126e-05,0,0.5
2,5,43,logistic_regression,393,142,0,0.3702486115091416,0,0.5
2,5,43,logistic_regression,399,209,0,0.4848868741321999,0,0.5
2,5,43,logistic_regression,401,210,0,0.5715151202445462,1,0.5
2,5,43,logistic_regression,402,102,0,0.35861982734029385,0,0.5
2,5,43,logistic_regression,405,61,0,0.00013369087197589985,0,0.5
2,5,43,logistic_regression,413,698,0,0.5170122685853644,1,0.5
2,5,43,logistic_regression,415,104,0,0.43737732194089574,0,0.5
2,5,43,logistic_regression,418,47,0,0.7477023918869218,1,0.5
2,5,43,logistic_regression,422,89,0,0.43141946683377036,0,0.5
2,5,43,logistic_regression,424,181,0,0.667647787282888,1,0.5
2,5,43,logistic_regression,439,112,0,0.4057007798627489,0,0.5
2,5,43,logistic_regression,443,10,0,0.00014719967632954856,0,0.5
2,5,43,logistic_regression,452,46,0,0.00013903115011261704,0,0.5
2,5,43,logistic_regression,453,10,0,0.00014719967632954856,0,0.5
2,5,43,logistic_regression,457,18,0,0.00014433726344762165,0,0.5
2,5,43,logistic_regression,460,5,0,6.208797080478667e-05,0,0.5
2,5,43,logistic_regression,461,19,0,0.45363563521400396,0,0.5
2,5,43,logistic_regression,463,1,0,0.48188650105405323,0,0.5
2,5,43,logistic_regression,468,11,0,0.00024183756038102572,0,0.5
2,5,43,logistic_regression,473,787,0,0.5539272942732711,1,0.5
2,5,43,logistic_regression,497,356,0,0.5779880221184301,1,0.5
2,5,43,logistic_regression,498,663,0,0.7229282286006403,1,0.5
2,5,43,logistic_regression,500,763,0,0.21306572542377303,0,0.5
2,5,43,logistic_regression,502,369,0,0.4554544364147334,0,0.5
2,5,43,logistic_regression,504,428,0,0.32923281903933205,0,0.5
2,5,43,logistic_regression,507,71,0,0.3939200959907673,0,0.5
2,5,43,logistic_regression,508,590,0,0.7818374181718102,1,0.5
2,5,43,logistic_regression,512,671,0,0.00010949434029385929,0,0.5
2,5,43,logistic_regression,513,96,0,0.3783692572735062,0,0.5
2,5,43,logistic_regression,515,603,0,0.4750693412642144,0,0.5
2,5,43,logistic_regression,516,174,0,0.36226993786280437,0,0.5
2,5,43,logistic_regression,519,123,0,0.3923969531115512,0,0.5
2,5,43,logistic_regression,523,624,0,0.3250848216322789,0,0.5
2,5,43,logistic_regression,525,46,0,0.00013903115011261704,0,0.5
2,5,43,logistic_regression,527,262,0,0.00011822910833596995,0,0.5
2,5,43,logistic_regression,535,275,0,0.346008785297424,0,0.5
2,5,43,logistic_regression,537,365,0,0.41367748277545424,0,0.5
2,5,43,logistic_regression,548,58,0,0.42638640884857115,0,0.5
2,5,43,logistic_regression,555,435,0,0.43011337236389496,0,0.5
2,5,43,logistic_regression,566,456,0,0.4618974587725747,0,0.5
2,5,43,logistic_regression,568,338,0,0.3508320977051103,0,0.5
2,5,43,logistic_regression,573,523,0,0.4626558947613238,0,0.5
2,5,43,logistic_regression,574,309,0,0.42067457154595767,0,0.5
2,5,43,logistic_regression,583,315,0,0.3470274149402207,0,0.5
2,5,43,logistic_regression,590,56,0,1.3177757393170843e-06,0,0.5
2,5,43,logistic_regression,591,244,0,0.31897545036634634,0,0.5
2,5,43,logistic_regression,599,176,0,0.40061157849468554,0,0.5
2,5,43,logistic_regression,600,506,0,0.30833172105457013,0,0.5
2,5,43,logistic_regression,606,539,0,0.525502716358573,1,0.5
2,5,43,logistic_regression,607,566,0,8.464805553096686e-05,0,0.5
2,5,43,logistic_regression,614,341,1,0.6281750804648822,1,0.5
2,5,43,logistic_regression,626,622,0,0.3885097535519069,0,0.5
2,5,43,logistic_regression,627,280,0,0.4935574751762534,0,0.5
2,5,43,logistic_regression,638,221,0,0.3629040357612463,0,0.5
2,5,43,logistic_regression,643,21,0,0.3687693432477521,0,0.5
2,5,43,logistic_regression,646,27,0,0.38091672305253527,0,0.5
2,5,43,logistic_regression,655,236,1,0.2975761043034927,0,0.5
2,5,43,logistic_regression,659,467,0,0.4277802549642992,0,0.5
2,5,43,logistic_regression,661,326,0,0.30807086645064435,0,0.5
2,5,43,logistic_regression,663,310,0,0.4738731097964261,0,0.5
2,5,43,logistic_regression,682,827,0,0.7938240404491549,1,0.5
2,5,43,logistic_regression,686,704,1,0.3195102510285825,0,0.5
2,5,43,logistic_regression,687,638,1,0.8989185227327311,1,0.5
2,5,43,logistic_regression,697,91,0,0.5926053322419353,1,0.5
2,5,43,logistic_regression,706,81,0,0.5810762212123265,1,0.5
2,5,43,logistic_regression,707,231,0,0.5763128443389252,1,0.5
2,5,43,logistic_regression,709,374,0,0.49196086088796037,0,0.5
2,5,43,logistic_regression,713,31,0,0.4012637225217207,0,0.5
2,5,43,logistic_regression,719,769,0,0.7199361122848031,1,0.5
2,5,43,logistic_regression,725,214,0,0.4402917560660727,0,0.5
2,5,43,logistic_regression,729,327,0,0.309652664522022,0,0.5
2,5,43,logistic_regression,735,6,0,0.00015811051548244938,0,0.5
2,5,43,logistic_regression,739,495,1,0.6924730837861378,1,0.5
2,5,43,logistic_regression,740,768,0,0.6375470126173749,1,0.5
2,5,43,logistic_regression,745,30,0,0.6215632110429566,1,0.5
2,5,43,logistic_regression,760,44,0,0.7298190033706383,1,0.5
2,5,43,logistic_regression,767,12,0,0.00014533733772888218,0,0.5
2,5,43,logistic_regression,772,113,0,0.00011040839560531396,0,0.5
2,5,43,logistic_regression,784,403,0,0.43795231241176985,0,0.5
2,5,43,logistic_regression,785,480,0,0.00013578814140876607,0,0.5
2,5,43,logistic_regression,786,401,1,5.6859027199075165e-06,0,0.5
2,5,43,logistic_regression,788,752,0,0.9872155560685617,1,0.5
2,5,43,logistic_regression,803,106,0,0.3692003600245885,0,0.5
2,5,43,logistic_regression,811,48,0,0.5896098429438404,1,0.5
2,5,43,logistic_regression,822,726,0,0.18480345112241522,0,0.5
2,5,43,logistic_regression,826,650,0,0.9999470458709802,1,0.5
2,5,43,logistic_regression,829,666,0,0.48129732591388924,0,0.5
2,5,43,logistic_regression,831,777,0,0.7348121024148107,1,0.5
2,5,43,logistic_regression,842,722,0,0.46072602845198685,0,0.5
2,5,43,logistic_regression,846,680,0,0.29536620253762996,0,0.5
2,5,43,logistic_regression,848,598,0,0.2864530822049235,0,0.5
2,5,43,logistic_regression,853,672,0,0.23915614191922036,0,0.5
2,5,43,logistic_regression,857,526,0,0.2981635390892129,0,0.5
2,5,43,xgboost,2,660,0,0.4743369519710541,0,0.5
2,5,43,xgboost,10,807,0,0.21300004422664642,0,0.5
2,5,43,xgboost,15,776,0,0.6327086091041565,1,0.5
2,5,43,xgboost,17,799,0,0.3163565397262573,0,0.5
2,5,43,xgboost,23,767,1,0.41157689690589905,0,0.5
2,5,43,xgboost,27,759,0,0.5809653997421265,1,0.5
2,5,43,xgboost,40,746,0,0.4667152464389801,0,0.5
2,5,43,xgboost,41,732,1,0.5378532409667969,1,0.5
2,5,43,xgboost,43,723,0,0.5873135924339294,1,0.5
2,5,43,xgboost,45,709,0,0.6389197707176208,1,0.5
2,5,43,xgboost,52,729,0,0.5802621245384216,1,0.5
2,5,43,xgboost,55,789,0,0.5878667235374451,1,0.5
2,5,43,xgboost,56,702,0,0.5665538311004639,1,0.5
2,5,43,xgboost,62,679,0,0.19100505113601685,0,0.5
2,5,43,xgboost,67,728,0,0.5903939008712769,1,0.5
2,5,43,xgboost,73,685,0,0.19100505113601685,0,0.5
2,5,43,xgboost,74,681,0,0.14166803658008575,0,0.5
2,5,43,xgboost,91,689,0,0.3812011480331421,0,0.5
2,5,43,xgboost,95,604,0,0.1501636803150177,0,0.5
2,5,43,xgboost,102,599,0,0.15795841813087463,0,0.5
2,5,43,xgboost,105,674,0,0.6424981951713562,1,0.5
2,5,43,xgboost,115,665,0,0.534348726272583,1,0.5
2,5,43,xgboost,119,498,0,0.47176381945610046,0,0.5
2,5,43,xgboost,133,651,0,0.5311334729194641,1,0.5
2,5,43,xgboost,134,568,0,0.5268599390983582,1,0.5
2,5,43,xgboost,135,465,0,0.4295075833797455,0,0.5
2,5,43,xgboost,143,480,0,0.1582191437482834,0,0.5
2,5,43,xgboost,144,558,0,0.4203995168209076,0,0.5
2,5,43,xgboost,162,481,0,0.24312153458595276,0,0.5
2,5,43,xgboost,167,461,0,0.5341887474060059,1,0.5
2,5,43,xgboost,176,452,0,0.1481839120388031,0,0.5
2,5,43,xgboost,178,472,0,0.17406624555587769,0,0.5
2,5,43,xgboost,180,414,0,0.3740287721157074,0,0.5
2,5,43,xgboost,185,488,1,0.42620423436164856,0,0.5
2,5,43,xgboost,188,475,0,0.35600703954696655,0,0.5
2,5,43,xgboost,190,513,0,0.5278145670890808,1,0.5
2,5,43,xgboost,194,397,0,0.47144562005996704,0,0.5
2,5,43,xgboost,199,460,0,0.476597398519516,0,0.5
2,5,43,xgboost,221,407,0,0.3550419211387634,0,0.5
2,5,43,xgboost,226,409,0,0.4699723422527313,0,0.5
2,5,43,xgboost,231,432,0,0.4445904791355133,0,0.5
2,5,43,xgboost,232,316,0,0.3995172083377838,0,0.5
2,5,43,xgboost,238,536,0,0.34804996848106384,0,0.5
2,5,43,xgboost,239,497,0,0.3474521338939667,0,0.5
2,5,43,xgboost,241,354,0,0.3479008078575134,0,0.5
2,5,43,xgboost,244,391,0,0.5823207497596741,1,0.5
2,5,43,xgboost,246,487,0,0.37505146861076355,0,0.5
2,5,43,xgboost,252,344,0,0.3281418979167938,0,0.5
2,5,43,xgboost,257,273,1,0.5195170044898987,1,0.5
2,5,43,xgboost,259,329,0,0.3393617868423462,0,0.5
2,5,43,xgboost,260,485,0,0.47176381945610046,0,0.5
2,5,43,xgboost,261,227,0,0.5045717358589172,1,0.5
2,5,43,xgboost,267,265,0,0.20727646350860596,0,0.5
2,5,43,xgboost,269,410,0,0.476597398519516,0,0.5
2,5,43,xgboost,284,252,0,0.179127499461174,0,0.5
2,5,43,xgboost,287,272,0,0.5379798412322998,1,0.5
2,5,43,xgboost,288,300,0,0.3203235864639282,0,0.5
2,5,43,xgboost,289,419,0,0.41676145792007446,0,0.5
2,5,43,xgboost,293,221,0,0.3123836815357208,0,0.5
2,5,43,xgboost,299,319,0,0.1476530134677887,0,0.5
2,5,43,xgboost,301,202,0,0.5045717358589172,1,0.5
2,5,43,xgboost,309,322,0,0.171843484044075,0,0.5
2,5,43,xgboost,314,215,1,0.428335577249527,0,0.5
2,5,43,xgboost,315,189,0,0.4137546718120575,0,0.5
2,5,43,xgboost,316,348,0,0.1510290950536728,0,0.5
2,5,43,xgboost,317,170,0,0.31849098205566406,0,0.5
2,5,43,xgboost,328,197,0,0.17497646808624268,0,0.5
2,5,43,xgboost,329,290,0,0.44737792015075684,0,0.5
2,5,43,xgboost,336,251,0,0.428335577249527,0,0.5
2,5,43,xgboost,350,167,0,0.18780076503753662,0,0.5
2,5,43,xgboost,364,147,0,0.48967620730400085,0,0.5
2,5,43,xgboost,372,242,0,0.49909767508506775,0,0.5
2,5,43,xgboost,374,243,0,0.530515193939209,1,0.5
2,5,43,xgboost,376,786,0,0.45859435200691223,0,0.5
2,5,43,xgboost,380,103,0,0.47351595759391785,0,0.5
2,5,43,xgboost,386,90,0,0.5676026940345764,1,0.5
2,5,43,xgboost,388,185,0,0.5923219919204712,1,0.5
2,5,43,xgboost,391,69,0,0.15606874227523804,0,0.5
2,5,43,xgboost,393,142,0,0.48303723335266113,0,0.5
2,5,43,xgboost,399,209,0,0.5949225425720215,1,0.5
2,5,43,xgboost,401,210,0,0.503210186958313,1,0.5
2,5,43,xgboost,402,102,0,0.4646293520927429,0,0.5
2,5,43,xgboost,405,61,0,0.1526002436876297,0,0.5
2,5,43,xgboost,413,698,0,0.21937213838100433,0,0.5
2,5,43,xgboost,415,104,0,0.47594815492630005,0,0.5
2,5,43,xgboost,418,47,0,0.5340632796287537,1,0.5
2,5,43,xgboost,422,89,0,0.48300701379776,0,0.5
2,5,43,xgboost,424,181,0,0.5963677167892456,1,0.5
2,5,43,xgboost,439,112,0,0.42552369832992554,0,0.5
2,5,43,xgboost,443,10,0,0.13318346440792084,0,0.5
2,5,43,xgboost,452,46,0,0.1526002436876297,0,0.5
2,5,43,xgboost,453,10,0,0.13318346440792084,0,0.5
2,5,43,xgboost,457,18,0,0.11619962751865387,0,0.5
2,5,43,xgboost,460,5,0,0.1263740062713623,0,0.5
2,5,43,xgboost,461,19,0,0.3975526690483093,0,0.5
2,5,43,xgboost,463,1,0,0.38320192694664,0,0.5
2,5,43,xgboost,468,11,0,0.3805205821990967,0,0.5
2,5,43,xgboost,473,787,0,0.21300004422664642,0,0.5
2,5,43,xgboost,497,356,0,0.5153953433036804,1,0.5
2,5,43,xgboost,498,663,0,0.34127822518348694,0,0.5
2,5,43,xgboost,500,763,0,0.3553617298603058,0,0.5
2,5,43,xgboost,502,369,0,0.34146562218666077,0,0.5
2,5,43,xgboost,504,428,0,0.2714335024356842,0,0.5
2,5,43,xgboost,507,71,0,0.4693240523338318,0,0.5
2,5,43,xgboost,508,590,0,0.2600369453430176,0,0.5
2,5,43,xgboost,512,671,0,0.14559310674667358,0,0.5
2,5,43,xgboost,513,96,0,0.48424577713012695,0,0.5
2,5,43,xgboost,515,603,0,0.4982545077800751,0,0.5
2,5,43,xgboost,516,174,0,0.46033528447151184,0,0.5
2,5,43,xgboost,519,123,0,0.4073793888092041,0,0.5
2,5,43,xgboost,523,624,0,0.4809676706790924,0,0.5
2,5,43,xgboost,525,46,0,0.1526002436876297,0,0.5
2,5,43,xgboost,527,262,0,0.18378062546253204,0,0.5
2,5,43,xgboost,535,275,0,0.5195170044898987,1,0.5
2,5,43,xgboost,537,365,0,0.4301607608795166,0,0.5
2,5,43,xgboost,548,58,0,0.4634456932544708,0,0.5
2,5,43,xgboost,555,435,0,0.583905816078186,1,0.5
2,5,43,xgboost,566,456,0,0.5702283978462219,1,0.5
2,5,43,xgboost,568,338,0,0.4533542990684509,0,0.5
2,5,43,xgboost,573,523,0,0.46545693278312683,0,0.5
2,5,43,xgboost,574,309,0,0.3550419211387634,0,0.5
2,5,43,xgboost,583,315,0,0.44630348682403564,0,0.5
2,5,43,xgboost,590,56,0,0.5340632796287537,1,0.5
2,5,43,xgboost,591,244,0,0.5045717358589172,1,0.5
2,5,43,xgboost,599,176,0,0.44551119208335876,0,0.5
2,5,43,xgboost,600,506,0,0.28159570693969727,0,0.5
2,5,43,xgboost,606,539,0,0.45708781480789185,0,0.5
2,5,43,xgboost,607,566,0,0.14516955614089966,0,0.5
2,5,43,xgboost,614,341,1,0.25869089365005493,0,0.5
2,5,43,xgboost,626,622,0,0.5881543755531311,1,0.5
2,5,43,xgboost,627,280,0,0.5614973306655884,1,0.5
2,5,43,xgboost,638,221,0,0.3123836815357208,0,0.5
2,5,43,xgboost,643,21,0,0.35478508472442627,0,0.5
2,5,43,xgboost,646,27,0,0.39796164631843567,0,0.5
2,5,43,xgboost,655,236,1,0.5195170044898987,1,0.5
2,5,43,xgboost,659,467,0,0.563102126121521,1,0.5
2,5,43,xgboost,661,326,0,0.44630348682403564,0,0.5
2,5,43,xgboost,663,310,0,0.5823207497596741,1,0.5
2,5,43,xgboost,682,827,0,0.5143100619316101,1,0.5
2,5,43,xgboost,686,704,1,0.4650602638721466,0,0.5
2,5,43,xgboost,687,638,1,0.5604848861694336,1,0.5
2,5,43,xgboost,697,91,0,0.4696252644062042,0,0.5
2,5,43,xgboost,706,81,0,0.5424752831459045,1,0.5
2,5,43,xgboost,707,231,0,0.5219650268554688,1,0.5
2,5,43,xgboost,709,374,0,0.36876243352890015,0,0.5
2,5,43,xgboost,713,31,0,0.39120519161224365,0,0.5
2,5,43,xgboost,719,769,0,0.6999096870422363,1,0.5
2,5,43,xgboost,725,214,0,0.428335577249527,0,0.5
2,5,43,xgboost,729,327,0,0.2184736281633377,0,0.5
2,5,43,xgboost,735,6,0,0.1263740062713623,0,0.5
2,5,43,xgboost,739,495,1,0.5355706214904785,1,0.5
2,5,43,xgboost,740,768,0,0.21018479764461517,0,0.5
2,5,43,xgboost,745,30,0,0.453389048576355,0,0.5
2,5,43,xgboost,760,44,0,0.5340632796287537,1,0.5
2,5,43,xgboost,767,12,0,0.1263740062713623,0,0.5
2,5,43,xgboost,772,113,0,0.1512974500656128,0,0.5
2,5,43,xgboost,784,403,0,0.44232505559921265,0,0.5
2,5,43,xgboost,785,480,0,0.1582191437482834,0,0.5
2,5,43,xgboost,786,401,1,0.3868422210216522,0,0.5
2,5,43,xgboost,788,752,0,0.5728120803833008,1,0.5
2,5,43,xgboost,803,106,0,0.48424577713012695,0,0.5
2,5,43,xgboost,811,48,0,0.5275947451591492,1,0.5
2,5,43,xgboost,822,726,0,0.21296440064907074,0,0.5
2,5,43,xgboost,826,650,0,0.4456954896450043,0,0.5
2,5,43,xgboost,829,666,0,0.5665952563285828,1,0.5
2,5,43,xgboost,831,777,0,0.30928653478622437,0,0.5
2,5,43,xgboost,842,722,0,0.4406125843524933,0,0.5
2,5,43,xgboost,846,680,0,0.4662429690361023,0,0.5
2,5,43,xgboost,848,598,0,0.4743369519710541,0,0.5
2,5,43,xgboost,853,672,0,0.4743369519710541,0,0.5
2,5,43,xgboost,857,526,0,0.28159570693969727,0,0.5
3,1,44,dummy_prior,1,7,0,0.0641399416909621,0,0.5
3,1,44,dummy_prior,7,413,0,0.0641399416909621,0,0.5
3,1,44,dummy_prior,11,450,0,0.0641399416909621,0,0.5
3,1,44,dummy_prior,13,803,0,0.0641399416909621,0,0.5
3,1,44,dummy_prior,21,783,0,0.0641399416909621,0,0.5
3,1,44,dummy_prior,25,805,0,0.0641399416909621,0,0.5
3,1,44,dummy_prior,38,758,0,0.0641399416909621,0,0.5
3,1,44,dummy_prior,39,719,0,0.0641399416909621,0,0.5
3,1,44,dummy_prior,41,732,1,0.0641399416909621,0,0.5
3,1,44,dummy_prior,67,728,0,0.0641399416909621,0,0.5
3,1,44,dummy_prior,81,593,0,0.0641399416909621,0,0.5
3,1,44,dummy_prior,83,621,0,0.0641399416909621,0,0.5
3,1,44,dummy_prior,86,718,0,0.0641399416909621,0,0.5
3,1,44,dummy_prior,90,707,0,0.0641399416909621,0,0.5
3,1,44,dummy_prior,92,649,0,0.0641399416909621,0,0.5
3,1,44,dummy_prior,100,669,0,0.0641399416909621,0,0.5
3,1,44,dummy_prior,102,599,0,0.0641399416909621,0,0.5
3,1,44,dummy_prior,105,674,0,0.0641399416909621,0,0.5
3,1,44,dummy_prior,108,611,0,0.0641399416909621,0,0.5
3,1,44,dummy_prior,129,557,0,0.0641399416909621,0,0.5
3,1,44,dummy_prior,136,586,0,0.0641399416909621,0,0.5
3,1,44,dummy_prior,138,517,0,0.0641399416909621,0,0.5
3,1,44,dummy_prior,147,533,0,0.0641399416909621,0,0.5
3,1,44,dummy_prior,151,551,0,0.0641399416909621,0,0.5
3,1,44,dummy_prior,154,457,0,0.0641399416909621,0,0.5
3,1,44,dummy_prior,156,448,0,0.0641399416909621,0,0.5
3,1,44,dummy_prior,164,546,0,0.0641399416909621,0,0.5
3,1,44,dummy_prior,171,418,0,0.0641399416909621,0,0.5
3,1,44,dummy_prior,174,499,0,0.0641399416909621,0,0.5
3,1,44,dummy_prior,175,412,0,0.0641399416909621,0,0.5
3,1,44,dummy_prior,189,380,0,0.0641399416909621,0,0.5
3,1,44,dummy_prior,190,513,0,0.0641399416909621,0,0.5
3,1,44,dummy_prior,191,527,0,0.0641399416909621,0,0.5
3,1,44,dummy_prior,193,445,0,0.0641399416909621,0,0.5
3,1,44,dummy_prior,195,429,0,0.0641399416909621,0,0.5
3,1,44,dummy_prior,196,505,0,0.0641399416909621,0,0.5
3,1,44,dummy_prior,204,222,0,0.0641399416909621,0,0.5
3,1,44,dummy_prior,212,431,0,0.0641399416909621,0,0.5
3,1,44,dummy_prior,216,531,1,0.0641399416909621,0,0.5
3,1,44,dummy_prior,217,408,0,0.0641399416909621,0,0.5
3,1,44,dummy_prior,231,432,0,0.0641399416909621,0,0.5
3,1,44,dummy_prior,232,316,0,0.0641399416909621,0,0.5
3,1,44,dummy_prior,233,345,0,0.0641399416909621,0,0.5
3,1,44,dummy_prior,236,343,0,0.0641399416909621,0,0.5
3,1,44,dummy_prior,247,292,0,0.0641399416909621,0,0.5
3,1,44,dummy_prior,249,270,0,0.0641399416909621,0,0.5
3,1,44,dummy_prior,254,390,0,0.0641399416909621,0,0.5
3,1,44,dummy_prior,283,389,0,0.0641399416909621,0,0.5
3,1,44,dummy_prior,288,300,0,0.0641399416909621,0,0.5
3,1,44,dummy_prior,290,204,0,0.0641399416909621,0,0.5
3,1,44,dummy_prior,294,288,0,0.0641399416909621,0,0.5
3,1,44,dummy_prior,303,386,0,0.0641399416909621,0,0.5
3,1,44,dummy_prior,307,287,0,0.0641399416909621,0,0.5
3,1,44,dummy_prior,312,313,0,0.0641399416909621,0,0.5
3,1,44,dummy_prior,315,189,0,0.0641399416909621,0,0.5
3,1,44,dummy_prior,318,308,0,0.0641399416909621,0,0.5
3,1,44,dummy_prior,320,271,1,0.0641399416909621,0,0.5
3,1,44,dummy_prior,332,583,0,0.0641399416909621,0,0.5
3,1,44,dummy_prior,337,818,0,0.0641399416909621,0,0.5
3,1,44,dummy_prior,340,148,0,0.0641399416909621,0,0.5
3,1,44,dummy_prior,342,228,0,0.0641399416909621,0,0.5
3,1,44,dummy_prior,346,149,0,0.0641399416909621,0,0.5
3,1,44,dummy_prior,347,131,0,0.0641399416909621,0,0.5
3,1,44,dummy_prior,357,258,0,0.0641399416909621,0,0.5
3,1,44,dummy_prior,360,339,0,0.0641399416909621,0,0.5
3,1,44,dummy_prior,365,178,0,0.0641399416909621,0,0.5
3,1,44,dummy_prior,366,143,0,0.0641399416909621,0,0.5
3,1,44,dummy_prior,367,127,0,0.0641399416909621,0,0.5
3,1,44,dummy_prior,370,239,1,0.0641399416909621,0,0.5
3,1,44,dummy_prior,373,312,0,0.0641399416909621,0,0.5
3,1,44,dummy_prior,374,243,0,0.0641399416909621,0,0.5
3,1,44,dummy_prior,379,224,0,0.0641399416909621,0,0.5
3,1,44,dummy_prior,380,103,0,0.0641399416909621,0,0.5
3,1,44,dummy_prior,387,266,0,0.0641399416909621,0,0.5
3,1,44,dummy_prior,391,69,0,0.0641399416909621,0,0.5
3,1,44,dummy_prior,393,142,0,0.0641399416909621,0,0.5
3,1,44,dummy_prior,399,209,0,0.0641399416909621,0,0.5
3,1,44,dummy_prior,402,102,0,0.0641399416909621,0,0.5
3,1,44,dummy_prior,403,64,0,0.0641399416909621,0,0.5
3,1,44,dummy_prior,410,171,0,0.0641399416909621,0,0.5
3,1,44,dummy_prior,419,149,0,0.0641399416909621,0,0.5
3,1,44,dummy_prior,424,181,0,0.0641399416909621,0,0.5
3,1,44,dummy_prior,436,39,0,0.0641399416909621,0,0.5
3,1,44,dummy_prior,439,112,0,0.0641399416909621,0,0.5
3,1,44,dummy_prior,440,7,0,0.0641399416909621,0,0.5
3,1,44,dummy_prior,441,9,0,0.0641399416909621,0,0.5
3,1,44,dummy_prior,445,36,0,0.0641399416909621,0,0.5
3,1,44,dummy_prior,447,63,0,0.0641399416909621,0,0.5
3,1,44,dummy_prior,454,7,0,0.0641399416909621,0,0.5
3,1,44,dummy_prior,456,24,0,0.0641399416909621,0,0.5
3,1,44,dummy_prior,462,68,0,0.0641399416909621,0,0.5
3,1,44,dummy_prior,464,25,0,0.0641399416909621,0,0.5
3,1,44,dummy_prior,466,7,0,0.0641399416909621,0,0.5
3,1,44,dummy_prior,474,640,0,0.0641399416909621,0,0.5
3,1,44,dummy_prior,476,753,0,0.0641399416909621,0,0.5
3,1,44,dummy_prior,477,751,0,0.0641399416909621,0,0.5
3,1,44,dummy_prior,478,534,0,0.0641399416909621,0,0.5
3,1,44,dummy_prior,482,757,0,0.0641399416909621,0,0.5
3,1,44,dummy_prior,483,190,0,0.0641399416909621,0,0.5
3,1,44,dummy_prior,484,371,0,0.0641399416909621,0,0.5
3,1,44,dummy_prior,490,375,0,0.0641399416909621,0,0.5
3,1,44,dummy_prior,507,71,0,0.0641399416909621,0,0.5
3,1,44,dummy_prior,508,590,0,0.0641399416909621,0,0.5
3,1,44,dummy_prior,517,514,0,0.0641399416909621,0,0.5
3,1,44,dummy_prior,521,791,0,0.0641399416909621,0,0.5
3,1,44,dummy_prior,530,239,1,0.0641399416909621,0,0.5
3,1,44,dummy_prior,532,364,0,0.0641399416909621,0,0.5
3,1,44,dummy_prior,536,24,0,0.0641399416909621,0,0.5
3,1,44,dummy_prior,538,361,0,0.0641399416909621,0,0.5
3,1,44,dummy_prior,540,188,0,0.0641399416909621,0,0.5
3,1,44,dummy_prior,541,474,0,0.0641399416909621,0,0.5
3,1,44,dummy_prior,548,58,0,0.0641399416909621,0,0.5
3,1,44,dummy_prior,555,435,0,0.0641399416909621,0,0.5
3,1,44,dummy_prior,558,255,0,0.0641399416909621,0,0.5
3,1,44,dummy_prior,566,456,0,0.0641399416909621,0,0.5
3,1,44,dummy_prior,568,338,0,0.0641399416909621,0,0.5
3,1,44,dummy_prior,578,126,1,0.0641399416909621,0,0.5
3,1,44,dummy_prior,582,198,0,0.0641399416909621,0,0.5
3,1,44,dummy_prior,586,150,0,0.0641399416909621,0,0.5
3,1,44,dummy_prior,592,321,0,0.0641399416909621,0,0.5
3,1,44,dummy_prior,606,539,0,0.0641399416909621,0,0.5
3,1,44,dummy_prior,607,566,0,0.0641399416909621,0,0.5
3,1,44,dummy_prior,609,416,0,0.0641399416909621,0,0.5
3,1,44,dummy_prior,623,250,0,0.0641399416909621,0,0.5
3,1,44,dummy_prior,629,336,0,0.0641399416909621,0,0.5
3,1,44,dummy_prior,636,741,0,0.0641399416909621,0,0.5
3,1,44,dummy_prior,640,625,0,0.0641399416909621,0,0.5
3,1,44,dummy_prior,647,277,0,0.0641399416909621,0,0.5
3,1,44,dummy_prior,648,95,0,0.0641399416909621,0,0.5
3,1,44,dummy_prior,659,467,0,0.0641399416909621,0,0.5
3,1,44,dummy_prior,660,33,0,0.0641399416909621,0,0.5
3,1,44,dummy_prior,661,326,0,0.0641399416909621,0,0.5
3,1,44,dummy_prior,665,205,0,0.0641399416909621,0,0.5
3,1,44,dummy_prior,666,67,0,0.0641399416909621,0,0.5
3,1,44,dummy_prior,671,824,1,0.0641399416909621,0,0.5
3,1,44,dummy_prior,675,808,0,0.0641399416909621,0,0.5
3,1,44,dummy_prior,678,609,0,0.0641399416909621,0,0.5
3,1,44,dummy_prior,687,638,1,0.0641399416909621,0,0.5
3,1,44,dummy_prior,689,340,0,0.0641399416909621,0,0.5
3,1,44,dummy_prior,690,8,0,0.0641399416909621,0,0.5
3,1,44,dummy_prior,692,74,0,0.0641399416909621,0,0.5
3,1,44,dummy_prior,695,538,0,0.0641399416909621,0,0.5
3,1,44,dummy_prior,697,91,0,0.0641399416909621,0,0.5
3,1,44,dummy_prior,706,81,0,0.0641399416909621,0,0.5
3,1,44,dummy_prior,712,317,0,0.0641399416909621,0,0.5
3,1,44,dummy_prior,727,589,0,0.0641399416909621,0,0.5
3,1,44,dummy_prior,729,327,0,0.0641399416909621,0,0.5
3,1,44,dummy_prior,730,775,0,0.0641399416909621,0,0.5
3,1,44,dummy_prior,739,495,1,0.0641399416909621,0,0.5
3,1,44,dummy_prior,740,768,0,0.0641399416909621,0,0.5
3,1,44,dummy_prior,753,166,1,0.0641399416909621,0,0.5
3,1,44,dummy_prior,756,395,0,0.0641399416909621,0,0.5
3,1,44,dummy_prior,762,139,0,0.0641399416909621,0,0.5
3,1,44,dummy_prior,766,206,0,0.0641399416909621,0,0.5
3,1,44,dummy_prior,767,12,0,0.0641399416909621,0,0.5
3,1,44,dummy_prior,774,801,0,0.0641399416909621,0,0.5
3,1,44,dummy_prior,775,455,0,0.0641399416909621,0,0.5
3,1,44,dummy_prior,777,744,0,0.0641399416909621,0,0.5
3,1,44,dummy_prior,778,136,0,0.0641399416909621,0,0.5
3,1,44,dummy_prior,784,403,0,0.0641399416909621,0,0.5
3,1,44,dummy_prior,791,15,0,0.0641399416909621,0,0.5
3,1,44,dummy_prior,796,605,0,0.0641399416909621,0,0.5
3,1,44,dummy_prior,797,645,1,0.0641399416909621,0,0.5
3,1,44,dummy_prior,802,14,0,0.0641399416909621,0,0.5
3,1,44,dummy_prior,817,516,0,0.0641399416909621,0,0.5
3,1,44,dummy_prior,822,726,0,0.0641399416909621,0,0.5
3,1,44,dummy_prior,823,644,0,0.0641399416909621,0,0.5
3,1,44,dummy_prior,830,699,0,0.0641399416909621,0,0.5
3,1,44,dummy_prior,832,561,0,0.0641399416909621,0,0.5
3,1,44,dummy_prior,844,444,0,0.0641399416909621,0,0.5
3,1,44,dummy_prior,851,298,0,0.0641399416909621,0,0.5
3,1,44,dummy_prior,857,526,0,0.0641399416909621,0,0.5
3,1,44,logistic_regression,1,7,0,0.43656024870057003,0,0.5
3,1,44,logistic_regression,7,413,0,0.5024817267319506,1,0.5
3,1,44,logistic_regression,11,450,0,0.5631072870857571,1,0.5
3,1,44,logistic_regression,13,803,0,0.4957381760003042,0,0.5
3,1,44,logistic_regression,21,783,0,0.39180271992451565,0,0.5
3,1,44,logistic_regression,25,805,0,0.42642072940223785,0,0.5
3,1,44,logistic_regression,38,758,0,0.49827090567409593,0,0.5
3,1,44,logistic_regression,39,719,0,0.48280350768136787,0,0.5
3,1,44,logistic_regression,41,732,1,0.7990927059849999,1,0.5
3,1,44,logistic_regression,67,728,0,0.5763573330787013,1,0.5
3,1,44,logistic_regression,81,593,0,0.5287129871375681,1,0.5
3,1,44,logistic_regression,83,621,0,0.5313517566245469,1,0.5
3,1,44,logistic_regression,86,718,0,0.4981096104316093,0,0.5
3,1,44,logistic_regression,90,707,0,0.23335372627238996,0,0.5
3,1,44,logistic_regression,92,649,0,0.5914531468768606,1,0.5
3,1,44,logistic_regression,100,669,0,0.5448620335083915,1,0.5
3,1,44,logistic_regression,102,599,0,0.16861184939338875,0,0.5
3,1,44,logistic_regression,105,674,0,0.5038099346420875,1,0.5
3,1,44,logistic_regression,108,611,0,0.5627396848820542,1,0.5
3,1,44,logistic_regression,129,557,0,0.588439762874118,1,0.5
3,1,44,logistic_regression,136,586,0,0.17203786440036606,0,0.5
3,1,44,logistic_regression,138,517,0,0.4292937929920531,0,0.5
3,1,44,logistic_regression,147,533,0,0.311364818449812,0,0.5
3,1,44,logistic_regression,151,551,0,0.45722635215045915,0,0.5
3,1,44,logistic_regression,154,457,0,0.5348049185068916,1,0.5
3,1,44,logistic_regression,156,448,0,0.5295595047284795,1,0.5
3,1,44,logistic_regression,164,546,0,0.13382213288596903,0,0.5
3,1,44,logistic_regression,171,418,0,0.46328619805294474,0,0.5
3,1,44,logistic_regression,174,499,0,0.5670931413424308,1,0.5
3,1,44,logistic_regression,175,412,0,0.47501704500447367,0,0.5
3,1,44,logistic_regression,189,380,0,0.4568672467284443,0,0.5
3,1,44,logistic_regression,190,513,0,0.44155071838971394,0,0.5
3,1,44,logistic_regression,191,527,0,0.5137748038916181,1,0.5
3,1,44,logistic_regression,193,445,0,0.14998502024126148,0,0.5
3,1,44,logistic_regression,195,429,0,0.5096501314250954,1,0.5
3,1,44,logistic_regression,196,505,0,0.4691436283449704,0,0.5
3,1,44,logistic_regression,204,222,0,0.4551904346072052,0,0.5
3,1,44,logistic_regression,212,431,0,0.38772288519942766,0,0.5
3,1,44,logistic_regression,216,531,1,0.55716033268961,1,0.5
3,1,44,logistic_regression,217,408,0,0.49216664589734527,0,0.5
3,1,44,logistic_regression,231,432,0,0.5399435242108162,1,0.5
3,1,44,logistic_regression,232,316,0,0.4226777956412003,0,0.5
3,1,44,logistic_regression,233,345,0,0.4395595175276953,0,0.5
3,1,44,logistic_regression,236,343,0,0.7600240179636236,1,0.5
3,1,44,logistic_regression,247,292,0,0.44877350186788256,0,0.5
3,1,44,logistic_regression,249,270,0,0.41591001790262605,0,0.5
3,1,44,logistic_regression,254,390,0,0.4253459836178043,0,0.5
3,1,44,logistic_regression,283,389,0,0.4911753214128655,0,0.5
3,1,44,logistic_regression,288,300,0,0.47664955887504806,0,0.5
3,1,44,logistic_regression,290,204,0,0.54906144009418,1,0.5
3,1,44,logistic_regression,294,288,0,0.4565981564882198,0,0.5
3,1,44,logistic_regression,303,386,0,0.4488449274142471,0,0.5
3,1,44,logistic_regression,307,287,0,0.16150868914384775,0,0.5
3,1,44,logistic_regression,312,313,0,0.40663331199442926,0,0.5
3,1,44,logistic_regression,315,189,0,0.48177053619399046,0,0.5
3,1,44,logistic_regression,318,308,0,0.48859528566124244,0,0.5
3,1,44,logistic_regression,320,271,1,0.423798270046716,0,0.5
3,1,44,logistic_regression,332,583,0,0.5207237811392904,1,0.5
3,1,44,logistic_regression,337,818,0,0.7677189059083339,1,0.5
3,1,44,logistic_regression,340,148,0,0.4217209162214138,0,0.5
3,1,44,logistic_regression,342,228,0,0.4218441889123165,0,0.5
3,1,44,logistic_regression,346,149,0,0.15475872431006177,0,0.5
3,1,44,logistic_regression,347,131,0,0.44389824107216763,0,0.5
3,1,44,logistic_regression,357,258,0,0.1604102238527262,0,0.5
3,1,44,logistic_regression,360,339,0,0.47707951703905127,0,0.5
3,1,44,logistic_regression,365,178,0,0.6201641031356614,1,0.5
3,1,44,logistic_regression,366,143,0,0.4144442764209157,0,0.5
3,1,44,logistic_regression,367,127,0,0.4338729558298466,0,0.5
3,1,44,logistic_regression,370,239,1,0.4219907737549531,0,0.5
3,1,44,logistic_regression,373,312,0,0.4418116449293833,0,0.5
3,1,44,logistic_regression,374,243,0,0.23777745320120994,0,0.5
3,1,44,logistic_regression,379,224,0,0.4316402487915832,0,0.5
3,1,44,logistic_regression,380,103,0,0.3991817127910139,0,0.5
3,1,44,logistic_regression,387,266,0,0.4299076233416836,0,0.5
3,1,44,logistic_regression,391,69,0,0.1344683485072128,0,0.5
3,1,44,logistic_regression,393,142,0,0.42663160380176285,0,0.5
3,1,44,logistic_regression,399,209,0,0.47083025325525885,0,0.5
3,1,44,logistic_regression,402,102,0,0.41834867523006686,0,0.5
3,1,44,logistic_regression,403,64,0,0.42645467935419185,0,0.5
3,1,44,logistic_regression,410,171,0,0.4673030727520345,0,0.5
3,1,44,logistic_regression,419,149,0,0.15475872431006177,0,0.5
3,1,44,logistic_regression,424,181,0,0.6835985736743336,1,0.5
3,1,44,logistic_regression,436,39,0,0.15721234102038076,0,0.5
3,1,44,logistic_regression,439,112,0,0.4347570759023747,0,0.5
3,1,44,logistic_regression,440,7,0,0.43656024870057003,0,0.5
3,1,44,logistic_regression,441,9,0,0.43595134142745406,0,0.5
3,1,44,logistic_regression,445,36,0,0.15951094546411457,0,0.5
3,1,44,logistic_regression,447,63,0,0.4270603651801479,0,0.5
3,1,44,logistic_regression,454,7,0,0.43656024870057003,0,0.5
3,1,44,logistic_regression,456,24,0,0.4366492089054707,0,0.5
3,1,44,logistic_regression,462,68,0,0.4168361097831152,0,0.5
3,1,44,logistic_regression,464,25,0,0.4439485978819112,0,0.5
3,1,44,logistic_regression,466,7,0,0.43656024870057003,0,0.5
3,1,44,logistic_regression,474,640,0,0.5361861761343899,1,0.5
3,1,44,logistic_regression,476,753,0,0.17035022225112512,0,0.5
3,1,44,logistic_regression,477,751,0,0.4524395798336097,0,0.5
3,1,44,logistic_regression,478,534,0,0.45313229375268305,0,0.5
3,1,44,logistic_regression,482,757,0,0.6258512653593185,1,0.5
3,1,44,logistic_regression,483,190,0,0.5133628381826848,1,0.5
3,1,44,logistic_regression,484,371,0,0.43501443907607446,0,0.5
3,1,44,logistic_regression,490,375,0,0.3337309884790394,0,0.5
3,1,44,logistic_regression,507,71,0,0.43621815021217825,0,0.5
3,1,44,logistic_regression,508,590,0,0.7680655958541918,1,0.5
3,1,44,logistic_regression,517,514,0,0.5030261714597852,1,0.5
3,1,44,logistic_regression,521,791,0,0.4943802084419681,0,0.5
3,1,44,logistic_regression,530,239,1,0.4219907737549531,0,0.5
3,1,44,logistic_regression,532,364,0,0.4337427233362156,0,0.5
3,1,44,logistic_regression,536,24,0,0.4366492089054707,0,0.5
3,1,44,logistic_regression,538,361,0,0.43349054069474485,0,0.5
3,1,44,logistic_regression,540,188,0,0.4261145109250342,0,0.5
3,1,44,logistic_regression,541,474,0,0.41822459629238473,0,0.5
3,1,44,logistic_regression,548,58,0,0.43954579294445295,0,0.5
3,1,44,logistic_regression,555,435,0,0.45924510406505237,0,0.5
3,1,44,logistic_regression,558,255,0,0.4323156874299594,0,0.5
3,1,44,logistic_regression,566,456,0,0.47582026682674505,0,0.5
3,1,44,logistic_regression,568,338,0,0.4343171700384139,0,0.5
3,1,44,logistic_regression,578,126,1,0.43136882575417557,0,0.5
3,1,44,logistic_regression,582,198,0,0.48989812517625375,0,0.5
3,1,44,logistic_regression,586,150,0,0.15978343816605453,0,0.5
3,1,44,logistic_regression,592,321,0,0.4763974371608313,0,0.5
3,1,44,logistic_regression,606,539,0,0.49560554233266146,0,0.5
3,1,44,logistic_regression,607,566,0,0.15558256513687463,0,0.5
3,1,44,logistic_regression,609,416,0,0.5188811411634565,1,0.5
3,1,44,logistic_regression,623,250,0,0.48607535456245277,0,0.5
3,1,44,logistic_regression,629,336,0,0.5382080249867432,1,0.5
3,1,44,logistic_regression,636,741,0,0.5127268389272741,1,0.5
3,1,44,logistic_regression,640,625,0,0.5483357029962316,1,0.5
3,1,44,logistic_regression,647,277,0,0.46232968990012313,0,0.5
3,1,44,logistic_regression,648,95,0,0.9176394953164658,1,0.5
3,1,44,logistic_regression,659,467,0,0.45982619571907374,0,0.5
3,1,44,logistic_regression,660,33,0,0.4318040357548916,0,0.5
3,1,44,logistic_regression,661,326,0,0.4046573761595351,0,0.5
3,1,44,logistic_regression,665,205,0,0.4833791462783654,0,0.5
3,1,44,logistic_regression,666,67,0,0.4094914063708798,0,0.5
3,1,44,logistic_regression,671,824,1,0.5156965080016144,1,0.5
3,1,44,logistic_regression,675,808,0,0.5169122384471536,1,0.5
3,1,44,logistic_regression,678,609,0,0.42277780769891665,0,0.5
3,1,44,logistic_regression,687,638,1,0.7816863376048512,1,0.5
3,1,44,logistic_regression,689,340,0,0.6251533776900483,1,0.5
3,1,44,logistic_regression,690,8,0,0.6176901392332262,1,0.5
3,1,44,logistic_regression,692,74,0,0.6213520565481124,1,0.5
3,1,44,logistic_regression,695,538,0,0.6104261063547136,1,0.5
3,1,44,logistic_regression,697,91,0,0.6235029401761757,1,0.5
3,1,44,logistic_regression,706,81,0,0.6181907778453836,1,0.5
3,1,44,logistic_regression,712,317,0,0.403067819140723,0,0.5
3,1,44,logistic_regression,727,589,0,0.5479124975069715,1,0.5
3,1,44,logistic_regression,729,327,0,0.4112834384677321,0,0.5
3,1,44,logistic_regression,730,775,0,0.7059408107403804,1,0.5
3,1,44,logistic_regression,739,495,1,0.6825010064926779,1,0.5
3,1,44,logistic_regression,740,768,0,0.5665147469851886,1,0.5
3,1,44,logistic_regression,753,166,1,0.5917677750946558,1,0.5
3,1,44,logistic_regression,756,395,0,0.5046494659763522,1,0.5
3,1,44,logistic_regression,762,139,0,0.1589932197955586,0,0.5
3,1,44,logistic_regression,766,206,0,0.4929523385391117,0,0.5
3,1,44,logistic_regression,767,12,0,0.1601272876713342,0,0.5
3,1,44,logistic_regression,774,801,0,0.6486434304137105,1,0.5
3,1,44,logistic_regression,775,455,0,0.4732764295467411,0,0.5
3,1,44,logistic_regression,777,744,0,0.416768208307949,0,0.5
3,1,44,logistic_regression,778,136,0,0.15932455884681232,0,0.5
3,1,44,logistic_regression,784,403,0,0.46094303314377905,0,0.5
3,1,44,logistic_regression,791,15,0,0.453445909631353,0,0.5
3,1,44,logistic_regression,796,605,0,0.4917721601026737,0,0.5
3,1,44,logistic_regression,797,645,1,0.49799202566822237,0,0.5
3,1,44,logistic_regression,802,14,0,0.41839831433006336,0,0.5
3,1,44,logistic_regression,817,516,0,0.6279635215243152,1,0.5
3,1,44,logistic_regression,822,726,0,0.3116690223340361,0,0.5
3,1,44,logistic_regression,823,644,0,0.4040671941581336,0,0.5
3,1,44,logistic_regression,830,699,0,0.4880716433392027,0,0.5
3,1,44,logistic_regression,832,561,0,0.4061000382153949,0,0.5
3,1,44,logistic_regression,844,444,0,0.5298163999678335,1,0.5
3,1,44,logistic_regression,851,298,0,0.45354934891810705,0,0.5
3,1,44,logistic_regression,857,526,0,0.42013539201366906,0,0.5
3,1,44,xgboost,1,7,0,0.2246815711259842,0,0.5
3,1,44,xgboost,7,413,0,0.28217053413391113,0,0.5
3,1,44,xgboost,11,450,0,0.464054137468338,0,0.5
3,1,44,xgboost,13,803,0,0.19890713691711426,0,0.5
3,1,44,xgboost,21,783,0,0.6791459918022156,1,0.5
3,1,44,xgboost,25,805,0,0.320107638835907,0,0.5
3,1,44,xgboost,38,758,0,0.3969280421733856,0,0.5
3,1,44,xgboost,39,719,0,0.28406450152397156,0,0.5
3,1,44,xgboost,41,732,1,0.5238958597183228,1,0.5
3,1,44,xgboost,67,728,0,0.4711773991584778,0,0.5
3,1,44,xgboost,81,593,0,0.3136078715324402,0,0.5
3,1,44,xgboost,83,621,0,0.39726656675338745,0,0.5
3,1,44,xgboost,86,718,0,0.25577667355537415,0,0.5
3,1,44,xgboost,90,707,0,0.06022654101252556,0,0.5
3,1,44,xgboost,92,649,0,0.39427846670150757,0,0.5
3,1,44,xgboost,100,669,0,0.23685380816459656,0,0.5
3,1,44,xgboost,102,599,0,0.1023641899228096,0,0.5
3,1,44,xgboost,105,674,0,0.5503040552139282,1,0.5
3,1,44,xgboost,108,611,0,0.43238770961761475,0,0.5
3,1,44,xgboost,129,557,0,0.17625902593135834,0,0.5
3,1,44,xgboost,136,586,0,0.11655711382627487,0,0.5
3,1,44,xgboost,138,517,0,0.28794705867767334,0,0.5
3,1,44,xgboost,147,533,0,0.29847481846809387,0,0.5
3,1,44,xgboost,151,551,0,0.5584654808044434,1,0.5
3,1,44,xgboost,154,457,0,0.37915846705436707,0,0.5
3,1,44,xgboost,156,448,0,0.3478224277496338,0,0.5
3,1,44,xgboost,164,546,0,0.09685109555721283,0,0.5
3,1,44,xgboost,171,418,0,0.44362226128578186,0,0.5
3,1,44,xgboost,174,499,0,0.3296578824520111,0,0.5
3,1,44,xgboost,175,412,0,0.415050745010376,0,0.5
3,1,44,xgboost,189,380,0,0.32314959168434143,0,0.5
3,1,44,xgboost,190,513,0,0.45874226093292236,0,0.5
3,1,44,xgboost,191,527,0,0.3451937735080719,0,0.5
3,1,44,xgboost,193,445,0,0.0717812106013298,0,0.5
3,1,44,xgboost,195,429,0,0.2823604643344879,0,0.5
3,1,44,xgboost,196,505,0,0.5913119912147522,1,0.5
3,1,44,xgboost,204,222,0,0.5224995017051697,1,0.5
3,1,44,xgboost,212,431,0,0.16755355894565582,0,0.5
3,1,44,xgboost,216,531,1,0.443448930978775,0,0.5
3,1,44,xgboost,217,408,0,0.36178889870643616,0,0.5
3,1,44,xgboost,231,432,0,0.23216870427131653,0,0.5
3,1,44,xgboost,232,316,0,0.2764875590801239,0,0.5
3,1,44,xgboost,233,345,0,0.42004087567329407,0,0.5
3,1,44,xgboost,236,343,0,0.41833195090293884,0,0.5
3,1,44,xgboost,247,292,0,0.5412455201148987,1,0.5
3,1,44,xgboost,249,270,0,0.3915870785713196,0,0.5
3,1,44,xgboost,254,390,0,0.4070810377597809,0,0.5
3,1,44,xgboost,283,389,0,0.4931148290634155,0,0.5
3,1,44,xgboost,288,300,0,0.31997522711753845,0,0.5
3,1,44,xgboost,290,204,0,0.41747474670410156,0,0.5
3,1,44,xgboost,294,288,0,0.5584654808044434,1,0.5
3,1,44,xgboost,303,386,0,0.41611170768737793,0,0.5
3,1,44,xgboost,307,287,0,0.07407680153846741,0,0.5
3,1,44,xgboost,312,313,0,0.3376978635787964,0,0.5
3,1,44,xgboost,315,189,0,0.39526084065437317,0,0.5
3,1,44,xgboost,318,308,0,0.24407079815864563,0,0.5
3,1,44,xgboost,320,271,1,0.28507912158966064,0,0.5
3,1,44,xgboost,332,583,0,0.25133323669433594,0,0.5
3,1,44,xgboost,337,818,0,0.4323045015335083,0,0.5
3,1,44,xgboost,340,148,0,0.25749337673187256,0,0.5
3,1,44,xgboost,342,228,0,0.404133141040802,0,0.5
3,1,44,xgboost,346,149,0,0.08021830022335052,0,0.5
3,1,44,xgboost,347,131,0,0.47345682978630066,0,0.5
3,1,44,xgboost,357,258,0,0.10492170602083206,0,0.5
3,1,44,xgboost,360,339,0,0.39977091550827026,0,0.5
3,1,44,xgboost,365,178,0,0.5859052538871765,1,0.5
3,1,44,xgboost,366,143,0,0.3316458761692047,0,0.5
3,1,44,xgboost,367,127,0,0.3642257750034332,0,0.5
3,1,44,xgboost,370,239,1,0.38111233711242676,0,0.5
3,1,44,xgboost,373,312,0,0.5693861842155457,1,0.5
3,1,44,xgboost,374,243,0,0.5430667996406555,1,0.5
3,1,44,xgboost,379,224,0,0.34870684146881104,0,0.5
3,1,44,xgboost,380,103,0,0.4032772183418274,0,0.5
3,1,44,xgboost,387,266,0,0.4203609526157379,0,0.5
3,1,44,xgboost,391,69,0,0.08791279792785645,0,0.5
3,1,44,xgboost,393,142,0,0.32283106446266174,0,0.5
3,1,44,xgboost,399,209,0,0.5718333125114441,1,0.5
3,1,44,xgboost,402,102,0,0.34249213337898254,0,0.5
3,1,44,xgboost,403,64,0,0.27885839343070984,0,0.5
3,1,44,xgboost,410,171,0,0.5565054416656494,1,0.5
3,1,44,xgboost,419,149,0,0.08021830022335052,0,0.5
3,1,44,xgboost,424,181,0,0.7896814942359924,1,0.5
3,1,44,xgboost,436,39,0,0.07447848469018936,0,0.5
3,1,44,xgboost,439,112,0,0.3000663220882416,0,0.5
3,1,44,xgboost,440,7,0,0.2246815711259842,0,0.5
3,1,44,xgboost,441,9,0,0.23261374235153198,0,0.5
3,1,44,xgboost,445,36,0,0.06793130189180374,0,0.5
3,1,44,xgboost,447,63,0,0.26990389823913574,0,0.5
3,1,44,xgboost,454,7,0,0.2246815711259842,0,0.5
3,1,44,xgboost,456,24,0,0.2246815711259842,0,0.5
3,1,44,xgboost,462,68,0,0.27431362867355347,0,0.5
3,1,44,xgboost,464,25,0,0.317440003156662,0,0.5
3,1,44,xgboost,466,7,0,0.2246815711259842,0,0.5
3,1,44,xgboost,474,640,0,0.3618616759777069,0,0.5
3,1,44,xgboost,476,753,0,0.06854311376810074,0,0.5
3,1,44,xgboost,477,751,0,0.503314733505249,1,0.5
3,1,44,xgboost,478,534,0,0.306403785943985,0,0.5
3,1,44,xgboost,482,757,0,0.4339139759540558,0,0.5
3,1,44,xgboost,483,190,0,0.4470690190792084,0,0.5
3,1,44,xgboost,484,371,0,0.38637441396713257,0,0.5
3,1,44,xgboost,490,375,0,0.23506221175193787,0,0.5
3,1,44,xgboost,507,71,0,0.26781901717185974,0,0.5
3,1,44,xgboost,508,590,0,0.38014596700668335,0,0.5
3,1,44,xgboost,517,514,0,0.40343818068504333,0,0.5
3,1,44,xgboost,521,791,0,0.473593533039093,0,0.5
3,1,44,xgboost,530,239,1,0.38111233711242676,0,0.5
3,1,44,xgboost,532,364,0,0.26601141691207886,0,0.5
3,1,44,xgboost,536,24,0,0.2246815711259842,0,0.5
3,1,44,xgboost,538,361,0,0.5562973618507385,1,0.5
3,1,44,xgboost,540,188,0,0.36748287081718445,0,0.5
3,1,44,xgboost,541,474,0,0.2753010094165802,0,0.5
3,1,44,xgboost,548,58,0,0.3495212197303772,0,0.5
3,1,44,xgboost,555,435,0,0.6353946328163147,1,0.5
3,1,44,xgboost,558,255,0,0.3352292478084564,0,0.5
3,1,44,xgboost,566,456,0,0.4651538133621216,0,0.5
3,1,44,xgboost,568,338,0,0.3865567743778229,0,0.5
3,1,44,xgboost,578,126,1,0.2309279590845108,0,0.5
3,1,44,xgboost,582,198,0,0.37645065784454346,0,0.5
3,1,44,xgboost,586,150,0,0.08216871321201324,0,0.5
3,1,44,xgboost,592,321,0,0.41019341349601746,0,0.5
3,1,44,xgboost,606,539,0,0.3881291151046753,0,0.5
3,1,44,xgboost,607,566,0,0.06094096601009369,0,0.5
3,1,44,xgboost,609,416,0,0.42017224431037903,0,0.5
3,1,44,xgboost,623,250,0,0.6489947438240051,1,0.5
3,1,44,xgboost,629,336,0,0.464054137468338,0,0.5
3,1,44,xgboost,636,741,0,0.19421075284481049,0,0.5
3,1,44,xgboost,640,625,0,0.4392150044441223,0,0.5
3,1,44,xgboost,647,277,0,0.4283904433250427,0,0.5
3,1,44,xgboost,648,95,0,0.6176767945289612,1,0.5
3,1,44,xgboost,659,467,0,0.528078019618988,1,0.5
3,1,44,xgboost,660,33,0,0.2246815711259842,0,0.5
3,1,44,xgboost,661,326,0,0.3359493613243103,0,0.5
3,1,44,xgboost,665,205,0,0.257630318403244,0,0.5
3,1,44,xgboost,666,67,0,0.2861345112323761,0,0.5
3,1,44,xgboost,671,824,1,0.27639034390449524,0,0.5
3,1,44,xgboost,675,808,0,0.3302827775478363,0,0.5
3,1,44,xgboost,678,609,0,0.39609381556510925,0,0.5
3,1,44,xgboost,687,638,1,0.4486190378665924,0,0.5
3,1,44,xgboost,689,340,0,0.3672115206718445,0,0.5
3,1,44,xgboost,690,8,0,0.39274245500564575,0,0.5
3,1,44,xgboost,692,74,0,0.5858870148658752,1,0.5
3,1,44,xgboost,695,538,0,0.5273745656013489,1,0.5
3,1,44,xgboost,697,91,0,0.43062734603881836,0,0.5
3,1,44,xgboost,706,81,0,0.623519778251648,1,0.5
3,1,44,xgboost,712,317,0,0.4018305540084839,0,0.5
3,1,44,xgboost,727,589,0,0.5067157745361328,1,0.5
3,1,44,xgboost,729,327,0,0.1803867369890213,0,0.5
3,1,44,xgboost,730,775,0,0.6237125992774963,1,0.5
3,1,44,xgboost,739,495,1,0.7255363464355469,1,0.5
3,1,44,xgboost,740,768,0,0.23595239222049713,0,0.5
3,1,44,xgboost,753,166,1,0.5027209520339966,1,0.5
3,1,44,xgboost,756,395,0,0.39200931787490845,0,0.5
3,1,44,xgboost,762,139,0,0.07312478125095367,0,0.5
3,1,44,xgboost,766,206,0,0.4102558493614197,0,0.5
3,1,44,xgboost,767,12,0,0.06513816118240356,0,0.5
3,1,44,xgboost,774,801,0,0.5449700951576233,1,0.5
3,1,44,xgboost,775,455,0,0.3743191659450531,0,0.5
3,1,44,xgboost,777,744,0,0.235585555434227,0,0.5
3,1,44,xgboost,778,136,0,0.0734880194067955,0,0.5
3,1,44,xgboost,784,403,0,0.4314568340778351,0,0.5
3,1,44,xgboost,791,15,0,0.3139509856700897,0,0.5
3,1,44,xgboost,796,605,0,0.20927433669567108,0,0.5
3,1,44,xgboost,797,645,1,0.5698199272155762,1,0.5
3,1,44,xgboost,802,14,0,0.22750748693943024,0,0.5
3,1,44,xgboost,817,516,0,0.39517226815223694,0,0.5
3,1,44,xgboost,822,726,0,0.2553313076496124,0,0.5
3,1,44,xgboost,823,644,0,0.4074532389640808,0,0.5
3,1,44,xgboost,830,699,0,0.4650194048881531,0,0.5
3,1,44,xgboost,832,561,0,0.2549113929271698,0,0.5
3,1,44,xgboost,844,444,0,0.2501671016216278,0,0.5
3,1,44,xgboost,851,298,0,0.41611170768737793,0,0.5
3,1,44,xgboost,857,526,0,0.30947184562683105,0,0.5
3,2,44,dummy_prior,0,109,0,0.0641399416909621,0,0.5
3,2,44,dummy_prior,5,796,0,0.0641399416909621,0,0.5
3,2,44,dummy_prior,15,776,0,0.0641399416909621,0,0.5
3,2,44,dummy_prior,18,792,0,0.0641399416909621,0,0.5
3,2,44,dummy_prior,22,766,1,0.0641399416909621,0,0.5
3,2,44,dummy_prior,23,767,1,0.0641399416909621,0,0.5
3,2,44,dummy_prior,24,774,0,0.0641399416909621,0,0.5
3,2,44,dummy_prior,48,780,0,0.0641399416909621,0,0.5
3,2,44,dummy_prior,59,692,0,0.0641399416909621,0,0.5
3,2,44,dummy_prior,61,697,0,0.0641399416909621,0,0.5
3,2,44,dummy_prior,64,750,1,0.0641399416909621,0,0.5
3,2,44,dummy_prior,70,727,0,0.0641399416909621,0,0.5
3,2,44,dummy_prior,77,646,0,0.0641399416909621,0,0.5
3,2,44,dummy_prior,80,630,0,0.0641399416909621,0,0.5
3,2,44,dummy_prior,85,657,0,0.0641399416909621,0,0.5
3,2,44,dummy_prior,87,703,0,0.0641399416909621,0,0.5
3,2,44,dummy_prior,93,631,1,0.0641399416909621,0,0.5
3,2,44,dummy_prior,98,584,0,0.0641399416909621,0,0.5
3,2,44,dummy_prior,104,633,0,0.0641399416909621,0,0.5
3,2,44,dummy_prior,106,577,0,0.0641399416909621,0,0.5
3,2,44,dummy_prior,107,653,0,0.0641399416909621,0,0.5
3,2,44,dummy_prior,111,626,0,0.0641399416909621,0,0.5
3,2,44,dummy_prior,113,328,0,0.0641399416909621,0,0.5
3,2,44,dummy_prior,114,667,0,0.0641399416909621,0,0.5
3,2,44,dummy_prior,115,665,0,0.0641399416909621,0,0.5
3,2,44,dummy_prior,125,596,0,0.0641399416909621,0,0.5
3,2,44,dummy_prior,126,588,0,0.0641399416909621,0,0.5
3,2,44,dummy_prior,128,518,0,0.0641399416909621,0,0.5
3,2,44,dummy_prior,130,492,0,0.0641399416909621,0,0.5
3,2,44,dummy_prior,140,553,0,0.0641399416909621,0,0.5
3,2,44,dummy_prior,144,558,0,0.0641399416909621,0,0.5
3,2,44,dummy_prior,150,489,0,0.0641399416909621,0,0.5
3,2,44,dummy_prior,157,545,0,0.0641399416909621,0,0.5
3,2,44,dummy_prior,158,617,0,0.0641399416909621,0,0.5
3,2,44,dummy_prior,160,484,0,0.0641399416909621,0,0.5
3,2,44,dummy_prior,162,481,0,0.0641399416909621,0,0.5
3,2,44,dummy_prior,166,515,0,0.0641399416909621,0,0.5
3,2,44,dummy_prior,169,108,0,0.0641399416909621,0,0.5
3,2,44,dummy_prior,173,529,0,0.0641399416909621,0,0.5
3,2,44,dummy_prior,178,472,0,0.0641399416909621,0,0.5
3,2,44,dummy_prior,179,548,0,0.0641399416909621,0,0.5
3,2,44,dummy_prior,186,404,0,0.0641399416909621,0,0.5
3,2,44,dummy_prior,188,475,0,0.0641399416909621,0,0.5
3,2,44,dummy_prior,205,388,1,0.0641399416909621,0,0.5
3,2,44,dummy_prior,208,470,0,0.0641399416909621,0,0.5
3,2,44,dummy_prior,209,387,0,0.0641399416909621,0,0.5
3,2,44,dummy_prior,210,399,0,0.0641399416909621,0,0.5
3,2,44,dummy_prior,222,552,0,0.0641399416909621,0,0.5
3,2,44,dummy_prior,223,278,0,0.0641399416909621,0,0.5
3,2,44,dummy_prior,224,351,1,0.0641399416909621,0,0.5
3,2,44,dummy_prior,227,394,0,0.0641399416909621,0,0.5
3,2,44,dummy_prior,242,555,0,0.0641399416909621,0,0.5
3,2,44,dummy_prior,251,284,0,0.0641399416909621,0,0.5
3,2,44,dummy_prior,253,279,0,0.0641399416909621,0,0.5
3,2,44,dummy_prior,258,245,0,0.0641399416909621,0,0.5
3,2,44,dummy_prior,262,295,0,0.0641399416909621,0,0.5
3,2,44,dummy_prior,270,211,0,0.0641399416909621,0,0.5
3,2,44,dummy_prior,278,267,0,0.0641399416909621,0,0.5
3,2,44,dummy_prior,279,263,0,0.0641399416909621,0,0.5
3,2,44,dummy_prior,281,238,0,0.0641399416909621,0,0.5
3,2,44,dummy_prior,282,219,0,0.0641399416909621,0,0.5
3,2,44,dummy_prior,289,419,0,0.0641399416909621,0,0.5
3,2,44,dummy_prior,292,264,0,0.0641399416909621,0,0.5
3,2,44,dummy_prior,298,333,0,0.0641399416909621,0,0.5
3,2,44,dummy_prior,300,301,0,0.0641399416909621,0,0.5
3,2,44,dummy_prior,306,436,0,0.0641399416909621,0,0.5
3,2,44,dummy_prior,311,368,0,0.0641399416909621,0,0.5
3,2,44,dummy_prior,316,348,0,0.0641399416909621,0,0.5
3,2,44,dummy_prior,329,290,0,0.0641399416909621,0,0.5
3,2,44,dummy_prior,330,207,0,0.0641399416909621,0,0.5
3,2,44,dummy_prior,338,200,0,0.0641399416909621,0,0.5
3,2,44,dummy_prior,339,182,0,0.0641399416909621,0,0.5
3,2,44,dummy_prior,343,159,0,0.0641399416909621,0,0.5
3,2,44,dummy_prior,348,125,0,0.0641399416909621,0,0.5
3,2,44,dummy_prior,350,167,0,0.0641399416909621,0,0.5
3,2,44,dummy_prior,359,733,0,0.0641399416909621,0,0.5
3,2,44,dummy_prior,362,160,0,0.0641399416909621,0,0.5
3,2,44,dummy_prior,368,203,0,0.0641399416909621,0,0.5
3,2,44,dummy_prior,371,367,0,0.0641399416909621,0,0.5
3,2,44,dummy_prior,376,786,0,0.0641399416909621,0,0.5
3,2,44,dummy_prior,389,49,0,0.0641399416909621,0,0.5
3,2,44,dummy_prior,396,100,0,0.0641399416909621,0,0.5
3,2,44,dummy_prior,397,137,0,0.0641399416909621,0,0.5
3,2,44,dummy_prior,398,115,0,0.0641399416909621,0,0.5
3,2,44,dummy_prior,406,49,0,0.0641399416909621,0,0.5
3,2,44,dummy_prior,409,54,0,0.0641399416909621,0,0.5
3,2,44,dummy_prior,411,49,0,0.0641399416909621,0,0.5
3,2,44,dummy_prior,414,186,0,0.0641399416909621,0,0.5
3,2,44,dummy_prior,435,54,0,0.0641399416909621,0,0.5
3,2,44,dummy_prior,448,65,0,0.0641399416909621,0,0.5
3,2,44,dummy_prior,465,43,0,0.0641399416909621,0,0.5
3,2,44,dummy_prior,475,154,0,0.0641399416909621,0,0.5
3,2,44,dummy_prior,479,482,0,0.0641399416909621,0,0.5
3,2,44,dummy_prior,492,658,0,0.0641399416909621,0,0.5
3,2,44,dummy_prior,495,405,0,0.0641399416909621,0,0.5
3,2,44,dummy_prior,496,451,1,0.0641399416909621,0,0.5
3,2,44,dummy_prior,502,369,0,0.0641399416909621,0,0.5
3,2,44,dummy_prior,503,735,0,0.0641399416909621,0,0.5
3,2,44,dummy_prior,505,306,0,0.0641399416909621,0,0.5
3,2,44,dummy_prior,518,362,0,0.0641399416909621,0,0.5
3,2,44,dummy_prior,520,53,0,0.0641399416909621,0,0.5
3,2,44,dummy_prior,522,37,0,0.0641399416909621,0,0.5
3,2,44,dummy_prior,531,119,0,0.0641399416909621,0,0.5
3,2,44,dummy_prior,534,93,0,0.0641399416909621,0,0.5
3,2,44,dummy_prior,535,275,0,0.0641399416909621,0,0.5
3,2,44,dummy_prior,547,385,0,0.0641399416909621,0,0.5
3,2,44,dummy_prior,550,191,0,0.0641399416909621,0,0.5
3,2,44,dummy_prior,551,639,0,0.0641399416909621,0,0.5
3,2,44,dummy_prior,553,636,0,0.0641399416909621,0,0.5
3,2,44,dummy_prior,564,426,0,0.0641399416909621,0,0.5
3,2,44,dummy_prior,571,257,0,0.0641399416909621,0,0.5
3,2,44,dummy_prior,575,54,0,0.0641399416909621,0,0.5
3,2,44,dummy_prior,576,464,0,0.0641399416909621,0,0.5
3,2,44,dummy_prior,577,196,0,0.0641399416909621,0,0.5
3,2,44,dummy_prior,583,315,0,0.0641399416909621,0,0.5
3,2,44,dummy_prior,589,784,0,0.0641399416909621,0,0.5
3,2,44,dummy_prior,591,244,0,0.0641399416909621,0,0.5
3,2,44,dummy_prior,593,13,0,0.0641399416909621,0,0.5
3,2,44,dummy_prior,597,133,0,0.0641399416909621,0,0.5
3,2,44,dummy_prior,598,54,1,0.0641399416909621,0,0.5
3,2,44,dummy_prior,601,504,0,0.0641399416909621,0,0.5
3,2,44,dummy_prior,602,670,0,0.0641399416909621,0,0.5
3,2,44,dummy_prior,611,311,0,0.0641399416909621,0,0.5
3,2,44,dummy_prior,614,341,1,0.0641399416909621,0,0.5
3,2,44,dummy_prior,615,706,0,0.0641399416909621,0,0.5
3,2,44,dummy_prior,621,582,0,0.0641399416909621,0,0.5
3,2,44,dummy_prior,624,118,0,0.0641399416909621,0,0.5
3,2,44,dummy_prior,626,622,0,0.0641399416909621,0,0.5
3,2,44,dummy_prior,628,779,0,0.0641399416909621,0,0.5
3,2,44,dummy_prior,633,261,0,0.0641399416909621,0,0.5
3,2,44,dummy_prior,634,478,0,0.0641399416909621,0,0.5
3,2,44,dummy_prior,635,714,0,0.0641399416909621,0,0.5
3,2,44,dummy_prior,644,285,0,0.0641399416909621,0,0.5
3,2,44,dummy_prior,650,421,0,0.0641399416909621,0,0.5
3,2,44,dummy_prior,657,260,0,0.0641399416909621,0,0.5
3,2,44,dummy_prior,680,821,0,0.0641399416909621,0,0.5
3,2,44,dummy_prior,688,510,1,0.0641399416909621,0,0.5
3,2,44,dummy_prior,696,138,0,0.0641399416909621,0,0.5
3,2,44,dummy_prior,699,111,0,0.0641399416909621,0,0.5
3,2,44,dummy_prior,707,231,0,0.0641399416909621,0,0.5
3,2,44,dummy_prior,709,374,0,0.0641399416909621,0,0.5
3,2,44,dummy_prior,714,521,0,0.0641399416909621,0,0.5
3,2,44,dummy_prior,715,13,0,0.0641399416909621,0,0.5
3,2,44,dummy_prior,718,246,0,0.0641399416909621,0,0.5
3,2,44,dummy_prior,719,769,0,0.0641399416909621,0,0.5
3,2,44,dummy_prior,736,725,0,0.0641399416909621,0,0.5
3,2,44,dummy_prior,743,540,0,0.0641399416909621,0,0.5
3,2,44,dummy_prior,745,30,0,0.0641399416909621,0,0.5
3,2,44,dummy_prior,747,218,0,0.0641399416909621,0,0.5
3,2,44,dummy_prior,752,676,0,0.0641399416909621,0,0.5
3,2,44,dummy_prior,758,578,0,0.0641399416909621,0,0.5
3,2,44,dummy_prior,759,101,0,0.0641399416909621,0,0.5
3,2,44,dummy_prior,764,281,0,0.0641399416909621,0,0.5
3,2,44,dummy_prior,768,422,0,0.0641399416909621,0,0.5
3,2,44,dummy_prior,770,357,0,0.0641399416909621,0,0.5
3,2,44,dummy_prior,771,661,0,0.0641399416909621,0,0.5
3,2,44,dummy_prior,779,656,0,0.0641399416909621,0,0.5
3,2,44,dummy_prior,781,642,1,0.0641399416909621,0,0.5
3,2,44,dummy_prior,782,528,0,0.0641399416909621,0,0.5
3,2,44,dummy_prior,783,84,0,0.0641399416909621,0,0.5
3,2,44,dummy_prior,790,350,0,0.0641399416909621,0,0.5
3,2,44,dummy_prior,794,175,0,0.0641399416909621,0,0.5
3,2,44,dummy_prior,799,141,0,0.0641399416909621,0,0.5
3,2,44,dummy_prior,805,668,0,0.0641399416909621,0,0.5
3,2,44,dummy_prior,808,544,0,0.0641399416909621,0,0.5
3,2,44,dummy_prior,811,48,0,0.0641399416909621,0,0.5
3,2,44,dummy_prior,815,549,0,0.0641399416909621,0,0.5
3,2,44,dummy_prior,829,666,0,0.0641399416909621,0,0.5
3,2,44,dummy_prior,833,659,0,0.0641399416909621,0,0.5
3,2,44,dummy_prior,843,567,0,0.0641399416909621,0,0.5
3,2,44,dummy_prior,845,132,0,0.0641399416909621,0,0.5
3,2,44,dummy_prior,852,800,0,0.0641399416909621,0,0.5
3,2,44,logistic_regression,0,109,0,0.4597388816690646,0,0.5
3,2,44,logistic_regression,5,796,0,0.3698068813366846,0,0.5
3,2,44,logistic_regression,15,776,0,0.6098128926061405,1,0.5
3,2,44,logistic_regression,18,792,0,0.907302082498627,1,0.5
3,2,44,logistic_regression,22,766,1,0.6002482670905405,1,0.5
3,2,44,logistic_regression,23,767,1,0.5793656577377349,1,0.5
3,2,44,logistic_regression,24,774,0,0.48107424555881123,0,0.5
3,2,44,logistic_regression,48,780,0,0.7056015374538781,1,0.5
3,2,44,logistic_regression,59,692,0,0.809230073207898,1,0.5
3,2,44,logistic_regression,61,697,0,0.5175133307258006,1,0.5
3,2,44,logistic_regression,64,750,1,0.6685169617433606,1,0.5
3,2,44,logistic_regression,70,727,0,0.6379578470355906,1,0.5
3,2,44,logistic_regression,77,646,0,0.38923901231934843,0,0.5
3,2,44,logistic_regression,80,630,0,0.31963920255453004,0,0.5
3,2,44,logistic_regression,85,657,0,0.4153960779181037,0,0.5
3,2,44,logistic_regression,87,703,0,0.5540934667739796,1,0.5
3,2,44,logistic_regression,93,631,1,0.29664149632614895,0,0.5
3,2,44,logistic_regression,98,584,0,0.1652252221082015,0,0.5
3,2,44,logistic_regression,104,633,0,0.5603769625483936,1,0.5
3,2,44,logistic_regression,106,577,0,0.6138717131598339,1,0.5
3,2,44,logistic_regression,107,653,0,0.47279227592005824,0,0.5
3,2,44,logistic_regression,111,626,0,0.283240615228628,0,0.5
3,2,44,logistic_regression,113,328,0,0.39787869242548624,0,0.5
3,2,44,logistic_regression,114,667,0,0.4630668011793476,0,0.5
3,2,44,logistic_regression,115,665,0,0.7219863411756076,1,0.5
3,2,44,logistic_regression,125,596,0,0.5411024099416533,1,0.5
3,2,44,logistic_regression,126,588,0,0.4108198644293889,0,0.5
3,2,44,logistic_regression,128,518,0,0.30316149376610085,0,0.5
3,2,44,logistic_regression,130,492,0,0.5161738937897267,1,0.5
3,2,44,logistic_regression,140,553,0,0.5666747809693135,1,0.5
3,2,44,logistic_regression,144,558,0,0.4114284098941991,0,0.5
3,2,44,logistic_regression,150,489,0,0.44208439985162457,0,0.5
3,2,44,logistic_regression,157,545,0,0.42703821501938305,0,0.5
3,2,44,logistic_regression,158,617,0,0.3904813070382071,0,0.5
3,2,44,logistic_regression,160,484,0,0.6274730071577874,1,0.5
3,2,44,logistic_regression,162,481,0,0.397925326532679,0,0.5
3,2,44,logistic_regression,166,515,0,0.4726743051475588,0,0.5
3,2,44,logistic_regression,169,108,0,0.5059662769671202,1,0.5
3,2,44,logistic_regression,173,529,0,0.7469634258341578,1,0.5
3,2,44,logistic_regression,178,472,0,0.19408021282200383,0,0.5
3,2,44,logistic_regression,179,548,0,0.5415803659350318,1,0.5
3,2,44,logistic_regression,186,404,0,0.3865253476518032,0,0.5
3,2,44,logistic_regression,188,475,0,0.44913288997230943,0,0.5
3,2,44,logistic_regression,205,388,1,0.4184411169528168,0,0.5
3,2,44,logistic_regression,208,470,0,0.429661782178509,0,0.5
3,2,44,logistic_regression,209,387,0,0.5661470953311641,1,0.5
3,2,44,logistic_regression,210,399,0,0.6334217775272133,1,0.5
3,2,44,logistic_regression,222,552,0,0.06839145441421936,0,0.5
3,2,44,logistic_regression,223,278,0,0.45026555439344546,0,0.5
3,2,44,logistic_regression,224,351,1,0.7304712937353273,1,0.5
3,2,44,logistic_regression,227,394,0,0.7415262866962583,1,0.5
3,2,44,logistic_regression,242,555,0,0.3364941623119478,0,0.5
3,2,44,logistic_regression,251,284,0,0.4148776267060057,0,0.5
3,2,44,logistic_regression,253,279,0,0.45102455835787386,0,0.5
3,2,44,logistic_regression,258,245,0,0.4357203977590723,0,0.5
3,2,44,logistic_regression,262,295,0,0.635734203914661,1,0.5
3,2,44,logistic_regression,270,211,0,0.41216560276023007,0,0.5
3,2,44,logistic_regression,278,267,0,0.4269378530281178,0,0.5
3,2,44,logistic_regression,279,263,0,0.04475366262199631,0,0.5
3,2,44,logistic_regression,281,238,0,0.18820847583213288,0,0.5
3,2,44,logistic_regression,282,219,0,0.44440640505099516,0,0.5
3,2,44,logistic_regression,289,419,0,0.4762890420248646,0,0.5
3,2,44,logistic_regression,292,264,0,0.4261928337329488,0,0.5
3,2,44,logistic_regression,298,333,0,0.43180141845078984,0,0.5
3,2,44,logistic_regression,300,301,0,0.5162148641466838,1,0.5
3,2,44,logistic_regression,306,436,0,0.4048903440989743,0,0.5
3,2,44,logistic_regression,311,368,0,0.49292235222130837,0,0.5
3,2,44,logistic_regression,316,348,0,0.16912413362791523,0,0.5
3,2,44,logistic_regression,329,290,0,0.4347620438664071,0,0.5
3,2,44,logistic_regression,330,207,0,0.17231300640426392,0,0.5
3,2,44,logistic_regression,338,200,0,0.23494653393699697,0,0.5
3,2,44,logistic_regression,339,182,0,0.3955856267370138,0,0.5
3,2,44,logistic_regression,343,159,0,0.19852767684317785,0,0.5
3,2,44,logistic_regression,348,125,0,0.4335931648487626,0,0.5
3,2,44,logistic_regression,350,167,0,0.16194938009032486,0,0.5
3,2,44,logistic_regression,359,733,0,0.4422290341818566,0,0.5
3,2,44,logistic_regression,362,160,0,0.4358273017815737,0,0.5
3,2,44,logistic_regression,368,203,0,0.40409825415601097,0,0.5
3,2,44,logistic_regression,371,367,0,0.4897766858985885,0,0.5
3,2,44,logistic_regression,376,786,0,0.7822743984484267,1,0.5
3,2,44,logistic_regression,389,49,0,0.4238062210531742,0,0.5
3,2,44,logistic_regression,396,100,0,0.20826416855329846,0,0.5
3,2,44,logistic_regression,397,137,0,0.6842674784018714,1,0.5
3,2,44,logistic_regression,398,115,0,0.148230320143486,0,0.5
3,2,44,logistic_regression,406,49,0,0.4238062210531742,0,0.5
3,2,44,logistic_regression,409,54,0,0.44941430945912936,0,0.5
3,2,44,logistic_regression,411,49,0,0.4238062210531742,0,0.5
3,2,44,logistic_regression,414,186,0,0.49157758071660806,0,0.5
3,2,44,logistic_regression,435,54,0,0.44941430945912936,0,0.5
3,2,44,logistic_regression,448,65,0,0.2310586036488969,0,0.5
3,2,44,logistic_regression,465,43,0,0.45519900918673123,0,0.5
3,2,44,logistic_regression,475,154,0,0.4899689544188592,0,0.5
3,2,44,logistic_regression,479,482,0,0.3442204790526113,0,0.5
3,2,44,logistic_regression,492,658,0,0.35174481029724286,0,0.5
3,2,44,logistic_regression,495,405,0,0.151533294621471,0,0.5
3,2,44,logistic_regression,496,451,1,0.4132749176376709,0,0.5
3,2,44,logistic_regression,502,369,0,0.520781565955024,1,0.5
3,2,44,logistic_regression,503,735,0,0.6140229521447889,1,0.5
3,2,44,logistic_regression,505,306,0,0.17603247255735746,0,0.5
3,2,44,logistic_regression,518,362,0,0.517678034513132,1,0.5
3,2,44,logistic_regression,520,53,0,0.46179223687154836,0,0.5
3,2,44,logistic_regression,522,37,0,0.46631416434671014,0,0.5
3,2,44,logistic_regression,531,119,0,0.47631144699389305,0,0.5
3,2,44,logistic_regression,534,93,0,0.4166908625911106,0,0.5
3,2,44,logistic_regression,535,275,0,0.4212346109495664,0,0.5
3,2,44,logistic_regression,547,385,0,0.17710265192199304,0,0.5
3,2,44,logistic_regression,550,191,0,0.49089652015094676,0,0.5
3,2,44,logistic_regression,551,639,0,0.17518539932332353,0,0.5
3,2,44,logistic_regression,553,636,0,0.4554736454765207,0,0.5
3,2,44,logistic_regression,564,426,0,0.03925762232659028,0,0.5
3,2,44,logistic_regression,571,257,0,0.4572301142871754,0,0.5
3,2,44,logistic_regression,575,54,0,0.44941430945912936,0,0.5
3,2,44,logistic_regression,576,464,0,0.18920444005315742,0,0.5
3,2,44,logistic_regression,577,196,0,0.4685274418328927,0,0.5
3,2,44,logistic_regression,583,315,0,0.44062886995573436,0,0.5
3,2,44,logistic_regression,589,784,0,0.43267552086760996,0,0.5
3,2,44,logistic_regression,591,244,0,0.4422621256251068,0,0.5
3,2,44,logistic_regression,593,13,0,0.4609621886617398,0,0.5
3,2,44,logistic_regression,597,133,0,0.8487218028382923,1,0.5
3,2,44,logistic_regression,598,54,1,0.44941430945912936,0,0.5
3,2,44,logistic_regression,601,504,0,0.49054950144878484,0,0.5
3,2,44,logistic_regression,602,670,0,0.5865737856465606,1,0.5
3,2,44,logistic_regression,611,311,0,0.4052365324738296,0,0.5
3,2,44,logistic_regression,614,341,1,0.5684278835209075,1,0.5
3,2,44,logistic_regression,615,706,0,0.7760953145620454,1,0.5
3,2,44,logistic_regression,621,582,0,0.47748911420033757,0,0.5
3,2,44,logistic_regression,624,118,0,0.46202542349682896,0,0.5
3,2,44,logistic_regression,626,622,0,0.41478839575424686,0,0.5
3,2,44,logistic_regression,628,779,0,0.7338900039446334,1,0.5
3,2,44,logistic_regression,633,261,0,0.1757690665322338,0,0.5
3,2,44,logistic_regression,634,478,0,0.44648897910102453,0,0.5
3,2,44,logistic_regression,635,714,0,0.45016658014854355,0,0.5
3,2,44,logistic_regression,644,285,0,0.4931836844112517,0,0.5
3,2,44,logistic_regression,650,421,0,0.7064294305692355,1,0.5
3,2,44,logistic_regression,657,260,0,0.5526524374381707,1,0.5
3,2,44,logistic_regression,680,821,0,0.44396629138351995,0,0.5
3,2,44,logistic_regression,688,510,1,0.4923721738591722,0,0.5
3,2,44,logistic_regression,696,138,0,0.35327244189361195,0,0.5
3,2,44,logistic_regression,699,111,0,0.7063122693472224,1,0.5
3,2,44,logistic_regression,707,231,0,0.6185916281350519,1,0.5
3,2,44,logistic_regression,709,374,0,0.5392672983538813,1,0.5
3,2,44,logistic_regression,714,521,0,0.5089167684166593,1,0.5
3,2,44,logistic_regression,715,13,0,0.4609621886617398,0,0.5
3,2,44,logistic_regression,718,246,0,0.4428764884894135,0,0.5
3,2,44,logistic_regression,719,769,0,0.6772282042902837,1,0.5
3,2,44,logistic_regression,736,725,0,0.45032771009522465,0,0.5
3,2,44,logistic_regression,743,540,0,0.3002388012351804,0,0.5
3,2,44,logistic_regression,745,30,0,0.6452545789047103,1,0.5
3,2,44,logistic_regression,747,218,0,0.4161947522473283,0,0.5
3,2,44,logistic_regression,752,676,0,0.4137801743889823,0,0.5
3,2,44,logistic_regression,758,578,0,0.4112269830340989,0,0.5
3,2,44,logistic_regression,759,101,0,0.47574654745054223,0,0.5
3,2,44,logistic_regression,764,281,0,0.6128968788346403,1,0.5
3,2,44,logistic_regression,768,422,0,0.4131002949212134,0,0.5
3,2,44,logistic_regression,770,357,0,0.13889543782668215,0,0.5
3,2,44,logistic_regression,771,661,0,0.1774975420873766,0,0.5
3,2,44,logistic_regression,779,656,0,0.5714041569068047,1,0.5
3,2,44,logistic_regression,781,642,1,0.15033177197804437,0,0.5
3,2,44,logistic_regression,782,528,0,0.5117656493195962,1,0.5
3,2,44,logistic_regression,783,84,0,0.15659869166700896,0,0.5
3,2,44,logistic_regression,790,350,0,0.4096598182949621,0,0.5
3,2,44,logistic_regression,794,175,0,0.17005443601333356,0,0.5
3,2,44,logistic_regression,799,141,0,0.4750463284375308,0,0.5
3,2,44,logistic_regression,805,668,0,0.6002538130742467,1,0.5
3,2,44,logistic_regression,808,544,0,0.6011892675649391,1,0.5
3,2,44,logistic_regression,811,48,0,0.6164941942955854,1,0.5
3,2,44,logistic_regression,815,549,0,0.6315614574779909,1,0.5
3,2,44,logistic_regression,829,666,0,0.4872881023764394,0,0.5
3,2,44,logistic_regression,833,659,0,0.24992037685895455,0,0.5
3,2,44,logistic_regression,843,567,0,0.4839384364987845,0,0.5
3,2,44,logistic_regression,845,132,0,0.44668177851505836,0,0.5
3,2,44,logistic_regression,852,800,0,0.4872651537237466,0,0.5
3,2,44,xgboost,0,109,0,0.38796260952949524,0,0.5
3,2,44,xgboost,5,796,0,0.1306997388601303,0,0.5
3,2,44,xgboost,15,776,0,0.6302469372749329,1,0.5
3,2,44,xgboost,18,792,0,0.18004973232746124,0,0.5
3,2,44,xgboost,22,766,1,0.5665378570556641,1,0.5
3,2,44,xgboost,23,767,1,0.2505461275577545,0,0.5
3,2,44,xgboost,24,774,0,0.4159815013408661,0,0.5
3,2,44,xgboost,48,780,0,0.5262054800987244,1,0.5
3,2,44,xgboost,59,692,0,0.5491732358932495,1,0.5
3,2,44,xgboost,61,697,0,0.16551250219345093,0,0.5
3,2,44,xgboost,64,750,1,0.6475630402565002,1,0.5
3,2,44,xgboost,70,727,0,0.6787357330322266,1,0.5
3,2,44,xgboost,77,646,0,0.14070113003253937,0,0.5
3,2,44,xgboost,80,630,0,0.16431675851345062,0,0.5
3,2,44,xgboost,85,657,0,0.14070113003253937,0,0.5
3,2,44,xgboost,87,703,0,0.6332504749298096,1,0.5
3,2,44,xgboost,93,631,1,0.14625346660614014,0,0.5
3,2,44,xgboost,98,584,0,0.11825672537088394,0,0.5
3,2,44,xgboost,104,633,0,0.6450504660606384,1,0.5
3,2,44,xgboost,106,577,0,0.6235827207565308,1,0.5
3,2,44,xgboost,107,653,0,0.45522043108940125,0,0.5
3,2,44,xgboost,111,626,0,0.19347018003463745,0,0.5
3,2,44,xgboost,113,328,0,0.12609286606311798,0,0.5
3,2,44,xgboost,114,667,0,0.45425793528556824,0,0.5
3,2,44,xgboost,115,665,0,0.39971959590911865,0,0.5
3,2,44,xgboost,125,596,0,0.46054136753082275,0,0.5
3,2,44,xgboost,126,588,0,0.47275295853614807,0,0.5
3,2,44,xgboost,128,518,0,0.1437900811433792,0,0.5
3,2,44,xgboost,130,492,0,0.43802711367607117,0,0.5
3,2,44,xgboost,140,553,0,0.18044324219226837,0,0.5
3,2,44,xgboost,144,558,0,0.4497787654399872,0,0.5
3,2,44,xgboost,150,489,0,0.4609846770763397,0,0.5
3,2,44,xgboost,157,545,0,0.44454479217529297,0,0.5
3,2,44,xgboost,158,617,0,0.1494431048631668,0,0.5
3,2,44,xgboost,160,484,0,0.40707430243492126,0,0.5
3,2,44,xgboost,162,481,0,0.16086968779563904,0,0.5
3,2,44,xgboost,166,515,0,0.13816070556640625,0,0.5
3,2,44,xgboost,169,108,0,0.4423808455467224,0,0.5
3,2,44,xgboost,173,529,0,0.6380020380020142,1,0.5
3,2,44,xgboost,178,472,0,0.15312689542770386,0,0.5
3,2,44,xgboost,179,548,0,0.5780496001243591,1,0.5
3,2,44,xgboost,186,404,0,0.5259142518043518,1,0.5
3,2,44,xgboost,188,475,0,0.4240727126598358,0,0.5
3,2,44,xgboost,205,388,1,0.42489171028137207,0,0.5
3,2,44,xgboost,208,470,0,0.38090789318084717,0,0.5
3,2,44,xgboost,209,387,0,0.5403987169265747,1,0.5
3,2,44,xgboost,210,399,0,0.38192686438560486,0,0.5
3,2,44,xgboost,222,552,0,0.28475290536880493,0,0.5
3,2,44,xgboost,223,278,0,0.3680494427680969,0,0.5
3,2,44,xgboost,224,351,1,0.6305702924728394,1,0.5
3,2,44,xgboost,227,394,0,0.5538581013679504,1,0.5
3,2,44,xgboost,242,555,0,0.1437900811433792,0,0.5
3,2,44,xgboost,251,284,0,0.4187172055244446,0,0.5
3,2,44,xgboost,253,279,0,0.3911817669868469,0,0.5
3,2,44,xgboost,258,245,0,0.5536791086196899,1,0.5
3,2,44,xgboost,262,295,0,0.33385124802589417,0,0.5
3,2,44,xgboost,270,211,0,0.5751020908355713,1,0.5
3,2,44,xgboost,278,267,0,0.5922324657440186,1,0.5
3,2,44,xgboost,279,263,0,0.25875651836395264,0,0.5
3,2,44,xgboost,281,238,0,0.2204308807849884,0,0.5
3,2,44,xgboost,282,219,0,0.5751020908355713,1,0.5
3,2,44,xgboost,289,419,0,0.4708711802959442,0,0.5
3,2,44,xgboost,292,264,0,0.6190984845161438,1,0.5
3,2,44,xgboost,298,333,0,0.41828295588493347,0,0.5
3,2,44,xgboost,300,301,0,0.3961574137210846,0,0.5
3,2,44,xgboost,306,436,0,0.40776142477989197,0,0.5
3,2,44,xgboost,311,368,0,0.4463275372982025,0,0.5
3,2,44,xgboost,316,348,0,0.1566745787858963,0,0.5
3,2,44,xgboost,329,290,0,0.4184451401233673,0,0.5
3,2,44,xgboost,330,207,0,0.23777611553668976,0,0.5
3,2,44,xgboost,338,200,0,0.2638434171676636,0,0.5
3,2,44,xgboost,339,182,0,0.5382635593414307,1,0.5
3,2,44,xgboost,343,159,0,0.20758023858070374,0,0.5
3,2,44,xgboost,348,125,0,0.5306465029716492,1,0.5
3,2,44,xgboost,350,167,0,0.24304825067520142,0,0.5
3,2,44,xgboost,359,733,0,0.15375977754592896,0,0.5
3,2,44,xgboost,362,160,0,0.526174783706665,1,0.5
3,2,44,xgboost,368,203,0,0.5038917064666748,1,0.5
3,2,44,xgboost,371,367,0,0.44107574224472046,0,0.5
3,2,44,xgboost,376,786,0,0.5736088156700134,1,0.5
3,2,44,xgboost,389,49,0,0.2787383496761322,0,0.5
3,2,44,xgboost,396,100,0,0.12624351680278778,0,0.5
3,2,44,xgboost,397,137,0,0.5659497976303101,1,0.5
3,2,44,xgboost,398,115,0,0.14524008333683014,0,0.5
3,2,44,xgboost,406,49,0,0.2787383496761322,0,0.5
3,2,44,xgboost,409,54,0,0.2566988468170166,0,0.5
3,2,44,xgboost,411,49,0,0.2787383496761322,0,0.5
3,2,44,xgboost,414,186,0,0.5102197527885437,1,0.5
3,2,44,xgboost,435,54,0,0.2566988468170166,0,0.5
3,2,44,xgboost,448,65,0,0.3703283965587616,0,0.5
3,2,44,xgboost,465,43,0,0.2690815031528473,0,0.5
3,2,44,xgboost,475,154,0,0.48945119976997375,0,0.5
3,2,44,xgboost,479,482,0,0.14625346660614014,0,0.5
3,2,44,xgboost,492,658,0,0.16086968779563904,0,0.5
3,2,44,xgboost,495,405,0,0.15312689542770386,0,0.5
3,2,44,xgboost,496,451,1,0.4463275372982025,0,0.5
3,2,44,xgboost,502,369,0,0.3695789873600006,0,0.5
3,2,44,xgboost,503,735,0,0.39719337224960327,0,0.5
3,2,44,xgboost,505,306,0,0.1721222698688507,0,0.5
3,2,44,xgboost,518,362,0,0.402658611536026,0,0.5
3,2,44,xgboost,520,53,0,0.2454826682806015,0,0.5
3,2,44,xgboost,522,37,0,0.2566988468170166,0,0.5
3,2,44,xgboost,531,119,0,0.4734969437122345,0,0.5
3,2,44,xgboost,534,93,0,0.38796260952949524,0,0.5
3,2,44,xgboost,535,275,0,0.5812766551971436,1,0.5
3,2,44,xgboost,547,385,0,0.13695235550403595,0,0.5
3,2,44,xgboost,550,191,0,0.531965434551239,1,0.5
3,2,44,xgboost,551,639,0,0.19797515869140625,0,0.5
3,2,44,xgboost,553,636,0,0.46054136753082275,0,0.5
3,2,44,xgboost,564,426,0,0.15363094210624695,0,0.5
3,2,44,xgboost,571,257,0,0.5581305027008057,1,0.5
3,2,44,xgboost,575,54,0,0.2566988468170166,0,0.5
3,2,44,xgboost,576,464,0,0.12774430215358734,0,0.5
3,2,44,xgboost,577,196,0,0.4856635332107544,0,0.5
3,2,44,xgboost,583,315,0,0.3868959844112396,0,0.5
3,2,44,xgboost,589,784,0,0.450248122215271,0,0.5
3,2,44,xgboost,591,244,0,0.5536791086196899,1,0.5
3,2,44,xgboost,593,13,0,0.23840497434139252,0,0.5
3,2,44,xgboost,597,133,0,0.6688712239265442,1,0.5
3,2,44,xgboost,598,54,1,0.2566988468170166,0,0.5
3,2,44,xgboost,601,504,0,0.44454479217529297,0,0.5
3,2,44,xgboost,602,670,0,0.47216159105300903,0,0.5
3,2,44,xgboost,611,311,0,0.4192277491092682,0,0.5
3,2,44,xgboost,614,341,1,0.19269652664661407,0,0.5
3,2,44,xgboost,615,706,0,0.6362367868423462,1,0.5
3,2,44,xgboost,621,582,0,0.42008161544799805,0,0.5
3,2,44,xgboost,624,118,0,0.46494558453559875,0,0.5
3,2,44,xgboost,626,622,0,0.49536511301994324,0,0.5
3,2,44,xgboost,628,779,0,0.590786337852478,1,0.5
3,2,44,xgboost,633,261,0,0.24105949699878693,0,0.5
3,2,44,xgboost,634,478,0,0.45803961157798767,0,0.5
3,2,44,xgboost,635,714,0,0.4131978750228882,0,0.5
3,2,44,xgboost,644,285,0,0.402658611536026,0,0.5
3,2,44,xgboost,650,421,0,0.49932560324668884,0,0.5
3,2,44,xgboost,657,260,0,0.6829587817192078,1,0.5
3,2,44,xgboost,680,821,0,0.45397841930389404,0,0.5
3,2,44,xgboost,688,510,1,0.46054136753082275,0,0.5
3,2,44,xgboost,696,138,0,0.25502339005470276,0,0.5
3,2,44,xgboost,699,111,0,0.5135930180549622,1,0.5
3,2,44,xgboost,707,231,0,0.6756654977798462,1,0.5
3,2,44,xgboost,709,374,0,0.5359172224998474,1,0.5
3,2,44,xgboost,714,521,0,0.44454479217529297,0,0.5
3,2,44,xgboost,715,13,0,0.23840497434139252,0,0.5
3,2,44,xgboost,718,246,0,0.5812766551971436,1,0.5
3,2,44,xgboost,719,769,0,0.6560628414154053,1,0.5
3,2,44,xgboost,736,725,0,0.4756447672843933,0,0.5
3,2,44,xgboost,743,540,0,0.6173765063285828,1,0.5
3,2,44,xgboost,745,30,0,0.40135839581489563,0,0.5
3,2,44,xgboost,747,218,0,0.5751020908355713,1,0.5
3,2,44,xgboost,752,676,0,0.42008161544799805,0,0.5
3,2,44,xgboost,758,578,0,0.4615058898925781,0,0.5
3,2,44,xgboost,759,101,0,0.37984156608581543,0,0.5
3,2,44,xgboost,764,281,0,0.38792094588279724,0,0.5
3,2,44,xgboost,768,422,0,0.41388946771621704,0,0.5
3,2,44,xgboost,770,357,0,0.43998122215270996,0,0.5
3,2,44,xgboost,771,661,0,0.1767357438802719,0,0.5
3,2,44,xgboost,779,656,0,0.6197879314422607,1,0.5
3,2,44,xgboost,781,642,1,0.4672814607620239,0,0.5
3,2,44,xgboost,782,528,0,0.43273892998695374,0,0.5
3,2,44,xgboost,783,84,0,0.15137290954589844,0,0.5
3,2,44,xgboost,790,350,0,0.4187172055244446,0,0.5
3,2,44,xgboost,794,175,0,0.20758023858070374,0,0.5
3,2,44,xgboost,799,141,0,0.47124919295310974,0,0.5
3,2,44,xgboost,805,668,0,0.40400707721710205,0,0.5
3,2,44,xgboost,808,544,0,0.5186030864715576,1,0.5
3,2,44,xgboost,811,48,0,0.40135839581489563,0,0.5
3,2,44,xgboost,815,549,0,0.5236610174179077,1,0.5
3,2,44,xgboost,829,666,0,0.436246395111084,0,0.5
3,2,44,xgboost,833,659,0,0.4560519754886627,0,0.5
3,2,44,xgboost,843,567,0,0.4300302565097809,0,0.5
3,2,44,xgboost,845,132,0,0.48945119976997375,0,0.5
3,2,44,xgboost,852,800,0,0.4338829219341278,0,0.5
3,3,44,dummy_prior,8,809,0,0.0641399416909621,0,0.5
3,3,44,dummy_prior,19,773,0,0.0641399416909621,0,0.5
3,3,44,dummy_prior,29,745,0,0.0641399416909621,0,0.5
3,3,44,dummy_prior,34,749,0,0.0641399416909621,0,0.5
3,3,44,dummy_prior,35,737,0,0.0641399416909621,0,0.5
3,3,44,dummy_prior,40,746,0,0.0641399416909621,0,0.5
3,3,44,dummy_prior,46,716,0,0.0641399416909621,0,0.5
3,3,44,dummy_prior,50,721,0,0.0641399416909621,0,0.5
3,3,44,dummy_prior,53,695,0,0.0641399416909621,0,0.5
3,3,44,dummy_prior,54,708,0,0.0641399416909621,0,0.5
3,3,44,dummy_prior,56,702,0,0.0641399416909621,0,0.5
3,3,44,dummy_prior,57,647,0,0.0641399416909621,0,0.5
3,3,44,dummy_prior,62,679,0,0.0641399416909621,0,0.5
3,3,44,dummy_prior,63,629,0,0.0641399416909621,0,0.5
3,3,44,dummy_prior,75,686,0,0.0641399416909621,0,0.5
3,3,44,dummy_prior,91,689,0,0.0641399416909621,0,0.5
3,3,44,dummy_prior,94,637,0,0.0641399416909621,0,0.5
3,3,44,dummy_prior,95,604,0,0.0641399416909621,0,0.5
3,3,44,dummy_prior,99,641,0,0.0641399416909621,0,0.5
3,3,44,dummy_prior,116,597,0,0.0641399416909621,0,0.5
3,3,44,dummy_prior,118,560,0,0.0641399416909621,0,0.5
3,3,44,dummy_prior,131,581,1,0.0641399416909621,0,0.5
3,3,44,dummy_prior,132,565,0,0.0641399416909621,0,0.5
3,3,44,dummy_prior,133,651,0,0.0641399416909621,0,0.5
3,3,44,dummy_prior,139,556,0,0.0641399416909621,0,0.5
3,3,44,dummy_prior,141,194,0,0.0641399416909621,0,0.5
3,3,44,dummy_prior,142,591,0,0.0641399416909621,0,0.5
3,3,44,dummy_prior,148,643,0,0.0641399416909621,0,0.5
3,3,44,dummy_prior,152,438,0,0.0641399416909621,0,0.5
3,3,44,dummy_prior,153,423,0,0.0641399416909621,0,0.5
3,3,44,dummy_prior,165,572,0,0.0641399416909621,0,0.5
3,3,44,dummy_prior,176,452,0,0.0641399416909621,0,0.5
3,3,44,dummy_prior,185,488,1,0.0641399416909621,0,0.5
3,3,44,dummy_prior,192,459,0,0.0641399416909621,0,0.5
3,3,44,dummy_prior,199,460,0,0.0641399416909621,0,0.5
3,3,44,dummy_prior,200,443,0,0.0641399416909621,0,0.5
3,3,44,dummy_prior,201,441,0,0.0641399416909621,0,0.5
3,3,44,dummy_prior,206,496,0,0.0641399416909621,0,0.5
3,3,44,dummy_prior,213,500,0,0.0641399416909621,0,0.5
3,3,44,dummy_prior,214,550,1,0.0641399416909621,0,0.5
3,3,44,dummy_prior,218,503,0,0.0641399416909621,0,0.5
3,3,44,dummy_prior,220,406,0,0.0641399416909621,0,0.5
3,3,44,dummy_prior,234,406,0,0.0641399416909621,0,0.5
3,3,44,dummy_prior,237,347,0,0.0641399416909621,0,0.5
3,3,44,dummy_prior,240,334,0,0.0641399416909621,0,0.5
3,3,44,dummy_prior,241,354,0,0.0641399416909621,0,0.5
3,3,44,dummy_prior,244,391,0,0.0641399416909621,0,0.5
3,3,44,dummy_prior,245,253,0,0.0641399416909621,0,0.5
3,3,44,dummy_prior,252,344,0,0.0641399416909621,0,0.5
3,3,44,dummy_prior,256,366,0,0.0641399416909621,0,0.5
3,3,44,dummy_prior,261,227,0,0.0641399416909621,0,0.5
3,3,44,dummy_prior,264,259,1,0.0641399416909621,0,0.5
3,3,44,dummy_prior,273,355,0,0.0641399416909621,0,0.5
3,3,44,dummy_prior,274,349,0,0.0641399416909621,0,0.5
3,3,44,dummy_prior,276,241,0,0.0641399416909621,0,0.5
3,3,44,dummy_prior,293,221,0,0.0641399416909621,0,0.5
3,3,44,dummy_prior,295,283,0,0.0641399416909621,0,0.5
3,3,44,dummy_prior,305,201,0,0.0641399416909621,0,0.5
3,3,44,dummy_prior,319,293,0,0.0641399416909621,0,0.5
3,3,44,dummy_prior,321,269,0,0.0641399416909621,0,0.5
3,3,44,dummy_prior,323,268,0,0.0641399416909621,0,0.5
3,3,44,dummy_prior,326,217,0,0.0641399416909621,0,0.5
3,3,44,dummy_prior,335,525,1,0.0641399416909621,0,0.5
3,3,44,dummy_prior,336,251,0,0.0641399416909621,0,0.5
3,3,44,dummy_prior,341,121,0,0.0641399416909621,0,0.5
3,3,44,dummy_prior,351,155,0,0.0641399416909621,0,0.5
3,3,44,dummy_prior,361,199,0,0.0641399416909621,0,0.5
3,3,44,dummy_prior,385,234,0,0.0641399416909621,0,0.5
3,3,44,dummy_prior,390,179,0,0.0641399416909621,0,0.5
3,3,44,dummy_prior,405,61,0,0.0641399416909621,0,0.5
3,3,44,dummy_prior,407,57,0,0.0641399416909621,0,0.5
3,3,44,dummy_prior,415,104,0,0.0641399416909621,0,0.5
3,3,44,dummy_prior,416,70,0,0.0641399416909621,0,0.5
3,3,44,dummy_prior,420,97,0,0.0641399416909621,0,0.5
3,3,44,dummy_prior,421,433,1,0.0641399416909621,0,0.5
3,3,44,dummy_prior,429,73,0,0.0641399416909621,0,0.5
3,3,44,dummy_prior,431,70,0,0.0641399416909621,0,0.5
3,3,44,dummy_prior,433,28,0,0.0641399416909621,0,0.5
3,3,44,dummy_prior,437,26,0,0.0641399416909621,0,0.5
3,3,44,dummy_prior,438,195,0,0.0641399416909621,0,0.5
3,3,44,dummy_prior,442,26,0,0.0641399416909621,0,0.5
3,3,44,dummy_prior,459,3,0,0.0641399416909621,0,0.5
3,3,44,dummy_prior,461,19,0,0.0641399416909621,0,0.5
3,3,44,dummy_prior,468,11,0,0.0641399416909621,0,0.5
3,3,44,dummy_prior,486,496,0,0.0641399416909621,0,0.5
3,3,44,dummy_prior,488,337,0,0.0641399416909621,0,0.5
3,3,44,dummy_prior,491,122,0,0.0641399416909621,0,0.5
3,3,44,dummy_prior,504,428,0,0.0641399416909621,0,0.5
3,3,44,dummy_prior,510,17,0,0.0641399416909621,0,0.5
3,3,44,dummy_prior,513,96,0,0.0641399416909621,0,0.5
3,3,44,dummy_prior,515,603,0,0.0641399416909621,0,0.5
3,3,44,dummy_prior,516,174,0,0.0641399416909621,0,0.5
3,3,44,dummy_prior,524,628,0,0.0641399416909621,0,0.5
3,3,44,dummy_prior,526,469,0,0.0641399416909621,0,0.5
3,3,44,dummy_prior,527,262,0,0.0641399416909621,0,0.5
3,3,44,dummy_prior,529,652,0,0.0641399416909621,0,0.5
3,3,44,dummy_prior,537,365,0,0.0641399416909621,0,0.5
3,3,44,dummy_prior,539,76,1,0.0641399416909621,0,0.5
3,3,44,dummy_prior,544,50,0,0.0641399416909621,0,0.5
3,3,44,dummy_prior,545,532,0,0.0641399416909621,0,0.5
3,3,44,dummy_prior,549,662,1,0.0641399416909621,0,0.5
3,3,44,dummy_prior,565,335,0,0.0641399416909621,0,0.5
3,3,44,dummy_prior,567,383,0,0.0641399416909621,0,0.5
3,3,44,dummy_prior,572,373,0,0.0641399416909621,0,0.5
3,3,44,dummy_prior,573,523,0,0.0641399416909621,0,0.5
3,3,44,dummy_prior,587,687,0,0.0641399416909621,0,0.5
3,3,44,dummy_prior,590,56,0,0.0641399416909621,0,0.5
3,3,44,dummy_prior,595,248,0,0.0641399416909621,0,0.5
3,3,44,dummy_prior,603,440,0,0.0641399416909621,0,0.5
3,3,44,dummy_prior,608,135,0,0.0641399416909621,0,0.5
3,3,44,dummy_prior,610,230,1,0.0641399416909621,0,0.5
3,3,44,dummy_prior,613,299,0,0.0641399416909621,0,0.5
3,3,44,dummy_prior,622,710,0,0.0641399416909621,0,0.5
3,3,44,dummy_prior,630,424,0,0.0641399416909621,0,0.5
3,3,44,dummy_prior,631,187,0,0.0641399416909621,0,0.5
3,3,44,dummy_prior,632,226,0,0.0641399416909621,0,0.5
3,3,44,dummy_prior,638,221,0,0.0641399416909621,0,0.5
3,3,44,dummy_prior,642,512,0,0.0641399416909621,0,0.5
3,3,44,dummy_prior,643,21,0,0.0641399416909621,0,0.5
3,3,44,dummy_prior,646,27,0,0.0641399416909621,0,0.5
3,3,44,dummy_prior,649,613,0,0.0641399416909621,0,0.5
3,3,44,dummy_prior,651,788,0,0.0641399416909621,0,0.5
3,3,44,dummy_prior,652,826,0,0.0641399416909621,0,0.5
3,3,44,dummy_prior,653,216,1,0.0641399416909621,0,0.5
3,3,44,dummy_prior,656,294,0,0.0641399416909621,0,0.5
3,3,44,dummy_prior,658,85,0,0.0641399416909621,0,0.5
3,3,44,dummy_prior,667,829,0,0.0641399416909621,0,0.5
3,3,44,dummy_prior,669,755,0,0.0641399416909621,0,0.5
3,3,44,dummy_prior,676,828,0,0.0641399416909621,0,0.5
3,3,44,dummy_prior,677,814,0,0.0641399416909621,0,0.5
3,3,44,dummy_prior,683,762,0,0.0641399416909621,0,0.5
3,3,44,dummy_prior,685,820,0,0.0641399416909621,0,0.5
3,3,44,dummy_prior,691,420,0,0.0641399416909621,0,0.5
3,3,44,dummy_prior,698,473,0,0.0641399416909621,0,0.5
3,3,44,dummy_prior,701,524,0,0.0641399416909621,0,0.5
3,3,44,dummy_prior,703,42,0,0.0641399416909621,0,0.5
3,3,44,dummy_prior,704,781,0,0.0641399416909621,0,0.5
3,3,44,dummy_prior,705,806,0,0.0641399416909621,0,0.5
3,3,44,dummy_prior,708,254,0,0.0641399416909621,0,0.5
3,3,44,dummy_prior,721,655,0,0.0641399416909621,0,0.5
3,3,44,dummy_prior,725,214,0,0.0641399416909621,0,0.5
3,3,44,dummy_prior,731,291,0,0.0641399416909621,0,0.5
3,3,44,dummy_prior,732,417,0,0.0641399416909621,0,0.5
3,3,44,dummy_prior,733,587,0,0.0641399416909621,0,0.5
3,3,44,dummy_prior,735,6,0,0.0641399416909621,0,0.5
3,3,44,dummy_prior,738,477,0,0.0641399416909621,0,0.5
3,3,44,dummy_prior,744,66,0,0.0641399416909621,0,0.5
3,3,44,dummy_prior,746,342,0,0.0641399416909621,0,0.5
3,3,44,dummy_prior,749,541,0,0.0641399416909621,0,0.5
3,3,44,dummy_prior,750,99,0,0.0641399416909621,0,0.5
3,3,44,dummy_prior,755,563,0,0.0641399416909621,0,0.5
3,3,44,dummy_prior,757,360,0,0.0641399416909621,0,0.5
3,3,44,dummy_prior,761,607,0,0.0641399416909621,0,0.5
3,3,44,dummy_prior,763,785,0,0.0641399416909621,0,0.5
3,3,44,dummy_prior,773,23,0,0.0641399416909621,0,0.5
3,3,44,dummy_prior,792,314,0,0.0641399416909621,0,0.5
3,3,44,dummy_prior,800,302,0,0.0641399416909621,0,0.5
3,3,44,dummy_prior,801,691,0,0.0641399416909621,0,0.5
3,3,44,dummy_prior,806,62,0,0.0641399416909621,0,0.5
3,3,44,dummy_prior,809,519,0,0.0641399416909621,0,0.5
3,3,44,dummy_prior,812,4,0,0.0641399416909621,0,0.5
3,3,44,dummy_prior,813,163,0,0.0641399416909621,0,0.5
3,3,44,dummy_prior,814,22,1,0.0641399416909621,0,0.5
3,3,44,dummy_prior,820,352,0,0.0641399416909621,0,0.5
3,3,44,dummy_prior,821,602,0,0.0641399416909621,0,0.5
3,3,44,dummy_prior,825,794,0,0.0641399416909621,0,0.5
3,3,44,dummy_prior,835,332,0,0.0641399416909621,0,0.5
3,3,44,dummy_prior,837,606,0,0.0641399416909621,0,0.5
3,3,44,dummy_prior,842,722,0,0.0641399416909621,0,0.5
3,3,44,dummy_prior,846,680,0,0.0641399416909621,0,0.5
3,3,44,dummy_prior,848,598,0,0.0641399416909621,0,0.5
3,3,44,dummy_prior,853,672,0,0.0641399416909621,0,0.5
3,3,44,logistic_regression,8,809,0,0.5366990625970882,1,0.5
3,3,44,logistic_regression,19,773,0,0.6389399430895263,1,0.5
3,3,44,logistic_regression,29,745,0,0.5331755501765177,1,0.5
3,3,44,logistic_regression,34,749,0,0.5605618943828476,1,0.5
3,3,44,logistic_regression,35,737,0,0.5630104686078494,1,0.5
3,3,44,logistic_regression,40,746,0,0.3603918976841863,0,0.5
3,3,44,logistic_regression,46,716,0,0.7042643648047419,1,0.5
3,3,44,logistic_regression,50,721,0,0.544126961452206,1,0.5
3,3,44,logistic_regression,53,695,0,0.573360846075902,1,0.5
3,3,44,logistic_regression,54,708,0,0.5867306550198359,1,0.5
3,3,44,logistic_regression,56,702,0,0.524708553973577,1,0.5
3,3,44,logistic_regression,57,647,0,0.5195635127586068,1,0.5
3,3,44,logistic_regression,62,679,0,0.524924267803545,1,0.5
3,3,44,logistic_regression,63,629,0,0.8345380665927338,1,0.5
3,3,44,logistic_regression,75,686,0,0.5095977730691206,1,0.5
3,3,44,logistic_regression,91,689,0,0.6001135636629923,1,0.5
3,3,44,logistic_regression,94,637,0,0.49655162060728847,0,0.5
3,3,44,logistic_regression,95,604,0,0.15715576463738976,0,0.5
3,3,44,logistic_regression,99,641,0,0.5742395041349443,1,0.5
3,3,44,logistic_regression,116,597,0,0.493264167194716,0,0.5
3,3,44,logistic_regression,118,560,0,0.5762140069716919,1,0.5
3,3,44,logistic_regression,131,581,1,0.7243172374408896,1,0.5
3,3,44,logistic_regression,132,565,0,0.4738537404399217,0,0.5
3,3,44,logistic_regression,133,651,0,0.5300826740588973,1,0.5
3,3,44,logistic_regression,139,556,0,0.5303186794704138,1,0.5
3,3,44,logistic_regression,141,194,0,0.13764229863930552,0,0.5
3,3,44,logistic_regression,142,591,0,0.17805545455844465,0,0.5
3,3,44,logistic_regression,148,643,0,0.5035494269741561,1,0.5
3,3,44,logistic_regression,152,438,0,0.5152373835583732,1,0.5
3,3,44,logistic_regression,153,423,0,0.523397374204976,1,0.5
3,3,44,logistic_regression,165,572,0,0.849856711511463,1,0.5
3,3,44,logistic_regression,176,452,0,0.14049643371008827,0,0.5
3,3,44,logistic_regression,185,488,1,0.6051879319461245,1,0.5
3,3,44,logistic_regression,192,459,0,0.4822399790881112,0,0.5
3,3,44,logistic_regression,199,460,0,0.47618885227163443,0,0.5
3,3,44,logistic_regression,200,443,0,0.5116243598680185,1,0.5
3,3,44,logistic_regression,201,441,0,0.4878737768020136,0,0.5
3,3,44,logistic_regression,206,496,0,0.47310005750729295,0,0.5
3,3,44,logistic_regression,213,500,0,0.8348072902930692,1,0.5
3,3,44,logistic_regression,214,550,1,0.4993366947379776,0,0.5
3,3,44,logistic_regression,218,503,0,0.4826877354554614,0,0.5
3,3,44,logistic_regression,220,406,0,0.08109576845074884,0,0.5
3,3,44,logistic_regression,234,406,0,0.08109576845074884,0,0.5
3,3,44,logistic_regression,237,347,0,0.41377185574993014,0,0.5
3,3,44,logistic_regression,240,334,0,0.4694592374704241,0,0.5
3,3,44,logistic_regression,241,354,0,0.5076480144165444,1,0.5
3,3,44,logistic_regression,244,391,0,0.48295166889126373,0,0.5
3,3,44,logistic_regression,245,253,0,0.44385586918234704,0,0.5
3,3,44,logistic_regression,252,344,0,0.5298554471786092,1,0.5
3,3,44,logistic_regression,256,366,0,0.14477662625674748,0,0.5
3,3,44,logistic_regression,261,227,0,0.4502494776913487,0,0.5
3,3,44,logistic_regression,264,259,1,0.5010868388455095,1,0.5
3,3,44,logistic_regression,273,355,0,0.5219699297531156,1,0.5
3,3,44,logistic_regression,274,349,0,0.49474457662050536,0,0.5
3,3,44,logistic_regression,276,241,0,0.4877047086540131,0,0.5
3,3,44,logistic_regression,293,221,0,0.45163184837556863,0,0.5
3,3,44,logistic_regression,295,283,0,0.7398676524475237,1,0.5
3,3,44,logistic_regression,305,201,0,0.4601715759750732,0,0.5
3,3,44,logistic_regression,319,293,0,0.13713452123733041,0,0.5
3,3,44,logistic_regression,321,269,0,0.1376035434942344,0,0.5
3,3,44,logistic_regression,323,268,0,0.4513431566822187,0,0.5
3,3,44,logistic_regression,326,217,0,0.4286174204052307,0,0.5
3,3,44,logistic_regression,335,525,1,0.4904623533472182,0,0.5
3,3,44,logistic_regression,336,251,0,0.5062920974447016,1,0.5
3,3,44,logistic_regression,341,121,0,0.12669621151016847,0,0.5
3,3,44,logistic_regression,351,155,0,0.48348419005586396,0,0.5
3,3,44,logistic_regression,361,199,0,0.44657049933459647,0,0.5
3,3,44,logistic_regression,385,234,0,0.4515291539361968,0,0.5
3,3,44,logistic_regression,390,179,0,0.4297229598589007,0,0.5
3,3,44,logistic_regression,405,61,0,0.12779085647387448,0,0.5
3,3,44,logistic_regression,407,57,0,0.737454861980824,1,0.5
3,3,44,logistic_regression,415,104,0,0.4517909294497689,0,0.5
3,3,44,logistic_regression,416,70,0,0.4333870444690383,0,0.5
3,3,44,logistic_regression,420,97,0,0.4259221098513331,0,0.5
3,3,44,logistic_regression,421,433,1,0.351476941790174,0,0.5
3,3,44,logistic_regression,429,73,0,0.4158038431234247,0,0.5
3,3,44,logistic_regression,431,70,0,0.4333870444690383,0,0.5
3,3,44,logistic_regression,433,28,0,0.41551186786364364,0,0.5
3,3,44,logistic_regression,437,26,0,0.42593977357303725,0,0.5
3,3,44,logistic_regression,438,195,0,0.46451874694727635,0,0.5
3,3,44,logistic_regression,442,26,0,0.42593977357303725,0,0.5
3,3,44,logistic_regression,459,3,0,0.426019620378563,0,0.5
3,3,44,logistic_regression,461,19,0,0.44337896240995267,0,0.5
3,3,44,logistic_regression,468,11,0,0.2533646445931886,0,0.5
3,3,44,logistic_regression,486,496,0,0.47310005750729295,0,0.5
3,3,44,logistic_regression,488,337,0,0.5014412556567649,1,0.5
3,3,44,logistic_regression,491,122,0,0.4284588703034659,0,0.5
3,3,44,logistic_regression,504,428,0,0.47381487296633135,0,0.5
3,3,44,logistic_regression,510,17,0,0.4262863461923764,0,0.5
3,3,44,logistic_regression,513,96,0,0.44419475640807976,0,0.5
3,3,44,logistic_regression,515,603,0,0.4945561176364522,0,0.5
3,3,44,logistic_regression,516,174,0,0.4368902410059148,0,0.5
3,3,44,logistic_regression,524,628,0,0.5245273165487798,1,0.5
3,3,44,logistic_regression,526,469,0,0.49769072612789694,0,0.5
3,3,44,logistic_regression,527,262,0,0.1353571816272431,0,0.5
3,3,44,logistic_regression,529,652,0,0.5450283265811682,1,0.5
3,3,44,logistic_regression,537,365,0,0.4666470842660564,0,0.5
3,3,44,logistic_regression,539,76,1,0.67640725304747,1,0.5
3,3,44,logistic_regression,544,50,0,0.15254434013515022,0,0.5
3,3,44,logistic_regression,545,532,0,0.5699433360879946,1,0.5
3,3,44,logistic_regression,549,662,1,0.6270736884186723,1,0.5
3,3,44,logistic_regression,565,335,0,0.452977263257158,0,0.5
3,3,44,logistic_regression,567,383,0,0.5585378706290745,1,0.5
3,3,44,logistic_regression,572,373,0,0.5218529024694424,1,0.5
3,3,44,logistic_regression,573,523,0,0.4972437919328509,0,0.5
3,3,44,logistic_regression,587,687,0,0.6202201459787317,1,0.5
3,3,44,logistic_regression,590,56,0,0.3466646309462025,0,0.5
3,3,44,logistic_regression,595,248,0,0.4756292235217893,0,0.5
3,3,44,logistic_regression,603,440,0,0.1519988329420506,0,0.5
3,3,44,logistic_regression,608,135,0,0.4444682794468237,0,0.5
3,3,44,logistic_regression,610,230,1,0.5177837974143772,1,0.5
3,3,44,logistic_regression,613,299,0,0.30579483615222164,0,0.5
3,3,44,logistic_regression,622,710,0,0.4792864704604025,0,0.5
3,3,44,logistic_regression,630,424,0,0.4975623365062699,0,0.5
3,3,44,logistic_regression,631,187,0,0.45407333545335915,0,0.5
3,3,44,logistic_regression,632,226,0,0.4624285772515811,0,0.5
3,3,44,logistic_regression,638,221,0,0.45163184837556863,0,0.5
3,3,44,logistic_regression,642,512,0,0.5177746366089844,1,0.5
3,3,44,logistic_regression,643,21,0,0.41307249173292687,0,0.5
3,3,44,logistic_regression,646,27,0,0.4078670060567892,0,0.5
3,3,44,logistic_regression,649,613,0,0.5912959455069137,1,0.5
3,3,44,logistic_regression,651,788,0,0.6441917064532506,1,0.5
3,3,44,logistic_regression,652,826,0,0.656904148406293,1,0.5
3,3,44,logistic_regression,653,216,1,0.5156663432714538,1,0.5
3,3,44,logistic_regression,656,294,0,0.45283130603137617,0,0.5
3,3,44,logistic_regression,658,85,0,0.43087172461792617,0,0.5
3,3,44,logistic_regression,667,829,0,0.6287987445522157,1,0.5
3,3,44,logistic_regression,669,755,0,0.7490627525661024,1,0.5
3,3,44,logistic_regression,676,828,0,0.6330010867216068,1,0.5
3,3,44,logistic_regression,677,814,0,0.5013721691428759,1,0.5
3,3,44,logistic_regression,683,762,0,0.5757965800355289,1,0.5
3,3,44,logistic_regression,685,820,0,0.36637241764578876,0,0.5
3,3,44,logistic_regression,691,420,0,0.7806261143730759,1,0.5
3,3,44,logistic_regression,698,473,0,0.5442422466222947,1,0.5
3,3,44,logistic_regression,701,524,0,0.17784152502420955,0,0.5
3,3,44,logistic_regression,703,42,0,0.4866642928312135,0,0.5
3,3,44,logistic_regression,704,781,0,0.5798140748420654,1,0.5
3,3,44,logistic_regression,705,806,0,0.21905094902645172,0,0.5
3,3,44,logistic_regression,708,254,0,0.5176838454211738,1,0.5
3,3,44,logistic_regression,721,655,0,0.48935631334768254,0,0.5
3,3,44,logistic_regression,725,214,0,0.4757404785977562,0,0.5
3,3,44,logistic_regression,731,291,0,0.4548909137601247,0,0.5
3,3,44,logistic_regression,732,417,0,0.2960069241365082,0,0.5
3,3,44,logistic_regression,733,587,0,0.5064772340277434,1,0.5
3,3,44,logistic_regression,735,6,0,0.11379338623496238,0,0.5
3,3,44,logistic_regression,738,477,0,0.5063266393894882,1,0.5
3,3,44,logistic_regression,744,66,0,0.511488524318716,1,0.5
3,3,44,logistic_regression,746,342,0,0.5228122754966653,1,0.5
3,3,44,logistic_regression,749,541,0,0.7509577732602888,1,0.5
3,3,44,logistic_regression,750,99,0,0.44281676734493436,0,0.5
3,3,44,logistic_regression,755,563,0,0.5089457646191127,1,0.5
3,3,44,logistic_regression,757,360,0,0.4460883425354769,0,0.5
3,3,44,logistic_regression,761,607,0,0.08621476862341358,0,0.5
3,3,44,logistic_regression,763,785,0,0.581220024735608,1,0.5
3,3,44,logistic_regression,773,23,0,0.37577327341076117,0,0.5
3,3,44,logistic_regression,792,314,0,0.1403151595095418,0,0.5
3,3,44,logistic_regression,800,302,0,0.4976655343971171,0,0.5
3,3,44,logistic_regression,801,691,0,0.5731163758054783,1,0.5
3,3,44,logistic_regression,806,62,0,0.43234124146888325,0,0.5
3,3,44,logistic_regression,809,519,0,0.5829453584057954,1,0.5
3,3,44,logistic_regression,812,4,0,0.495258174467231,0,0.5
3,3,44,logistic_regression,813,163,0,0.49179378980710825,0,0.5
3,3,44,logistic_regression,814,22,1,0.2889577238075928,0,0.5
3,3,44,logistic_regression,820,352,0,0.5100725291501305,1,0.5
3,3,44,logistic_regression,821,602,0,0.506447279427189,1,0.5
3,3,44,logistic_regression,825,794,0,0.5201302807445279,1,0.5
3,3,44,logistic_regression,835,332,0,0.44164715779136426,0,0.5
3,3,44,logistic_regression,837,606,0,0.371245240289494,0,0.5
3,3,44,logistic_regression,842,722,0,0.5173467803370125,1,0.5
3,3,44,logistic_regression,846,680,0,0.4921606040824989,0,0.5
3,3,44,logistic_regression,848,598,0,0.47539826231554827,0,0.5
3,3,44,logistic_regression,853,672,0,0.49553221579984863,0,0.5
3,3,44,xgboost,8,809,0,0.165023073554039,0,0.5
3,3,44,xgboost,19,773,0,0.2026357352733612,0,0.5
3,3,44,xgboost,29,745,0,0.17750076949596405,0,0.5
3,3,44,xgboost,34,749,0,0.2586641013622284,0,0.5
3,3,44,xgboost,35,737,0,0.43270736932754517,0,0.5
3,3,44,xgboost,40,746,0,0.40528208017349243,0,0.5
3,3,44,xgboost,46,716,0,0.3055061101913452,0,0.5
3,3,44,xgboost,50,721,0,0.494391530752182,0,0.5
3,3,44,xgboost,53,695,0,0.7249261736869812,1,0.5
3,3,44,xgboost,54,708,0,0.4344010353088379,0,0.5
3,3,44,xgboost,56,702,0,0.5990150570869446,1,0.5
3,3,44,xgboost,57,647,0,0.21267855167388916,0,0.5
3,3,44,xgboost,62,679,0,0.07164714485406876,0,0.5
3,3,44,xgboost,63,629,0,0.7839258909225464,1,0.5
3,3,44,xgboost,75,686,0,0.20664595067501068,0,0.5
3,3,44,xgboost,91,689,0,0.10555990785360336,0,0.5
3,3,44,xgboost,94,637,0,0.3823499381542206,0,0.5
3,3,44,xgboost,95,604,0,0.04367813095450401,0,0.5
3,3,44,xgboost,99,641,0,0.3429778218269348,0,0.5
3,3,44,xgboost,116,597,0,0.500567615032196,1,0.5
3,3,44,xgboost,118,560,0,0.48407962918281555,0,0.5
3,3,44,xgboost,131,581,1,0.4769618809223175,0,0.5
3,3,44,xgboost,132,565,0,0.18220946192741394,0,0.5
3,3,44,xgboost,133,651,0,0.6514920592308044,1,0.5
3,3,44,xgboost,139,556,0,0.18577927350997925,0,0.5
3,3,44,xgboost,141,194,0,0.16129601001739502,0,0.5
3,3,44,xgboost,142,591,0,0.047309134155511856,0,0.5
3,3,44,xgboost,148,643,0,0.4621134102344513,0,0.5
3,3,44,xgboost,152,438,0,0.26132532954216003,0,0.5
3,3,44,xgboost,153,423,0,0.31891319155693054,0,0.5
3,3,44,xgboost,165,572,0,0.38147979974746704,0,0.5
3,3,44,xgboost,176,452,0,0.05637417361140251,0,0.5
3,3,44,xgboost,185,488,1,0.27321290969848633,0,0.5
3,3,44,xgboost,192,459,0,0.4773103892803192,0,0.5
3,3,44,xgboost,199,460,0,0.5290892124176025,1,0.5
3,3,44,xgboost,200,443,0,0.5498757362365723,1,0.5
3,3,44,xgboost,201,441,0,0.6408701539039612,1,0.5
3,3,44,xgboost,206,496,0,0.3094945251941681,0,0.5
3,3,44,xgboost,213,500,0,0.2522967755794525,0,0.5
3,3,44,xgboost,214,550,1,0.20128506422042847,0,0.5
3,3,44,xgboost,218,503,0,0.6741476655006409,1,0.5
3,3,44,xgboost,220,406,0,0.07010318338871002,0,0.5
3,3,44,xgboost,234,406,0,0.07010318338871002,0,0.5
3,3,44,xgboost,237,347,0,0.22714518010616302,0,0.5
3,3,44,xgboost,240,334,0,0.1608135849237442,0,0.5
3,3,44,xgboost,241,354,0,0.1895437240600586,0,0.5
3,3,44,xgboost,244,391,0,0.5900181531906128,1,0.5
3,3,44,xgboost,245,253,0,0.4044056832790375,0,0.5
3,3,44,xgboost,252,344,0,0.08253821730613708,0,0.5
3,3,44,xgboost,256,366,0,0.05110688507556915,0,0.5
3,3,44,xgboost,261,227,0,0.450583815574646,0,0.5
3,3,44,xgboost,264,259,1,0.18806681036949158,0,0.5
3,3,44,xgboost,273,355,0,0.22635842859745026,0,0.5
3,3,44,xgboost,274,349,0,0.1854940503835678,0,0.5
3,3,44,xgboost,276,241,0,0.6208135485649109,1,0.5
3,3,44,xgboost,293,221,0,0.4620962142944336,0,0.5
3,3,44,xgboost,295,283,0,0.37879714369773865,0,0.5
3,3,44,xgboost,305,201,0,0.6610503196716309,1,0.5
3,3,44,xgboost,319,293,0,0.06173595041036606,0,0.5
3,3,44,xgboost,321,269,0,0.13422009348869324,0,0.5
3,3,44,xgboost,323,268,0,0.5278829336166382,1,0.5
3,3,44,xgboost,326,217,0,0.6374967694282532,1,0.5
3,3,44,xgboost,335,525,1,0.6184764504432678,1,0.5
3,3,44,xgboost,336,251,0,0.375956267118454,0,0.5
3,3,44,xgboost,341,121,0,0.04975411295890808,0,0.5
3,3,44,xgboost,351,155,0,0.28311365842819214,0,0.5
3,3,44,xgboost,361,199,0,0.7167824506759644,1,0.5
3,3,44,xgboost,385,234,0,0.5221981406211853,1,0.5
3,3,44,xgboost,390,179,0,0.6514303684234619,1,0.5
3,3,44,xgboost,405,61,0,0.024179421365261078,0,0.5
3,3,44,xgboost,407,57,0,0.1667647659778595,0,0.5
3,3,44,xgboost,415,104,0,0.2933571934700012,0,0.5
3,3,44,xgboost,416,70,0,0.2036735862493515,0,0.5
3,3,44,xgboost,420,97,0,0.4455346167087555,0,0.5
3,3,44,xgboost,421,433,1,0.17058390378952026,0,0.5
3,3,44,xgboost,429,73,0,0.22665846347808838,0,0.5
3,3,44,xgboost,431,70,0,0.2036735862493515,0,0.5
3,3,44,xgboost,433,28,0,0.13162221014499664,0,0.5
3,3,44,xgboost,437,26,0,0.14179758727550507,0,0.5
3,3,44,xgboost,438,195,0,0.7296382188796997,1,0.5
3,3,44,xgboost,442,26,0,0.14179758727550507,0,0.5
3,3,44,xgboost,459,3,0,0.1386854499578476,0,0.5
3,3,44,xgboost,461,19,0,0.17080101370811462,0,0.5
3,3,44,xgboost,468,11,0,0.09833616763353348,0,0.5
3,3,44,xgboost,486,496,0,0.3094945251941681,0,0.5
3,3,44,xgboost,488,337,0,0.21772755682468414,0,0.5
3,3,44,xgboost,491,122,0,0.5310676693916321,1,0.5
3,3,44,xgboost,504,428,0,0.24498380720615387,0,0.5
3,3,44,xgboost,510,17,0,0.1427053064107895,0,0.5
3,3,44,xgboost,513,96,0,0.46018171310424805,0,0.5
3,3,44,xgboost,515,603,0,0.4706091582775116,0,0.5
3,3,44,xgboost,516,174,0,0.4253484308719635,0,0.5
3,3,44,xgboost,524,628,0,0.4977298676967621,0,0.5
3,3,44,xgboost,526,469,0,0.43489718437194824,0,0.5
3,3,44,xgboost,527,262,0,0.1361876130104065,0,0.5
3,3,44,xgboost,529,652,0,0.39357495307922363,0,0.5
3,3,44,xgboost,537,365,0,0.3196564316749573,0,0.5
3,3,44,xgboost,539,76,1,0.30672699213027954,0,0.5
3,3,44,xgboost,544,50,0,0.02001032419502735,0,0.5
3,3,44,xgboost,545,532,0,0.269885778427124,0,0.5
3,3,44,xgboost,549,662,1,0.232033371925354,0,0.5
3,3,44,xgboost,565,335,0,0.4219415485858917,0,0.5
3,3,44,xgboost,567,383,0,0.5733560919761658,1,0.5
3,3,44,xgboost,572,373,0,0.11007960885763168,0,0.5
3,3,44,xgboost,573,523,0,0.4725634455680847,0,0.5
3,3,44,xgboost,587,687,0,0.21013551950454712,0,0.5
3,3,44,xgboost,590,56,0,0.2463577687740326,0,0.5
3,3,44,xgboost,595,248,0,0.20891767740249634,0,0.5
3,3,44,xgboost,603,440,0,0.06252343952655792,0,0.5
3,3,44,xgboost,608,135,0,0.27478551864624023,0,0.5
3,3,44,xgboost,610,230,1,0.719801664352417,1,0.5
3,3,44,xgboost,613,299,0,0.4162028431892395,0,0.5
3,3,44,xgboost,622,710,0,0.5840380191802979,1,0.5
3,3,44,xgboost,630,424,0,0.43567347526550293,0,0.5
3,3,44,xgboost,631,187,0,0.5628495216369629,1,0.5
3,3,44,xgboost,632,226,0,0.3331810534000397,0,0.5
3,3,44,xgboost,638,221,0,0.4620962142944336,0,0.5
3,3,44,xgboost,642,512,0,0.7111604809761047,1,0.5
3,3,44,xgboost,643,21,0,0.14928391575813293,0,0.5
3,3,44,xgboost,646,27,0,0.13475462794303894,0,0.5
3,3,44,xgboost,649,613,0,0.44984424114227295,0,0.5
3,3,44,xgboost,651,788,0,0.09602339565753937,0,0.5
3,3,44,xgboost,652,826,0,0.5015578269958496,1,0.5
3,3,44,xgboost,653,216,1,0.45479074120521545,0,0.5
3,3,44,xgboost,656,294,0,0.4182392954826355,0,0.5
3,3,44,xgboost,658,85,0,0.21502414345741272,0,0.5
3,3,44,xgboost,667,829,0,0.3999375104904175,0,0.5
3,3,44,xgboost,669,755,0,0.1001058965921402,0,0.5
3,3,44,xgboost,676,828,0,0.4011320471763611,0,0.5
3,3,44,xgboost,677,814,0,0.14165924489498138,0,0.5
3,3,44,xgboost,683,762,0,0.38119471073150635,0,0.5
3,3,44,xgboost,685,820,0,0.219926655292511,0,0.5
3,3,44,xgboost,691,420,0,0.5113130807876587,1,0.5
3,3,44,xgboost,698,473,0,0.38821128010749817,0,0.5
3,3,44,xgboost,701,524,0,0.0763275995850563,0,0.5
3,3,44,xgboost,703,42,0,0.0851249247789383,0,0.5
3,3,44,xgboost,704,781,0,0.25838324427604675,0,0.5
3,3,44,xgboost,705,806,0,0.01626175455749035,0,0.5
3,3,44,xgboost,708,254,0,0.36249127984046936,0,0.5
3,3,44,xgboost,721,655,0,0.420876145362854,0,0.5
3,3,44,xgboost,725,214,0,0.33302992582321167,0,0.5
3,3,44,xgboost,731,291,0,0.38379791378974915,0,0.5
3,3,44,xgboost,732,417,0,0.2901597321033478,0,0.5
3,3,44,xgboost,733,587,0,0.36393317580223083,0,0.5
3,3,44,xgboost,735,6,0,0.013048529624938965,0,0.5
3,3,44,xgboost,738,477,0,0.5688234567642212,1,0.5
3,3,44,xgboost,744,66,0,0.1487443447113037,0,0.5
3,3,44,xgboost,746,342,0,0.13442163169384003,0,0.5
3,3,44,xgboost,749,541,0,0.3256147801876068,0,0.5
3,3,44,xgboost,750,99,0,0.2491266280412674,0,0.5
3,3,44,xgboost,755,563,0,0.3690243661403656,0,0.5
3,3,44,xgboost,757,360,0,0.5504801273345947,1,0.5
3,3,44,xgboost,761,607,0,0.031799446791410446,0,0.5
3,3,44,xgboost,763,785,0,0.2764798104763031,0,0.5
3,3,44,xgboost,773,23,0,0.03150952234864235,0,0.5
3,3,44,xgboost,792,314,0,0.02775178849697113,0,0.5
3,3,44,xgboost,800,302,0,0.08908668160438538,0,0.5
3,3,44,xgboost,801,691,0,0.6077207922935486,1,0.5
3,3,44,xgboost,806,62,0,0.1311681568622589,0,0.5
3,3,44,xgboost,809,519,0,0.1730346381664276,0,0.5
3,3,44,xgboost,812,4,0,0.18273986876010895,0,0.5
3,3,44,xgboost,813,163,0,0.5804896950721741,1,0.5
3,3,44,xgboost,814,22,1,0.04781320318579674,0,0.5
3,3,44,xgboost,820,352,0,0.4890733063220978,0,0.5
3,3,44,xgboost,821,602,0,0.11193624883890152,0,0.5
3,3,44,xgboost,825,794,0,0.38411036133766174,0,0.5
3,3,44,xgboost,835,332,0,0.21132464706897736,0,0.5
3,3,44,xgboost,837,606,0,0.3417929410934448,0,0.5
3,3,44,xgboost,842,722,0,0.23041027784347534,0,0.5
3,3,44,xgboost,846,680,0,0.4773133397102356,0,0.5
3,3,44,xgboost,848,598,0,0.41964638233184814,0,0.5
3,3,44,xgboost,853,672,0,0.4951821267604828,0,0.5
3,4,44,dummy_prior,2,660,0,0.06404657933042213,0,0.5
3,4,44,dummy_prior,10,807,0,0.06404657933042213,0,0.5
3,4,44,dummy_prior,12,812,0,0.06404657933042213,0,0.5
3,4,44,dummy_prior,16,790,0,0.06404657933042213,0,0.5
3,4,44,dummy_prior,17,799,0,0.06404657933042213,0,0.5
3,4,44,dummy_prior,28,742,0,0.06404657933042213,0,0.5
3,4,44,dummy_prior,33,734,0,0.06404657933042213,0,0.5
3,4,44,dummy_prior,42,724,0,0.06404657933042213,0,0.5
3,4,44,dummy_prior,44,740,1,0.06404657933042213,0,0.5
3,4,44,dummy_prior,45,709,0,0.06404657933042213,0,0.5
3,4,44,dummy_prior,55,789,0,0.06404657933042213,0,0.5
3,4,44,dummy_prior,65,736,0,0.06404657933042213,0,0.5
3,4,44,dummy_prior,69,705,0,0.06404657933042213,0,0.5
3,4,44,dummy_prior,71,677,0,0.06404657933042213,0,0.5
3,4,44,dummy_prior,74,681,0,0.06404657933042213,0,0.5
3,4,44,dummy_prior,76,675,0,0.06404657933042213,0,0.5
3,4,44,dummy_prior,78,693,0,0.06404657933042213,0,0.5
3,4,44,dummy_prior,79,684,0,0.06404657933042213,0,0.5
3,4,44,dummy_prior,88,618,0,0.06404657933042213,0,0.5
3,4,44,dummy_prior,89,632,0,0.06404657933042213,0,0.5
3,4,44,dummy_prior,96,701,1,0.06404657933042213,0,0.5
3,4,44,dummy_prior,97,678,0,0.06404657933042213,0,0.5
3,4,44,dummy_prior,110,619,0,0.06404657933042213,0,0.5
3,4,44,dummy_prior,117,570,0,0.06404657933042213,0,0.5
3,4,44,dummy_prior,120,627,0,0.06404657933042213,0,0.5
3,4,44,dummy_prior,121,579,0,0.06404657933042213,0,0.5
3,4,44,dummy_prior,124,571,0,0.06404657933042213,0,0.5
3,4,44,dummy_prior,127,520,0,0.06404657933042213,0,0.5
3,4,44,dummy_prior,134,568,0,0.06404657933042213,0,0.5
3,4,44,dummy_prior,135,465,0,0.06404657933042213,0,0.5
3,4,44,dummy_prior,155,507,0,0.06404657933042213,0,0.5
3,4,44,dummy_prior,161,490,0,0.06404657933042213,0,0.5
3,4,44,dummy_prior,163,509,1,0.06404657933042213,0,0.5
3,4,44,dummy_prior,167,461,0,0.06404657933042213,0,0.5
3,4,44,dummy_prior,177,468,0,0.06404657933042213,0,0.5
3,4,44,dummy_prior,180,414,0,0.06404657933042213,0,0.5
3,4,44,dummy_prior,181,462,0,0.06404657933042213,0,0.5
3,4,44,dummy_prior,182,392,0,0.06404657933042213,0,0.5
3,4,44,dummy_prior,184,411,0,0.06404657933042213,0,0.5
3,4,44,dummy_prior,187,501,0,0.06404657933042213,0,0.5
3,4,44,dummy_prior,198,447,0,0.06404657933042213,0,0.5
3,4,44,dummy_prior,202,454,0,0.06404657933042213,0,0.5
3,4,44,dummy_prior,203,494,1,0.06404657933042213,0,0.5
3,4,44,dummy_prior,215,372,0,0.06404657933042213,0,0.5
3,4,44,dummy_prior,219,324,0,0.06404657933042213,0,0.5
3,4,44,dummy_prior,225,511,0,0.06404657933042213,0,0.5
3,4,44,dummy_prior,226,409,0,0.06404657933042213,0,0.5
3,4,44,dummy_prior,230,304,0,0.06404657933042213,0,0.5
3,4,44,dummy_prior,239,497,0,0.06404657933042213,0,0.5
3,4,44,dummy_prior,248,381,0,0.06404657933042213,0,0.5
3,4,44,dummy_prior,250,379,0,0.06404657933042213,0,0.5
3,4,44,dummy_prior,255,379,0,0.06404657933042213,0,0.5
3,4,44,dummy_prior,263,296,0,0.06404657933042213,0,0.5
3,4,44,dummy_prior,265,247,0,0.06404657933042213,0,0.5
3,4,44,dummy_prior,266,232,0,0.06404657933042213,0,0.5
3,4,44,dummy_prior,269,410,0,0.06404657933042213,0,0.5
3,4,44,dummy_prior,271,359,0,0.06404657933042213,0,0.5
3,4,44,dummy_prior,272,330,0,0.06404657933042213,0,0.5
3,4,44,dummy_prior,284,252,0,0.06404657933042213,0,0.5
3,4,44,dummy_prior,285,430,0,0.06404657933042213,0,0.5
3,4,44,dummy_prior,291,289,0,0.06404657933042213,0,0.5
3,4,44,dummy_prior,296,358,0,0.06404657933042213,0,0.5
3,4,44,dummy_prior,297,220,0,0.06404657933042213,0,0.5
3,4,44,dummy_prior,301,202,0,0.06404657933042213,0,0.5
3,4,44,dummy_prior,302,323,0,0.06404657933042213,0,0.5
3,4,44,dummy_prior,313,370,0,0.06404657933042213,0,0.5
3,4,44,dummy_prior,317,170,0,0.06404657933042213,0,0.5
3,4,44,dummy_prior,322,180,0,0.06404657933042213,0,0.5
3,4,44,dummy_prior,324,654,0,0.06404657933042213,0,0.5
3,4,44,dummy_prior,331,446,0,0.06404657933042213,0,0.5
3,4,44,dummy_prior,334,229,0,0.06404657933042213,0,0.5
3,4,44,dummy_prior,345,276,1,0.06404657933042213,0,0.5
3,4,44,dummy_prior,349,235,0,0.06404657933042213,0,0.5
3,4,44,dummy_prior,353,223,0,0.06404657933042213,0,0.5
3,4,44,dummy_prior,354,811,0,0.06404657933042213,0,0.5
3,4,44,dummy_prior,355,140,0,0.06404657933042213,0,0.5
3,4,44,dummy_prior,369,82,0,0.06404657933042213,0,0.5
3,4,44,dummy_prior,382,400,0,0.06404657933042213,0,0.5
3,4,44,dummy_prior,383,134,1,0.06404657933042213,0,0.5
3,4,44,dummy_prior,384,78,0,0.06404657933042213,0,0.5
3,4,44,dummy_prior,386,90,0,0.06404657933042213,0,0.5
3,4,44,dummy_prior,388,185,0,0.06404657933042213,0,0.5
3,4,44,dummy_prior,395,82,0,0.06404657933042213,0,0.5
3,4,44,dummy_prior,400,55,0,0.06404657933042213,0,0.5
3,4,44,dummy_prior,404,88,0,0.06404657933042213,0,0.5
3,4,44,dummy_prior,408,60,0,0.06404657933042213,0,0.5
3,4,44,dummy_prior,413,698,0,0.06404657933042213,0,0.5
3,4,44,dummy_prior,418,47,0,0.06404657933042213,0,0.5
3,4,44,dummy_prior,422,89,0,0.06404657933042213,0,0.5
3,4,44,dummy_prior,425,35,0,0.06404657933042213,0,0.5
3,4,44,dummy_prior,428,29,0,0.06404657933042213,0,0.5
3,4,44,dummy_prior,432,600,0,0.06404657933042213,0,0.5
3,4,44,dummy_prior,443,10,0,0.06404657933042213,0,0.5
3,4,44,dummy_prior,446,107,0,0.06404657933042213,0,0.5
3,4,44,dummy_prior,449,75,0,0.06404657933042213,0,0.5
3,4,44,dummy_prior,451,32,0,0.06404657933042213,0,0.5
3,4,44,dummy_prior,453,10,0,0.06404657933042213,0,0.5
3,4,44,dummy_prior,457,18,0,0.06404657933042213,0,0.5
3,4,44,dummy_prior,458,35,0,0.06404657933042213,0,0.5
3,4,44,dummy_prior,460,5,0,0.06404657933042213,0,0.5
3,4,44,dummy_prior,471,94,0,0.06404657933042213,0,0.5
3,4,44,dummy_prior,481,608,0,0.06404657933042213,0,0.5
3,4,44,dummy_prior,487,483,0,0.06404657933042213,0,0.5
3,4,44,dummy_prior,489,151,0,0.06404657933042213,0,0.5
3,4,44,dummy_prior,497,356,0,0.06404657933042213,0,0.5
3,4,44,dummy_prior,498,663,0,0.06404657933042213,0,0.5
3,4,44,dummy_prior,499,614,0,0.06404657933042213,0,0.5
3,4,44,dummy_prior,501,610,0,0.06404657933042213,0,0.5
3,4,44,dummy_prior,511,38,0,0.06404657933042213,0,0.5
3,4,44,dummy_prior,519,123,0,0.06404657933042213,0,0.5
3,4,44,dummy_prior,542,146,0,0.06404657933042213,0,0.5
3,4,44,dummy_prior,546,213,0,0.06404657933042213,0,0.5
3,4,44,dummy_prior,554,20,0,0.06404657933042213,0,0.5
3,4,44,dummy_prior,557,458,0,0.06404657933042213,0,0.5
3,4,44,dummy_prior,559,162,0,0.06404657933042213,0,0.5
3,4,44,dummy_prior,569,802,0,0.06404657933042213,0,0.5
3,4,44,dummy_prior,570,559,0,0.06404657933042213,0,0.5
3,4,44,dummy_prior,574,309,0,0.06404657933042213,0,0.5
3,4,44,dummy_prior,580,55,0,0.06404657933042213,0,0.5
3,4,44,dummy_prior,581,59,0,0.06404657933042213,0,0.5
3,4,44,dummy_prior,599,176,0,0.06404657933042213,0,0.5
3,4,44,dummy_prior,600,506,0,0.06404657933042213,0,0.5
3,4,44,dummy_prior,612,225,0,0.06404657933042213,0,0.5
3,4,44,dummy_prior,616,376,0,0.06404657933042213,0,0.5
3,4,44,dummy_prior,618,130,0,0.06404657933042213,0,0.5
3,4,44,dummy_prior,619,320,0,0.06404657933042213,0,0.5
3,4,44,dummy_prior,620,363,0,0.06404657933042213,0,0.5
3,4,44,dummy_prior,637,493,0,0.06404657933042213,0,0.5
3,4,44,dummy_prior,639,52,0,0.06404657933042213,0,0.5
3,4,44,dummy_prior,641,761,0,0.06404657933042213,0,0.5
3,4,44,dummy_prior,654,810,0,0.06404657933042213,0,0.5
3,4,44,dummy_prior,655,236,1,0.06404657933042213,0,0.5
3,4,44,dummy_prior,662,502,0,0.06404657933042213,0,0.5
3,4,44,dummy_prior,663,310,0,0.06404657933042213,0,0.5
3,4,44,dummy_prior,664,756,1,0.06404657933042213,0,0.5
3,4,44,dummy_prior,668,830,0,0.06404657933042213,0,0.5
3,4,44,dummy_prior,672,0,0,0.06404657933042213,0,0.5
3,4,44,dummy_prior,673,819,1,0.06404657933042213,0,0.5
3,4,44,dummy_prior,681,793,0,0.06404657933042213,0,0.5
3,4,44,dummy_prior,682,827,0,0.06404657933042213,0,0.5
3,4,44,dummy_prior,684,815,0,0.06404657933042213,0,0.5
3,4,44,dummy_prior,686,704,1,0.06404657933042213,0,0.5
3,4,44,dummy_prior,694,486,0,0.06404657933042213,0,0.5
3,4,44,dummy_prior,702,439,0,0.06404657933042213,0,0.5
3,4,44,dummy_prior,716,144,0,0.06404657933042213,0,0.5
3,4,44,dummy_prior,720,427,0,0.06404657933042213,0,0.5
3,4,44,dummy_prior,724,554,0,0.06404657933042213,0,0.5
3,4,44,dummy_prior,726,530,0,0.06404657933042213,0,0.5
3,4,44,dummy_prior,728,623,0,0.06404657933042213,0,0.5
3,4,44,dummy_prior,748,393,0,0.06404657933042213,0,0.5
3,4,44,dummy_prior,751,778,0,0.06404657933042213,0,0.5
3,4,44,dummy_prior,760,44,0,0.06404657933042213,0,0.5
3,4,44,dummy_prior,786,401,1,0.06404657933042213,0,0.5
3,4,44,dummy_prior,787,256,0,0.06404657933042213,0,0.5
3,4,44,dummy_prior,788,752,0,0.06404657933042213,0,0.5
3,4,44,dummy_prior,789,164,0,0.06404657933042213,0,0.5
3,4,44,dummy_prior,793,353,0,0.06404657933042213,0,0.5
3,4,44,dummy_prior,798,396,0,0.06404657933042213,0,0.5
3,4,44,dummy_prior,807,717,0,0.06404657933042213,0,0.5
3,4,44,dummy_prior,816,233,0,0.06404657933042213,0,0.5
3,4,44,dummy_prior,818,700,0,0.06404657933042213,0,0.5
3,4,44,dummy_prior,824,720,0,0.06404657933042213,0,0.5
3,4,44,dummy_prior,826,650,0,0.06404657933042213,0,0.5
3,4,44,dummy_prior,827,688,0,0.06404657933042213,0,0.5
3,4,44,dummy_prior,831,777,0,0.06404657933042213,0,0.5
3,4,44,dummy_prior,839,601,0,0.06404657933042213,0,0.5
3,4,44,dummy_prior,840,346,0,0.06404657933042213,0,0.5
3,4,44,dummy_prior,841,297,0,0.06404657933042213,0,0.5
3,4,44,dummy_prior,847,574,0,0.06404657933042213,0,0.5
3,4,44,dummy_prior,849,620,0,0.06404657933042213,0,0.5
3,4,44,dummy_prior,854,616,0,0.06404657933042213,0,0.5
3,4,44,logistic_regression,2,660,0,0.3156899901212094,0,0.5
3,4,44,logistic_regression,10,807,0,0.5066581367898713,1,0.5
3,4,44,logistic_regression,12,812,0,0.6359642494529182,1,0.5
3,4,44,logistic_regression,16,790,0,0.43463963930686933,0,0.5
3,4,44,logistic_regression,17,799,0,0.5683730948925497,1,0.5
3,4,44,logistic_regression,28,742,0,0.49793071976317194,0,0.5
3,4,44,logistic_regression,33,734,0,0.4911577256853776,0,0.5
3,4,44,logistic_regression,42,724,0,0.5448644102828277,1,0.5
3,4,44,logistic_regression,44,740,1,0.6004214188563335,1,0.5
3,4,44,logistic_regression,45,709,0,0.5786221960984684,1,0.5
3,4,44,logistic_regression,55,789,0,0.6055459190275451,1,0.5
3,4,44,logistic_regression,65,736,0,0.5606344953000957,1,0.5
3,4,44,logistic_regression,69,705,0,0.3984053447711453,0,0.5
3,4,44,logistic_regression,71,677,0,0.06486248147489103,0,0.5
3,4,44,logistic_regression,74,681,0,0.19439898323796867,0,0.5
3,4,44,logistic_regression,76,675,0,0.48737928751743126,0,0.5
3,4,44,logistic_regression,78,693,0,0.4521108325412575,0,0.5
3,4,44,logistic_regression,79,684,0,0.47736039910727035,0,0.5
3,4,44,logistic_regression,88,618,0,0.4421792176798194,0,0.5
3,4,44,logistic_regression,89,632,0,0.541985954962216,1,0.5
3,4,44,logistic_regression,96,701,1,0.6142998635070807,1,0.5
3,4,44,logistic_regression,97,678,0,0.4927505044272088,0,0.5
3,4,44,logistic_regression,110,619,0,0.48373603402358506,0,0.5
3,4,44,logistic_regression,117,570,0,0.2624389248782283,0,0.5
3,4,44,logistic_regression,120,627,0,0.5423712810825606,1,0.5
3,4,44,logistic_regression,121,579,0,0.45301684510800244,0,0.5
3,4,44,logistic_regression,124,571,0,0.5818526610378113,1,0.5
3,4,44,logistic_regression,127,520,0,0.5868449883000112,1,0.5
3,4,44,logistic_regression,134,568,0,0.8043123045321184,1,0.5
3,4,44,logistic_regression,135,465,0,0.5408540546964069,1,0.5
3,4,44,logistic_regression,155,507,0,0.5100445614444127,1,0.5
3,4,44,logistic_regression,161,490,0,0.509004697946415,1,0.5
3,4,44,logistic_regression,163,509,1,0.4408510056640316,0,0.5
3,4,44,logistic_regression,167,461,0,0.6872854593489963,1,0.5
3,4,44,logistic_regression,177,468,0,0.4419166747246302,0,0.5
3,4,44,logistic_regression,180,414,0,0.5387957075316859,1,0.5
3,4,44,logistic_regression,181,462,0,0.46723036717537136,0,0.5
3,4,44,logistic_regression,182,392,0,0.29949705410506416,0,0.5
3,4,44,logistic_regression,184,411,0,0.5215141560332838,1,0.5
3,4,44,logistic_regression,187,501,0,0.8080375796720679,1,0.5
3,4,44,logistic_regression,198,447,0,0.5025453904727603,1,0.5
3,4,44,logistic_regression,202,454,0,0.5065477571113697,1,0.5
3,4,44,logistic_regression,203,494,1,0.7396854599781383,1,0.5
3,4,44,logistic_regression,215,372,0,0.4683083708971989,0,0.5
3,4,44,logistic_regression,219,324,0,0.44486493169108754,0,0.5
3,4,44,logistic_regression,225,511,0,0.10816655998395798,0,0.5
3,4,44,logistic_regression,226,409,0,0.4875816284813308,0,0.5
3,4,44,logistic_regression,230,304,0,0.4375042739589081,0,0.5
3,4,44,logistic_regression,239,497,0,0.5552775969945408,1,0.5
3,4,44,logistic_regression,248,381,0,0.5187293779015439,1,0.5
3,4,44,logistic_regression,250,379,0,0.4522972913787901,0,0.5
3,4,44,logistic_regression,255,379,0,0.4522972913787901,0,0.5
3,4,44,logistic_regression,263,296,0,0.21002369782319882,0,0.5
3,4,44,logistic_regression,265,247,0,0.5867991469496154,1,0.5
3,4,44,logistic_regression,266,232,0,0.4422558259733127,0,0.5
3,4,44,logistic_regression,269,410,0,0.5074102233159149,1,0.5
3,4,44,logistic_regression,271,359,0,0.1306450907860674,0,0.5
3,4,44,logistic_regression,272,330,0,0.20251281000935306,0,0.5
3,4,44,logistic_regression,284,252,0,0.14527484537160187,0,0.5
3,4,44,logistic_regression,285,430,0,0.47683966110957277,0,0.5
3,4,44,logistic_regression,291,289,0,0.4823639640358419,0,0.5
3,4,44,logistic_regression,296,358,0,0.43954444801557047,0,0.5
3,4,44,logistic_regression,297,220,0,0.6942645867617442,1,0.5
3,4,44,logistic_regression,301,202,0,0.40318216257640843,0,0.5
3,4,44,logistic_regression,302,323,0,0.5186199510443568,1,0.5
3,4,44,logistic_regression,313,370,0,0.40447845732017046,0,0.5
3,4,44,logistic_regression,317,170,0,0.4599894329754112,0,0.5
3,4,44,logistic_regression,322,180,0,0.4569818684460818,0,0.5
3,4,44,logistic_regression,324,654,0,0.4569263561891476,0,0.5
3,4,44,logistic_regression,331,446,0,0.5929282538220914,1,0.5
3,4,44,logistic_regression,334,229,0,0.45946318274366044,0,0.5
3,4,44,logistic_regression,345,276,1,0.23256649965049564,0,0.5
3,4,44,logistic_regression,349,235,0,0.43199415905404703,0,0.5
3,4,44,logistic_regression,353,223,0,0.1366387067229382,0,0.5
3,4,44,logistic_regression,354,811,0,0.5249958950650667,1,0.5
3,4,44,logistic_regression,355,140,0,0.7233083196518251,1,0.5
3,4,44,logistic_regression,369,82,0,0.48722938394511456,0,0.5
3,4,44,logistic_regression,382,400,0,0.3927398662144742,0,0.5
3,4,44,logistic_regression,383,134,1,0.4676555500808597,0,0.5
3,4,44,logistic_regression,384,78,0,0.7339417815667432,1,0.5
3,4,44,logistic_regression,386,90,0,0.49697905856067565,0,0.5
3,4,44,logistic_regression,388,185,0,0.33762286705785016,0,0.5
3,4,44,logistic_regression,395,82,0,0.48722938394511456,0,0.5
3,4,44,logistic_regression,400,55,0,0.4259414806561818,0,0.5
3,4,44,logistic_regression,404,88,0,0.4768163035014192,0,0.5
3,4,44,logistic_regression,408,60,0,0.13888757537038746,0,0.5
3,4,44,logistic_regression,413,698,0,0.5288453964367076,1,0.5
3,4,44,logistic_regression,418,47,0,0.7339073666975251,1,0.5
3,4,44,logistic_regression,422,89,0,0.4742662434846187,0,0.5
3,4,44,logistic_regression,425,35,0,0.45698644194910243,0,0.5
3,4,44,logistic_regression,428,29,0,0.5091176712941734,1,0.5
3,4,44,logistic_regression,432,600,0,0.5243882448243055,1,0.5
3,4,44,logistic_regression,443,10,0,0.14031677156347108,0,0.5
3,4,44,logistic_regression,446,107,0,0.4825334212856648,0,0.5
3,4,44,logistic_regression,449,75,0,0.457498062589836,0,0.5
3,4,44,logistic_regression,451,32,0,0.67267032020815,1,0.5
3,4,44,logistic_regression,453,10,0,0.14031677156347108,0,0.5
3,4,44,logistic_regression,457,18,0,0.13081963645379469,0,0.5
3,4,44,logistic_regression,458,35,0,0.45698644194910243,0,0.5
3,4,44,logistic_regression,460,5,0,0.10484618202187766,0,0.5
3,4,44,logistic_regression,471,94,0,0.4348728512329754,0,0.5
3,4,44,logistic_regression,481,608,0,0.4276806248611451,0,0.5
3,4,44,logistic_regression,487,483,0,0.5120768852686193,1,0.5
3,4,44,logistic_regression,489,151,0,0.1174106171660428,0,0.5
3,4,44,logistic_regression,497,356,0,0.5236758494372622,1,0.5
3,4,44,logistic_regression,498,663,0,0.7662912014876573,1,0.5
3,4,44,logistic_regression,499,614,0,0.5102882615437102,1,0.5
3,4,44,logistic_regression,501,610,0,0.5515757880584735,1,0.5
3,4,44,logistic_regression,511,38,0,0.4258871846197936,0,0.5
3,4,44,logistic_regression,519,123,0,0.4697954840679636,0,0.5
3,4,44,logistic_regression,542,146,0,0.12075564619188903,0,0.5
3,4,44,logistic_regression,546,213,0,0.7278869254453981,1,0.5
3,4,44,logistic_regression,554,20,0,0.38108225136684776,0,0.5
3,4,44,logistic_regression,557,458,0,0.46965420741894903,0,0.5
3,4,44,logistic_regression,559,162,0,0.5022369878729088,1,0.5
3,4,44,logistic_regression,569,802,0,0.482667504844932,0,0.5
3,4,44,logistic_regression,570,559,0,0.506638692559884,1,0.5
3,4,44,logistic_regression,574,309,0,0.46936520242652807,0,0.5
3,4,44,logistic_regression,580,55,0,0.4259414806561818,0,0.5
3,4,44,logistic_regression,581,59,0,0.46177305640581473,0,0.5
3,4,44,logistic_regression,599,176,0,0.477908538237205,0,0.5
3,4,44,logistic_regression,600,506,0,0.4494159281589701,0,0.5
3,4,44,logistic_regression,612,225,0,0.4582774747235571,0,0.5
3,4,44,logistic_regression,616,376,0,0.5377305465962949,1,0.5
3,4,44,logistic_regression,618,130,0,0.425255948780671,0,0.5
3,4,44,logistic_regression,619,320,0,0.18021836735288324,0,0.5
3,4,44,logistic_regression,620,363,0,0.4822938897723818,0,0.5
3,4,44,logistic_regression,637,493,0,0.5969537581089169,1,0.5
3,4,44,logistic_regression,639,52,0,0.45459464543000033,0,0.5
3,4,44,logistic_regression,641,761,0,0.4799071938847283,0,0.5
3,4,44,logistic_regression,654,810,0,0.7228876171925966,1,0.5
3,4,44,logistic_regression,655,236,1,0.419977303695193,0,0.5
3,4,44,logistic_regression,662,502,0,0.39674726670094357,0,0.5
3,4,44,logistic_regression,663,310,0,0.5042156701326274,1,0.5
3,4,44,logistic_regression,664,756,1,0.6503143506107631,1,0.5
3,4,44,logistic_regression,668,830,0,0.7564485741924839,1,0.5
3,4,44,logistic_regression,672,0,0,0.45502299762533616,0,0.5
3,4,44,logistic_regression,673,819,1,0.5774186624830366,1,0.5
3,4,44,logistic_regression,681,793,0,0.5166839755299751,1,0.5
3,4,44,logistic_regression,682,827,0,0.7036889492341225,1,0.5
3,4,44,logistic_regression,684,815,0,0.5795724102261752,1,0.5
3,4,44,logistic_regression,686,704,1,0.4193933602615086,0,0.5
3,4,44,logistic_regression,694,486,0,0.6393237558958873,1,0.5
3,4,44,logistic_regression,702,439,0,0.5597142203112484,1,0.5
3,4,44,logistic_regression,716,144,0,0.4540789852317949,0,0.5
3,4,44,logistic_regression,720,427,0,0.48188863350010075,0,0.5
3,4,44,logistic_regression,724,554,0,0.4842028324402029,0,0.5
3,4,44,logistic_regression,726,530,0,0.5428851720541668,1,0.5
3,4,44,logistic_regression,728,623,0,0.5133776166540869,1,0.5
3,4,44,logistic_regression,748,393,0,0.42675948121772256,0,0.5
3,4,44,logistic_regression,751,778,0,0.1638593788204716,0,0.5
3,4,44,logistic_regression,760,44,0,0.7051380868432285,1,0.5
3,4,44,logistic_regression,786,401,1,0.8187277196977227,1,0.5
3,4,44,logistic_regression,787,256,0,0.5285876253887363,1,0.5
3,4,44,logistic_regression,788,752,0,0.6590234591352653,1,0.5
3,4,44,logistic_regression,789,164,0,0.7221954312560838,1,0.5
3,4,44,logistic_regression,793,353,0,0.46709876163488984,0,0.5
3,4,44,logistic_regression,798,396,0,0.4365720249805658,0,0.5
3,4,44,logistic_regression,807,717,0,0.5916321931763648,1,0.5
3,4,44,logistic_regression,816,233,0,0.47936417961339994,0,0.5
3,4,44,logistic_regression,818,700,0,0.5889763050620171,1,0.5
3,4,44,logistic_regression,824,720,0,0.5070487259086713,1,0.5
3,4,44,logistic_regression,826,650,0,0.4572521886508555,0,0.5
3,4,44,logistic_regression,827,688,0,0.4769568830139894,0,0.5
3,4,44,logistic_regression,831,777,0,0.7677999865254068,1,0.5
3,4,44,logistic_regression,839,601,0,0.49711131287946925,0,0.5
3,4,44,logistic_regression,840,346,0,0.5138834984209494,1,0.5
3,4,44,logistic_regression,841,297,0,0.43768229843336137,0,0.5
3,4,44,logistic_regression,847,574,0,0.45193399927599975,0,0.5
3,4,44,logistic_regression,849,620,0,0.3820633916511479,0,0.5
3,4,44,logistic_regression,854,616,0,0.5115321728992085,1,0.5
3,4,44,xgboost,2,660,0,0.3257664740085602,0,0.5
3,4,44,xgboost,10,807,0,0.071685291826725,0,0.5
3,4,44,xgboost,12,812,0,0.134137362241745,0,0.5
3,4,44,xgboost,16,790,0,0.10915721207857132,0,0.5
3,4,44,xgboost,17,799,0,0.09765250235795975,0,0.5
3,4,44,xgboost,28,742,0,0.1864479035139084,0,0.5
3,4,44,xgboost,33,734,0,0.476540207862854,0,0.5
3,4,44,xgboost,42,724,0,0.6978871822357178,1,0.5
3,4,44,xgboost,44,740,1,0.5515171885490417,1,0.5
3,4,44,xgboost,45,709,0,0.6664005517959595,1,0.5
3,4,44,xgboost,55,789,0,0.14873641729354858,0,0.5
3,4,44,xgboost,65,736,0,0.3898065686225891,0,0.5
3,4,44,xgboost,69,705,0,0.046385861933231354,0,0.5
3,4,44,xgboost,71,677,0,0.08348365128040314,0,0.5
3,4,44,xgboost,74,681,0,0.04309845715761185,0,0.5
3,4,44,xgboost,76,675,0,0.057902440428733826,0,0.5
3,4,44,xgboost,78,693,0,0.22906112670898438,0,0.5
3,4,44,xgboost,79,684,0,0.5264873504638672,1,0.5
3,4,44,xgboost,88,618,0,0.1898253709077835,0,0.5
3,4,44,xgboost,89,632,0,0.516318678855896,1,0.5
3,4,44,xgboost,96,701,1,0.17458006739616394,0,0.5
3,4,44,xgboost,97,678,0,0.3606291711330414,0,0.5
3,4,44,xgboost,110,619,0,0.24104641377925873,0,0.5
3,4,44,xgboost,117,570,0,0.05295203998684883,0,0.5
3,4,44,xgboost,120,627,0,0.4752945303916931,0,0.5
3,4,44,xgboost,121,579,0,0.10236603021621704,0,0.5
3,4,44,xgboost,124,571,0,0.6554455161094666,1,0.5
3,4,44,xgboost,127,520,0,0.6373128294944763,1,0.5
3,4,44,xgboost,134,568,0,0.47764816880226135,0,0.5
3,4,44,xgboost,135,465,0,0.31938812136650085,0,0.5
3,4,44,xgboost,155,507,0,0.3067348301410675,0,0.5
3,4,44,xgboost,161,490,0,0.3648092746734619,0,0.5
3,4,44,xgboost,163,509,1,0.10844835638999939,0,0.5
3,4,44,xgboost,167,461,0,0.6352828145027161,1,0.5
3,4,44,xgboost,177,468,0,0.31922879815101624,0,0.5
3,4,44,xgboost,180,414,0,0.24440351128578186,0,0.5
3,4,44,xgboost,181,462,0,0.38900989294052124,0,0.5
3,4,44,xgboost,182,392,0,0.6244995594024658,1,0.5
3,4,44,xgboost,184,411,0,0.5634246468544006,1,0.5
3,4,44,xgboost,187,501,0,0.2890567481517792,0,0.5
3,4,44,xgboost,198,447,0,0.313365638256073,0,0.5
3,4,44,xgboost,202,454,0,0.23171532154083252,0,0.5
3,4,44,xgboost,203,494,1,0.8009459376335144,1,0.5
3,4,44,xgboost,215,372,0,0.17253530025482178,0,0.5
3,4,44,xgboost,219,324,0,0.09534422308206558,0,0.5
3,4,44,xgboost,225,511,0,0.02392216958105564,0,0.5
3,4,44,xgboost,226,409,0,0.3840036690235138,0,0.5
3,4,44,xgboost,230,304,0,0.33458104729652405,0,0.5
3,4,44,xgboost,239,497,0,0.26533496379852295,0,0.5
3,4,44,xgboost,248,381,0,0.29429206252098083,0,0.5
3,4,44,xgboost,250,379,0,0.48017096519470215,0,0.5
3,4,44,xgboost,255,379,0,0.48017096519470215,0,0.5
3,4,44,xgboost,263,296,0,0.02919933758676052,0,0.5
3,4,44,xgboost,265,247,0,0.7214667797088623,1,0.5
3,4,44,xgboost,266,232,0,0.5959799885749817,1,0.5
3,4,44,xgboost,269,410,0,0.4800654649734497,0,0.5
3,4,44,xgboost,271,359,0,0.057484883815050125,0,0.5
3,4,44,xgboost,272,330,0,0.09841407835483551,0,0.5
3,4,44,xgboost,284,252,0,0.11548875272274017,0,0.5
3,4,44,xgboost,285,430,0,0.1315007358789444,0,0.5
3,4,44,xgboost,291,289,0,0.4976091682910919,0,0.5
3,4,44,xgboost,296,358,0,0.3976767957210541,0,0.5
3,4,44,xgboost,297,220,0,0.7151671051979065,1,0.5
3,4,44,xgboost,301,202,0,0.4505369961261749,0,0.5
3,4,44,xgboost,302,323,0,0.15353770554065704,0,0.5
3,4,44,xgboost,313,370,0,0.11691293865442276,0,0.5
3,4,44,xgboost,317,170,0,0.5277974009513855,1,0.5
3,4,44,xgboost,322,180,0,0.6432481408119202,1,0.5
3,4,44,xgboost,324,654,0,0.3025433421134949,0,0.5
3,4,44,xgboost,331,446,0,0.49163034558296204,0,0.5
3,4,44,xgboost,334,229,0,0.6753714084625244,1,0.5
3,4,44,xgboost,345,276,1,0.24619396030902863,0,0.5
3,4,44,xgboost,349,235,0,0.4992220103740692,0,0.5
3,4,44,xgboost,353,223,0,0.07484788447618484,0,0.5
3,4,44,xgboost,354,811,0,0.4422052204608917,0,0.5
3,4,44,xgboost,355,140,0,0.6969748139381409,1,0.5
3,4,44,xgboost,369,82,0,0.35594040155410767,0,0.5
3,4,44,xgboost,382,400,0,0.06749065965414047,0,0.5
3,4,44,xgboost,383,134,1,0.4041368067264557,0,0.5
3,4,44,xgboost,384,78,0,0.5239192843437195,1,0.5
3,4,44,xgboost,386,90,0,0.2929575741291046,0,0.5
3,4,44,xgboost,388,185,0,0.6581578850746155,1,0.5
3,4,44,xgboost,395,82,0,0.35594040155410767,0,0.5
3,4,44,xgboost,400,55,0,0.2533135712146759,0,0.5
3,4,44,xgboost,404,88,0,0.3607243299484253,0,0.5
3,4,44,xgboost,408,60,0,0.031680628657341,0,0.5
3,4,44,xgboost,413,698,0,0.1496112197637558,0,0.5
3,4,44,xgboost,418,47,0,0.45792365074157715,0,0.5
3,4,44,xgboost,422,89,0,0.38800379633903503,0,0.5
3,4,44,xgboost,425,35,0,0.2264353483915329,0,0.5
3,4,44,xgboost,428,29,0,0.21195147931575775,0,0.5
3,4,44,xgboost,432,600,0,0.38580331206321716,0,0.5
3,4,44,xgboost,443,10,0,0.021167505532503128,0,0.5
3,4,44,xgboost,446,107,0,0.3727121949195862,0,0.5
3,4,44,xgboost,449,75,0,0.2416316419839859,0,0.5
3,4,44,xgboost,451,32,0,0.15317833423614502,0,0.5
3,4,44,xgboost,453,10,0,0.021167505532503128,0,0.5
3,4,44,xgboost,457,18,0,0.011353961192071438,0,0.5
3,4,44,xgboost,458,35,0,0.2264353483915329,0,0.5
3,4,44,xgboost,460,5,0,0.011908776126801968,0,0.5
3,4,44,xgboost,471,94,0,0.19326691329479218,0,0.5
3,4,44,xgboost,481,608,0,0.5308967232704163,1,0.5
3,4,44,xgboost,487,483,0,0.19092316925525665,0,0.5
3,4,44,xgboost,489,151,0,0.02485087886452675,0,0.5
3,4,44,xgboost,497,356,0,0.4772237241268158,0,0.5
3,4,44,xgboost,498,663,0,0.5330137014389038,1,0.5
3,4,44,xgboost,499,614,0,0.4337714910507202,0,0.5
3,4,44,xgboost,501,610,0,0.20437875390052795,0,0.5
3,4,44,xgboost,511,38,0,0.18229281902313232,0,0.5
3,4,44,xgboost,519,123,0,0.2839698791503906,0,0.5
3,4,44,xgboost,542,146,0,0.02483050897717476,0,0.5
3,4,44,xgboost,546,213,0,0.6344671249389648,1,0.5
3,4,44,xgboost,554,20,0,0.10840313881635666,0,0.5
3,4,44,xgboost,557,458,0,0.641524612903595,1,0.5
3,4,44,xgboost,559,162,0,0.4761373996734619,0,0.5
3,4,44,xgboost,569,802,0,0.08703349530696869,0,0.5
3,4,44,xgboost,570,559,0,0.3808659017086029,0,0.5
3,4,44,xgboost,574,309,0,0.28288033604621887,0,0.5
3,4,44,xgboost,580,55,0,0.2533135712146759,0,0.5
3,4,44,xgboost,581,59,0,0.1576426774263382,0,0.5
3,4,44,xgboost,599,176,0,0.4080868065357208,0,0.5
3,4,44,xgboost,600,506,0,0.2231043428182602,0,0.5
3,4,44,xgboost,612,225,0,0.6125603318214417,1,0.5
3,4,44,xgboost,616,376,0,0.15156230330467224,0,0.5
3,4,44,xgboost,618,130,0,0.32139143347740173,0,0.5
3,4,44,xgboost,619,320,0,0.06578842550516129,0,0.5
3,4,44,xgboost,620,363,0,0.33842265605926514,0,0.5
3,4,44,xgboost,637,493,0,0.2884698510169983,0,0.5
3,4,44,xgboost,639,52,0,0.17257794737815857,0,0.5
3,4,44,xgboost,641,761,0,0.3062346875667572,0,0.5
3,4,44,xgboost,654,810,0,0.1920134723186493,0,0.5
3,4,44,xgboost,655,236,1,0.6747618317604065,1,0.5
3,4,44,xgboost,662,502,0,0.2432081252336502,0,0.5
3,4,44,xgboost,663,310,0,0.5759905576705933,1,0.5
3,4,44,xgboost,664,756,1,0.7039063572883606,1,0.5
3,4,44,xgboost,668,830,0,0.3981388509273529,0,0.5
3,4,44,xgboost,672,0,0,0.103058822453022,0,0.5
3,4,44,xgboost,673,819,1,0.4328584372997284,0,0.5
3,4,44,xgboost,681,793,0,0.13802726566791534,0,0.5
3,4,44,xgboost,682,827,0,0.47913503646850586,0,0.5
3,4,44,xgboost,684,815,0,0.1843317300081253,0,0.5
3,4,44,xgboost,686,704,1,0.1274694949388504,0,0.5
3,4,44,xgboost,694,486,0,0.62343430519104,1,0.5
3,4,44,xgboost,702,439,0,0.3604058027267456,0,0.5
3,4,44,xgboost,716,144,0,0.37682557106018066,0,0.5
3,4,44,xgboost,720,427,0,0.5323410630226135,1,0.5
3,4,44,xgboost,724,554,0,0.28971707820892334,0,0.5
3,4,44,xgboost,726,530,0,0.6555072069168091,1,0.5
3,4,44,xgboost,728,623,0,0.15277627110481262,0,0.5
3,4,44,xgboost,748,393,0,0.30590903759002686,0,0.5
3,4,44,xgboost,751,778,0,0.05613550543785095,0,0.5
3,4,44,xgboost,760,44,0,0.5536862015724182,1,0.5
3,4,44,xgboost,786,401,1,0.06371895968914032,0,0.5
3,4,44,xgboost,787,256,0,0.3588906228542328,0,0.5
3,4,44,xgboost,788,752,0,0.6098644137382507,1,0.5
3,4,44,xgboost,789,164,0,0.8658205270767212,1,0.5
3,4,44,xgboost,793,353,0,0.38134798407554626,0,0.5
3,4,44,xgboost,798,396,0,0.38034379482269287,0,0.5
3,4,44,xgboost,807,717,0,0.29299217462539673,0,0.5
3,4,44,xgboost,816,233,0,0.8259479999542236,1,0.5
3,4,44,xgboost,818,700,0,0.21495474874973297,0,0.5
3,4,44,xgboost,824,720,0,0.20109762251377106,0,0.5
3,4,44,xgboost,826,650,0,0.5160309076309204,1,0.5
3,4,44,xgboost,827,688,0,0.39517390727996826,0,0.5
3,4,44,xgboost,831,777,0,0.6087865233421326,1,0.5
3,4,44,xgboost,839,601,0,0.32654526829719543,0,0.5
3,4,44,xgboost,840,346,0,0.20748066902160645,0,0.5
3,4,44,xgboost,841,297,0,0.3093029260635376,0,0.5
3,4,44,xgboost,847,574,0,0.2231043428182602,0,0.5
3,4,44,xgboost,849,620,0,0.21805833280086517,0,0.5
3,4,44,xgboost,854,616,0,0.22870692610740662,0,0.5
3,5,44,dummy_prior,3,825,0,0.06404657933042213,0,0.5
3,5,44,dummy_prior,4,816,0,0.06404657933042213,0,0.5
3,5,44,dummy_prior,6,823,1,0.06404657933042213,0,0.5
3,5,44,dummy_prior,9,804,0,0.06404657933042213,0,0.5
3,5,44,dummy_prior,14,798,0,0.06404657933042213,0,0.5
3,5,44,dummy_prior,20,797,0,0.06404657933042213,0,0.5
3,5,44,dummy_prior,26,765,0,0.06404657933042213,0,0.5
3,5,44,dummy_prior,27,759,0,0.06404657933042213,0,0.5
3,5,44,dummy_prior,30,782,0,0.06404657933042213,0,0.5
3,5,44,dummy_prior,31,771,0,0.06404657933042213,0,0.5
3,5,44,dummy_prior,32,738,0,0.06404657933042213,0,0.5
3,5,44,dummy_prior,36,760,0,0.06404657933042213,0,0.5
3,5,44,dummy_prior,37,747,0,0.06404657933042213,0,0.5
3,5,44,dummy_prior,43,723,0,0.06404657933042213,0,0.5
3,5,44,dummy_prior,47,770,0,0.06404657933042213,0,0.5
3,5,44,dummy_prior,49,739,0,0.06404657933042213,0,0.5
3,5,44,dummy_prior,51,715,0,0.06404657933042213,0,0.5
3,5,44,dummy_prior,52,729,0,0.06404657933042213,0,0.5
3,5,44,dummy_prior,58,683,0,0.06404657933042213,0,0.5
3,5,44,dummy_prior,60,673,0,0.06404657933042213,0,0.5
3,5,44,dummy_prior,66,673,0,0.06404657933042213,0,0.5
3,5,44,dummy_prior,68,696,0,0.06404657933042213,0,0.5
3,5,44,dummy_prior,72,664,0,0.06404657933042213,0,0.5
3,5,44,dummy_prior,73,685,0,0.06404657933042213,0,0.5
3,5,44,dummy_prior,82,615,0,0.06404657933042213,0,0.5
3,5,44,dummy_prior,84,713,0,0.06404657933042213,0,0.5
3,5,44,dummy_prior,101,580,0,0.06404657933042213,0,0.5
3,5,44,dummy_prior,103,754,1,0.06404657933042213,0,0.5
3,5,44,dummy_prior,109,612,0,0.06404657933042213,0,0.5
3,5,44,dummy_prior,112,573,0,0.06404657933042213,0,0.5
3,5,44,dummy_prior,119,498,0,0.06404657933042213,0,0.5
3,5,44,dummy_prior,122,592,0,0.06404657933042213,0,0.5
3,5,44,dummy_prior,123,542,0,0.06404657933042213,0,0.5
3,5,44,dummy_prior,137,537,0,0.06404657933042213,0,0.5
3,5,44,dummy_prior,143,480,0,0.06404657933042213,0,0.5
3,5,44,dummy_prior,145,595,0,0.06404657933042213,0,0.5
3,5,44,dummy_prior,146,576,0,0.06404657933042213,0,0.5
3,5,44,dummy_prior,149,594,0,0.06404657933042213,0,0.5
3,5,44,dummy_prior,159,463,0,0.06404657933042213,0,0.5
3,5,44,dummy_prior,168,535,0,0.06404657933042213,0,0.5
3,5,44,dummy_prior,170,434,0,0.06404657933042213,0,0.5
3,5,44,dummy_prior,172,522,0,0.06404657933042213,0,0.5
3,5,44,dummy_prior,183,491,0,0.06404657933042213,0,0.5
3,5,44,dummy_prior,194,397,0,0.06404657933042213,0,0.5
3,5,44,dummy_prior,197,442,0,0.06404657933042213,0,0.5
3,5,44,dummy_prior,207,437,0,0.06404657933042213,0,0.5
3,5,44,dummy_prior,211,453,0,0.06404657933042213,0,0.5
3,5,44,dummy_prior,221,407,0,0.06404657933042213,0,0.5
3,5,44,dummy_prior,228,585,0,0.06404657933042213,0,0.5
3,5,44,dummy_prior,229,466,0,0.06404657933042213,0,0.5
3,5,44,dummy_prior,235,378,0,0.06404657933042213,0,0.5
3,5,44,dummy_prior,238,536,0,0.06404657933042213,0,0.5
3,5,44,dummy_prior,243,402,0,0.06404657933042213,0,0.5
3,5,44,dummy_prior,246,487,0,0.06404657933042213,0,0.5
3,5,44,dummy_prior,257,273,1,0.06404657933042213,0,0.5
3,5,44,dummy_prior,259,329,0,0.06404657933042213,0,0.5
3,5,44,dummy_prior,260,485,0,0.06404657933042213,0,0.5
3,5,44,dummy_prior,267,265,0,0.06404657933042213,0,0.5
3,5,44,dummy_prior,268,305,0,0.06404657933042213,0,0.5
3,5,44,dummy_prior,275,237,0,0.06404657933042213,0,0.5
3,5,44,dummy_prior,277,168,0,0.06404657933042213,0,0.5
3,5,44,dummy_prior,280,303,0,0.06404657933042213,0,0.5
3,5,44,dummy_prior,286,240,0,0.06404657933042213,0,0.5
3,5,44,dummy_prior,287,272,0,0.06404657933042213,0,0.5
3,5,44,dummy_prior,299,319,0,0.06404657933042213,0,0.5
3,5,44,dummy_prior,304,331,0,0.06404657933042213,0,0.5
3,5,44,dummy_prior,308,382,0,0.06404657933042213,0,0.5
3,5,44,dummy_prior,309,322,0,0.06404657933042213,0,0.5
3,5,44,dummy_prior,310,307,0,0.06404657933042213,0,0.5
3,5,44,dummy_prior,314,215,1,0.06404657933042213,0,0.5
3,5,44,dummy_prior,325,169,1,0.06404657933042213,0,0.5
3,5,44,dummy_prior,327,173,0,0.06404657933042213,0,0.5
3,5,44,dummy_prior,328,197,0,0.06404657933042213,0,0.5
3,5,44,dummy_prior,333,274,0,0.06404657933042213,0,0.5
3,5,44,dummy_prior,344,79,0,0.06404657933042213,0,0.5
3,5,44,dummy_prior,352,152,0,0.06404657933042213,0,0.5
3,5,44,dummy_prior,356,79,0,0.06404657933042213,0,0.5
3,5,44,dummy_prior,358,212,0,0.06404657933042213,0,0.5
3,5,44,dummy_prior,363,72,0,0.06404657933042213,0,0.5
3,5,44,dummy_prior,364,147,0,0.06404657933042213,0,0.5
3,5,44,dummy_prior,372,242,0,0.06404657933042213,0,0.5
3,5,44,dummy_prior,375,249,0,0.06404657933042213,0,0.5
3,5,44,dummy_prior,377,172,1,0.06404657933042213,0,0.5
3,5,44,dummy_prior,378,86,0,0.06404657933042213,0,0.5
3,5,44,dummy_prior,381,145,0,0.06404657933042213,0,0.5
3,5,44,dummy_prior,392,120,0,0.06404657933042213,0,0.5
3,5,44,dummy_prior,394,184,0,0.06404657933042213,0,0.5
3,5,44,dummy_prior,401,210,0,0.06404657933042213,0,0.5
3,5,44,dummy_prior,412,87,0,0.06404657933042213,0,0.5
3,5,44,dummy_prior,417,158,0,0.06404657933042213,0,0.5
3,5,44,dummy_prior,423,51,0,0.06404657933042213,0,0.5
3,5,44,dummy_prior,426,114,0,0.06404657933042213,0,0.5
3,5,44,dummy_prior,427,161,0,0.06404657933042213,0,0.5
3,5,44,dummy_prior,430,153,0,0.06404657933042213,0,0.5
3,5,44,dummy_prior,434,192,1,0.06404657933042213,0,0.5
3,5,44,dummy_prior,444,80,0,0.06404657933042213,0,0.5
3,5,44,dummy_prior,450,34,0,0.06404657933042213,0,0.5
3,5,44,dummy_prior,452,46,0,0.06404657933042213,0,0.5
3,5,44,dummy_prior,455,77,0,0.06404657933042213,0,0.5
3,5,44,dummy_prior,463,1,0,0.06404657933042213,0,0.5
3,5,44,dummy_prior,467,41,0,0.06404657933042213,0,0.5
3,5,44,dummy_prior,469,16,0,0.06404657933042213,0,0.5
3,5,44,dummy_prior,470,764,0,0.06404657933042213,0,0.5
3,5,44,dummy_prior,472,682,1,0.06404657933042213,0,0.5
3,5,44,dummy_prior,473,787,0,0.06404657933042213,0,0.5
3,5,44,dummy_prior,480,575,0,0.06404657933042213,0,0.5
3,5,44,dummy_prior,485,286,0,0.06404657933042213,0,0.5
3,5,44,dummy_prior,493,86,0,0.06404657933042213,0,0.5
3,5,44,dummy_prior,494,165,0,0.06404657933042213,0,0.5
3,5,44,dummy_prior,500,763,0,0.06404657933042213,0,0.5
3,5,44,dummy_prior,506,711,0,0.06404657933042213,0,0.5
3,5,44,dummy_prior,509,384,0,0.06404657933042213,0,0.5
3,5,44,dummy_prior,512,671,0,0.06404657933042213,0,0.5
3,5,44,dummy_prior,514,476,0,0.06404657933042213,0,0.5
3,5,44,dummy_prior,523,624,0,0.06404657933042213,0,0.5
3,5,44,dummy_prior,525,46,0,0.06404657933042213,0,0.5
3,5,44,dummy_prior,528,547,0,0.06404657933042213,0,0.5
3,5,44,dummy_prior,533,425,0,0.06404657933042213,0,0.5
3,5,44,dummy_prior,543,40,0,0.06404657933042213,0,0.5
3,5,44,dummy_prior,552,105,0,0.06404657933042213,0,0.5
3,5,44,dummy_prior,556,772,0,0.06404657933042213,0,0.5
3,5,44,dummy_prior,560,748,0,0.06404657933042213,0,0.5
3,5,44,dummy_prior,561,208,0,0.06404657933042213,0,0.5
3,5,44,dummy_prior,562,282,0,0.06404657933042213,0,0.5
3,5,44,dummy_prior,563,712,0,0.06404657933042213,0,0.5
3,5,44,dummy_prior,579,730,0,0.06404657933042213,0,0.5
3,5,44,dummy_prior,584,562,0,0.06404657933042213,0,0.5
3,5,44,dummy_prior,585,648,0,0.06404657933042213,0,0.5
3,5,44,dummy_prior,588,813,0,0.06404657933042213,0,0.5
3,5,44,dummy_prior,594,193,0,0.06404657933042213,0,0.5
3,5,44,dummy_prior,596,83,0,0.06404657933042213,0,0.5
3,5,44,dummy_prior,604,318,0,0.06404657933042213,0,0.5
3,5,44,dummy_prior,605,183,0,0.06404657933042213,0,0.5
3,5,44,dummy_prior,617,157,0,0.06404657933042213,0,0.5
3,5,44,dummy_prior,625,92,0,0.06404657933042213,0,0.5
3,5,44,dummy_prior,627,280,0,0.06404657933042213,0,0.5
3,5,44,dummy_prior,645,471,0,0.06404657933042213,0,0.5
3,5,44,dummy_prior,670,817,1,0.06404657933042213,0,0.5
3,5,44,dummy_prior,674,795,0,0.06404657933042213,0,0.5
3,5,44,dummy_prior,679,822,0,0.06404657933042213,0,0.5
3,5,44,dummy_prior,693,98,1,0.06404657933042213,0,0.5
3,5,44,dummy_prior,700,479,0,0.06404657933042213,0,0.5
3,5,44,dummy_prior,710,449,0,0.06404657933042213,0,0.5
3,5,44,dummy_prior,711,128,0,0.06404657933042213,0,0.5
3,5,44,dummy_prior,713,31,0,0.06404657933042213,0,0.5
3,5,44,dummy_prior,717,731,0,0.06404657933042213,0,0.5
3,5,44,dummy_prior,722,325,0,0.06404657933042213,0,0.5
3,5,44,dummy_prior,723,124,0,0.06404657933042213,0,0.5
3,5,44,dummy_prior,734,564,0,0.06404657933042213,0,0.5
3,5,44,dummy_prior,737,177,0,0.06404657933042213,0,0.5
3,5,44,dummy_prior,741,129,0,0.06404657933042213,0,0.5
3,5,44,dummy_prior,742,156,0,0.06404657933042213,0,0.5
3,5,44,dummy_prior,754,508,1,0.06404657933042213,0,0.5
3,5,44,dummy_prior,765,398,0,0.06404657933042213,0,0.5
3,5,44,dummy_prior,769,415,0,0.06404657933042213,0,0.5
3,5,44,dummy_prior,772,113,0,0.06404657933042213,0,0.5
3,5,44,dummy_prior,776,45,0,0.06404657933042213,0,0.5
3,5,44,dummy_prior,780,110,0,0.06404657933042213,0,0.5
3,5,44,dummy_prior,785,480,0,0.06404657933042213,0,0.5
3,5,44,dummy_prior,795,690,0,0.06404657933042213,0,0.5
3,5,44,dummy_prior,803,106,0,0.06404657933042213,0,0.5
3,5,44,dummy_prior,804,543,0,0.06404657933042213,0,0.5
3,5,44,dummy_prior,810,116,0,0.06404657933042213,0,0.5
3,5,44,dummy_prior,819,2,0,0.06404657933042213,0,0.5
3,5,44,dummy_prior,828,634,0,0.06404657933042213,0,0.5
3,5,44,dummy_prior,834,569,0,0.06404657933042213,0,0.5
3,5,44,dummy_prior,836,743,0,0.06404657933042213,0,0.5
3,5,44,dummy_prior,838,694,0,0.06404657933042213,0,0.5
3,5,44,dummy_prior,850,117,0,0.06404657933042213,0,0.5
3,5,44,dummy_prior,855,377,0,0.06404657933042213,0,0.5
3,5,44,dummy_prior,856,635,0,0.06404657933042213,0,0.5
3,5,44,logistic_regression,3,825,0,0.6542504848726727,1,0.5
3,5,44,logistic_regression,4,816,0,0.6631637173473894,1,0.5
3,5,44,logistic_regression,6,823,1,0.6113256791265613,1,0.5
3,5,44,logistic_regression,9,804,0,0.5894563377960269,1,0.5
3,5,44,logistic_regression,14,798,0,0.5537620088583526,1,0.5
3,5,44,logistic_regression,20,797,0,0.6504848461110763,1,0.5
3,5,44,logistic_regression,26,765,0,0.551551682096569,1,0.5
3,5,44,logistic_regression,27,759,0,0.4583346906941487,0,0.5
3,5,44,logistic_regression,30,782,0,0.7836779452388235,1,0.5
3,5,44,logistic_regression,31,771,0,0.7702593461477418,1,0.5
3,5,44,logistic_regression,32,738,0,0.36411312968272275,0,0.5
3,5,44,logistic_regression,36,760,0,0.4514110387961957,0,0.5
3,5,44,logistic_regression,37,747,0,0.3822550467743671,0,0.5
3,5,44,logistic_regression,43,723,0,0.4637193248693174,0,0.5
3,5,44,logistic_regression,47,770,0,0.5248810667721443,1,0.5
3,5,44,logistic_regression,49,739,0,0.44807787457328885,0,0.5
3,5,44,logistic_regression,51,715,0,0.45587090854169254,0,0.5
3,5,44,logistic_regression,52,729,0,0.46654473261688983,0,0.5
3,5,44,logistic_regression,58,683,0,0.4472216709761768,0,0.5
3,5,44,logistic_regression,60,673,0,0.5127883250448623,1,0.5
3,5,44,logistic_regression,66,673,0,0.5127883250448623,1,0.5
3,5,44,logistic_regression,68,696,0,0.814980799110885,1,0.5
3,5,44,logistic_regression,72,664,0,0.4400907211167287,0,0.5
3,5,44,logistic_regression,73,685,0,0.4639317621886564,0,0.5
3,5,44,logistic_regression,82,615,0,0.522008026261554,1,0.5
3,5,44,logistic_regression,84,713,0,0.29978990441347314,0,0.5
3,5,44,logistic_regression,101,580,0,0.8609856817112679,1,0.5
3,5,44,logistic_regression,103,754,1,0.6494627755550406,1,0.5
3,5,44,logistic_regression,109,612,0,0.1743109414053251,0,0.5
3,5,44,logistic_regression,112,573,0,0.8159278266449265,1,0.5
3,5,44,logistic_regression,119,498,0,0.4747202805267804,0,0.5
3,5,44,logistic_regression,122,592,0,0.49118620555226095,0,0.5
3,5,44,logistic_regression,123,542,0,0.8390786619319068,1,0.5
3,5,44,logistic_regression,137,537,0,0.4582375881316271,0,0.5
3,5,44,logistic_regression,143,480,0,0.17669538245663496,0,0.5
3,5,44,logistic_regression,145,595,0,0.5069577699327922,1,0.5
3,5,44,logistic_regression,146,576,0,0.5445460712794167,1,0.5
3,5,44,logistic_regression,149,594,0,0.1864202858385245,0,0.5
3,5,44,logistic_regression,159,463,0,0.5252406149867234,1,0.5
3,5,44,logistic_regression,168,535,0,0.5344929482171009,1,0.5
3,5,44,logistic_regression,170,434,0,0.284301162631404,0,0.5
3,5,44,logistic_regression,172,522,0,0.5541515644762637,1,0.5
3,5,44,logistic_regression,183,491,0,0.44728797210498505,0,0.5
3,5,44,logistic_regression,194,397,0,0.460135218001349,0,0.5
3,5,44,logistic_regression,197,442,0,0.5861366587374319,1,0.5
3,5,44,logistic_regression,207,437,0,0.44683792822423335,0,0.5
3,5,44,logistic_regression,211,453,0,0.4443923882576684,0,0.5
3,5,44,logistic_regression,221,407,0,0.24112774431225578,0,0.5
3,5,44,logistic_regression,228,585,0,0.18258050031134546,0,0.5
3,5,44,logistic_regression,229,466,0,0.5159144187115212,1,0.5
3,5,44,logistic_regression,235,378,0,0.4299506541293695,0,0.5
3,5,44,logistic_regression,238,536,0,0.5270490109116781,1,0.5
3,5,44,logistic_regression,243,402,0,0.2002238477737893,0,0.5
3,5,44,logistic_regression,246,487,0,0.524830135410727,1,0.5
3,5,44,logistic_regression,257,273,1,0.6960888740793806,1,0.5
3,5,44,logistic_regression,259,329,0,0.6029801233061672,1,0.5
3,5,44,logistic_regression,260,485,0,0.49436403155387626,0,0.5
3,5,44,logistic_regression,267,265,0,0.17670324242845453,0,0.5
3,5,44,logistic_regression,268,305,0,0.4622897210891741,0,0.5
3,5,44,logistic_regression,275,237,0,0.44778930130060157,0,0.5
3,5,44,logistic_regression,277,168,0,0.4315214009316223,0,0.5
3,5,44,logistic_regression,280,303,0,0.4405950118055428,0,0.5
3,5,44,logistic_regression,286,240,0,0.4543862558575489,0,0.5
3,5,44,logistic_regression,287,272,0,0.4406853970249767,0,0.5
3,5,44,logistic_regression,299,319,0,0.18312941823796988,0,0.5
3,5,44,logistic_regression,304,331,0,0.14357477556805023,0,0.5
3,5,44,logistic_regression,308,382,0,0.49360011625572875,0,0.5
3,5,44,logistic_regression,309,322,0,0.4345281936226825,0,0.5
3,5,44,logistic_regression,310,307,0,0.4296371461855597,0,0.5
3,5,44,logistic_regression,314,215,1,0.4519705727871156,0,0.5
3,5,44,logistic_regression,325,169,1,0.5490305094374109,1,0.5
3,5,44,logistic_regression,327,173,0,0.43684933679054977,0,0.5
3,5,44,logistic_regression,328,197,0,0.18484575519366236,0,0.5
3,5,44,logistic_regression,333,274,0,0.49769663114539264,0,0.5
3,5,44,logistic_regression,344,79,0,0.4278601205181589,0,0.5
3,5,44,logistic_regression,352,152,0,0.45246781491389243,0,0.5
3,5,44,logistic_regression,356,79,0,0.4278601205181589,0,0.5
3,5,44,logistic_regression,358,212,0,0.438216746805882,0,0.5
3,5,44,logistic_regression,363,72,0,0.4103178007064362,0,0.5
3,5,44,logistic_regression,364,147,0,0.44457104936215597,0,0.5
3,5,44,logistic_regression,372,242,0,0.4403027471677246,0,0.5
3,5,44,logistic_regression,375,249,0,0.4240751213066853,0,0.5
3,5,44,logistic_regression,377,172,1,0.4203734886436683,0,0.5
3,5,44,logistic_regression,378,86,0,0.43467015368598866,0,0.5
3,5,44,logistic_regression,381,145,0,0.17898312342266218,0,0.5
3,5,44,logistic_regression,392,120,0,0.42820109177408383,0,0.5
3,5,44,logistic_regression,394,184,0,0.8196573560864403,1,0.5
3,5,44,logistic_regression,401,210,0,0.4792001405749059,0,0.5
3,5,44,logistic_regression,412,87,0,0.17358862182387577,0,0.5
3,5,44,logistic_regression,417,158,0,0.14067261014734445,0,0.5
3,5,44,logistic_regression,423,51,0,0.43181419447084546,0,0.5
3,5,44,logistic_regression,426,114,0,0.7675176434647282,1,0.5
3,5,44,logistic_regression,427,161,0,0.4644979831582401,0,0.5
3,5,44,logistic_regression,430,153,0,0.43743501975393695,0,0.5
3,5,44,logistic_regression,434,192,1,0.42905873378171866,0,0.5
3,5,44,logistic_regression,444,80,0,0.4094517324480099,0,0.5
3,5,44,logistic_regression,450,34,0,0.4199241758637647,0,0.5
3,5,44,logistic_regression,452,46,0,0.16859186160532572,0,0.5
3,5,44,logistic_regression,455,77,0,0.24030329598138067,0,0.5
3,5,44,logistic_regression,463,1,0,0.421028734958442,0,0.5
3,5,44,logistic_regression,467,41,0,0.6506448014988958,1,0.5
3,5,44,logistic_regression,469,16,0,0.43140613330671623,0,0.5
3,5,44,logistic_regression,470,764,0,0.5058051388269971,1,0.5
3,5,44,logistic_regression,472,682,1,0.4473026510604526,0,0.5
3,5,44,logistic_regression,473,787,0,0.5632935853426131,1,0.5
3,5,44,logistic_regression,480,575,0,0.08526782472322587,0,0.5
3,5,44,logistic_regression,485,286,0,0.43274168838271554,0,0.5
3,5,44,logistic_regression,493,86,0,0.43467015368598866,0,0.5
3,5,44,logistic_regression,494,165,0,0.4170210932111044,0,0.5
3,5,44,logistic_regression,500,763,0,0.46512639798407207,0,0.5
3,5,44,logistic_regression,506,711,0,0.4650295040692201,0,0.5
3,5,44,logistic_regression,509,384,0,0.46025632339606054,0,0.5
3,5,44,logistic_regression,512,671,0,0.19753269521948616,0,0.5
3,5,44,logistic_regression,514,476,0,0.4672720265681661,0,0.5
3,5,44,logistic_regression,523,624,0,0.44922945874426273,0,0.5
3,5,44,logistic_regression,525,46,0,0.16859186160532572,0,0.5
3,5,44,logistic_regression,528,547,0,0.1760541457266052,0,0.5
3,5,44,logistic_regression,533,425,0,0.4464030791263597,0,0.5
3,5,44,logistic_regression,543,40,0,0.4329253882929507,0,0.5
3,5,44,logistic_regression,552,105,0,0.27215676523265914,0,0.5
3,5,44,logistic_regression,556,772,0,0.7322744269105632,1,0.5
3,5,44,logistic_regression,560,748,0,0.5253825978839398,1,0.5
3,5,44,logistic_regression,561,208,0,0.4121645702203413,0,0.5
3,5,44,logistic_regression,562,282,0,0.4244153137512904,0,0.5
3,5,44,logistic_regression,563,712,0,0.4640582881486281,0,0.5
3,5,44,logistic_regression,579,730,0,0.5517445192393811,1,0.5
3,5,44,logistic_regression,584,562,0,0.45003551160363336,0,0.5
3,5,44,logistic_regression,585,648,0,0.4620614244100735,0,0.5
3,5,44,logistic_regression,588,813,0,0.4761147957310831,0,0.5
3,5,44,logistic_regression,594,193,0,0.44055199368913955,0,0.5
3,5,44,logistic_regression,596,83,0,0.4090875747885485,0,0.5
3,5,44,logistic_regression,604,318,0,0.44970419801256833,0,0.5
3,5,44,logistic_regression,605,183,0,0.446220756887302,0,0.5
3,5,44,logistic_regression,617,157,0,0.3585778427947856,0,0.5
3,5,44,logistic_regression,625,92,0,0.4354170282715011,0,0.5
3,5,44,logistic_regression,627,280,0,0.43125040276952903,0,0.5
3,5,44,logistic_regression,645,471,0,0.5956453108036862,1,0.5
3,5,44,logistic_regression,670,817,1,0.7152547495560899,1,0.5
3,5,44,logistic_regression,674,795,0,0.7469463682263824,1,0.5
3,5,44,logistic_regression,679,822,0,0.5194052390146007,1,0.5
3,5,44,logistic_regression,693,98,1,0.5688277573991676,1,0.5
3,5,44,logistic_regression,700,479,0,0.26697199813539785,0,0.5
3,5,44,logistic_regression,710,449,0,0.4729793572867048,0,0.5
3,5,44,logistic_regression,711,128,0,0.420948696944903,0,0.5
3,5,44,logistic_regression,713,31,0,0.4249491339656266,0,0.5
3,5,44,logistic_regression,717,731,0,0.6578339356647177,1,0.5
3,5,44,logistic_regression,722,325,0,0.5663668483979841,1,0.5
3,5,44,logistic_regression,723,124,0,0.4504827347858543,0,0.5
3,5,44,logistic_regression,734,564,0,0.6013347365200463,1,0.5
3,5,44,logistic_regression,737,177,0,0.43732091725463645,0,0.5
3,5,44,logistic_regression,741,129,0,0.17362744774199834,0,0.5
3,5,44,logistic_regression,742,156,0,0.7423473273110743,1,0.5
3,5,44,logistic_regression,754,508,1,0.4637957546448986,0,0.5
3,5,44,logistic_regression,765,398,0,0.48801826393089814,0,0.5
3,5,44,logistic_regression,769,415,0,0.1785687832961145,0,0.5
3,5,44,logistic_regression,772,113,0,0.19873350303555407,0,0.5
3,5,44,logistic_regression,776,45,0,0.4260324128141041,0,0.5
3,5,44,logistic_regression,780,110,0,0.4603044337874206,0,0.5
3,5,44,logistic_regression,785,480,0,0.1766953824566349,0,0.5
3,5,44,logistic_regression,795,690,0,0.6813396892906751,1,0.5
3,5,44,logistic_regression,803,106,0,0.4445042258954731,0,0.5
3,5,44,logistic_regression,804,543,0,0.5134964230186136,1,0.5
3,5,44,logistic_regression,810,116,0,0.5481943718056731,1,0.5
3,5,44,logistic_regression,819,2,0,0.2491520325915892,0,0.5
3,5,44,logistic_regression,828,634,0,0.4558666125374427,0,0.5
3,5,44,logistic_regression,834,569,0,0.48819564872325777,0,0.5
3,5,44,logistic_regression,836,743,0,0.2779247897268396,0,0.5
3,5,44,logistic_regression,838,694,0,0.5131362761207013,1,0.5
3,5,44,logistic_regression,850,117,0,0.42698820796827036,0,0.5
3,5,44,logistic_regression,855,377,0,0.42438653521495534,0,0.5
3,5,44,logistic_regression,856,635,0,0.4377466539793107,0,0.5
3,5,44,xgboost,3,825,0,0.42623233795166016,0,0.5
3,5,44,xgboost,4,816,0,0.6492820382118225,1,0.5
3,5,44,xgboost,6,823,1,0.452769935131073,0,0.5
3,5,44,xgboost,9,804,0,0.4641442894935608,0,0.5
3,5,44,xgboost,14,798,0,0.3092728853225708,0,0.5
3,5,44,xgboost,20,797,0,0.7864116430282593,1,0.5
3,5,44,xgboost,26,765,0,0.3810234069824219,0,0.5
3,5,44,xgboost,27,759,0,0.5072042346000671,1,0.5
3,5,44,xgboost,30,782,0,0.7128997445106506,1,0.5
3,5,44,xgboost,31,771,0,0.5949668884277344,1,0.5
3,5,44,xgboost,32,738,0,0.3850318491458893,0,0.5
3,5,44,xgboost,36,760,0,0.4703982472419739,0,0.5
3,5,44,xgboost,37,747,0,0.41639256477355957,0,0.5
3,5,44,xgboost,43,723,0,0.5185883641242981,1,0.5
3,5,44,xgboost,47,770,0,0.4128226041793823,0,0.5
3,5,44,xgboost,49,739,0,0.5202433466911316,1,0.5
3,5,44,xgboost,51,715,0,0.3920701742172241,0,0.5
3,5,44,xgboost,52,729,0,0.557981550693512,1,0.5
3,5,44,xgboost,58,683,0,0.26820987462997437,0,0.5
3,5,44,xgboost,60,673,0,0.4582805931568146,0,0.5
3,5,44,xgboost,66,673,0,0.4582805931568146,0,0.5
3,5,44,xgboost,68,696,0,0.7486546635627747,1,0.5
3,5,44,xgboost,72,664,0,0.388475626707077,0,0.5
3,5,44,xgboost,73,685,0,0.3686976432800293,0,0.5
3,5,44,xgboost,82,615,0,0.43202799558639526,0,0.5
3,5,44,xgboost,84,713,0,0.57188880443573,1,0.5
3,5,44,xgboost,101,580,0,0.7744548320770264,1,0.5
3,5,44,xgboost,103,754,1,0.6718563437461853,1,0.5
3,5,44,xgboost,109,612,0,0.10704245418310165,0,0.5
3,5,44,xgboost,112,573,0,0.46625256538391113,0,0.5
3,5,44,xgboost,119,498,0,0.45371225476264954,0,0.5
3,5,44,xgboost,122,592,0,0.38942185044288635,0,0.5
3,5,44,xgboost,123,542,0,0.6889790296554565,1,0.5
3,5,44,xgboost,137,537,0,0.5244044661521912,1,0.5
3,5,44,xgboost,143,480,0,0.13018590211868286,0,0.5
3,5,44,xgboost,145,595,0,0.21440599858760834,0,0.5
3,5,44,xgboost,146,576,0,0.5521057844161987,1,0.5
3,5,44,xgboost,149,594,0,0.07220159471035004,0,0.5
3,5,44,xgboost,159,463,0,0.35394588112831116,0,0.5
3,5,44,xgboost,168,535,0,0.5692843198776245,1,0.5
3,5,44,xgboost,170,434,0,0.6161110401153564,1,0.5
3,5,44,xgboost,172,522,0,0.4947620928287506,0,0.5
3,5,44,xgboost,183,491,0,0.5434252023696899,1,0.5
3,5,44,xgboost,194,397,0,0.42030683159828186,0,0.5
3,5,44,xgboost,197,442,0,0.469355970621109,0,0.5
3,5,44,xgboost,207,437,0,0.4064350426197052,0,0.5
3,5,44,xgboost,211,453,0,0.3180766999721527,0,0.5
3,5,44,xgboost,221,407,0,0.35502195358276367,0,0.5
3,5,44,xgboost,228,585,0,0.14250344038009644,0,0.5
3,5,44,xgboost,229,466,0,0.38414934277534485,0,0.5
3,5,44,xgboost,235,378,0,0.4241061806678772,0,0.5
3,5,44,xgboost,238,536,0,0.24613378942012787,0,0.5
3,5,44,xgboost,243,402,0,0.0969218984246254,0,0.5
3,5,44,xgboost,246,487,0,0.3972664773464203,0,0.5
3,5,44,xgboost,257,273,1,0.6215848922729492,1,0.5
3,5,44,xgboost,259,329,0,0.31071361899375916,0,0.5
3,5,44,xgboost,260,485,0,0.41759100556373596,0,0.5
3,5,44,xgboost,267,265,0,0.16331857442855835,0,0.5
3,5,44,xgboost,268,305,0,0.3807513415813446,0,0.5
3,5,44,xgboost,275,237,0,0.5823899507522583,1,0.5
3,5,44,xgboost,277,168,0,0.42183923721313477,0,0.5
3,5,44,xgboost,280,303,0,0.35663893818855286,0,0.5
3,5,44,xgboost,286,240,0,0.5823050737380981,1,0.5
3,5,44,xgboost,287,272,0,0.5407267212867737,1,0.5
3,5,44,xgboost,299,319,0,0.09352876245975494,0,0.5
3,5,44,xgboost,304,331,0,0.08746470510959625,0,0.5
3,5,44,xgboost,308,382,0,0.37898606061935425,0,0.5
3,5,44,xgboost,309,322,0,0.19368304312229156,0,0.5
3,5,44,xgboost,310,307,0,0.41435930132865906,0,0.5
3,5,44,xgboost,314,215,1,0.4969785809516907,0,0.5
3,5,44,xgboost,325,169,1,0.6144742369651794,1,0.5
3,5,44,xgboost,327,173,0,0.41622307896614075,0,0.5
3,5,44,xgboost,328,197,0,0.11489768326282501,0,0.5
3,5,44,xgboost,333,274,0,0.5432629585266113,1,0.5
3,5,44,xgboost,344,79,0,0.37761157751083374,0,0.5
3,5,44,xgboost,352,152,0,0.438911110162735,0,0.5
3,5,44,xgboost,356,79,0,0.37761157751083374,0,0.5
3,5,44,xgboost,358,212,0,0.5040115714073181,1,0.5
3,5,44,xgboost,363,72,0,0.3712133467197418,0,0.5
3,5,44,xgboost,364,147,0,0.38363921642303467,0,0.5
3,5,44,xgboost,372,242,0,0.5268234014511108,1,0.5
3,5,44,xgboost,375,249,0,0.5103780627250671,1,0.5
3,5,44,xgboost,377,172,1,0.47152018547058105,0,0.5
3,5,44,xgboost,378,86,0,0.3479565680027008,0,0.5
3,5,44,xgboost,381,145,0,0.10316035151481628,0,0.5
3,5,44,xgboost,392,120,0,0.40880340337753296,0,0.5
3,5,44,xgboost,394,184,0,0.7080947756767273,1,0.5
3,5,44,xgboost,401,210,0,0.4629668891429901,0,0.5
3,5,44,xgboost,412,87,0,0.11432094126939774,0,0.5
3,5,44,xgboost,417,158,0,0.11236254125833511,0,0.5
3,5,44,xgboost,423,51,0,0.23983730375766754,0,0.5
3,5,44,xgboost,426,114,0,0.5050983428955078,1,0.5
3,5,44,xgboost,427,161,0,0.34749677777290344,0,0.5
3,5,44,xgboost,430,153,0,0.4752795398235321,0,0.5
3,5,44,xgboost,434,192,1,0.42746520042419434,0,0.5
3,5,44,xgboost,444,80,0,0.38389718532562256,0,0.5
3,5,44,xgboost,450,34,0,0.2284967452287674,0,0.5
3,5,44,xgboost,452,46,0,0.09561383724212646,0,0.5
3,5,44,xgboost,455,77,0,0.3312084972858429,0,0.5
3,5,44,xgboost,463,1,0,0.23125715553760529,0,0.5
3,5,44,xgboost,467,41,0,0.35890811681747437,0,0.5
3,5,44,xgboost,469,16,0,0.2653324007987976,0,0.5
3,5,44,xgboost,470,764,0,0.4790416657924652,0,0.5
3,5,44,xgboost,472,682,1,0.4942719638347626,0,0.5
3,5,44,xgboost,473,787,0,0.29746466875076294,0,0.5
3,5,44,xgboost,480,575,0,0.08056477457284927,0,0.5
3,5,44,xgboost,485,286,0,0.4528807997703552,0,0.5
3,5,44,xgboost,493,86,0,0.3479565680027008,0,0.5
3,5,44,xgboost,494,165,0,0.4841695725917816,0,0.5
3,5,44,xgboost,500,763,0,0.3579578697681427,0,0.5
3,5,44,xgboost,506,711,0,0.6948692798614502,1,0.5
3,5,44,xgboost,509,384,0,0.28589537739753723,0,0.5
3,5,44,xgboost,512,671,0,0.10845569521188736,0,0.5
3,5,44,xgboost,514,476,0,0.2930753529071808,0,0.5
3,5,44,xgboost,523,624,0,0.5044655799865723,1,0.5
3,5,44,xgboost,525,46,0,0.09561383724212646,0,0.5
3,5,44,xgboost,528,547,0,0.1406107395887375,0,0.5
3,5,44,xgboost,533,425,0,0.4084842801094055,0,0.5
3,5,44,xgboost,543,40,0,0.19979900121688843,0,0.5
3,5,44,xgboost,552,105,0,0.10548778623342514,0,0.5
3,5,44,xgboost,556,772,0,0.6825657486915588,1,0.5
3,5,44,xgboost,560,748,0,0.2842859923839569,0,0.5
3,5,44,xgboost,561,208,0,0.5211661458015442,1,0.5
3,5,44,xgboost,562,282,0,0.3618415594100952,0,0.5
3,5,44,xgboost,563,712,0,0.745903730392456,1,0.5
3,5,44,xgboost,579,730,0,0.4249899387359619,0,0.5
3,5,44,xgboost,584,562,0,0.4150843322277069,0,0.5
3,5,44,xgboost,585,648,0,0.36727285385131836,0,0.5
3,5,44,xgboost,588,813,0,0.26286226511001587,0,0.5
3,5,44,xgboost,594,193,0,0.40794637799263,0,0.5
3,5,44,xgboost,596,83,0,0.38389718532562256,0,0.5
3,5,44,xgboost,604,318,0,0.4087550938129425,0,0.5
3,5,44,xgboost,605,183,0,0.4010137617588043,0,0.5
3,5,44,xgboost,617,157,0,0.4490903913974762,0,0.5
3,5,44,xgboost,625,92,0,0.3410429060459137,0,0.5
3,5,44,xgboost,627,280,0,0.41222772002220154,0,0.5
3,5,44,xgboost,645,471,0,0.6982461214065552,1,0.5
3,5,44,xgboost,670,817,1,0.7074283957481384,1,0.5
3,5,44,xgboost,674,795,0,0.6899182796478271,1,0.5
3,5,44,xgboost,679,822,0,0.249858096241951,0,0.5
3,5,44,xgboost,693,98,1,0.33252793550491333,0,0.5
3,5,44,xgboost,700,479,0,0.16503475606441498,0,0.5
3,5,44,xgboost,710,449,0,0.3682958781719208,0,0.5
3,5,44,xgboost,711,128,0,0.3866689205169678,0,0.5
3,5,44,xgboost,713,31,0,0.25940731167793274,0,0.5
3,5,44,xgboost,717,731,0,0.6164320707321167,1,0.5
3,5,44,xgboost,722,325,0,0.32108303904533386,0,0.5
3,5,44,xgboost,723,124,0,0.4691391587257385,0,0.5
3,5,44,xgboost,734,564,0,0.4453399181365967,0,0.5
3,5,44,xgboost,737,177,0,0.39785557985305786,0,0.5
3,5,44,xgboost,741,129,0,0.09786565601825714,0,0.5
3,5,44,xgboost,742,156,0,0.5338041186332703,1,0.5
3,5,44,xgboost,754,508,1,0.5609602332115173,1,0.5
3,5,44,xgboost,765,398,0,0.41051185131073,0,0.5
3,5,44,xgboost,769,415,0,0.0994938388466835,0,0.5
3,5,44,xgboost,772,113,0,0.11239053308963776,0,0.5
3,5,44,xgboost,776,45,0,0.28674769401550293,0,0.5
3,5,44,xgboost,780,110,0,0.2959834933280945,0,0.5
3,5,44,xgboost,785,480,0,0.13018590211868286,0,0.5
3,5,44,xgboost,795,690,0,0.8094993829727173,1,0.5
3,5,44,xgboost,803,106,0,0.35882604122161865,0,0.5
3,5,44,xgboost,804,543,0,0.48361045122146606,0,0.5
3,5,44,xgboost,810,116,0,0.40597617626190186,0,0.5
3,5,44,xgboost,819,2,0,0.10924065113067627,0,0.5
3,5,44,xgboost,828,634,0,0.29559430480003357,0,0.5
3,5,44,xgboost,834,569,0,0.42740195989608765,0,0.5
3,5,44,xgboost,836,743,0,0.4094134569168091,0,0.5
3,5,44,xgboost,838,694,0,0.4582805931568146,0,0.5
3,5,44,xgboost,850,117,0,0.3629779517650604,0,0.5
3,5,44,xgboost,855,377,0,0.415836900472641,0,0.5
3,5,44,xgboost,856,635,0,0.37564969062805176,0,0.5
4,1,45,dummy_prior,1,7,0,0.0641399416909621,0,0.5
4,1,45,dummy_prior,9,804,0,0.0641399416909621,0,0.5
4,1,45,dummy_prior,19,773,0,0.0641399416909621,0,0.5
4,1,45,dummy_prior,21,783,0,0.0641399416909621,0,0.5
4,1,45,dummy_prior,25,805,0,0.0641399416909621,0,0.5
4,1,45,dummy_prior,30,782,0,0.0641399416909621,0,0.5
4,1,45,dummy_prior,39,719,0,0.0641399416909621,0,0.5
4,1,45,dummy_prior,42,724,0,0.0641399416909621,0,0.5
4,1,45,dummy_prior,48,780,0,0.0641399416909621,0,0.5
4,1,45,dummy_prior,64,750,1,0.0641399416909621,0,0.5
4,1,45,dummy_prior,65,736,0,0.0641399416909621,0,0.5
4,1,45,dummy_prior,74,681,0,0.0641399416909621,0,0.5
4,1,45,dummy_prior,76,675,0,0.0641399416909621,0,0.5
4,1,45,dummy_prior,77,646,0,0.0641399416909621,0,0.5
4,1,45,dummy_prior,78,693,0,0.0641399416909621,0,0.5
4,1,45,dummy_prior,80,630,0,0.0641399416909621,0,0.5
4,1,45,dummy_prior,90,707,0,0.0641399416909621,0,0.5
4,1,45,dummy_prior,91,689,0,0.0641399416909621,0,0.5
4,1,45,dummy_prior,96,701,1,0.0641399416909621,0,0.5
4,1,45,dummy_prior,98,584,0,0.0641399416909621,0,0.5
4,1,45,dummy_prior,113,328,0,0.0641399416909621,0,0.5
4,1,45,dummy_prior,120,627,0,0.0641399416909621,0,0.5
4,1,45,dummy_prior,124,571,0,0.0641399416909621,0,0.5
4,1,45,dummy_prior,125,596,0,0.0641399416909621,0,0.5
4,1,45,dummy_prior,128,518,0,0.0641399416909621,0,0.5
4,1,45,dummy_prior,129,557,0,0.0641399416909621,0,0.5
4,1,45,dummy_prior,134,568,0,0.0641399416909621,0,0.5
4,1,45,dummy_prior,137,537,0,0.0641399416909621,0,0.5
4,1,45,dummy_prior,141,194,0,0.0641399416909621,0,0.5
4,1,45,dummy_prior,146,576,0,0.0641399416909621,0,0.5
4,1,45,dummy_prior,151,551,0,0.0641399416909621,0,0.5
4,1,45,dummy_prior,153,423,0,0.0641399416909621,0,0.5
4,1,45,dummy_prior,156,448,0,0.0641399416909621,0,0.5
4,1,45,dummy_prior,160,484,0,0.0641399416909621,0,0.5
4,1,45,dummy_prior,162,481,0,0.0641399416909621,0,0.5
4,1,45,dummy_prior,164,546,0,0.0641399416909621,0,0.5
4,1,45,dummy_prior,172,522,0,0.0641399416909621,0,0.5
4,1,45,dummy_prior,174,499,0,0.0641399416909621,0,0.5
4,1,45,dummy_prior,179,548,0,0.0641399416909621,0,0.5
4,1,45,dummy_prior,192,459,0,0.0641399416909621,0,0.5
4,1,45,dummy_prior,197,442,0,0.0641399416909621,0,0.5
4,1,45,dummy_prior,200,443,0,0.0641399416909621,0,0.5
4,1,45,dummy_prior,207,437,0,0.0641399416909621,0,0.5
4,1,45,dummy_prior,213,500,0,0.0641399416909621,0,0.5
4,1,45,dummy_prior,216,531,1,0.0641399416909621,0,0.5
4,1,45,dummy_prior,230,304,0,0.0641399416909621,0,0.5
4,1,45,dummy_prior,232,316,0,0.0641399416909621,0,0.5
4,1,45,dummy_prior,238,536,0,0.0641399416909621,0,0.5
4,1,45,dummy_prior,242,555,0,0.0641399416909621,0,0.5
4,1,45,dummy_prior,244,391,0,0.0641399416909621,0,0.5
4,1,45,dummy_prior,249,270,0,0.0641399416909621,0,0.5
4,1,45,dummy_prior,252,344,0,0.0641399416909621,0,0.5
4,1,45,dummy_prior,260,485,0,0.0641399416909621,0,0.5
4,1,45,dummy_prior,261,227,0,0.0641399416909621,0,0.5
4,1,45,dummy_prior,267,265,0,0.0641399416909621,0,0.5
4,1,45,dummy_prior,269,410,0,0.0641399416909621,0,0.5
4,1,45,dummy_prior,278,267,0,0.0641399416909621,0,0.5
4,1,45,dummy_prior,280,303,0,0.0641399416909621,0,0.5
4,1,45,dummy_prior,281,238,0,0.0641399416909621,0,0.5
4,1,45,dummy_prior,290,204,0,0.0641399416909621,0,0.5
4,1,45,dummy_prior,292,264,0,0.0641399416909621,0,0.5
4,1,45,dummy_prior,302,323,0,0.0641399416909621,0,0.5
4,1,45,dummy_prior,307,287,0,0.0641399416909621,0,0.5
4,1,45,dummy_prior,317,170,0,0.0641399416909621,0,0.5
4,1,45,dummy_prior,320,271,1,0.0641399416909621,0,0.5
4,1,45,dummy_prior,321,269,0,0.0641399416909621,0,0.5
4,1,45,dummy_prior,336,251,0,0.0641399416909621,0,0.5
4,1,45,dummy_prior,337,818,0,0.0641399416909621,0,0.5
4,1,45,dummy_prior,346,149,0,0.0641399416909621,0,0.5
4,1,45,dummy_prior,360,339,0,0.0641399416909621,0,0.5
4,1,45,dummy_prior,362,160,0,0.0641399416909621,0,0.5
4,1,45,dummy_prior,379,224,0,0.0641399416909621,0,0.5
4,1,45,dummy_prior,380,103,0,0.0641399416909621,0,0.5
4,1,45,dummy_prior,387,266,0,0.0641399416909621,0,0.5
4,1,45,dummy_prior,388,185,0,0.0641399416909621,0,0.5
4,1,45,dummy_prior,393,142,0,0.0641399416909621,0,0.5
4,1,45,dummy_prior,414,186,0,0.0641399416909621,0,0.5
4,1,45,dummy_prior,416,70,0,0.0641399416909621,0,0.5
4,1,45,dummy_prior,419,149,0,0.0641399416909621,0,0.5
4,1,45,dummy_prior,431,70,0,0.0641399416909621,0,0.5
4,1,45,dummy_prior,434,192,1,0.0641399416909621,0,0.5
4,1,45,dummy_prior,440,7,0,0.0641399416909621,0,0.5
4,1,45,dummy_prior,443,10,0,0.0641399416909621,0,0.5
4,1,45,dummy_prior,453,10,0,0.0641399416909621,0,0.5
4,1,45,dummy_prior,454,7,0,0.0641399416909621,0,0.5
4,1,45,dummy_prior,455,77,0,0.0641399416909621,0,0.5
4,1,45,dummy_prior,464,25,0,0.0641399416909621,0,0.5
4,1,45,dummy_prior,466,7,0,0.0641399416909621,0,0.5
4,1,45,dummy_prior,467,41,0,0.0641399416909621,0,0.5
4,1,45,dummy_prior,469,16,0,0.0641399416909621,0,0.5
4,1,45,dummy_prior,474,640,0,0.0641399416909621,0,0.5
4,1,45,dummy_prior,479,482,0,0.0641399416909621,0,0.5
4,1,45,dummy_prior,481,608,0,0.0641399416909621,0,0.5
4,1,45,dummy_prior,482,757,0,0.0641399416909621,0,0.5
4,1,45,dummy_prior,483,190,0,0.0641399416909621,0,0.5
4,1,45,dummy_prior,497,356,0,0.0641399416909621,0,0.5
4,1,45,dummy_prior,499,614,0,0.0641399416909621,0,0.5
4,1,45,dummy_prior,503,735,0,0.0641399416909621,0,0.5
4,1,45,dummy_prior,505,306,0,0.0641399416909621,0,0.5
4,1,45,dummy_prior,506,711,0,0.0641399416909621,0,0.5
4,1,45,dummy_prior,512,671,0,0.0641399416909621,0,0.5
4,1,45,dummy_prior,520,53,0,0.0641399416909621,0,0.5
4,1,45,dummy_prior,523,624,0,0.0641399416909621,0,0.5
4,1,45,dummy_prior,524,628,0,0.0641399416909621,0,0.5
4,1,45,dummy_prior,528,547,0,0.0641399416909621,0,0.5
4,1,45,dummy_prior,535,275,0,0.0641399416909621,0,0.5
4,1,45,dummy_prior,544,50,0,0.0641399416909621,0,0.5
4,1,45,dummy_prior,545,532,0,0.0641399416909621,0,0.5
4,1,45,dummy_prior,548,58,0,0.0641399416909621,0,0.5
4,1,45,dummy_prior,551,639,0,0.0641399416909621,0,0.5
4,1,45,dummy_prior,559,162,0,0.0641399416909621,0,0.5
4,1,45,dummy_prior,569,802,0,0.0641399416909621,0,0.5
4,1,45,dummy_prior,574,309,0,0.0641399416909621,0,0.5
4,1,45,dummy_prior,581,59,0,0.0641399416909621,0,0.5
4,1,45,dummy_prior,597,133,0,0.0641399416909621,0,0.5
4,1,45,dummy_prior,606,539,0,0.0641399416909621,0,0.5
4,1,45,dummy_prior,614,341,1,0.0641399416909621,0,0.5
4,1,45,dummy_prior,620,363,0,0.0641399416909621,0,0.5
4,1,45,dummy_prior,625,92,0,0.0641399416909621,0,0.5
4,1,45,dummy_prior,632,226,0,0.0641399416909621,0,0.5
4,1,45,dummy_prior,640,625,0,0.0641399416909621,0,0.5
4,1,45,dummy_prior,641,761,0,0.0641399416909621,0,0.5
4,1,45,dummy_prior,648,95,0,0.0641399416909621,0,0.5
4,1,45,dummy_prior,649,613,0,0.0641399416909621,0,0.5
4,1,45,dummy_prior,650,421,0,0.0641399416909621,0,0.5
4,1,45,dummy_prior,664,756,1,0.0641399416909621,0,0.5
4,1,45,dummy_prior,671,824,1,0.0641399416909621,0,0.5
4,1,45,dummy_prior,678,609,0,0.0641399416909621,0,0.5
4,1,45,dummy_prior,683,762,0,0.0641399416909621,0,0.5
4,1,45,dummy_prior,685,820,0,0.0641399416909621,0,0.5
4,1,45,dummy_prior,686,704,1,0.0641399416909621,0,0.5
4,1,45,dummy_prior,689,340,0,0.0641399416909621,0,0.5
4,1,45,dummy_prior,691,420,0,0.0641399416909621,0,0.5
4,1,45,dummy_prior,694,486,0,0.0641399416909621,0,0.5
4,1,45,dummy_prior,697,91,0,0.0641399416909621,0,0.5
4,1,45,dummy_prior,700,479,0,0.0641399416909621,0,0.5
4,1,45,dummy_prior,701,524,0,0.0641399416909621,0,0.5
4,1,45,dummy_prior,704,781,0,0.0641399416909621,0,0.5
4,1,45,dummy_prior,708,254,0,0.0641399416909621,0,0.5
4,1,45,dummy_prior,709,374,0,0.0641399416909621,0,0.5
4,1,45,dummy_prior,711,128,0,0.0641399416909621,0,0.5
4,1,45,dummy_prior,713,31,0,0.0641399416909621,0,0.5
4,1,45,dummy_prior,726,530,0,0.0641399416909621,0,0.5
4,1,45,dummy_prior,732,417,0,0.0641399416909621,0,0.5
4,1,45,dummy_prior,735,6,0,0.0641399416909621,0,0.5
4,1,45,dummy_prior,738,477,0,0.0641399416909621,0,0.5
4,1,45,dummy_prior,740,768,0,0.0641399416909621,0,0.5
4,1,45,dummy_prior,742,156,0,0.0641399416909621,0,0.5
4,1,45,dummy_prior,745,30,0,0.0641399416909621,0,0.5
4,1,45,dummy_prior,754,508,1,0.0641399416909621,0,0.5
4,1,45,dummy_prior,757,360,0,0.0641399416909621,0,0.5
4,1,45,dummy_prior,758,578,0,0.0641399416909621,0,0.5
4,1,45,dummy_prior,768,422,0,0.0641399416909621,0,0.5
4,1,45,dummy_prior,771,661,0,0.0641399416909621,0,0.5
4,1,45,dummy_prior,778,136,0,0.0641399416909621,0,0.5
4,1,45,dummy_prior,779,656,0,0.0641399416909621,0,0.5
4,1,45,dummy_prior,788,752,0,0.0641399416909621,0,0.5
4,1,45,dummy_prior,794,175,0,0.0641399416909621,0,0.5
4,1,45,dummy_prior,802,14,0,0.0641399416909621,0,0.5
4,1,45,dummy_prior,806,62,0,0.0641399416909621,0,0.5
4,1,45,dummy_prior,808,544,0,0.0641399416909621,0,0.5
4,1,45,dummy_prior,809,519,0,0.0641399416909621,0,0.5
4,1,45,dummy_prior,814,22,1,0.0641399416909621,0,0.5
4,1,45,dummy_prior,816,233,0,0.0641399416909621,0,0.5
4,1,45,dummy_prior,821,602,0,0.0641399416909621,0,0.5
4,1,45,dummy_prior,823,644,0,0.0641399416909621,0,0.5
4,1,45,dummy_prior,826,650,0,0.0641399416909621,0,0.5
4,1,45,dummy_prior,836,743,0,0.0641399416909621,0,0.5
4,1,45,dummy_prior,841,297,0,0.0641399416909621,0,0.5
4,1,45,dummy_prior,844,444,0,0.0641399416909621,0,0.5
4,1,45,dummy_prior,855,377,0,0.0641399416909621,0,0.5
4,1,45,dummy_prior,857,526,0,0.0641399416909621,0,0.5
4,1,45,logistic_regression,1,7,0,0.46386308562462175,0,0.5
4,1,45,logistic_regression,9,804,0,0.5601036822521306,1,0.5
4,1,45,logistic_regression,19,773,0,0.7087642317345739,1,0.5
4,1,45,logistic_regression,21,783,0,0.3819910596339775,0,0.5
4,1,45,logistic_regression,25,805,0,0.43257051254069445,0,0.5
4,1,45,logistic_regression,30,782,0,0.7638930179276074,1,0.5
4,1,45,logistic_regression,39,719,0,0.4659461026558445,0,0.5
4,1,45,logistic_regression,42,724,0,0.5459701823490244,1,0.5
4,1,45,logistic_regression,48,780,0,0.4854481105794316,0,0.5
4,1,45,logistic_regression,64,750,1,0.6440035748016193,1,0.5
4,1,45,logistic_regression,65,736,0,0.5246176898542116,1,0.5
4,1,45,logistic_regression,74,681,0,0.20844363384937822,0,0.5
4,1,45,logistic_regression,76,675,0,0.5343682740957433,1,0.5
4,1,45,logistic_regression,77,646,0,0.4329530644682968,0,0.5
4,1,45,logistic_regression,78,693,0,0.4359953570834258,0,0.5
4,1,45,logistic_regression,80,630,0,0.45171446979346885,0,0.5
4,1,45,logistic_regression,90,707,0,0.18424148183394434,0,0.5
4,1,45,logistic_regression,91,689,0,0.5428959416655919,1,0.5
4,1,45,logistic_regression,96,701,1,0.7258611610635256,1,0.5
4,1,45,logistic_regression,98,584,0,0.1758564834670444,0,0.5
4,1,45,logistic_regression,113,328,0,0.4216337724025308,0,0.5
4,1,45,logistic_regression,120,627,0,0.4918006208599305,0,0.5
4,1,45,logistic_regression,124,571,0,0.5877982340091945,1,0.5
4,1,45,logistic_regression,125,596,0,0.532642872851539,1,0.5
4,1,45,logistic_regression,128,518,0,0.4521456338424017,0,0.5
4,1,45,logistic_regression,129,557,0,0.5393927855653167,1,0.5
4,1,45,logistic_regression,134,568,0,0.8559568013518454,1,0.5
4,1,45,logistic_regression,137,537,0,0.4336679149187909,0,0.5
4,1,45,logistic_regression,141,194,0,0.14210658424282968,0,0.5
4,1,45,logistic_regression,146,576,0,0.4800273201518159,0,0.5
4,1,45,logistic_regression,151,551,0,0.4694356243060246,0,0.5
4,1,45,logistic_regression,153,423,0,0.557840666931967,1,0.5
4,1,45,logistic_regression,156,448,0,0.5309457975498575,1,0.5
4,1,45,logistic_regression,160,484,0,0.5975475431001755,1,0.5
4,1,45,logistic_regression,162,481,0,0.4891847728462847,0,0.5
4,1,45,logistic_regression,164,546,0,0.1155413380533534,0,0.5
4,1,45,logistic_regression,172,522,0,0.5424480144918015,1,0.5
4,1,45,logistic_regression,174,499,0,0.48087265890538616,0,0.5
4,1,45,logistic_regression,179,548,0,0.5543109377201557,1,0.5
4,1,45,logistic_regression,192,459,0,0.48031034167604875,0,0.5
4,1,45,logistic_regression,197,442,0,0.5228782234891262,1,0.5
4,1,45,logistic_regression,200,443,0,0.40269484173136444,0,0.5
4,1,45,logistic_regression,207,437,0,0.43489341563967204,0,0.5
4,1,45,logistic_regression,213,500,0,0.8742575665296638,1,0.5
4,1,45,logistic_regression,216,531,1,0.5622001153854767,1,0.5
4,1,45,logistic_regression,230,304,0,0.43672014678502535,0,0.5
4,1,45,logistic_regression,232,316,0,0.4253860086949577,0,0.5
4,1,45,logistic_regression,238,536,0,0.5165077161477248,1,0.5
4,1,45,logistic_regression,242,555,0,0.4322773598400025,0,0.5
4,1,45,logistic_regression,244,391,0,0.45820620616743857,0,0.5
4,1,45,logistic_regression,249,270,0,0.4191308979094387,0,0.5
4,1,45,logistic_regression,252,344,0,0.5611754129520887,1,0.5
4,1,45,logistic_regression,260,485,0,0.5174862960402622,1,0.5
4,1,45,logistic_regression,261,227,0,0.450057770103486,0,0.5
4,1,45,logistic_regression,267,265,0,0.15925786202631426,0,0.5
4,1,45,logistic_regression,269,410,0,0.47018907329419407,0,0.5
4,1,45,logistic_regression,278,267,0,0.459444794352265,0,0.5
4,1,45,logistic_regression,280,303,0,0.46046973183595075,0,0.5
4,1,45,logistic_regression,281,238,0,0.13763049007180977,0,0.5
4,1,45,logistic_regression,290,204,0,0.5895747161635423,1,0.5
4,1,45,logistic_regression,292,264,0,0.447422515297456,0,0.5
4,1,45,logistic_regression,302,323,0,0.5282724572603787,1,0.5
4,1,45,logistic_regression,307,287,0,0.15345758194393552,0,0.5
4,1,45,logistic_regression,317,170,0,0.43795069896912914,0,0.5
4,1,45,logistic_regression,320,271,1,0.4267648502483384,0,0.5
4,1,45,logistic_regression,321,269,0,0.14733741335852174,0,0.5
4,1,45,logistic_regression,336,251,0,0.5306714946918236,1,0.5
4,1,45,logistic_regression,337,818,0,0.6955608868362472,1,0.5
4,1,45,logistic_regression,346,149,0,0.1378100940507114,0,0.5
4,1,45,logistic_regression,360,339,0,0.4809050075120897,0,0.5
4,1,45,logistic_regression,362,160,0,0.4537370561523959,0,0.5
4,1,45,logistic_regression,379,224,0,0.45066205720758234,0,0.5
4,1,45,logistic_regression,380,103,0,0.4486080692758239,0,0.5
4,1,45,logistic_regression,387,266,0,0.4486625739742747,0,0.5
4,1,45,logistic_regression,388,185,0,0.3228487614298467,0,0.5
4,1,45,logistic_regression,393,142,0,0.4396208002911757,0,0.5
4,1,45,logistic_regression,414,186,0,0.45923577050354797,0,0.5
4,1,45,logistic_regression,416,70,0,0.4741304169979811,0,0.5
4,1,45,logistic_regression,419,149,0,0.1378100940507114,0,0.5
4,1,45,logistic_regression,431,70,0,0.4741304169979811,0,0.5
4,1,45,logistic_regression,434,192,1,0.42773540868786064,0,0.5
4,1,45,logistic_regression,440,7,0,0.46386308562462175,0,0.5
4,1,45,logistic_regression,443,10,0,0.15520294504290538,0,0.5
4,1,45,logistic_regression,453,10,0,0.15520294504290538,0,0.5
4,1,45,logistic_regression,454,7,0,0.46386308562462175,0,0.5
4,1,45,logistic_regression,455,77,0,0.29225826474818845,0,0.5
4,1,45,logistic_regression,464,25,0,0.45103001859802366,0,0.5
4,1,45,logistic_regression,466,7,0,0.46386308562462175,0,0.5
4,1,45,logistic_regression,467,41,0,0.20622547007180472,0,0.5
4,1,45,logistic_regression,469,16,0,0.45178557056017077,0,0.5
4,1,45,logistic_regression,474,640,0,0.489831202887743,0,0.5
4,1,45,logistic_regression,479,482,0,0.44775492750602497,0,0.5
4,1,45,logistic_regression,481,608,0,0.3805305072249273,0,0.5
4,1,45,logistic_regression,482,757,0,0.6413257274578569,1,0.5
4,1,45,logistic_regression,483,190,0,0.48274021042815735,0,0.5
4,1,45,logistic_regression,497,356,0,0.5295708348720986,1,0.5
4,1,45,logistic_regression,499,614,0,0.4701349477764592,0,0.5
4,1,45,logistic_regression,503,735,0,0.5996961076912634,1,0.5
4,1,45,logistic_regression,505,306,0,0.15915663611509795,0,0.5
4,1,45,logistic_regression,506,711,0,0.5084917209015419,1,0.5
4,1,45,logistic_regression,512,671,0,0.15858550499955254,0,0.5
4,1,45,logistic_regression,520,53,0,0.4503825425857269,0,0.5
4,1,45,logistic_regression,523,624,0,0.4132058873512441,0,0.5
4,1,45,logistic_regression,524,628,0,0.5306581990772563,1,0.5
4,1,45,logistic_regression,528,547,0,0.16538284503926412,0,0.5
4,1,45,logistic_regression,535,275,0,0.43725909398249146,0,0.5
4,1,45,logistic_regression,544,50,0,0.27220709108379715,0,0.5
4,1,45,logistic_regression,545,532,0,0.6490421898034736,1,0.5
4,1,45,logistic_regression,548,58,0,0.4397769042127399,0,0.5
4,1,45,logistic_regression,551,639,0,0.1520907674020955,0,0.5
4,1,45,logistic_regression,559,162,0,0.4725362576610591,0,0.5
4,1,45,logistic_regression,569,802,0,0.44033541414003313,0,0.5
4,1,45,logistic_regression,574,309,0,0.45879078202904866,0,0.5
4,1,45,logistic_regression,581,59,0,0.46173726198046944,0,0.5
4,1,45,logistic_regression,597,133,0,0.8961469124716133,1,0.5
4,1,45,logistic_regression,606,539,0,0.4393174650684699,0,0.5
4,1,45,logistic_regression,614,341,1,0.7047158801418392,1,0.5
4,1,45,logistic_regression,620,363,0,0.474413278606651,0,0.5
4,1,45,logistic_regression,625,92,0,0.4506193292707964,0,0.5
4,1,45,logistic_regression,632,226,0,0.4729863393627876,0,0.5
4,1,45,logistic_regression,640,625,0,0.5170781608666332,1,0.5
4,1,45,logistic_regression,641,761,0,0.4677709233301749,0,0.5
4,1,45,logistic_regression,648,95,0,0.9460301754231268,1,0.5
4,1,45,logistic_regression,649,613,0,0.6109715612196228,1,0.5
4,1,45,logistic_regression,650,421,0,0.699617036946529,1,0.5
4,1,45,logistic_regression,664,756,1,0.6961331999197374,1,0.5
4,1,45,logistic_regression,671,824,1,0.5258497233151023,1,0.5
4,1,45,logistic_regression,678,609,0,0.4363186012652843,0,0.5
4,1,45,logistic_regression,683,762,0,0.5730082006506498,1,0.5
4,1,45,logistic_regression,685,820,0,0.32414565571643117,0,0.5
4,1,45,logistic_regression,686,704,1,0.4222600849122966,0,0.5
4,1,45,logistic_regression,689,340,0,0.6300725770668886,1,0.5
4,1,45,logistic_regression,691,420,0,0.872091056462738,1,0.5
4,1,45,logistic_regression,694,486,0,0.6336775347588373,1,0.5
4,1,45,logistic_regression,697,91,0,0.6237498478273548,1,0.5
4,1,45,logistic_regression,700,479,0,0.2773268603931616,0,0.5
4,1,45,logistic_regression,701,524,0,0.26801169450818413,0,0.5
4,1,45,logistic_regression,704,781,0,0.6441497081155483,1,0.5
4,1,45,logistic_regression,708,254,0,0.642018009003735,1,0.5
4,1,45,logistic_regression,709,374,0,0.5329944447052064,1,0.5
4,1,45,logistic_regression,711,128,0,0.4440489580902647,0,0.5
4,1,45,logistic_regression,713,31,0,0.4624610816334667,0,0.5
4,1,45,logistic_regression,726,530,0,0.5537163489774376,1,0.5
4,1,45,logistic_regression,732,417,0,0.3600295284975569,0,0.5
4,1,45,logistic_regression,735,6,0,0.16704439777014,0,0.5
4,1,45,logistic_regression,738,477,0,0.4136764108081118,0,0.5
4,1,45,logistic_regression,740,768,0,0.5206470166935632,1,0.5
4,1,45,logistic_regression,742,156,0,0.6532496622961901,1,0.5
4,1,45,logistic_regression,745,30,0,0.6464150842061537,1,0.5
4,1,45,logistic_regression,754,508,1,0.4569681343033701,0,0.5
4,1,45,logistic_regression,757,360,0,0.40983593681114744,0,0.5
4,1,45,logistic_regression,758,578,0,0.42384674317244364,0,0.5
4,1,45,logistic_regression,768,422,0,0.44791445709488925,0,0.5
4,1,45,logistic_regression,771,661,0,0.1583717095956836,0,0.5
4,1,45,logistic_regression,778,136,0,0.14854656001151423,0,0.5
4,1,45,logistic_regression,779,656,0,0.5755462403692321,1,0.5
4,1,45,logistic_regression,788,752,0,0.7087789486057812,1,0.5
4,1,45,logistic_regression,794,175,0,0.14845094017749072,0,0.5
4,1,45,logistic_regression,802,14,0,0.4300586569624224,0,0.5
4,1,45,logistic_regression,806,62,0,0.4607180724241702,0,0.5
4,1,45,logistic_regression,808,544,0,0.5576914005537983,1,0.5
4,1,45,logistic_regression,809,519,0,0.6993644085109773,1,0.5
4,1,45,logistic_regression,814,22,1,0.5300909083412063,1,0.5
4,1,45,logistic_regression,816,233,0,0.5143159643749633,1,0.5
4,1,45,logistic_regression,821,602,0,0.4458028930299491,0,0.5
4,1,45,logistic_regression,823,644,0,0.4239568688065411,0,0.5
4,1,45,logistic_regression,826,650,0,0.4902343137570818,0,0.5
4,1,45,logistic_regression,836,743,0,0.252238267985359,0,0.5
4,1,45,logistic_regression,841,297,0,0.4395456001760017,0,0.5
4,1,45,logistic_regression,844,444,0,0.5706735338438449,1,0.5
4,1,45,logistic_regression,855,377,0,0.41487391269981116,0,0.5
4,1,45,logistic_regression,857,526,0,0.4278930504341185,0,0.5
4,1,45,xgboost,1,7,0,0.08839109539985657,0,0.5
4,1,45,xgboost,9,804,0,0.6092836856842041,1,0.5
4,1,45,xgboost,19,773,0,0.2220110148191452,0,0.5
4,1,45,xgboost,21,783,0,0.509515106678009,1,0.5
4,1,45,xgboost,25,805,0,0.32645782828330994,0,0.5
4,1,45,xgboost,30,782,0,0.7370496392250061,1,0.5
4,1,45,xgboost,39,719,0,0.27755168080329895,0,0.5
4,1,45,xgboost,42,724,0,0.8180605173110962,1,0.5
4,1,45,xgboost,48,780,0,0.4732811450958252,0,0.5
4,1,45,xgboost,64,750,1,0.5343213677406311,1,0.5
4,1,45,xgboost,65,736,0,0.41385871171951294,0,0.5
4,1,45,xgboost,74,681,0,0.06877321004867554,0,0.5
4,1,45,xgboost,76,675,0,0.15113337337970734,0,0.5
4,1,45,xgboost,77,646,0,0.08082536607980728,0,0.5
4,1,45,xgboost,78,693,0,0.13847234845161438,0,0.5
4,1,45,xgboost,80,630,0,0.22007831931114197,0,0.5
4,1,45,xgboost,90,707,0,0.017582343891263008,0,0.5
4,1,45,xgboost,91,689,0,0.1184295043349266,0,0.5
4,1,45,xgboost,96,701,1,0.28076601028442383,0,0.5
4,1,45,xgboost,98,584,0,0.031731799244880676,0,0.5
4,1,45,xgboost,113,328,0,0.06067454442381859,0,0.5
4,1,45,xgboost,120,627,0,0.537097156047821,1,0.5
4,1,45,xgboost,124,571,0,0.7715592980384827,1,0.5
4,1,45,xgboost,125,596,0,0.5119479298591614,1,0.5
4,1,45,xgboost,128,518,0,0.44031161069869995,0,0.5
4,1,45,xgboost,129,557,0,0.10952178388834,0,0.5
4,1,45,xgboost,134,568,0,0.2994651794433594,0,0.5
4,1,45,xgboost,137,537,0,0.4307669699192047,0,0.5
4,1,45,xgboost,141,194,0,0.085463747382164,0,0.5
4,1,45,xgboost,146,576,0,0.44959306716918945,0,0.5
4,1,45,xgboost,151,551,0,0.5648453235626221,1,0.5
4,1,45,xgboost,153,423,0,0.367247074842453,0,0.5
4,1,45,xgboost,156,448,0,0.21237756311893463,0,0.5
4,1,45,xgboost,160,484,0,0.35927459597587585,0,0.5
4,1,45,xgboost,162,481,0,0.17613953351974487,0,0.5
4,1,45,xgboost,164,546,0,0.07080528140068054,0,0.5
4,1,45,xgboost,172,522,0,0.7097404599189758,1,0.5
4,1,45,xgboost,174,499,0,0.2836768627166748,0,0.5
4,1,45,xgboost,179,548,0,0.5863345861434937,1,0.5
4,1,45,xgboost,192,459,0,0.513633131980896,1,0.5
4,1,45,xgboost,197,442,0,0.3377012312412262,0,0.5
4,1,45,xgboost,200,443,0,0.4342471659183502,0,0.5
4,1,45,xgboost,207,437,0,0.36299851536750793,0,0.5
4,1,45,xgboost,213,500,0,0.19928935170173645,0,0.5
4,1,45,xgboost,216,531,1,0.4939304292201996,0,0.5
4,1,45,xgboost,230,304,0,0.25100502371788025,0,0.5
4,1,45,xgboost,232,316,0,0.2505314350128174,0,0.5
4,1,45,xgboost,238,536,0,0.1431046724319458,0,0.5
4,1,45,xgboost,242,555,0,0.13903115689754486,0,0.5
4,1,45,xgboost,244,391,0,0.5281017422676086,1,0.5
4,1,45,xgboost,249,270,0,0.4315928518772125,0,0.5
4,1,45,xgboost,252,344,0,0.14039187133312225,0,0.5
4,1,45,xgboost,260,485,0,0.3767889738082886,0,0.5
4,1,45,xgboost,261,227,0,0.6014519333839417,1,0.5
4,1,45,xgboost,267,265,0,0.21724402904510498,0,0.5
4,1,45,xgboost,269,410,0,0.5033318996429443,1,0.5
4,1,45,xgboost,278,267,0,0.7185958027839661,1,0.5
4,1,45,xgboost,280,303,0,0.31931185722351074,0,0.5
4,1,45,xgboost,281,238,0,0.06798184663057327,0,0.5
4,1,45,xgboost,290,204,0,0.3225405812263489,0,0.5
4,1,45,xgboost,292,264,0,0.7889513969421387,1,0.5
4,1,45,xgboost,302,323,0,0.19681091606616974,0,0.5
4,1,45,xgboost,307,287,0,0.04221799224615097,0,0.5
4,1,45,xgboost,317,170,0,0.42692431807518005,0,0.5
4,1,45,xgboost,320,271,1,0.4862569272518158,0,0.5
4,1,45,xgboost,321,269,0,0.1254938691854477,0,0.5
4,1,45,xgboost,336,251,0,0.5260435938835144,1,0.5
4,1,45,xgboost,337,818,0,0.23521310091018677,0,0.5
4,1,45,xgboost,346,149,0,0.03761027753353119,0,0.5
4,1,45,xgboost,360,339,0,0.21511325240135193,0,0.5
4,1,45,xgboost,362,160,0,0.5485810041427612,1,0.5
4,1,45,xgboost,379,224,0,0.6108323931694031,1,0.5
4,1,45,xgboost,380,103,0,0.32283347845077515,0,0.5
4,1,45,xgboost,387,266,0,0.6648021936416626,1,0.5
4,1,45,xgboost,388,185,0,0.5386636257171631,1,0.5
4,1,45,xgboost,393,142,0,0.44205281138420105,0,0.5
4,1,45,xgboost,414,186,0,0.47463327646255493,0,0.5
4,1,45,xgboost,416,70,0,0.23269975185394287,0,0.5
4,1,45,xgboost,419,149,0,0.03761027753353119,0,0.5
4,1,45,xgboost,431,70,0,0.23269975185394287,0,0.5
4,1,45,xgboost,434,192,1,0.6228111386299133,1,0.5
4,1,45,xgboost,440,7,0,0.08839109539985657,0,0.5
4,1,45,xgboost,443,10,0,0.019106272608041763,0,0.5
4,1,45,xgboost,453,10,0,0.019106272608041763,0,0.5
4,1,45,xgboost,454,7,0,0.08839109539985657,0,0.5
4,1,45,xgboost,455,77,0,0.41034385561943054,0,0.5
4,1,45,xgboost,464,25,0,0.09530714899301529,0,0.5
4,1,45,xgboost,466,7,0,0.08839109539985657,0,0.5
4,1,45,xgboost,467,41,0,0.05367831885814667,0,0.5
4,1,45,xgboost,469,16,0,0.15066827833652496,0,0.5
4,1,45,xgboost,474,640,0,0.3593406677246094,0,0.5
4,1,45,xgboost,479,482,0,0.21693766117095947,0,0.5
4,1,45,xgboost,481,608,0,0.49450016021728516,0,0.5
4,1,45,xgboost,482,757,0,0.45935505628585815,0,0.5
4,1,45,xgboost,483,190,0,0.5141907930374146,1,0.5
4,1,45,xgboost,497,356,0,0.3912333548069,0,0.5
4,1,45,xgboost,499,614,0,0.3932362496852875,0,0.5
4,1,45,xgboost,503,735,0,0.14618957042694092,0,0.5
4,1,45,xgboost,505,306,0,0.07833558320999146,0,0.5
4,1,45,xgboost,506,711,0,0.3212969899177551,0,0.5
4,1,45,xgboost,512,671,0,0.043639298528432846,0,0.5
4,1,45,xgboost,520,53,0,0.08701790124177933,0,0.5
4,1,45,xgboost,523,624,0,0.4937799274921417,0,0.5
4,1,45,xgboost,524,628,0,0.5780352354049683,1,0.5
4,1,45,xgboost,528,547,0,0.07807380706071854,0,0.5
4,1,45,xgboost,535,275,0,0.6642402410507202,1,0.5
4,1,45,xgboost,544,50,0,0.019718796014785767,0,0.5
4,1,45,xgboost,545,532,0,0.570539116859436,1,0.5
4,1,45,xgboost,548,58,0,0.18947307765483856,0,0.5
4,1,45,xgboost,551,639,0,0.11482521146535873,0,0.5
4,1,45,xgboost,559,162,0,0.5393303632736206,1,0.5
4,1,45,xgboost,569,802,0,0.08369109779596329,0,0.5
4,1,45,xgboost,574,309,0,0.31325387954711914,0,0.5
4,1,45,xgboost,581,59,0,0.14069660007953644,0,0.5
4,1,45,xgboost,597,133,0,0.7418418526649475,1,0.5
4,1,45,xgboost,606,539,0,0.3103853166103363,0,0.5
4,1,45,xgboost,614,341,1,0.19043022394180298,0,0.5
4,1,45,xgboost,620,363,0,0.31004732847213745,0,0.5
4,1,45,xgboost,625,92,0,0.32931140065193176,0,0.5
4,1,45,xgboost,632,226,0,0.5216744542121887,1,0.5
4,1,45,xgboost,640,625,0,0.3277503252029419,0,0.5
4,1,45,xgboost,641,761,0,0.3912573754787445,0,0.5
4,1,45,xgboost,648,95,0,0.7532960176467896,1,0.5
4,1,45,xgboost,649,613,0,0.6997290253639221,1,0.5
4,1,45,xgboost,650,421,0,0.5070583820343018,1,0.5
4,1,45,xgboost,664,756,1,0.755536675453186,1,0.5
4,1,45,xgboost,671,824,1,0.4111221134662628,0,0.5
4,1,45,xgboost,678,609,0,0.4655720889568329,0,0.5
4,1,45,xgboost,683,762,0,0.4903367757797241,0,0.5
4,1,45,xgboost,685,820,0,0.33617061376571655,0,0.5
4,1,45,xgboost,686,704,1,0.397868275642395,0,0.5
4,1,45,xgboost,689,340,0,0.14517566561698914,0,0.5
4,1,45,xgboost,691,420,0,0.6053802967071533,1,0.5
4,1,45,xgboost,694,486,0,0.6286649107933044,1,0.5
4,1,45,xgboost,697,91,0,0.43894317746162415,0,0.5
4,1,45,xgboost,700,479,0,0.17980512976646423,0,0.5
4,1,45,xgboost,701,524,0,0.1587585061788559,0,0.5
4,1,45,xgboost,704,781,0,0.6326524615287781,1,0.5
4,1,45,xgboost,708,254,0,0.4507297873497009,0,0.5
4,1,45,xgboost,709,374,0,0.4187861382961273,0,0.5
4,1,45,xgboost,711,128,0,0.3606697916984558,0,0.5
4,1,45,xgboost,713,31,0,0.1486353576183319,0,0.5
4,1,45,xgboost,726,530,0,0.773979902267456,1,0.5
4,1,45,xgboost,732,417,0,0.46387314796447754,0,0.5
4,1,45,xgboost,735,6,0,0.008818049915134907,0,0.5
4,1,45,xgboost,738,477,0,0.44732367992401123,0,0.5
4,1,45,xgboost,740,768,0,0.17138110101222992,0,0.5
4,1,45,xgboost,742,156,0,0.506384015083313,1,0.5
4,1,45,xgboost,745,30,0,0.2870381474494934,0,0.5
4,1,45,xgboost,754,508,1,0.6015030145645142,1,0.5
4,1,45,xgboost,757,360,0,0.38219985365867615,0,0.5
4,1,45,xgboost,758,578,0,0.3675629794597626,0,0.5
4,1,45,xgboost,768,422,0,0.38830092549324036,0,0.5
4,1,45,xgboost,771,661,0,0.06879763305187225,0,0.5
4,1,45,xgboost,778,136,0,0.06729444861412048,0,0.5
4,1,45,xgboost,779,656,0,0.5153058767318726,1,0.5
4,1,45,xgboost,788,752,0,0.4768275022506714,0,0.5
4,1,45,xgboost,794,175,0,0.07518709450960159,0,0.5
4,1,45,xgboost,802,14,0,0.09109228104352951,0,0.5
4,1,45,xgboost,806,62,0,0.0972318947315216,0,0.5
4,1,45,xgboost,808,544,0,0.41434988379478455,0,0.5
4,1,45,xgboost,809,519,0,0.30616214871406555,0,0.5
4,1,45,xgboost,814,22,1,0.12566588819026947,0,0.5
4,1,45,xgboost,816,233,0,0.7975307106971741,1,0.5
4,1,45,xgboost,821,602,0,0.19231833517551422,0,0.5
4,1,45,xgboost,823,644,0,0.4292813837528229,0,0.5
4,1,45,xgboost,826,650,0,0.5654575228691101,1,0.5
4,1,45,xgboost,836,743,0,0.41992491483688354,0,0.5
4,1,45,xgboost,841,297,0,0.2891586720943451,0,0.5
4,1,45,xgboost,844,444,0,0.20365990698337555,0,0.5
4,1,45,xgboost,855,377,0,0.40568190813064575,0,0.5
4,1,45,xgboost,857,526,0,0.29874148964881897,0,0.5
4,2,45,dummy_prior,2,660,0,0.0641399416909621,0,0.5
4,2,45,dummy_prior,5,796,0,0.0641399416909621,0,0.5
4,2,45,dummy_prior,14,798,0,0.0641399416909621,0,0.5
4,2,45,dummy_prior,18,792,0,0.0641399416909621,0,0.5
4,2,45,dummy_prior,20,797,0,0.0641399416909621,0,0.5
4,2,45,dummy_prior,29,745,0,0.0641399416909621,0,0.5
4,2,45,dummy_prior,31,771,0,0.0641399416909621,0,0.5
4,2,45,dummy_prior,36,760,0,0.0641399416909621,0,0.5
4,2,45,dummy_prior,38,758,0,0.0641399416909621,0,0.5
4,2,45,dummy_prior,43,723,0,0.0641399416909621,0,0.5
4,2,45,dummy_prior,50,721,0,0.0641399416909621,0,0.5
4,2,45,dummy_prior,53,695,0,0.0641399416909621,0,0.5
4,2,45,dummy_prior,54,708,0,0.0641399416909621,0,0.5
4,2,45,dummy_prior,56,702,0,0.0641399416909621,0,0.5
4,2,45,dummy_prior,67,728,0,0.0641399416909621,0,0.5
4,2,45,dummy_prior,82,615,0,0.0641399416909621,0,0.5
4,2,45,dummy_prior,85,657,0,0.0641399416909621,0,0.5
4,2,45,dummy_prior,86,718,0,0.0641399416909621,0,0.5
4,2,45,dummy_prior,92,649,0,0.0641399416909621,0,0.5
4,2,45,dummy_prior,97,678,0,0.0641399416909621,0,0.5
4,2,45,dummy_prior,99,641,0,0.0641399416909621,0,0.5
4,2,45,dummy_prior,101,580,0,0.0641399416909621,0,0.5
4,2,45,dummy_prior,103,754,1,0.0641399416909621,0,0.5
4,2,45,dummy_prior,106,577,0,0.0641399416909621,0,0.5
4,2,45,dummy_prior,112,573,0,0.0641399416909621,0,0.5
4,2,45,dummy_prior,118,560,0,0.0641399416909621,0,0.5
4,2,45,dummy_prior,119,498,0,0.0641399416909621,0,0.5
4,2,45,dummy_prior,122,592,0,0.0641399416909621,0,0.5
4,2,45,dummy_prior,131,581,1,0.0641399416909621,0,0.5
4,2,45,dummy_prior,133,651,0,0.0641399416909621,0,0.5
4,2,45,dummy_prior,139,556,0,0.0641399416909621,0,0.5
4,2,45,dummy_prior,140,553,0,0.0641399416909621,0,0.5
4,2,45,dummy_prior,145,595,0,0.0641399416909621,0,0.5
4,2,45,dummy_prior,148,643,0,0.0641399416909621,0,0.5
4,2,45,dummy_prior,157,545,0,0.0641399416909621,0,0.5
4,2,45,dummy_prior,158,617,0,0.0641399416909621,0,0.5
4,2,45,dummy_prior,165,572,0,0.0641399416909621,0,0.5
4,2,45,dummy_prior,167,461,0,0.0641399416909621,0,0.5
4,2,45,dummy_prior,170,434,0,0.0641399416909621,0,0.5
4,2,45,dummy_prior,171,418,0,0.0641399416909621,0,0.5
4,2,45,dummy_prior,175,412,0,0.0641399416909621,0,0.5
4,2,45,dummy_prior,176,452,0,0.0641399416909621,0,0.5
4,2,45,dummy_prior,191,527,0,0.0641399416909621,0,0.5
4,2,45,dummy_prior,194,397,0,0.0641399416909621,0,0.5
4,2,45,dummy_prior,202,454,0,0.0641399416909621,0,0.5
4,2,45,dummy_prior,204,222,0,0.0641399416909621,0,0.5
4,2,45,dummy_prior,208,470,0,0.0641399416909621,0,0.5
4,2,45,dummy_prior,209,387,0,0.0641399416909621,0,0.5
4,2,45,dummy_prior,214,550,1,0.0641399416909621,0,0.5
4,2,45,dummy_prior,218,503,0,0.0641399416909621,0,0.5
4,2,45,dummy_prior,231,432,0,0.0641399416909621,0,0.5
4,2,45,dummy_prior,233,345,0,0.0641399416909621,0,0.5
4,2,45,dummy_prior,240,334,0,0.0641399416909621,0,0.5
4,2,45,dummy_prior,247,292,0,0.0641399416909621,0,0.5
4,2,45,dummy_prior,251,284,0,0.0641399416909621,0,0.5
4,2,45,dummy_prior,254,390,0,0.0641399416909621,0,0.5
4,2,45,dummy_prior,257,273,1,0.0641399416909621,0,0.5
4,2,45,dummy_prior,264,259,1,0.0641399416909621,0,0.5
4,2,45,dummy_prior,266,232,0,0.0641399416909621,0,0.5
4,2,45,dummy_prior,268,305,0,0.0641399416909621,0,0.5
4,2,45,dummy_prior,293,221,0,0.0641399416909621,0,0.5
4,2,45,dummy_prior,297,220,0,0.0641399416909621,0,0.5
4,2,45,dummy_prior,298,333,0,0.0641399416909621,0,0.5
4,2,45,dummy_prior,300,301,0,0.0641399416909621,0,0.5
4,2,45,dummy_prior,301,202,0,0.0641399416909621,0,0.5
4,2,45,dummy_prior,311,368,0,0.0641399416909621,0,0.5
4,2,45,dummy_prior,322,180,0,0.0641399416909621,0,0.5
4,2,45,dummy_prior,324,654,0,0.0641399416909621,0,0.5
4,2,45,dummy_prior,325,169,1,0.0641399416909621,0,0.5
4,2,45,dummy_prior,331,446,0,0.0641399416909621,0,0.5
4,2,45,dummy_prior,332,583,0,0.0641399416909621,0,0.5
4,2,45,dummy_prior,339,182,0,0.0641399416909621,0,0.5
4,2,45,dummy_prior,347,131,0,0.0641399416909621,0,0.5
4,2,45,dummy_prior,350,167,0,0.0641399416909621,0,0.5
4,2,45,dummy_prior,353,223,0,0.0641399416909621,0,0.5
4,2,45,dummy_prior,354,811,0,0.0641399416909621,0,0.5
4,2,45,dummy_prior,359,733,0,0.0641399416909621,0,0.5
4,2,45,dummy_prior,363,72,0,0.0641399416909621,0,0.5
4,2,45,dummy_prior,371,367,0,0.0641399416909621,0,0.5
4,2,45,dummy_prior,372,242,0,0.0641399416909621,0,0.5
4,2,45,dummy_prior,373,312,0,0.0641399416909621,0,0.5
4,2,45,dummy_prior,377,172,1,0.0641399416909621,0,0.5
4,2,45,dummy_prior,378,86,0,0.0641399416909621,0,0.5
4,2,45,dummy_prior,389,49,0,0.0641399416909621,0,0.5
4,2,45,dummy_prior,406,49,0,0.0641399416909621,0,0.5
4,2,45,dummy_prior,410,171,0,0.0641399416909621,0,0.5
4,2,45,dummy_prior,411,49,0,0.0641399416909621,0,0.5
4,2,45,dummy_prior,415,104,0,0.0641399416909621,0,0.5
4,2,45,dummy_prior,417,158,0,0.0641399416909621,0,0.5
4,2,45,dummy_prior,421,433,1,0.0641399416909621,0,0.5
4,2,45,dummy_prior,430,153,0,0.0641399416909621,0,0.5
4,2,45,dummy_prior,432,600,0,0.0641399416909621,0,0.5
4,2,45,dummy_prior,441,9,0,0.0641399416909621,0,0.5
4,2,45,dummy_prior,448,65,0,0.0641399416909621,0,0.5
4,2,45,dummy_prior,450,34,0,0.0641399416909621,0,0.5
4,2,45,dummy_prior,451,32,0,0.0641399416909621,0,0.5
4,2,45,dummy_prior,457,18,0,0.0641399416909621,0,0.5
4,2,45,dummy_prior,460,5,0,0.0641399416909621,0,0.5
4,2,45,dummy_prior,461,19,0,0.0641399416909621,0,0.5
4,2,45,dummy_prior,463,1,0,0.0641399416909621,0,0.5
4,2,45,dummy_prior,476,753,0,0.0641399416909621,0,0.5
4,2,45,dummy_prior,484,371,0,0.0641399416909621,0,0.5
4,2,45,dummy_prior,490,375,0,0.0641399416909621,0,0.5
4,2,45,dummy_prior,493,86,0,0.0641399416909621,0,0.5
4,2,45,dummy_prior,494,165,0,0.0641399416909621,0,0.5
4,2,45,dummy_prior,504,428,0,0.0641399416909621,0,0.5
4,2,45,dummy_prior,510,17,0,0.0641399416909621,0,0.5
4,2,45,dummy_prior,521,791,0,0.0641399416909621,0,0.5
4,2,45,dummy_prior,522,37,0,0.0641399416909621,0,0.5
4,2,45,dummy_prior,529,652,0,0.0641399416909621,0,0.5
4,2,45,dummy_prior,542,146,0,0.0641399416909621,0,0.5
4,2,45,dummy_prior,558,255,0,0.0641399416909621,0,0.5
4,2,45,dummy_prior,564,426,0,0.0641399416909621,0,0.5
4,2,45,dummy_prior,565,335,0,0.0641399416909621,0,0.5
4,2,45,dummy_prior,570,559,0,0.0641399416909621,0,0.5
4,2,45,dummy_prior,571,257,0,0.0641399416909621,0,0.5
4,2,45,dummy_prior,583,315,0,0.0641399416909621,0,0.5
4,2,45,dummy_prior,587,687,0,0.0641399416909621,0,0.5
4,2,45,dummy_prior,591,244,0,0.0641399416909621,0,0.5
4,2,45,dummy_prior,593,13,0,0.0641399416909621,0,0.5
4,2,45,dummy_prior,594,193,0,0.0641399416909621,0,0.5
4,2,45,dummy_prior,600,506,0,0.0641399416909621,0,0.5
4,2,45,dummy_prior,602,670,0,0.0641399416909621,0,0.5
4,2,45,dummy_prior,613,299,0,0.0641399416909621,0,0.5
4,2,45,dummy_prior,619,320,0,0.0641399416909621,0,0.5
4,2,45,dummy_prior,622,710,0,0.0641399416909621,0,0.5
4,2,45,dummy_prior,623,250,0,0.0641399416909621,0,0.5
4,2,45,dummy_prior,630,424,0,0.0641399416909621,0,0.5
4,2,45,dummy_prior,634,478,0,0.0641399416909621,0,0.5
4,2,45,dummy_prior,636,741,0,0.0641399416909621,0,0.5
4,2,45,dummy_prior,638,221,0,0.0641399416909621,0,0.5
4,2,45,dummy_prior,639,52,0,0.0641399416909621,0,0.5
4,2,45,dummy_prior,645,471,0,0.0641399416909621,0,0.5
4,2,45,dummy_prior,654,810,0,0.0641399416909621,0,0.5
4,2,45,dummy_prior,655,236,1,0.0641399416909621,0,0.5
4,2,45,dummy_prior,665,205,0,0.0641399416909621,0,0.5
4,2,45,dummy_prior,668,830,0,0.0641399416909621,0,0.5
4,2,45,dummy_prior,672,0,0,0.0641399416909621,0,0.5
4,2,45,dummy_prior,677,814,0,0.0641399416909621,0,0.5
4,2,45,dummy_prior,684,815,0,0.0641399416909621,0,0.5
4,2,45,dummy_prior,702,439,0,0.0641399416909621,0,0.5
4,2,45,dummy_prior,703,42,0,0.0641399416909621,0,0.5
4,2,45,dummy_prior,705,806,0,0.0641399416909621,0,0.5
4,2,45,dummy_prior,715,13,0,0.0641399416909621,0,0.5
4,2,45,dummy_prior,721,655,0,0.0641399416909621,0,0.5
4,2,45,dummy_prior,733,587,0,0.0641399416909621,0,0.5
4,2,45,dummy_prior,734,564,0,0.0641399416909621,0,0.5
4,2,45,dummy_prior,739,495,1,0.0641399416909621,0,0.5
4,2,45,dummy_prior,741,129,0,0.0641399416909621,0,0.5
4,2,45,dummy_prior,744,66,0,0.0641399416909621,0,0.5
4,2,45,dummy_prior,748,393,0,0.0641399416909621,0,0.5
4,2,45,dummy_prior,751,778,0,0.0641399416909621,0,0.5
4,2,45,dummy_prior,763,785,0,0.0641399416909621,0,0.5
4,2,45,dummy_prior,764,281,0,0.0641399416909621,0,0.5
4,2,45,dummy_prior,767,12,0,0.0641399416909621,0,0.5
4,2,45,dummy_prior,782,528,0,0.0641399416909621,0,0.5
4,2,45,dummy_prior,786,401,1,0.0641399416909621,0,0.5
4,2,45,dummy_prior,787,256,0,0.0641399416909621,0,0.5
4,2,45,dummy_prior,792,314,0,0.0641399416909621,0,0.5
4,2,45,dummy_prior,798,396,0,0.0641399416909621,0,0.5
4,2,45,dummy_prior,799,141,0,0.0641399416909621,0,0.5
4,2,45,dummy_prior,800,302,0,0.0641399416909621,0,0.5
4,2,45,dummy_prior,801,691,0,0.0641399416909621,0,0.5
4,2,45,dummy_prior,810,116,0,0.0641399416909621,0,0.5
4,2,45,dummy_prior,812,4,0,0.0641399416909621,0,0.5
4,2,45,dummy_prior,817,516,0,0.0641399416909621,0,0.5
4,2,45,dummy_prior,828,634,0,0.0641399416909621,0,0.5
4,2,45,dummy_prior,846,680,0,0.0641399416909621,0,0.5
4,2,45,dummy_prior,847,574,0,0.0641399416909621,0,0.5
4,2,45,dummy_prior,848,598,0,0.0641399416909621,0,0.5
4,2,45,dummy_prior,851,298,0,0.0641399416909621,0,0.5
4,2,45,dummy_prior,853,672,0,0.0641399416909621,0,0.5
4,2,45,logistic_regression,2,660,0,0.31669397369923297,0,0.5
4,2,45,logistic_regression,5,796,0,0.5103598240086572,1,0.5
4,2,45,logistic_regression,14,798,0,0.6814336295035969,1,0.5
4,2,45,logistic_regression,18,792,0,0.8846909436341839,1,0.5
4,2,45,logistic_regression,20,797,0,0.6731612592387904,1,0.5
4,2,45,logistic_regression,29,745,0,0.46262429574282443,0,0.5
4,2,45,logistic_regression,31,771,0,0.8045027886365158,1,0.5
4,2,45,logistic_regression,36,760,0,0.5064913385589032,1,0.5
4,2,45,logistic_regression,38,758,0,0.5346087876278526,1,0.5
4,2,45,logistic_regression,43,723,0,0.503459342670164,1,0.5
4,2,45,logistic_regression,50,721,0,0.5825769988487768,1,0.5
4,2,45,logistic_regression,53,695,0,0.5168759436975702,1,0.5
4,2,45,logistic_regression,54,708,0,0.6086129202230625,1,0.5
4,2,45,logistic_regression,56,702,0,0.50496317831389,1,0.5
4,2,45,logistic_regression,67,728,0,0.629199230881547,1,0.5
4,2,45,logistic_regression,82,615,0,0.5812536027556635,1,0.5
4,2,45,logistic_regression,85,657,0,0.5071089142715469,1,0.5
4,2,45,logistic_regression,86,718,0,0.5307789754409925,1,0.5
4,2,45,logistic_regression,92,649,0,0.6664280681926626,1,0.5
4,2,45,logistic_regression,97,678,0,0.49343504904946456,0,0.5
4,2,45,logistic_regression,99,641,0,0.5675663193869133,1,0.5
4,2,45,logistic_regression,101,580,0,0.8508867450034107,1,0.5
4,2,45,logistic_regression,103,754,1,0.701883079088017,1,0.5
4,2,45,logistic_regression,106,577,0,0.6036233445743253,1,0.5
4,2,45,logistic_regression,112,573,0,0.7193828962260473,1,0.5
4,2,45,logistic_regression,118,560,0,0.5872081927563229,1,0.5
4,2,45,logistic_regression,119,498,0,0.49565278903195686,0,0.5
4,2,45,logistic_regression,122,592,0,0.5222350792420166,1,0.5
4,2,45,logistic_regression,131,581,1,0.6447557937839693,1,0.5
4,2,45,logistic_regression,133,651,0,0.45146290223156343,0,0.5
4,2,45,logistic_regression,139,556,0,0.6449895123907239,1,0.5
4,2,45,logistic_regression,140,553,0,0.6383662088899101,1,0.5
4,2,45,logistic_regression,145,595,0,0.5039227899526799,1,0.5
4,2,45,logistic_regression,148,643,0,0.5067035991845457,1,0.5
4,2,45,logistic_regression,157,545,0,0.35250601109084495,0,0.5
4,2,45,logistic_regression,158,617,0,0.49395393252065606,0,0.5
4,2,45,logistic_regression,165,572,0,0.8527756454171534,1,0.5
4,2,45,logistic_regression,167,461,0,0.7352308198334425,1,0.5
4,2,45,logistic_regression,170,434,0,0.28938592970097937,0,0.5
4,2,45,logistic_regression,171,418,0,0.43575130587011895,0,0.5
4,2,45,logistic_regression,175,412,0,0.4795598386100924,0,0.5
4,2,45,logistic_regression,176,452,0,0.17150849262961262,0,0.5
4,2,45,logistic_regression,191,527,0,0.5677616258858702,1,0.5
4,2,45,logistic_regression,194,397,0,0.47312075323325753,0,0.5
4,2,45,logistic_regression,202,454,0,0.3585663706277814,0,0.5
4,2,45,logistic_regression,204,222,0,0.4773301285584463,0,0.5
4,2,45,logistic_regression,208,470,0,0.44287417334922785,0,0.5
4,2,45,logistic_regression,209,387,0,0.5506022171390553,1,0.5
4,2,45,logistic_regression,214,550,1,0.5188781398521554,1,0.5
4,2,45,logistic_regression,218,503,0,0.48593799050064235,0,0.5
4,2,45,logistic_regression,231,432,0,0.636957907394494,1,0.5
4,2,45,logistic_regression,233,345,0,0.44842184116430256,0,0.5
4,2,45,logistic_regression,240,334,0,0.4958537490691667,0,0.5
4,2,45,logistic_regression,247,292,0,0.4595991531083399,0,0.5
4,2,45,logistic_regression,251,284,0,0.45482406770604755,0,0.5
4,2,45,logistic_regression,254,390,0,0.4645400067577124,0,0.5
4,2,45,logistic_regression,257,273,1,0.5982099951202899,1,0.5
4,2,45,logistic_regression,264,259,1,0.46621900779109915,0,0.5
4,2,45,logistic_regression,266,232,0,0.44648592619922944,0,0.5
4,2,45,logistic_regression,268,305,0,0.49296559218163527,0,0.5
4,2,45,logistic_regression,293,221,0,0.46612920970655236,0,0.5
4,2,45,logistic_regression,297,220,0,0.6398117462223534,1,0.5
4,2,45,logistic_regression,298,333,0,0.46326710270757493,0,0.5
4,2,45,logistic_regression,300,301,0,0.5139172492432358,1,0.5
4,2,45,logistic_regression,301,202,0,0.3006590375635948,0,0.5
4,2,45,logistic_regression,311,368,0,0.5137816587605294,1,0.5
4,2,45,logistic_regression,322,180,0,0.45323546450288704,0,0.5
4,2,45,logistic_regression,324,654,0,0.3560201204616473,0,0.5
4,2,45,logistic_regression,325,169,1,0.5143158641067668,1,0.5
4,2,45,logistic_regression,331,446,0,0.6254743511527454,1,0.5
4,2,45,logistic_regression,332,583,0,0.5073672291048993,1,0.5
4,2,45,logistic_regression,339,182,0,0.4327432149746096,0,0.5
4,2,45,logistic_regression,347,131,0,0.44299137256979804,0,0.5
4,2,45,logistic_regression,350,167,0,0.1706294884829758,0,0.5
4,2,45,logistic_regression,353,223,0,0.1661434286492861,0,0.5
4,2,45,logistic_regression,354,811,0,0.5333458754250565,1,0.5
4,2,45,logistic_regression,359,733,0,0.5443253524962919,1,0.5
4,2,45,logistic_regression,363,72,0,0.4309602249117906,0,0.5
4,2,45,logistic_regression,371,367,0,0.4143296053201959,0,0.5
4,2,45,logistic_regression,372,242,0,0.3882678374320666,0,0.5
4,2,45,logistic_regression,373,312,0,0.45495765014283673,0,0.5
4,2,45,logistic_regression,377,172,1,0.40782835674850215,0,0.5
4,2,45,logistic_regression,378,86,0,0.45170969242822545,0,0.5
4,2,45,logistic_regression,389,49,0,0.4554984125723046,0,0.5
4,2,45,logistic_regression,406,49,0,0.4554984125723046,0,0.5
4,2,45,logistic_regression,410,171,0,0.4492488626813322,0,0.5
4,2,45,logistic_regression,411,49,0,0.4554984125723046,0,0.5
4,2,45,logistic_regression,415,104,0,0.4602231184509707,0,0.5
4,2,45,logistic_regression,417,158,0,0.09339303652247684,0,0.5
4,2,45,logistic_regression,421,433,1,0.49754500651358774,0,0.5
4,2,45,logistic_regression,430,153,0,0.4257930663609798,0,0.5
4,2,45,logistic_regression,432,600,0,0.6147544288326554,1,0.5
4,2,45,logistic_regression,441,9,0,0.4495066413207187,0,0.5
4,2,45,logistic_regression,448,65,0,0.258758127978529,0,0.5
4,2,45,logistic_regression,450,34,0,0.43867470561363514,0,0.5
4,2,45,logistic_regression,451,32,0,0.6191364862100275,1,0.5
4,2,45,logistic_regression,457,18,0,0.1240508336413054,0,0.5
4,2,45,logistic_regression,460,5,0,0.08571313046384305,0,0.5
4,2,45,logistic_regression,461,19,0,0.4553760368517942,0,0.5
4,2,45,logistic_regression,463,1,0,0.4576497625097726,0,0.5
4,2,45,logistic_regression,476,753,0,0.1896476877079417,0,0.5
4,2,45,logistic_regression,484,371,0,0.4698313322409907,0,0.5
4,2,45,logistic_regression,490,375,0,0.24350163760657886,0,0.5
4,2,45,logistic_regression,493,86,0,0.45170969242822545,0,0.5
4,2,45,logistic_regression,494,165,0,0.440263896801771,0,0.5
4,2,45,logistic_regression,504,428,0,0.4715872613611136,0,0.5
4,2,45,logistic_regression,510,17,0,0.4273965569854306,0,0.5
4,2,45,logistic_regression,521,791,0,0.5889058381156748,1,0.5
4,2,45,logistic_regression,522,37,0,0.3614814771383236,0,0.5
4,2,45,logistic_regression,529,652,0,0.5290345858683244,1,0.5
4,2,45,logistic_regression,542,146,0,0.15908454996454832,0,0.5
4,2,45,logistic_regression,558,255,0,0.4705305615477649,0,0.5
4,2,45,logistic_regression,564,426,0,0.24651644250673024,0,0.5
4,2,45,logistic_regression,565,335,0,0.46682026906243496,0,0.5
4,2,45,logistic_regression,570,559,0,0.5287085841909542,1,0.5
4,2,45,logistic_regression,571,257,0,0.46934371534317804,0,0.5
4,2,45,logistic_regression,583,315,0,0.4585294565300437,0,0.5
4,2,45,logistic_regression,587,687,0,0.5948698207903858,1,0.5
4,2,45,logistic_regression,591,244,0,0.4234759636443165,0,0.5
4,2,45,logistic_regression,593,13,0,0.4454983063718627,0,0.5
4,2,45,logistic_regression,594,193,0,0.44087771775721324,0,0.5
4,2,45,logistic_regression,600,506,0,0.473574635330583,0,0.5
4,2,45,logistic_regression,602,670,0,0.5967506461092624,1,0.5
4,2,45,logistic_regression,613,299,0,0.3767515774374891,0,0.5
4,2,45,logistic_regression,619,320,0,0.16468607821635667,0,0.5
4,2,45,logistic_regression,622,710,0,0.4855242489060494,0,0.5
4,2,45,logistic_regression,623,250,0,0.5598691966719737,1,0.5
4,2,45,logistic_regression,630,424,0,0.5164112344756038,1,0.5
4,2,45,logistic_regression,634,478,0,0.4836399620967566,0,0.5
4,2,45,logistic_regression,636,741,0,0.5317064492448265,1,0.5
4,2,45,logistic_regression,638,221,0,0.46612920970655236,0,0.5
4,2,45,logistic_regression,639,52,0,0.4487164720955511,0,0.5
4,2,45,logistic_regression,645,471,0,0.5714212845885134,1,0.5
4,2,45,logistic_regression,654,810,0,0.8018072704495869,1,0.5
4,2,45,logistic_regression,655,236,1,0.44555468877883525,0,0.5
4,2,45,logistic_regression,665,205,0,0.4894544004226452,0,0.5
4,2,45,logistic_regression,668,830,0,0.7056910102481871,1,0.5
4,2,45,logistic_regression,672,0,0,0.43246545346315013,0,0.5
4,2,45,logistic_regression,677,814,0,0.48575493063834696,0,0.5
4,2,45,logistic_regression,684,815,0,0.5557342257978741,1,0.5
4,2,45,logistic_regression,702,439,0,0.6112646838504627,1,0.5
4,2,45,logistic_regression,703,42,0,0.6258922019062754,1,0.5
4,2,45,logistic_regression,705,806,0,0.32346456398803536,0,0.5
4,2,45,logistic_regression,715,13,0,0.44549830637186283,0,0.5
4,2,45,logistic_regression,721,655,0,0.5139609427046897,1,0.5
4,2,45,logistic_regression,733,587,0,0.5186081465680542,1,0.5
4,2,45,logistic_regression,734,564,0,0.6524409420211448,1,0.5
4,2,45,logistic_regression,739,495,1,0.5913795244098549,1,0.5
4,2,45,logistic_regression,741,129,0,0.1651159722105801,0,0.5
4,2,45,logistic_regression,744,66,0,0.5729743599076564,1,0.5
4,2,45,logistic_regression,748,393,0,0.4644263284729036,0,0.5
4,2,45,logistic_regression,751,778,0,0.19700589053927273,0,0.5
4,2,45,logistic_regression,763,785,0,0.6349356296495661,1,0.5
4,2,45,logistic_regression,764,281,0,0.600006452730039,1,0.5
4,2,45,logistic_regression,767,12,0,0.15482942813582937,0,0.5
4,2,45,logistic_regression,782,528,0,0.4314817500994118,0,0.5
4,2,45,logistic_regression,786,401,1,0.8054548943465863,1,0.5
4,2,45,logistic_regression,787,256,0,0.5345898294249511,1,0.5
4,2,45,logistic_regression,792,314,0,0.13839436077711167,0,0.5
4,2,45,logistic_regression,798,396,0,0.47169495168189546,0,0.5
4,2,45,logistic_regression,799,141,0,0.4604530559053005,0,0.5
4,2,45,logistic_regression,800,302,0,0.5047157373305705,1,0.5
4,2,45,logistic_regression,801,691,0,0.5200663781408312,1,0.5
4,2,45,logistic_regression,810,116,0,0.6136545234068959,1,0.5
4,2,45,logistic_regression,812,4,0,0.5920796404563252,1,0.5
4,2,45,logistic_regression,817,516,0,0.6576624614153774,1,0.5
4,2,45,logistic_regression,828,634,0,0.47313220447421106,0,0.5
4,2,45,logistic_regression,846,680,0,0.48202234682101397,0,0.5
4,2,45,logistic_regression,847,574,0,0.4782142961381271,0,0.5
4,2,45,logistic_regression,848,598,0,0.45270506066290517,0,0.5
4,2,45,logistic_regression,851,298,0,0.4709652148365281,0,0.5
4,2,45,logistic_regression,853,672,0,0.4679328241186483,0,0.5
4,2,45,xgboost,2,660,0,0.22149807214736938,0,0.5
4,2,45,xgboost,5,796,0,0.027009068056941032,0,0.5
4,2,45,xgboost,14,798,0,0.12844343483448029,0,0.5
4,2,45,xgboost,18,792,0,0.01525879930704832,0,0.5
4,2,45,xgboost,20,797,0,0.8710448741912842,1,0.5
4,2,45,xgboost,29,745,0,0.002852248027920723,0,0.5
4,2,45,xgboost,31,771,0,0.2639860510826111,0,0.5
4,2,45,xgboost,36,760,0,0.48652344942092896,0,0.5
4,2,45,xgboost,38,758,0,0.05002304166555405,0,0.5
4,2,45,xgboost,43,723,0,0.4414970278739929,0,0.5
4,2,45,xgboost,50,721,0,0.1902044415473938,0,0.5
4,2,45,xgboost,53,695,0,0.7151992321014404,1,0.5
4,2,45,xgboost,54,708,0,0.35003820061683655,0,0.5
4,2,45,xgboost,56,702,0,0.7981568574905396,1,0.5
4,2,45,xgboost,67,728,0,0.42463308572769165,0,0.5
4,2,45,xgboost,82,615,0,0.15546487271785736,0,0.5
4,2,45,xgboost,85,657,0,0.04401592165231705,0,0.5
4,2,45,xgboost,86,718,0,0.029781317338347435,0,0.5
4,2,45,xgboost,92,649,0,0.09049493074417114,0,0.5
4,2,45,xgboost,97,678,0,0.5557003021240234,1,0.5
4,2,45,xgboost,99,641,0,0.5812444686889648,1,0.5
4,2,45,xgboost,101,580,0,0.640142023563385,1,0.5
4,2,45,xgboost,103,754,1,0.5763766169548035,1,0.5
4,2,45,xgboost,106,577,0,0.5766146183013916,1,0.5
4,2,45,xgboost,112,573,0,0.22269578278064728,0,0.5
4,2,45,xgboost,118,560,0,0.356759637594223,0,0.5
4,2,45,xgboost,119,498,0,0.3293025493621826,0,0.5
4,2,45,xgboost,122,592,0,0.025006214156746864,0,0.5
4,2,45,xgboost,131,581,1,0.05461299791932106,0,0.5
4,2,45,xgboost,133,651,0,0.5034482479095459,1,0.5
4,2,45,xgboost,139,556,0,0.060503486543893814,0,0.5
4,2,45,xgboost,140,553,0,0.06688957661390305,0,0.5
4,2,45,xgboost,145,595,0,0.0025138442870229483,0,0.5
4,2,45,xgboost,148,643,0,0.1676473468542099,0,0.5
4,2,45,xgboost,157,545,0,0.07504254579544067,0,0.5
4,2,45,xgboost,158,617,0,0.06343663483858109,0,0.5
4,2,45,xgboost,165,572,0,0.11436304450035095,0,0.5
4,2,45,xgboost,167,461,0,0.5510436296463013,1,0.5
4,2,45,xgboost,170,434,0,0.5666046738624573,1,0.5
4,2,45,xgboost,171,418,0,0.007105791941285133,0,0.5
4,2,45,xgboost,175,412,0,0.482919305562973,0,0.5
4,2,45,xgboost,176,452,0,0.011668727733194828,0,0.5
4,2,45,xgboost,191,527,0,0.06409569084644318,0,0.5
4,2,45,xgboost,194,397,0,0.20289480686187744,0,0.5
4,2,45,xgboost,202,454,0,0.007885073311626911,0,0.5
4,2,45,xgboost,204,222,0,0.3454308807849884,0,0.5
4,2,45,xgboost,208,470,0,0.23567822575569153,0,0.5
4,2,45,xgboost,209,387,0,0.18757346272468567,0,0.5
4,2,45,xgboost,214,550,1,0.14709043502807617,0,0.5
4,2,45,xgboost,218,503,0,0.78431636095047,1,0.5
4,2,45,xgboost,231,432,0,0.031360939145088196,0,0.5
4,2,45,xgboost,233,345,0,0.10007757693529129,0,0.5
4,2,45,xgboost,240,334,0,0.1289750635623932,0,0.5
4,2,45,xgboost,247,292,0,0.598709225654602,1,0.5
4,2,45,xgboost,251,284,0,0.6542455554008484,1,0.5
4,2,45,xgboost,254,390,0,0.1855057328939438,0,0.5
4,2,45,xgboost,257,273,1,0.6205216646194458,1,0.5
4,2,45,xgboost,264,259,1,0.019165243953466415,0,0.5
4,2,45,xgboost,266,232,0,0.4350239336490631,0,0.5
4,2,45,xgboost,268,305,0,0.24014794826507568,0,0.5
4,2,45,xgboost,293,221,0,0.20764143764972687,0,0.5
4,2,45,xgboost,297,220,0,0.7425621747970581,1,0.5
4,2,45,xgboost,298,333,0,0.13158266246318817,0,0.5
4,2,45,xgboost,300,301,0,0.03347150236368179,0,0.5
4,2,45,xgboost,301,202,0,0.18570657074451447,0,0.5
4,2,45,xgboost,311,368,0,0.15063434839248657,0,0.5
4,2,45,xgboost,322,180,0,0.5291226506233215,1,0.5
4,2,45,xgboost,324,654,0,0.1440601497888565,0,0.5
4,2,45,xgboost,325,169,1,0.7283697724342346,1,0.5
4,2,45,xgboost,331,446,0,0.08654715865850449,0,0.5
4,2,45,xgboost,332,583,0,0.1151982843875885,0,0.5
4,2,45,xgboost,339,182,0,0.38526982069015503,0,0.5
4,2,45,xgboost,347,131,0,0.49183085560798645,0,0.5
4,2,45,xgboost,350,167,0,0.054953038692474365,0,0.5
4,2,45,xgboost,353,223,0,0.014558970928192139,0,0.5
4,2,45,xgboost,354,811,0,0.402077853679657,0,0.5
4,2,45,xgboost,359,733,0,0.014916764572262764,0,0.5
4,2,45,xgboost,363,72,0,0.34829607605934143,0,0.5
4,2,45,xgboost,371,367,0,0.028063807636499405,0,0.5
4,2,45,xgboost,372,242,0,0.09902864694595337,0,0.5
4,2,45,xgboost,373,312,0,0.4058554172515869,0,0.5
4,2,45,xgboost,377,172,1,0.07841392606496811,0,0.5
4,2,45,xgboost,378,86,0,0.386822372674942,0,0.5
4,2,45,xgboost,389,49,0,0.2842654287815094,0,0.5
4,2,45,xgboost,406,49,0,0.2842654287815094,0,0.5
4,2,45,xgboost,410,171,0,0.5623725652694702,1,0.5
4,2,45,xgboost,411,49,0,0.2842654287815094,0,0.5
4,2,45,xgboost,415,104,0,0.2819783091545105,0,0.5
4,2,45,xgboost,417,158,0,0.019404172897338867,0,0.5
4,2,45,xgboost,421,433,1,0.10008843243122101,0,0.5
4,2,45,xgboost,430,153,0,0.69487065076828,1,0.5
4,2,45,xgboost,432,600,0,0.1482800990343094,0,0.5
4,2,45,xgboost,441,9,0,0.1640893816947937,0,0.5
4,2,45,xgboost,448,65,0,0.22561714053153992,0,0.5
4,2,45,xgboost,450,34,0,0.06439030915498734,0,0.5
4,2,45,xgboost,451,32,0,0.17465445399284363,0,0.5
4,2,45,xgboost,457,18,0,0.0004810099198948592,0,0.5
4,2,45,xgboost,460,5,0,0.0032203546725213528,0,0.5
4,2,45,xgboost,461,19,0,0.17115439474582672,0,0.5
4,2,45,xgboost,463,1,0,0.04110833629965782,0,0.5
4,2,45,xgboost,476,753,0,0.0028438912704586983,0,0.5
4,2,45,xgboost,484,371,0,0.12517693638801575,0,0.5
4,2,45,xgboost,490,375,0,0.032545410096645355,0,0.5
4,2,45,xgboost,493,86,0,0.386822372674942,0,0.5
4,2,45,xgboost,494,165,0,0.674836277961731,1,0.5
4,2,45,xgboost,504,428,0,0.0455399714410305,0,0.5
4,2,45,xgboost,510,17,0,0.06897109001874924,0,0.5
4,2,45,xgboost,521,791,0,0.316592812538147,0,0.5
4,2,45,xgboost,522,37,0,0.024322306737303734,0,0.5
4,2,45,xgboost,529,652,0,0.16236521303653717,0,0.5
4,2,45,xgboost,542,146,0,0.013945228420197964,0,0.5
4,2,45,xgboost,558,255,0,0.09570611268281937,0,0.5
4,2,45,xgboost,564,426,0,0.009554561227560043,0,0.5
4,2,45,xgboost,565,335,0,0.1330740749835968,0,0.5
4,2,45,xgboost,570,559,0,0.07969275861978531,0,0.5
4,2,45,xgboost,571,257,0,0.43326443433761597,0,0.5
4,2,45,xgboost,583,315,0,0.09242043644189835,0,0.5
4,2,45,xgboost,587,687,0,0.019725359976291656,0,0.5
4,2,45,xgboost,591,244,0,0.6531288027763367,1,0.5
4,2,45,xgboost,593,13,0,0.10322460532188416,0,0.5
4,2,45,xgboost,594,193,0,0.34462493658065796,0,0.5
4,2,45,xgboost,600,506,0,0.04727207496762276,0,0.5
4,2,45,xgboost,602,670,0,0.09089324623346329,0,0.5
4,2,45,xgboost,613,299,0,0.15463154017925262,0,0.5
4,2,45,xgboost,619,320,0,0.004290030803531408,0,0.5
4,2,45,xgboost,622,710,0,0.5045682191848755,1,0.5
4,2,45,xgboost,623,250,0,0.7867155075073242,1,0.5
4,2,45,xgboost,630,424,0,0.3008025288581848,0,0.5
4,2,45,xgboost,634,478,0,0.09600512683391571,0,0.5
4,2,45,xgboost,636,741,0,0.04584890604019165,0,0.5
4,2,45,xgboost,638,221,0,0.20764143764972687,0,0.5
4,2,45,xgboost,639,52,0,0.19702835381031036,0,0.5
4,2,45,xgboost,645,471,0,0.7674029469490051,1,0.5
4,2,45,xgboost,654,810,0,0.08942434936761856,0,0.5
4,2,45,xgboost,655,236,1,0.4924413859844208,0,0.5
4,2,45,xgboost,665,205,0,0.1733037531375885,0,0.5
4,2,45,xgboost,668,830,0,0.36280885338783264,0,0.5
4,2,45,xgboost,672,0,0,0.046028606593608856,0,0.5
4,2,45,xgboost,677,814,0,0.010540179908275604,0,0.5
4,2,45,xgboost,684,815,0,0.00813460536301136,0,0.5
4,2,45,xgboost,702,439,0,0.15267528593540192,0,0.5
4,2,45,xgboost,703,42,0,0.17529357969760895,0,0.5
4,2,45,xgboost,705,806,0,0.0010954097378998995,0,0.5
4,2,45,xgboost,715,13,0,0.10322460532188416,0,0.5
4,2,45,xgboost,721,655,0,0.2521721422672272,0,0.5
4,2,45,xgboost,733,587,0,0.3369869291782379,0,0.5
4,2,45,xgboost,734,564,0,0.09617497026920319,0,0.5
4,2,45,xgboost,739,495,1,0.3642059564590454,0,0.5
4,2,45,xgboost,741,129,0,0.009555960074067116,0,0.5
4,2,45,xgboost,744,66,0,0.046896763145923615,0,0.5
4,2,45,xgboost,748,393,0,0.3673243522644043,0,0.5
4,2,45,xgboost,751,778,0,0.013538617640733719,0,0.5
4,2,45,xgboost,763,785,0,0.06031243875622749,0,0.5
4,2,45,xgboost,764,281,0,0.0637197196483612,0,0.5
4,2,45,xgboost,767,12,0,0.005143499001860619,0,0.5
4,2,45,xgboost,782,528,0,0.224531352519989,0,0.5
4,2,45,xgboost,786,401,1,0.015528514981269836,0,0.5
4,2,45,xgboost,787,256,0,0.09775492548942566,0,0.5
4,2,45,xgboost,792,314,0,0.001193042378872633,0,0.5
4,2,45,xgboost,798,396,0,0.401225209236145,0,0.5
4,2,45,xgboost,799,141,0,0.17413760721683502,0,0.5
4,2,45,xgboost,800,302,0,0.014720105566084385,0,0.5
4,2,45,xgboost,801,691,0,0.8510454893112183,1,0.5
4,2,45,xgboost,810,116,0,0.6011347770690918,1,0.5
4,2,45,xgboost,812,4,0,0.09567546844482422,0,0.5
4,2,45,xgboost,817,516,0,0.16306938230991364,0,0.5
4,2,45,xgboost,828,634,0,0.03186575323343277,0,0.5
4,2,45,xgboost,846,680,0,0.2893424332141876,0,0.5
4,2,45,xgboost,847,574,0,0.01857166923582554,0,0.5
4,2,45,xgboost,848,598,0,0.2031160444021225,0,0.5
4,2,45,xgboost,851,298,0,0.13791239261627197,0,0.5
4,2,45,xgboost,853,672,0,0.2236548215150833,0,0.5
4,3,45,dummy_prior,4,816,0,0.0641399416909621,0,0.5
4,3,45,dummy_prior,6,823,1,0.0641399416909621,0,0.5
4,3,45,dummy_prior,12,812,0,0.0641399416909621,0,0.5
4,3,45,dummy_prior,16,790,0,0.0641399416909621,0,0.5
4,3,45,dummy_prior,26,765,0,0.0641399416909621,0,0.5
4,3,45,dummy_prior,28,742,0,0.0641399416909621,0,0.5
4,3,45,dummy_prior,45,709,0,0.0641399416909621,0,0.5
4,3,45,dummy_prior,58,683,0,0.0641399416909621,0,0.5
4,3,45,dummy_prior,60,673,0,0.0641399416909621,0,0.5
4,3,45,dummy_prior,66,673,0,0.0641399416909621,0,0.5
4,3,45,dummy_prior,69,705,0,0.0641399416909621,0,0.5
4,3,45,dummy_prior,72,664,0,0.0641399416909621,0,0.5
4,3,45,dummy_prior,79,684,0,0.0641399416909621,0,0.5
4,3,45,dummy_prior,87,703,0,0.0641399416909621,0,0.5
4,3,45,dummy_prior,100,669,0,0.0641399416909621,0,0.5
4,3,45,dummy_prior,102,599,0,0.0641399416909621,0,0.5
4,3,45,dummy_prior,105,674,0,0.0641399416909621,0,0.5
4,3,45,dummy_prior,107,653,0,0.0641399416909621,0,0.5
4,3,45,dummy_prior,108,611,0,0.0641399416909621,0,0.5
4,3,45,dummy_prior,110,619,0,0.0641399416909621,0,0.5
4,3,45,dummy_prior,111,626,0,0.0641399416909621,0,0.5
4,3,45,dummy_prior,114,667,0,0.0641399416909621,0,0.5
4,3,45,dummy_prior,116,597,0,0.0641399416909621,0,0.5
4,3,45,dummy_prior,121,579,0,0.0641399416909621,0,0.5
4,3,45,dummy_prior,123,542,0,0.0641399416909621,0,0.5
4,3,45,dummy_prior,126,588,0,0.0641399416909621,0,0.5
4,3,45,dummy_prior,127,520,0,0.0641399416909621,0,0.5
4,3,45,dummy_prior,132,565,0,0.0641399416909621,0,0.5
4,3,45,dummy_prior,143,480,0,0.0641399416909621,0,0.5
4,3,45,dummy_prior,155,507,0,0.0641399416909621,0,0.5
4,3,45,dummy_prior,168,535,0,0.0641399416909621,0,0.5
4,3,45,dummy_prior,169,108,0,0.0641399416909621,0,0.5
4,3,45,dummy_prior,173,529,0,0.0641399416909621,0,0.5
4,3,45,dummy_prior,180,414,0,0.0641399416909621,0,0.5
4,3,45,dummy_prior,181,462,0,0.0641399416909621,0,0.5
4,3,45,dummy_prior,182,392,0,0.0641399416909621,0,0.5
4,3,45,dummy_prior,183,491,0,0.0641399416909621,0,0.5
4,3,45,dummy_prior,187,501,0,0.0641399416909621,0,0.5
4,3,45,dummy_prior,193,445,0,0.0641399416909621,0,0.5
4,3,45,dummy_prior,195,429,0,0.0641399416909621,0,0.5
4,3,45,dummy_prior,198,447,0,0.0641399416909621,0,0.5
4,3,45,dummy_prior,199,460,0,0.0641399416909621,0,0.5
4,3,45,dummy_prior,203,494,1,0.0641399416909621,0,0.5
4,3,45,dummy_prior,206,496,0,0.0641399416909621,0,0.5
4,3,45,dummy_prior,210,399,0,0.0641399416909621,0,0.5
4,3,45,dummy_prior,212,431,0,0.0641399416909621,0,0.5
4,3,45,dummy_prior,222,552,0,0.0641399416909621,0,0.5
4,3,45,dummy_prior,223,278,0,0.0641399416909621,0,0.5
4,3,45,dummy_prior,224,351,1,0.0641399416909621,0,0.5
4,3,45,dummy_prior,228,585,0,0.0641399416909621,0,0.5
4,3,45,dummy_prior,237,347,0,0.0641399416909621,0,0.5
4,3,45,dummy_prior,241,354,0,0.0641399416909621,0,0.5
4,3,45,dummy_prior,245,253,0,0.0641399416909621,0,0.5
4,3,45,dummy_prior,250,379,0,0.0641399416909621,0,0.5
4,3,45,dummy_prior,255,379,0,0.0641399416909621,0,0.5
4,3,45,dummy_prior,256,366,0,0.0641399416909621,0,0.5
4,3,45,dummy_prior,262,295,0,0.0641399416909621,0,0.5
4,3,45,dummy_prior,271,359,0,0.0641399416909621,0,0.5
4,3,45,dummy_prior,282,219,0,0.0641399416909621,0,0.5
4,3,45,dummy_prior,283,389,0,0.0641399416909621,0,0.5
4,3,45,dummy_prior,291,289,0,0.0641399416909621,0,0.5
4,3,45,dummy_prior,306,436,0,0.0641399416909621,0,0.5
4,3,45,dummy_prior,309,322,0,0.0641399416909621,0,0.5
4,3,45,dummy_prior,315,189,0,0.0641399416909621,0,0.5
4,3,45,dummy_prior,318,308,0,0.0641399416909621,0,0.5
4,3,45,dummy_prior,323,268,0,0.0641399416909621,0,0.5
4,3,45,dummy_prior,326,217,0,0.0641399416909621,0,0.5
4,3,45,dummy_prior,334,229,0,0.0641399416909621,0,0.5
4,3,45,dummy_prior,342,228,0,0.0641399416909621,0,0.5
4,3,45,dummy_prior,343,159,0,0.0641399416909621,0,0.5
4,3,45,dummy_prior,345,276,1,0.0641399416909621,0,0.5
4,3,45,dummy_prior,348,125,0,0.0641399416909621,0,0.5
4,3,45,dummy_prior,351,155,0,0.0641399416909621,0,0.5
4,3,45,dummy_prior,352,152,0,0.0641399416909621,0,0.5
4,3,45,dummy_prior,357,258,0,0.0641399416909621,0,0.5
4,3,45,dummy_prior,364,147,0,0.0641399416909621,0,0.5
4,3,45,dummy_prior,367,127,0,0.0641399416909621,0,0.5
4,3,45,dummy_prior,370,239,1,0.0641399416909621,0,0.5
4,3,45,dummy_prior,374,243,0,0.0641399416909621,0,0.5
4,3,45,dummy_prior,382,400,0,0.0641399416909621,0,0.5
4,3,45,dummy_prior,390,179,0,0.0641399416909621,0,0.5
4,3,45,dummy_prior,397,137,0,0.0641399416909621,0,0.5
4,3,45,dummy_prior,403,64,0,0.0641399416909621,0,0.5
4,3,45,dummy_prior,404,88,0,0.0641399416909621,0,0.5
4,3,45,dummy_prior,408,60,0,0.0641399416909621,0,0.5
4,3,45,dummy_prior,412,87,0,0.0641399416909621,0,0.5
4,3,45,dummy_prior,413,698,0,0.0641399416909621,0,0.5
4,3,45,dummy_prior,418,47,0,0.0641399416909621,0,0.5
4,3,45,dummy_prior,428,29,0,0.0641399416909621,0,0.5
4,3,45,dummy_prior,429,73,0,0.0641399416909621,0,0.5
4,3,45,dummy_prior,438,195,0,0.0641399416909621,0,0.5
4,3,45,dummy_prior,444,80,0,0.0641399416909621,0,0.5
4,3,45,dummy_prior,445,36,0,0.0641399416909621,0,0.5
4,3,45,dummy_prior,446,107,0,0.0641399416909621,0,0.5
4,3,45,dummy_prior,449,75,0,0.0641399416909621,0,0.5
4,3,45,dummy_prior,462,68,0,0.0641399416909621,0,0.5
4,3,45,dummy_prior,465,43,0,0.0641399416909621,0,0.5
4,3,45,dummy_prior,477,751,0,0.0641399416909621,0,0.5
4,3,45,dummy_prior,486,496,0,0.0641399416909621,0,0.5
4,3,45,dummy_prior,489,151,0,0.0641399416909621,0,0.5
4,3,45,dummy_prior,492,658,0,0.0641399416909621,0,0.5
4,3,45,dummy_prior,498,663,0,0.0641399416909621,0,0.5
4,3,45,dummy_prior,501,610,0,0.0641399416909621,0,0.5
4,3,45,dummy_prior,502,369,0,0.0641399416909621,0,0.5
4,3,45,dummy_prior,507,71,0,0.0641399416909621,0,0.5
4,3,45,dummy_prior,509,384,0,0.0641399416909621,0,0.5
4,3,45,dummy_prior,511,38,0,0.0641399416909621,0,0.5
4,3,45,dummy_prior,513,96,0,0.0641399416909621,0,0.5
4,3,45,dummy_prior,518,362,0,0.0641399416909621,0,0.5
4,3,45,dummy_prior,519,123,0,0.0641399416909621,0,0.5
4,3,45,dummy_prior,527,262,0,0.0641399416909621,0,0.5
4,3,45,dummy_prior,530,239,1,0.0641399416909621,0,0.5
4,3,45,dummy_prior,531,119,0,0.0641399416909621,0,0.5
4,3,45,dummy_prior,540,188,0,0.0641399416909621,0,0.5
4,3,45,dummy_prior,541,474,0,0.0641399416909621,0,0.5
4,3,45,dummy_prior,546,213,0,0.0641399416909621,0,0.5
4,3,45,dummy_prior,553,636,0,0.0641399416909621,0,0.5
4,3,45,dummy_prior,555,435,0,0.0641399416909621,0,0.5
4,3,45,dummy_prior,556,772,0,0.0641399416909621,0,0.5
4,3,45,dummy_prior,560,748,0,0.0641399416909621,0,0.5
4,3,45,dummy_prior,566,456,0,0.0641399416909621,0,0.5
4,3,45,dummy_prior,573,523,0,0.0641399416909621,0,0.5
4,3,45,dummy_prior,576,464,0,0.0641399416909621,0,0.5
4,3,45,dummy_prior,579,730,0,0.0641399416909621,0,0.5
4,3,45,dummy_prior,595,248,0,0.0641399416909621,0,0.5
4,3,45,dummy_prior,601,504,0,0.0641399416909621,0,0.5
4,3,45,dummy_prior,605,183,0,0.0641399416909621,0,0.5
4,3,45,dummy_prior,610,230,1,0.0641399416909621,0,0.5
4,3,45,dummy_prior,612,225,0,0.0641399416909621,0,0.5
4,3,45,dummy_prior,615,706,0,0.0641399416909621,0,0.5
4,3,45,dummy_prior,624,118,0,0.0641399416909621,0,0.5
4,3,45,dummy_prior,629,336,0,0.0641399416909621,0,0.5
4,3,45,dummy_prior,644,285,0,0.0641399416909621,0,0.5
4,3,45,dummy_prior,657,260,0,0.0641399416909621,0,0.5
4,3,45,dummy_prior,661,326,0,0.0641399416909621,0,0.5
4,3,45,dummy_prior,662,502,0,0.0641399416909621,0,0.5
4,3,45,dummy_prior,669,755,0,0.0641399416909621,0,0.5
4,3,45,dummy_prior,673,819,1,0.0641399416909621,0,0.5
4,3,45,dummy_prior,675,808,0,0.0641399416909621,0,0.5
4,3,45,dummy_prior,679,822,0,0.0641399416909621,0,0.5
4,3,45,dummy_prior,681,793,0,0.0641399416909621,0,0.5
4,3,45,dummy_prior,687,638,1,0.0641399416909621,0,0.5
4,3,45,dummy_prior,688,510,1,0.0641399416909621,0,0.5
4,3,45,dummy_prior,690,8,0,0.0641399416909621,0,0.5
4,3,45,dummy_prior,692,74,0,0.0641399416909621,0,0.5
4,3,45,dummy_prior,710,449,0,0.0641399416909621,0,0.5
4,3,45,dummy_prior,716,144,0,0.0641399416909621,0,0.5
4,3,45,dummy_prior,719,769,0,0.0641399416909621,0,0.5
4,3,45,dummy_prior,727,589,0,0.0641399416909621,0,0.5
4,3,45,dummy_prior,728,623,0,0.0641399416909621,0,0.5
4,3,45,dummy_prior,731,291,0,0.0641399416909621,0,0.5
4,3,45,dummy_prior,743,540,0,0.0641399416909621,0,0.5
4,3,45,dummy_prior,752,676,0,0.0641399416909621,0,0.5
4,3,45,dummy_prior,759,101,0,0.0641399416909621,0,0.5
4,3,45,dummy_prior,765,398,0,0.0641399416909621,0,0.5
4,3,45,dummy_prior,766,206,0,0.0641399416909621,0,0.5
4,3,45,dummy_prior,769,415,0,0.0641399416909621,0,0.5
4,3,45,dummy_prior,772,113,0,0.0641399416909621,0,0.5
4,3,45,dummy_prior,774,801,0,0.0641399416909621,0,0.5
4,3,45,dummy_prior,781,642,1,0.0641399416909621,0,0.5
4,3,45,dummy_prior,785,480,0,0.0641399416909621,0,0.5
4,3,45,dummy_prior,803,106,0,0.0641399416909621,0,0.5
4,3,45,dummy_prior,807,717,0,0.0641399416909621,0,0.5
4,3,45,dummy_prior,813,163,0,0.0641399416909621,0,0.5
4,3,45,dummy_prior,829,666,0,0.0641399416909621,0,0.5
4,3,45,dummy_prior,833,659,0,0.0641399416909621,0,0.5
4,3,45,dummy_prior,837,606,0,0.0641399416909621,0,0.5
4,3,45,dummy_prior,840,346,0,0.0641399416909621,0,0.5
4,3,45,dummy_prior,842,722,0,0.0641399416909621,0,0.5
4,3,45,dummy_prior,843,567,0,0.0641399416909621,0,0.5
4,3,45,dummy_prior,854,616,0,0.0641399416909621,0,0.5
4,3,45,dummy_prior,856,635,0,0.0641399416909621,0,0.5
4,3,45,logistic_regression,4,816,0,0.7079406220873234,1,0.5
4,3,45,logistic_regression,6,823,1,0.5154855702619463,1,0.5
4,3,45,logistic_regression,12,812,0,0.6360086136702974,1,0.5
4,3,45,logistic_regression,16,790,0,0.4702970403030766,0,0.5
4,3,45,logistic_regression,26,765,0,0.39514059632879495,0,0.5
4,3,45,logistic_regression,28,742,0,0.44601463279106623,0,0.5
4,3,45,logistic_regression,45,709,0,0.5113408901177425,1,0.5
4,3,45,logistic_regression,58,683,0,0.5293858569516324,1,0.5
4,3,45,logistic_regression,60,673,0,0.54821213688208,1,0.5
4,3,45,logistic_regression,66,673,0,0.54821213688208,1,0.5
4,3,45,logistic_regression,69,705,0,0.45074516851852653,0,0.5
4,3,45,logistic_regression,72,664,0,0.4839360318733925,0,0.5
4,3,45,logistic_regression,79,684,0,0.4926733489957728,0,0.5
4,3,45,logistic_regression,87,703,0,0.5859452747019606,1,0.5
4,3,45,logistic_regression,100,669,0,0.505506579075827,1,0.5
4,3,45,logistic_regression,102,599,0,0.14445902839070562,0,0.5
4,3,45,logistic_regression,105,674,0,0.453922167565414,0,0.5
4,3,45,logistic_regression,107,653,0,0.4808010741400718,0,0.5
4,3,45,logistic_regression,108,611,0,0.6149191186977986,1,0.5
4,3,45,logistic_regression,110,619,0,0.5673999839799192,1,0.5
4,3,45,logistic_regression,111,626,0,0.12979985875994676,0,0.5
4,3,45,logistic_regression,114,667,0,0.4829351777711564,0,0.5
4,3,45,logistic_regression,116,597,0,0.41815767600699766,0,0.5
4,3,45,logistic_regression,121,579,0,0.5269803663352507,1,0.5
4,3,45,logistic_regression,123,542,0,0.8643485178480235,1,0.5
4,3,45,logistic_regression,126,588,0,0.43533650776733485,0,0.5
4,3,45,logistic_regression,127,520,0,0.45178073854335665,0,0.5
4,3,45,logistic_regression,132,565,0,0.48092751096577385,0,0.5
4,3,45,logistic_regression,143,480,0,0.15824536581825707,0,0.5
4,3,45,logistic_regression,155,507,0,0.5575310516067999,1,0.5
4,3,45,logistic_regression,168,535,0,0.40703871023227106,0,0.5
4,3,45,logistic_regression,169,108,0,0.550105125364679,1,0.5
4,3,45,logistic_regression,173,529,0,0.7148162524824476,1,0.5
4,3,45,logistic_regression,180,414,0,0.4947053431883963,0,0.5
4,3,45,logistic_regression,181,462,0,0.42353877171009335,0,0.5
4,3,45,logistic_regression,182,392,0,0.31752472238354834,0,0.5
4,3,45,logistic_regression,183,491,0,0.4421870332103546,0,0.5
4,3,45,logistic_regression,187,501,0,0.8371054115532365,1,0.5
4,3,45,logistic_regression,193,445,0,0.10757365427011335,0,0.5
4,3,45,logistic_regression,195,429,0,0.5649055065357761,1,0.5
4,3,45,logistic_regression,198,447,0,0.4394398678788935,0,0.5
4,3,45,logistic_regression,199,460,0,0.43148680100732767,0,0.5
4,3,45,logistic_regression,203,494,1,0.7244889594962275,1,0.5
4,3,45,logistic_regression,206,496,0,0.4894953757794391,0,0.5
4,3,45,logistic_regression,210,399,0,0.4788790765009691,0,0.5
4,3,45,logistic_regression,212,431,0,0.6281015176626085,1,0.5
4,3,45,logistic_regression,222,552,0,0.1812161545048808,0,0.5
4,3,45,logistic_regression,223,278,0,0.4709763249206954,0,0.5
4,3,45,logistic_regression,224,351,1,0.7374539993758528,1,0.5
4,3,45,logistic_regression,228,585,0,0.1551231547394461,0,0.5
4,3,45,logistic_regression,237,347,0,0.597101037491603,1,0.5
4,3,45,logistic_regression,241,354,0,0.5514613717215336,1,0.5
4,3,45,logistic_regression,245,253,0,0.4895041356398291,0,0.5
4,3,45,logistic_regression,250,379,0,0.4721406582307211,0,0.5
4,3,45,logistic_regression,255,379,0,0.4721406582307211,0,0.5
4,3,45,logistic_regression,256,366,0,0.12990757221822088,0,0.5
4,3,45,logistic_regression,262,295,0,0.4334895262307973,0,0.5
4,3,45,logistic_regression,271,359,0,0.14196424342038497,0,0.5
4,3,45,logistic_regression,282,219,0,0.530276302673957,1,0.5
4,3,45,logistic_regression,283,389,0,0.5095124464458166,1,0.5
4,3,45,logistic_regression,291,289,0,0.49564212639479116,0,0.5
4,3,45,logistic_regression,306,436,0,0.4555856671083877,0,0.5
4,3,45,logistic_regression,309,322,0,0.4864347923816329,0,0.5
4,3,45,logistic_regression,315,189,0,0.5100299819694851,1,0.5
4,3,45,logistic_regression,318,308,0,0.5487336855752822,1,0.5
4,3,45,logistic_regression,323,268,0,0.28872595235883736,0,0.5
4,3,45,logistic_regression,326,217,0,0.4729229768542835,0,0.5
4,3,45,logistic_regression,334,229,0,0.48205102893619,0,0.5
4,3,45,logistic_regression,342,228,0,0.4592572275329133,0,0.5
4,3,45,logistic_regression,343,159,0,0.15657228435547255,0,0.5
4,3,45,logistic_regression,345,276,1,0.2282607722858834,0,0.5
4,3,45,logistic_regression,348,125,0,0.4387144991693678,0,0.5
4,3,45,logistic_regression,351,155,0,0.49445342091646305,0,0.5
4,3,45,logistic_regression,352,152,0,0.3867158178104019,0,0.5
4,3,45,logistic_regression,357,258,0,0.30660747470490446,0,0.5
4,3,45,logistic_regression,364,147,0,0.41133903190211873,0,0.5
4,3,45,logistic_regression,367,127,0,0.4330576714414281,0,0.5
4,3,45,logistic_regression,370,239,1,0.38745216872683813,0,0.5
4,3,45,logistic_regression,374,243,0,0.2265687977780834,0,0.5
4,3,45,logistic_regression,382,400,0,0.3790343839223779,0,0.5
4,3,45,logistic_regression,390,179,0,0.454838840701056,0,0.5
4,3,45,logistic_regression,397,137,0,0.7514639603926688,1,0.5
4,3,45,logistic_regression,403,64,0,0.3982047641019912,0,0.5
4,3,45,logistic_regression,404,88,0,0.4211235184638397,0,0.5
4,3,45,logistic_regression,408,60,0,0.14460202655778445,0,0.5
4,3,45,logistic_regression,412,87,0,0.13967707747174446,0,0.5
4,3,45,logistic_regression,413,698,0,0.4599807152680104,0,0.5
4,3,45,logistic_regression,418,47,0,0.6939945998449262,1,0.5
4,3,45,logistic_regression,428,29,0,0.4419450038063683,0,0.5
4,3,45,logistic_regression,429,73,0,0.4725413976427507,0,0.5
4,3,45,logistic_regression,438,195,0,0.4163095604715076,0,0.5
4,3,45,logistic_regression,444,80,0,0.4680308486449633,0,0.5
4,3,45,logistic_regression,445,36,0,0.13930453170930465,0,0.5
4,3,45,logistic_regression,446,107,0,0.42523188133443407,0,0.5
4,3,45,logistic_regression,449,75,0,0.47849445213708974,0,0.5
4,3,45,logistic_regression,462,68,0,0.37389732885534077,0,0.5
4,3,45,logistic_regression,465,43,0,0.4332941232312696,0,0.5
4,3,45,logistic_regression,477,751,0,0.4380086679986453,0,0.5
4,3,45,logistic_regression,486,496,0,0.4894953757794391,0,0.5
4,3,45,logistic_regression,489,151,0,0.13164066665390542,0,0.5
4,3,45,logistic_regression,492,658,0,0.5445278838959939,1,0.5
4,3,45,logistic_regression,498,663,0,0.7212900333539852,1,0.5
4,3,45,logistic_regression,501,610,0,0.5991395789265227,1,0.5
4,3,45,logistic_regression,502,369,0,0.49888140408826365,0,0.5
4,3,45,logistic_regression,507,71,0,0.4234035692038418,0,0.5
4,3,45,logistic_regression,509,384,0,0.5008104687340721,1,0.5
4,3,45,logistic_regression,511,38,0,0.4509544047560765,0,0.5
4,3,45,logistic_regression,513,96,0,0.4155255934460737,0,0.5
4,3,45,logistic_regression,518,362,0,0.5516099821762699,1,0.5
4,3,45,logistic_regression,519,123,0,0.4965477658218073,0,0.5
4,3,45,logistic_regression,527,262,0,0.1427263384443179,0,0.5
4,3,45,logistic_regression,530,239,1,0.38745216872683813,0,0.5
4,3,45,logistic_regression,531,119,0,0.5224202418941927,1,0.5
4,3,45,logistic_regression,540,188,0,0.40159449116063123,0,0.5
4,3,45,logistic_regression,541,474,0,0.4460823470767035,0,0.5
4,3,45,logistic_regression,546,213,0,0.7793640508242509,1,0.5
4,3,45,logistic_regression,553,636,0,0.473684439683577,0,0.5
4,3,45,logistic_regression,555,435,0,0.47043324526733665,0,0.5
4,3,45,logistic_regression,556,772,0,0.7506045209660871,1,0.5
4,3,45,logistic_regression,560,748,0,0.6086054702412061,1,0.5
4,3,45,logistic_regression,566,456,0,0.4348103606101383,0,0.5
4,3,45,logistic_regression,573,523,0,0.4950241142605864,0,0.5
4,3,45,logistic_regression,576,464,0,0.139095392877018,0,0.5
4,3,45,logistic_regression,579,730,0,0.538256988073687,1,0.5
4,3,45,logistic_regression,595,248,0,0.34452622236394775,0,0.5
4,3,45,logistic_regression,601,504,0,0.5483406987626974,1,0.5
4,3,45,logistic_regression,605,183,0,0.4864835794101025,0,0.5
4,3,45,logistic_regression,610,230,1,0.4336156872673662,0,0.5
4,3,45,logistic_regression,612,225,0,0.4736522996703963,0,0.5
4,3,45,logistic_regression,615,706,0,0.7348453573239563,1,0.5
4,3,45,logistic_regression,624,118,0,0.4922768030719198,0,0.5
4,3,45,logistic_regression,629,336,0,0.5800110946860132,1,0.5
4,3,45,logistic_regression,644,285,0,0.5693800211179759,1,0.5
4,3,45,logistic_regression,657,260,0,0.5988663373265144,1,0.5
4,3,45,logistic_regression,661,326,0,0.4183831925025239,0,0.5
4,3,45,logistic_regression,662,502,0,0.5479313729818497,1,0.5
4,3,45,logistic_regression,669,755,0,0.22879707926623416,0,0.5
4,3,45,logistic_regression,673,819,1,0.6038614483922411,1,0.5
4,3,45,logistic_regression,675,808,0,0.5823436738176084,1,0.5
4,3,45,logistic_regression,679,822,0,0.6031029648357327,1,0.5
4,3,45,logistic_regression,681,793,0,0.601028026861281,1,0.5
4,3,45,logistic_regression,687,638,1,0.7845726813767792,1,0.5
4,3,45,logistic_regression,688,510,1,0.40790619021829577,0,0.5
4,3,45,logistic_regression,690,8,0,0.6361289991941717,1,0.5
4,3,45,logistic_regression,692,74,0,0.6441793287064165,1,0.5
4,3,45,logistic_regression,710,449,0,0.5302368247416728,1,0.5
4,3,45,logistic_regression,716,144,0,0.40904801783750466,0,0.5
4,3,45,logistic_regression,719,769,0,0.7488594837402133,1,0.5
4,3,45,logistic_regression,727,589,0,0.609001990449412,1,0.5
4,3,45,logistic_regression,728,623,0,0.5868780486473874,1,0.5
4,3,45,logistic_regression,731,291,0,0.4345823295892056,0,0.5
4,3,45,logistic_regression,743,540,0,0.3024663138000618,0,0.5
4,3,45,logistic_regression,752,676,0,0.45412697388733264,0,0.5
4,3,45,logistic_regression,759,101,0,0.4063865303757542,0,0.5
4,3,45,logistic_regression,765,398,0,0.4896209866104571,0,0.5
4,3,45,logistic_regression,766,206,0,0.5312891241338297,1,0.5
4,3,45,logistic_regression,769,415,0,0.1463381789793441,0,0.5
4,3,45,logistic_regression,772,113,0,0.11067155115029215,0,0.5
4,3,45,logistic_regression,774,801,0,0.44590181580341287,0,0.5
4,3,45,logistic_regression,781,642,1,0.16387025418312434,0,0.5
4,3,45,logistic_regression,785,480,0,0.15824536581825707,0,0.5
4,3,45,logistic_regression,803,106,0,0.4031252695528202,0,0.5
4,3,45,logistic_regression,807,717,0,0.6182251709687766,1,0.5
4,3,45,logistic_regression,813,163,0,0.6572616927683046,1,0.5
4,3,45,logistic_regression,829,666,0,0.432856985578388,0,0.5
4,3,45,logistic_regression,833,659,0,0.2721502958391082,0,0.5
4,3,45,logistic_regression,837,606,0,0.2564304728690421,0,0.5
4,3,45,logistic_regression,840,346,0,0.5500353498441634,1,0.5
4,3,45,logistic_regression,842,722,0,0.517451620770388,1,0.5
4,3,45,logistic_regression,843,567,0,0.4890417985905472,0,0.5
4,3,45,logistic_regression,854,616,0,0.5845502804771311,1,0.5
4,3,45,logistic_regression,856,635,0,0.48681997688625295,0,0.5
4,3,45,xgboost,4,816,0,0.17305707931518555,0,0.5
4,3,45,xgboost,6,823,1,0.019831668585538864,0,0.5
4,3,45,xgboost,12,812,0,0.004211916588246822,0,0.5
4,3,45,xgboost,16,790,0,0.006585082039237022,0,0.5
4,3,45,xgboost,26,765,0,0.04224371165037155,0,0.5
4,3,45,xgboost,28,742,0,0.0009059988660737872,0,0.5
4,3,45,xgboost,45,709,0,0.43491503596305847,0,0.5
4,3,45,xgboost,58,683,0,0.08759960532188416,0,0.5
4,3,45,xgboost,60,673,0,0.2252468317747116,0,0.5
4,3,45,xgboost,66,673,0,0.2252468317747116,0,0.5
4,3,45,xgboost,69,705,0,0.2979012131690979,0,0.5
4,3,45,xgboost,72,664,0,0.20539239048957825,0,0.5
4,3,45,xgboost,79,684,0,0.9461798071861267,1,0.5
4,3,45,xgboost,87,703,0,0.46221545338630676,0,0.5
4,3,45,xgboost,100,669,0,0.02084258198738098,0,0.5
4,3,45,xgboost,102,599,0,0.005654860287904739,0,0.5
4,3,45,xgboost,105,674,0,0.2474144846200943,0,0.5
4,3,45,xgboost,107,653,0,0.011608856730163097,0,0.5
4,3,45,xgboost,108,611,0,0.024234216660261154,0,0.5
4,3,45,xgboost,110,619,0,0.00502022122964263,0,0.5
4,3,45,xgboost,111,626,0,0.004198580048978329,0,0.5
4,3,45,xgboost,114,667,0,0.1668701022863388,0,0.5
4,3,45,xgboost,116,597,0,0.31981226801872253,0,0.5
4,3,45,xgboost,121,579,0,0.19657211005687714,0,0.5
4,3,45,xgboost,123,542,0,0.6682056188583374,1,0.5
4,3,45,xgboost,126,588,0,0.44071489572525024,0,0.5
4,3,45,xgboost,127,520,0,0.22286546230316162,0,0.5
4,3,45,xgboost,132,565,0,0.11329133808612823,0,0.5
4,3,45,xgboost,143,480,0,0.08208436518907547,0,0.5
4,3,45,xgboost,155,507,0,0.05159202218055725,0,0.5
4,3,45,xgboost,168,535,0,0.04801178723573685,0,0.5
4,3,45,xgboost,169,108,0,0.022590452805161476,0,0.5
4,3,45,xgboost,173,529,0,0.7593585848808289,1,0.5
4,3,45,xgboost,180,414,0,0.006431069690734148,0,0.5
4,3,45,xgboost,181,462,0,0.0594743974506855,0,0.5
4,3,45,xgboost,182,392,0,0.5417886972427368,1,0.5
4,3,45,xgboost,183,491,0,0.8450109362602234,1,0.5
4,3,45,xgboost,187,501,0,0.182530477643013,0,0.5
4,3,45,xgboost,193,445,0,1.5034092939458787e-05,0,0.5
4,3,45,xgboost,195,429,0,0.004928987007588148,0,0.5
4,3,45,xgboost,198,447,0,0.008667713962495327,0,0.5
4,3,45,xgboost,199,460,0,0.2783007025718689,0,0.5
4,3,45,xgboost,203,494,1,0.9218296408653259,1,0.5
4,3,45,xgboost,206,496,0,0.0760275349020958,0,0.5
4,3,45,xgboost,210,399,0,0.27859076857566833,0,0.5
4,3,45,xgboost,212,431,0,0.2656722068786621,0,0.5
4,3,45,xgboost,222,552,0,0.6499030590057373,1,0.5
4,3,45,xgboost,223,278,0,0.004331691190600395,0,0.5
4,3,45,xgboost,224,351,1,0.605927050113678,1,0.5
4,3,45,xgboost,228,585,0,0.019317537546157837,0,0.5
4,3,45,xgboost,237,347,0,0.4071930944919586,0,0.5
4,3,45,xgboost,241,354,0,0.007323367986828089,0,0.5
4,3,45,xgboost,245,253,0,0.2621712386608124,0,0.5
4,3,45,xgboost,250,379,0,0.23623909056186676,0,0.5
4,3,45,xgboost,255,379,0,0.23623909056186676,0,0.5
4,3,45,xgboost,256,366,0,0.0003264684637542814,0,0.5
4,3,45,xgboost,262,295,0,0.0003072291729040444,0,0.5
4,3,45,xgboost,271,359,0,0.012446084059774876,0,0.5
4,3,45,xgboost,282,219,0,0.3238256573677063,0,0.5
4,3,45,xgboost,283,389,0,0.41930025815963745,0,0.5
4,3,45,xgboost,291,289,0,0.11546194553375244,0,0.5
4,3,45,xgboost,306,436,0,0.02385634556412697,0,0.5
4,3,45,xgboost,309,322,0,0.009374762885272503,0,0.5
4,3,45,xgboost,315,189,0,0.08560584485530853,0,0.5
4,3,45,xgboost,318,308,0,0.0055716997012495995,0,0.5
4,3,45,xgboost,323,268,0,0.03389790654182434,0,0.5
4,3,45,xgboost,326,217,0,0.22504130005836487,0,0.5
4,3,45,xgboost,334,229,0,0.3308812379837036,0,0.5
4,3,45,xgboost,342,228,0,0.03933580964803696,0,0.5
4,3,45,xgboost,343,159,0,0.018969116732478142,0,0.5
4,3,45,xgboost,345,276,1,0.004428792279213667,0,0.5
4,3,45,xgboost,348,125,0,0.4763316512107849,0,0.5
4,3,45,xgboost,351,155,0,0.027731575071811676,0,0.5
4,3,45,xgboost,352,152,0,0.030676553025841713,0,0.5
4,3,45,xgboost,357,258,0,0.13719817996025085,0,0.5
4,3,45,xgboost,364,147,0,0.062109436839818954,0,0.5
4,3,45,xgboost,367,127,0,0.2018306851387024,0,0.5
4,3,45,xgboost,370,239,1,0.04211795702576637,0,0.5
4,3,45,xgboost,374,243,0,0.03414544463157654,0,0.5
4,3,45,xgboost,382,400,0,0.004573564976453781,0,0.5
4,3,45,xgboost,390,179,0,0.4300802946090698,0,0.5
4,3,45,xgboost,397,137,0,0.03203894570469856,0,0.5
4,3,45,xgboost,403,64,0,0.337798535823822,0,0.5
4,3,45,xgboost,404,88,0,0.09861849248409271,0,0.5
4,3,45,xgboost,408,60,0,0.007068405393511057,0,0.5
4,3,45,xgboost,412,87,0,0.004483018536120653,0,0.5
4,3,45,xgboost,413,698,0,0.03193007409572601,0,0.5
4,3,45,xgboost,418,47,0,0.10082507133483887,0,0.5
4,3,45,xgboost,428,29,0,0.025219203904271126,0,0.5
4,3,45,xgboost,429,73,0,0.03339415788650513,0,0.5
4,3,45,xgboost,438,195,0,0.4505269527435303,0,0.5
4,3,45,xgboost,444,80,0,0.13939286768436432,0,0.5
4,3,45,xgboost,445,36,0,0.004654986318200827,0,0.5
4,3,45,xgboost,446,107,0,0.029874606058001518,0,0.5
4,3,45,xgboost,449,75,0,0.038440316915512085,0,0.5
4,3,45,xgboost,462,68,0,0.07587773352861404,0,0.5
4,3,45,xgboost,465,43,0,0.02681819535791874,0,0.5
4,3,45,xgboost,477,751,0,0.6614877581596375,1,0.5
4,3,45,xgboost,486,496,0,0.0760275349020958,0,0.5
4,3,45,xgboost,489,151,0,0.0015464291209354997,0,0.5
4,3,45,xgboost,492,658,0,0.2280295342206955,0,0.5
4,3,45,xgboost,498,663,0,0.28757238388061523,0,0.5
4,3,45,xgboost,501,610,0,0.012042184360325336,0,0.5
4,3,45,xgboost,502,369,0,0.04943639412522316,0,0.5
4,3,45,xgboost,507,71,0,0.02595462091267109,0,0.5
4,3,45,xgboost,509,384,0,0.002541306894272566,0,0.5
4,3,45,xgboost,511,38,0,0.01514209434390068,0,0.5
4,3,45,xgboost,513,96,0,0.2248695343732834,0,0.5
4,3,45,xgboost,518,362,0,0.01564234122633934,0,0.5
4,3,45,xgboost,519,123,0,0.6165351867675781,1,0.5
4,3,45,xgboost,527,262,0,0.004546826239675283,0,0.5
4,3,45,xgboost,530,239,1,0.04211795702576637,0,0.5
4,3,45,xgboost,531,119,0,0.32461243867874146,0,0.5
4,3,45,xgboost,540,188,0,0.04255269467830658,0,0.5
4,3,45,xgboost,541,474,0,0.03353532776236534,0,0.5
4,3,45,xgboost,546,213,0,0.9247110486030579,1,0.5
4,3,45,xgboost,553,636,0,0.20330606400966644,0,0.5
4,3,45,xgboost,555,435,0,0.5322431325912476,1,0.5
4,3,45,xgboost,556,772,0,0.3668677806854248,0,0.5
4,3,45,xgboost,560,748,0,0.08695793151855469,0,0.5
4,3,45,xgboost,566,456,0,0.1606835424900055,0,0.5
4,3,45,xgboost,573,523,0,0.21325024962425232,0,0.5
4,3,45,xgboost,576,464,0,0.017111867666244507,0,0.5
4,3,45,xgboost,579,730,0,0.04852193221449852,0,0.5
4,3,45,xgboost,595,248,0,0.006314963102340698,0,0.5
4,3,45,xgboost,601,504,0,0.14042234420776367,0,0.5
4,3,45,xgboost,605,183,0,0.07133356481790543,0,0.5
4,3,45,xgboost,610,230,1,0.30620601773262024,0,0.5
4,3,45,xgboost,612,225,0,0.3547891676425934,0,0.5
4,3,45,xgboost,615,706,0,0.08645331114530563,0,0.5
4,3,45,xgboost,624,118,0,0.05587282404303551,0,0.5
4,3,45,xgboost,629,336,0,0.11091924458742142,0,0.5
4,3,45,xgboost,644,285,0,0.10121174901723862,0,0.5
4,3,45,xgboost,657,260,0,0.07835672795772552,0,0.5
4,3,45,xgboost,661,326,0,0.0029768801759928465,0,0.5
4,3,45,xgboost,662,502,0,0.02105584554374218,0,0.5
4,3,45,xgboost,669,755,0,0.027323385700583458,0,0.5
4,3,45,xgboost,673,819,1,0.01192815974354744,0,0.5
4,3,45,xgboost,675,808,0,0.06653423607349396,0,0.5
4,3,45,xgboost,679,822,0,0.016576332971453667,0,0.5
4,3,45,xgboost,681,793,0,0.003017041366547346,0,0.5
4,3,45,xgboost,687,638,1,0.09213800728321075,0,0.5
4,3,45,xgboost,688,510,1,0.4961998760700226,0,0.5
4,3,45,xgboost,690,8,0,0.011374474503099918,0,0.5
4,3,45,xgboost,692,74,0,0.5493190288543701,1,0.5
4,3,45,xgboost,710,449,0,0.20915673673152924,0,0.5
4,3,45,xgboost,716,144,0,0.1463286429643631,0,0.5
4,3,45,xgboost,719,769,0,0.8227056860923767,1,0.5
4,3,45,xgboost,727,589,0,0.16363929212093353,0,0.5
4,3,45,xgboost,728,623,0,0.0031496856827288866,0,0.5
4,3,45,xgboost,731,291,0,0.008217815309762955,0,0.5
4,3,45,xgboost,743,540,0,0.27165693044662476,0,0.5
4,3,45,xgboost,752,676,0,0.04816972836852074,0,0.5
4,3,45,xgboost,759,101,0,0.012367291375994682,0,0.5
4,3,45,xgboost,765,398,0,0.3462601602077484,0,0.5
4,3,45,xgboost,766,206,0,0.08761532604694366,0,0.5
4,3,45,xgboost,769,415,0,0.011690348386764526,0,0.5
4,3,45,xgboost,772,113,0,6.522373587358743e-05,0,0.5
4,3,45,xgboost,774,801,0,0.0011671308893710375,0,0.5
4,3,45,xgboost,781,642,1,0.28838109970092773,0,0.5
4,3,45,xgboost,785,480,0,0.08208436518907547,0,0.5
4,3,45,xgboost,803,106,0,0.12419654428958893,0,0.5
4,3,45,xgboost,807,717,0,0.00610774289816618,0,0.5
4,3,45,xgboost,813,163,0,0.931648850440979,1,0.5
4,3,45,xgboost,829,666,0,0.12269233167171478,0,0.5
4,3,45,xgboost,833,659,0,0.04445387050509453,0,0.5
4,3,45,xgboost,837,606,0,0.000257257983321324,0,0.5
4,3,45,xgboost,840,346,0,0.002891430864110589,0,0.5
4,3,45,xgboost,842,722,0,0.0023469598963856697,0,0.5
4,3,45,xgboost,843,567,0,0.12379904091358185,0,0.5
4,3,45,xgboost,854,616,0,0.0031221492681652308,0,0.5
4,3,45,xgboost,856,635,0,0.09061244130134583,0,0.5
4,4,45,dummy_prior,8,809,0,0.06404657933042213,0,0.5
4,4,45,dummy_prior,10,807,0,0.06404657933042213,0,0.5
4,4,45,dummy_prior,17,799,0,0.06404657933042213,0,0.5
4,4,45,dummy_prior,22,766,1,0.06404657933042213,0,0.5
4,4,45,dummy_prior,23,767,1,0.06404657933042213,0,0.5
4,4,45,dummy_prior,27,759,0,0.06404657933042213,0,0.5
4,4,45,dummy_prior,32,738,0,0.06404657933042213,0,0.5
4,4,45,dummy_prior,33,734,0,0.06404657933042213,0,0.5
4,4,45,dummy_prior,34,749,0,0.06404657933042213,0,0.5
4,4,45,dummy_prior,35,737,0,0.06404657933042213,0,0.5
4,4,45,dummy_prior,37,747,0,0.06404657933042213,0,0.5
4,4,45,dummy_prior,40,746,0,0.06404657933042213,0,0.5
4,4,45,dummy_prior,41,732,1,0.06404657933042213,0,0.5
4,4,45,dummy_prior,47,770,0,0.06404657933042213,0,0.5
4,4,45,dummy_prior,49,739,0,0.06404657933042213,0,0.5
4,4,45,dummy_prior,52,729,0,0.06404657933042213,0,0.5
4,4,45,dummy_prior,57,647,0,0.06404657933042213,0,0.5
4,4,45,dummy_prior,62,679,0,0.06404657933042213,0,0.5
4,4,45,dummy_prior,63,629,0,0.06404657933042213,0,0.5
4,4,45,dummy_prior,68,696,0,0.06404657933042213,0,0.5
4,4,45,dummy_prior,75,686,0,0.06404657933042213,0,0.5
4,4,45,dummy_prior,81,593,0,0.06404657933042213,0,0.5
4,4,45,dummy_prior,84,713,0,0.06404657933042213,0,0.5
4,4,45,dummy_prior,95,604,0,0.06404657933042213,0,0.5
4,4,45,dummy_prior,104,633,0,0.06404657933042213,0,0.5
4,4,45,dummy_prior,117,570,0,0.06404657933042213,0,0.5
4,4,45,dummy_prior,136,586,0,0.06404657933042213,0,0.5
4,4,45,dummy_prior,138,517,0,0.06404657933042213,0,0.5
4,4,45,dummy_prior,142,591,0,0.06404657933042213,0,0.5
4,4,45,dummy_prior,144,558,0,0.06404657933042213,0,0.5
4,4,45,dummy_prior,147,533,0,0.06404657933042213,0,0.5
4,4,45,dummy_prior,150,489,0,0.06404657933042213,0,0.5
4,4,45,dummy_prior,152,438,0,0.06404657933042213,0,0.5
4,4,45,dummy_prior,163,509,1,0.06404657933042213,0,0.5
4,4,45,dummy_prior,177,468,0,0.06404657933042213,0,0.5
4,4,45,dummy_prior,178,472,0,0.06404657933042213,0,0.5
4,4,45,dummy_prior,186,404,0,0.06404657933042213,0,0.5
4,4,45,dummy_prior,188,475,0,0.06404657933042213,0,0.5
4,4,45,dummy_prior,189,380,0,0.06404657933042213,0,0.5
4,4,45,dummy_prior,201,441,0,0.06404657933042213,0,0.5
4,4,45,dummy_prior,211,453,0,0.06404657933042213,0,0.5
4,4,45,dummy_prior,215,372,0,0.06404657933042213,0,0.5
4,4,45,dummy_prior,217,408,0,0.06404657933042213,0,0.5
4,4,45,dummy_prior,220,406,0,0.06404657933042213,0,0.5
4,4,45,dummy_prior,221,407,0,0.06404657933042213,0,0.5
4,4,45,dummy_prior,226,409,0,0.06404657933042213,0,0.5
4,4,45,dummy_prior,227,394,0,0.06404657933042213,0,0.5
4,4,45,dummy_prior,229,466,0,0.06404657933042213,0,0.5
4,4,45,dummy_prior,234,406,0,0.06404657933042213,0,0.5
4,4,45,dummy_prior,235,378,0,0.06404657933042213,0,0.5
4,4,45,dummy_prior,243,402,0,0.06404657933042213,0,0.5
4,4,45,dummy_prior,246,487,0,0.06404657933042213,0,0.5
4,4,45,dummy_prior,248,381,0,0.06404657933042213,0,0.5
4,4,45,dummy_prior,253,279,0,0.06404657933042213,0,0.5
4,4,45,dummy_prior,259,329,0,0.06404657933042213,0,0.5
4,4,45,dummy_prior,274,349,0,0.06404657933042213,0,0.5
4,4,45,dummy_prior,279,263,0,0.06404657933042213,0,0.5
4,4,45,dummy_prior,284,252,0,0.06404657933042213,0,0.5
4,4,45,dummy_prior,285,430,0,0.06404657933042213,0,0.5
4,4,45,dummy_prior,288,300,0,0.06404657933042213,0,0.5
4,4,45,dummy_prior,295,283,0,0.06404657933042213,0,0.5
4,4,45,dummy_prior,308,382,0,0.06404657933042213,0,0.5
4,4,45,dummy_prior,310,307,0,0.06404657933042213,0,0.5
4,4,45,dummy_prior,312,313,0,0.06404657933042213,0,0.5
4,4,45,dummy_prior,313,370,0,0.06404657933042213,0,0.5
4,4,45,dummy_prior,316,348,0,0.06404657933042213,0,0.5
4,4,45,dummy_prior,327,173,0,0.06404657933042213,0,0.5
4,4,45,dummy_prior,329,290,0,0.06404657933042213,0,0.5
4,4,45,dummy_prior,330,207,0,0.06404657933042213,0,0.5
4,4,45,dummy_prior,333,274,0,0.06404657933042213,0,0.5
4,4,45,dummy_prior,341,121,0,0.06404657933042213,0,0.5
4,4,45,dummy_prior,344,79,0,0.06404657933042213,0,0.5
4,4,45,dummy_prior,349,235,0,0.06404657933042213,0,0.5
4,4,45,dummy_prior,356,79,0,0.06404657933042213,0,0.5
4,4,45,dummy_prior,358,212,0,0.06404657933042213,0,0.5
4,4,45,dummy_prior,365,178,0,0.06404657933042213,0,0.5
4,4,45,dummy_prior,368,203,0,0.06404657933042213,0,0.5
4,4,45,dummy_prior,375,249,0,0.06404657933042213,0,0.5
4,4,45,dummy_prior,376,786,0,0.06404657933042213,0,0.5
4,4,45,dummy_prior,383,134,1,0.06404657933042213,0,0.5
4,4,45,dummy_prior,385,234,0,0.06404657933042213,0,0.5
4,4,45,dummy_prior,386,90,0,0.06404657933042213,0,0.5
4,4,45,dummy_prior,391,69,0,0.06404657933042213,0,0.5
4,4,45,dummy_prior,396,100,0,0.06404657933042213,0,0.5
4,4,45,dummy_prior,399,209,0,0.06404657933042213,0,0.5
4,4,45,dummy_prior,401,210,0,0.06404657933042213,0,0.5
4,4,45,dummy_prior,405,61,0,0.06404657933042213,0,0.5
4,4,45,dummy_prior,425,35,0,0.06404657933042213,0,0.5
4,4,45,dummy_prior,426,114,0,0.06404657933042213,0,0.5
4,4,45,dummy_prior,433,28,0,0.06404657933042213,0,0.5
4,4,45,dummy_prior,436,39,0,0.06404657933042213,0,0.5
4,4,45,dummy_prior,437,26,0,0.06404657933042213,0,0.5
4,4,45,dummy_prior,442,26,0,0.06404657933042213,0,0.5
4,4,45,dummy_prior,447,63,0,0.06404657933042213,0,0.5
4,4,45,dummy_prior,456,24,0,0.06404657933042213,0,0.5
4,4,45,dummy_prior,458,35,0,0.06404657933042213,0,0.5
4,4,45,dummy_prior,459,3,0,0.06404657933042213,0,0.5
4,4,45,dummy_prior,470,764,0,0.06404657933042213,0,0.5
4,4,45,dummy_prior,471,94,0,0.06404657933042213,0,0.5
4,4,45,dummy_prior,473,787,0,0.06404657933042213,0,0.5
4,4,45,dummy_prior,478,534,0,0.06404657933042213,0,0.5
4,4,45,dummy_prior,480,575,0,0.06404657933042213,0,0.5
4,4,45,dummy_prior,487,483,0,0.06404657933042213,0,0.5
4,4,45,dummy_prior,488,337,0,0.06404657933042213,0,0.5
4,4,45,dummy_prior,496,451,1,0.06404657933042213,0,0.5
4,4,45,dummy_prior,500,763,0,0.06404657933042213,0,0.5
4,4,45,dummy_prior,508,590,0,0.06404657933042213,0,0.5
4,4,45,dummy_prior,517,514,0,0.06404657933042213,0,0.5
4,4,45,dummy_prior,532,364,0,0.06404657933042213,0,0.5
4,4,45,dummy_prior,533,425,0,0.06404657933042213,0,0.5
4,4,45,dummy_prior,536,24,0,0.06404657933042213,0,0.5
4,4,45,dummy_prior,539,76,1,0.06404657933042213,0,0.5
4,4,45,dummy_prior,543,40,0,0.06404657933042213,0,0.5
4,4,45,dummy_prior,554,20,0,0.06404657933042213,0,0.5
4,4,45,dummy_prior,557,458,0,0.06404657933042213,0,0.5
4,4,45,dummy_prior,563,712,0,0.06404657933042213,0,0.5
4,4,45,dummy_prior,568,338,0,0.06404657933042213,0,0.5
4,4,45,dummy_prior,572,373,0,0.06404657933042213,0,0.5
4,4,45,dummy_prior,578,126,1,0.06404657933042213,0,0.5
4,4,45,dummy_prior,582,198,0,0.06404657933042213,0,0.5
4,4,45,dummy_prior,585,648,0,0.06404657933042213,0,0.5
4,4,45,dummy_prior,588,813,0,0.06404657933042213,0,0.5
4,4,45,dummy_prior,589,784,0,0.06404657933042213,0,0.5
4,4,45,dummy_prior,590,56,0,0.06404657933042213,0,0.5
4,4,45,dummy_prior,592,321,0,0.06404657933042213,0,0.5
4,4,45,dummy_prior,596,83,0,0.06404657933042213,0,0.5
4,4,45,dummy_prior,603,440,0,0.06404657933042213,0,0.5
4,4,45,dummy_prior,604,318,0,0.06404657933042213,0,0.5
4,4,45,dummy_prior,607,566,0,0.06404657933042213,0,0.5
4,4,45,dummy_prior,609,416,0,0.06404657933042213,0,0.5
4,4,45,dummy_prior,633,261,0,0.06404657933042213,0,0.5
4,4,45,dummy_prior,642,512,0,0.06404657933042213,0,0.5
4,4,45,dummy_prior,646,27,0,0.06404657933042213,0,0.5
4,4,45,dummy_prior,652,826,0,0.06404657933042213,0,0.5
4,4,45,dummy_prior,660,33,0,0.06404657933042213,0,0.5
4,4,45,dummy_prior,666,67,0,0.06404657933042213,0,0.5
4,4,45,dummy_prior,670,817,1,0.06404657933042213,0,0.5
4,4,45,dummy_prior,682,827,0,0.06404657933042213,0,0.5
4,4,45,dummy_prior,693,98,1,0.06404657933042213,0,0.5
4,4,45,dummy_prior,706,81,0,0.06404657933042213,0,0.5
4,4,45,dummy_prior,712,317,0,0.06404657933042213,0,0.5
4,4,45,dummy_prior,718,246,0,0.06404657933042213,0,0.5
4,4,45,dummy_prior,725,214,0,0.06404657933042213,0,0.5
4,4,45,dummy_prior,729,327,0,0.06404657933042213,0,0.5
4,4,45,dummy_prior,730,775,0,0.06404657933042213,0,0.5
4,4,45,dummy_prior,736,725,0,0.06404657933042213,0,0.5
4,4,45,dummy_prior,746,342,0,0.06404657933042213,0,0.5
4,4,45,dummy_prior,753,166,1,0.06404657933042213,0,0.5
4,4,45,dummy_prior,755,563,0,0.06404657933042213,0,0.5
4,4,45,dummy_prior,762,139,0,0.06404657933042213,0,0.5
4,4,45,dummy_prior,773,23,0,0.06404657933042213,0,0.5
4,4,45,dummy_prior,776,45,0,0.06404657933042213,0,0.5
4,4,45,dummy_prior,777,744,0,0.06404657933042213,0,0.5
4,4,45,dummy_prior,780,110,0,0.06404657933042213,0,0.5
4,4,45,dummy_prior,783,84,0,0.06404657933042213,0,0.5
4,4,45,dummy_prior,784,403,0,0.06404657933042213,0,0.5
4,4,45,dummy_prior,789,164,0,0.06404657933042213,0,0.5
4,4,45,dummy_prior,790,350,0,0.06404657933042213,0,0.5
4,4,45,dummy_prior,791,15,0,0.06404657933042213,0,0.5
4,4,45,dummy_prior,793,353,0,0.06404657933042213,0,0.5
4,4,45,dummy_prior,795,690,0,0.06404657933042213,0,0.5
4,4,45,dummy_prior,796,605,0,0.06404657933042213,0,0.5
4,4,45,dummy_prior,804,543,0,0.06404657933042213,0,0.5
4,4,45,dummy_prior,820,352,0,0.06404657933042213,0,0.5
4,4,45,dummy_prior,824,720,0,0.06404657933042213,0,0.5
4,4,45,dummy_prior,827,688,0,0.06404657933042213,0,0.5
4,4,45,dummy_prior,834,569,0,0.06404657933042213,0,0.5
4,4,45,dummy_prior,838,694,0,0.06404657933042213,0,0.5
4,4,45,dummy_prior,839,601,0,0.06404657933042213,0,0.5
4,4,45,dummy_prior,849,620,0,0.06404657933042213,0,0.5
4,4,45,dummy_prior,850,117,0,0.06404657933042213,0,0.5
4,4,45,logistic_regression,8,809,0,0.4995687566504596,0,0.5
4,4,45,logistic_regression,10,807,0,0.4986965897025091,0,0.5
4,4,45,logistic_regression,17,799,0,0.5410773653620724,1,0.5
4,4,45,logistic_regression,22,766,1,0.6464281392113287,1,0.5
4,4,45,logistic_regression,23,767,1,0.5315198178203581,1,0.5
4,4,45,logistic_regression,27,759,0,0.4882948513136475,0,0.5
4,4,45,logistic_regression,32,738,0,0.39352166449345616,0,0.5
4,4,45,logistic_regression,33,734,0,0.5664778548114869,1,0.5
4,4,45,logistic_regression,34,749,0,0.6372714085831854,1,0.5
4,4,45,logistic_regression,35,737,0,0.5924407435438241,1,0.5
4,4,45,logistic_regression,37,747,0,0.3632588184533701,0,0.5
4,4,45,logistic_regression,40,746,0,0.444760646552543,0,0.5
4,4,45,logistic_regression,41,732,1,0.7805896694103727,1,0.5
4,4,45,logistic_regression,47,770,0,0.5908699441009052,1,0.5
4,4,45,logistic_regression,49,739,0,0.4533798015080787,0,0.5
4,4,45,logistic_regression,52,729,0,0.47551943023242954,0,0.5
4,4,45,logistic_regression,57,647,0,0.5612347032343097,1,0.5
4,4,45,logistic_regression,62,679,0,0.4426405570893217,0,0.5
4,4,45,logistic_regression,63,629,0,0.8222849111590795,1,0.5
4,4,45,logistic_regression,68,696,0,0.8239031621377113,1,0.5
4,4,45,logistic_regression,75,686,0,0.4492373231340367,0,0.5
4,4,45,logistic_regression,81,593,0,0.7362676521385296,1,0.5
4,4,45,logistic_regression,84,713,0,0.2698550026695364,0,0.5
4,4,45,logistic_regression,95,604,0,0.18733924158175605,0,0.5
4,4,45,logistic_regression,104,633,0,0.5104886240942768,1,0.5
4,4,45,logistic_regression,117,570,0,0.33645509967770715,0,0.5
4,4,45,logistic_regression,136,586,0,0.1565390141548926,0,0.5
4,4,45,logistic_regression,138,517,0,0.4502575679742982,0,0.5
4,4,45,logistic_regression,142,591,0,0.26461100474197347,0,0.5
4,4,45,logistic_regression,144,558,0,0.41482331216439117,0,0.5
4,4,45,logistic_regression,147,533,0,0.3006629123718671,0,0.5
4,4,45,logistic_regression,150,489,0,0.44388287492602224,0,0.5
4,4,45,logistic_regression,152,438,0,0.47075085721561255,0,0.5
4,4,45,logistic_regression,163,509,1,0.4983462706214995,0,0.5
4,4,45,logistic_regression,177,468,0,0.4435578772502667,0,0.5
4,4,45,logistic_regression,178,472,0,0.20359260114450006,0,0.5
4,4,45,logistic_regression,186,404,0,0.8969321762388478,1,0.5
4,4,45,logistic_regression,188,475,0,0.4791336359093791,0,0.5
4,4,45,logistic_regression,189,380,0,0.45911786906115426,0,0.5
4,4,45,logistic_regression,201,441,0,0.5402515898186092,1,0.5
4,4,45,logistic_regression,211,453,0,0.44556462668485775,0,0.5
4,4,45,logistic_regression,215,372,0,0.4071659267811647,0,0.5
4,4,45,logistic_regression,217,408,0,0.43532506662306,0,0.5
4,4,45,logistic_regression,220,406,0,0.14393656557884194,0,0.5
4,4,45,logistic_regression,221,407,0,0.2258673540266132,0,0.5
4,4,45,logistic_regression,226,409,0,0.43048790987812185,0,0.5
4,4,45,logistic_regression,227,394,0,0.7650748484844466,1,0.5
4,4,45,logistic_regression,229,466,0,0.4992342345438197,0,0.5
4,4,45,logistic_regression,234,406,0,0.14393656557884194,0,0.5
4,4,45,logistic_regression,235,378,0,0.4086815796838158,0,0.5
4,4,45,logistic_regression,243,402,0,0.19310053404441557,0,0.5
4,4,45,logistic_regression,246,487,0,0.47160071587719504,0,0.5
4,4,45,logistic_regression,248,381,0,0.47187796385354175,0,0.5
4,4,45,logistic_regression,253,279,0,0.4372235090124428,0,0.5
4,4,45,logistic_regression,259,329,0,0.6074874883024449,1,0.5
4,4,45,logistic_regression,274,349,0,0.4427182462080573,0,0.5
4,4,45,logistic_regression,279,263,0,0.30031393373117,0,0.5
4,4,45,logistic_regression,284,252,0,0.1602259221724089,0,0.5
4,4,45,logistic_regression,285,430,0,0.4409776533591924,0,0.5
4,4,45,logistic_regression,288,300,0,0.48284434412240607,0,0.5
4,4,45,logistic_regression,295,283,0,0.6816469940523491,1,0.5
4,4,45,logistic_regression,308,382,0,0.4709666533886527,0,0.5
4,4,45,logistic_regression,310,307,0,0.4100327914247335,0,0.5
4,4,45,logistic_regression,312,313,0,0.437714581490427,0,0.5
4,4,45,logistic_regression,313,370,0,0.46928053808654285,0,0.5
4,4,45,logistic_regression,316,348,0,0.17282661059317833,0,0.5
4,4,45,logistic_regression,327,173,0,0.4331341003671408,0,0.5
4,4,45,logistic_regression,329,290,0,0.4512475668196229,0,0.5
4,4,45,logistic_regression,330,207,0,0.15600986958992807,0,0.5
4,4,45,logistic_regression,333,274,0,0.49287117056344626,0,0.5
4,4,45,logistic_regression,341,121,0,0.1564325568672572,0,0.5
4,4,45,logistic_regression,344,79,0,0.42457789043395383,0,0.5
4,4,45,logistic_regression,349,235,0,0.4331823636075857,0,0.5
4,4,45,logistic_regression,356,79,0,0.42457789043395383,0,0.5
4,4,45,logistic_regression,358,212,0,0.4064479193484913,0,0.5
4,4,45,logistic_regression,365,178,0,0.5501700017413822,1,0.5
4,4,45,logistic_regression,368,203,0,0.36828401881152506,0,0.5
4,4,45,logistic_regression,375,249,0,0.42507739977553904,0,0.5
4,4,45,logistic_regression,376,786,0,0.8038456526228143,1,0.5
4,4,45,logistic_regression,383,134,1,0.4298136216754029,0,0.5
4,4,45,logistic_regression,385,234,0,0.44330020095309897,0,0.5
4,4,45,logistic_regression,386,90,0,0.4960537785457183,0,0.5
4,4,45,logistic_regression,391,69,0,0.13920495363860233,0,0.5
4,4,45,logistic_regression,396,100,0,0.1622591257333095,0,0.5
4,4,45,logistic_regression,399,209,0,0.4191314764034831,0,0.5
4,4,45,logistic_regression,401,210,0,0.453890197385068,0,0.5
4,4,45,logistic_regression,405,61,0,0.1619664957109906,0,0.5
4,4,45,logistic_regression,425,35,0,0.4310786167217615,0,0.5
4,4,45,logistic_regression,426,114,0,0.7476989838967274,1,0.5
4,4,45,logistic_regression,433,28,0,0.39324250618573464,0,0.5
4,4,45,logistic_regression,436,39,0,0.16589311390753622,0,0.5
4,4,45,logistic_regression,437,26,0,0.4199481422928222,0,0.5
4,4,45,logistic_regression,442,26,0,0.4199481422928222,0,0.5
4,4,45,logistic_regression,447,63,0,0.44097203831236814,0,0.5
4,4,45,logistic_regression,456,24,0,0.4181478943712002,0,0.5
4,4,45,logistic_regression,458,35,0,0.4310786167217615,0,0.5
4,4,45,logistic_regression,459,3,0,0.4282401764124762,0,0.5
4,4,45,logistic_regression,470,764,0,0.5114978479772442,1,0.5
4,4,45,logistic_regression,471,94,0,0.40695077455436696,0,0.5
4,4,45,logistic_regression,473,787,0,0.53065531878479,1,0.5
4,4,45,logistic_regression,478,534,0,0.5398672644662187,1,0.5
4,4,45,logistic_regression,480,575,0,0.10689851357396757,0,0.5
4,4,45,logistic_regression,487,483,0,0.43990013960612423,0,0.5
4,4,45,logistic_regression,488,337,0,0.4526401627205174,0,0.5
4,4,45,logistic_regression,496,451,1,0.4276144894311195,0,0.5
4,4,45,logistic_regression,500,763,0,0.45690749896358224,0,0.5
4,4,45,logistic_regression,508,590,0,0.7635776268935156,1,0.5
4,4,45,logistic_regression,517,514,0,0.4496915584689924,0,0.5
4,4,45,logistic_regression,532,364,0,0.43375961694467946,0,0.5
4,4,45,logistic_regression,533,425,0,0.4435093625293999,0,0.5
4,4,45,logistic_regression,536,24,0,0.4181478943712002,0,0.5
4,4,45,logistic_regression,539,76,1,0.6941366283305915,1,0.5
4,4,45,logistic_regression,543,40,0,0.4269908763605152,0,0.5
4,4,45,logistic_regression,554,20,0,0.42033999484645335,0,0.5
4,4,45,logistic_regression,557,458,0,0.43514386805115185,0,0.5
4,4,45,logistic_regression,563,712,0,0.4793051750675544,0,0.5
4,4,45,logistic_regression,568,338,0,0.43127425127941466,0,0.5
4,4,45,logistic_regression,572,373,0,0.5301859343103215,1,0.5
4,4,45,logistic_regression,578,126,1,0.40005501290058915,0,0.5
4,4,45,logistic_regression,582,198,0,0.47159567584720985,0,0.5
4,4,45,logistic_regression,585,648,0,0.4613245235949469,0,0.5
4,4,45,logistic_regression,588,813,0,0.5335441769528211,1,0.5
4,4,45,logistic_regression,589,784,0,0.4749140683370261,0,0.5
4,4,45,logistic_regression,590,56,0,0.3639906854028824,0,0.5
4,4,45,logistic_regression,592,321,0,0.6233142875069079,1,0.5
4,4,45,logistic_regression,596,83,0,0.3929994469761613,0,0.5
4,4,45,logistic_regression,603,440,0,0.1943523749812878,0,0.5
4,4,45,logistic_regression,604,318,0,0.46342063280910106,0,0.5
4,4,45,logistic_regression,607,566,0,0.17941552475584588,0,0.5
4,4,45,logistic_regression,609,416,0,0.5294816294237944,1,0.5
4,4,45,logistic_regression,633,261,0,0.17117699763902786,0,0.5
4,4,45,logistic_regression,642,512,0,0.5280389921294567,1,0.5
4,4,45,logistic_regression,646,27,0,0.38792738866471255,0,0.5
4,4,45,logistic_regression,652,826,0,0.6923829971938257,1,0.5
4,4,45,logistic_regression,660,33,0,0.4292659653010635,0,0.5
4,4,45,logistic_regression,666,67,0,0.42132532862346694,0,0.5
4,4,45,logistic_regression,670,817,1,0.5912201707281901,1,0.5
4,4,45,logistic_regression,682,827,0,0.6884780523523127,1,0.5
4,4,45,logistic_regression,693,98,1,0.5799879719937244,1,0.5
4,4,45,logistic_regression,706,81,0,0.5359734992089797,1,0.5
4,4,45,logistic_regression,712,317,0,0.48185995808808274,0,0.5
4,4,45,logistic_regression,718,246,0,0.47113510175348866,0,0.5
4,4,45,logistic_regression,725,214,0,0.4281632423941497,0,0.5
4,4,45,logistic_regression,729,327,0,0.4501828759630905,0,0.5
4,4,45,logistic_regression,730,775,0,0.7026132548509731,1,0.5
4,4,45,logistic_regression,736,725,0,0.47972982473743486,0,0.5
4,4,45,logistic_regression,746,342,0,0.588954310327063,1,0.5
4,4,45,logistic_regression,753,166,1,0.49597811147941345,0,0.5
4,4,45,logistic_regression,755,563,0,0.5272317035932103,1,0.5
4,4,45,logistic_regression,762,139,0,0.1635448625137828,0,0.5
4,4,45,logistic_regression,773,23,0,0.2919666531399545,0,0.5
4,4,45,logistic_regression,776,45,0,0.4222613087915394,0,0.5
4,4,45,logistic_regression,777,744,0,0.48473887300177665,0,0.5
4,4,45,logistic_regression,780,110,0,0.48565300999759636,0,0.5
4,4,45,logistic_regression,783,84,0,0.15811520069293858,0,0.5
4,4,45,logistic_regression,784,403,0,0.49812721347493194,0,0.5
4,4,45,logistic_regression,789,164,0,0.6669760639692144,1,0.5
4,4,45,logistic_regression,790,350,0,0.4235473154404474,0,0.5
4,4,45,logistic_regression,791,15,0,0.442492817190033,0,0.5
4,4,45,logistic_regression,793,353,0,0.4424759247901069,0,0.5
4,4,45,logistic_regression,795,690,0,0.6447648986018873,1,0.5
4,4,45,logistic_regression,796,605,0,0.5254452092061479,1,0.5
4,4,45,logistic_regression,804,543,0,0.6210101126424283,1,0.5
4,4,45,logistic_regression,820,352,0,0.5552346716386406,1,0.5
4,4,45,logistic_regression,824,720,0,0.4772801155072628,0,0.5
4,4,45,logistic_regression,827,688,0,0.4817692229038196,0,0.5
4,4,45,logistic_regression,834,569,0,0.5488701788700068,1,0.5
4,4,45,logistic_regression,838,694,0,0.4875553966672882,0,0.5
4,4,45,logistic_regression,839,601,0,0.5743863575662176,1,0.5
4,4,45,logistic_regression,849,620,0,0.3884339241403255,0,0.5
4,4,45,logistic_regression,850,117,0,0.40612969834248497,0,0.5
4,4,45,xgboost,8,809,0,0.026562444865703583,0,0.5
4,4,45,xgboost,10,807,0,0.042785145342350006,0,0.5
4,4,45,xgboost,17,799,0,0.029429621994495392,0,0.5
4,4,45,xgboost,22,766,1,0.22614938020706177,0,0.5
4,4,45,xgboost,23,767,1,0.05712159723043442,0,0.5
4,4,45,xgboost,27,759,0,0.29086363315582275,0,0.5
4,4,45,xgboost,32,738,0,0.22634118795394897,0,0.5
4,4,45,xgboost,33,734,0,0.34489673376083374,0,0.5
4,4,45,xgboost,34,749,0,0.22478795051574707,0,0.5
4,4,45,xgboost,35,737,0,0.22140684723854065,0,0.5
4,4,45,xgboost,37,747,0,0.15240804851055145,0,0.5
4,4,45,xgboost,40,746,0,0.29049256443977356,0,0.5
4,4,45,xgboost,41,732,1,0.5984912514686584,1,0.5
4,4,45,xgboost,47,770,0,0.08119817078113556,0,0.5
4,4,45,xgboost,49,739,0,0.46241605281829834,0,0.5
4,4,45,xgboost,52,729,0,0.5422226786613464,1,0.5
4,4,45,xgboost,57,647,0,0.11537208408117294,0,0.5
4,4,45,xgboost,62,679,0,0.029989467933773994,0,0.5
4,4,45,xgboost,63,629,0,0.557309627532959,1,0.5
4,4,45,xgboost,68,696,0,0.6051126718521118,1,0.5
4,4,45,xgboost,75,686,0,0.22596994042396545,0,0.5
4,4,45,xgboost,81,593,0,0.2754213511943817,0,0.5
4,4,45,xgboost,84,713,0,0.3185863196849823,0,0.5
4,4,45,xgboost,95,604,0,0.03655807301402092,0,0.5
4,4,45,xgboost,104,633,0,0.6460815668106079,1,0.5
4,4,45,xgboost,117,570,0,0.04482875019311905,0,0.5
4,4,45,xgboost,136,586,0,0.057500746101140976,0,0.5
4,4,45,xgboost,138,517,0,0.08876460045576096,0,0.5
4,4,45,xgboost,142,591,0,0.05041501671075821,0,0.5
4,4,45,xgboost,144,558,0,0.25416299700737,0,0.5
4,4,45,xgboost,147,533,0,0.19683349132537842,0,0.5
4,4,45,xgboost,150,489,0,0.28742823004722595,0,0.5
4,4,45,xgboost,152,438,0,0.16009289026260376,0,0.5
4,4,45,xgboost,163,509,1,0.2180139422416687,0,0.5
4,4,45,xgboost,177,468,0,0.0695197805762291,0,0.5
4,4,45,xgboost,178,472,0,0.03665359318256378,0,0.5
4,4,45,xgboost,186,404,0,0.6739847660064697,1,0.5
4,4,45,xgboost,188,475,0,0.18004173040390015,0,0.5
4,4,45,xgboost,189,380,0,0.11998073011636734,0,0.5
4,4,45,xgboost,201,441,0,0.59104323387146,1,0.5
4,4,45,xgboost,211,453,0,0.07058851420879364,0,0.5
4,4,45,xgboost,215,372,0,0.07648558914661407,0,0.5
4,4,45,xgboost,217,408,0,0.11969856917858124,0,0.5
4,4,45,xgboost,220,406,0,0.027000926434993744,0,0.5
4,4,45,xgboost,221,407,0,0.3479069769382477,0,0.5
4,4,45,xgboost,226,409,0,0.16018155217170715,0,0.5
4,4,45,xgboost,227,394,0,0.6402522325515747,1,0.5
4,4,45,xgboost,229,466,0,0.20437189936637878,0,0.5
4,4,45,xgboost,234,406,0,0.027000926434993744,0,0.5
4,4,45,xgboost,235,378,0,0.2991904318332672,0,0.5
4,4,45,xgboost,243,402,0,0.016445830464363098,0,0.5
4,4,45,xgboost,246,487,0,0.35000237822532654,0,0.5
4,4,45,xgboost,248,381,0,0.14120341837406158,0,0.5
4,4,45,xgboost,253,279,0,0.1706647276878357,0,0.5
4,4,45,xgboost,259,329,0,0.10644577443599701,0,0.5
4,4,45,xgboost,274,349,0,0.0749698132276535,0,0.5
4,4,45,xgboost,279,263,0,0.08853445947170258,0,0.5
4,4,45,xgboost,284,252,0,0.0312965027987957,0,0.5
4,4,45,xgboost,285,430,0,0.050575077533721924,0,0.5
4,4,45,xgboost,288,300,0,0.09877116233110428,0,0.5
4,4,45,xgboost,295,283,0,0.2698681056499481,0,0.5
4,4,45,xgboost,308,382,0,0.17165955901145935,0,0.5
4,4,45,xgboost,310,307,0,0.1414942592382431,0,0.5
4,4,45,xgboost,312,313,0,0.1369178593158722,0,0.5
4,4,45,xgboost,313,370,0,0.2710297107696533,0,0.5
4,4,45,xgboost,316,348,0,0.03449740633368492,0,0.5
4,4,45,xgboost,327,173,0,0.448257178068161,0,0.5
4,4,45,xgboost,329,290,0,0.12385299801826477,0,0.5
4,4,45,xgboost,330,207,0,0.07675657421350479,0,0.5
4,4,45,xgboost,333,274,0,0.7392699718475342,1,0.5
4,4,45,xgboost,341,121,0,0.008285499177873135,0,0.5
4,4,45,xgboost,344,79,0,0.06775754690170288,0,0.5
4,4,45,xgboost,349,235,0,0.643347442150116,1,0.5
4,4,45,xgboost,356,79,0,0.06775754690170288,0,0.5
4,4,45,xgboost,358,212,0,0.5474705100059509,1,0.5
4,4,45,xgboost,365,178,0,0.543998122215271,1,0.5
4,4,45,xgboost,368,203,0,0.2704613506793976,0,0.5
4,4,45,xgboost,375,249,0,0.474877268075943,0,0.5
4,4,45,xgboost,376,786,0,0.14877015352249146,0,0.5
4,4,45,xgboost,383,134,1,0.09481323510408401,0,0.5
4,4,45,xgboost,385,234,0,0.44332242012023926,0,0.5
4,4,45,xgboost,386,90,0,0.11350762844085693,0,0.5
4,4,45,xgboost,391,69,0,0.04108910262584686,0,0.5
4,4,45,xgboost,396,100,0,0.00929753016680479,0,0.5
4,4,45,xgboost,399,209,0,0.6043100953102112,1,0.5
4,4,45,xgboost,401,210,0,0.3576693534851074,0,0.5
4,4,45,xgboost,405,61,0,0.02807147614657879,0,0.5
4,4,45,xgboost,425,35,0,0.23600661754608154,0,0.5
4,4,45,xgboost,426,114,0,0.03328104317188263,0,0.5
4,4,45,xgboost,433,28,0,0.10328816622495651,0,0.5
4,4,45,xgboost,436,39,0,0.025166703388094902,0,0.5
4,4,45,xgboost,437,26,0,0.1488523930311203,0,0.5
4,4,45,xgboost,442,26,0,0.1488523930311203,0,0.5
4,4,45,xgboost,447,63,0,0.19417838752269745,0,0.5
4,4,45,xgboost,456,24,0,0.08217890560626984,0,0.5
4,4,45,xgboost,458,35,0,0.23600661754608154,0,0.5
4,4,45,xgboost,459,3,0,0.07758379727602005,0,0.5
4,4,45,xgboost,470,764,0,0.12494828552007675,0,0.5
4,4,45,xgboost,471,94,0,0.05392878130078316,0,0.5
4,4,45,xgboost,473,787,0,0.018795648589730263,0,0.5
4,4,45,xgboost,478,534,0,0.1864604949951172,0,0.5
4,4,45,xgboost,480,575,0,0.010331418365240097,0,0.5
4,4,45,xgboost,487,483,0,0.14279931783676147,0,0.5
4,4,45,xgboost,488,337,0,0.13934101164340973,0,0.5
4,4,45,xgboost,496,451,1,0.342245876789093,0,0.5
4,4,45,xgboost,500,763,0,0.07660344243049622,0,0.5
4,4,45,xgboost,508,590,0,0.14158420264720917,0,0.5
4,4,45,xgboost,517,514,0,0.23038960993289948,0,0.5
4,4,45,xgboost,532,364,0,0.10854543000459671,0,0.5
4,4,45,xgboost,533,425,0,0.2264866679906845,0,0.5
4,4,45,xgboost,536,24,0,0.08217890560626984,0,0.5
4,4,45,xgboost,539,76,1,0.0760069340467453,0,0.5
4,4,45,xgboost,543,40,0,0.10014583170413971,0,0.5
4,4,45,xgboost,554,20,0,0.29576966166496277,0,0.5
4,4,45,xgboost,557,458,0,0.48516523838043213,0,0.5
4,4,45,xgboost,563,712,0,0.30060914158821106,0,0.5
4,4,45,xgboost,568,338,0,0.18034856021404266,0,0.5
4,4,45,xgboost,572,373,0,0.06670358031988144,0,0.5
4,4,45,xgboost,578,126,1,0.028660167008638382,0,0.5
4,4,45,xgboost,582,198,0,0.3647478222846985,0,0.5
4,4,45,xgboost,585,648,0,0.2319931536912918,0,0.5
4,4,45,xgboost,588,813,0,0.05754837766289711,0,0.5
4,4,45,xgboost,589,784,0,0.16407299041748047,0,0.5
4,4,45,xgboost,590,56,0,0.3135804533958435,0,0.5
4,4,45,xgboost,592,321,0,0.15830743312835693,0,0.5
4,4,45,xgboost,596,83,0,0.04372922703623772,0,0.5
4,4,45,xgboost,603,440,0,0.029094373807311058,0,0.5
4,4,45,xgboost,604,318,0,0.4685509502887726,0,0.5
4,4,45,xgboost,607,566,0,0.033885885030031204,0,0.5
4,4,45,xgboost,609,416,0,0.3604877293109894,0,0.5
4,4,45,xgboost,633,261,0,0.08245280385017395,0,0.5
4,4,45,xgboost,642,512,0,0.750118613243103,1,0.5
4,4,45,xgboost,646,27,0,0.13504694402217865,0,0.5
4,4,45,xgboost,652,826,0,0.19949138164520264,0,0.5
4,4,45,xgboost,660,33,0,0.13655869662761688,0,0.5
4,4,45,xgboost,666,67,0,0.28219205141067505,0,0.5
4,4,45,xgboost,670,817,1,0.2882562279701233,0,0.5
4,4,45,xgboost,682,827,0,0.3268231451511383,0,0.5
4,4,45,xgboost,693,98,1,0.11801807582378387,0,0.5
4,4,45,xgboost,706,81,0,0.14648382365703583,0,0.5
4,4,45,xgboost,712,317,0,0.22626079618930817,0,0.5
4,4,45,xgboost,718,246,0,0.6588132977485657,1,0.5
4,4,45,xgboost,725,214,0,0.4584219455718994,0,0.5
4,4,45,xgboost,729,327,0,0.028863834217190742,0,0.5
4,4,45,xgboost,730,775,0,0.4188736379146576,0,0.5
4,4,45,xgboost,736,725,0,0.35650545358657837,0,0.5
4,4,45,xgboost,746,342,0,0.041112255305051804,0,0.5
4,4,45,xgboost,753,166,1,0.19595101475715637,0,0.5
4,4,45,xgboost,755,563,0,0.26430585980415344,0,0.5
4,4,45,xgboost,762,139,0,0.011945554986596107,0,0.5
4,4,45,xgboost,773,23,0,0.015853863209486008,0,0.5
4,4,45,xgboost,776,45,0,0.13905216753482819,0,0.5
4,4,45,xgboost,777,744,0,0.08098185807466507,0,0.5
4,4,45,xgboost,780,110,0,0.02427530102431774,0,0.5
4,4,45,xgboost,783,84,0,0.006129804532974958,0,0.5
4,4,45,xgboost,784,403,0,0.12327348440885544,0,0.5
4,4,45,xgboost,789,164,0,0.6547786593437195,1,0.5
4,4,45,xgboost,790,350,0,0.38890454173088074,0,0.5
4,4,45,xgboost,791,15,0,0.0776875838637352,0,0.5
4,4,45,xgboost,793,353,0,0.22734247148036957,0,0.5
4,4,45,xgboost,795,690,0,0.9230188727378845,1,0.5
4,4,45,xgboost,796,605,0,0.09756577014923096,0,0.5
4,4,45,xgboost,804,543,0,0.6751260161399841,1,0.5
4,4,45,xgboost,820,352,0,0.39134272933006287,0,0.5
4,4,45,xgboost,824,720,0,0.17206808924674988,0,0.5
4,4,45,xgboost,827,688,0,0.4352944493293762,0,0.5
4,4,45,xgboost,834,569,0,0.2800617516040802,0,0.5
4,4,45,xgboost,838,694,0,0.30297717452049255,0,0.5
4,4,45,xgboost,839,601,0,0.274380087852478,0,0.5
4,4,45,xgboost,849,620,0,0.12144340574741364,0,0.5
4,4,45,xgboost,850,117,0,0.030770130455493927,0,0.5
4,5,45,dummy_prior,0,109,0,0.06404657933042213,0,0.5
4,5,45,dummy_prior,3,825,0,0.06404657933042213,0,0.5
4,5,45,dummy_prior,7,413,0,0.06404657933042213,0,0.5
4,5,45,dummy_prior,11,450,0,0.06404657933042213,0,0.5
4,5,45,dummy_prior,13,803,0,0.06404657933042213,0,0.5
4,5,45,dummy_prior,15,776,0,0.06404657933042213,0,0.5
4,5,45,dummy_prior,24,774,0,0.06404657933042213,0,0.5
4,5,45,dummy_prior,44,740,1,0.06404657933042213,0,0.5
4,5,45,dummy_prior,46,716,0,0.06404657933042213,0,0.5
4,5,45,dummy_prior,51,715,0,0.06404657933042213,0,0.5
4,5,45,dummy_prior,55,789,0,0.06404657933042213,0,0.5
4,5,45,dummy_prior,59,692,0,0.06404657933042213,0,0.5
4,5,45,dummy_prior,61,697,0,0.06404657933042213,0,0.5
4,5,45,dummy_prior,70,727,0,0.06404657933042213,0,0.5
4,5,45,dummy_prior,71,677,0,0.06404657933042213,0,0.5
4,5,45,dummy_prior,73,685,0,0.06404657933042213,0,0.5
4,5,45,dummy_prior,83,621,0,0.06404657933042213,0,0.5
4,5,45,dummy_prior,88,618,0,0.06404657933042213,0,0.5
4,5,45,dummy_prior,89,632,0,0.06404657933042213,0,0.5
4,5,45,dummy_prior,93,631,1,0.06404657933042213,0,0.5
4,5,45,dummy_prior,94,637,0,0.06404657933042213,0,0.5
4,5,45,dummy_prior,109,612,0,0.06404657933042213,0,0.5
4,5,45,dummy_prior,115,665,0,0.06404657933042213,0,0.5
4,5,45,dummy_prior,130,492,0,0.06404657933042213,0,0.5
4,5,45,dummy_prior,135,465,0,0.06404657933042213,0,0.5
4,5,45,dummy_prior,149,594,0,0.06404657933042213,0,0.5
4,5,45,dummy_prior,154,457,0,0.06404657933042213,0,0.5
4,5,45,dummy_prior,159,463,0,0.06404657933042213,0,0.5
4,5,45,dummy_prior,161,490,0,0.06404657933042213,0,0.5
4,5,45,dummy_prior,166,515,0,0.06404657933042213,0,0.5
4,5,45,dummy_prior,184,411,0,0.06404657933042213,0,0.5
4,5,45,dummy_prior,185,488,1,0.06404657933042213,0,0.5
4,5,45,dummy_prior,190,513,0,0.06404657933042213,0,0.5
4,5,45,dummy_prior,196,505,0,0.06404657933042213,0,0.5
4,5,45,dummy_prior,205,388,1,0.06404657933042213,0,0.5
4,5,45,dummy_prior,219,324,0,0.06404657933042213,0,0.5
4,5,45,dummy_prior,225,511,0,0.06404657933042213,0,0.5
4,5,45,dummy_prior,236,343,0,0.06404657933042213,0,0.5
4,5,45,dummy_prior,239,497,0,0.06404657933042213,0,0.5
4,5,45,dummy_prior,258,245,0,0.06404657933042213,0,0.5
4,5,45,dummy_prior,263,296,0,0.06404657933042213,0,0.5
4,5,45,dummy_prior,265,247,0,0.06404657933042213,0,0.5
4,5,45,dummy_prior,270,211,0,0.06404657933042213,0,0.5
4,5,45,dummy_prior,272,330,0,0.06404657933042213,0,0.5
4,5,45,dummy_prior,273,355,0,0.06404657933042213,0,0.5
4,5,45,dummy_prior,275,237,0,0.06404657933042213,0,0.5
4,5,45,dummy_prior,276,241,0,0.06404657933042213,0,0.5
4,5,45,dummy_prior,277,168,0,0.06404657933042213,0,0.5
4,5,45,dummy_prior,286,240,0,0.06404657933042213,0,0.5
4,5,45,dummy_prior,287,272,0,0.06404657933042213,0,0.5
4,5,45,dummy_prior,289,419,0,0.06404657933042213,0,0.5
4,5,45,dummy_prior,294,288,0,0.06404657933042213,0,0.5
4,5,45,dummy_prior,296,358,0,0.06404657933042213,0,0.5
4,5,45,dummy_prior,299,319,0,0.06404657933042213,0,0.5
4,5,45,dummy_prior,303,386,0,0.06404657933042213,0,0.5
4,5,45,dummy_prior,304,331,0,0.06404657933042213,0,0.5
4,5,45,dummy_prior,305,201,0,0.06404657933042213,0,0.5
4,5,45,dummy_prior,314,215,1,0.06404657933042213,0,0.5
4,5,45,dummy_prior,319,293,0,0.06404657933042213,0,0.5
4,5,45,dummy_prior,328,197,0,0.06404657933042213,0,0.5
4,5,45,dummy_prior,335,525,1,0.06404657933042213,0,0.5
4,5,45,dummy_prior,338,200,0,0.06404657933042213,0,0.5
4,5,45,dummy_prior,340,148,0,0.06404657933042213,0,0.5
4,5,45,dummy_prior,355,140,0,0.06404657933042213,0,0.5
4,5,45,dummy_prior,361,199,0,0.06404657933042213,0,0.5
4,5,45,dummy_prior,366,143,0,0.06404657933042213,0,0.5
4,5,45,dummy_prior,369,82,0,0.06404657933042213,0,0.5
4,5,45,dummy_prior,381,145,0,0.06404657933042213,0,0.5
4,5,45,dummy_prior,384,78,0,0.06404657933042213,0,0.5
4,5,45,dummy_prior,392,120,0,0.06404657933042213,0,0.5
4,5,45,dummy_prior,394,184,0,0.06404657933042213,0,0.5
4,5,45,dummy_prior,395,82,0,0.06404657933042213,0,0.5
4,5,45,dummy_prior,398,115,0,0.06404657933042213,0,0.5
4,5,45,dummy_prior,400,55,0,0.06404657933042213,0,0.5
4,5,45,dummy_prior,402,102,0,0.06404657933042213,0,0.5
4,5,45,dummy_prior,407,57,0,0.06404657933042213,0,0.5
4,5,45,dummy_prior,409,54,0,0.06404657933042213,0,0.5
4,5,45,dummy_prior,420,97,0,0.06404657933042213,0,0.5
4,5,45,dummy_prior,422,89,0,0.06404657933042213,0,0.5
4,5,45,dummy_prior,423,51,0,0.06404657933042213,0,0.5
4,5,45,dummy_prior,424,181,0,0.06404657933042213,0,0.5
4,5,45,dummy_prior,427,161,0,0.06404657933042213,0,0.5
4,5,45,dummy_prior,435,54,0,0.06404657933042213,0,0.5
4,5,45,dummy_prior,439,112,0,0.06404657933042213,0,0.5
4,5,45,dummy_prior,452,46,0,0.06404657933042213,0,0.5
4,5,45,dummy_prior,468,11,0,0.06404657933042213,0,0.5
4,5,45,dummy_prior,472,682,1,0.06404657933042213,0,0.5
4,5,45,dummy_prior,475,154,0,0.06404657933042213,0,0.5
4,5,45,dummy_prior,485,286,0,0.06404657933042213,0,0.5
4,5,45,dummy_prior,491,122,0,0.06404657933042213,0,0.5
4,5,45,dummy_prior,495,405,0,0.06404657933042213,0,0.5
4,5,45,dummy_prior,514,476,0,0.06404657933042213,0,0.5
4,5,45,dummy_prior,515,603,0,0.06404657933042213,0,0.5
4,5,45,dummy_prior,516,174,0,0.06404657933042213,0,0.5
4,5,45,dummy_prior,525,46,0,0.06404657933042213,0,0.5
4,5,45,dummy_prior,526,469,0,0.06404657933042213,0,0.5
4,5,45,dummy_prior,534,93,0,0.06404657933042213,0,0.5
4,5,45,dummy_prior,537,365,0,0.06404657933042213,0,0.5
4,5,45,dummy_prior,538,361,0,0.06404657933042213,0,0.5
4,5,45,dummy_prior,547,385,0,0.06404657933042213,0,0.5
4,5,45,dummy_prior,549,662,1,0.06404657933042213,0,0.5
4,5,45,dummy_prior,550,191,0,0.06404657933042213,0,0.5
4,5,45,dummy_prior,552,105,0,0.06404657933042213,0,0.5
4,5,45,dummy_prior,561,208,0,0.06404657933042213,0,0.5
4,5,45,dummy_prior,562,282,0,0.06404657933042213,0,0.5
4,5,45,dummy_prior,567,383,0,0.06404657933042213,0,0.5
4,5,45,dummy_prior,575,54,0,0.06404657933042213,0,0.5
4,5,45,dummy_prior,577,196,0,0.06404657933042213,0,0.5
4,5,45,dummy_prior,580,55,0,0.06404657933042213,0,0.5
4,5,45,dummy_prior,584,562,0,0.06404657933042213,0,0.5
4,5,45,dummy_prior,586,150,0,0.06404657933042213,0,0.5
4,5,45,dummy_prior,598,54,1,0.06404657933042213,0,0.5
4,5,45,dummy_prior,599,176,0,0.06404657933042213,0,0.5
4,5,45,dummy_prior,608,135,0,0.06404657933042213,0,0.5
4,5,45,dummy_prior,611,311,0,0.06404657933042213,0,0.5
4,5,45,dummy_prior,616,376,0,0.06404657933042213,0,0.5
4,5,45,dummy_prior,617,157,0,0.06404657933042213,0,0.5
4,5,45,dummy_prior,618,130,0,0.06404657933042213,0,0.5
4,5,45,dummy_prior,621,582,0,0.06404657933042213,0,0.5
4,5,45,dummy_prior,626,622,0,0.06404657933042213,0,0.5
4,5,45,dummy_prior,627,280,0,0.06404657933042213,0,0.5
4,5,45,dummy_prior,628,779,0,0.06404657933042213,0,0.5
4,5,45,dummy_prior,631,187,0,0.06404657933042213,0,0.5
4,5,45,dummy_prior,635,714,0,0.06404657933042213,0,0.5
4,5,45,dummy_prior,637,493,0,0.06404657933042213,0,0.5
4,5,45,dummy_prior,643,21,0,0.06404657933042213,0,0.5
4,5,45,dummy_prior,647,277,0,0.06404657933042213,0,0.5
4,5,45,dummy_prior,651,788,0,0.06404657933042213,0,0.5
4,5,45,dummy_prior,653,216,1,0.06404657933042213,0,0.5
4,5,45,dummy_prior,656,294,0,0.06404657933042213,0,0.5
4,5,45,dummy_prior,658,85,0,0.06404657933042213,0,0.5
4,5,45,dummy_prior,659,467,0,0.06404657933042213,0,0.5
4,5,45,dummy_prior,663,310,0,0.06404657933042213,0,0.5
4,5,45,dummy_prior,667,829,0,0.06404657933042213,0,0.5
4,5,45,dummy_prior,674,795,0,0.06404657933042213,0,0.5
4,5,45,dummy_prior,676,828,0,0.06404657933042213,0,0.5
4,5,45,dummy_prior,680,821,0,0.06404657933042213,0,0.5
4,5,45,dummy_prior,695,538,0,0.06404657933042213,0,0.5
4,5,45,dummy_prior,696,138,0,0.06404657933042213,0,0.5
4,5,45,dummy_prior,698,473,0,0.06404657933042213,0,0.5
4,5,45,dummy_prior,699,111,0,0.06404657933042213,0,0.5
4,5,45,dummy_prior,707,231,0,0.06404657933042213,0,0.5
4,5,45,dummy_prior,714,521,0,0.06404657933042213,0,0.5
4,5,45,dummy_prior,717,731,0,0.06404657933042213,0,0.5
4,5,45,dummy_prior,720,427,0,0.06404657933042213,0,0.5
4,5,45,dummy_prior,722,325,0,0.06404657933042213,0,0.5
4,5,45,dummy_prior,723,124,0,0.06404657933042213,0,0.5
4,5,45,dummy_prior,724,554,0,0.06404657933042213,0,0.5
4,5,45,dummy_prior,737,177,0,0.06404657933042213,0,0.5
4,5,45,dummy_prior,747,218,0,0.06404657933042213,0,0.5
4,5,45,dummy_prior,749,541,0,0.06404657933042213,0,0.5
4,5,45,dummy_prior,750,99,0,0.06404657933042213,0,0.5
4,5,45,dummy_prior,756,395,0,0.06404657933042213,0,0.5
4,5,45,dummy_prior,760,44,0,0.06404657933042213,0,0.5
4,5,45,dummy_prior,761,607,0,0.06404657933042213,0,0.5
4,5,45,dummy_prior,770,357,0,0.06404657933042213,0,0.5
4,5,45,dummy_prior,775,455,0,0.06404657933042213,0,0.5
4,5,45,dummy_prior,797,645,1,0.06404657933042213,0,0.5
4,5,45,dummy_prior,805,668,0,0.06404657933042213,0,0.5
4,5,45,dummy_prior,811,48,0,0.06404657933042213,0,0.5
4,5,45,dummy_prior,815,549,0,0.06404657933042213,0,0.5
4,5,45,dummy_prior,818,700,0,0.06404657933042213,0,0.5
4,5,45,dummy_prior,819,2,0,0.06404657933042213,0,0.5
4,5,45,dummy_prior,822,726,0,0.06404657933042213,0,0.5
4,5,45,dummy_prior,825,794,0,0.06404657933042213,0,0.5
4,5,45,dummy_prior,830,699,0,0.06404657933042213,0,0.5
4,5,45,dummy_prior,831,777,0,0.06404657933042213,0,0.5
4,5,45,dummy_prior,832,561,0,0.06404657933042213,0,0.5
4,5,45,dummy_prior,835,332,0,0.06404657933042213,0,0.5
4,5,45,dummy_prior,845,132,0,0.06404657933042213,0,0.5
4,5,45,dummy_prior,852,800,0,0.06404657933042213,0,0.5
4,5,45,logistic_regression,0,109,0,0.465881809812093,0,0.5
4,5,45,logistic_regression,3,825,0,0.5996381635755194,1,0.5
4,5,45,logistic_regression,7,413,0,0.3928880349830556,0,0.5
4,5,45,logistic_regression,11,450,0,0.5181486633065453,1,0.5
4,5,45,logistic_regression,13,803,0,0.4003241011174298,0,0.5
4,5,45,logistic_regression,15,776,0,0.6161026670468452,1,0.5
4,5,45,logistic_regression,24,774,0,0.4930565844426231,0,0.5
4,5,45,logistic_regression,44,740,1,0.626017290724101,1,0.5
4,5,45,logistic_regression,46,716,0,0.6686358693791298,1,0.5
4,5,45,logistic_regression,51,715,0,0.44886770284836014,0,0.5
4,5,45,logistic_regression,55,789,0,0.6730140913984746,1,0.5
4,5,45,logistic_regression,59,692,0,0.8533262318114194,1,0.5
4,5,45,logistic_regression,61,697,0,0.5172568448140945,1,0.5
4,5,45,logistic_regression,70,727,0,0.6388524191194762,1,0.5
4,5,45,logistic_regression,71,677,0,0.07159099811763502,0,0.5
4,5,45,logistic_regression,73,685,0,0.4041222807626562,0,0.5
4,5,45,logistic_regression,83,621,0,0.5123588647810903,1,0.5
4,5,45,logistic_regression,88,618,0,0.44976094355779606,0,0.5
4,5,45,logistic_regression,89,632,0,0.29992947090637107,0,0.5
4,5,45,logistic_regression,93,631,1,0.2900096887073007,0,0.5
4,5,45,logistic_regression,94,637,0,0.4739587406763506,0,0.5
4,5,45,logistic_regression,109,612,0,0.14811191655841902,0,0.5
4,5,45,logistic_regression,115,665,0,0.5918267356823605,1,0.5
4,5,45,logistic_regression,130,492,0,0.5054516182320175,1,0.5
4,5,45,logistic_regression,135,465,0,0.5379172984301496,1,0.5
4,5,45,logistic_regression,149,594,0,0.21336085817727404,0,0.5
4,5,45,logistic_regression,154,457,0,0.5176106040181353,1,0.5
4,5,45,logistic_regression,159,463,0,0.4769824065656902,0,0.5
4,5,45,logistic_regression,161,490,0,0.47468947207621187,0,0.5
4,5,45,logistic_regression,166,515,0,0.4621005414108801,0,0.5
4,5,45,logistic_regression,184,411,0,0.43170167390661074,0,0.5
4,5,45,logistic_regression,185,488,1,0.6511100620366245,1,0.5
4,5,45,logistic_regression,190,513,0,0.4508661649089242,0,0.5
4,5,45,logistic_regression,196,505,0,0.4589361672813531,0,0.5
4,5,45,logistic_regression,205,388,1,0.40640856961590627,0,0.5
4,5,45,logistic_regression,219,324,0,0.43483794107283485,0,0.5
4,5,45,logistic_regression,225,511,0,0.20834693137129343,0,0.5
4,5,45,logistic_regression,236,343,0,0.8286668007927194,1,0.5
4,5,45,logistic_regression,239,497,0,0.5752520490613924,1,0.5
4,5,45,logistic_regression,258,245,0,0.41859122049292213,0,0.5
4,5,45,logistic_regression,263,296,0,0.23437190018018436,0,0.5
4,5,45,logistic_regression,265,247,0,0.5077195216628313,1,0.5
4,5,45,logistic_regression,270,211,0,0.3933067084709649,0,0.5
4,5,45,logistic_regression,272,330,0,0.20153128579680332,0,0.5
4,5,45,logistic_regression,273,355,0,0.5371911256204424,1,0.5
4,5,45,logistic_regression,275,237,0,0.44119291530494764,0,0.5
4,5,45,logistic_regression,276,241,0,0.45997303015072505,0,0.5
4,5,45,logistic_regression,277,168,0,0.4075689506551435,0,0.5
4,5,45,logistic_regression,286,240,0,0.479787126245501,0,0.5
4,5,45,logistic_regression,287,272,0,0.4379445223910686,0,0.5
4,5,45,logistic_regression,289,419,0,0.44025991344809756,0,0.5
4,5,45,logistic_regression,294,288,0,0.43175053482973014,0,0.5
4,5,45,logistic_regression,296,358,0,0.4438861048996236,0,0.5
4,5,45,logistic_regression,299,319,0,0.16192779028502363,0,0.5
4,5,45,logistic_regression,303,386,0,0.47755283293669415,0,0.5
4,5,45,logistic_regression,304,331,0,0.12169660518808373,0,0.5
4,5,45,logistic_regression,305,201,0,0.45911604334594464,0,0.5
4,5,45,logistic_regression,314,215,1,0.43147096773233756,0,0.5
4,5,45,logistic_regression,319,293,0,0.15582552635761462,0,0.5
4,5,45,logistic_regression,328,197,0,0.18230703535178636,0,0.5
4,5,45,logistic_regression,335,525,1,0.465150608131158,0,0.5
4,5,45,logistic_regression,338,200,0,0.21774169925245623,0,0.5
4,5,45,logistic_regression,340,148,0,0.3924047870522313,0,0.5
4,5,45,logistic_regression,355,140,0,0.8212108205400029,1,0.5
4,5,45,logistic_regression,361,199,0,0.3979816455564646,0,0.5
4,5,45,logistic_regression,366,143,0,0.413645765225723,0,0.5
4,5,45,logistic_regression,369,82,0,0.4163488106432573,0,0.5
4,5,45,logistic_regression,381,145,0,0.18496409460228552,0,0.5
4,5,45,logistic_regression,384,78,0,0.777922892934859,1,0.5
4,5,45,logistic_regression,392,120,0,0.4385382273478042,0,0.5
4,5,45,logistic_regression,394,184,0,0.8325260824741059,1,0.5
4,5,45,logistic_regression,395,82,0,0.4163488106432573,0,0.5
4,5,45,logistic_regression,398,115,0,0.13422712601882894,0,0.5
4,5,45,logistic_regression,400,55,0,0.4072867617289286,0,0.5
4,5,45,logistic_regression,402,102,0,0.4172783408185502,0,0.5
4,5,45,logistic_regression,407,57,0,0.8588182783396342,1,0.5
4,5,45,logistic_regression,409,54,0,0.4533007482625452,0,0.5
4,5,45,logistic_regression,420,97,0,0.3862490176300074,0,0.5
4,5,45,logistic_regression,422,89,0,0.4268410257195056,0,0.5
4,5,45,logistic_regression,423,51,0,0.48614705381256224,0,0.5
4,5,45,logistic_regression,424,181,0,0.759962351030488,1,0.5
4,5,45,logistic_regression,427,161,0,0.44411272516437733,0,0.5
4,5,45,logistic_regression,435,54,0,0.4533007482625452,0,0.5
4,5,45,logistic_regression,439,112,0,0.43489227413917625,0,0.5
4,5,45,logistic_regression,452,46,0,0.1644117338613474,0,0.5
4,5,45,logistic_regression,468,11,0,0.3005885862498247,0,0.5
4,5,45,logistic_regression,472,682,1,0.43309537143093396,0,0.5
4,5,45,logistic_regression,475,154,0,0.46865182492025925,0,0.5
4,5,45,logistic_regression,485,286,0,0.4535548503334729,0,0.5
4,5,45,logistic_regression,491,122,0,0.3915714180292253,0,0.5
4,5,45,logistic_regression,495,405,0,0.142614344537297,0,0.5
4,5,45,logistic_regression,514,476,0,0.37950474856409216,0,0.5
4,5,45,logistic_regression,515,603,0,0.473810702758457,0,0.5
4,5,45,logistic_regression,516,174,0,0.40853112031471434,0,0.5
4,5,45,logistic_regression,525,46,0,0.1644117338613474,0,0.5
4,5,45,logistic_regression,526,469,0,0.4475840553389481,0,0.5
4,5,45,logistic_regression,534,93,0,0.3943257322357766,0,0.5
4,5,45,logistic_regression,537,365,0,0.505416822211147,1,0.5
4,5,45,logistic_regression,538,361,0,0.396161427667688,0,0.5
4,5,45,logistic_regression,547,385,0,0.18151613461997834,0,0.5
4,5,45,logistic_regression,549,662,1,0.5974213509442854,1,0.5
4,5,45,logistic_regression,550,191,0,0.44069225314242544,0,0.5
4,5,45,logistic_regression,552,105,0,0.3123009753601569,0,0.5
4,5,45,logistic_regression,561,208,0,0.4148909788545597,0,0.5
4,5,45,logistic_regression,562,282,0,0.4379795584319139,0,0.5
4,5,45,logistic_regression,567,383,0,0.5394291282679203,1,0.5
4,5,45,logistic_regression,575,54,0,0.4533007482625452,0,0.5
4,5,45,logistic_regression,577,196,0,0.47854194459590677,0,0.5
4,5,45,logistic_regression,580,55,0,0.4072867617289286,0,0.5
4,5,45,logistic_regression,584,562,0,0.43275910576322496,0,0.5
4,5,45,logistic_regression,586,150,0,0.20816641298268254,0,0.5
4,5,45,logistic_regression,598,54,1,0.4533007482625452,0,0.5
4,5,45,logistic_regression,599,176,0,0.4314065217640227,0,0.5
4,5,45,logistic_regression,608,135,0,0.4213276740738063,0,0.5
4,5,45,logistic_regression,611,311,0,0.4159071379560217,0,0.5
4,5,45,logistic_regression,616,376,0,0.4868990468866771,0,0.5
4,5,45,logistic_regression,617,157,0,0.3165188697231257,0,0.5
4,5,45,logistic_regression,618,130,0,0.4079555315382054,0,0.5
4,5,45,logistic_regression,621,582,0,0.47443939765643045,0,0.5
4,5,45,logistic_regression,626,622,0,0.41289534089579,0,0.5
4,5,45,logistic_regression,627,280,0,0.47520204016491474,0,0.5
4,5,45,logistic_regression,628,779,0,0.739813091160016,1,0.5
4,5,45,logistic_regression,631,187,0,0.48559172121845895,0,0.5
4,5,45,logistic_regression,635,714,0,0.45520433395121435,0,0.5
4,5,45,logistic_regression,637,493,0,0.5335784332792495,1,0.5
4,5,45,logistic_regression,643,21,0,0.43363714328796876,0,0.5
4,5,45,logistic_regression,647,277,0,0.4358378212614167,0,0.5
4,5,45,logistic_regression,651,788,0,0.6242946785790554,1,0.5
4,5,45,logistic_regression,653,216,1,0.5589281733163565,1,0.5
4,5,45,logistic_regression,656,294,0,0.3956903299165599,0,0.5
4,5,45,logistic_regression,658,85,0,0.438955571449342,0,0.5
4,5,45,logistic_regression,659,467,0,0.4342424791204522,0,0.5
4,5,45,logistic_regression,663,310,0,0.4485995965751565,0,0.5
4,5,45,logistic_regression,667,829,0,0.5434507524101824,1,0.5
4,5,45,logistic_regression,674,795,0,0.7756624259806185,1,0.5
4,5,45,logistic_regression,676,828,0,0.4217611926843326,0,0.5
4,5,45,logistic_regression,680,821,0,0.4993716636410598,0,0.5
4,5,45,logistic_regression,695,538,0,0.5414381746960016,1,0.5
4,5,45,logistic_regression,696,138,0,0.26932094078796626,0,0.5
4,5,45,logistic_regression,698,473,0,0.6011074262675576,1,0.5
4,5,45,logistic_regression,699,111,0,0.6290907464310282,1,0.5
4,5,45,logistic_regression,707,231,0,0.5632061269680342,1,0.5
4,5,45,logistic_regression,714,521,0,0.5005467288474491,1,0.5
4,5,45,logistic_regression,717,731,0,0.658082518739517,1,0.5
4,5,45,logistic_regression,720,427,0,0.40395120223161846,0,0.5
4,5,45,logistic_regression,722,325,0,0.5664300832318103,1,0.5
4,5,45,logistic_regression,723,124,0,0.40432563420643597,0,0.5
4,5,45,logistic_regression,724,554,0,0.3496088626002051,0,0.5
4,5,45,logistic_regression,737,177,0,0.45634254215764514,0,0.5
4,5,45,logistic_regression,747,218,0,0.3963728428533775,0,0.5
4,5,45,logistic_regression,749,541,0,0.7560831644512734,1,0.5
4,5,45,logistic_regression,750,99,0,0.48172060806590344,0,0.5
4,5,45,logistic_regression,756,395,0,0.49376084497052247,0,0.5
4,5,45,logistic_regression,760,44,0,0.7495203092126778,1,0.5
4,5,45,logistic_regression,761,607,0,0.15639024637436227,0,0.5
4,5,45,logistic_regression,770,357,0,0.5839497211918869,1,0.5
4,5,45,logistic_regression,775,455,0,0.45815352321057234,0,0.5
4,5,45,logistic_regression,797,645,1,0.45084433429022847,0,0.5
4,5,45,logistic_regression,805,668,0,0.5726754348518311,1,0.5
4,5,45,logistic_regression,811,48,0,0.5276728963451495,1,0.5
4,5,45,logistic_regression,815,549,0,0.5638327560640053,1,0.5
4,5,45,logistic_regression,818,700,0,0.5642455740623872,1,0.5
4,5,45,logistic_regression,819,2,0,0.26376513693483283,0,0.5
4,5,45,logistic_regression,822,726,0,0.33161236792444787,0,0.5
4,5,45,logistic_regression,825,794,0,0.4601091306765303,0,0.5
4,5,45,logistic_regression,830,699,0,0.5040682305157922,1,0.5
4,5,45,logistic_regression,831,777,0,0.7765928343821316,1,0.5
4,5,45,logistic_regression,832,561,0,0.38566573736104126,0,0.5
4,5,45,logistic_regression,835,332,0,0.4534526849283837,0,0.5
4,5,45,logistic_regression,845,132,0,0.4257105868490126,0,0.5
4,5,45,logistic_regression,852,800,0,0.5022014721176908,1,0.5
4,5,45,xgboost,0,109,0,0.4410386383533478,0,0.5
4,5,45,xgboost,3,825,0,0.6454305052757263,1,0.5
4,5,45,xgboost,7,413,0,0.060428258031606674,0,0.5
4,5,45,xgboost,11,450,0,0.18041858077049255,0,0.5
4,5,45,xgboost,13,803,0,0.04650026187300682,0,0.5
4,5,45,xgboost,15,776,0,0.8602574467658997,1,0.5
4,5,45,xgboost,24,774,0,0.3098922669887543,0,0.5
4,5,45,xgboost,44,740,1,0.5460711121559143,1,0.5
4,5,45,xgboost,46,716,0,0.30659937858581543,0,0.5
4,5,45,xgboost,51,715,0,0.30267518758773804,0,0.5
4,5,45,xgboost,55,789,0,0.6333009004592896,1,0.5
4,5,45,xgboost,59,692,0,0.3412184715270996,0,0.5
4,5,45,xgboost,61,697,0,0.06356502324342728,0,0.5
4,5,45,xgboost,70,727,0,0.8733863830566406,1,0.5
4,5,45,xgboost,71,677,0,0.0474870465695858,0,0.5
4,5,45,xgboost,73,685,0,0.12986306846141815,0,0.5
4,5,45,xgboost,83,621,0,0.22555507719516754,0,0.5
4,5,45,xgboost,88,618,0,0.26606568694114685,0,0.5
4,5,45,xgboost,89,632,0,0.11305725574493408,0,0.5
4,5,45,xgboost,93,631,1,0.11544183641672134,0,0.5
4,5,45,xgboost,94,637,0,0.3159295320510864,0,0.5
4,5,45,xgboost,109,612,0,0.03462955728173256,0,0.5
4,5,45,xgboost,115,665,0,0.2199813723564148,0,0.5
4,5,45,xgboost,130,492,0,0.15114548802375793,0,0.5
4,5,45,xgboost,135,465,0,0.26282528042793274,0,0.5
4,5,45,xgboost,149,594,0,0.02406781166791916,0,0.5
4,5,45,xgboost,154,457,0,0.24116885662078857,0,0.5
4,5,45,xgboost,159,463,0,0.17074331641197205,0,0.5
4,5,45,xgboost,161,490,0,0.2725103497505188,0,0.5
4,5,45,xgboost,166,515,0,0.09204132109880447,0,0.5
4,5,45,xgboost,184,411,0,0.37234246730804443,0,0.5
4,5,45,xgboost,185,488,1,0.1946820765733719,0,0.5
4,5,45,xgboost,190,513,0,0.5412473678588867,1,0.5
4,5,45,xgboost,196,505,0,0.5780048966407776,1,0.5
4,5,45,xgboost,205,388,1,0.35612571239471436,0,0.5
4,5,45,xgboost,219,324,0,0.2328408658504486,0,0.5
4,5,45,xgboost,225,511,0,0.110651895403862,0,0.5
4,5,45,xgboost,236,343,0,0.44126656651496887,0,0.5
4,5,45,xgboost,239,497,0,0.19090086221694946,0,0.5
4,5,45,xgboost,258,245,0,0.6289051175117493,1,0.5
4,5,45,xgboost,263,296,0,0.01660360023379326,0,0.5
4,5,45,xgboost,265,247,0,0.6596862077713013,1,0.5
4,5,45,xgboost,270,211,0,0.45957350730895996,0,0.5
4,5,45,xgboost,272,330,0,0.03679434210062027,0,0.5
4,5,45,xgboost,273,355,0,0.17202173173427582,0,0.5
4,5,45,xgboost,275,237,0,0.6516554951667786,1,0.5
4,5,45,xgboost,276,241,0,0.6430312991142273,1,0.5
4,5,45,xgboost,277,168,0,0.5652247071266174,1,0.5
4,5,45,xgboost,286,240,0,0.6770965456962585,1,0.5
4,5,45,xgboost,287,272,0,0.5660760402679443,1,0.5
4,5,45,xgboost,289,419,0,0.3979876935482025,0,0.5
4,5,45,xgboost,294,288,0,0.3563985228538513,0,0.5
4,5,45,xgboost,296,358,0,0.35612571239471436,0,0.5
4,5,45,xgboost,299,319,0,0.058284394443035126,0,0.5
4,5,45,xgboost,303,386,0,0.29648762941360474,0,0.5
4,5,45,xgboost,304,331,0,0.039493378251791,0,0.5
4,5,45,xgboost,305,201,0,0.44777050614356995,0,0.5
4,5,45,xgboost,314,215,1,0.4037516415119171,0,0.5
4,5,45,xgboost,319,293,0,0.04172620549798012,0,0.5
4,5,45,xgboost,328,197,0,0.18032975494861603,0,0.5
4,5,45,xgboost,335,525,1,0.5289114117622375,1,0.5
4,5,45,xgboost,338,200,0,0.20287705957889557,0,0.5
4,5,45,xgboost,340,148,0,0.5960014462471008,1,0.5
4,5,45,xgboost,355,140,0,0.8175780177116394,1,0.5
4,5,45,xgboost,361,199,0,0.7222309112548828,1,0.5
4,5,45,xgboost,366,143,0,0.6019366383552551,1,0.5
4,5,45,xgboost,369,82,0,0.3794357478618622,0,0.5
4,5,45,xgboost,381,145,0,0.13009583950042725,0,0.5
4,5,45,xgboost,384,78,0,0.7212966084480286,1,0.5
4,5,45,xgboost,392,120,0,0.4425659775733948,0,0.5
4,5,45,xgboost,394,184,0,0.8783066868782043,1,0.5
4,5,45,xgboost,395,82,0,0.3794357478618622,0,0.5
4,5,45,xgboost,398,115,0,0.041170477867126465,0,0.5
4,5,45,xgboost,400,55,0,0.13447341322898865,0,0.5
4,5,45,xgboost,402,102,0,0.38097676634788513,0,0.5
4,5,45,xgboost,407,57,0,0.29384246468544006,0,0.5
4,5,45,xgboost,409,54,0,0.11225032806396484,0,0.5
4,5,45,xgboost,420,97,0,0.3237746059894562,0,0.5
4,5,45,xgboost,422,89,0,0.3105992376804352,0,0.5
4,5,45,xgboost,423,51,0,0.08871553093194962,0,0.5
4,5,45,xgboost,424,181,0,0.9089176058769226,1,0.5
4,5,45,xgboost,427,161,0,0.35180583596229553,0,0.5
4,5,45,xgboost,435,54,0,0.11225032806396484,0,0.5
4,5,45,xgboost,439,112,0,0.30822476744651794,0,0.5
4,5,45,xgboost,452,46,0,0.016381705179810524,0,0.5
4,5,45,xgboost,468,11,0,0.11950530856847763,0,0.5
4,5,45,xgboost,472,682,1,0.3014475107192993,0,0.5
4,5,45,xgboost,475,154,0,0.5752583146095276,1,0.5
4,5,45,xgboost,485,286,0,0.3281719982624054,0,0.5
4,5,45,xgboost,491,122,0,0.44551077485084534,0,0.5
4,5,45,xgboost,495,405,0,0.038540590554475784,0,0.5
4,5,45,xgboost,514,476,0,0.12688995897769928,0,0.5
4,5,45,xgboost,515,603,0,0.446751207113266,0,0.5
4,5,45,xgboost,516,174,0,0.4160839915275574,0,0.5
4,5,45,xgboost,525,46,0,0.016381705179810524,0,0.5
4,5,45,xgboost,526,469,0,0.26949065923690796,0,0.5
4,5,45,xgboost,534,93,0,0.24843928217887878,0,0.5
4,5,45,xgboost,537,365,0,0.24927890300750732,0,0.5
4,5,45,xgboost,538,361,0,0.4404355585575104,0,0.5
4,5,45,xgboost,547,385,0,0.044706959277391434,0,0.5
4,5,45,xgboost,549,662,1,0.12705418467521667,0,0.5
4,5,45,xgboost,550,191,0,0.46884801983833313,0,0.5
4,5,45,xgboost,552,105,0,0.06641492992639542,0,0.5
4,5,45,xgboost,561,208,0,0.5042260885238647,1,0.5
4,5,45,xgboost,562,282,0,0.2421582043170929,0,0.5
4,5,45,xgboost,567,383,0,0.44864413142204285,0,0.5
4,5,45,xgboost,575,54,0,0.11225032806396484,0,0.5
4,5,45,xgboost,577,196,0,0.5920447111129761,1,0.5
4,5,45,xgboost,580,55,0,0.13447341322898865,0,0.5
4,5,45,xgboost,584,562,0,0.4195483326911926,0,0.5
4,5,45,xgboost,586,150,0,0.10352807492017746,0,0.5
4,5,45,xgboost,598,54,1,0.11225032806396484,0,0.5
4,5,45,xgboost,599,176,0,0.3797641694545746,0,0.5
4,5,45,xgboost,608,135,0,0.3620060980319977,0,0.5
4,5,45,xgboost,611,311,0,0.34336057305336,0,0.5
4,5,45,xgboost,616,376,0,0.1490713655948639,0,0.5
4,5,45,xgboost,617,157,0,0.5459111928939819,1,0.5
4,5,45,xgboost,618,130,0,0.5011454820632935,1,0.5
4,5,45,xgboost,621,582,0,0.11306068301200867,0,0.5
4,5,45,xgboost,626,622,0,0.5165431499481201,1,0.5
4,5,45,xgboost,627,280,0,0.2712431252002716,0,0.5
4,5,45,xgboost,628,779,0,0.2428043931722641,0,0.5
4,5,45,xgboost,631,187,0,0.7742719650268555,1,0.5
4,5,45,xgboost,635,714,0,0.1555458903312683,0,0.5
4,5,45,xgboost,637,493,0,0.11176003515720367,0,0.5
4,5,45,xgboost,643,21,0,0.14966440200805664,0,0.5
4,5,45,xgboost,647,277,0,0.4268485903739929,0,0.5
4,5,45,xgboost,651,788,0,0.08137743175029755,0,0.5
4,5,45,xgboost,653,216,1,0.45073115825653076,0,0.5
4,5,45,xgboost,656,294,0,0.34222954511642456,0,0.5
4,5,45,xgboost,658,85,0,0.19062966108322144,0,0.5
4,5,45,xgboost,659,467,0,0.4096582531929016,0,0.5
4,5,45,xgboost,663,310,0,0.42087170481681824,0,0.5
4,5,45,xgboost,667,829,0,0.4870869815349579,0,0.5
4,5,45,xgboost,674,795,0,0.8056910037994385,1,0.5
4,5,45,xgboost,676,828,0,0.2595975995063782,0,0.5
4,5,45,xgboost,680,821,0,0.5977270007133484,1,0.5
4,5,45,xgboost,695,538,0,0.6539933681488037,1,0.5
4,5,45,xgboost,696,138,0,0.10931238532066345,0,0.5
4,5,45,xgboost,698,473,0,0.5984552502632141,1,0.5
4,5,45,xgboost,699,111,0,0.4774971008300781,0,0.5
4,5,45,xgboost,707,231,0,0.7466692924499512,1,0.5
4,5,45,xgboost,714,521,0,0.15403956174850464,0,0.5
4,5,45,xgboost,717,731,0,0.4178123474121094,0,0.5
4,5,45,xgboost,720,427,0,0.35359621047973633,0,0.5
4,5,45,xgboost,722,325,0,0.1380728930234909,0,0.5
4,5,45,xgboost,723,124,0,0.4483901858329773,0,0.5
4,5,45,xgboost,724,554,0,0.1297978013753891,0,0.5
4,5,45,xgboost,737,177,0,0.45355644822120667,0,0.5
4,5,45,xgboost,747,218,0,0.4471285343170166,0,0.5
4,5,45,xgboost,749,541,0,0.43999189138412476,0,0.5
4,5,45,xgboost,750,99,0,0.28207048773765564,0,0.5
4,5,45,xgboost,756,395,0,0.3306095004081726,0,0.5
4,5,45,xgboost,760,44,0,0.42772871255874634,0,0.5
4,5,45,xgboost,761,607,0,0.015887996181845665,0,0.5
4,5,45,xgboost,770,357,0,0.22008077800273895,0,0.5
4,5,45,xgboost,775,455,0,0.24431972205638885,0,0.5
4,5,45,xgboost,797,645,1,0.4111980199813843,0,0.5
4,5,45,xgboost,805,668,0,0.07382231205701828,0,0.5
4,5,45,xgboost,811,48,0,0.25949627161026,0,0.5
4,5,45,xgboost,815,549,0,0.2728630602359772,0,0.5
4,5,45,xgboost,818,700,0,0.4694809019565582,0,0.5
4,5,45,xgboost,819,2,0,0.02891470305621624,0,0.5
4,5,45,xgboost,822,726,0,0.19879549741744995,0,0.5
4,5,45,xgboost,825,794,0,0.35800856351852417,0,0.5
4,5,45,xgboost,830,699,0,0.46597838401794434,0,0.5
4,5,45,xgboost,831,777,0,0.3907312750816345,0,0.5
4,5,45,xgboost,832,561,0,0.32824578881263733,0,0.5
4,5,45,xgboost,835,332,0,0.17094507813453674,0,0.5
4,5,45,xgboost,845,132,0,0.5065692067146301,1,0.5
4,5,45,xgboost,852,800,0,0.24534745514392853,0,0.5
5,1,46,dummy_prior,1,7,0,0.0641399416909621,0,0.5
5,1,46,dummy_prior,8,809,0,0.0641399416909621,0,0.5
5,1,46,dummy_prior,18,792,0,0.0641399416909621,0,0.5
5,1,46,dummy_prior,21,783,0,0.0641399416909621,0,0.5
5,1,46,dummy_prior,22,766,1,0.0641399416909621,0,0.5
5,1,46,dummy_prior,29,745,0,0.0641399416909621,0,0.5
5,1,46,dummy_prior,36,760,0,0.0641399416909621,0,0.5
5,1,46,dummy_prior,39,719,0,0.0641399416909621,0,0.5
5,1,46,dummy_prior,40,746,0,0.0641399416909621,0,0.5
5,1,46,dummy_prior,44,740,1,0.0641399416909621,0,0.5
5,1,46,dummy_prior,62,679,0,0.0641399416909621,0,0.5
5,1,46,dummy_prior,65,736,0,0.0641399416909621,0,0.5
5,1,46,dummy_prior,73,685,0,0.0641399416909621,0,0.5
5,1,46,dummy_prior,82,615,0,0.0641399416909621,0,0.5
5,1,46,dummy_prior,87,703,0,0.0641399416909621,0,0.5
5,1,46,dummy_prior,95,604,0,0.0641399416909621,0,0.5
5,1,46,dummy_prior,99,641,0,0.0641399416909621,0,0.5
5,1,46,dummy_prior,106,577,0,0.0641399416909621,0,0.5
5,1,46,dummy_prior,107,653,0,0.0641399416909621,0,0.5
5,1,46,dummy_prior,110,619,0,0.0641399416909621,0,0.5
5,1,46,dummy_prior,111,626,0,0.0641399416909621,0,0.5
5,1,46,dummy_prior,112,573,0,0.0641399416909621,0,0.5
5,1,46,dummy_prior,123,542,0,0.0641399416909621,0,0.5
5,1,46,dummy_prior,124,571,0,0.0641399416909621,0,0.5
5,1,46,dummy_prior,131,581,1,0.0641399416909621,0,0.5
5,1,46,dummy_prior,133,651,0,0.0641399416909621,0,0.5
5,1,46,dummy_prior,135,465,0,0.0641399416909621,0,0.5
5,1,46,dummy_prior,150,489,0,0.0641399416909621,0,0.5
5,1,46,dummy_prior,154,457,0,0.0641399416909621,0,0.5
5,1,46,dummy_prior,155,507,0,0.0641399416909621,0,0.5
5,1,46,dummy_prior,156,448,0,0.0641399416909621,0,0.5
5,1,46,dummy_prior,163,509,1,0.0641399416909621,0,0.5
5,1,46,dummy_prior,164,546,0,0.0641399416909621,0,0.5
5,1,46,dummy_prior,170,434,0,0.0641399416909621,0,0.5
5,1,46,dummy_prior,175,412,0,0.0641399416909621,0,0.5
5,1,46,dummy_prior,177,468,0,0.0641399416909621,0,0.5
5,1,46,dummy_prior,178,472,0,0.0641399416909621,0,0.5
5,1,46,dummy_prior,180,414,0,0.0641399416909621,0,0.5
5,1,46,dummy_prior,189,380,0,0.0641399416909621,0,0.5
5,1,46,dummy_prior,200,443,0,0.0641399416909621,0,0.5
5,1,46,dummy_prior,202,454,0,0.0641399416909621,0,0.5
5,1,46,dummy_prior,207,437,0,0.0641399416909621,0,0.5
5,1,46,dummy_prior,208,470,0,0.0641399416909621,0,0.5
5,1,46,dummy_prior,211,453,0,0.0641399416909621,0,0.5
5,1,46,dummy_prior,212,431,0,0.0641399416909621,0,0.5
5,1,46,dummy_prior,215,372,0,0.0641399416909621,0,0.5
5,1,46,dummy_prior,217,408,0,0.0641399416909621,0,0.5
5,1,46,dummy_prior,218,503,0,0.0641399416909621,0,0.5
5,1,46,dummy_prior,232,316,0,0.0641399416909621,0,0.5
5,1,46,dummy_prior,236,343,0,0.0641399416909621,0,0.5
5,1,46,dummy_prior,243,402,0,0.0641399416909621,0,0.5
5,1,46,dummy_prior,245,253,0,0.0641399416909621,0,0.5
5,1,46,dummy_prior,248,381,0,0.0641399416909621,0,0.5
5,1,46,dummy_prior,249,270,0,0.0641399416909621,0,0.5
5,1,46,dummy_prior,251,284,0,0.0641399416909621,0,0.5
5,1,46,dummy_prior,253,279,0,0.0641399416909621,0,0.5
5,1,46,dummy_prior,263,296,0,0.0641399416909621,0,0.5
5,1,46,dummy_prior,267,265,0,0.0641399416909621,0,0.5
5,1,46,dummy_prior,272,330,0,0.0641399416909621,0,0.5
5,1,46,dummy_prior,278,267,0,0.0641399416909621,0,0.5
5,1,46,dummy_prior,285,430,0,0.0641399416909621,0,0.5
5,1,46,dummy_prior,289,419,0,0.0641399416909621,0,0.5
5,1,46,dummy_prior,294,288,0,0.0641399416909621,0,0.5
5,1,46,dummy_prior,305,201,0,0.0641399416909621,0,0.5
5,1,46,dummy_prior,316,348,0,0.0641399416909621,0,0.5
5,1,46,dummy_prior,317,170,0,0.0641399416909621,0,0.5
5,1,46,dummy_prior,324,654,0,0.0641399416909621,0,0.5
5,1,46,dummy_prior,326,217,0,0.0641399416909621,0,0.5
5,1,46,dummy_prior,327,173,0,0.0641399416909621,0,0.5
5,1,46,dummy_prior,331,446,0,0.0641399416909621,0,0.5
5,1,46,dummy_prior,333,274,0,0.0641399416909621,0,0.5
5,1,46,dummy_prior,341,121,0,0.0641399416909621,0,0.5
5,1,46,dummy_prior,342,228,0,0.0641399416909621,0,0.5
5,1,46,dummy_prior,351,155,0,0.0641399416909621,0,0.5
5,1,46,dummy_prior,366,143,0,0.0641399416909621,0,0.5
5,1,46,dummy_prior,374,243,0,0.0641399416909621,0,0.5
5,1,46,dummy_prior,381,145,0,0.0641399416909621,0,0.5
5,1,46,dummy_prior,383,134,1,0.0641399416909621,0,0.5
5,1,46,dummy_prior,385,234,0,0.0641399416909621,0,0.5
5,1,46,dummy_prior,391,69,0,0.0641399416909621,0,0.5
5,1,46,dummy_prior,403,64,0,0.0641399416909621,0,0.5
5,1,46,dummy_prior,413,698,0,0.0641399416909621,0,0.5
5,1,46,dummy_prior,417,158,0,0.0641399416909621,0,0.5
5,1,46,dummy_prior,422,89,0,0.0641399416909621,0,0.5
5,1,46,dummy_prior,425,35,0,0.0641399416909621,0,0.5
5,1,46,dummy_prior,432,600,0,0.0641399416909621,0,0.5
5,1,46,dummy_prior,434,192,1,0.0641399416909621,0,0.5
5,1,46,dummy_prior,437,26,0,0.0641399416909621,0,0.5
5,1,46,dummy_prior,440,7,0,0.0641399416909621,0,0.5
5,1,46,dummy_prior,442,26,0,0.0641399416909621,0,0.5
5,1,46,dummy_prior,446,107,0,0.0641399416909621,0,0.5
5,1,46,dummy_prior,452,46,0,0.0641399416909621,0,0.5
5,1,46,dummy_prior,454,7,0,0.0641399416909621,0,0.5
5,1,46,dummy_prior,457,18,0,0.0641399416909621,0,0.5
5,1,46,dummy_prior,458,35,0,0.0641399416909621,0,0.5
5,1,46,dummy_prior,459,3,0,0.0641399416909621,0,0.5
5,1,46,dummy_prior,463,1,0,0.0641399416909621,0,0.5
5,1,46,dummy_prior,465,43,0,0.0641399416909621,0,0.5
5,1,46,dummy_prior,466,7,0,0.0641399416909621,0,0.5
5,1,46,dummy_prior,481,608,0,0.0641399416909621,0,0.5
5,1,46,dummy_prior,484,371,0,0.0641399416909621,0,0.5
5,1,46,dummy_prior,489,151,0,0.0641399416909621,0,0.5
5,1,46,dummy_prior,498,663,0,0.0641399416909621,0,0.5
5,1,46,dummy_prior,515,603,0,0.0641399416909621,0,0.5
5,1,46,dummy_prior,517,514,0,0.0641399416909621,0,0.5
5,1,46,dummy_prior,519,123,0,0.0641399416909621,0,0.5
5,1,46,dummy_prior,524,628,0,0.0641399416909621,0,0.5
5,1,46,dummy_prior,525,46,0,0.0641399416909621,0,0.5
5,1,46,dummy_prior,526,469,0,0.0641399416909621,0,0.5
5,1,46,dummy_prior,531,119,0,0.0641399416909621,0,0.5
5,1,46,dummy_prior,535,275,0,0.0641399416909621,0,0.5
5,1,46,dummy_prior,538,361,0,0.0641399416909621,0,0.5
5,1,46,dummy_prior,539,76,1,0.0641399416909621,0,0.5
5,1,46,dummy_prior,540,188,0,0.0641399416909621,0,0.5
5,1,46,dummy_prior,550,191,0,0.0641399416909621,0,0.5
5,1,46,dummy_prior,565,335,0,0.0641399416909621,0,0.5
5,1,46,dummy_prior,572,373,0,0.0641399416909621,0,0.5
5,1,46,dummy_prior,574,309,0,0.0641399416909621,0,0.5
5,1,46,dummy_prior,577,196,0,0.0641399416909621,0,0.5
5,1,46,dummy_prior,582,198,0,0.0641399416909621,0,0.5
5,1,46,dummy_prior,584,562,0,0.0641399416909621,0,0.5
5,1,46,dummy_prior,588,813,0,0.0641399416909621,0,0.5
5,1,46,dummy_prior,592,321,0,0.0641399416909621,0,0.5
5,1,46,dummy_prior,601,504,0,0.0641399416909621,0,0.5
5,1,46,dummy_prior,602,670,0,0.0641399416909621,0,0.5
5,1,46,dummy_prior,605,183,0,0.0641399416909621,0,0.5
5,1,46,dummy_prior,607,566,0,0.0641399416909621,0,0.5
5,1,46,dummy_prior,608,135,0,0.0641399416909621,0,0.5
5,1,46,dummy_prior,609,416,0,0.0641399416909621,0,0.5
5,1,46,dummy_prior,613,299,0,0.0641399416909621,0,0.5
5,1,46,dummy_prior,615,706,0,0.0641399416909621,0,0.5
5,1,46,dummy_prior,627,280,0,0.0641399416909621,0,0.5
5,1,46,dummy_prior,634,478,0,0.0641399416909621,0,0.5
5,1,46,dummy_prior,637,493,0,0.0641399416909621,0,0.5
5,1,46,dummy_prior,647,277,0,0.0641399416909621,0,0.5
5,1,46,dummy_prior,648,95,0,0.0641399416909621,0,0.5
5,1,46,dummy_prior,652,826,0,0.0641399416909621,0,0.5
5,1,46,dummy_prior,658,85,0,0.0641399416909621,0,0.5
5,1,46,dummy_prior,659,467,0,0.0641399416909621,0,0.5
5,1,46,dummy_prior,661,326,0,0.0641399416909621,0,0.5
5,1,46,dummy_prior,662,502,0,0.0641399416909621,0,0.5
5,1,46,dummy_prior,663,310,0,0.0641399416909621,0,0.5
5,1,46,dummy_prior,673,819,1,0.0641399416909621,0,0.5
5,1,46,dummy_prior,693,98,1,0.0641399416909621,0,0.5
5,1,46,dummy_prior,694,486,0,0.0641399416909621,0,0.5
5,1,46,dummy_prior,698,473,0,0.0641399416909621,0,0.5
5,1,46,dummy_prior,704,781,0,0.0641399416909621,0,0.5
5,1,46,dummy_prior,710,449,0,0.0641399416909621,0,0.5
5,1,46,dummy_prior,713,31,0,0.0641399416909621,0,0.5
5,1,46,dummy_prior,719,769,0,0.0641399416909621,0,0.5
5,1,46,dummy_prior,722,325,0,0.0641399416909621,0,0.5
5,1,46,dummy_prior,724,554,0,0.0641399416909621,0,0.5
5,1,46,dummy_prior,725,214,0,0.0641399416909621,0,0.5
5,1,46,dummy_prior,733,587,0,0.0641399416909621,0,0.5
5,1,46,dummy_prior,750,99,0,0.0641399416909621,0,0.5
5,1,46,dummy_prior,764,281,0,0.0641399416909621,0,0.5
5,1,46,dummy_prior,765,398,0,0.0641399416909621,0,0.5
5,1,46,dummy_prior,766,206,0,0.0641399416909621,0,0.5
5,1,46,dummy_prior,767,12,0,0.0641399416909621,0,0.5
5,1,46,dummy_prior,773,23,0,0.0641399416909621,0,0.5
5,1,46,dummy_prior,779,656,0,0.0641399416909621,0,0.5
5,1,46,dummy_prior,783,84,0,0.0641399416909621,0,0.5
5,1,46,dummy_prior,786,401,1,0.0641399416909621,0,0.5
5,1,46,dummy_prior,796,605,0,0.0641399416909621,0,0.5
5,1,46,dummy_prior,808,544,0,0.0641399416909621,0,0.5
5,1,46,dummy_prior,811,48,0,0.0641399416909621,0,0.5
5,1,46,dummy_prior,814,22,1,0.0641399416909621,0,0.5
5,1,46,dummy_prior,824,720,0,0.0641399416909621,0,0.5
5,1,46,dummy_prior,828,634,0,0.0641399416909621,0,0.5
5,1,46,dummy_prior,838,694,0,0.0641399416909621,0,0.5
5,1,46,dummy_prior,855,377,0,0.0641399416909621,0,0.5
5,1,46,dummy_prior,856,635,0,0.0641399416909621,0,0.5
5,1,46,logistic_regression,1,7,0,0.4615522131718109,0,0.5
5,1,46,logistic_regression,8,809,0,0.5223729468463242,1,0.5
5,1,46,logistic_regression,18,792,0,0.8651218029462726,1,0.5
5,1,46,logistic_regression,21,783,0,0.38924373776550103,0,0.5
5,1,46,logistic_regression,22,766,1,0.6199051887381205,1,0.5
5,1,46,logistic_regression,29,745,0,0.4792080151480978,0,0.5
5,1,46,logistic_regression,36,760,0,0.4774552346678381,0,0.5
5,1,46,logistic_regression,39,719,0,0.495466858643173,0,0.5
5,1,46,logistic_regression,40,746,0,0.3579609858888399,0,0.5
5,1,46,logistic_regression,44,740,1,0.6520512678004377,1,0.5
5,1,46,logistic_regression,62,679,0,0.5320103557188488,1,0.5
5,1,46,logistic_regression,65,736,0,0.6166731635512928,1,0.5
5,1,46,logistic_regression,73,685,0,0.49071307310130086,0,0.5
5,1,46,logistic_regression,82,615,0,0.551090312632335,1,0.5
5,1,46,logistic_regression,87,703,0,0.5821147568165437,1,0.5
5,1,46,logistic_regression,95,604,0,0.14172563706147617,0,0.5
5,1,46,logistic_regression,99,641,0,0.5717042981374685,1,0.5
5,1,46,logistic_regression,106,577,0,0.6114200346891121,1,0.5
5,1,46,logistic_regression,107,653,0,0.4849378229249796,0,0.5
5,1,46,logistic_regression,110,619,0,0.5503738273632149,1,0.5
5,1,46,logistic_regression,111,626,0,0.151118104040937,0,0.5
5,1,46,logistic_regression,112,573,0,0.7181953110682022,1,0.5
5,1,46,logistic_regression,123,542,0,0.690919705391291,1,0.5
5,1,46,logistic_regression,124,571,0,0.611909839524524,1,0.5
5,1,46,logistic_regression,131,581,1,0.6777514359920711,1,0.5
5,1,46,logistic_regression,133,651,0,0.48065055593701117,0,0.5
5,1,46,logistic_regression,135,465,0,0.5955742797242113,1,0.5
5,1,46,logistic_regression,150,489,0,0.4912161337086376,0,0.5
5,1,46,logistic_regression,154,457,0,0.5229575443938138,1,0.5
5,1,46,logistic_regression,155,507,0,0.5406800724885422,1,0.5
5,1,46,logistic_regression,156,448,0,0.5378349095537075,1,0.5
5,1,46,logistic_regression,163,509,1,0.47834603290418004,0,0.5
5,1,46,logistic_regression,164,546,0,0.0875814376483782,0,0.5
5,1,46,logistic_regression,170,434,0,0.26368126530409436,0,0.5
5,1,46,logistic_regression,175,412,0,0.4730399890432942,0,0.5
5,1,46,logistic_regression,177,468,0,0.4694538078745158,0,0.5
5,1,46,logistic_regression,178,472,0,0.14415705098815637,0,0.5
5,1,46,logistic_regression,180,414,0,0.5742011410998179,1,0.5
5,1,46,logistic_regression,189,380,0,0.35904222703029676,0,0.5
5,1,46,logistic_regression,200,443,0,0.4727595649904146,0,0.5
5,1,46,logistic_regression,202,454,0,0.40469425524514163,0,0.5
5,1,46,logistic_regression,207,437,0,0.46133966337116256,0,0.5
5,1,46,logistic_regression,208,470,0,0.4444721591413037,0,0.5
5,1,46,logistic_regression,211,453,0,0.5149396383266698,1,0.5
5,1,46,logistic_regression,212,431,0,0.4713275376523208,0,0.5
5,1,46,logistic_regression,215,372,0,0.47063679514218026,0,0.5
5,1,46,logistic_regression,217,408,0,0.4975366726461133,0,0.5
5,1,46,logistic_regression,218,503,0,0.46712159542824083,0,0.5
5,1,46,logistic_regression,232,316,0,0.45144748600785717,0,0.5
5,1,46,logistic_regression,236,343,0,0.7727720264135284,1,0.5
5,1,46,logistic_regression,243,402,0,0.13921147605006673,0,0.5
5,1,46,logistic_regression,245,253,0,0.4657399575710488,0,0.5
5,1,46,logistic_regression,248,381,0,0.541661618057592,1,0.5
5,1,46,logistic_regression,249,270,0,0.4263810272164184,0,0.5
5,1,46,logistic_regression,251,284,0,0.4528858259243597,0,0.5
5,1,46,logistic_regression,253,279,0,0.4752544427079814,0,0.5
5,1,46,logistic_regression,263,296,0,0.14645098323035108,0,0.5
5,1,46,logistic_regression,267,265,0,0.14414135157918379,0,0.5
5,1,46,logistic_regression,272,330,0,0.1263313253065637,0,0.5
5,1,46,logistic_regression,278,267,0,0.4835468773502672,0,0.5
5,1,46,logistic_regression,285,430,0,0.48759078726866306,0,0.5
5,1,46,logistic_regression,289,419,0,0.4741298514542172,0,0.5
5,1,46,logistic_regression,294,288,0,0.4863307690044353,0,0.5
5,1,46,logistic_regression,305,201,0,0.4653918708073634,0,0.5
5,1,46,logistic_regression,316,348,0,0.14292144765096826,0,0.5
5,1,46,logistic_regression,317,170,0,0.4543942178487973,0,0.5
5,1,46,logistic_regression,324,654,0,0.35100521201157736,0,0.5
5,1,46,logistic_regression,326,217,0,0.44782029236535276,0,0.5
5,1,46,logistic_regression,327,173,0,0.4669832249972046,0,0.5
5,1,46,logistic_regression,331,446,0,0.5793602885634935,1,0.5
5,1,46,logistic_regression,333,274,0,0.5153386487385506,1,0.5
5,1,46,logistic_regression,341,121,0,0.13835060850209638,0,0.5
5,1,46,logistic_regression,342,228,0,0.44177215229920896,0,0.5
5,1,46,logistic_regression,351,155,0,0.4824550892842658,0,0.5
5,1,46,logistic_regression,366,143,0,0.4313989955518518,0,0.5
5,1,46,logistic_regression,374,243,0,0.27205678529029154,0,0.5
5,1,46,logistic_regression,381,145,0,0.13656841768609626,0,0.5
5,1,46,logistic_regression,383,134,1,0.44555974595157255,0,0.5
5,1,46,logistic_regression,385,234,0,0.44687976668853874,0,0.5
5,1,46,logistic_regression,391,69,0,0.08024119079724555,0,0.5
5,1,46,logistic_regression,403,64,0,0.46270221053107585,0,0.5
5,1,46,logistic_regression,413,698,0,0.5144451974628574,1,0.5
5,1,46,logistic_regression,417,158,0,0.08291157591409844,0,0.5
5,1,46,logistic_regression,422,89,0,0.43511829557413806,0,0.5
5,1,46,logistic_regression,425,35,0,0.463965919244141,0,0.5
5,1,46,logistic_regression,432,600,0,0.6016773934735489,1,0.5
5,1,46,logistic_regression,434,192,1,0.44335795876466416,0,0.5
5,1,46,logistic_regression,437,26,0,0.46598444725226307,0,0.5
5,1,46,logistic_regression,440,7,0,0.4615522131718109,0,0.5
5,1,46,logistic_regression,442,26,0,0.46598444725226307,0,0.5
5,1,46,logistic_regression,446,107,0,0.48100608895537866,0,0.5
5,1,46,logistic_regression,452,46,0,0.13762935926985317,0,0.5
5,1,46,logistic_regression,454,7,0,0.4615522131718109,0,0.5
5,1,46,logistic_regression,457,18,0,0.13113013077459756,0,0.5
5,1,46,logistic_regression,458,35,0,0.463965919244141,0,0.5
5,1,46,logistic_regression,459,3,0,0.45878347710089185,0,0.5
5,1,46,logistic_regression,463,1,0,0.46477346575881223,0,0.5
5,1,46,logistic_regression,465,43,0,0.4707200917026001,0,0.5
5,1,46,logistic_regression,466,7,0,0.4615522131718109,0,0.5
5,1,46,logistic_regression,481,608,0,0.3462449506008507,0,0.5
5,1,46,logistic_regression,484,371,0,0.48385207827431886,0,0.5
5,1,46,logistic_regression,489,151,0,0.1338899538128698,0,0.5
5,1,46,logistic_regression,498,663,0,0.7765711632323359,1,0.5
5,1,46,logistic_regression,515,603,0,0.46000959290388155,0,0.5
5,1,46,logistic_regression,517,514,0,0.5240892279843208,1,0.5
5,1,46,logistic_regression,519,123,0,0.4655780032334931,0,0.5
5,1,46,logistic_regression,524,628,0,0.5596753891405196,1,0.5
5,1,46,logistic_regression,525,46,0,0.13762935926985317,0,0.5
5,1,46,logistic_regression,526,469,0,0.5006911721714356,1,0.5
5,1,46,logistic_regression,531,119,0,0.48454147784111357,0,0.5
5,1,46,logistic_regression,535,275,0,0.4775308071126958,0,0.5
5,1,46,logistic_regression,538,361,0,0.4488346045492595,0,0.5
5,1,46,logistic_regression,539,76,1,0.6295697150634145,1,0.5
5,1,46,logistic_regression,540,188,0,0.4686455398042677,0,0.5
5,1,46,logistic_regression,550,191,0,0.4741176315748042,0,0.5
5,1,46,logistic_regression,565,335,0,0.4794024637413974,0,0.5
5,1,46,logistic_regression,572,373,0,0.539250709821022,1,0.5
5,1,46,logistic_regression,574,309,0,0.47424407491793136,0,0.5
5,1,46,logistic_regression,577,196,0,0.4592708690826329,0,0.5
5,1,46,logistic_regression,582,198,0,0.49641014616413753,0,0.5
5,1,46,logistic_regression,584,562,0,0.4856116630212183,0,0.5
5,1,46,logistic_regression,588,813,0,0.4760260150665954,0,0.5
5,1,46,logistic_regression,592,321,0,0.5326837582276789,1,0.5
5,1,46,logistic_regression,601,504,0,0.5287677152290086,1,0.5
5,1,46,logistic_regression,602,670,0,0.5597720369191961,1,0.5
5,1,46,logistic_regression,605,183,0,0.46799446399468664,0,0.5
5,1,46,logistic_regression,607,566,0,0.16637484651212528,0,0.5
5,1,46,logistic_regression,608,135,0,0.45988367898162313,0,0.5
5,1,46,logistic_regression,609,416,0,0.4949326332909798,0,0.5
5,1,46,logistic_regression,613,299,0,0.31999214040246243,0,0.5
5,1,46,logistic_regression,615,706,0,0.695661057149937,1,0.5
5,1,46,logistic_regression,627,280,0,0.47924293287915853,0,0.5
5,1,46,logistic_regression,634,478,0,0.48691420364717974,0,0.5
5,1,46,logistic_regression,637,493,0,0.5597327849343295,1,0.5
5,1,46,logistic_regression,647,277,0,0.3727820857404694,0,0.5
5,1,46,logistic_regression,648,95,0,0.899827325524217,1,0.5
5,1,46,logistic_regression,652,826,0,0.6666689593265033,1,0.5
5,1,46,logistic_regression,658,85,0,0.44268939503891686,0,0.5
5,1,46,logistic_regression,659,467,0,0.45098900614178966,0,0.5
5,1,46,logistic_regression,661,326,0,0.4340231056860424,0,0.5
5,1,46,logistic_regression,662,502,0,0.4907567112556009,0,0.5
5,1,46,logistic_regression,663,310,0,0.48829780179612553,0,0.5
5,1,46,logistic_regression,673,819,1,0.6597737798011932,1,0.5
5,1,46,logistic_regression,693,98,1,0.5901909279887702,1,0.5
5,1,46,logistic_regression,694,486,0,0.5903689210302698,1,0.5
5,1,46,logistic_regression,698,473,0,0.5892877866114156,1,0.5
5,1,46,logistic_regression,704,781,0,0.6078557559077222,1,0.5
5,1,46,logistic_regression,710,449,0,0.49799553686926396,0,0.5
5,1,46,logistic_regression,713,31,0,0.4696668364990699,0,0.5
5,1,46,logistic_regression,719,769,0,0.7000447596182567,1,0.5
5,1,46,logistic_regression,722,325,0,0.5450832566599014,1,0.5
5,1,46,logistic_regression,724,554,0,0.4720794502819196,0,0.5
5,1,46,logistic_regression,725,214,0,0.5066517365035192,1,0.5
5,1,46,logistic_regression,733,587,0,0.501482627248045,1,0.5
5,1,46,logistic_regression,750,99,0,0.4561085690556183,0,0.5
5,1,46,logistic_regression,764,281,0,0.5608231404050258,1,0.5
5,1,46,logistic_regression,765,398,0,0.4797674233322345,0,0.5
5,1,46,logistic_regression,766,206,0,0.48635489313125263,0,0.5
5,1,46,logistic_regression,767,12,0,0.13082647333034017,0,0.5
5,1,46,logistic_regression,773,23,0,0.3585090659448235,0,0.5
5,1,46,logistic_regression,779,656,0,0.5733835203913674,1,0.5
5,1,46,logistic_regression,783,84,0,0.14154611780514542,0,0.5
5,1,46,logistic_regression,786,401,1,0.8337111116745993,1,0.5
5,1,46,logistic_regression,796,605,0,0.4616087569568115,0,0.5
5,1,46,logistic_regression,808,544,0,0.4394722055234246,0,0.5
5,1,46,logistic_regression,811,48,0,0.5553486749369859,1,0.5
5,1,46,logistic_regression,814,22,1,0.38418228005177224,0,0.5
5,1,46,logistic_regression,824,720,0,0.5274041009171654,1,0.5
5,1,46,logistic_regression,828,634,0,0.49497805221370633,0,0.5
5,1,46,logistic_regression,838,694,0,0.5248770905035328,1,0.5
5,1,46,logistic_regression,855,377,0,0.43899906208620615,0,0.5
5,1,46,logistic_regression,856,635,0,0.478647806934534,0,0.5
5,1,46,xgboost,1,7,0,0.0065037463791668415,0,0.5
5,1,46,xgboost,8,809,0,0.0008248769445344806,0,0.5
5,1,46,xgboost,18,792,0,0.0015575820580124855,0,0.5
5,1,46,xgboost,21,783,0,0.02328811213374138,0,0.5
5,1,46,xgboost,22,766,1,0.09090007096529007,0,0.5
5,1,46,xgboost,29,745,0,0.00041362547199241817,0,0.5
5,1,46,xgboost,36,760,0,0.20573894679546356,0,0.5
5,1,46,xgboost,39,719,0,0.008917488157749176,0,0.5
5,1,46,xgboost,40,746,0,0.04214702919125557,0,0.5
5,1,46,xgboost,44,740,1,0.01640150137245655,0,0.5
5,1,46,xgboost,62,679,0,0.0066755712032318115,0,0.5
5,1,46,xgboost,65,736,0,0.2772693634033203,0,0.5
5,1,46,xgboost,73,685,0,0.03275998309254646,0,0.5
5,1,46,xgboost,82,615,0,0.0106046749278903,0,0.5
5,1,46,xgboost,87,703,0,0.21004454791545868,0,0.5
5,1,46,xgboost,95,604,0,0.001679785898886621,0,0.5
5,1,46,xgboost,99,641,0,0.25824084877967834,0,0.5
5,1,46,xgboost,106,577,0,0.03232716768980026,0,0.5
5,1,46,xgboost,107,653,0,0.0007935687317512929,0,0.5
5,1,46,xgboost,110,619,0,0.00230947183445096,0,0.5
5,1,46,xgboost,111,626,0,0.0015603386564180255,0,0.5
5,1,46,xgboost,112,573,0,0.0874997079372406,0,0.5
5,1,46,xgboost,123,542,0,0.03523898497223854,0,0.5
5,1,46,xgboost,124,571,0,0.28042688965797424,0,0.5
5,1,46,xgboost,131,581,1,0.12365119904279709,0,0.5
5,1,46,xgboost,133,651,0,0.1345900297164917,0,0.5
5,1,46,xgboost,135,465,0,0.04341656714677811,0,0.5
5,1,46,xgboost,150,489,0,0.11142157763242722,0,0.5
5,1,46,xgboost,154,457,0,0.07026223838329315,0,0.5
5,1,46,xgboost,155,507,0,0.48849162459373474,0,0.5
5,1,46,xgboost,156,448,0,0.015347215346992016,0,0.5
5,1,46,xgboost,163,509,1,0.04644664749503136,0,0.5
5,1,46,xgboost,164,546,0,0.006013763137161732,0,0.5
5,1,46,xgboost,170,434,0,0.5133070349693298,1,0.5
5,1,46,xgboost,175,412,0,0.4178941249847412,0,0.5
5,1,46,xgboost,177,468,0,0.08008936047554016,0,0.5
5,1,46,xgboost,178,472,0,0.005573010537773371,0,0.5
5,1,46,xgboost,180,414,0,0.017497248947620392,0,0.5
5,1,46,xgboost,189,380,0,0.004071692004799843,0,0.5
5,1,46,xgboost,200,443,0,0.07774119079113007,0,0.5
5,1,46,xgboost,202,454,0,0.09282684326171875,0,0.5
5,1,46,xgboost,207,437,0,0.14629611372947693,0,0.5
5,1,46,xgboost,208,470,0,0.07251105457544327,0,0.5
5,1,46,xgboost,211,453,0,0.0014900465030223131,0,0.5
5,1,46,xgboost,212,431,0,0.11757591366767883,0,0.5
5,1,46,xgboost,215,372,0,0.00581248989328742,0,0.5
5,1,46,xgboost,217,408,0,0.03145119920372963,0,0.5
5,1,46,xgboost,218,503,0,0.8455128073692322,1,0.5
5,1,46,xgboost,232,316,0,0.13750122487545013,0,0.5
5,1,46,xgboost,236,343,0,0.0338570736348629,0,0.5
5,1,46,xgboost,243,402,0,0.00023536168737336993,0,0.5
5,1,46,xgboost,245,253,0,0.4824734032154083,0,0.5
5,1,46,xgboost,248,381,0,0.004843635018914938,0,0.5
5,1,46,xgboost,249,270,0,0.5706167817115784,1,0.5
5,1,46,xgboost,251,284,0,0.4204806685447693,0,0.5
5,1,46,xgboost,253,279,0,0.008033597841858864,0,0.5
5,1,46,xgboost,263,296,0,3.7799352867295966e-05,0,0.5
5,1,46,xgboost,267,265,0,0.016411535441875458,0,0.5
5,1,46,xgboost,272,330,0,0.003850925248116255,0,0.5
5,1,46,xgboost,278,267,0,0.5417424440383911,1,0.5
5,1,46,xgboost,285,430,0,0.0015036523109301925,0,0.5
5,1,46,xgboost,289,419,0,0.17133674025535583,0,0.5
5,1,46,xgboost,294,288,0,0.034096717834472656,0,0.5
5,1,46,xgboost,305,201,0,0.013797271996736526,0,0.5
5,1,46,xgboost,316,348,0,0.0032584855798631907,0,0.5
5,1,46,xgboost,317,170,0,0.060821667313575745,0,0.5
5,1,46,xgboost,324,654,0,0.138323113322258,0,0.5
5,1,46,xgboost,326,217,0,0.4442360997200012,0,0.5
5,1,46,xgboost,327,173,0,0.2760346233844757,0,0.5
5,1,46,xgboost,331,446,0,0.022038809955120087,0,0.5
5,1,46,xgboost,333,274,0,0.3065403401851654,0,0.5
5,1,46,xgboost,341,121,0,0.0036747970152646303,0,0.5
5,1,46,xgboost,342,228,0,0.47397786378860474,0,0.5
5,1,46,xgboost,351,155,0,0.00539386086165905,0,0.5
5,1,46,xgboost,366,143,0,0.08040373027324677,0,0.5
5,1,46,xgboost,374,243,0,0.04202497377991676,0,0.5
5,1,46,xgboost,381,145,0,0.0009481094311922789,0,0.5
5,1,46,xgboost,383,134,1,0.05810949578881264,0,0.5
5,1,46,xgboost,385,234,0,0.11471077054738998,0,0.5
5,1,46,xgboost,391,69,0,0.0015755195636302233,0,0.5
5,1,46,xgboost,403,64,0,0.4193820059299469,0,0.5
5,1,46,xgboost,413,698,0,0.011257897131145,0,0.5
5,1,46,xgboost,417,158,0,0.001489619491621852,0,0.5
5,1,46,xgboost,422,89,0,0.001209996989928186,0,0.5
5,1,46,xgboost,425,35,0,0.3143041729927063,0,0.5
5,1,46,xgboost,432,600,0,0.02597982808947563,0,0.5
5,1,46,xgboost,434,192,1,0.08527717739343643,0,0.5
5,1,46,xgboost,437,26,0,0.054160624742507935,0,0.5
5,1,46,xgboost,440,7,0,0.0065037463791668415,0,0.5
5,1,46,xgboost,442,26,0,0.054160624742507935,0,0.5
5,1,46,xgboost,446,107,0,0.0005662571056745946,0,0.5
5,1,46,xgboost,452,46,0,0.003077266737818718,0,0.5
5,1,46,xgboost,454,7,0,0.0065037463791668415,0,0.5
5,1,46,xgboost,457,18,0,0.0002740904164966196,0,0.5
5,1,46,xgboost,458,35,0,0.3143041729927063,0,0.5
5,1,46,xgboost,459,3,0,0.0497928224503994,0,0.5
5,1,46,xgboost,463,1,0,0.0010065971873700619,0,0.5
5,1,46,xgboost,465,43,0,0.020699137821793556,0,0.5
5,1,46,xgboost,466,7,0,0.0065037463791668415,0,0.5
5,1,46,xgboost,481,608,0,0.2473866492509842,0,0.5
5,1,46,xgboost,484,371,0,0.019244007766246796,0,0.5
5,1,46,xgboost,489,151,0,0.00020895199850201607,0,0.5
5,1,46,xgboost,498,663,0,0.10552921146154404,0,0.5
5,1,46,xgboost,515,603,0,0.14364056289196014,0,0.5
5,1,46,xgboost,517,514,0,0.23130963742733002,0,0.5
5,1,46,xgboost,519,123,0,0.180474191904068,0,0.5
5,1,46,xgboost,524,628,0,0.5331583619117737,1,0.5
5,1,46,xgboost,525,46,0,0.003077266737818718,0,0.5
5,1,46,xgboost,526,469,0,0.25194162130355835,0,0.5
5,1,46,xgboost,531,119,0,0.08415994048118591,0,0.5
5,1,46,xgboost,535,275,0,0.7647004723548889,1,0.5
5,1,46,xgboost,538,361,0,0.3236148953437805,0,0.5
5,1,46,xgboost,539,76,1,0.0009389682090841234,0,0.5
5,1,46,xgboost,540,188,0,0.07254614681005478,0,0.5
5,1,46,xgboost,550,191,0,0.03155570477247238,0,0.5
5,1,46,xgboost,565,335,0,0.031105423346161842,0,0.5
5,1,46,xgboost,572,373,0,0.002101440215483308,0,0.5
5,1,46,xgboost,574,309,0,0.003982899710536003,0,0.5
5,1,46,xgboost,577,196,0,0.13155536353588104,0,0.5
5,1,46,xgboost,582,198,0,0.01951553113758564,0,0.5
5,1,46,xgboost,584,562,0,0.031076185405254364,0,0.5
5,1,46,xgboost,588,813,0,0.0008011307218112051,0,0.5
5,1,46,xgboost,592,321,0,0.02363600954413414,0,0.5
5,1,46,xgboost,601,504,0,0.11064164340496063,0,0.5
5,1,46,xgboost,602,670,0,0.0998571366071701,0,0.5
5,1,46,xgboost,605,183,0,0.011143382638692856,0,0.5
5,1,46,xgboost,607,566,0,0.0007471046992577612,0,0.5
5,1,46,xgboost,608,135,0,0.014441601000726223,0,0.5
5,1,46,xgboost,609,416,0,0.15847621858119965,0,0.5
5,1,46,xgboost,613,299,0,0.046847354620695114,0,0.5
5,1,46,xgboost,615,706,0,0.0016714137746021152,0,0.5
5,1,46,xgboost,627,280,0,0.006854176055639982,0,0.5
5,1,46,xgboost,634,478,0,0.10380697250366211,0,0.5
5,1,46,xgboost,637,493,0,0.005117794033139944,0,0.5
5,1,46,xgboost,647,277,0,0.218513622879982,0,0.5
5,1,46,xgboost,648,95,0,0.006429997272789478,0,0.5
5,1,46,xgboost,652,826,0,0.011592520400881767,0,0.5
5,1,46,xgboost,658,85,0,0.0007866001687943935,0,0.5
5,1,46,xgboost,659,467,0,0.15305598080158234,0,0.5
5,1,46,xgboost,661,326,0,0.015159240923821926,0,0.5
5,1,46,xgboost,662,502,0,0.03541141375899315,0,0.5
5,1,46,xgboost,663,310,0,0.12843935191631317,0,0.5
5,1,46,xgboost,673,819,1,0.03137770667672157,0,0.5
5,1,46,xgboost,693,98,1,0.005528043024241924,0,0.5
5,1,46,xgboost,694,486,0,0.48794132471084595,0,0.5
5,1,46,xgboost,698,473,0,0.20167909562587738,0,0.5
5,1,46,xgboost,704,781,0,0.011557376012206078,0,0.5
5,1,46,xgboost,710,449,0,0.19982528686523438,0,0.5
5,1,46,xgboost,713,31,0,0.01667744480073452,0,0.5
5,1,46,xgboost,719,769,0,0.8282031416893005,1,0.5
5,1,46,xgboost,722,325,0,0.006364571396261454,0,0.5
5,1,46,xgboost,724,554,0,0.030125711113214493,0,0.5
5,1,46,xgboost,725,214,0,0.5578442215919495,1,0.5
5,1,46,xgboost,733,587,0,0.07718022167682648,0,0.5
5,1,46,xgboost,750,99,0,0.0022913182619959116,0,0.5
5,1,46,xgboost,764,281,0,0.0039242045022547245,0,0.5
5,1,46,xgboost,765,398,0,0.014007451944053173,0,0.5
5,1,46,xgboost,766,206,0,0.04187464341521263,0,0.5
5,1,46,xgboost,767,12,0,0.001184051507152617,0,0.5
5,1,46,xgboost,773,23,0,0.00014327776443678886,0,0.5
5,1,46,xgboost,779,656,0,0.2650696933269501,0,0.5
5,1,46,xgboost,783,84,0,0.0045766266994178295,0,0.5
5,1,46,xgboost,786,401,1,0.004981362260878086,0,0.5
5,1,46,xgboost,796,605,0,0.0005763993831351399,0,0.5
5,1,46,xgboost,808,544,0,0.0353144034743309,0,0.5
5,1,46,xgboost,811,48,0,0.0030894349329173565,0,0.5
5,1,46,xgboost,814,22,1,0.0010315689723938704,0,0.5
5,1,46,xgboost,824,720,0,0.015346351079642773,0,0.5
5,1,46,xgboost,828,634,0,0.005575283896178007,0,0.5
5,1,46,xgboost,838,694,0,0.05007688328623772,0,0.5
5,1,46,xgboost,855,377,0,0.15317076444625854,0,0.5
5,1,46,xgboost,856,635,0,0.10383656620979309,0,0.5
5,2,46,dummy_prior,0,109,0,0.0641399416909621,0,0.5
5,2,46,dummy_prior,5,796,0,0.0641399416909621,0,0.5
5,2,46,dummy_prior,9,804,0,0.0641399416909621,0,0.5
5,2,46,dummy_prior,10,807,0,0.0641399416909621,0,0.5
5,2,46,dummy_prior,13,803,0,0.0641399416909621,0,0.5
5,2,46,dummy_prior,19,773,0,0.0641399416909621,0,0.5
5,2,46,dummy_prior,26,765,0,0.0641399416909621,0,0.5
5,2,46,dummy_prior,27,759,0,0.0641399416909621,0,0.5
5,2,46,dummy_prior,30,782,0,0.0641399416909621,0,0.5
5,2,46,dummy_prior,33,734,0,0.0641399416909621,0,0.5
5,2,46,dummy_prior,42,724,0,0.0641399416909621,0,0.5
5,2,46,dummy_prior,43,723,0,0.0641399416909621,0,0.5
5,2,46,dummy_prior,51,715,0,0.0641399416909621,0,0.5
5,2,46,dummy_prior,59,692,0,0.0641399416909621,0,0.5
5,2,46,dummy_prior,64,750,1,0.0641399416909621,0,0.5
5,2,46,dummy_prior,67,728,0,0.0641399416909621,0,0.5
5,2,46,dummy_prior,68,696,0,0.0641399416909621,0,0.5
5,2,46,dummy_prior,72,664,0,0.0641399416909621,0,0.5
5,2,46,dummy_prior,75,686,0,0.0641399416909621,0,0.5
5,2,46,dummy_prior,79,684,0,0.0641399416909621,0,0.5
5,2,46,dummy_prior,80,630,0,0.0641399416909621,0,0.5
5,2,46,dummy_prior,84,713,0,0.0641399416909621,0,0.5
5,2,46,dummy_prior,85,657,0,0.0641399416909621,0,0.5
5,2,46,dummy_prior,89,632,0,0.0641399416909621,0,0.5
5,2,46,dummy_prior,92,649,0,0.0641399416909621,0,0.5
5,2,46,dummy_prior,94,637,0,0.0641399416909621,0,0.5
5,2,46,dummy_prior,113,328,0,0.0641399416909621,0,0.5
5,2,46,dummy_prior,117,570,0,0.0641399416909621,0,0.5
5,2,46,dummy_prior,119,498,0,0.0641399416909621,0,0.5
5,2,46,dummy_prior,125,596,0,0.0641399416909621,0,0.5
5,2,46,dummy_prior,126,588,0,0.0641399416909621,0,0.5
5,2,46,dummy_prior,146,576,0,0.0641399416909621,0,0.5
5,2,46,dummy_prior,153,423,0,0.0641399416909621,0,0.5
5,2,46,dummy_prior,166,515,0,0.0641399416909621,0,0.5
5,2,46,dummy_prior,176,452,0,0.0641399416909621,0,0.5
5,2,46,dummy_prior,185,488,1,0.0641399416909621,0,0.5
5,2,46,dummy_prior,186,404,0,0.0641399416909621,0,0.5
5,2,46,dummy_prior,187,501,0,0.0641399416909621,0,0.5
5,2,46,dummy_prior,191,527,0,0.0641399416909621,0,0.5
5,2,46,dummy_prior,193,445,0,0.0641399416909621,0,0.5
5,2,46,dummy_prior,194,397,0,0.0641399416909621,0,0.5
5,2,46,dummy_prior,195,429,0,0.0641399416909621,0,0.5
5,2,46,dummy_prior,198,447,0,0.0641399416909621,0,0.5
5,2,46,dummy_prior,203,494,1,0.0641399416909621,0,0.5
5,2,46,dummy_prior,214,550,1,0.0641399416909621,0,0.5
5,2,46,dummy_prior,216,531,1,0.0641399416909621,0,0.5
5,2,46,dummy_prior,222,552,0,0.0641399416909621,0,0.5
5,2,46,dummy_prior,225,511,0,0.0641399416909621,0,0.5
5,2,46,dummy_prior,227,394,0,0.0641399416909621,0,0.5
5,2,46,dummy_prior,228,585,0,0.0641399416909621,0,0.5
5,2,46,dummy_prior,240,334,0,0.0641399416909621,0,0.5
5,2,46,dummy_prior,242,555,0,0.0641399416909621,0,0.5
5,2,46,dummy_prior,244,391,0,0.0641399416909621,0,0.5
5,2,46,dummy_prior,254,390,0,0.0641399416909621,0,0.5
5,2,46,dummy_prior,265,247,0,0.0641399416909621,0,0.5
5,2,46,dummy_prior,269,410,0,0.0641399416909621,0,0.5
5,2,46,dummy_prior,276,241,0,0.0641399416909621,0,0.5
5,2,46,dummy_prior,277,168,0,0.0641399416909621,0,0.5
5,2,46,dummy_prior,280,303,0,0.0641399416909621,0,0.5
5,2,46,dummy_prior,281,238,0,0.0641399416909621,0,0.5
5,2,46,dummy_prior,284,252,0,0.0641399416909621,0,0.5
5,2,46,dummy_prior,286,240,0,0.0641399416909621,0,0.5
5,2,46,dummy_prior,292,264,0,0.0641399416909621,0,0.5
5,2,46,dummy_prior,293,221,0,0.0641399416909621,0,0.5
5,2,46,dummy_prior,306,436,0,0.0641399416909621,0,0.5
5,2,46,dummy_prior,311,368,0,0.0641399416909621,0,0.5
5,2,46,dummy_prior,319,293,0,0.0641399416909621,0,0.5
5,2,46,dummy_prior,322,180,0,0.0641399416909621,0,0.5
5,2,46,dummy_prior,328,197,0,0.0641399416909621,0,0.5
5,2,46,dummy_prior,332,583,0,0.0641399416909621,0,0.5
5,2,46,dummy_prior,335,525,1,0.0641399416909621,0,0.5
5,2,46,dummy_prior,343,159,0,0.0641399416909621,0,0.5
5,2,46,dummy_prior,349,235,0,0.0641399416909621,0,0.5
5,2,46,dummy_prior,354,811,0,0.0641399416909621,0,0.5
5,2,46,dummy_prior,355,140,0,0.0641399416909621,0,0.5
5,2,46,dummy_prior,358,212,0,0.0641399416909621,0,0.5
5,2,46,dummy_prior,359,733,0,0.0641399416909621,0,0.5
5,2,46,dummy_prior,362,160,0,0.0641399416909621,0,0.5
5,2,46,dummy_prior,363,72,0,0.0641399416909621,0,0.5
5,2,46,dummy_prior,367,127,0,0.0641399416909621,0,0.5
5,2,46,dummy_prior,375,249,0,0.0641399416909621,0,0.5
5,2,46,dummy_prior,379,224,0,0.0641399416909621,0,0.5
5,2,46,dummy_prior,389,49,0,0.0641399416909621,0,0.5
5,2,46,dummy_prior,393,142,0,0.0641399416909621,0,0.5
5,2,46,dummy_prior,396,100,0,0.0641399416909621,0,0.5
5,2,46,dummy_prior,402,102,0,0.0641399416909621,0,0.5
5,2,46,dummy_prior,406,49,0,0.0641399416909621,0,0.5
5,2,46,dummy_prior,411,49,0,0.0641399416909621,0,0.5
5,2,46,dummy_prior,415,104,0,0.0641399416909621,0,0.5
5,2,46,dummy_prior,421,433,1,0.0641399416909621,0,0.5
5,2,46,dummy_prior,424,181,0,0.0641399416909621,0,0.5
5,2,46,dummy_prior,429,73,0,0.0641399416909621,0,0.5
5,2,46,dummy_prior,433,28,0,0.0641399416909621,0,0.5
5,2,46,dummy_prior,436,39,0,0.0641399416909621,0,0.5
5,2,46,dummy_prior,441,9,0,0.0641399416909621,0,0.5
5,2,46,dummy_prior,456,24,0,0.0641399416909621,0,0.5
5,2,46,dummy_prior,460,5,0,0.0641399416909621,0,0.5
5,2,46,dummy_prior,468,11,0,0.0641399416909621,0,0.5
5,2,46,dummy_prior,483,190,0,0.0641399416909621,0,0.5
5,2,46,dummy_prior,487,483,0,0.0641399416909621,0,0.5
5,2,46,dummy_prior,488,337,0,0.0641399416909621,0,0.5
5,2,46,dummy_prior,490,375,0,0.0641399416909621,0,0.5
5,2,46,dummy_prior,496,451,1,0.0641399416909621,0,0.5
5,2,46,dummy_prior,500,763,0,0.0641399416909621,0,0.5
5,2,46,dummy_prior,502,369,0,0.0641399416909621,0,0.5
5,2,46,dummy_prior,504,428,0,0.0641399416909621,0,0.5
5,2,46,dummy_prior,513,96,0,0.0641399416909621,0,0.5
5,2,46,dummy_prior,516,174,0,0.0641399416909621,0,0.5
5,2,46,dummy_prior,518,362,0,0.0641399416909621,0,0.5
5,2,46,dummy_prior,522,37,0,0.0641399416909621,0,0.5
5,2,46,dummy_prior,536,24,0,0.0641399416909621,0,0.5
5,2,46,dummy_prior,544,50,0,0.0641399416909621,0,0.5
5,2,46,dummy_prior,549,662,1,0.0641399416909621,0,0.5
5,2,46,dummy_prior,553,636,0,0.0641399416909621,0,0.5
5,2,46,dummy_prior,557,458,0,0.0641399416909621,0,0.5
5,2,46,dummy_prior,558,255,0,0.0641399416909621,0,0.5
5,2,46,dummy_prior,564,426,0,0.0641399416909621,0,0.5
5,2,46,dummy_prior,581,59,0,0.0641399416909621,0,0.5
5,2,46,dummy_prior,586,150,0,0.0641399416909621,0,0.5
5,2,46,dummy_prior,593,13,0,0.0641399416909621,0,0.5
5,2,46,dummy_prior,595,248,0,0.0641399416909621,0,0.5
5,2,46,dummy_prior,603,440,0,0.0641399416909621,0,0.5
5,2,46,dummy_prior,619,320,0,0.0641399416909621,0,0.5
5,2,46,dummy_prior,621,582,0,0.0641399416909621,0,0.5
5,2,46,dummy_prior,622,710,0,0.0641399416909621,0,0.5
5,2,46,dummy_prior,635,714,0,0.0641399416909621,0,0.5
5,2,46,dummy_prior,638,221,0,0.0641399416909621,0,0.5
5,2,46,dummy_prior,639,52,0,0.0641399416909621,0,0.5
5,2,46,dummy_prior,641,761,0,0.0641399416909621,0,0.5
5,2,46,dummy_prior,643,21,0,0.0641399416909621,0,0.5
5,2,46,dummy_prior,644,285,0,0.0641399416909621,0,0.5
5,2,46,dummy_prior,653,216,1,0.0641399416909621,0,0.5
5,2,46,dummy_prior,665,205,0,0.0641399416909621,0,0.5
5,2,46,dummy_prior,666,67,0,0.0641399416909621,0,0.5
5,2,46,dummy_prior,675,808,0,0.0641399416909621,0,0.5
5,2,46,dummy_prior,677,814,0,0.0641399416909621,0,0.5
5,2,46,dummy_prior,678,609,0,0.0641399416909621,0,0.5
5,2,46,dummy_prior,680,821,0,0.0641399416909621,0,0.5
5,2,46,dummy_prior,688,510,1,0.0641399416909621,0,0.5
5,2,46,dummy_prior,689,340,0,0.0641399416909621,0,0.5
5,2,46,dummy_prior,700,479,0,0.0641399416909621,0,0.5
5,2,46,dummy_prior,703,42,0,0.0641399416909621,0,0.5
5,2,46,dummy_prior,706,81,0,0.0641399416909621,0,0.5
5,2,46,dummy_prior,714,521,0,0.0641399416909621,0,0.5
5,2,46,dummy_prior,715,13,0,0.0641399416909621,0,0.5
5,2,46,dummy_prior,720,427,0,0.0641399416909621,0,0.5
5,2,46,dummy_prior,723,124,0,0.0641399416909621,0,0.5
5,2,46,dummy_prior,726,530,0,0.0641399416909621,0,0.5
5,2,46,dummy_prior,728,623,0,0.0641399416909621,0,0.5
5,2,46,dummy_prior,730,775,0,0.0641399416909621,0,0.5
5,2,46,dummy_prior,731,291,0,0.0641399416909621,0,0.5
5,2,46,dummy_prior,740,768,0,0.0641399416909621,0,0.5
5,2,46,dummy_prior,744,66,0,0.0641399416909621,0,0.5
5,2,46,dummy_prior,756,395,0,0.0641399416909621,0,0.5
5,2,46,dummy_prior,763,785,0,0.0641399416909621,0,0.5
5,2,46,dummy_prior,776,45,0,0.0641399416909621,0,0.5
5,2,46,dummy_prior,780,110,0,0.0641399416909621,0,0.5
5,2,46,dummy_prior,782,528,0,0.0641399416909621,0,0.5
5,2,46,dummy_prior,790,350,0,0.0641399416909621,0,0.5
5,2,46,dummy_prior,793,353,0,0.0641399416909621,0,0.5
5,2,46,dummy_prior,798,396,0,0.0641399416909621,0,0.5
5,2,46,dummy_prior,806,62,0,0.0641399416909621,0,0.5
5,2,46,dummy_prior,809,519,0,0.0641399416909621,0,0.5
5,2,46,dummy_prior,812,4,0,0.0641399416909621,0,0.5
5,2,46,dummy_prior,815,549,0,0.0641399416909621,0,0.5
5,2,46,dummy_prior,833,659,0,0.0641399416909621,0,0.5
5,2,46,dummy_prior,834,569,0,0.0641399416909621,0,0.5
5,2,46,dummy_prior,836,743,0,0.0641399416909621,0,0.5
5,2,46,dummy_prior,848,598,0,0.0641399416909621,0,0.5
5,2,46,dummy_prior,849,620,0,0.0641399416909621,0,0.5
5,2,46,dummy_prior,850,117,0,0.0641399416909621,0,0.5
5,2,46,dummy_prior,851,298,0,0.0641399416909621,0,0.5
5,2,46,logistic_regression,0,109,0,0.4731456227282854,0,0.5
5,2,46,logistic_regression,5,796,0,0.49998997671428086,0,0.5
5,2,46,logistic_regression,9,804,0,0.4845565192258863,0,0.5
5,2,46,logistic_regression,10,807,0,0.46895420855269265,0,0.5
5,2,46,logistic_regression,13,803,0,0.5051252695652668,1,0.5
5,2,46,logistic_regression,19,773,0,0.6737197301594469,1,0.5
5,2,46,logistic_regression,26,765,0,0.5951399721820859,1,0.5
5,2,46,logistic_regression,27,759,0,0.4759516552105253,0,0.5
5,2,46,logistic_regression,30,782,0,0.734497415926435,1,0.5
5,2,46,logistic_regression,33,734,0,0.5288264865915423,1,0.5
5,2,46,logistic_regression,42,724,0,0.5457805793065342,1,0.5
5,2,46,logistic_regression,43,723,0,0.4799125925426981,0,0.5
5,2,46,logistic_regression,51,715,0,0.48718408945876335,0,0.5
5,2,46,logistic_regression,59,692,0,0.8084543627235719,1,0.5
5,2,46,logistic_regression,64,750,1,0.5851510414274251,1,0.5
5,2,46,logistic_regression,67,728,0,0.7198089677047115,1,0.5
5,2,46,logistic_regression,68,696,0,0.8104996001386886,1,0.5
5,2,46,logistic_regression,72,664,0,0.4424830715860817,0,0.5
5,2,46,logistic_regression,75,686,0,0.4608575180430659,0,0.5
5,2,46,logistic_regression,79,684,0,0.4369227623145209,0,0.5
5,2,46,logistic_regression,80,630,0,0.44454754820159526,0,0.5
5,2,46,logistic_regression,84,713,0,0.3031795064266929,0,0.5
5,2,46,logistic_regression,85,657,0,0.4807899665441981,0,0.5
5,2,46,logistic_regression,89,632,0,0.5058223193935841,1,0.5
5,2,46,logistic_regression,92,649,0,0.6057103620251199,1,0.5
5,2,46,logistic_regression,94,637,0,0.48029155341794005,0,0.5
5,2,46,logistic_regression,113,328,0,0.4598443658533282,0,0.5
5,2,46,logistic_regression,117,570,0,0.29701080621442194,0,0.5
5,2,46,logistic_regression,119,498,0,0.451431173426645,0,0.5
5,2,46,logistic_regression,125,596,0,0.5223096789882677,1,0.5
5,2,46,logistic_regression,126,588,0,0.4824183748470986,0,0.5
5,2,46,logistic_regression,146,576,0,0.5329332008265021,1,0.5
5,2,46,logistic_regression,153,423,0,0.5416722981740393,1,0.5
5,2,46,logistic_regression,166,515,0,0.5031242809108395,1,0.5
5,2,46,logistic_regression,176,452,0,0.18276131296383724,0,0.5
5,2,46,logistic_regression,185,488,1,0.6000167262011141,1,0.5
5,2,46,logistic_regression,186,404,0,0.8492082384694251,1,0.5
5,2,46,logistic_regression,187,501,0,0.8538684490089181,1,0.5
5,2,46,logistic_regression,191,527,0,0.5394384900232754,1,0.5
5,2,46,logistic_regression,193,445,0,0.21945954468883022,0,0.5
5,2,46,logistic_regression,194,397,0,0.43928267450593667,0,0.5
5,2,46,logistic_regression,195,429,0,0.4923183485619228,0,0.5
5,2,46,logistic_regression,198,447,0,0.4721112986228555,0,0.5
5,2,46,logistic_regression,203,494,1,0.7694380235377912,1,0.5
5,2,46,logistic_regression,214,550,1,0.4632386536026673,0,0.5
5,2,46,logistic_regression,216,531,1,0.5413951376120927,1,0.5
5,2,46,logistic_regression,222,552,0,0.06759386007954701,0,0.5
5,2,46,logistic_regression,225,511,0,0.1787989428951179,0,0.5
5,2,46,logistic_regression,227,394,0,0.7529883516870226,1,0.5
5,2,46,logistic_regression,228,585,0,0.17814099120313914,0,0.5
5,2,46,logistic_regression,240,334,0,0.44665219490549923,0,0.5
5,2,46,logistic_regression,242,555,0,0.4431965587040913,0,0.5
5,2,46,logistic_regression,244,391,0,0.47320873275495595,0,0.5
5,2,46,logistic_regression,254,390,0,0.48224140532851123,0,0.5
5,2,46,logistic_regression,265,247,0,0.4689807900002739,0,0.5
5,2,46,logistic_regression,269,410,0,0.47496273766557096,0,0.5
5,2,46,logistic_regression,276,241,0,0.45140598736063525,0,0.5
5,2,46,logistic_regression,277,168,0,0.47664571774823306,0,0.5
5,2,46,logistic_regression,280,303,0,0.47078284962602296,0,0.5
5,2,46,logistic_regression,281,238,0,0.1777781658562942,0,0.5
5,2,46,logistic_regression,284,252,0,0.18045452684936641,0,0.5
5,2,46,logistic_regression,286,240,0,0.470955180270717,0,0.5
5,2,46,logistic_regression,292,264,0,0.4192686601960382,0,0.5
5,2,46,logistic_regression,293,221,0,0.4792344562429618,0,0.5
5,2,46,logistic_regression,306,436,0,0.4405278700640483,0,0.5
5,2,46,logistic_regression,311,368,0,0.46120053932672717,0,0.5
5,2,46,logistic_regression,319,293,0,0.1782471423129396,0,0.5
5,2,46,logistic_regression,322,180,0,0.43139458133779945,0,0.5
5,2,46,logistic_regression,328,197,0,0.17838806177981872,0,0.5
5,2,46,logistic_regression,332,583,0,0.4247244685602604,0,0.5
5,2,46,logistic_regression,335,525,1,0.47002638537992847,0,0.5
5,2,46,logistic_regression,343,159,0,0.18660100736093185,0,0.5
5,2,46,logistic_regression,349,235,0,0.4321106572822203,0,0.5
5,2,46,logistic_regression,354,811,0,0.4824143523499072,0,0.5
5,2,46,logistic_regression,355,140,0,0.7101323103617583,1,0.5
5,2,46,logistic_regression,358,212,0,0.44496295576938244,0,0.5
5,2,46,logistic_regression,359,733,0,0.47314729897789176,0,0.5
5,2,46,logistic_regression,362,160,0,0.4202930143904287,0,0.5
5,2,46,logistic_regression,363,72,0,0.42229306364820773,0,0.5
5,2,46,logistic_regression,367,127,0,0.4758714242744421,0,0.5
5,2,46,logistic_regression,375,249,0,0.42496759287789204,0,0.5
5,2,46,logistic_regression,379,224,0,0.47193466256381095,0,0.5
5,2,46,logistic_regression,389,49,0,0.4706986937358707,0,0.5
5,2,46,logistic_regression,393,142,0,0.47215326750842723,0,0.5
5,2,46,logistic_regression,396,100,0,0.13910324795465387,0,0.5
5,2,46,logistic_regression,402,102,0,0.42826184213920176,0,0.5
5,2,46,logistic_regression,406,49,0,0.4706986937358707,0,0.5
5,2,46,logistic_regression,411,49,0,0.4706986937358707,0,0.5
5,2,46,logistic_regression,415,104,0,0.4668715430664609,0,0.5
5,2,46,logistic_regression,421,433,1,0.40323802283419047,0,0.5
5,2,46,logistic_regression,424,181,0,0.7276447557474544,1,0.5
5,2,46,logistic_regression,429,73,0,0.41539202892270477,0,0.5
5,2,46,logistic_regression,433,28,0,0.42748836434424886,0,0.5
5,2,46,logistic_regression,436,39,0,0.17449775729137446,0,0.5
5,2,46,logistic_regression,441,9,0,0.46553224931684084,0,0.5
5,2,46,logistic_regression,456,24,0,0.4644956433159868,0,0.5
5,2,46,logistic_regression,460,5,0,0.13041769172837014,0,0.5
5,2,46,logistic_regression,468,11,0,0.2625321349526188,0,0.5
5,2,46,logistic_regression,483,190,0,0.4426154688924794,0,0.5
5,2,46,logistic_regression,487,483,0,0.46207861651227833,0,0.5
5,2,46,logistic_regression,488,337,0,0.4853629637055387,0,0.5
5,2,46,logistic_regression,490,375,0,0.3075203785307851,0,0.5
5,2,46,logistic_regression,496,451,1,0.4273062177812764,0,0.5
5,2,46,logistic_regression,500,763,0,0.4662068874157713,0,0.5
5,2,46,logistic_regression,502,369,0,0.4767579761586943,0,0.5
5,2,46,logistic_regression,504,428,0,0.4848787111155081,0,0.5
5,2,46,logistic_regression,513,96,0,0.47323810186605325,0,0.5
5,2,46,logistic_regression,516,174,0,0.43405324560756825,0,0.5
5,2,46,logistic_regression,518,362,0,0.49558437400493394,0,0.5
5,2,46,logistic_regression,522,37,0,0.43481140189809475,0,0.5
5,2,46,logistic_regression,536,24,0,0.4644956433159868,0,0.5
5,2,46,logistic_regression,544,50,0,0.2206582357775217,0,0.5
5,2,46,logistic_regression,549,662,1,0.6177154212229257,1,0.5
5,2,46,logistic_regression,553,636,0,0.42136103920344603,0,0.5
5,2,46,logistic_regression,557,458,0,0.42475449183364583,0,0.5
5,2,46,logistic_regression,558,255,0,0.48363989035061455,0,0.5
5,2,46,logistic_regression,564,426,0,0.23281453663238985,0,0.5
5,2,46,logistic_regression,581,59,0,0.43560492984197463,0,0.5
5,2,46,logistic_regression,586,150,0,0.2011300992870151,0,0.5
5,2,46,logistic_regression,593,13,0,0.4654860971033925,0,0.5
5,2,46,logistic_regression,595,248,0,0.578488066609783,1,0.5
5,2,46,logistic_regression,603,440,0,0.17688234059389585,0,0.5
5,2,46,logistic_regression,619,320,0,0.20153846627368655,0,0.5
5,2,46,logistic_regression,621,582,0,0.4261807712320252,0,0.5
5,2,46,logistic_regression,622,710,0,0.4316401421537037,0,0.5
5,2,46,logistic_regression,635,714,0,0.42006355523454025,0,0.5
5,2,46,logistic_regression,638,221,0,0.4792344562429618,0,0.5
5,2,46,logistic_regression,639,52,0,0.46703111438590994,0,0.5
5,2,46,logistic_regression,641,761,0,0.468064865415798,0,0.5
5,2,46,logistic_regression,643,21,0,0.4355079080569675,0,0.5
5,2,46,logistic_regression,644,285,0,0.48277180994685837,0,0.5
5,2,46,logistic_regression,653,216,1,0.5326346113940567,1,0.5
5,2,46,logistic_regression,665,205,0,0.4700710895024108,0,0.5
5,2,46,logistic_regression,666,67,0,0.4259254916358327,0,0.5
5,2,46,logistic_regression,675,808,0,0.5034733841019142,1,0.5
5,2,46,logistic_regression,677,814,0,0.4904259500832668,0,0.5
5,2,46,logistic_regression,678,609,0,0.43927506337061495,0,0.5
5,2,46,logistic_regression,680,821,0,0.49088129115669393,0,0.5
5,2,46,logistic_regression,688,510,1,0.46911461328409576,0,0.5
5,2,46,logistic_regression,689,340,0,0.5217667865084641,1,0.5
5,2,46,logistic_regression,700,479,0,0.23175654888907884,0,0.5
5,2,46,logistic_regression,703,42,0,0.5138702647255226,1,0.5
5,2,46,logistic_regression,706,81,0,0.5021659108881973,1,0.5
5,2,46,logistic_regression,714,521,0,0.4994424489446061,0,0.5
5,2,46,logistic_regression,715,13,0,0.4654860971033925,0,0.5
5,2,46,logistic_regression,720,427,0,0.43509374483711843,0,0.5
5,2,46,logistic_regression,723,124,0,0.5001765801558009,1,0.5
5,2,46,logistic_regression,726,530,0,0.5274103493198323,1,0.5
5,2,46,logistic_regression,728,623,0,0.521050330136032,1,0.5
5,2,46,logistic_regression,730,775,0,0.7242759391961027,1,0.5
5,2,46,logistic_regression,731,291,0,0.4789692569818619,0,0.5
5,2,46,logistic_regression,740,768,0,0.46686331826599153,0,0.5
5,2,46,logistic_regression,744,66,0,0.5765258117287357,1,0.5
5,2,46,logistic_regression,756,395,0,0.5293381817598032,1,0.5
5,2,46,logistic_regression,763,785,0,0.5356531534574257,1,0.5
5,2,46,logistic_regression,776,45,0,0.4688875802181837,0,0.5
5,2,46,logistic_regression,780,110,0,0.46952041109952763,0,0.5
5,2,46,logistic_regression,782,528,0,0.47987806978517794,0,0.5
5,2,46,logistic_regression,790,350,0,0.431195425010531,0,0.5
5,2,46,logistic_regression,793,353,0,0.48151269363698246,0,0.5
5,2,46,logistic_regression,798,396,0,0.47767696725006276,0,0.5
5,2,46,logistic_regression,806,62,0,0.4879420895591251,0,0.5
5,2,46,logistic_regression,809,519,0,0.6472351880422649,1,0.5
5,2,46,logistic_regression,812,4,0,0.5025870163689227,1,0.5
5,2,46,logistic_regression,815,549,0,0.5275698951144369,1,0.5
5,2,46,logistic_regression,833,659,0,0.31610344513994654,0,0.5
5,2,46,logistic_regression,834,569,0,0.577766437067684,1,0.5
5,2,46,logistic_regression,836,743,0,0.28168409629544916,0,0.5
5,2,46,logistic_regression,848,598,0,0.44273758313508665,0,0.5
5,2,46,logistic_regression,849,620,0,0.38025267343359315,0,0.5
5,2,46,logistic_regression,850,117,0,0.47132087359678965,0,0.5
5,2,46,logistic_regression,851,298,0,0.46897169920082743,0,0.5
5,2,46,xgboost,0,109,0,0.42727822065353394,0,0.5
5,2,46,xgboost,5,796,0,0.33831164240837097,0,0.5
5,2,46,xgboost,9,804,0,0.4126792848110199,0,0.5
5,2,46,xgboost,10,807,0,0.2673218548297882,0,0.5
5,2,46,xgboost,13,803,0,0.18999698758125305,0,0.5
5,2,46,xgboost,19,773,0,0.3846033811569214,0,0.5
5,2,46,xgboost,26,765,0,0.36083030700683594,0,0.5
5,2,46,xgboost,27,759,0,0.5281745195388794,1,0.5
5,2,46,xgboost,30,782,0,0.7019253969192505,1,0.5
5,2,46,xgboost,33,734,0,0.4135846197605133,0,0.5
5,2,46,xgboost,42,724,0,0.34870901703834534,0,0.5
5,2,46,xgboost,43,723,0,0.5308805704116821,1,0.5
5,2,46,xgboost,51,715,0,0.45931461453437805,0,0.5
5,2,46,xgboost,59,692,0,0.2938891053199768,0,0.5
5,2,46,xgboost,64,750,1,0.6666057705879211,1,0.5
5,2,46,xgboost,67,728,0,0.5370863080024719,1,0.5
5,2,46,xgboost,68,696,0,0.7037424445152283,1,0.5
5,2,46,xgboost,72,664,0,0.3463733494281769,0,0.5
5,2,46,xgboost,75,686,0,0.3038834035396576,0,0.5
5,2,46,xgboost,79,684,0,0.5022522211074829,1,0.5
5,2,46,xgboost,80,630,0,0.39376184344291687,0,0.5
5,2,46,xgboost,84,713,0,0.422514408826828,0,0.5
5,2,46,xgboost,85,657,0,0.22432859241962433,0,0.5
5,2,46,xgboost,89,632,0,0.4906919300556183,0,0.5
5,2,46,xgboost,92,649,0,0.305147260427475,0,0.5
5,2,46,xgboost,94,637,0,0.4076763987541199,0,0.5
5,2,46,xgboost,113,328,0,0.24142813682556152,0,0.5
5,2,46,xgboost,117,570,0,0.06931602954864502,0,0.5
5,2,46,xgboost,119,498,0,0.23406890034675598,0,0.5
5,2,46,xgboost,125,596,0,0.36461395025253296,0,0.5
5,2,46,xgboost,126,588,0,0.42153361439704895,0,0.5
5,2,46,xgboost,146,576,0,0.36702367663383484,0,0.5
5,2,46,xgboost,153,423,0,0.2970902919769287,0,0.5
5,2,46,xgboost,166,515,0,0.1838122308254242,0,0.5
5,2,46,xgboost,176,452,0,0.07040826976299286,0,0.5
5,2,46,xgboost,185,488,1,0.20849056541919708,0,0.5
5,2,46,xgboost,186,404,0,0.662322998046875,1,0.5
5,2,46,xgboost,187,501,0,0.31911876797676086,0,0.5
5,2,46,xgboost,191,527,0,0.251649409532547,0,0.5
5,2,46,xgboost,193,445,0,0.07875365763902664,0,0.5
5,2,46,xgboost,194,397,0,0.2979435920715332,0,0.5
5,2,46,xgboost,195,429,0,0.17202596366405487,0,0.5
5,2,46,xgboost,198,447,0,0.29506373405456543,0,0.5
5,2,46,xgboost,203,494,1,0.7424136400222778,1,0.5
5,2,46,xgboost,214,550,1,0.20768363773822784,0,0.5
5,2,46,xgboost,216,531,1,0.23008286952972412,0,0.5
5,2,46,xgboost,222,552,0,0.1356281340122223,0,0.5
5,2,46,xgboost,225,511,0,0.09271811693906784,0,0.5
5,2,46,xgboost,227,394,0,0.5977423787117004,1,0.5
5,2,46,xgboost,228,585,0,0.0782514214515686,0,0.5
5,2,46,xgboost,240,334,0,0.22435690462589264,0,0.5
5,2,46,xgboost,242,555,0,0.2702184319496155,0,0.5
5,2,46,xgboost,244,391,0,0.43654829263687134,0,0.5
5,2,46,xgboost,254,390,0,0.3874037265777588,0,0.5
5,2,46,xgboost,265,247,0,0.5593069791793823,1,0.5
5,2,46,xgboost,269,410,0,0.41360461711883545,0,0.5
5,2,46,xgboost,276,241,0,0.5377196073532104,1,0.5
5,2,46,xgboost,277,168,0,0.576359748840332,1,0.5
5,2,46,xgboost,280,303,0,0.3014163672924042,0,0.5
5,2,46,xgboost,281,238,0,0.15726321935653687,0,0.5
5,2,46,xgboost,284,252,0,0.1194375604391098,0,0.5
5,2,46,xgboost,286,240,0,0.624838650226593,1,0.5
5,2,46,xgboost,292,264,0,0.6702337861061096,1,0.5
5,2,46,xgboost,293,221,0,0.525641143321991,1,0.5
5,2,46,xgboost,306,436,0,0.3158452808856964,0,0.5
5,2,46,xgboost,311,368,0,0.23109377920627594,0,0.5
5,2,46,xgboost,319,293,0,0.08637486398220062,0,0.5
5,2,46,xgboost,322,180,0,0.5315685868263245,1,0.5
5,2,46,xgboost,328,197,0,0.13260579109191895,0,0.5
5,2,46,xgboost,332,583,0,0.2634173631668091,0,0.5
5,2,46,xgboost,335,525,1,0.4394124746322632,0,0.5
5,2,46,xgboost,343,159,0,0.1351860910654068,0,0.5
5,2,46,xgboost,349,235,0,0.5074713826179504,1,0.5
5,2,46,xgboost,354,811,0,0.5205139517784119,1,0.5
5,2,46,xgboost,355,140,0,0.6235967874526978,1,0.5
5,2,46,xgboost,358,212,0,0.523891270160675,1,0.5
5,2,46,xgboost,359,733,0,0.1963498592376709,0,0.5
5,2,46,xgboost,362,160,0,0.511086106300354,1,0.5
5,2,46,xgboost,363,72,0,0.3936968147754669,0,0.5
5,2,46,xgboost,367,127,0,0.5551195740699768,1,0.5
5,2,46,xgboost,375,249,0,0.49944594502449036,0,0.5
5,2,46,xgboost,379,224,0,0.5513367652893066,1,0.5
5,2,46,xgboost,389,49,0,0.4692198932170868,0,0.5
5,2,46,xgboost,393,142,0,0.4463309943675995,0,0.5
5,2,46,xgboost,396,100,0,0.10523037612438202,0,0.5
5,2,46,xgboost,402,102,0,0.38591423630714417,0,0.5
5,2,46,xgboost,406,49,0,0.4692198932170868,0,0.5
5,2,46,xgboost,411,49,0,0.4692198932170868,0,0.5
5,2,46,xgboost,415,104,0,0.3769577145576477,0,0.5
5,2,46,xgboost,421,433,1,0.27351367473602295,0,0.5
5,2,46,xgboost,424,181,0,0.80618816614151,1,0.5
5,2,46,xgboost,429,73,0,0.3961229920387268,0,0.5
5,2,46,xgboost,433,28,0,0.2731035351753235,0,0.5
5,2,46,xgboost,436,39,0,0.08020399510860443,0,0.5
5,2,46,xgboost,441,9,0,0.30115795135498047,0,0.5
5,2,46,xgboost,456,24,0,0.30115795135498047,0,0.5
5,2,46,xgboost,460,5,0,0.08637334406375885,0,0.5
5,2,46,xgboost,468,11,0,0.27247563004493713,0,0.5
5,2,46,xgboost,483,190,0,0.4349924325942993,0,0.5
5,2,46,xgboost,487,483,0,0.2363586276769638,0,0.5
5,2,46,xgboost,488,337,0,0.21766479313373566,0,0.5
5,2,46,xgboost,490,375,0,0.17816707491874695,0,0.5
5,2,46,xgboost,496,451,1,0.3914273679256439,0,0.5
5,2,46,xgboost,500,763,0,0.38510358333587646,0,0.5
5,2,46,xgboost,502,369,0,0.20288915932178497,0,0.5
5,2,46,xgboost,504,428,0,0.29419803619384766,0,0.5
5,2,46,xgboost,513,96,0,0.48360657691955566,0,0.5
5,2,46,xgboost,516,174,0,0.4585229754447937,0,0.5
5,2,46,xgboost,518,362,0,0.2149694412946701,0,0.5
5,2,46,xgboost,522,37,0,0.32834360003471375,0,0.5
5,2,46,xgboost,536,24,0,0.30115795135498047,0,0.5
5,2,46,xgboost,544,50,0,0.13736335933208466,0,0.5
5,2,46,xgboost,549,662,1,0.2952226400375366,0,0.5
5,2,46,xgboost,553,636,0,0.39461296796798706,0,0.5
5,2,46,xgboost,557,458,0,0.39588290452957153,0,0.5
5,2,46,xgboost,558,255,0,0.5017099380493164,1,0.5
5,2,46,xgboost,564,426,0,0.07428335398435593,0,0.5
5,2,46,xgboost,581,59,0,0.3165419399738312,0,0.5
5,2,46,xgboost,586,150,0,0.10881908237934113,0,0.5
5,2,46,xgboost,593,13,0,0.30115795135498047,0,0.5
5,2,46,xgboost,595,248,0,0.3896660804748535,0,0.5
5,2,46,xgboost,603,440,0,0.08644088357686996,0,0.5
5,2,46,xgboost,619,320,0,0.08585891872644424,0,0.5
5,2,46,xgboost,621,582,0,0.17610487341880798,0,0.5
5,2,46,xgboost,622,710,0,0.5197039246559143,1,0.5
5,2,46,xgboost,635,714,0,0.3070739209651947,0,0.5
5,2,46,xgboost,638,221,0,0.525641143321991,1,0.5
5,2,46,xgboost,639,52,0,0.38241150975227356,0,0.5
5,2,46,xgboost,641,761,0,0.39753106236457825,0,0.5
5,2,46,xgboost,643,21,0,0.3184049129486084,0,0.5
5,2,46,xgboost,644,285,0,0.21252857148647308,0,0.5
5,2,46,xgboost,653,216,1,0.5446791648864746,1,0.5
5,2,46,xgboost,665,205,0,0.3583827018737793,0,0.5
5,2,46,xgboost,666,67,0,0.4229108691215515,0,0.5
5,2,46,xgboost,675,808,0,0.30753153562545776,0,0.5
5,2,46,xgboost,677,814,0,0.346689909696579,0,0.5
5,2,46,xgboost,678,609,0,0.37296056747436523,0,0.5
5,2,46,xgboost,680,821,0,0.4239075481891632,0,0.5
5,2,46,xgboost,688,510,1,0.38785892724990845,0,0.5
5,2,46,xgboost,689,340,0,0.29152217507362366,0,0.5
5,2,46,xgboost,700,479,0,0.08584627509117126,0,0.5
5,2,46,xgboost,703,42,0,0.35251083970069885,0,0.5
5,2,46,xgboost,706,81,0,0.5813029408454895,1,0.5
5,2,46,xgboost,714,521,0,0.19989536702632904,0,0.5
5,2,46,xgboost,715,13,0,0.30115795135498047,0,0.5
5,2,46,xgboost,720,427,0,0.31270724534988403,0,0.5
5,2,46,xgboost,723,124,0,0.47953277826309204,0,0.5
5,2,46,xgboost,726,530,0,0.3891896903514862,0,0.5
5,2,46,xgboost,728,623,0,0.15217697620391846,0,0.5
5,2,46,xgboost,730,775,0,0.698710024356842,1,0.5
5,2,46,xgboost,731,291,0,0.3798128366470337,0,0.5
5,2,46,xgboost,740,768,0,0.3491201400756836,0,0.5
5,2,46,xgboost,744,66,0,0.4481506645679474,0,0.5
5,2,46,xgboost,756,395,0,0.3551168441772461,0,0.5
5,2,46,xgboost,763,785,0,0.38171249628067017,0,0.5
5,2,46,xgboost,776,45,0,0.38241150975227356,0,0.5
5,2,46,xgboost,780,110,0,0.3104637563228607,0,0.5
5,2,46,xgboost,782,528,0,0.35329368710517883,0,0.5
5,2,46,xgboost,790,350,0,0.3947179317474365,0,0.5
5,2,46,xgboost,793,353,0,0.3798128366470337,0,0.5
5,2,46,xgboost,798,396,0,0.4408490061759949,0,0.5
5,2,46,xgboost,806,62,0,0.4187421500682831,0,0.5
5,2,46,xgboost,809,519,0,0.3049111068248749,0,0.5
5,2,46,xgboost,812,4,0,0.3353036642074585,0,0.5
5,2,46,xgboost,815,549,0,0.23729486763477325,0,0.5
5,2,46,xgboost,833,659,0,0.4440882205963135,0,0.5
5,2,46,xgboost,834,569,0,0.33775338530540466,0,0.5
5,2,46,xgboost,836,743,0,0.4672972559928894,0,0.5
5,2,46,xgboost,848,598,0,0.357891708612442,0,0.5
5,2,46,xgboost,849,620,0,0.1810183972120285,0,0.5
5,2,46,xgboost,850,117,0,0.466383159160614,0,0.5
5,2,46,xgboost,851,298,0,0.3014163672924042,0,0.5
5,3,46,dummy_prior,7,413,0,0.0641399416909621,0,0.5
5,3,46,dummy_prior,15,776,0,0.0641399416909621,0,0.5
5,3,46,dummy_prior,24,774,0,0.0641399416909621,0,0.5
5,3,46,dummy_prior,28,742,0,0.0641399416909621,0,0.5
5,3,46,dummy_prior,34,749,0,0.0641399416909621,0,0.5
5,3,46,dummy_prior,37,747,0,0.0641399416909621,0,0.5
5,3,46,dummy_prior,38,758,0,0.0641399416909621,0,0.5
5,3,46,dummy_prior,47,770,0,0.0641399416909621,0,0.5
5,3,46,dummy_prior,49,739,0,0.0641399416909621,0,0.5
5,3,46,dummy_prior,53,695,0,0.0641399416909621,0,0.5
5,3,46,dummy_prior,54,708,0,0.0641399416909621,0,0.5
5,3,46,dummy_prior,56,702,0,0.0641399416909621,0,0.5
5,3,46,dummy_prior,63,629,0,0.0641399416909621,0,0.5
5,3,46,dummy_prior,71,677,0,0.0641399416909621,0,0.5
5,3,46,dummy_prior,78,693,0,0.0641399416909621,0,0.5
5,3,46,dummy_prior,81,593,0,0.0641399416909621,0,0.5
5,3,46,dummy_prior,86,718,0,0.0641399416909621,0,0.5
5,3,46,dummy_prior,88,618,0,0.0641399416909621,0,0.5
5,3,46,dummy_prior,91,689,0,0.0641399416909621,0,0.5
5,3,46,dummy_prior,93,631,1,0.0641399416909621,0,0.5
5,3,46,dummy_prior,98,584,0,0.0641399416909621,0,0.5
5,3,46,dummy_prior,100,669,0,0.0641399416909621,0,0.5
5,3,46,dummy_prior,102,599,0,0.0641399416909621,0,0.5
5,3,46,dummy_prior,103,754,1,0.0641399416909621,0,0.5
5,3,46,dummy_prior,104,633,0,0.0641399416909621,0,0.5
5,3,46,dummy_prior,114,667,0,0.0641399416909621,0,0.5
5,3,46,dummy_prior,115,665,0,0.0641399416909621,0,0.5
5,3,46,dummy_prior,118,560,0,0.0641399416909621,0,0.5
5,3,46,dummy_prior,122,592,0,0.0641399416909621,0,0.5
5,3,46,dummy_prior,128,518,0,0.0641399416909621,0,0.5
5,3,46,dummy_prior,132,565,0,0.0641399416909621,0,0.5
5,3,46,dummy_prior,137,537,0,0.0641399416909621,0,0.5
5,3,46,dummy_prior,138,517,0,0.0641399416909621,0,0.5
5,3,46,dummy_prior,142,591,0,0.0641399416909621,0,0.5
5,3,46,dummy_prior,147,533,0,0.0641399416909621,0,0.5
5,3,46,dummy_prior,152,438,0,0.0641399416909621,0,0.5
5,3,46,dummy_prior,165,572,0,0.0641399416909621,0,0.5
5,3,46,dummy_prior,171,418,0,0.0641399416909621,0,0.5
5,3,46,dummy_prior,172,522,0,0.0641399416909621,0,0.5
5,3,46,dummy_prior,173,529,0,0.0641399416909621,0,0.5
5,3,46,dummy_prior,181,462,0,0.0641399416909621,0,0.5
5,3,46,dummy_prior,182,392,0,0.0641399416909621,0,0.5
5,3,46,dummy_prior,190,513,0,0.0641399416909621,0,0.5
5,3,46,dummy_prior,196,505,0,0.0641399416909621,0,0.5
5,3,46,dummy_prior,205,388,1,0.0641399416909621,0,0.5
5,3,46,dummy_prior,206,496,0,0.0641399416909621,0,0.5
5,3,46,dummy_prior,210,399,0,0.0641399416909621,0,0.5
5,3,46,dummy_prior,230,304,0,0.0641399416909621,0,0.5
5,3,46,dummy_prior,231,432,0,0.0641399416909621,0,0.5
5,3,46,dummy_prior,237,347,0,0.0641399416909621,0,0.5
5,3,46,dummy_prior,252,344,0,0.0641399416909621,0,0.5
5,3,46,dummy_prior,256,366,0,0.0641399416909621,0,0.5
5,3,46,dummy_prior,260,485,0,0.0641399416909621,0,0.5
5,3,46,dummy_prior,264,259,1,0.0641399416909621,0,0.5
5,3,46,dummy_prior,268,305,0,0.0641399416909621,0,0.5
5,3,46,dummy_prior,274,349,0,0.0641399416909621,0,0.5
5,3,46,dummy_prior,288,300,0,0.0641399416909621,0,0.5
5,3,46,dummy_prior,290,204,0,0.0641399416909621,0,0.5
5,3,46,dummy_prior,295,283,0,0.0641399416909621,0,0.5
5,3,46,dummy_prior,297,220,0,0.0641399416909621,0,0.5
5,3,46,dummy_prior,302,323,0,0.0641399416909621,0,0.5
5,3,46,dummy_prior,303,386,0,0.0641399416909621,0,0.5
5,3,46,dummy_prior,304,331,0,0.0641399416909621,0,0.5
5,3,46,dummy_prior,308,382,0,0.0641399416909621,0,0.5
5,3,46,dummy_prior,310,307,0,0.0641399416909621,0,0.5
5,3,46,dummy_prior,312,313,0,0.0641399416909621,0,0.5
5,3,46,dummy_prior,314,215,1,0.0641399416909621,0,0.5
5,3,46,dummy_prior,315,189,0,0.0641399416909621,0,0.5
5,3,46,dummy_prior,329,290,0,0.0641399416909621,0,0.5
5,3,46,dummy_prior,352,152,0,0.0641399416909621,0,0.5
5,3,46,dummy_prior,361,199,0,0.0641399416909621,0,0.5
5,3,46,dummy_prior,364,147,0,0.0641399416909621,0,0.5
5,3,46,dummy_prior,369,82,0,0.0641399416909621,0,0.5
5,3,46,dummy_prior,370,239,1,0.0641399416909621,0,0.5
5,3,46,dummy_prior,372,242,0,0.0641399416909621,0,0.5
5,3,46,dummy_prior,395,82,0,0.0641399416909621,0,0.5
5,3,46,dummy_prior,401,210,0,0.0641399416909621,0,0.5
5,3,46,dummy_prior,410,171,0,0.0641399416909621,0,0.5
5,3,46,dummy_prior,416,70,0,0.0641399416909621,0,0.5
5,3,46,dummy_prior,418,47,0,0.0641399416909621,0,0.5
5,3,46,dummy_prior,420,97,0,0.0641399416909621,0,0.5
5,3,46,dummy_prior,423,51,0,0.0641399416909621,0,0.5
5,3,46,dummy_prior,426,114,0,0.0641399416909621,0,0.5
5,3,46,dummy_prior,428,29,0,0.0641399416909621,0,0.5
5,3,46,dummy_prior,431,70,0,0.0641399416909621,0,0.5
5,3,46,dummy_prior,443,10,0,0.0641399416909621,0,0.5
5,3,46,dummy_prior,453,10,0,0.0641399416909621,0,0.5
5,3,46,dummy_prior,455,77,0,0.0641399416909621,0,0.5
5,3,46,dummy_prior,461,19,0,0.0641399416909621,0,0.5
5,3,46,dummy_prior,462,68,0,0.0641399416909621,0,0.5
5,3,46,dummy_prior,464,25,0,0.0641399416909621,0,0.5
5,3,46,dummy_prior,467,41,0,0.0641399416909621,0,0.5
5,3,46,dummy_prior,469,16,0,0.0641399416909621,0,0.5
5,3,46,dummy_prior,474,640,0,0.0641399416909621,0,0.5
5,3,46,dummy_prior,475,154,0,0.0641399416909621,0,0.5
5,3,46,dummy_prior,476,753,0,0.0641399416909621,0,0.5
5,3,46,dummy_prior,477,751,0,0.0641399416909621,0,0.5
5,3,46,dummy_prior,478,534,0,0.0641399416909621,0,0.5
5,3,46,dummy_prior,482,757,0,0.0641399416909621,0,0.5
5,3,46,dummy_prior,486,496,0,0.0641399416909621,0,0.5
5,3,46,dummy_prior,491,122,0,0.0641399416909621,0,0.5
5,3,46,dummy_prior,492,658,0,0.0641399416909621,0,0.5
5,3,46,dummy_prior,494,165,0,0.0641399416909621,0,0.5
5,3,46,dummy_prior,495,405,0,0.0641399416909621,0,0.5
5,3,46,dummy_prior,497,356,0,0.0641399416909621,0,0.5
5,3,46,dummy_prior,501,610,0,0.0641399416909621,0,0.5
5,3,46,dummy_prior,506,711,0,0.0641399416909621,0,0.5
5,3,46,dummy_prior,508,590,0,0.0641399416909621,0,0.5
5,3,46,dummy_prior,509,384,0,0.0641399416909621,0,0.5
5,3,46,dummy_prior,523,624,0,0.0641399416909621,0,0.5
5,3,46,dummy_prior,527,262,0,0.0641399416909621,0,0.5
5,3,46,dummy_prior,530,239,1,0.0641399416909621,0,0.5
5,3,46,dummy_prior,532,364,0,0.0641399416909621,0,0.5
5,3,46,dummy_prior,534,93,0,0.0641399416909621,0,0.5
5,3,46,dummy_prior,541,474,0,0.0641399416909621,0,0.5
5,3,46,dummy_prior,545,532,0,0.0641399416909621,0,0.5
5,3,46,dummy_prior,547,385,0,0.0641399416909621,0,0.5
5,3,46,dummy_prior,548,58,0,0.0641399416909621,0,0.5
5,3,46,dummy_prior,560,748,0,0.0641399416909621,0,0.5
5,3,46,dummy_prior,562,282,0,0.0641399416909621,0,0.5
5,3,46,dummy_prior,563,712,0,0.0641399416909621,0,0.5
5,3,46,dummy_prior,570,559,0,0.0641399416909621,0,0.5
5,3,46,dummy_prior,571,257,0,0.0641399416909621,0,0.5
5,3,46,dummy_prior,599,176,0,0.0641399416909621,0,0.5
5,3,46,dummy_prior,610,230,1,0.0641399416909621,0,0.5
5,3,46,dummy_prior,614,341,1,0.0641399416909621,0,0.5
5,3,46,dummy_prior,616,376,0,0.0641399416909621,0,0.5
5,3,46,dummy_prior,625,92,0,0.0641399416909621,0,0.5
5,3,46,dummy_prior,631,187,0,0.0641399416909621,0,0.5
5,3,46,dummy_prior,632,226,0,0.0641399416909621,0,0.5
5,3,46,dummy_prior,645,471,0,0.0641399416909621,0,0.5
5,3,46,dummy_prior,649,613,0,0.0641399416909621,0,0.5
5,3,46,dummy_prior,650,421,0,0.0641399416909621,0,0.5
5,3,46,dummy_prior,657,260,0,0.0641399416909621,0,0.5
5,3,46,dummy_prior,664,756,1,0.0641399416909621,0,0.5
5,3,46,dummy_prior,679,822,0,0.0641399416909621,0,0.5
5,3,46,dummy_prior,681,793,0,0.0641399416909621,0,0.5
5,3,46,dummy_prior,685,820,0,0.0641399416909621,0,0.5
5,3,46,dummy_prior,687,638,1,0.0641399416909621,0,0.5
5,3,46,dummy_prior,691,420,0,0.0641399416909621,0,0.5
5,3,46,dummy_prior,692,74,0,0.0641399416909621,0,0.5
5,3,46,dummy_prior,695,538,0,0.0641399416909621,0,0.5
5,3,46,dummy_prior,697,91,0,0.0641399416909621,0,0.5
5,3,46,dummy_prior,702,439,0,0.0641399416909621,0,0.5
5,3,46,dummy_prior,705,806,0,0.0641399416909621,0,0.5
5,3,46,dummy_prior,707,231,0,0.0641399416909621,0,0.5
5,3,46,dummy_prior,716,144,0,0.0641399416909621,0,0.5
5,3,46,dummy_prior,734,564,0,0.0641399416909621,0,0.5
5,3,46,dummy_prior,742,156,0,0.0641399416909621,0,0.5
5,3,46,dummy_prior,745,30,0,0.0641399416909621,0,0.5
5,3,46,dummy_prior,746,342,0,0.0641399416909621,0,0.5
5,3,46,dummy_prior,760,44,0,0.0641399416909621,0,0.5
5,3,46,dummy_prior,761,607,0,0.0641399416909621,0,0.5
5,3,46,dummy_prior,762,139,0,0.0641399416909621,0,0.5
5,3,46,dummy_prior,769,415,0,0.0641399416909621,0,0.5
5,3,46,dummy_prior,787,256,0,0.0641399416909621,0,0.5
5,3,46,dummy_prior,794,175,0,0.0641399416909621,0,0.5
5,3,46,dummy_prior,795,690,0,0.0641399416909621,0,0.5
5,3,46,dummy_prior,799,141,0,0.0641399416909621,0,0.5
5,3,46,dummy_prior,800,302,0,0.0641399416909621,0,0.5
5,3,46,dummy_prior,802,14,0,0.0641399416909621,0,0.5
5,3,46,dummy_prior,818,700,0,0.0641399416909621,0,0.5
5,3,46,dummy_prior,819,2,0,0.0641399416909621,0,0.5
5,3,46,dummy_prior,820,352,0,0.0641399416909621,0,0.5
5,3,46,dummy_prior,825,794,0,0.0641399416909621,0,0.5
5,3,46,dummy_prior,830,699,0,0.0641399416909621,0,0.5
5,3,46,dummy_prior,839,601,0,0.0641399416909621,0,0.5
5,3,46,dummy_prior,841,297,0,0.0641399416909621,0,0.5
5,3,46,dummy_prior,843,567,0,0.0641399416909621,0,0.5
5,3,46,dummy_prior,844,444,0,0.0641399416909621,0,0.5
5,3,46,dummy_prior,854,616,0,0.0641399416909621,0,0.5
5,3,46,dummy_prior,857,526,0,0.0641399416909621,0,0.5
5,3,46,logistic_regression,7,413,0,0.4562312293903183,0,0.5
5,3,46,logistic_regression,15,776,0,0.6239323137947944,1,0.5
5,3,46,logistic_regression,24,774,0,0.5182208150256571,1,0.5
5,3,46,logistic_regression,28,742,0,0.4024948304313284,0,0.5
5,3,46,logistic_regression,34,749,0,0.6534580536343437,1,0.5
5,3,46,logistic_regression,37,747,0,0.3441401832776693,0,0.5
5,3,46,logistic_regression,38,758,0,0.43749190254991693,0,0.5
5,3,46,logistic_regression,47,770,0,0.46624577709337234,0,0.5
5,3,46,logistic_regression,49,739,0,0.4521505104992555,0,0.5
5,3,46,logistic_regression,53,695,0,0.5492191064510724,1,0.5
5,3,46,logistic_regression,54,708,0,0.6036735928314988,1,0.5
5,3,46,logistic_regression,56,702,0,0.5032688672860642,1,0.5
5,3,46,logistic_regression,63,629,0,0.8286200406865063,1,0.5
5,3,46,logistic_regression,71,677,0,0.0691804280704466,0,0.5
5,3,46,logistic_regression,78,693,0,0.46134176967653967,0,0.5
5,3,46,logistic_regression,81,593,0,0.6632513463899007,1,0.5
5,3,46,logistic_regression,86,718,0,0.47771027353787815,0,0.5
5,3,46,logistic_regression,88,618,0,0.4664951672969799,0,0.5
5,3,46,logistic_regression,91,689,0,0.6496358602327729,1,0.5
5,3,46,logistic_regression,93,631,1,0.34374984158450983,0,0.5
5,3,46,logistic_regression,98,584,0,0.18379513055718294,0,0.5
5,3,46,logistic_regression,100,669,0,0.5341756993838721,1,0.5
5,3,46,logistic_regression,102,599,0,0.16489018869793656,0,0.5
5,3,46,logistic_regression,103,754,1,0.609640055469969,1,0.5
5,3,46,logistic_regression,104,633,0,0.5764781871186888,1,0.5
5,3,46,logistic_regression,114,667,0,0.4938274156211297,0,0.5
5,3,46,logistic_regression,115,665,0,0.6507090302396928,1,0.5
5,3,46,logistic_regression,118,560,0,0.56783781148466,1,0.5
5,3,46,logistic_regression,122,592,0,0.5389166435763384,1,0.5
5,3,46,logistic_regression,128,518,0,0.3340060751131709,0,0.5
5,3,46,logistic_regression,132,565,0,0.3893955506747045,0,0.5
5,3,46,logistic_regression,137,537,0,0.4456818692744308,0,0.5
5,3,46,logistic_regression,138,517,0,0.341840360580779,0,0.5
5,3,46,logistic_regression,142,591,0,0.24390038832492905,0,0.5
5,3,46,logistic_regression,147,533,0,0.36889365814948777,0,0.5
5,3,46,logistic_regression,152,438,0,0.4669063854337313,0,0.5
5,3,46,logistic_regression,165,572,0,0.8044303856801044,1,0.5
5,3,46,logistic_regression,171,418,0,0.482245656584878,0,0.5
5,3,46,logistic_regression,172,522,0,0.5412577240297969,1,0.5
5,3,46,logistic_regression,173,529,0,0.7748609635678458,1,0.5
5,3,46,logistic_regression,181,462,0,0.4109773182318929,0,0.5
5,3,46,logistic_regression,182,392,0,0.2816703251089287,0,0.5
5,3,46,logistic_regression,190,513,0,0.4385681837030805,0,0.5
5,3,46,logistic_regression,196,505,0,0.4511906904313707,0,0.5
5,3,46,logistic_regression,205,388,1,0.42149430932767173,0,0.5
5,3,46,logistic_regression,206,496,0,0.4138036877984715,0,0.5
5,3,46,logistic_regression,210,399,0,0.5234952436317094,1,0.5
5,3,46,logistic_regression,230,304,0,0.41501565991737854,0,0.5
5,3,46,logistic_regression,231,432,0,0.5646244748042227,1,0.5
5,3,46,logistic_regression,237,347,0,0.3968341104752378,0,0.5
5,3,46,logistic_regression,252,344,0,0.5421347904919678,1,0.5
5,3,46,logistic_regression,256,366,0,0.15811920249595013,0,0.5
5,3,46,logistic_regression,260,485,0,0.5385782867527631,1,0.5
5,3,46,logistic_regression,264,259,1,0.5333484626092839,1,0.5
5,3,46,logistic_regression,268,305,0,0.47108144040554684,0,0.5
5,3,46,logistic_regression,274,349,0,0.45752041618282474,0,0.5
5,3,46,logistic_regression,288,300,0,0.5068141725570741,1,0.5
5,3,46,logistic_regression,290,204,0,0.572352612103398,1,0.5
5,3,46,logistic_regression,295,283,0,0.7734213438340205,1,0.5
5,3,46,logistic_regression,297,220,0,0.5913107884021073,1,0.5
5,3,46,logistic_regression,302,323,0,0.5358758156586223,1,0.5
5,3,46,logistic_regression,303,386,0,0.456046168267924,0,0.5
5,3,46,logistic_regression,304,331,0,0.11324470169229044,0,0.5
5,3,46,logistic_regression,308,382,0,0.491027193608712,0,0.5
5,3,46,logistic_regression,310,307,0,0.40146713629971226,0,0.5
5,3,46,logistic_regression,312,313,0,0.31789316973226583,0,0.5
5,3,46,logistic_regression,314,215,1,0.45299376183623735,0,0.5
5,3,46,logistic_regression,315,189,0,0.4696699705214409,0,0.5
5,3,46,logistic_regression,329,290,0,0.46101604068831,0,0.5
5,3,46,logistic_regression,352,152,0,0.42824545543497505,0,0.5
5,3,46,logistic_regression,361,199,0,0.3969778016191577,0,0.5
5,3,46,logistic_regression,364,147,0,0.4365742099534303,0,0.5
5,3,46,logistic_regression,369,82,0,0.404871659782754,0,0.5
5,3,46,logistic_regression,370,239,1,0.43182308916693735,0,0.5
5,3,46,logistic_regression,372,242,0,0.4792386946677258,0,0.5
5,3,46,logistic_regression,395,82,0,0.404871659782754,0,0.5
5,3,46,logistic_regression,401,210,0,0.5025833173526,1,0.5
5,3,46,logistic_regression,410,171,0,0.4857495591890564,0,0.5
5,3,46,logistic_regression,416,70,0,0.45473221091522975,0,0.5
5,3,46,logistic_regression,418,47,0,0.7321824535828397,1,0.5
5,3,46,logistic_regression,420,97,0,0.3971430282788014,0,0.5
5,3,46,logistic_regression,423,51,0,0.4602752250934337,0,0.5
5,3,46,logistic_regression,426,114,0,0.7334989909475346,1,0.5
5,3,46,logistic_regression,428,29,0,0.43503975692182695,0,0.5
5,3,46,logistic_regression,431,70,0,0.45473221091522975,0,0.5
5,3,46,logistic_regression,443,10,0,0.15619742623118435,0,0.5
5,3,46,logistic_regression,453,10,0,0.15619742623118435,0,0.5
5,3,46,logistic_regression,455,77,0,0.27314524279695135,0,0.5
5,3,46,logistic_regression,461,19,0,0.4380075215842417,0,0.5
5,3,46,logistic_regression,462,68,0,0.42335993608677,0,0.5
5,3,46,logistic_regression,464,25,0,0.43376626330633616,0,0.5
5,3,46,logistic_regression,467,41,0,0.4512178998158157,0,0.5
5,3,46,logistic_regression,469,16,0,0.4237411096223046,0,0.5
5,3,46,logistic_regression,474,640,0,0.5165817270775488,1,0.5
5,3,46,logistic_regression,475,154,0,0.4627440613311359,0,0.5
5,3,46,logistic_regression,476,753,0,0.1536987350669955,0,0.5
5,3,46,logistic_regression,477,751,0,0.4461895613658065,0,0.5
5,3,46,logistic_regression,478,534,0,0.4651211289212849,0,0.5
5,3,46,logistic_regression,482,757,0,0.5995623589011218,1,0.5
5,3,46,logistic_regression,486,496,0,0.4138036877984715,0,0.5
5,3,46,logistic_regression,491,122,0,0.409247804933939,0,0.5
5,3,46,logistic_regression,492,658,0,0.40240325642194935,0,0.5
5,3,46,logistic_regression,494,165,0,0.39654601746961105,0,0.5
5,3,46,logistic_regression,495,405,0,0.13298721178563422,0,0.5
5,3,46,logistic_regression,497,356,0,0.5388628157191307,1,0.5
5,3,46,logistic_regression,501,610,0,0.4793291125941608,0,0.5
5,3,46,logistic_regression,506,711,0,0.5344877744045198,1,0.5
5,3,46,logistic_regression,508,590,0,0.7919749261971105,1,0.5
5,3,46,logistic_regression,509,384,0,0.41132799076773796,0,0.5
5,3,46,logistic_regression,523,624,0,0.4336615819642874,0,0.5
5,3,46,logistic_regression,527,262,0,0.15301699797744045,0,0.5
5,3,46,logistic_regression,530,239,1,0.43182308916693735,0,0.5
5,3,46,logistic_regression,532,364,0,0.410662567063209,0,0.5
5,3,46,logistic_regression,534,93,0,0.40350215246831245,0,0.5
5,3,46,logistic_regression,541,474,0,0.4194947739456161,0,0.5
5,3,46,logistic_regression,545,532,0,0.6903254005264621,1,0.5
5,3,46,logistic_regression,547,385,0,0.16457317374348127,0,0.5
5,3,46,logistic_regression,548,58,0,0.42663508872377653,0,0.5
5,3,46,logistic_regression,560,748,0,0.48238442924686525,0,0.5
5,3,46,logistic_regression,562,282,0,0.46487995285246153,0,0.5
5,3,46,logistic_regression,563,712,0,0.4395024734354962,0,0.5
5,3,46,logistic_regression,570,559,0,0.5055524375879905,1,0.5
5,3,46,logistic_regression,571,257,0,0.4519539370853559,0,0.5
5,3,46,logistic_regression,599,176,0,0.4436503306367625,0,0.5
5,3,46,logistic_regression,610,230,1,0.46912716438841223,0,0.5
5,3,46,logistic_regression,614,341,1,0.6707090145676295,1,0.5
5,3,46,logistic_regression,616,376,0,0.5086533136907646,1,0.5
5,3,46,logistic_regression,625,92,0,0.42053990526928103,0,0.5
5,3,46,logistic_regression,631,187,0,0.45898713152731796,0,0.5
5,3,46,logistic_regression,632,226,0,0.4690565145728981,0,0.5
5,3,46,logistic_regression,645,471,0,0.5745074353007443,1,0.5
5,3,46,logistic_regression,649,613,0,0.6021526524445089,1,0.5
5,3,46,logistic_regression,650,421,0,0.7119045760049374,1,0.5
5,3,46,logistic_regression,657,260,0,0.5372650809560332,1,0.5
5,3,46,logistic_regression,664,756,1,0.6860043579687984,1,0.5
5,3,46,logistic_regression,679,822,0,0.6072695063256036,1,0.5
5,3,46,logistic_regression,681,793,0,0.41648269094973084,0,0.5
5,3,46,logistic_regression,685,820,0,0.385617758971739,0,0.5
5,3,46,logistic_regression,687,638,1,0.8228029957039698,1,0.5
5,3,46,logistic_regression,691,420,0,0.8954666254652275,1,0.5
5,3,46,logistic_regression,692,74,0,0.6450830661437915,1,0.5
5,3,46,logistic_regression,695,538,0,0.6394826219868899,1,0.5
5,3,46,logistic_regression,697,91,0,0.6504925713764993,1,0.5
5,3,46,logistic_regression,702,439,0,0.6684605857852479,1,0.5
5,3,46,logistic_regression,705,806,0,0.30256068836484007,0,0.5
5,3,46,logistic_regression,707,231,0,0.6369686662627754,1,0.5
5,3,46,logistic_regression,716,144,0,0.4452060537025147,0,0.5
5,3,46,logistic_regression,734,564,0,0.5420873831559285,1,0.5
5,3,46,logistic_regression,742,156,0,0.7294269653409948,1,0.5
5,3,46,logistic_regression,745,30,0,0.6538892645116328,1,0.5
5,3,46,logistic_regression,746,342,0,0.5563718705689706,1,0.5
5,3,46,logistic_regression,760,44,0,0.7259992789762141,1,0.5
5,3,46,logistic_regression,761,607,0,0.15412221988992533,0,0.5
5,3,46,logistic_regression,762,139,0,0.1502009008593882,0,0.5
5,3,46,logistic_regression,769,415,0,0.1753267943492822,0,0.5
5,3,46,logistic_regression,787,256,0,0.5455262533484898,1,0.5
5,3,46,logistic_regression,794,175,0,0.1556824481093448,0,0.5
5,3,46,logistic_regression,795,690,0,0.6965832035266862,1,0.5
5,3,46,logistic_regression,799,141,0,0.45387108257103514,0,0.5
5,3,46,logistic_regression,800,302,0,0.4856472171806231,0,0.5
5,3,46,logistic_regression,802,14,0,0.41611561625661087,0,0.5
5,3,46,logistic_regression,818,700,0,0.6636526691197667,1,0.5
5,3,46,logistic_regression,819,2,0,0.36623171960932716,0,0.5
5,3,46,logistic_regression,820,352,0,0.6324833229077607,1,0.5
5,3,46,logistic_regression,825,794,0,0.4536821642409792,0,0.5
5,3,46,logistic_regression,830,699,0,0.4958610508526803,0,0.5
5,3,46,logistic_regression,839,601,0,0.4780064272346875,0,0.5
5,3,46,logistic_regression,841,297,0,0.4224762035479596,0,0.5
5,3,46,logistic_regression,843,567,0,0.4961966594587017,0,0.5
5,3,46,logistic_regression,844,444,0,0.523671745814505,1,0.5
5,3,46,logistic_regression,854,616,0,0.5008833834373313,1,0.5
5,3,46,logistic_regression,857,526,0,0.3942182448751113,0,0.5
5,3,46,xgboost,7,413,0,0.11342728137969971,0,0.5
5,3,46,xgboost,15,776,0,0.7684629559516907,1,0.5
5,3,46,xgboost,24,774,0,0.40917089581489563,0,0.5
5,3,46,xgboost,28,742,0,0.11641714721918106,0,0.5
5,3,46,xgboost,34,749,0,0.3942086100578308,0,0.5
5,3,46,xgboost,37,747,0,0.43582192063331604,0,0.5
5,3,46,xgboost,38,758,0,0.15899401903152466,0,0.5
5,3,46,xgboost,47,770,0,0.2843782901763916,0,0.5
5,3,46,xgboost,49,739,0,0.5878750681877136,1,0.5
5,3,46,xgboost,53,695,0,0.596954882144928,1,0.5
5,3,46,xgboost,54,708,0,0.607427716255188,1,0.5
5,3,46,xgboost,56,702,0,0.47233515977859497,0,0.5
5,3,46,xgboost,63,629,0,0.5551528334617615,1,0.5
5,3,46,xgboost,71,677,0,0.12495537102222443,0,0.5
5,3,46,xgboost,78,693,0,0.31019318103790283,0,0.5
5,3,46,xgboost,81,593,0,0.4678433835506439,0,0.5
5,3,46,xgboost,86,718,0,0.17603176832199097,0,0.5
5,3,46,xgboost,88,618,0,0.34747132658958435,0,0.5
5,3,46,xgboost,91,689,0,0.3166743218898773,0,0.5
5,3,46,xgboost,93,631,1,0.13387401401996613,0,0.5
5,3,46,xgboost,98,584,0,0.056767068803310394,0,0.5
5,3,46,xgboost,100,669,0,0.3302575647830963,0,0.5
5,3,46,xgboost,102,599,0,0.10539057105779648,0,0.5
5,3,46,xgboost,103,754,1,0.639560341835022,1,0.5
5,3,46,xgboost,104,633,0,0.6740054488182068,1,0.5
5,3,46,xgboost,114,667,0,0.4456609785556793,0,0.5
5,3,46,xgboost,115,665,0,0.4728665351867676,0,0.5
5,3,46,xgboost,118,560,0,0.5760487914085388,1,0.5
5,3,46,xgboost,122,592,0,0.39870521426200867,0,0.5
5,3,46,xgboost,128,518,0,0.11371918022632599,0,0.5
5,3,46,xgboost,132,565,0,0.13024984300136566,0,0.5
5,3,46,xgboost,137,537,0,0.5723952651023865,1,0.5
5,3,46,xgboost,138,517,0,0.11371918022632599,0,0.5
5,3,46,xgboost,142,591,0,0.153878852725029,0,0.5
5,3,46,xgboost,147,533,0,0.4217715561389923,0,0.5
5,3,46,xgboost,152,438,0,0.31850454211235046,0,0.5
5,3,46,xgboost,165,572,0,0.3981991708278656,0,0.5
5,3,46,xgboost,171,418,0,0.3465525805950165,0,0.5
5,3,46,xgboost,172,522,0,0.5660707950592041,1,0.5
5,3,46,xgboost,173,529,0,0.6241851449012756,1,0.5
5,3,46,xgboost,181,462,0,0.406015008687973,0,0.5
5,3,46,xgboost,182,392,0,0.5432425737380981,1,0.5
5,3,46,xgboost,190,513,0,0.566554605960846,1,0.5
5,3,46,xgboost,196,505,0,0.6270179748535156,1,0.5
5,3,46,xgboost,205,388,1,0.43196526169776917,0,0.5
5,3,46,xgboost,206,496,0,0.22088734805583954,0,0.5
5,3,46,xgboost,210,399,0,0.34008800983428955,0,0.5
5,3,46,xgboost,230,304,0,0.3813900649547577,0,0.5
5,3,46,xgboost,231,432,0,0.3247464895248413,0,0.5
5,3,46,xgboost,237,347,0,0.22609379887580872,0,0.5
5,3,46,xgboost,252,344,0,0.22515705227851868,0,0.5
5,3,46,xgboost,256,366,0,0.09344030916690826,0,0.5
5,3,46,xgboost,260,485,0,0.38035914301872253,0,0.5
5,3,46,xgboost,264,259,1,0.2883449196815491,0,0.5
5,3,46,xgboost,268,305,0,0.4463038742542267,0,0.5
5,3,46,xgboost,274,349,0,0.2879599332809448,0,0.5
5,3,46,xgboost,288,300,0,0.23447291553020477,0,0.5
5,3,46,xgboost,290,204,0,0.33246666193008423,0,0.5
5,3,46,xgboost,295,283,0,0.3801502287387848,0,0.5
5,3,46,xgboost,297,220,0,0.4784955084323883,0,0.5
5,3,46,xgboost,302,323,0,0.30482766032218933,0,0.5
5,3,46,xgboost,303,386,0,0.32843348383903503,0,0.5
5,3,46,xgboost,304,331,0,0.08345306664705276,0,0.5
5,3,46,xgboost,308,382,0,0.36996856331825256,0,0.5
5,3,46,xgboost,310,307,0,0.41975075006484985,0,0.5
5,3,46,xgboost,312,313,0,0.14626406133174896,0,0.5
5,3,46,xgboost,314,215,1,0.43631020188331604,0,0.5
5,3,46,xgboost,315,189,0,0.34301578998565674,0,0.5
5,3,46,xgboost,329,290,0,0.40797510743141174,0,0.5
5,3,46,xgboost,352,152,0,0.37596574425697327,0,0.5
5,3,46,xgboost,361,199,0,0.4836893081665039,0,0.5
5,3,46,xgboost,364,147,0,0.3853151500225067,0,0.5
5,3,46,xgboost,369,82,0,0.4396888315677643,0,0.5
5,3,46,xgboost,370,239,1,0.37596574425697327,0,0.5
5,3,46,xgboost,372,242,0,0.4253736734390259,0,0.5
5,3,46,xgboost,395,82,0,0.4396888315677643,0,0.5
5,3,46,xgboost,401,210,0,0.3347901701927185,0,0.5
5,3,46,xgboost,410,171,0,0.4810551106929779,0,0.5
5,3,46,xgboost,416,70,0,0.3342517614364624,0,0.5
5,3,46,xgboost,418,47,0,0.6401161551475525,1,0.5
5,3,46,xgboost,420,97,0,0.4572027623653412,0,0.5
5,3,46,xgboost,423,51,0,0.32904523611068726,0,0.5
5,3,46,xgboost,426,114,0,0.5827968716621399,1,0.5
5,3,46,xgboost,428,29,0,0.2749963402748108,0,0.5
5,3,46,xgboost,431,70,0,0.3342517614364624,0,0.5
5,3,46,xgboost,443,10,0,0.0869961827993393,0,0.5
5,3,46,xgboost,453,10,0,0.0869961827993393,0,0.5
5,3,46,xgboost,455,77,0,0.5008370876312256,1,0.5
5,3,46,xgboost,461,19,0,0.31109124422073364,0,0.5
5,3,46,xgboost,462,68,0,0.35576170682907104,0,0.5
5,3,46,xgboost,464,25,0,0.2892514169216156,0,0.5
5,3,46,xgboost,467,41,0,0.3624598979949951,0,0.5
5,3,46,xgboost,469,16,0,0.27426233887672424,0,0.5
5,3,46,xgboost,474,640,0,0.45447537302970886,0,0.5
5,3,46,xgboost,475,154,0,0.3630470931529999,0,0.5
5,3,46,xgboost,476,753,0,0.05851971358060837,0,0.5
5,3,46,xgboost,477,751,0,0.47951939702033997,0,0.5
5,3,46,xgboost,478,534,0,0.3800678849220276,0,0.5
5,3,46,xgboost,482,757,0,0.43584370613098145,0,0.5
5,3,46,xgboost,486,496,0,0.22088734805583954,0,0.5
5,3,46,xgboost,491,122,0,0.44141489267349243,0,0.5
5,3,46,xgboost,492,658,0,0.14009009301662445,0,0.5
5,3,46,xgboost,494,165,0,0.5018883943557739,1,0.5
5,3,46,xgboost,495,405,0,0.11026792973279953,0,0.5
5,3,46,xgboost,497,356,0,0.38624536991119385,0,0.5
5,3,46,xgboost,501,610,0,0.09302736818790436,0,0.5
5,3,46,xgboost,506,711,0,0.3247130513191223,0,0.5
5,3,46,xgboost,508,590,0,0.2295892983675003,0,0.5
5,3,46,xgboost,509,384,0,0.14713074266910553,0,0.5
5,3,46,xgboost,523,624,0,0.5052766799926758,1,0.5
5,3,46,xgboost,527,262,0,0.09984031319618225,0,0.5
5,3,46,xgboost,530,239,1,0.37596574425697327,0,0.5
5,3,46,xgboost,532,364,0,0.35720929503440857,0,0.5
5,3,46,xgboost,534,93,0,0.3279905319213867,0,0.5
5,3,46,xgboost,541,474,0,0.4156593680381775,0,0.5
5,3,46,xgboost,545,532,0,0.5918632745742798,1,0.5
5,3,46,xgboost,547,385,0,0.09344030916690826,0,0.5
5,3,46,xgboost,548,58,0,0.330737829208374,0,0.5
5,3,46,xgboost,560,748,0,0.11767808347940445,0,0.5
5,3,46,xgboost,562,282,0,0.3694845736026764,0,0.5
5,3,46,xgboost,563,712,0,0.2756671905517578,0,0.5
5,3,46,xgboost,570,559,0,0.39139288663864136,0,0.5
5,3,46,xgboost,571,257,0,0.36333146691322327,0,0.5
5,3,46,xgboost,599,176,0,0.34391680359840393,0,0.5
5,3,46,xgboost,610,230,1,0.5382986068725586,1,0.5
5,3,46,xgboost,614,341,1,0.2488151341676712,0,0.5
5,3,46,xgboost,616,376,0,0.28600892424583435,0,0.5
5,3,46,xgboost,625,92,0,0.3279905319213867,0,0.5
5,3,46,xgboost,631,187,0,0.4030407965183258,0,0.5
5,3,46,xgboost,632,226,0,0.34162774682044983,0,0.5
5,3,46,xgboost,645,471,0,0.6004908680915833,1,0.5
5,3,46,xgboost,649,613,0,0.5657293796539307,1,0.5
5,3,46,xgboost,650,421,0,0.5881021022796631,1,0.5
5,3,46,xgboost,657,260,0,0.4776938557624817,0,0.5
5,3,46,xgboost,664,756,1,0.7368716597557068,1,0.5
5,3,46,xgboost,679,822,0,0.4728582799434662,0,0.5
5,3,46,xgboost,681,793,0,0.06466510891914368,0,0.5
5,3,46,xgboost,685,820,0,0.46277278661727905,0,0.5
5,3,46,xgboost,687,638,1,0.5871272683143616,1,0.5
5,3,46,xgboost,691,420,0,0.6429274082183838,1,0.5
5,3,46,xgboost,692,74,0,0.6281517744064331,1,0.5
5,3,46,xgboost,695,538,0,0.562554121017456,1,0.5
5,3,46,xgboost,697,91,0,0.5782697796821594,1,0.5
5,3,46,xgboost,702,439,0,0.4590873718261719,0,0.5
5,3,46,xgboost,705,806,0,0.06558036059141159,0,0.5
5,3,46,xgboost,707,231,0,0.6238473653793335,1,0.5
5,3,46,xgboost,716,144,0,0.3853151500225067,0,0.5
5,3,46,xgboost,734,564,0,0.4517965018749237,0,0.5
5,3,46,xgboost,742,156,0,0.6037859916687012,1,0.5
5,3,46,xgboost,745,30,0,0.4874916970729828,0,0.5
5,3,46,xgboost,746,342,0,0.2364208996295929,0,0.5
5,3,46,xgboost,760,44,0,0.6047036647796631,1,0.5
5,3,46,xgboost,761,607,0,0.08245541900396347,0,0.5
5,3,46,xgboost,762,139,0,0.09984031319618225,0,0.5
5,3,46,xgboost,769,415,0,0.08510745316743851,0,0.5
5,3,46,xgboost,787,256,0,0.32245248556137085,0,0.5
5,3,46,xgboost,794,175,0,0.10178347676992416,0,0.5
5,3,46,xgboost,795,690,0,0.8097396492958069,1,0.5
5,3,46,xgboost,799,141,0,0.3721572160720825,0,0.5
5,3,46,xgboost,800,302,0,0.22700613737106323,0,0.5
5,3,46,xgboost,802,14,0,0.2632724344730377,0,0.5
5,3,46,xgboost,818,700,0,0.536511242389679,1,0.5
5,3,46,xgboost,819,2,0,0.17145362496376038,0,0.5
5,3,46,xgboost,820,352,0,0.5971572995185852,1,0.5
5,3,46,xgboost,825,794,0,0.4066266119480133,0,0.5
5,3,46,xgboost,830,699,0,0.4582006335258484,0,0.5
5,3,46,xgboost,839,601,0,0.45262736082077026,0,0.5
5,3,46,xgboost,841,297,0,0.290416955947876,0,0.5
5,3,46,xgboost,843,567,0,0.44877421855926514,0,0.5
5,3,46,xgboost,844,444,0,0.24338503181934357,0,0.5
5,3,46,xgboost,854,616,0,0.31833916902542114,0,0.5
5,3,46,xgboost,857,526,0,0.21405383944511414,0,0.5
5,4,46,dummy_prior,2,660,0,0.06404657933042213,0,0.5
5,4,46,dummy_prior,11,450,0,0.06404657933042213,0,0.5
5,4,46,dummy_prior,16,790,0,0.06404657933042213,0,0.5
5,4,46,dummy_prior,23,767,1,0.06404657933042213,0,0.5
5,4,46,dummy_prior,25,805,0,0.06404657933042213,0,0.5
5,4,46,dummy_prior,32,738,0,0.06404657933042213,0,0.5
5,4,46,dummy_prior,41,732,1,0.06404657933042213,0,0.5
5,4,46,dummy_prior,52,729,0,0.06404657933042213,0,0.5
5,4,46,dummy_prior,55,789,0,0.06404657933042213,0,0.5
5,4,46,dummy_prior,60,673,0,0.06404657933042213,0,0.5
5,4,46,dummy_prior,61,697,0,0.06404657933042213,0,0.5
5,4,46,dummy_prior,66,673,0,0.06404657933042213,0,0.5
5,4,46,dummy_prior,76,675,0,0.06404657933042213,0,0.5
5,4,46,dummy_prior,90,707,0,0.06404657933042213,0,0.5
5,4,46,dummy_prior,101,580,0,0.06404657933042213,0,0.5
5,4,46,dummy_prior,105,674,0,0.06404657933042213,0,0.5
5,4,46,dummy_prior,120,627,0,0.06404657933042213,0,0.5
5,4,46,dummy_prior,121,579,0,0.06404657933042213,0,0.5
5,4,46,dummy_prior,127,520,0,0.06404657933042213,0,0.5
5,4,46,dummy_prior,129,557,0,0.06404657933042213,0,0.5
5,4,46,dummy_prior,139,556,0,0.06404657933042213,0,0.5
5,4,46,dummy_prior,141,194,0,0.06404657933042213,0,0.5
5,4,46,dummy_prior,144,558,0,0.06404657933042213,0,0.5
5,4,46,dummy_prior,145,595,0,0.06404657933042213,0,0.5
5,4,46,dummy_prior,148,643,0,0.06404657933042213,0,0.5
5,4,46,dummy_prior,158,617,0,0.06404657933042213,0,0.5
5,4,46,dummy_prior,160,484,0,0.06404657933042213,0,0.5
5,4,46,dummy_prior,162,481,0,0.06404657933042213,0,0.5
5,4,46,dummy_prior,169,108,0,0.06404657933042213,0,0.5
5,4,46,dummy_prior,179,548,0,0.06404657933042213,0,0.5
5,4,46,dummy_prior,183,491,0,0.06404657933042213,0,0.5
5,4,46,dummy_prior,184,411,0,0.06404657933042213,0,0.5
5,4,46,dummy_prior,192,459,0,0.06404657933042213,0,0.5
5,4,46,dummy_prior,201,441,0,0.06404657933042213,0,0.5
5,4,46,dummy_prior,204,222,0,0.06404657933042213,0,0.5
5,4,46,dummy_prior,213,500,0,0.06404657933042213,0,0.5
5,4,46,dummy_prior,219,324,0,0.06404657933042213,0,0.5
5,4,46,dummy_prior,221,407,0,0.06404657933042213,0,0.5
5,4,46,dummy_prior,224,351,1,0.06404657933042213,0,0.5
5,4,46,dummy_prior,226,409,0,0.06404657933042213,0,0.5
5,4,46,dummy_prior,233,345,0,0.06404657933042213,0,0.5
5,4,46,dummy_prior,238,536,0,0.06404657933042213,0,0.5
5,4,46,dummy_prior,239,497,0,0.06404657933042213,0,0.5
5,4,46,dummy_prior,241,354,0,0.06404657933042213,0,0.5
5,4,46,dummy_prior,247,292,0,0.06404657933042213,0,0.5
5,4,46,dummy_prior,257,273,1,0.06404657933042213,0,0.5
5,4,46,dummy_prior,258,245,0,0.06404657933042213,0,0.5
5,4,46,dummy_prior,259,329,0,0.06404657933042213,0,0.5
5,4,46,dummy_prior,262,295,0,0.06404657933042213,0,0.5
5,4,46,dummy_prior,266,232,0,0.06404657933042213,0,0.5
5,4,46,dummy_prior,273,355,0,0.06404657933042213,0,0.5
5,4,46,dummy_prior,275,237,0,0.06404657933042213,0,0.5
5,4,46,dummy_prior,287,272,0,0.06404657933042213,0,0.5
5,4,46,dummy_prior,299,319,0,0.06404657933042213,0,0.5
5,4,46,dummy_prior,307,287,0,0.06404657933042213,0,0.5
5,4,46,dummy_prior,318,308,0,0.06404657933042213,0,0.5
5,4,46,dummy_prior,320,271,1,0.06404657933042213,0,0.5
5,4,46,dummy_prior,321,269,0,0.06404657933042213,0,0.5
5,4,46,dummy_prior,323,268,0,0.06404657933042213,0,0.5
5,4,46,dummy_prior,325,169,1,0.06404657933042213,0,0.5
5,4,46,dummy_prior,334,229,0,0.06404657933042213,0,0.5
5,4,46,dummy_prior,338,200,0,0.06404657933042213,0,0.5
5,4,46,dummy_prior,340,148,0,0.06404657933042213,0,0.5
5,4,46,dummy_prior,344,79,0,0.06404657933042213,0,0.5
5,4,46,dummy_prior,345,276,1,0.06404657933042213,0,0.5
5,4,46,dummy_prior,348,125,0,0.06404657933042213,0,0.5
5,4,46,dummy_prior,350,167,0,0.06404657933042213,0,0.5
5,4,46,dummy_prior,356,79,0,0.06404657933042213,0,0.5
5,4,46,dummy_prior,368,203,0,0.06404657933042213,0,0.5
5,4,46,dummy_prior,371,367,0,0.06404657933042213,0,0.5
5,4,46,dummy_prior,382,400,0,0.06404657933042213,0,0.5
5,4,46,dummy_prior,386,90,0,0.06404657933042213,0,0.5
5,4,46,dummy_prior,387,266,0,0.06404657933042213,0,0.5
5,4,46,dummy_prior,388,185,0,0.06404657933042213,0,0.5
5,4,46,dummy_prior,390,179,0,0.06404657933042213,0,0.5
5,4,46,dummy_prior,394,184,0,0.06404657933042213,0,0.5
5,4,46,dummy_prior,397,137,0,0.06404657933042213,0,0.5
5,4,46,dummy_prior,398,115,0,0.06404657933042213,0,0.5
5,4,46,dummy_prior,399,209,0,0.06404657933042213,0,0.5
5,4,46,dummy_prior,400,55,0,0.06404657933042213,0,0.5
5,4,46,dummy_prior,405,61,0,0.06404657933042213,0,0.5
5,4,46,dummy_prior,408,60,0,0.06404657933042213,0,0.5
5,4,46,dummy_prior,409,54,0,0.06404657933042213,0,0.5
5,4,46,dummy_prior,412,87,0,0.06404657933042213,0,0.5
5,4,46,dummy_prior,427,161,0,0.06404657933042213,0,0.5
5,4,46,dummy_prior,435,54,0,0.06404657933042213,0,0.5
5,4,46,dummy_prior,439,112,0,0.06404657933042213,0,0.5
5,4,46,dummy_prior,444,80,0,0.06404657933042213,0,0.5
5,4,46,dummy_prior,447,63,0,0.06404657933042213,0,0.5
5,4,46,dummy_prior,448,65,0,0.06404657933042213,0,0.5
5,4,46,dummy_prior,449,75,0,0.06404657933042213,0,0.5
5,4,46,dummy_prior,471,94,0,0.06404657933042213,0,0.5
5,4,46,dummy_prior,472,682,1,0.06404657933042213,0,0.5
5,4,46,dummy_prior,473,787,0,0.06404657933042213,0,0.5
5,4,46,dummy_prior,479,482,0,0.06404657933042213,0,0.5
5,4,46,dummy_prior,485,286,0,0.06404657933042213,0,0.5
5,4,46,dummy_prior,499,614,0,0.06404657933042213,0,0.5
5,4,46,dummy_prior,507,71,0,0.06404657933042213,0,0.5
5,4,46,dummy_prior,510,17,0,0.06404657933042213,0,0.5
5,4,46,dummy_prior,529,652,0,0.06404657933042213,0,0.5
5,4,46,dummy_prior,543,40,0,0.06404657933042213,0,0.5
5,4,46,dummy_prior,546,213,0,0.06404657933042213,0,0.5
5,4,46,dummy_prior,551,639,0,0.06404657933042213,0,0.5
5,4,46,dummy_prior,552,105,0,0.06404657933042213,0,0.5
5,4,46,dummy_prior,554,20,0,0.06404657933042213,0,0.5
5,4,46,dummy_prior,566,456,0,0.06404657933042213,0,0.5
5,4,46,dummy_prior,568,338,0,0.06404657933042213,0,0.5
5,4,46,dummy_prior,575,54,0,0.06404657933042213,0,0.5
5,4,46,dummy_prior,578,126,1,0.06404657933042213,0,0.5
5,4,46,dummy_prior,579,730,0,0.06404657933042213,0,0.5
5,4,46,dummy_prior,580,55,0,0.06404657933042213,0,0.5
5,4,46,dummy_prior,585,648,0,0.06404657933042213,0,0.5
5,4,46,dummy_prior,587,687,0,0.06404657933042213,0,0.5
5,4,46,dummy_prior,589,784,0,0.06404657933042213,0,0.5
5,4,46,dummy_prior,590,56,0,0.06404657933042213,0,0.5
5,4,46,dummy_prior,594,193,0,0.06404657933042213,0,0.5
5,4,46,dummy_prior,597,133,0,0.06404657933042213,0,0.5
5,4,46,dummy_prior,598,54,1,0.06404657933042213,0,0.5
5,4,46,dummy_prior,606,539,0,0.06404657933042213,0,0.5
5,4,46,dummy_prior,612,225,0,0.06404657933042213,0,0.5
5,4,46,dummy_prior,617,157,0,0.06404657933042213,0,0.5
5,4,46,dummy_prior,618,130,0,0.06404657933042213,0,0.5
5,4,46,dummy_prior,624,118,0,0.06404657933042213,0,0.5
5,4,46,dummy_prior,626,622,0,0.06404657933042213,0,0.5
5,4,46,dummy_prior,629,336,0,0.06404657933042213,0,0.5
5,4,46,dummy_prior,642,512,0,0.06404657933042213,0,0.5
5,4,46,dummy_prior,646,27,0,0.06404657933042213,0,0.5
5,4,46,dummy_prior,651,788,0,0.06404657933042213,0,0.5
5,4,46,dummy_prior,654,810,0,0.06404657933042213,0,0.5
5,4,46,dummy_prior,660,33,0,0.06404657933042213,0,0.5
5,4,46,dummy_prior,667,829,0,0.06404657933042213,0,0.5
5,4,46,dummy_prior,676,828,0,0.06404657933042213,0,0.5
5,4,46,dummy_prior,684,815,0,0.06404657933042213,0,0.5
5,4,46,dummy_prior,686,704,1,0.06404657933042213,0,0.5
5,4,46,dummy_prior,696,138,0,0.06404657933042213,0,0.5
5,4,46,dummy_prior,708,254,0,0.06404657933042213,0,0.5
5,4,46,dummy_prior,721,655,0,0.06404657933042213,0,0.5
5,4,46,dummy_prior,727,589,0,0.06404657933042213,0,0.5
5,4,46,dummy_prior,732,417,0,0.06404657933042213,0,0.5
5,4,46,dummy_prior,736,725,0,0.06404657933042213,0,0.5
5,4,46,dummy_prior,737,177,0,0.06404657933042213,0,0.5
5,4,46,dummy_prior,743,540,0,0.06404657933042213,0,0.5
5,4,46,dummy_prior,747,218,0,0.06404657933042213,0,0.5
5,4,46,dummy_prior,748,393,0,0.06404657933042213,0,0.5
5,4,46,dummy_prior,749,541,0,0.06404657933042213,0,0.5
5,4,46,dummy_prior,751,778,0,0.06404657933042213,0,0.5
5,4,46,dummy_prior,752,676,0,0.06404657933042213,0,0.5
5,4,46,dummy_prior,755,563,0,0.06404657933042213,0,0.5
5,4,46,dummy_prior,757,360,0,0.06404657933042213,0,0.5
5,4,46,dummy_prior,758,578,0,0.06404657933042213,0,0.5
5,4,46,dummy_prior,759,101,0,0.06404657933042213,0,0.5
5,4,46,dummy_prior,768,422,0,0.06404657933042213,0,0.5
5,4,46,dummy_prior,772,113,0,0.06404657933042213,0,0.5
5,4,46,dummy_prior,774,801,0,0.06404657933042213,0,0.5
5,4,46,dummy_prior,775,455,0,0.06404657933042213,0,0.5
5,4,46,dummy_prior,778,136,0,0.06404657933042213,0,0.5
5,4,46,dummy_prior,784,403,0,0.06404657933042213,0,0.5
5,4,46,dummy_prior,788,752,0,0.06404657933042213,0,0.5
5,4,46,dummy_prior,807,717,0,0.06404657933042213,0,0.5
5,4,46,dummy_prior,816,233,0,0.06404657933042213,0,0.5
5,4,46,dummy_prior,817,516,0,0.06404657933042213,0,0.5
5,4,46,dummy_prior,821,602,0,0.06404657933042213,0,0.5
5,4,46,dummy_prior,823,644,0,0.06404657933042213,0,0.5
5,4,46,dummy_prior,827,688,0,0.06404657933042213,0,0.5
5,4,46,dummy_prior,829,666,0,0.06404657933042213,0,0.5
5,4,46,dummy_prior,831,777,0,0.06404657933042213,0,0.5
5,4,46,dummy_prior,832,561,0,0.06404657933042213,0,0.5
5,4,46,dummy_prior,835,332,0,0.06404657933042213,0,0.5
5,4,46,dummy_prior,840,346,0,0.06404657933042213,0,0.5
5,4,46,dummy_prior,842,722,0,0.06404657933042213,0,0.5
5,4,46,dummy_prior,852,800,0,0.06404657933042213,0,0.5
5,4,46,logistic_regression,2,660,0,0.2621181565108072,0,0.5
5,4,46,logistic_regression,11,450,0,0.5593919483078909,1,0.5
5,4,46,logistic_regression,16,790,0,0.44032792928524256,0,0.5
5,4,46,logistic_regression,23,767,1,0.6212582575880391,1,0.5
5,4,46,logistic_regression,25,805,0,0.4007541644998513,0,0.5
5,4,46,logistic_regression,32,738,0,0.4393267844281091,0,0.5
5,4,46,logistic_regression,41,732,1,0.8227300446173135,1,0.5
5,4,46,logistic_regression,52,729,0,0.4432251199498335,0,0.5
5,4,46,logistic_regression,55,789,0,0.6919100913247127,1,0.5
5,4,46,logistic_regression,60,673,0,0.5100402908924981,1,0.5
5,4,46,logistic_regression,61,697,0,0.6584662886279186,1,0.5
5,4,46,logistic_regression,66,673,0,0.5100402908924981,1,0.5
5,4,46,logistic_regression,76,675,0,0.5999625042306799,1,0.5
5,4,46,logistic_regression,90,707,0,0.2060717492496814,0,0.5
5,4,46,logistic_regression,101,580,0,0.8046962595107772,1,0.5
5,4,46,logistic_regression,105,674,0,0.5605051440933029,1,0.5
5,4,46,logistic_regression,120,627,0,0.49528581281596085,0,0.5
5,4,46,logistic_regression,121,579,0,0.5196531596281712,1,0.5
5,4,46,logistic_regression,127,520,0,0.6011257208490658,1,0.5
5,4,46,logistic_regression,129,557,0,0.6020582532286761,1,0.5
5,4,46,logistic_regression,139,556,0,0.5900839118489407,1,0.5
5,4,46,logistic_regression,141,194,0,0.12311088199392037,0,0.5
5,4,46,logistic_regression,144,558,0,0.40424206940830987,0,0.5
5,4,46,logistic_regression,145,595,0,0.6472648088719296,1,0.5
5,4,46,logistic_regression,148,643,0,0.5137444730132018,1,0.5
5,4,46,logistic_regression,158,617,0,0.43122832294760477,0,0.5
5,4,46,logistic_regression,160,484,0,0.6046868033499578,1,0.5
5,4,46,logistic_regression,162,481,0,0.48721300565644743,0,0.5
5,4,46,logistic_regression,169,108,0,0.5401063806464379,1,0.5
5,4,46,logistic_regression,179,548,0,0.5450064200390841,1,0.5
5,4,46,logistic_regression,183,491,0,0.46190581592833146,0,0.5
5,4,46,logistic_regression,184,411,0,0.5163517662273102,1,0.5
5,4,46,logistic_regression,192,459,0,0.503092046993601,1,0.5
5,4,46,logistic_regression,201,441,0,0.5312769166495717,1,0.5
5,4,46,logistic_regression,204,222,0,0.4358244197731236,0,0.5
5,4,46,logistic_regression,213,500,0,0.9200727116401388,1,0.5
5,4,46,logistic_regression,219,324,0,0.4669162672532289,0,0.5
5,4,46,logistic_regression,221,407,0,0.25953588140799755,0,0.5
5,4,46,logistic_regression,224,351,1,0.7309144961412488,1,0.5
5,4,46,logistic_regression,226,409,0,0.4089287988467881,0,0.5
5,4,46,logistic_regression,233,345,0,0.42195182749534693,0,0.5
5,4,46,logistic_regression,238,536,0,0.5793475385709395,1,0.5
5,4,46,logistic_regression,239,497,0,0.6032149279242619,1,0.5
5,4,46,logistic_regression,241,354,0,0.47013037060966845,0,0.5
5,4,46,logistic_regression,247,292,0,0.43015892048733817,0,0.5
5,4,46,logistic_regression,257,273,1,0.6497363260332234,1,0.5
5,4,46,logistic_regression,258,245,0,0.3876670753408153,0,0.5
5,4,46,logistic_regression,259,329,0,0.5585497924712636,1,0.5
5,4,46,logistic_regression,262,295,0,0.5494573811237002,1,0.5
5,4,46,logistic_regression,266,232,0,0.4032597555995348,0,0.5
5,4,46,logistic_regression,273,355,0,0.5330030495486692,1,0.5
5,4,46,logistic_regression,275,237,0,0.40305814226354947,0,0.5
5,4,46,logistic_regression,287,272,0,0.4582069136486701,0,0.5
5,4,46,logistic_regression,299,319,0,0.12305518433760913,0,0.5
5,4,46,logistic_regression,307,287,0,0.12611072914917315,0,0.5
5,4,46,logistic_regression,318,308,0,0.4708743462602141,0,0.5
5,4,46,logistic_regression,320,271,1,0.4025563735120234,0,0.5
5,4,46,logistic_regression,321,269,0,0.1242870518906889,0,0.5
5,4,46,logistic_regression,323,268,0,0.32748414618825333,0,0.5
5,4,46,logistic_regression,325,169,1,0.45376684012671376,0,0.5
5,4,46,logistic_regression,334,229,0,0.43191338108971333,0,0.5
5,4,46,logistic_regression,338,200,0,0.1771230197403713,0,0.5
5,4,46,logistic_regression,340,148,0,0.40065141766556694,0,0.5
5,4,46,logistic_regression,344,79,0,0.40994202454484063,0,0.5
5,4,46,logistic_regression,345,276,1,0.2702388279577493,0,0.5
5,4,46,logistic_regression,348,125,0,0.4379861556429435,0,0.5
5,4,46,logistic_regression,350,167,0,0.13940514507682092,0,0.5
5,4,46,logistic_regression,356,79,0,0.40994202454484063,0,0.5
5,4,46,logistic_regression,368,203,0,0.3794897201391857,0,0.5
5,4,46,logistic_regression,371,367,0,0.47895608347367025,0,0.5
5,4,46,logistic_regression,382,400,0,0.3968445145776997,0,0.5
5,4,46,logistic_regression,386,90,0,0.531871800020423,1,0.5
5,4,46,logistic_regression,387,266,0,0.40571301652394787,0,0.5
5,4,46,logistic_regression,388,185,0,0.30952541925825827,0,0.5
5,4,46,logistic_regression,390,179,0,0.3926241719309339,0,0.5
5,4,46,logistic_regression,394,184,0,0.7526143058010465,1,0.5
5,4,46,logistic_regression,397,137,0,0.7175843017215618,1,0.5
5,4,46,logistic_regression,398,115,0,0.11447515489021287,0,0.5
5,4,46,logistic_regression,399,209,0,0.45913167478450106,0,0.5
5,4,46,logistic_regression,400,55,0,0.39735205833180076,0,0.5
5,4,46,logistic_regression,405,61,0,0.12530312314545503,0,0.5
5,4,46,logistic_regression,408,60,0,0.13880039072863168,0,0.5
5,4,46,logistic_regression,409,54,0,0.4079579949139051,0,0.5
5,4,46,logistic_regression,412,87,0,0.1255930090007508,0,0.5
5,4,46,logistic_regression,427,161,0,0.448780403165024,0,0.5
5,4,46,logistic_regression,435,54,0,0.4079579949139051,0,0.5
5,4,46,logistic_regression,439,112,0,0.42313159360646224,0,0.5
5,4,46,logistic_regression,444,80,0,0.397096639926928,0,0.5
5,4,46,logistic_regression,447,63,0,0.4052569892575391,0,0.5
5,4,46,logistic_regression,448,65,0,0.2110832507624736,0,0.5
5,4,46,logistic_regression,449,75,0,0.4087988197711687,0,0.5
5,4,46,logistic_regression,471,94,0,0.4054174905005034,0,0.5
5,4,46,logistic_regression,472,682,1,0.46043169969750875,0,0.5
5,4,46,logistic_regression,473,787,0,0.5780719957563945,1,0.5
5,4,46,logistic_regression,479,482,0,0.42423566002249974,0,0.5
5,4,46,logistic_regression,485,286,0,0.466303814786466,0,0.5
5,4,46,logistic_regression,499,614,0,0.5088571409696991,1,0.5
5,4,46,logistic_regression,507,71,0,0.41130420361215153,0,0.5
5,4,46,logistic_regression,510,17,0,0.4035231876737399,0,0.5
5,4,46,logistic_regression,529,652,0,0.5072854733863632,1,0.5
5,4,46,logistic_regression,543,40,0,0.43144928448465464,0,0.5
5,4,46,logistic_regression,546,213,0,0.6904460457024916,1,0.5
5,4,46,logistic_regression,551,639,0,0.15025004845109763,0,0.5
5,4,46,logistic_regression,552,105,0,0.21198612377126266,0,0.5
5,4,46,logistic_regression,554,20,0,0.4015077476999695,0,0.5
5,4,46,logistic_regression,566,456,0,0.464047720541542,0,0.5
5,4,46,logistic_regression,568,338,0,0.4083318565739251,0,0.5
5,4,46,logistic_regression,575,54,0,0.4079579949139051,0,0.5
5,4,46,logistic_regression,578,126,1,0.4073976668020594,0,0.5
5,4,46,logistic_regression,579,730,0,0.6491331814406073,1,0.5
5,4,46,logistic_regression,580,55,0,0.39735205833180076,0,0.5
5,4,46,logistic_regression,585,648,0,0.4210987022476068,0,0.5
5,4,46,logistic_regression,587,687,0,0.7354534767947108,1,0.5
5,4,46,logistic_regression,589,784,0,0.48464926827159616,0,0.5
5,4,46,logistic_regression,590,56,0,0.3682820387675673,0,0.5
5,4,46,logistic_regression,594,193,0,0.40061011312906497,0,0.5
5,4,46,logistic_regression,597,133,0,0.8555746686545233,1,0.5
5,4,46,logistic_regression,598,54,1,0.4079579949139051,0,0.5
5,4,46,logistic_regression,606,539,0,0.5018903411497803,1,0.5
5,4,46,logistic_regression,612,225,0,0.4391004874945656,0,0.5
5,4,46,logistic_regression,617,157,0,0.3442537688979316,0,0.5
5,4,46,logistic_regression,618,130,0,0.39622502907979934,0,0.5
5,4,46,logistic_regression,624,118,0,0.44493446945155146,0,0.5
5,4,46,logistic_regression,626,622,0,0.44395982330744255,0,0.5
5,4,46,logistic_regression,629,336,0,0.5324772787735313,1,0.5
5,4,46,logistic_regression,642,512,0,0.4773015997895358,0,0.5
5,4,46,logistic_regression,646,27,0,0.3997050257151977,0,0.5
5,4,46,logistic_regression,651,788,0,0.6901460070025925,1,0.5
5,4,46,logistic_regression,654,810,0,0.7563534659231472,1,0.5
5,4,46,logistic_regression,660,33,0,0.40867946778240705,0,0.5
5,4,46,logistic_regression,667,829,0,0.5185562514751761,1,0.5
5,4,46,logistic_regression,676,828,0,0.4983085721838611,0,0.5
5,4,46,logistic_regression,684,815,0,0.5527520968087419,1,0.5
5,4,46,logistic_regression,686,704,1,0.42219831518465595,0,0.5
5,4,46,logistic_regression,696,138,0,0.279701325012807,0,0.5
5,4,46,logistic_regression,708,254,0,0.6118040130239033,1,0.5
5,4,46,logistic_regression,721,655,0,0.4959463300856465,0,0.5
5,4,46,logistic_regression,727,589,0,0.5393908254548618,1,0.5
5,4,46,logistic_regression,732,417,0,0.31711742335352394,0,0.5
5,4,46,logistic_regression,736,725,0,0.49849926662656247,0,0.5
5,4,46,logistic_regression,737,177,0,0.43519021168418354,0,0.5
5,4,46,logistic_regression,743,540,0,0.35473157678576756,0,0.5
5,4,46,logistic_regression,747,218,0,0.4205493658555729,0,0.5
5,4,46,logistic_regression,748,393,0,0.45530115977304014,0,0.5
5,4,46,logistic_regression,749,541,0,0.68188942993395,1,0.5
5,4,46,logistic_regression,751,778,0,0.1536833159411997,0,0.5
5,4,46,logistic_regression,752,676,0,0.4582089581560699,0,0.5
5,4,46,logistic_regression,755,563,0,0.4990213138896494,0,0.5
5,4,46,logistic_regression,757,360,0,0.3262477850693643,0,0.5
5,4,46,logistic_regression,758,578,0,0.397971480130048,0,0.5
5,4,46,logistic_regression,759,101,0,0.4332159280776152,0,0.5
5,4,46,logistic_regression,768,422,0,0.40554713196215497,0,0.5
5,4,46,logistic_regression,772,113,0,0.11839375214466674,0,0.5
5,4,46,logistic_regression,774,801,0,0.7136508299828536,1,0.5
5,4,46,logistic_regression,775,455,0,0.4628719928771148,0,0.5
5,4,46,logistic_regression,778,136,0,0.12526542217810938,0,0.5
5,4,46,logistic_regression,784,403,0,0.4591097330316291,0,0.5
5,4,46,logistic_regression,788,752,0,0.7586047036152648,1,0.5
5,4,46,logistic_regression,807,717,0,0.6979364089703743,1,0.5
5,4,46,logistic_regression,816,233,0,0.4773586574957498,0,0.5
5,4,46,logistic_regression,817,516,0,0.6108492231636297,1,0.5
5,4,46,logistic_regression,821,602,0,0.4252333926005463,0,0.5
5,4,46,logistic_regression,823,644,0,0.37391222794099443,0,0.5
5,4,46,logistic_regression,827,688,0,0.4595245074707922,0,0.5
5,4,46,logistic_regression,829,666,0,0.48964684070189973,0,0.5
5,4,46,logistic_regression,831,777,0,0.6766369143552794,1,0.5
5,4,46,logistic_regression,832,561,0,0.3762084894519228,0,0.5
5,4,46,logistic_regression,835,332,0,0.38418269063180416,0,0.5
5,4,46,logistic_regression,840,346,0,0.5160790642600002,1,0.5
5,4,46,logistic_regression,842,722,0,0.5401640992481423,1,0.5
5,4,46,logistic_regression,852,800,0,0.5110599514736754,1,0.5
5,4,46,xgboost,2,660,0,0.009417170658707619,0,0.5
5,4,46,xgboost,11,450,0,0.3932020962238312,0,0.5
5,4,46,xgboost,16,790,0,0.0025747690815478563,0,0.5
5,4,46,xgboost,23,767,1,0.07425111532211304,0,0.5
5,4,46,xgboost,25,805,0,0.021054837852716446,0,0.5
5,4,46,xgboost,32,738,0,0.009936104528605938,0,0.5
5,4,46,xgboost,41,732,1,0.09308427572250366,0,0.5
5,4,46,xgboost,52,729,0,0.03735334053635597,0,0.5
5,4,46,xgboost,55,789,0,0.015329066663980484,0,0.5
5,4,46,xgboost,60,673,0,0.0205974280834198,0,0.5
5,4,46,xgboost,61,697,0,0.000672909605782479,0,0.5
5,4,46,xgboost,66,673,0,0.0205974280834198,0,0.5
5,4,46,xgboost,76,675,0,0.010248558595776558,0,0.5
5,4,46,xgboost,90,707,0,0.00040979732875712216,0,0.5
5,4,46,xgboost,101,580,0,0.3994795083999634,0,0.5
5,4,46,xgboost,105,674,0,0.3073400855064392,0,0.5
5,4,46,xgboost,120,627,0,0.080495186150074,0,0.5
5,4,46,xgboost,121,579,0,0.14202484488487244,0,0.5
5,4,46,xgboost,127,520,0,0.1979915350675583,0,0.5
5,4,46,xgboost,129,557,0,0.01117793656885624,0,0.5
5,4,46,xgboost,139,556,0,0.19776518642902374,0,0.5
5,4,46,xgboost,141,194,0,0.0020333360880613327,0,0.5
5,4,46,xgboost,144,558,0,0.007766318507492542,0,0.5
5,4,46,xgboost,145,595,0,0.0033196595031768084,0,0.5
5,4,46,xgboost,148,643,0,0.029153838753700256,0,0.5
5,4,46,xgboost,158,617,0,0.011588946916162968,0,0.5
5,4,46,xgboost,160,484,0,0.10734765976667404,0,0.5
5,4,46,xgboost,162,481,0,0.4022901952266693,0,0.5
5,4,46,xgboost,169,108,0,0.05480265989899635,0,0.5
5,4,46,xgboost,179,548,0,0.06547930091619492,0,0.5
5,4,46,xgboost,183,491,0,0.7840867638587952,1,0.5
5,4,46,xgboost,184,411,0,0.11203905940055847,0,0.5
5,4,46,xgboost,192,459,0,0.10202629119157791,0,0.5
5,4,46,xgboost,201,441,0,0.3237297236919403,0,0.5
5,4,46,xgboost,204,222,0,0.04385899379849434,0,0.5
5,4,46,xgboost,213,500,0,0.27287256717681885,0,0.5
5,4,46,xgboost,219,324,0,0.00018501674639992416,0,0.5
5,4,46,xgboost,221,407,0,0.08632326871156693,0,0.5
5,4,46,xgboost,224,351,1,0.48678216338157654,0,0.5
5,4,46,xgboost,226,409,0,0.012288226746022701,0,0.5
5,4,46,xgboost,233,345,0,0.005521778948605061,0,0.5
5,4,46,xgboost,238,536,0,0.01968810334801674,0,0.5
5,4,46,xgboost,239,497,0,0.02855762094259262,0,0.5
5,4,46,xgboost,241,354,0,0.00248952629044652,0,0.5
5,4,46,xgboost,247,292,0,0.03071453422307968,0,0.5
5,4,46,xgboost,257,273,1,0.7921648025512695,1,0.5
5,4,46,xgboost,258,245,0,0.11192494630813599,0,0.5
5,4,46,xgboost,259,329,0,0.0015584840439260006,0,0.5
5,4,46,xgboost,262,295,0,0.0010496820323169231,0,0.5
5,4,46,xgboost,266,232,0,0.008586086332798004,0,0.5
5,4,46,xgboost,273,355,0,0.005781038198620081,0,0.5
5,4,46,xgboost,275,237,0,0.8813473582267761,1,0.5
5,4,46,xgboost,287,272,0,0.008299906738102436,0,0.5
5,4,46,xgboost,299,319,0,0.00026473336038179696,0,0.5
5,4,46,xgboost,307,287,0,0.0003804053121712059,0,0.5
5,4,46,xgboost,318,308,0,0.0010817137081176043,0,0.5
5,4,46,xgboost,320,271,1,0.011547693982720375,0,0.5
5,4,46,xgboost,321,269,0,0.0003913211403414607,0,0.5
5,4,46,xgboost,323,268,0,0.029407136142253876,0,0.5
5,4,46,xgboost,325,169,1,0.07589472085237503,0,0.5
5,4,46,xgboost,334,229,0,0.046136051416397095,0,0.5
5,4,46,xgboost,338,200,0,0.014863411895930767,0,0.5
5,4,46,xgboost,340,148,0,0.0034405537880957127,0,0.5
5,4,46,xgboost,344,79,0,0.06574579328298569,0,0.5
5,4,46,xgboost,345,276,1,0.06048743054270744,0,0.5
5,4,46,xgboost,348,125,0,0.3444649279117584,0,0.5
5,4,46,xgboost,350,167,0,0.016952482983469963,0,0.5
5,4,46,xgboost,356,79,0,0.06574579328298569,0,0.5
5,4,46,xgboost,368,203,0,0.007048553787171841,0,0.5
5,4,46,xgboost,371,367,0,0.0006942260661162436,0,0.5
5,4,46,xgboost,382,400,0,0.017049839720129967,0,0.5
5,4,46,xgboost,386,90,0,0.2209615707397461,0,0.5
5,4,46,xgboost,387,266,0,0.02419877052307129,0,0.5
5,4,46,xgboost,388,185,0,0.16286952793598175,0,0.5
5,4,46,xgboost,390,179,0,0.3995458781719208,0,0.5
5,4,46,xgboost,394,184,0,0.07569555938243866,0,0.5
5,4,46,xgboost,397,137,0,0.020912442356348038,0,0.5
5,4,46,xgboost,398,115,0,0.002264994429424405,0,0.5
5,4,46,xgboost,399,209,0,0.9360643625259399,1,0.5
5,4,46,xgboost,400,55,0,0.006818659603595734,0,0.5
5,4,46,xgboost,405,61,0,0.0005769685376435518,0,0.5
5,4,46,xgboost,408,60,0,0.0038226312026381493,0,0.5
5,4,46,xgboost,409,54,0,0.008108347654342651,0,0.5
5,4,46,xgboost,412,87,0,0.0024920590221881866,0,0.5
5,4,46,xgboost,427,161,0,0.023897599428892136,0,0.5
5,4,46,xgboost,435,54,0,0.008108347654342651,0,0.5
5,4,46,xgboost,439,112,0,0.002454987959936261,0,0.5
5,4,46,xgboost,444,80,0,0.03054622747004032,0,0.5
5,4,46,xgboost,447,63,0,0.0070040239952504635,0,0.5
5,4,46,xgboost,448,65,0,0.002976285992190242,0,0.5
5,4,46,xgboost,449,75,0,0.002770997118204832,0,0.5
5,4,46,xgboost,471,94,0,0.0008450742461718619,0,0.5
5,4,46,xgboost,472,682,1,0.008319837041199207,0,0.5
5,4,46,xgboost,473,787,0,0.0006415759562514722,0,0.5
5,4,46,xgboost,479,482,0,0.7600677013397217,1,0.5
5,4,46,xgboost,485,286,0,0.07477043569087982,0,0.5
5,4,46,xgboost,499,614,0,0.11470852792263031,0,0.5
5,4,46,xgboost,507,71,0,0.009824389591813087,0,0.5
5,4,46,xgboost,510,17,0,0.00042933778604492545,0,0.5
5,4,46,xgboost,529,652,0,0.051262807101011276,0,0.5
5,4,46,xgboost,543,40,0,0.0011248548980802298,0,0.5
5,4,46,xgboost,546,213,0,0.73860102891922,1,0.5
5,4,46,xgboost,551,639,0,0.0250814501196146,0,0.5
5,4,46,xgboost,552,105,0,0.0022806862834841013,0,0.5
5,4,46,xgboost,554,20,0,0.0009440153371542692,0,0.5
5,4,46,xgboost,566,456,0,0.07866322249174118,0,0.5
5,4,46,xgboost,568,338,0,0.0070328558795154095,0,0.5
5,4,46,xgboost,575,54,0,0.008108347654342651,0,0.5
5,4,46,xgboost,578,126,1,0.0119228670373559,0,0.5
5,4,46,xgboost,579,730,0,0.1925453394651413,0,0.5
5,4,46,xgboost,580,55,0,0.006818659603595734,0,0.5
5,4,46,xgboost,585,648,0,0.012295070104300976,0,0.5
5,4,46,xgboost,587,687,0,0.02877574972808361,0,0.5
5,4,46,xgboost,589,784,0,0.007621744181960821,0,0.5
5,4,46,xgboost,590,56,0,0.029002005234360695,0,0.5
5,4,46,xgboost,594,193,0,0.006429055705666542,0,0.5
5,4,46,xgboost,597,133,0,0.15184730291366577,0,0.5
5,4,46,xgboost,598,54,1,0.008108347654342651,0,0.5
5,4,46,xgboost,606,539,0,0.45004671812057495,0,0.5
5,4,46,xgboost,612,225,0,0.3341920077800751,0,0.5
5,4,46,xgboost,617,157,0,0.07046099752187729,0,0.5
5,4,46,xgboost,618,130,0,0.01855192892253399,0,0.5
5,4,46,xgboost,624,118,0,0.017096741124987602,0,0.5
5,4,46,xgboost,626,622,0,0.6498662233352661,1,0.5
5,4,46,xgboost,629,336,0,0.27454817295074463,0,0.5
5,4,46,xgboost,642,512,0,0.9130455851554871,1,0.5
5,4,46,xgboost,646,27,0,0.0018209741683676839,0,0.5
5,4,46,xgboost,651,788,0,0.00031224320991896093,0,0.5
5,4,46,xgboost,654,810,0,0.030000481754541397,0,0.5
5,4,46,xgboost,660,33,0,0.003765193745493889,0,0.5
5,4,46,xgboost,667,829,0,0.061457548290491104,0,0.5
5,4,46,xgboost,676,828,0,0.03756922855973244,0,0.5
5,4,46,xgboost,684,815,0,0.0007869821274653077,0,0.5
5,4,46,xgboost,686,704,1,0.012499559670686722,0,0.5
5,4,46,xgboost,696,138,0,0.03605927154421806,0,0.5
5,4,46,xgboost,708,254,0,0.004132794216275215,0,0.5
5,4,46,xgboost,721,655,0,0.017472248524427414,0,0.5
5,4,46,xgboost,727,589,0,0.052679672837257385,0,0.5
5,4,46,xgboost,732,417,0,0.34269580245018005,0,0.5
5,4,46,xgboost,736,725,0,0.012900231406092644,0,0.5
5,4,46,xgboost,737,177,0,0.05737527087330818,0,0.5
5,4,46,xgboost,743,540,0,0.642458438873291,1,0.5
5,4,46,xgboost,747,218,0,0.05856497958302498,0,0.5
5,4,46,xgboost,748,393,0,0.01194155402481556,0,0.5
5,4,46,xgboost,749,541,0,0.03094911202788353,0,0.5
5,4,46,xgboost,751,778,0,0.003253814997151494,0,0.5
5,4,46,xgboost,752,676,0,0.03958982229232788,0,0.5
5,4,46,xgboost,755,563,0,0.1072467714548111,0,0.5
5,4,46,xgboost,757,360,0,0.027646172791719437,0,0.5
5,4,46,xgboost,758,578,0,0.07456074655056,0,0.5
5,4,46,xgboost,759,101,0,0.03957558050751686,0,0.5
5,4,46,xgboost,768,422,0,0.02163558267056942,0,0.5
5,4,46,xgboost,772,113,0,0.0008959100814536214,0,0.5
5,4,46,xgboost,774,801,0,0.009707151912152767,0,0.5
5,4,46,xgboost,775,455,0,0.019016364589333534,0,0.5
5,4,46,xgboost,778,136,0,0.001675417530350387,0,0.5
5,4,46,xgboost,784,403,0,0.00989166833460331,0,0.5
5,4,46,xgboost,788,752,0,0.5800238847732544,1,0.5
5,4,46,xgboost,807,717,0,0.02907039411365986,0,0.5
5,4,46,xgboost,816,233,0,0.7699503898620605,1,0.5
5,4,46,xgboost,817,516,0,0.01036977581679821,0,0.5
5,4,46,xgboost,821,602,0,0.0010840543545782566,0,0.5
5,4,46,xgboost,823,644,0,0.22944745421409607,0,0.5
5,4,46,xgboost,827,688,0,0.005561030935496092,0,0.5
5,4,46,xgboost,829,666,0,0.051064085215330124,0,0.5
5,4,46,xgboost,831,777,0,0.03169948235154152,0,0.5
5,4,46,xgboost,832,561,0,0.009406923316419125,0,0.5
5,4,46,xgboost,835,332,0,0.0051511735655367374,0,0.5
5,4,46,xgboost,840,346,0,0.0037095837760716677,0,0.5
5,4,46,xgboost,842,722,0,0.001079202746041119,0,0.5
5,4,46,xgboost,852,800,0,0.005872711073607206,0,0.5
5,5,46,dummy_prior,3,825,0,0.06404657933042213,0,0.5
5,5,46,dummy_prior,4,816,0,0.06404657933042213,0,0.5
5,5,46,dummy_prior,6,823,1,0.06404657933042213,0,0.5
5,5,46,dummy_prior,12,812,0,0.06404657933042213,0,0.5
5,5,46,dummy_prior,14,798,0,0.06404657933042213,0,0.5
5,5,46,dummy_prior,17,799,0,0.06404657933042213,0,0.5
5,5,46,dummy_prior,20,797,0,0.06404657933042213,0,0.5
5,5,46,dummy_prior,31,771,0,0.06404657933042213,0,0.5
5,5,46,dummy_prior,35,737,0,0.06404657933042213,0,0.5
5,5,46,dummy_prior,45,709,0,0.06404657933042213,0,0.5
5,5,46,dummy_prior,46,716,0,0.06404657933042213,0,0.5
5,5,46,dummy_prior,48,780,0,0.06404657933042213,0,0.5
5,5,46,dummy_prior,50,721,0,0.06404657933042213,0,0.5
5,5,46,dummy_prior,57,647,0,0.06404657933042213,0,0.5
5,5,46,dummy_prior,58,683,0,0.06404657933042213,0,0.5
5,5,46,dummy_prior,69,705,0,0.06404657933042213,0,0.5
5,5,46,dummy_prior,70,727,0,0.06404657933042213,0,0.5
5,5,46,dummy_prior,74,681,0,0.06404657933042213,0,0.5
5,5,46,dummy_prior,77,646,0,0.06404657933042213,0,0.5
5,5,46,dummy_prior,83,621,0,0.06404657933042213,0,0.5
5,5,46,dummy_prior,96,701,1,0.06404657933042213,0,0.5
5,5,46,dummy_prior,97,678,0,0.06404657933042213,0,0.5
5,5,46,dummy_prior,108,611,0,0.06404657933042213,0,0.5
5,5,46,dummy_prior,109,612,0,0.06404657933042213,0,0.5
5,5,46,dummy_prior,116,597,0,0.06404657933042213,0,0.5
5,5,46,dummy_prior,130,492,0,0.06404657933042213,0,0.5
5,5,46,dummy_prior,134,568,0,0.06404657933042213,0,0.5
5,5,46,dummy_prior,136,586,0,0.06404657933042213,0,0.5
5,5,46,dummy_prior,140,553,0,0.06404657933042213,0,0.5
5,5,46,dummy_prior,143,480,0,0.06404657933042213,0,0.5
5,5,46,dummy_prior,149,594,0,0.06404657933042213,0,0.5
5,5,46,dummy_prior,151,551,0,0.06404657933042213,0,0.5
5,5,46,dummy_prior,157,545,0,0.06404657933042213,0,0.5
5,5,46,dummy_prior,159,463,0,0.06404657933042213,0,0.5
5,5,46,dummy_prior,161,490,0,0.06404657933042213,0,0.5
5,5,46,dummy_prior,167,461,0,0.06404657933042213,0,0.5
5,5,46,dummy_prior,168,535,0,0.06404657933042213,0,0.5
5,5,46,dummy_prior,174,499,0,0.06404657933042213,0,0.5
5,5,46,dummy_prior,188,475,0,0.06404657933042213,0,0.5
5,5,46,dummy_prior,197,442,0,0.06404657933042213,0,0.5
5,5,46,dummy_prior,199,460,0,0.06404657933042213,0,0.5
5,5,46,dummy_prior,209,387,0,0.06404657933042213,0,0.5
5,5,46,dummy_prior,220,406,0,0.06404657933042213,0,0.5
5,5,46,dummy_prior,223,278,0,0.06404657933042213,0,0.5
5,5,46,dummy_prior,229,466,0,0.06404657933042213,0,0.5
5,5,46,dummy_prior,234,406,0,0.06404657933042213,0,0.5
5,5,46,dummy_prior,235,378,0,0.06404657933042213,0,0.5
5,5,46,dummy_prior,246,487,0,0.06404657933042213,0,0.5
5,5,46,dummy_prior,250,379,0,0.06404657933042213,0,0.5
5,5,46,dummy_prior,255,379,0,0.06404657933042213,0,0.5
5,5,46,dummy_prior,261,227,0,0.06404657933042213,0,0.5
5,5,46,dummy_prior,270,211,0,0.06404657933042213,0,0.5
5,5,46,dummy_prior,271,359,0,0.06404657933042213,0,0.5
5,5,46,dummy_prior,279,263,0,0.06404657933042213,0,0.5
5,5,46,dummy_prior,282,219,0,0.06404657933042213,0,0.5
5,5,46,dummy_prior,283,389,0,0.06404657933042213,0,0.5
5,5,46,dummy_prior,291,289,0,0.06404657933042213,0,0.5
5,5,46,dummy_prior,296,358,0,0.06404657933042213,0,0.5
5,5,46,dummy_prior,298,333,0,0.06404657933042213,0,0.5
5,5,46,dummy_prior,300,301,0,0.06404657933042213,0,0.5
5,5,46,dummy_prior,301,202,0,0.06404657933042213,0,0.5
5,5,46,dummy_prior,309,322,0,0.06404657933042213,0,0.5
5,5,46,dummy_prior,313,370,0,0.06404657933042213,0,0.5
5,5,46,dummy_prior,330,207,0,0.06404657933042213,0,0.5
5,5,46,dummy_prior,336,251,0,0.06404657933042213,0,0.5
5,5,46,dummy_prior,337,818,0,0.06404657933042213,0,0.5
5,5,46,dummy_prior,339,182,0,0.06404657933042213,0,0.5
5,5,46,dummy_prior,346,149,0,0.06404657933042213,0,0.5
5,5,46,dummy_prior,347,131,0,0.06404657933042213,0,0.5
5,5,46,dummy_prior,353,223,0,0.06404657933042213,0,0.5
5,5,46,dummy_prior,357,258,0,0.06404657933042213,0,0.5
5,5,46,dummy_prior,360,339,0,0.06404657933042213,0,0.5
5,5,46,dummy_prior,365,178,0,0.06404657933042213,0,0.5
5,5,46,dummy_prior,373,312,0,0.06404657933042213,0,0.5
5,5,46,dummy_prior,376,786,0,0.06404657933042213,0,0.5
5,5,46,dummy_prior,377,172,1,0.06404657933042213,0,0.5
5,5,46,dummy_prior,378,86,0,0.06404657933042213,0,0.5
5,5,46,dummy_prior,380,103,0,0.06404657933042213,0,0.5
5,5,46,dummy_prior,384,78,0,0.06404657933042213,0,0.5
5,5,46,dummy_prior,392,120,0,0.06404657933042213,0,0.5
5,5,46,dummy_prior,404,88,0,0.06404657933042213,0,0.5
5,5,46,dummy_prior,407,57,0,0.06404657933042213,0,0.5
5,5,46,dummy_prior,414,186,0,0.06404657933042213,0,0.5
5,5,46,dummy_prior,419,149,0,0.06404657933042213,0,0.5
5,5,46,dummy_prior,430,153,0,0.06404657933042213,0,0.5
5,5,46,dummy_prior,438,195,0,0.06404657933042213,0,0.5
5,5,46,dummy_prior,445,36,0,0.06404657933042213,0,0.5
5,5,46,dummy_prior,450,34,0,0.06404657933042213,0,0.5
5,5,46,dummy_prior,451,32,0,0.06404657933042213,0,0.5
5,5,46,dummy_prior,470,764,0,0.06404657933042213,0,0.5
5,5,46,dummy_prior,480,575,0,0.06404657933042213,0,0.5
5,5,46,dummy_prior,493,86,0,0.06404657933042213,0,0.5
5,5,46,dummy_prior,503,735,0,0.06404657933042213,0,0.5
5,5,46,dummy_prior,505,306,0,0.06404657933042213,0,0.5
5,5,46,dummy_prior,511,38,0,0.06404657933042213,0,0.5
5,5,46,dummy_prior,512,671,0,0.06404657933042213,0,0.5
5,5,46,dummy_prior,514,476,0,0.06404657933042213,0,0.5
5,5,46,dummy_prior,520,53,0,0.06404657933042213,0,0.5
5,5,46,dummy_prior,521,791,0,0.06404657933042213,0,0.5
5,5,46,dummy_prior,528,547,0,0.06404657933042213,0,0.5
5,5,46,dummy_prior,533,425,0,0.06404657933042213,0,0.5
5,5,46,dummy_prior,537,365,0,0.06404657933042213,0,0.5
5,5,46,dummy_prior,542,146,0,0.06404657933042213,0,0.5
5,5,46,dummy_prior,555,435,0,0.06404657933042213,0,0.5
5,5,46,dummy_prior,556,772,0,0.06404657933042213,0,0.5
5,5,46,dummy_prior,559,162,0,0.06404657933042213,0,0.5
5,5,46,dummy_prior,561,208,0,0.06404657933042213,0,0.5
5,5,46,dummy_prior,567,383,0,0.06404657933042213,0,0.5
5,5,46,dummy_prior,569,802,0,0.06404657933042213,0,0.5
5,5,46,dummy_prior,573,523,0,0.06404657933042213,0,0.5
5,5,46,dummy_prior,576,464,0,0.06404657933042213,0,0.5
5,5,46,dummy_prior,583,315,0,0.06404657933042213,0,0.5
5,5,46,dummy_prior,591,244,0,0.06404657933042213,0,0.5
5,5,46,dummy_prior,596,83,0,0.06404657933042213,0,0.5
5,5,46,dummy_prior,600,506,0,0.06404657933042213,0,0.5
5,5,46,dummy_prior,604,318,0,0.06404657933042213,0,0.5
5,5,46,dummy_prior,611,311,0,0.06404657933042213,0,0.5
5,5,46,dummy_prior,620,363,0,0.06404657933042213,0,0.5
5,5,46,dummy_prior,623,250,0,0.06404657933042213,0,0.5
5,5,46,dummy_prior,628,779,0,0.06404657933042213,0,0.5
5,5,46,dummy_prior,630,424,0,0.06404657933042213,0,0.5
5,5,46,dummy_prior,633,261,0,0.06404657933042213,0,0.5
5,5,46,dummy_prior,636,741,0,0.06404657933042213,0,0.5
5,5,46,dummy_prior,640,625,0,0.06404657933042213,0,0.5
5,5,46,dummy_prior,655,236,1,0.06404657933042213,0,0.5
5,5,46,dummy_prior,656,294,0,0.06404657933042213,0,0.5
5,5,46,dummy_prior,668,830,0,0.06404657933042213,0,0.5
5,5,46,dummy_prior,669,755,0,0.06404657933042213,0,0.5
5,5,46,dummy_prior,670,817,1,0.06404657933042213,0,0.5
5,5,46,dummy_prior,671,824,1,0.06404657933042213,0,0.5
5,5,46,dummy_prior,672,0,0,0.06404657933042213,0,0.5
5,5,46,dummy_prior,674,795,0,0.06404657933042213,0,0.5
5,5,46,dummy_prior,682,827,0,0.06404657933042213,0,0.5
5,5,46,dummy_prior,683,762,0,0.06404657933042213,0,0.5
5,5,46,dummy_prior,690,8,0,0.06404657933042213,0,0.5
5,5,46,dummy_prior,699,111,0,0.06404657933042213,0,0.5
5,5,46,dummy_prior,701,524,0,0.06404657933042213,0,0.5
5,5,46,dummy_prior,709,374,0,0.06404657933042213,0,0.5
5,5,46,dummy_prior,711,128,0,0.06404657933042213,0,0.5
5,5,46,dummy_prior,712,317,0,0.06404657933042213,0,0.5
5,5,46,dummy_prior,717,731,0,0.06404657933042213,0,0.5
5,5,46,dummy_prior,718,246,0,0.06404657933042213,0,0.5
5,5,46,dummy_prior,729,327,0,0.06404657933042213,0,0.5
5,5,46,dummy_prior,735,6,0,0.06404657933042213,0,0.5
5,5,46,dummy_prior,738,477,0,0.06404657933042213,0,0.5
5,5,46,dummy_prior,739,495,1,0.06404657933042213,0,0.5
5,5,46,dummy_prior,741,129,0,0.06404657933042213,0,0.5
5,5,46,dummy_prior,753,166,1,0.06404657933042213,0,0.5
5,5,46,dummy_prior,754,508,1,0.06404657933042213,0,0.5
5,5,46,dummy_prior,770,357,0,0.06404657933042213,0,0.5
5,5,46,dummy_prior,771,661,0,0.06404657933042213,0,0.5
5,5,46,dummy_prior,777,744,0,0.06404657933042213,0,0.5
5,5,46,dummy_prior,781,642,1,0.06404657933042213,0,0.5
5,5,46,dummy_prior,785,480,0,0.06404657933042213,0,0.5
5,5,46,dummy_prior,789,164,0,0.06404657933042213,0,0.5
5,5,46,dummy_prior,791,15,0,0.06404657933042213,0,0.5
5,5,46,dummy_prior,792,314,0,0.06404657933042213,0,0.5
5,5,46,dummy_prior,797,645,1,0.06404657933042213,0,0.5
5,5,46,dummy_prior,801,691,0,0.06404657933042213,0,0.5
5,5,46,dummy_prior,803,106,0,0.06404657933042213,0,0.5
5,5,46,dummy_prior,804,543,0,0.06404657933042213,0,0.5
5,5,46,dummy_prior,805,668,0,0.06404657933042213,0,0.5
5,5,46,dummy_prior,810,116,0,0.06404657933042213,0,0.5
5,5,46,dummy_prior,813,163,0,0.06404657933042213,0,0.5
5,5,46,dummy_prior,822,726,0,0.06404657933042213,0,0.5
5,5,46,dummy_prior,826,650,0,0.06404657933042213,0,0.5
5,5,46,dummy_prior,837,606,0,0.06404657933042213,0,0.5
5,5,46,dummy_prior,845,132,0,0.06404657933042213,0,0.5
5,5,46,dummy_prior,846,680,0,0.06404657933042213,0,0.5
5,5,46,dummy_prior,847,574,0,0.06404657933042213,0,0.5
5,5,46,dummy_prior,853,672,0,0.06404657933042213,0,0.5
5,5,46,logistic_regression,3,825,0,0.2884951444933711,0,0.5
5,5,46,logistic_regression,4,816,0,0.6498882413214484,1,0.5
5,5,46,logistic_regression,6,823,1,0.5247740269875711,1,0.5
5,5,46,logistic_regression,12,812,0,0.6438111931080441,1,0.5
5,5,46,logistic_regression,14,798,0,0.46113833801682524,0,0.5
5,5,46,logistic_regression,17,799,0,0.5672715676917042,1,0.5
5,5,46,logistic_regression,20,797,0,0.6547502998303746,1,0.5
5,5,46,logistic_regression,31,771,0,0.6638389943532176,1,0.5
5,5,46,logistic_regression,35,737,0,0.5680580547230615,1,0.5
5,5,46,logistic_regression,45,709,0,0.5020144799552048,1,0.5
5,5,46,logistic_regression,46,716,0,0.18374389632185484,0,0.5
5,5,46,logistic_regression,48,780,0,0.36305690205054686,0,0.5
5,5,46,logistic_regression,50,721,0,0.543956124632196,1,0.5
5,5,46,logistic_regression,57,647,0,0.46981708625454244,0,0.5
5,5,46,logistic_regression,58,683,0,0.5162363941621089,1,0.5
5,5,46,logistic_regression,69,705,0,0.4482125447557431,0,0.5
5,5,46,logistic_regression,70,727,0,0.6456409136741322,1,0.5
5,5,46,logistic_regression,74,681,0,0.18936696390779853,0,0.5
5,5,46,logistic_regression,77,646,0,0.45973653220064825,0,0.5
5,5,46,logistic_regression,83,621,0,0.5508629762527951,1,0.5
5,5,46,logistic_regression,96,701,1,0.6621461487384718,1,0.5
5,5,46,logistic_regression,97,678,0,0.4766744204777035,0,0.5
5,5,46,logistic_regression,108,611,0,0.5793221510347055,1,0.5
5,5,46,logistic_regression,109,612,0,0.17627445089826663,0,0.5
5,5,46,logistic_regression,116,597,0,0.4377227575642536,0,0.5
5,5,46,logistic_regression,130,492,0,0.5677404103349312,1,0.5
5,5,46,logistic_regression,134,568,0,0.8708449333529762,1,0.5
5,5,46,logistic_regression,136,586,0,0.1914068906133266,0,0.5
5,5,46,logistic_regression,140,553,0,0.42364664233096594,0,0.5
5,5,46,logistic_regression,143,480,0,0.18682229649113555,0,0.5
5,5,46,logistic_regression,149,594,0,0.2140688388761693,0,0.5
5,5,46,logistic_regression,151,551,0,0.4375644993303776,0,0.5
5,5,46,logistic_regression,157,545,0,0.4499471265417372,0,0.5
5,5,46,logistic_regression,159,463,0,0.5395188405785453,1,0.5
5,5,46,logistic_regression,161,490,0,0.5281594834955876,1,0.5
5,5,46,logistic_regression,167,461,0,0.6414714897752749,1,0.5
5,5,46,logistic_regression,168,535,0,0.4921007419978335,0,0.5
5,5,46,logistic_regression,174,499,0,0.37692082651438147,0,0.5
5,5,46,logistic_regression,188,475,0,0.4890705323771362,0,0.5
5,5,46,logistic_regression,197,442,0,0.590553742258937,1,0.5
5,5,46,logistic_regression,199,460,0,0.43825726783710284,0,0.5
5,5,46,logistic_regression,209,387,0,0.5693595935316151,1,0.5
5,5,46,logistic_regression,220,406,0,0.150486472175992,0,0.5
5,5,46,logistic_regression,223,278,0,0.4648340014237309,0,0.5
5,5,46,logistic_regression,229,466,0,0.5579471325447266,1,0.5
5,5,46,logistic_regression,234,406,0,0.150486472175992,0,0.5
5,5,46,logistic_regression,235,378,0,0.44977286469589595,0,0.5
5,5,46,logistic_regression,246,487,0,0.5417309301988291,1,0.5
5,5,46,logistic_regression,250,379,0,0.45839691648849806,0,0.5
5,5,46,logistic_regression,255,379,0,0.45839691648849806,0,0.5
5,5,46,logistic_regression,261,227,0,0.4300911548018323,0,0.5
5,5,46,logistic_regression,270,211,0,0.4577139211737904,0,0.5
5,5,46,logistic_regression,271,359,0,0.1888181474760294,0,0.5
5,5,46,logistic_regression,279,263,0,0.04307269227322592,0,0.5
5,5,46,logistic_regression,282,219,0,0.4933501259355866,0,0.5
5,5,46,logistic_regression,283,389,0,0.506234089018453,1,0.5
5,5,46,logistic_regression,291,289,0,0.4687111119486781,0,0.5
5,5,46,logistic_regression,296,358,0,0.4273777743539109,0,0.5
5,5,46,logistic_regression,298,333,0,0.47473904001101125,0,0.5
5,5,46,logistic_regression,300,301,0,0.5345686889530246,1,0.5
5,5,46,logistic_regression,301,202,0,0.36632388601960686,0,0.5
5,5,46,logistic_regression,309,322,0,0.47104473078143,0,0.5
5,5,46,logistic_regression,313,370,0,0.4837339607652446,0,0.5
5,5,46,logistic_regression,330,207,0,0.1835885212270757,0,0.5
5,5,46,logistic_regression,336,251,0,0.5429907966371303,1,0.5
5,5,46,logistic_regression,337,818,0,0.5963382453148912,1,0.5
5,5,46,logistic_regression,339,182,0,0.44516027121128643,0,0.5
5,5,46,logistic_regression,346,149,0,0.18410731270795114,0,0.5
5,5,46,logistic_regression,347,131,0,0.4674955347778952,0,0.5
5,5,46,logistic_regression,353,223,0,0.1929288799898116,0,0.5
5,5,46,logistic_regression,357,258,0,0.187764874705915,0,0.5
5,5,46,logistic_regression,360,339,0,0.49040643498098335,0,0.5
5,5,46,logistic_regression,365,178,0,0.6237075185475563,1,0.5
5,5,46,logistic_regression,373,312,0,0.460897704720162,0,0.5
5,5,46,logistic_regression,376,786,0,0.7855900204719077,1,0.5
5,5,46,logistic_regression,377,172,1,0.4356315949843926,0,0.5
5,5,46,logistic_regression,378,86,0,0.43243018867811134,0,0.5
5,5,46,logistic_regression,380,103,0,0.41912250255549327,0,0.5
5,5,46,logistic_regression,384,78,0,0.732509912156387,1,0.5
5,5,46,logistic_regression,392,120,0,0.4311814300958309,0,0.5
5,5,46,logistic_regression,404,88,0,0.44531248289652015,0,0.5
5,5,46,logistic_regression,407,57,0,0.8019012517285526,1,0.5
5,5,46,logistic_regression,414,186,0,0.3910870044240076,0,0.5
5,5,46,logistic_regression,419,149,0,0.18410731270795114,0,0.5
5,5,46,logistic_regression,430,153,0,0.4527538301868997,0,0.5
5,5,46,logistic_regression,438,195,0,0.4403813614057052,0,0.5
5,5,46,logistic_regression,445,36,0,0.18444724856925998,0,0.5
5,5,46,logistic_regression,450,34,0,0.47183860220263607,0,0.5
5,5,46,logistic_regression,451,32,0,0.1337804108715755,0,0.5
5,5,46,logistic_regression,470,764,0,0.5121617139701817,1,0.5
5,5,46,logistic_regression,480,575,0,0.13284685328586499,0,0.5
5,5,46,logistic_regression,493,86,0,0.43243018867811134,0,0.5
5,5,46,logistic_regression,503,735,0,0.606847589584359,1,0.5
5,5,46,logistic_regression,505,306,0,0.1974356605757837,0,0.5
5,5,46,logistic_regression,511,38,0,0.44915718586811,0,0.5
5,5,46,logistic_regression,512,671,0,0.15038193195841365,0,0.5
5,5,46,logistic_regression,514,476,0,0.4488915252614168,0,0.5
5,5,46,logistic_regression,520,53,0,0.4756619173920303,0,0.5
5,5,46,logistic_regression,521,791,0,0.5072366019718563,1,0.5
5,5,46,logistic_regression,528,547,0,0.19771088373094203,0,0.5
5,5,46,logistic_regression,533,425,0,0.424511654619148,0,0.5
5,5,46,logistic_regression,537,365,0,0.39934162629207687,0,0.5
5,5,46,logistic_regression,542,146,0,0.18278655438705493,0,0.5
5,5,46,logistic_regression,555,435,0,0.4740471883864983,0,0.5
5,5,46,logistic_regression,556,772,0,0.7560544463028146,1,0.5
5,5,46,logistic_regression,559,162,0,0.44369714522075687,0,0.5
5,5,46,logistic_regression,561,208,0,0.46408502883087466,0,0.5
5,5,46,logistic_regression,567,383,0,0.5907174501004498,1,0.5
5,5,46,logistic_regression,569,802,0,0.41059701722619985,0,0.5
5,5,46,logistic_regression,573,523,0,0.455541430386974,0,0.5
5,5,46,logistic_regression,576,464,0,0.1905368744762836,0,0.5
5,5,46,logistic_regression,583,315,0,0.42900155714707294,0,0.5
5,5,46,logistic_regression,591,244,0,0.4485970362514084,0,0.5
5,5,46,logistic_regression,596,83,0,0.44625883455234616,0,0.5
5,5,46,logistic_regression,600,506,0,0.4208986096847445,0,0.5
5,5,46,logistic_regression,604,318,0,0.4405841984578057,0,0.5
5,5,46,logistic_regression,611,311,0,0.425576349786326,0,0.5
5,5,46,logistic_regression,620,363,0,0.4367552806524777,0,0.5
5,5,46,logistic_regression,623,250,0,0.49994757977743365,0,0.5
5,5,46,logistic_regression,628,779,0,0.7330079912517751,1,0.5
5,5,46,logistic_regression,630,424,0,0.5241936180750302,1,0.5
5,5,46,logistic_regression,633,261,0,0.19029699928605437,0,0.5
5,5,46,logistic_regression,636,741,0,0.47060412332198387,0,0.5
5,5,46,logistic_regression,640,625,0,0.5633895774567789,1,0.5
5,5,46,logistic_regression,655,236,1,0.41568429694808584,0,0.5
5,5,46,logistic_regression,656,294,0,0.4804637434641259,0,0.5
5,5,46,logistic_regression,668,830,0,0.5650202816751255,1,0.5
5,5,46,logistic_regression,669,755,0,0.16408074927113583,0,0.5
5,5,46,logistic_regression,670,817,1,0.6971836924310156,1,0.5
5,5,46,logistic_regression,671,824,1,0.4268485906601052,0,0.5
5,5,46,logistic_regression,672,0,0,0.42431262443690915,0,0.5
5,5,46,logistic_regression,674,795,0,0.7648206144137499,1,0.5
5,5,46,logistic_regression,682,827,0,0.5694689408788448,1,0.5
5,5,46,logistic_regression,683,762,0,0.5600575855728123,1,0.5
5,5,46,logistic_regression,690,8,0,0.6204351659740024,1,0.5
5,5,46,logistic_regression,699,111,0,0.5587226113410196,1,0.5
5,5,46,logistic_regression,701,524,0,0.3028796389436131,0,0.5
5,5,46,logistic_regression,709,374,0,0.5555910063054985,1,0.5
5,5,46,logistic_regression,711,128,0,0.46878520213246,0,0.5
5,5,46,logistic_regression,712,317,0,0.385490410840403,0,0.5
5,5,46,logistic_regression,717,731,0,0.6879035114295868,1,0.5
5,5,46,logistic_regression,718,246,0,0.427689157131911,0,0.5
5,5,46,logistic_regression,729,327,0,0.45161147901356186,0,0.5
5,5,46,logistic_regression,735,6,0,0.16300051149230319,0,0.5
5,5,46,logistic_regression,738,477,0,0.43801376057145985,0,0.5
5,5,46,logistic_regression,739,495,1,0.690100277187882,1,0.5
5,5,46,logistic_regression,741,129,0,0.19257485584788456,0,0.5
5,5,46,logistic_regression,753,166,1,0.6150549523926158,1,0.5
5,5,46,logistic_regression,754,508,1,0.46303104527377437,0,0.5
5,5,46,logistic_regression,770,357,0,0.12654120679229866,0,0.5
5,5,46,logistic_regression,771,661,0,0.1957307513817752,0,0.5
5,5,46,logistic_regression,777,744,0,0.41105726629054284,0,0.5
5,5,46,logistic_regression,781,642,1,0.13543246684878857,0,0.5
5,5,46,logistic_regression,785,480,0,0.18682229649113552,0,0.5
5,5,46,logistic_regression,789,164,0,0.7194663986339487,1,0.5
5,5,46,logistic_regression,791,15,0,0.4476692723573264,0,0.5
5,5,46,logistic_regression,792,314,0,0.1637169280509288,0,0.5
5,5,46,logistic_regression,797,645,1,0.5056712852862956,1,0.5
5,5,46,logistic_regression,801,691,0,0.497320811164248,0,0.5
5,5,46,logistic_regression,803,106,0,0.42951150329158594,0,0.5
5,5,46,logistic_regression,804,543,0,0.4167901224744896,0,0.5
5,5,46,logistic_regression,805,668,0,0.5378545295059692,1,0.5
5,5,46,logistic_regression,810,116,0,0.6280472047656958,1,0.5
5,5,46,logistic_regression,813,163,0,0.6257486947675471,1,0.5
5,5,46,logistic_regression,822,726,0,0.37215922829702797,0,0.5
5,5,46,logistic_regression,826,650,0,0.5486351185989765,1,0.5
5,5,46,logistic_regression,837,606,0,0.23669544435413123,0,0.5
5,5,46,logistic_regression,845,132,0,0.47056968639846564,0,0.5
5,5,46,logistic_regression,846,680,0,0.42384956878730057,0,0.5
5,5,46,logistic_regression,847,574,0,0.41892942132281535,0,0.5
5,5,46,logistic_regression,853,672,0,0.4098527678009661,0,0.5
5,5,46,xgboost,3,825,0,0.3243386447429657,0,0.5
5,5,46,xgboost,4,816,0,0.5762051939964294,1,0.5
5,5,46,xgboost,6,823,1,0.11781638860702515,0,0.5
5,5,46,xgboost,12,812,0,0.31417062878608704,0,0.5
5,5,46,xgboost,14,798,0,0.14032942056655884,0,0.5
5,5,46,xgboost,17,799,0,0.14338678121566772,0,0.5
5,5,46,xgboost,20,797,0,0.693964421749115,1,0.5
5,5,46,xgboost,31,771,0,0.4657358229160309,0,0.5
5,5,46,xgboost,35,737,0,0.20988807082176208,0,0.5
5,5,46,xgboost,45,709,0,0.42711591720581055,0,0.5
5,5,46,xgboost,46,716,0,0.4408893585205078,0,0.5
5,5,46,xgboost,48,780,0,0.31107765436172485,0,0.5
5,5,46,xgboost,50,721,0,0.4367277920246124,0,0.5
5,5,46,xgboost,57,647,0,0.17413029074668884,0,0.5
5,5,46,xgboost,58,683,0,0.2448529452085495,0,0.5
5,5,46,xgboost,69,705,0,0.38997191190719604,0,0.5
5,5,46,xgboost,70,727,0,0.6474458575248718,1,0.5
5,5,46,xgboost,74,681,0,0.11198455095291138,0,0.5
5,5,46,xgboost,77,646,0,0.2380499541759491,0,0.5
5,5,46,xgboost,83,621,0,0.43114495277404785,0,0.5
5,5,46,xgboost,96,701,1,0.41852816939353943,0,0.5
5,5,46,xgboost,97,678,0,0.46765828132629395,0,0.5
5,5,46,xgboost,108,611,0,0.47894424200057983,0,0.5
5,5,46,xgboost,109,612,0,0.08671683073043823,0,0.5
5,5,46,xgboost,116,597,0,0.4669264256954193,0,0.5
5,5,46,xgboost,130,492,0,0.22830000519752502,0,0.5
5,5,46,xgboost,134,568,0,0.4317845404148102,0,0.5
5,5,46,xgboost,136,586,0,0.14905692636966705,0,0.5
5,5,46,xgboost,140,553,0,0.23691312968730927,0,0.5
5,5,46,xgboost,143,480,0,0.12237193435430527,0,0.5
5,5,46,xgboost,149,594,0,0.08712112903594971,0,0.5
5,5,46,xgboost,151,551,0,0.4518027901649475,0,0.5
5,5,46,xgboost,157,545,0,0.4513151943683624,0,0.5
5,5,46,xgboost,159,463,0,0.4407420754432678,0,0.5
5,5,46,xgboost,161,490,0,0.4513151943683624,0,0.5
5,5,46,xgboost,167,461,0,0.5867266654968262,1,0.5
5,5,46,xgboost,168,535,0,0.4646582305431366,0,0.5
5,5,46,xgboost,174,499,0,0.18833401799201965,0,0.5
5,5,46,xgboost,188,475,0,0.4875399172306061,0,0.5
5,5,46,xgboost,197,442,0,0.5126071572303772,1,0.5
5,5,46,xgboost,199,460,0,0.4752809405326843,0,0.5
5,5,46,xgboost,209,387,0,0.5309922695159912,1,0.5
5,5,46,xgboost,220,406,0,0.11038140207529068,0,0.5
5,5,46,xgboost,223,278,0,0.2926556468009949,0,0.5
5,5,46,xgboost,229,466,0,0.44928908348083496,0,0.5
5,5,46,xgboost,234,406,0,0.11038140207529068,0,0.5
5,5,46,xgboost,235,378,0,0.3633214235305786,0,0.5
5,5,46,xgboost,246,487,0,0.4407420754432678,0,0.5
5,5,46,xgboost,250,379,0,0.473213255405426,0,0.5
5,5,46,xgboost,255,379,0,0.473213255405426,0,0.5
5,5,46,xgboost,261,227,0,0.4729609787464142,0,0.5
5,5,46,xgboost,270,211,0,0.5005296468734741,1,0.5
5,5,46,xgboost,271,359,0,0.11299547553062439,0,0.5
5,5,46,xgboost,279,263,0,0.10905662924051285,0,0.5
5,5,46,xgboost,282,219,0,0.4669030010700226,0,0.5
5,5,46,xgboost,283,389,0,0.4736488461494446,0,0.5
5,5,46,xgboost,291,289,0,0.4776098132133484,0,0.5
5,5,46,xgboost,296,358,0,0.3659980595111847,0,0.5
5,5,46,xgboost,298,333,0,0.45270630717277527,0,0.5
5,5,46,xgboost,300,301,0,0.40083378553390503,0,0.5
5,5,46,xgboost,301,202,0,0.43558186292648315,0,0.5
5,5,46,xgboost,309,322,0,0.22406341135501862,0,0.5
5,5,46,xgboost,313,370,0,0.47254812717437744,0,0.5
5,5,46,xgboost,330,207,0,0.13865239918231964,0,0.5
5,5,46,xgboost,336,251,0,0.5663713812828064,1,0.5
5,5,46,xgboost,337,818,0,0.12293000519275665,0,0.5
5,5,46,xgboost,339,182,0,0.40764132142066956,0,0.5
5,5,46,xgboost,346,149,0,0.10832847654819489,0,0.5
5,5,46,xgboost,347,131,0,0.5203506946563721,1,0.5
5,5,46,xgboost,353,223,0,0.10871852934360504,0,0.5
5,5,46,xgboost,357,258,0,0.16235233843326569,0,0.5
5,5,46,xgboost,360,339,0,0.38295164704322815,0,0.5
5,5,46,xgboost,365,178,0,0.5866839289665222,1,0.5
5,5,46,xgboost,373,312,0,0.48384565114974976,0,0.5
5,5,46,xgboost,376,786,0,0.3421846628189087,0,0.5
5,5,46,xgboost,377,172,1,0.3949127197265625,0,0.5
5,5,46,xgboost,378,86,0,0.3902358412742615,0,0.5
5,5,46,xgboost,380,103,0,0.3828296661376953,0,0.5
5,5,46,xgboost,384,78,0,0.5850014686584473,1,0.5
5,5,46,xgboost,392,120,0,0.41252294182777405,0,0.5
5,5,46,xgboost,404,88,0,0.40865999460220337,0,0.5
5,5,46,xgboost,407,57,0,0.38511624932289124,0,0.5
5,5,46,xgboost,414,186,0,0.48050862550735474,0,0.5
5,5,46,xgboost,419,149,0,0.10832847654819489,0,0.5
5,5,46,xgboost,430,153,0,0.5191696286201477,1,0.5
5,5,46,xgboost,438,195,0,0.5603970289230347,1,0.5
5,5,46,xgboost,445,36,0,0.07796287536621094,0,0.5
5,5,46,xgboost,450,34,0,0.2250879853963852,0,0.5
5,5,46,xgboost,451,32,0,0.2617100477218628,0,0.5
5,5,46,xgboost,470,764,0,0.46805545687675476,0,0.5
5,5,46,xgboost,480,575,0,0.1016765683889389,0,0.5
5,5,46,xgboost,493,86,0,0.3902358412742615,0,0.5
5,5,46,xgboost,503,735,0,0.16538482904434204,0,0.5
5,5,46,xgboost,505,306,0,0.11425603926181793,0,0.5
5,5,46,xgboost,511,38,0,0.27070629596710205,0,0.5
5,5,46,xgboost,512,671,0,0.06877447664737701,0,0.5
5,5,46,xgboost,514,476,0,0.2737590968608856,0,0.5
5,5,46,xgboost,520,53,0,0.25625118613243103,0,0.5
5,5,46,xgboost,521,791,0,0.37271004915237427,0,0.5
5,5,46,xgboost,528,547,0,0.12432131916284561,0,0.5
5,5,46,xgboost,533,425,0,0.34477707743644714,0,0.5
5,5,46,xgboost,537,365,0,0.34895840287208557,0,0.5
5,5,46,xgboost,542,146,0,0.12780562043190002,0,0.5
5,5,46,xgboost,555,435,0,0.5179669857025146,1,0.5
5,5,46,xgboost,556,772,0,0.6665443181991577,1,0.5
5,5,46,xgboost,559,162,0,0.4414055049419403,0,0.5
5,5,46,xgboost,561,208,0,0.5568047165870667,1,0.5
5,5,46,xgboost,567,383,0,0.6003471612930298,1,0.5
5,5,46,xgboost,569,802,0,0.16837117075920105,0,0.5
5,5,46,xgboost,573,523,0,0.47725892066955566,0,0.5
5,5,46,xgboost,576,464,0,0.09631139039993286,0,0.5
5,5,46,xgboost,583,315,0,0.3824518322944641,0,0.5
5,5,46,xgboost,591,244,0,0.5446419715881348,1,0.5
5,5,46,xgboost,596,83,0,0.2993345558643341,0,0.5
5,5,46,xgboost,600,506,0,0.26099035143852234,0,0.5
5,5,46,xgboost,604,318,0,0.4781050384044647,0,0.5
5,5,46,xgboost,611,311,0,0.34218719601631165,0,0.5
5,5,46,xgboost,620,363,0,0.4744741916656494,0,0.5
5,5,46,xgboost,623,250,0,0.5656599402427673,1,0.5
5,5,46,xgboost,628,779,0,0.29386836290359497,0,0.5
5,5,46,xgboost,630,424,0,0.4750916063785553,0,0.5
5,5,46,xgboost,633,261,0,0.14542438089847565,0,0.5
5,5,46,xgboost,636,741,0,0.17957310378551483,0,0.5
5,5,46,xgboost,640,625,0,0.4722554385662079,0,0.5
5,5,46,xgboost,655,236,1,0.4747617840766907,0,0.5
5,5,46,xgboost,656,294,0,0.48804396390914917,0,0.5
5,5,46,xgboost,668,830,0,0.13137024641036987,0,0.5
5,5,46,xgboost,669,755,0,0.2382945865392685,0,0.5
5,5,46,xgboost,670,817,1,0.5749240517616272,1,0.5
5,5,46,xgboost,671,824,1,0.1391303837299347,0,0.5
5,5,46,xgboost,672,0,0,0.18956609070301056,0,0.5
5,5,46,xgboost,674,795,0,0.698801577091217,1,0.5
5,5,46,xgboost,682,827,0,0.13852868974208832,0,0.5
5,5,46,xgboost,683,762,0,0.43075835704803467,0,0.5
5,5,46,xgboost,690,8,0,0.3471786677837372,0,0.5
5,5,46,xgboost,699,111,0,0.4010859429836273,0,0.5
5,5,46,xgboost,701,524,0,0.13629941642284393,0,0.5
5,5,46,xgboost,709,374,0,0.46969932317733765,0,0.5
5,5,46,xgboost,711,128,0,0.36871588230133057,0,0.5
5,5,46,xgboost,712,317,0,0.3464367985725403,0,0.5
5,5,46,xgboost,717,731,0,0.7273980379104614,1,0.5
5,5,46,xgboost,718,246,0,0.49964475631713867,0,0.5
5,5,46,xgboost,729,327,0,0.29329732060432434,0,0.5
5,5,46,xgboost,735,6,0,0.065178781747818,0,0.5
5,5,46,xgboost,738,477,0,0.5075741410255432,1,0.5
5,5,46,xgboost,739,495,1,0.7303630113601685,1,0.5
5,5,46,xgboost,741,129,0,0.10201193392276764,0,0.5
5,5,46,xgboost,753,166,1,0.5454927086830139,1,0.5
5,5,46,xgboost,754,508,1,0.5370808839797974,1,0.5
5,5,46,xgboost,770,357,0,0.3254861831665039,0,0.5
5,5,46,xgboost,771,661,0,0.11797583103179932,0,0.5
5,5,46,xgboost,777,744,0,0.22751452028751373,0,0.5
5,5,46,xgboost,781,642,1,0.4669264256954193,0,0.5
5,5,46,xgboost,785,480,0,0.12237193435430527,0,0.5
5,5,46,xgboost,789,164,0,0.7288589477539062,1,0.5
5,5,46,xgboost,791,15,0,0.23849999904632568,0,0.5
5,5,46,xgboost,792,314,0,0.08851566165685654,0,0.5
5,5,46,xgboost,797,645,1,0.48107749223709106,0,0.5
5,5,46,xgboost,801,691,0,0.4880034327507019,0,0.5
5,5,46,xgboost,803,106,0,0.3651193380355835,0,0.5
5,5,46,xgboost,804,543,0,0.4426015615463257,0,0.5
5,5,46,xgboost,805,668,0,0.18485835194587708,0,0.5
5,5,46,xgboost,810,116,0,0.4947931468486786,0,0.5
5,5,46,xgboost,813,163,0,0.6784866452217102,1,0.5
5,5,46,xgboost,822,726,0,0.3915393352508545,0,0.5
5,5,46,xgboost,826,650,0,0.687798261642456,1,0.5
5,5,46,xgboost,837,606,0,0.3060262203216553,0,0.5
5,5,46,xgboost,845,132,0,0.49469125270843506,0,0.5
5,5,46,xgboost,846,680,0,0.33828940987586975,0,0.5
5,5,46,xgboost,847,574,0,0.26099035143852234,0,0.5
5,5,46,xgboost,853,672,0,0.346725732088089,0,0.5
