repeat,fold,random_state,model,row_position,group,observed_outcome,predicted_probability,predicted_class,threshold
1,1,42,dummy_prior,3,825,0,0.06466165413533835,0,0.5
1,1,42,dummy_prior,12,812,0,0.06466165413533835,0,0.5
1,1,42,dummy_prior,13,803,0,0.06466165413533835,0,0.5
1,1,42,dummy_prior,16,790,0,0.06466165413533835,0,0.5
1,1,42,dummy_prior,17,799,0,0.06466165413533835,0,0.5
1,1,42,dummy_prior,19,773,0,0.06466165413533835,0,0.5
1,1,42,dummy_prior,20,797,0,0.06466165413533835,0,0.5
1,1,42,dummy_prior,37,747,0,0.06466165413533835,0,0.5
1,1,42,dummy_prior,44,740,1,0.06466165413533835,0,0.5
1,1,42,dummy_prior,49,739,0,0.06466165413533835,0,0.5
1,1,42,dummy_prior,52,729,0,0.06466165413533835,0,0.5
1,1,42,dummy_prior,58,683,0,0.06466165413533835,0,0.5
1,1,42,dummy_prior,59,692,0,0.06466165413533835,0,0.5
1,1,42,dummy_prior,65,736,0,0.06466165413533835,0,0.5
1,1,42,dummy_prior,83,713,0,0.06466165413533835,0,0.5
1,1,42,dummy_prior,86,703,0,0.06466165413533835,0,0.5
1,1,42,dummy_prior,91,649,0,0.06466165413533835,0,0.5
1,1,42,dummy_prior,96,678,0,0.06466165413533835,0,0.5
1,1,42,dummy_prior,100,580,0,0.06466165413533835,0,0.5
1,1,42,dummy_prior,102,754,1,0.06466165413533835,0,0.5
1,1,42,dummy_prior,115,597,0,0.06466165413533835,0,0.5
1,1,42,dummy_prior,118,498,0,0.06466165413533835,0,0.5
1,1,42,dummy_prior,120,579,0,0.06466165413533835,0,0.5
1,1,42,dummy_prior,123,571,0,0.06466165413533835,0,0.5
1,1,42,dummy_prior,142,480,0,0.06466165413533835,0,0.5
1,1,42,dummy_prior,154,507,0,0.06466165413533835,0,0.5
1,1,42,dummy_prior,155,448,0,0.06466165413533835,0,0.5
1,1,42,dummy_prior,157,617,0,0.06466165413533835,0,0.5
1,1,42,dummy_prior,159,484,0,0.06466165413533835,0,0.5
1,1,42,dummy_prior,162,509,1,0.06466165413533835,0,0.5
1,1,42,dummy_prior,176,468,0,0.06466165413533835,0,0.5
1,1,42,dummy_prior,177,472,0,0.06466165413533835,0,0.5
1,1,42,dummy_prior,178,548,0,0.06466165413533835,0,0.5
1,1,42,dummy_prior,179,414,0,0.06466165413533835,0,0.5
1,1,42,dummy_prior,182,491,0,0.06466165413533835,0,0.5
1,1,42,dummy_prior,187,475,0,0.06466165413533835,0,0.5
1,1,42,dummy_prior,192,445,0,0.06466165413533835,0,0.5
1,1,42,dummy_prior,210,453,0,0.06466165413533835,0,0.5
1,1,42,dummy_prior,221,552,0,0.06466165413533835,0,0.5
1,1,42,dummy_prior,224,511,0,0.06466165413533835,0,0.5
1,1,42,dummy_prior,225,409,0,0.06466165413533835,0,0.5
1,1,42,dummy_prior,231,316,0,0.06466165413533835,0,0.5
1,1,42,dummy_prior,247,270,0,0.06466165413533835,0,0.5
1,1,42,dummy_prior,249,284,0,0.06466165413533835,0,0.5
1,1,42,dummy_prior,252,390,0,0.06466165413533835,0,0.5
1,1,42,dummy_prior,254,273,1,0.06466165413533835,0,0.5
1,1,42,dummy_prior,259,295,0,0.06466165413533835,0,0.5
1,1,42,dummy_prior,265,305,0,0.06466165413533835,0,0.5
1,1,42,dummy_prior,272,237,0,0.06466165413533835,0,0.5
1,1,42,dummy_prior,276,263,0,0.06466165413533835,0,0.5
1,1,42,dummy_prior,279,219,0,0.06466165413533835,0,0.5
1,1,42,dummy_prior,280,389,0,0.06466165413533835,0,0.5
1,1,42,dummy_prior,282,430,0,0.06466165413533835,0,0.5
1,1,42,dummy_prior,285,300,0,0.06466165413533835,0,0.5
1,1,42,dummy_prior,288,289,0,0.06466165413533835,0,0.5
1,1,42,dummy_prior,291,288,0,0.06466165413533835,0,0.5
1,1,42,dummy_prior,293,358,0,0.06466165413533835,0,0.5
1,1,42,dummy_prior,294,220,0,0.06466165413533835,0,0.5
1,1,42,dummy_prior,299,323,0,0.06466165413533835,0,0.5
1,1,42,dummy_prior,301,331,0,0.06466165413533835,0,0.5
1,1,42,dummy_prior,303,436,0,0.06466165413533835,0,0.5
1,1,42,dummy_prior,305,382,0,0.06466165413533835,0,0.5
1,1,42,dummy_prior,319,180,0,0.06466165413533835,0,0.5
1,1,42,dummy_prior,320,268,0,0.06466165413533835,0,0.5
1,1,42,dummy_prior,321,654,0,0.06466165413533835,0,0.5
1,1,42,dummy_prior,322,169,1,0.06466165413533835,0,0.5
1,1,42,dummy_prior,324,173,0,0.06466165413533835,0,0.5
1,1,42,dummy_prior,327,207,0,0.06466165413533835,0,0.5
1,1,42,dummy_prior,328,446,0,0.06466165413533835,0,0.5
1,1,42,dummy_prior,329,583,0,0.06466165413533835,0,0.5
1,1,42,dummy_prior,334,818,0,0.06466165413533835,0,0.5
1,1,42,dummy_prior,340,159,0,0.06466165413533835,0,0.5
1,1,42,dummy_prior,347,167,0,0.06466165413533835,0,0.5
1,1,42,dummy_prior,349,152,0,0.06466165413533835,0,0.5
1,1,42,dummy_prior,350,223,0,0.06466165413533835,0,0.5
1,1,42,dummy_prior,351,811,0,0.06466165413533835,0,0.5
1,1,42,dummy_prior,358,160,0,0.06466165413533835,0,0.5
1,1,42,dummy_prior,360,147,0,0.06466165413533835,0,0.5
1,1,42,dummy_prior,361,178,0,0.06466165413533835,0,0.5
1,1,42,dummy_prior,365,82,0,0.06466165413533835,0,0.5
1,1,42,dummy_prior,367,367,0,0.06466165413533835,0,0.5
1,1,42,dummy_prior,383,266,0,0.06466165413533835,0,0.5
1,1,42,dummy_prior,399,88,0,0.06466165413533835,0,0.5
1,1,42,dummy_prior,413,433,1,0.06466165413533835,0,0.5
1,1,42,dummy_prior,428,195,0,0.06466165413533835,0,0.5
1,1,42,dummy_prior,429,112,0,0.06466165413533835,0,0.5
1,1,42,dummy_prior,433,36,0,0.06466165413533835,0,0.5
1,1,42,dummy_prior,437,75,0,0.06466165413533835,0,0.5
1,1,42,dummy_prior,439,32,0,0.06466165413533835,0,0.5
1,1,42,dummy_prior,440,46,0,0.06466165413533835,0,0.5
1,1,42,dummy_prior,442,24,0,0.06466165413533835,0,0.5
1,1,42,dummy_prior,454,764,0,0.06466165413533835,0,0.5
1,1,42,dummy_prior,455,94,0,0.06466165413533835,0,0.5
1,1,42,dummy_prior,461,751,0,0.06466165413533835,0,0.5
1,1,42,dummy_prior,462,534,0,0.06466165413533835,0,0.5
1,1,42,dummy_prior,477,405,0,0.06466165413533835,0,0.5
1,1,42,dummy_prior,478,451,1,0.06466165413533835,0,0.5
1,1,42,dummy_prior,481,614,0,0.06466165413533835,0,0.5
1,1,42,dummy_prior,486,428,0,0.06466165413533835,0,0.5
1,1,42,dummy_prior,497,603,0,0.06466165413533835,0,0.5
1,1,42,dummy_prior,501,123,0,0.06466165413533835,0,0.5
1,1,42,dummy_prior,511,119,0,0.06466165413533835,0,0.5
1,1,42,dummy_prior,515,275,0,0.06466165413533835,0,0.5
1,1,42,dummy_prior,517,361,0,0.06466165413533835,0,0.5
1,1,42,dummy_prior,524,532,0,0.06466165413533835,0,0.5
1,1,42,dummy_prior,536,458,0,0.06466165413533835,0,0.5
1,1,42,dummy_prior,537,255,0,0.06466165413533835,0,0.5
1,1,42,dummy_prior,540,208,0,0.06466165413533835,0,0.5
1,1,42,dummy_prior,554,464,0,0.06466165413533835,0,0.5
1,1,42,dummy_prior,557,730,0,0.06466165413533835,0,0.5
1,1,42,dummy_prior,561,562,0,0.06466165413533835,0,0.5
1,1,42,dummy_prior,570,13,0,0.06466165413533835,0,0.5
1,1,42,dummy_prior,571,193,0,0.06466165413533835,0,0.5
1,1,42,dummy_prior,573,83,0,0.06466165413533835,0,0.5
1,1,42,dummy_prior,578,670,0,0.06466165413533835,0,0.5
1,1,42,dummy_prior,581,183,0,0.06466165413533835,0,0.5
1,1,42,dummy_prior,586,230,1,0.06466165413533835,0,0.5
1,1,42,dummy_prior,587,311,0,0.06466165413533835,0,0.5
1,1,42,dummy_prior,592,376,0,0.06466165413533835,0,0.5
1,1,42,dummy_prior,594,130,0,0.06466165413533835,0,0.5
1,1,42,dummy_prior,601,92,0,0.06466165413533835,0,0.5
1,1,42,dummy_prior,602,622,0,0.06466165413533835,0,0.5
1,1,42,dummy_prior,604,779,0,0.06466165413533835,0,0.5
1,1,42,dummy_prior,608,226,0,0.06466165413533835,0,0.5
1,1,42,dummy_prior,613,493,0,0.06466165413533835,0,0.5
1,1,42,dummy_prior,614,52,0,0.06466165413533835,0,0.5
1,1,42,dummy_prior,624,613,0,0.06466165413533835,0,0.5
1,1,42,dummy_prior,629,810,0,0.06466165413533835,0,0.5
1,1,42,dummy_prior,640,205,0,0.06466165413533835,0,0.5
1,1,42,dummy_prior,645,817,1,0.06466165413533835,0,0.5
1,1,42,dummy_prior,651,828,0,0.06466165413533835,0,0.5
1,1,42,dummy_prior,653,609,0,0.06466165413533835,0,0.5
1,1,42,dummy_prior,657,827,0,0.06466165413533835,0,0.5
1,1,42,dummy_prior,659,815,0,0.06466165413533835,0,0.5
1,1,42,dummy_prior,669,486,0,0.06466165413533835,0,0.5
1,1,42,dummy_prior,672,91,0,0.06466165413533835,0,0.5
1,1,42,dummy_prior,686,128,0,0.06466165413533835,0,0.5
1,1,42,dummy_prior,701,589,0,0.06466165413533835,0,0.5
1,1,42,dummy_prior,702,623,0,0.06466165413533835,0,0.5
1,1,42,dummy_prior,703,327,0,0.06466165413533835,0,0.5
1,1,42,dummy_prior,704,775,0,0.06466165413533835,0,0.5
1,1,42,dummy_prior,706,417,0,0.06466165413533835,0,0.5
1,1,42,dummy_prior,710,725,0,0.06466165413533835,0,0.5
1,1,42,dummy_prior,714,768,0,0.06466165413533835,0,0.5
1,1,42,dummy_prior,716,156,0,0.06466165413533835,0,0.5
1,1,42,dummy_prior,718,66,0,0.06466165413533835,0,0.5
1,1,42,dummy_prior,729,563,0,0.06466165413533835,0,0.5
1,1,42,dummy_prior,731,360,0,0.06466165413533835,0,0.5
1,1,42,dummy_prior,739,398,0,0.06466165413533835,0,0.5
1,1,42,dummy_prior,754,110,0,0.06466165413533835,0,0.5
1,1,42,dummy_prior,763,350,0,0.06466165413533835,0,0.5
1,1,42,dummy_prior,764,15,0,0.06466165413533835,0,0.5
1,1,42,dummy_prior,771,396,0,0.06466165413533835,0,0.5
1,1,42,dummy_prior,778,668,0,0.06466165413533835,0,0.5
1,1,42,dummy_prior,780,717,0,0.06466165413533835,0,0.5
1,1,42,dummy_prior,785,4,0,0.06466165413533835,0,0.5
1,1,42,dummy_prior,786,163,0,0.06466165413533835,0,0.5
1,1,42,dummy_prior,787,22,1,0.06466165413533835,0,0.5
1,1,42,dummy_prior,789,233,0,0.06466165413533835,0,0.5
1,1,42,dummy_prior,797,720,0,0.06466165413533835,0,0.5
1,1,42,dummy_prior,801,634,0,0.06466165413533835,0,0.5
1,1,42,dummy_prior,807,569,0,0.06466165413533835,0,0.5
1,1,42,dummy_prior,811,694,0,0.06466165413533835,0,0.5
1,1,42,dummy_prior,815,722,0,0.06466165413533835,0,0.5
1,1,42,dummy_prior,819,680,0,0.06466165413533835,0,0.5
1,1,42,dummy_prior,822,620,0,0.06466165413533835,0,0.5
1,1,42,logistic_regression,3,825,0,0.690517075805149,1,0.5
1,1,42,logistic_regression,12,812,0,0.6618432828507914,1,0.5
1,1,42,logistic_regression,13,803,0,0.5627848588585974,1,0.5
1,1,42,logistic_regression,16,790,0,0.49498815671169016,0,0.5
1,1,42,logistic_regression,17,799,0,0.559147471890309,1,0.5
1,1,42,logistic_regression,19,773,0,0.6796006682911576,1,0.5
1,1,42,logistic_regression,20,797,0,0.6567568041610075,1,0.5
1,1,42,logistic_regression,37,747,0,0.39506229745459015,0,0.5
1,1,42,logistic_regression,44,740,1,0.681488764458214,1,0.5
1,1,42,logistic_regression,49,739,0,0.4819880619851132,0,0.5
1,1,42,logistic_regression,52,729,0,0.47065502193577397,0,0.5
1,1,42,logistic_regression,58,683,0,0.5185903644358297,1,0.5
1,1,42,logistic_regression,59,692,0,0.777838067612676,1,0.5
1,1,42,logistic_regression,65,736,0,0.5779226414027617,1,0.5
1,1,42,logistic_regression,83,713,0,0.30808496029184396,0,0.5
1,1,42,logistic_regression,86,703,0,0.5621162432810874,1,0.5
1,1,42,logistic_regression,91,649,0,0.5923467102450961,1,0.5
1,1,42,logistic_regression,96,678,0,0.49599616577889843,0,0.5
1,1,42,logistic_regression,100,580,0,0.8340392875509814,1,0.5
1,1,42,logistic_regression,102,754,1,0.6362718853203005,1,0.5
1,1,42,logistic_regression,115,597,0,0.4693678907906715,0,0.5
1,1,42,logistic_regression,118,498,0,0.48394091925482285,0,0.5
1,1,42,logistic_regression,120,579,0,0.510457751782404,1,0.5
1,1,42,logistic_regression,123,571,0,0.5969954372456402,1,0.5
1,1,42,logistic_regression,142,480,0,0.14590703224551144,0,0.5
1,1,42,logistic_regression,154,507,0,0.5733524647773737,1,0.5
1,1,42,logistic_regression,155,448,0,0.5267418769675004,1,0.5
1,1,42,logistic_regression,157,617,0,0.4887015708696171,0,0.5
1,1,42,logistic_regression,159,484,0,0.5510162538748057,1,0.5
1,1,42,logistic_regression,162,509,1,0.481243936583167,0,0.5
1,1,42,logistic_regression,176,468,0,0.4679942339353494,0,0.5
1,1,42,logistic_regression,177,472,0,0.1428620201682207,0,0.5
1,1,42,logistic_regression,178,548,0,0.5533009414078893,1,0.5
1,1,42,logistic_regression,179,414,0,0.5250572611566094,1,0.5
1,1,42,logistic_regression,182,491,0,0.48067348531668147,0,0.5
1,1,42,logistic_regression,187,475,0,0.4769053447413983,0,0.5
1,1,42,logistic_regression,192,445,0,0.14509348677185024,0,0.5
1,1,42,logistic_regression,210,453,0,0.4905189446000404,0,0.5
1,1,42,logistic_regression,221,552,0,0.08046843019482562,0,0.5
1,1,42,logistic_regression,224,511,0,0.1335489268827514,0,0.5
1,1,42,logistic_regression,225,409,0,0.462569995784608,0,0.5
1,1,42,logistic_regression,231,316,0,0.4414245709677641,0,0.5
1,1,42,logistic_regression,247,270,0,0.41902948683879965,0,0.5
1,1,42,logistic_regression,249,284,0,0.4542246979683485,0,0.5
1,1,42,logistic_regression,252,390,0,0.4519264364330554,0,0.5
1,1,42,logistic_regression,254,273,1,0.6269730063298693,1,0.5
1,1,42,logistic_regression,259,295,0,0.5151597943945022,1,0.5
1,1,42,logistic_regression,265,305,0,0.48534587895112075,0,0.5
1,1,42,logistic_regression,272,237,0,0.44116340257690223,0,0.5
1,1,42,logistic_regression,276,263,0,0.2386759802218394,0,0.5
1,1,42,logistic_regression,279,219,0,0.4809603146104533,0,0.5
1,1,42,logistic_regression,280,389,0,0.48475018042974344,0,0.5
1,1,42,logistic_regression,282,430,0,0.4842312894832788,0,0.5
1,1,42,logistic_regression,285,300,0,0.512748400124248,1,0.5
1,1,42,logistic_regression,288,289,0,0.46268439141557827,0,0.5
1,1,42,logistic_regression,291,288,0,0.46621358568561544,0,0.5
1,1,42,logistic_regression,293,358,0,0.44680951960390713,0,0.5
1,1,42,logistic_regression,294,220,0,0.6418786247705426,1,0.5
1,1,42,logistic_regression,299,323,0,0.5365816407783878,1,0.5
1,1,42,logistic_regression,301,331,0,0.1059030556821607,0,0.5
1,1,42,logistic_regression,303,436,0,0.4467656316594976,0,0.5
1,1,42,logistic_regression,305,382,0,0.5134332787039485,1,0.5
1,1,42,logistic_regression,319,180,0,0.44939856906959724,0,0.5
1,1,42,logistic_regression,320,268,0,0.46939064984542145,0,0.5
1,1,42,logistic_regression,321,654,0,0.43330069854002506,0,0.5
1,1,42,logistic_regression,322,169,1,0.5337774493853198,1,0.5
1,1,42,logistic_regression,324,173,0,0.4371972064489946,0,0.5
1,1,42,logistic_regression,327,207,0,0.12896037191701062,0,0.5
1,1,42,logistic_regression,328,446,0,0.5500228969912233,1,0.5
1,1,42,logistic_regression,329,583,0,0.5027390614155811,1,0.5
1,1,42,logistic_regression,334,818,0,0.752860809472621,1,0.5
1,1,42,logistic_regression,340,159,0,0.14030515805477295,0,0.5
1,1,42,logistic_regression,347,167,0,0.13691915013262007,0,0.5
1,1,42,logistic_regression,349,152,0,0.42667396303392746,0,0.5
1,1,42,logistic_regression,350,223,0,0.1282628152292247,0,0.5
1,1,42,logistic_regression,351,811,0,0.5224305758332121,1,0.5
1,1,42,logistic_regression,358,160,0,0.4412816604952772,0,0.5
1,1,42,logistic_regression,360,147,0,0.44343687590672465,0,0.5
1,1,42,logistic_regression,361,178,0,0.5677740714831311,1,0.5
1,1,42,logistic_regression,365,82,0,0.44744681388751845,0,0.5
1,1,42,logistic_regression,367,367,0,0.4980507217696167,0,0.5
1,1,42,logistic_regression,383,266,0,0.45062912510476005,0,0.5
1,1,42,logistic_regression,399,88,0,0.44268496890900666,0,0.5
1,1,42,logistic_regression,413,433,1,0.3927898791066227,0,0.5
1,1,42,logistic_regression,428,195,0,0.45177804458213744,0,0.5
1,1,42,logistic_regression,429,112,0,0.42939911485487964,0,0.5
1,1,42,logistic_regression,433,36,0,0.12282621181739953,0,0.5
1,1,42,logistic_regression,437,75,0,0.43750537944617546,0,0.5
1,1,42,logistic_regression,439,32,0,0.6181669696503491,1,0.5
1,1,42,logistic_regression,440,46,0,0.12701402197861167,0,0.5
1,1,42,logistic_regression,442,24,0,0.43083042812710065,0,0.5
1,1,42,logistic_regression,454,764,0,0.515252176976226,1,0.5
1,1,42,logistic_regression,455,94,0,0.43317094153572955,0,0.5
1,1,42,logistic_regression,461,751,0,0.49360788150231955,0,0.5
1,1,42,logistic_regression,462,534,0,0.501554478842303,1,0.5
1,1,42,logistic_regression,477,405,0,0.10719775956747737,0,0.5
1,1,42,logistic_regression,478,451,1,0.47438664411085535,0,0.5
1,1,42,logistic_regression,481,614,0,0.49319597452406083,0,0.5
1,1,42,logistic_regression,486,428,0,0.4646785770506359,0,0.5
1,1,42,logistic_regression,497,603,0,0.4736308800985588,0,0.5
1,1,42,logistic_regression,501,123,0,0.452995482102387,0,0.5
1,1,42,logistic_regression,511,119,0,0.46739348827411514,0,0.5
1,1,42,logistic_regression,515,275,0,0.4462678216838386,0,0.5
1,1,42,logistic_regression,517,361,0,0.4470755419494232,0,0.5
1,1,42,logistic_regression,524,532,0,0.6211554012562257,1,0.5
1,1,42,logistic_regression,536,458,0,0.4641263998628257,0,0.5
1,1,42,logistic_regression,537,255,0,0.4679758099152361,0,0.5
1,1,42,logistic_regression,540,208,0,0.441399393792761,0,0.5
1,1,42,logistic_regression,554,464,0,0.13293659413761313,0,0.5
1,1,42,logistic_regression,557,730,0,0.6096081430911854,1,0.5
1,1,42,logistic_regression,561,562,0,0.4657692001235721,0,0.5
1,1,42,logistic_regression,570,13,0,0.42464822271989455,0,0.5
1,1,42,logistic_regression,571,193,0,0.43900571684215733,0,0.5
1,1,42,logistic_regression,573,83,0,0.43441622588132184,0,0.5
1,1,42,logistic_regression,578,670,0,0.5257221037120706,1,0.5
1,1,42,logistic_regression,581,183,0,0.4537506434130845,0,0.5
1,1,42,logistic_regression,586,230,1,0.5158671495721608,1,0.5
1,1,42,logistic_regression,587,311,0,0.4557537465760214,0,0.5
1,1,42,logistic_regression,592,376,0,0.5328068981470208,1,0.5
1,1,42,logistic_regression,594,130,0,0.4241193044390862,0,0.5
1,1,42,logistic_regression,601,92,0,0.4366579634361871,0,0.5
1,1,42,logistic_regression,602,622,0,0.4706973746155343,0,0.5
1,1,42,logistic_regression,604,779,0,0.7067576528652536,1,0.5
1,1,42,logistic_regression,608,226,0,0.4656756739036896,0,0.5
1,1,42,logistic_regression,613,493,0,0.5678917690226374,1,0.5
1,1,42,logistic_regression,614,52,0,0.4283778209516459,0,0.5
1,1,42,logistic_regression,624,613,0,0.6246581581245219,1,0.5
1,1,42,logistic_regression,629,810,0,0.7164990684028456,1,0.5
1,1,42,logistic_regression,640,205,0,0.47841796456075736,0,0.5
1,1,42,logistic_regression,645,817,1,0.6982508741042791,1,0.5
1,1,42,logistic_regression,651,828,0,0.6101923226182973,1,0.5
1,1,42,logistic_regression,653,609,0,0.46582387631723493,0,0.5
1,1,42,logistic_regression,657,827,0,0.6662396629962005,1,0.5
1,1,42,logistic_regression,659,815,0,0.5376566221027776,1,0.5
1,1,42,logistic_regression,669,486,0,0.5855037180828462,1,0.5
1,1,42,logistic_regression,672,91,0,0.5634020492825854,1,0.5
1,1,42,logistic_regression,686,128,0,0.4326832654676542,0,0.5
1,1,42,logistic_regression,701,589,0,0.5604961908603194,1,0.5
1,1,42,logistic_regression,702,623,0,0.5540977745530029,1,0.5
1,1,42,logistic_regression,703,327,0,0.4423870099702987,0,0.5
1,1,42,logistic_regression,704,775,0,0.7196204831512318,1,0.5
1,1,42,logistic_regression,706,417,0,0.2930095267223557,0,0.5
1,1,42,logistic_regression,710,725,0,0.5078452745706556,1,0.5
1,1,42,logistic_regression,714,768,0,0.5518057064034338,1,0.5
1,1,42,logistic_regression,716,156,0,0.6264375665393676,1,0.5
1,1,42,logistic_regression,718,66,0,0.5879122452279366,1,0.5
1,1,42,logistic_regression,729,563,0,0.5356294757412985,1,0.5
1,1,42,logistic_regression,731,360,0,0.45398392634488194,0,0.5
1,1,42,logistic_regression,739,398,0,0.4787939173992241,0,0.5
1,1,42,logistic_regression,754,110,0,0.45399097433394175,0,0.5
1,1,42,logistic_regression,763,350,0,0.45498020401429573,0,0.5
1,1,42,logistic_regression,764,15,0,0.4338402167269953,0,0.5
1,1,42,logistic_regression,771,396,0,0.4536191276949171,0,0.5
1,1,42,logistic_regression,778,668,0,0.5728807401508302,1,0.5
1,1,42,logistic_regression,780,717,0,0.6001025186653643,1,0.5
1,1,42,logistic_regression,785,4,0,0.5364273471018378,1,0.5
1,1,42,logistic_regression,786,163,0,0.5778548119561578,1,0.5
1,1,42,logistic_regression,787,22,1,0.3672976922486058,0,0.5
1,1,42,logistic_regression,789,233,0,0.3944641420535385,0,0.5
1,1,42,logistic_regression,797,720,0,0.5159021945452681,1,0.5
1,1,42,logistic_regression,801,634,0,0.47187510364444313,0,0.5
1,1,42,logistic_regression,807,569,0,0.5311713441071789,1,0.5
1,1,42,logistic_regression,811,694,0,0.5280586149085966,1,0.5
1,1,42,logistic_regression,815,722,0,0.538062714565745,1,0.5
1,1,42,logistic_regression,819,680,0,0.47201076404361886,0,0.5
1,1,42,logistic_regression,822,620,0,0.36904766495867586,0,0.5
1,1,42,xgboost,3,825,0,0.33948418498039246,0,0.5
1,1,42,xgboost,12,812,0,0.048844482749700546,0,0.5
1,1,42,xgboost,13,803,0,0.00037679681554436684,0,0.5
1,1,42,xgboost,16,790,0,0.0036519314162433147,0,0.5
1,1,42,xgboost,17,799,0,0.00127643090672791,0,0.5
1,1,42,xgboost,19,773,0,0.015476329252123833,0,0.5
1,1,42,xgboost,20,797,0,0.6956827044487,1,0.5
1,1,42,xgboost,37,747,0,0.030932627618312836,0,0.5
1,1,42,xgboost,44,740,1,0.02382666990160942,0,0.5
1,1,42,xgboost,49,739,0,0.37336254119873047,0,0.5
1,1,42,xgboost,52,729,0,0.23881854116916656,0,0.5
1,1,42,xgboost,58,683,0,0.0785769671201706,0,0.5
1,1,42,xgboost,59,692,0,0.048475224524736404,0,0.5
1,1,42,xgboost,65,736,0,0.22295384109020233,0,0.5
1,1,42,xgboost,83,713,0,0.07242459803819656,0,0.5
1,1,42,xgboost,86,703,0,0.21784615516662598,0,0.5
1,1,42,xgboost,91,649,0,0.15069057047367096,0,0.5
1,1,42,xgboost,96,678,0,0.5008580088615417,1,0.5
1,1,42,xgboost,100,580,0,0.7548904418945312,1,0.5
1,1,42,xgboost,102,754,1,0.4199543297290802,0,0.5
1,1,42,xgboost,115,597,0,0.6066022515296936,1,0.5
1,1,42,xgboost,118,498,0,0.10721428692340851,0,0.5
1,1,42,xgboost,120,579,0,0.18033242225646973,0,0.5
1,1,42,xgboost,123,571,0,0.2184663563966751,0,0.5
1,1,42,xgboost,142,480,0,0.04852155223488808,0,0.5
1,1,42,xgboost,154,507,0,0.5596064925193787,1,0.5
1,1,42,xgboost,155,448,0,0.0018483512103557587,0,0.5
1,1,42,xgboost,157,617,0,0.019217027351260185,0,0.5
1,1,42,xgboost,159,484,0,0.09532131254673004,0,0.5
1,1,42,xgboost,162,509,1,0.18278810381889343,0,0.5
1,1,42,xgboost,176,468,0,0.008026324212551117,0,0.5
1,1,42,xgboost,177,472,0,0.0014027340803295374,0,0.5
1,1,42,xgboost,178,548,0,0.08055415749549866,0,0.5
1,1,42,xgboost,179,414,0,0.0034212355967611074,0,0.5
1,1,42,xgboost,182,491,0,0.796526312828064,1,0.5
1,1,42,xgboost,187,475,0,0.0064585888758301735,0,0.5
1,1,42,xgboost,192,445,0,3.707191353896633e-05,0,0.5
1,1,42,xgboost,210,453,0,0.0003292506153229624,0,0.5
1,1,42,xgboost,221,552,0,0.28745171427726746,0,0.5
1,1,42,xgboost,224,511,0,0.01630847528576851,0,0.5
1,1,42,xgboost,225,409,0,0.006171316374093294,0,0.5
1,1,42,xgboost,231,316,0,0.18635785579681396,0,0.5
1,1,42,xgboost,247,270,0,0.2906109690666199,0,0.5
1,1,42,xgboost,249,284,0,0.31304603815078735,0,0.5
1,1,42,xgboost,252,390,0,0.14762108027935028,0,0.5
1,1,42,xgboost,254,273,1,0.6586816906929016,1,0.5
1,1,42,xgboost,259,295,0,0.000641272752545774,0,0.5
1,1,42,xgboost,265,305,0,0.085647813975811,0,0.5
1,1,42,xgboost,272,237,0,0.7470993399620056,1,0.5
1,1,42,xgboost,276,263,0,0.0307785514742136,0,0.5
1,1,42,xgboost,279,219,0,0.17779988050460815,0,0.5
1,1,42,xgboost,280,389,0,0.17107300460338593,0,0.5
1,1,42,xgboost,282,430,0,0.0004626511945389211,0,0.5
1,1,42,xgboost,285,300,0,0.00587956327944994,0,0.5
1,1,42,xgboost,288,289,0,0.10722756385803223,0,0.5
1,1,42,xgboost,291,288,0,0.032452311366796494,0,0.5
1,1,42,xgboost,293,358,0,0.28986164927482605,0,0.5
1,1,42,xgboost,294,220,0,0.34324583411216736,0,0.5
1,1,42,xgboost,299,323,0,0.0016436903970316052,0,0.5
1,1,42,xgboost,301,331,0,0.00036579518928192556,0,0.5
1,1,42,xgboost,303,436,0,0.017270158976316452,0,0.5
1,1,42,xgboost,305,382,0,0.007128357421606779,0,0.5
1,1,42,xgboost,319,180,0,0.7362437844276428,1,0.5
1,1,42,xgboost,320,268,0,0.13401781022548676,0,0.5
1,1,42,xgboost,321,654,0,0.06183774769306183,0,0.5
1,1,42,xgboost,322,169,1,0.19799137115478516,0,0.5
1,1,42,xgboost,324,173,0,0.054379094392061234,0,0.5
1,1,42,xgboost,327,207,0,0.011343618854880333,0,0.5
1,1,42,xgboost,328,446,0,0.0029014521278440952,0,0.5
1,1,42,xgboost,329,583,0,0.22719281911849976,0,0.5
1,1,42,xgboost,334,818,0,0.3116269111633301,0,0.5
1,1,42,xgboost,340,159,0,0.010607031174004078,0,0.5
1,1,42,xgboost,347,167,0,0.027077725157141685,0,0.5
1,1,42,xgboost,349,152,0,0.17721755802631378,0,0.5
1,1,42,xgboost,350,223,0,0.0038129850290715694,0,0.5
1,1,42,xgboost,351,811,0,0.28801462054252625,0,0.5
1,1,42,xgboost,358,160,0,0.01727864146232605,0,0.5
1,1,42,xgboost,360,147,0,0.0383647158741951,0,0.5
1,1,42,xgboost,361,178,0,0.16417457163333893,0,0.5
1,1,42,xgboost,365,82,0,0.03909715265035629,0,0.5
1,1,42,xgboost,367,367,0,0.05760002136230469,0,0.5
1,1,42,xgboost,383,266,0,0.09072443097829819,0,0.5
1,1,42,xgboost,399,88,0,0.026921140030026436,0,0.5
1,1,42,xgboost,413,433,1,0.005745619535446167,0,0.5
1,1,42,xgboost,428,195,0,0.5496506094932556,1,0.5
1,1,42,xgboost,429,112,0,0.006637495942413807,0,0.5
1,1,42,xgboost,433,36,0,0.001665367279201746,0,0.5
1,1,42,xgboost,437,75,0,0.06594453752040863,0,0.5
1,1,42,xgboost,439,32,0,0.0025138333439826965,0,0.5
1,1,42,xgboost,440,46,0,0.000757935515139252,0,0.5
1,1,42,xgboost,442,24,0,0.0004556966887321323,0,0.5
1,1,42,xgboost,454,764,0,0.02635897323489189,0,0.5
1,1,42,xgboost,455,94,0,0.05498356744647026,0,0.5
1,1,42,xgboost,461,751,0,0.5662017464637756,1,0.5
1,1,42,xgboost,462,534,0,0.009024538099765778,0,0.5
1,1,42,xgboost,477,405,0,0.00043826966430060565,0,0.5
1,1,42,xgboost,478,451,1,0.1369452327489853,0,0.5
1,1,42,xgboost,481,614,0,0.07284019142389297,0,0.5
1,1,42,xgboost,486,428,0,0.001416962593793869,0,0.5
1,1,42,xgboost,497,603,0,0.2696648836135864,0,0.5
1,1,42,xgboost,501,123,0,0.5622081756591797,1,0.5
1,1,42,xgboost,511,119,0,0.1475653350353241,0,0.5
1,1,42,xgboost,515,275,0,0.3610527217388153,0,0.5
1,1,42,xgboost,517,361,0,0.4482157230377197,0,0.5
1,1,42,xgboost,524,532,0,0.7339878678321838,1,0.5
1,1,42,xgboost,536,458,0,0.07489918917417526,0,0.5
1,1,42,xgboost,537,255,0,0.0019913616124540567,0,0.5
1,1,42,xgboost,540,208,0,0.037612948566675186,0,0.5
1,1,42,xgboost,554,464,0,0.00031952085555531085,0,0.5
1,1,42,xgboost,557,730,0,0.17367906868457794,0,0.5
1,1,42,xgboost,561,562,0,0.07313958555459976,0,0.5
1,1,42,xgboost,570,13,0,0.0019503391813486814,0,0.5
1,1,42,xgboost,571,193,0,0.1509818136692047,0,0.5
1,1,42,xgboost,573,83,0,0.05107712000608444,0,0.5
1,1,42,xgboost,578,670,0,0.0835367888212204,0,0.5
1,1,42,xgboost,581,183,0,0.0200338251888752,0,0.5
1,1,42,xgboost,586,230,1,0.5518311262130737,1,0.5
1,1,42,xgboost,587,311,0,0.013806267641484737,0,0.5
1,1,42,xgboost,592,376,0,0.007289753761142492,0,0.5
1,1,42,xgboost,594,130,0,0.13954925537109375,0,0.5
1,1,42,xgboost,601,92,0,0.020762251690030098,0,0.5
1,1,42,xgboost,602,622,0,0.5956401228904724,1,0.5
1,1,42,xgboost,604,779,0,0.05805176869034767,0,0.5
1,1,42,xgboost,608,226,0,0.14829571545124054,0,0.5
1,1,42,xgboost,613,493,0,0.007121037691831589,0,0.5
1,1,42,xgboost,614,52,0,0.0019503391813486814,0,0.5
1,1,42,xgboost,624,613,0,0.0811273530125618,0,0.5
1,1,42,xgboost,629,810,0,0.38602346181869507,0,0.5
1,1,42,xgboost,640,205,0,0.028446318581700325,0,0.5
1,1,42,xgboost,645,817,1,0.3625655472278595,0,0.5
1,1,42,xgboost,651,828,0,0.028520619496703148,0,0.5
1,1,42,xgboost,653,609,0,0.03985079750418663,0,0.5
1,1,42,xgboost,657,827,0,0.137382373213768,0,0.5
1,1,42,xgboost,659,815,0,0.0008636785787530243,0,0.5
1,1,42,xgboost,669,486,0,0.20668770372867584,0,0.5
1,1,42,xgboost,672,91,0,0.20598715543746948,0,0.5
1,1,42,xgboost,686,128,0,0.1162436306476593,0,0.5
1,1,42,xgboost,701,589,0,0.046628616750240326,0,0.5
1,1,42,xgboost,702,623,0,0.0008139233104884624,0,0.5
1,1,42,xgboost,703,327,0,0.003675923217087984,0,0.5
1,1,42,xgboost,704,775,0,0.5681472420692444,1,0.5
1,1,42,xgboost,706,417,0,0.03877922147512436,0,0.5
1,1,42,xgboost,710,725,0,0.027372732758522034,0,0.5
1,1,42,xgboost,714,768,0,0.007162890397012234,0,0.5
1,1,42,xgboost,716,156,0,0.0025551114231348038,0,0.5
1,1,42,xgboost,718,66,0,0.006400973070412874,0,0.5
1,1,42,xgboost,729,563,0,0.01868308335542679,0,0.5
1,1,42,xgboost,731,360,0,0.45023030042648315,0,0.5
1,1,42,xgboost,739,398,0,0.08957601338624954,0,0.5
1,1,42,xgboost,754,110,0,0.0037210173904895782,0,0.5
1,1,42,xgboost,763,350,0,0.14973901212215424,0,0.5
1,1,42,xgboost,764,15,0,0.0015416875248774886,0,0.5
1,1,42,xgboost,771,396,0,0.6867724657058716,1,0.5
1,1,42,xgboost,778,668,0,0.002693540183827281,0,0.5
1,1,42,xgboost,780,717,0,0.01610160432755947,0,0.5
1,1,42,xgboost,785,4,0,0.005329261999577284,0,0.5
1,1,42,xgboost,786,163,0,0.94877690076828,1,0.5
1,1,42,xgboost,787,22,1,0.000397108233300969,0,0.5
1,1,42,xgboost,789,233,0,0.16928310692310333,0,0.5
1,1,42,xgboost,797,720,0,0.014673778787255287,0,0.5
1,1,42,xgboost,801,634,0,0.0059811691753566265,0,0.5
1,1,42,xgboost,807,569,0,0.04168035835027695,0,0.5
1,1,42,xgboost,811,694,0,0.04570057988166809,0,0.5
1,1,42,xgboost,815,722,0,0.004331942182034254,0,0.5
1,1,42,xgboost,819,680,0,0.06902151554822922,0,0.5
1,1,42,xgboost,822,620,0,0.003635668894276023,0,0.5
1,2,42,dummy_prior,0,109,0,0.06325301204819277,0,0.5
1,2,42,dummy_prior,1,7,0,0.06325301204819277,0,0.5
1,2,42,dummy_prior,2,660,0,0.06325301204819277,0,0.5
1,2,42,dummy_prior,8,809,0,0.06325301204819277,0,0.5
1,2,42,dummy_prior,10,807,0,0.06325301204819277,0,0.5
1,2,42,dummy_prior,11,450,0,0.06325301204819277,0,0.5
1,2,42,dummy_prior,14,798,0,0.06325301204819277,0,0.5
1,2,42,dummy_prior,21,783,0,0.06325301204819277,0,0.5
1,2,42,dummy_prior,23,767,1,0.06325301204819277,0,0.5
1,2,42,dummy_prior,24,774,0,0.06325301204819277,0,0.5
1,2,42,dummy_prior,32,738,0,0.06325301204819277,0,0.5
1,2,42,dummy_prior,33,734,0,0.06325301204819277,0,0.5
1,2,42,dummy_prior,36,760,0,0.06325301204819277,0,0.5
1,2,42,dummy_prior,38,758,0,0.06325301204819277,0,0.5
1,2,42,dummy_prior,39,719,0,0.06325301204819277,0,0.5
1,2,42,dummy_prior,45,709,0,0.06325301204819277,0,0.5
1,2,42,dummy_prior,54,708,0,0.06325301204819277,0,0.5
1,2,42,dummy_prior,64,750,1,0.06325301204819277,0,0.5
1,2,42,dummy_prior,73,681,0,0.06325301204819277,0,0.5
1,2,42,dummy_prior,74,686,0,0.06325301204819277,0,0.5
1,2,42,dummy_prior,81,615,0,0.06325301204819277,0,0.5
1,2,42,dummy_prior,84,657,0,0.06325301204819277,0,0.5
1,2,42,dummy_prior,90,689,0,0.06325301204819277,0,0.5
1,2,42,dummy_prior,95,701,1,0.06325301204819277,0,0.5
1,2,42,dummy_prior,98,641,0,0.06325301204819277,0,0.5
1,2,42,dummy_prior,103,633,0,0.06325301204819277,0,0.5
1,2,42,dummy_prior,128,557,0,0.06325301204819277,0,0.5
1,2,42,dummy_prior,138,556,0,0.06325301204819277,0,0.5
1,2,42,dummy_prior,147,643,0,0.06325301204819277,0,0.5
1,2,42,dummy_prior,163,546,0,0.06325301204819277,0,0.5
1,2,42,dummy_prior,170,418,0,0.06325301204819277,0,0.5
1,2,42,dummy_prior,183,411,0,0.06325301204819277,0,0.5
1,2,42,dummy_prior,184,488,1,0.06325301204819277,0,0.5
1,2,42,dummy_prior,194,429,0,0.06325301204819277,0,0.5
1,2,42,dummy_prior,211,431,0,0.06325301204819277,0,0.5
1,2,42,dummy_prior,212,500,0,0.06325301204819277,0,0.5
1,2,42,dummy_prior,218,324,0,0.06325301204819277,0,0.5
1,2,42,dummy_prior,223,351,1,0.06325301204819277,0,0.5
1,2,42,dummy_prior,235,347,0,0.06325301204819277,0,0.5
1,2,42,dummy_prior,236,536,0,0.06325301204819277,0,0.5
1,2,42,dummy_prior,239,354,0,0.06325301204819277,0,0.5
1,2,42,dummy_prior,240,555,0,0.06325301204819277,0,0.5
1,2,42,dummy_prior,243,253,0,0.06325301204819277,0,0.5
1,2,42,dummy_prior,246,381,0,0.06325301204819277,0,0.5
1,2,42,dummy_prior,251,279,0,0.06325301204819277,0,0.5
1,2,42,dummy_prior,261,259,1,0.06325301204819277,0,0.5
1,2,42,dummy_prior,263,232,0,0.06325301204819277,0,0.5
1,2,42,dummy_prior,267,211,0,0.06325301204819277,0,0.5
1,2,42,dummy_prior,268,359,0,0.06325301204819277,0,0.5
1,2,42,dummy_prior,271,349,0,0.06325301204819277,0,0.5
1,2,42,dummy_prior,275,267,0,0.06325301204819277,0,0.5
1,2,42,dummy_prior,278,238,0,0.06325301204819277,0,0.5
1,2,42,dummy_prior,281,252,0,0.06325301204819277,0,0.5
1,2,42,dummy_prior,283,240,0,0.06325301204819277,0,0.5
1,2,42,dummy_prior,287,204,0,0.06325301204819277,0,0.5
1,2,42,dummy_prior,297,301,0,0.06325301204819277,0,0.5
1,2,42,dummy_prior,298,202,0,0.06325301204819277,0,0.5
1,2,42,dummy_prior,304,287,0,0.06325301204819277,0,0.5
1,2,42,dummy_prior,313,348,0,0.06325301204819277,0,0.5
1,2,42,dummy_prior,326,290,0,0.06325301204819277,0,0.5
1,2,42,dummy_prior,330,274,0,0.06325301204819277,0,0.5
1,2,42,dummy_prior,332,525,1,0.06325301204819277,0,0.5
1,2,42,dummy_prior,342,276,1,0.06325301204819277,0,0.5
1,2,42,dummy_prior,344,131,0,0.06325301204819277,0,0.5
1,2,42,dummy_prior,346,235,0,0.06325301204819277,0,0.5
1,2,42,dummy_prior,353,258,0,0.06325301204819277,0,0.5
1,2,42,dummy_prior,374,86,0,0.06325301204819277,0,0.5
1,2,42,dummy_prior,376,103,0,0.06325301204819277,0,0.5
1,2,42,dummy_prior,384,185,0,0.06325301204819277,0,0.5
1,2,42,dummy_prior,385,49,0,0.06325301204819277,0,0.5
1,2,42,dummy_prior,389,142,0,0.06325301204819277,0,0.5
1,2,42,dummy_prior,390,184,0,0.06325301204819277,0,0.5
1,2,42,dummy_prior,392,137,0,0.06325301204819277,0,0.5
1,2,42,dummy_prior,395,55,0,0.06325301204819277,0,0.5
1,2,42,dummy_prior,397,102,0,0.06325301204819277,0,0.5
1,2,42,dummy_prior,400,61,0,0.06325301204819277,0,0.5
1,2,42,dummy_prior,402,60,0,0.06325301204819277,0,0.5
1,2,42,dummy_prior,403,54,0,0.06325301204819277,0,0.5
1,2,42,dummy_prior,406,698,0,0.06325301204819277,0,0.5
1,2,42,dummy_prior,412,97,0,0.06325301204819277,0,0.5
1,2,42,dummy_prior,423,600,0,0.06325301204819277,0,0.5
1,2,42,dummy_prior,435,63,0,0.06325301204819277,0,0.5
1,2,42,dummy_prior,450,43,0,0.06325301204819277,0,0.5
1,2,42,dummy_prior,456,682,1,0.06325301204819277,0,0.5
1,2,42,dummy_prior,458,640,0,0.06325301204819277,0,0.5
1,2,42,dummy_prior,463,482,0,0.06325301204819277,0,0.5
1,2,42,dummy_prior,472,151,0,0.06325301204819277,0,0.5
1,2,42,dummy_prior,476,165,0,0.06325301204819277,0,0.5
1,2,42,dummy_prior,479,356,0,0.06325301204819277,0,0.5
1,2,42,dummy_prior,491,384,0,0.06325301204819277,0,0.5
1,2,42,dummy_prior,499,514,0,0.06325301204819277,0,0.5
1,2,42,dummy_prior,503,791,0,0.06325301204819277,0,0.5
1,2,42,dummy_prior,507,469,0,0.06325301204819277,0,0.5
1,2,42,dummy_prior,512,364,0,0.06325301204819277,0,0.5
1,2,42,dummy_prior,513,425,0,0.06325301204819277,0,0.5
1,2,42,dummy_prior,514,93,0,0.06325301204819277,0,0.5
1,2,42,dummy_prior,516,365,0,0.06325301204819277,0,0.5
1,2,42,dummy_prior,519,188,0,0.06325301204819277,0,0.5
1,2,42,dummy_prior,522,40,0,0.06325301204819277,0,0.5
1,2,42,dummy_prior,526,385,0,0.06325301204819277,0,0.5
1,2,42,dummy_prior,531,105,0,0.06325301204819277,0,0.5
1,2,42,dummy_prior,532,636,0,0.06325301204819277,0,0.5
1,2,42,dummy_prior,539,748,0,0.06325301204819277,0,0.5
1,2,42,dummy_prior,542,712,0,0.06325301204819277,0,0.5
1,2,42,dummy_prior,544,335,0,0.06325301204819277,0,0.5
1,2,42,dummy_prior,546,383,0,0.06325301204819277,0,0.5
1,2,42,dummy_prior,548,802,0,0.06325301204819277,0,0.5
1,2,42,dummy_prior,555,196,0,0.06325301204819277,0,0.5
1,2,42,dummy_prior,556,126,1,0.06325301204819277,0,0.5
1,2,42,dummy_prior,559,198,0,0.06325301204819277,0,0.5
1,2,42,dummy_prior,564,687,0,0.06325301204819277,0,0.5
1,2,42,dummy_prior,565,813,0,0.06325301204819277,0,0.5
1,2,42,dummy_prior,566,784,0,0.06325301204819277,0,0.5
1,2,42,dummy_prior,567,56,0,0.06325301204819277,0,0.5
1,2,42,dummy_prior,572,248,0,0.06325301204819277,0,0.5
1,2,42,dummy_prior,589,299,0,0.06325301204819277,0,0.5
1,2,42,dummy_prior,591,706,0,0.06325301204819277,0,0.5
1,2,42,dummy_prior,593,157,0,0.06325301204819277,0,0.5
1,2,42,dummy_prior,595,320,0,0.06325301204819277,0,0.5
1,2,42,dummy_prior,603,280,0,0.06325301204819277,0,0.5
1,2,42,dummy_prior,611,714,0,0.06325301204819277,0,0.5
1,2,42,dummy_prior,621,27,0,0.06325301204819277,0,0.5
1,2,42,dummy_prior,634,467,0,0.06325301204819277,0,0.5
1,2,42,dummy_prior,637,502,0,0.06325301204819277,0,0.5
1,2,42,dummy_prior,642,829,0,0.06325301204819277,0,0.5
1,2,42,dummy_prior,643,830,0,0.06325301204819277,0,0.5
1,2,42,dummy_prior,649,795,0,0.06325301204819277,0,0.5
1,2,42,dummy_prior,658,762,0,0.06325301204819277,0,0.5
1,2,42,dummy_prior,660,820,0,0.06325301204819277,0,0.5
1,2,42,dummy_prior,671,138,0,0.06325301204819277,0,0.5
1,2,42,dummy_prior,675,479,0,0.06325301204819277,0,0.5
1,2,42,dummy_prior,676,524,0,0.06325301204819277,0,0.5
1,2,42,dummy_prior,693,769,0,0.06325301204819277,0,0.5
1,2,42,dummy_prior,694,427,0,0.06325301204819277,0,0.5
1,2,42,dummy_prior,698,554,0,0.06325301204819277,0,0.5
1,2,42,dummy_prior,699,214,0,0.06325301204819277,0,0.5
1,2,42,dummy_prior,700,530,0,0.06325301204819277,0,0.5
1,2,42,dummy_prior,707,587,0,0.06325301204819277,0,0.5
1,2,42,dummy_prior,708,564,0,0.06325301204819277,0,0.5
1,2,42,dummy_prior,711,177,0,0.06325301204819277,0,0.5
1,2,42,dummy_prior,712,477,0,0.06325301204819277,0,0.5
1,2,42,dummy_prior,715,129,0,0.06325301204819277,0,0.5
1,2,42,dummy_prior,724,99,0,0.06325301204819277,0,0.5
1,2,42,dummy_prior,726,676,0,0.06325301204819277,0,0.5
1,2,42,dummy_prior,730,395,0,0.06325301204819277,0,0.5
1,2,42,dummy_prior,740,206,0,0.06325301204819277,0,0.5
1,2,42,dummy_prior,744,357,0,0.06325301204819277,0,0.5
1,2,42,dummy_prior,749,455,0,0.06325301204819277,0,0.5
1,2,42,dummy_prior,755,642,1,0.06325301204819277,0,0.5
1,2,42,dummy_prior,757,84,0,0.06325301204819277,0,0.5
1,2,42,dummy_prior,767,175,0,0.06325301204819277,0,0.5
1,2,42,dummy_prior,773,302,0,0.06325301204819277,0,0.5
1,2,42,dummy_prior,783,116,0,0.06325301204819277,0,0.5
1,2,42,dummy_prior,784,48,0,0.06325301204819277,0,0.5
1,2,42,dummy_prior,791,700,0,0.06325301204819277,0,0.5
1,2,42,dummy_prior,794,602,0,0.06325301204819277,0,0.5
1,2,42,dummy_prior,798,794,0,0.06325301204819277,0,0.5
1,2,42,dummy_prior,800,688,0,0.06325301204819277,0,0.5
1,2,42,dummy_prior,802,666,0,0.06325301204819277,0,0.5
1,2,42,dummy_prior,805,561,0,0.06325301204819277,0,0.5
1,2,42,dummy_prior,806,659,0,0.06325301204819277,0,0.5
1,2,42,dummy_prior,809,743,0,0.06325301204819277,0,0.5
1,2,42,dummy_prior,816,567,0,0.06325301204819277,0,0.5
1,2,42,dummy_prior,817,444,0,0.06325301204819277,0,0.5
1,2,42,dummy_prior,821,598,0,0.06325301204819277,0,0.5
1,2,42,dummy_prior,825,800,0,0.06325301204819277,0,0.5
1,2,42,dummy_prior,830,526,0,0.06325301204819277,0,0.5
1,2,42,logistic_regression,0,109,0,0.4029960625018496,0,0.5
1,2,42,logistic_regression,1,7,0,0.40946926498354413,0,0.5
1,2,42,logistic_regression,2,660,0,0.2721415292744895,0,0.5
1,2,42,logistic_regression,8,809,0,0.520438018546139,1,0.5
1,2,42,logistic_regression,10,807,0,0.5163109374963443,1,0.5
1,2,42,logistic_regression,11,450,0,0.5295778174311919,1,0.5
1,2,42,logistic_regression,14,798,0,0.6521832278233854,1,0.5
1,2,42,logistic_regression,21,783,0,0.3973380581590745,0,0.5
1,2,42,logistic_regression,23,767,1,0.5691931344904636,1,0.5
1,2,42,logistic_regression,24,774,0,0.4862796971882589,0,0.5
1,2,42,logistic_regression,32,738,0,0.41597581255804494,0,0.5
1,2,42,logistic_regression,33,734,0,0.581125040088534,1,0.5
1,2,42,logistic_regression,36,760,0,0.4989919744246281,0,0.5
1,2,42,logistic_regression,38,758,0,0.49947036682319057,0,0.5
1,2,42,logistic_regression,39,719,0,0.4858221476314612,0,0.5
1,2,42,logistic_regression,45,709,0,0.6220586173248049,1,0.5
1,2,42,logistic_regression,54,708,0,0.5551621634878355,1,0.5
1,2,42,logistic_regression,64,750,1,0.6131262427697414,1,0.5
1,2,42,logistic_regression,73,681,0,0.20332228673546324,0,0.5
1,2,42,logistic_regression,74,686,0,0.46229731787790346,0,0.5
1,2,42,logistic_regression,81,615,0,0.5700603935445451,1,0.5
1,2,42,logistic_regression,84,657,0,0.4569014808436683,0,0.5
1,2,42,logistic_regression,90,689,0,0.6871248748032974,1,0.5
1,2,42,logistic_regression,95,701,1,0.6421161924023406,1,0.5
1,2,42,logistic_regression,98,641,0,0.5112973817142289,1,0.5
1,2,42,logistic_regression,103,633,0,0.5444806124610767,1,0.5
1,2,42,logistic_regression,128,557,0,0.5706264821353636,1,0.5
1,2,42,logistic_regression,138,556,0,0.6225020238477501,1,0.5
1,2,42,logistic_regression,147,643,0,0.5186269722079236,1,0.5
1,2,42,logistic_regression,163,546,0,0.13237442447973058,0,0.5
1,2,42,logistic_regression,170,418,0,0.4721818928223272,0,0.5
1,2,42,logistic_regression,183,411,0,0.5615916715182476,1,0.5
1,2,42,logistic_regression,184,488,1,0.635306177879126,1,0.5
1,2,42,logistic_regression,194,429,0,0.49039661876909907,0,0.5
1,2,42,logistic_regression,211,431,0,0.5912136630153476,1,0.5
1,2,42,logistic_regression,212,500,0,0.9134447146481051,1,0.5
1,2,42,logistic_regression,218,324,0,0.4422227048151635,0,0.5
1,2,42,logistic_regression,223,351,1,0.7604168714207603,1,0.5
1,2,42,logistic_regression,235,347,0,0.557352345702797,1,0.5
1,2,42,logistic_regression,236,536,0,0.5513083894530769,1,0.5
1,2,42,logistic_regression,239,354,0,0.4649927356633721,0,0.5
1,2,42,logistic_regression,240,555,0,0.4283561281705261,0,0.5
1,2,42,logistic_regression,243,253,0,0.4292551119615148,0,0.5
1,2,42,logistic_regression,246,381,0,0.49560510301995436,0,0.5
1,2,42,logistic_regression,251,279,0,0.43639121655023183,0,0.5
1,2,42,logistic_regression,261,259,1,0.4999563094366882,0,0.5
1,2,42,logistic_regression,263,232,0,0.42483405759404297,0,0.5
1,2,42,logistic_regression,267,211,0,0.42544476926629904,0,0.5
1,2,42,logistic_regression,268,359,0,0.15369648365232172,0,0.5
1,2,42,logistic_regression,271,349,0,0.4559477866475262,0,0.5
1,2,42,logistic_regression,275,267,0,0.4365886493729028,0,0.5
1,2,42,logistic_regression,278,238,0,0.1381756776709977,0,0.5
1,2,42,logistic_regression,281,252,0,0.1455777312095472,0,0.5
1,2,42,logistic_regression,283,240,0,0.4269127853342477,0,0.5
1,2,42,logistic_regression,287,204,0,0.5427464051203681,1,0.5
1,2,42,logistic_regression,297,301,0,0.499085524221903,0,0.5
1,2,42,logistic_regression,298,202,0,0.36256309366524064,0,0.5
1,2,42,logistic_regression,304,287,0,0.14516754942129734,0,0.5
1,2,42,logistic_regression,313,348,0,0.15525530319102468,0,0.5
1,2,42,logistic_regression,326,290,0,0.5151154284362749,1,0.5
1,2,42,logistic_regression,330,274,0,0.5216655349288272,1,0.5
1,2,42,logistic_regression,332,525,1,0.4858725923346559,0,0.5
1,2,42,logistic_regression,342,276,1,0.2394830484856506,0,0.5
1,2,42,logistic_regression,344,131,0,0.4387540856659052,0,0.5
1,2,42,logistic_regression,346,235,0,0.4415783464298207,0,0.5
1,2,42,logistic_regression,353,258,0,0.28779272790804994,0,0.5
1,2,42,logistic_regression,374,86,0,0.4087518710149843,0,0.5
1,2,42,logistic_regression,376,103,0,0.42137847780510884,0,0.5
1,2,42,logistic_regression,384,185,0,0.30791768010713305,0,0.5
1,2,42,logistic_regression,385,49,0,0.41358291257748514,0,0.5
1,2,42,logistic_regression,389,142,0,0.4062123257708034,0,0.5
1,2,42,logistic_regression,390,184,0,0.7450493905462962,1,0.5
1,2,42,logistic_regression,392,137,0,0.7524809198964044,1,0.5
1,2,42,logistic_regression,395,55,0,0.41369047208225157,0,0.5
1,2,42,logistic_regression,397,102,0,0.4130610190525783,0,0.5
1,2,42,logistic_regression,400,61,0,0.141500143253458,0,0.5
1,2,42,logistic_regression,402,60,0,0.15273435319301681,0,0.5
1,2,42,logistic_regression,403,54,0,0.4084096122733802,0,0.5
1,2,42,logistic_regression,406,698,0,0.5121181995371872,1,0.5
1,2,42,logistic_regression,412,97,0,0.4157092050937161,0,0.5
1,2,42,logistic_regression,423,600,0,0.5522409822504901,1,0.5
1,2,42,logistic_regression,435,63,0,0.4043923655418291,0,0.5
1,2,42,logistic_regression,450,43,0,0.4343021662163188,0,0.5
1,2,42,logistic_regression,456,682,1,0.4740265906950725,0,0.5
1,2,42,logistic_regression,458,640,0,0.5302299349893379,1,0.5
1,2,42,logistic_regression,463,482,0,0.4553501251993162,0,0.5
1,2,42,logistic_regression,472,151,0,0.1494312629186005,0,0.5
1,2,42,logistic_regression,476,165,0,0.42238147768973966,0,0.5
1,2,42,logistic_regression,479,356,0,0.517003503902462,1,0.5
1,2,42,logistic_regression,491,384,0,0.4390444989698059,0,0.5
1,2,42,logistic_regression,499,514,0,0.48534351112545365,0,0.5
1,2,42,logistic_regression,503,791,0,0.5674230237071698,1,0.5
1,2,42,logistic_regression,507,469,0,0.4845408519240361,0,0.5
1,2,42,logistic_regression,512,364,0,0.4307099732185181,0,0.5
1,2,42,logistic_regression,513,425,0,0.41607070831358345,0,0.5
1,2,42,logistic_regression,514,93,0,0.4132567859851957,0,0.5
1,2,42,logistic_regression,516,365,0,0.4287302182817162,0,0.5
1,2,42,logistic_regression,519,188,0,0.40769279311411677,0,0.5
1,2,42,logistic_regression,522,40,0,0.43750929684156525,0,0.5
1,2,42,logistic_regression,526,385,0,0.14085492249100642,0,0.5
1,2,42,logistic_regression,531,105,0,0.03563083158806694,0,0.5
1,2,42,logistic_regression,532,636,0,0.4842411685702338,0,0.5
1,2,42,logistic_regression,539,748,0,0.5298443872005814,1,0.5
1,2,42,logistic_regression,542,712,0,0.45225082160996677,0,0.5
1,2,42,logistic_regression,544,335,0,0.4159895859903587,0,0.5
1,2,42,logistic_regression,546,383,0,0.5428399330641924,1,0.5
1,2,42,logistic_regression,548,802,0,0.42919845452263333,0,0.5
1,2,42,logistic_regression,555,196,0,0.4025425945172995,0,0.5
1,2,42,logistic_regression,556,126,1,0.4259056452298639,0,0.5
1,2,42,logistic_regression,559,198,0,0.46852514972238213,0,0.5
1,2,42,logistic_regression,564,687,0,0.6494482612137823,1,0.5
1,2,42,logistic_regression,565,813,0,0.5575735549602785,1,0.5
1,2,42,logistic_regression,566,784,0,0.49789597987429696,0,0.5
1,2,42,logistic_regression,567,56,0,0.3828749317464463,0,0.5
1,2,42,logistic_regression,572,248,0,0.3038840703105766,0,0.5
1,2,42,logistic_regression,589,299,0,0.38333604420840856,0,0.5
1,2,42,logistic_regression,591,706,0,0.6703285904768037,1,0.5
1,2,42,logistic_regression,593,157,0,0.3677976870250633,0,0.5
1,2,42,logistic_regression,595,320,0,0.2011704314079831,0,0.5
1,2,42,logistic_regression,603,280,0,0.45970466799376486,0,0.5
1,2,42,logistic_regression,611,714,0,0.51366420265795,1,0.5
1,2,42,logistic_regression,621,27,0,0.41562810308528086,0,0.5
1,2,42,logistic_regression,634,467,0,0.4624040116502976,0,0.5
1,2,42,logistic_regression,637,502,0,0.4823147149480755,0,0.5
1,2,42,logistic_regression,642,829,0,0.5247667875959794,1,0.5
1,2,42,logistic_regression,643,830,0,0.7658712407904075,1,0.5
1,2,42,logistic_regression,649,795,0,0.7802569259191328,1,0.5
1,2,42,logistic_regression,658,762,0,0.6030027247978997,1,0.5
1,2,42,logistic_regression,660,820,0,0.38516468650005253,0,0.5
1,2,42,logistic_regression,671,138,0,0.23417538532421817,0,0.5
1,2,42,logistic_regression,675,479,0,0.237461679576323,0,0.5
1,2,42,logistic_regression,676,524,0,0.23556234870440643,0,0.5
1,2,42,logistic_regression,693,769,0,0.6162172198900872,1,0.5
1,2,42,logistic_regression,694,427,0,0.4732009956093236,0,0.5
1,2,42,logistic_regression,698,554,0,0.451043758988102,0,0.5
1,2,42,logistic_regression,699,214,0,0.45668403280585923,0,0.5
1,2,42,logistic_regression,700,530,0,0.5401120628986161,1,0.5
1,2,42,logistic_regression,707,587,0,0.5131808573407537,1,0.5
1,2,42,logistic_regression,708,564,0,0.6352769603020629,1,0.5
1,2,42,logistic_regression,711,177,0,0.433573208369423,0,0.5
1,2,42,logistic_regression,712,477,0,0.425461305063352,0,0.5
1,2,42,logistic_regression,715,129,0,0.1524905607983701,0,0.5
1,2,42,logistic_regression,724,99,0,0.4035974098996538,0,0.5
1,2,42,logistic_regression,726,676,0,0.4638667155347333,0,0.5
1,2,42,logistic_regression,730,395,0,0.5833580488816156,1,0.5
1,2,42,logistic_regression,740,206,0,0.4687273918784964,0,0.5
1,2,42,logistic_regression,744,357,0,0.15564286636409314,0,0.5
1,2,42,logistic_regression,749,455,0,0.46767711362935105,0,0.5
1,2,42,logistic_regression,755,642,1,0.14979220094291615,0,0.5
1,2,42,logistic_regression,757,84,0,0.14429093222472386,0,0.5
1,2,42,logistic_regression,767,175,0,0.14201710808030235,0,0.5
1,2,42,logistic_regression,773,302,0,0.4611214623517097,0,0.5
1,2,42,logistic_regression,783,116,0,0.5680545656921537,1,0.5
1,2,42,logistic_regression,784,48,0,0.5669441272573251,1,0.5
1,2,42,logistic_regression,791,700,0,0.5802936362580889,1,0.5
1,2,42,logistic_regression,794,602,0,0.44210287042940716,0,0.5
1,2,42,logistic_regression,798,794,0,0.41638453812814047,0,0.5
1,2,42,logistic_regression,800,688,0,0.4591694894367859,0,0.5
1,2,42,logistic_regression,802,666,0,0.4799484622711606,0,0.5
1,2,42,logistic_regression,805,561,0,0.4039050801482036,0,0.5
1,2,42,logistic_regression,806,659,0,0.2538706757083938,0,0.5
1,2,42,logistic_regression,809,743,0,0.25380599862254083,0,0.5
1,2,42,logistic_regression,816,567,0,0.4736576084273138,0,0.5
1,2,42,logistic_regression,817,444,0,0.5810742432295727,1,0.5
1,2,42,logistic_regression,821,598,0,0.42036042644908744,0,0.5
1,2,42,logistic_regression,825,800,0,0.5055425038166439,1,0.5
1,2,42,logistic_regression,830,526,0,0.42488385214127405,0,0.5
1,2,42,xgboost,0,109,0,0.32425132393836975,0,0.5
1,2,42,xgboost,1,7,0,0.27962422370910645,0,0.5
1,2,42,xgboost,2,660,0,0.41307559609413147,0,0.5
1,2,42,xgboost,8,809,0,0.3254159688949585,0,0.5
1,2,42,xgboost,10,807,0,0.3737684488296509,0,0.5
1,2,42,xgboost,11,450,0,0.4743328094482422,0,0.5
1,2,42,xgboost,14,798,0,0.5722686052322388,1,0.5
1,2,42,xgboost,21,783,0,0.4676106572151184,0,0.5
1,2,42,xgboost,23,767,1,0.43229541182518005,0,0.5
1,2,42,xgboost,24,774,0,0.4056811034679413,0,0.5
1,2,42,xgboost,32,738,0,0.39301252365112305,0,0.5
1,2,42,xgboost,33,734,0,0.4670014977455139,0,0.5
1,2,42,xgboost,36,760,0,0.5001576542854309,1,0.5
1,2,42,xgboost,38,758,0,0.3995247483253479,0,0.5
1,2,42,xgboost,39,719,0,0.3737684488296509,0,0.5
1,2,42,xgboost,45,709,0,0.6154595613479614,1,0.5
1,2,42,xgboost,54,708,0,0.5345788598060608,1,0.5
1,2,42,xgboost,64,750,1,0.5016397833824158,1,0.5
1,2,42,xgboost,73,681,0,0.14380986988544464,0,0.5
1,2,42,xgboost,74,686,0,0.3146127760410309,0,0.5
1,2,42,xgboost,81,615,0,0.4794026017189026,0,0.5
1,2,42,xgboost,84,657,0,0.2696893811225891,0,0.5
1,2,42,xgboost,90,689,0,0.38832807540893555,0,0.5
1,2,42,xgboost,95,701,1,0.4581994414329529,0,0.5
1,2,42,xgboost,98,641,0,0.4649297297000885,0,0.5
1,2,42,xgboost,103,633,0,0.6499541401863098,1,0.5
1,2,42,xgboost,128,557,0,0.3074020445346832,0,0.5
1,2,42,xgboost,138,556,0,0.4618341624736786,0,0.5
1,2,42,xgboost,147,643,0,0.44302499294281006,0,0.5
1,2,42,xgboost,163,546,0,0.15594811737537384,0,0.5
1,2,42,xgboost,170,418,0,0.3950740098953247,0,0.5
1,2,42,xgboost,183,411,0,0.5379660129547119,1,0.5
1,2,42,xgboost,184,488,1,0.49190399050712585,0,0.5
1,2,42,xgboost,194,429,0,0.27525824308395386,0,0.5
1,2,42,xgboost,211,431,0,0.31618937849998474,0,0.5
1,2,42,xgboost,212,500,0,0.3521672189235687,0,0.5
1,2,42,xgboost,218,324,0,0.38020196557044983,0,0.5
1,2,42,xgboost,223,351,1,0.7245129346847534,1,0.5
1,2,42,xgboost,235,347,0,0.33961859345436096,0,0.5
1,2,42,xgboost,236,536,0,0.29138925671577454,0,0.5
1,2,42,xgboost,239,354,0,0.33504775166511536,0,0.5
1,2,42,xgboost,240,555,0,0.32756537199020386,0,0.5
1,2,42,xgboost,243,253,0,0.363475501537323,0,0.5
1,2,42,xgboost,246,381,0,0.36276769638061523,0,0.5
1,2,42,xgboost,251,279,0,0.3676691949367523,0,0.5
1,2,42,xgboost,261,259,1,0.3346644341945648,0,0.5
1,2,42,xgboost,263,232,0,0.47005221247673035,0,0.5
1,2,42,xgboost,267,211,0,0.47005221247673035,0,0.5
1,2,42,xgboost,268,359,0,0.15125836431980133,0,0.5
1,2,42,xgboost,271,349,0,0.33504775166511536,0,0.5
1,2,42,xgboost,275,267,0,0.5109651684761047,1,0.5
1,2,42,xgboost,278,238,0,0.15218594670295715,0,0.5
1,2,42,xgboost,281,252,0,0.16727577149868011,0,0.5
1,2,42,xgboost,283,240,0,0.4342082440853119,0,0.5
1,2,42,xgboost,287,204,0,0.40521979331970215,0,0.5
1,2,42,xgboost,297,301,0,0.3830900490283966,0,0.5
1,2,42,xgboost,298,202,0,0.37510988116264343,0,0.5
1,2,42,xgboost,304,287,0,0.13624481856822968,0,0.5
1,2,42,xgboost,313,348,0,0.15125836431980133,0,0.5
1,2,42,xgboost,326,290,0,0.4663577377796173,0,0.5
1,2,42,xgboost,330,274,0,0.5297162532806396,1,0.5
1,2,42,xgboost,332,525,1,0.5501532554626465,1,0.5
1,2,42,xgboost,342,276,1,0.38286691904067993,0,0.5
1,2,42,xgboost,344,131,0,0.3777051568031311,0,0.5
1,2,42,xgboost,346,235,0,0.39517995715141296,0,0.5
1,2,42,xgboost,353,258,0,0.17229881882667542,0,0.5
1,2,42,xgboost,374,86,0,0.32425132393836975,0,0.5
1,2,42,xgboost,376,103,0,0.3258219361305237,0,0.5
1,2,42,xgboost,384,185,0,0.6127644777297974,1,0.5
1,2,42,xgboost,385,49,0,0.37200623750686646,0,0.5
1,2,42,xgboost,389,142,0,0.33792805671691895,0,0.5
1,2,42,xgboost,390,184,0,0.7644986510276794,1,0.5
1,2,42,xgboost,392,137,0,0.3236669600009918,0,0.5
1,2,42,xgboost,395,55,0,0.29118263721466064,0,0.5
1,2,42,xgboost,397,102,0,0.33556267619132996,0,0.5
1,2,42,xgboost,400,61,0,0.09048628062009811,0,0.5
1,2,42,xgboost,402,60,0,0.10872998833656311,0,0.5
1,2,42,xgboost,403,54,0,0.28073516488075256,0,0.5
1,2,42,xgboost,406,698,0,0.33441829681396484,0,0.5
1,2,42,xgboost,412,97,0,0.42664679884910583,0,0.5
1,2,42,xgboost,423,600,0,0.5142425894737244,1,0.5
1,2,42,xgboost,435,63,0,0.27962422370910645,0,0.5
1,2,42,xgboost,450,43,0,0.30602961778640747,0,0.5
1,2,42,xgboost,456,682,1,0.5103369355201721,1,0.5
1,2,42,xgboost,458,640,0,0.4699721336364746,0,0.5
1,2,42,xgboost,463,482,0,0.3549967408180237,0,0.5
1,2,42,xgboost,472,151,0,0.1322445571422577,0,0.5
1,2,42,xgboost,476,165,0,0.5025653839111328,1,0.5
1,2,42,xgboost,479,356,0,0.4456322491168976,0,0.5
1,2,42,xgboost,491,384,0,0.28275442123413086,0,0.5
1,2,42,xgboost,499,514,0,0.3711475729942322,0,0.5
1,2,42,xgboost,503,791,0,0.5449264645576477,1,0.5
1,2,42,xgboost,507,469,0,0.42179134488105774,0,0.5
1,2,42,xgboost,512,364,0,0.390626460313797,0,0.5
1,2,42,xgboost,513,425,0,0.4255655109882355,0,0.5
1,2,42,xgboost,514,93,0,0.31118062138557434,0,0.5
1,2,42,xgboost,516,365,0,0.3562336564064026,0,0.5
1,2,42,xgboost,519,188,0,0.37510988116264343,0,0.5
1,2,42,xgboost,522,40,0,0.2922176718711853,0,0.5
1,2,42,xgboost,526,385,0,0.12201182544231415,0,0.5
1,2,42,xgboost,531,105,0,0.10513363778591156,0,0.5
1,2,42,xgboost,532,636,0,0.4625031352043152,0,0.5
1,2,42,xgboost,539,748,0,0.3292686343193054,0,0.5
1,2,42,xgboost,542,712,0,0.6170957088470459,1,0.5
1,2,42,xgboost,544,335,0,0.4167713224887848,0,0.5
1,2,42,xgboost,546,383,0,0.6505314707756042,1,0.5
1,2,42,xgboost,548,802,0,0.30305394530296326,0,0.5
1,2,42,xgboost,555,196,0,0.3931707739830017,0,0.5
1,2,42,xgboost,556,126,1,0.40999630093574524,0,0.5
1,2,42,xgboost,559,198,0,0.33957552909851074,0,0.5
1,2,42,xgboost,564,687,0,0.3594437837600708,0,0.5
1,2,42,xgboost,565,813,0,0.3695319890975952,0,0.5
1,2,42,xgboost,566,784,0,0.5001576542854309,1,0.5
1,2,42,xgboost,567,56,0,0.5402505993843079,1,0.5
1,2,42,xgboost,572,248,0,0.33427658677101135,0,0.5
1,2,42,xgboost,589,299,0,0.6092244386672974,1,0.5
1,2,42,xgboost,591,706,0,0.41196852922439575,0,0.5
1,2,42,xgboost,593,157,0,0.4418186843395233,0,0.5
1,2,42,xgboost,595,320,0,0.18883571028709412,0,0.5
1,2,42,xgboost,603,280,0,0.45932939648628235,0,0.5
1,2,42,xgboost,611,714,0,0.34395939111709595,0,0.5
1,2,42,xgboost,621,27,0,0.28510886430740356,0,0.5
1,2,42,xgboost,634,467,0,0.4495425224304199,0,0.5
1,2,42,xgboost,637,502,0,0.4334312677383423,0,0.5
1,2,42,xgboost,642,829,0,0.4279041886329651,0,0.5
1,2,42,xgboost,643,830,0,0.42598623037338257,0,0.5
1,2,42,xgboost,649,795,0,0.7047396898269653,1,0.5
1,2,42,xgboost,658,762,0,0.5636593699455261,1,0.5
1,2,42,xgboost,660,820,0,0.49971145391464233,0,0.5
1,2,42,xgboost,671,138,0,0.15394701063632965,0,0.5
1,2,42,xgboost,675,479,0,0.17071537673473358,0,0.5
1,2,42,xgboost,676,524,0,0.17071537673473358,0,0.5
1,2,42,xgboost,693,769,0,0.6410928964614868,1,0.5
1,2,42,xgboost,694,427,0,0.5231464505195618,1,0.5
1,2,42,xgboost,698,554,0,0.3549967408180237,0,0.5
1,2,42,xgboost,699,214,0,0.4107908010482788,0,0.5
1,2,42,xgboost,700,530,0,0.6499541401863098,1,0.5
1,2,42,xgboost,707,587,0,0.5231464505195618,1,0.5
1,2,42,xgboost,708,564,0,0.4743328094482422,0,0.5
1,2,42,xgboost,711,177,0,0.40412989258766174,0,0.5
1,2,42,xgboost,712,477,0,0.4556427299976349,0,0.5
1,2,42,xgboost,715,129,0,0.1322445571422577,0,0.5
1,2,42,xgboost,724,99,0,0.3230455219745636,0,0.5
1,2,42,xgboost,726,676,0,0.37906891107559204,0,0.5
1,2,42,xgboost,730,395,0,0.4814947843551636,0,0.5
1,2,42,xgboost,740,206,0,0.3813795745372772,0,0.5
1,2,42,xgboost,744,357,0,0.30947184562683105,0,0.5
1,2,42,xgboost,749,455,0,0.43625813722610474,0,0.5
1,2,42,xgboost,755,642,1,0.4556427299976349,0,0.5
1,2,42,xgboost,757,84,0,0.13658356666564941,0,0.5
1,2,42,xgboost,767,175,0,0.1375684142112732,0,0.5
1,2,42,xgboost,773,302,0,0.24881863594055176,0,0.5
1,2,42,xgboost,783,116,0,0.4483943283557892,0,0.5
1,2,42,xgboost,784,48,0,0.3586098849773407,0,0.5
1,2,42,xgboost,791,700,0,0.44282418489456177,0,0.5
1,2,42,xgboost,794,602,0,0.2901275157928467,0,0.5
1,2,42,xgboost,798,794,0,0.4032386839389801,0,0.5
1,2,42,xgboost,800,688,0,0.42433854937553406,0,0.5
1,2,42,xgboost,802,666,0,0.44308900833129883,0,0.5
1,2,42,xgboost,805,561,0,0.3992466330528259,0,0.5
1,2,42,xgboost,806,659,0,0.41307559609413147,0,0.5
1,2,42,xgboost,809,743,0,0.4084371030330658,0,0.5
1,2,42,xgboost,816,567,0,0.42669808864593506,0,0.5
1,2,42,xgboost,817,444,0,0.2741457223892212,0,0.5
1,2,42,xgboost,821,598,0,0.4308439791202545,0,0.5
1,2,42,xgboost,825,800,0,0.4514581859111786,0,0.5
1,2,42,xgboost,830,526,0,0.32756537199020386,0,0.5
1,3,42,dummy_prior,5,796,0,0.06315789473684211,0,0.5
1,3,42,dummy_prior,9,804,0,0.06315789473684211,0,0.5
1,3,42,dummy_prior,25,805,0,0.06315789473684211,0,0.5
1,3,42,dummy_prior,27,759,0,0.06315789473684211,0,0.5
1,3,42,dummy_prior,31,771,0,0.06315789473684211,0,0.5
1,3,42,dummy_prior,34,749,0,0.06315789473684211,0,0.5
1,3,42,dummy_prior,35,737,0,0.06315789473684211,0,0.5
1,3,42,dummy_prior,42,724,0,0.06315789473684211,0,0.5
1,3,42,dummy_prior,43,723,0,0.06315789473684211,0,0.5
1,3,42,dummy_prior,46,716,0,0.06315789473684211,0,0.5
1,3,42,dummy_prior,48,780,0,0.06315789473684211,0,0.5
1,3,42,dummy_prior,60,673,0,0.06315789473684211,0,0.5
1,3,42,dummy_prior,62,679,0,0.06315789473684211,0,0.5
1,3,42,dummy_prior,63,629,0,0.06315789473684211,0,0.5
1,3,42,dummy_prior,67,696,0,0.06315789473684211,0,0.5
1,3,42,dummy_prior,72,685,0,0.06315789473684211,0,0.5
1,3,42,dummy_prior,79,630,0,0.06315789473684211,0,0.5
1,3,42,dummy_prior,85,718,0,0.06315789473684211,0,0.5
1,3,42,dummy_prior,104,674,0,0.06315789473684211,0,0.5
1,3,42,dummy_prior,110,626,0,0.06315789473684211,0,0.5
1,3,42,dummy_prior,114,665,0,0.06315789473684211,0,0.5
1,3,42,dummy_prior,119,627,0,0.06315789473684211,0,0.5
1,3,42,dummy_prior,124,596,0,0.06315789473684211,0,0.5
1,3,42,dummy_prior,126,520,0,0.06315789473684211,0,0.5
1,3,42,dummy_prior,127,518,0,0.06315789473684211,0,0.5
1,3,42,dummy_prior,129,492,0,0.06315789473684211,0,0.5
1,3,42,dummy_prior,131,565,0,0.06315789473684211,0,0.5
1,3,42,dummy_prior,132,651,0,0.06315789473684211,0,0.5
1,3,42,dummy_prior,136,537,0,0.06315789473684211,0,0.5
1,3,42,dummy_prior,137,517,0,0.06315789473684211,0,0.5
1,3,42,dummy_prior,150,551,0,0.06315789473684211,0,0.5
1,3,42,dummy_prior,164,572,0,0.06315789473684211,0,0.5
1,3,42,dummy_prior,167,535,0,0.06315789473684211,0,0.5
1,3,42,dummy_prior,169,434,0,0.06315789473684211,0,0.5
1,3,42,dummy_prior,171,522,0,0.06315789473684211,0,0.5
1,3,42,dummy_prior,181,392,0,0.06315789473684211,0,0.5
1,3,42,dummy_prior,186,501,0,0.06315789473684211,0,0.5
1,3,42,dummy_prior,195,505,0,0.06315789473684211,0,0.5
1,3,42,dummy_prior,197,447,0,0.06315789473684211,0,0.5
1,3,42,dummy_prior,199,443,0,0.06315789473684211,0,0.5
1,3,42,dummy_prior,201,454,0,0.06315789473684211,0,0.5
1,3,42,dummy_prior,202,494,1,0.06315789473684211,0,0.5
1,3,42,dummy_prior,203,222,0,0.06315789473684211,0,0.5
1,3,42,dummy_prior,208,387,0,0.06315789473684211,0,0.5
1,3,42,dummy_prior,214,372,0,0.06315789473684211,0,0.5
1,3,42,dummy_prior,228,466,0,0.06315789473684211,0,0.5
1,3,42,dummy_prior,230,432,0,0.06315789473684211,0,0.5
1,3,42,dummy_prior,232,345,0,0.06315789473684211,0,0.5
1,3,42,dummy_prior,245,292,0,0.06315789473684211,0,0.5
1,3,42,dummy_prior,255,245,0,0.06315789473684211,0,0.5
1,3,42,dummy_prior,264,265,0,0.06315789473684211,0,0.5
1,3,42,dummy_prior,270,355,0,0.06315789473684211,0,0.5
1,3,42,dummy_prior,277,303,0,0.06315789473684211,0,0.5
1,3,42,dummy_prior,284,272,0,0.06315789473684211,0,0.5
1,3,42,dummy_prior,289,264,0,0.06315789473684211,0,0.5
1,3,42,dummy_prior,290,221,0,0.06315789473684211,0,0.5
1,3,42,dummy_prior,300,386,0,0.06315789473684211,0,0.5
1,3,42,dummy_prior,306,322,0,0.06315789473684211,0,0.5
1,3,42,dummy_prior,307,307,0,0.06315789473684211,0,0.5
1,3,42,dummy_prior,308,368,0,0.06315789473684211,0,0.5
1,3,42,dummy_prior,309,313,0,0.06315789473684211,0,0.5
1,3,42,dummy_prior,310,370,0,0.06315789473684211,0,0.5
1,3,42,dummy_prior,312,189,0,0.06315789473684211,0,0.5
1,3,42,dummy_prior,314,170,0,0.06315789473684211,0,0.5
1,3,42,dummy_prior,315,308,0,0.06315789473684211,0,0.5
1,3,42,dummy_prior,317,271,1,0.06315789473684211,0,0.5
1,3,42,dummy_prior,318,269,0,0.06315789473684211,0,0.5
1,3,42,dummy_prior,325,197,0,0.06315789473684211,0,0.5
1,3,42,dummy_prior,331,229,0,0.06315789473684211,0,0.5
1,3,42,dummy_prior,333,251,0,0.06315789473684211,0,0.5
1,3,42,dummy_prior,336,182,0,0.06315789473684211,0,0.5
1,3,42,dummy_prior,339,228,0,0.06315789473684211,0,0.5
1,3,42,dummy_prior,343,149,0,0.06315789473684211,0,0.5
1,3,42,dummy_prior,348,155,0,0.06315789473684211,0,0.5
1,3,42,dummy_prior,352,140,0,0.06315789473684211,0,0.5
1,3,42,dummy_prior,357,199,0,0.06315789473684211,0,0.5
1,3,42,dummy_prior,359,72,0,0.06315789473684211,0,0.5
1,3,42,dummy_prior,368,242,0,0.06315789473684211,0,0.5
1,3,42,dummy_prior,375,224,0,0.06315789473684211,0,0.5
1,3,42,dummy_prior,377,145,0,0.06315789473684211,0,0.5
1,3,42,dummy_prior,382,90,0,0.06315789473684211,0,0.5
1,3,42,dummy_prior,386,179,0,0.06315789473684211,0,0.5
1,3,42,dummy_prior,391,100,0,0.06315789473684211,0,0.5
1,3,42,dummy_prior,407,186,0,0.06315789473684211,0,0.5
1,3,42,dummy_prior,408,104,0,0.06315789473684211,0,0.5
1,3,42,dummy_prior,411,47,0,0.06315789473684211,0,0.5
1,3,42,dummy_prior,414,89,0,0.06315789473684211,0,0.5
1,3,42,dummy_prior,425,192,1,0.06315789473684211,0,0.5
1,3,42,dummy_prior,426,39,0,0.06315789473684211,0,0.5
1,3,42,dummy_prior,431,10,0,0.06315789473684211,0,0.5
1,3,42,dummy_prior,432,80,0,0.06315789473684211,0,0.5
1,3,42,dummy_prior,436,65,0,0.06315789473684211,0,0.5
1,3,42,dummy_prior,443,18,0,0.06315789473684211,0,0.5
1,3,42,dummy_prior,444,3,0,0.06315789473684211,0,0.5
1,3,42,dummy_prior,446,19,0,0.06315789473684211,0,0.5
1,3,42,dummy_prior,449,25,0,0.06315789473684211,0,0.5
1,3,42,dummy_prior,451,41,0,0.06315789473684211,0,0.5
1,3,42,dummy_prior,467,190,0,0.06315789473684211,0,0.5
1,3,42,dummy_prior,468,371,0,0.06315789473684211,0,0.5
1,3,42,dummy_prior,470,483,0,0.06315789473684211,0,0.5
1,3,42,dummy_prior,474,122,0,0.06315789473684211,0,0.5
1,3,42,dummy_prior,489,71,0,0.06315789473684211,0,0.5
1,3,42,dummy_prior,494,671,0,0.06315789473684211,0,0.5
1,3,42,dummy_prior,508,262,0,0.06315789473684211,0,0.5
1,3,42,dummy_prior,518,76,1,0.06315789473684211,0,0.5
1,3,42,dummy_prior,520,474,0,0.06315789473684211,0,0.5
1,3,42,dummy_prior,528,662,1,0.06315789473684211,0,0.5
1,3,42,dummy_prior,538,162,0,0.06315789473684211,0,0.5
1,3,42,dummy_prior,549,559,0,0.06315789473684211,0,0.5
1,3,42,dummy_prior,562,648,0,0.06315789473684211,0,0.5
1,3,42,dummy_prior,574,133,0,0.06315789473684211,0,0.5
1,3,42,dummy_prior,575,176,0,0.06315789473684211,0,0.5
1,3,42,dummy_prior,577,504,0,0.06315789473684211,0,0.5
1,3,42,dummy_prior,580,318,0,0.06315789473684211,0,0.5
1,3,42,dummy_prior,582,539,0,0.06315789473684211,0,0.5
1,3,42,dummy_prior,588,225,0,0.06315789473684211,0,0.5
1,3,42,dummy_prior,596,363,0,0.06315789473684211,0,0.5
1,3,42,dummy_prior,598,710,0,0.06315789473684211,0,0.5
1,3,42,dummy_prior,605,336,0,0.06315789473684211,0,0.5
1,3,42,dummy_prior,610,478,0,0.06315789473684211,0,0.5
1,3,42,dummy_prior,625,421,0,0.06315789473684211,0,0.5
1,3,42,dummy_prior,627,826,0,0.06315789473684211,0,0.5
1,3,42,dummy_prior,632,260,0,0.06315789473684211,0,0.5
1,3,42,dummy_prior,636,326,0,0.06315789473684211,0,0.5
1,3,42,dummy_prior,639,756,1,0.06315789473684211,0,0.5
1,3,42,dummy_prior,644,755,0,0.06315789473684211,0,0.5
1,3,42,dummy_prior,647,0,0,0.06315789473684211,0,0.5
1,3,42,dummy_prior,652,814,0,0.06315789473684211,0,0.5
1,3,42,dummy_prior,661,704,1,0.06315789473684211,0,0.5
1,3,42,dummy_prior,662,638,1,0.06315789473684211,0,0.5
1,3,42,dummy_prior,663,510,1,0.06315789473684211,0,0.5
1,3,42,dummy_prior,664,340,0,0.06315789473684211,0,0.5
1,3,42,dummy_prior,665,8,0,0.06315789473684211,0,0.5
1,3,42,dummy_prior,666,420,0,0.06315789473684211,0,0.5
1,3,42,dummy_prior,668,98,1,0.06315789473684211,0,0.5
1,3,42,dummy_prior,670,538,0,0.06315789473684211,0,0.5
1,3,42,dummy_prior,677,439,0,0.06315789473684211,0,0.5
1,3,42,dummy_prior,678,42,0,0.06315789473684211,0,0.5
1,3,42,dummy_prior,683,254,0,0.06315789473684211,0,0.5
1,3,42,dummy_prior,685,449,0,0.06315789473684211,0,0.5
1,3,42,dummy_prior,687,317,0,0.06315789473684211,0,0.5
1,3,42,dummy_prior,691,731,0,0.06315789473684211,0,0.5
1,3,42,dummy_prior,720,342,0,0.06315789473684211,0,0.5
1,3,42,dummy_prior,734,44,0,0.06315789473684211,0,0.5
1,3,42,dummy_prior,741,12,0,0.06315789473684211,0,0.5
1,3,42,dummy_prior,742,422,0,0.06315789473684211,0,0.5
1,3,42,dummy_prior,743,415,0,0.06315789473684211,0,0.5
1,3,42,dummy_prior,748,801,0,0.06315789473684211,0,0.5
1,3,42,dummy_prior,751,744,0,0.06315789473684211,0,0.5
1,3,42,dummy_prior,758,403,0,0.06315789473684211,0,0.5
1,3,42,dummy_prior,759,401,1,0.06315789473684211,0,0.5
1,3,42,dummy_prior,762,164,0,0.06315789473684211,0,0.5
1,3,42,dummy_prior,766,353,0,0.06315789473684211,0,0.5
1,3,42,dummy_prior,779,62,0,0.06315789473684211,0,0.5
1,3,42,dummy_prior,781,544,0,0.06315789473684211,0,0.5
1,3,42,dummy_prior,782,519,0,0.06315789473684211,0,0.5
1,3,42,dummy_prior,790,516,0,0.06315789473684211,0,0.5
1,3,42,dummy_prior,792,2,0,0.06315789473684211,0,0.5
1,3,42,dummy_prior,804,777,0,0.06315789473684211,0,0.5
1,3,42,dummy_prior,808,332,0,0.06315789473684211,0,0.5
1,3,42,dummy_prior,810,606,0,0.06315789473684211,0,0.5
1,3,42,dummy_prior,813,346,0,0.06315789473684211,0,0.5
1,3,42,dummy_prior,820,574,0,0.06315789473684211,0,0.5
1,3,42,dummy_prior,823,117,0,0.06315789473684211,0,0.5
1,3,42,dummy_prior,828,377,0,0.06315789473684211,0,0.5
1,3,42,dummy_prior,829,635,0,0.06315789473684211,0,0.5
1,3,42,logistic_regression,5,796,0,0.4595093071075178,0,0.5
1,3,42,logistic_regression,9,804,0,0.6141771672443996,1,0.5
1,3,42,logistic_regression,25,805,0,0.4417096753060788,0,0.5
1,3,42,logistic_regression,27,759,0,0.48551547740289364,0,0.5
1,3,42,logistic_regression,31,771,0,0.7696529015589667,1,0.5
1,3,42,logistic_regression,34,749,0,0.6397905805332406,1,0.5
1,3,42,logistic_regression,35,737,0,0.5376918859424036,1,0.5
1,3,42,logistic_regression,42,724,0,0.5809360689908623,1,0.5
1,3,42,logistic_regression,43,723,0,0.4491181624661448,0,0.5
1,3,42,logistic_regression,46,716,0,0.7213722167585368,1,0.5
1,3,42,logistic_regression,48,780,0,0.6524550065576161,1,0.5
1,3,42,logistic_regression,60,673,0,0.507619909319801,1,0.5
1,3,42,logistic_regression,62,679,0,0.5328794156042485,1,0.5
1,3,42,logistic_regression,63,629,0,0.8409615672011213,1,0.5
1,3,42,logistic_regression,67,696,0,0.7616666945453703,1,0.5
1,3,42,logistic_regression,72,685,0,0.48565280012072215,0,0.5
1,3,42,logistic_regression,79,630,0,0.5100057937346366,1,0.5
1,3,42,logistic_regression,85,718,0,0.5222747815058086,1,0.5
1,3,42,logistic_regression,104,674,0,0.4972435690409355,0,0.5
1,3,42,logistic_regression,110,626,0,0.18014007874241572,0,0.5
1,3,42,logistic_regression,114,665,0,0.5913866018579212,1,0.5
1,3,42,logistic_regression,119,627,0,0.49624595663457033,0,0.5
1,3,42,logistic_regression,124,596,0,0.5190468004487918,1,0.5
1,3,42,logistic_regression,126,520,0,0.5579246668188435,1,0.5
1,3,42,logistic_regression,127,518,0,0.48658056323524923,0,0.5
1,3,42,logistic_regression,129,492,0,0.552458904134997,1,0.5
1,3,42,logistic_regression,131,565,0,0.461034787122054,0,0.5
1,3,42,logistic_regression,132,651,0,0.5003736890449088,1,0.5
1,3,42,logistic_regression,136,537,0,0.4308704673203535,0,0.5
1,3,42,logistic_regression,137,517,0,0.4842744754834952,0,0.5
1,3,42,logistic_regression,150,551,0,0.4739887160809391,0,0.5
1,3,42,logistic_regression,164,572,0,0.8319624908719453,1,0.5
1,3,42,logistic_regression,167,535,0,0.48837121479128426,0,0.5
1,3,42,logistic_regression,169,434,0,0.2604570268811827,0,0.5
1,3,42,logistic_regression,171,522,0,0.5528227683382996,1,0.5
1,3,42,logistic_regression,181,392,0,0.28877814105620453,0,0.5
1,3,42,logistic_regression,186,501,0,0.8411792348362626,1,0.5
1,3,42,logistic_regression,195,505,0,0.44077773592933667,0,0.5
1,3,42,logistic_regression,197,447,0,0.46537298702747293,0,0.5
1,3,42,logistic_regression,199,443,0,0.3449273173002378,0,0.5
1,3,42,logistic_regression,201,454,0,0.5105321071824873,1,0.5
1,3,42,logistic_regression,202,494,1,0.7343546927942752,1,0.5
1,3,42,logistic_regression,203,222,0,0.46653649807113223,0,0.5
1,3,42,logistic_regression,208,387,0,0.5219091574316034,1,0.5
1,3,42,logistic_regression,214,372,0,0.4685670552645602,0,0.5
1,3,42,logistic_regression,228,466,0,0.5121768911209729,1,0.5
1,3,42,logistic_regression,230,432,0,0.5466530012190236,1,0.5
1,3,42,logistic_regression,232,345,0,0.4402718338736787,0,0.5
1,3,42,logistic_regression,245,292,0,0.47269897917197246,0,0.5
1,3,42,logistic_regression,255,245,0,0.36750182731122943,0,0.5
1,3,42,logistic_regression,264,265,0,0.18276392458396262,0,0.5
1,3,42,logistic_regression,270,355,0,0.49363676204275303,0,0.5
1,3,42,logistic_regression,277,303,0,0.4391394278326383,0,0.5
1,3,42,logistic_regression,284,272,0,0.43783077704723466,0,0.5
1,3,42,logistic_regression,289,264,0,0.4502619296456165,0,0.5
1,3,42,logistic_regression,290,221,0,0.45517450484683,0,0.5
1,3,42,logistic_regression,300,386,0,0.4188344992257799,0,0.5
1,3,42,logistic_regression,306,322,0,0.33344049661632774,0,0.5
1,3,42,logistic_regression,307,307,0,0.4371014541462216,0,0.5
1,3,42,logistic_regression,308,368,0,0.4704692364850859,0,0.5
1,3,42,logistic_regression,309,313,0,0.4365699551761775,0,0.5
1,3,42,logistic_regression,310,370,0,0.3971635075145814,0,0.5
1,3,42,logistic_regression,312,189,0,0.45877763882702743,0,0.5
1,3,42,logistic_regression,314,170,0,0.4546986627090827,0,0.5
1,3,42,logistic_regression,315,308,0,0.5005360223296812,1,0.5
1,3,42,logistic_regression,317,271,1,0.4132216069359563,0,0.5
1,3,42,logistic_regression,318,269,0,0.17211251274622735,0,0.5
1,3,42,logistic_regression,325,197,0,0.14340958897221628,0,0.5
1,3,42,logistic_regression,331,229,0,0.450614385798794,0,0.5
1,3,42,logistic_regression,333,251,0,0.5433867140086095,1,0.5
1,3,42,logistic_regression,336,182,0,0.4273694619610893,0,0.5
1,3,42,logistic_regression,339,228,0,0.4290043509281481,0,0.5
1,3,42,logistic_regression,343,149,0,0.1416244581576435,0,0.5
1,3,42,logistic_regression,348,155,0,0.4343080813751358,0,0.5
1,3,42,logistic_regression,352,140,0,0.6501372689358388,1,0.5
1,3,42,logistic_regression,357,199,0,0.3853489552452541,0,0.5
1,3,42,logistic_regression,359,72,0,0.4415556952089948,0,0.5
1,3,42,logistic_regression,368,242,0,0.4114490046765787,0,0.5
1,3,42,logistic_regression,375,224,0,0.4230246972260503,0,0.5
1,3,42,logistic_regression,377,145,0,0.1594297500452001,0,0.5
1,3,42,logistic_regression,382,90,0,0.5046988408885266,1,0.5
1,3,42,logistic_regression,386,179,0,0.42511164128066947,0,0.5
1,3,42,logistic_regression,391,100,0,0.16450215500415283,0,0.5
1,3,42,logistic_regression,407,186,0,0.4256386052785165,0,0.5
1,3,42,logistic_regression,408,104,0,0.4097041950044112,0,0.5
1,3,42,logistic_regression,411,47,0,0.6712786786293133,1,0.5
1,3,42,logistic_regression,414,89,0,0.4544945759390042,0,0.5
1,3,42,logistic_regression,425,192,1,0.41762848704708416,0,0.5
1,3,42,logistic_regression,426,39,0,0.15013199337229885,0,0.5
1,3,42,logistic_regression,431,10,0,0.1735228254062766,0,0.5
1,3,42,logistic_regression,432,80,0,0.4441374619636589,0,0.5
1,3,42,logistic_regression,436,65,0,0.23278229437120213,0,0.5
1,3,42,logistic_regression,443,18,0,0.16338348784152887,0,0.5
1,3,42,logistic_regression,444,3,0,0.41163033238511093,0,0.5
1,3,42,logistic_regression,446,19,0,0.4058097962441253,0,0.5
1,3,42,logistic_regression,449,25,0,0.4450060595696585,0,0.5
1,3,42,logistic_regression,451,41,0,0.08312945061855274,0,0.5
1,3,42,logistic_regression,467,190,0,0.4698201305288901,0,0.5
1,3,42,logistic_regression,468,371,0,0.4559279173929641,0,0.5
1,3,42,logistic_regression,470,483,0,0.5111939392436805,1,0.5
1,3,42,logistic_regression,474,122,0,0.4552503144523906,0,0.5
1,3,42,logistic_regression,489,71,0,0.43977573254516483,0,0.5
1,3,42,logistic_regression,494,671,0,0.20491027078745142,0,0.5
1,3,42,logistic_regression,508,262,0,0.1694974281243784,0,0.5
1,3,42,logistic_regression,518,76,1,0.6884695498873251,1,0.5
1,3,42,logistic_regression,520,474,0,0.4037788433016823,0,0.5
1,3,42,logistic_regression,528,662,1,0.6585502018977099,1,0.5
1,3,42,logistic_regression,538,162,0,0.4560242309190584,0,0.5
1,3,42,logistic_regression,549,559,0,0.5190584597083662,1,0.5
1,3,42,logistic_regression,562,648,0,0.4685955229965629,0,0.5
1,3,42,logistic_regression,574,133,0,0.8483386877125566,1,0.5
1,3,42,logistic_regression,575,176,0,0.4771479156629733,0,0.5
1,3,42,logistic_regression,577,504,0,0.4975822161688966,0,0.5
1,3,42,logistic_regression,580,318,0,0.4207131968745106,0,0.5
1,3,42,logistic_regression,582,539,0,0.42549353776531157,0,0.5
1,3,42,logistic_regression,588,225,0,0.4507499879516748,0,0.5
1,3,42,logistic_regression,596,363,0,0.477444029574655,0,0.5
1,3,42,logistic_regression,598,710,0,0.49432544496218583,0,0.5
1,3,42,logistic_regression,605,336,0,0.5434330404446354,1,0.5
1,3,42,logistic_regression,610,478,0,0.38050175328582897,0,0.5
1,3,42,logistic_regression,625,421,0,0.7162549307758346,1,0.5
1,3,42,logistic_regression,627,826,0,0.7068038857025063,1,0.5
1,3,42,logistic_regression,632,260,0,0.5412116946007653,1,0.5
1,3,42,logistic_regression,636,326,0,0.3681413818204013,0,0.5
1,3,42,logistic_regression,639,756,1,0.6922671908287931,1,0.5
1,3,42,logistic_regression,644,755,0,0.7589314051838737,1,0.5
1,3,42,logistic_regression,647,0,0,0.4174756970081699,0,0.5
1,3,42,logistic_regression,652,814,0,0.4611404132165837,0,0.5
1,3,42,logistic_regression,661,704,1,0.3999383382535393,0,0.5
1,3,42,logistic_regression,662,638,1,0.8165823037470097,1,0.5
1,3,42,logistic_regression,663,510,1,0.4040016458722684,0,0.5
1,3,42,logistic_regression,664,340,0,0.6618609353193466,1,0.5
1,3,42,logistic_regression,665,8,0,0.626047083245563,1,0.5
1,3,42,logistic_regression,666,420,0,0.859803096804188,1,0.5
1,3,42,logistic_regression,668,98,1,0.6175683340528235,1,0.5
1,3,42,logistic_regression,670,538,0,0.6000669487626608,1,0.5
1,3,42,logistic_regression,677,439,0,0.5793060392852348,1,0.5
1,3,42,logistic_regression,678,42,0,0.6494008260512313,1,0.5
1,3,42,logistic_regression,683,254,0,0.650694606691753,1,0.5
1,3,42,logistic_regression,685,449,0,0.501178083722613,1,0.5
1,3,42,logistic_regression,687,317,0,0.43538814767640094,0,0.5
1,3,42,logistic_regression,691,731,0,0.6636370675756056,1,0.5
1,3,42,logistic_regression,720,342,0,0.5609515827399846,1,0.5
1,3,42,logistic_regression,734,44,0,0.6690657813538755,1,0.5
1,3,42,logistic_regression,741,12,0,0.1592591466023273,0,0.5
1,3,42,logistic_regression,742,422,0,0.4363977494700413,0,0.5
1,3,42,logistic_regression,743,415,0,0.17647345168006373,0,0.5
1,3,42,logistic_regression,748,801,0,0.6488765587127695,1,0.5
1,3,42,logistic_regression,751,744,0,0.4275993220334772,0,0.5
1,3,42,logistic_regression,758,403,0,0.3675042555872883,0,0.5
1,3,42,logistic_regression,759,401,1,0.8249468587965633,1,0.5
1,3,42,logistic_regression,762,164,0,0.6688159667900245,1,0.5
1,3,42,logistic_regression,766,353,0,0.4360242225710881,0,0.5
1,3,42,logistic_regression,779,62,0,0.4218811048207899,0,0.5
1,3,42,logistic_regression,781,544,0,0.5501425852243091,1,0.5
1,3,42,logistic_regression,782,519,0,0.6997007052448065,1,0.5
1,3,42,logistic_regression,790,516,0,0.6612690524023291,1,0.5
1,3,42,logistic_regression,792,2,0,0.33823750532398716,0,0.5
1,3,42,logistic_regression,804,777,0,0.7537753013856597,1,0.5
1,3,42,logistic_regression,808,332,0,0.4341886364852913,0,0.5
1,3,42,logistic_regression,810,606,0,0.2276857605826245,0,0.5
1,3,42,logistic_regression,813,346,0,0.5083625582842471,1,0.5
1,3,42,logistic_regression,820,574,0,0.4300157395026605,0,0.5
1,3,42,logistic_regression,823,117,0,0.4275977034640904,0,0.5
1,3,42,logistic_regression,828,377,0,0.42051083326151933,0,0.5
1,3,42,logistic_regression,829,635,0,0.4696407534503245,0,0.5
1,3,42,xgboost,5,796,0,0.3300997316837311,0,0.5
1,3,42,xgboost,9,804,0,0.46078675985336304,0,0.5
1,3,42,xgboost,25,805,0,0.3922595679759979,0,0.5
1,3,42,xgboost,27,759,0,0.579452633857727,1,0.5
1,3,42,xgboost,31,771,0,0.5356369018554688,1,0.5
1,3,42,xgboost,34,749,0,0.3687926232814789,0,0.5
1,3,42,xgboost,35,737,0,0.2979879677295685,0,0.5
1,3,42,xgboost,42,724,0,0.626595139503479,1,0.5
1,3,42,xgboost,43,723,0,0.5764710307121277,1,0.5
1,3,42,xgboost,46,716,0,0.40114301443099976,0,0.5
1,3,42,xgboost,48,780,0,0.4769507646560669,0,0.5
1,3,42,xgboost,60,673,0,0.4127099812030792,0,0.5
1,3,42,xgboost,62,679,0,0.22757092118263245,0,0.5
1,3,42,xgboost,63,629,0,0.595595121383667,1,0.5
1,3,42,xgboost,67,696,0,0.5676384568214417,1,0.5
1,3,42,xgboost,72,685,0,0.29471519589424133,0,0.5
1,3,42,xgboost,79,630,0,0.40131139755249023,0,0.5
1,3,42,xgboost,85,718,0,0.2720673084259033,0,0.5
1,3,42,xgboost,104,674,0,0.5782378911972046,1,0.5
1,3,42,xgboost,110,626,0,0.1359429657459259,0,0.5
1,3,42,xgboost,114,665,0,0.4175448417663574,0,0.5
1,3,42,xgboost,119,627,0,0.4190264940261841,0,0.5
1,3,42,xgboost,124,596,0,0.42934730648994446,0,0.5
1,3,42,xgboost,126,520,0,0.4384802281856537,0,0.5
1,3,42,xgboost,127,518,0,0.3662169575691223,0,0.5
1,3,42,xgboost,129,492,0,0.31137189269065857,0,0.5
1,3,42,xgboost,131,565,0,0.42320287227630615,0,0.5
1,3,42,xgboost,132,651,0,0.532498300075531,1,0.5
1,3,42,xgboost,136,537,0,0.4486241638660431,0,0.5
1,3,42,xgboost,137,517,0,0.34719318151474,0,0.5
1,3,42,xgboost,150,551,0,0.5394402146339417,1,0.5
1,3,42,xgboost,164,572,0,0.3941788375377655,0,0.5
1,3,42,xgboost,167,535,0,0.4783468544483185,0,0.5
1,3,42,xgboost,169,434,0,0.6708418726921082,1,0.5
1,3,42,xgboost,171,522,0,0.5632948279380798,1,0.5
1,3,42,xgboost,181,392,0,0.6122096180915833,1,0.5
1,3,42,xgboost,186,501,0,0.4482090175151825,0,0.5
1,3,42,xgboost,195,505,0,0.6287118792533875,1,0.5
1,3,42,xgboost,197,447,0,0.35366857051849365,0,0.5
1,3,42,xgboost,199,443,0,0.39282238483428955,0,0.5
1,3,42,xgboost,201,454,0,0.4453660249710083,0,0.5
1,3,42,xgboost,202,494,1,0.7416426539421082,1,0.5
1,3,42,xgboost,203,222,0,0.5651896595954895,1,0.5
1,3,42,xgboost,208,387,0,0.4501296877861023,0,0.5
1,3,42,xgboost,214,372,0,0.3272956609725952,0,0.5
1,3,42,xgboost,228,466,0,0.36597123742103577,0,0.5
1,3,42,xgboost,230,432,0,0.32281187176704407,0,0.5
1,3,42,xgboost,232,345,0,0.35744693875312805,0,0.5
1,3,42,xgboost,245,292,0,0.41463324427604675,0,0.5
1,3,42,xgboost,255,245,0,0.46501424908638,0,0.5
1,3,42,xgboost,264,265,0,0.15428011119365692,0,0.5
1,3,42,xgboost,270,355,0,0.3149805963039398,0,0.5
1,3,42,xgboost,277,303,0,0.3455715775489807,0,0.5
1,3,42,xgboost,284,272,0,0.4342699348926544,0,0.5
1,3,42,xgboost,289,264,0,0.6589432954788208,1,0.5
1,3,42,xgboost,290,221,0,0.5165750980377197,1,0.5
1,3,42,xgboost,300,386,0,0.3652116060256958,0,0.5
1,3,42,xgboost,306,322,0,0.10487066954374313,0,0.5
1,3,42,xgboost,307,307,0,0.467636376619339,0,0.5
1,3,42,xgboost,308,368,0,0.44330883026123047,0,0.5
1,3,42,xgboost,309,313,0,0.43961670994758606,0,0.5
1,3,42,xgboost,310,370,0,0.3193499445915222,0,0.5
1,3,42,xgboost,312,189,0,0.38014155626296997,0,0.5
1,3,42,xgboost,314,170,0,0.5555561780929565,1,0.5
1,3,42,xgboost,315,308,0,0.30013248324394226,0,0.5
1,3,42,xgboost,317,271,1,0.3536691665649414,0,0.5
1,3,42,xgboost,318,269,0,0.12246236205101013,0,0.5
1,3,42,xgboost,325,197,0,0.13241830468177795,0,0.5
1,3,42,xgboost,331,229,0,0.4860300123691559,0,0.5
1,3,42,xgboost,333,251,0,0.4870852828025818,0,0.5
1,3,42,xgboost,336,182,0,0.5604703426361084,1,0.5
1,3,42,xgboost,339,228,0,0.5115728378295898,1,0.5
1,3,42,xgboost,343,149,0,0.10590068995952606,0,0.5
1,3,42,xgboost,348,155,0,0.3741569519042969,0,0.5
1,3,42,xgboost,352,140,0,0.535787045955658,1,0.5
1,3,42,xgboost,357,199,0,0.5398972630500793,1,0.5
1,3,42,xgboost,359,72,0,0.18911859393119812,0,0.5
1,3,42,xgboost,368,242,0,0.4312281906604767,0,0.5
1,3,42,xgboost,375,224,0,0.41925665736198425,0,0.5
1,3,42,xgboost,377,145,0,0.11345138400793076,0,0.5
1,3,42,xgboost,382,90,0,0.2849575877189636,0,0.5
1,3,42,xgboost,386,179,0,0.5604703426361084,1,0.5
1,3,42,xgboost,391,100,0,0.07911423593759537,0,0.5
1,3,42,xgboost,407,186,0,0.40483036637306213,0,0.5
1,3,42,xgboost,408,104,0,0.16529124975204468,0,0.5
1,3,42,xgboost,411,47,0,0.2037782073020935,0,0.5
1,3,42,xgboost,414,89,0,0.21219956874847412,0,0.5
1,3,42,xgboost,425,192,1,0.6093564629554749,1,0.5
1,3,42,xgboost,426,39,0,0.07713310420513153,0,0.5
1,3,42,xgboost,431,10,0,0.08271646499633789,0,0.5
1,3,42,xgboost,432,80,0,0.22518587112426758,0,0.5
1,3,42,xgboost,436,65,0,0.1758681684732437,0,0.5
1,3,42,xgboost,443,18,0,0.07713310420513153,0,0.5
1,3,42,xgboost,444,3,0,0.1400333046913147,0,0.5
1,3,42,xgboost,446,19,0,0.16529124975204468,0,0.5
1,3,42,xgboost,449,25,0,0.1586233526468277,0,0.5
1,3,42,xgboost,451,41,0,0.2225683182477951,0,0.5
1,3,42,xgboost,467,190,0,0.46955224871635437,0,0.5
1,3,42,xgboost,468,371,0,0.4492798447608948,0,0.5
1,3,42,xgboost,470,483,0,0.32182756066322327,0,0.5
1,3,42,xgboost,474,122,0,0.4551447927951813,0,0.5
1,3,42,xgboost,489,71,0,0.13422046601772308,0,0.5
1,3,42,xgboost,494,671,0,0.09194515645503998,0,0.5
1,3,42,xgboost,508,262,0,0.12896354496479034,0,0.5
1,3,42,xgboost,518,76,1,0.21402426064014435,0,0.5
1,3,42,xgboost,520,474,0,0.3384099304676056,0,0.5
1,3,42,xgboost,528,662,1,0.5200912952423096,1,0.5
1,3,42,xgboost,538,162,0,0.4252106249332428,0,0.5
1,3,42,xgboost,549,559,0,0.4025140106678009,0,0.5
1,3,42,xgboost,562,648,0,0.2726407051086426,0,0.5
1,3,42,xgboost,574,133,0,0.35255733132362366,0,0.5
1,3,42,xgboost,575,176,0,0.3359999358654022,0,0.5
1,3,42,xgboost,577,504,0,0.38746851682662964,0,0.5
1,3,42,xgboost,580,318,0,0.5062026977539062,1,0.5
1,3,42,xgboost,582,539,0,0.36195632815361023,0,0.5
1,3,42,xgboost,588,225,0,0.4835328757762909,0,0.5
1,3,42,xgboost,596,363,0,0.3891095221042633,0,0.5
1,3,42,xgboost,598,710,0,0.5951583981513977,1,0.5
1,3,42,xgboost,605,336,0,0.4683105945587158,0,0.5
1,3,42,xgboost,610,478,0,0.4680570960044861,0,0.5
1,3,42,xgboost,625,421,0,0.5236521363258362,1,0.5
1,3,42,xgboost,627,826,0,0.5972225069999695,1,0.5
1,3,42,xgboost,632,260,0,0.5381812453269958,1,0.5
1,3,42,xgboost,636,326,0,0.27129244804382324,0,0.5
1,3,42,xgboost,639,756,1,0.7371516227722168,1,0.5
1,3,42,xgboost,644,755,0,0.22747129201889038,0,0.5
1,3,42,xgboost,647,0,0,0.15250539779663086,0,0.5
1,3,42,xgboost,652,814,0,0.2776593565940857,0,0.5
1,3,42,xgboost,661,704,1,0.3877907395362854,0,0.5
1,3,42,xgboost,662,638,1,0.43451830744743347,0,0.5
1,3,42,xgboost,663,510,1,0.44735315442085266,0,0.5
1,3,42,xgboost,664,340,0,0.3529110550880432,0,0.5
1,3,42,xgboost,665,8,0,0.20034709572792053,0,0.5
1,3,42,xgboost,666,420,0,0.5710707306861877,1,0.5
1,3,42,xgboost,668,98,1,0.3108553886413574,0,0.5
1,3,42,xgboost,670,538,0,0.44862809777259827,0,0.5
1,3,42,xgboost,677,439,0,0.46036434173583984,0,0.5
1,3,42,xgboost,678,42,0,0.2659805417060852,0,0.5
1,3,42,xgboost,683,254,0,0.5051498413085938,1,0.5
1,3,42,xgboost,685,449,0,0.3903946280479431,0,0.5
1,3,42,xgboost,687,317,0,0.44854581356048584,0,0.5
1,3,42,xgboost,691,731,0,0.5956054329872131,1,0.5
1,3,42,xgboost,720,342,0,0.26048874855041504,0,0.5
1,3,42,xgboost,734,44,0,0.20929205417633057,0,0.5
1,3,42,xgboost,741,12,0,0.08843541145324707,0,0.5
1,3,42,xgboost,742,422,0,0.46958646178245544,0,0.5
1,3,42,xgboost,743,415,0,0.10445187985897064,0,0.5
1,3,42,xgboost,748,801,0,0.4576700031757355,0,0.5
1,3,42,xgboost,751,744,0,0.2991701066493988,0,0.5
1,3,42,xgboost,758,403,0,0.3270837366580963,0,0.5
1,3,42,xgboost,759,401,1,0.3853466212749481,0,0.5
1,3,42,xgboost,762,164,0,0.744866132736206,1,0.5
1,3,42,xgboost,766,353,0,0.46146467328071594,0,0.5
1,3,42,xgboost,779,62,0,0.15896470844745636,0,0.5
1,3,42,xgboost,781,544,0,0.4238443076610565,0,0.5
1,3,42,xgboost,782,519,0,0.4037730395793915,0,0.5
1,3,42,xgboost,790,516,0,0.4025295078754425,0,0.5
1,3,42,xgboost,792,2,0,0.12344643473625183,0,0.5
1,3,42,xgboost,804,777,0,0.5281761884689331,1,0.5
1,3,42,xgboost,808,332,0,0.3029460608959198,0,0.5
1,3,42,xgboost,810,606,0,0.31237635016441345,0,0.5
1,3,42,xgboost,813,346,0,0.32023167610168457,0,0.5
1,3,42,xgboost,820,574,0,0.3532625138759613,0,0.5
1,3,42,xgboost,823,117,0,0.30399250984191895,0,0.5
1,3,42,xgboost,828,377,0,0.46146467328071594,0,0.5
1,3,42,xgboost,829,635,0,0.4072868525981903,0,0.5
1,4,42,dummy_prior,4,816,0,0.06466165413533835,0,0.5
1,4,42,dummy_prior,22,766,1,0.06466165413533835,0,0.5
1,4,42,dummy_prior,26,765,0,0.06466165413533835,0,0.5
1,4,42,dummy_prior,30,782,0,0.06466165413533835,0,0.5
1,4,42,dummy_prior,40,746,0,0.06466165413533835,0,0.5
1,4,42,dummy_prior,41,732,1,0.06466165413533835,0,0.5
1,4,42,dummy_prior,53,695,0,0.06466165413533835,0,0.5
1,4,42,dummy_prior,55,789,0,0.06466165413533835,0,0.5
1,4,42,dummy_prior,56,702,0,0.06466165413533835,0,0.5
1,4,42,dummy_prior,57,647,0,0.06466165413533835,0,0.5
1,4,42,dummy_prior,66,728,0,0.06466165413533835,0,0.5
1,4,42,dummy_prior,75,675,0,0.06466165413533835,0,0.5
1,4,42,dummy_prior,78,684,0,0.06466165413533835,0,0.5
1,4,42,dummy_prior,80,593,0,0.06466165413533835,0,0.5
1,4,42,dummy_prior,82,621,0,0.06466165413533835,0,0.5
1,4,42,dummy_prior,88,632,0,0.06466165413533835,0,0.5
1,4,42,dummy_prior,89,707,0,0.06466165413533835,0,0.5
1,4,42,dummy_prior,92,631,1,0.06466165413533835,0,0.5
1,4,42,dummy_prior,93,637,0,0.06466165413533835,0,0.5
1,4,42,dummy_prior,94,604,0,0.06466165413533835,0,0.5
1,4,42,dummy_prior,99,669,0,0.06466165413533835,0,0.5
1,4,42,dummy_prior,105,577,0,0.06466165413533835,0,0.5
1,4,42,dummy_prior,106,653,0,0.06466165413533835,0,0.5
1,4,42,dummy_prior,111,573,0,0.06466165413533835,0,0.5
1,4,42,dummy_prior,112,328,0,0.06466165413533835,0,0.5
1,4,42,dummy_prior,121,592,0,0.06466165413533835,0,0.5
1,4,42,dummy_prior,144,595,0,0.06466165413533835,0,0.5
1,4,42,dummy_prior,146,533,0,0.06466165413533835,0,0.5
1,4,42,dummy_prior,148,594,0,0.06466165413533835,0,0.5
1,4,42,dummy_prior,151,438,0,0.06466165413533835,0,0.5
1,4,42,dummy_prior,152,423,0,0.06466165413533835,0,0.5
1,4,42,dummy_prior,158,463,0,0.06466165413533835,0,0.5
1,4,42,dummy_prior,160,490,0,0.06466165413533835,0,0.5
1,4,42,dummy_prior,161,481,0,0.06466165413533835,0,0.5
1,4,42,dummy_prior,165,515,0,0.06466165413533835,0,0.5
1,4,42,dummy_prior,172,529,0,0.06466165413533835,0,0.5
1,4,42,dummy_prior,174,412,0,0.06466165413533835,0,0.5
1,4,42,dummy_prior,180,462,0,0.06466165413533835,0,0.5
1,4,42,dummy_prior,185,404,0,0.06466165413533835,0,0.5
1,4,42,dummy_prior,189,513,0,0.06466165413533835,0,0.5
1,4,42,dummy_prior,193,397,0,0.06466165413533835,0,0.5
1,4,42,dummy_prior,196,442,0,0.06466165413533835,0,0.5
1,4,42,dummy_prior,198,460,0,0.06466165413533835,0,0.5
1,4,42,dummy_prior,200,441,0,0.06466165413533835,0,0.5
1,4,42,dummy_prior,204,388,1,0.06466165413533835,0,0.5
1,4,42,dummy_prior,207,470,0,0.06466165413533835,0,0.5
1,4,42,dummy_prior,209,399,0,0.06466165413533835,0,0.5
1,4,42,dummy_prior,213,550,1,0.06466165413533835,0,0.5
1,4,42,dummy_prior,216,408,0,0.06466165413533835,0,0.5
1,4,42,dummy_prior,217,503,0,0.06466165413533835,0,0.5
1,4,42,dummy_prior,222,278,0,0.06466165413533835,0,0.5
1,4,42,dummy_prior,227,585,0,0.06466165413533835,0,0.5
1,4,42,dummy_prior,233,378,0,0.06466165413533835,0,0.5
1,4,42,dummy_prior,234,343,0,0.06466165413533835,0,0.5
1,4,42,dummy_prior,238,334,0,0.06466165413533835,0,0.5
1,4,42,dummy_prior,241,402,0,0.06466165413533835,0,0.5
1,4,42,dummy_prior,258,227,0,0.06466165413533835,0,0.5
1,4,42,dummy_prior,260,296,0,0.06466165413533835,0,0.5
1,4,42,dummy_prior,262,247,0,0.06466165413533835,0,0.5
1,4,42,dummy_prior,266,410,0,0.06466165413533835,0,0.5
1,4,42,dummy_prior,269,330,0,0.06466165413533835,0,0.5
1,4,42,dummy_prior,286,419,0,0.06466165413533835,0,0.5
1,4,42,dummy_prior,302,201,0,0.06466165413533835,0,0.5
1,4,42,dummy_prior,311,215,1,0.06466165413533835,0,0.5
1,4,42,dummy_prior,316,293,0,0.06466165413533835,0,0.5
1,4,42,dummy_prior,323,217,0,0.06466165413533835,0,0.5
1,4,42,dummy_prior,335,200,0,0.06466165413533835,0,0.5
1,4,42,dummy_prior,337,148,0,0.06466165413533835,0,0.5
1,4,42,dummy_prior,355,733,0,0.06466165413533835,0,0.5
1,4,42,dummy_prior,356,339,0,0.06466165413533835,0,0.5
1,4,42,dummy_prior,362,143,0,0.06466165413533835,0,0.5
1,4,42,dummy_prior,363,127,0,0.06466165413533835,0,0.5
1,4,42,dummy_prior,369,312,0,0.06466165413533835,0,0.5
1,4,42,dummy_prior,370,243,0,0.06466165413533835,0,0.5
1,4,42,dummy_prior,371,249,0,0.06466165413533835,0,0.5
1,4,42,dummy_prior,372,786,0,0.06466165413533835,0,0.5
1,4,42,dummy_prior,373,172,1,0.06466165413533835,0,0.5
1,4,42,dummy_prior,387,69,0,0.06466165413533835,0,0.5
1,4,42,dummy_prior,393,115,0,0.06466165413533835,0,0.5
1,4,42,dummy_prior,396,210,0,0.06466165413533835,0,0.5
1,4,42,dummy_prior,404,171,0,0.06466165413533835,0,0.5
1,4,42,dummy_prior,409,70,0,0.06466165413533835,0,0.5
1,4,42,dummy_prior,416,181,0,0.06466165413533835,0,0.5
1,4,42,dummy_prior,417,35,0,0.06466165413533835,0,0.5
1,4,42,dummy_prior,418,114,0,0.06466165413533835,0,0.5
1,4,42,dummy_prior,421,73,0,0.06466165413533835,0,0.5
1,4,42,dummy_prior,427,26,0,0.06466165413533835,0,0.5
1,4,42,dummy_prior,438,34,0,0.06466165413533835,0,0.5
1,4,42,dummy_prior,441,77,0,0.06466165413533835,0,0.5
1,4,42,dummy_prior,448,1,0,0.06466165413533835,0,0.5
1,4,42,dummy_prior,452,11,0,0.06466165413533835,0,0.5
1,4,42,dummy_prior,457,787,0,0.06466165413533835,0,0.5
1,4,42,dummy_prior,459,154,0,0.06466165413533835,0,0.5
1,4,42,dummy_prior,464,575,0,0.06466165413533835,0,0.5
1,4,42,dummy_prior,473,375,0,0.06466165413533835,0,0.5
1,4,42,dummy_prior,475,658,0,0.06466165413533835,0,0.5
1,4,42,dummy_prior,480,663,0,0.06466165413533835,0,0.5
1,4,42,dummy_prior,482,763,0,0.06466165413533835,0,0.5
1,4,42,dummy_prior,483,610,0,0.06466165413533835,0,0.5
1,4,42,dummy_prior,484,369,0,0.06466165413533835,0,0.5
1,4,42,dummy_prior,485,735,0,0.06466165413533835,0,0.5
1,4,42,dummy_prior,487,306,0,0.06466165413533835,0,0.5
1,4,42,dummy_prior,488,711,0,0.06466165413533835,0,0.5
1,4,42,dummy_prior,493,38,0,0.06466165413533835,0,0.5
1,4,42,dummy_prior,498,174,0,0.06466165413533835,0,0.5
1,4,42,dummy_prior,500,362,0,0.06466165413533835,0,0.5
1,4,42,dummy_prior,504,37,0,0.06466165413533835,0,0.5
1,4,42,dummy_prior,510,652,0,0.06466165413533835,0,0.5
1,4,42,dummy_prior,521,146,0,0.06466165413533835,0,0.5
1,4,42,dummy_prior,525,213,0,0.06466165413533835,0,0.5
1,4,42,dummy_prior,527,58,0,0.06466165413533835,0,0.5
1,4,42,dummy_prior,529,191,0,0.06466165413533835,0,0.5
1,4,42,dummy_prior,530,639,0,0.06466165413533835,0,0.5
1,4,42,dummy_prior,533,20,0,0.06466165413533835,0,0.5
1,4,42,dummy_prior,534,435,0,0.06466165413533835,0,0.5
1,4,42,dummy_prior,543,426,0,0.06466165413533835,0,0.5
1,4,42,dummy_prior,550,257,0,0.06466165413533835,0,0.5
1,4,42,dummy_prior,552,523,0,0.06466165413533835,0,0.5
1,4,42,dummy_prior,553,309,0,0.06466165413533835,0,0.5
1,4,42,dummy_prior,558,59,0,0.06466165413533835,0,0.5
1,4,42,dummy_prior,560,315,0,0.06466165413533835,0,0.5
1,4,42,dummy_prior,568,244,0,0.06466165413533835,0,0.5
1,4,42,dummy_prior,579,440,0,0.06466165413533835,0,0.5
1,4,42,dummy_prior,584,135,0,0.06466165413533835,0,0.5
1,4,42,dummy_prior,585,416,0,0.06466165413533835,0,0.5
1,4,42,dummy_prior,600,118,0,0.06466165413533835,0,0.5
1,4,42,dummy_prior,607,187,0,0.06466165413533835,0,0.5
1,4,42,dummy_prior,609,261,0,0.06466165413533835,0,0.5
1,4,42,dummy_prior,612,741,0,0.06466165413533835,0,0.5
1,4,42,dummy_prior,615,625,0,0.06466165413533835,0,0.5
1,4,42,dummy_prior,618,21,0,0.06466165413533835,0,0.5
1,4,42,dummy_prior,619,285,0,0.06466165413533835,0,0.5
1,4,42,dummy_prior,622,277,0,0.06466165413533835,0,0.5
1,4,42,dummy_prior,626,788,0,0.06466165413533835,0,0.5
1,4,42,dummy_prior,628,216,1,0.06466165413533835,0,0.5
1,4,42,dummy_prior,631,294,0,0.06466165413533835,0,0.5
1,4,42,dummy_prior,655,821,0,0.06466165413533835,0,0.5
1,4,42,dummy_prior,674,111,0,0.06466165413533835,0,0.5
1,4,42,dummy_prior,679,781,0,0.06466165413533835,0,0.5
1,4,42,dummy_prior,680,806,0,0.06466165413533835,0,0.5
1,4,42,dummy_prior,681,81,0,0.06466165413533835,0,0.5
1,4,42,dummy_prior,688,31,0,0.06466165413533835,0,0.5
1,4,42,dummy_prior,690,144,0,0.06466165413533835,0,0.5
1,4,42,dummy_prior,709,6,0,0.06466165413533835,0,0.5
1,4,42,dummy_prior,721,218,0,0.06466165413533835,0,0.5
1,4,42,dummy_prior,727,166,1,0.06466165413533835,0,0.5
1,4,42,dummy_prior,735,607,0,0.06466165413533835,0,0.5
1,4,42,dummy_prior,736,139,0,0.06466165413533835,0,0.5
1,4,42,dummy_prior,737,785,0,0.06466165413533835,0,0.5
1,4,42,dummy_prior,746,113,0,0.06466165413533835,0,0.5
1,4,42,dummy_prior,747,23,0,0.06466165413533835,0,0.5
1,4,42,dummy_prior,752,136,0,0.06466165413533835,0,0.5
1,4,42,dummy_prior,756,528,0,0.06466165413533835,0,0.5
1,4,42,dummy_prior,760,256,0,0.06466165413533835,0,0.5
1,4,42,dummy_prior,768,690,0,0.06466165413533835,0,0.5
1,4,42,dummy_prior,770,645,1,0.06466165413533835,0,0.5
1,4,42,dummy_prior,774,691,0,0.06466165413533835,0,0.5
1,4,42,dummy_prior,775,14,0,0.06466165413533835,0,0.5
1,4,42,dummy_prior,788,549,0,0.06466165413533835,0,0.5
1,4,42,dummy_prior,793,352,0,0.06466165413533835,0,0.5
1,4,42,dummy_prior,795,726,0,0.06466165413533835,0,0.5
1,4,42,dummy_prior,796,644,0,0.06466165413533835,0,0.5
1,4,42,dummy_prior,799,650,0,0.06466165413533835,0,0.5
1,4,42,dummy_prior,812,601,0,0.06466165413533835,0,0.5
1,4,42,dummy_prior,814,297,0,0.06466165413533835,0,0.5
1,4,42,dummy_prior,818,132,0,0.06466165413533835,0,0.5
1,4,42,logistic_regression,4,816,0,0.6467725217904351,1,0.5
1,4,42,logistic_regression,22,766,1,0.6734855976137861,1,0.5
1,4,42,logistic_regression,26,765,0,0.5132820515673251,1,0.5
1,4,42,logistic_regression,30,782,0,0.7813773514598211,1,0.5
1,4,42,logistic_regression,40,746,0,0.44045227571953277,0,0.5
1,4,42,logistic_regression,41,732,1,0.8275762651512382,1,0.5
1,4,42,logistic_regression,53,695,0,0.557685361096121,1,0.5
1,4,42,logistic_regression,55,789,0,0.691659305184257,1,0.5
1,4,42,logistic_regression,56,702,0,0.524847405593122,1,0.5
1,4,42,logistic_regression,57,647,0,0.4905828176169757,0,0.5
1,4,42,logistic_regression,66,728,0,0.592583487643578,1,0.5
1,4,42,logistic_regression,75,675,0,0.5760786597348413,1,0.5
1,4,42,logistic_regression,78,684,0,0.41024178756907614,0,0.5
1,4,42,logistic_regression,80,593,0,0.6691214593009499,1,0.5
1,4,42,logistic_regression,82,621,0,0.5173412980532054,1,0.5
1,4,42,logistic_regression,88,632,0,0.3532549234973432,0,0.5
1,4,42,logistic_regression,89,707,0,0.23494865093403977,0,0.5
1,4,42,logistic_regression,92,631,1,0.32917838229754137,0,0.5
1,4,42,logistic_regression,93,637,0,0.4631201004972244,0,0.5
1,4,42,logistic_regression,94,604,0,0.19680111502275666,0,0.5
1,4,42,logistic_regression,99,669,0,0.5012809340634613,1,0.5
1,4,42,logistic_regression,105,577,0,0.6097838536124505,1,0.5
1,4,42,logistic_regression,106,653,0,0.45972468750249473,0,0.5
1,4,42,logistic_regression,111,573,0,0.7904455547894113,1,0.5
1,4,42,logistic_regression,112,328,0,0.4118581131211785,0,0.5
1,4,42,logistic_regression,121,592,0,0.5129689505918198,1,0.5
1,4,42,logistic_regression,144,595,0,0.5792121980061951,1,0.5
1,4,42,logistic_regression,146,533,0,0.3636854297830441,0,0.5
1,4,42,logistic_regression,148,594,0,0.22634310440149988,0,0.5
1,4,42,logistic_regression,151,438,0,0.46078346034417894,0,0.5
1,4,42,logistic_regression,152,423,0,0.47123331507866295,0,0.5
1,4,42,logistic_regression,158,463,0,0.48085073050729227,0,0.5
1,4,42,logistic_regression,160,490,0,0.472911822393124,0,0.5
1,4,42,logistic_regression,161,481,0,0.40621482181089313,0,0.5
1,4,42,logistic_regression,165,515,0,0.46660749944936475,0,0.5
1,4,42,logistic_regression,172,529,0,0.784509321287836,1,0.5
1,4,42,logistic_regression,174,412,0,0.39803994660522074,0,0.5
1,4,42,logistic_regression,180,462,0,0.41320770243975385,0,0.5
1,4,42,logistic_regression,185,404,0,0.91085806347236,1,0.5
1,4,42,logistic_regression,189,513,0,0.4785794387308736,0,0.5
1,4,42,logistic_regression,193,397,0,0.4465244194113221,0,0.5
1,4,42,logistic_regression,196,442,0,0.5333545910388983,1,0.5
1,4,42,logistic_regression,198,460,0,0.434874279449126,0,0.5
1,4,42,logistic_regression,200,441,0,0.5107683146397767,1,0.5
1,4,42,logistic_regression,204,388,1,0.3996968527743267,0,0.5
1,4,42,logistic_regression,207,470,0,0.4101964022235044,0,0.5
1,4,42,logistic_regression,209,399,0,0.5740971410818764,1,0.5
1,4,42,logistic_regression,213,550,1,0.45704763822343764,0,0.5
1,4,42,logistic_regression,216,408,0,0.44242703340256667,0,0.5
1,4,42,logistic_regression,217,503,0,0.44804703141891505,0,0.5
1,4,42,logistic_regression,222,278,0,0.40083961093474446,0,0.5
1,4,42,logistic_regression,227,585,0,0.19017909013448708,0,0.5
1,4,42,logistic_regression,233,378,0,0.3799918416863311,0,0.5
1,4,42,logistic_regression,234,343,0,0.7789179846385837,1,0.5
1,4,42,logistic_regression,238,334,0,0.4418566110810494,0,0.5
1,4,42,logistic_regression,241,402,0,0.18859984171052763,0,0.5
1,4,42,logistic_regression,258,227,0,0.4240297502305341,0,0.5
1,4,42,logistic_regression,260,296,0,0.2497086605940637,0,0.5
1,4,42,logistic_regression,262,247,0,0.5291736570829221,1,0.5
1,4,42,logistic_regression,266,410,0,0.4234741554889161,0,0.5
1,4,42,logistic_regression,269,330,0,0.23317332284808728,0,0.5
1,4,42,logistic_regression,286,419,0,0.43105962624375105,0,0.5
1,4,42,logistic_regression,302,201,0,0.45708408442830445,0,0.5
1,4,42,logistic_regression,311,215,1,0.4170163852951977,0,0.5
1,4,42,logistic_regression,316,293,0,0.1628795850081261,0,0.5
1,4,42,logistic_regression,323,217,0,0.35734755519094535,0,0.5
1,4,42,logistic_regression,335,200,0,0.22720218371926487,0,0.5
1,4,42,logistic_regression,337,148,0,0.38550892125204184,0,0.5
1,4,42,logistic_regression,355,733,0,0.4680485507788526,0,0.5
1,4,42,logistic_regression,356,339,0,0.40319370150566836,0,0.5
1,4,42,logistic_regression,362,143,0,0.3915253508756168,0,0.5
1,4,42,logistic_regression,363,127,0,0.39488375322857183,0,0.5
1,4,42,logistic_regression,369,312,0,0.3824603050758919,0,0.5
1,4,42,logistic_regression,370,243,0,0.314158909436324,0,0.5
1,4,42,logistic_regression,371,249,0,0.41078495287213396,0,0.5
1,4,42,logistic_regression,372,786,0,0.8015425318962153,1,0.5
1,4,42,logistic_regression,373,172,1,0.4523630348166098,0,0.5
1,4,42,logistic_regression,387,69,0,0.14602421724201153,0,0.5
1,4,42,logistic_regression,393,115,0,0.14366497345370247,0,0.5
1,4,42,logistic_regression,396,210,0,0.46812763386247086,0,0.5
1,4,42,logistic_regression,404,171,0,0.4390778809616611,0,0.5
1,4,42,logistic_regression,409,70,0,0.4380113538961795,0,0.5
1,4,42,logistic_regression,416,181,0,0.7054941499091236,1,0.5
1,4,42,logistic_regression,417,35,0,0.4245546649690229,0,0.5
1,4,42,logistic_regression,418,114,0,0.7509070492906216,1,0.5
1,4,42,logistic_regression,421,73,0,0.3835799821314442,0,0.5
1,4,42,logistic_regression,427,26,0,0.4142519690833227,0,0.5
1,4,42,logistic_regression,438,34,0,0.40544216238047565,0,0.5
1,4,42,logistic_regression,441,77,0,0.2555728773961329,0,0.5
1,4,42,logistic_regression,448,1,0,0.433856142340017,0,0.5
1,4,42,logistic_regression,452,11,0,0.23467238009156283,0,0.5
1,4,42,logistic_regression,457,787,0,0.5477999140060941,1,0.5
1,4,42,logistic_regression,459,154,0,0.4576012118361361,0,0.5
1,4,42,logistic_regression,464,575,0,0.12264295216851723,0,0.5
1,4,42,logistic_regression,473,375,0,0.35492646345145334,0,0.5
1,4,42,logistic_regression,475,658,0,0.3814438143182209,0,0.5
1,4,42,logistic_regression,480,663,0,0.7311383374705104,1,0.5
1,4,42,logistic_regression,482,763,0,0.3429912281648754,0,0.5
1,4,42,logistic_regression,483,610,0,0.4581880861771934,0,0.5
1,4,42,logistic_regression,484,369,0,0.5030182415768016,1,0.5
1,4,42,logistic_regression,485,735,0,0.5839925529595044,1,0.5
1,4,42,logistic_regression,487,306,0,0.18502843762021207,0,0.5
1,4,42,logistic_regression,488,711,0,0.5213139957396514,1,0.5
1,4,42,logistic_regression,493,38,0,0.37069251401782255,0,0.5
1,4,42,logistic_regression,498,174,0,0.3875141440672927,0,0.5
1,4,42,logistic_regression,500,362,0,0.4771323153671322,0,0.5
1,4,42,logistic_regression,504,37,0,0.38781919009779253,0,0.5
1,4,42,logistic_regression,510,652,0,0.5008560736905984,1,0.5
1,4,42,logistic_regression,521,146,0,0.17294850062133263,0,0.5
1,4,42,logistic_regression,525,213,0,0.7087160590513315,1,0.5
1,4,42,logistic_regression,527,58,0,0.3937568616083925,0,0.5
1,4,42,logistic_regression,529,191,0,0.43309253640580514,0,0.5
1,4,42,logistic_regression,530,639,0,0.1981200288616861,0,0.5
1,4,42,logistic_regression,533,20,0,0.4252677866401157,0,0.5
1,4,42,logistic_regression,534,435,0,0.42143695985184426,0,0.5
1,4,42,logistic_regression,543,426,0,0.24484719312597475,0,0.5
1,4,42,logistic_regression,550,257,0,0.44687663276470757,0,0.5
1,4,42,logistic_regression,552,523,0,0.46931381587461984,0,0.5
1,4,42,logistic_regression,553,309,0,0.40929869397359914,0,0.5
1,4,42,logistic_regression,558,59,0,0.42009165733729537,0,0.5
1,4,42,logistic_regression,560,315,0,0.4364723539213588,0,0.5
1,4,42,logistic_regression,568,244,0,0.41275745724317275,0,0.5
1,4,42,logistic_regression,579,440,0,0.20390338003314654,0,0.5
1,4,42,logistic_regression,584,135,0,0.40066927293325333,0,0.5
1,4,42,logistic_regression,585,416,0,0.4975183904165538,0,0.5
1,4,42,logistic_regression,600,118,0,0.41031863733712787,0,0.5
1,4,42,logistic_regression,607,187,0,0.46853028629248655,0,0.5
1,4,42,logistic_regression,609,261,0,0.1781321736197811,0,0.5
1,4,42,logistic_regression,612,741,0,0.49309916492117795,0,0.5
1,4,42,logistic_regression,615,625,0,0.544175082369354,1,0.5
1,4,42,logistic_regression,618,21,0,0.4130291548986113,0,0.5
1,4,42,logistic_regression,619,285,0,0.46291278640703876,0,0.5
1,4,42,logistic_regression,622,277,0,0.44083871159407767,0,0.5
1,4,42,logistic_regression,626,788,0,0.658747677660699,1,0.5
1,4,42,logistic_regression,628,216,1,0.5650822299854926,1,0.5
1,4,42,logistic_regression,631,294,0,0.3950072135137188,0,0.5
1,4,42,logistic_regression,655,821,0,0.48577320496873655,0,0.5
1,4,42,logistic_regression,674,111,0,0.6382714788041655,1,0.5
1,4,42,logistic_regression,679,781,0,0.6422278498698369,1,0.5
1,4,42,logistic_regression,680,806,0,0.2769069631178742,0,0.5
1,4,42,logistic_regression,681,81,0,0.5214887927005545,1,0.5
1,4,42,logistic_regression,688,31,0,0.4086166032957289,0,0.5
1,4,42,logistic_regression,690,144,0,0.45421351906307794,0,0.5
1,4,42,logistic_regression,709,6,0,0.1758020625346094,0,0.5
1,4,42,logistic_regression,721,218,0,0.38152421562167543,0,0.5
1,4,42,logistic_regression,727,166,1,0.5559007999380007,1,0.5
1,4,42,logistic_regression,735,607,0,0.18148392479158587,0,0.5
1,4,42,logistic_regression,736,139,0,0.16376778673362186,0,0.5
1,4,42,logistic_regression,737,785,0,0.5475728109525776,1,0.5
1,4,42,logistic_regression,746,113,0,0.20533032377726096,0,0.5
1,4,42,logistic_regression,747,23,0,0.30383528763465695,0,0.5
1,4,42,logistic_regression,752,136,0,0.16697981434139494,0,0.5
1,4,42,logistic_regression,756,528,0,0.47527322799617444,0,0.5
1,4,42,logistic_regression,760,256,0,0.5210024830930545,1,0.5
1,4,42,logistic_regression,768,690,0,0.7085077812732794,1,0.5
1,4,42,logistic_regression,770,645,1,0.4842302067625137,0,0.5
1,4,42,logistic_regression,774,691,0,0.5594287335714403,1,0.5
1,4,42,logistic_regression,775,14,0,0.38173696812117586,0,0.5
1,4,42,logistic_regression,788,549,0,0.5655669202947402,1,0.5
1,4,42,logistic_regression,793,352,0,0.5386023303049523,1,0.5
1,4,42,logistic_regression,795,726,0,0.3135838764806273,0,0.5
1,4,42,logistic_regression,796,644,0,0.4137417250922465,0,0.5
1,4,42,logistic_regression,799,650,0,0.4969582026091821,0,0.5
1,4,42,logistic_regression,812,601,0,0.46843426018339185,0,0.5
1,4,42,logistic_regression,814,297,0,0.41581222795969225,0,0.5
1,4,42,logistic_regression,818,132,0,0.4041750084136323,0,0.5
1,4,42,xgboost,4,816,0,0.5733718872070312,1,0.5
1,4,42,xgboost,22,766,1,0.38544729351997375,0,0.5
1,4,42,xgboost,26,765,0,0.09837720543146133,0,0.5
1,4,42,xgboost,30,782,0,0.6837087273597717,1,0.5
1,4,42,xgboost,40,746,0,0.2077777087688446,0,0.5
1,4,42,xgboost,41,732,1,0.44423869252204895,0,0.5
1,4,42,xgboost,53,695,0,0.657998263835907,1,0.5
1,4,42,xgboost,55,789,0,0.42428627610206604,0,0.5
1,4,42,xgboost,56,702,0,0.6440033316612244,1,0.5
1,4,42,xgboost,57,647,0,0.056031402200460434,0,0.5
1,4,42,xgboost,66,728,0,0.2803911864757538,0,0.5
1,4,42,xgboost,75,675,0,0.19193553924560547,0,0.5
1,4,42,xgboost,78,684,0,0.6158972978591919,1,0.5
1,4,42,xgboost,80,593,0,0.27795374393463135,0,0.5
1,4,42,xgboost,82,621,0,0.16638918220996857,0,0.5
1,4,42,xgboost,88,632,0,0.0667109563946724,0,0.5
1,4,42,xgboost,89,707,0,0.006178081966936588,0,0.5
1,4,42,xgboost,92,631,1,0.09673791378736496,0,0.5
1,4,42,xgboost,93,637,0,0.23118166625499725,0,0.5
1,4,42,xgboost,94,604,0,0.03027753345668316,0,0.5
1,4,42,xgboost,99,669,0,0.09679945558309555,0,0.5
1,4,42,xgboost,105,577,0,0.5158424973487854,1,0.5
1,4,42,xgboost,106,653,0,0.10025560855865479,0,0.5
1,4,42,xgboost,111,573,0,0.27407148480415344,0,0.5
1,4,42,xgboost,112,328,0,0.055413953959941864,0,0.5
1,4,42,xgboost,121,592,0,0.1252804547548294,0,0.5
1,4,42,xgboost,144,595,0,0.049310605973005295,0,0.5
1,4,42,xgboost,146,533,0,0.33284035325050354,0,0.5
1,4,42,xgboost,148,594,0,0.014072674326598644,0,0.5
1,4,42,xgboost,151,438,0,0.14318864047527313,0,0.5
1,4,42,xgboost,152,423,0,0.17843593657016754,0,0.5
1,4,42,xgboost,158,463,0,0.16849659383296967,0,0.5
1,4,42,xgboost,160,490,0,0.2926277816295624,0,0.5
1,4,42,xgboost,161,481,0,0.09575952589511871,0,0.5
1,4,42,xgboost,165,515,0,0.10739296674728394,0,0.5
1,4,42,xgboost,172,529,0,0.6904851794242859,1,0.5
1,4,42,xgboost,174,412,0,0.49829280376434326,0,0.5
1,4,42,xgboost,180,462,0,0.24970251321792603,0,0.5
1,4,42,xgboost,185,404,0,0.7266860008239746,1,0.5
1,4,42,xgboost,189,513,0,0.6053664088249207,1,0.5
1,4,42,xgboost,193,397,0,0.29431796073913574,0,0.5
1,4,42,xgboost,196,442,0,0.3799520432949066,0,0.5
1,4,42,xgboost,198,460,0,0.3842574656009674,0,0.5
1,4,42,xgboost,200,441,0,0.5719099640846252,1,0.5
1,4,42,xgboost,204,388,1,0.3077332675457001,0,0.5
1,4,42,xgboost,207,470,0,0.3750312626361847,0,0.5
1,4,42,xgboost,209,399,0,0.34083861112594604,0,0.5
1,4,42,xgboost,213,550,1,0.17181609570980072,0,0.5
1,4,42,xgboost,216,408,0,0.07959622889757156,0,0.5
1,4,42,xgboost,217,503,0,0.7060027122497559,1,0.5
1,4,42,xgboost,222,278,0,0.07920531928539276,0,0.5
1,4,42,xgboost,227,585,0,0.035426802933216095,0,0.5
1,4,42,xgboost,233,378,0,0.2801492512226105,0,0.5
1,4,42,xgboost,234,343,0,0.18419915437698364,0,0.5
1,4,42,xgboost,238,334,0,0.11766734719276428,0,0.5
1,4,42,xgboost,241,402,0,0.021926935762166977,0,0.5
1,4,42,xgboost,258,227,0,0.3675236403942108,0,0.5
1,4,42,xgboost,260,296,0,0.010883626528084278,0,0.5
1,4,42,xgboost,262,247,0,0.6311265230178833,1,0.5
1,4,42,xgboost,266,410,0,0.3209819793701172,0,0.5
1,4,42,xgboost,269,330,0,0.04542376473546028,0,0.5
1,4,42,xgboost,286,419,0,0.30729159712791443,0,0.5
1,4,42,xgboost,302,201,0,0.4096377491950989,0,0.5
1,4,42,xgboost,311,215,1,0.2340073585510254,0,0.5
1,4,42,xgboost,316,293,0,0.021421700716018677,0,0.5
1,4,42,xgboost,323,217,0,0.42782312631607056,0,0.5
1,4,42,xgboost,335,200,0,0.03148774430155754,0,0.5
1,4,42,xgboost,337,148,0,0.5188565254211426,1,0.5
1,4,42,xgboost,355,733,0,0.03615720570087433,0,0.5
1,4,42,xgboost,356,339,0,0.05362094193696976,0,0.5
1,4,42,xgboost,362,143,0,0.29802292585372925,0,0.5
1,4,42,xgboost,363,127,0,0.385891854763031,0,0.5
1,4,42,xgboost,369,312,0,0.3400130271911621,0,0.5
1,4,42,xgboost,370,243,0,0.40358996391296387,0,0.5
1,4,42,xgboost,371,249,0,0.5285776257514954,1,0.5
1,4,42,xgboost,372,786,0,0.10341978818178177,0,0.5
1,4,42,xgboost,373,172,1,0.558486819267273,1,0.5
1,4,42,xgboost,387,69,0,0.01744999550282955,0,0.5
1,4,42,xgboost,393,115,0,0.025996120646595955,0,0.5
1,4,42,xgboost,396,210,0,0.1503337323665619,0,0.5
1,4,42,xgboost,404,171,0,0.499612033367157,0,0.5
1,4,42,xgboost,409,70,0,0.08343785256147385,0,0.5
1,4,42,xgboost,416,181,0,0.9087480902671814,1,0.5
1,4,42,xgboost,417,35,0,0.05810229852795601,0,0.5
1,4,42,xgboost,418,114,0,0.19128243625164032,0,0.5
1,4,42,xgboost,421,73,0,0.12534089386463165,0,0.5
1,4,42,xgboost,427,26,0,0.044061340391635895,0,0.5
1,4,42,xgboost,438,34,0,0.09345398098230362,0,0.5
1,4,42,xgboost,441,77,0,0.23507599532604218,0,0.5
1,4,42,xgboost,448,1,0,0.039541468024253845,0,0.5
1,4,42,xgboost,452,11,0,0.10981808602809906,0,0.5
1,4,42,xgboost,457,787,0,0.06730055063962936,0,0.5
1,4,42,xgboost,459,154,0,0.1671435534954071,0,0.5
1,4,42,xgboost,464,575,0,0.016762731596827507,0,0.5
1,4,42,xgboost,473,375,0,0.1415005922317505,0,0.5
1,4,42,xgboost,475,658,0,0.059738293290138245,0,0.5
1,4,42,xgboost,480,663,0,0.24298787117004395,0,0.5
1,4,42,xgboost,482,763,0,0.0301472507417202,0,0.5
1,4,42,xgboost,483,610,0,0.038854602724313736,0,0.5
1,4,42,xgboost,484,369,0,0.14067409932613373,0,0.5
1,4,42,xgboost,485,735,0,0.0346437469124794,0,0.5
1,4,42,xgboost,487,306,0,0.035123493522405624,0,0.5
1,4,42,xgboost,488,711,0,0.30602478981018066,0,0.5
1,4,42,xgboost,493,38,0,0.047021571546792984,0,0.5
1,4,42,xgboost,498,174,0,0.2983039617538452,0,0.5
1,4,42,xgboost,500,362,0,0.10423275828361511,0,0.5
1,4,42,xgboost,504,37,0,0.051274120807647705,0,0.5
1,4,42,xgboost,510,652,0,0.23997372388839722,0,0.5
1,4,42,xgboost,521,146,0,0.046057138592004776,0,0.5
1,4,42,xgboost,525,213,0,0.2877874970436096,0,0.5
1,4,42,xgboost,527,58,0,0.06589657068252563,0,0.5
1,4,42,xgboost,529,191,0,0.2430671751499176,0,0.5
1,4,42,xgboost,530,639,0,0.038779117166996,0,0.5
1,4,42,xgboost,533,20,0,0.13420847058296204,0,0.5
1,4,42,xgboost,534,435,0,0.5778953433036804,1,0.5
1,4,42,xgboost,543,426,0,0.03289169818162918,0,0.5
1,4,42,xgboost,550,257,0,0.47954368591308594,0,0.5
1,4,42,xgboost,552,523,0,0.3627065122127533,0,0.5
1,4,42,xgboost,553,309,0,0.13664668798446655,0,0.5
1,4,42,xgboost,558,59,0,0.05110064148902893,0,0.5
1,4,42,xgboost,560,315,0,0.1598023623228073,0,0.5
1,4,42,xgboost,568,244,0,0.46023693680763245,0,0.5
1,4,42,xgboost,579,440,0,0.05114680156111717,0,0.5
1,4,42,xgboost,584,135,0,0.15193936228752136,0,0.5
1,4,42,xgboost,585,416,0,0.3809778392314911,0,0.5
1,4,42,xgboost,600,118,0,0.09936657547950745,0,0.5
1,4,42,xgboost,607,187,0,0.5463945865631104,1,0.5
1,4,42,xgboost,609,261,0,0.0927707850933075,0,0.5
1,4,42,xgboost,612,741,0,0.07283102720975876,0,0.5
1,4,42,xgboost,615,625,0,0.2745504081249237,0,0.5
1,4,42,xgboost,618,21,0,0.047487739473581314,0,0.5
1,4,42,xgboost,619,285,0,0.12192633748054504,0,0.5
1,4,42,xgboost,622,277,0,0.47072291374206543,0,0.5
1,4,42,xgboost,626,788,0,0.03283144533634186,0,0.5
1,4,42,xgboost,628,216,1,0.3516784906387329,0,0.5
1,4,42,xgboost,631,294,0,0.39752626419067383,0,0.5
1,4,42,xgboost,655,821,0,0.21902288496494293,0,0.5
1,4,42,xgboost,674,111,0,0.28379830718040466,0,0.5
1,4,42,xgboost,679,781,0,0.2440728396177292,0,0.5
1,4,42,xgboost,680,806,0,0.003031922737136483,0,0.5
1,4,42,xgboost,681,81,0,0.593376874923706,1,0.5
1,4,42,xgboost,688,31,0,0.04165564104914665,0,0.5
1,4,42,xgboost,690,144,0,0.34039515256881714,0,0.5
1,4,42,xgboost,709,6,0,0.009839649312198162,0,0.5
1,4,42,xgboost,721,218,0,0.2449270337820053,0,0.5
1,4,42,xgboost,727,166,1,0.6127216815948486,1,0.5
1,4,42,xgboost,735,607,0,0.015051447786390781,0,0.5
1,4,42,xgboost,736,139,0,0.05571849271655083,0,0.5
1,4,42,xgboost,737,785,0,0.13657860457897186,0,0.5
1,4,42,xgboost,746,113,0,0.009352500550448895,0,0.5
1,4,42,xgboost,747,23,0,0.011009255424141884,0,0.5
1,4,42,xgboost,752,136,0,0.03898238390684128,0,0.5
1,4,42,xgboost,756,528,0,0.31600600481033325,0,0.5
1,4,42,xgboost,760,256,0,0.2888411283493042,0,0.5
1,4,42,xgboost,768,690,0,0.9356271028518677,1,0.5
1,4,42,xgboost,770,645,1,0.47086912393569946,0,0.5
1,4,42,xgboost,774,691,0,0.6217554807662964,1,0.5
1,4,42,xgboost,775,14,0,0.03350107744336128,0,0.5
1,4,42,xgboost,788,549,0,0.14284899830818176,0,0.5
1,4,42,xgboost,793,352,0,0.3125673532485962,0,0.5
1,4,42,xgboost,795,726,0,0.0811709463596344,0,0.5
1,4,42,xgboost,796,644,0,0.281065434217453,0,0.5
1,4,42,xgboost,799,650,0,0.6727579832077026,1,0.5
1,4,42,xgboost,812,601,0,0.1444159895181656,0,0.5
1,4,42,xgboost,814,297,0,0.1284584105014801,0,0.5
1,4,42,xgboost,818,132,0,0.4465165436267853,0,0.5
1,5,42,dummy_prior,6,823,1,0.06315789473684211,0,0.5
1,5,42,dummy_prior,7,413,0,0.06315789473684211,0,0.5
1,5,42,dummy_prior,15,776,0,0.06315789473684211,0,0.5
1,5,42,dummy_prior,18,792,0,0.06315789473684211,0,0.5
1,5,42,dummy_prior,28,742,0,0.06315789473684211,0,0.5
1,5,42,dummy_prior,29,745,0,0.06315789473684211,0,0.5
1,5,42,dummy_prior,47,770,0,0.06315789473684211,0,0.5
1,5,42,dummy_prior,50,721,0,0.06315789473684211,0,0.5
1,5,42,dummy_prior,51,715,0,0.06315789473684211,0,0.5
1,5,42,dummy_prior,61,697,0,0.06315789473684211,0,0.5
1,5,42,dummy_prior,68,705,0,0.06315789473684211,0,0.5
1,5,42,dummy_prior,69,727,0,0.06315789473684211,0,0.5
1,5,42,dummy_prior,70,677,0,0.06315789473684211,0,0.5
1,5,42,dummy_prior,71,664,0,0.06315789473684211,0,0.5
1,5,42,dummy_prior,76,646,0,0.06315789473684211,0,0.5
1,5,42,dummy_prior,77,693,0,0.06315789473684211,0,0.5
1,5,42,dummy_prior,87,618,0,0.06315789473684211,0,0.5
1,5,42,dummy_prior,97,584,0,0.06315789473684211,0,0.5
1,5,42,dummy_prior,101,599,0,0.06315789473684211,0,0.5
1,5,42,dummy_prior,107,611,0,0.06315789473684211,0,0.5
1,5,42,dummy_prior,108,612,0,0.06315789473684211,0,0.5
1,5,42,dummy_prior,109,619,0,0.06315789473684211,0,0.5
1,5,42,dummy_prior,113,667,0,0.06315789473684211,0,0.5
1,5,42,dummy_prior,116,570,0,0.06315789473684211,0,0.5
1,5,42,dummy_prior,117,560,0,0.06315789473684211,0,0.5
1,5,42,dummy_prior,122,542,0,0.06315789473684211,0,0.5
1,5,42,dummy_prior,125,588,0,0.06315789473684211,0,0.5
1,5,42,dummy_prior,130,581,1,0.06315789473684211,0,0.5
1,5,42,dummy_prior,133,568,0,0.06315789473684211,0,0.5
1,5,42,dummy_prior,134,465,0,0.06315789473684211,0,0.5
1,5,42,dummy_prior,135,586,0,0.06315789473684211,0,0.5
1,5,42,dummy_prior,139,553,0,0.06315789473684211,0,0.5
1,5,42,dummy_prior,140,194,0,0.06315789473684211,0,0.5
1,5,42,dummy_prior,141,591,0,0.06315789473684211,0,0.5
1,5,42,dummy_prior,143,558,0,0.06315789473684211,0,0.5
1,5,42,dummy_prior,145,576,0,0.06315789473684211,0,0.5
1,5,42,dummy_prior,149,489,0,0.06315789473684211,0,0.5
1,5,42,dummy_prior,153,457,0,0.06315789473684211,0,0.5
1,5,42,dummy_prior,156,545,0,0.06315789473684211,0,0.5
1,5,42,dummy_prior,166,461,0,0.06315789473684211,0,0.5
1,5,42,dummy_prior,168,108,0,0.06315789473684211,0,0.5
1,5,42,dummy_prior,173,499,0,0.06315789473684211,0,0.5
1,5,42,dummy_prior,175,452,0,0.06315789473684211,0,0.5
1,5,42,dummy_prior,188,380,0,0.06315789473684211,0,0.5
1,5,42,dummy_prior,190,527,0,0.06315789473684211,0,0.5
1,5,42,dummy_prior,191,459,0,0.06315789473684211,0,0.5
1,5,42,dummy_prior,205,496,0,0.06315789473684211,0,0.5
1,5,42,dummy_prior,206,437,0,0.06315789473684211,0,0.5
1,5,42,dummy_prior,215,531,1,0.06315789473684211,0,0.5
1,5,42,dummy_prior,219,406,0,0.06315789473684211,0,0.5
1,5,42,dummy_prior,220,407,0,0.06315789473684211,0,0.5
1,5,42,dummy_prior,226,394,0,0.06315789473684211,0,0.5
1,5,42,dummy_prior,229,304,0,0.06315789473684211,0,0.5
1,5,42,dummy_prior,237,497,0,0.06315789473684211,0,0.5
1,5,42,dummy_prior,242,391,0,0.06315789473684211,0,0.5
1,5,42,dummy_prior,244,487,0,0.06315789473684211,0,0.5
1,5,42,dummy_prior,248,379,0,0.06315789473684211,0,0.5
1,5,42,dummy_prior,250,344,0,0.06315789473684211,0,0.5
1,5,42,dummy_prior,253,366,0,0.06315789473684211,0,0.5
1,5,42,dummy_prior,256,329,0,0.06315789473684211,0,0.5
1,5,42,dummy_prior,257,485,0,0.06315789473684211,0,0.5
1,5,42,dummy_prior,273,241,0,0.06315789473684211,0,0.5
1,5,42,dummy_prior,274,168,0,0.06315789473684211,0,0.5
1,5,42,dummy_prior,292,283,0,0.06315789473684211,0,0.5
1,5,42,dummy_prior,295,333,0,0.06315789473684211,0,0.5
1,5,42,dummy_prior,296,319,0,0.06315789473684211,0,0.5
1,5,42,dummy_prior,338,121,0,0.06315789473684211,0,0.5
1,5,42,dummy_prior,341,79,0,0.06315789473684211,0,0.5
1,5,42,dummy_prior,345,125,0,0.06315789473684211,0,0.5
1,5,42,dummy_prior,354,212,0,0.06315789473684211,0,0.5
1,5,42,dummy_prior,364,203,0,0.06315789473684211,0,0.5
1,5,42,dummy_prior,366,239,1,0.06315789473684211,0,0.5
1,5,42,dummy_prior,378,400,0,0.06315789473684211,0,0.5
1,5,42,dummy_prior,379,134,1,0.06315789473684211,0,0.5
1,5,42,dummy_prior,380,78,0,0.06315789473684211,0,0.5
1,5,42,dummy_prior,381,234,0,0.06315789473684211,0,0.5
1,5,42,dummy_prior,388,120,0,0.06315789473684211,0,0.5
1,5,42,dummy_prior,394,209,0,0.06315789473684211,0,0.5
1,5,42,dummy_prior,398,64,0,0.06315789473684211,0,0.5
1,5,42,dummy_prior,401,57,0,0.06315789473684211,0,0.5
1,5,42,dummy_prior,405,87,0,0.06315789473684211,0,0.5
1,5,42,dummy_prior,410,158,0,0.06315789473684211,0,0.5
1,5,42,dummy_prior,415,51,0,0.06315789473684211,0,0.5
1,5,42,dummy_prior,419,161,0,0.06315789473684211,0,0.5
1,5,42,dummy_prior,420,29,0,0.06315789473684211,0,0.5
1,5,42,dummy_prior,422,153,0,0.06315789473684211,0,0.5
1,5,42,dummy_prior,424,28,0,0.06315789473684211,0,0.5
1,5,42,dummy_prior,430,9,0,0.06315789473684211,0,0.5
1,5,42,dummy_prior,434,107,0,0.06315789473684211,0,0.5
1,5,42,dummy_prior,445,5,0,0.06315789473684211,0,0.5
1,5,42,dummy_prior,447,68,0,0.06315789473684211,0,0.5
1,5,42,dummy_prior,453,16,0,0.06315789473684211,0,0.5
1,5,42,dummy_prior,460,753,0,0.06315789473684211,0,0.5
1,5,42,dummy_prior,465,608,0,0.06315789473684211,0,0.5
1,5,42,dummy_prior,466,757,0,0.06315789473684211,0,0.5
1,5,42,dummy_prior,469,286,0,0.06315789473684211,0,0.5
1,5,42,dummy_prior,471,337,0,0.06315789473684211,0,0.5
1,5,42,dummy_prior,490,590,0,0.06315789473684211,0,0.5
1,5,42,dummy_prior,492,17,0,0.06315789473684211,0,0.5
1,5,42,dummy_prior,495,96,0,0.06315789473684211,0,0.5
1,5,42,dummy_prior,496,476,0,0.06315789473684211,0,0.5
1,5,42,dummy_prior,502,53,0,0.06315789473684211,0,0.5
1,5,42,dummy_prior,505,624,0,0.06315789473684211,0,0.5
1,5,42,dummy_prior,506,628,0,0.06315789473684211,0,0.5
1,5,42,dummy_prior,509,547,0,0.06315789473684211,0,0.5
1,5,42,dummy_prior,523,50,0,0.06315789473684211,0,0.5
1,5,42,dummy_prior,535,772,0,0.06315789473684211,0,0.5
1,5,42,dummy_prior,541,282,0,0.06315789473684211,0,0.5
1,5,42,dummy_prior,545,456,0,0.06315789473684211,0,0.5
1,5,42,dummy_prior,547,338,0,0.06315789473684211,0,0.5
1,5,42,dummy_prior,551,373,0,0.06315789473684211,0,0.5
1,5,42,dummy_prior,563,150,0,0.06315789473684211,0,0.5
1,5,42,dummy_prior,569,321,0,0.06315789473684211,0,0.5
1,5,42,dummy_prior,576,506,0,0.06315789473684211,0,0.5
1,5,42,dummy_prior,583,566,0,0.06315789473684211,0,0.5
1,5,42,dummy_prior,590,341,1,0.06315789473684211,0,0.5
1,5,42,dummy_prior,597,582,0,0.06315789473684211,0,0.5
1,5,42,dummy_prior,599,250,0,0.06315789473684211,0,0.5
1,5,42,dummy_prior,606,424,0,0.06315789473684211,0,0.5
1,5,42,dummy_prior,616,761,0,0.06315789473684211,0,0.5
1,5,42,dummy_prior,617,512,0,0.06315789473684211,0,0.5
1,5,42,dummy_prior,620,471,0,0.06315789473684211,0,0.5
1,5,42,dummy_prior,623,95,0,0.06315789473684211,0,0.5
1,5,42,dummy_prior,630,236,1,0.06315789473684211,0,0.5
1,5,42,dummy_prior,633,85,0,0.06315789473684211,0,0.5
1,5,42,dummy_prior,635,33,0,0.06315789473684211,0,0.5
1,5,42,dummy_prior,638,310,0,0.06315789473684211,0,0.5
1,5,42,dummy_prior,641,67,0,0.06315789473684211,0,0.5
1,5,42,dummy_prior,646,824,1,0.06315789473684211,0,0.5
1,5,42,dummy_prior,648,819,1,0.06315789473684211,0,0.5
1,5,42,dummy_prior,650,808,0,0.06315789473684211,0,0.5
1,5,42,dummy_prior,654,822,0,0.06315789473684211,0,0.5
1,5,42,dummy_prior,656,793,0,0.06315789473684211,0,0.5
1,5,42,dummy_prior,667,74,0,0.06315789473684211,0,0.5
1,5,42,dummy_prior,673,473,0,0.06315789473684211,0,0.5
1,5,42,dummy_prior,682,231,0,0.06315789473684211,0,0.5
1,5,42,dummy_prior,684,374,0,0.06315789473684211,0,0.5
1,5,42,dummy_prior,689,521,0,0.06315789473684211,0,0.5
1,5,42,dummy_prior,692,246,0,0.06315789473684211,0,0.5
1,5,42,dummy_prior,695,655,0,0.06315789473684211,0,0.5
1,5,42,dummy_prior,696,325,0,0.06315789473684211,0,0.5
1,5,42,dummy_prior,697,124,0,0.06315789473684211,0,0.5
1,5,42,dummy_prior,705,291,0,0.06315789473684211,0,0.5
1,5,42,dummy_prior,713,495,1,0.06315789473684211,0,0.5
1,5,42,dummy_prior,717,540,0,0.06315789473684211,0,0.5
1,5,42,dummy_prior,719,30,0,0.06315789473684211,0,0.5
1,5,42,dummy_prior,722,393,0,0.06315789473684211,0,0.5
1,5,42,dummy_prior,723,541,0,0.06315789473684211,0,0.5
1,5,42,dummy_prior,725,778,0,0.06315789473684211,0,0.5
1,5,42,dummy_prior,728,508,1,0.06315789473684211,0,0.5
1,5,42,dummy_prior,732,578,0,0.06315789473684211,0,0.5
1,5,42,dummy_prior,733,101,0,0.06315789473684211,0,0.5
1,5,42,dummy_prior,738,281,0,0.06315789473684211,0,0.5
1,5,42,dummy_prior,745,661,0,0.06315789473684211,0,0.5
1,5,42,dummy_prior,750,45,0,0.06315789473684211,0,0.5
1,5,42,dummy_prior,753,656,0,0.06315789473684211,0,0.5
1,5,42,dummy_prior,761,752,0,0.06315789473684211,0,0.5
1,5,42,dummy_prior,765,314,0,0.06315789473684211,0,0.5
1,5,42,dummy_prior,769,605,0,0.06315789473684211,0,0.5
1,5,42,dummy_prior,772,141,0,0.06315789473684211,0,0.5
1,5,42,dummy_prior,776,106,0,0.06315789473684211,0,0.5
1,5,42,dummy_prior,777,543,0,0.06315789473684211,0,0.5
1,5,42,dummy_prior,803,699,0,0.06315789473684211,0,0.5
1,5,42,dummy_prior,824,298,0,0.06315789473684211,0,0.5
1,5,42,dummy_prior,826,672,0,0.06315789473684211,0,0.5
1,5,42,dummy_prior,827,616,0,0.06315789473684211,0,0.5
1,5,42,logistic_regression,6,823,1,0.3390438547302678,0,0.5
1,5,42,logistic_regression,7,413,0,0.5283433168219752,1,0.5
1,5,42,logistic_regression,15,776,0,0.671435020297077,1,0.5
1,5,42,logistic_regression,18,792,0,0.9069666819276505,1,0.5
1,5,42,logistic_regression,28,742,0,0.37222687092707774,0,0.5
1,5,42,logistic_regression,29,745,0,0.41778618257443956,0,0.5
1,5,42,logistic_regression,47,770,0,0.46948747217117065,0,0.5
1,5,42,logistic_regression,50,721,0,0.5094358975816841,1,0.5
1,5,42,logistic_regression,51,715,0,0.39040426215740204,0,0.5
1,5,42,logistic_regression,61,697,0,0.5453112210383708,1,0.5
1,5,42,logistic_regression,68,705,0,0.4332639436974485,0,0.5
1,5,42,logistic_regression,69,727,0,0.6750443642649614,1,0.5
1,5,42,logistic_regression,70,677,0,0.05882610156443075,0,0.5
1,5,42,logistic_regression,71,664,0,0.4515673464159225,0,0.5
1,5,42,logistic_regression,76,646,0,0.46042168970187275,0,0.5
1,5,42,logistic_regression,77,693,0,0.3841067765233471,0,0.5
1,5,42,logistic_regression,87,618,0,0.4640857310938908,0,0.5
1,5,42,logistic_regression,97,584,0,0.22660391353812964,0,0.5
1,5,42,logistic_regression,101,599,0,0.19177058177885473,0,0.5
1,5,42,logistic_regression,107,611,0,0.5997973005427445,1,0.5
1,5,42,logistic_regression,108,612,0,0.16378358038923072,0,0.5
1,5,42,logistic_regression,109,619,0,0.5525171138192774,1,0.5
1,5,42,logistic_regression,113,667,0,0.4631099408970434,0,0.5
1,5,42,logistic_regression,116,570,0,0.3686895275518991,0,0.5
1,5,42,logistic_regression,117,560,0,0.6192263633983228,1,0.5
1,5,42,logistic_regression,122,542,0,0.8428184868814246,1,0.5
1,5,42,logistic_regression,125,588,0,0.4063104986479844,0,0.5
1,5,42,logistic_regression,130,581,1,0.5078097380777047,1,0.5
1,5,42,logistic_regression,133,568,0,0.8735536616530364,1,0.5
1,5,42,logistic_regression,134,465,0,0.4077879252875032,0,0.5
1,5,42,logistic_regression,135,586,0,0.17814345986533422,0,0.5
1,5,42,logistic_regression,139,553,0,0.43056790982084625,0,0.5
1,5,42,logistic_regression,140,194,0,0.18674587205483814,0,0.5
1,5,42,logistic_regression,141,591,0,0.18399011923262823,0,0.5
1,5,42,logistic_regression,143,558,0,0.4455927780248536,0,0.5
1,5,42,logistic_regression,145,576,0,0.45139661746961146,0,0.5
1,5,42,logistic_regression,149,489,0,0.4922572819971175,0,0.5
1,5,42,logistic_regression,153,457,0,0.5484671029712643,1,0.5
1,5,42,logistic_regression,156,545,0,0.35550851953836854,0,0.5
1,5,42,logistic_regression,166,461,0,0.6389244369084393,1,0.5
1,5,42,logistic_regression,168,108,0,0.5443917145747604,1,0.5
1,5,42,logistic_regression,173,499,0,0.42814017023893164,0,0.5
1,5,42,logistic_regression,175,452,0,0.1952823244321799,0,0.5
1,5,42,logistic_regression,188,380,0,0.5427360191400487,1,0.5
1,5,42,logistic_regression,190,527,0,0.5159303047123546,1,0.5
1,5,42,logistic_regression,191,459,0,0.49782173409368774,0,0.5
1,5,42,logistic_regression,205,496,0,0.4627491385931035,0,0.5
1,5,42,logistic_regression,206,437,0,0.4529431728909368,0,0.5
1,5,42,logistic_regression,215,531,1,0.5042379647395646,1,0.5
1,5,42,logistic_regression,219,406,0,0.11009172487944749,0,0.5
1,5,42,logistic_regression,220,407,0,0.1926603910924426,0,0.5
1,5,42,logistic_regression,226,394,0,0.6550280642305124,1,0.5
1,5,42,logistic_regression,229,304,0,0.4477905335440729,0,0.5
1,5,42,logistic_regression,237,497,0,0.5241000923086682,1,0.5
1,5,42,logistic_regression,242,391,0,0.4108891048256391,0,0.5
1,5,42,logistic_regression,244,487,0,0.5561598628669422,1,0.5
1,5,42,logistic_regression,248,379,0,0.4481562934190318,0,0.5
1,5,42,logistic_regression,250,344,0,0.5317896066372002,1,0.5
1,5,42,logistic_regression,253,366,0,0.17969390235742033,0,0.5
1,5,42,logistic_regression,256,329,0,0.5025793547178403,1,0.5
1,5,42,logistic_regression,257,485,0,0.5434221053593828,1,0.5
1,5,42,logistic_regression,273,241,0,0.49012602581650433,0,0.5
1,5,42,logistic_regression,274,168,0,0.4053452438572567,0,0.5
1,5,42,logistic_regression,292,283,0,0.8028493740188244,1,0.5
1,5,42,logistic_regression,295,333,0,0.4638915712803597,0,0.5
1,5,42,logistic_regression,296,319,0,0.18616779345466122,0,0.5
1,5,42,logistic_regression,338,121,0,0.193748620275227,0,0.5
1,5,42,logistic_regression,341,79,0,0.40275425286656297,0,0.5
1,5,42,logistic_regression,345,125,0,0.4137340083442874,0,0.5
1,5,42,logistic_regression,354,212,0,0.47190168999692206,0,0.5
1,5,42,logistic_regression,364,203,0,0.3168123957124387,0,0.5
1,5,42,logistic_regression,366,239,1,0.37816339586478487,0,0.5
1,5,42,logistic_regression,378,400,0,0.3717941637785484,0,0.5
1,5,42,logistic_regression,379,134,1,0.4620692709964188,0,0.5
1,5,42,logistic_regression,380,78,0,0.6976858331595558,1,0.5
1,5,42,logistic_regression,381,234,0,0.4595103204536972,0,0.5
1,5,42,logistic_regression,388,120,0,0.40085045159904337,0,0.5
1,5,42,logistic_regression,394,209,0,0.46727829293140405,0,0.5
1,5,42,logistic_regression,398,64,0,0.3861501501482006,0,0.5
1,5,42,logistic_regression,401,57,0,0.7572559046106441,1,0.5
1,5,42,logistic_regression,405,87,0,0.1884734623888878,0,0.5
1,5,42,logistic_regression,410,158,0,0.11018692924061742,0,0.5
1,5,42,logistic_regression,415,51,0,0.400986316654702,0,0.5
1,5,42,logistic_regression,419,161,0,0.5034288584558814,1,0.5
1,5,42,logistic_regression,420,29,0,0.38582989044981764,0,0.5
1,5,42,logistic_regression,422,153,0,0.42226574615465784,0,0.5
1,5,42,logistic_regression,424,28,0,0.4538157992929724,0,0.5
1,5,42,logistic_regression,430,9,0,0.400473632477396,0,0.5
1,5,42,logistic_regression,434,107,0,0.36186765111890234,0,0.5
1,5,42,logistic_regression,445,5,0,0.1044102155876427,0,0.5
1,5,42,logistic_regression,447,68,0,0.37261480464337216,0,0.5
1,5,42,logistic_regression,453,16,0,0.39359210502046765,0,0.5
1,5,42,logistic_regression,460,753,0,0.19907417031251293,0,0.5
1,5,42,logistic_regression,465,608,0,0.2547351830502272,0,0.5
1,5,42,logistic_regression,466,757,0,0.6401496063950296,1,0.5
1,5,42,logistic_regression,469,286,0,0.42386928181078576,0,0.5
1,5,42,logistic_regression,471,337,0,0.5498995652718077,1,0.5
1,5,42,logistic_regression,490,590,0,0.7805569285361771,1,0.5
1,5,42,logistic_regression,492,17,0,0.4382822337081347,0,0.5
1,5,42,logistic_regression,495,96,0,0.3958594124012695,0,0.5
1,5,42,logistic_regression,496,476,0,0.43184720794969994,0,0.5
1,5,42,logistic_regression,502,53,0,0.45630939234700624,0,0.5
1,5,42,logistic_regression,505,624,0,0.42871909116508394,0,0.5
1,5,42,logistic_regression,506,628,0,0.49225453298637595,0,0.5
1,5,42,logistic_regression,509,547,0,0.20537811318800622,0,0.5
1,5,42,logistic_regression,523,50,0,0.33786208313519855,0,0.5
1,5,42,logistic_regression,535,772,0,0.7458217113128116,1,0.5
1,5,42,logistic_regression,541,282,0,0.4748430399973482,0,0.5
1,5,42,logistic_regression,545,456,0,0.41240374346208514,0,0.5
1,5,42,logistic_regression,547,338,0,0.4041210583689606,0,0.5
1,5,42,logistic_regression,551,373,0,0.5349253721019532,1,0.5
1,5,42,logistic_regression,563,150,0,0.15856363255776593,0,0.5
1,5,42,logistic_regression,569,321,0,0.4572022285596301,0,0.5
1,5,42,logistic_regression,576,506,0,0.39231421938760763,0,0.5
1,5,42,logistic_regression,583,566,0,0.2006723360713443,0,0.5
1,5,42,logistic_regression,590,341,1,0.7372177833663733,1,0.5
1,5,42,logistic_regression,597,582,0,0.5038676021713483,1,0.5
1,5,42,logistic_regression,599,250,0,0.4954032588070963,0,0.5
1,5,42,logistic_regression,606,424,0,0.5244587806796581,1,0.5
1,5,42,logistic_regression,616,761,0,0.48876522352071483,0,0.5
1,5,42,logistic_regression,617,512,0,0.398847979725473,0,0.5
1,5,42,logistic_regression,620,471,0,0.48842598178625135,0,0.5
1,5,42,logistic_regression,623,95,0,0.943896054124086,1,0.5
1,5,42,logistic_regression,630,236,1,0.37706455395366134,0,0.5
1,5,42,logistic_regression,633,85,0,0.4559942591923508,0,0.5
1,5,42,logistic_regression,635,33,0,0.3917032085965116,0,0.5
1,5,42,logistic_regression,638,310,0,0.41848280013588973,0,0.5
1,5,42,logistic_regression,641,67,0,0.4201579112002952,0,0.5
1,5,42,logistic_regression,646,824,1,0.43109624419904446,0,0.5
1,5,42,logistic_regression,648,819,1,0.6552045122775124,1,0.5
1,5,42,logistic_regression,650,808,0,0.5449381573444274,1,0.5
1,5,42,logistic_regression,654,822,0,0.5743563313912762,1,0.5
1,5,42,logistic_regression,656,793,0,0.5646293723801507,1,0.5
1,5,42,logistic_regression,667,74,0,0.6410289936700732,1,0.5
1,5,42,logistic_regression,673,473,0,0.5762706175030718,1,0.5
1,5,42,logistic_regression,682,231,0,0.5952944691368934,1,0.5
1,5,42,logistic_regression,684,374,0,0.5763084479773924,1,0.5
1,5,42,logistic_regression,689,521,0,0.5558462714541109,1,0.5
1,5,42,logistic_regression,692,246,0,0.3745383383896799,0,0.5
1,5,42,logistic_regression,695,655,0,0.42862542857260005,0,0.5
1,5,42,logistic_regression,696,325,0,0.5148648230064872,1,0.5
1,5,42,logistic_regression,697,124,0,0.47480147415928,0,0.5
1,5,42,logistic_regression,705,291,0,0.40442699351986705,0,0.5
1,5,42,logistic_regression,713,495,1,0.6804326861850666,1,0.5
1,5,42,logistic_regression,717,540,0,0.3097135115098436,0,0.5
1,5,42,logistic_regression,719,30,0,0.5989380879689062,1,0.5
1,5,42,logistic_regression,722,393,0,0.45276858181785856,0,0.5
1,5,42,logistic_regression,723,541,0,0.7385277593201117,1,0.5
1,5,42,logistic_regression,725,778,0,0.20526838879364645,0,0.5
1,5,42,logistic_regression,728,508,1,0.4143222565634691,0,0.5
1,5,42,logistic_regression,732,578,0,0.3817370066758282,0,0.5
1,5,42,logistic_regression,733,101,0,0.3953871956293989,0,0.5
1,5,42,logistic_regression,738,281,0,0.4822560941585054,0,0.5
1,5,42,logistic_regression,745,661,0,0.20097846181901316,0,0.5
1,5,42,logistic_regression,750,45,0,0.4014607803200078,0,0.5
1,5,42,logistic_regression,753,656,0,0.6126502211934829,1,0.5
1,5,42,logistic_regression,761,752,0,0.8750928432535822,1,0.5
1,5,42,logistic_regression,765,314,0,0.16733358008101268,0,0.5
1,5,42,logistic_regression,769,605,0,0.4543140176487543,0,0.5
1,5,42,logistic_regression,772,141,0,0.3950835624739927,0,0.5
1,5,42,logistic_regression,776,106,0,0.3890057266360046,0,0.5
1,5,42,logistic_regression,777,543,0,0.31739216394816144,0,0.5
1,5,42,logistic_regression,803,699,0,0.40894736721926034,0,0.5
1,5,42,logistic_regression,824,298,0,0.4023511643050196,0,0.5
1,5,42,logistic_regression,826,672,0,0.374750571392717,0,0.5
1,5,42,logistic_regression,827,616,0,0.5628883604505118,1,0.5
1,5,42,xgboost,6,823,1,0.01193847693502903,0,0.5
1,5,42,xgboost,7,413,0,0.09599903970956802,0,0.5
1,5,42,xgboost,15,776,0,0.8839579224586487,1,0.5
1,5,42,xgboost,18,792,0,0.0764918178319931,0,0.5
1,5,42,xgboost,28,742,0,0.05147293582558632,0,0.5
1,5,42,xgboost,29,745,0,0.11197033524513245,0,0.5
1,5,42,xgboost,47,770,0,0.24283474683761597,0,0.5
1,5,42,xgboost,50,721,0,0.4987112879753113,0,0.5
1,5,42,xgboost,51,715,0,0.2929847240447998,0,0.5
1,5,42,xgboost,61,697,0,0.023638391867280006,0,0.5
1,5,42,xgboost,68,705,0,0.2871393859386444,0,0.5
1,5,42,xgboost,69,727,0,0.919903039932251,1,0.5
1,5,42,xgboost,70,677,0,0.15997344255447388,0,0.5
1,5,42,xgboost,71,664,0,0.25240805745124817,0,0.5
1,5,42,xgboost,76,646,0,0.11385150253772736,0,0.5
1,5,42,xgboost,77,693,0,0.07051002979278564,0,0.5
1,5,42,xgboost,87,618,0,0.31284213066101074,0,0.5
1,5,42,xgboost,97,584,0,0.025822585448622704,0,0.5
1,5,42,xgboost,101,599,0,0.11307322978973389,0,0.5
1,5,42,xgboost,107,611,0,0.4151645004749298,0,0.5
1,5,42,xgboost,108,612,0,0.060590457171201706,0,0.5
1,5,42,xgboost,109,619,0,0.22595910727977753,0,0.5
1,5,42,xgboost,113,667,0,0.5080331563949585,1,0.5
1,5,42,xgboost,116,570,0,0.06132318824529648,0,0.5
1,5,42,xgboost,117,560,0,0.635701596736908,1,0.5
1,5,42,xgboost,122,542,0,0.5767232179641724,1,0.5
1,5,42,xgboost,125,588,0,0.467860609292984,0,0.5
1,5,42,xgboost,130,581,1,0.5571513772010803,1,0.5
1,5,42,xgboost,133,568,0,0.40802687406539917,0,0.5
1,5,42,xgboost,134,465,0,0.1305651217699051,0,0.5
1,5,42,xgboost,135,586,0,0.12594880163669586,0,0.5
1,5,42,xgboost,139,553,0,0.06742300093173981,0,0.5
1,5,42,xgboost,140,194,0,0.08995486795902252,0,0.5
1,5,42,xgboost,141,591,0,0.04322568327188492,0,0.5
1,5,42,xgboost,143,558,0,0.3813103437423706,0,0.5
1,5,42,xgboost,145,576,0,0.2446296513080597,0,0.5
1,5,42,xgboost,149,489,0,0.5041772723197937,1,0.5
1,5,42,xgboost,153,457,0,0.1802394986152649,0,0.5
1,5,42,xgboost,156,545,0,0.36589154601097107,0,0.5
1,5,42,xgboost,166,461,0,0.5855609178543091,1,0.5
1,5,42,xgboost,168,108,0,0.39858952164649963,0,0.5
1,5,42,xgboost,173,499,0,0.07387923449277878,0,0.5
1,5,42,xgboost,175,452,0,0.08653974533081055,0,0.5
1,5,42,xgboost,188,380,0,0.44268798828125,0,0.5
1,5,42,xgboost,190,527,0,0.31284213066101074,0,0.5
1,5,42,xgboost,191,459,0,0.6107494235038757,1,0.5
1,5,42,xgboost,205,496,0,0.24166029691696167,0,0.5
1,5,42,xgboost,206,437,0,0.4750879406929016,0,0.5
1,5,42,xgboost,215,531,1,0.19198594987392426,0,0.5
1,5,42,xgboost,219,406,0,0.08652246743440628,0,0.5
1,5,42,xgboost,220,407,0,0.43035125732421875,0,0.5
1,5,42,xgboost,226,394,0,0.2562156021595001,0,0.5
1,5,42,xgboost,229,304,0,0.28104063868522644,0,0.5
1,5,42,xgboost,237,497,0,0.09339618682861328,0,0.5
1,5,42,xgboost,242,391,0,0.44162291288375854,0,0.5
1,5,42,xgboost,244,487,0,0.36589154601097107,0,0.5
1,5,42,xgboost,248,379,0,0.5190013647079468,1,0.5
1,5,42,xgboost,250,344,0,0.04384711757302284,0,0.5
1,5,42,xgboost,253,366,0,0.025642987340688705,0,0.5
1,5,42,xgboost,256,329,0,0.061541032046079636,0,0.5
1,5,42,xgboost,257,485,0,0.2842482328414917,0,0.5
1,5,42,xgboost,273,241,0,0.576586902141571,1,0.5
1,5,42,xgboost,274,168,0,0.2945546507835388,0,0.5
1,5,42,xgboost,292,283,0,0.5323087573051453,1,0.5
1,5,42,xgboost,295,333,0,0.3512079417705536,0,0.5
1,5,42,xgboost,296,319,0,0.0471557080745697,0,0.5
1,5,42,xgboost,338,121,0,0.060866568237543106,0,0.5
1,5,42,xgboost,341,79,0,0.2874387204647064,0,0.5
1,5,42,xgboost,345,125,0,0.45062074065208435,0,0.5
1,5,42,xgboost,354,212,0,0.5461940169334412,1,0.5
1,5,42,xgboost,364,203,0,0.237206369638443,0,0.5
1,5,42,xgboost,366,239,1,0.20320898294448853,0,0.5
1,5,42,xgboost,378,400,0,0.21345005929470062,0,0.5
1,5,42,xgboost,379,134,1,0.2985837757587433,0,0.5
1,5,42,xgboost,380,78,0,0.6034985184669495,1,0.5
1,5,42,xgboost,381,234,0,0.39892494678497314,0,0.5
1,5,42,xgboost,388,120,0,0.17251385748386383,0,0.5
1,5,42,xgboost,394,209,0,0.5930811166763306,1,0.5
1,5,42,xgboost,398,64,0,0.062198374420404434,0,0.5
1,5,42,xgboost,401,57,0,0.269979327917099,0,0.5
1,5,42,xgboost,405,87,0,0.029239054769277573,0,0.5
1,5,42,xgboost,410,158,0,0.0938645601272583,0,0.5
1,5,42,xgboost,415,51,0,0.10154573619365692,0,0.5
1,5,42,xgboost,419,161,0,0.28929978609085083,0,0.5
1,5,42,xgboost,420,29,0,0.05549026280641556,0,0.5
1,5,42,xgboost,422,153,0,0.2581935524940491,0,0.5
1,5,42,xgboost,424,28,0,0.1332186609506607,0,0.5
1,5,42,xgboost,430,9,0,0.07042760401964188,0,0.5
1,5,42,xgboost,434,107,0,0.11944413930177689,0,0.5
1,5,42,xgboost,445,5,0,0.013851906172931194,0,0.5
1,5,42,xgboost,447,68,0,0.09530816227197647,0,0.5
1,5,42,xgboost,453,16,0,0.062198374420404434,0,0.5
1,5,42,xgboost,460,753,0,0.03089972585439682,0,0.5
1,5,42,xgboost,465,608,0,0.5017440319061279,1,0.5
1,5,42,xgboost,466,757,0,0.6608653664588928,1,0.5
1,5,42,xgboost,469,286,0,0.37691742181777954,0,0.5
1,5,42,xgboost,471,337,0,0.37782493233680725,0,0.5
1,5,42,xgboost,490,590,0,0.11020523309707642,0,0.5
1,5,42,xgboost,492,17,0,0.07403337955474854,0,0.5
1,5,42,xgboost,495,96,0,0.26097121834754944,0,0.5
1,5,42,xgboost,496,476,0,0.09471491724252701,0,0.5
1,5,42,xgboost,502,53,0,0.11873404681682587,0,0.5
1,5,42,xgboost,505,624,0,0.5544390082359314,1,0.5
1,5,42,xgboost,506,628,0,0.5435099601745605,1,0.5
1,5,42,xgboost,509,547,0,0.08966410905122757,0,0.5
1,5,42,xgboost,523,50,0,0.053507499396800995,0,0.5
1,5,42,xgboost,535,772,0,0.47234728932380676,0,0.5
1,5,42,xgboost,541,282,0,0.3337690830230713,0,0.5
1,5,42,xgboost,545,456,0,0.2995370328426361,0,0.5
1,5,42,xgboost,547,338,0,0.19275952875614166,0,0.5
1,5,42,xgboost,551,373,0,0.08960739523172379,0,0.5
1,5,42,xgboost,563,150,0,0.014580804854631424,0,0.5
1,5,42,xgboost,569,321,0,0.10678238421678543,0,0.5
1,5,42,xgboost,576,506,0,0.06911712884902954,0,0.5
1,5,42,xgboost,583,566,0,0.06475299596786499,0,0.5
1,5,42,xgboost,590,341,1,0.3515907824039459,0,0.5
1,5,42,xgboost,597,582,0,0.13251511752605438,0,0.5
1,5,42,xgboost,599,250,0,0.7796384692192078,1,0.5
1,5,42,xgboost,606,424,0,0.5445072650909424,1,0.5
1,5,42,xgboost,616,761,0,0.44534409046173096,0,0.5
1,5,42,xgboost,617,512,0,0.7021170258522034,1,0.5
1,5,42,xgboost,620,471,0,0.6174064874649048,1,0.5
1,5,42,xgboost,623,95,0,0.6277745366096497,1,0.5
1,5,42,xgboost,630,236,1,0.32413220405578613,0,0.5
1,5,42,xgboost,633,85,0,0.26456066966056824,0,0.5
1,5,42,xgboost,635,33,0,0.062198374420404434,0,0.5
1,5,42,xgboost,638,310,0,0.4030516743659973,0,0.5
1,5,42,xgboost,641,67,0,0.0910499319434166,0,0.5
1,5,42,xgboost,646,824,1,0.029667675495147705,0,0.5
1,5,42,xgboost,648,819,1,0.2778351306915283,0,0.5
1,5,42,xgboost,650,808,0,0.2417830526828766,0,0.5
1,5,42,xgboost,654,822,0,0.035420455038547516,0,0.5
1,5,42,xgboost,656,793,0,0.08139220625162125,0,0.5
1,5,42,xgboost,667,74,0,0.7043477296829224,1,0.5
1,5,42,xgboost,673,473,0,0.4455365240573883,0,0.5
1,5,42,xgboost,682,231,0,0.6081269383430481,1,0.5
1,5,42,xgboost,684,374,0,0.23837074637413025,0,0.5
1,5,42,xgboost,689,521,0,0.36589154601097107,0,0.5
1,5,42,xgboost,692,246,0,0.4004034698009491,0,0.5
1,5,42,xgboost,695,655,0,0.46013233065605164,0,0.5
1,5,42,xgboost,696,325,0,0.06978064030408859,0,0.5
1,5,42,xgboost,697,124,0,0.2953987717628479,0,0.5
1,5,42,xgboost,705,291,0,0.19275952875614166,0,0.5
1,5,42,xgboost,713,495,1,0.679136335849762,1,0.5
1,5,42,xgboost,717,540,0,0.3815997838973999,0,0.5
1,5,42,xgboost,719,30,0,0.2902553975582123,0,0.5
1,5,42,xgboost,722,393,0,0.28017985820770264,0,0.5
1,5,42,xgboost,723,541,0,0.3392021059989929,0,0.5
1,5,42,xgboost,725,778,0,0.08956492692232132,0,0.5
1,5,42,xgboost,728,508,1,0.6301327347755432,1,0.5
1,5,42,xgboost,732,578,0,0.27407294511795044,0,0.5
1,5,42,xgboost,733,101,0,0.2715730667114258,0,0.5
1,5,42,xgboost,738,281,0,0.17686425149440765,0,0.5
1,5,42,xgboost,745,661,0,0.07947690784931183,0,0.5
1,5,42,xgboost,750,45,0,0.07042760401964188,0,0.5
1,5,42,xgboost,753,656,0,0.7381857633590698,1,0.5
1,5,42,xgboost,761,752,0,0.7024987936019897,1,0.5
1,5,42,xgboost,765,314,0,0.014636052772402763,0,0.5
1,5,42,xgboost,769,605,0,0.12977947294712067,0,0.5
1,5,42,xgboost,772,141,0,0.26596274971961975,0,0.5
1,5,42,xgboost,776,106,0,0.26097121834754944,0,0.5
1,5,42,xgboost,777,543,0,0.28718101978302,0,0.5
1,5,42,xgboost,803,699,0,0.4875218868255615,0,0.5
1,5,42,xgboost,824,298,0,0.22454237937927246,0,0.5
1,5,42,xgboost,826,672,0,0.3636617660522461,0,0.5
1,5,42,xgboost,827,616,0,0.20310789346694946,0,0.5
2,1,43,dummy_prior,1,7,0,0.06466165413533835,0,0.5
2,1,43,dummy_prior,5,796,0,0.06466165413533835,0,0.5
2,1,43,dummy_prior,11,450,0,0.06466165413533835,0,0.5
2,1,43,dummy_prior,18,792,0,0.06466165413533835,0,0.5
2,1,43,dummy_prior,28,742,0,0.06466165413533835,0,0.5
2,1,43,dummy_prior,29,745,0,0.06466165413533835,0,0.5
2,1,43,dummy_prior,34,749,0,0.06466165413533835,0,0.5
2,1,43,dummy_prior,35,737,0,0.06466165413533835,0,0.5
2,1,43,dummy_prior,37,747,0,0.06466165413533835,0,0.5
2,1,43,dummy_prior,42,724,0,0.06466165413533835,0,0.5
2,1,43,dummy_prior,44,740,1,0.06466165413533835,0,0.5
2,1,43,dummy_prior,49,739,0,0.06466165413533835,0,0.5
2,1,43,dummy_prior,54,708,0,0.06466165413533835,0,0.5
2,1,43,dummy_prior,56,702,0,0.06466165413533835,0,0.5
2,1,43,dummy_prior,63,629,0,0.06466165413533835,0,0.5
2,1,43,dummy_prior,64,750,1,0.06466165413533835,0,0.5
2,1,43,dummy_prior,73,681,0,0.06466165413533835,0,0.5
2,1,43,dummy_prior,76,646,0,0.06466165413533835,0,0.5
2,1,43,dummy_prior,77,693,0,0.06466165413533835,0,0.5
2,1,43,dummy_prior,95,701,1,0.06466165413533835,0,0.5
2,1,43,dummy_prior,96,678,0,0.06466165413533835,0,0.5
2,1,43,dummy_prior,102,754,1,0.06466165413533835,0,0.5
2,1,43,dummy_prior,107,611,0,0.06466165413533835,0,0.5
2,1,43,dummy_prior,118,498,0,0.06466165413533835,0,0.5
2,1,43,dummy_prior,129,492,0,0.06466165413533835,0,0.5
2,1,43,dummy_prior,145,576,0,0.06466165413533835,0,0.5
2,1,43,dummy_prior,152,423,0,0.06466165413533835,0,0.5
2,1,43,dummy_prior,154,507,0,0.06466165413533835,0,0.5
2,1,43,dummy_prior,158,463,0,0.06466165413533835,0,0.5
2,1,43,dummy_prior,163,546,0,0.06466165413533835,0,0.5
2,1,43,dummy_prior,166,461,0,0.06466165413533835,0,0.5
2,1,43,dummy_prior,172,529,0,0.06466165413533835,0,0.5
2,1,43,dummy_prior,182,491,0,0.06466165413533835,0,0.5
2,1,43,dummy_prior,188,380,0,0.06466165413533835,0,0.5
2,1,43,dummy_prior,190,527,0,0.06466165413533835,0,0.5
2,1,43,dummy_prior,192,445,0,0.06466165413533835,0,0.5
2,1,43,dummy_prior,196,442,0,0.06466165413533835,0,0.5
2,1,43,dummy_prior,203,222,0,0.06466165413533835,0,0.5
2,1,43,dummy_prior,204,388,1,0.06466165413533835,0,0.5
2,1,43,dummy_prior,206,437,0,0.06466165413533835,0,0.5
2,1,43,dummy_prior,212,500,0,0.06466165413533835,0,0.5
2,1,43,dummy_prior,216,408,0,0.06466165413533835,0,0.5
2,1,43,dummy_prior,230,432,0,0.06466165413533835,0,0.5
2,1,43,dummy_prior,236,536,0,0.06466165413533835,0,0.5
2,1,43,dummy_prior,238,334,0,0.06466165413533835,0,0.5
2,1,43,dummy_prior,244,487,0,0.06466165413533835,0,0.5
2,1,43,dummy_prior,248,379,0,0.06466165413533835,0,0.5
2,1,43,dummy_prior,252,390,0,0.06466165413533835,0,0.5
2,1,43,dummy_prior,254,273,1,0.06466165413533835,0,0.5
2,1,43,dummy_prior,259,295,0,0.06466165413533835,0,0.5
2,1,43,dummy_prior,267,211,0,0.06466165413533835,0,0.5
2,1,43,dummy_prior,271,349,0,0.06466165413533835,0,0.5
2,1,43,dummy_prior,277,303,0,0.06466165413533835,0,0.5
2,1,43,dummy_prior,280,389,0,0.06466165413533835,0,0.5
2,1,43,dummy_prior,283,240,0,0.06466165413533835,0,0.5
2,1,43,dummy_prior,284,272,0,0.06466165413533835,0,0.5
2,1,43,dummy_prior,292,283,0,0.06466165413533835,0,0.5
2,1,43,dummy_prior,299,323,0,0.06466165413533835,0,0.5
2,1,43,dummy_prior,323,217,0,0.06466165413533835,0,0.5
2,1,43,dummy_prior,326,290,0,0.06466165413533835,0,0.5
2,1,43,dummy_prior,328,446,0,0.06466165413533835,0,0.5
2,1,43,dummy_prior,339,228,0,0.06466165413533835,0,0.5
2,1,43,dummy_prior,343,149,0,0.06466165413533835,0,0.5
2,1,43,dummy_prior,349,152,0,0.06466165413533835,0,0.5
2,1,43,dummy_prior,362,143,0,0.06466165413533835,0,0.5
2,1,43,dummy_prior,379,134,1,0.06466165413533835,0,0.5
2,1,43,dummy_prior,385,49,0,0.06466165413533835,0,0.5
2,1,43,dummy_prior,395,55,0,0.06466165413533835,0,0.5
2,1,43,dummy_prior,399,88,0,0.06466165413533835,0,0.5
2,1,43,dummy_prior,409,70,0,0.06466165413533835,0,0.5
2,1,43,dummy_prior,412,97,0,0.06466165413533835,0,0.5
2,1,43,dummy_prior,417,35,0,0.06466165413533835,0,0.5
2,1,43,dummy_prior,423,600,0,0.06466165413533835,0,0.5
2,1,43,dummy_prior,428,195,0,0.06466165413533835,0,0.5
2,1,43,dummy_prior,429,112,0,0.06466165413533835,0,0.5
2,1,43,dummy_prior,431,10,0,0.06466165413533835,0,0.5
2,1,43,dummy_prior,434,107,0,0.06466165413533835,0,0.5
2,1,43,dummy_prior,439,32,0,0.06466165413533835,0,0.5
2,1,43,dummy_prior,440,46,0,0.06466165413533835,0,0.5
2,1,43,dummy_prior,445,5,0,0.06466165413533835,0,0.5
2,1,43,dummy_prior,446,19,0,0.06466165413533835,0,0.5
2,1,43,dummy_prior,448,1,0,0.06466165413533835,0,0.5
2,1,43,dummy_prior,449,25,0,0.06466165413533835,0,0.5
2,1,43,dummy_prior,452,11,0,0.06466165413533835,0,0.5
2,1,43,dummy_prior,457,787,0,0.06466165413533835,0,0.5
2,1,43,dummy_prior,459,154,0,0.06466165413533835,0,0.5
2,1,43,dummy_prior,460,753,0,0.06466165413533835,0,0.5
2,1,43,dummy_prior,465,608,0,0.06466165413533835,0,0.5
2,1,43,dummy_prior,467,190,0,0.06466165413533835,0,0.5
2,1,43,dummy_prior,469,286,0,0.06466165413533835,0,0.5
2,1,43,dummy_prior,470,483,0,0.06466165413533835,0,0.5
2,1,43,dummy_prior,474,122,0,0.06466165413533835,0,0.5
2,1,43,dummy_prior,476,165,0,0.06466165413533835,0,0.5
2,1,43,dummy_prior,481,614,0,0.06466165413533835,0,0.5
2,1,43,dummy_prior,487,306,0,0.06466165413533835,0,0.5
2,1,43,dummy_prior,489,71,0,0.06466165413533835,0,0.5
2,1,43,dummy_prior,494,671,0,0.06466165413533835,0,0.5
2,1,43,dummy_prior,504,37,0,0.06466165413533835,0,0.5
2,1,43,dummy_prior,505,624,0,0.06466165413533835,0,0.5
2,1,43,dummy_prior,508,262,0,0.06466165413533835,0,0.5
2,1,43,dummy_prior,511,119,0,0.06466165413533835,0,0.5
2,1,43,dummy_prior,512,364,0,0.06466165413533835,0,0.5
2,1,43,dummy_prior,530,639,0,0.06466165413533835,0,0.5
2,1,43,dummy_prior,533,20,0,0.06466165413533835,0,0.5
2,1,43,dummy_prior,535,772,0,0.06466165413533835,0,0.5
2,1,43,dummy_prior,538,162,0,0.06466165413533835,0,0.5
2,1,43,dummy_prior,541,282,0,0.06466165413533835,0,0.5
2,1,43,dummy_prior,562,648,0,0.06466165413533835,0,0.5
2,1,43,dummy_prior,570,13,0,0.06466165413533835,0,0.5
2,1,43,dummy_prior,585,416,0,0.06466165413533835,0,0.5
2,1,43,dummy_prior,592,376,0,0.06466165413533835,0,0.5
2,1,43,dummy_prior,594,130,0,0.06466165413533835,0,0.5
2,1,43,dummy_prior,607,187,0,0.06466165413533835,0,0.5
2,1,43,dummy_prior,614,52,0,0.06466165413533835,0,0.5
2,1,43,dummy_prior,618,21,0,0.06466165413533835,0,0.5
2,1,43,dummy_prior,620,471,0,0.06466165413533835,0,0.5
2,1,43,dummy_prior,621,27,0,0.06466165413533835,0,0.5
2,1,43,dummy_prior,622,277,0,0.06466165413533835,0,0.5
2,1,43,dummy_prior,630,236,1,0.06466165413533835,0,0.5
2,1,43,dummy_prior,634,467,0,0.06466165413533835,0,0.5
2,1,43,dummy_prior,635,33,0,0.06466165413533835,0,0.5
2,1,43,dummy_prior,636,326,0,0.06466165413533835,0,0.5
2,1,43,dummy_prior,668,98,1,0.06466165413533835,0,0.5
2,1,43,dummy_prior,674,111,0,0.06466165413533835,0,0.5
2,1,43,dummy_prior,682,231,0,0.06466165413533835,0,0.5
2,1,43,dummy_prior,686,128,0,0.06466165413533835,0,0.5
2,1,43,dummy_prior,688,31,0,0.06466165413533835,0,0.5
2,1,43,dummy_prior,693,769,0,0.06466165413533835,0,0.5
2,1,43,dummy_prior,707,587,0,0.06466165413533835,0,0.5
2,1,43,dummy_prior,708,564,0,0.06466165413533835,0,0.5
2,1,43,dummy_prior,711,177,0,0.06466165413533835,0,0.5
2,1,43,dummy_prior,715,129,0,0.06466165413533835,0,0.5
2,1,43,dummy_prior,718,66,0,0.06466165413533835,0,0.5
2,1,43,dummy_prior,719,30,0,0.06466165413533835,0,0.5
2,1,43,dummy_prior,721,218,0,0.06466165413533835,0,0.5
2,1,43,dummy_prior,725,778,0,0.06466165413533835,0,0.5
2,1,43,dummy_prior,726,676,0,0.06466165413533835,0,0.5
2,1,43,dummy_prior,728,508,1,0.06466165413533835,0,0.5
2,1,43,dummy_prior,731,360,0,0.06466165413533835,0,0.5
2,1,43,dummy_prior,734,44,0,0.06466165413533835,0,0.5
2,1,43,dummy_prior,735,607,0,0.06466165413533835,0,0.5
2,1,43,dummy_prior,736,139,0,0.06466165413533835,0,0.5
2,1,43,dummy_prior,740,206,0,0.06466165413533835,0,0.5
2,1,43,dummy_prior,744,357,0,0.06466165413533835,0,0.5
2,1,43,dummy_prior,749,455,0,0.06466165413533835,0,0.5
2,1,43,dummy_prior,761,752,0,0.06466165413533835,0,0.5
2,1,43,dummy_prior,762,164,0,0.06466165413533835,0,0.5
2,1,43,dummy_prior,763,350,0,0.06466165413533835,0,0.5
2,1,43,dummy_prior,772,141,0,0.06466165413533835,0,0.5
2,1,43,dummy_prior,773,302,0,0.06466165413533835,0,0.5
2,1,43,dummy_prior,777,543,0,0.06466165413533835,0,0.5
2,1,43,dummy_prior,782,519,0,0.06466165413533835,0,0.5
2,1,43,dummy_prior,783,116,0,0.06466165413533835,0,0.5
2,1,43,dummy_prior,784,48,0,0.06466165413533835,0,0.5
2,1,43,dummy_prior,793,352,0,0.06466165413533835,0,0.5
2,1,43,dummy_prior,794,602,0,0.06466165413533835,0,0.5
2,1,43,dummy_prior,797,720,0,0.06466165413533835,0,0.5
2,1,43,dummy_prior,799,650,0,0.06466165413533835,0,0.5
2,1,43,dummy_prior,803,699,0,0.06466165413533835,0,0.5
2,1,43,dummy_prior,809,743,0,0.06466165413533835,0,0.5
2,1,43,dummy_prior,812,601,0,0.06466165413533835,0,0.5
2,1,43,dummy_prior,817,444,0,0.06466165413533835,0,0.5
2,1,43,dummy_prior,820,574,0,0.06466165413533835,0,0.5
2,1,43,dummy_prior,822,620,0,0.06466165413533835,0,0.5
2,1,43,dummy_prior,829,635,0,0.06466165413533835,0,0.5
2,1,43,dummy_prior,830,526,0,0.06466165413533835,0,0.5
2,1,43,logistic_regression,1,7,0,0.336085473785289,0,0.5
2,1,43,logistic_regression,5,796,0,0.31368502864682996,0,0.5
2,1,43,logistic_regression,11,450,0,0.5724127519010752,1,0.5
2,1,43,logistic_regression,18,792,0,0.9980322183029758,1,0.5
2,1,43,logistic_regression,28,742,0,0.43370295913119344,0,0.5
2,1,43,logistic_regression,29,745,0,0.27359292319465206,0,0.5
2,1,43,logistic_regression,34,749,0,0.5433516522736289,1,0.5
2,1,43,logistic_regression,35,737,0,0.6284539497601019,1,0.5
2,1,43,logistic_regression,37,747,0,0.20471388183911787,0,0.5
2,1,43,logistic_regression,42,724,0,0.48875403417365326,0,0.5
2,1,43,logistic_regression,44,740,1,0.4526936878962525,0,0.5
2,1,43,logistic_regression,49,739,0,0.36589124351754343,0,0.5
2,1,43,logistic_regression,54,708,0,0.5868586648390384,1,0.5
2,1,43,logistic_regression,56,702,0,0.3061646360467518,0,0.5
2,1,43,logistic_regression,63,629,0,0.9981677748655974,1,0.5
2,1,43,logistic_regression,64,750,1,0.6679195768062776,1,0.5
2,1,43,logistic_regression,73,681,0,0.0004540493037710543,0,0.5
2,1,43,logistic_regression,76,646,0,0.3464711893077946,0,0.5
2,1,43,logistic_regression,77,693,0,8.986757243690042e-05,0,0.5
2,1,43,logistic_regression,95,701,1,0.072548022518586,0,0.5
2,1,43,logistic_regression,96,678,0,0.4109607229894128,0,0.5
2,1,43,logistic_regression,102,754,1,0.7303325300104045,1,0.5
2,1,43,logistic_regression,107,611,0,0.5043908937176045,1,0.5
2,1,43,logistic_regression,118,498,0,0.4148457730133204,0,0.5
2,1,43,logistic_regression,129,492,0,0.6270113643175694,1,0.5
2,1,43,logistic_regression,145,576,0,0.534099207156587,1,0.5
2,1,43,logistic_regression,152,423,0,0.5858454346407391,1,0.5
2,1,43,logistic_regression,154,507,0,0.4679335973384111,0,0.5
2,1,43,logistic_regression,158,463,0,0.5005964481046702,1,0.5
2,1,43,logistic_regression,163,546,0,9.728738156503756e-05,0,0.5
2,1,43,logistic_regression,166,461,0,0.6193944045956845,1,0.5
2,1,43,logistic_regression,172,529,0,0.8358756015362591,1,0.5
2,1,43,logistic_regression,182,491,0,0.3822806670517233,0,0.5
2,1,43,logistic_regression,188,380,0,0.9512054934510272,1,0.5
2,1,43,logistic_regression,190,527,0,0.520181493374586,1,0.5
2,1,43,logistic_regression,192,445,0,0.00012309253305823283,0,0.5
2,1,43,logistic_regression,196,442,0,0.7120405254928425,1,0.5
2,1,43,logistic_regression,203,222,0,0.40297417222565307,0,0.5
2,1,43,logistic_regression,204,388,1,0.35065577142701393,0,0.5
2,1,43,logistic_regression,206,437,0,0.36942849962674207,0,0.5
2,1,43,logistic_regression,212,500,0,0.9643649995267539,1,0.5
2,1,43,logistic_regression,216,408,0,0.4567059278206308,0,0.5
2,1,43,logistic_regression,230,432,0,0.6100580566148499,1,0.5
2,1,43,logistic_regression,236,536,0,0.5293741455849545,1,0.5
2,1,43,logistic_regression,238,334,0,0.4894593258989176,0,0.5
2,1,43,logistic_regression,244,487,0,0.4817118177773673,0,0.5
2,1,43,logistic_regression,248,379,0,0.3862443225363863,0,0.5
2,1,43,logistic_regression,252,390,0,0.28891260703860294,0,0.5
2,1,43,logistic_regression,254,273,1,0.986926065610073,1,0.5
2,1,43,logistic_regression,259,295,0,0.5125375373135159,1,0.5
2,1,43,logistic_regression,267,211,0,0.387566155179124,0,0.5
2,1,43,logistic_regression,271,349,0,0.4251447639707724,0,0.5
2,1,43,logistic_regression,277,303,0,0.34204245774388087,0,0.5
2,1,43,logistic_regression,280,389,0,0.43949340509888396,0,0.5
2,1,43,logistic_regression,283,240,0,0.2930808629711878,0,0.5
2,1,43,logistic_regression,284,272,0,0.4078163406890102,0,0.5
2,1,43,logistic_regression,292,283,0,0.8111142894617115,1,0.5
2,1,43,logistic_regression,299,323,0,0.5983753859646707,1,0.5
2,1,43,logistic_regression,323,217,0,0.3829404821285467,0,0.5
2,1,43,logistic_regression,326,290,0,0.5485727744103414,1,0.5
2,1,43,logistic_regression,328,446,0,0.6819877248870149,1,0.5
2,1,43,logistic_regression,339,228,0,0.3468226036070356,0,0.5
2,1,43,logistic_regression,343,149,0,0.00011476589483889525,0,0.5
2,1,43,logistic_regression,349,152,0,0.26316528988079463,0,0.5
2,1,43,logistic_regression,362,143,0,0.3172736008512959,0,0.5
2,1,43,logistic_regression,379,134,1,0.4291501963211704,0,0.5
2,1,43,logistic_regression,385,49,0,0.3517183172623968,0,0.5
2,1,43,logistic_regression,395,55,0,0.34847872505009597,0,0.5
2,1,43,logistic_regression,399,88,0,0.34915662412929943,0,0.5
2,1,43,logistic_regression,409,70,0,0.36719624139222923,0,0.5
2,1,43,logistic_regression,412,97,0,0.35875238956416894,0,0.5
2,1,43,logistic_regression,417,35,0,0.31607646228214437,0,0.5
2,1,43,logistic_regression,423,600,0,0.455773387736994,0,0.5
2,1,43,logistic_regression,428,195,0,0.33996942305520994,0,0.5
2,1,43,logistic_regression,429,112,0,0.3280793286852756,0,0.5
2,1,43,logistic_regression,431,10,0,0.00017322838246309824,0,0.5
2,1,43,logistic_regression,434,107,0,0.39890505139346405,0,0.5
2,1,43,logistic_regression,439,32,0,0.7620219150624153,1,0.5
2,1,43,logistic_regression,440,46,0,0.00017432500314754944,0,0.5
2,1,43,logistic_regression,445,5,0,8.433350799618824e-05,0,0.5
2,1,43,logistic_regression,446,19,0,0.33293172469984295,0,0.5
2,1,43,logistic_regression,448,1,0,0.37897393794839507,0,0.5
2,1,43,logistic_regression,449,25,0,0.4067605245194075,0,0.5
2,1,43,logistic_regression,452,11,0,2.1260586273636392e-05,0,0.5
2,1,43,logistic_regression,457,787,0,0.5409735045934728,1,0.5
2,1,43,logistic_regression,459,154,0,0.37403843822294325,0,0.5
2,1,43,logistic_regression,460,753,0,0.00017239775330604623,0,0.5
2,1,43,logistic_regression,465,608,0,0.2170426115640612,0,0.5
2,1,43,logistic_regression,467,190,0,0.4906339756715713,0,0.5
2,1,43,logistic_regression,469,286,0,0.416186831681158,0,0.5
2,1,43,logistic_regression,470,483,0,0.49501471610970843,0,0.5
2,1,43,logistic_regression,474,122,0,0.39355929621208885,0,0.5
2,1,43,logistic_regression,476,165,0,0.38995797264411763,0,0.5
2,1,43,logistic_regression,481,614,0,0.48639732056870566,0,0.5
2,1,43,logistic_regression,487,306,0,0.00021175869569151323,0,0.5
2,1,43,logistic_regression,489,71,0,0.3346861075276353,0,0.5
2,1,43,logistic_regression,494,671,0,8.741962897930742e-05,0,0.5
2,1,43,logistic_regression,504,37,0,0.4575469994060057,0,0.5
2,1,43,logistic_regression,505,624,0,0.30814245005760527,0,0.5
2,1,43,logistic_regression,508,262,0,0.00015133743183770495,0,0.5
2,1,43,logistic_regression,511,119,0,0.4276935941594432,0,0.5
2,1,43,logistic_regression,512,364,0,0.3579524252461898,0,0.5
2,1,43,logistic_regression,530,639,0,0.0001672719290188863,0,0.5
2,1,43,logistic_regression,533,20,0,0.2953798485380566,0,0.5
2,1,43,logistic_regression,535,772,0,0.7896652880302146,1,0.5
2,1,43,logistic_regression,538,162,0,0.3760233972456371,0,0.5
2,1,43,logistic_regression,541,282,0,0.45087655006735045,0,0.5
2,1,43,logistic_regression,562,648,0,0.4236302283226322,0,0.5
2,1,43,logistic_regression,570,13,0,0.3120048221831573,0,0.5
2,1,43,logistic_regression,585,416,0,0.5405926193671984,1,0.5
2,1,43,logistic_regression,592,376,0,0.6133177403834925,1,0.5
2,1,43,logistic_regression,594,130,0,0.3415590169726568,0,0.5
2,1,43,logistic_regression,607,187,0,0.2816832490827739,0,0.5
2,1,43,logistic_regression,614,52,0,0.30662566533345514,0,0.5
2,1,43,logistic_regression,618,21,0,0.4054237981299293,0,0.5
2,1,43,logistic_regression,620,471,0,0.36391612804646734,0,0.5
2,1,43,logistic_regression,621,27,0,0.3755193395344021,0,0.5
2,1,43,logistic_regression,622,277,0,0.36692985347393203,0,0.5
2,1,43,logistic_regression,630,236,1,0.2580561678401586,0,0.5
2,1,43,logistic_regression,634,467,0,0.3831769351075483,0,0.5
2,1,43,logistic_regression,635,33,0,0.3093087869125123,0,0.5
2,1,43,logistic_regression,636,326,0,0.2679305089186745,0,0.5
2,1,43,logistic_regression,668,98,1,0.4619717633436337,0,0.5
2,1,43,logistic_regression,674,111,0,0.4544350123105173,0,0.5
2,1,43,logistic_regression,682,231,0,0.46041173319070494,0,0.5
2,1,43,logistic_regression,686,128,0,0.3783529365041685,0,0.5
2,1,43,logistic_regression,688,31,0,0.3474207759268416,0,0.5
2,1,43,logistic_regression,693,769,0,0.6827393810509275,1,0.5
2,1,43,logistic_regression,707,587,0,0.499250752829954,0,0.5
2,1,43,logistic_regression,708,564,0,0.7074033692932843,1,0.5
2,1,43,logistic_regression,711,177,0,0.3505922815826959,0,0.5
2,1,43,logistic_regression,715,129,0,0.00017021837532248953,0,0.5
2,1,43,logistic_regression,718,66,0,0.4844597025767178,0,0.5
2,1,43,logistic_regression,719,30,0,0.47995214930622115,0,0.5
2,1,43,logistic_regression,721,218,0,0.41143560974551263,0,0.5
2,1,43,logistic_regression,725,778,0,0.00018845015604205149,0,0.5
2,1,43,logistic_regression,726,676,0,0.32693867600288756,0,0.5
2,1,43,logistic_regression,728,508,1,0.3715584146561664,0,0.5
2,1,43,logistic_regression,731,360,0,0.816203432540851,1,0.5
2,1,43,logistic_regression,734,44,0,0.7647304976153713,1,0.5
2,1,43,logistic_regression,735,607,0,0.00022203766444243783,0,0.5
2,1,43,logistic_regression,736,139,0,0.0001571616522508256,0,0.5
2,1,43,logistic_regression,740,206,0,0.45669756896639935,0,0.5
2,1,43,logistic_regression,744,357,0,0.00043288620257741497,0,0.5
2,1,43,logistic_regression,749,455,0,0.4039691044516339,0,0.5
2,1,43,logistic_regression,761,752,0,0.9937042264401049,1,0.5
2,1,43,logistic_regression,762,164,0,0.7138280227620591,1,0.5
2,1,43,logistic_regression,763,350,0,0.39328376917108593,0,0.5
2,1,43,logistic_regression,772,141,0,0.315009088122966,0,0.5
2,1,43,logistic_regression,773,302,0,0.42946096138511486,0,0.5
2,1,43,logistic_regression,777,543,0,0.27576312363117383,0,0.5
2,1,43,logistic_regression,782,519,0,0.5822540383322019,1,0.5
2,1,43,logistic_regression,783,116,0,0.5015766037217883,1,0.5
2,1,43,logistic_regression,784,48,0,0.5229695951072536,1,0.5
2,1,43,logistic_regression,793,352,0,0.4961787108735319,0,0.5
2,1,43,logistic_regression,794,602,0,0.36057512489467347,0,0.5
2,1,43,logistic_regression,797,720,0,0.3842680590596347,0,0.5
2,1,43,logistic_regression,799,650,0,0.24743613659862215,0,0.5
2,1,43,logistic_regression,803,699,0,0.3370103712210162,0,0.5
2,1,43,logistic_regression,809,743,0,0.000241383398747959,0,0.5
2,1,43,logistic_regression,812,601,0,0.4933930199563049,0,0.5
2,1,43,logistic_regression,817,444,0,0.5397361777049766,1,0.5
2,1,43,logistic_regression,820,574,0,0.3020287260334073,0,0.5
2,1,43,logistic_regression,822,620,0,0.02293072384871411,0,0.5
2,1,43,logistic_regression,829,635,0,0.4045688737108881,0,0.5
2,1,43,logistic_regression,830,526,0,0.3525637676813465,0,0.5
2,1,43,xgboost,1,7,0,0.001030920073390007,0,0.5
2,1,43,xgboost,5,796,0,0.0026844532694667578,0,0.5
2,1,43,xgboost,11,450,0,0.23597781360149384,0,0.5
2,1,43,xgboost,18,792,0,0.0020022420212626457,0,0.5
2,1,43,xgboost,28,742,0,0.0010120199294760823,0,0.5
2,1,43,xgboost,29,745,0,0.0019377926364541054,0,0.5
2,1,43,xgboost,34,749,0,0.01006184983998537,0,0.5
2,1,43,xgboost,35,737,0,0.0115429712459445,0,0.5
2,1,43,xgboost,37,747,0,0.019492175430059433,0,0.5
2,1,43,xgboost,42,724,0,0.027628855779767036,0,0.5
2,1,43,xgboost,44,740,1,0.006760452874004841,0,0.5
2,1,43,xgboost,49,739,0,0.1871832013130188,0,0.5
2,1,43,xgboost,54,708,0,0.08863736689090729,0,0.5
2,1,43,xgboost,56,702,0,0.5041857957839966,1,0.5
2,1,43,xgboost,63,629,0,0.690658450126648,1,0.5
2,1,43,xgboost,64,750,1,0.12285525351762772,0,0.5
2,1,43,xgboost,73,681,0,0.0025635517667979,0,0.5
2,1,43,xgboost,76,646,0,0.0042251404374837875,0,0.5
2,1,43,xgboost,77,693,0,0.0064346143044531345,0,0.5
2,1,43,xgboost,95,701,1,0.009241169318556786,0,0.5
2,1,43,xgboost,96,678,0,0.7766786813735962,1,0.5
2,1,43,xgboost,102,754,1,0.1551562398672104,0,0.5
2,1,43,xgboost,107,611,0,0.018753118813037872,0,0.5
2,1,43,xgboost,118,498,0,0.3961065411567688,0,0.5
2,1,43,xgboost,129,492,0,0.007290126755833626,0,0.5
2,1,43,xgboost,145,576,0,0.08620542287826538,0,0.5
2,1,43,xgboost,152,423,0,0.011855237185955048,0,0.5
2,1,43,xgboost,154,507,0,0.25864753127098083,0,0.5
2,1,43,xgboost,158,463,0,0.0023772630374878645,0,0.5
2,1,43,xgboost,163,546,0,0.00441115815192461,0,0.5
2,1,43,xgboost,166,461,0,0.1658458560705185,0,0.5
2,1,43,xgboost,172,529,0,0.5634962916374207,1,0.5
2,1,43,xgboost,182,491,0,0.7823886275291443,1,0.5
2,1,43,xgboost,188,380,0,0.0032737653236836195,0,0.5
2,1,43,xgboost,190,527,0,0.10887868702411652,0,0.5
2,1,43,xgboost,192,445,0,6.647691043326631e-05,0,0.5
2,1,43,xgboost,196,442,0,0.18394789099693298,0,0.5
2,1,43,xgboost,203,222,0,0.021241357550024986,0,0.5
2,1,43,xgboost,204,388,1,0.02275577373802662,0,0.5
2,1,43,xgboost,206,437,0,0.09809183329343796,0,0.5
2,1,43,xgboost,212,500,0,0.1259676069021225,0,0.5
2,1,43,xgboost,216,408,0,0.022504637017846107,0,0.5
2,1,43,xgboost,230,432,0,0.009006377309560776,0,0.5
2,1,43,xgboost,236,536,0,0.017870275303721428,0,0.5
2,1,43,xgboost,238,334,0,0.0327676460146904,0,0.5
2,1,43,xgboost,244,487,0,0.14944837987422943,0,0.5
2,1,43,xgboost,248,379,0,0.10175400227308273,0,0.5
2,1,43,xgboost,252,390,0,0.017601238563656807,0,0.5
2,1,43,xgboost,254,273,1,0.2390110194683075,0,0.5
2,1,43,xgboost,259,295,0,0.0010245840530842543,0,0.5
2,1,43,xgboost,267,211,0,0.7234307527542114,1,0.5
2,1,43,xgboost,271,349,0,0.0007853631977923214,0,0.5
2,1,43,xgboost,277,303,0,0.0024532321840524673,0,0.5
2,1,43,xgboost,280,389,0,0.054963674396276474,0,0.5
2,1,43,xgboost,283,240,0,0.710638701915741,1,0.5
2,1,43,xgboost,284,272,0,0.28377097845077515,0,0.5
2,1,43,xgboost,292,283,0,0.1955183893442154,0,0.5
2,1,43,xgboost,299,323,0,0.001978307031095028,0,0.5
2,1,43,xgboost,323,217,0,0.38323262333869934,0,0.5
2,1,43,xgboost,326,290,0,0.023743344470858574,0,0.5
2,1,43,xgboost,328,446,0,0.011661548167467117,0,0.5
2,1,43,xgboost,339,228,0,0.13194063305854797,0,0.5
2,1,43,xgboost,343,149,0,0.007351461332291365,0,0.5
2,1,43,xgboost,349,152,0,0.13861869275569916,0,0.5
2,1,43,xgboost,362,143,0,0.1865781992673874,0,0.5
2,1,43,xgboost,379,134,1,0.015374859794974327,0,0.5
2,1,43,xgboost,385,49,0,0.005618216935545206,0,0.5
2,1,43,xgboost,395,55,0,0.010167320258915424,0,0.5
2,1,43,xgboost,399,88,0,0.0029420838691294193,0,0.5
2,1,43,xgboost,409,70,0,0.0016540223732590675,0,0.5
2,1,43,xgboost,412,97,0,0.015938101336359978,0,0.5
2,1,43,xgboost,417,35,0,0.001633967855013907,0,0.5
2,1,43,xgboost,423,600,0,0.013545299880206585,0,0.5
2,1,43,xgboost,428,195,0,0.5565515756607056,1,0.5
2,1,43,xgboost,429,112,0,0.01486677024513483,0,0.5
2,1,43,xgboost,431,10,0,0.005637276917695999,0,0.5
2,1,43,xgboost,434,107,0,0.008412412367761135,0,0.5
2,1,43,xgboost,439,32,0,0.004569745622575283,0,0.5
2,1,43,xgboost,440,46,0,0.0043949647806584835,0,0.5
2,1,43,xgboost,445,5,0,0.00040903431363403797,0,0.5
2,1,43,xgboost,446,19,0,0.011352858506143093,0,0.5
2,1,43,xgboost,448,1,0,0.0014461494283750653,0,0.5
2,1,43,xgboost,449,25,0,0.0016403922345489264,0,0.5
2,1,43,xgboost,452,11,0,0.0025729939807206392,0,0.5
2,1,43,xgboost,457,787,0,0.0004750505613628775,0,0.5
2,1,43,xgboost,459,154,0,0.06896058470010757,0,0.5
2,1,43,xgboost,460,753,0,0.00017662030586507171,0,0.5
2,1,43,xgboost,465,608,0,0.30714794993400574,0,0.5
2,1,43,xgboost,467,190,0,0.07728736847639084,0,0.5
2,1,43,xgboost,469,286,0,0.010794873349368572,0,0.5
2,1,43,xgboost,470,483,0,0.11137402802705765,0,0.5
2,1,43,xgboost,474,122,0,0.698935329914093,1,0.5
2,1,43,xgboost,476,165,0,0.8417304158210754,1,0.5
2,1,43,xgboost,481,614,0,0.11236744374036789,0,0.5
2,1,43,xgboost,487,306,0,0.0009473360260017216,0,0.5
2,1,43,xgboost,489,71,0,0.002619820646941662,0,0.5
2,1,43,xgboost,494,671,0,0.0002123843296431005,0,0.5
2,1,43,xgboost,504,37,0,0.0009582502534613013,0,0.5
2,1,43,xgboost,505,624,0,0.2458806186914444,0,0.5
2,1,43,xgboost,508,262,0,0.00555086974054575,0,0.5
2,1,43,xgboost,511,119,0,0.06120918318629265,0,0.5
2,1,43,xgboost,512,364,0,0.004504907876253128,0,0.5
2,1,43,xgboost,530,639,0,0.018051404505968094,0,0.5
2,1,43,xgboost,533,20,0,0.08200252056121826,0,0.5
2,1,43,xgboost,535,772,0,0.2931222915649414,0,0.5
2,1,43,xgboost,538,162,0,0.015445052646100521,0,0.5
2,1,43,xgboost,541,282,0,0.040615033358335495,0,0.5
2,1,43,xgboost,562,648,0,0.051262594759464264,0,0.5
2,1,43,xgboost,570,13,0,0.0007798601291142404,0,0.5
2,1,43,xgboost,585,416,0,0.0480901375412941,0,0.5
2,1,43,xgboost,592,376,0,0.0022007296793162823,0,0.5
2,1,43,xgboost,594,130,0,0.03254661336541176,0,0.5
2,1,43,xgboost,607,187,0,0.8112900257110596,1,0.5
2,1,43,xgboost,614,52,0,0.0006802965654060245,0,0.5
2,1,43,xgboost,618,21,0,0.0019443182973191142,0,0.5
2,1,43,xgboost,620,471,0,0.3448953926563263,0,0.5
2,1,43,xgboost,621,27,0,0.0256268959492445,0,0.5
2,1,43,xgboost,622,277,0,0.07481245696544647,0,0.5
2,1,43,xgboost,630,236,1,0.15358248353004456,0,0.5
2,1,43,xgboost,634,467,0,0.12911368906497955,0,0.5
2,1,43,xgboost,635,33,0,0.0007798601291142404,0,0.5
2,1,43,xgboost,636,326,0,0.0335824191570282,0,0.5
2,1,43,xgboost,668,98,1,0.0191155094653368,0,0.5
2,1,43,xgboost,674,111,0,0.010373505763709545,0,0.5
2,1,43,xgboost,682,231,0,0.3587197959423065,0,0.5
2,1,43,xgboost,686,128,0,0.04342244938015938,0,0.5
2,1,43,xgboost,688,31,0,0.002063474850729108,0,0.5
2,1,43,xgboost,693,769,0,0.635033130645752,1,0.5
2,1,43,xgboost,707,587,0,0.07725532352924347,0,0.5
2,1,43,xgboost,708,564,0,0.02972300536930561,0,0.5
2,1,43,xgboost,711,177,0,0.026001300662755966,0,0.5
2,1,43,xgboost,715,129,0,0.0008458774536848068,0,0.5
2,1,43,xgboost,718,66,0,0.013001122511923313,0,0.5
2,1,43,xgboost,719,30,0,0.00517398351803422,0,0.5
2,1,43,xgboost,721,218,0,0.36489027738571167,0,0.5
2,1,43,xgboost,725,778,0,0.008569067344069481,0,0.5
2,1,43,xgboost,726,676,0,0.03104507178068161,0,0.5
2,1,43,xgboost,728,508,1,0.9182076454162598,1,0.5
2,1,43,xgboost,731,360,0,0.08636146783828735,0,0.5
2,1,43,xgboost,734,44,0,0.2007140815258026,0,0.5
2,1,43,xgboost,735,607,0,0.0006464687758125365,0,0.5
2,1,43,xgboost,736,139,0,0.0009330639149993658,0,0.5
2,1,43,xgboost,740,206,0,0.10212064534425735,0,0.5
2,1,43,xgboost,744,357,0,0.016523906961083412,0,0.5
2,1,43,xgboost,749,455,0,0.08203505724668503,0,0.5
2,1,43,xgboost,761,752,0,0.07876806706190109,0,0.5
2,1,43,xgboost,762,164,0,0.8997151255607605,1,0.5
2,1,43,xgboost,763,350,0,0.10846323519945145,0,0.5
2,1,43,xgboost,772,141,0,0.0165310837328434,0,0.5
2,1,43,xgboost,773,302,0,0.0024371917825192213,0,0.5
2,1,43,xgboost,777,543,0,0.0680520310997963,0,0.5
2,1,43,xgboost,782,519,0,0.010376345366239548,0,0.5
2,1,43,xgboost,783,116,0,0.19396179914474487,0,0.5
2,1,43,xgboost,784,48,0,0.04562650993466377,0,0.5
2,1,43,xgboost,793,352,0,0.044130995869636536,0,0.5
2,1,43,xgboost,794,602,0,0.00087544514099136,0,0.5
2,1,43,xgboost,797,720,0,0.0038583148270845413,0,0.5
2,1,43,xgboost,799,650,0,0.849132776260376,1,0.5
2,1,43,xgboost,803,699,0,0.34640005230903625,0,0.5
2,1,43,xgboost,809,743,0,0.03754572570323944,0,0.5
2,1,43,xgboost,812,601,0,0.005055086687207222,0,0.5
2,1,43,xgboost,817,444,0,0.017258428037166595,0,0.5
2,1,43,xgboost,820,574,0,0.001731404336169362,0,0.5
2,1,43,xgboost,822,620,0,0.0007945263641886413,0,0.5
2,1,43,xgboost,829,635,0,0.029968565329909325,0,0.5
2,1,43,xgboost,830,526,0,0.009883956983685493,0,0.5
2,2,43,dummy_prior,0,109,0,0.06325301204819277,0,0.5
2,2,43,dummy_prior,3,825,0,0.06325301204819277,0,0.5
2,2,43,dummy_prior,17,799,0,0.06325301204819277,0,0.5
2,2,43,dummy_prior,24,774,0,0.06325301204819277,0,0.5
2,2,43,dummy_prior,26,765,0,0.06325301204819277,0,0.5
2,2,43,dummy_prior,27,759,0,0.06325301204819277,0,0.5
2,2,43,dummy_prior,30,782,0,0.06325301204819277,0,0.5
2,2,43,dummy_prior,38,758,0,0.06325301204819277,0,0.5
2,2,43,dummy_prior,41,732,1,0.06325301204819277,0,0.5
2,2,43,dummy_prior,53,695,0,0.06325301204819277,0,0.5
2,2,43,dummy_prior,60,673,0,0.06325301204819277,0,0.5
2,2,43,dummy_prior,65,736,0,0.06325301204819277,0,0.5
2,2,43,dummy_prior,66,728,0,0.06325301204819277,0,0.5
2,2,43,dummy_prior,67,696,0,0.06325301204819277,0,0.5
2,2,43,dummy_prior,69,727,0,0.06325301204819277,0,0.5
2,2,43,dummy_prior,70,677,0,0.06325301204819277,0,0.5
2,2,43,dummy_prior,71,664,0,0.06325301204819277,0,0.5
2,2,43,dummy_prior,74,686,0,0.06325301204819277,0,0.5
2,2,43,dummy_prior,81,615,0,0.06325301204819277,0,0.5
2,2,43,dummy_prior,82,621,0,0.06325301204819277,0,0.5
2,2,43,dummy_prior,87,618,0,0.06325301204819277,0,0.5
2,2,43,dummy_prior,90,689,0,0.06325301204819277,0,0.5
2,2,43,dummy_prior,94,604,0,0.06325301204819277,0,0.5
2,2,43,dummy_prior,115,597,0,0.06325301204819277,0,0.5
2,2,43,dummy_prior,123,571,0,0.06325301204819277,0,0.5
2,2,43,dummy_prior,126,520,0,0.06325301204819277,0,0.5
2,2,43,dummy_prior,127,518,0,0.06325301204819277,0,0.5
2,2,43,dummy_prior,131,565,0,0.06325301204819277,0,0.5
2,2,43,dummy_prior,136,537,0,0.06325301204819277,0,0.5
2,2,43,dummy_prior,137,517,0,0.06325301204819277,0,0.5
2,2,43,dummy_prior,142,480,0,0.06325301204819277,0,0.5
2,2,43,dummy_prior,143,558,0,0.06325301204819277,0,0.5
2,2,43,dummy_prior,149,489,0,0.06325301204819277,0,0.5
2,2,43,dummy_prior,185,404,0,0.06325301204819277,0,0.5
2,2,43,dummy_prior,186,501,0,0.06325301204819277,0,0.5
2,2,43,dummy_prior,187,475,0,0.06325301204819277,0,0.5
2,2,43,dummy_prior,198,460,0,0.06325301204819277,0,0.5
2,2,43,dummy_prior,201,454,0,0.06325301204819277,0,0.5
2,2,43,dummy_prior,208,387,0,0.06325301204819277,0,0.5
2,2,43,dummy_prior,209,399,0,0.06325301204819277,0,0.5
2,2,43,dummy_prior,211,431,0,0.06325301204819277,0,0.5
2,2,43,dummy_prior,214,372,0,0.06325301204819277,0,0.5
2,2,43,dummy_prior,222,278,0,0.06325301204819277,0,0.5
2,2,43,dummy_prior,224,511,0,0.06325301204819277,0,0.5
2,2,43,dummy_prior,228,466,0,0.06325301204819277,0,0.5
2,2,43,dummy_prior,231,316,0,0.06325301204819277,0,0.5
2,2,43,dummy_prior,233,378,0,0.06325301204819277,0,0.5
2,2,43,dummy_prior,239,354,0,0.06325301204819277,0,0.5
2,2,43,dummy_prior,240,555,0,0.06325301204819277,0,0.5
2,2,43,dummy_prior,245,292,0,0.06325301204819277,0,0.5
2,2,43,dummy_prior,251,279,0,0.06325301204819277,0,0.5
2,2,43,dummy_prior,258,227,0,0.06325301204819277,0,0.5
2,2,43,dummy_prior,265,305,0,0.06325301204819277,0,0.5
2,2,43,dummy_prior,272,237,0,0.06325301204819277,0,0.5
2,2,43,dummy_prior,282,430,0,0.06325301204819277,0,0.5
2,2,43,dummy_prior,286,419,0,0.06325301204819277,0,0.5
2,2,43,dummy_prior,306,322,0,0.06325301204819277,0,0.5
2,2,43,dummy_prior,310,370,0,0.06325301204819277,0,0.5
2,2,43,dummy_prior,311,215,1,0.06325301204819277,0,0.5
2,2,43,dummy_prior,314,170,0,0.06325301204819277,0,0.5
2,2,43,dummy_prior,316,293,0,0.06325301204819277,0,0.5
2,2,43,dummy_prior,322,169,1,0.06325301204819277,0,0.5
2,2,43,dummy_prior,332,525,1,0.06325301204819277,0,0.5
2,2,43,dummy_prior,333,251,0,0.06325301204819277,0,0.5
2,2,43,dummy_prior,334,818,0,0.06325301204819277,0,0.5
2,2,43,dummy_prior,346,235,0,0.06325301204819277,0,0.5
2,2,43,dummy_prior,351,811,0,0.06325301204819277,0,0.5
2,2,43,dummy_prior,361,178,0,0.06325301204819277,0,0.5
2,2,43,dummy_prior,365,82,0,0.06325301204819277,0,0.5
2,2,43,dummy_prior,368,242,0,0.06325301204819277,0,0.5
2,2,43,dummy_prior,369,312,0,0.06325301204819277,0,0.5
2,2,43,dummy_prior,371,249,0,0.06325301204819277,0,0.5
2,2,43,dummy_prior,376,103,0,0.06325301204819277,0,0.5
2,2,43,dummy_prior,381,234,0,0.06325301204819277,0,0.5
2,2,43,dummy_prior,383,266,0,0.06325301204819277,0,0.5
2,2,43,dummy_prior,387,69,0,0.06325301204819277,0,0.5
2,2,43,dummy_prior,392,137,0,0.06325301204819277,0,0.5
2,2,43,dummy_prior,401,57,0,0.06325301204819277,0,0.5
2,2,43,dummy_prior,405,87,0,0.06325301204819277,0,0.5
2,2,43,dummy_prior,406,698,0,0.06325301204819277,0,0.5
2,2,43,dummy_prior,414,89,0,0.06325301204819277,0,0.5
2,2,43,dummy_prior,416,181,0,0.06325301204819277,0,0.5
2,2,43,dummy_prior,419,161,0,0.06325301204819277,0,0.5
2,2,43,dummy_prior,420,29,0,0.06325301204819277,0,0.5
2,2,43,dummy_prior,432,80,0,0.06325301204819277,0,0.5
2,2,43,dummy_prior,433,36,0,0.06325301204819277,0,0.5
2,2,43,dummy_prior,436,65,0,0.06325301204819277,0,0.5
2,2,43,dummy_prior,438,34,0,0.06325301204819277,0,0.5
2,2,43,dummy_prior,453,16,0,0.06325301204819277,0,0.5
2,2,43,dummy_prior,458,640,0,0.06325301204819277,0,0.5
2,2,43,dummy_prior,462,534,0,0.06325301204819277,0,0.5
2,2,43,dummy_prior,466,757,0,0.06325301204819277,0,0.5
2,2,43,dummy_prior,468,371,0,0.06325301204819277,0,0.5
2,2,43,dummy_prior,472,151,0,0.06325301204819277,0,0.5
2,2,43,dummy_prior,475,658,0,0.06325301204819277,0,0.5
2,2,43,dummy_prior,479,356,0,0.06325301204819277,0,0.5
2,2,43,dummy_prior,482,763,0,0.06325301204819277,0,0.5
2,2,43,dummy_prior,490,590,0,0.06325301204819277,0,0.5
2,2,43,dummy_prior,491,384,0,0.06325301204819277,0,0.5
2,2,43,dummy_prior,502,53,0,0.06325301204819277,0,0.5
2,2,43,dummy_prior,503,791,0,0.06325301204819277,0,0.5
2,2,43,dummy_prior,510,652,0,0.06325301204819277,0,0.5
2,2,43,dummy_prior,520,474,0,0.06325301204819277,0,0.5
2,2,43,dummy_prior,522,40,0,0.06325301204819277,0,0.5
2,2,43,dummy_prior,523,50,0,0.06325301204819277,0,0.5
2,2,43,dummy_prior,542,712,0,0.06325301204819277,0,0.5
2,2,43,dummy_prior,543,426,0,0.06325301204819277,0,0.5
2,2,43,dummy_prior,548,802,0,0.06325301204819277,0,0.5
2,2,43,dummy_prior,551,373,0,0.06325301204819277,0,0.5
2,2,43,dummy_prior,552,523,0,0.06325301204819277,0,0.5
2,2,43,dummy_prior,553,309,0,0.06325301204819277,0,0.5
2,2,43,dummy_prior,554,464,0,0.06325301204819277,0,0.5
2,2,43,dummy_prior,556,126,1,0.06325301204819277,0,0.5
2,2,43,dummy_prior,568,244,0,0.06325301204819277,0,0.5
2,2,43,dummy_prior,574,133,0,0.06325301204819277,0,0.5
2,2,43,dummy_prior,575,176,0,0.06325301204819277,0,0.5
2,2,43,dummy_prior,586,230,1,0.06325301204819277,0,0.5
2,2,43,dummy_prior,588,225,0,0.06325301204819277,0,0.5
2,2,43,dummy_prior,589,299,0,0.06325301204819277,0,0.5
2,2,43,dummy_prior,595,320,0,0.06325301204819277,0,0.5
2,2,43,dummy_prior,596,363,0,0.06325301204819277,0,0.5
2,2,43,dummy_prior,598,710,0,0.06325301204819277,0,0.5
2,2,43,dummy_prior,599,250,0,0.06325301204819277,0,0.5
2,2,43,dummy_prior,606,424,0,0.06325301204819277,0,0.5
2,2,43,dummy_prior,613,493,0,0.06325301204819277,0,0.5
2,2,43,dummy_prior,617,512,0,0.06325301204819277,0,0.5
2,2,43,dummy_prior,624,613,0,0.06325301204819277,0,0.5
2,2,43,dummy_prior,625,421,0,0.06325301204819277,0,0.5
2,2,43,dummy_prior,628,216,1,0.06325301204819277,0,0.5
2,2,43,dummy_prior,629,810,0,0.06325301204819277,0,0.5
2,2,43,dummy_prior,639,756,1,0.06325301204819277,0,0.5
2,2,43,dummy_prior,643,830,0,0.06325301204819277,0,0.5
2,2,43,dummy_prior,648,819,1,0.06325301204819277,0,0.5
2,2,43,dummy_prior,650,808,0,0.06325301204819277,0,0.5
2,2,43,dummy_prior,653,609,0,0.06325301204819277,0,0.5
2,2,43,dummy_prior,656,793,0,0.06325301204819277,0,0.5
2,2,43,dummy_prior,657,827,0,0.06325301204819277,0,0.5
2,2,43,dummy_prior,658,762,0,0.06325301204819277,0,0.5
2,2,43,dummy_prior,666,420,0,0.06325301204819277,0,0.5
2,2,43,dummy_prior,667,74,0,0.06325301204819277,0,0.5
2,2,43,dummy_prior,671,138,0,0.06325301204819277,0,0.5
2,2,43,dummy_prior,673,473,0,0.06325301204819277,0,0.5
2,2,43,dummy_prior,677,439,0,0.06325301204819277,0,0.5
2,2,43,dummy_prior,678,42,0,0.06325301204819277,0,0.5
2,2,43,dummy_prior,681,81,0,0.06325301204819277,0,0.5
2,2,43,dummy_prior,683,254,0,0.06325301204819277,0,0.5
2,2,43,dummy_prior,694,427,0,0.06325301204819277,0,0.5
2,2,43,dummy_prior,698,554,0,0.06325301204819277,0,0.5
2,2,43,dummy_prior,700,530,0,0.06325301204819277,0,0.5
2,2,43,dummy_prior,712,477,0,0.06325301204819277,0,0.5
2,2,43,dummy_prior,713,495,1,0.06325301204819277,0,0.5
2,2,43,dummy_prior,730,395,0,0.06325301204819277,0,0.5
2,2,43,dummy_prior,750,45,0,0.06325301204819277,0,0.5
2,2,43,dummy_prior,753,656,0,0.06325301204819277,0,0.5
2,2,43,dummy_prior,756,528,0,0.06325301204819277,0,0.5
2,2,43,dummy_prior,758,403,0,0.06325301204819277,0,0.5
2,2,43,dummy_prior,759,401,1,0.06325301204819277,0,0.5
2,2,43,dummy_prior,766,353,0,0.06325301204819277,0,0.5
2,2,43,dummy_prior,771,396,0,0.06325301204819277,0,0.5
2,2,43,dummy_prior,791,700,0,0.06325301204819277,0,0.5
2,2,43,dummy_prior,801,634,0,0.06325301204819277,0,0.5
2,2,43,dummy_prior,814,297,0,0.06325301204819277,0,0.5
2,2,43,dummy_prior,815,722,0,0.06325301204819277,0,0.5
2,2,43,dummy_prior,824,298,0,0.06325301204819277,0,0.5
2,2,43,dummy_prior,825,800,0,0.06325301204819277,0,0.5
2,2,43,dummy_prior,826,672,0,0.06325301204819277,0,0.5
2,2,43,dummy_prior,828,377,0,0.06325301204819277,0,0.5
2,2,43,logistic_regression,0,109,0,0.40205501892325884,0,0.5
2,2,43,logistic_regression,3,825,0,0.8520335978711595,1,0.5
2,2,43,logistic_regression,17,799,0,0.5970630735002442,1,0.5
2,2,43,logistic_regression,24,774,0,0.527022495075441,1,0.5
2,2,43,logistic_regression,26,765,0,0.4803606591692267,0,0.5
2,2,43,logistic_regression,27,759,0,0.4912918252464279,0,0.5
2,2,43,logistic_regression,30,782,0,0.7149940959705857,1,0.5
2,2,43,logistic_regression,38,758,0,0.4958611813258679,0,0.5
2,2,43,logistic_regression,41,732,1,0.809636965339995,1,0.5
2,2,43,logistic_regression,53,695,0,0.6442512311764343,1,0.5
2,2,43,logistic_regression,60,673,0,0.5354384079210108,1,0.5
2,2,43,logistic_regression,65,736,0,0.5694731237395493,1,0.5
2,2,43,logistic_regression,66,728,0,0.7034769325465905,1,0.5
2,2,43,logistic_regression,67,696,0,0.7775595029694856,1,0.5
2,2,43,logistic_regression,69,727,0,0.6376203285717235,1,0.5
2,2,43,logistic_regression,70,677,0,0.06837255493893894,0,0.5
2,2,43,logistic_regression,71,664,0,0.4761233403563669,0,0.5
2,2,43,logistic_regression,74,686,0,0.4898597727458968,0,0.5
2,2,43,logistic_regression,81,615,0,0.4941056362247111,0,0.5
2,2,43,logistic_regression,82,621,0,0.5473895010059051,1,0.5
2,2,43,logistic_regression,87,618,0,0.48505191761942107,0,0.5
2,2,43,logistic_regression,90,689,0,0.6152234681382557,1,0.5
2,2,43,logistic_regression,94,604,0,0.1822418140282918,0,0.5
2,2,43,logistic_regression,115,597,0,0.44678668471807326,0,0.5
2,2,43,logistic_regression,123,571,0,0.6063813084883687,1,0.5
2,2,43,logistic_regression,126,520,0,0.5015072670750738,1,0.5
2,2,43,logistic_regression,127,518,0,0.4368555153937117,0,0.5
2,2,43,logistic_regression,131,565,0,0.46446131021477816,0,0.5
2,2,43,logistic_regression,136,537,0,0.4823530151453522,0,0.5
2,2,43,logistic_regression,137,517,0,0.4361233034905757,0,0.5
2,2,43,logistic_regression,142,480,0,0.17803844616506181,0,0.5
2,2,43,logistic_regression,143,558,0,0.4573703148811619,0,0.5
2,2,43,logistic_regression,149,489,0,0.48615949452165913,0,0.5
2,2,43,logistic_regression,185,404,0,0.8392976756450131,1,0.5
2,2,43,logistic_regression,186,501,0,0.8616527386861165,1,0.5
2,2,43,logistic_regression,187,475,0,0.4863451096342539,0,0.5
2,2,43,logistic_regression,198,460,0,0.43711734918356776,0,0.5
2,2,43,logistic_regression,201,454,0,0.6094883196890916,1,0.5
2,2,43,logistic_regression,208,387,0,0.5380552807123967,1,0.5
2,2,43,logistic_regression,209,399,0,0.5179467581943901,1,0.5
2,2,43,logistic_regression,211,431,0,0.4649592174946697,0,0.5
2,2,43,logistic_regression,214,372,0,0.4403856236573315,0,0.5
2,2,43,logistic_regression,222,278,0,0.44081936337370564,0,0.5
2,2,43,logistic_regression,224,511,0,0.18576777885765391,0,0.5
2,2,43,logistic_regression,228,466,0,0.5380432655179883,1,0.5
2,2,43,logistic_regression,231,316,0,0.44084772951561785,0,0.5
2,2,43,logistic_regression,233,378,0,0.4400895120496582,0,0.5
2,2,43,logistic_regression,239,354,0,0.49472553829073485,0,0.5
2,2,43,logistic_regression,240,555,0,0.4518890404203728,0,0.5
2,2,43,logistic_regression,245,292,0,0.45035477166399895,0,0.5
2,2,43,logistic_regression,251,279,0,0.42458383523129656,0,0.5
2,2,43,logistic_regression,258,227,0,0.40870333738224557,0,0.5
2,2,43,logistic_regression,265,305,0,0.4857986938741094,0,0.5
2,2,43,logistic_regression,272,237,0,0.4100414943031656,0,0.5
2,2,43,logistic_regression,282,430,0,0.4732947122385084,0,0.5
2,2,43,logistic_regression,286,419,0,0.5086402609831815,1,0.5
2,2,43,logistic_regression,306,322,0,0.4485242906840716,0,0.5
2,2,43,logistic_regression,310,370,0,0.4684113050211879,0,0.5
2,2,43,logistic_regression,311,215,1,0.46748176963288274,0,0.5
2,2,43,logistic_regression,314,170,0,0.42699436319191286,0,0.5
2,2,43,logistic_regression,316,293,0,0.17090497520204717,0,0.5
2,2,43,logistic_regression,322,169,1,0.4864260712009399,0,0.5
2,2,43,logistic_regression,332,525,1,0.46731535574745725,0,0.5
2,2,43,logistic_regression,333,251,0,0.5113189193042648,1,0.5
2,2,43,logistic_regression,334,818,0,0.837864255096778,1,0.5
2,2,43,logistic_regression,346,235,0,0.4478288656937474,0,0.5
2,2,43,logistic_regression,351,811,0,0.5068946172625436,1,0.5
2,2,43,logistic_regression,361,178,0,0.6068234339372663,1,0.5
2,2,43,logistic_regression,365,82,0,0.40235746322552174,0,0.5
2,2,43,logistic_regression,368,242,0,0.4771233990269901,0,0.5
2,2,43,logistic_regression,369,312,0,0.4492769078942258,0,0.5
2,2,43,logistic_regression,371,249,0,0.4616778252766302,0,0.5
2,2,43,logistic_regression,376,103,0,0.4475040062568159,0,0.5
2,2,43,logistic_regression,381,234,0,0.45900843249976986,0,0.5
2,2,43,logistic_regression,383,266,0,0.4125417050580307,0,0.5
2,2,43,logistic_regression,387,69,0,0.11698709866730489,0,0.5
2,2,43,logistic_regression,392,137,0,0.7358353163661313,1,0.5
2,2,43,logistic_regression,401,57,0,0.7272598665642704,1,0.5
2,2,43,logistic_regression,405,87,0,0.15588430318147284,0,0.5
2,2,43,logistic_regression,406,698,0,0.4977670158159657,0,0.5
2,2,43,logistic_regression,414,89,0,0.4456162870247338,0,0.5
2,2,43,logistic_regression,416,181,0,0.6903255589007551,1,0.5
2,2,43,logistic_regression,419,161,0,0.4616898394857814,0,0.5
2,2,43,logistic_regression,420,29,0,0.41244462300496104,0,0.5
2,2,43,logistic_regression,432,80,0,0.41908557056401524,0,0.5
2,2,43,logistic_regression,433,36,0,0.1532949362175875,0,0.5
2,2,43,logistic_regression,436,65,0,0.25267795101144375,0,0.5
2,2,43,logistic_regression,438,34,0,0.4301309292497271,0,0.5
2,2,43,logistic_regression,453,16,0,0.3937097805646487,0,0.5
2,2,43,logistic_regression,458,640,0,0.5026031792143913,1,0.5
2,2,43,logistic_regression,462,534,0,0.5249267861169359,1,0.5
2,2,43,logistic_regression,466,757,0,0.6072427051060247,1,0.5
2,2,43,logistic_regression,468,371,0,0.41913976135492303,0,0.5
2,2,43,logistic_regression,472,151,0,0.16437011628076773,0,0.5
2,2,43,logistic_regression,475,658,0,0.5089295918060075,1,0.5
2,2,43,logistic_regression,479,356,0,0.572131020636725,1,0.5
2,2,43,logistic_regression,482,763,0,0.4804230792122105,0,0.5
2,2,43,logistic_regression,490,590,0,0.8358224124515763,1,0.5
2,2,43,logistic_regression,491,384,0,0.4624359662316379,0,0.5
2,2,43,logistic_regression,502,53,0,0.4359575667579102,0,0.5
2,2,43,logistic_regression,503,791,0,0.511048869734793,1,0.5
2,2,43,logistic_regression,510,652,0,0.532868985460559,1,0.5
2,2,43,logistic_regression,520,474,0,0.4512705787652895,0,0.5
2,2,43,logistic_regression,522,40,0,0.4341513129131391,0,0.5
2,2,43,logistic_regression,523,50,0,0.27073611522037544,0,0.5
2,2,43,logistic_regression,542,712,0,0.5331687343215387,1,0.5
2,2,43,logistic_regression,543,426,0,0.2768956685901082,0,0.5
2,2,43,logistic_regression,548,802,0,0.47136019644624666,0,0.5
2,2,43,logistic_regression,551,373,0,0.5773660315374792,1,0.5
2,2,43,logistic_regression,552,523,0,0.5700111346510283,1,0.5
2,2,43,logistic_regression,553,309,0,0.4636708044270899,0,0.5
2,2,43,logistic_regression,554,464,0,0.17517728813920663,0,0.5
2,2,43,logistic_regression,556,126,1,0.4305795600142247,0,0.5
2,2,43,logistic_regression,568,244,0,0.4274836241051902,0,0.5
2,2,43,logistic_regression,574,133,0,0.8818643623548321,1,0.5
2,2,43,logistic_regression,575,176,0,0.48124820836653526,0,0.5
2,2,43,logistic_regression,586,230,1,0.45462579439411926,0,0.5
2,2,43,logistic_regression,588,225,0,0.44619660942249595,0,0.5
2,2,43,logistic_regression,589,299,0,0.2891544852795551,0,0.5
2,2,43,logistic_regression,595,320,0,0.23489159441301288,0,0.5
2,2,43,logistic_regression,596,363,0,0.5055861762869341,1,0.5
2,2,43,logistic_regression,598,710,0,0.49014078067321043,0,0.5
2,2,43,logistic_regression,599,250,0,0.46093218495864996,0,0.5
2,2,43,logistic_regression,606,424,0,0.5118162366848412,1,0.5
2,2,43,logistic_regression,613,493,0,0.5772617429895134,1,0.5
2,2,43,logistic_regression,617,512,0,0.46665495892152425,0,0.5
2,2,43,logistic_regression,624,613,0,0.6430394442686709,1,0.5
2,2,43,logistic_regression,625,421,0,0.7195454914657093,1,0.5
2,2,43,logistic_regression,628,216,1,0.6308347055736652,1,0.5
2,2,43,logistic_regression,629,810,0,0.7357051956370879,1,0.5
2,2,43,logistic_regression,639,756,1,0.6810966827828007,1,0.5
2,2,43,logistic_regression,643,830,0,0.8267839064508287,1,0.5
2,2,43,logistic_regression,648,819,1,0.636807127980925,1,0.5
2,2,43,logistic_regression,650,808,0,0.5585915182317212,1,0.5
2,2,43,logistic_regression,653,609,0,0.4555619378157538,0,0.5
2,2,43,logistic_regression,656,793,0,0.5541003025443906,1,0.5
2,2,43,logistic_regression,657,827,0,0.6575449607961834,1,0.5
2,2,43,logistic_regression,658,762,0,0.5343202703520192,1,0.5
2,2,43,logistic_regression,666,420,0,0.8898216433360115,1,0.5
2,2,43,logistic_regression,667,74,0,0.597536810962243,1,0.5
2,2,43,logistic_regression,671,138,0,0.29105762704614846,0,0.5
2,2,43,logistic_regression,673,473,0,0.6016507703067411,1,0.5
2,2,43,logistic_regression,677,439,0,0.6152112141248065,1,0.5
2,2,43,logistic_regression,678,42,0,0.609825359883299,1,0.5
2,2,43,logistic_regression,681,81,0,0.5973061257060313,1,0.5
2,2,43,logistic_regression,683,254,0,0.5914654460322868,1,0.5
2,2,43,logistic_regression,694,427,0,0.4744035627130169,0,0.5
2,2,43,logistic_regression,698,554,0,0.4646343248312616,0,0.5
2,2,43,logistic_regression,700,530,0,0.5719535088805011,1,0.5
2,2,43,logistic_regression,712,477,0,0.4389028335406418,0,0.5
2,2,43,logistic_regression,713,495,1,0.7341399093812949,1,0.5
2,2,43,logistic_regression,730,395,0,0.49076320259170414,0,0.5
2,2,43,logistic_regression,750,45,0,0.3985495662477064,0,0.5
2,2,43,logistic_regression,753,656,0,0.5838725829786332,1,0.5
2,2,43,logistic_regression,756,528,0,0.5465938026178376,1,0.5
2,2,43,logistic_regression,758,403,0,0.4815548142167753,0,0.5
2,2,43,logistic_regression,759,401,1,0.8924067118037903,1,0.5
2,2,43,logistic_regression,766,353,0,0.41807569190103444,0,0.5
2,2,43,logistic_regression,771,396,0,0.4327734541576527,0,0.5
2,2,43,logistic_regression,791,700,0,0.6557648170176901,1,0.5
2,2,43,logistic_regression,801,634,0,0.4288290255899968,0,0.5
2,2,43,logistic_regression,814,297,0,0.40045791299753136,0,0.5
2,2,43,logistic_regression,815,722,0,0.563716667469339,1,0.5
2,2,43,logistic_regression,824,298,0,0.42520880373258096,0,0.5
2,2,43,logistic_regression,825,800,0,0.556062596336486,1,0.5
2,2,43,logistic_regression,826,672,0,0.42969472837848094,0,0.5
2,2,43,logistic_regression,828,377,0,0.42337270095966906,0,0.5
2,2,43,xgboost,0,109,0,0.2521192729473114,0,0.5
2,2,43,xgboost,3,825,0,0.5702288150787354,1,0.5
2,2,43,xgboost,17,799,0,0.12074767798185349,0,0.5
2,2,43,xgboost,24,774,0,0.3324480652809143,0,0.5
2,2,43,xgboost,26,765,0,0.2829943895339966,0,0.5
2,2,43,xgboost,27,759,0,0.5872204303741455,1,0.5
2,2,43,xgboost,30,782,0,0.7422595620155334,1,0.5
2,2,43,xgboost,38,758,0,0.2511986494064331,0,0.5
2,2,43,xgboost,41,732,1,0.4744463860988617,0,0.5
2,2,43,xgboost,53,695,0,0.7143926024436951,1,0.5
2,2,43,xgboost,60,673,0,0.4317958354949951,0,0.5
2,2,43,xgboost,65,736,0,0.37840431928634644,0,0.5
2,2,43,xgboost,66,728,0,0.47094425559043884,0,0.5
2,2,43,xgboost,67,696,0,0.6480562090873718,1,0.5
2,2,43,xgboost,69,727,0,0.8338109850883484,1,0.5
2,2,43,xgboost,70,677,0,0.10545642673969269,0,0.5
2,2,43,xgboost,71,664,0,0.35064399242401123,0,0.5
2,2,43,xgboost,74,686,0,0.2136191725730896,0,0.5
2,2,43,xgboost,81,615,0,0.3111928701400757,0,0.5
2,2,43,xgboost,82,621,0,0.3150710165500641,0,0.5
2,2,43,xgboost,87,618,0,0.2553534209728241,0,0.5
2,2,43,xgboost,90,689,0,0.11962368339300156,0,0.5
2,2,43,xgboost,94,604,0,0.07043634355068207,0,0.5
2,2,43,xgboost,115,597,0,0.5702003240585327,1,0.5
2,2,43,xgboost,123,571,0,0.7339000701904297,1,0.5
2,2,43,xgboost,126,520,0,0.39350754022598267,0,0.5
2,2,43,xgboost,127,518,0,0.4232181906700134,0,0.5
2,2,43,xgboost,131,565,0,0.30249500274658203,0,0.5
2,2,43,xgboost,136,537,0,0.5534428954124451,1,0.5
2,2,43,xgboost,137,517,0,0.2587517201900482,0,0.5
2,2,43,xgboost,142,480,0,0.08804197609424591,0,0.5
2,2,43,xgboost,143,558,0,0.32957038283348083,0,0.5
2,2,43,xgboost,149,489,0,0.3366558253765106,0,0.5
2,2,43,xgboost,185,404,0,0.5547221899032593,1,0.5
2,2,43,xgboost,186,501,0,0.5787491798400879,1,0.5
2,2,43,xgboost,187,475,0,0.31343501806259155,0,0.5
2,2,43,xgboost,198,460,0,0.46127936244010925,0,0.5
2,2,43,xgboost,201,454,0,0.4391758441925049,0,0.5
2,2,43,xgboost,208,387,0,0.5056523680686951,1,0.5
2,2,43,xgboost,209,399,0,0.31900277733802795,0,0.5
2,2,43,xgboost,211,431,0,0.19721245765686035,0,0.5
2,2,43,xgboost,214,372,0,0.1975533664226532,0,0.5
2,2,43,xgboost,222,278,0,0.3568139970302582,0,0.5
2,2,43,xgboost,224,511,0,0.09371121972799301,0,0.5
2,2,43,xgboost,228,466,0,0.34619495272636414,0,0.5
2,2,43,xgboost,231,316,0,0.296489417552948,0,0.5
2,2,43,xgboost,233,378,0,0.4382535219192505,0,0.5
2,2,43,xgboost,239,354,0,0.175407275557518,0,0.5
2,2,43,xgboost,240,555,0,0.22789953649044037,0,0.5
2,2,43,xgboost,245,292,0,0.4523390531539917,0,0.5
2,2,43,xgboost,251,279,0,0.3218706250190735,0,0.5
2,2,43,xgboost,258,227,0,0.3728269040584564,0,0.5
2,2,43,xgboost,265,305,0,0.3449333608150482,0,0.5
2,2,43,xgboost,272,237,0,0.5213860273361206,1,0.5
2,2,43,xgboost,282,430,0,0.1277160495519638,0,0.5
2,2,43,xgboost,286,419,0,0.5067499279975891,1,0.5
2,2,43,xgboost,306,322,0,0.14943809807300568,0,0.5
2,2,43,xgboost,310,370,0,0.46216872334480286,0,0.5
2,2,43,xgboost,311,215,1,0.37178733944892883,0,0.5
2,2,43,xgboost,314,170,0,0.3348817229270935,0,0.5
2,2,43,xgboost,316,293,0,0.05616900324821472,0,0.5
2,2,43,xgboost,322,169,1,0.5406650304794312,1,0.5
2,2,43,xgboost,332,525,1,0.6014463901519775,1,0.5
2,2,43,xgboost,333,251,0,0.3580639064311981,0,0.5
2,2,43,xgboost,334,818,0,0.3722497522830963,0,0.5
2,2,43,xgboost,346,235,0,0.44161102175712585,0,0.5
2,2,43,xgboost,351,811,0,0.5083824396133423,1,0.5
2,2,43,xgboost,361,178,0,0.618353545665741,1,0.5
2,2,43,xgboost,365,82,0,0.24963034689426422,0,0.5
2,2,43,xgboost,368,242,0,0.5784630179405212,1,0.5
2,2,43,xgboost,369,312,0,0.4949278235435486,0,0.5
2,2,43,xgboost,371,249,0,0.5374181270599365,1,0.5
2,2,43,xgboost,376,103,0,0.3736738860607147,0,0.5
2,2,43,xgboost,381,234,0,0.5611169934272766,1,0.5
2,2,43,xgboost,383,266,0,0.48164406418800354,0,0.5
2,2,43,xgboost,387,69,0,0.03193538635969162,0,0.5
2,2,43,xgboost,392,137,0,0.2686682343482971,0,0.5
2,2,43,xgboost,401,57,0,0.2690177261829376,0,0.5
2,2,43,xgboost,405,87,0,0.03919437900185585,0,0.5
2,2,43,xgboost,406,698,0,0.1223999485373497,0,0.5
2,2,43,xgboost,414,89,0,0.3822908401489258,0,0.5
2,2,43,xgboost,416,181,0,0.7543812394142151,1,0.5
2,2,43,xgboost,419,161,0,0.17908699810504913,0,0.5
2,2,43,xgboost,420,29,0,0.0789291113615036,0,0.5
2,2,43,xgboost,432,80,0,0.3147962689399719,0,0.5
2,2,43,xgboost,433,36,0,0.02469325065612793,0,0.5
2,2,43,xgboost,436,65,0,0.13313573598861694,0,0.5
2,2,43,xgboost,438,34,0,0.1807253062725067,0,0.5
2,2,43,xgboost,453,16,0,0.10269671678543091,0,0.5
2,2,43,xgboost,458,640,0,0.4075981378555298,0,0.5
2,2,43,xgboost,462,534,0,0.2739216387271881,0,0.5
2,2,43,xgboost,466,757,0,0.3780944347381592,0,0.5
2,2,43,xgboost,468,371,0,0.3318924009799957,0,0.5
2,2,43,xgboost,472,151,0,0.0573006309568882,0,0.5
2,2,43,xgboost,475,658,0,0.15846902132034302,0,0.5
2,2,43,xgboost,479,356,0,0.6164029240608215,1,0.5
2,2,43,xgboost,482,763,0,0.4358634948730469,0,0.5
2,2,43,xgboost,490,590,0,0.4239194393157959,0,0.5
2,2,43,xgboost,491,384,0,0.12073672562837601,0,0.5
2,2,43,xgboost,502,53,0,0.1204601526260376,0,0.5
2,2,43,xgboost,503,791,0,0.4789943993091583,0,0.5
2,2,43,xgboost,510,652,0,0.4197613000869751,0,0.5
2,2,43,xgboost,520,474,0,0.3271561861038208,0,0.5
2,2,43,xgboost,522,40,0,0.1279577910900116,0,0.5
2,2,43,xgboost,523,50,0,0.12003538012504578,0,0.5
2,2,43,xgboost,542,712,0,0.6646153330802917,1,0.5
2,2,43,xgboost,543,426,0,0.0546584278345108,0,0.5
2,2,43,xgboost,548,802,0,0.14645422995090485,0,0.5
2,2,43,xgboost,551,373,0,0.2506941556930542,0,0.5
2,2,43,xgboost,552,523,0,0.557246208190918,1,0.5
2,2,43,xgboost,553,309,0,0.23829783499240875,0,0.5
2,2,43,xgboost,554,464,0,0.06897898763418198,0,0.5
2,2,43,xgboost,556,126,1,0.2210274338722229,0,0.5
2,2,43,xgboost,568,244,0,0.5064414739608765,1,0.5
2,2,43,xgboost,574,133,0,0.4677484333515167,0,0.5
2,2,43,xgboost,575,176,0,0.26150086522102356,0,0.5
2,2,43,xgboost,586,230,1,0.6571504473686218,1,0.5
2,2,43,xgboost,588,225,0,0.486617773771286,0,0.5
2,2,43,xgboost,589,299,0,0.40200382471084595,0,0.5
2,2,43,xgboost,595,320,0,0.07721822708845139,0,0.5
2,2,43,xgboost,596,363,0,0.39165231585502625,0,0.5
2,2,43,xgboost,598,710,0,0.6007888317108154,1,0.5
2,2,43,xgboost,599,250,0,0.6823235154151917,1,0.5
2,2,43,xgboost,606,424,0,0.3834240436553955,0,0.5
2,2,43,xgboost,613,493,0,0.1792791187763214,0,0.5
2,2,43,xgboost,617,512,0,0.6274744272232056,1,0.5
2,2,43,xgboost,624,613,0,0.584685742855072,1,0.5
2,2,43,xgboost,625,421,0,0.4246924817562103,0,0.5
2,2,43,xgboost,628,216,1,0.5199527740478516,1,0.5
2,2,43,xgboost,629,810,0,0.33208388090133667,0,0.5
2,2,43,xgboost,639,756,1,0.8526467084884644,1,0.5
2,2,43,xgboost,643,830,0,0.3302106261253357,0,0.5
2,2,43,xgboost,648,819,1,0.742579460144043,1,0.5
2,2,43,xgboost,650,808,0,0.22817349433898926,0,0.5
2,2,43,xgboost,653,609,0,0.44048529863357544,0,0.5
2,2,43,xgboost,656,793,0,0.16902820765972137,0,0.5
2,2,43,xgboost,657,827,0,0.5448676943778992,1,0.5
2,2,43,xgboost,658,762,0,0.3824369013309479,0,0.5
2,2,43,xgboost,666,420,0,0.7381271719932556,1,0.5
2,2,43,xgboost,667,74,0,0.6148707270622253,1,0.5
2,2,43,xgboost,671,138,0,0.11173554509878159,0,0.5
2,2,43,xgboost,673,473,0,0.5679337978363037,1,0.5
2,2,43,xgboost,677,439,0,0.602476954460144,1,0.5
2,2,43,xgboost,678,42,0,0.1738581657409668,0,0.5
2,2,43,xgboost,681,81,0,0.6612459421157837,1,0.5
2,2,43,xgboost,683,254,0,0.35427048802375793,0,0.5
2,2,43,xgboost,694,427,0,0.4898247718811035,0,0.5
2,2,43,xgboost,698,554,0,0.33427587151527405,0,0.5
2,2,43,xgboost,700,530,0,0.7247408032417297,1,0.5
2,2,43,xgboost,712,477,0,0.450039803981781,0,0.5
2,2,43,xgboost,713,495,1,0.723684549331665,1,0.5
2,2,43,xgboost,730,395,0,0.399994432926178,0,0.5
2,2,43,xgboost,750,45,0,0.09741783887147903,0,0.5
2,2,43,xgboost,753,656,0,0.6148622632026672,1,0.5
2,2,43,xgboost,756,528,0,0.4830622673034668,0,0.5
2,2,43,xgboost,758,403,0,0.2489650994539261,0,0.5
2,2,43,xgboost,759,401,1,0.34944331645965576,0,0.5
2,2,43,xgboost,766,353,0,0.34225666522979736,0,0.5
2,2,43,xgboost,771,396,0,0.5351280570030212,1,0.5
2,2,43,xgboost,791,700,0,0.29906144738197327,0,0.5
2,2,43,xgboost,801,634,0,0.20763033628463745,0,0.5
2,2,43,xgboost,814,297,0,0.25424039363861084,0,0.5
2,2,43,xgboost,815,722,0,0.2857670485973358,0,0.5
2,2,43,xgboost,824,298,0,0.33005470037460327,0,0.5
2,2,43,xgboost,825,800,0,0.35207587480545044,0,0.5
2,2,43,xgboost,826,672,0,0.44551074504852295,0,0.5
2,2,43,xgboost,828,377,0,0.3910023272037506,0,0.5
2,3,43,dummy_prior,6,823,1,0.06315789473684211,0,0.5
2,3,43,dummy_prior,8,809,0,0.06315789473684211,0,0.5
2,3,43,dummy_prior,12,812,0,0.06315789473684211,0,0.5
2,3,43,dummy_prior,16,790,0,0.06315789473684211,0,0.5
2,3,43,dummy_prior,20,797,0,0.06315789473684211,0,0.5
2,3,43,dummy_prior,25,805,0,0.06315789473684211,0,0.5
2,3,43,dummy_prior,32,738,0,0.06315789473684211,0,0.5
2,3,43,dummy_prior,39,719,0,0.06315789473684211,0,0.5
2,3,43,dummy_prior,45,709,0,0.06315789473684211,0,0.5
2,3,43,dummy_prior,46,716,0,0.06315789473684211,0,0.5
2,3,43,dummy_prior,50,721,0,0.06315789473684211,0,0.5
2,3,43,dummy_prior,51,715,0,0.06315789473684211,0,0.5
2,3,43,dummy_prior,55,789,0,0.06315789473684211,0,0.5
2,3,43,dummy_prior,68,705,0,0.06315789473684211,0,0.5
2,3,43,dummy_prior,75,675,0,0.06315789473684211,0,0.5
2,3,43,dummy_prior,79,630,0,0.06315789473684211,0,0.5
2,3,43,dummy_prior,91,649,0,0.06315789473684211,0,0.5
2,3,43,dummy_prior,92,631,1,0.06315789473684211,0,0.5
2,3,43,dummy_prior,99,669,0,0.06315789473684211,0,0.5
2,3,43,dummy_prior,103,633,0,0.06315789473684211,0,0.5
2,3,43,dummy_prior,106,653,0,0.06315789473684211,0,0.5
2,3,43,dummy_prior,109,619,0,0.06315789473684211,0,0.5
2,3,43,dummy_prior,113,667,0,0.06315789473684211,0,0.5
2,3,43,dummy_prior,114,665,0,0.06315789473684211,0,0.5
2,3,43,dummy_prior,116,570,0,0.06315789473684211,0,0.5
2,3,43,dummy_prior,139,553,0,0.06315789473684211,0,0.5
2,3,43,dummy_prior,147,643,0,0.06315789473684211,0,0.5
2,3,43,dummy_prior,153,457,0,0.06315789473684211,0,0.5
2,3,43,dummy_prior,155,448,0,0.06315789473684211,0,0.5
2,3,43,dummy_prior,157,617,0,0.06315789473684211,0,0.5
2,3,43,dummy_prior,160,490,0,0.06315789473684211,0,0.5
2,3,43,dummy_prior,167,535,0,0.06315789473684211,0,0.5
2,3,43,dummy_prior,173,499,0,0.06315789473684211,0,0.5
2,3,43,dummy_prior,178,548,0,0.06315789473684211,0,0.5
2,3,43,dummy_prior,179,414,0,0.06315789473684211,0,0.5
2,3,43,dummy_prior,184,488,1,0.06315789473684211,0,0.5
2,3,43,dummy_prior,191,459,0,0.06315789473684211,0,0.5
2,3,43,dummy_prior,193,397,0,0.06315789473684211,0,0.5
2,3,43,dummy_prior,210,453,0,0.06315789473684211,0,0.5
2,3,43,dummy_prior,213,550,1,0.06315789473684211,0,0.5
2,3,43,dummy_prior,219,406,0,0.06315789473684211,0,0.5
2,3,43,dummy_prior,234,343,0,0.06315789473684211,0,0.5
2,3,43,dummy_prior,255,245,0,0.06315789473684211,0,0.5
2,3,43,dummy_prior,261,259,1,0.06315789473684211,0,0.5
2,3,43,dummy_prior,262,247,0,0.06315789473684211,0,0.5
2,3,43,dummy_prior,263,232,0,0.06315789473684211,0,0.5
2,3,43,dummy_prior,270,355,0,0.06315789473684211,0,0.5
2,3,43,dummy_prior,273,241,0,0.06315789473684211,0,0.5
2,3,43,dummy_prior,275,267,0,0.06315789473684211,0,0.5
2,3,43,dummy_prior,276,263,0,0.06315789473684211,0,0.5
2,3,43,dummy_prior,281,252,0,0.06315789473684211,0,0.5
2,3,43,dummy_prior,287,204,0,0.06315789473684211,0,0.5
2,3,43,dummy_prior,288,289,0,0.06315789473684211,0,0.5
2,3,43,dummy_prior,290,221,0,0.06315789473684211,0,0.5
2,3,43,dummy_prior,291,288,0,0.06315789473684211,0,0.5
2,3,43,dummy_prior,293,358,0,0.06315789473684211,0,0.5
2,3,43,dummy_prior,294,220,0,0.06315789473684211,0,0.5
2,3,43,dummy_prior,295,333,0,0.06315789473684211,0,0.5
2,3,43,dummy_prior,298,202,0,0.06315789473684211,0,0.5
2,3,43,dummy_prior,300,386,0,0.06315789473684211,0,0.5
2,3,43,dummy_prior,302,201,0,0.06315789473684211,0,0.5
2,3,43,dummy_prior,315,308,0,0.06315789473684211,0,0.5
2,3,43,dummy_prior,324,173,0,0.06315789473684211,0,0.5
2,3,43,dummy_prior,327,207,0,0.06315789473684211,0,0.5
2,3,43,dummy_prior,329,583,0,0.06315789473684211,0,0.5
2,3,43,dummy_prior,336,182,0,0.06315789473684211,0,0.5
2,3,43,dummy_prior,337,148,0,0.06315789473684211,0,0.5
2,3,43,dummy_prior,340,159,0,0.06315789473684211,0,0.5
2,3,43,dummy_prior,344,131,0,0.06315789473684211,0,0.5
2,3,43,dummy_prior,345,125,0,0.06315789473684211,0,0.5
2,3,43,dummy_prior,348,155,0,0.06315789473684211,0,0.5
2,3,43,dummy_prior,350,223,0,0.06315789473684211,0,0.5
2,3,43,dummy_prior,353,258,0,0.06315789473684211,0,0.5
2,3,43,dummy_prior,357,199,0,0.06315789473684211,0,0.5
2,3,43,dummy_prior,359,72,0,0.06315789473684211,0,0.5
2,3,43,dummy_prior,373,172,1,0.06315789473684211,0,0.5
2,3,43,dummy_prior,377,145,0,0.06315789473684211,0,0.5
2,3,43,dummy_prior,378,400,0,0.06315789473684211,0,0.5
2,3,43,dummy_prior,380,78,0,0.06315789473684211,0,0.5
2,3,43,dummy_prior,384,185,0,0.06315789473684211,0,0.5
2,3,43,dummy_prior,389,142,0,0.06315789473684211,0,0.5
2,3,43,dummy_prior,390,184,0,0.06315789473684211,0,0.5
2,3,43,dummy_prior,394,209,0,0.06315789473684211,0,0.5
2,3,43,dummy_prior,402,60,0,0.06315789473684211,0,0.5
2,3,43,dummy_prior,403,54,0,0.06315789473684211,0,0.5
2,3,43,dummy_prior,413,433,1,0.06315789473684211,0,0.5
2,3,43,dummy_prior,415,51,0,0.06315789473684211,0,0.5
2,3,43,dummy_prior,418,114,0,0.06315789473684211,0,0.5
2,3,43,dummy_prior,424,28,0,0.06315789473684211,0,0.5
2,3,43,dummy_prior,425,192,1,0.06315789473684211,0,0.5
2,3,43,dummy_prior,427,26,0,0.06315789473684211,0,0.5
2,3,43,dummy_prior,430,9,0,0.06315789473684211,0,0.5
2,3,43,dummy_prior,437,75,0,0.06315789473684211,0,0.5
2,3,43,dummy_prior,441,77,0,0.06315789473684211,0,0.5
2,3,43,dummy_prior,442,24,0,0.06315789473684211,0,0.5
2,3,43,dummy_prior,444,3,0,0.06315789473684211,0,0.5
2,3,43,dummy_prior,450,43,0,0.06315789473684211,0,0.5
2,3,43,dummy_prior,451,41,0,0.06315789473684211,0,0.5
2,3,43,dummy_prior,461,751,0,0.06315789473684211,0,0.5
2,3,43,dummy_prior,463,482,0,0.06315789473684211,0,0.5
2,3,43,dummy_prior,464,575,0,0.06315789473684211,0,0.5
2,3,43,dummy_prior,478,451,1,0.06315789473684211,0,0.5
2,3,43,dummy_prior,493,38,0,0.06315789473684211,0,0.5
2,3,43,dummy_prior,495,96,0,0.06315789473684211,0,0.5
2,3,43,dummy_prior,496,476,0,0.06315789473684211,0,0.5
2,3,43,dummy_prior,498,174,0,0.06315789473684211,0,0.5
2,3,43,dummy_prior,501,123,0,0.06315789473684211,0,0.5
2,3,43,dummy_prior,507,469,0,0.06315789473684211,0,0.5
2,3,43,dummy_prior,509,547,0,0.06315789473684211,0,0.5
2,3,43,dummy_prior,519,188,0,0.06315789473684211,0,0.5
2,3,43,dummy_prior,521,146,0,0.06315789473684211,0,0.5
2,3,43,dummy_prior,526,385,0,0.06315789473684211,0,0.5
2,3,43,dummy_prior,527,58,0,0.06315789473684211,0,0.5
2,3,43,dummy_prior,532,636,0,0.06315789473684211,0,0.5
2,3,43,dummy_prior,539,748,0,0.06315789473684211,0,0.5
2,3,43,dummy_prior,544,335,0,0.06315789473684211,0,0.5
2,3,43,dummy_prior,546,383,0,0.06315789473684211,0,0.5
2,3,43,dummy_prior,555,196,0,0.06315789473684211,0,0.5
2,3,43,dummy_prior,557,730,0,0.06315789473684211,0,0.5
2,3,43,dummy_prior,559,198,0,0.06315789473684211,0,0.5
2,3,43,dummy_prior,560,315,0,0.06315789473684211,0,0.5
2,3,43,dummy_prior,567,56,0,0.06315789473684211,0,0.5
2,3,43,dummy_prior,571,193,0,0.06315789473684211,0,0.5
2,3,43,dummy_prior,579,440,0,0.06315789473684211,0,0.5
2,3,43,dummy_prior,590,341,1,0.06315789473684211,0,0.5
2,3,43,dummy_prior,591,706,0,0.06315789473684211,0,0.5
2,3,43,dummy_prior,600,118,0,0.06315789473684211,0,0.5
2,3,43,dummy_prior,605,336,0,0.06315789473684211,0,0.5
2,3,43,dummy_prior,610,478,0,0.06315789473684211,0,0.5
2,3,43,dummy_prior,611,714,0,0.06315789473684211,0,0.5
2,3,43,dummy_prior,616,761,0,0.06315789473684211,0,0.5
2,3,43,dummy_prior,627,826,0,0.06315789473684211,0,0.5
2,3,43,dummy_prior,640,205,0,0.06315789473684211,0,0.5
2,3,43,dummy_prior,644,755,0,0.06315789473684211,0,0.5
2,3,43,dummy_prior,652,814,0,0.06315789473684211,0,0.5
2,3,43,dummy_prior,659,815,0,0.06315789473684211,0,0.5
2,3,43,dummy_prior,663,510,1,0.06315789473684211,0,0.5
2,3,43,dummy_prior,669,486,0,0.06315789473684211,0,0.5
2,3,43,dummy_prior,670,538,0,0.06315789473684211,0,0.5
2,3,43,dummy_prior,680,806,0,0.06315789473684211,0,0.5
2,3,43,dummy_prior,687,317,0,0.06315789473684211,0,0.5
2,3,43,dummy_prior,689,521,0,0.06315789473684211,0,0.5
2,3,43,dummy_prior,690,144,0,0.06315789473684211,0,0.5
2,3,43,dummy_prior,696,325,0,0.06315789473684211,0,0.5
2,3,43,dummy_prior,705,291,0,0.06315789473684211,0,0.5
2,3,43,dummy_prior,716,156,0,0.06315789473684211,0,0.5
2,3,43,dummy_prior,717,540,0,0.06315789473684211,0,0.5
2,3,43,dummy_prior,720,342,0,0.06315789473684211,0,0.5
2,3,43,dummy_prior,738,281,0,0.06315789473684211,0,0.5
2,3,43,dummy_prior,739,398,0,0.06315789473684211,0,0.5
2,3,43,dummy_prior,741,12,0,0.06315789473684211,0,0.5
2,3,43,dummy_prior,745,661,0,0.06315789473684211,0,0.5
2,3,43,dummy_prior,746,113,0,0.06315789473684211,0,0.5
2,3,43,dummy_prior,747,23,0,0.06315789473684211,0,0.5
2,3,43,dummy_prior,748,801,0,0.06315789473684211,0,0.5
2,3,43,dummy_prior,764,15,0,0.06315789473684211,0,0.5
2,3,43,dummy_prior,768,690,0,0.06315789473684211,0,0.5
2,3,43,dummy_prior,775,14,0,0.06315789473684211,0,0.5
2,3,43,dummy_prior,786,163,0,0.06315789473684211,0,0.5
2,3,43,dummy_prior,790,516,0,0.06315789473684211,0,0.5
2,3,43,dummy_prior,798,794,0,0.06315789473684211,0,0.5
2,3,43,dummy_prior,804,777,0,0.06315789473684211,0,0.5
2,3,43,dummy_prior,816,567,0,0.06315789473684211,0,0.5
2,3,43,dummy_prior,819,680,0,0.06315789473684211,0,0.5
2,3,43,dummy_prior,821,598,0,0.06315789473684211,0,0.5
2,3,43,dummy_prior,827,616,0,0.06315789473684211,0,0.5
2,3,43,logistic_regression,6,823,1,0.6305831068967479,1,0.5
2,3,43,logistic_regression,8,809,0,0.46928297994604545,0,0.5
2,3,43,logistic_regression,12,812,0,0.7317742622687661,1,0.5
2,3,43,logistic_regression,16,790,0,0.403655026919705,0,0.5
2,3,43,logistic_regression,20,797,0,0.6649584129718673,1,0.5
2,3,43,logistic_regression,25,805,0,0.46881660004149533,0,0.5
2,3,43,logistic_regression,32,738,0,0.38444418077396314,0,0.5
2,3,43,logistic_regression,39,719,0,0.4260644955203537,0,0.5
2,3,43,logistic_regression,45,709,0,0.536977087770417,1,0.5
2,3,43,logistic_regression,46,716,0,0.7393723749384858,1,0.5
2,3,43,logistic_regression,50,721,0,0.541815632259983,1,0.5
2,3,43,logistic_regression,51,715,0,0.4682506344379038,0,0.5
2,3,43,logistic_regression,55,789,0,0.6829032629696908,1,0.5
2,3,43,logistic_regression,68,705,0,0.3808449957785691,0,0.5
2,3,43,logistic_regression,75,675,0,0.5706766943402493,1,0.5
2,3,43,logistic_regression,79,630,0,0.33983947699777256,0,0.5
2,3,43,logistic_regression,91,649,0,0.6601417486460487,1,0.5
2,3,43,logistic_regression,92,631,1,0.32866914046188545,0,0.5
2,3,43,logistic_regression,99,669,0,0.44328967385801066,0,0.5
2,3,43,logistic_regression,103,633,0,0.5759270234318444,1,0.5
2,3,43,logistic_regression,106,653,0,0.4080849894967366,0,0.5
2,3,43,logistic_regression,109,619,0,0.5383227289471852,1,0.5
2,3,43,logistic_regression,113,667,0,0.44398334137671586,0,0.5
2,3,43,logistic_regression,114,665,0,0.6558637169991453,1,0.5
2,3,43,logistic_regression,116,570,0,0.41216292321818904,0,0.5
2,3,43,logistic_regression,139,553,0,0.5573876213014316,1,0.5
2,3,43,logistic_regression,147,643,0,0.42841148693301856,0,0.5
2,3,43,logistic_regression,153,457,0,0.5154178694429897,1,0.5
2,3,43,logistic_regression,155,448,0,0.5187145284025273,1,0.5
2,3,43,logistic_regression,157,617,0,0.43459184860607347,0,0.5
2,3,43,logistic_regression,160,490,0,0.4912381616576794,0,0.5
2,3,43,logistic_regression,167,535,0,0.5846534209746928,1,0.5
2,3,43,logistic_regression,173,499,0,0.46439585596830274,0,0.5
2,3,43,logistic_regression,178,548,0,0.55663909634869,1,0.5
2,3,43,logistic_regression,179,414,0,0.5568294658441397,1,0.5
2,3,43,logistic_regression,184,488,1,0.6644946774521041,1,0.5
2,3,43,logistic_regression,191,459,0,0.43698728941479725,0,0.5
2,3,43,logistic_regression,193,397,0,0.42806918698678553,0,0.5
2,3,43,logistic_regression,210,453,0,0.3844049779428302,0,0.5
2,3,43,logistic_regression,213,550,1,0.4691297325628198,0,0.5
2,3,43,logistic_regression,219,406,0,0.1398806927203738,0,0.5
2,3,43,logistic_regression,234,343,0,0.8393746239266014,1,0.5
2,3,43,logistic_regression,255,245,0,0.40850683905158997,0,0.5
2,3,43,logistic_regression,261,259,1,0.47704313974052465,0,0.5
2,3,43,logistic_regression,262,247,0,0.510252569019709,1,0.5
2,3,43,logistic_regression,263,232,0,0.38799201256347593,0,0.5
2,3,43,logistic_regression,270,355,0,0.5897954505846275,1,0.5
2,3,43,logistic_regression,273,241,0,0.44619778183699177,0,0.5
2,3,43,logistic_regression,275,267,0,0.44100983155262713,0,0.5
2,3,43,logistic_regression,276,263,0,0.38402509539393026,0,0.5
2,3,43,logistic_regression,281,252,0,0.16458540052557907,0,0.5
2,3,43,logistic_regression,287,204,0,0.4632910540238008,0,0.5
2,3,43,logistic_regression,288,289,0,0.39860325954376896,0,0.5
2,3,43,logistic_regression,290,221,0,0.41888143206061584,0,0.5
2,3,43,logistic_regression,291,288,0,0.43991859225162205,0,0.5
2,3,43,logistic_regression,293,358,0,0.4515191022238504,0,0.5
2,3,43,logistic_regression,294,220,0,0.6954247221577288,1,0.5
2,3,43,logistic_regression,295,333,0,0.4056836902714703,0,0.5
2,3,43,logistic_regression,298,202,0,0.385601546638059,0,0.5
2,3,43,logistic_regression,300,386,0,0.47123503845048303,0,0.5
2,3,43,logistic_regression,302,201,0,0.4198390004082537,0,0.5
2,3,43,logistic_regression,315,308,0,0.4801079559403549,0,0.5
2,3,43,logistic_regression,324,173,0,0.45742813695915746,0,0.5
2,3,43,logistic_regression,327,207,0,0.18105226472267522,0,0.5
2,3,43,logistic_regression,329,583,0,0.4273063146607988,0,0.5
2,3,43,logistic_regression,336,182,0,0.379176016525701,0,0.5
2,3,43,logistic_regression,337,148,0,0.3947445193449414,0,0.5
2,3,43,logistic_regression,340,159,0,0.1630998572942778,0,0.5
2,3,43,logistic_regression,344,131,0,0.40893674252619394,0,0.5
2,3,43,logistic_regression,345,125,0,0.4409883994510533,0,0.5
2,3,43,logistic_regression,348,155,0,0.4716307088208377,0,0.5
2,3,43,logistic_regression,350,223,0,0.1938072030568935,0,0.5
2,3,43,logistic_regression,353,258,0,0.12606522841241574,0,0.5
2,3,43,logistic_regression,357,199,0,0.39284521206013534,0,0.5
2,3,43,logistic_regression,359,72,0,0.39913286891477784,0,0.5
2,3,43,logistic_regression,373,172,1,0.39576622336100775,0,0.5
2,3,43,logistic_regression,377,145,0,0.18415397609212358,0,0.5
2,3,43,logistic_regression,378,400,0,0.4661390455441457,0,0.5
2,3,43,logistic_regression,380,78,0,0.7091885795869097,1,0.5
2,3,43,logistic_regression,384,185,0,0.2881046166745109,0,0.5
2,3,43,logistic_regression,389,142,0,0.4585272515959609,0,0.5
2,3,43,logistic_regression,390,184,0,0.8170478869574613,1,0.5
2,3,43,logistic_regression,394,209,0,0.4123308796505441,0,0.5
2,3,43,logistic_regression,402,60,0,0.18057431373514282,0,0.5
2,3,43,logistic_regression,403,54,0,0.4525727841091824,0,0.5
2,3,43,logistic_regression,413,433,1,0.4198150844549156,0,0.5
2,3,43,logistic_regression,415,51,0,0.47066874023468014,0,0.5
2,3,43,logistic_regression,418,114,0,0.675608746267242,1,0.5
2,3,43,logistic_regression,424,28,0,0.40671603469219064,0,0.5
2,3,43,logistic_regression,425,192,1,0.39450625922754695,0,0.5
2,3,43,logistic_regression,427,26,0,0.4482455081275509,0,0.5
2,3,43,logistic_regression,430,9,0,0.4466318603968303,0,0.5
2,3,43,logistic_regression,437,75,0,0.40252574220148996,0,0.5
2,3,43,logistic_regression,441,77,0,0.2831494347857609,0,0.5
2,3,43,logistic_regression,442,24,0,0.45578717604293134,0,0.5
2,3,43,logistic_regression,444,3,0,0.45526658097676603,0,0.5
2,3,43,logistic_regression,450,43,0,0.4528134070686524,0,0.5
2,3,43,logistic_regression,451,41,0,0.5329344615139499,1,0.5
2,3,43,logistic_regression,461,751,0,0.4593189133161298,0,0.5
2,3,43,logistic_regression,463,482,0,0.3555787939671367,0,0.5
2,3,43,logistic_regression,464,575,0,0.07978320491685173,0,0.5
2,3,43,logistic_regression,478,451,1,0.3997466945685006,0,0.5
2,3,43,logistic_regression,493,38,0,0.38739901389909137,0,0.5
2,3,43,logistic_regression,495,96,0,0.43914085910213235,0,0.5
2,3,43,logistic_regression,496,476,0,0.39063775326330824,0,0.5
2,3,43,logistic_regression,498,174,0,0.4083128779140345,0,0.5
2,3,43,logistic_regression,501,123,0,0.412814301940104,0,0.5
2,3,43,logistic_regression,507,469,0,0.4426236730205275,0,0.5
2,3,43,logistic_regression,509,547,0,0.19362232398379473,0,0.5
2,3,43,logistic_regression,519,188,0,0.4525943233878276,0,0.5
2,3,43,logistic_regression,521,146,0,0.1778727567263094,0,0.5
2,3,43,logistic_regression,526,385,0,0.18828099632734024,0,0.5
2,3,43,logistic_regression,527,58,0,0.40034299659063494,0,0.5
2,3,43,logistic_regression,532,636,0,0.4328763468923181,0,0.5
2,3,43,logistic_regression,539,748,0,0.47047595550382415,0,0.5
2,3,43,logistic_regression,544,335,0,0.4460993414423878,0,0.5
2,3,43,logistic_regression,546,383,0,0.5556223171916544,1,0.5
2,3,43,logistic_regression,555,196,0,0.47044844502273203,0,0.5
2,3,43,logistic_regression,557,730,0,0.5096666891224486,1,0.5
2,3,43,logistic_regression,559,198,0,0.48986573852141085,0,0.5
2,3,43,logistic_regression,560,315,0,0.4574497142192108,0,0.5
2,3,43,logistic_regression,567,56,0,0.44911432005812413,0,0.5
2,3,43,logistic_regression,571,193,0,0.39630495861614257,0,0.5
2,3,43,logistic_regression,579,440,0,0.189950178305132,0,0.5
2,3,43,logistic_regression,590,341,1,0.6269417523774625,1,0.5
2,3,43,logistic_regression,591,706,0,0.7714048054362194,1,0.5
2,3,43,logistic_regression,600,118,0,0.4298803131003125,0,0.5
2,3,43,logistic_regression,605,336,0,0.4925658081250533,0,0.5
2,3,43,logistic_regression,610,478,0,0.4553355453329,0,0.5
2,3,43,logistic_regression,611,714,0,0.4317538155239362,0,0.5
2,3,43,logistic_regression,616,761,0,0.45937809354723774,0,0.5
2,3,43,logistic_regression,627,826,0,0.739353925728395,1,0.5
2,3,43,logistic_regression,640,205,0,0.48791305329466883,0,0.5
2,3,43,logistic_regression,644,755,0,0.7834678984103616,1,0.5
2,3,43,logistic_regression,652,814,0,0.5092512681150319,1,0.5
2,3,43,logistic_regression,659,815,0,0.5119146906967299,1,0.5
2,3,43,logistic_regression,663,510,1,0.48754091278680445,0,0.5
2,3,43,logistic_regression,669,486,0,0.5943171547887319,1,0.5
2,3,43,logistic_regression,670,538,0,0.5330780482187213,1,0.5
2,3,43,logistic_regression,680,806,0,0.25341820297528184,0,0.5
2,3,43,logistic_regression,687,317,0,0.419916873710374,0,0.5
2,3,43,logistic_regression,689,521,0,0.517106649822498,1,0.5
2,3,43,logistic_regression,690,144,0,0.46148958052399536,0,0.5
2,3,43,logistic_regression,696,325,0,0.5198668380957199,1,0.5
2,3,43,logistic_regression,705,291,0,0.4295062843385596,0,0.5
2,3,43,logistic_regression,716,156,0,0.6897422138712814,1,0.5
2,3,43,logistic_regression,717,540,0,0.2512766310304087,0,0.5
2,3,43,logistic_regression,720,342,0,0.5742693776828408,1,0.5
2,3,43,logistic_regression,738,281,0,0.5359294020964825,1,0.5
2,3,43,logistic_regression,739,398,0,0.4734841631111912,0,0.5
2,3,43,logistic_regression,741,12,0,0.18594983995381628,0,0.5
2,3,43,logistic_regression,745,661,0,0.1946570257018631,0,0.5
2,3,43,logistic_regression,746,113,0,0.19268763509570877,0,0.5
2,3,43,logistic_regression,747,23,0,0.41183829004998107,0,0.5
2,3,43,logistic_regression,748,801,0,0.5960246869977059,1,0.5
2,3,43,logistic_regression,764,15,0,0.4598463981516784,0,0.5
2,3,43,logistic_regression,768,690,0,0.6683770684121945,1,0.5
2,3,43,logistic_regression,775,14,0,0.40165654706994647,0,0.5
2,3,43,logistic_regression,786,163,0,0.5219813233175973,1,0.5
2,3,43,logistic_regression,790,516,0,0.5409778552266573,1,0.5
2,3,43,logistic_regression,798,794,0,0.4807460818548428,0,0.5
2,3,43,logistic_regression,804,777,0,0.8151252884921395,1,0.5
2,3,43,logistic_regression,816,567,0,0.4641998517345254,0,0.5
2,3,43,logistic_regression,819,680,0,0.46662587543514095,0,0.5
2,3,43,logistic_regression,821,598,0,0.40555875024493754,0,0.5
2,3,43,logistic_regression,827,616,0,0.5204242088442161,1,0.5
2,3,43,xgboost,6,823,1,0.46970662474632263,0,0.5
2,3,43,xgboost,8,809,0,0.21561768651008606,0,0.5
2,3,43,xgboost,12,812,0,0.6130740642547607,1,0.5
2,3,43,xgboost,16,790,0,0.17632931470870972,0,0.5
2,3,43,xgboost,20,797,0,0.8469387888908386,1,0.5
2,3,43,xgboost,25,805,0,0.48947975039482117,0,0.5
2,3,43,xgboost,32,738,0,0.489654541015625,0,0.5
2,3,43,xgboost,39,719,0,0.24092373251914978,0,0.5
2,3,43,xgboost,45,709,0,0.5308158993721008,1,0.5
2,3,43,xgboost,46,716,0,0.4145340025424957,0,0.5
2,3,43,xgboost,50,721,0,0.3837045133113861,0,0.5
2,3,43,xgboost,51,715,0,0.46185705065727234,0,0.5
2,3,43,xgboost,55,789,0,0.771591305732727,1,0.5
2,3,43,xgboost,68,705,0,0.15903092920780182,0,0.5
2,3,43,xgboost,75,675,0,0.3496488630771637,0,0.5
2,3,43,xgboost,79,630,0,0.15856540203094482,0,0.5
2,3,43,xgboost,91,649,0,0.3851543664932251,0,0.5
2,3,43,xgboost,92,631,1,0.13796395063400269,0,0.5
2,3,43,xgboost,99,669,0,0.2759137451648712,0,0.5
2,3,43,xgboost,103,633,0,0.3882787227630615,0,0.5
2,3,43,xgboost,106,653,0,0.3986979126930237,0,0.5
2,3,43,xgboost,109,619,0,0.31798234581947327,0,0.5
2,3,43,xgboost,113,667,0,0.3863779902458191,0,0.5
2,3,43,xgboost,114,665,0,0.41836443543434143,0,0.5
2,3,43,xgboost,116,570,0,0.12865427136421204,0,0.5
2,3,43,xgboost,139,553,0,0.14407677948474884,0,0.5
2,3,43,xgboost,147,643,0,0.43035921454429626,0,0.5
2,3,43,xgboost,153,457,0,0.23086042702198029,0,0.5
2,3,43,xgboost,155,448,0,0.1820983737707138,0,0.5
2,3,43,xgboost,157,617,0,0.15160426497459412,0,0.5
2,3,43,xgboost,160,490,0,0.3318895399570465,0,0.5
2,3,43,xgboost,167,535,0,0.4536985158920288,0,0.5
2,3,43,xgboost,173,499,0,0.3059253692626953,0,0.5
2,3,43,xgboost,178,548,0,0.19861570000648499,0,0.5
2,3,43,xgboost,179,414,0,0.22785530984401703,0,0.5
2,3,43,xgboost,184,488,1,0.29854005575180054,0,0.5
2,3,43,xgboost,191,459,0,0.4132739305496216,0,0.5
2,3,43,xgboost,193,397,0,0.43278032541275024,0,0.5
2,3,43,xgboost,210,453,0,0.11524629592895508,0,0.5
2,3,43,xgboost,213,550,1,0.3360276520252228,0,0.5
2,3,43,xgboost,219,406,0,0.07575513422489166,0,0.5
2,3,43,xgboost,234,343,0,0.28928712010383606,0,0.5
2,3,43,xgboost,255,245,0,0.45827484130859375,0,0.5
2,3,43,xgboost,261,259,1,0.301665723323822,0,0.5
2,3,43,xgboost,262,247,0,0.43967145681381226,0,0.5
2,3,43,xgboost,263,232,0,0.5344828367233276,1,0.5
2,3,43,xgboost,270,355,0,0.2622753977775574,0,0.5
2,3,43,xgboost,273,241,0,0.6305689811706543,1,0.5
2,3,43,xgboost,275,267,0,0.5946377515792847,1,0.5
2,3,43,xgboost,276,263,0,0.1583578735589981,0,0.5
2,3,43,xgboost,281,252,0,0.13671520352363586,0,0.5
2,3,43,xgboost,287,204,0,0.29473820328712463,0,0.5
2,3,43,xgboost,288,289,0,0.3319144546985626,0,0.5
2,3,43,xgboost,290,221,0,0.31887200474739075,0,0.5
2,3,43,xgboost,291,288,0,0.4219951033592224,0,0.5
2,3,43,xgboost,293,358,0,0.42190322279930115,0,0.5
2,3,43,xgboost,294,220,0,0.6313621401786804,1,0.5
2,3,43,xgboost,295,333,0,0.2488100826740265,0,0.5
2,3,43,xgboost,298,202,0,0.3660199046134949,0,0.5
2,3,43,xgboost,300,386,0,0.2827231287956238,0,0.5
2,3,43,xgboost,302,201,0,0.5043569803237915,1,0.5
2,3,43,xgboost,315,308,0,0.24805961549282074,0,0.5
2,3,43,xgboost,324,173,0,0.3660199046134949,0,0.5
2,3,43,xgboost,327,207,0,0.13412754237651825,0,0.5
2,3,43,xgboost,329,583,0,0.3621583878993988,0,0.5
2,3,43,xgboost,336,182,0,0.5551642179489136,1,0.5
2,3,43,xgboost,337,148,0,0.4611831605434418,0,0.5
2,3,43,xgboost,340,159,0,0.11339163780212402,0,0.5
2,3,43,xgboost,344,131,0,0.36405912041664124,0,0.5
2,3,43,xgboost,345,125,0,0.5658193230628967,1,0.5
2,3,43,xgboost,348,155,0,0.2745591998100281,0,0.5
2,3,43,xgboost,350,223,0,0.12178023159503937,0,0.5
2,3,43,xgboost,353,258,0,0.1431993544101715,0,0.5
2,3,43,xgboost,357,199,0,0.538383960723877,1,0.5
2,3,43,xgboost,359,72,0,0.3017251193523407,0,0.5
2,3,43,xgboost,373,172,1,0.403669148683548,0,0.5
2,3,43,xgboost,377,145,0,0.10797233134508133,0,0.5
2,3,43,xgboost,378,400,0,0.29778313636779785,0,0.5
2,3,43,xgboost,380,78,0,0.5608125925064087,1,0.5
2,3,43,xgboost,384,185,0,0.48323357105255127,0,0.5
2,3,43,xgboost,389,142,0,0.3402535319328308,0,0.5
2,3,43,xgboost,390,184,0,0.8147590756416321,1,0.5
2,3,43,xgboost,394,209,0,0.41826915740966797,0,0.5
2,3,43,xgboost,402,60,0,0.09455548971891403,0,0.5
2,3,43,xgboost,403,54,0,0.2379349172115326,0,0.5
2,3,43,xgboost,413,433,1,0.2714973986148834,0,0.5
2,3,43,xgboost,415,51,0,0.24612931907176971,0,0.5
2,3,43,xgboost,418,114,0,0.5153679251670837,1,0.5
2,3,43,xgboost,424,28,0,0.2365347445011139,0,0.5
2,3,43,xgboost,425,192,1,0.5222487449645996,1,0.5
2,3,43,xgboost,427,26,0,0.24075596034526825,0,0.5
2,3,43,xgboost,430,9,0,0.24075596034526825,0,0.5
2,3,43,xgboost,437,75,0,0.3037901222705841,0,0.5
2,3,43,xgboost,441,77,0,0.4424895942211151,0,0.5
2,3,43,xgboost,442,24,0,0.24075596034526825,0,0.5
2,3,43,xgboost,444,3,0,0.2379349172115326,0,0.5
2,3,43,xgboost,450,43,0,0.24204567074775696,0,0.5
2,3,43,xgboost,451,41,0,0.3178030252456665,0,0.5
2,3,43,xgboost,461,751,0,0.5238253474235535,1,0.5
2,3,43,xgboost,463,482,0,0.13721176981925964,0,0.5
2,3,43,xgboost,464,575,0,0.15545502305030823,0,0.5
2,3,43,xgboost,478,451,1,0.39192524552345276,0,0.5
2,3,43,xgboost,493,38,0,0.2379349172115326,0,0.5
2,3,43,xgboost,495,96,0,0.4873308539390564,0,0.5
2,3,43,xgboost,496,476,0,0.10779055953025818,0,0.5
2,3,43,xgboost,498,174,0,0.360645592212677,0,0.5
2,3,43,xgboost,501,123,0,0.49697089195251465,0,0.5
2,3,43,xgboost,507,469,0,0.2333277314901352,0,0.5
2,3,43,xgboost,509,547,0,0.09500277787446976,0,0.5
2,3,43,xgboost,519,188,0,0.34869828820228577,0,0.5
2,3,43,xgboost,521,146,0,0.11072228103876114,0,0.5
2,3,43,xgboost,526,385,0,0.07945237308740616,0,0.5
2,3,43,xgboost,527,58,0,0.23921427130699158,0,0.5
2,3,43,xgboost,532,636,0,0.39308321475982666,0,0.5
2,3,43,xgboost,539,748,0,0.10520211607217789,0,0.5
2,3,43,xgboost,544,335,0,0.3926227390766144,0,0.5
2,3,43,xgboost,546,383,0,0.31516724824905396,0,0.5
2,3,43,xgboost,555,196,0,0.34414249658584595,0,0.5
2,3,43,xgboost,557,730,0,0.3204118013381958,0,0.5
2,3,43,xgboost,559,198,0,0.2820705473423004,0,0.5
2,3,43,xgboost,560,315,0,0.26986393332481384,0,0.5
2,3,43,xgboost,567,56,0,0.43040546774864197,0,0.5
2,3,43,xgboost,571,193,0,0.47048887610435486,0,0.5
2,3,43,xgboost,579,440,0,0.10496597737073898,0,0.5
2,3,43,xgboost,590,341,1,0.2460932433605194,0,0.5
2,3,43,xgboost,591,706,0,0.5171903371810913,1,0.5
2,3,43,xgboost,600,118,0,0.34464582800865173,0,0.5
2,3,43,xgboost,605,336,0,0.28409168124198914,0,0.5
2,3,43,xgboost,610,478,0,0.5108888149261475,1,0.5
2,3,43,xgboost,611,714,0,0.31818726658821106,0,0.5
2,3,43,xgboost,616,761,0,0.43144550919532776,0,0.5
2,3,43,xgboost,627,826,0,0.35780736804008484,0,0.5
2,3,43,xgboost,640,205,0,0.2645675837993622,0,0.5
2,3,43,xgboost,644,755,0,0.13922138512134552,0,0.5
2,3,43,xgboost,652,814,0,0.32533836364746094,0,0.5
2,3,43,xgboost,659,815,0,0.26707541942596436,0,0.5
2,3,43,xgboost,663,510,1,0.42147353291511536,0,0.5
2,3,43,xgboost,669,486,0,0.3266856372356415,0,0.5
2,3,43,xgboost,670,538,0,0.4536590576171875,0,0.5
2,3,43,xgboost,680,806,0,0.07293608784675598,0,0.5
2,3,43,xgboost,687,317,0,0.39174455404281616,0,0.5
2,3,43,xgboost,689,521,0,0.336245059967041,0,0.5
2,3,43,xgboost,690,144,0,0.33394360542297363,0,0.5
2,3,43,xgboost,696,325,0,0.19205397367477417,0,0.5
2,3,43,xgboost,705,291,0,0.3926227390766144,0,0.5
2,3,43,xgboost,716,156,0,0.4729365408420563,0,0.5
2,3,43,xgboost,717,540,0,0.5124822854995728,1,0.5
2,3,43,xgboost,720,342,0,0.28089362382888794,0,0.5
2,3,43,xgboost,738,281,0,0.25668102502822876,0,0.5
2,3,43,xgboost,739,398,0,0.33640938997268677,0,0.5
2,3,43,xgboost,741,12,0,0.0972067341208458,0,0.5
2,3,43,xgboost,745,661,0,0.1229945495724678,0,0.5
2,3,43,xgboost,746,113,0,0.09482477605342865,0,0.5
2,3,43,xgboost,747,23,0,0.11146704107522964,0,0.5
2,3,43,xgboost,748,801,0,0.3757654130458832,0,0.5
2,3,43,xgboost,764,15,0,0.23921427130699158,0,0.5
2,3,43,xgboost,768,690,0,0.8263969421386719,1,0.5
2,3,43,xgboost,775,14,0,0.2379349172115326,0,0.5
2,3,43,xgboost,786,163,0,0.5476142168045044,1,0.5
2,3,43,xgboost,790,516,0,0.1586255431175232,0,0.5
2,3,43,xgboost,798,794,0,0.47911107540130615,0,0.5
2,3,43,xgboost,804,777,0,0.4210604131221771,0,0.5
2,3,43,xgboost,816,567,0,0.3512082099914551,0,0.5
2,3,43,xgboost,819,680,0,0.46185705065727234,0,0.5
2,3,43,xgboost,821,598,0,0.433999627828598,0,0.5
2,3,43,xgboost,827,616,0,0.2979985177516937,0,0.5
2,4,43,dummy_prior,2,660,0,0.06315789473684211,0,0.5
2,4,43,dummy_prior,7,413,0,0.06315789473684211,0,0.5
2,4,43,dummy_prior,9,804,0,0.06315789473684211,0,0.5
2,4,43,dummy_prior,10,807,0,0.06315789473684211,0,0.5
2,4,43,dummy_prior,14,798,0,0.06315789473684211,0,0.5
2,4,43,dummy_prior,19,773,0,0.06315789473684211,0,0.5
2,4,43,dummy_prior,23,767,1,0.06315789473684211,0,0.5
2,4,43,dummy_prior,36,760,0,0.06315789473684211,0,0.5
2,4,43,dummy_prior,47,770,0,0.06315789473684211,0,0.5
2,4,43,dummy_prior,48,780,0,0.06315789473684211,0,0.5
2,4,43,dummy_prior,52,729,0,0.06315789473684211,0,0.5
2,4,43,dummy_prior,61,697,0,0.06315789473684211,0,0.5
2,4,43,dummy_prior,62,679,0,0.06315789473684211,0,0.5
2,4,43,dummy_prior,72,685,0,0.06315789473684211,0,0.5
2,4,43,dummy_prior,83,713,0,0.06315789473684211,0,0.5
2,4,43,dummy_prior,84,657,0,0.06315789473684211,0,0.5
2,4,43,dummy_prior,86,703,0,0.06315789473684211,0,0.5
2,4,43,dummy_prior,93,637,0,0.06315789473684211,0,0.5
2,4,43,dummy_prior,98,641,0,0.06315789473684211,0,0.5
2,4,43,dummy_prior,101,599,0,0.06315789473684211,0,0.5
2,4,43,dummy_prior,104,674,0,0.06315789473684211,0,0.5
2,4,43,dummy_prior,105,577,0,0.06315789473684211,0,0.5
2,4,43,dummy_prior,110,626,0,0.06315789473684211,0,0.5
2,4,43,dummy_prior,112,328,0,0.06315789473684211,0,0.5
2,4,43,dummy_prior,122,542,0,0.06315789473684211,0,0.5
2,4,43,dummy_prior,124,596,0,0.06315789473684211,0,0.5
2,4,43,dummy_prior,125,588,0,0.06315789473684211,0,0.5
2,4,43,dummy_prior,128,557,0,0.06315789473684211,0,0.5
2,4,43,dummy_prior,130,581,1,0.06315789473684211,0,0.5
2,4,43,dummy_prior,134,465,0,0.06315789473684211,0,0.5
2,4,43,dummy_prior,135,586,0,0.06315789473684211,0,0.5
2,4,43,dummy_prior,141,591,0,0.06315789473684211,0,0.5
2,4,43,dummy_prior,146,533,0,0.06315789473684211,0,0.5
2,4,43,dummy_prior,159,484,0,0.06315789473684211,0,0.5
2,4,43,dummy_prior,161,481,0,0.06315789473684211,0,0.5
2,4,43,dummy_prior,164,572,0,0.06315789473684211,0,0.5
2,4,43,dummy_prior,168,108,0,0.06315789473684211,0,0.5
2,4,43,dummy_prior,169,434,0,0.06315789473684211,0,0.5
2,4,43,dummy_prior,171,522,0,0.06315789473684211,0,0.5
2,4,43,dummy_prior,174,412,0,0.06315789473684211,0,0.5
2,4,43,dummy_prior,175,452,0,0.06315789473684211,0,0.5
2,4,43,dummy_prior,180,462,0,0.06315789473684211,0,0.5
2,4,43,dummy_prior,183,411,0,0.06315789473684211,0,0.5
2,4,43,dummy_prior,217,503,0,0.06315789473684211,0,0.5
2,4,43,dummy_prior,218,324,0,0.06315789473684211,0,0.5
2,4,43,dummy_prior,220,407,0,0.06315789473684211,0,0.5
2,4,43,dummy_prior,221,552,0,0.06315789473684211,0,0.5
2,4,43,dummy_prior,225,409,0,0.06315789473684211,0,0.5
2,4,43,dummy_prior,227,585,0,0.06315789473684211,0,0.5
2,4,43,dummy_prior,229,304,0,0.06315789473684211,0,0.5
2,4,43,dummy_prior,241,402,0,0.06315789473684211,0,0.5
2,4,43,dummy_prior,243,253,0,0.06315789473684211,0,0.5
2,4,43,dummy_prior,246,381,0,0.06315789473684211,0,0.5
2,4,43,dummy_prior,247,270,0,0.06315789473684211,0,0.5
2,4,43,dummy_prior,249,284,0,0.06315789473684211,0,0.5
2,4,43,dummy_prior,256,329,0,0.06315789473684211,0,0.5
2,4,43,dummy_prior,264,265,0,0.06315789473684211,0,0.5
2,4,43,dummy_prior,269,330,0,0.06315789473684211,0,0.5
2,4,43,dummy_prior,274,168,0,0.06315789473684211,0,0.5
2,4,43,dummy_prior,278,238,0,0.06315789473684211,0,0.5
2,4,43,dummy_prior,279,219,0,0.06315789473684211,0,0.5
2,4,43,dummy_prior,289,264,0,0.06315789473684211,0,0.5
2,4,43,dummy_prior,305,382,0,0.06315789473684211,0,0.5
2,4,43,dummy_prior,309,313,0,0.06315789473684211,0,0.5
2,4,43,dummy_prior,313,348,0,0.06315789473684211,0,0.5
2,4,43,dummy_prior,317,271,1,0.06315789473684211,0,0.5
2,4,43,dummy_prior,320,268,0,0.06315789473684211,0,0.5
2,4,43,dummy_prior,321,654,0,0.06315789473684211,0,0.5
2,4,43,dummy_prior,330,274,0,0.06315789473684211,0,0.5
2,4,43,dummy_prior,331,229,0,0.06315789473684211,0,0.5
2,4,43,dummy_prior,335,200,0,0.06315789473684211,0,0.5
2,4,43,dummy_prior,342,276,1,0.06315789473684211,0,0.5
2,4,43,dummy_prior,347,167,0,0.06315789473684211,0,0.5
2,4,43,dummy_prior,352,140,0,0.06315789473684211,0,0.5
2,4,43,dummy_prior,360,147,0,0.06315789473684211,0,0.5
2,4,43,dummy_prior,363,127,0,0.06315789473684211,0,0.5
2,4,43,dummy_prior,366,239,1,0.06315789473684211,0,0.5
2,4,43,dummy_prior,367,367,0,0.06315789473684211,0,0.5
2,4,43,dummy_prior,370,243,0,0.06315789473684211,0,0.5
2,4,43,dummy_prior,388,120,0,0.06315789473684211,0,0.5
2,4,43,dummy_prior,396,210,0,0.06315789473684211,0,0.5
2,4,43,dummy_prior,397,102,0,0.06315789473684211,0,0.5
2,4,43,dummy_prior,398,64,0,0.06315789473684211,0,0.5
2,4,43,dummy_prior,404,171,0,0.06315789473684211,0,0.5
2,4,43,dummy_prior,407,186,0,0.06315789473684211,0,0.5
2,4,43,dummy_prior,408,104,0,0.06315789473684211,0,0.5
2,4,43,dummy_prior,443,18,0,0.06315789473684211,0,0.5
2,4,43,dummy_prior,455,94,0,0.06315789473684211,0,0.5
2,4,43,dummy_prior,456,682,1,0.06315789473684211,0,0.5
2,4,43,dummy_prior,471,337,0,0.06315789473684211,0,0.5
2,4,43,dummy_prior,483,610,0,0.06315789473684211,0,0.5
2,4,43,dummy_prior,485,735,0,0.06315789473684211,0,0.5
2,4,43,dummy_prior,492,17,0,0.06315789473684211,0,0.5
2,4,43,dummy_prior,499,514,0,0.06315789473684211,0,0.5
2,4,43,dummy_prior,506,628,0,0.06315789473684211,0,0.5
2,4,43,dummy_prior,513,425,0,0.06315789473684211,0,0.5
2,4,43,dummy_prior,518,76,1,0.06315789473684211,0,0.5
2,4,43,dummy_prior,524,532,0,0.06315789473684211,0,0.5
2,4,43,dummy_prior,525,213,0,0.06315789473684211,0,0.5
2,4,43,dummy_prior,528,662,1,0.06315789473684211,0,0.5
2,4,43,dummy_prior,529,191,0,0.06315789473684211,0,0.5
2,4,43,dummy_prior,531,105,0,0.06315789473684211,0,0.5
2,4,43,dummy_prior,536,458,0,0.06315789473684211,0,0.5
2,4,43,dummy_prior,540,208,0,0.06315789473684211,0,0.5
2,4,43,dummy_prior,545,456,0,0.06315789473684211,0,0.5
2,4,43,dummy_prior,547,338,0,0.06315789473684211,0,0.5
2,4,43,dummy_prior,549,559,0,0.06315789473684211,0,0.5
2,4,43,dummy_prior,563,150,0,0.06315789473684211,0,0.5
2,4,43,dummy_prior,564,687,0,0.06315789473684211,0,0.5
2,4,43,dummy_prior,565,813,0,0.06315789473684211,0,0.5
2,4,43,dummy_prior,566,784,0,0.06315789473684211,0,0.5
2,4,43,dummy_prior,569,321,0,0.06315789473684211,0,0.5
2,4,43,dummy_prior,573,83,0,0.06315789473684211,0,0.5
2,4,43,dummy_prior,580,318,0,0.06315789473684211,0,0.5
2,4,43,dummy_prior,581,183,0,0.06315789473684211,0,0.5
2,4,43,dummy_prior,582,539,0,0.06315789473684211,0,0.5
2,4,43,dummy_prior,593,157,0,0.06315789473684211,0,0.5
2,4,43,dummy_prior,604,779,0,0.06315789473684211,0,0.5
2,4,43,dummy_prior,608,226,0,0.06315789473684211,0,0.5
2,4,43,dummy_prior,609,261,0,0.06315789473684211,0,0.5
2,4,43,dummy_prior,612,741,0,0.06315789473684211,0,0.5
2,4,43,dummy_prior,615,625,0,0.06315789473684211,0,0.5
2,4,43,dummy_prior,619,285,0,0.06315789473684211,0,0.5
2,4,43,dummy_prior,623,95,0,0.06315789473684211,0,0.5
2,4,43,dummy_prior,631,294,0,0.06315789473684211,0,0.5
2,4,43,dummy_prior,632,260,0,0.06315789473684211,0,0.5
2,4,43,dummy_prior,637,502,0,0.06315789473684211,0,0.5
2,4,43,dummy_prior,641,67,0,0.06315789473684211,0,0.5
2,4,43,dummy_prior,645,817,1,0.06315789473684211,0,0.5
2,4,43,dummy_prior,646,824,1,0.06315789473684211,0,0.5
2,4,43,dummy_prior,647,0,0,0.06315789473684211,0,0.5
2,4,43,dummy_prior,660,820,0,0.06315789473684211,0,0.5
2,4,43,dummy_prior,664,340,0,0.06315789473684211,0,0.5
2,4,43,dummy_prior,675,479,0,0.06315789473684211,0,0.5
2,4,43,dummy_prior,676,524,0,0.06315789473684211,0,0.5
2,4,43,dummy_prior,679,781,0,0.06315789473684211,0,0.5
2,4,43,dummy_prior,691,731,0,0.06315789473684211,0,0.5
2,4,43,dummy_prior,695,655,0,0.06315789473684211,0,0.5
2,4,43,dummy_prior,701,589,0,0.06315789473684211,0,0.5
2,4,43,dummy_prior,702,623,0,0.06315789473684211,0,0.5
2,4,43,dummy_prior,703,327,0,0.06315789473684211,0,0.5
2,4,43,dummy_prior,709,6,0,0.06315789473684211,0,0.5
2,4,43,dummy_prior,710,725,0,0.06315789473684211,0,0.5
2,4,43,dummy_prior,732,578,0,0.06315789473684211,0,0.5
2,4,43,dummy_prior,737,785,0,0.06315789473684211,0,0.5
2,4,43,dummy_prior,742,422,0,0.06315789473684211,0,0.5
2,4,43,dummy_prior,743,415,0,0.06315789473684211,0,0.5
2,4,43,dummy_prior,751,744,0,0.06315789473684211,0,0.5
2,4,43,dummy_prior,755,642,1,0.06315789473684211,0,0.5
2,4,43,dummy_prior,757,84,0,0.06315789473684211,0,0.5
2,4,43,dummy_prior,760,256,0,0.06315789473684211,0,0.5
2,4,43,dummy_prior,765,314,0,0.06315789473684211,0,0.5
2,4,43,dummy_prior,767,175,0,0.06315789473684211,0,0.5
2,4,43,dummy_prior,769,605,0,0.06315789473684211,0,0.5
2,4,43,dummy_prior,776,106,0,0.06315789473684211,0,0.5
2,4,43,dummy_prior,779,62,0,0.06315789473684211,0,0.5
2,4,43,dummy_prior,780,717,0,0.06315789473684211,0,0.5
2,4,43,dummy_prior,781,544,0,0.06315789473684211,0,0.5
2,4,43,dummy_prior,792,2,0,0.06315789473684211,0,0.5
2,4,43,dummy_prior,795,726,0,0.06315789473684211,0,0.5
2,4,43,dummy_prior,800,688,0,0.06315789473684211,0,0.5
2,4,43,dummy_prior,802,666,0,0.06315789473684211,0,0.5
2,4,43,dummy_prior,806,659,0,0.06315789473684211,0,0.5
2,4,43,dummy_prior,808,332,0,0.06315789473684211,0,0.5
2,4,43,dummy_prior,810,606,0,0.06315789473684211,0,0.5
2,4,43,dummy_prior,811,694,0,0.06315789473684211,0,0.5
2,4,43,logistic_regression,2,660,0,0.25988745820487263,0,0.5
2,4,43,logistic_regression,7,413,0,0.5793909013776217,1,0.5
2,4,43,logistic_regression,9,804,0,0.6723838875381353,1,0.5
2,4,43,logistic_regression,10,807,0,0.5419712362759319,1,0.5
2,4,43,logistic_regression,14,798,0,0.5179382815424483,1,0.5
2,4,43,logistic_regression,19,773,0,0.7369025992196834,1,0.5
2,4,43,logistic_regression,23,767,1,0.5924020827456805,1,0.5
2,4,43,logistic_regression,36,760,0,0.487409798124767,0,0.5
2,4,43,logistic_regression,47,770,0,0.5332557181548936,1,0.5
2,4,43,logistic_regression,48,780,0,0.410491010772208,0,0.5
2,4,43,logistic_regression,52,729,0,0.44554666285034794,0,0.5
2,4,43,logistic_regression,61,697,0,0.7124541951093285,1,0.5
2,4,43,logistic_regression,62,679,0,0.4734246264714955,0,0.5
2,4,43,logistic_regression,72,685,0,0.4623856758516651,0,0.5
2,4,43,logistic_regression,83,713,0,0.2510446768705404,0,0.5
2,4,43,logistic_regression,84,657,0,0.4584462412579482,0,0.5
2,4,43,logistic_regression,86,703,0,0.5215719182325166,1,0.5
2,4,43,logistic_regression,93,637,0,0.40315225309449687,0,0.5
2,4,43,logistic_regression,98,641,0,0.5218073905878907,1,0.5
2,4,43,logistic_regression,101,599,0,0.1492765946736672,0,0.5
2,4,43,logistic_regression,104,674,0,0.5192427590427889,1,0.5
2,4,43,logistic_regression,105,577,0,0.5515203315994314,1,0.5
2,4,43,logistic_regression,110,626,0,0.18352227322546869,0,0.5
2,4,43,logistic_regression,112,328,0,0.48759030051451313,0,0.5
2,4,43,logistic_regression,122,542,0,0.8872254906257202,1,0.5
2,4,43,logistic_regression,124,596,0,0.5218496367324111,1,0.5
2,4,43,logistic_regression,125,588,0,0.42778265318065145,0,0.5
2,4,43,logistic_regression,128,557,0,0.5832382383557484,1,0.5
2,4,43,logistic_regression,130,581,1,0.684041147070714,1,0.5
2,4,43,logistic_regression,134,465,0,0.43014294031522887,0,0.5
2,4,43,logistic_regression,135,586,0,0.31191271520754627,0,0.5
2,4,43,logistic_regression,141,591,0,0.21664573240769205,0,0.5
2,4,43,logistic_regression,146,533,0,0.27596783995456836,0,0.5
2,4,43,logistic_regression,159,484,0,0.5816343405412145,1,0.5
2,4,43,logistic_regression,161,481,0,0.5355708343750002,1,0.5
2,4,43,logistic_regression,164,572,0,0.7913506204129315,1,0.5
2,4,43,logistic_regression,168,108,0,0.5626825021003811,1,0.5
2,4,43,logistic_regression,169,434,0,0.28263367426192965,0,0.5
2,4,43,logistic_regression,171,522,0,0.5254548924065957,1,0.5
2,4,43,logistic_regression,174,412,0,0.4931699969063362,0,0.5
2,4,43,logistic_regression,175,452,0,0.1441631205621411,0,0.5
2,4,43,logistic_regression,180,462,0,0.40447509926171676,0,0.5
2,4,43,logistic_regression,183,411,0,0.5242103820222325,1,0.5
2,4,43,logistic_regression,217,503,0,0.5002203137287347,1,0.5
2,4,43,logistic_regression,218,324,0,0.4565405066810627,0,0.5
2,4,43,logistic_regression,220,407,0,0.21736202520864242,0,0.5
2,4,43,logistic_regression,221,552,0,0.17676921089189404,0,0.5
2,4,43,logistic_regression,225,409,0,0.4036329386254248,0,0.5
2,4,43,logistic_regression,227,585,0,0.16386954228961848,0,0.5
2,4,43,logistic_regression,229,304,0,0.42212420270352047,0,0.5
2,4,43,logistic_regression,241,402,0,0.13357423253303893,0,0.5
2,4,43,logistic_regression,243,253,0,0.4455529254558417,0,0.5
2,4,43,logistic_regression,246,381,0,0.5169357232826955,1,0.5
2,4,43,logistic_regression,247,270,0,0.3885900247961071,0,0.5
2,4,43,logistic_regression,249,284,0,0.45028530908659925,0,0.5
2,4,43,logistic_regression,256,329,0,0.5362208505832523,1,0.5
2,4,43,logistic_regression,264,265,0,0.17145454341575544,0,0.5
2,4,43,logistic_regression,269,330,0,0.19267795175330013,0,0.5
2,4,43,logistic_regression,274,168,0,0.41839032878460586,0,0.5
2,4,43,logistic_regression,278,238,0,0.12852266894570466,0,0.5
2,4,43,logistic_regression,279,219,0,0.4656717565796618,0,0.5
2,4,43,logistic_regression,289,264,0,0.4735269365970884,0,0.5
2,4,43,logistic_regression,305,382,0,0.5261895021653682,1,0.5
2,4,43,logistic_regression,309,313,0,0.5878134462377924,1,0.5
2,4,43,logistic_regression,313,348,0,0.15348264195259526,0,0.5
2,4,43,logistic_regression,317,271,1,0.4078989238645685,0,0.5
2,4,43,logistic_regression,320,268,0,0.2902940733649631,0,0.5
2,4,43,logistic_regression,321,654,0,0.370336090724019,0,0.5
2,4,43,logistic_regression,330,274,0,0.5506186164123152,1,0.5
2,4,43,logistic_regression,331,229,0,0.46079457218558445,0,0.5
2,4,43,logistic_regression,335,200,0,0.1753982727009511,0,0.5
2,4,43,logistic_regression,342,276,1,0.23188945110719536,0,0.5
2,4,43,logistic_regression,347,167,0,0.16199348588991044,0,0.5
2,4,43,logistic_regression,352,140,0,0.7226575140528531,1,0.5
2,4,43,logistic_regression,360,147,0,0.4236549992866493,0,0.5
2,4,43,logistic_regression,363,127,0,0.4198608351891975,0,0.5
2,4,43,logistic_regression,366,239,1,0.3822781091474277,0,0.5
2,4,43,logistic_regression,367,367,0,0.4683321891735095,0,0.5
2,4,43,logistic_regression,370,243,0,0.24564720090119896,0,0.5
2,4,43,logistic_regression,388,120,0,0.40190813595900565,0,0.5
2,4,43,logistic_regression,396,210,0,0.5236701274812985,1,0.5
2,4,43,logistic_regression,397,102,0,0.4095241493156367,0,0.5
2,4,43,logistic_regression,398,64,0,0.3916118633370272,0,0.5
2,4,43,logistic_regression,404,171,0,0.4432087954634041,0,0.5
2,4,43,logistic_regression,407,186,0,0.396986036739785,0,0.5
2,4,43,logistic_regression,408,104,0,0.4190992101166167,0,0.5
2,4,43,logistic_regression,443,18,0,0.1403673231705064,0,0.5
2,4,43,logistic_regression,455,94,0,0.42346029104243127,0,0.5
2,4,43,logistic_regression,456,682,1,0.4634849167142696,0,0.5
2,4,43,logistic_regression,471,337,0,0.5118689047374078,1,0.5
2,4,43,logistic_regression,483,610,0,0.534837911554984,1,0.5
2,4,43,logistic_regression,485,735,0,0.6277311239767993,1,0.5
2,4,43,logistic_regression,492,17,0,0.4121455211472532,0,0.5
2,4,43,logistic_regression,499,514,0,0.5001243540072556,1,0.5
2,4,43,logistic_regression,506,628,0,0.5114888250809818,1,0.5
2,4,43,logistic_regression,513,425,0,0.405930832843492,0,0.5
2,4,43,logistic_regression,518,76,1,0.6828475382016658,1,0.5
2,4,43,logistic_regression,524,532,0,0.6777953835921001,1,0.5
2,4,43,logistic_regression,525,213,0,0.7233833301484892,1,0.5
2,4,43,logistic_regression,528,662,1,0.588619873752373,1,0.5
2,4,43,logistic_regression,529,191,0,0.45311112119412783,0,0.5
2,4,43,logistic_regression,531,105,0,0.04622405139038053,0,0.5
2,4,43,logistic_regression,536,458,0,0.4677611470825513,0,0.5
2,4,43,logistic_regression,540,208,0,0.43849637463971874,0,0.5
2,4,43,logistic_regression,545,456,0,0.4389227124160333,0,0.5
2,4,43,logistic_regression,547,338,0,0.4125230386716805,0,0.5
2,4,43,logistic_regression,549,559,0,0.4928332288855352,0,0.5
2,4,43,logistic_regression,563,150,0,0.14939525741294474,0,0.5
2,4,43,logistic_regression,564,687,0,0.6826017461840898,1,0.5
2,4,43,logistic_regression,565,813,0,0.5410544738897087,1,0.5
2,4,43,logistic_regression,566,784,0,0.486774565123581,0,0.5
2,4,43,logistic_regression,569,321,0,0.5332976704390818,1,0.5
2,4,43,logistic_regression,573,83,0,0.42992991961182947,0,0.5
2,4,43,logistic_regression,580,318,0,0.42379299950765115,0,0.5
2,4,43,logistic_regression,581,183,0,0.44282576486320335,0,0.5
2,4,43,logistic_regression,582,539,0,0.5167786689609101,1,0.5
2,4,43,logistic_regression,593,157,0,0.28987802545971936,0,0.5
2,4,43,logistic_regression,604,779,0,0.7144404584275643,1,0.5
2,4,43,logistic_regression,608,226,0,0.46299380286773056,0,0.5
2,4,43,logistic_regression,609,261,0,0.15184688650738462,0,0.5
2,4,43,logistic_regression,612,741,0,0.5106789494045677,1,0.5
2,4,43,logistic_regression,615,625,0,0.5391036011811096,1,0.5
2,4,43,logistic_regression,619,285,0,0.5071993080543208,1,0.5
2,4,43,logistic_regression,623,95,0,0.6064718873099727,1,0.5
2,4,43,logistic_regression,631,294,0,0.49769962913939086,0,0.5
2,4,43,logistic_regression,632,260,0,0.5298302026585673,1,0.5
2,4,43,logistic_regression,637,502,0,0.6881481118280958,1,0.5
2,4,43,logistic_regression,641,67,0,0.40401108987405904,0,0.5
2,4,43,logistic_regression,645,817,1,0.6387471909023131,1,0.5
2,4,43,logistic_regression,646,824,1,0.4854608859382632,0,0.5
2,4,43,logistic_regression,647,0,0,0.36457397515808615,0,0.5
2,4,43,logistic_regression,660,820,0,0.33812883460748305,0,0.5
2,4,43,logistic_regression,664,340,0,0.6808853314059524,1,0.5
2,4,43,logistic_regression,675,479,0,0.29467789804929817,0,0.5
2,4,43,logistic_regression,676,524,0,0.2902851332069217,0,0.5
2,4,43,logistic_regression,679,781,0,0.6344931593964233,1,0.5
2,4,43,logistic_regression,691,731,0,0.6749437569644747,1,0.5
2,4,43,logistic_regression,695,655,0,0.4619441880167549,0,0.5
2,4,43,logistic_regression,701,589,0,0.534763398216397,1,0.5
2,4,43,logistic_regression,702,623,0,0.5314556231619099,1,0.5
2,4,43,logistic_regression,703,327,0,0.4291188986106386,0,0.5
2,4,43,logistic_regression,709,6,0,0.13971731031199935,0,0.5
2,4,43,logistic_regression,710,725,0,0.504699464632694,1,0.5
2,4,43,logistic_regression,732,578,0,0.39284977313348696,0,0.5
2,4,43,logistic_regression,737,785,0,0.5745702568832599,1,0.5
2,4,43,logistic_regression,742,422,0,0.3999824234845331,0,0.5
2,4,43,logistic_regression,743,415,0,0.1456575139930636,0,0.5
2,4,43,logistic_regression,751,744,0,0.4244451483134727,0,0.5
2,4,43,logistic_regression,755,642,1,0.17675346635040898,0,0.5
2,4,43,logistic_regression,757,84,0,0.1478582001689814,0,0.5
2,4,43,logistic_regression,760,256,0,0.526748711198502,1,0.5
2,4,43,logistic_regression,765,314,0,0.14681812486294973,0,0.5
2,4,43,logistic_regression,767,175,0,0.13845069964243925,0,0.5
2,4,43,logistic_regression,769,605,0,0.5043483304562245,1,0.5
2,4,43,logistic_regression,776,106,0,0.40200180222973475,0,0.5
2,4,43,logistic_regression,779,62,0,0.3967296993978144,0,0.5
2,4,43,logistic_regression,780,717,0,0.6982622030239681,1,0.5
2,4,43,logistic_regression,781,544,0,0.4666372144011834,0,0.5
2,4,43,logistic_regression,792,2,0,0.4186798873064712,0,0.5
2,4,43,logistic_regression,795,726,0,0.32144521751924765,0,0.5
2,4,43,logistic_regression,800,688,0,0.4293954132691708,0,0.5
2,4,43,logistic_regression,802,666,0,0.4482808084745824,0,0.5
2,4,43,logistic_regression,806,659,0,0.23745866147886363,0,0.5
2,4,43,logistic_regression,808,332,0,0.35496590645810955,0,0.5
2,4,43,logistic_regression,810,606,0,0.31445916328107015,0,0.5
2,4,43,logistic_regression,811,694,0,0.5073158618649912,1,0.5
2,4,43,xgboost,2,660,0,0.08410315960645676,0,0.5
2,4,43,xgboost,7,413,0,0.07628132402896881,0,0.5
2,4,43,xgboost,9,804,0,0.6597367525100708,1,0.5
2,4,43,xgboost,10,807,0,0.031150221824645996,0,0.5
2,4,43,xgboost,14,798,0,0.2250668704509735,0,0.5
2,4,43,xgboost,19,773,0,0.06805609911680222,0,0.5
2,4,43,xgboost,23,767,1,0.2197677493095398,0,0.5
2,4,43,xgboost,36,760,0,0.20690171420574188,0,0.5
2,4,43,xgboost,47,770,0,0.12281689047813416,0,0.5
2,4,43,xgboost,48,780,0,0.44925498962402344,0,0.5
2,4,43,xgboost,52,729,0,0.701012909412384,1,0.5
2,4,43,xgboost,61,697,0,0.014588623307645321,0,0.5
2,4,43,xgboost,62,679,0,0.037117522209882736,0,0.5
2,4,43,xgboost,72,685,0,0.04263531416654587,0,0.5
2,4,43,xgboost,83,713,0,0.1138019785284996,0,0.5
2,4,43,xgboost,84,657,0,0.058758947998285294,0,0.5
2,4,43,xgboost,86,703,0,0.5814911127090454,1,0.5
2,4,43,xgboost,93,637,0,0.08563164621591568,0,0.5
2,4,43,xgboost,98,641,0,0.2853401303291321,0,0.5
2,4,43,xgboost,101,599,0,0.03630943223834038,0,0.5
2,4,43,xgboost,104,674,0,0.6644550561904907,1,0.5
2,4,43,xgboost,105,577,0,0.5090904831886292,1,0.5
2,4,43,xgboost,110,626,0,0.012960439547896385,0,0.5
2,4,43,xgboost,112,328,0,0.10189814120531082,0,0.5
2,4,43,xgboost,122,542,0,0.643638014793396,1,0.5
2,4,43,xgboost,124,596,0,0.32118546962738037,0,0.5
2,4,43,xgboost,125,588,0,0.3453527092933655,0,0.5
2,4,43,xgboost,128,557,0,0.04469757154583931,0,0.5
2,4,43,xgboost,130,581,1,0.49153217673301697,0,0.5
2,4,43,xgboost,134,465,0,0.029011279344558716,0,0.5
2,4,43,xgboost,135,586,0,0.08337650448083878,0,0.5
2,4,43,xgboost,141,591,0,0.039880018681287766,0,0.5
2,4,43,xgboost,146,533,0,0.11630970984697342,0,0.5
2,4,43,xgboost,159,484,0,0.204266756772995,0,0.5
2,4,43,xgboost,161,481,0,0.2792738080024719,0,0.5
2,4,43,xgboost,164,572,0,0.1941910833120346,0,0.5
2,4,43,xgboost,168,108,0,0.4713056981563568,0,0.5
2,4,43,xgboost,169,434,0,0.8167579174041748,1,0.5
2,4,43,xgboost,171,522,0,0.40719878673553467,0,0.5
2,4,43,xgboost,174,412,0,0.4151599109172821,0,0.5
2,4,43,xgboost,175,452,0,0.03907182812690735,0,0.5
2,4,43,xgboost,180,462,0,0.13518840074539185,0,0.5
2,4,43,xgboost,183,411,0,0.6108395457267761,1,0.5
2,4,43,xgboost,217,503,0,0.5231359004974365,1,0.5
2,4,43,xgboost,218,324,0,0.04149496555328369,0,0.5
2,4,43,xgboost,220,407,0,0.31712663173675537,0,0.5
2,4,43,xgboost,221,552,0,0.4556722044944763,0,0.5
2,4,43,xgboost,225,409,0,0.12248343229293823,0,0.5
2,4,43,xgboost,227,585,0,0.0610867477953434,0,0.5
2,4,43,xgboost,229,304,0,0.09093935787677765,0,0.5
2,4,43,xgboost,241,402,0,0.015760038048028946,0,0.5
2,4,43,xgboost,243,253,0,0.27028268575668335,0,0.5
2,4,43,xgboost,246,381,0,0.1412140130996704,0,0.5
2,4,43,xgboost,247,270,0,0.06397261470556259,0,0.5
2,4,43,xgboost,249,284,0,0.6688840389251709,1,0.5
2,4,43,xgboost,256,329,0,0.015553136356174946,0,0.5
2,4,43,xgboost,264,265,0,0.11689829081296921,0,0.5
2,4,43,xgboost,269,330,0,0.15018722414970398,0,0.5
2,4,43,xgboost,274,168,0,0.233955517411232,0,0.5
2,4,43,xgboost,278,238,0,0.011697506532073021,0,0.5
2,4,43,xgboost,279,219,0,0.5523406863212585,1,0.5
2,4,43,xgboost,289,264,0,0.6843888759613037,1,0.5
2,4,43,xgboost,305,382,0,0.2071663737297058,0,0.5
2,4,43,xgboost,309,313,0,0.2268776297569275,0,0.5
2,4,43,xgboost,313,348,0,0.0510580912232399,0,0.5
2,4,43,xgboost,317,271,1,0.06918289512395859,0,0.5
2,4,43,xgboost,320,268,0,0.325311541557312,0,0.5
2,4,43,xgboost,321,654,0,0.3729439377784729,0,0.5
2,4,43,xgboost,330,274,0,0.49240848422050476,0,0.5
2,4,43,xgboost,331,229,0,0.4632880389690399,0,0.5
2,4,43,xgboost,335,200,0,0.09586343914270401,0,0.5
2,4,43,xgboost,342,276,1,0.04473826289176941,0,0.5
2,4,43,xgboost,347,167,0,0.22610844671726227,0,0.5
2,4,43,xgboost,352,140,0,0.6571210622787476,1,0.5
2,4,43,xgboost,360,147,0,0.1789732426404953,0,0.5
2,4,43,xgboost,363,127,0,0.27020347118377686,0,0.5
2,4,43,xgboost,366,239,1,0.029328014701604843,0,0.5
2,4,43,xgboost,367,367,0,0.040875066071748734,0,0.5
2,4,43,xgboost,370,243,0,0.11043687909841537,0,0.5
2,4,43,xgboost,388,120,0,0.030117269605398178,0,0.5
2,4,43,xgboost,396,210,0,0.3603159785270691,0,0.5
2,4,43,xgboost,397,102,0,0.05023800954222679,0,0.5
2,4,43,xgboost,398,64,0,0.015572664327919483,0,0.5
2,4,43,xgboost,404,171,0,0.6245297193527222,1,0.5
2,4,43,xgboost,407,186,0,0.050157755613327026,0,0.5
2,4,43,xgboost,408,104,0,0.07356652617454529,0,0.5
2,4,43,xgboost,443,18,0,0.0071199857629835606,0,0.5
2,4,43,xgboost,455,94,0,0.02763725444674492,0,0.5
2,4,43,xgboost,456,682,1,0.19980326294898987,0,0.5
2,4,43,xgboost,471,337,0,0.32909709215164185,0,0.5
2,4,43,xgboost,483,610,0,0.0658172219991684,0,0.5
2,4,43,xgboost,485,735,0,0.02431345544755459,0,0.5
2,4,43,xgboost,492,17,0,0.02174408733844757,0,0.5
2,4,43,xgboost,499,514,0,0.3736005127429962,0,0.5
2,4,43,xgboost,506,628,0,0.43865305185317993,0,0.5
2,4,43,xgboost,513,425,0,0.1253175139427185,0,0.5
2,4,43,xgboost,518,76,1,0.054920654743909836,0,0.5
2,4,43,xgboost,524,532,0,0.580915093421936,1,0.5
2,4,43,xgboost,525,213,0,0.7041712999343872,1,0.5
2,4,43,xgboost,528,662,1,0.39265090227127075,0,0.5
2,4,43,xgboost,529,191,0,0.3583485186100006,0,0.5
2,4,43,xgboost,531,105,0,0.0076585980132222176,0,0.5
2,4,43,xgboost,536,458,0,0.632607102394104,1,0.5
2,4,43,xgboost,540,208,0,0.2541624903678894,0,0.5
2,4,43,xgboost,545,456,0,0.13446366786956787,0,0.5
2,4,43,xgboost,547,338,0,0.10705423355102539,0,0.5
2,4,43,xgboost,549,559,0,0.2776769995689392,0,0.5
2,4,43,xgboost,563,150,0,0.010496205650269985,0,0.5
2,4,43,xgboost,564,687,0,0.14415614306926727,0,0.5
2,4,43,xgboost,565,813,0,0.04808541014790535,0,0.5
2,4,43,xgboost,566,784,0,0.1214446872472763,0,0.5
2,4,43,xgboost,569,321,0,0.025469398126006126,0,0.5
2,4,43,xgboost,573,83,0,0.20014812052249908,0,0.5
2,4,43,xgboost,580,318,0,0.4612317383289337,0,0.5
2,4,43,xgboost,581,183,0,0.2806471586227417,0,0.5
2,4,43,xgboost,582,539,0,0.35403841733932495,0,0.5
2,4,43,xgboost,593,157,0,0.4700753390789032,0,0.5
2,4,43,xgboost,604,779,0,0.059498731046915054,0,0.5
2,4,43,xgboost,608,226,0,0.2822590172290802,0,0.5
2,4,43,xgboost,609,261,0,0.03378456085920334,0,0.5
2,4,43,xgboost,612,741,0,0.02789568156003952,0,0.5
2,4,43,xgboost,615,625,0,0.17515596747398376,0,0.5
2,4,43,xgboost,619,285,0,0.30757173895835876,0,0.5
2,4,43,xgboost,623,95,0,0.10399612039327621,0,0.5
2,4,43,xgboost,631,294,0,0.350810706615448,0,0.5
2,4,43,xgboost,632,260,0,0.24301692843437195,0,0.5
2,4,43,xgboost,637,502,0,0.11207862198352814,0,0.5
2,4,43,xgboost,641,67,0,0.014635461382567883,0,0.5
2,4,43,xgboost,645,817,1,0.1550820767879486,0,0.5
2,4,43,xgboost,646,824,1,0.33361056447029114,0,0.5
2,4,43,xgboost,647,0,0,0.02189512923359871,0,0.5
2,4,43,xgboost,660,820,0,0.0441708080470562,0,0.5
2,4,43,xgboost,664,340,0,0.14062437415122986,0,0.5
2,4,43,xgboost,675,479,0,0.3671923279762268,0,0.5
2,4,43,xgboost,676,524,0,0.18881608545780182,0,0.5
2,4,43,xgboost,679,781,0,0.31152403354644775,0,0.5
2,4,43,xgboost,691,731,0,0.6566334366798401,1,0.5
2,4,43,xgboost,695,655,0,0.12913726270198822,0,0.5
2,4,43,xgboost,701,589,0,0.22586923837661743,0,0.5
2,4,43,xgboost,702,623,0,0.02936241216957569,0,0.5
2,4,43,xgboost,703,327,0,0.06271197646856308,0,0.5
2,4,43,xgboost,709,6,0,0.00811657402664423,0,0.5
2,4,43,xgboost,710,725,0,0.278994083404541,0,0.5
2,4,43,xgboost,732,578,0,0.18417368829250336,0,0.5
2,4,43,xgboost,737,785,0,0.04813285171985626,0,0.5
2,4,43,xgboost,742,422,0,0.14295750856399536,0,0.5
2,4,43,xgboost,743,415,0,0.02394217438995838,0,0.5
2,4,43,xgboost,751,744,0,0.04941756650805473,0,0.5
2,4,43,xgboost,755,642,1,0.4875403046607971,0,0.5
2,4,43,xgboost,757,84,0,0.05169320106506348,0,0.5
2,4,43,xgboost,760,256,0,0.15924957394599915,0,0.5
2,4,43,xgboost,765,314,0,0.0071076760068535805,0,0.5
2,4,43,xgboost,767,175,0,0.019462529569864273,0,0.5
2,4,43,xgboost,769,605,0,0.0383126363158226,0,0.5
2,4,43,xgboost,776,106,0,0.21153806149959564,0,0.5
2,4,43,xgboost,779,62,0,0.01241964939981699,0,0.5
2,4,43,xgboost,780,717,0,0.19888833165168762,0,0.5
2,4,43,xgboost,781,544,0,0.19982104003429413,0,0.5
2,4,43,xgboost,792,2,0,0.07309111207723618,0,0.5
2,4,43,xgboost,795,726,0,0.034401509910821915,0,0.5
2,4,43,xgboost,800,688,0,0.08714602887630463,0,0.5
2,4,43,xgboost,802,666,0,0.22942526638507843,0,0.5
2,4,43,xgboost,806,659,0,0.1493486911058426,0,0.5
2,4,43,xgboost,808,332,0,0.021073177456855774,0,0.5
2,4,43,xgboost,810,606,0,0.06686597317457199,0,0.5
2,4,43,xgboost,811,694,0,0.14312312006950378,0,0.5
2,5,43,dummy_prior,4,816,0,0.06466165413533835,0,0.5
2,5,43,dummy_prior,13,803,0,0.06466165413533835,0,0.5
2,5,43,dummy_prior,15,776,0,0.06466165413533835,0,0.5
2,5,43,dummy_prior,21,783,0,0.06466165413533835,0,0.5
2,5,43,dummy_prior,22,766,1,0.06466165413533835,0,0.5
2,5,43,dummy_prior,31,771,0,0.06466165413533835,0,0.5
2,5,43,dummy_prior,33,734,0,0.06466165413533835,0,0.5
2,5,43,dummy_prior,40,746,0,0.06466165413533835,0,0.5
2,5,43,dummy_prior,43,723,0,0.06466165413533835,0,0.5
2,5,43,dummy_prior,57,647,0,0.06466165413533835,0,0.5
2,5,43,dummy_prior,58,683,0,0.06466165413533835,0,0.5
2,5,43,dummy_prior,59,692,0,0.06466165413533835,0,0.5
2,5,43,dummy_prior,78,684,0,0.06466165413533835,0,0.5
2,5,43,dummy_prior,80,593,0,0.06466165413533835,0,0.5
2,5,43,dummy_prior,85,718,0,0.06466165413533835,0,0.5
2,5,43,dummy_prior,88,632,0,0.06466165413533835,0,0.5
2,5,43,dummy_prior,89,707,0,0.06466165413533835,0,0.5
2,5,43,dummy_prior,97,584,0,0.06466165413533835,0,0.5
2,5,43,dummy_prior,100,580,0,0.06466165413533835,0,0.5
2,5,43,dummy_prior,108,612,0,0.06466165413533835,0,0.5
2,5,43,dummy_prior,111,573,0,0.06466165413533835,0,0.5
2,5,43,dummy_prior,117,560,0,0.06466165413533835,0,0.5
2,5,43,dummy_prior,119,627,0,0.06466165413533835,0,0.5
2,5,43,dummy_prior,120,579,0,0.06466165413533835,0,0.5
2,5,43,dummy_prior,121,592,0,0.06466165413533835,0,0.5
2,5,43,dummy_prior,132,651,0,0.06466165413533835,0,0.5
2,5,43,dummy_prior,133,568,0,0.06466165413533835,0,0.5
2,5,43,dummy_prior,138,556,0,0.06466165413533835,0,0.5
2,5,43,dummy_prior,140,194,0,0.06466165413533835,0,0.5
2,5,43,dummy_prior,144,595,0,0.06466165413533835,0,0.5
2,5,43,dummy_prior,148,594,0,0.06466165413533835,0,0.5
2,5,43,dummy_prior,150,551,0,0.06466165413533835,0,0.5
2,5,43,dummy_prior,151,438,0,0.06466165413533835,0,0.5
2,5,43,dummy_prior,156,545,0,0.06466165413533835,0,0.5
2,5,43,dummy_prior,162,509,1,0.06466165413533835,0,0.5
2,5,43,dummy_prior,165,515,0,0.06466165413533835,0,0.5
2,5,43,dummy_prior,170,418,0,0.06466165413533835,0,0.5
2,5,43,dummy_prior,176,468,0,0.06466165413533835,0,0.5
2,5,43,dummy_prior,177,472,0,0.06466165413533835,0,0.5
2,5,43,dummy_prior,181,392,0,0.06466165413533835,0,0.5
2,5,43,dummy_prior,189,513,0,0.06466165413533835,0,0.5
2,5,43,dummy_prior,194,429,0,0.06466165413533835,0,0.5
2,5,43,dummy_prior,195,505,0,0.06466165413533835,0,0.5
2,5,43,dummy_prior,197,447,0,0.06466165413533835,0,0.5
2,5,43,dummy_prior,199,443,0,0.06466165413533835,0,0.5
2,5,43,dummy_prior,200,441,0,0.06466165413533835,0,0.5
2,5,43,dummy_prior,202,494,1,0.06466165413533835,0,0.5
2,5,43,dummy_prior,205,496,0,0.06466165413533835,0,0.5
2,5,43,dummy_prior,207,470,0,0.06466165413533835,0,0.5
2,5,43,dummy_prior,215,531,1,0.06466165413533835,0,0.5
2,5,43,dummy_prior,223,351,1,0.06466165413533835,0,0.5
2,5,43,dummy_prior,226,394,0,0.06466165413533835,0,0.5
2,5,43,dummy_prior,232,345,0,0.06466165413533835,0,0.5
2,5,43,dummy_prior,235,347,0,0.06466165413533835,0,0.5
2,5,43,dummy_prior,237,497,0,0.06466165413533835,0,0.5
2,5,43,dummy_prior,242,391,0,0.06466165413533835,0,0.5
2,5,43,dummy_prior,250,344,0,0.06466165413533835,0,0.5
2,5,43,dummy_prior,253,366,0,0.06466165413533835,0,0.5
2,5,43,dummy_prior,257,485,0,0.06466165413533835,0,0.5
2,5,43,dummy_prior,260,296,0,0.06466165413533835,0,0.5
2,5,43,dummy_prior,266,410,0,0.06466165413533835,0,0.5
2,5,43,dummy_prior,268,359,0,0.06466165413533835,0,0.5
2,5,43,dummy_prior,285,300,0,0.06466165413533835,0,0.5
2,5,43,dummy_prior,296,319,0,0.06466165413533835,0,0.5
2,5,43,dummy_prior,297,301,0,0.06466165413533835,0,0.5
2,5,43,dummy_prior,301,331,0,0.06466165413533835,0,0.5
2,5,43,dummy_prior,303,436,0,0.06466165413533835,0,0.5
2,5,43,dummy_prior,304,287,0,0.06466165413533835,0,0.5
2,5,43,dummy_prior,307,307,0,0.06466165413533835,0,0.5
2,5,43,dummy_prior,308,368,0,0.06466165413533835,0,0.5
2,5,43,dummy_prior,312,189,0,0.06466165413533835,0,0.5
2,5,43,dummy_prior,318,269,0,0.06466165413533835,0,0.5
2,5,43,dummy_prior,319,180,0,0.06466165413533835,0,0.5
2,5,43,dummy_prior,325,197,0,0.06466165413533835,0,0.5
2,5,43,dummy_prior,338,121,0,0.06466165413533835,0,0.5
2,5,43,dummy_prior,341,79,0,0.06466165413533835,0,0.5
2,5,43,dummy_prior,354,212,0,0.06466165413533835,0,0.5
2,5,43,dummy_prior,355,733,0,0.06466165413533835,0,0.5
2,5,43,dummy_prior,356,339,0,0.06466165413533835,0,0.5
2,5,43,dummy_prior,358,160,0,0.06466165413533835,0,0.5
2,5,43,dummy_prior,364,203,0,0.06466165413533835,0,0.5
2,5,43,dummy_prior,372,786,0,0.06466165413533835,0,0.5
2,5,43,dummy_prior,374,86,0,0.06466165413533835,0,0.5
2,5,43,dummy_prior,375,224,0,0.06466165413533835,0,0.5
2,5,43,dummy_prior,382,90,0,0.06466165413533835,0,0.5
2,5,43,dummy_prior,386,179,0,0.06466165413533835,0,0.5
2,5,43,dummy_prior,391,100,0,0.06466165413533835,0,0.5
2,5,43,dummy_prior,393,115,0,0.06466165413533835,0,0.5
2,5,43,dummy_prior,400,61,0,0.06466165413533835,0,0.5
2,5,43,dummy_prior,410,158,0,0.06466165413533835,0,0.5
2,5,43,dummy_prior,411,47,0,0.06466165413533835,0,0.5
2,5,43,dummy_prior,421,73,0,0.06466165413533835,0,0.5
2,5,43,dummy_prior,422,153,0,0.06466165413533835,0,0.5
2,5,43,dummy_prior,426,39,0,0.06466165413533835,0,0.5
2,5,43,dummy_prior,435,63,0,0.06466165413533835,0,0.5
2,5,43,dummy_prior,447,68,0,0.06466165413533835,0,0.5
2,5,43,dummy_prior,454,764,0,0.06466165413533835,0,0.5
2,5,43,dummy_prior,473,375,0,0.06466165413533835,0,0.5
2,5,43,dummy_prior,477,405,0,0.06466165413533835,0,0.5
2,5,43,dummy_prior,480,663,0,0.06466165413533835,0,0.5
2,5,43,dummy_prior,484,369,0,0.06466165413533835,0,0.5
2,5,43,dummy_prior,486,428,0,0.06466165413533835,0,0.5
2,5,43,dummy_prior,488,711,0,0.06466165413533835,0,0.5
2,5,43,dummy_prior,497,603,0,0.06466165413533835,0,0.5
2,5,43,dummy_prior,500,362,0,0.06466165413533835,0,0.5
2,5,43,dummy_prior,514,93,0,0.06466165413533835,0,0.5
2,5,43,dummy_prior,515,275,0,0.06466165413533835,0,0.5
2,5,43,dummy_prior,516,365,0,0.06466165413533835,0,0.5
2,5,43,dummy_prior,517,361,0,0.06466165413533835,0,0.5
2,5,43,dummy_prior,534,435,0,0.06466165413533835,0,0.5
2,5,43,dummy_prior,537,255,0,0.06466165413533835,0,0.5
2,5,43,dummy_prior,550,257,0,0.06466165413533835,0,0.5
2,5,43,dummy_prior,558,59,0,0.06466165413533835,0,0.5
2,5,43,dummy_prior,561,562,0,0.06466165413533835,0,0.5
2,5,43,dummy_prior,572,248,0,0.06466165413533835,0,0.5
2,5,43,dummy_prior,576,506,0,0.06466165413533835,0,0.5
2,5,43,dummy_prior,577,504,0,0.06466165413533835,0,0.5
2,5,43,dummy_prior,578,670,0,0.06466165413533835,0,0.5
2,5,43,dummy_prior,583,566,0,0.06466165413533835,0,0.5
2,5,43,dummy_prior,584,135,0,0.06466165413533835,0,0.5
2,5,43,dummy_prior,587,311,0,0.06466165413533835,0,0.5
2,5,43,dummy_prior,597,582,0,0.06466165413533835,0,0.5
2,5,43,dummy_prior,601,92,0,0.06466165413533835,0,0.5
2,5,43,dummy_prior,602,622,0,0.06466165413533835,0,0.5
2,5,43,dummy_prior,603,280,0,0.06466165413533835,0,0.5
2,5,43,dummy_prior,626,788,0,0.06466165413533835,0,0.5
2,5,43,dummy_prior,633,85,0,0.06466165413533835,0,0.5
2,5,43,dummy_prior,638,310,0,0.06466165413533835,0,0.5
2,5,43,dummy_prior,642,829,0,0.06466165413533835,0,0.5
2,5,43,dummy_prior,649,795,0,0.06466165413533835,0,0.5
2,5,43,dummy_prior,651,828,0,0.06466165413533835,0,0.5
2,5,43,dummy_prior,654,822,0,0.06466165413533835,0,0.5
2,5,43,dummy_prior,655,821,0,0.06466165413533835,0,0.5
2,5,43,dummy_prior,661,704,1,0.06466165413533835,0,0.5
2,5,43,dummy_prior,662,638,1,0.06466165413533835,0,0.5
2,5,43,dummy_prior,665,8,0,0.06466165413533835,0,0.5
2,5,43,dummy_prior,672,91,0,0.06466165413533835,0,0.5
2,5,43,dummy_prior,684,374,0,0.06466165413533835,0,0.5
2,5,43,dummy_prior,685,449,0,0.06466165413533835,0,0.5
2,5,43,dummy_prior,692,246,0,0.06466165413533835,0,0.5
2,5,43,dummy_prior,697,124,0,0.06466165413533835,0,0.5
2,5,43,dummy_prior,699,214,0,0.06466165413533835,0,0.5
2,5,43,dummy_prior,704,775,0,0.06466165413533835,0,0.5
2,5,43,dummy_prior,706,417,0,0.06466165413533835,0,0.5
2,5,43,dummy_prior,714,768,0,0.06466165413533835,0,0.5
2,5,43,dummy_prior,722,393,0,0.06466165413533835,0,0.5
2,5,43,dummy_prior,723,541,0,0.06466165413533835,0,0.5
2,5,43,dummy_prior,724,99,0,0.06466165413533835,0,0.5
2,5,43,dummy_prior,727,166,1,0.06466165413533835,0,0.5
2,5,43,dummy_prior,729,563,0,0.06466165413533835,0,0.5
2,5,43,dummy_prior,733,101,0,0.06466165413533835,0,0.5
2,5,43,dummy_prior,752,136,0,0.06466165413533835,0,0.5
2,5,43,dummy_prior,754,110,0,0.06466165413533835,0,0.5
2,5,43,dummy_prior,770,645,1,0.06466165413533835,0,0.5
2,5,43,dummy_prior,774,691,0,0.06466165413533835,0,0.5
2,5,43,dummy_prior,778,668,0,0.06466165413533835,0,0.5
2,5,43,dummy_prior,785,4,0,0.06466165413533835,0,0.5
2,5,43,dummy_prior,787,22,1,0.06466165413533835,0,0.5
2,5,43,dummy_prior,788,549,0,0.06466165413533835,0,0.5
2,5,43,dummy_prior,789,233,0,0.06466165413533835,0,0.5
2,5,43,dummy_prior,796,644,0,0.06466165413533835,0,0.5
2,5,43,dummy_prior,805,561,0,0.06466165413533835,0,0.5
2,5,43,dummy_prior,807,569,0,0.06466165413533835,0,0.5
2,5,43,dummy_prior,813,346,0,0.06466165413533835,0,0.5
2,5,43,dummy_prior,818,132,0,0.06466165413533835,0,0.5
2,5,43,dummy_prior,823,117,0,0.06466165413533835,0,0.5
2,5,43,logistic_regression,4,816,0,0.6825053948701828,1,0.5
2,5,43,logistic_regression,13,803,0,0.5382377212601965,1,0.5
2,5,43,logistic_regression,15,776,0,0.6484550892687764,1,0.5
2,5,43,logistic_regression,21,783,0,0.3932624919634408,0,0.5
2,5,43,logistic_regression,22,766,1,0.6823947538302868,1,0.5
2,5,43,logistic_regression,31,771,0,0.7618202681424292,1,0.5
2,5,43,logistic_regression,33,734,0,0.5018982393307914,1,0.5
2,5,43,logistic_regression,40,746,0,0.47652875981712617,0,0.5
2,5,43,logistic_regression,43,723,0,0.48241403359169177,0,0.5
2,5,43,logistic_regression,57,647,0,0.5354996020224879,1,0.5
2,5,43,logistic_regression,58,683,0,0.5162048831475788,1,0.5
2,5,43,logistic_regression,59,692,0,0.7908070444732391,1,0.5
2,5,43,logistic_regression,78,684,0,0.4708833855557184,0,0.5
2,5,43,logistic_regression,80,593,0,0.6244921267374414,1,0.5
2,5,43,logistic_regression,85,718,0,0.521400886405869,1,0.5
2,5,43,logistic_regression,88,632,0,0.4993110515810641,0,0.5
2,5,43,logistic_regression,89,707,0,0.18666477907942727,0,0.5
2,5,43,logistic_regression,97,584,0,0.18063576319652266,0,0.5
2,5,43,logistic_regression,100,580,0,0.7564316408322507,1,0.5
2,5,43,logistic_regression,108,612,0,0.18862652693939794,0,0.5
2,5,43,logistic_regression,111,573,0,0.7676977750156259,1,0.5
2,5,43,logistic_regression,117,560,0,0.5904192755514899,1,0.5
2,5,43,logistic_regression,119,627,0,0.5040946888627074,1,0.5
2,5,43,logistic_regression,120,579,0,0.5136608461583292,1,0.5
2,5,43,logistic_regression,121,592,0,0.513167198207513,1,0.5
2,5,43,logistic_regression,132,651,0,0.4907142529182429,0,0.5
2,5,43,logistic_regression,133,568,0,0.8245685895465831,1,0.5
2,5,43,logistic_regression,138,556,0,0.5509067950797395,1,0.5
2,5,43,logistic_regression,140,194,0,0.13641554499007227,0,0.5
2,5,43,logistic_regression,144,595,0,0.5821627081930372,1,0.5
2,5,43,logistic_regression,148,594,0,0.1689016630909732,0,0.5
2,5,43,logistic_regression,150,551,0,0.47644910847423433,0,0.5
2,5,43,logistic_regression,151,438,0,0.5006911055135338,1,0.5
2,5,43,logistic_regression,156,545,0,0.46801723591289396,0,0.5
2,5,43,logistic_regression,162,509,1,0.4822638686542164,0,0.5
2,5,43,logistic_regression,165,515,0,0.5464452057053707,1,0.5
2,5,43,logistic_regression,170,418,0,0.5077415997691459,1,0.5
2,5,43,logistic_regression,176,468,0,0.44905153037325524,0,0.5
2,5,43,logistic_regression,177,472,0,0.1559859361406082,0,0.5
2,5,43,logistic_regression,181,392,0,0.29280759839429527,0,0.5
2,5,43,logistic_regression,189,513,0,0.42741611173202754,0,0.5
2,5,43,logistic_regression,194,429,0,0.5224130020259479,1,0.5
2,5,43,logistic_regression,195,505,0,0.47371840357983946,0,0.5
2,5,43,logistic_regression,197,447,0,0.4699603900436756,0,0.5
2,5,43,logistic_regression,199,443,0,0.4299190997816654,0,0.5
2,5,43,logistic_regression,200,441,0,0.49575092723668396,0,0.5
2,5,43,logistic_regression,202,494,1,0.7169253386827905,1,0.5
2,5,43,logistic_regression,205,496,0,0.4570025359247885,0,0.5
2,5,43,logistic_regression,207,470,0,0.4195615342422607,0,0.5
2,5,43,logistic_regression,215,531,1,0.5725370312489466,1,0.5
2,5,43,logistic_regression,223,351,1,0.7164345493501177,1,0.5
2,5,43,logistic_regression,226,394,0,0.717783602306667,1,0.5
2,5,43,logistic_regression,232,345,0,0.4353319552628386,0,0.5
2,5,43,logistic_regression,235,347,0,0.37114186926571047,0,0.5
2,5,43,logistic_regression,237,497,0,0.5768641051436272,1,0.5
2,5,43,logistic_regression,242,391,0,0.4699515593508276,0,0.5
2,5,43,logistic_regression,250,344,0,0.5598722010405252,1,0.5
2,5,43,logistic_regression,253,366,0,0.1343309489464888,0,0.5
2,5,43,logistic_regression,257,485,0,0.5310881622200827,1,0.5
2,5,43,logistic_regression,260,296,0,0.19167160412564224,0,0.5
2,5,43,logistic_regression,266,410,0,0.47142437120093295,0,0.5
2,5,43,logistic_regression,268,359,0,0.14461661155430064,0,0.5
2,5,43,logistic_regression,285,300,0,0.5148405971259347,1,0.5
2,5,43,logistic_regression,296,319,0,0.13820604237019318,0,0.5
2,5,43,logistic_regression,297,301,0,0.5115217355097301,1,0.5
2,5,43,logistic_regression,301,331,0,0.12935669658346394,0,0.5
2,5,43,logistic_regression,303,436,0,0.4274672086977631,0,0.5
2,5,43,logistic_regression,304,287,0,0.1447764990575761,0,0.5
2,5,43,logistic_regression,307,307,0,0.4293230397203448,0,0.5
2,5,43,logistic_regression,308,368,0,0.5030478125369854,1,0.5
2,5,43,logistic_regression,312,189,0,0.4754499477385084,0,0.5
2,5,43,logistic_regression,318,269,0,0.14151028463370674,0,0.5
2,5,43,logistic_regression,319,180,0,0.4429753530159621,0,0.5
2,5,43,logistic_regression,325,197,0,0.13138051668572973,0,0.5
2,5,43,logistic_regression,338,121,0,0.14097201041724142,0,0.5
2,5,43,logistic_regression,341,79,0,0.4468470752852773,0,0.5
2,5,43,logistic_regression,354,212,0,0.4512076983070315,0,0.5
2,5,43,logistic_regression,355,733,0,0.5369729661818267,1,0.5
2,5,43,logistic_regression,356,339,0,0.48584422764043,0,0.5
2,5,43,logistic_regression,358,160,0,0.4391687692491654,0,0.5
2,5,43,logistic_regression,364,203,0,0.4155624036383325,0,0.5
2,5,43,logistic_regression,372,786,0,0.7693587976813508,1,0.5
2,5,43,logistic_regression,374,86,0,0.4374833414899582,0,0.5
2,5,43,logistic_regression,375,224,0,0.44120656576816003,0,0.5
2,5,43,logistic_regression,382,90,0,0.4836364979537388,0,0.5
2,5,43,logistic_regression,386,179,0,0.41765511557315904,0,0.5
2,5,43,logistic_regression,391,100,0,0.1849844177656149,0,0.5
2,5,43,logistic_regression,393,115,0,0.12474725950755755,0,0.5
2,5,43,logistic_regression,400,61,0,0.13653568776531852,0,0.5
2,5,43,logistic_regression,410,158,0,0.1258977643460693,0,0.5
2,5,43,logistic_regression,411,47,0,0.6865387143944602,1,0.5
2,5,43,logistic_regression,421,73,0,0.4321405372068209,0,0.5
2,5,43,logistic_regression,422,153,0,0.4051748267506392,0,0.5
2,5,43,logistic_regression,426,39,0,0.131544739600561,0,0.5
2,5,43,logistic_regression,435,63,0,0.42826649231160563,0,0.5
2,5,43,logistic_regression,447,68,0,0.4164001275085225,0,0.5
2,5,43,logistic_regression,454,764,0,0.5015695069891654,1,0.5
2,5,43,logistic_regression,473,375,0,0.36702261045028595,0,0.5
2,5,43,logistic_regression,477,405,0,0.13473478001718167,0,0.5
2,5,43,logistic_regression,480,663,0,0.6971838060239479,1,0.5
2,5,43,logistic_regression,484,369,0,0.47920185695420486,0,0.5
2,5,43,logistic_regression,486,428,0,0.45418192632493304,0,0.5
2,5,43,logistic_regression,488,711,0,0.5182956430705887,1,0.5
2,5,43,logistic_regression,497,603,0,0.4669895734629921,0,0.5
2,5,43,logistic_regression,500,362,0,0.5134319494877251,1,0.5
2,5,43,logistic_regression,514,93,0,0.41388179202758735,0,0.5
2,5,43,logistic_regression,515,275,0,0.4398167472777028,0,0.5
2,5,43,logistic_regression,516,365,0,0.46180060692490604,0,0.5
2,5,43,logistic_regression,517,361,0,0.4313699339033549,0,0.5
2,5,43,logistic_regression,534,435,0,0.4491108349471441,0,0.5
2,5,43,logistic_regression,537,255,0,0.4586005666845602,0,0.5
2,5,43,logistic_regression,550,257,0,0.4556165219059654,0,0.5
2,5,43,logistic_regression,558,59,0,0.44999660800345687,0,0.5
2,5,43,logistic_regression,561,562,0,0.456473307488271,0,0.5
2,5,43,logistic_regression,572,248,0,0.45361678114725873,0,0.5
2,5,43,logistic_regression,576,506,0,0.4513288321191126,0,0.5
2,5,43,logistic_regression,577,504,0,0.5154513352974294,1,0.5
2,5,43,logistic_regression,578,670,0,0.5087629379512417,1,0.5
2,5,43,logistic_regression,583,566,0,0.15343348849609922,0,0.5
2,5,43,logistic_regression,584,135,0,0.44068660442145513,0,0.5
2,5,43,logistic_regression,587,311,0,0.4490869203404667,0,0.5
2,5,43,logistic_regression,597,582,0,0.5073396224438014,1,0.5
2,5,43,logistic_regression,601,92,0,0.43882679111674094,0,0.5
2,5,43,logistic_regression,602,622,0,0.4533645104485288,0,0.5
2,5,43,logistic_regression,603,280,0,0.4768444030890719,0,0.5
2,5,43,logistic_regression,626,788,0,0.693969275654324,1,0.5
2,5,43,logistic_regression,633,85,0,0.4364593611916519,0,0.5
2,5,43,logistic_regression,638,310,0,0.47418141882482384,0,0.5
2,5,43,logistic_regression,642,829,0,0.5681544067539906,1,0.5
2,5,43,logistic_regression,649,795,0,0.7153039106729214,1,0.5
2,5,43,logistic_regression,651,828,0,0.5540981038804508,1,0.5
2,5,43,logistic_regression,654,822,0,0.6001167623120233,1,0.5
2,5,43,logistic_regression,655,821,0,0.4827535504284135,0,0.5
2,5,43,logistic_regression,661,704,1,0.45714999423652863,0,0.5
2,5,43,logistic_regression,662,638,1,0.7532213845712413,1,0.5
2,5,43,logistic_regression,665,8,0,0.5690373693268407,1,0.5
2,5,43,logistic_regression,672,91,0,0.5796979701443776,1,0.5
2,5,43,logistic_regression,684,374,0,0.5431279459453263,1,0.5
2,5,43,logistic_regression,685,449,0,0.48583390429962364,0,0.5
2,5,43,logistic_regression,692,246,0,0.4239691598600217,0,0.5
2,5,43,logistic_regression,697,124,0,0.4593615299510299,0,0.5
2,5,43,logistic_regression,699,214,0,0.4918833582759253,0,0.5
2,5,43,logistic_regression,704,775,0,0.7472652497128972,1,0.5
2,5,43,logistic_regression,706,417,0,0.3396831576583292,0,0.5
2,5,43,logistic_regression,714,768,0,0.5580261300639171,1,0.5
2,5,43,logistic_regression,722,393,0,0.4462854108321672,0,0.5
2,5,43,logistic_regression,723,541,0,0.6817455518378152,1,0.5
2,5,43,logistic_regression,724,99,0,0.4281639446338567,0,0.5
2,5,43,logistic_regression,727,166,1,0.6125201535770569,1,0.5
2,5,43,logistic_regression,729,563,0,0.5044567324522152,1,0.5
2,5,43,logistic_regression,733,101,0,0.442588560266955,0,0.5
2,5,43,logistic_regression,752,136,0,0.13772805264690322,0,0.5
2,5,43,logistic_regression,754,110,0,0.43819458105313197,0,0.5
2,5,43,logistic_regression,770,645,1,0.502950039781567,1,0.5
2,5,43,logistic_regression,774,691,0,0.5593845700906352,1,0.5
2,5,43,logistic_regression,778,668,0,0.5850474552073608,1,0.5
2,5,43,logistic_regression,785,4,0,0.5437882907900792,1,0.5
2,5,43,logistic_regression,787,22,1,0.4434396235280422,0,0.5
2,5,43,logistic_regression,788,549,0,0.6151335497274045,1,0.5
2,5,43,logistic_regression,789,233,0,0.45350601490531933,0,0.5
2,5,43,logistic_regression,796,644,0,0.441703546541501,0,0.5
2,5,43,logistic_regression,805,561,0,0.4305261055794983,0,0.5
2,5,43,logistic_regression,807,569,0,0.49069711116832804,0,0.5
2,5,43,logistic_regression,813,346,0,0.5141439421886256,1,0.5
2,5,43,logistic_regression,818,132,0,0.4356934692219387,0,0.5
2,5,43,logistic_regression,823,117,0,0.43094973733637953,0,0.5
2,5,43,xgboost,4,816,0,0.7165989875793457,1,0.5
2,5,43,xgboost,13,803,0,0.2190256267786026,0,0.5
2,5,43,xgboost,15,776,0,0.7897801995277405,1,0.5
2,5,43,xgboost,21,783,0,0.6663963794708252,1,0.5
2,5,43,xgboost,22,766,1,0.5974649786949158,1,0.5
2,5,43,xgboost,31,771,0,0.6634947657585144,1,0.5
2,5,43,xgboost,33,734,0,0.3678886294364929,0,0.5
2,5,43,xgboost,40,746,0,0.4082255959510803,0,0.5
2,5,43,xgboost,43,723,0,0.5009972453117371,1,0.5
2,5,43,xgboost,57,647,0,0.2576107978820801,0,0.5
2,5,43,xgboost,58,683,0,0.3263200521469116,0,0.5
2,5,43,xgboost,59,692,0,0.4032295346260071,0,0.5
2,5,43,xgboost,78,684,0,0.45165500044822693,0,0.5
2,5,43,xgboost,80,593,0,0.33298763632774353,0,0.5
2,5,43,xgboost,85,718,0,0.24707521498203278,0,0.5
2,5,43,xgboost,88,632,0,0.4783559739589691,0,0.5
2,5,43,xgboost,89,707,0,0.04980055242776871,0,0.5
2,5,43,xgboost,97,584,0,0.0798318088054657,0,0.5
2,5,43,xgboost,100,580,0,0.4943467676639557,0,0.5
2,5,43,xgboost,108,612,0,0.11327382177114487,0,0.5
2,5,43,xgboost,111,573,0,0.5204430222511292,1,0.5
2,5,43,xgboost,117,560,0,0.46722978353500366,0,0.5
2,5,43,xgboost,119,627,0,0.372082382440567,0,0.5
2,5,43,xgboost,120,579,0,0.288921982049942,0,0.5
2,5,43,xgboost,121,592,0,0.26331233978271484,0,0.5
2,5,43,xgboost,132,651,0,0.49428361654281616,0,0.5
2,5,43,xgboost,133,568,0,0.37821120023727417,0,0.5
2,5,43,xgboost,138,556,0,0.30816882848739624,0,0.5
2,5,43,xgboost,140,194,0,0.16400279104709625,0,0.5
2,5,43,xgboost,144,595,0,0.20069962739944458,0,0.5
2,5,43,xgboost,148,594,0,0.07542143017053604,0,0.5
2,5,43,xgboost,150,551,0,0.522797167301178,1,0.5
2,5,43,xgboost,151,438,0,0.34884902834892273,0,0.5
2,5,43,xgboost,156,545,0,0.3703770637512207,0,0.5
2,5,43,xgboost,162,509,1,0.28560149669647217,0,0.5
2,5,43,xgboost,165,515,0,0.28252002596855164,0,0.5
2,5,43,xgboost,170,418,0,0.43683773279190063,0,0.5
2,5,43,xgboost,176,468,0,0.3775867223739624,0,0.5
2,5,43,xgboost,177,472,0,0.11636071652173996,0,0.5
2,5,43,xgboost,181,392,0,0.5423665046691895,1,0.5
2,5,43,xgboost,189,513,0,0.44000259041786194,0,0.5
2,5,43,xgboost,194,429,0,0.283720463514328,0,0.5
2,5,43,xgboost,195,505,0,0.5446615815162659,1,0.5
2,5,43,xgboost,197,447,0,0.37293556332588196,0,0.5
2,5,43,xgboost,199,443,0,0.5024155378341675,1,0.5
2,5,43,xgboost,200,441,0,0.5648177862167358,1,0.5
2,5,43,xgboost,202,494,1,0.6882352828979492,1,0.5
2,5,43,xgboost,205,496,0,0.3775867223739624,0,0.5
2,5,43,xgboost,207,470,0,0.3713064193725586,0,0.5
2,5,43,xgboost,215,531,1,0.32880035042762756,0,0.5
2,5,43,xgboost,223,351,1,0.7045317888259888,1,0.5
2,5,43,xgboost,226,394,0,0.5139814615249634,1,0.5
2,5,43,xgboost,232,345,0,0.37522372603416443,0,0.5
2,5,43,xgboost,235,347,0,0.24008317291736603,0,0.5
2,5,43,xgboost,237,497,0,0.2556489408016205,0,0.5
2,5,43,xgboost,242,391,0,0.5446615815162659,1,0.5
2,5,43,xgboost,250,344,0,0.24736207723617554,0,0.5
2,5,43,xgboost,253,366,0,0.10868258774280548,0,0.5
2,5,43,xgboost,257,485,0,0.30667251348495483,0,0.5
2,5,43,xgboost,260,296,0,0.06100446730852127,0,0.5
2,5,43,xgboost,266,410,0,0.522797167301178,1,0.5
2,5,43,xgboost,268,359,0,0.1466718316078186,0,0.5
2,5,43,xgboost,285,300,0,0.29634228348731995,0,0.5
2,5,43,xgboost,296,319,0,0.10149440914392471,0,0.5
2,5,43,xgboost,297,301,0,0.2867160439491272,0,0.5
2,5,43,xgboost,301,331,0,0.1273241937160492,0,0.5
2,5,43,xgboost,303,436,0,0.3959880769252777,0,0.5
2,5,43,xgboost,304,287,0,0.10483819246292114,0,0.5
2,5,43,xgboost,307,307,0,0.37442904710769653,0,0.5
2,5,43,xgboost,308,368,0,0.4530910849571228,0,0.5
2,5,43,xgboost,312,189,0,0.42997854948043823,0,0.5
2,5,43,xgboost,318,269,0,0.15802344679832458,0,0.5
2,5,43,xgboost,319,180,0,0.6067343354225159,1,0.5
2,5,43,xgboost,325,197,0,0.1489478349685669,0,0.5
2,5,43,xgboost,338,121,0,0.12792956829071045,0,0.5
2,5,43,xgboost,341,79,0,0.4039127826690674,0,0.5
2,5,43,xgboost,354,212,0,0.5468960404396057,1,0.5
2,5,43,xgboost,355,733,0,0.3094067871570587,0,0.5
2,5,43,xgboost,356,339,0,0.37836453318595886,0,0.5
2,5,43,xgboost,358,160,0,0.4937629699707031,0,0.5
2,5,43,xgboost,364,203,0,0.4500700533390045,0,0.5
2,5,43,xgboost,372,786,0,0.38975638151168823,0,0.5
2,5,43,xgboost,374,86,0,0.33312857151031494,0,0.5
2,5,43,xgboost,375,224,0,0.515192985534668,1,0.5
2,5,43,xgboost,382,90,0,0.47561994194984436,0,0.5
2,5,43,xgboost,386,179,0,0.559569239616394,1,0.5
2,5,43,xgboost,391,100,0,0.09324242919683456,0,0.5
2,5,43,xgboost,393,115,0,0.0902986153960228,0,0.5
2,5,43,xgboost,400,61,0,0.07514665275812149,0,0.5
2,5,43,xgboost,410,158,0,0.17757382988929749,0,0.5
2,5,43,xgboost,411,47,0,0.2663422226905823,0,0.5
2,5,43,xgboost,421,73,0,0.3314809501171112,0,0.5
2,5,43,xgboost,422,153,0,0.46710166335105896,0,0.5
2,5,43,xgboost,426,39,0,0.05506391078233719,0,0.5
2,5,43,xgboost,435,63,0,0.12162777036428452,0,0.5
2,5,43,xgboost,447,68,0,0.16090558469295502,0,0.5
2,5,43,xgboost,454,764,0,0.386202335357666,0,0.5
2,5,43,xgboost,473,375,0,0.213654562830925,0,0.5
2,5,43,xgboost,477,405,0,0.1113668829202652,0,0.5
2,5,43,xgboost,480,663,0,0.4975073039531708,0,0.5
2,5,43,xgboost,484,369,0,0.2673482298851013,0,0.5
2,5,43,xgboost,486,428,0,0.3336237668991089,0,0.5
2,5,43,xgboost,488,711,0,0.5104233026504517,1,0.5
2,5,43,xgboost,497,603,0,0.3740781247615814,0,0.5
2,5,43,xgboost,500,362,0,0.3629199266433716,0,0.5
2,5,43,xgboost,514,93,0,0.33312857151031494,0,0.5
2,5,43,xgboost,515,275,0,0.5724927186965942,1,0.5
2,5,43,xgboost,516,365,0,0.34430938959121704,0,0.5
2,5,43,xgboost,517,361,0,0.509955883026123,1,0.5
2,5,43,xgboost,534,435,0,0.5360381007194519,1,0.5
2,5,43,xgboost,537,255,0,0.46097391843795776,0,0.5
2,5,43,xgboost,550,257,0,0.5372937321662903,1,0.5
2,5,43,xgboost,558,59,0,0.16149988770484924,0,0.5
2,5,43,xgboost,561,562,0,0.42395201325416565,0,0.5
2,5,43,xgboost,572,248,0,0.30206456780433655,0,0.5
2,5,43,xgboost,576,506,0,0.3336237668991089,0,0.5
2,5,43,xgboost,577,504,0,0.3629199266433716,0,0.5
2,5,43,xgboost,578,670,0,0.30349233746528625,0,0.5
2,5,43,xgboost,583,566,0,0.11139892041683197,0,0.5
2,5,43,xgboost,584,135,0,0.4172663688659668,0,0.5
2,5,43,xgboost,587,311,0,0.3839123845100403,0,0.5
2,5,43,xgboost,597,582,0,0.2571859359741211,0,0.5
2,5,43,xgboost,601,92,0,0.33312857151031494,0,0.5
2,5,43,xgboost,602,622,0,0.513329803943634,1,0.5
2,5,43,xgboost,603,280,0,0.38464123010635376,0,0.5
2,5,43,xgboost,626,788,0,0.23012736439704895,0,0.5
2,5,43,xgboost,633,85,0,0.2503789961338043,0,0.5
2,5,43,xgboost,638,310,0,0.5185186266899109,1,0.5
2,5,43,xgboost,642,829,0,0.41894304752349854,0,0.5
2,5,43,xgboost,649,795,0,0.5664899349212646,1,0.5
2,5,43,xgboost,651,828,0,0.5403195023536682,1,0.5
2,5,43,xgboost,654,822,0,0.4235275983810425,0,0.5
2,5,43,xgboost,655,821,0,0.43465524911880493,0,0.5
2,5,43,xgboost,661,704,1,0.43399232625961304,0,0.5
2,5,43,xgboost,662,638,1,0.43258482217788696,0,0.5
2,5,43,xgboost,665,8,0,0.1574300229549408,0,0.5
2,5,43,xgboost,672,91,0,0.40859514474868774,0,0.5
2,5,43,xgboost,684,374,0,0.34461185336112976,0,0.5
2,5,43,xgboost,685,449,0,0.34335553646087646,0,0.5
2,5,43,xgboost,692,246,0,0.5565121173858643,1,0.5
2,5,43,xgboost,697,124,0,0.44737330079078674,0,0.5
2,5,43,xgboost,699,214,0,0.4488532841205597,0,0.5
2,5,43,xgboost,704,775,0,0.7222708463668823,1,0.5
2,5,43,xgboost,706,417,0,0.4753357768058777,0,0.5
2,5,43,xgboost,714,768,0,0.28008946776390076,0,0.5
2,5,43,xgboost,722,393,0,0.38635003566741943,0,0.5
2,5,43,xgboost,723,541,0,0.4099966287612915,0,0.5
2,5,43,xgboost,724,99,0,0.247621551156044,0,0.5
2,5,43,xgboost,727,166,1,0.6157326698303223,1,0.5
2,5,43,xgboost,729,563,0,0.3686490058898926,0,0.5
2,5,43,xgboost,733,101,0,0.25464728474617004,0,0.5
2,5,43,xgboost,752,136,0,0.12989509105682373,0,0.5
2,5,43,xgboost,754,110,0,0.28732186555862427,0,0.5
2,5,43,xgboost,770,645,1,0.4655904173851013,0,0.5
2,5,43,xgboost,774,691,0,0.38157767057418823,0,0.5
2,5,43,xgboost,778,668,0,0.20258194208145142,0,0.5
2,5,43,xgboost,785,4,0,0.20385220646858215,0,0.5
2,5,43,xgboost,787,22,1,0.14665253460407257,0,0.5
2,5,43,xgboost,788,549,0,0.37485310435295105,0,0.5
2,5,43,xgboost,789,233,0,0.5716181397438049,1,0.5
2,5,43,xgboost,796,644,0,0.3847251236438751,0,0.5
2,5,43,xgboost,805,561,0,0.36905544996261597,0,0.5
2,5,43,xgboost,807,569,0,0.3156362473964691,0,0.5
2,5,43,xgboost,813,346,0,0.27856943011283875,0,0.5
2,5,43,xgboost,818,132,0,0.46802809834480286,0,0.5
2,5,43,xgboost,823,117,0,0.33180320262908936,0,0.5
3,1,44,dummy_prior,8,809,0,0.06325301204819277,0,0.5
3,1,44,dummy_prior,11,450,0,0.06325301204819277,0,0.5
3,1,44,dummy_prior,16,790,0,0.06325301204819277,0,0.5
3,1,44,dummy_prior,17,799,0,0.06325301204819277,0,0.5
3,1,44,dummy_prior,24,774,0,0.06325301204819277,0,0.5
3,1,44,dummy_prior,25,805,0,0.06325301204819277,0,0.5
3,1,44,dummy_prior,26,765,0,0.06325301204819277,0,0.5
3,1,44,dummy_prior,45,709,0,0.06325301204819277,0,0.5
3,1,44,dummy_prior,63,629,0,0.06325301204819277,0,0.5
3,1,44,dummy_prior,67,696,0,0.06325301204819277,0,0.5
3,1,44,dummy_prior,69,727,0,0.06325301204819277,0,0.5
3,1,44,dummy_prior,73,681,0,0.06325301204819277,0,0.5
3,1,44,dummy_prior,77,693,0,0.06325301204819277,0,0.5
3,1,44,dummy_prior,88,632,0,0.06325301204819277,0,0.5
3,1,44,dummy_prior,98,641,0,0.06325301204819277,0,0.5
3,1,44,dummy_prior,100,580,0,0.06325301204819277,0,0.5
3,1,44,dummy_prior,101,599,0,0.06325301204819277,0,0.5
3,1,44,dummy_prior,102,754,1,0.06325301204819277,0,0.5
3,1,44,dummy_prior,104,674,0,0.06325301204819277,0,0.5
3,1,44,dummy_prior,113,667,0,0.06325301204819277,0,0.5
3,1,44,dummy_prior,115,597,0,0.06325301204819277,0,0.5
3,1,44,dummy_prior,130,581,1,0.06325301204819277,0,0.5
3,1,44,dummy_prior,133,568,0,0.06325301204819277,0,0.5
3,1,44,dummy_prior,134,465,0,0.06325301204819277,0,0.5
3,1,44,dummy_prior,151,438,0,0.06325301204819277,0,0.5
3,1,44,dummy_prior,157,617,0,0.06325301204819277,0,0.5
3,1,44,dummy_prior,170,418,0,0.06325301204819277,0,0.5
3,1,44,dummy_prior,171,522,0,0.06325301204819277,0,0.5
3,1,44,dummy_prior,173,499,0,0.06325301204819277,0,0.5
3,1,44,dummy_prior,174,412,0,0.06325301204819277,0,0.5
3,1,44,dummy_prior,182,491,0,0.06325301204819277,0,0.5
3,1,44,dummy_prior,184,488,1,0.06325301204819277,0,0.5
3,1,44,dummy_prior,188,380,0,0.06325301204819277,0,0.5
3,1,44,dummy_prior,194,429,0,0.06325301204819277,0,0.5
3,1,44,dummy_prior,200,441,0,0.06325301204819277,0,0.5
3,1,44,dummy_prior,204,388,1,0.06325301204819277,0,0.5
3,1,44,dummy_prior,207,470,0,0.06325301204819277,0,0.5
3,1,44,dummy_prior,214,372,0,0.06325301204819277,0,0.5
3,1,44,dummy_prior,215,531,1,0.06325301204819277,0,0.5
3,1,44,dummy_prior,219,406,0,0.06325301204819277,0,0.5
3,1,44,dummy_prior,224,511,0,0.06325301204819277,0,0.5
3,1,44,dummy_prior,225,409,0,0.06325301204819277,0,0.5
3,1,44,dummy_prior,230,432,0,0.06325301204819277,0,0.5
3,1,44,dummy_prior,231,316,0,0.06325301204819277,0,0.5
3,1,44,dummy_prior,232,345,0,0.06325301204819277,0,0.5
3,1,44,dummy_prior,247,270,0,0.06325301204819277,0,0.5
3,1,44,dummy_prior,252,390,0,0.06325301204819277,0,0.5
3,1,44,dummy_prior,253,366,0,0.06325301204819277,0,0.5
3,1,44,dummy_prior,254,273,1,0.06325301204819277,0,0.5
3,1,44,dummy_prior,258,227,0,0.06325301204819277,0,0.5
3,1,44,dummy_prior,262,247,0,0.06325301204819277,0,0.5
3,1,44,dummy_prior,263,232,0,0.06325301204819277,0,0.5
3,1,44,dummy_prior,265,305,0,0.06325301204819277,0,0.5
3,1,44,dummy_prior,266,410,0,0.06325301204819277,0,0.5
3,1,44,dummy_prior,271,349,0,0.06325301204819277,0,0.5
3,1,44,dummy_prior,276,263,0,0.06325301204819277,0,0.5
3,1,44,dummy_prior,285,300,0,0.06325301204819277,0,0.5
3,1,44,dummy_prior,290,221,0,0.06325301204819277,0,0.5
3,1,44,dummy_prior,295,333,0,0.06325301204819277,0,0.5
3,1,44,dummy_prior,298,202,0,0.06325301204819277,0,0.5
3,1,44,dummy_prior,300,386,0,0.06325301204819277,0,0.5
3,1,44,dummy_prior,309,313,0,0.06325301204819277,0,0.5
3,1,44,dummy_prior,320,268,0,0.06325301204819277,0,0.5
3,1,44,dummy_prior,329,583,0,0.06325301204819277,0,0.5
3,1,44,dummy_prior,331,229,0,0.06325301204819277,0,0.5
3,1,44,dummy_prior,340,159,0,0.06325301204819277,0,0.5
3,1,44,dummy_prior,342,276,1,0.06325301204819277,0,0.5
3,1,44,dummy_prior,343,149,0,0.06325301204819277,0,0.5
3,1,44,dummy_prior,344,131,0,0.06325301204819277,0,0.5
3,1,44,dummy_prior,346,235,0,0.06325301204819277,0,0.5
3,1,44,dummy_prior,349,152,0,0.06325301204819277,0,0.5
3,1,44,dummy_prior,363,127,0,0.06325301204819277,0,0.5
3,1,44,dummy_prior,364,203,0,0.06325301204819277,0,0.5
3,1,44,dummy_prior,370,243,0,0.06325301204819277,0,0.5
3,1,44,dummy_prior,380,78,0,0.06325301204819277,0,0.5
3,1,44,dummy_prior,384,185,0,0.06325301204819277,0,0.5
3,1,44,dummy_prior,389,142,0,0.06325301204819277,0,0.5
3,1,44,dummy_prior,399,88,0,0.06325301204819277,0,0.5
3,1,44,dummy_prior,400,61,0,0.06325301204819277,0,0.5
3,1,44,dummy_prior,401,57,0,0.06325301204819277,0,0.5
3,1,44,dummy_prior,406,698,0,0.06325301204819277,0,0.5
3,1,44,dummy_prior,413,433,1,0.06325301204819277,0,0.5
3,1,44,dummy_prior,416,181,0,0.06325301204819277,0,0.5
3,1,44,dummy_prior,421,73,0,0.06325301204819277,0,0.5
3,1,44,dummy_prior,424,28,0,0.06325301204819277,0,0.5
3,1,44,dummy_prior,426,39,0,0.06325301204819277,0,0.5
3,1,44,dummy_prior,429,112,0,0.06325301204819277,0,0.5
3,1,44,dummy_prior,433,36,0,0.06325301204819277,0,0.5
3,1,44,dummy_prior,436,65,0,0.06325301204819277,0,0.5
3,1,44,dummy_prior,437,75,0,0.06325301204819277,0,0.5
3,1,44,dummy_prior,452,11,0,0.06325301204819277,0,0.5
3,1,44,dummy_prior,458,640,0,0.06325301204819277,0,0.5
3,1,44,dummy_prior,459,154,0,0.06325301204819277,0,0.5
3,1,44,dummy_prior,464,575,0,0.06325301204819277,0,0.5
3,1,44,dummy_prior,465,608,0,0.06325301204819277,0,0.5
3,1,44,dummy_prior,467,190,0,0.06325301204819277,0,0.5
3,1,44,dummy_prior,473,375,0,0.06325301204819277,0,0.5
3,1,44,dummy_prior,478,451,1,0.06325301204819277,0,0.5
3,1,44,dummy_prior,482,763,0,0.06325301204819277,0,0.5
3,1,44,dummy_prior,486,428,0,0.06325301204819277,0,0.5
3,1,44,dummy_prior,487,306,0,0.06325301204819277,0,0.5
3,1,44,dummy_prior,490,590,0,0.06325301204819277,0,0.5
3,1,44,dummy_prior,495,96,0,0.06325301204819277,0,0.5
3,1,44,dummy_prior,509,547,0,0.06325301204819277,0,0.5
3,1,44,dummy_prior,515,275,0,0.06325301204819277,0,0.5
3,1,44,dummy_prior,523,50,0,0.06325301204819277,0,0.5
3,1,44,dummy_prior,524,532,0,0.06325301204819277,0,0.5
3,1,44,dummy_prior,528,662,1,0.06325301204819277,0,0.5
3,1,44,dummy_prior,532,636,0,0.06325301204819277,0,0.5
3,1,44,dummy_prior,533,20,0,0.06325301204819277,0,0.5
3,1,44,dummy_prior,549,559,0,0.06325301204819277,0,0.5
3,1,44,dummy_prior,552,523,0,0.06325301204819277,0,0.5
3,1,44,dummy_prior,559,198,0,0.06325301204819277,0,0.5
3,1,44,dummy_prior,561,562,0,0.06325301204819277,0,0.5
3,1,44,dummy_prior,563,150,0,0.06325301204819277,0,0.5
3,1,44,dummy_prior,565,813,0,0.06325301204819277,0,0.5
3,1,44,dummy_prior,569,321,0,0.06325301204819277,0,0.5
3,1,44,dummy_prior,572,248,0,0.06325301204819277,0,0.5
3,1,44,dummy_prior,575,176,0,0.06325301204819277,0,0.5
3,1,44,dummy_prior,583,566,0,0.06325301204819277,0,0.5
3,1,44,dummy_prior,585,416,0,0.06325301204819277,0,0.5
3,1,44,dummy_prior,586,230,1,0.06325301204819277,0,0.5
3,1,44,dummy_prior,587,311,0,0.06325301204819277,0,0.5
3,1,44,dummy_prior,591,706,0,0.06325301204819277,0,0.5
3,1,44,dummy_prior,595,320,0,0.06325301204819277,0,0.5
3,1,44,dummy_prior,597,582,0,0.06325301204819277,0,0.5
3,1,44,dummy_prior,604,779,0,0.06325301204819277,0,0.5
3,1,44,dummy_prior,607,187,0,0.06325301204819277,0,0.5
3,1,44,dummy_prior,609,261,0,0.06325301204819277,0,0.5
3,1,44,dummy_prior,615,625,0,0.06325301204819277,0,0.5
3,1,44,dummy_prior,621,27,0,0.06325301204819277,0,0.5
3,1,44,dummy_prior,626,788,0,0.06325301204819277,0,0.5
3,1,44,dummy_prior,633,85,0,0.06325301204819277,0,0.5
3,1,44,dummy_prior,635,33,0,0.06325301204819277,0,0.5
3,1,44,dummy_prior,651,828,0,0.06325301204819277,0,0.5
3,1,44,dummy_prior,660,820,0,0.06325301204819277,0,0.5
3,1,44,dummy_prior,665,8,0,0.06325301204819277,0,0.5
3,1,44,dummy_prior,666,420,0,0.06325301204819277,0,0.5
3,1,44,dummy_prior,672,91,0,0.06325301204819277,0,0.5
3,1,44,dummy_prior,681,81,0,0.06325301204819277,0,0.5
3,1,44,dummy_prior,684,374,0,0.06325301204819277,0,0.5
3,1,44,dummy_prior,687,317,0,0.06325301204819277,0,0.5
3,1,44,dummy_prior,698,554,0,0.06325301204819277,0,0.5
3,1,44,dummy_prior,701,589,0,0.06325301204819277,0,0.5
3,1,44,dummy_prior,703,327,0,0.06325301204819277,0,0.5
3,1,44,dummy_prior,704,775,0,0.06325301204819277,0,0.5
3,1,44,dummy_prior,706,417,0,0.06325301204819277,0,0.5
3,1,44,dummy_prior,712,477,0,0.06325301204819277,0,0.5
3,1,44,dummy_prior,714,768,0,0.06325301204819277,0,0.5
3,1,44,dummy_prior,715,129,0,0.06325301204819277,0,0.5
3,1,44,dummy_prior,741,12,0,0.06325301204819277,0,0.5
3,1,44,dummy_prior,746,113,0,0.06325301204819277,0,0.5
3,1,44,dummy_prior,754,110,0,0.06325301204819277,0,0.5
3,1,44,dummy_prior,758,403,0,0.06325301204819277,0,0.5
3,1,44,dummy_prior,762,164,0,0.06325301204819277,0,0.5
3,1,44,dummy_prior,769,605,0,0.06325301204819277,0,0.5
3,1,44,dummy_prior,786,163,0,0.06325301204819277,0,0.5
3,1,44,dummy_prior,791,700,0,0.06325301204819277,0,0.5
3,1,44,dummy_prior,794,602,0,0.06325301204819277,0,0.5
3,1,44,dummy_prior,797,720,0,0.06325301204819277,0,0.5
3,1,44,dummy_prior,800,688,0,0.06325301204819277,0,0.5
3,1,44,dummy_prior,803,699,0,0.06325301204819277,0,0.5
3,1,44,dummy_prior,805,561,0,0.06325301204819277,0,0.5
3,1,44,dummy_prior,812,601,0,0.06325301204819277,0,0.5
3,1,44,dummy_prior,813,346,0,0.06325301204819277,0,0.5
3,1,44,dummy_prior,817,444,0,0.06325301204819277,0,0.5
3,1,44,dummy_prior,820,574,0,0.06325301204819277,0,0.5
3,1,44,logistic_regression,8,809,0,0.5551288238433437,1,0.5
3,1,44,logistic_regression,11,450,0,0.5589501873811638,1,0.5
3,1,44,logistic_regression,16,790,0,0.4685243554931936,0,0.5
3,1,44,logistic_regression,17,799,0,0.6017100982738451,1,0.5
3,1,44,logistic_regression,24,774,0,0.4985657018852075,0,0.5
3,1,44,logistic_regression,25,805,0,0.4633640954485314,0,0.5
3,1,44,logistic_regression,26,765,0,0.4863730944461618,0,0.5
3,1,44,logistic_regression,45,709,0,0.5110379944449821,1,0.5
3,1,44,logistic_regression,63,629,0,0.8209269063831168,1,0.5
3,1,44,logistic_regression,67,696,0,0.7898213769534658,1,0.5
3,1,44,logistic_regression,69,727,0,0.6491187040972044,1,0.5
3,1,44,logistic_regression,73,681,0,0.1809869308064459,0,0.5
3,1,44,logistic_regression,77,693,0,0.48750713061197876,0,0.5
3,1,44,logistic_regression,88,632,0,0.4976904564359233,0,0.5
3,1,44,logistic_regression,98,641,0,0.5541446385633522,1,0.5
3,1,44,logistic_regression,100,580,0,0.7968919438256923,1,0.5
3,1,44,logistic_regression,101,599,0,0.15256944422902524,0,0.5
3,1,44,logistic_regression,102,754,1,0.6275371580740541,1,0.5
3,1,44,logistic_regression,104,674,0,0.5286862995276047,1,0.5
3,1,44,logistic_regression,113,667,0,0.47824062873283757,0,0.5
3,1,44,logistic_regression,115,597,0,0.46109516423771246,0,0.5
3,1,44,logistic_regression,130,581,1,0.700668513355242,1,0.5
3,1,44,logistic_regression,133,568,0,0.8538155271780548,1,0.5
3,1,44,logistic_regression,134,465,0,0.483345435458032,0,0.5
3,1,44,logistic_regression,151,438,0,0.4917573510648036,0,0.5
3,1,44,logistic_regression,157,617,0,0.4735485584380594,0,0.5
3,1,44,logistic_regression,170,418,0,0.4901811261080519,0,0.5
3,1,44,logistic_regression,171,522,0,0.5510545623554587,1,0.5
3,1,44,logistic_regression,173,499,0,0.5452900677662536,1,0.5
3,1,44,logistic_regression,174,412,0,0.4665743425084151,0,0.5
3,1,44,logistic_regression,182,491,0,0.48273072400815525,0,0.5
3,1,44,logistic_regression,184,488,1,0.687242067816514,1,0.5
3,1,44,logistic_regression,188,380,0,0.37353197700903645,0,0.5
3,1,44,logistic_regression,194,429,0,0.5113147649549942,1,0.5
3,1,44,logistic_regression,200,441,0,0.5020822773850091,1,0.5
3,1,44,logistic_regression,204,388,1,0.4211576738520455,0,0.5
3,1,44,logistic_regression,207,470,0,0.406413454622835,0,0.5
3,1,44,logistic_regression,214,372,0,0.4215356310839563,0,0.5
3,1,44,logistic_regression,215,531,1,0.5566909702333384,1,0.5
3,1,44,logistic_regression,219,406,0,0.08968409711632903,0,0.5
3,1,44,logistic_regression,224,511,0,0.15128512418545587,0,0.5
3,1,44,logistic_regression,225,409,0,0.44433784521832376,0,0.5
3,1,44,logistic_regression,230,432,0,0.5364893504139817,1,0.5
3,1,44,logistic_regression,231,316,0,0.41092265417495794,0,0.5
3,1,44,logistic_regression,232,345,0,0.4234398608995591,0,0.5
3,1,44,logistic_regression,247,270,0,0.39336820310694626,0,0.5
3,1,44,logistic_regression,252,390,0,0.4342595771004698,0,0.5
3,1,44,logistic_regression,253,366,0,0.133945489025802,0,0.5
3,1,44,logistic_regression,254,273,1,0.6837510925029211,1,0.5
3,1,44,logistic_regression,258,227,0,0.4295581973521554,0,0.5
3,1,44,logistic_regression,262,247,0,0.44998988494128317,0,0.5
3,1,44,logistic_regression,263,232,0,0.41557208264144324,0,0.5
3,1,44,logistic_regression,265,305,0,0.4814553914371543,0,0.5
3,1,44,logistic_regression,266,410,0,0.46420764228674266,0,0.5
3,1,44,logistic_regression,271,349,0,0.47154426069092953,0,0.5
3,1,44,logistic_regression,276,263,0,0.2197338642012452,0,0.5
3,1,44,logistic_regression,285,300,0,0.49597647575443204,0,0.5
3,1,44,logistic_regression,290,221,0,0.44041761269427454,0,0.5
3,1,44,logistic_regression,295,333,0,0.4486549339972383,0,0.5
3,1,44,logistic_regression,298,202,0,0.2942391767196171,0,0.5
3,1,44,logistic_regression,300,386,0,0.44909710815372567,0,0.5
3,1,44,logistic_regression,309,313,0,0.45822188478799464,0,0.5
3,1,44,logistic_regression,320,268,0,0.3743586114545296,0,0.5
3,1,44,logistic_regression,329,583,0,0.5105761334600997,1,0.5
3,1,44,logistic_regression,331,229,0,0.4335260593835419,0,0.5
3,1,44,logistic_regression,340,159,0,0.1426756029234945,0,0.5
3,1,44,logistic_regression,342,276,1,0.3149182934006746,0,0.5
3,1,44,logistic_regression,343,149,0,0.12908689323904665,0,0.5
3,1,44,logistic_regression,344,131,0,0.4191719837762051,0,0.5
3,1,44,logistic_regression,346,235,0,0.42596308782246606,0,0.5
3,1,44,logistic_regression,349,152,0,0.41651962369252393,0,0.5
3,1,44,logistic_regression,363,127,0,0.4359005496606519,0,0.5
3,1,44,logistic_regression,364,203,0,0.3006694202317186,0,0.5
3,1,44,logistic_regression,370,243,0,0.2985907000111995,0,0.5
3,1,44,logistic_regression,380,78,0,0.747470914992179,1,0.5
3,1,44,logistic_regression,384,185,0,0.3262665233825841,0,0.5
3,1,44,logistic_regression,389,142,0,0.42078782839857204,0,0.5
3,1,44,logistic_regression,399,88,0,0.44332318600461545,0,0.5
3,1,44,logistic_regression,400,61,0,0.13327071228345555,0,0.5
3,1,44,logistic_regression,401,57,0,0.7903768044730598,1,0.5
3,1,44,logistic_regression,406,698,0,0.5335918145296693,1,0.5
3,1,44,logistic_regression,413,433,1,0.5366917179303217,1,0.5
3,1,44,logistic_regression,416,181,0,0.7335057399733447,1,0.5
3,1,44,logistic_regression,421,73,0,0.4164954263179401,0,0.5
3,1,44,logistic_regression,424,28,0,0.4062941811702238,0,0.5
3,1,44,logistic_regression,426,39,0,0.1290876855418652,0,0.5
3,1,44,logistic_regression,429,112,0,0.4131531989403978,0,0.5
3,1,44,logistic_regression,433,36,0,0.13183279510808557,0,0.5
3,1,44,logistic_regression,436,65,0,0.2541377244692812,0,0.5
3,1,44,logistic_regression,437,75,0,0.41072782938603764,0,0.5
3,1,44,logistic_regression,452,11,0,0.25917313828375493,0,0.5
3,1,44,logistic_regression,458,640,0,0.5439846055651271,1,0.5
3,1,44,logistic_regression,459,154,0,0.4437033651263063,0,0.5
3,1,44,logistic_regression,464,575,0,0.1426474008177139,0,0.5
3,1,44,logistic_regression,465,608,0,0.328027223217421,0,0.5
3,1,44,logistic_regression,467,190,0,0.49105558382757314,0,0.5
3,1,44,logistic_regression,473,375,0,0.4558818049886437,0,0.5
3,1,44,logistic_regression,478,451,1,0.4596524745248668,0,0.5
3,1,44,logistic_regression,482,763,0,0.43684776713387474,0,0.5
3,1,44,logistic_regression,486,428,0,0.44329803857418376,0,0.5
3,1,44,logistic_regression,487,306,0,0.15838410739641673,0,0.5
3,1,44,logistic_regression,490,590,0,0.813513314027765,1,0.5
3,1,44,logistic_regression,495,96,0,0.42689725643284526,0,0.5
3,1,44,logistic_regression,509,547,0,0.16449108321438086,0,0.5
3,1,44,logistic_regression,515,275,0,0.42995788691567033,0,0.5
3,1,44,logistic_regression,523,50,0,0.22606503802829675,0,0.5
3,1,44,logistic_regression,524,532,0,0.6300378751698602,1,0.5
3,1,44,logistic_regression,528,662,1,0.6031294189998763,1,0.5
3,1,44,logistic_regression,532,636,0,0.46897003663675363,0,0.5
3,1,44,logistic_regression,533,20,0,0.38752013450269657,0,0.5
3,1,44,logistic_regression,549,559,0,0.512160890309348,1,0.5
3,1,44,logistic_regression,552,523,0,0.4710812373845026,0,0.5
3,1,44,logistic_regression,559,198,0,0.47197433387835325,0,0.5
3,1,44,logistic_regression,561,562,0,0.44577930480214545,0,0.5
3,1,44,logistic_regression,563,150,0,0.14032895801151124,0,0.5
3,1,44,logistic_regression,565,813,0,0.5455215625381498,1,0.5
3,1,44,logistic_regression,569,321,0,0.45068127017654935,0,0.5
3,1,44,logistic_regression,572,248,0,0.4239663741642667,0,0.5
3,1,44,logistic_regression,575,176,0,0.4282252117969011,0,0.5
3,1,44,logistic_regression,583,566,0,0.15319356286660646,0,0.5
3,1,44,logistic_regression,585,416,0,0.503476952291574,1,0.5
3,1,44,logistic_regression,586,230,1,0.49038533358966735,0,0.5
3,1,44,logistic_regression,587,311,0,0.4373361806787534,0,0.5
3,1,44,logistic_regression,591,706,0,0.7410866957390757,1,0.5
3,1,44,logistic_regression,595,320,0,0.18299904092869998,0,0.5
3,1,44,logistic_regression,597,582,0,0.5139979856992242,1,0.5
3,1,44,logistic_regression,604,779,0,0.7643755612910638,1,0.5
3,1,44,logistic_regression,607,187,0,0.455817954005801,0,0.5
3,1,44,logistic_regression,609,261,0,0.14641915201056133,0,0.5
3,1,44,logistic_regression,615,625,0,0.5548213019800406,1,0.5
3,1,44,logistic_regression,621,27,0,0.39655572452157944,0,0.5
3,1,44,logistic_regression,626,788,0,0.6924566947911049,1,0.5
3,1,44,logistic_regression,633,85,0,0.4227099277157702,0,0.5
3,1,44,logistic_regression,635,33,0,0.4191666211213634,0,0.5
3,1,44,logistic_regression,651,828,0,0.5647431831883036,1,0.5
3,1,44,logistic_regression,660,820,0,0.4053003605989369,0,0.5
3,1,44,logistic_regression,665,8,0,0.5564578825162796,1,0.5
3,1,44,logistic_regression,666,420,0,0.8645824381617176,1,0.5
3,1,44,logistic_regression,672,91,0,0.5703236238474347,1,0.5
3,1,44,logistic_regression,681,81,0,0.5679526387576059,1,0.5
3,1,44,logistic_regression,684,374,0,0.5236663332614885,1,0.5
3,1,44,logistic_regression,687,317,0,0.44045382040942616,0,0.5
3,1,44,logistic_regression,698,554,0,0.44618507257083695,0,0.5
3,1,44,logistic_regression,701,589,0,0.5572340128888116,1,0.5
3,1,44,logistic_regression,703,327,0,0.4072755427824234,0,0.5
3,1,44,logistic_regression,704,775,0,0.7167821967838397,1,0.5
3,1,44,logistic_regression,706,417,0,0.3414664223381473,0,0.5
3,1,44,logistic_regression,712,477,0,0.4422786486777093,0,0.5
3,1,44,logistic_regression,714,768,0,0.5872284809377528,1,0.5
3,1,44,logistic_regression,715,129,0,0.1426048181512198,0,0.5
3,1,44,logistic_regression,741,12,0,0.129654393421325,0,0.5
3,1,44,logistic_regression,746,113,0,0.12265646259663773,0,0.5
3,1,44,logistic_regression,754,110,0,0.4178184310061038,0,0.5
3,1,44,logistic_regression,758,403,0,0.4441738960302478,0,0.5
3,1,44,logistic_regression,762,164,0,0.7369197427342129,1,0.5
3,1,44,logistic_regression,769,605,0,0.482613448029989,0,0.5
3,1,44,logistic_regression,786,163,0,0.5807176735913002,1,0.5
3,1,44,logistic_regression,791,700,0,0.6038331511635209,1,0.5
3,1,44,logistic_regression,794,602,0,0.45379798552713674,0,0.5
3,1,44,logistic_regression,797,720,0,0.48936233866265083,0,0.5
3,1,44,logistic_regression,800,688,0,0.48523856235451646,0,0.5
3,1,44,logistic_regression,803,699,0,0.5008901272837464,1,0.5
3,1,44,logistic_regression,805,561,0,0.4072826940520282,0,0.5
3,1,44,logistic_regression,812,601,0,0.44428020720637507,0,0.5
3,1,44,logistic_regression,813,346,0,0.5082618248777129,1,0.5
3,1,44,logistic_regression,817,444,0,0.48179877176918307,0,0.5
3,1,44,logistic_regression,820,574,0,0.448031687730423,0,0.5
3,1,44,xgboost,8,809,0,0.0010005768854171038,0,0.5
3,1,44,xgboost,11,450,0,0.015666604042053223,0,0.5
3,1,44,xgboost,16,790,0,0.00224480452015996,0,0.5
3,1,44,xgboost,17,799,0,0.0013068974949419498,0,0.5
3,1,44,xgboost,24,774,0,0.019518809393048286,0,0.5
3,1,44,xgboost,25,805,0,0.022869808599352837,0,0.5
3,1,44,xgboost,26,765,0,0.024345429614186287,0,0.5
3,1,44,xgboost,45,709,0,0.1844983696937561,0,0.5
3,1,44,xgboost,63,629,0,0.6568850874900818,1,0.5
3,1,44,xgboost,67,696,0,0.8310233354568481,1,0.5
3,1,44,xgboost,69,727,0,0.9105565547943115,1,0.5
3,1,44,xgboost,73,681,0,0.017852267250418663,0,0.5
3,1,44,xgboost,77,693,0,0.0022906544618308544,0,0.5
3,1,44,xgboost,88,632,0,0.5389282703399658,1,0.5
3,1,44,xgboost,98,641,0,0.01765133999288082,0,0.5
3,1,44,xgboost,100,580,0,0.9131048321723938,1,0.5
3,1,44,xgboost,101,599,0,0.005014296155422926,0,0.5
3,1,44,xgboost,102,754,1,0.06947644054889679,0,0.5
3,1,44,xgboost,104,674,0,0.3101734519004822,0,0.5
3,1,44,xgboost,113,667,0,0.27020561695098877,0,0.5
3,1,44,xgboost,115,597,0,0.37497010827064514,0,0.5
3,1,44,xgboost,130,581,1,0.10992085188627243,0,0.5
3,1,44,xgboost,133,568,0,0.0074700769037008286,0,0.5
3,1,44,xgboost,134,465,0,0.0019101633224636316,0,0.5
3,1,44,xgboost,151,438,0,0.0009664461831562221,0,0.5
3,1,44,xgboost,157,617,0,0.021805761381983757,0,0.5
3,1,44,xgboost,170,418,0,0.015795884653925896,0,0.5
3,1,44,xgboost,171,522,0,0.023252632468938828,0,0.5
3,1,44,xgboost,173,499,0,0.019236696884036064,0,0.5
3,1,44,xgboost,174,412,0,0.08325908333063126,0,0.5
3,1,44,xgboost,182,491,0,0.5215874910354614,1,0.5
3,1,44,xgboost,184,488,1,0.0311216302216053,0,0.5
3,1,44,xgboost,188,380,0,0.00030174164567142725,0,0.5
3,1,44,xgboost,194,429,0,0.00020879687508568168,0,0.5
3,1,44,xgboost,200,441,0,0.33093950152397156,0,0.5
3,1,44,xgboost,204,388,1,0.04242841526865959,0,0.5
3,1,44,xgboost,207,470,0,0.002638190286234021,0,0.5
3,1,44,xgboost,214,372,0,0.0005640386370941997,0,0.5
3,1,44,xgboost,215,531,1,0.029007069766521454,0,0.5
3,1,44,xgboost,219,406,0,0.0005322006181813776,0,0.5
3,1,44,xgboost,224,511,0,0.006546048913151026,0,0.5
3,1,44,xgboost,225,409,0,0.0024488798808306456,0,0.5
3,1,44,xgboost,230,432,0,0.005419014487415552,0,0.5
3,1,44,xgboost,231,316,0,0.01363640557974577,0,0.5
3,1,44,xgboost,232,345,0,0.0021658651530742645,0,0.5
3,1,44,xgboost,247,270,0,0.10299056768417358,0,0.5
3,1,44,xgboost,252,390,0,0.012510488741099834,0,0.5
3,1,44,xgboost,253,366,0,6.416057294700295e-05,0,0.5
3,1,44,xgboost,254,273,1,0.48015493154525757,0,0.5
3,1,44,xgboost,258,227,0,0.05070679634809494,0,0.5
3,1,44,xgboost,262,247,0,0.17432206869125366,0,0.5
3,1,44,xgboost,263,232,0,0.11137936264276505,0,0.5
3,1,44,xgboost,265,305,0,0.048237305134534836,0,0.5
3,1,44,xgboost,266,410,0,0.008127233944833279,0,0.5
3,1,44,xgboost,271,349,0,0.0002530685451347381,0,0.5
3,1,44,xgboost,276,263,0,0.002562318230047822,0,0.5
3,1,44,xgboost,285,300,0,0.00539584644138813,0,0.5
3,1,44,xgboost,290,221,0,0.015165501274168491,0,0.5
3,1,44,xgboost,295,333,0,0.0017460886156186461,0,0.5
3,1,44,xgboost,298,202,0,0.011747218668460846,0,0.5
3,1,44,xgboost,300,386,0,0.010685074143111706,0,0.5
3,1,44,xgboost,309,313,0,0.00234334752894938,0,0.5
3,1,44,xgboost,320,268,0,0.061790578067302704,0,0.5
3,1,44,xgboost,329,583,0,0.22679553925991058,0,0.5
3,1,44,xgboost,331,229,0,0.24521204829216003,0,0.5
3,1,44,xgboost,340,159,0,0.043538156896829605,0,0.5
3,1,44,xgboost,342,276,1,0.047745149582624435,0,0.5
3,1,44,xgboost,343,149,0,0.001132069039158523,0,0.5
3,1,44,xgboost,344,131,0,0.34776511788368225,0,0.5
3,1,44,xgboost,346,235,0,0.26947757601737976,0,0.5
3,1,44,xgboost,349,152,0,0.14073267579078674,0,0.5
3,1,44,xgboost,363,127,0,0.13745209574699402,0,0.5
3,1,44,xgboost,364,203,0,0.01397859025746584,0,0.5
3,1,44,xgboost,370,243,0,0.48467037081718445,0,0.5
3,1,44,xgboost,380,78,0,0.2690420150756836,0,0.5
3,1,44,xgboost,384,185,0,0.12667305767536163,0,0.5
3,1,44,xgboost,389,142,0,0.0543888621032238,0,0.5
3,1,44,xgboost,399,88,0,0.030759645625948906,0,0.5
3,1,44,xgboost,400,61,0,0.00018108350923284888,0,0.5
3,1,44,xgboost,401,57,0,0.03899106755852699,0,0.5
3,1,44,xgboost,406,698,0,0.013522317633032799,0,0.5
3,1,44,xgboost,413,433,1,0.006545977666974068,0,0.5
3,1,44,xgboost,416,181,0,0.8156528472900391,1,0.5
3,1,44,xgboost,421,73,0,0.00823801476508379,0,0.5
3,1,44,xgboost,424,28,0,0.1001143604516983,0,0.5
3,1,44,xgboost,426,39,0,0.00022031312983017415,0,0.5
3,1,44,xgboost,429,112,0,0.002606806578114629,0,0.5
3,1,44,xgboost,433,36,0,0.001011757762171328,0,0.5
3,1,44,xgboost,436,65,0,0.035002559423446655,0,0.5
3,1,44,xgboost,437,75,0,0.0411926731467247,0,0.5
3,1,44,xgboost,452,11,0,0.01616445556282997,0,0.5
3,1,44,xgboost,458,640,0,0.3363471031188965,0,0.5
3,1,44,xgboost,459,154,0,0.16143858432769775,0,0.5
3,1,44,xgboost,464,575,0,0.0006137107848189771,0,0.5
3,1,44,xgboost,465,608,0,0.25051426887512207,0,0.5
3,1,44,xgboost,467,190,0,0.42210501432418823,0,0.5
3,1,44,xgboost,473,375,0,0.00848641898483038,0,0.5
3,1,44,xgboost,478,451,1,0.042662426829338074,0,0.5
3,1,44,xgboost,482,763,0,0.011744185350835323,0,0.5
3,1,44,xgboost,486,428,0,0.000854919315315783,0,0.5
3,1,44,xgboost,487,306,0,0.000756305642426014,0,0.5
3,1,44,xgboost,490,590,0,0.004309919662773609,0,0.5
3,1,44,xgboost,495,96,0,0.07933489978313446,0,0.5
3,1,44,xgboost,509,547,0,0.00365066179074347,0,0.5
3,1,44,xgboost,515,275,0,0.24039487540721893,0,0.5
3,1,44,xgboost,523,50,0,0.22068706154823303,0,0.5
3,1,44,xgboost,524,532,0,0.27564799785614014,0,0.5
3,1,44,xgboost,528,662,1,0.03146614506840706,0,0.5
3,1,44,xgboost,532,636,0,0.18104058504104614,0,0.5
3,1,44,xgboost,533,20,0,0.0474567636847496,0,0.5
3,1,44,xgboost,549,559,0,0.042931847274303436,0,0.5
3,1,44,xgboost,552,523,0,0.13777215778827667,0,0.5
3,1,44,xgboost,559,198,0,0.09778586030006409,0,0.5
3,1,44,xgboost,561,562,0,0.035242557525634766,0,0.5
3,1,44,xgboost,563,150,0,0.000604382948949933,0,0.5
3,1,44,xgboost,565,813,0,0.0022722247522324324,0,0.5
3,1,44,xgboost,569,321,0,0.0002748110273387283,0,0.5
3,1,44,xgboost,572,248,0,0.06472307443618774,0,0.5
3,1,44,xgboost,575,176,0,0.30974191427230835,0,0.5
3,1,44,xgboost,583,566,0,0.0010016049491241574,0,0.5
3,1,44,xgboost,585,416,0,0.0036796205677092075,0,0.5
3,1,44,xgboost,586,230,1,0.4014391005039215,0,0.5
3,1,44,xgboost,587,311,0,0.011187543161213398,0,0.5
3,1,44,xgboost,591,706,0,0.4128877818584442,0,0.5
3,1,44,xgboost,595,320,0,0.0010852772975340486,0,0.5
3,1,44,xgboost,597,582,0,0.00970540102571249,0,0.5
3,1,44,xgboost,604,779,0,0.016291523352265358,0,0.5
3,1,44,xgboost,607,187,0,0.5357761383056641,1,0.5
3,1,44,xgboost,609,261,0,0.001928931218571961,0,0.5
3,1,44,xgboost,615,625,0,0.0041501871310174465,0,0.5
3,1,44,xgboost,621,27,0,0.012516122311353683,0,0.5
3,1,44,xgboost,626,788,0,0.0005550335044972599,0,0.5
3,1,44,xgboost,633,85,0,0.023121902719140053,0,0.5
3,1,44,xgboost,635,33,0,0.0022730508353561163,0,0.5
3,1,44,xgboost,651,828,0,0.1531447470188141,0,0.5
3,1,44,xgboost,660,820,0,0.03493131697177887,0,0.5
3,1,44,xgboost,665,8,0,0.020884010940790176,0,0.5
3,1,44,xgboost,666,420,0,0.23799973726272583,0,0.5
3,1,44,xgboost,672,91,0,0.2719699442386627,0,0.5
3,1,44,xgboost,681,81,0,0.9203940033912659,1,0.5
3,1,44,xgboost,684,374,0,0.0001916455221362412,0,0.5
3,1,44,xgboost,687,317,0,0.008032336831092834,0,0.5
3,1,44,xgboost,698,554,0,0.01819426193833351,0,0.5
3,1,44,xgboost,701,589,0,0.00511185172945261,0,0.5
3,1,44,xgboost,703,327,0,0.0009292636532336473,0,0.5
3,1,44,xgboost,704,775,0,0.16197390854358673,0,0.5
3,1,44,xgboost,706,417,0,0.011342303827404976,0,0.5
3,1,44,xgboost,712,477,0,0.04425599426031113,0,0.5
3,1,44,xgboost,714,768,0,0.001961790258064866,0,0.5
3,1,44,xgboost,715,129,0,0.005850232206285,0,0.5
3,1,44,xgboost,741,12,0,0.0003349785110913217,0,0.5
3,1,44,xgboost,746,113,0,7.899041520431638e-05,0,0.5
3,1,44,xgboost,754,110,0,0.017625892534852028,0,0.5
3,1,44,xgboost,758,403,0,0.010981021448969841,0,0.5
3,1,44,xgboost,762,164,0,0.8569980263710022,1,0.5
3,1,44,xgboost,769,605,0,0.007227797526866198,0,0.5
3,1,44,xgboost,786,163,0,0.9250005483627319,1,0.5
3,1,44,xgboost,791,700,0,0.11964479833841324,0,0.5
3,1,44,xgboost,794,602,0,0.0011156352702528238,0,0.5
3,1,44,xgboost,797,720,0,0.01689765974879265,0,0.5
3,1,44,xgboost,800,688,0,0.0752551257610321,0,0.5
3,1,44,xgboost,803,699,0,0.383897602558136,0,0.5
3,1,44,xgboost,805,561,0,0.04385872185230255,0,0.5
3,1,44,xgboost,812,601,0,0.02428538352251053,0,0.5
3,1,44,xgboost,813,346,0,0.0012010426726192236,0,0.5
3,1,44,xgboost,817,444,0,0.0018982883775606751,0,0.5
3,1,44,xgboost,820,574,0,0.0029706608038395643,0,0.5
3,2,44,dummy_prior,2,660,0,0.06315789473684211,0,0.5
3,2,44,dummy_prior,4,816,0,0.06315789473684211,0,0.5
3,2,44,dummy_prior,5,796,0,0.06315789473684211,0,0.5
3,2,44,dummy_prior,6,823,1,0.06315789473684211,0,0.5
3,2,44,dummy_prior,7,413,0,0.06315789473684211,0,0.5
3,2,44,dummy_prior,9,804,0,0.06315789473684211,0,0.5
3,2,44,dummy_prior,14,798,0,0.06315789473684211,0,0.5
3,2,44,dummy_prior,20,797,0,0.06315789473684211,0,0.5
3,2,44,dummy_prior,22,766,1,0.06315789473684211,0,0.5
3,2,44,dummy_prior,28,742,0,0.06315789473684211,0,0.5
3,2,44,dummy_prior,32,738,0,0.06315789473684211,0,0.5
3,2,44,dummy_prior,37,747,0,0.06315789473684211,0,0.5
3,2,44,dummy_prior,38,758,0,0.06315789473684211,0,0.5
3,2,44,dummy_prior,44,740,1,0.06315789473684211,0,0.5
3,2,44,dummy_prior,47,770,0,0.06315789473684211,0,0.5
3,2,44,dummy_prior,49,739,0,0.06315789473684211,0,0.5
3,2,44,dummy_prior,54,708,0,0.06315789473684211,0,0.5
3,2,44,dummy_prior,60,673,0,0.06315789473684211,0,0.5
3,2,44,dummy_prior,75,675,0,0.06315789473684211,0,0.5
3,2,44,dummy_prior,84,657,0,0.06315789473684211,0,0.5
3,2,44,dummy_prior,86,703,0,0.06315789473684211,0,0.5
3,2,44,dummy_prior,95,701,1,0.06315789473684211,0,0.5
3,2,44,dummy_prior,109,619,0,0.06315789473684211,0,0.5
3,2,44,dummy_prior,114,665,0,0.06315789473684211,0,0.5
3,2,44,dummy_prior,116,570,0,0.06315789473684211,0,0.5
3,2,44,dummy_prior,120,579,0,0.06315789473684211,0,0.5
3,2,44,dummy_prior,121,592,0,0.06315789473684211,0,0.5
3,2,44,dummy_prior,122,542,0,0.06315789473684211,0,0.5
3,2,44,dummy_prior,123,571,0,0.06315789473684211,0,0.5
3,2,44,dummy_prior,129,492,0,0.06315789473684211,0,0.5
3,2,44,dummy_prior,137,517,0,0.06315789473684211,0,0.5
3,2,44,dummy_prior,144,595,0,0.06315789473684211,0,0.5
3,2,44,dummy_prior,145,576,0,0.06315789473684211,0,0.5
3,2,44,dummy_prior,146,533,0,0.06315789473684211,0,0.5
3,2,44,dummy_prior,147,643,0,0.06315789473684211,0,0.5
3,2,44,dummy_prior,148,594,0,0.06315789473684211,0,0.5
3,2,44,dummy_prior,150,551,0,0.06315789473684211,0,0.5
3,2,44,dummy_prior,155,448,0,0.06315789473684211,0,0.5
3,2,44,dummy_prior,163,546,0,0.06315789473684211,0,0.5
3,2,44,dummy_prior,165,515,0,0.06315789473684211,0,0.5
3,2,44,dummy_prior,168,108,0,0.06315789473684211,0,0.5
3,2,44,dummy_prior,177,472,0,0.06315789473684211,0,0.5
3,2,44,dummy_prior,185,404,0,0.06315789473684211,0,0.5
3,2,44,dummy_prior,186,501,0,0.06315789473684211,0,0.5
3,2,44,dummy_prior,189,513,0,0.06315789473684211,0,0.5
3,2,44,dummy_prior,193,397,0,0.06315789473684211,0,0.5
3,2,44,dummy_prior,206,437,0,0.06315789473684211,0,0.5
3,2,44,dummy_prior,222,278,0,0.06315789473684211,0,0.5
3,2,44,dummy_prior,223,351,1,0.06315789473684211,0,0.5
3,2,44,dummy_prior,228,466,0,0.06315789473684211,0,0.5
3,2,44,dummy_prior,235,347,0,0.06315789473684211,0,0.5
3,2,44,dummy_prior,241,402,0,0.06315789473684211,0,0.5
3,2,44,dummy_prior,250,344,0,0.06315789473684211,0,0.5
3,2,44,dummy_prior,259,295,0,0.06315789473684211,0,0.5
3,2,44,dummy_prior,268,359,0,0.06315789473684211,0,0.5
3,2,44,dummy_prior,269,330,0,0.06315789473684211,0,0.5
3,2,44,dummy_prior,270,355,0,0.06315789473684211,0,0.5
3,2,44,dummy_prior,274,168,0,0.06315789473684211,0,0.5
3,2,44,dummy_prior,277,303,0,0.06315789473684211,0,0.5
3,2,44,dummy_prior,278,238,0,0.06315789473684211,0,0.5
3,2,44,dummy_prior,283,240,0,0.06315789473684211,0,0.5
3,2,44,dummy_prior,291,288,0,0.06315789473684211,0,0.5
3,2,44,dummy_prior,297,301,0,0.06315789473684211,0,0.5
3,2,44,dummy_prior,302,201,0,0.06315789473684211,0,0.5
3,2,44,dummy_prior,303,436,0,0.06315789473684211,0,0.5
3,2,44,dummy_prior,308,368,0,0.06315789473684211,0,0.5
3,2,44,dummy_prior,310,370,0,0.06315789473684211,0,0.5
3,2,44,dummy_prior,312,189,0,0.06315789473684211,0,0.5
3,2,44,dummy_prior,314,170,0,0.06315789473684211,0,0.5
3,2,44,dummy_prior,330,274,0,0.06315789473684211,0,0.5
3,2,44,dummy_prior,337,148,0,0.06315789473684211,0,0.5
3,2,44,dummy_prior,339,228,0,0.06315789473684211,0,0.5
3,2,44,dummy_prior,351,811,0,0.06315789473684211,0,0.5
3,2,44,dummy_prior,360,147,0,0.06315789473684211,0,0.5
3,2,44,dummy_prior,362,143,0,0.06315789473684211,0,0.5
3,2,44,dummy_prior,369,312,0,0.06315789473684211,0,0.5
3,2,44,dummy_prior,371,249,0,0.06315789473684211,0,0.5
3,2,44,dummy_prior,373,172,1,0.06315789473684211,0,0.5
3,2,44,dummy_prior,374,86,0,0.06315789473684211,0,0.5
3,2,44,dummy_prior,375,224,0,0.06315789473684211,0,0.5
3,2,44,dummy_prior,391,100,0,0.06315789473684211,0,0.5
3,2,44,dummy_prior,393,115,0,0.06315789473684211,0,0.5
3,2,44,dummy_prior,396,210,0,0.06315789473684211,0,0.5
3,2,44,dummy_prior,402,60,0,0.06315789473684211,0,0.5
3,2,44,dummy_prior,409,70,0,0.06315789473684211,0,0.5
3,2,44,dummy_prior,410,158,0,0.06315789473684211,0,0.5
3,2,44,dummy_prior,427,26,0,0.06315789473684211,0,0.5
3,2,44,dummy_prior,431,10,0,0.06315789473684211,0,0.5
3,2,44,dummy_prior,434,107,0,0.06315789473684211,0,0.5
3,2,44,dummy_prior,440,46,0,0.06315789473684211,0,0.5
3,2,44,dummy_prior,451,41,0,0.06315789473684211,0,0.5
3,2,44,dummy_prior,472,151,0,0.06315789473684211,0,0.5
3,2,44,dummy_prior,476,165,0,0.06315789473684211,0,0.5
3,2,44,dummy_prior,483,610,0,0.06315789473684211,0,0.5
3,2,44,dummy_prior,484,369,0,0.06315789473684211,0,0.5
3,2,44,dummy_prior,485,735,0,0.06315789473684211,0,0.5
3,2,44,dummy_prior,489,71,0,0.06315789473684211,0,0.5
3,2,44,dummy_prior,491,384,0,0.06315789473684211,0,0.5
3,2,44,dummy_prior,493,38,0,0.06315789473684211,0,0.5
3,2,44,dummy_prior,502,53,0,0.06315789473684211,0,0.5
3,2,44,dummy_prior,505,624,0,0.06315789473684211,0,0.5
3,2,44,dummy_prior,514,93,0,0.06315789473684211,0,0.5
3,2,44,dummy_prior,517,361,0,0.06315789473684211,0,0.5
3,2,44,dummy_prior,520,474,0,0.06315789473684211,0,0.5
3,2,44,dummy_prior,522,40,0,0.06315789473684211,0,0.5
3,2,44,dummy_prior,530,639,0,0.06315789473684211,0,0.5
3,2,44,dummy_prior,531,105,0,0.06315789473684211,0,0.5
3,2,44,dummy_prior,534,435,0,0.06315789473684211,0,0.5
3,2,44,dummy_prior,537,255,0,0.06315789473684211,0,0.5
3,2,44,dummy_prior,540,208,0,0.06315789473684211,0,0.5
3,2,44,dummy_prior,544,335,0,0.06315789473684211,0,0.5
3,2,44,dummy_prior,568,244,0,0.06315789473684211,0,0.5
3,2,44,dummy_prior,574,133,0,0.06315789473684211,0,0.5
3,2,44,dummy_prior,576,506,0,0.06315789473684211,0,0.5
3,2,44,dummy_prior,577,504,0,0.06315789473684211,0,0.5
3,2,44,dummy_prior,578,670,0,0.06315789473684211,0,0.5
3,2,44,dummy_prior,579,440,0,0.06315789473684211,0,0.5
3,2,44,dummy_prior,581,183,0,0.06315789473684211,0,0.5
3,2,44,dummy_prior,590,341,1,0.06315789473684211,0,0.5
3,2,44,dummy_prior,593,157,0,0.06315789473684211,0,0.5
3,2,44,dummy_prior,600,118,0,0.06315789473684211,0,0.5
3,2,44,dummy_prior,602,622,0,0.06315789473684211,0,0.5
3,2,44,dummy_prior,612,741,0,0.06315789473684211,0,0.5
3,2,44,dummy_prior,614,52,0,0.06315789473684211,0,0.5
3,2,44,dummy_prior,616,761,0,0.06315789473684211,0,0.5
3,2,44,dummy_prior,620,471,0,0.06315789473684211,0,0.5
3,2,44,dummy_prior,624,613,0,0.06315789473684211,0,0.5
3,2,44,dummy_prior,628,216,1,0.06315789473684211,0,0.5
3,2,44,dummy_prior,643,830,0,0.06315789473684211,0,0.5
3,2,44,dummy_prior,653,609,0,0.06315789473684211,0,0.5
3,2,44,dummy_prior,655,821,0,0.06315789473684211,0,0.5
3,2,44,dummy_prior,656,793,0,0.06315789473684211,0,0.5
3,2,44,dummy_prior,661,704,1,0.06315789473684211,0,0.5
3,2,44,dummy_prior,686,128,0,0.06315789473684211,0,0.5
3,2,44,dummy_prior,688,31,0,0.06315789473684211,0,0.5
3,2,44,dummy_prior,691,731,0,0.06315789473684211,0,0.5
3,2,44,dummy_prior,697,124,0,0.06315789473684211,0,0.5
3,2,44,dummy_prior,700,530,0,0.06315789473684211,0,0.5
3,2,44,dummy_prior,708,564,0,0.06315789473684211,0,0.5
3,2,44,dummy_prior,711,177,0,0.06315789473684211,0,0.5
3,2,44,dummy_prior,716,156,0,0.06315789473684211,0,0.5
3,2,44,dummy_prior,728,508,1,0.06315789473684211,0,0.5
3,2,44,dummy_prior,738,281,0,0.06315789473684211,0,0.5
3,2,44,dummy_prior,740,206,0,0.06315789473684211,0,0.5
3,2,44,dummy_prior,742,422,0,0.06315789473684211,0,0.5
3,2,44,dummy_prior,745,661,0,0.06315789473684211,0,0.5
3,2,44,dummy_prior,753,656,0,0.06315789473684211,0,0.5
3,2,44,dummy_prior,759,401,1,0.06315789473684211,0,0.5
3,2,44,dummy_prior,765,314,0,0.06315789473684211,0,0.5
3,2,44,dummy_prior,768,690,0,0.06315789473684211,0,0.5
3,2,44,dummy_prior,772,141,0,0.06315789473684211,0,0.5
3,2,44,dummy_prior,774,691,0,0.06315789473684211,0,0.5
3,2,44,dummy_prior,778,668,0,0.06315789473684211,0,0.5
3,2,44,dummy_prior,780,717,0,0.06315789473684211,0,0.5
3,2,44,dummy_prior,781,544,0,0.06315789473684211,0,0.5
3,2,44,dummy_prior,782,519,0,0.06315789473684211,0,0.5
3,2,44,dummy_prior,783,116,0,0.06315789473684211,0,0.5
3,2,44,dummy_prior,790,516,0,0.06315789473684211,0,0.5
3,2,44,dummy_prior,801,634,0,0.06315789473684211,0,0.5
3,2,44,dummy_prior,809,743,0,0.06315789473684211,0,0.5
3,2,44,dummy_prior,811,694,0,0.06315789473684211,0,0.5
3,2,44,dummy_prior,815,722,0,0.06315789473684211,0,0.5
3,2,44,dummy_prior,823,117,0,0.06315789473684211,0,0.5
3,2,44,dummy_prior,828,377,0,0.06315789473684211,0,0.5
3,2,44,dummy_prior,829,635,0,0.06315789473684211,0,0.5
3,2,44,dummy_prior,830,526,0,0.06315789473684211,0,0.5
3,2,44,logistic_regression,2,660,0,0.0026367789225215732,0,0.5
3,2,44,logistic_regression,4,816,0,0.7056558284028124,1,0.5
3,2,44,logistic_regression,5,796,0,0.35154620619227267,0,0.5
3,2,44,logistic_regression,6,823,1,0.8307707840937015,1,0.5
3,2,44,logistic_regression,7,413,0,0.6684400820610938,1,0.5
3,2,44,logistic_regression,9,804,0,0.45878009980616535,0,0.5
3,2,44,logistic_regression,14,798,0,0.584021837170923,1,0.5
3,2,44,logistic_regression,20,797,0,0.7122712097437573,1,0.5
3,2,44,logistic_regression,22,766,1,0.49735705529526797,0,0.5
3,2,44,logistic_regression,28,742,0,0.4657094936836579,0,0.5
3,2,44,logistic_regression,32,738,0,0.013903677821222251,0,0.5
3,2,44,logistic_regression,37,747,0,0.22312186888390298,0,0.5
3,2,44,logistic_regression,38,758,0,0.45360814385822046,0,0.5
3,2,44,logistic_regression,44,740,1,0.25284240118866436,0,0.5
3,2,44,logistic_regression,47,770,0,0.5651767346677858,1,0.5
3,2,44,logistic_regression,49,739,0,0.3594234291188864,0,0.5
3,2,44,logistic_regression,54,708,0,0.6262381799533175,1,0.5
3,2,44,logistic_regression,60,673,0,0.4885210503580678,0,0.5
3,2,44,logistic_regression,75,675,0,0.5874737016412691,1,0.5
3,2,44,logistic_regression,84,657,0,0.42631952197151207,0,0.5
3,2,44,logistic_regression,86,703,0,0.543872778949473,1,0.5
3,2,44,logistic_regression,95,701,1,0.0047076991012362564,0,0.5
3,2,44,logistic_regression,109,619,0,0.4927715587045901,0,0.5
3,2,44,logistic_regression,114,665,0,0.49902988979631163,0,0.5
3,2,44,logistic_regression,116,570,0,0.008036461536442835,0,0.5
3,2,44,logistic_regression,120,579,0,0.48701214705527923,0,0.5
3,2,44,logistic_regression,121,592,0,0.48372679243796574,0,0.5
3,2,44,logistic_regression,122,542,0,0.8843766826526966,1,0.5
3,2,44,logistic_regression,123,571,0,0.6871037179510221,1,0.5
3,2,44,logistic_regression,129,492,0,0.6174946181312242,1,0.5
3,2,44,logistic_regression,137,517,0,0.4219583382178372,0,0.5
3,2,44,logistic_regression,144,595,0,0.6711813743852749,1,0.5
3,2,44,logistic_regression,145,576,0,0.5224787022382584,1,0.5
3,2,44,logistic_regression,146,533,0,0.0015150704671384526,0,0.5
3,2,44,logistic_regression,147,643,0,0.45750708752837943,0,0.5
3,2,44,logistic_regression,148,594,0,0.0018014613603190772,0,0.5
3,2,44,logistic_regression,150,551,0,0.3968614064684291,0,0.5
3,2,44,logistic_regression,155,448,0,0.5403597179745538,1,0.5
3,2,44,logistic_regression,163,546,0,0.0008863177376967067,0,0.5
3,2,44,logistic_regression,165,515,0,0.5530282256408664,1,0.5
3,2,44,logistic_regression,168,108,0,0.5869975572837615,1,0.5
3,2,44,logistic_regression,177,472,0,0.001660517398221274,0,0.5
3,2,44,logistic_regression,185,404,0,0.8238632847049626,1,0.5
3,2,44,logistic_regression,186,501,0,0.5771546341291557,1,0.5
3,2,44,logistic_regression,189,513,0,0.36322483280963686,0,0.5
3,2,44,logistic_regression,193,397,0,0.4237467327727764,0,0.5
3,2,44,logistic_regression,206,437,0,0.3917467241657044,0,0.5
3,2,44,logistic_regression,222,278,0,0.3802054200737822,0,0.5
3,2,44,logistic_regression,223,351,1,0.8561799241416087,1,0.5
3,2,44,logistic_regression,228,466,0,0.5549355509479196,1,0.5
3,2,44,logistic_regression,235,347,0,0.002398370251549627,0,0.5
3,2,44,logistic_regression,241,402,0,0.001110568683174414,0,0.5
3,2,44,logistic_regression,250,344,0,0.5731538034605658,1,0.5
3,2,44,logistic_regression,259,295,0,0.5569872700597654,1,0.5
3,2,44,logistic_regression,268,359,0,0.0014374887754666542,0,0.5
3,2,44,logistic_regression,269,330,0,0.0011974256902594134,0,0.5
3,2,44,logistic_regression,270,355,0,0.5512399980505575,1,0.5
3,2,44,logistic_regression,274,168,0,0.41364554604656645,0,0.5
3,2,44,logistic_regression,277,303,0,0.4061811449227621,0,0.5
3,2,44,logistic_regression,278,238,0,0.0011930455068699076,0,0.5
3,2,44,logistic_regression,283,240,0,0.38876309804732495,0,0.5
3,2,44,logistic_regression,291,288,0,0.4273203443413065,0,0.5
3,2,44,logistic_regression,297,301,0,0.5270008852009133,1,0.5
3,2,44,logistic_regression,302,201,0,0.375540877722532,0,0.5
3,2,44,logistic_regression,303,436,0,0.3533325050453725,0,0.5
3,2,44,logistic_regression,308,368,0,0.5260397568888799,1,0.5
3,2,44,logistic_regression,310,370,0,0.3954508440806812,0,0.5
3,2,44,logistic_regression,312,189,0,0.47813220899496006,0,0.5
3,2,44,logistic_regression,314,170,0,0.39997500665840563,0,0.5
3,2,44,logistic_regression,330,274,0,0.5641288551601779,1,0.5
3,2,44,logistic_regression,337,148,0,0.3903133284373143,0,0.5
3,2,44,logistic_regression,339,228,0,0.3705094291634517,0,0.5
3,2,44,logistic_regression,351,811,0,0.38510344259805496,0,0.5
3,2,44,logistic_regression,360,147,0,0.41305207028528806,0,0.5
3,2,44,logistic_regression,362,143,0,0.3581663461406748,0,0.5
3,2,44,logistic_regression,369,312,0,0.4088101166009674,0,0.5
3,2,44,logistic_regression,371,249,0,0.45191377402508054,0,0.5
3,2,44,logistic_regression,373,172,1,0.24209420315891822,0,0.5
3,2,44,logistic_regression,374,86,0,0.3909091687344163,0,0.5
3,2,44,logistic_regression,375,224,0,0.3781536434474137,0,0.5
3,2,44,logistic_regression,391,100,0,0.0004925304920296484,0,0.5
3,2,44,logistic_regression,393,115,0,0.0010116038530358043,0,0.5
3,2,44,logistic_regression,396,210,0,0.5521251054875057,1,0.5
3,2,44,logistic_regression,402,60,0,0.0016297046788783633,0,0.5
3,2,44,logistic_regression,409,70,0,0.4280002025994659,0,0.5
3,2,44,logistic_regression,410,158,0,0.0010154486083996642,0,0.5
3,2,44,logistic_regression,427,26,0,0.409966412152247,0,0.5
3,2,44,logistic_regression,431,10,0,0.001546637339135392,0,0.5
3,2,44,logistic_regression,434,107,0,0.42918016993783015,0,0.5
3,2,44,logistic_regression,440,46,0,0.0015249100269261592,0,0.5
3,2,44,logistic_regression,451,41,0,0.030370173237842687,0,0.5
3,2,44,logistic_regression,472,151,0,0.0014105953283726853,0,0.5
3,2,44,logistic_regression,476,165,0,0.39530115309533503,0,0.5
3,2,44,logistic_regression,483,610,0,0.5504629618602999,1,0.5
3,2,44,logistic_regression,484,369,0,0.4571036712184881,0,0.5
3,2,44,logistic_regression,485,735,0,0.676883584474254,1,0.5
3,2,44,logistic_regression,489,71,0,0.40130326821586426,0,0.5
3,2,44,logistic_regression,491,384,0,0.42001173986007806,0,0.5
3,2,44,logistic_regression,493,38,0,0.3821239466717843,0,0.5
3,2,44,logistic_regression,502,53,0,0.4202184261001825,0,0.5
3,2,44,logistic_regression,505,624,0,0.33321398340487884,0,0.5
3,2,44,logistic_regression,514,93,0,0.3736765420283483,0,0.5
3,2,44,logistic_regression,517,361,0,0.3811354256296462,0,0.5
3,2,44,logistic_regression,520,474,0,0.3418753970726018,0,0.5
3,2,44,logistic_regression,522,40,0,0.4140216800741526,0,0.5
3,2,44,logistic_regression,530,639,0,0.0013951836046124544,0,0.5
3,2,44,logistic_regression,531,105,0,0.0076629179690459945,0,0.5
3,2,44,logistic_regression,534,435,0,0.4047607774096869,0,0.5
3,2,44,logistic_regression,537,255,0,0.4207838648149334,0,0.5
3,2,44,logistic_regression,540,208,0,0.40117552615777397,0,0.5
3,2,44,logistic_regression,544,335,0,0.3859638192918177,0,0.5
3,2,44,logistic_regression,568,244,0,0.3287467694325741,0,0.5
3,2,44,logistic_regression,574,133,0,0.03481567523077486,0,0.5
3,2,44,logistic_regression,576,506,0,0.36911161852432267,0,0.5
3,2,44,logistic_regression,577,504,0,0.5010961482733859,1,0.5
3,2,44,logistic_regression,578,670,0,0.5126094693376154,1,0.5
3,2,44,logistic_regression,579,440,0,0.0014821412153060711,0,0.5
3,2,44,logistic_regression,581,183,0,0.41959190133860025,0,0.5
3,2,44,logistic_regression,590,341,1,0.6067678371391378,1,0.5
3,2,44,logistic_regression,593,157,0,0.2733628766077916,0,0.5
3,2,44,logistic_regression,600,118,0,0.43380915289648775,0,0.5
3,2,44,logistic_regression,602,622,0,0.3765157383999791,0,0.5
3,2,44,logistic_regression,612,741,0,0.4520608605986903,0,0.5
3,2,44,logistic_regression,614,52,0,0.39000541072593387,0,0.5
3,2,44,logistic_regression,616,761,0,0.3922243607131351,0,0.5
3,2,44,logistic_regression,620,471,0,0.9481587567142782,1,0.5
3,2,44,logistic_regression,624,613,0,0.7084529525869745,1,0.5
3,2,44,logistic_regression,628,216,1,0.5359411731666112,1,0.5
3,2,44,logistic_regression,643,830,0,0.8461011296971634,1,0.5
3,2,44,logistic_regression,653,609,0,0.34458349728350435,0,0.5
3,2,44,logistic_regression,655,821,0,0.2865642858748811,0,0.5
3,2,44,logistic_regression,656,793,0,0.4910641733776664,0,0.5
3,2,44,logistic_regression,661,704,1,0.3406391324923408,0,0.5
3,2,44,logistic_regression,686,128,0,0.39991009554863666,0,0.5
3,2,44,logistic_regression,688,31,0,0.4152411347150999,0,0.5
3,2,44,logistic_regression,691,731,0,0.8021875152533633,1,0.5
3,2,44,logistic_regression,697,124,0,0.0039593218935591165,0,0.5
3,2,44,logistic_regression,700,530,0,0.6179074440155151,1,0.5
3,2,44,logistic_regression,708,564,0,0.7447367872725587,1,0.5
3,2,44,logistic_regression,711,177,0,0.4192446869843764,0,0.5
3,2,44,logistic_regression,716,156,0,0.5354625992706937,1,0.5
3,2,44,logistic_regression,728,508,1,0.4379672667105336,0,0.5
3,2,44,logistic_regression,738,281,0,0.5860187107702155,1,0.5
3,2,44,logistic_regression,740,206,0,0.4844767280155653,0,0.5
3,2,44,logistic_regression,742,422,0,0.37240008638642536,0,0.5
3,2,44,logistic_regression,745,661,0,0.001400381095845463,0,0.5
3,2,44,logistic_regression,753,656,0,0.6153721008240816,1,0.5
3,2,44,logistic_regression,759,401,1,0.09407676706146681,0,0.5
3,2,44,logistic_regression,765,314,0,0.0016609826789296244,0,0.5
3,2,44,logistic_regression,768,690,0,0.6675493172701711,1,0.5
3,2,44,logistic_regression,772,141,0,0.40254055180817105,0,0.5
3,2,44,logistic_regression,774,691,0,0.6203976708343751,1,0.5
3,2,44,logistic_regression,778,668,0,0.6475961741665947,1,0.5
3,2,44,logistic_regression,780,717,0,0.742924005072873,1,0.5
3,2,44,logistic_regression,781,544,0,0.31529291258220604,0,0.5
3,2,44,logistic_regression,782,519,0,0.5894546865583706,1,0.5
3,2,44,logistic_regression,783,116,0,0.4692284553228725,0,0.5
3,2,44,logistic_regression,790,516,0,0.48084833834391155,0,0.5
3,2,44,logistic_regression,801,634,0,0.3286723144855386,0,0.5
3,2,44,logistic_regression,809,743,0,0.0018576730831199662,0,0.5
3,2,44,logistic_regression,811,694,0,0.47859940903173775,0,0.5
3,2,44,logistic_regression,815,722,0,0.5428193077525564,1,0.5
3,2,44,logistic_regression,823,117,0,0.3608779937687202,0,0.5
3,2,44,logistic_regression,828,377,0,0.3203276378855769,0,0.5
3,2,44,logistic_regression,829,635,0,0.38223358881827785,0,0.5
3,2,44,logistic_regression,830,526,0,0.3573901236623614,0,0.5
3,2,44,xgboost,2,660,0,0.45821648836135864,0,0.5
3,2,44,xgboost,4,816,0,0.5794275403022766,1,0.5
3,2,44,xgboost,5,796,0,0.30783316493034363,0,0.5
3,2,44,xgboost,6,823,1,0.3206983804702759,0,0.5
3,2,44,xgboost,7,413,0,0.2761520445346832,0,0.5
3,2,44,xgboost,9,804,0,0.4443717300891876,0,0.5
3,2,44,xgboost,14,798,0,0.37277379631996155,0,0.5
3,2,44,xgboost,20,797,0,0.7507652640342712,1,0.5
3,2,44,xgboost,22,766,1,0.5400222539901733,1,0.5
3,2,44,xgboost,28,742,0,0.2880154252052307,0,0.5
3,2,44,xgboost,32,738,0,0.49162307381629944,0,0.5
3,2,44,xgboost,37,747,0,0.4507341682910919,0,0.5
3,2,44,xgboost,38,758,0,0.34331396222114563,0,0.5
3,2,44,xgboost,44,740,1,0.6544989347457886,1,0.5
3,2,44,xgboost,47,770,0,0.4685991108417511,0,0.5
3,2,44,xgboost,49,739,0,0.5540896654129028,1,0.5
3,2,44,xgboost,54,708,0,0.6943811774253845,1,0.5
3,2,44,xgboost,60,673,0,0.5019476413726807,1,0.5
3,2,44,xgboost,75,675,0,0.28094807267189026,0,0.5
3,2,44,xgboost,84,657,0,0.3365473449230194,0,0.5
3,2,44,xgboost,86,703,0,0.6502813696861267,1,0.5
3,2,44,xgboost,95,701,1,0.5787177681922913,1,0.5
3,2,44,xgboost,109,619,0,0.40643027424812317,0,0.5
3,2,44,xgboost,114,665,0,0.4679807424545288,0,0.5
3,2,44,xgboost,116,570,0,0.17813152074813843,0,0.5
3,2,44,xgboost,120,579,0,0.44418859481811523,0,0.5
3,2,44,xgboost,121,592,0,0.4594994783401489,0,0.5
3,2,44,xgboost,122,542,0,0.4546389579772949,0,0.5
3,2,44,xgboost,123,571,0,0.7010073065757751,1,0.5
3,2,44,xgboost,129,492,0,0.3287352919578552,0,0.5
3,2,44,xgboost,137,517,0,0.30149662494659424,0,0.5
3,2,44,xgboost,144,595,0,0.28934603929519653,0,0.5
3,2,44,xgboost,145,576,0,0.49234306812286377,0,0.5
3,2,44,xgboost,146,533,0,0.41931769251823425,0,0.5
3,2,44,xgboost,147,643,0,0.36744603514671326,0,0.5
3,2,44,xgboost,148,594,0,0.11171873658895493,0,0.5
3,2,44,xgboost,150,551,0,0.5375322103500366,1,0.5
3,2,44,xgboost,155,448,0,0.3948427140712738,0,0.5
3,2,44,xgboost,163,546,0,0.1753697544336319,0,0.5
3,2,44,xgboost,165,515,0,0.4107702970504761,0,0.5
3,2,44,xgboost,168,108,0,0.4456651508808136,0,0.5
3,2,44,xgboost,177,472,0,0.15359285473823547,0,0.5
3,2,44,xgboost,185,404,0,0.47630372643470764,0,0.5
3,2,44,xgboost,186,501,0,0.4222894608974457,0,0.5
3,2,44,xgboost,189,513,0,0.4991353154182434,0,0.5
3,2,44,xgboost,193,397,0,0.42540794610977173,0,0.5
3,2,44,xgboost,206,437,0,0.46390199661254883,0,0.5
3,2,44,xgboost,222,278,0,0.4330423176288605,0,0.5
3,2,44,xgboost,223,351,1,0.5892959833145142,1,0.5
3,2,44,xgboost,228,466,0,0.42566660046577454,0,0.5
3,2,44,xgboost,235,347,0,0.1676216870546341,0,0.5
3,2,44,xgboost,241,402,0,0.11614163219928741,0,0.5
3,2,44,xgboost,250,344,0,0.3201357126235962,0,0.5
3,2,44,xgboost,259,295,0,0.39015719294548035,0,0.5
3,2,44,xgboost,268,359,0,0.14730840921401978,0,0.5
3,2,44,xgboost,269,330,0,0.14730840921401978,0,0.5
3,2,44,xgboost,270,355,0,0.39015719294548035,0,0.5
3,2,44,xgboost,274,168,0,0.5427147746086121,1,0.5
3,2,44,xgboost,277,303,0,0.433126300573349,0,0.5
3,2,44,xgboost,278,238,0,0.16109764575958252,0,0.5
3,2,44,xgboost,283,240,0,0.5165807604789734,1,0.5
3,2,44,xgboost,291,288,0,0.4806179702281952,0,0.5
3,2,44,xgboost,297,301,0,0.4131697714328766,0,0.5
3,2,44,xgboost,302,201,0,0.4896427094936371,0,0.5
3,2,44,xgboost,303,436,0,0.4109795391559601,0,0.5
3,2,44,xgboost,308,368,0,0.42540794610977173,0,0.5
3,2,44,xgboost,310,370,0,0.42076247930526733,0,0.5
3,2,44,xgboost,312,189,0,0.4637228846549988,0,0.5
3,2,44,xgboost,314,170,0,0.4641510844230652,0,0.5
3,2,44,xgboost,330,274,0,0.5235424637794495,1,0.5
3,2,44,xgboost,337,148,0,0.5124830603599548,1,0.5
3,2,44,xgboost,339,228,0,0.4979410767555237,0,0.5
3,2,44,xgboost,351,811,0,0.5336544513702393,1,0.5
3,2,44,xgboost,360,147,0,0.5048374533653259,1,0.5
3,2,44,xgboost,362,143,0,0.48180562257766724,0,0.5
3,2,44,xgboost,369,312,0,0.473089337348938,0,0.5
3,2,44,xgboost,371,249,0,0.5397605299949646,1,0.5
3,2,44,xgboost,373,172,1,0.43556657433509827,0,0.5
3,2,44,xgboost,374,86,0,0.40419697761535645,0,0.5
3,2,44,xgboost,375,224,0,0.48802340030670166,0,0.5
3,2,44,xgboost,391,100,0,0.12280794978141785,0,0.5
3,2,44,xgboost,393,115,0,0.138715922832489,0,0.5
3,2,44,xgboost,396,210,0,0.4966001808643341,0,0.5
3,2,44,xgboost,402,60,0,0.10176856815814972,0,0.5
3,2,44,xgboost,409,70,0,0.4264892339706421,0,0.5
3,2,44,xgboost,410,158,0,0.18905110657215118,0,0.5
3,2,44,xgboost,427,26,0,0.3111362159252167,0,0.5
3,2,44,xgboost,431,10,0,0.09702721238136292,0,0.5
3,2,44,xgboost,434,107,0,0.43973562121391296,0,0.5
3,2,44,xgboost,440,46,0,0.09702721238136292,0,0.5
3,2,44,xgboost,451,41,0,0.28756481409072876,0,0.5
3,2,44,xgboost,472,151,0,0.16413989663124084,0,0.5
3,2,44,xgboost,476,165,0,0.5410872101783752,1,0.5
3,2,44,xgboost,483,610,0,0.30931171774864197,0,0.5
3,2,44,xgboost,484,369,0,0.3536053001880646,0,0.5
3,2,44,xgboost,485,735,0,0.2933674156665802,0,0.5
3,2,44,xgboost,489,71,0,0.40989869832992554,0,0.5
3,2,44,xgboost,491,384,0,0.3145608603954315,0,0.5
3,2,44,xgboost,493,38,0,0.31236758828163147,0,0.5
3,2,44,xgboost,502,53,0,0.3318566381931305,0,0.5
3,2,44,xgboost,505,624,0,0.518729567527771,1,0.5
3,2,44,xgboost,514,93,0,0.4112876355648041,0,0.5
3,2,44,xgboost,517,361,0,0.4820508360862732,0,0.5
3,2,44,xgboost,520,474,0,0.40043312311172485,0,0.5
3,2,44,xgboost,522,40,0,0.3318566381931305,0,0.5
3,2,44,xgboost,530,639,0,0.19065749645233154,0,0.5
3,2,44,xgboost,531,105,0,0.12981507182121277,0,0.5
3,2,44,xgboost,534,435,0,0.4975009262561798,0,0.5
3,2,44,xgboost,537,255,0,0.36117491126060486,0,0.5
3,2,44,xgboost,540,208,0,0.5316061973571777,1,0.5
3,2,44,xgboost,544,335,0,0.427308589220047,0,0.5
3,2,44,xgboost,568,244,0,0.46662384271621704,0,0.5
3,2,44,xgboost,574,133,0,0.5906348824501038,1,0.5
3,2,44,xgboost,576,506,0,0.29654499888420105,0,0.5
3,2,44,xgboost,577,504,0,0.47451138496398926,0,0.5
3,2,44,xgboost,578,670,0,0.4871165156364441,0,0.5
3,2,44,xgboost,579,440,0,0.14373445510864258,0,0.5
3,2,44,xgboost,581,183,0,0.49190017580986023,0,0.5
3,2,44,xgboost,590,341,1,0.34650149941444397,0,0.5
3,2,44,xgboost,593,157,0,0.5306512117385864,1,0.5
3,2,44,xgboost,600,118,0,0.45498472452163696,0,0.5
3,2,44,xgboost,602,622,0,0.5642542243003845,1,0.5
3,2,44,xgboost,612,741,0,0.28637877106666565,0,0.5
3,2,44,xgboost,614,52,0,0.30489295721054077,0,0.5
3,2,44,xgboost,616,761,0,0.4626384377479553,0,0.5
3,2,44,xgboost,620,471,0,0.5454111099243164,1,0.5
3,2,44,xgboost,624,613,0,0.6660635471343994,1,0.5
3,2,44,xgboost,628,216,1,0.5281562209129333,1,0.5
3,2,44,xgboost,643,830,0,0.3032030463218689,0,0.5
3,2,44,xgboost,653,609,0,0.4757877290248871,0,0.5
3,2,44,xgboost,655,821,0,0.4919597804546356,0,0.5
3,2,44,xgboost,656,793,0,0.2552204430103302,0,0.5
3,2,44,xgboost,661,704,1,0.4741387665271759,0,0.5
3,2,44,xgboost,686,128,0,0.5014253854751587,1,0.5
3,2,44,xgboost,688,31,0,0.3111362159252167,0,0.5
3,2,44,xgboost,691,731,0,0.6962926983833313,1,0.5
3,2,44,xgboost,697,124,0,0.43778425455093384,0,0.5
3,2,44,xgboost,700,530,0,0.7010073065757751,1,0.5
3,2,44,xgboost,708,564,0,0.5188965797424316,1,0.5
3,2,44,xgboost,711,177,0,0.5183935165405273,1,0.5
3,2,44,xgboost,716,156,0,0.5423076152801514,1,0.5
3,2,44,xgboost,728,508,1,0.5441964268684387,1,0.5
3,2,44,xgboost,738,281,0,0.4315488934516907,0,0.5
3,2,44,xgboost,740,206,0,0.45634427666664124,0,0.5
3,2,44,xgboost,742,422,0,0.42153769731521606,0,0.5
3,2,44,xgboost,745,661,0,0.17599791288375854,0,0.5
3,2,44,xgboost,753,656,0,0.6580061912536621,1,0.5
3,2,44,xgboost,759,401,1,0.40875446796417236,0,0.5
3,2,44,xgboost,765,314,0,0.11311309039592743,0,0.5
3,2,44,xgboost,768,690,0,0.6689698696136475,1,0.5
3,2,44,xgboost,772,141,0,0.4915062487125397,0,0.5
3,2,44,xgboost,774,691,0,0.4837844669818878,0,0.5
3,2,44,xgboost,778,668,0,0.2933674156665802,0,0.5
3,2,44,xgboost,780,717,0,0.4431849420070648,0,0.5
3,2,44,xgboost,781,544,0,0.47640323638916016,0,0.5
3,2,44,xgboost,782,519,0,0.44554853439331055,0,0.5
3,2,44,xgboost,783,116,0,0.49810704588890076,0,0.5
3,2,44,xgboost,790,516,0,0.3460547626018524,0,0.5
3,2,44,xgboost,801,634,0,0.29654499888420105,0,0.5
3,2,44,xgboost,809,743,0,0.45964160561561584,0,0.5
3,2,44,xgboost,811,694,0,0.5019476413726807,1,0.5
3,2,44,xgboost,815,722,0,0.45015057921409607,0,0.5
3,2,44,xgboost,823,117,0,0.4670783579349518,0,0.5
3,2,44,xgboost,828,377,0,0.42871367931365967,0,0.5
3,2,44,xgboost,829,635,0,0.3473546504974365,0,0.5
3,2,44,xgboost,830,526,0,0.39201968908309937,0,0.5
3,3,44,dummy_prior,15,776,0,0.06466165413533835,0,0.5
3,3,44,dummy_prior,23,767,1,0.06466165413533835,0,0.5
3,3,44,dummy_prior,27,759,0,0.06466165413533835,0,0.5
3,3,44,dummy_prior,31,771,0,0.06466165413533835,0,0.5
3,3,44,dummy_prior,33,734,0,0.06466165413533835,0,0.5
3,3,44,dummy_prior,39,719,0,0.06466165413533835,0,0.5
3,3,44,dummy_prior,40,746,0,0.06466165413533835,0,0.5
3,3,44,dummy_prior,41,732,1,0.06466165413533835,0,0.5
3,3,44,dummy_prior,43,723,0,0.06466165413533835,0,0.5
3,3,44,dummy_prior,53,695,0,0.06466165413533835,0,0.5
3,3,44,dummy_prior,57,647,0,0.06466165413533835,0,0.5
3,3,44,dummy_prior,59,692,0,0.06466165413533835,0,0.5
3,3,44,dummy_prior,64,750,1,0.06466165413533835,0,0.5
3,3,44,dummy_prior,70,677,0,0.06466165413533835,0,0.5
3,3,44,dummy_prior,72,685,0,0.06466165413533835,0,0.5
3,3,44,dummy_prior,78,684,0,0.06466165413533835,0,0.5
3,3,44,dummy_prior,79,630,0,0.06466165413533835,0,0.5
3,3,44,dummy_prior,81,615,0,0.06466165413533835,0,0.5
3,3,44,dummy_prior,87,618,0,0.06466165413533835,0,0.5
3,3,44,dummy_prior,89,707,0,0.06466165413533835,0,0.5
3,3,44,dummy_prior,103,633,0,0.06466165413533835,0,0.5
3,3,44,dummy_prior,105,577,0,0.06466165413533835,0,0.5
3,3,44,dummy_prior,106,653,0,0.06466165413533835,0,0.5
3,3,44,dummy_prior,111,573,0,0.06466165413533835,0,0.5
3,3,44,dummy_prior,112,328,0,0.06466165413533835,0,0.5
3,3,44,dummy_prior,119,627,0,0.06466165413533835,0,0.5
3,3,44,dummy_prior,131,565,0,0.06466165413533835,0,0.5
3,3,44,dummy_prior,132,651,0,0.06466165413533835,0,0.5
3,3,44,dummy_prior,143,558,0,0.06466165413533835,0,0.5
3,3,44,dummy_prior,152,423,0,0.06466165413533835,0,0.5
3,3,44,dummy_prior,153,457,0,0.06466165413533835,0,0.5
3,3,44,dummy_prior,159,484,0,0.06466165413533835,0,0.5
3,3,44,dummy_prior,172,529,0,0.06466165413533835,0,0.5
3,3,44,dummy_prior,176,468,0,0.06466165413533835,0,0.5
3,3,44,dummy_prior,179,414,0,0.06466165413533835,0,0.5
3,3,44,dummy_prior,180,462,0,0.06466165413533835,0,0.5
3,3,44,dummy_prior,181,392,0,0.06466165413533835,0,0.5
3,3,44,dummy_prior,187,475,0,0.06466165413533835,0,0.5
3,3,44,dummy_prior,197,447,0,0.06466165413533835,0,0.5
3,3,44,dummy_prior,198,460,0,0.06466165413533835,0,0.5
3,3,44,dummy_prior,199,443,0,0.06466165413533835,0,0.5
3,3,44,dummy_prior,201,454,0,0.06466165413533835,0,0.5
3,3,44,dummy_prior,205,496,0,0.06466165413533835,0,0.5
3,3,44,dummy_prior,211,431,0,0.06466165413533835,0,0.5
3,3,44,dummy_prior,220,407,0,0.06466165413533835,0,0.5
3,3,44,dummy_prior,221,552,0,0.06466165413533835,0,0.5
3,3,44,dummy_prior,227,585,0,0.06466165413533835,0,0.5
3,3,44,dummy_prior,233,378,0,0.06466165413533835,0,0.5
3,3,44,dummy_prior,234,343,0,0.06466165413533835,0,0.5
3,3,44,dummy_prior,236,536,0,0.06466165413533835,0,0.5
3,3,44,dummy_prior,237,497,0,0.06466165413533835,0,0.5
3,3,44,dummy_prior,248,379,0,0.06466165413533835,0,0.5
3,3,44,dummy_prior,251,279,0,0.06466165413533835,0,0.5
3,3,44,dummy_prior,255,245,0,0.06466165413533835,0,0.5
3,3,44,dummy_prior,272,237,0,0.06466165413533835,0,0.5
3,3,44,dummy_prior,281,252,0,0.06466165413533835,0,0.5
3,3,44,dummy_prior,304,287,0,0.06466165413533835,0,0.5
3,3,44,dummy_prior,305,382,0,0.06466165413533835,0,0.5
3,3,44,dummy_prior,315,308,0,0.06466165413533835,0,0.5
3,3,44,dummy_prior,316,293,0,0.06466165413533835,0,0.5
3,3,44,dummy_prior,325,197,0,0.06466165413533835,0,0.5
3,3,44,dummy_prior,328,446,0,0.06466165413533835,0,0.5
3,3,44,dummy_prior,332,525,1,0.06466165413533835,0,0.5
3,3,44,dummy_prior,334,818,0,0.06466165413533835,0,0.5
3,3,44,dummy_prior,335,200,0,0.06466165413533835,0,0.5
3,3,44,dummy_prior,341,79,0,0.06466165413533835,0,0.5
3,3,44,dummy_prior,347,167,0,0.06466165413533835,0,0.5
3,3,44,dummy_prior,350,223,0,0.06466165413533835,0,0.5
3,3,44,dummy_prior,353,258,0,0.06466165413533835,0,0.5
3,3,44,dummy_prior,354,212,0,0.06466165413533835,0,0.5
3,3,44,dummy_prior,356,339,0,0.06466165413533835,0,0.5
3,3,44,dummy_prior,361,178,0,0.06466165413533835,0,0.5
3,3,44,dummy_prior,365,82,0,0.06466165413533835,0,0.5
3,3,44,dummy_prior,368,242,0,0.06466165413533835,0,0.5
3,3,44,dummy_prior,379,134,1,0.06466165413533835,0,0.5
3,3,44,dummy_prior,385,49,0,0.06466165413533835,0,0.5
3,3,44,dummy_prior,386,179,0,0.06466165413533835,0,0.5
3,3,44,dummy_prior,394,209,0,0.06466165413533835,0,0.5
3,3,44,dummy_prior,395,55,0,0.06466165413533835,0,0.5
3,3,44,dummy_prior,397,102,0,0.06466165413533835,0,0.5
3,3,44,dummy_prior,405,87,0,0.06466165413533835,0,0.5
3,3,44,dummy_prior,412,97,0,0.06466165413533835,0,0.5
3,3,44,dummy_prior,415,51,0,0.06466165413533835,0,0.5
3,3,44,dummy_prior,419,161,0,0.06466165413533835,0,0.5
3,3,44,dummy_prior,423,600,0,0.06466165413533835,0,0.5
3,3,44,dummy_prior,430,9,0,0.06466165413533835,0,0.5
3,3,44,dummy_prior,432,80,0,0.06466165413533835,0,0.5
3,3,44,dummy_prior,439,32,0,0.06466165413533835,0,0.5
3,3,44,dummy_prior,442,24,0,0.06466165413533835,0,0.5
3,3,44,dummy_prior,445,5,0,0.06466165413533835,0,0.5
3,3,44,dummy_prior,453,16,0,0.06466165413533835,0,0.5
3,3,44,dummy_prior,454,764,0,0.06466165413533835,0,0.5
3,3,44,dummy_prior,455,94,0,0.06466165413533835,0,0.5
3,3,44,dummy_prior,456,682,1,0.06466165413533835,0,0.5
3,3,44,dummy_prior,460,753,0,0.06466165413533835,0,0.5
3,3,44,dummy_prior,461,751,0,0.06466165413533835,0,0.5
3,3,44,dummy_prior,463,482,0,0.06466165413533835,0,0.5
3,3,44,dummy_prior,466,757,0,0.06466165413533835,0,0.5
3,3,44,dummy_prior,469,286,0,0.06466165413533835,0,0.5
3,3,44,dummy_prior,474,122,0,0.06466165413533835,0,0.5
3,3,44,dummy_prior,477,405,0,0.06466165413533835,0,0.5
3,3,44,dummy_prior,480,663,0,0.06466165413533835,0,0.5
3,3,44,dummy_prior,497,603,0,0.06466165413533835,0,0.5
3,3,44,dummy_prior,519,188,0,0.06466165413533835,0,0.5
3,3,44,dummy_prior,521,146,0,0.06466165413533835,0,0.5
3,3,44,dummy_prior,529,191,0,0.06466165413533835,0,0.5
3,3,44,dummy_prior,535,772,0,0.06466165413533835,0,0.5
3,3,44,dummy_prior,538,162,0,0.06466165413533835,0,0.5
3,3,44,dummy_prior,541,282,0,0.06466165413533835,0,0.5
3,3,44,dummy_prior,543,426,0,0.06466165413533835,0,0.5
3,3,44,dummy_prior,546,383,0,0.06466165413533835,0,0.5
3,3,44,dummy_prior,548,802,0,0.06466165413533835,0,0.5
3,3,44,dummy_prior,553,309,0,0.06466165413533835,0,0.5
3,3,44,dummy_prior,554,464,0,0.06466165413533835,0,0.5
3,3,44,dummy_prior,555,196,0,0.06466165413533835,0,0.5
3,3,44,dummy_prior,556,126,1,0.06466165413533835,0,0.5
3,3,44,dummy_prior,557,730,0,0.06466165413533835,0,0.5
3,3,44,dummy_prior,558,59,0,0.06466165413533835,0,0.5
3,3,44,dummy_prior,580,318,0,0.06466165413533835,0,0.5
3,3,44,dummy_prior,582,539,0,0.06466165413533835,0,0.5
3,3,44,dummy_prior,589,299,0,0.06466165413533835,0,0.5
3,3,44,dummy_prior,596,363,0,0.06466165413533835,0,0.5
3,3,44,dummy_prior,603,280,0,0.06466165413533835,0,0.5
3,3,44,dummy_prior,606,424,0,0.06466165413533835,0,0.5
3,3,44,dummy_prior,610,478,0,0.06466165413533835,0,0.5
3,3,44,dummy_prior,619,285,0,0.06466165413533835,0,0.5
3,3,44,dummy_prior,623,95,0,0.06466165413533835,0,0.5
3,3,44,dummy_prior,627,826,0,0.06466165413533835,0,0.5
3,3,44,dummy_prior,629,810,0,0.06466165413533835,0,0.5
3,3,44,dummy_prior,632,260,0,0.06466165413533835,0,0.5
3,3,44,dummy_prior,634,467,0,0.06466165413533835,0,0.5
3,3,44,dummy_prior,638,310,0,0.06466165413533835,0,0.5
3,3,44,dummy_prior,647,0,0,0.06466165413533835,0,0.5
3,3,44,dummy_prior,649,795,0,0.06466165413533835,0,0.5
3,3,44,dummy_prior,663,510,1,0.06466165413533835,0,0.5
3,3,44,dummy_prior,664,340,0,0.06466165413533835,0,0.5
3,3,44,dummy_prior,667,74,0,0.06466165413533835,0,0.5
3,3,44,dummy_prior,670,538,0,0.06466165413533835,0,0.5
3,3,44,dummy_prior,671,138,0,0.06466165413533835,0,0.5
3,3,44,dummy_prior,676,524,0,0.06466165413533835,0,0.5
3,3,44,dummy_prior,679,781,0,0.06466165413533835,0,0.5
3,3,44,dummy_prior,695,655,0,0.06466165413533835,0,0.5
3,3,44,dummy_prior,702,623,0,0.06466165413533835,0,0.5
3,3,44,dummy_prior,705,291,0,0.06466165413533835,0,0.5
3,3,44,dummy_prior,713,495,1,0.06466165413533835,0,0.5
3,3,44,dummy_prior,717,540,0,0.06466165413533835,0,0.5
3,3,44,dummy_prior,722,393,0,0.06466165413533835,0,0.5
3,3,44,dummy_prior,726,676,0,0.06466165413533835,0,0.5
3,3,44,dummy_prior,727,166,1,0.06466165413533835,0,0.5
3,3,44,dummy_prior,732,578,0,0.06466165413533835,0,0.5
3,3,44,dummy_prior,733,101,0,0.06466165413533835,0,0.5
3,3,44,dummy_prior,734,44,0,0.06466165413533835,0,0.5
3,3,44,dummy_prior,735,607,0,0.06466165413533835,0,0.5
3,3,44,dummy_prior,744,357,0,0.06466165413533835,0,0.5
3,3,44,dummy_prior,748,801,0,0.06466165413533835,0,0.5
3,3,44,dummy_prior,750,45,0,0.06466165413533835,0,0.5
3,3,44,dummy_prior,756,528,0,0.06466165413533835,0,0.5
3,3,44,dummy_prior,763,350,0,0.06466165413533835,0,0.5
3,3,44,dummy_prior,771,396,0,0.06466165413533835,0,0.5
3,3,44,dummy_prior,775,14,0,0.06466165413533835,0,0.5
3,3,44,dummy_prior,776,106,0,0.06466165413533835,0,0.5
3,3,44,dummy_prior,779,62,0,0.06466165413533835,0,0.5
3,3,44,dummy_prior,807,569,0,0.06466165413533835,0,0.5
3,3,44,dummy_prior,814,297,0,0.06466165413533835,0,0.5
3,3,44,dummy_prior,819,680,0,0.06466165413533835,0,0.5
3,3,44,dummy_prior,825,800,0,0.06466165413533835,0,0.5
3,3,44,logistic_regression,15,776,0,0.5590685587466295,1,0.5
3,3,44,logistic_regression,23,767,1,0.5614710043089753,1,0.5
3,3,44,logistic_regression,27,759,0,0.44042462075729205,0,0.5
3,3,44,logistic_regression,31,771,0,0.7277167766836794,1,0.5
3,3,44,logistic_regression,33,734,0,0.5743789040805891,1,0.5
3,3,44,logistic_regression,39,719,0,0.4601634598246206,0,0.5
3,3,44,logistic_regression,40,746,0,0.37016801353874634,0,0.5
3,3,44,logistic_regression,41,732,1,0.8528803085986156,1,0.5
3,3,44,logistic_regression,43,723,0,0.43038808213160695,0,0.5
3,3,44,logistic_regression,53,695,0,0.5594660956875975,1,0.5
3,3,44,logistic_regression,57,647,0,0.5223410506723368,1,0.5
3,3,44,logistic_regression,59,692,0,0.8357992866542607,1,0.5
3,3,44,logistic_regression,64,750,1,0.5755261628218209,1,0.5
3,3,44,logistic_regression,70,677,0,0.06943904672793126,0,0.5
3,3,44,logistic_regression,72,685,0,0.45261198071150754,0,0.5
3,3,44,logistic_regression,78,684,0,0.44644307009493694,0,0.5
3,3,44,logistic_regression,79,630,0,0.44842954304568206,0,0.5
3,3,44,logistic_regression,81,615,0,0.5735842673151688,1,0.5
3,3,44,logistic_regression,87,618,0,0.4457414686571642,0,0.5
3,3,44,logistic_regression,89,707,0,0.19196095522586648,0,0.5
3,3,44,logistic_regression,103,633,0,0.5179968106940992,1,0.5
3,3,44,logistic_regression,105,577,0,0.5304092536987647,1,0.5
3,3,44,logistic_regression,106,653,0,0.4854351689985296,0,0.5
3,3,44,logistic_regression,111,573,0,0.7559143013851015,1,0.5
3,3,44,logistic_regression,112,328,0,0.44081844409990156,0,0.5
3,3,44,logistic_regression,119,627,0,0.43355675029785995,0,0.5
3,3,44,logistic_regression,131,565,0,0.4337325410238503,0,0.5
3,3,44,logistic_regression,132,651,0,0.5346701585241564,1,0.5
3,3,44,logistic_regression,143,558,0,0.4305368420864927,0,0.5
3,3,44,logistic_regression,152,423,0,0.5638875994808713,1,0.5
3,3,44,logistic_regression,153,457,0,0.4779964769309199,0,0.5
3,3,44,logistic_regression,159,484,0,0.5981928354438248,1,0.5
3,3,44,logistic_regression,172,529,0,0.7737836410828965,1,0.5
3,3,44,logistic_regression,176,468,0,0.43570025271840673,0,0.5
3,3,44,logistic_regression,179,414,0,0.5816090563282078,1,0.5
3,3,44,logistic_regression,180,462,0,0.4100655769983992,0,0.5
3,3,44,logistic_regression,181,392,0,0.2646365101103809,0,0.5
3,3,44,logistic_regression,187,475,0,0.44979863922787033,0,0.5
3,3,44,logistic_regression,197,447,0,0.4144112442874158,0,0.5
3,3,44,logistic_regression,198,460,0,0.4155939264884079,0,0.5
3,3,44,logistic_regression,199,443,0,0.4117702750612365,0,0.5
3,3,44,logistic_regression,201,454,0,0.5570696440190385,1,0.5
3,3,44,logistic_regression,205,496,0,0.43717817606344406,0,0.5
3,3,44,logistic_regression,211,431,0,0.4994720574213075,0,0.5
3,3,44,logistic_regression,220,407,0,0.21512179835786432,0,0.5
3,3,44,logistic_regression,221,552,0,0.08591274286605122,0,0.5
3,3,44,logistic_regression,227,585,0,0.17857568937749171,0,0.5
3,3,44,logistic_regression,233,378,0,0.42128899512963236,0,0.5
3,3,44,logistic_regression,234,343,0,0.7993721610057242,1,0.5
3,3,44,logistic_regression,236,536,0,0.49320066138612,0,0.5
3,3,44,logistic_regression,237,497,0,0.5541954454981285,1,0.5
3,3,44,logistic_regression,248,379,0,0.42650251483616064,0,0.5
3,3,44,logistic_regression,251,279,0,0.40937817026379586,0,0.5
3,3,44,logistic_regression,255,245,0,0.4144285154338488,0,0.5
3,3,44,logistic_regression,272,237,0,0.40176604623363854,0,0.5
3,3,44,logistic_regression,281,252,0,0.16666449010069212,0,0.5
3,3,44,logistic_regression,304,287,0,0.1668219166507248,0,0.5
3,3,44,logistic_regression,305,382,0,0.4703068354795115,0,0.5
3,3,44,logistic_regression,315,308,0,0.4630762960151893,0,0.5
3,3,44,logistic_regression,316,293,0,0.1709349572361656,0,0.5
3,3,44,logistic_regression,325,197,0,0.16299722884688708,0,0.5
3,3,44,logistic_regression,328,446,0,0.5951090592643583,1,0.5
3,3,44,logistic_regression,332,525,1,0.43045101841505945,0,0.5
3,3,44,logistic_regression,334,818,0,0.7293482041132348,1,0.5
3,3,44,logistic_regression,335,200,0,0.19315342559752036,0,0.5
3,3,44,logistic_regression,341,79,0,0.39939056690187125,0,0.5
3,3,44,logistic_regression,347,167,0,0.16862396877498262,0,0.5
3,3,44,logistic_regression,350,223,0,0.16674125930920872,0,0.5
3,3,44,logistic_regression,353,258,0,0.14550700707864464,0,0.5
3,3,44,logistic_regression,354,212,0,0.42906934564970634,0,0.5
3,3,44,logistic_regression,356,339,0,0.4489596543161471,0,0.5
3,3,44,logistic_regression,361,178,0,0.615059547776592,1,0.5
3,3,44,logistic_regression,365,82,0,0.4001702041628961,0,0.5
3,3,44,logistic_regression,368,242,0,0.45127011056751476,0,0.5
3,3,44,logistic_regression,379,134,1,0.4266292139790641,0,0.5
3,3,44,logistic_regression,385,49,0,0.39833985405397737,0,0.5
3,3,44,logistic_regression,386,179,0,0.4127129978675573,0,0.5
3,3,44,logistic_regression,394,209,0,0.4285493209173894,0,0.5
3,3,44,logistic_regression,395,55,0,0.40988286121168543,0,0.5
3,3,44,logistic_regression,397,102,0,0.4124762558800776,0,0.5
3,3,44,logistic_regression,405,87,0,0.1622467690810251,0,0.5
3,3,44,logistic_regression,412,97,0,0.41190026636441857,0,0.5
3,3,44,logistic_regression,415,51,0,0.401083093294992,0,0.5
3,3,44,logistic_regression,419,161,0,0.44284312164358136,0,0.5
3,3,44,logistic_regression,423,600,0,0.5609030822134722,1,0.5
3,3,44,logistic_regression,430,9,0,0.3946877135034755,0,0.5
3,3,44,logistic_regression,432,80,0,0.41160051634351696,0,0.5
3,3,44,logistic_regression,439,32,0,0.6412472988588589,1,0.5
3,3,44,logistic_regression,442,24,0,0.39495844318650664,0,0.5
3,3,44,logistic_regression,445,5,0,0.12220301521749334,0,0.5
3,3,44,logistic_regression,453,16,0,0.39429915593220005,0,0.5
3,3,44,logistic_regression,454,764,0,0.4750118808176926,0,0.5
3,3,44,logistic_regression,455,94,0,0.4169039779115599,0,0.5
3,3,44,logistic_regression,456,682,1,0.4487707537892772,0,0.5
3,3,44,logistic_regression,460,753,0,0.18165677190214902,0,0.5
3,3,44,logistic_regression,461,751,0,0.4281422415233237,0,0.5
3,3,44,logistic_regression,463,482,0,0.43686096717519224,0,0.5
3,3,44,logistic_regression,466,757,0,0.6458024337734171,1,0.5
3,3,44,logistic_regression,469,286,0,0.41727194575895055,0,0.5
3,3,44,logistic_regression,474,122,0,0.4191562403252209,0,0.5
3,3,44,logistic_regression,477,405,0,0.1341308463149642,0,0.5
3,3,44,logistic_regression,480,663,0,0.772190299133272,1,0.5
3,3,44,logistic_regression,497,603,0,0.44846796086741336,0,0.5
3,3,44,logistic_regression,519,188,0,0.3999332636039577,0,0.5
3,3,44,logistic_regression,521,146,0,0.16306458213780914,0,0.5
3,3,44,logistic_regression,529,191,0,0.4576575570835688,0,0.5
3,3,44,logistic_regression,535,772,0,0.7223205592555104,1,0.5
3,3,44,logistic_regression,538,162,0,0.40698728064499684,0,0.5
3,3,44,logistic_regression,541,282,0,0.434602850657903,0,0.5
3,3,44,logistic_regression,543,426,0,0.3175584904484722,0,0.5
3,3,44,logistic_regression,546,383,0,0.5100512261486445,1,0.5
3,3,44,logistic_regression,548,802,0,0.43297990893111704,0,0.5
3,3,44,logistic_regression,553,309,0,0.4380188034293339,0,0.5
3,3,44,logistic_regression,554,464,0,0.17065593117929603,0,0.5
3,3,44,logistic_regression,555,196,0,0.397985007763486,0,0.5
3,3,44,logistic_regression,556,126,1,0.4199474835428666,0,0.5
3,3,44,logistic_regression,557,730,0,0.5993933940215491,1,0.5
3,3,44,logistic_regression,558,59,0,0.42916796357836423,0,0.5
3,3,44,logistic_regression,580,318,0,0.41016296498817406,0,0.5
3,3,44,logistic_regression,582,539,0,0.45064478714624884,0,0.5
3,3,44,logistic_regression,589,299,0,0.39344173730354537,0,0.5
3,3,44,logistic_regression,596,363,0,0.4781678988785073,0,0.5
3,3,44,logistic_regression,603,280,0,0.41569273096253123,0,0.5
3,3,44,logistic_regression,606,424,0,0.4659997120187186,0,0.5
3,3,44,logistic_regression,610,478,0,0.4211415357518407,0,0.5
3,3,44,logistic_regression,619,285,0,0.4691565485750015,0,0.5
3,3,44,logistic_regression,623,95,0,0.9533219621237791,1,0.5
3,3,44,logistic_regression,627,826,0,0.7423316748251377,1,0.5
3,3,44,logistic_regression,629,810,0,0.7879052557899284,1,0.5
3,3,44,logistic_regression,632,260,0,0.49067238300832566,0,0.5
3,3,44,logistic_regression,634,467,0,0.43429518645956916,0,0.5
3,3,44,logistic_regression,638,310,0,0.4176665010518119,0,0.5
3,3,44,logistic_regression,647,0,0,0.3848605223597644,0,0.5
3,3,44,logistic_regression,649,795,0,0.7265642959473079,1,0.5
3,3,44,logistic_regression,663,510,1,0.42579691780450113,0,0.5
3,3,44,logistic_regression,664,340,0,0.6252722102871201,1,0.5
3,3,44,logistic_regression,667,74,0,0.6101021499755236,1,0.5
3,3,44,logistic_regression,670,538,0,0.6251145833545831,1,0.5
3,3,44,logistic_regression,671,138,0,0.32326385022373927,0,0.5
3,3,44,logistic_regression,676,524,0,0.3135477117341909,0,0.5
3,3,44,logistic_regression,679,781,0,0.6626696614953396,1,0.5
3,3,44,logistic_regression,695,655,0,0.43383503286944003,0,0.5
3,3,44,logistic_regression,702,623,0,0.49732522117163214,0,0.5
3,3,44,logistic_regression,705,291,0,0.4062242945111605,0,0.5
3,3,44,logistic_regression,713,495,1,0.7085950396439828,1,0.5
3,3,44,logistic_regression,717,540,0,0.3209496507992638,0,0.5
3,3,44,logistic_regression,722,393,0,0.4355575545510845,0,0.5
3,3,44,logistic_regression,726,676,0,0.37997175152720725,0,0.5
3,3,44,logistic_regression,727,166,1,0.5237602669335955,1,0.5
3,3,44,logistic_regression,732,578,0,0.4124609461261636,0,0.5
3,3,44,logistic_regression,733,101,0,0.40252633529515425,0,0.5
3,3,44,logistic_regression,734,44,0,0.6861903548496976,1,0.5
3,3,44,logistic_regression,735,607,0,0.15630478951760018,0,0.5
3,3,44,logistic_regression,744,357,0,0.6635475764233584,1,0.5
3,3,44,logistic_regression,748,801,0,0.7343097899069173,1,0.5
3,3,44,logistic_regression,750,45,0,0.3975614192843034,0,0.5
3,3,44,logistic_regression,756,528,0,0.5065728937623225,1,0.5
3,3,44,logistic_regression,763,350,0,0.4273769386101046,0,0.5
3,3,44,logistic_regression,771,396,0,0.41189086494801297,0,0.5
3,3,44,logistic_regression,775,14,0,0.4056751870102764,0,0.5
3,3,44,logistic_regression,776,106,0,0.3986104239239223,0,0.5
3,3,44,logistic_regression,779,62,0,0.42207342506614837,0,0.5
3,3,44,logistic_regression,807,569,0,0.5139007564404011,1,0.5
3,3,44,logistic_regression,814,297,0,0.39645091349735007,0,0.5
3,3,44,logistic_regression,819,680,0,0.4169916419255861,0,0.5
3,3,44,logistic_regression,825,800,0,0.4887744338746973,0,0.5
3,3,44,xgboost,15,776,0,0.5769051313400269,1,0.5
3,3,44,xgboost,23,767,1,0.11775901913642883,0,0.5
3,3,44,xgboost,27,759,0,0.35572370886802673,0,0.5
3,3,44,xgboost,31,771,0,0.11363903433084488,0,0.5
3,3,44,xgboost,33,734,0,0.20867446064949036,0,0.5
3,3,44,xgboost,39,719,0,0.03919772803783417,0,0.5
3,3,44,xgboost,40,746,0,0.1471850723028183,0,0.5
3,3,44,xgboost,41,732,1,0.5265158414840698,1,0.5
3,3,44,xgboost,43,723,0,0.4501749277114868,0,0.5
3,3,44,xgboost,53,695,0,0.4248729348182678,0,0.5
3,3,44,xgboost,57,647,0,0.17552818357944489,0,0.5
3,3,44,xgboost,59,692,0,0.26800337433815,0,0.5
3,3,44,xgboost,64,750,1,0.34634914994239807,0,0.5
3,3,44,xgboost,70,677,0,0.04015175625681877,0,0.5
3,3,44,xgboost,72,685,0,0.041797660291194916,0,0.5
3,3,44,xgboost,78,684,0,0.561682403087616,1,0.5
3,3,44,xgboost,79,630,0,0.3059372901916504,0,0.5
3,3,44,xgboost,81,615,0,0.2401895672082901,0,0.5
3,3,44,xgboost,87,618,0,0.17733436822891235,0,0.5
3,3,44,xgboost,89,707,0,0.008099417202174664,0,0.5
3,3,44,xgboost,103,633,0,0.6152768135070801,1,0.5
3,3,44,xgboost,105,577,0,0.28416869044303894,0,0.5
3,3,44,xgboost,106,653,0,0.15010486543178558,0,0.5
3,3,44,xgboost,111,573,0,0.36305588483810425,0,0.5
3,3,44,xgboost,112,328,0,0.11463402211666107,0,0.5
3,3,44,xgboost,119,627,0,0.24827589094638824,0,0.5
3,3,44,xgboost,131,565,0,0.09201787412166595,0,0.5
3,3,44,xgboost,132,651,0,0.5556803941726685,1,0.5
3,3,44,xgboost,143,558,0,0.18472188711166382,0,0.5
3,3,44,xgboost,152,423,0,0.180720716714859,0,0.5
3,3,44,xgboost,153,457,0,0.10454060137271881,0,0.5
3,3,44,xgboost,159,484,0,0.17942428588867188,0,0.5
3,3,44,xgboost,172,529,0,0.4839096665382385,0,0.5
3,3,44,xgboost,176,468,0,0.08615989983081818,0,0.5
3,3,44,xgboost,179,414,0,0.050701040774583817,0,0.5
3,3,44,xgboost,180,462,0,0.23597969114780426,0,0.5
3,3,44,xgboost,181,392,0,0.5865371227264404,1,0.5
3,3,44,xgboost,187,475,0,0.4216880202293396,0,0.5
3,3,44,xgboost,197,447,0,0.1276467740535736,0,0.5
3,3,44,xgboost,198,460,0,0.4401337504386902,0,0.5
3,3,44,xgboost,199,443,0,0.4226311147212982,0,0.5
3,3,44,xgboost,201,454,0,0.16017186641693115,0,0.5
3,3,44,xgboost,205,496,0,0.05673254653811455,0,0.5
3,3,44,xgboost,211,431,0,0.08083242177963257,0,0.5
3,3,44,xgboost,220,407,0,0.35967060923576355,0,0.5
3,3,44,xgboost,221,552,0,0.11973214149475098,0,0.5
3,3,44,xgboost,227,585,0,0.04362441599369049,0,0.5
3,3,44,xgboost,233,378,0,0.32324841618537903,0,0.5
3,3,44,xgboost,234,343,0,0.1772712767124176,0,0.5
3,3,44,xgboost,236,536,0,0.05238388478755951,0,0.5
3,3,44,xgboost,237,497,0,0.11682894825935364,0,0.5
3,3,44,xgboost,248,379,0,0.4033183157444,0,0.5
3,3,44,xgboost,251,279,0,0.07679086178541183,0,0.5
3,3,44,xgboost,255,245,0,0.6263629198074341,1,0.5
3,3,44,xgboost,272,237,0,0.7195199728012085,1,0.5
3,3,44,xgboost,281,252,0,0.02887982688844204,0,0.5
3,3,44,xgboost,304,287,0,0.01868940144777298,0,0.5
3,3,44,xgboost,305,382,0,0.17307651042938232,0,0.5
3,3,44,xgboost,315,308,0,0.054224446415901184,0,0.5
3,3,44,xgboost,316,293,0,0.029733004048466682,0,0.5
3,3,44,xgboost,325,197,0,0.08774188160896301,0,0.5
3,3,44,xgboost,328,446,0,0.22691966593265533,0,0.5
3,3,44,xgboost,332,525,1,0.6201964020729065,1,0.5
3,3,44,xgboost,334,818,0,0.2700662910938263,0,0.5
3,3,44,xgboost,335,200,0,0.08651475608348846,0,0.5
3,3,44,xgboost,341,79,0,0.11070089042186737,0,0.5
3,3,44,xgboost,347,167,0,0.027605101466178894,0,0.5
3,3,44,xgboost,350,223,0,0.0450860820710659,0,0.5
3,3,44,xgboost,353,258,0,0.06674385815858841,0,0.5
3,3,44,xgboost,354,212,0,0.3958573043346405,0,0.5
3,3,44,xgboost,356,339,0,0.22060644626617432,0,0.5
3,3,44,xgboost,361,178,0,0.46052679419517517,0,0.5
3,3,44,xgboost,365,82,0,0.04958617687225342,0,0.5
3,3,44,xgboost,368,242,0,0.37197211384773254,0,0.5
3,3,44,xgboost,379,134,1,0.05800826847553253,0,0.5
3,3,44,xgboost,385,49,0,0.06733984500169754,0,0.5
3,3,44,xgboost,386,179,0,0.38606080412864685,0,0.5
3,3,44,xgboost,394,209,0,0.6685388088226318,1,0.5
3,3,44,xgboost,395,55,0,0.06815722584724426,0,0.5
3,3,44,xgboost,397,102,0,0.07013258337974548,0,0.5
3,3,44,xgboost,405,87,0,0.013876411132514477,0,0.5
3,3,44,xgboost,412,97,0,0.13470447063446045,0,0.5
3,3,44,xgboost,415,51,0,0.03156880661845207,0,0.5
3,3,44,xgboost,419,161,0,0.20294690132141113,0,0.5
3,3,44,xgboost,423,600,0,0.26470598578453064,0,0.5
3,3,44,xgboost,430,9,0,0.027941038832068443,0,0.5
3,3,44,xgboost,432,80,0,0.10523374378681183,0,0.5
3,3,44,xgboost,439,32,0,0.0387660451233387,0,0.5
3,3,44,xgboost,442,24,0,0.02619841694831848,0,0.5
3,3,44,xgboost,445,5,0,0.006717301439493895,0,0.5
3,3,44,xgboost,453,16,0,0.03285064175724983,0,0.5
3,3,44,xgboost,454,764,0,0.4020996391773224,0,0.5
3,3,44,xgboost,455,94,0,0.03673909604549408,0,0.5
3,3,44,xgboost,456,682,1,0.2906278669834137,0,0.5
3,3,44,xgboost,460,753,0,0.00928982999175787,0,0.5
3,3,44,xgboost,461,751,0,0.4145774841308594,0,0.5
3,3,44,xgboost,463,482,0,0.3091895580291748,0,0.5
3,3,44,xgboost,466,757,0,0.2571217119693756,0,0.5
3,3,44,xgboost,469,286,0,0.4488905072212219,0,0.5
3,3,44,xgboost,474,122,0,0.06286682933568954,0,0.5
3,3,44,xgboost,477,405,0,0.016527170315384865,0,0.5
3,3,44,xgboost,480,663,0,0.3440207242965698,0,0.5
3,3,44,xgboost,497,603,0,0.2382221519947052,0,0.5
3,3,44,xgboost,519,188,0,0.4512263238430023,0,0.5
3,3,44,xgboost,521,146,0,0.024209333583712578,0,0.5
3,3,44,xgboost,529,191,0,0.25043806433677673,0,0.5
3,3,44,xgboost,535,772,0,0.5692098140716553,1,0.5
3,3,44,xgboost,538,162,0,0.320372074842453,0,0.5
3,3,44,xgboost,541,282,0,0.1575252264738083,0,0.5
3,3,44,xgboost,543,426,0,0.01931988261640072,0,0.5
3,3,44,xgboost,546,383,0,0.3141978085041046,0,0.5
3,3,44,xgboost,548,802,0,0.02207058295607567,0,0.5
3,3,44,xgboost,553,309,0,0.1620464026927948,0,0.5
3,3,44,xgboost,554,464,0,0.03073645755648613,0,0.5
3,3,44,xgboost,555,196,0,0.3632791340351105,0,0.5
3,3,44,xgboost,556,126,1,0.021929919719696045,0,0.5
3,3,44,xgboost,557,730,0,0.39294636249542236,0,0.5
3,3,44,xgboost,558,59,0,0.027869559824466705,0,0.5
3,3,44,xgboost,580,318,0,0.5291537642478943,1,0.5
3,3,44,xgboost,582,539,0,0.2791907489299774,0,0.5
3,3,44,xgboost,589,299,0,0.3611999452114105,0,0.5
3,3,44,xgboost,596,363,0,0.1772417575120926,0,0.5
3,3,44,xgboost,603,280,0,0.09390044212341309,0,0.5
3,3,44,xgboost,606,424,0,0.3581277132034302,0,0.5
3,3,44,xgboost,610,478,0,0.4046182930469513,0,0.5
3,3,44,xgboost,619,285,0,0.18551494181156158,0,0.5
3,3,44,xgboost,623,95,0,0.5448555946350098,1,0.5
3,3,44,xgboost,627,826,0,0.43367430567741394,0,0.5
3,3,44,xgboost,629,810,0,0.38001444935798645,0,0.5
3,3,44,xgboost,632,260,0,0.40648484230041504,0,0.5
3,3,44,xgboost,634,467,0,0.28683993220329285,0,0.5
3,3,44,xgboost,638,310,0,0.40231794118881226,0,0.5
3,3,44,xgboost,647,0,0,0.022997358813881874,0,0.5
3,3,44,xgboost,649,795,0,0.5722855925559998,1,0.5
3,3,44,xgboost,663,510,1,0.31938961148262024,0,0.5
3,3,44,xgboost,664,340,0,0.15354907512664795,0,0.5
3,3,44,xgboost,667,74,0,0.6262274980545044,1,0.5
3,3,44,xgboost,670,538,0,0.32924753427505493,0,0.5
3,3,44,xgboost,671,138,0,0.06447381526231766,0,0.5
3,3,44,xgboost,676,524,0,0.13697141408920288,0,0.5
3,3,44,xgboost,679,781,0,0.2244349718093872,0,0.5
3,3,44,xgboost,695,655,0,0.11814890056848526,0,0.5
3,3,44,xgboost,702,623,0,0.04204621538519859,0,0.5
3,3,44,xgboost,705,291,0,0.1530221551656723,0,0.5
3,3,44,xgboost,713,495,1,0.721209704875946,1,0.5
3,3,44,xgboost,717,540,0,0.545410692691803,1,0.5
3,3,44,xgboost,722,393,0,0.1857025921344757,0,0.5
3,3,44,xgboost,726,676,0,0.08206067979335785,0,0.5
3,3,44,xgboost,727,166,1,0.09292424470186234,0,0.5
3,3,44,xgboost,732,578,0,0.3343220353126526,0,0.5
3,3,44,xgboost,733,101,0,0.07853337377309799,0,0.5
3,3,44,xgboost,734,44,0,0.17433379590511322,0,0.5
3,3,44,xgboost,735,607,0,0.006626906339079142,0,0.5
3,3,44,xgboost,744,357,0,0.06826766580343246,0,0.5
3,3,44,xgboost,748,801,0,0.18293870985507965,0,0.5
3,3,44,xgboost,750,45,0,0.0387660451233387,0,0.5
3,3,44,xgboost,756,528,0,0.13543707132339478,0,0.5
3,3,44,xgboost,763,350,0,0.42881879210472107,0,0.5
3,3,44,xgboost,771,396,0,0.5923840403556824,1,0.5
3,3,44,xgboost,775,14,0,0.028721706941723824,0,0.5
3,3,44,xgboost,776,106,0,0.2089366614818573,0,0.5
3,3,44,xgboost,779,62,0,0.05161048844456673,0,0.5
3,3,44,xgboost,807,569,0,0.09385918825864792,0,0.5
3,3,44,xgboost,814,297,0,0.06701978296041489,0,0.5
3,3,44,xgboost,819,680,0,0.2295343428850174,0,0.5
3,3,44,xgboost,825,800,0,0.19824852049350739,0,0.5
3,4,44,dummy_prior,1,7,0,0.06315789473684211,0,0.5
3,4,44,dummy_prior,3,825,0,0.06315789473684211,0,0.5
3,4,44,dummy_prior,18,792,0,0.06315789473684211,0,0.5
3,4,44,dummy_prior,21,783,0,0.06315789473684211,0,0.5
3,4,44,dummy_prior,30,782,0,0.06315789473684211,0,0.5
3,4,44,dummy_prior,34,749,0,0.06315789473684211,0,0.5
3,4,44,dummy_prior,35,737,0,0.06315789473684211,0,0.5
3,4,44,dummy_prior,46,716,0,0.06315789473684211,0,0.5
3,4,44,dummy_prior,48,780,0,0.06315789473684211,0,0.5
3,4,44,dummy_prior,50,721,0,0.06315789473684211,0,0.5
3,4,44,dummy_prior,51,715,0,0.06315789473684211,0,0.5
3,4,44,dummy_prior,52,729,0,0.06315789473684211,0,0.5
3,4,44,dummy_prior,55,789,0,0.06315789473684211,0,0.5
3,4,44,dummy_prior,56,702,0,0.06315789473684211,0,0.5
3,4,44,dummy_prior,62,679,0,0.06315789473684211,0,0.5
3,4,44,dummy_prior,65,736,0,0.06315789473684211,0,0.5
3,4,44,dummy_prior,74,686,0,0.06315789473684211,0,0.5
3,4,44,dummy_prior,76,646,0,0.06315789473684211,0,0.5
3,4,44,dummy_prior,85,718,0,0.06315789473684211,0,0.5
3,4,44,dummy_prior,90,689,0,0.06315789473684211,0,0.5
3,4,44,dummy_prior,92,631,1,0.06315789473684211,0,0.5
3,4,44,dummy_prior,93,637,0,0.06315789473684211,0,0.5
3,4,44,dummy_prior,99,669,0,0.06315789473684211,0,0.5
3,4,44,dummy_prior,108,612,0,0.06315789473684211,0,0.5
3,4,44,dummy_prior,110,626,0,0.06315789473684211,0,0.5
3,4,44,dummy_prior,125,588,0,0.06315789473684211,0,0.5
3,4,44,dummy_prior,126,520,0,0.06315789473684211,0,0.5
3,4,44,dummy_prior,138,556,0,0.06315789473684211,0,0.5
3,4,44,dummy_prior,140,194,0,0.06315789473684211,0,0.5
3,4,44,dummy_prior,141,591,0,0.06315789473684211,0,0.5
3,4,44,dummy_prior,142,480,0,0.06315789473684211,0,0.5
3,4,44,dummy_prior,154,507,0,0.06315789473684211,0,0.5
3,4,44,dummy_prior,156,545,0,0.06315789473684211,0,0.5
3,4,44,dummy_prior,160,490,0,0.06315789473684211,0,0.5
3,4,44,dummy_prior,161,481,0,0.06315789473684211,0,0.5
3,4,44,dummy_prior,162,509,1,0.06315789473684211,0,0.5
3,4,44,dummy_prior,167,535,0,0.06315789473684211,0,0.5
3,4,44,dummy_prior,169,434,0,0.06315789473684211,0,0.5
3,4,44,dummy_prior,175,452,0,0.06315789473684211,0,0.5
3,4,44,dummy_prior,210,453,0,0.06315789473684211,0,0.5
3,4,44,dummy_prior,226,394,0,0.06315789473684211,0,0.5
3,4,44,dummy_prior,229,304,0,0.06315789473684211,0,0.5
3,4,44,dummy_prior,238,334,0,0.06315789473684211,0,0.5
3,4,44,dummy_prior,239,354,0,0.06315789473684211,0,0.5
3,4,44,dummy_prior,242,391,0,0.06315789473684211,0,0.5
3,4,44,dummy_prior,267,211,0,0.06315789473684211,0,0.5
3,4,44,dummy_prior,273,241,0,0.06315789473684211,0,0.5
3,4,44,dummy_prior,282,430,0,0.06315789473684211,0,0.5
3,4,44,dummy_prior,287,204,0,0.06315789473684211,0,0.5
3,4,44,dummy_prior,289,264,0,0.06315789473684211,0,0.5
3,4,44,dummy_prior,299,323,0,0.06315789473684211,0,0.5
3,4,44,dummy_prior,313,348,0,0.06315789473684211,0,0.5
3,4,44,dummy_prior,317,271,1,0.06315789473684211,0,0.5
3,4,44,dummy_prior,319,180,0,0.06315789473684211,0,0.5
3,4,44,dummy_prior,321,654,0,0.06315789473684211,0,0.5
3,4,44,dummy_prior,323,217,0,0.06315789473684211,0,0.5
3,4,44,dummy_prior,324,173,0,0.06315789473684211,0,0.5
3,4,44,dummy_prior,326,290,0,0.06315789473684211,0,0.5
3,4,44,dummy_prior,327,207,0,0.06315789473684211,0,0.5
3,4,44,dummy_prior,336,182,0,0.06315789473684211,0,0.5
3,4,44,dummy_prior,338,121,0,0.06315789473684211,0,0.5
3,4,44,dummy_prior,345,125,0,0.06315789473684211,0,0.5
3,4,44,dummy_prior,352,140,0,0.06315789473684211,0,0.5
3,4,44,dummy_prior,355,733,0,0.06315789473684211,0,0.5
3,4,44,dummy_prior,357,199,0,0.06315789473684211,0,0.5
3,4,44,dummy_prior,359,72,0,0.06315789473684211,0,0.5
3,4,44,dummy_prior,367,367,0,0.06315789473684211,0,0.5
3,4,44,dummy_prior,372,786,0,0.06315789473684211,0,0.5
3,4,44,dummy_prior,377,145,0,0.06315789473684211,0,0.5
3,4,44,dummy_prior,381,234,0,0.06315789473684211,0,0.5
3,4,44,dummy_prior,383,266,0,0.06315789473684211,0,0.5
3,4,44,dummy_prior,387,69,0,0.06315789473684211,0,0.5
3,4,44,dummy_prior,388,120,0,0.06315789473684211,0,0.5
3,4,44,dummy_prior,390,184,0,0.06315789473684211,0,0.5
3,4,44,dummy_prior,407,186,0,0.06315789473684211,0,0.5
3,4,44,dummy_prior,408,104,0,0.06315789473684211,0,0.5
3,4,44,dummy_prior,411,47,0,0.06315789473684211,0,0.5
3,4,44,dummy_prior,417,35,0,0.06315789473684211,0,0.5
3,4,44,dummy_prior,418,114,0,0.06315789473684211,0,0.5
3,4,44,dummy_prior,420,29,0,0.06315789473684211,0,0.5
3,4,44,dummy_prior,425,192,1,0.06315789473684211,0,0.5
3,4,44,dummy_prior,428,195,0,0.06315789473684211,0,0.5
3,4,44,dummy_prior,443,18,0,0.06315789473684211,0,0.5
3,4,44,dummy_prior,444,3,0,0.06315789473684211,0,0.5
3,4,44,dummy_prior,446,19,0,0.06315789473684211,0,0.5
3,4,44,dummy_prior,450,43,0,0.06315789473684211,0,0.5
3,4,44,dummy_prior,457,787,0,0.06315789473684211,0,0.5
3,4,44,dummy_prior,462,534,0,0.06315789473684211,0,0.5
3,4,44,dummy_prior,470,483,0,0.06315789473684211,0,0.5
3,4,44,dummy_prior,471,337,0,0.06315789473684211,0,0.5
3,4,44,dummy_prior,475,658,0,0.06315789473684211,0,0.5
3,4,44,dummy_prior,479,356,0,0.06315789473684211,0,0.5
3,4,44,dummy_prior,481,614,0,0.06315789473684211,0,0.5
3,4,44,dummy_prior,488,711,0,0.06315789473684211,0,0.5
3,4,44,dummy_prior,496,476,0,0.06315789473684211,0,0.5
3,4,44,dummy_prior,498,174,0,0.06315789473684211,0,0.5
3,4,44,dummy_prior,499,514,0,0.06315789473684211,0,0.5
3,4,44,dummy_prior,501,123,0,0.06315789473684211,0,0.5
3,4,44,dummy_prior,503,791,0,0.06315789473684211,0,0.5
3,4,44,dummy_prior,508,262,0,0.06315789473684211,0,0.5
3,4,44,dummy_prior,510,652,0,0.06315789473684211,0,0.5
3,4,44,dummy_prior,511,119,0,0.06315789473684211,0,0.5
3,4,44,dummy_prior,527,58,0,0.06315789473684211,0,0.5
3,4,44,dummy_prior,547,338,0,0.06315789473684211,0,0.5
3,4,44,dummy_prior,551,373,0,0.06315789473684211,0,0.5
3,4,44,dummy_prior,562,648,0,0.06315789473684211,0,0.5
3,4,44,dummy_prior,564,687,0,0.06315789473684211,0,0.5
3,4,44,dummy_prior,566,784,0,0.06315789473684211,0,0.5
3,4,44,dummy_prior,570,13,0,0.06315789473684211,0,0.5
3,4,44,dummy_prior,573,83,0,0.06315789473684211,0,0.5
3,4,44,dummy_prior,592,376,0,0.06315789473684211,0,0.5
3,4,44,dummy_prior,594,130,0,0.06315789473684211,0,0.5
3,4,44,dummy_prior,599,250,0,0.06315789473684211,0,0.5
3,4,44,dummy_prior,605,336,0,0.06315789473684211,0,0.5
3,4,44,dummy_prior,608,226,0,0.06315789473684211,0,0.5
3,4,44,dummy_prior,611,714,0,0.06315789473684211,0,0.5
3,4,44,dummy_prior,613,493,0,0.06315789473684211,0,0.5
3,4,44,dummy_prior,617,512,0,0.06315789473684211,0,0.5
3,4,44,dummy_prior,618,21,0,0.06315789473684211,0,0.5
3,4,44,dummy_prior,622,277,0,0.06315789473684211,0,0.5
3,4,44,dummy_prior,630,236,1,0.06315789473684211,0,0.5
3,4,44,dummy_prior,636,326,0,0.06315789473684211,0,0.5
3,4,44,dummy_prior,641,67,0,0.06315789473684211,0,0.5
3,4,44,dummy_prior,644,755,0,0.06315789473684211,0,0.5
3,4,44,dummy_prior,645,817,1,0.06315789473684211,0,0.5
3,4,44,dummy_prior,646,824,1,0.06315789473684211,0,0.5
3,4,44,dummy_prior,654,822,0,0.06315789473684211,0,0.5
3,4,44,dummy_prior,657,827,0,0.06315789473684211,0,0.5
3,4,44,dummy_prior,659,815,0,0.06315789473684211,0,0.5
3,4,44,dummy_prior,668,98,1,0.06315789473684211,0,0.5
3,4,44,dummy_prior,674,111,0,0.06315789473684211,0,0.5
3,4,44,dummy_prior,678,42,0,0.06315789473684211,0,0.5
3,4,44,dummy_prior,683,254,0,0.06315789473684211,0,0.5
3,4,44,dummy_prior,689,521,0,0.06315789473684211,0,0.5
3,4,44,dummy_prior,690,144,0,0.06315789473684211,0,0.5
3,4,44,dummy_prior,692,246,0,0.06315789473684211,0,0.5
3,4,44,dummy_prior,694,427,0,0.06315789473684211,0,0.5
3,4,44,dummy_prior,699,214,0,0.06315789473684211,0,0.5
3,4,44,dummy_prior,707,587,0,0.06315789473684211,0,0.5
3,4,44,dummy_prior,709,6,0,0.06315789473684211,0,0.5
3,4,44,dummy_prior,719,30,0,0.06315789473684211,0,0.5
3,4,44,dummy_prior,721,218,0,0.06315789473684211,0,0.5
3,4,44,dummy_prior,723,541,0,0.06315789473684211,0,0.5
3,4,44,dummy_prior,724,99,0,0.06315789473684211,0,0.5
3,4,44,dummy_prior,730,395,0,0.06315789473684211,0,0.5
3,4,44,dummy_prior,731,360,0,0.06315789473684211,0,0.5
3,4,44,dummy_prior,739,398,0,0.06315789473684211,0,0.5
3,4,44,dummy_prior,747,23,0,0.06315789473684211,0,0.5
3,4,44,dummy_prior,755,642,1,0.06315789473684211,0,0.5
3,4,44,dummy_prior,760,256,0,0.06315789473684211,0,0.5
3,4,44,dummy_prior,761,752,0,0.06315789473684211,0,0.5
3,4,44,dummy_prior,766,353,0,0.06315789473684211,0,0.5
3,4,44,dummy_prior,770,645,1,0.06315789473684211,0,0.5
3,4,44,dummy_prior,777,543,0,0.06315789473684211,0,0.5
3,4,44,dummy_prior,784,48,0,0.06315789473684211,0,0.5
3,4,44,dummy_prior,785,4,0,0.06315789473684211,0,0.5
3,4,44,dummy_prior,787,22,1,0.06315789473684211,0,0.5
3,4,44,dummy_prior,789,233,0,0.06315789473684211,0,0.5
3,4,44,dummy_prior,793,352,0,0.06315789473684211,0,0.5
3,4,44,dummy_prior,795,726,0,0.06315789473684211,0,0.5
3,4,44,dummy_prior,806,659,0,0.06315789473684211,0,0.5
3,4,44,dummy_prior,808,332,0,0.06315789473684211,0,0.5
3,4,44,dummy_prior,810,606,0,0.06315789473684211,0,0.5
3,4,44,dummy_prior,816,567,0,0.06315789473684211,0,0.5
3,4,44,dummy_prior,826,672,0,0.06315789473684211,0,0.5
3,4,44,dummy_prior,827,616,0,0.06315789473684211,0,0.5
3,4,44,logistic_regression,1,7,0,0.4092091240763266,0,0.5
3,4,44,logistic_regression,3,825,0,0.7551449803027751,1,0.5
3,4,44,logistic_regression,18,792,0,0.8992359020144332,1,0.5
3,4,44,logistic_regression,21,783,0,0.4598797498302608,0,0.5
3,4,44,logistic_regression,30,782,0,0.7988985299398434,1,0.5
3,4,44,logistic_regression,34,749,0,0.45967966309129704,0,0.5
3,4,44,logistic_regression,35,737,0,0.5541656172234966,1,0.5
3,4,44,logistic_regression,46,716,0,0.21038782483783716,0,0.5
3,4,44,logistic_regression,48,780,0,0.4991959261124131,0,0.5
3,4,44,logistic_regression,50,721,0,0.5247102433802252,1,0.5
3,4,44,logistic_regression,51,715,0,0.3955236211685862,0,0.5
3,4,44,logistic_regression,52,729,0,0.4258021155375551,0,0.5
3,4,44,logistic_regression,55,789,0,0.7010687474744057,1,0.5
3,4,44,logistic_regression,56,702,0,0.4510050759380327,0,0.5
3,4,44,logistic_regression,62,679,0,0.46327031103364946,0,0.5
3,4,44,logistic_regression,65,736,0,0.5281279352376816,1,0.5
3,4,44,logistic_regression,74,686,0,0.39868133013326457,0,0.5
3,4,44,logistic_regression,76,646,0,0.4039985188739319,0,0.5
3,4,44,logistic_regression,85,718,0,0.4832953528758956,0,0.5
3,4,44,logistic_regression,90,689,0,0.5874119105876927,1,0.5
3,4,44,logistic_regression,92,631,1,0.3907794262015567,0,0.5
3,4,44,logistic_regression,93,637,0,0.41464872079122805,0,0.5
3,4,44,logistic_regression,99,669,0,0.528915663961168,1,0.5
3,4,44,logistic_regression,108,612,0,0.17064441856646098,0,0.5
3,4,44,logistic_regression,110,626,0,0.2435151375699687,0,0.5
3,4,44,logistic_regression,125,588,0,0.41136425572632945,0,0.5
3,4,44,logistic_regression,126,520,0,0.5257678756177163,1,0.5
3,4,44,logistic_regression,138,556,0,0.4966646527329845,0,0.5
3,4,44,logistic_regression,140,194,0,0.14410809232156147,0,0.5
3,4,44,logistic_regression,141,591,0,0.27178721669323774,0,0.5
3,4,44,logistic_regression,142,480,0,0.16095242792127631,0,0.5
3,4,44,logistic_regression,154,507,0,0.5906387249214391,1,0.5
3,4,44,logistic_regression,156,545,0,0.4288496919895385,0,0.5
3,4,44,logistic_regression,160,490,0,0.5050788176265913,1,0.5
3,4,44,logistic_regression,161,481,0,0.47054962117549,0,0.5
3,4,44,logistic_regression,162,509,1,0.49721006202569334,0,0.5
3,4,44,logistic_regression,167,535,0,0.48918029766929083,0,0.5
3,4,44,logistic_regression,169,434,0,0.2929193770883702,0,0.5
3,4,44,logistic_regression,175,452,0,0.1488743195332411,0,0.5
3,4,44,logistic_regression,210,453,0,0.37414822924940117,0,0.5
3,4,44,logistic_regression,226,394,0,0.8130456119399756,1,0.5
3,4,44,logistic_regression,229,304,0,0.4059302300310142,0,0.5
3,4,44,logistic_regression,238,334,0,0.49216819706432985,0,0.5
3,4,44,logistic_regression,239,354,0,0.4787077846912867,0,0.5
3,4,44,logistic_regression,242,391,0,0.4305313941994703,0,0.5
3,4,44,logistic_regression,267,211,0,0.4117270299790969,0,0.5
3,4,44,logistic_regression,273,241,0,0.47054029576709266,0,0.5
3,4,44,logistic_regression,282,430,0,0.43192503642418195,0,0.5
3,4,44,logistic_regression,287,204,0,0.6068189297093493,1,0.5
3,4,44,logistic_regression,289,264,0,0.43637345144792633,0,0.5
3,4,44,logistic_regression,299,323,0,0.5669297939413762,1,0.5
3,4,44,logistic_regression,313,348,0,0.16089623834819988,0,0.5
3,4,44,logistic_regression,317,271,1,0.4060050970345845,0,0.5
3,4,44,logistic_regression,319,180,0,0.42812983836411217,0,0.5
3,4,44,logistic_regression,321,654,0,0.44593645481952254,0,0.5
3,4,44,logistic_regression,323,217,0,0.39713961757493255,0,0.5
3,4,44,logistic_regression,324,173,0,0.40059052834515924,0,0.5
3,4,44,logistic_regression,326,290,0,0.48783065714991336,0,0.5
3,4,44,logistic_regression,327,207,0,0.1551369205990023,0,0.5
3,4,44,logistic_regression,336,182,0,0.38864724211437296,0,0.5
3,4,44,logistic_regression,338,121,0,0.1534412448623177,0,0.5
3,4,44,logistic_regression,345,125,0,0.42268924598410434,0,0.5
3,4,44,logistic_regression,352,140,0,0.793379231975211,1,0.5
3,4,44,logistic_regression,355,733,0,0.5102300533467026,1,0.5
3,4,44,logistic_regression,357,199,0,0.3812363691271727,0,0.5
3,4,44,logistic_regression,359,72,0,0.4072210750708136,0,0.5
3,4,44,logistic_regression,367,367,0,0.47262745305004333,0,0.5
3,4,44,logistic_regression,372,786,0,0.8252176806974754,1,0.5
3,4,44,logistic_regression,377,145,0,0.1608073782730593,0,0.5
3,4,44,logistic_regression,381,234,0,0.45409884356161584,0,0.5
3,4,44,logistic_regression,383,266,0,0.3917281492267753,0,0.5
3,4,44,logistic_regression,387,69,0,0.13195436353446469,0,0.5
3,4,44,logistic_regression,388,120,0,0.40340703661129507,0,0.5
3,4,44,logistic_regression,390,184,0,0.8244421548648926,1,0.5
3,4,44,logistic_regression,407,186,0,0.42330516459676487,0,0.5
3,4,44,logistic_regression,408,104,0,0.41680518910594266,0,0.5
3,4,44,logistic_regression,411,47,0,0.7635468531731188,1,0.5
3,4,44,logistic_regression,417,35,0,0.4003579305256097,0,0.5
3,4,44,logistic_regression,418,114,0,0.7826865010801034,1,0.5
3,4,44,logistic_regression,420,29,0,0.4351738923688623,0,0.5
3,4,44,logistic_regression,425,192,1,0.41047283109816846,0,0.5
3,4,44,logistic_regression,428,195,0,0.40782815655437205,0,0.5
3,4,44,logistic_regression,443,18,0,0.16709420924977414,0,0.5
3,4,44,logistic_regression,444,3,0,0.403248607115772,0,0.5
3,4,44,logistic_regression,446,19,0,0.41662858329896924,0,0.5
3,4,44,logistic_regression,450,43,0,0.4286880699325436,0,0.5
3,4,44,logistic_regression,457,787,0,0.5710744554698942,1,0.5
3,4,44,logistic_regression,462,534,0,0.47249879768585795,0,0.5
3,4,44,logistic_regression,470,483,0,0.4227236084645741,0,0.5
3,4,44,logistic_regression,471,337,0,0.5109523878702852,1,0.5
3,4,44,logistic_regression,475,658,0,0.445691877003488,0,0.5
3,4,44,logistic_regression,479,356,0,0.5722610617507813,1,0.5
3,4,44,logistic_regression,481,614,0,0.48666825933311303,0,0.5
3,4,44,logistic_regression,488,711,0,0.6162598256115344,1,0.5
3,4,44,logistic_regression,496,476,0,0.37676574878143515,0,0.5
3,4,44,logistic_regression,498,174,0,0.40877517476303354,0,0.5
3,4,44,logistic_regression,499,514,0,0.49211104174933346,0,0.5
3,4,44,logistic_regression,501,123,0,0.42721087058169693,0,0.5
3,4,44,logistic_regression,503,791,0,0.48074594679908605,0,0.5
3,4,44,logistic_regression,508,262,0,0.14879092162366214,0,0.5
3,4,44,logistic_regression,510,652,0,0.5001424542282373,1,0.5
3,4,44,logistic_regression,511,119,0,0.46504015276654703,0,0.5
3,4,44,logistic_regression,527,58,0,0.4209163014209539,0,0.5
3,4,44,logistic_regression,547,338,0,0.3946969342394358,0,0.5
3,4,44,logistic_regression,551,373,0,0.6085036107602471,1,0.5
3,4,44,logistic_regression,562,648,0,0.3897347404584843,0,0.5
3,4,44,logistic_regression,564,687,0,0.7332503165884977,1,0.5
3,4,44,logistic_regression,566,784,0,0.4657371354129074,0,0.5
3,4,44,logistic_regression,570,13,0,0.4033068898233271,0,0.5
3,4,44,logistic_regression,573,83,0,0.39436107317461094,0,0.5
3,4,44,logistic_regression,592,376,0,0.5345351577004206,1,0.5
3,4,44,logistic_regression,594,130,0,0.40015520252011705,0,0.5
3,4,44,logistic_regression,599,250,0,0.4791425442660074,0,0.5
3,4,44,logistic_regression,605,336,0,0.5370281234216805,1,0.5
3,4,44,logistic_regression,608,226,0,0.46603456392150533,0,0.5
3,4,44,logistic_regression,611,714,0,0.48731457992229466,0,0.5
3,4,44,logistic_regression,613,493,0,0.6112613408387875,1,0.5
3,4,44,logistic_regression,617,512,0,0.43836572424380826,0,0.5
3,4,44,logistic_regression,618,21,0,0.41700219322573523,0,0.5
3,4,44,logistic_regression,622,277,0,0.47325362919176756,0,0.5
3,4,44,logistic_regression,630,236,1,0.36718531690786865,0,0.5
3,4,44,logistic_regression,636,326,0,0.37994803354158807,0,0.5
3,4,44,logistic_regression,641,67,0,0.38835276358593285,0,0.5
3,4,44,logistic_regression,644,755,0,0.19757545287111378,0,0.5
3,4,44,logistic_regression,645,817,1,0.7362435689258806,1,0.5
3,4,44,logistic_regression,646,824,1,0.5263805173910605,1,0.5
3,4,44,logistic_regression,654,822,0,0.6069150795685981,1,0.5
3,4,44,logistic_regression,657,827,0,0.6647308564970817,1,0.5
3,4,44,logistic_regression,659,815,0,0.5219968366210302,1,0.5
3,4,44,logistic_regression,668,98,1,0.5386138677325849,1,0.5
3,4,44,logistic_regression,674,111,0,0.5609971958231964,1,0.5
3,4,44,logistic_regression,678,42,0,0.5810496842386299,1,0.5
3,4,44,logistic_regression,683,254,0,0.5324935808202219,1,0.5
3,4,44,logistic_regression,689,521,0,0.5242669553540098,1,0.5
3,4,44,logistic_regression,690,144,0,0.41686406245530394,0,0.5
3,4,44,logistic_regression,692,246,0,0.37726032859514236,0,0.5
3,4,44,logistic_regression,694,427,0,0.44497434198997704,0,0.5
3,4,44,logistic_regression,699,214,0,0.4748884994137904,0,0.5
3,4,44,logistic_regression,707,587,0,0.5032326541861534,1,0.5
3,4,44,logistic_regression,709,6,0,0.17457834651597887,0,0.5
3,4,44,logistic_regression,719,30,0,0.5507671132940613,1,0.5
3,4,44,logistic_regression,721,218,0,0.4242705459749886,0,0.5
3,4,44,logistic_regression,723,541,0,0.7520895395771178,1,0.5
3,4,44,logistic_regression,724,99,0,0.40060691748405614,0,0.5
3,4,44,logistic_regression,730,395,0,0.5005576971434832,1,0.5
3,4,44,logistic_regression,731,360,0,0.4057516206158676,0,0.5
3,4,44,logistic_regression,739,398,0,0.4939009390679608,0,0.5
3,4,44,logistic_regression,747,23,0,0.0695432420915973,0,0.5
3,4,44,logistic_regression,755,642,1,0.14897957994677438,0,0.5
3,4,44,logistic_regression,760,256,0,0.5560233675739072,1,0.5
3,4,44,logistic_regression,761,752,0,0.8124638351062498,1,0.5
3,4,44,logistic_regression,766,353,0,0.38886624174473405,0,0.5
3,4,44,logistic_regression,770,645,1,0.4843255660652107,0,0.5
3,4,44,logistic_regression,777,543,0,0.4904257898882308,0,0.5
3,4,44,logistic_regression,784,48,0,0.5473404519988792,1,0.5
3,4,44,logistic_regression,785,4,0,0.5200976455704026,1,0.5
3,4,44,logistic_regression,787,22,1,0.47315804261235495,0,0.5
3,4,44,logistic_regression,789,233,0,0.4469057790216915,0,0.5
3,4,44,logistic_regression,793,352,0,0.5420021396395266,1,0.5
3,4,44,logistic_regression,795,726,0,0.3325135130901297,0,0.5
3,4,44,logistic_regression,806,659,0,0.24864423986659762,0,0.5
3,4,44,logistic_regression,808,332,0,0.3876710138244891,0,0.5
3,4,44,logistic_regression,810,606,0,0.30396078783234776,0,0.5
3,4,44,logistic_regression,816,567,0,0.4705669897774621,0,0.5
3,4,44,logistic_regression,826,672,0,0.3650125654447013,0,0.5
3,4,44,logistic_regression,827,616,0,0.5112148952886162,1,0.5
3,4,44,xgboost,1,7,0,0.11239424347877502,0,0.5
3,4,44,xgboost,3,825,0,0.5557860136032104,1,0.5
3,4,44,xgboost,18,792,0,0.30326810479164124,0,0.5
3,4,44,xgboost,21,783,0,0.6067376732826233,1,0.5
3,4,44,xgboost,30,782,0,0.42348214983940125,0,0.5
3,4,44,xgboost,34,749,0,0.3405953347682953,0,0.5
3,4,44,xgboost,35,737,0,0.31421712040901184,0,0.5
3,4,44,xgboost,46,716,0,0.45896852016448975,0,0.5
3,4,44,xgboost,48,780,0,0.539713442325592,1,0.5
3,4,44,xgboost,50,721,0,0.4209839105606079,0,0.5
3,4,44,xgboost,51,715,0,0.39677178859710693,0,0.5
3,4,44,xgboost,52,729,0,0.5218643546104431,1,0.5
3,4,44,xgboost,55,789,0,0.5884722471237183,1,0.5
3,4,44,xgboost,56,702,0,0.4889375567436218,0,0.5
3,4,44,xgboost,62,679,0,0.17193710803985596,0,0.5
3,4,44,xgboost,65,736,0,0.5015872716903687,1,0.5
3,4,44,xgboost,74,686,0,0.16461752355098724,0,0.5
3,4,44,xgboost,76,646,0,0.15006013214588165,0,0.5
3,4,44,xgboost,85,718,0,0.19144293665885925,0,0.5
3,4,44,xgboost,90,689,0,0.23251976072788239,0,0.5
3,4,44,xgboost,92,631,1,0.20157349109649658,0,0.5
3,4,44,xgboost,93,637,0,0.320349782705307,0,0.5
3,4,44,xgboost,99,669,0,0.25879746675491333,0,0.5
3,4,44,xgboost,108,612,0,0.11426303535699844,0,0.5
3,4,44,xgboost,110,626,0,0.15231853723526,0,0.5
3,4,44,xgboost,125,588,0,0.37533900141716003,0,0.5
3,4,44,xgboost,126,520,0,0.41907212138175964,0,0.5
3,4,44,xgboost,138,556,0,0.37131261825561523,0,0.5
3,4,44,xgboost,140,194,0,0.10804743319749832,0,0.5
3,4,44,xgboost,141,591,0,0.1808311939239502,0,0.5
3,4,44,xgboost,142,480,0,0.10102616250514984,0,0.5
3,4,44,xgboost,154,507,0,0.4471745491027832,0,0.5
3,4,44,xgboost,156,545,0,0.39185765385627747,0,0.5
3,4,44,xgboost,160,490,0,0.38210323452949524,0,0.5
3,4,44,xgboost,161,481,0,0.26205405592918396,0,0.5
3,4,44,xgboost,162,509,1,0.38184410333633423,0,0.5
3,4,44,xgboost,167,535,0,0.4957081377506256,0,0.5
3,4,44,xgboost,169,434,0,0.6684324741363525,1,0.5
3,4,44,xgboost,175,452,0,0.09350579977035522,0,0.5
3,4,44,xgboost,210,453,0,0.16572155058383942,0,0.5
3,4,44,xgboost,226,394,0,0.6494209170341492,1,0.5
3,4,44,xgboost,229,304,0,0.36152705550193787,0,0.5
3,4,44,xgboost,238,334,0,0.4239029288291931,0,0.5
3,4,44,xgboost,239,354,0,0.3315175473690033,0,0.5
3,4,44,xgboost,242,391,0,0.5218581557273865,1,0.5
3,4,44,xgboost,267,211,0,0.554092526435852,1,0.5
3,4,44,xgboost,273,241,0,0.6443268060684204,1,0.5
3,4,44,xgboost,282,430,0,0.173350989818573,0,0.5
3,4,44,xgboost,287,204,0,0.4304214119911194,0,0.5
3,4,44,xgboost,289,264,0,0.6208066344261169,1,0.5
3,4,44,xgboost,299,323,0,0.3500404953956604,0,0.5
3,4,44,xgboost,313,348,0,0.11247812956571579,0,0.5
3,4,44,xgboost,317,271,1,0.4079073965549469,0,0.5
3,4,44,xgboost,319,180,0,0.4808715581893921,0,0.5
3,4,44,xgboost,321,654,0,0.3999491035938263,0,0.5
3,4,44,xgboost,323,217,0,0.5287597179412842,1,0.5
3,4,44,xgboost,324,173,0,0.36944931745529175,0,0.5
3,4,44,xgboost,326,290,0,0.3600834906101227,0,0.5
3,4,44,xgboost,327,207,0,0.12264597415924072,0,0.5
3,4,44,xgboost,336,182,0,0.4513451159000397,0,0.5
3,4,44,xgboost,338,121,0,0.09762405604124069,0,0.5
3,4,44,xgboost,345,125,0,0.4453278183937073,0,0.5
3,4,44,xgboost,352,140,0,0.573682963848114,1,0.5
3,4,44,xgboost,355,733,0,0.20713990926742554,0,0.5
3,4,44,xgboost,357,199,0,0.4892590045928955,0,0.5
3,4,44,xgboost,359,72,0,0.18425177037715912,0,0.5
3,4,44,xgboost,367,367,0,0.444092720746994,0,0.5
3,4,44,xgboost,372,786,0,0.4539937674999237,0,0.5
3,4,44,xgboost,377,145,0,0.09404555708169937,0,0.5
3,4,44,xgboost,381,234,0,0.4298320710659027,0,0.5
3,4,44,xgboost,383,266,0,0.49899446964263916,0,0.5
3,4,44,xgboost,387,69,0,0.06739220023155212,0,0.5
3,4,44,xgboost,388,120,0,0.35052788257598877,0,0.5
3,4,44,xgboost,390,184,0,0.7438403964042664,1,0.5
3,4,44,xgboost,407,186,0,0.3638348877429962,0,0.5
3,4,44,xgboost,408,104,0,0.1706247180700302,0,0.5
3,4,44,xgboost,411,47,0,0.4830706715583801,0,0.5
3,4,44,xgboost,417,35,0,0.141120046377182,0,0.5
3,4,44,xgboost,418,114,0,0.551643431186676,1,0.5
3,4,44,xgboost,420,29,0,0.17293120920658112,0,0.5
3,4,44,xgboost,425,192,1,0.46878156065940857,0,0.5
3,4,44,xgboost,428,195,0,0.4585561454296112,0,0.5
3,4,44,xgboost,443,18,0,0.05836499109864235,0,0.5
3,4,44,xgboost,444,3,0,0.10794806480407715,0,0.5
3,4,44,xgboost,446,19,0,0.14468172192573547,0,0.5
3,4,44,xgboost,450,43,0,0.15350119769573212,0,0.5
3,4,44,xgboost,457,787,0,0.2237575501203537,0,0.5
3,4,44,xgboost,462,534,0,0.36893540620803833,0,0.5
3,4,44,xgboost,470,483,0,0.20237107574939728,0,0.5
3,4,44,xgboost,471,337,0,0.41245728731155396,0,0.5
3,4,44,xgboost,475,658,0,0.24630163609981537,0,0.5
3,4,44,xgboost,479,356,0,0.5719174146652222,1,0.5
3,4,44,xgboost,481,614,0,0.3455234169960022,0,0.5
3,4,44,xgboost,488,711,0,0.618287205696106,1,0.5
3,4,44,xgboost,496,476,0,0.16685669124126434,0,0.5
3,4,44,xgboost,498,174,0,0.3615458905696869,0,0.5
3,4,44,xgboost,499,514,0,0.38016965985298157,0,0.5
3,4,44,xgboost,501,123,0,0.4808636009693146,0,0.5
3,4,44,xgboost,503,791,0,0.4192517101764679,0,0.5
3,4,44,xgboost,508,262,0,0.13536548614501953,0,0.5
3,4,44,xgboost,510,652,0,0.46417737007141113,0,0.5
3,4,44,xgboost,511,119,0,0.3390577733516693,0,0.5
3,4,44,xgboost,527,58,0,0.1476994752883911,0,0.5
3,4,44,xgboost,547,338,0,0.3584904670715332,0,0.5
3,4,44,xgboost,551,373,0,0.35834571719169617,0,0.5
3,4,44,xgboost,562,648,0,0.1613195389509201,0,0.5
3,4,44,xgboost,564,687,0,0.4136205315589905,0,0.5
3,4,44,xgboost,566,784,0,0.4759161174297333,0,0.5
3,4,44,xgboost,570,13,0,0.10794806480407715,0,0.5
3,4,44,xgboost,573,83,0,0.22115552425384521,0,0.5
3,4,44,xgboost,592,376,0,0.3443944454193115,0,0.5
3,4,44,xgboost,594,130,0,0.33515220880508423,0,0.5
3,4,44,xgboost,599,250,0,0.5353037714958191,1,0.5
3,4,44,xgboost,605,336,0,0.5224649310112,1,0.5
3,4,44,xgboost,608,226,0,0.42673465609550476,0,0.5
3,4,44,xgboost,611,714,0,0.26346227526664734,0,0.5
3,4,44,xgboost,613,493,0,0.30564120411872864,0,0.5
3,4,44,xgboost,617,512,0,0.6010467410087585,1,0.5
3,4,44,xgboost,618,21,0,0.1362157016992569,0,0.5
3,4,44,xgboost,622,277,0,0.5026034116744995,1,0.5
3,4,44,xgboost,630,236,1,0.5104786157608032,1,0.5
3,4,44,xgboost,636,326,0,0.3263551890850067,0,0.5
3,4,44,xgboost,641,67,0,0.1634785234928131,0,0.5
3,4,44,xgboost,644,755,0,0.17774266004562378,0,0.5
3,4,44,xgboost,645,817,1,0.4329390525817871,0,0.5
3,4,44,xgboost,646,824,1,0.31953197717666626,0,0.5
3,4,44,xgboost,654,822,0,0.2987379729747772,0,0.5
3,4,44,xgboost,657,827,0,0.29415494203567505,0,0.5
3,4,44,xgboost,659,815,0,0.270273357629776,0,0.5
3,4,44,xgboost,668,98,1,0.23057398200035095,0,0.5
3,4,44,xgboost,674,111,0,0.1691802442073822,0,0.5
3,4,44,xgboost,678,42,0,0.1258653998374939,0,0.5
3,4,44,xgboost,683,254,0,0.27296772599220276,0,0.5
3,4,44,xgboost,689,521,0,0.38115641474723816,0,0.5
3,4,44,xgboost,690,144,0,0.3416629433631897,0,0.5
3,4,44,xgboost,692,246,0,0.5523058772087097,1,0.5
3,4,44,xgboost,694,427,0,0.46812358498573303,0,0.5
3,4,44,xgboost,699,214,0,0.5300149321556091,1,0.5
3,4,44,xgboost,707,587,0,0.4989781379699707,0,0.5
3,4,44,xgboost,709,6,0,0.060801345854997635,0,0.5
3,4,44,xgboost,719,30,0,0.1516779661178589,0,0.5
3,4,44,xgboost,721,218,0,0.5439115166664124,1,0.5
3,4,44,xgboost,723,541,0,0.3913411796092987,0,0.5
3,4,44,xgboost,724,99,0,0.12561264634132385,0,0.5
3,4,44,xgboost,730,395,0,0.4378150403499603,0,0.5
3,4,44,xgboost,731,360,0,0.4629623293876648,0,0.5
3,4,44,xgboost,739,398,0,0.4520425498485565,0,0.5
3,4,44,xgboost,747,23,0,0.05954233556985855,0,0.5
3,4,44,xgboost,755,642,1,0.40166184306144714,0,0.5
3,4,44,xgboost,760,256,0,0.41059747338294983,0,0.5
3,4,44,xgboost,761,752,0,0.2611895203590393,0,0.5
3,4,44,xgboost,766,353,0,0.36387696862220764,0,0.5
3,4,44,xgboost,770,645,1,0.4725273549556732,0,0.5
3,4,44,xgboost,777,543,0,0.5487776398658752,1,0.5
3,4,44,xgboost,784,48,0,0.15946407616138458,0,0.5
3,4,44,xgboost,785,4,0,0.1689043641090393,0,0.5
3,4,44,xgboost,787,22,1,0.13708345592021942,0,0.5
3,4,44,xgboost,789,233,0,0.5099655389785767,1,0.5
3,4,44,xgboost,793,352,0,0.4809195101261139,0,0.5
3,4,44,xgboost,795,726,0,0.2511307895183563,0,0.5
3,4,44,xgboost,806,659,0,0.40184247493743896,0,0.5
3,4,44,xgboost,808,332,0,0.250673770904541,0,0.5
3,4,44,xgboost,810,606,0,0.42096254229545593,0,0.5
3,4,44,xgboost,816,567,0,0.31720006465911865,0,0.5
3,4,44,xgboost,826,672,0,0.3812532126903534,0,0.5
3,4,44,xgboost,827,616,0,0.30817511677742004,0,0.5
3,5,44,dummy_prior,0,109,0,0.06466165413533835,0,0.5
3,5,44,dummy_prior,10,807,0,0.06466165413533835,0,0.5
3,5,44,dummy_prior,12,812,0,0.06466165413533835,0,0.5
3,5,44,dummy_prior,13,803,0,0.06466165413533835,0,0.5
3,5,44,dummy_prior,19,773,0,0.06466165413533835,0,0.5
3,5,44,dummy_prior,29,745,0,0.06466165413533835,0,0.5
3,5,44,dummy_prior,36,760,0,0.06466165413533835,0,0.5
3,5,44,dummy_prior,42,724,0,0.06466165413533835,0,0.5
3,5,44,dummy_prior,58,683,0,0.06466165413533835,0,0.5
3,5,44,dummy_prior,61,697,0,0.06466165413533835,0,0.5
3,5,44,dummy_prior,66,728,0,0.06466165413533835,0,0.5
3,5,44,dummy_prior,68,705,0,0.06466165413533835,0,0.5
3,5,44,dummy_prior,71,664,0,0.06466165413533835,0,0.5
3,5,44,dummy_prior,80,593,0,0.06466165413533835,0,0.5
3,5,44,dummy_prior,82,621,0,0.06466165413533835,0,0.5
3,5,44,dummy_prior,83,713,0,0.06466165413533835,0,0.5
3,5,44,dummy_prior,91,649,0,0.06466165413533835,0,0.5
3,5,44,dummy_prior,94,604,0,0.06466165413533835,0,0.5
3,5,44,dummy_prior,96,678,0,0.06466165413533835,0,0.5
3,5,44,dummy_prior,97,584,0,0.06466165413533835,0,0.5
3,5,44,dummy_prior,107,611,0,0.06466165413533835,0,0.5
3,5,44,dummy_prior,117,560,0,0.06466165413533835,0,0.5
3,5,44,dummy_prior,118,498,0,0.06466165413533835,0,0.5
3,5,44,dummy_prior,124,596,0,0.06466165413533835,0,0.5
3,5,44,dummy_prior,127,518,0,0.06466165413533835,0,0.5
3,5,44,dummy_prior,128,557,0,0.06466165413533835,0,0.5
3,5,44,dummy_prior,135,586,0,0.06466165413533835,0,0.5
3,5,44,dummy_prior,136,537,0,0.06466165413533835,0,0.5
3,5,44,dummy_prior,139,553,0,0.06466165413533835,0,0.5
3,5,44,dummy_prior,149,489,0,0.06466165413533835,0,0.5
3,5,44,dummy_prior,158,463,0,0.06466165413533835,0,0.5
3,5,44,dummy_prior,164,572,0,0.06466165413533835,0,0.5
3,5,44,dummy_prior,166,461,0,0.06466165413533835,0,0.5
3,5,44,dummy_prior,178,548,0,0.06466165413533835,0,0.5
3,5,44,dummy_prior,183,411,0,0.06466165413533835,0,0.5
3,5,44,dummy_prior,190,527,0,0.06466165413533835,0,0.5
3,5,44,dummy_prior,191,459,0,0.06466165413533835,0,0.5
3,5,44,dummy_prior,192,445,0,0.06466165413533835,0,0.5
3,5,44,dummy_prior,195,505,0,0.06466165413533835,0,0.5
3,5,44,dummy_prior,196,442,0,0.06466165413533835,0,0.5
3,5,44,dummy_prior,202,494,1,0.06466165413533835,0,0.5
3,5,44,dummy_prior,203,222,0,0.06466165413533835,0,0.5
3,5,44,dummy_prior,208,387,0,0.06466165413533835,0,0.5
3,5,44,dummy_prior,209,399,0,0.06466165413533835,0,0.5
3,5,44,dummy_prior,212,500,0,0.06466165413533835,0,0.5
3,5,44,dummy_prior,213,550,1,0.06466165413533835,0,0.5
3,5,44,dummy_prior,216,408,0,0.06466165413533835,0,0.5
3,5,44,dummy_prior,217,503,0,0.06466165413533835,0,0.5
3,5,44,dummy_prior,218,324,0,0.06466165413533835,0,0.5
3,5,44,dummy_prior,240,555,0,0.06466165413533835,0,0.5
3,5,44,dummy_prior,243,253,0,0.06466165413533835,0,0.5
3,5,44,dummy_prior,244,487,0,0.06466165413533835,0,0.5
3,5,44,dummy_prior,245,292,0,0.06466165413533835,0,0.5
3,5,44,dummy_prior,246,381,0,0.06466165413533835,0,0.5
3,5,44,dummy_prior,249,284,0,0.06466165413533835,0,0.5
3,5,44,dummy_prior,256,329,0,0.06466165413533835,0,0.5
3,5,44,dummy_prior,257,485,0,0.06466165413533835,0,0.5
3,5,44,dummy_prior,260,296,0,0.06466165413533835,0,0.5
3,5,44,dummy_prior,261,259,1,0.06466165413533835,0,0.5
3,5,44,dummy_prior,264,265,0,0.06466165413533835,0,0.5
3,5,44,dummy_prior,275,267,0,0.06466165413533835,0,0.5
3,5,44,dummy_prior,279,219,0,0.06466165413533835,0,0.5
3,5,44,dummy_prior,280,389,0,0.06466165413533835,0,0.5
3,5,44,dummy_prior,284,272,0,0.06466165413533835,0,0.5
3,5,44,dummy_prior,286,419,0,0.06466165413533835,0,0.5
3,5,44,dummy_prior,288,289,0,0.06466165413533835,0,0.5
3,5,44,dummy_prior,292,283,0,0.06466165413533835,0,0.5
3,5,44,dummy_prior,293,358,0,0.06466165413533835,0,0.5
3,5,44,dummy_prior,294,220,0,0.06466165413533835,0,0.5
3,5,44,dummy_prior,296,319,0,0.06466165413533835,0,0.5
3,5,44,dummy_prior,301,331,0,0.06466165413533835,0,0.5
3,5,44,dummy_prior,306,322,0,0.06466165413533835,0,0.5
3,5,44,dummy_prior,307,307,0,0.06466165413533835,0,0.5
3,5,44,dummy_prior,311,215,1,0.06466165413533835,0,0.5
3,5,44,dummy_prior,318,269,0,0.06466165413533835,0,0.5
3,5,44,dummy_prior,322,169,1,0.06466165413533835,0,0.5
3,5,44,dummy_prior,333,251,0,0.06466165413533835,0,0.5
3,5,44,dummy_prior,348,155,0,0.06466165413533835,0,0.5
3,5,44,dummy_prior,358,160,0,0.06466165413533835,0,0.5
3,5,44,dummy_prior,366,239,1,0.06466165413533835,0,0.5
3,5,44,dummy_prior,376,103,0,0.06466165413533835,0,0.5
3,5,44,dummy_prior,378,400,0,0.06466165413533835,0,0.5
3,5,44,dummy_prior,382,90,0,0.06466165413533835,0,0.5
3,5,44,dummy_prior,392,137,0,0.06466165413533835,0,0.5
3,5,44,dummy_prior,398,64,0,0.06466165413533835,0,0.5
3,5,44,dummy_prior,403,54,0,0.06466165413533835,0,0.5
3,5,44,dummy_prior,404,171,0,0.06466165413533835,0,0.5
3,5,44,dummy_prior,414,89,0,0.06466165413533835,0,0.5
3,5,44,dummy_prior,422,153,0,0.06466165413533835,0,0.5
3,5,44,dummy_prior,435,63,0,0.06466165413533835,0,0.5
3,5,44,dummy_prior,438,34,0,0.06466165413533835,0,0.5
3,5,44,dummy_prior,441,77,0,0.06466165413533835,0,0.5
3,5,44,dummy_prior,447,68,0,0.06466165413533835,0,0.5
3,5,44,dummy_prior,448,1,0,0.06466165413533835,0,0.5
3,5,44,dummy_prior,449,25,0,0.06466165413533835,0,0.5
3,5,44,dummy_prior,468,371,0,0.06466165413533835,0,0.5
3,5,44,dummy_prior,492,17,0,0.06466165413533835,0,0.5
3,5,44,dummy_prior,494,671,0,0.06466165413533835,0,0.5
3,5,44,dummy_prior,500,362,0,0.06466165413533835,0,0.5
3,5,44,dummy_prior,504,37,0,0.06466165413533835,0,0.5
3,5,44,dummy_prior,506,628,0,0.06466165413533835,0,0.5
3,5,44,dummy_prior,507,469,0,0.06466165413533835,0,0.5
3,5,44,dummy_prior,512,364,0,0.06466165413533835,0,0.5
3,5,44,dummy_prior,513,425,0,0.06466165413533835,0,0.5
3,5,44,dummy_prior,516,365,0,0.06466165413533835,0,0.5
3,5,44,dummy_prior,518,76,1,0.06466165413533835,0,0.5
3,5,44,dummy_prior,525,213,0,0.06466165413533835,0,0.5
3,5,44,dummy_prior,526,385,0,0.06466165413533835,0,0.5
3,5,44,dummy_prior,536,458,0,0.06466165413533835,0,0.5
3,5,44,dummy_prior,539,748,0,0.06466165413533835,0,0.5
3,5,44,dummy_prior,542,712,0,0.06466165413533835,0,0.5
3,5,44,dummy_prior,545,456,0,0.06466165413533835,0,0.5
3,5,44,dummy_prior,550,257,0,0.06466165413533835,0,0.5
3,5,44,dummy_prior,560,315,0,0.06466165413533835,0,0.5
3,5,44,dummy_prior,567,56,0,0.06466165413533835,0,0.5
3,5,44,dummy_prior,571,193,0,0.06466165413533835,0,0.5
3,5,44,dummy_prior,584,135,0,0.06466165413533835,0,0.5
3,5,44,dummy_prior,588,225,0,0.06466165413533835,0,0.5
3,5,44,dummy_prior,598,710,0,0.06466165413533835,0,0.5
3,5,44,dummy_prior,601,92,0,0.06466165413533835,0,0.5
3,5,44,dummy_prior,625,421,0,0.06466165413533835,0,0.5
3,5,44,dummy_prior,631,294,0,0.06466165413533835,0,0.5
3,5,44,dummy_prior,637,502,0,0.06466165413533835,0,0.5
3,5,44,dummy_prior,639,756,1,0.06466165413533835,0,0.5
3,5,44,dummy_prior,640,205,0,0.06466165413533835,0,0.5
3,5,44,dummy_prior,642,829,0,0.06466165413533835,0,0.5
3,5,44,dummy_prior,648,819,1,0.06466165413533835,0,0.5
3,5,44,dummy_prior,650,808,0,0.06466165413533835,0,0.5
3,5,44,dummy_prior,652,814,0,0.06466165413533835,0,0.5
3,5,44,dummy_prior,658,762,0,0.06466165413533835,0,0.5
3,5,44,dummy_prior,662,638,1,0.06466165413533835,0,0.5
3,5,44,dummy_prior,669,486,0,0.06466165413533835,0,0.5
3,5,44,dummy_prior,673,473,0,0.06466165413533835,0,0.5
3,5,44,dummy_prior,675,479,0,0.06466165413533835,0,0.5
3,5,44,dummy_prior,677,439,0,0.06466165413533835,0,0.5
3,5,44,dummy_prior,680,806,0,0.06466165413533835,0,0.5
3,5,44,dummy_prior,682,231,0,0.06466165413533835,0,0.5
3,5,44,dummy_prior,685,449,0,0.06466165413533835,0,0.5
3,5,44,dummy_prior,693,769,0,0.06466165413533835,0,0.5
3,5,44,dummy_prior,696,325,0,0.06466165413533835,0,0.5
3,5,44,dummy_prior,710,725,0,0.06466165413533835,0,0.5
3,5,44,dummy_prior,718,66,0,0.06466165413533835,0,0.5
3,5,44,dummy_prior,720,342,0,0.06466165413533835,0,0.5
3,5,44,dummy_prior,725,778,0,0.06466165413533835,0,0.5
3,5,44,dummy_prior,729,563,0,0.06466165413533835,0,0.5
3,5,44,dummy_prior,736,139,0,0.06466165413533835,0,0.5
3,5,44,dummy_prior,737,785,0,0.06466165413533835,0,0.5
3,5,44,dummy_prior,743,415,0,0.06466165413533835,0,0.5
3,5,44,dummy_prior,749,455,0,0.06466165413533835,0,0.5
3,5,44,dummy_prior,751,744,0,0.06466165413533835,0,0.5
3,5,44,dummy_prior,752,136,0,0.06466165413533835,0,0.5
3,5,44,dummy_prior,757,84,0,0.06466165413533835,0,0.5
3,5,44,dummy_prior,764,15,0,0.06466165413533835,0,0.5
3,5,44,dummy_prior,767,175,0,0.06466165413533835,0,0.5
3,5,44,dummy_prior,773,302,0,0.06466165413533835,0,0.5
3,5,44,dummy_prior,788,549,0,0.06466165413533835,0,0.5
3,5,44,dummy_prior,792,2,0,0.06466165413533835,0,0.5
3,5,44,dummy_prior,796,644,0,0.06466165413533835,0,0.5
3,5,44,dummy_prior,798,794,0,0.06466165413533835,0,0.5
3,5,44,dummy_prior,799,650,0,0.06466165413533835,0,0.5
3,5,44,dummy_prior,802,666,0,0.06466165413533835,0,0.5
3,5,44,dummy_prior,804,777,0,0.06466165413533835,0,0.5
3,5,44,dummy_prior,818,132,0,0.06466165413533835,0,0.5
3,5,44,dummy_prior,821,598,0,0.06466165413533835,0,0.5
3,5,44,dummy_prior,822,620,0,0.06466165413533835,0,0.5
3,5,44,dummy_prior,824,298,0,0.06466165413533835,0,0.5
3,5,44,logistic_regression,0,109,0,0.3459262013510288,0,0.5
3,5,44,logistic_regression,10,807,0,0.5806910858474547,1,0.5
3,5,44,logistic_regression,12,812,0,0.6852769135141176,1,0.5
3,5,44,logistic_regression,13,803,0,0.5467436111443137,1,0.5
3,5,44,logistic_regression,19,773,0,0.7893483706650485,1,0.5
3,5,44,logistic_regression,29,745,0,0.4364435992738512,0,0.5
3,5,44,logistic_regression,36,760,0,0.47133908365295907,0,0.5
3,5,44,logistic_regression,42,724,0,0.5234027582843602,1,0.5
3,5,44,logistic_regression,58,683,0,0.5569268113627929,1,0.5
3,5,44,logistic_regression,61,697,0,0.7443887917180781,1,0.5
3,5,44,logistic_regression,66,728,0,0.6961109828061511,1,0.5
3,5,44,logistic_regression,68,705,0,0.44537343700842946,0,0.5
3,5,44,logistic_regression,71,664,0,0.43899618030657944,0,0.5
3,5,44,logistic_regression,80,593,0,0.6188829847640751,1,0.5
3,5,44,logistic_regression,82,621,0,0.5115001242251349,1,0.5
3,5,44,logistic_regression,83,713,0,0.04821939492616369,0,0.5
3,5,44,logistic_regression,91,649,0,0.5713683708958769,1,0.5
3,5,44,logistic_regression,94,604,0,0.04847151787142401,0,0.5
3,5,44,logistic_regression,96,678,0,0.4335200440245992,0,0.5
3,5,44,logistic_regression,97,584,0,0.09140567713189252,0,0.5
3,5,44,logistic_regression,107,611,0,0.5113244400085543,1,0.5
3,5,44,logistic_regression,117,560,0,0.5499622088942113,1,0.5
3,5,44,logistic_regression,118,498,0,0.4427460017482174,0,0.5
3,5,44,logistic_regression,124,596,0,0.49750475527932836,0,0.5
3,5,44,logistic_regression,127,518,0,0.5118051280227449,1,0.5
3,5,44,logistic_regression,128,557,0,0.5716703510024522,1,0.5
3,5,44,logistic_regression,135,586,0,0.02636622513403109,0,0.5
3,5,44,logistic_regression,136,537,0,0.44233724531262886,0,0.5
3,5,44,logistic_regression,139,553,0,0.5475796386395471,1,0.5
3,5,44,logistic_regression,149,489,0,0.44666552140175914,0,0.5
3,5,44,logistic_regression,158,463,0,0.5167756106650779,1,0.5
3,5,44,logistic_regression,164,572,0,0.885920366292953,1,0.5
3,5,44,logistic_regression,166,461,0,0.7246983445760519,1,0.5
3,5,44,logistic_regression,178,548,0,0.5148317738139386,1,0.5
3,5,44,logistic_regression,183,411,0,0.45855877068343176,0,0.5
3,5,44,logistic_regression,190,527,0,0.41748470017419753,0,0.5
3,5,44,logistic_regression,191,459,0,0.4929362736887535,0,0.5
3,5,44,logistic_regression,192,445,0,0.042181202551273514,0,0.5
3,5,44,logistic_regression,195,505,0,0.4469738946303371,0,0.5
3,5,44,logistic_regression,196,442,0,0.665515176592924,1,0.5
3,5,44,logistic_regression,202,494,1,0.7110514102819813,1,0.5
3,5,44,logistic_regression,203,222,0,0.44885426258358696,0,0.5
3,5,44,logistic_regression,208,387,0,0.4955679663029834,0,0.5
3,5,44,logistic_regression,209,399,0,0.5150518558729242,1,0.5
3,5,44,logistic_regression,212,500,0,0.881430268345661,1,0.5
3,5,44,logistic_regression,213,550,1,0.48961918179714436,0,0.5
3,5,44,logistic_regression,216,408,0,0.444682783697868,0,0.5
3,5,44,logistic_regression,217,503,0,0.4724850820685426,0,0.5
3,5,44,logistic_regression,218,324,0,0.3735020635754144,0,0.5
3,5,44,logistic_regression,240,555,0,0.4303011001665525,0,0.5
3,5,44,logistic_regression,243,253,0,0.4141937157695499,0,0.5
3,5,44,logistic_regression,244,487,0,0.49311736619607843,0,0.5
3,5,44,logistic_regression,245,292,0,0.4328016025966418,0,0.5
3,5,44,logistic_regression,246,381,0,0.5064240731734874,1,0.5
3,5,44,logistic_regression,249,284,0,0.40790751926689794,0,0.5
3,5,44,logistic_regression,256,329,0,0.48147861972933653,0,0.5
3,5,44,logistic_regression,257,485,0,0.5129123849960012,1,0.5
3,5,44,logistic_regression,260,296,0,0.07877677244708513,0,0.5
3,5,44,logistic_regression,261,259,1,0.45343742163879824,0,0.5
3,5,44,logistic_regression,264,265,0,0.061627381840842384,0,0.5
3,5,44,logistic_regression,275,267,0,0.4203534706226622,0,0.5
3,5,44,logistic_regression,279,219,0,0.4348678136980621,0,0.5
3,5,44,logistic_regression,280,389,0,0.46738513415034577,0,0.5
3,5,44,logistic_regression,284,272,0,0.42895890878015847,0,0.5
3,5,44,logistic_regression,286,419,0,0.40455810084154165,0,0.5
3,5,44,logistic_regression,288,289,0,0.42619903714459834,0,0.5
3,5,44,logistic_regression,292,283,0,0.7040826758666662,1,0.5
3,5,44,logistic_regression,293,358,0,0.3687709014760188,0,0.5
3,5,44,logistic_regression,294,220,0,0.694775722454735,1,0.5
3,5,44,logistic_regression,296,319,0,0.047948534835104036,0,0.5
3,5,44,logistic_regression,301,331,0,0.028099020558881076,0,0.5
3,5,44,logistic_regression,306,322,0,0.0561084699282611,0,0.5
3,5,44,logistic_regression,307,307,0,0.3805727795636471,0,0.5
3,5,44,logistic_regression,311,215,1,0.44462288326933125,0,0.5
3,5,44,logistic_regression,318,269,0,0.051240782982300316,0,0.5
3,5,44,logistic_regression,322,169,1,0.3676992659634327,0,0.5
3,5,44,logistic_regression,333,251,0,0.513531529453171,1,0.5
3,5,44,logistic_regression,348,155,0,0.42167697625920836,0,0.5
3,5,44,logistic_regression,358,160,0,0.38639348196690065,0,0.5
3,5,44,logistic_regression,366,239,1,0.34432601713166994,0,0.5
3,5,44,logistic_regression,376,103,0,0.31301552897749135,0,0.5
3,5,44,logistic_regression,378,400,0,0.34779936863974814,0,0.5
3,5,44,logistic_regression,382,90,0,0.44534085234951043,0,0.5
3,5,44,logistic_regression,392,137,0,0.6725878688561526,1,0.5
3,5,44,logistic_regression,398,64,0,0.3513129183098602,0,0.5
3,5,44,logistic_regression,403,54,0,0.35619638474721604,0,0.5
3,5,44,logistic_regression,404,171,0,0.3717959459091561,0,0.5
3,5,44,logistic_regression,414,89,0,0.334015476895466,0,0.5
3,5,44,logistic_regression,422,153,0,0.33890860923784294,0,0.5
3,5,44,logistic_regression,435,63,0,0.340869223719911,0,0.5
3,5,44,logistic_regression,438,34,0,0.3759902140421646,0,0.5
3,5,44,logistic_regression,441,77,0,0.10896291331077661,0,0.5
3,5,44,logistic_regression,447,68,0,0.3416395559965578,0,0.5
3,5,44,logistic_regression,448,1,0,0.3856390823975611,0,0.5
3,5,44,logistic_regression,449,25,0,0.3730877279386336,0,0.5
3,5,44,logistic_regression,468,371,0,0.3891277550949515,0,0.5
3,5,44,logistic_regression,492,17,0,0.34304402238731346,0,0.5
3,5,44,logistic_regression,494,671,0,0.05259978081330523,0,0.5
3,5,44,logistic_regression,500,362,0,0.4302872601673707,0,0.5
3,5,44,logistic_regression,504,37,0,0.30506178860000627,0,0.5
3,5,44,logistic_regression,506,628,0,0.5011380377240775,1,0.5
3,5,44,logistic_regression,507,469,0,0.5064231650645459,1,0.5
3,5,44,logistic_regression,512,364,0,0.4056311145571346,0,0.5
3,5,44,logistic_regression,513,425,0,0.39447220219070045,0,0.5
3,5,44,logistic_regression,516,365,0,0.33390565705673436,0,0.5
3,5,44,logistic_regression,518,76,1,0.5812927971581051,1,0.5
3,5,44,logistic_regression,525,213,0,0.8337027645246262,1,0.5
3,5,44,logistic_regression,526,385,0,0.041820009424786274,0,0.5
3,5,44,logistic_regression,536,458,0,0.4319172764824734,0,0.5
3,5,44,logistic_regression,539,748,0,0.6006374308869921,1,0.5
3,5,44,logistic_regression,542,712,0,0.14103022580458074,0,0.5
3,5,44,logistic_regression,545,456,0,0.41881659899962287,0,0.5
3,5,44,logistic_regression,550,257,0,0.3870398216679942,0,0.5
3,5,44,logistic_regression,560,315,0,0.35863737771375503,0,0.5
3,5,44,logistic_regression,567,56,0,0.06669487888982166,0,0.5
3,5,44,logistic_regression,571,193,0,0.3829705948093878,0,0.5
3,5,44,logistic_regression,584,135,0,0.3805194084661246,0,0.5
3,5,44,logistic_regression,588,225,0,0.3073023820328351,0,0.5
3,5,44,logistic_regression,598,710,0,0.4433045036956851,0,0.5
3,5,44,logistic_regression,601,92,0,0.36630032846096267,0,0.5
3,5,44,logistic_regression,625,421,0,0.7353305204170831,1,0.5
3,5,44,logistic_regression,631,294,0,0.47320394980528974,0,0.5
3,5,44,logistic_regression,637,502,0,0.6973551172777769,1,0.5
3,5,44,logistic_regression,639,756,1,0.726595170952526,1,0.5
3,5,44,logistic_regression,640,205,0,0.4040965592715628,0,0.5
3,5,44,logistic_regression,642,829,0,0.4709513819356423,0,0.5
3,5,44,logistic_regression,648,819,1,0.6104607819970105,1,0.5
3,5,44,logistic_regression,650,808,0,0.49695415944874194,0,0.5
3,5,44,logistic_regression,652,814,0,0.29416736432547197,0,0.5
3,5,44,logistic_regression,658,762,0,0.5135530537088056,1,0.5
3,5,44,logistic_regression,662,638,1,0.8802019289526374,1,0.5
3,5,44,logistic_regression,669,486,0,0.6559107562682037,1,0.5
3,5,44,logistic_regression,673,473,0,0.6572155995355576,1,0.5
3,5,44,logistic_regression,675,479,0,0.14922120707639822,0,0.5
3,5,44,logistic_regression,677,439,0,0.6168314847835185,1,0.5
3,5,44,logistic_regression,680,806,0,0.17591018170962153,0,0.5
3,5,44,logistic_regression,682,231,0,0.6899945043417005,1,0.5
3,5,44,logistic_regression,685,449,0,0.42010860759642404,0,0.5
3,5,44,logistic_regression,693,769,0,0.68705732012658,1,0.5
3,5,44,logistic_regression,696,325,0,0.46702277897961136,0,0.5
3,5,44,logistic_regression,710,725,0,0.4938231832192324,0,0.5
3,5,44,logistic_regression,718,66,0,0.6268896634408442,1,0.5
3,5,44,logistic_regression,720,342,0,0.53784562584761,1,0.5
3,5,44,logistic_regression,725,778,0,0.06028352140005468,0,0.5
3,5,44,logistic_regression,729,563,0,0.43048217571719943,0,0.5
3,5,44,logistic_regression,736,139,0,0.0472527338352649,0,0.5
3,5,44,logistic_regression,737,785,0,0.5730493677777967,1,0.5
3,5,44,logistic_regression,743,415,0,0.04885917488009922,0,0.5
3,5,44,logistic_regression,749,455,0,0.4088217370719789,0,0.5
3,5,44,logistic_regression,751,744,0,0.4565634067480435,0,0.5
3,5,44,logistic_regression,752,136,0,0.0452179436156858,0,0.5
3,5,44,logistic_regression,757,84,0,0.050499740951618015,0,0.5
3,5,44,logistic_regression,764,15,0,0.38003438814272933,0,0.5
3,5,44,logistic_regression,767,175,0,0.04511616353229759,0,0.5
3,5,44,logistic_regression,773,302,0,0.4343772531057004,0,0.5
3,5,44,logistic_regression,788,549,0,0.6837485506560181,1,0.5
3,5,44,logistic_regression,792,2,0,0.06204926052162375,0,0.5
3,5,44,logistic_regression,796,644,0,0.3519741975710424,0,0.5
3,5,44,logistic_regression,798,794,0,0.3589387008577017,0,0.5
3,5,44,logistic_regression,799,650,0,0.3006914387901173,0,0.5
3,5,44,logistic_regression,802,666,0,0.43346551640423164,0,0.5
3,5,44,logistic_regression,804,777,0,0.8450631826219867,1,0.5
3,5,44,logistic_regression,818,132,0,0.3864413660562004,0,0.5
3,5,44,logistic_regression,821,598,0,0.3700470750401644,0,0.5
3,5,44,logistic_regression,822,620,0,0.17079372860091535,0,0.5
3,5,44,logistic_regression,824,298,0,0.38648008240745874,0,0.5
3,5,44,xgboost,0,109,0,0.24742090702056885,0,0.5
3,5,44,xgboost,10,807,0,0.36486294865608215,0,0.5
3,5,44,xgboost,12,812,0,0.4211982488632202,0,0.5
3,5,44,xgboost,13,803,0,0.28224459290504456,0,0.5
3,5,44,xgboost,19,773,0,0.3926195800304413,0,0.5
3,5,44,xgboost,29,745,0,0.3600735068321228,0,0.5
3,5,44,xgboost,36,760,0,0.5546988844871521,1,0.5
3,5,44,xgboost,42,724,0,0.6444125771522522,1,0.5
3,5,44,xgboost,58,683,0,0.49689140915870667,0,0.5
3,5,44,xgboost,61,697,0,0.33172568678855896,0,0.5
3,5,44,xgboost,66,728,0,0.5912739634513855,1,0.5
3,5,44,xgboost,68,705,0,0.40791693329811096,0,0.5
3,5,44,xgboost,71,664,0,0.4027394950389862,0,0.5
3,5,44,xgboost,80,593,0,0.43073609471321106,0,0.5
3,5,44,xgboost,82,621,0,0.43051937222480774,0,0.5
3,5,44,xgboost,83,713,0,0.49899715185165405,0,0.5
3,5,44,xgboost,91,649,0,0.33464255928993225,0,0.5
3,5,44,xgboost,94,604,0,0.1406470239162445,0,0.5
3,5,44,xgboost,96,678,0,0.48876795172691345,0,0.5
3,5,44,xgboost,97,584,0,0.11850974708795547,0,0.5
3,5,44,xgboost,107,611,0,0.4686494767665863,0,0.5
3,5,44,xgboost,117,560,0,0.596382737159729,1,0.5
3,5,44,xgboost,118,498,0,0.3915506899356842,0,0.5
3,5,44,xgboost,124,596,0,0.41331377625465393,0,0.5
3,5,44,xgboost,127,518,0,0.39711591601371765,0,0.5
3,5,44,xgboost,128,557,0,0.303019642829895,0,0.5
3,5,44,xgboost,135,586,0,0.2102813869714737,0,0.5
3,5,44,xgboost,136,537,0,0.5546988844871521,1,0.5
3,5,44,xgboost,139,553,0,0.4162827730178833,0,0.5
3,5,44,xgboost,149,489,0,0.48876795172691345,0,0.5
3,5,44,xgboost,158,463,0,0.43051937222480774,0,0.5
3,5,44,xgboost,164,572,0,0.5433011651039124,1,0.5
3,5,44,xgboost,166,461,0,0.647178590297699,1,0.5
3,5,44,xgboost,178,548,0,0.4583176076412201,0,0.5
3,5,44,xgboost,183,411,0,0.5653204917907715,1,0.5
3,5,44,xgboost,190,527,0,0.37512484192848206,0,0.5
3,5,44,xgboost,191,459,0,0.52480548620224,1,0.5
3,5,44,xgboost,192,445,0,0.13109104335308075,0,0.5
3,5,44,xgboost,195,505,0,0.5930621027946472,1,0.5
3,5,44,xgboost,196,442,0,0.597349226474762,1,0.5
3,5,44,xgboost,202,494,1,0.6710144281387329,1,0.5
3,5,44,xgboost,203,222,0,0.42925071716308594,0,0.5
3,5,44,xgboost,208,387,0,0.4538547992706299,0,0.5
3,5,44,xgboost,209,399,0,0.4038534462451935,0,0.5
3,5,44,xgboost,212,500,0,0.33820265531539917,0,0.5
3,5,44,xgboost,213,550,1,0.46617838740348816,0,0.5
3,5,44,xgboost,216,408,0,0.2970500886440277,0,0.5
3,5,44,xgboost,217,503,0,0.5546988844871521,1,0.5
3,5,44,xgboost,218,324,0,0.44463154673576355,0,0.5
3,5,44,xgboost,240,555,0,0.3551391065120697,0,0.5
3,5,44,xgboost,243,253,0,0.3557872772216797,0,0.5
3,5,44,xgboost,244,487,0,0.43051937222480774,0,0.5
3,5,44,xgboost,245,292,0,0.5453155636787415,1,0.5
3,5,44,xgboost,246,381,0,0.43051937222480774,0,0.5
3,5,44,xgboost,249,284,0,0.5515097379684448,1,0.5
3,5,44,xgboost,256,329,0,0.3155127167701721,0,0.5
3,5,44,xgboost,257,485,0,0.3372451663017273,0,0.5
3,5,44,xgboost,260,296,0,0.14774690568447113,0,0.5
3,5,44,xgboost,261,259,1,0.30579882860183716,0,0.5
3,5,44,xgboost,264,265,0,0.17642322182655334,0,0.5
3,5,44,xgboost,275,267,0,0.5515097379684448,1,0.5
3,5,44,xgboost,279,219,0,0.3876543641090393,0,0.5
3,5,44,xgboost,280,389,0,0.52480548620224,1,0.5
3,5,44,xgboost,284,272,0,0.4104808568954468,0,0.5
3,5,44,xgboost,286,419,0,0.5153737664222717,1,0.5
3,5,44,xgboost,288,289,0,0.5188499093055725,1,0.5
3,5,44,xgboost,292,283,0,0.5137488842010498,1,0.5
3,5,44,xgboost,293,358,0,0.5010777115821838,1,0.5
3,5,44,xgboost,294,220,0,0.5515097379684448,1,0.5
3,5,44,xgboost,296,319,0,0.14621703326702118,0,0.5
3,5,44,xgboost,301,331,0,0.15953591465950012,0,0.5
3,5,44,xgboost,306,322,0,0.1766507774591446,0,0.5
3,5,44,xgboost,307,307,0,0.5010777115821838,1,0.5
3,5,44,xgboost,311,215,1,0.48876795172691345,0,0.5
3,5,44,xgboost,318,269,0,0.14621703326702118,0,0.5
3,5,44,xgboost,322,169,1,0.5870951414108276,1,0.5
3,5,44,xgboost,333,251,0,0.43051937222480774,0,0.5
3,5,44,xgboost,348,155,0,0.2969023585319519,0,0.5
3,5,44,xgboost,358,160,0,0.41743072867393494,0,0.5
3,5,44,xgboost,366,239,1,0.3360247313976288,0,0.5
3,5,44,xgboost,376,103,0,0.27544984221458435,0,0.5
3,5,44,xgboost,378,400,0,0.3315615653991699,0,0.5
3,5,44,xgboost,382,90,0,0.373625785112381,0,0.5
3,5,44,xgboost,392,137,0,0.36510440707206726,0,0.5
3,5,44,xgboost,398,64,0,0.2143716961145401,0,0.5
3,5,44,xgboost,403,54,0,0.2143716961145401,0,0.5
3,5,44,xgboost,404,171,0,0.49108168482780457,0,0.5
3,5,44,xgboost,414,89,0,0.30998843908309937,0,0.5
3,5,44,xgboost,422,153,0,0.35938164591789246,0,0.5
3,5,44,xgboost,435,63,0,0.22722841799259186,0,0.5
3,5,44,xgboost,438,34,0,0.2887817323207855,0,0.5
3,5,44,xgboost,441,77,0,0.33410489559173584,0,0.5
3,5,44,xgboost,447,68,0,0.2180114984512329,0,0.5
3,5,44,xgboost,448,1,0,0.26472246646881104,0,0.5
3,5,44,xgboost,449,25,0,0.26472246646881104,0,0.5
3,5,44,xgboost,468,371,0,0.5010777115821838,1,0.5
3,5,44,xgboost,492,17,0,0.23413929343223572,0,0.5
3,5,44,xgboost,494,671,0,0.1500093638896942,0,0.5
3,5,44,xgboost,500,362,0,0.43051937222480774,0,0.5
3,5,44,xgboost,504,37,0,0.2143716961145401,0,0.5
3,5,44,xgboost,506,628,0,0.6065062880516052,1,0.5
3,5,44,xgboost,507,469,0,0.47127094864845276,0,0.5
3,5,44,xgboost,512,364,0,0.44463154673576355,0,0.5
3,5,44,xgboost,513,425,0,0.5010777115821838,1,0.5
3,5,44,xgboost,516,365,0,0.4003867208957672,0,0.5
3,5,44,xgboost,518,76,1,0.328811377286911,0,0.5
3,5,44,xgboost,525,213,0,0.49740925431251526,0,0.5
3,5,44,xgboost,526,385,0,0.13339418172836304,0,0.5
3,5,44,xgboost,536,458,0,0.5868629217147827,1,0.5
3,5,44,xgboost,539,748,0,0.32380738854408264,0,0.5
3,5,44,xgboost,542,712,0,0.5349058508872986,1,0.5
3,5,44,xgboost,545,456,0,0.4234241247177124,0,0.5
3,5,44,xgboost,550,257,0,0.3825830817222595,0,0.5
3,5,44,xgboost,560,315,0,0.3268183469772339,0,0.5
3,5,44,xgboost,567,56,0,0.3026978075504303,0,0.5
3,5,44,xgboost,571,193,0,0.47451841831207275,0,0.5
3,5,44,xgboost,584,135,0,0.3002103269100189,0,0.5
3,5,44,xgboost,588,225,0,0.36094143986701965,0,0.5
3,5,44,xgboost,598,710,0,0.5868629217147827,1,0.5
3,5,44,xgboost,601,92,0,0.2397654950618744,0,0.5
3,5,44,xgboost,625,421,0,0.5913122892379761,1,0.5
3,5,44,xgboost,631,294,0,0.5546988844871521,1,0.5
3,5,44,xgboost,637,502,0,0.4395710229873657,0,0.5
3,5,44,xgboost,639,756,1,0.7478614449501038,1,0.5
3,5,44,xgboost,640,205,0,0.2844407260417938,0,0.5
3,5,44,xgboost,642,829,0,0.3635634779930115,0,0.5
3,5,44,xgboost,648,819,1,0.459430992603302,0,0.5
3,5,44,xgboost,650,808,0,0.41762784123420715,0,0.5
3,5,44,xgboost,652,814,0,0.3409413993358612,0,0.5
3,5,44,xgboost,658,762,0,0.52480548620224,1,0.5
3,5,44,xgboost,662,638,1,0.5319927334785461,1,0.5
3,5,44,xgboost,669,486,0,0.5057772994041443,1,0.5
3,5,44,xgboost,673,473,0,0.49539002776145935,0,0.5
3,5,44,xgboost,675,479,0,0.2284938097000122,0,0.5
3,5,44,xgboost,677,439,0,0.5244442224502563,1,0.5
3,5,44,xgboost,680,806,0,0.10702096670866013,0,0.5
3,5,44,xgboost,682,231,0,0.6342861652374268,1,0.5
3,5,44,xgboost,685,449,0,0.3876543641090393,0,0.5
3,5,44,xgboost,693,769,0,0.7249137759208679,1,0.5
3,5,44,xgboost,696,325,0,0.3155127167701721,0,0.5
3,5,44,xgboost,710,725,0,0.52480548620224,1,0.5
3,5,44,xgboost,718,66,0,0.4406335949897766,0,0.5
3,5,44,xgboost,720,342,0,0.3738264739513397,0,0.5
3,5,44,xgboost,725,778,0,0.16888396441936493,0,0.5
3,5,44,xgboost,729,563,0,0.5010777115821838,1,0.5
3,5,44,xgboost,736,139,0,0.14102007448673248,0,0.5
3,5,44,xgboost,737,785,0,0.5108067393302917,1,0.5
3,5,44,xgboost,743,415,0,0.1457444131374359,0,0.5
3,5,44,xgboost,749,455,0,0.43888646364212036,0,0.5
3,5,44,xgboost,751,744,0,0.3551391065120697,0,0.5
3,5,44,xgboost,752,136,0,0.12399999797344208,0,0.5
3,5,44,xgboost,757,84,0,0.10669136792421341,0,0.5
3,5,44,xgboost,764,15,0,0.26472246646881104,0,0.5
3,5,44,xgboost,767,175,0,0.12866364419460297,0,0.5
3,5,44,xgboost,773,302,0,0.2613748013973236,0,0.5
3,5,44,xgboost,788,549,0,0.4688206613063812,0,0.5
3,5,44,xgboost,792,2,0,0.19469863176345825,0,0.5
3,5,44,xgboost,796,644,0,0.5010777115821838,1,0.5
3,5,44,xgboost,798,794,0,0.48788347840309143,0,0.5
3,5,44,xgboost,799,650,0,0.6028470993041992,1,0.5
3,5,44,xgboost,802,666,0,0.4417685270309448,0,0.5
3,5,44,xgboost,804,777,0,0.5375779271125793,1,0.5
3,5,44,xgboost,818,132,0,0.4011684060096741,0,0.5
3,5,44,xgboost,821,598,0,0.5010777115821838,1,0.5
3,5,44,xgboost,822,620,0,0.45254120230674744,0,0.5
3,5,44,xgboost,824,298,0,0.3825830817222595,0,0.5
4,1,45,dummy_prior,4,816,0,0.06325301204819277,0,0.5
4,1,45,dummy_prior,8,809,0,0.06325301204819277,0,0.5
4,1,45,dummy_prior,9,804,0,0.06325301204819277,0,0.5
4,1,45,dummy_prior,14,798,0,0.06325301204819277,0,0.5
4,1,45,dummy_prior,27,759,0,0.06325301204819277,0,0.5
4,1,45,dummy_prior,34,749,0,0.06325301204819277,0,0.5
4,1,45,dummy_prior,35,737,0,0.06325301204819277,0,0.5
4,1,45,dummy_prior,39,719,0,0.06325301204819277,0,0.5
4,1,45,dummy_prior,41,732,1,0.06325301204819277,0,0.5
4,1,45,dummy_prior,47,770,0,0.06325301204819277,0,0.5
4,1,45,dummy_prior,61,697,0,0.06325301204819277,0,0.5
4,1,45,dummy_prior,67,696,0,0.06325301204819277,0,0.5
4,1,45,dummy_prior,74,686,0,0.06325301204819277,0,0.5
4,1,45,dummy_prior,76,646,0,0.06325301204819277,0,0.5
4,1,45,dummy_prior,79,630,0,0.06325301204819277,0,0.5
4,1,45,dummy_prior,80,593,0,0.06325301204819277,0,0.5
4,1,45,dummy_prior,89,707,0,0.06325301204819277,0,0.5
4,1,45,dummy_prior,94,604,0,0.06325301204819277,0,0.5
4,1,45,dummy_prior,105,577,0,0.06325301204819277,0,0.5
4,1,45,dummy_prior,112,328,0,0.06325301204819277,0,0.5
4,1,45,dummy_prior,133,568,0,0.06325301204819277,0,0.5
4,1,45,dummy_prior,137,517,0,0.06325301204819277,0,0.5
4,1,45,dummy_prior,140,194,0,0.06325301204819277,0,0.5
4,1,45,dummy_prior,145,576,0,0.06325301204819277,0,0.5
4,1,45,dummy_prior,150,551,0,0.06325301204819277,0,0.5
4,1,45,dummy_prior,154,507,0,0.06325301204819277,0,0.5
4,1,45,dummy_prior,155,448,0,0.06325301204819277,0,0.5
4,1,45,dummy_prior,157,617,0,0.06325301204819277,0,0.5
4,1,45,dummy_prior,159,484,0,0.06325301204819277,0,0.5
4,1,45,dummy_prior,160,490,0,0.06325301204819277,0,0.5
4,1,45,dummy_prior,161,481,0,0.06325301204819277,0,0.5
4,1,45,dummy_prior,162,509,1,0.06325301204819277,0,0.5
4,1,45,dummy_prior,167,535,0,0.06325301204819277,0,0.5
4,1,45,dummy_prior,171,522,0,0.06325301204819277,0,0.5
4,1,45,dummy_prior,176,468,0,0.06325301204819277,0,0.5
4,1,45,dummy_prior,179,414,0,0.06325301204819277,0,0.5
4,1,45,dummy_prior,184,488,1,0.06325301204819277,0,0.5
4,1,45,dummy_prior,185,404,0,0.06325301204819277,0,0.5
4,1,45,dummy_prior,187,475,0,0.06325301204819277,0,0.5
4,1,45,dummy_prior,190,527,0,0.06325301204819277,0,0.5
4,1,45,dummy_prior,195,505,0,0.06325301204819277,0,0.5
4,1,45,dummy_prior,196,442,0,0.06325301204819277,0,0.5
4,1,45,dummy_prior,210,453,0,0.06325301204819277,0,0.5
4,1,45,dummy_prior,213,550,1,0.06325301204819277,0,0.5
4,1,45,dummy_prior,214,372,0,0.06325301204819277,0,0.5
4,1,45,dummy_prior,217,503,0,0.06325301204819277,0,0.5
4,1,45,dummy_prior,220,407,0,0.06325301204819277,0,0.5
4,1,45,dummy_prior,226,394,0,0.06325301204819277,0,0.5
4,1,45,dummy_prior,227,585,0,0.06325301204819277,0,0.5
4,1,45,dummy_prior,237,497,0,0.06325301204819277,0,0.5
4,1,45,dummy_prior,246,381,0,0.06325301204819277,0,0.5
4,1,45,dummy_prior,251,279,0,0.06325301204819277,0,0.5
4,1,45,dummy_prior,253,366,0,0.06325301204819277,0,0.5
4,1,45,dummy_prior,256,329,0,0.06325301204819277,0,0.5
4,1,45,dummy_prior,257,485,0,0.06325301204819277,0,0.5
4,1,45,dummy_prior,258,227,0,0.06325301204819277,0,0.5
4,1,45,dummy_prior,262,247,0,0.06325301204819277,0,0.5
4,1,45,dummy_prior,267,211,0,0.06325301204819277,0,0.5
4,1,45,dummy_prior,276,263,0,0.06325301204819277,0,0.5
4,1,45,dummy_prior,281,252,0,0.06325301204819277,0,0.5
4,1,45,dummy_prior,282,430,0,0.06325301204819277,0,0.5
4,1,45,dummy_prior,291,288,0,0.06325301204819277,0,0.5
4,1,45,dummy_prior,292,283,0,0.06325301204819277,0,0.5
4,1,45,dummy_prior,296,319,0,0.06325301204819277,0,0.5
4,1,45,dummy_prior,297,301,0,0.06325301204819277,0,0.5
4,1,45,dummy_prior,298,202,0,0.06325301204819277,0,0.5
4,1,45,dummy_prior,307,307,0,0.06325301204819277,0,0.5
4,1,45,dummy_prior,310,370,0,0.06325301204819277,0,0.5
4,1,45,dummy_prior,311,215,1,0.06325301204819277,0,0.5
4,1,45,dummy_prior,315,308,0,0.06325301204819277,0,0.5
4,1,45,dummy_prior,321,654,0,0.06325301204819277,0,0.5
4,1,45,dummy_prior,331,229,0,0.06325301204819277,0,0.5
4,1,45,dummy_prior,334,818,0,0.06325301204819277,0,0.5
4,1,45,dummy_prior,340,159,0,0.06325301204819277,0,0.5
4,1,45,dummy_prior,344,131,0,0.06325301204819277,0,0.5
4,1,45,dummy_prior,347,167,0,0.06325301204819277,0,0.5
4,1,45,dummy_prior,360,147,0,0.06325301204819277,0,0.5
4,1,45,dummy_prior,366,239,1,0.06325301204819277,0,0.5
4,1,45,dummy_prior,370,243,0,0.06325301204819277,0,0.5
4,1,45,dummy_prior,375,224,0,0.06325301204819277,0,0.5
4,1,45,dummy_prior,383,266,0,0.06325301204819277,0,0.5
4,1,45,dummy_prior,385,49,0,0.06325301204819277,0,0.5
4,1,45,dummy_prior,400,61,0,0.06325301204819277,0,0.5
4,1,45,dummy_prior,401,57,0,0.06325301204819277,0,0.5
4,1,45,dummy_prior,402,60,0,0.06325301204819277,0,0.5
4,1,45,dummy_prior,403,54,0,0.06325301204819277,0,0.5
4,1,45,dummy_prior,415,51,0,0.06325301204819277,0,0.5
4,1,45,dummy_prior,416,181,0,0.06325301204819277,0,0.5
4,1,45,dummy_prior,419,161,0,0.06325301204819277,0,0.5
4,1,45,dummy_prior,426,39,0,0.06325301204819277,0,0.5
4,1,45,dummy_prior,427,26,0,0.06325301204819277,0,0.5
4,1,45,dummy_prior,434,107,0,0.06325301204819277,0,0.5
4,1,45,dummy_prior,435,63,0,0.06325301204819277,0,0.5
4,1,45,dummy_prior,440,46,0,0.06325301204819277,0,0.5
4,1,45,dummy_prior,455,94,0,0.06325301204819277,0,0.5
4,1,45,dummy_prior,462,534,0,0.06325301204819277,0,0.5
4,1,45,dummy_prior,469,286,0,0.06325301204819277,0,0.5
4,1,45,dummy_prior,472,151,0,0.06325301204819277,0,0.5
4,1,45,dummy_prior,475,658,0,0.06325301204819277,0,0.5
4,1,45,dummy_prior,480,663,0,0.06325301204819277,0,0.5
4,1,45,dummy_prior,481,614,0,0.06325301204819277,0,0.5
4,1,45,dummy_prior,482,763,0,0.06325301204819277,0,0.5
4,1,45,dummy_prior,493,38,0,0.06325301204819277,0,0.5
4,1,45,dummy_prior,494,671,0,0.06325301204819277,0,0.5
4,1,45,dummy_prior,495,96,0,0.06325301204819277,0,0.5
4,1,45,dummy_prior,499,514,0,0.06325301204819277,0,0.5
4,1,45,dummy_prior,501,123,0,0.06325301204819277,0,0.5
4,1,45,dummy_prior,512,364,0,0.06325301204819277,0,0.5
4,1,45,dummy_prior,514,93,0,0.06325301204819277,0,0.5
4,1,45,dummy_prior,517,361,0,0.06325301204819277,0,0.5
4,1,45,dummy_prior,520,474,0,0.06325301204819277,0,0.5
4,1,45,dummy_prior,533,20,0,0.06325301204819277,0,0.5
4,1,45,dummy_prior,542,712,0,0.06325301204819277,0,0.5
4,1,45,dummy_prior,551,373,0,0.06325301204819277,0,0.5
4,1,45,dummy_prior,552,523,0,0.06325301204819277,0,0.5
4,1,45,dummy_prior,556,126,1,0.06325301204819277,0,0.5
4,1,45,dummy_prior,567,56,0,0.06325301204819277,0,0.5
4,1,45,dummy_prior,572,248,0,0.06325301204819277,0,0.5
4,1,45,dummy_prior,573,83,0,0.06325301204819277,0,0.5
4,1,45,dummy_prior,578,670,0,0.06325301204819277,0,0.5
4,1,45,dummy_prior,579,440,0,0.06325301204819277,0,0.5
4,1,45,dummy_prior,587,311,0,0.06325301204819277,0,0.5
4,1,45,dummy_prior,590,341,1,0.06325301204819277,0,0.5
4,1,45,dummy_prior,591,706,0,0.06325301204819277,0,0.5
4,1,45,dummy_prior,596,363,0,0.06325301204819277,0,0.5
4,1,45,dummy_prior,600,118,0,0.06325301204819277,0,0.5
4,1,45,dummy_prior,609,261,0,0.06325301204819277,0,0.5
4,1,45,dummy_prior,617,512,0,0.06325301204819277,0,0.5
4,1,45,dummy_prior,619,285,0,0.06325301204819277,0,0.5
4,1,45,dummy_prior,620,471,0,0.06325301204819277,0,0.5
4,1,45,dummy_prior,622,277,0,0.06325301204819277,0,0.5
4,1,45,dummy_prior,627,826,0,0.06325301204819277,0,0.5
4,1,45,dummy_prior,630,236,1,0.06325301204819277,0,0.5
4,1,45,dummy_prior,635,33,0,0.06325301204819277,0,0.5
4,1,45,dummy_prior,641,67,0,0.06325301204819277,0,0.5
4,1,45,dummy_prior,644,755,0,0.06325301204819277,0,0.5
4,1,45,dummy_prior,645,817,1,0.06325301204819277,0,0.5
4,1,45,dummy_prior,653,609,0,0.06325301204819277,0,0.5
4,1,45,dummy_prior,654,822,0,0.06325301204819277,0,0.5
4,1,45,dummy_prior,659,815,0,0.06325301204819277,0,0.5
4,1,45,dummy_prior,663,510,1,0.06325301204819277,0,0.5
4,1,45,dummy_prior,669,486,0,0.06325301204819277,0,0.5
4,1,45,dummy_prior,684,374,0,0.06325301204819277,0,0.5
4,1,45,dummy_prior,689,521,0,0.06325301204819277,0,0.5
4,1,45,dummy_prior,702,623,0,0.06325301204819277,0,0.5
4,1,45,dummy_prior,704,775,0,0.06325301204819277,0,0.5
4,1,45,dummy_prior,712,477,0,0.06325301204819277,0,0.5
4,1,45,dummy_prior,720,342,0,0.06325301204819277,0,0.5
4,1,45,dummy_prior,724,99,0,0.06325301204819277,0,0.5
4,1,45,dummy_prior,729,563,0,0.06325301204819277,0,0.5
4,1,45,dummy_prior,745,661,0,0.06325301204819277,0,0.5
4,1,45,dummy_prior,747,23,0,0.06325301204819277,0,0.5
4,1,45,dummy_prior,753,656,0,0.06325301204819277,0,0.5
4,1,45,dummy_prior,757,84,0,0.06325301204819277,0,0.5
4,1,45,dummy_prior,761,752,0,0.06325301204819277,0,0.5
4,1,45,dummy_prior,762,164,0,0.06325301204819277,0,0.5
4,1,45,dummy_prior,763,350,0,0.06325301204819277,0,0.5
4,1,45,dummy_prior,768,690,0,0.06325301204819277,0,0.5
4,1,45,dummy_prior,769,605,0,0.06325301204819277,0,0.5
4,1,45,dummy_prior,771,396,0,0.06325301204819277,0,0.5
4,1,45,dummy_prior,772,141,0,0.06325301204819277,0,0.5
4,1,45,dummy_prior,786,163,0,0.06325301204819277,0,0.5
4,1,45,dummy_prior,792,2,0,0.06325301204819277,0,0.5
4,1,45,dummy_prior,793,352,0,0.06325301204819277,0,0.5
4,1,45,dummy_prior,806,659,0,0.06325301204819277,0,0.5
4,1,45,dummy_prior,808,332,0,0.06325301204819277,0,0.5
4,1,45,dummy_prior,823,117,0,0.06325301204819277,0,0.5
4,1,45,logistic_regression,4,816,0,0.6586301054941442,1,0.5
4,1,45,logistic_regression,8,809,0,0.49288655938866993,0,0.5
4,1,45,logistic_regression,9,804,0,0.5631527993528479,1,0.5
4,1,45,logistic_regression,14,798,0,0.649664282041698,1,0.5
4,1,45,logistic_regression,27,759,0,0.44904335057603184,0,0.5
4,1,45,logistic_regression,34,749,0,0.6760533984854741,1,0.5
4,1,45,logistic_regression,35,737,0,0.5812689520743489,1,0.5
4,1,45,logistic_regression,39,719,0,0.46447826901176253,0,0.5
4,1,45,logistic_regression,41,732,1,0.808189117219298,1,0.5
4,1,45,logistic_regression,47,770,0,0.5587096041129799,1,0.5
4,1,45,logistic_regression,61,697,0,0.659542170128238,1,0.5
4,1,45,logistic_regression,67,696,0,0.847330607685204,1,0.5
4,1,45,logistic_regression,74,686,0,0.459788922712858,0,0.5
4,1,45,logistic_regression,76,646,0,0.42119679864263543,0,0.5
4,1,45,logistic_regression,79,630,0,0.4727589481872523,0,0.5
4,1,45,logistic_regression,80,593,0,0.7230199151775465,1,0.5
4,1,45,logistic_regression,89,707,0,0.2413807300999006,0,0.5
4,1,45,logistic_regression,94,604,0,0.18173293185856557,0,0.5
4,1,45,logistic_regression,105,577,0,0.5566736275413553,1,0.5
4,1,45,logistic_regression,112,328,0,0.4247848856516462,0,0.5
4,1,45,logistic_regression,133,568,0,0.8832708972283604,1,0.5
4,1,45,logistic_regression,137,517,0,0.43506558357131553,0,0.5
4,1,45,logistic_regression,140,194,0,0.17360992391627814,0,0.5
4,1,45,logistic_regression,145,576,0,0.5905940288470274,1,0.5
4,1,45,logistic_regression,150,551,0,0.4145395390376898,0,0.5
4,1,45,logistic_regression,154,507,0,0.5607713191122622,1,0.5
4,1,45,logistic_regression,155,448,0,0.4949552179011407,0,0.5
4,1,45,logistic_regression,157,617,0,0.4213568150835138,0,0.5
4,1,45,logistic_regression,159,484,0,0.5960210070869942,1,0.5
4,1,45,logistic_regression,160,490,0,0.4835114195105381,0,0.5
4,1,45,logistic_regression,161,481,0,0.4898591681187421,0,0.5
4,1,45,logistic_regression,162,509,1,0.44371305494229024,0,0.5
4,1,45,logistic_regression,167,535,0,0.535990606188697,1,0.5
4,1,45,logistic_regression,171,522,0,0.5206212694083066,1,0.5
4,1,45,logistic_regression,176,468,0,0.4172410483284184,0,0.5
4,1,45,logistic_regression,179,414,0,0.5801921927969359,1,0.5
4,1,45,logistic_regression,184,488,1,0.6744964612867792,1,0.5
4,1,45,logistic_regression,185,404,0,0.8204245323018539,1,0.5
4,1,45,logistic_regression,187,475,0,0.4255244915426517,0,0.5
4,1,45,logistic_regression,190,527,0,0.5222907824851971,1,0.5
4,1,45,logistic_regression,195,505,0,0.4173589525601507,0,0.5
4,1,45,logistic_regression,196,442,0,0.5094061759793758,1,0.5
4,1,45,logistic_regression,210,453,0,0.42521499922790335,0,0.5
4,1,45,logistic_regression,213,550,1,0.48057704518203676,0,0.5
4,1,45,logistic_regression,214,372,0,0.41473059534312084,0,0.5
4,1,45,logistic_regression,217,503,0,0.44341568052587094,0,0.5
4,1,45,logistic_regression,220,407,0,0.25271186888899355,0,0.5
4,1,45,logistic_regression,226,394,0,0.7629103082149623,1,0.5
4,1,45,logistic_regression,227,585,0,0.20504662377622465,0,0.5
4,1,45,logistic_regression,237,497,0,0.574044637565055,1,0.5
4,1,45,logistic_regression,246,381,0,0.494155890896878,0,0.5
4,1,45,logistic_regression,251,279,0,0.3964330461220548,0,0.5
4,1,45,logistic_regression,253,366,0,0.16704207295817064,0,0.5
4,1,45,logistic_regression,256,329,0,0.5262886684945124,1,0.5
4,1,45,logistic_regression,257,485,0,0.4958456999760087,0,0.5
4,1,45,logistic_regression,258,227,0,0.3737753383344386,0,0.5
4,1,45,logistic_regression,262,247,0,0.5053711209354625,1,0.5
4,1,45,logistic_regression,267,211,0,0.3954299307097725,0,0.5
4,1,45,logistic_regression,276,263,0,0.37670355644622566,0,0.5
4,1,45,logistic_regression,281,252,0,0.1855248909803036,0,0.5
4,1,45,logistic_regression,282,430,0,0.44049422545609934,0,0.5
4,1,45,logistic_regression,291,288,0,0.40825224419953154,0,0.5
4,1,45,logistic_regression,292,283,0,0.7655932390939113,1,0.5
4,1,45,logistic_regression,296,319,0,0.17521223137151873,0,0.5
4,1,45,logistic_regression,297,301,0,0.47220720817097783,0,0.5
4,1,45,logistic_regression,298,202,0,0.3300151897752903,0,0.5
4,1,45,logistic_regression,307,307,0,0.3889197150453967,0,0.5
4,1,45,logistic_regression,310,370,0,0.39935880384708505,0,0.5
4,1,45,logistic_regression,311,215,1,0.440048577595114,0,0.5
4,1,45,logistic_regression,315,308,0,0.4599245144818966,0,0.5
4,1,45,logistic_regression,321,654,0,0.4310676994574303,0,0.5
4,1,45,logistic_regression,331,229,0,0.4108177058040406,0,0.5
4,1,45,logistic_regression,334,818,0,0.7803617959588519,1,0.5
4,1,45,logistic_regression,340,159,0,0.20612655852007913,0,0.5
4,1,45,logistic_regression,344,131,0,0.3907826728099933,0,0.5
4,1,45,logistic_regression,347,167,0,0.1935608807696555,0,0.5
4,1,45,logistic_regression,360,147,0,0.38322080029785555,0,0.5
4,1,45,logistic_regression,366,239,1,0.3567411289613447,0,0.5
4,1,45,logistic_regression,370,243,0,0.2632772193929847,0,0.5
4,1,45,logistic_regression,375,224,0,0.36994817824762555,0,0.5
4,1,45,logistic_regression,383,266,0,0.3823524231973736,0,0.5
4,1,45,logistic_regression,385,49,0,0.38084630086320614,0,0.5
4,1,45,logistic_regression,400,61,0,0.17141887344049644,0,0.5
4,1,45,logistic_regression,401,57,0,0.7373463513824045,1,0.5
4,1,45,logistic_regression,402,60,0,0.18007084425960093,0,0.5
4,1,45,logistic_regression,403,54,0,0.36649657219338494,0,0.5
4,1,45,logistic_regression,415,51,0,0.37661894563125836,0,0.5
4,1,45,logistic_regression,416,181,0,0.688121825983075,1,0.5
4,1,45,logistic_regression,419,161,0,0.4296075818098653,0,0.5
4,1,45,logistic_regression,426,39,0,0.16237901699570934,0,0.5
4,1,45,logistic_regression,427,26,0,0.372282637710929,0,0.5
4,1,45,logistic_regression,434,107,0,0.4382529838469846,0,0.5
4,1,45,logistic_regression,435,63,0,0.3561279471504368,0,0.5
4,1,45,logistic_regression,440,46,0,0.17551191185751802,0,0.5
4,1,45,logistic_regression,455,94,0,0.3821091504808463,0,0.5
4,1,45,logistic_regression,462,534,0,0.45358445711864465,0,0.5
4,1,45,logistic_regression,469,286,0,0.42275885436373933,0,0.5
4,1,45,logistic_regression,472,151,0,0.17052209237485869,0,0.5
4,1,45,logistic_regression,475,658,0,0.4942784446917652,0,0.5
4,1,45,logistic_regression,480,663,0,0.7180633992136428,1,0.5
4,1,45,logistic_regression,481,614,0,0.46411150188024997,0,0.5
4,1,45,logistic_regression,482,763,0,0.42647800009327547,0,0.5
4,1,45,logistic_regression,493,38,0,0.36877996078989833,0,0.5
4,1,45,logistic_regression,494,671,0,0.23722949220928888,0,0.5
4,1,45,logistic_regression,495,96,0,0.37500665202204986,0,0.5
4,1,45,logistic_regression,499,514,0,0.48224151687163136,0,0.5
4,1,45,logistic_regression,501,123,0,0.4065529174847146,0,0.5
4,1,45,logistic_regression,512,364,0,0.4051587592309763,0,0.5
4,1,45,logistic_regression,514,93,0,0.3705085360415645,0,0.5
4,1,45,logistic_regression,517,361,0,0.39576583878050847,0,0.5
4,1,45,logistic_regression,520,474,0,0.38038017624585796,0,0.5
4,1,45,logistic_regression,533,20,0,0.3510628702379527,0,0.5
4,1,45,logistic_regression,542,712,0,0.5468954860888277,1,0.5
4,1,45,logistic_regression,551,373,0,0.5637590023056731,1,0.5
4,1,45,logistic_regression,552,523,0,0.5139545828404728,1,0.5
4,1,45,logistic_regression,556,126,1,0.3975754594660284,0,0.5
4,1,45,logistic_regression,567,56,0,0.3643002744761247,0,0.5
4,1,45,logistic_regression,572,248,0,0.5754880177426802,1,0.5
4,1,45,logistic_regression,573,83,0,0.384919903508523,0,0.5
4,1,45,logistic_regression,578,670,0,0.558107782326444,1,0.5
4,1,45,logistic_regression,579,440,0,0.19045212814244034,0,0.5
4,1,45,logistic_regression,587,311,0,0.3871089202376047,0,0.5
4,1,45,logistic_regression,590,341,1,0.7210765564450047,1,0.5
4,1,45,logistic_regression,591,706,0,0.6908657300369048,1,0.5
4,1,45,logistic_regression,596,363,0,0.47283489998511746,0,0.5
4,1,45,logistic_regression,600,118,0,0.40657777768681574,0,0.5
4,1,45,logistic_regression,609,261,0,0.18528603179600725,0,0.5
4,1,45,logistic_regression,617,512,0,0.4110723340821906,0,0.5
4,1,45,logistic_regression,619,285,0,0.48191773117333964,0,0.5
4,1,45,logistic_regression,620,471,0,0.5040199920569743,1,0.5
4,1,45,logistic_regression,622,277,0,0.43791718326752943,0,0.5
4,1,45,logistic_regression,627,826,0,0.6779133351899297,1,0.5
4,1,45,logistic_regression,630,236,1,0.3533513573975588,0,0.5
4,1,45,logistic_regression,635,33,0,0.361843816936409,0,0.5
4,1,45,logistic_regression,641,67,0,0.3547799216965141,0,0.5
4,1,45,logistic_regression,644,755,0,0.821575957180537,1,0.5
4,1,45,logistic_regression,645,817,1,0.6934790884072488,1,0.5
4,1,45,logistic_regression,653,609,0,0.4034119398609164,0,0.5
4,1,45,logistic_regression,654,822,0,0.5808154923828419,1,0.5
4,1,45,logistic_regression,659,815,0,0.49236339309514543,0,0.5
4,1,45,logistic_regression,663,510,1,0.41005088180581395,0,0.5
4,1,45,logistic_regression,669,486,0,0.5546355243975993,1,0.5
4,1,45,logistic_regression,684,374,0,0.49379732144491434,0,0.5
4,1,45,logistic_regression,689,521,0,0.4937690084945282,0,0.5
4,1,45,logistic_regression,702,623,0,0.5192209577775321,1,0.5
4,1,45,logistic_regression,704,775,0,0.7785277551211712,1,0.5
4,1,45,logistic_regression,712,477,0,0.373908064065134,0,0.5
4,1,45,logistic_regression,720,342,0,0.5953573705478622,1,0.5
4,1,45,logistic_regression,724,99,0,0.3532267545506179,0,0.5
4,1,45,logistic_regression,729,563,0,0.48753157133595787,0,0.5
4,1,45,logistic_regression,745,661,0,0.2041910430066366,0,0.5
4,1,45,logistic_regression,747,23,0,0.3367062589080727,0,0.5
4,1,45,logistic_regression,753,656,0,0.5619552716533763,1,0.5
4,1,45,logistic_regression,757,84,0,0.1808533301445337,0,0.5
4,1,45,logistic_regression,761,752,0,0.8450993062253563,1,0.5
4,1,45,logistic_regression,762,164,0,0.6942155602791955,1,0.5
4,1,45,logistic_regression,763,350,0,0.40701416748260216,0,0.5
4,1,45,logistic_regression,768,690,0,0.7188515006058125,1,0.5
4,1,45,logistic_regression,769,605,0,0.43274959753253217,0,0.5
4,1,45,logistic_regression,771,396,0,0.38560888633553475,0,0.5
4,1,45,logistic_regression,772,141,0,0.37550547818678176,0,0.5
4,1,45,logistic_regression,786,163,0,0.5738652847098386,1,0.5
4,1,45,logistic_regression,792,2,0,0.2580018588021216,0,0.5
4,1,45,logistic_regression,793,352,0,0.5700473983371072,1,0.5
4,1,45,logistic_regression,806,659,0,0.24228488229095296,0,0.5
4,1,45,logistic_regression,808,332,0,0.35772104929863346,0,0.5
4,1,45,logistic_regression,823,117,0,0.35347122959104743,0,0.5
4,1,45,xgboost,4,816,0,0.48975512385368347,0,0.5
4,1,45,xgboost,8,809,0,0.18719258904457092,0,0.5
4,1,45,xgboost,9,804,0,0.5309738516807556,1,0.5
4,1,45,xgboost,14,798,0,0.4211266040802002,0,0.5
4,1,45,xgboost,27,759,0,0.5749800205230713,1,0.5
4,1,45,xgboost,34,749,0,0.46182388067245483,0,0.5
4,1,45,xgboost,35,737,0,0.323077917098999,0,0.5
4,1,45,xgboost,39,719,0,0.15666967630386353,0,0.5
4,1,45,xgboost,41,732,1,0.8346039652824402,1,0.5
4,1,45,xgboost,47,770,0,0.44870853424072266,0,0.5
4,1,45,xgboost,61,697,0,0.10571668297052383,0,0.5
4,1,45,xgboost,67,696,0,0.682093620300293,1,0.5
4,1,45,xgboost,74,686,0,0.1578313410282135,0,0.5
4,1,45,xgboost,76,646,0,0.044273149222135544,0,0.5
4,1,45,xgboost,79,630,0,0.27782630920410156,0,0.5
4,1,45,xgboost,80,593,0,0.29466646909713745,0,0.5
4,1,45,xgboost,89,707,0,0.027840061113238335,0,0.5
4,1,45,xgboost,94,604,0,0.061831921339035034,0,0.5
4,1,45,xgboost,105,577,0,0.7306576371192932,1,0.5
4,1,45,xgboost,112,328,0,0.05212155729532242,0,0.5
4,1,45,xgboost,133,568,0,0.4439631402492523,0,0.5
4,1,45,xgboost,137,517,0,0.08154817670583725,0,0.5
4,1,45,xgboost,140,194,0,0.06667624413967133,0,0.5
4,1,45,xgboost,145,576,0,0.4643045961856842,0,0.5
4,1,45,xgboost,150,551,0,0.5325365662574768,1,0.5
4,1,45,xgboost,154,507,0,0.37024787068367004,0,0.5
4,1,45,xgboost,155,448,0,0.20646238327026367,0,0.5
4,1,45,xgboost,157,617,0,0.22271786630153656,0,0.5
4,1,45,xgboost,159,484,0,0.17757342755794525,0,0.5
4,1,45,xgboost,160,490,0,0.30328169465065,0,0.5
4,1,45,xgboost,161,481,0,0.09737946093082428,0,0.5
4,1,45,xgboost,162,509,1,0.1495717167854309,0,0.5
4,1,45,xgboost,167,535,0,0.47259870171546936,0,0.5
4,1,45,xgboost,171,522,0,0.4461182653903961,0,0.5
4,1,45,xgboost,176,468,0,0.18444383144378662,0,0.5
4,1,45,xgboost,179,414,0,0.16438497602939606,0,0.5
4,1,45,xgboost,184,488,1,0.5456027984619141,1,0.5
4,1,45,xgboost,185,404,0,0.49904635548591614,0,0.5
4,1,45,xgboost,187,475,0,0.2459905445575714,0,0.5
4,1,45,xgboost,190,527,0,0.18905632197856903,0,0.5
4,1,45,xgboost,195,505,0,0.6271655559539795,1,0.5
4,1,45,xgboost,196,442,0,0.45255088806152344,0,0.5
4,1,45,xgboost,210,453,0,0.06831639260053635,0,0.5
4,1,45,xgboost,213,550,1,0.30237066745758057,0,0.5
4,1,45,xgboost,214,372,0,0.060760751366615295,0,0.5
4,1,45,xgboost,217,503,0,0.4601127505302429,0,0.5
4,1,45,xgboost,220,407,0,0.22604447603225708,0,0.5
4,1,45,xgboost,226,394,0,0.5117470622062683,1,0.5
4,1,45,xgboost,227,585,0,0.10754092782735825,0,0.5
4,1,45,xgboost,237,497,0,0.2105509340763092,0,0.5
4,1,45,xgboost,246,381,0,0.24079068005084991,0,0.5
4,1,45,xgboost,251,279,0,0.2202894389629364,0,0.5
4,1,45,xgboost,253,366,0,0.0161808580160141,0,0.5
4,1,45,xgboost,256,329,0,0.06937204301357269,0,0.5
4,1,45,xgboost,257,485,0,0.16250665485858917,0,0.5
4,1,45,xgboost,258,227,0,0.19116705656051636,0,0.5
4,1,45,xgboost,262,247,0,0.5747813582420349,1,0.5
4,1,45,xgboost,267,211,0,0.30098962783813477,0,0.5
4,1,45,xgboost,276,263,0,0.09475111216306686,0,0.5
4,1,45,xgboost,281,252,0,0.09475111216306686,0,0.5
4,1,45,xgboost,282,430,0,0.06850319355726242,0,0.5
4,1,45,xgboost,291,288,0,0.4395071268081665,0,0.5
4,1,45,xgboost,292,283,0,0.3719389736652374,0,0.5
4,1,45,xgboost,296,319,0,0.02680622786283493,0,0.5
4,1,45,xgboost,297,301,0,0.10972829908132553,0,0.5
4,1,45,xgboost,298,202,0,0.19116705656051636,0,0.5
4,1,45,xgboost,307,307,0,0.2875210642814636,0,0.5
4,1,45,xgboost,310,370,0,0.1776970773935318,0,0.5
4,1,45,xgboost,311,215,1,0.42660877108573914,0,0.5
4,1,45,xgboost,315,308,0,0.09585732221603394,0,0.5
4,1,45,xgboost,321,654,0,0.2035248726606369,0,0.5
4,1,45,xgboost,331,229,0,0.5289657115936279,1,0.5
4,1,45,xgboost,334,818,0,0.24482719600200653,0,0.5
4,1,45,xgboost,340,159,0,0.04286973178386688,0,0.5
4,1,45,xgboost,344,131,0,0.4618183970451355,0,0.5
4,1,45,xgboost,347,167,0,0.15951380133628845,0,0.5
4,1,45,xgboost,360,147,0,0.3596932590007782,0,0.5
4,1,45,xgboost,366,239,1,0.19351287186145782,0,0.5
4,1,45,xgboost,370,243,0,0.33418023586273193,0,0.5
4,1,45,xgboost,375,224,0,0.18878699839115143,0,0.5
4,1,45,xgboost,383,266,0,0.4530375301837921,0,0.5
4,1,45,xgboost,385,49,0,0.1672447770833969,0,0.5
4,1,45,xgboost,400,61,0,0.01616775617003441,0,0.5
4,1,45,xgboost,401,57,0,0.36754387617111206,0,0.5
4,1,45,xgboost,402,60,0,0.03167703002691269,0,0.5
4,1,45,xgboost,403,54,0,0.07954210042953491,0,0.5
4,1,45,xgboost,415,51,0,0.1559799164533615,0,0.5
4,1,45,xgboost,416,181,0,0.8437045216560364,1,0.5
4,1,45,xgboost,419,161,0,0.15627627074718475,0,0.5
4,1,45,xgboost,426,39,0,0.015317765064537525,0,0.5
4,1,45,xgboost,427,26,0,0.07954210042953491,0,0.5
4,1,45,xgboost,434,107,0,0.27303680777549744,0,0.5
4,1,45,xgboost,435,63,0,0.0872151330113411,0,0.5
4,1,45,xgboost,440,46,0,0.01616775617003441,0,0.5
4,1,45,xgboost,455,94,0,0.13079407811164856,0,0.5
4,1,45,xgboost,462,534,0,0.11166529357433319,0,0.5
4,1,45,xgboost,469,286,0,0.47056683897972107,0,0.5
4,1,45,xgboost,472,151,0,0.047203853726387024,0,0.5
4,1,45,xgboost,475,658,0,0.11161970347166061,0,0.5
4,1,45,xgboost,480,663,0,0.4086117446422577,0,0.5
4,1,45,xgboost,481,614,0,0.4881230294704437,0,0.5
4,1,45,xgboost,482,763,0,0.2256758064031601,0,0.5
4,1,45,xgboost,493,38,0,0.07559317350387573,0,0.5
4,1,45,xgboost,494,671,0,0.03369435295462608,0,0.5
4,1,45,xgboost,495,96,0,0.23805195093154907,0,0.5
4,1,45,xgboost,499,514,0,0.31111273169517517,0,0.5
4,1,45,xgboost,501,123,0,0.1497172713279724,0,0.5
4,1,45,xgboost,512,364,0,0.10950926691293716,0,0.5
4,1,45,xgboost,514,93,0,0.1128559485077858,0,0.5
4,1,45,xgboost,517,361,0,0.48524370789527893,0,0.5
4,1,45,xgboost,520,474,0,0.18203942477703094,0,0.5
4,1,45,xgboost,533,20,0,0.10564129054546356,0,0.5
4,1,45,xgboost,542,712,0,0.5816193222999573,1,0.5
4,1,45,xgboost,551,373,0,0.15099866688251495,0,0.5
4,1,45,xgboost,552,523,0,0.5908864140510559,1,0.5
4,1,45,xgboost,556,126,1,0.2145436555147171,0,0.5
4,1,45,xgboost,567,56,0,0.4304787218570709,0,0.5
4,1,45,xgboost,572,248,0,0.4681985676288605,0,0.5
4,1,45,xgboost,573,83,0,0.20198681950569153,0,0.5
4,1,45,xgboost,578,670,0,0.377744197845459,0,0.5
4,1,45,xgboost,579,440,0,0.05569733679294586,0,0.5
4,1,45,xgboost,587,311,0,0.197129026055336,0,0.5
4,1,45,xgboost,590,341,1,0.24690619111061096,0,0.5
4,1,45,xgboost,591,706,0,0.5888583064079285,1,0.5
4,1,45,xgboost,596,363,0,0.34232884645462036,0,0.5
4,1,45,xgboost,600,118,0,0.1459752768278122,0,0.5
4,1,45,xgboost,609,261,0,0.16735965013504028,0,0.5
4,1,45,xgboost,617,512,0,0.5469567775726318,1,0.5
4,1,45,xgboost,619,285,0,0.23752199113368988,0,0.5
4,1,45,xgboost,620,471,0,0.5538051128387451,1,0.5
4,1,45,xgboost,622,277,0,0.4119183421134949,0,0.5
4,1,45,xgboost,627,826,0,0.46612709760665894,0,0.5
4,1,45,xgboost,630,236,1,0.36115550994873047,0,0.5
4,1,45,xgboost,635,33,0,0.07362853735685349,0,0.5
4,1,45,xgboost,641,67,0,0.09421464055776596,0,0.5
4,1,45,xgboost,644,755,0,0.11462918668985367,0,0.5
4,1,45,xgboost,645,817,1,0.740075409412384,1,0.5
4,1,45,xgboost,653,609,0,0.29360368847846985,0,0.5
4,1,45,xgboost,654,822,0,0.1896234154701233,0,0.5
4,1,45,xgboost,659,815,0,0.15454214811325073,0,0.5
4,1,45,xgboost,663,510,1,0.30313029885292053,0,0.5
4,1,45,xgboost,669,486,0,0.3757041394710541,0,0.5
4,1,45,xgboost,684,374,0,0.1433715969324112,0,0.5
4,1,45,xgboost,689,521,0,0.30328169465065,0,0.5
4,1,45,xgboost,702,623,0,0.09176550805568695,0,0.5
4,1,45,xgboost,704,775,0,0.8620949387550354,1,0.5
4,1,45,xgboost,712,477,0,0.4679791033267975,0,0.5
4,1,45,xgboost,720,342,0,0.05849570408463478,0,0.5
4,1,45,xgboost,724,99,0,0.1294049173593521,0,0.5
4,1,45,xgboost,729,563,0,0.3656999468803406,0,0.5
4,1,45,xgboost,745,661,0,0.07904104888439178,0,0.5
4,1,45,xgboost,747,23,0,0.033079843968153,0,0.5
4,1,45,xgboost,753,656,0,0.4105120301246643,0,0.5
4,1,45,xgboost,757,84,0,0.035419438034296036,0,0.5
4,1,45,xgboost,761,752,0,0.8035244345664978,1,0.5
4,1,45,xgboost,762,164,0,0.8437045216560364,1,0.5
4,1,45,xgboost,763,350,0,0.5630916357040405,1,0.5
4,1,45,xgboost,768,690,0,0.9393928647041321,1,0.5
4,1,45,xgboost,769,605,0,0.1284598559141159,0,0.5
4,1,45,xgboost,771,396,0,0.48115861415863037,0,0.5
4,1,45,xgboost,772,141,0,0.271603524684906,0,0.5
4,1,45,xgboost,786,163,0,0.7195369601249695,1,0.5
4,1,45,xgboost,792,2,0,0.07249251008033752,0,0.5
4,1,45,xgboost,793,352,0,0.41141214966773987,0,0.5
4,1,45,xgboost,806,659,0,0.2970243990421295,0,0.5
4,1,45,xgboost,808,332,0,0.10052251815795898,0,0.5
4,1,45,xgboost,823,117,0,0.1176975816488266,0,0.5
4,2,45,dummy_prior,0,109,0,0.06466165413533835,0,0.5
4,2,45,dummy_prior,5,796,0,0.06466165413533835,0,0.5
4,2,45,dummy_prior,11,450,0,0.06466165413533835,0,0.5
4,2,45,dummy_prior,12,812,0,0.06466165413533835,0,0.5
4,2,45,dummy_prior,24,774,0,0.06466165413533835,0,0.5
4,2,45,dummy_prior,36,760,0,0.06466165413533835,0,0.5
4,2,45,dummy_prior,38,758,0,0.06466165413533835,0,0.5
4,2,45,dummy_prior,43,723,0,0.06466165413533835,0,0.5
4,2,45,dummy_prior,44,740,1,0.06466165413533835,0,0.5
4,2,45,dummy_prior,48,780,0,0.06466165413533835,0,0.5
4,2,45,dummy_prior,54,708,0,0.06466165413533835,0,0.5
4,2,45,dummy_prior,64,750,1,0.06466165413533835,0,0.5
4,2,45,dummy_prior,68,705,0,0.06466165413533835,0,0.5
4,2,45,dummy_prior,70,677,0,0.06466165413533835,0,0.5
4,2,45,dummy_prior,72,685,0,0.06466165413533835,0,0.5
4,2,45,dummy_prior,75,675,0,0.06466165413533835,0,0.5
4,2,45,dummy_prior,77,693,0,0.06466165413533835,0,0.5
4,2,45,dummy_prior,82,621,0,0.06466165413533835,0,0.5
4,2,45,dummy_prior,90,689,0,0.06466165413533835,0,0.5
4,2,45,dummy_prior,93,637,0,0.06466165413533835,0,0.5
4,2,45,dummy_prior,99,669,0,0.06466165413533835,0,0.5
4,2,45,dummy_prior,102,754,1,0.06466165413533835,0,0.5
4,2,45,dummy_prior,107,611,0,0.06466165413533835,0,0.5
4,2,45,dummy_prior,119,627,0,0.06466165413533835,0,0.5
4,2,45,dummy_prior,120,579,0,0.06466165413533835,0,0.5
4,2,45,dummy_prior,121,592,0,0.06466165413533835,0,0.5
4,2,45,dummy_prior,124,596,0,0.06466165413533835,0,0.5
4,2,45,dummy_prior,126,520,0,0.06466165413533835,0,0.5
4,2,45,dummy_prior,128,557,0,0.06466165413533835,0,0.5
4,2,45,dummy_prior,131,565,0,0.06466165413533835,0,0.5
4,2,45,dummy_prior,134,465,0,0.06466165413533835,0,0.5
4,2,45,dummy_prior,136,537,0,0.06466165413533835,0,0.5
4,2,45,dummy_prior,146,533,0,0.06466165413533835,0,0.5
4,2,45,dummy_prior,148,594,0,0.06466165413533835,0,0.5
4,2,45,dummy_prior,152,423,0,0.06466165413533835,0,0.5
4,2,45,dummy_prior,163,546,0,0.06466165413533835,0,0.5
4,2,45,dummy_prior,170,418,0,0.06466165413533835,0,0.5
4,2,45,dummy_prior,172,529,0,0.06466165413533835,0,0.5
4,2,45,dummy_prior,173,499,0,0.06466165413533835,0,0.5
4,2,45,dummy_prior,181,392,0,0.06466165413533835,0,0.5
4,2,45,dummy_prior,183,411,0,0.06466165413533835,0,0.5
4,2,45,dummy_prior,186,501,0,0.06466165413533835,0,0.5
4,2,45,dummy_prior,189,513,0,0.06466165413533835,0,0.5
4,2,45,dummy_prior,197,447,0,0.06466165413533835,0,0.5
4,2,45,dummy_prior,201,454,0,0.06466165413533835,0,0.5
4,2,45,dummy_prior,203,222,0,0.06466165413533835,0,0.5
4,2,45,dummy_prior,204,388,1,0.06466165413533835,0,0.5
4,2,45,dummy_prior,206,437,0,0.06466165413533835,0,0.5
4,2,45,dummy_prior,221,552,0,0.06466165413533835,0,0.5
4,2,45,dummy_prior,223,351,1,0.06466165413533835,0,0.5
4,2,45,dummy_prior,229,304,0,0.06466165413533835,0,0.5
4,2,45,dummy_prior,235,347,0,0.06466165413533835,0,0.5
4,2,45,dummy_prior,236,536,0,0.06466165413533835,0,0.5
4,2,45,dummy_prior,239,354,0,0.06466165413533835,0,0.5
4,2,45,dummy_prior,247,270,0,0.06466165413533835,0,0.5
4,2,45,dummy_prior,249,284,0,0.06466165413533835,0,0.5
4,2,45,dummy_prior,250,344,0,0.06466165413533835,0,0.5
4,2,45,dummy_prior,255,245,0,0.06466165413533835,0,0.5
4,2,45,dummy_prior,260,296,0,0.06466165413533835,0,0.5
4,2,45,dummy_prior,264,265,0,0.06466165413533835,0,0.5
4,2,45,dummy_prior,266,410,0,0.06466165413533835,0,0.5
4,2,45,dummy_prior,268,359,0,0.06466165413533835,0,0.5
4,2,45,dummy_prior,269,330,0,0.06466165413533835,0,0.5
4,2,45,dummy_prior,270,355,0,0.06466165413533835,0,0.5
4,2,45,dummy_prior,273,241,0,0.06466165413533835,0,0.5
4,2,45,dummy_prior,284,272,0,0.06466165413533835,0,0.5
4,2,45,dummy_prior,285,300,0,0.06466165413533835,0,0.5
4,2,45,dummy_prior,287,204,0,0.06466165413533835,0,0.5
4,2,45,dummy_prior,289,264,0,0.06466165413533835,0,0.5
4,2,45,dummy_prior,300,386,0,0.06466165413533835,0,0.5
4,2,45,dummy_prior,302,201,0,0.06466165413533835,0,0.5
4,2,45,dummy_prior,325,197,0,0.06466165413533835,0,0.5
4,2,45,dummy_prior,338,121,0,0.06466165413533835,0,0.5
4,2,45,dummy_prior,339,228,0,0.06466165413533835,0,0.5
4,2,45,dummy_prior,346,235,0,0.06466165413533835,0,0.5
4,2,45,dummy_prior,352,140,0,0.06466165413533835,0,0.5
4,2,45,dummy_prior,357,199,0,0.06466165413533835,0,0.5
4,2,45,dummy_prior,358,160,0,0.06466165413533835,0,0.5
4,2,45,dummy_prior,359,72,0,0.06466165413533835,0,0.5
4,2,45,dummy_prior,361,178,0,0.06466165413533835,0,0.5
4,2,45,dummy_prior,362,143,0,0.06466165413533835,0,0.5
4,2,45,dummy_prior,363,127,0,0.06466165413533835,0,0.5
4,2,45,dummy_prior,365,82,0,0.06466165413533835,0,0.5
4,2,45,dummy_prior,372,786,0,0.06466165413533835,0,0.5
4,2,45,dummy_prior,373,172,1,0.06466165413533835,0,0.5
4,2,45,dummy_prior,374,86,0,0.06466165413533835,0,0.5
4,2,45,dummy_prior,377,145,0,0.06466165413533835,0,0.5
4,2,45,dummy_prior,380,78,0,0.06466165413533835,0,0.5
4,2,45,dummy_prior,384,185,0,0.06466165413533835,0,0.5
4,2,45,dummy_prior,386,179,0,0.06466165413533835,0,0.5
4,2,45,dummy_prior,393,115,0,0.06466165413533835,0,0.5
4,2,45,dummy_prior,398,64,0,0.06466165413533835,0,0.5
4,2,45,dummy_prior,411,47,0,0.06466165413533835,0,0.5
4,2,45,dummy_prior,421,73,0,0.06466165413533835,0,0.5
4,2,45,dummy_prior,445,5,0,0.06466165413533835,0,0.5
4,2,45,dummy_prior,452,11,0,0.06466165413533835,0,0.5
4,2,45,dummy_prior,454,764,0,0.06466165413533835,0,0.5
4,2,45,dummy_prior,458,640,0,0.06466165413533835,0,0.5
4,2,45,dummy_prior,461,751,0,0.06466165413533835,0,0.5
4,2,45,dummy_prior,466,757,0,0.06466165413533835,0,0.5
4,2,45,dummy_prior,473,375,0,0.06466165413533835,0,0.5
4,2,45,dummy_prior,474,122,0,0.06466165413533835,0,0.5
4,2,45,dummy_prior,487,306,0,0.06466165413533835,0,0.5
4,2,45,dummy_prior,491,384,0,0.06466165413533835,0,0.5
4,2,45,dummy_prior,492,17,0,0.06466165413533835,0,0.5
4,2,45,dummy_prior,511,119,0,0.06466165413533835,0,0.5
4,2,45,dummy_prior,516,365,0,0.06466165413533835,0,0.5
4,2,45,dummy_prior,518,76,1,0.06466165413533835,0,0.5
4,2,45,dummy_prior,524,532,0,0.06466165413533835,0,0.5
4,2,45,dummy_prior,530,639,0,0.06466165413533835,0,0.5
4,2,45,dummy_prior,531,105,0,0.06466165413533835,0,0.5
4,2,45,dummy_prior,538,162,0,0.06466165413533835,0,0.5
4,2,45,dummy_prior,540,208,0,0.06466165413533835,0,0.5
4,2,45,dummy_prior,541,282,0,0.06466165413533835,0,0.5
4,2,45,dummy_prior,546,383,0,0.06466165413533835,0,0.5
4,2,45,dummy_prior,553,309,0,0.06466165413533835,0,0.5
4,2,45,dummy_prior,554,464,0,0.06466165413533835,0,0.5
4,2,45,dummy_prior,558,59,0,0.06466165413533835,0,0.5
4,2,45,dummy_prior,562,648,0,0.06466165413533835,0,0.5
4,2,45,dummy_prior,564,687,0,0.06466165413533835,0,0.5
4,2,45,dummy_prior,570,13,0,0.06466165413533835,0,0.5
4,2,45,dummy_prior,574,133,0,0.06466165413533835,0,0.5
4,2,45,dummy_prior,577,504,0,0.06466165413533835,0,0.5
4,2,45,dummy_prior,582,539,0,0.06466165413533835,0,0.5
4,2,45,dummy_prior,589,299,0,0.06466165413533835,0,0.5
4,2,45,dummy_prior,601,92,0,0.06466165413533835,0,0.5
4,2,45,dummy_prior,613,493,0,0.06466165413533835,0,0.5
4,2,45,dummy_prior,614,52,0,0.06466165413533835,0,0.5
4,2,45,dummy_prior,633,85,0,0.06466165413533835,0,0.5
4,2,45,dummy_prior,642,829,0,0.06466165413533835,0,0.5
4,2,45,dummy_prior,646,824,1,0.06466165413533835,0,0.5
4,2,45,dummy_prior,657,827,0,0.06466165413533835,0,0.5
4,2,45,dummy_prior,658,762,0,0.06466165413533835,0,0.5
4,2,45,dummy_prior,660,820,0,0.06466165413533835,0,0.5
4,2,45,dummy_prior,666,420,0,0.06466165413533835,0,0.5
4,2,45,dummy_prior,671,138,0,0.06466165413533835,0,0.5
4,2,45,dummy_prior,676,524,0,0.06466165413533835,0,0.5
4,2,45,dummy_prior,678,42,0,0.06466165413533835,0,0.5
4,2,45,dummy_prior,683,254,0,0.06466165413533835,0,0.5
4,2,45,dummy_prior,685,449,0,0.06466165413533835,0,0.5
4,2,45,dummy_prior,686,128,0,0.06466165413533835,0,0.5
4,2,45,dummy_prior,691,731,0,0.06466165413533835,0,0.5
4,2,45,dummy_prior,698,554,0,0.06466165413533835,0,0.5
4,2,45,dummy_prior,705,291,0,0.06466165413533835,0,0.5
4,2,45,dummy_prior,711,177,0,0.06466165413533835,0,0.5
4,2,45,dummy_prior,715,129,0,0.06466165413533835,0,0.5
4,2,45,dummy_prior,719,30,0,0.06466165413533835,0,0.5
4,2,45,dummy_prior,721,218,0,0.06466165413533835,0,0.5
4,2,45,dummy_prior,734,44,0,0.06466165413533835,0,0.5
4,2,45,dummy_prior,744,357,0,0.06466165413533835,0,0.5
4,2,45,dummy_prior,755,642,1,0.06466165413533835,0,0.5
4,2,45,dummy_prior,770,645,1,0.06466165413533835,0,0.5
4,2,45,dummy_prior,777,543,0,0.06466165413533835,0,0.5
4,2,45,dummy_prior,781,544,0,0.06466165413533835,0,0.5
4,2,45,dummy_prior,790,516,0,0.06466165413533835,0,0.5
4,2,45,dummy_prior,791,700,0,0.06466165413533835,0,0.5
4,2,45,dummy_prior,798,794,0,0.06466165413533835,0,0.5
4,2,45,dummy_prior,800,688,0,0.06466165413533835,0,0.5
4,2,45,dummy_prior,802,666,0,0.06466165413533835,0,0.5
4,2,45,dummy_prior,805,561,0,0.06466165413533835,0,0.5
4,2,45,dummy_prior,812,601,0,0.06466165413533835,0,0.5
4,2,45,dummy_prior,814,297,0,0.06466165413533835,0,0.5
4,2,45,dummy_prior,818,132,0,0.06466165413533835,0,0.5
4,2,45,dummy_prior,822,620,0,0.06466165413533835,0,0.5
4,2,45,dummy_prior,827,616,0,0.06466165413533835,0,0.5
4,2,45,dummy_prior,828,377,0,0.06466165413533835,0,0.5
4,2,45,logistic_regression,0,109,0,0.42116146363717394,0,0.5
4,2,45,logistic_regression,5,796,0,0.3701904015737557,0,0.5
4,2,45,logistic_regression,11,450,0,0.5720791133151919,1,0.5
4,2,45,logistic_regression,12,812,0,0.6081767704846505,1,0.5
4,2,45,logistic_regression,24,774,0,0.4280760462420732,0,0.5
4,2,45,logistic_regression,36,760,0,0.4156790911624424,0,0.5
4,2,45,logistic_regression,38,758,0,0.4278461376240942,0,0.5
4,2,45,logistic_regression,43,723,0,0.41337834753498065,0,0.5
4,2,45,logistic_regression,44,740,1,0.6061134592369275,1,0.5
4,2,45,logistic_regression,48,780,0,0.21981525890645262,0,0.5
4,2,45,logistic_regression,54,708,0,0.6041929672827949,1,0.5
4,2,45,logistic_regression,64,750,1,0.7088141531635742,1,0.5
4,2,45,logistic_regression,68,705,0,0.3607833381967087,0,0.5
4,2,45,logistic_regression,70,677,0,0.0034708394513195055,0,0.5
4,2,45,logistic_regression,72,685,0,0.40038257288901047,0,0.5
4,2,45,logistic_regression,75,675,0,0.49322064319316955,0,0.5
4,2,45,logistic_regression,77,693,0,0.12417351687261347,0,0.5
4,2,45,logistic_regression,82,621,0,0.5285374274898015,1,0.5
4,2,45,logistic_regression,90,689,0,0.38599864067522477,0,0.5
4,2,45,logistic_regression,93,637,0,0.40026431210074304,0,0.5
4,2,45,logistic_regression,99,669,0,0.4810891315067902,0,0.5
4,2,45,logistic_regression,102,754,1,0.6379554813893474,1,0.5
4,2,45,logistic_regression,107,611,0,0.5723168752034218,1,0.5
4,2,45,logistic_regression,119,627,0,0.450442766905507,0,0.5
4,2,45,logistic_regression,120,579,0,0.5149663666940297,1,0.5
4,2,45,logistic_regression,121,592,0,0.4998408072192784,0,0.5
4,2,45,logistic_regression,124,596,0,0.47061558478748217,0,0.5
4,2,45,logistic_regression,126,520,0,0.4307650814210999,0,0.5
4,2,45,logistic_regression,128,557,0,0.5718322292902658,1,0.5
4,2,45,logistic_regression,131,565,0,0.37727941919959235,0,0.5
4,2,45,logistic_regression,134,465,0,0.3534721580251002,0,0.5
4,2,45,logistic_regression,136,537,0,0.41833170414261284,0,0.5
4,2,45,logistic_regression,146,533,0,0.06909521419629296,0,0.5
4,2,45,logistic_regression,148,594,0,0.0684996203815417,0,0.5
4,2,45,logistic_regression,152,423,0,0.5088206938943513,1,0.5
4,2,45,logistic_regression,163,546,0,0.021761001010909577,0,0.5
4,2,45,logistic_regression,170,418,0,0.32640279090409763,0,0.5
4,2,45,logistic_regression,172,529,0,0.8499129102214924,1,0.5
4,2,45,logistic_regression,173,499,0,0.3543633972324022,0,0.5
4,2,45,logistic_regression,181,392,0,0.10663297877858721,0,0.5
4,2,45,logistic_regression,183,411,0,0.43963577128507036,0,0.5
4,2,45,logistic_regression,186,501,0,0.8866134938952335,1,0.5
4,2,45,logistic_regression,189,513,0,0.4127352876313801,0,0.5
4,2,45,logistic_regression,197,447,0,0.422670768546783,0,0.5
4,2,45,logistic_regression,201,454,0,0.16973122896460457,0,0.5
4,2,45,logistic_regression,203,222,0,0.43892780261674835,0,0.5
4,2,45,logistic_regression,204,388,1,0.392442654864557,0,0.5
4,2,45,logistic_regression,206,437,0,0.4067982634477919,0,0.5
4,2,45,logistic_regression,221,552,0,0.002244481689824202,0,0.5
4,2,45,logistic_regression,223,351,1,0.8690539825994856,1,0.5
4,2,45,logistic_regression,229,304,0,0.39587392664423054,0,0.5
4,2,45,logistic_regression,235,347,0,0.1557025554668045,0,0.5
4,2,45,logistic_regression,236,536,0,0.5663149546884405,1,0.5
4,2,45,logistic_regression,239,354,0,0.49127379010289607,0,0.5
4,2,45,logistic_regression,247,270,0,0.3843118524113355,0,0.5
4,2,45,logistic_regression,249,284,0,0.4108640048988083,0,0.5
4,2,45,logistic_regression,250,344,0,0.4670952340553682,0,0.5
4,2,45,logistic_regression,255,245,0,0.3848085903717122,0,0.5
4,2,45,logistic_regression,260,296,0,0.05153932886160051,0,0.5
4,2,45,logistic_regression,264,265,0,0.0641112813559734,0,0.5
4,2,45,logistic_regression,266,410,0,0.4246783901187526,0,0.5
4,2,45,logistic_regression,268,359,0,0.05686403409509727,0,0.5
4,2,45,logistic_regression,269,330,0,0.06647094616950251,0,0.5
4,2,45,logistic_regression,270,355,0,0.43493976151899894,0,0.5
4,2,45,logistic_regression,273,241,0,0.483508771839759,0,0.5
4,2,45,logistic_regression,284,272,0,0.4429371977357285,0,0.5
4,2,45,logistic_regression,285,300,0,0.3538943600378572,0,0.5
4,2,45,logistic_regression,287,204,0,0.611604430030515,1,0.5
4,2,45,logistic_regression,289,264,0,0.4263106129059623,0,0.5
4,2,45,logistic_regression,300,386,0,0.4249411204686587,0,0.5
4,2,45,logistic_regression,302,201,0,0.26515646414326965,0,0.5
4,2,45,logistic_regression,325,197,0,0.05431109517240534,0,0.5
4,2,45,logistic_regression,338,121,0,0.05624178275284618,0,0.5
4,2,45,logistic_regression,339,228,0,0.392674433725019,0,0.5
4,2,45,logistic_regression,346,235,0,0.42295638966251997,0,0.5
4,2,45,logistic_regression,352,140,0,0.8394181624392625,1,0.5
4,2,45,logistic_regression,357,199,0,0.3843795888954302,0,0.5
4,2,45,logistic_regression,358,160,0,0.4194020906587136,0,0.5
4,2,45,logistic_regression,359,72,0,0.4009657385541445,0,0.5
4,2,45,logistic_regression,361,178,0,0.6845719476130835,1,0.5
4,2,45,logistic_regression,362,143,0,0.39218569041696777,0,0.5
4,2,45,logistic_regression,363,127,0,0.4225468809280904,0,0.5
4,2,45,logistic_regression,365,82,0,0.426109981231411,0,0.5
4,2,45,logistic_regression,372,786,0,0.7886173383771622,1,0.5
4,2,45,logistic_regression,373,172,1,0.3156406175928504,0,0.5
4,2,45,logistic_regression,374,86,0,0.4254956439517239,0,0.5
4,2,45,logistic_regression,377,145,0,0.06054124596708334,0,0.5
4,2,45,logistic_regression,380,78,0,0.8160831490988841,1,0.5
4,2,45,logistic_regression,384,185,0,0.045973780566206233,0,0.5
4,2,45,logistic_regression,386,179,0,0.3870528545948672,0,0.5
4,2,45,logistic_regression,393,115,0,0.025034327969922426,0,0.5
4,2,45,logistic_regression,398,64,0,0.4263729408765444,0,0.5
4,2,45,logistic_regression,411,47,0,0.8179466841167489,1,0.5
4,2,45,logistic_regression,421,73,0,0.4187752113271491,0,0.5
4,2,45,logistic_regression,445,5,0,0.024081978202255345,0,0.5
4,2,45,logistic_regression,452,11,0,0.05488368896270861,0,0.5
4,2,45,logistic_regression,454,764,0,0.44831155727931227,0,0.5
4,2,45,logistic_regression,458,640,0,0.49224312301610873,0,0.5
4,2,45,logistic_regression,461,751,0,0.3859954786714111,0,0.5
4,2,45,logistic_regression,466,757,0,0.5828182327390848,1,0.5
4,2,45,logistic_regression,473,375,0,0.11881798266320744,0,0.5
4,2,45,logistic_regression,474,122,0,0.41000380595493086,0,0.5
4,2,45,logistic_regression,487,306,0,0.06336741526968773,0,0.5
4,2,45,logistic_regression,491,384,0,0.41759945302888585,0,0.5
4,2,45,logistic_regression,492,17,0,0.4193410146679602,0,0.5
4,2,45,logistic_regression,511,119,0,0.4707796881695841,0,0.5
4,2,45,logistic_regression,516,365,0,0.294698695001294,0,0.5
4,2,45,logistic_regression,518,76,1,0.7083757368209511,1,0.5
4,2,45,logistic_regression,524,532,0,0.7221284108732006,1,0.5
4,2,45,logistic_regression,530,639,0,0.05588936492790639,0,0.5
4,2,45,logistic_regression,531,105,0,0.001553153489561827,0,0.5
4,2,45,logistic_regression,538,162,0,0.44409384247298017,0,0.5
4,2,45,logistic_regression,540,208,0,0.41303181966638175,0,0.5
4,2,45,logistic_regression,541,282,0,0.4447665159380103,0,0.5
4,2,45,logistic_regression,546,383,0,0.614452014813266,1,0.5
4,2,45,logistic_regression,553,309,0,0.4378118344462305,0,0.5
4,2,45,logistic_regression,554,464,0,0.055222542357184316,0,0.5
4,2,45,logistic_regression,558,59,0,0.45787696925453,0,0.5
4,2,45,logistic_regression,562,648,0,0.3809099805230037,0,0.5
4,2,45,logistic_regression,564,687,0,0.6898811474881036,1,0.5
4,2,45,logistic_regression,570,13,0,0.4351827318405445,0,0.5
4,2,45,logistic_regression,574,133,0,0.9468958189130451,1,0.5
4,2,45,logistic_regression,577,504,0,0.5005848735018735,1,0.5
4,2,45,logistic_regression,582,539,0,0.45446885229252904,0,0.5
4,2,45,logistic_regression,589,299,0,0.06394059995859269,0,0.5
4,2,45,logistic_regression,601,92,0,0.42497712908378904,0,0.5
4,2,45,logistic_regression,613,493,0,0.6148083136900263,1,0.5
4,2,45,logistic_regression,614,52,0,0.42906513387498074,0,0.5
4,2,45,logistic_regression,633,85,0,0.43533091802837165,0,0.5
4,2,45,logistic_regression,642,829,0,0.33463647118615597,0,0.5
4,2,45,logistic_regression,646,824,1,0.2972592827698894,0,0.5
4,2,45,logistic_regression,657,827,0,0.5012365769062993,1,0.5
4,2,45,logistic_regression,658,762,0,0.4946028443848257,0,0.5
4,2,45,logistic_regression,660,820,0,0.061575936644465215,0,0.5
4,2,45,logistic_regression,666,420,0,0.9267411292634704,1,0.5
4,2,45,logistic_regression,671,138,0,0.09621391681834494,0,0.5
4,2,45,logistic_regression,676,524,0,0.14459953741472517,0,0.5
4,2,45,logistic_regression,678,42,0,0.7163647152967731,1,0.5
4,2,45,logistic_regression,683,254,0,0.6951468189827513,1,0.5
4,2,45,logistic_regression,685,449,0,0.4449791660147844,0,0.5
4,2,45,logistic_regression,686,128,0,0.42237113944775295,0,0.5
4,2,45,logistic_regression,691,731,0,0.7099590059879358,1,0.5
4,2,45,logistic_regression,698,554,0,0.3808922301237075,0,0.5
4,2,45,logistic_regression,705,291,0,0.4104302173396222,0,0.5
4,2,45,logistic_regression,711,177,0,0.4419033996269103,0,0.5
4,2,45,logistic_regression,715,129,0,0.061169837285692884,0,0.5
4,2,45,logistic_regression,719,30,0,0.7133708535910637,1,0.5
4,2,45,logistic_regression,721,218,0,0.42308937017897985,0,0.5
4,2,45,logistic_regression,734,44,0,0.7991193741243355,1,0.5
4,2,45,logistic_regression,744,357,0,0.0024950952843551862,0,0.5
4,2,45,logistic_regression,755,642,1,0.017140515829745066,0,0.5
4,2,45,logistic_regression,770,645,1,0.4160934316079295,0,0.5
4,2,45,logistic_regression,777,543,0,0.46770587013030634,0,0.5
4,2,45,logistic_regression,781,544,0,0.45106082666526287,0,0.5
4,2,45,logistic_regression,790,516,0,0.675883071935066,1,0.5
4,2,45,logistic_regression,791,700,0,0.6608336314160499,1,0.5
4,2,45,logistic_regression,798,794,0,0.35148115275396546,0,0.5
4,2,45,logistic_regression,800,688,0,0.4169199546395806,0,0.5
4,2,45,logistic_regression,802,666,0,0.4440210880137317,0,0.5
4,2,45,logistic_regression,805,561,0,0.3529886335992707,0,0.5
4,2,45,logistic_regression,812,601,0,0.2918712762816863,0,0.5
4,2,45,logistic_regression,814,297,0,0.38783016843696844,0,0.5
4,2,45,logistic_regression,818,132,0,0.42679385351738564,0,0.5
4,2,45,logistic_regression,822,620,0,0.12262268771120706,0,0.5
4,2,45,logistic_regression,827,616,0,0.5067910104742572,1,0.5
4,2,45,logistic_regression,828,377,0,0.3507129813721295,0,0.5
4,2,45,xgboost,0,109,0,0.16441254317760468,0,0.5
4,2,45,xgboost,5,796,0,0.11208450794219971,0,0.5
4,2,45,xgboost,11,450,0,0.5292628407478333,1,0.5
4,2,45,xgboost,12,812,0,0.13450807332992554,0,0.5
4,2,45,xgboost,24,774,0,0.3420966565608978,0,0.5
4,2,45,xgboost,36,760,0,0.46145227551460266,0,0.5
4,2,45,xgboost,38,758,0,0.19546328485012054,0,0.5
4,2,45,xgboost,43,723,0,0.48016059398651123,0,0.5
4,2,45,xgboost,44,740,1,0.4324769377708435,0,0.5
4,2,45,xgboost,48,780,0,0.3123933672904968,0,0.5
4,2,45,xgboost,54,708,0,0.5592108368873596,1,0.5
4,2,45,xgboost,64,750,1,0.6530594825744629,1,0.5
4,2,45,xgboost,68,705,0,0.2660124599933624,0,0.5
4,2,45,xgboost,70,677,0,0.09348957240581512,0,0.5
4,2,45,xgboost,72,685,0,0.23409633338451385,0,0.5
4,2,45,xgboost,75,675,0,0.19243282079696655,0,0.5
4,2,45,xgboost,77,693,0,0.22372613847255707,0,0.5
4,2,45,xgboost,82,621,0,0.37003424763679504,0,0.5
4,2,45,xgboost,90,689,0,0.12173230201005936,0,0.5
4,2,45,xgboost,93,637,0,0.3479502201080322,0,0.5
4,2,45,xgboost,99,669,0,0.18229590356349945,0,0.5
4,2,45,xgboost,102,754,1,0.604023814201355,1,0.5
4,2,45,xgboost,107,611,0,0.42828169465065,0,0.5
4,2,45,xgboost,119,627,0,0.37563058733940125,0,0.5
4,2,45,xgboost,120,579,0,0.46954092383384705,0,0.5
4,2,45,xgboost,121,592,0,0.3387264609336853,0,0.5
4,2,45,xgboost,124,596,0,0.4614070951938629,0,0.5
4,2,45,xgboost,126,520,0,0.32512760162353516,0,0.5
4,2,45,xgboost,128,557,0,0.11245470494031906,0,0.5
4,2,45,xgboost,131,565,0,0.21730807423591614,0,0.5
4,2,45,xgboost,134,465,0,0.2459346055984497,0,0.5
4,2,45,xgboost,136,537,0,0.6025136113166809,1,0.5
4,2,45,xgboost,146,533,0,0.4215950071811676,0,0.5
4,2,45,xgboost,148,594,0,0.024818435311317444,0,0.5
4,2,45,xgboost,152,423,0,0.3495555520057678,0,0.5
4,2,45,xgboost,163,546,0,0.07185982167720795,0,0.5
4,2,45,xgboost,170,418,0,0.33487510681152344,0,0.5
4,2,45,xgboost,172,529,0,0.8051350116729736,1,0.5
4,2,45,xgboost,173,499,0,0.21281741559505463,0,0.5
4,2,45,xgboost,181,392,0,0.4785268306732178,0,0.5
4,2,45,xgboost,183,411,0,0.47756972908973694,0,0.5
4,2,45,xgboost,186,501,0,0.5020000338554382,1,0.5
4,2,45,xgboost,189,513,0,0.6013425588607788,1,0.5
4,2,45,xgboost,197,447,0,0.2861345112323761,0,0.5
4,2,45,xgboost,201,454,0,0.30362972617149353,0,0.5
4,2,45,xgboost,203,222,0,0.4827035665512085,0,0.5
4,2,45,xgboost,204,388,1,0.3792572617530823,0,0.5
4,2,45,xgboost,206,437,0,0.4054875373840332,0,0.5
4,2,45,xgboost,221,552,0,0.2995845675468445,0,0.5
4,2,45,xgboost,223,351,1,0.7349085807800293,1,0.5
4,2,45,xgboost,229,304,0,0.3174452781677246,0,0.5
4,2,45,xgboost,235,347,0,0.20249652862548828,0,0.5
4,2,45,xgboost,236,536,0,0.20636512339115143,0,0.5
4,2,45,xgboost,239,354,0,0.21673770248889923,0,0.5
4,2,45,xgboost,247,270,0,0.4806303083896637,0,0.5
4,2,45,xgboost,249,284,0,0.48786628246307373,0,0.5
4,2,45,xgboost,250,344,0,0.1700611114501953,0,0.5
4,2,45,xgboost,255,245,0,0.5816106200218201,1,0.5
4,2,45,xgboost,260,296,0,0.01354087796062231,0,0.5
4,2,45,xgboost,264,265,0,0.18380026519298553,0,0.5
4,2,45,xgboost,266,410,0,0.3830900192260742,0,0.5
4,2,45,xgboost,268,359,0,0.05470848083496094,0,0.5
4,2,45,xgboost,269,330,0,0.10808862745761871,0,0.5
4,2,45,xgboost,270,355,0,0.17415966093540192,0,0.5
4,2,45,xgboost,273,241,0,0.7031164765357971,1,0.5
4,2,45,xgboost,284,272,0,0.6300637125968933,1,0.5
4,2,45,xgboost,285,300,0,0.19492363929748535,0,0.5
4,2,45,xgboost,287,204,0,0.5032019019126892,1,0.5
4,2,45,xgboost,289,264,0,0.6921203136444092,1,0.5
4,2,45,xgboost,300,386,0,0.29328665137290955,0,0.5
4,2,45,xgboost,302,201,0,0.456600159406662,0,0.5
4,2,45,xgboost,325,197,0,0.09805521368980408,0,0.5
4,2,45,xgboost,338,121,0,0.07630887627601624,0,0.5
4,2,45,xgboost,339,228,0,0.5136629939079285,1,0.5
4,2,45,xgboost,346,235,0,0.5596181750297546,1,0.5
4,2,45,xgboost,352,140,0,0.7215543985366821,1,0.5
4,2,45,xgboost,357,199,0,0.5325192213058472,1,0.5
4,2,45,xgboost,358,160,0,0.5433170199394226,1,0.5
4,2,45,xgboost,359,72,0,0.19066005945205688,0,0.5
4,2,45,xgboost,361,178,0,0.6978058218955994,1,0.5
4,2,45,xgboost,362,143,0,0.40688735246658325,0,0.5
4,2,45,xgboost,363,127,0,0.3781367242336273,0,0.5
4,2,45,xgboost,365,82,0,0.18783439695835114,0,0.5
4,2,45,xgboost,372,786,0,0.24631337821483612,0,0.5
4,2,45,xgboost,373,172,1,0.48772406578063965,0,0.5
4,2,45,xgboost,374,86,0,0.12664631009101868,0,0.5
4,2,45,xgboost,377,145,0,0.08098512142896652,0,0.5
4,2,45,xgboost,380,78,0,0.37321755290031433,0,0.5
4,2,45,xgboost,384,185,0,0.6534517407417297,1,0.5
4,2,45,xgboost,386,179,0,0.5056151747703552,1,0.5
4,2,45,xgboost,393,115,0,0.03543173149228096,0,0.5
4,2,45,xgboost,398,64,0,0.11230853199958801,0,0.5
4,2,45,xgboost,411,47,0,0.3058234751224518,0,0.5
4,2,45,xgboost,421,73,0,0.1570274978876114,0,0.5
4,2,45,xgboost,445,5,0,0.020139727741479874,0,0.5
4,2,45,xgboost,452,11,0,0.22998037934303284,0,0.5
4,2,45,xgboost,454,764,0,0.4779165983200073,0,0.5
4,2,45,xgboost,458,640,0,0.24238468706607819,0,0.5
4,2,45,xgboost,461,751,0,0.33966776728630066,0,0.5
4,2,45,xgboost,466,757,0,0.5114802122116089,1,0.5
4,2,45,xgboost,473,375,0,0.1606258898973465,0,0.5
4,2,45,xgboost,474,122,0,0.5615719556808472,1,0.5
4,2,45,xgboost,487,306,0,0.06964272260665894,0,0.5
4,2,45,xgboost,491,384,0,0.15373942255973816,0,0.5
4,2,45,xgboost,492,17,0,0.1109299510717392,0,0.5
4,2,45,xgboost,511,119,0,0.36942464113235474,0,0.5
4,2,45,xgboost,516,365,0,0.21971186995506287,0,0.5
4,2,45,xgboost,518,76,1,0.31032025814056396,0,0.5
4,2,45,xgboost,524,532,0,0.6725289821624756,1,0.5
4,2,45,xgboost,530,639,0,0.0907878577709198,0,0.5
4,2,45,xgboost,531,105,0,0.03785001486539841,0,0.5
4,2,45,xgboost,538,162,0,0.3925487995147705,0,0.5
4,2,45,xgboost,540,208,0,0.5676615834236145,1,0.5
4,2,45,xgboost,541,282,0,0.37936773896217346,0,0.5
4,2,45,xgboost,546,383,0,0.5422990918159485,1,0.5
4,2,45,xgboost,553,309,0,0.32170721888542175,0,0.5
4,2,45,xgboost,554,464,0,0.04945608228445053,0,0.5
4,2,45,xgboost,558,59,0,0.12140430510044098,0,0.5
4,2,45,xgboost,562,648,0,0.20484328269958496,0,0.5
4,2,45,xgboost,564,687,0,0.18090598285198212,0,0.5
4,2,45,xgboost,570,13,0,0.07728160172700882,0,0.5
4,2,45,xgboost,574,133,0,0.7456270456314087,1,0.5
4,2,45,xgboost,577,504,0,0.4493422210216522,0,0.5
4,2,45,xgboost,582,539,0,0.37470608949661255,0,0.5
4,2,45,xgboost,589,299,0,0.5546824932098389,1,0.5
4,2,45,xgboost,601,92,0,0.12664631009101868,0,0.5
4,2,45,xgboost,613,493,0,0.2278818041086197,0,0.5
4,2,45,xgboost,614,52,0,0.07728160172700882,0,0.5
4,2,45,xgboost,633,85,0,0.14454732835292816,0,0.5
4,2,45,xgboost,642,829,0,0.21362096071243286,0,0.5
4,2,45,xgboost,646,824,1,0.38572683930397034,0,0.5
4,2,45,xgboost,657,827,0,0.37337297201156616,0,0.5
4,2,45,xgboost,658,762,0,0.40316078066825867,0,0.5
4,2,45,xgboost,660,820,0,0.3395578861236572,0,0.5
4,2,45,xgboost,666,420,0,0.6767353415489197,1,0.5
4,2,45,xgboost,671,138,0,0.14173419773578644,0,0.5
4,2,45,xgboost,676,524,0,0.17244230210781097,0,0.5
4,2,45,xgboost,678,42,0,0.35068413615226746,0,0.5
4,2,45,xgboost,683,254,0,0.4874069094657898,0,0.5
4,2,45,xgboost,685,449,0,0.39469584822654724,0,0.5
4,2,45,xgboost,686,128,0,0.38716423511505127,0,0.5
4,2,45,xgboost,691,731,0,0.49836114048957825,0,0.5
4,2,45,xgboost,698,554,0,0.24566498398780823,0,0.5
4,2,45,xgboost,705,291,0,0.2319198101758957,0,0.5
4,2,45,xgboost,711,177,0,0.41639024019241333,0,0.5
4,2,45,xgboost,715,129,0,0.05512075498700142,0,0.5
4,2,45,xgboost,719,30,0,0.3196505904197693,0,0.5
4,2,45,xgboost,721,218,0,0.611382246017456,1,0.5
4,2,45,xgboost,734,44,0,0.3253125548362732,0,0.5
4,2,45,xgboost,744,357,0,0.304875910282135,0,0.5
4,2,45,xgboost,755,642,1,0.42487189173698425,0,0.5
4,2,45,xgboost,770,645,1,0.46326979994773865,0,0.5
4,2,45,xgboost,777,543,0,0.5500251054763794,1,0.5
4,2,45,xgboost,781,544,0,0.5481312274932861,1,0.5
4,2,45,xgboost,790,516,0,0.35253968834877014,0,0.5
4,2,45,xgboost,791,700,0,0.5335662961006165,1,0.5
4,2,45,xgboost,798,794,0,0.21380436420440674,0,0.5
4,2,45,xgboost,800,688,0,0.43767213821411133,0,0.5
4,2,45,xgboost,802,666,0,0.3957156240940094,0,0.5
4,2,45,xgboost,805,561,0,0.385662704706192,0,0.5
4,2,45,xgboost,812,601,0,0.23229332268238068,0,0.5
4,2,45,xgboost,814,297,0,0.19445927441120148,0,0.5
4,2,45,xgboost,818,132,0,0.4435320198535919,0,0.5
4,2,45,xgboost,822,620,0,0.3336201608181,0,0.5
4,2,45,xgboost,827,616,0,0.25314298272132874,0,0.5
4,2,45,xgboost,828,377,0,0.30560871958732605,0,0.5
4,3,45,dummy_prior,2,660,0,0.06466165413533835,0,0.5
4,3,45,dummy_prior,7,413,0,0.06466165413533835,0,0.5
4,3,45,dummy_prior,10,807,0,0.06466165413533835,0,0.5
4,3,45,dummy_prior,19,773,0,0.06466165413533835,0,0.5
4,3,45,dummy_prior,30,782,0,0.06466165413533835,0,0.5
4,3,45,dummy_prior,42,724,0,0.06466165413533835,0,0.5
4,3,45,dummy_prior,49,739,0,0.06466165413533835,0,0.5
4,3,45,dummy_prior,55,789,0,0.06466165413533835,0,0.5
4,3,45,dummy_prior,57,647,0,0.06466165413533835,0,0.5
4,3,45,dummy_prior,66,728,0,0.06466165413533835,0,0.5
4,3,45,dummy_prior,69,727,0,0.06466165413533835,0,0.5
4,3,45,dummy_prior,73,681,0,0.06466165413533835,0,0.5
4,3,45,dummy_prior,91,649,0,0.06466165413533835,0,0.5
4,3,45,dummy_prior,95,701,1,0.06466165413533835,0,0.5
4,3,45,dummy_prior,100,580,0,0.06466165413533835,0,0.5
4,3,45,dummy_prior,116,570,0,0.06466165413533835,0,0.5
4,3,45,dummy_prior,127,518,0,0.06466165413533835,0,0.5
4,3,45,dummy_prior,138,556,0,0.06466165413533835,0,0.5
4,3,45,dummy_prior,142,480,0,0.06466165413533835,0,0.5
4,3,45,dummy_prior,143,558,0,0.06466165413533835,0,0.5
4,3,45,dummy_prior,147,643,0,0.06466165413533835,0,0.5
4,3,45,dummy_prior,151,438,0,0.06466165413533835,0,0.5
4,3,45,dummy_prior,156,545,0,0.06466165413533835,0,0.5
4,3,45,dummy_prior,164,572,0,0.06466165413533835,0,0.5
4,3,45,dummy_prior,166,461,0,0.06466165413533835,0,0.5
4,3,45,dummy_prior,169,434,0,0.06466165413533835,0,0.5
4,3,45,dummy_prior,178,548,0,0.06466165413533835,0,0.5
4,3,45,dummy_prior,182,491,0,0.06466165413533835,0,0.5
4,3,45,dummy_prior,198,460,0,0.06466165413533835,0,0.5
4,3,45,dummy_prior,215,531,1,0.06466165413533835,0,0.5
4,3,45,dummy_prior,216,408,0,0.06466165413533835,0,0.5
4,3,45,dummy_prior,218,324,0,0.06466165413533835,0,0.5
4,3,45,dummy_prior,222,278,0,0.06466165413533835,0,0.5
4,3,45,dummy_prior,224,511,0,0.06466165413533835,0,0.5
4,3,45,dummy_prior,225,409,0,0.06466165413533835,0,0.5
4,3,45,dummy_prior,230,432,0,0.06466165413533835,0,0.5
4,3,45,dummy_prior,240,555,0,0.06466165413533835,0,0.5
4,3,45,dummy_prior,241,402,0,0.06466165413533835,0,0.5
4,3,45,dummy_prior,242,391,0,0.06466165413533835,0,0.5
4,3,45,dummy_prior,263,232,0,0.06466165413533835,0,0.5
4,3,45,dummy_prior,274,168,0,0.06466165413533835,0,0.5
4,3,45,dummy_prior,275,267,0,0.06466165413533835,0,0.5
4,3,45,dummy_prior,277,303,0,0.06466165413533835,0,0.5
4,3,45,dummy_prior,278,238,0,0.06466165413533835,0,0.5
4,3,45,dummy_prior,290,221,0,0.06466165413533835,0,0.5
4,3,45,dummy_prior,299,323,0,0.06466165413533835,0,0.5
4,3,45,dummy_prior,303,436,0,0.06466165413533835,0,0.5
4,3,45,dummy_prior,304,287,0,0.06466165413533835,0,0.5
4,3,45,dummy_prior,309,313,0,0.06466165413533835,0,0.5
4,3,45,dummy_prior,314,170,0,0.06466165413533835,0,0.5
4,3,45,dummy_prior,319,180,0,0.06466165413533835,0,0.5
4,3,45,dummy_prior,320,268,0,0.06466165413533835,0,0.5
4,3,45,dummy_prior,330,274,0,0.06466165413533835,0,0.5
4,3,45,dummy_prior,336,182,0,0.06466165413533835,0,0.5
4,3,45,dummy_prior,337,148,0,0.06466165413533835,0,0.5
4,3,45,dummy_prior,349,152,0,0.06466165413533835,0,0.5
4,3,45,dummy_prior,350,223,0,0.06466165413533835,0,0.5
4,3,45,dummy_prior,354,212,0,0.06466165413533835,0,0.5
4,3,45,dummy_prior,356,339,0,0.06466165413533835,0,0.5
4,3,45,dummy_prior,376,103,0,0.06466165413533835,0,0.5
4,3,45,dummy_prior,379,134,1,0.06466165413533835,0,0.5
4,3,45,dummy_prior,382,90,0,0.06466165413533835,0,0.5
4,3,45,dummy_prior,387,69,0,0.06466165413533835,0,0.5
4,3,45,dummy_prior,394,209,0,0.06466165413533835,0,0.5
4,3,45,dummy_prior,395,55,0,0.06466165413533835,0,0.5
4,3,45,dummy_prior,396,210,0,0.06466165413533835,0,0.5
4,3,45,dummy_prior,397,102,0,0.06466165413533835,0,0.5
4,3,45,dummy_prior,399,88,0,0.06466165413533835,0,0.5
4,3,45,dummy_prior,406,698,0,0.06466165413533835,0,0.5
4,3,45,dummy_prior,407,186,0,0.06466165413533835,0,0.5
4,3,45,dummy_prior,409,70,0,0.06466165413533835,0,0.5
4,3,45,dummy_prior,410,158,0,0.06466165413533835,0,0.5
4,3,45,dummy_prior,412,97,0,0.06466165413533835,0,0.5
4,3,45,dummy_prior,413,433,1,0.06466165413533835,0,0.5
4,3,45,dummy_prior,417,35,0,0.06466165413533835,0,0.5
4,3,45,dummy_prior,418,114,0,0.06466165413533835,0,0.5
4,3,45,dummy_prior,424,28,0,0.06466165413533835,0,0.5
4,3,45,dummy_prior,430,9,0,0.06466165413533835,0,0.5
4,3,45,dummy_prior,436,65,0,0.06466165413533835,0,0.5
4,3,45,dummy_prior,439,32,0,0.06466165413533835,0,0.5
4,3,45,dummy_prior,444,3,0,0.06466165413533835,0,0.5
4,3,45,dummy_prior,446,19,0,0.06466165413533835,0,0.5
4,3,45,dummy_prior,447,68,0,0.06466165413533835,0,0.5
4,3,45,dummy_prior,449,25,0,0.06466165413533835,0,0.5
4,3,45,dummy_prior,451,41,0,0.06466165413533835,0,0.5
4,3,45,dummy_prior,456,682,1,0.06466165413533835,0,0.5
4,3,45,dummy_prior,457,787,0,0.06466165413533835,0,0.5
4,3,45,dummy_prior,460,753,0,0.06466165413533835,0,0.5
4,3,45,dummy_prior,463,482,0,0.06466165413533835,0,0.5
4,3,45,dummy_prior,465,608,0,0.06466165413533835,0,0.5
4,3,45,dummy_prior,471,337,0,0.06466165413533835,0,0.5
4,3,45,dummy_prior,479,356,0,0.06466165413533835,0,0.5
4,3,45,dummy_prior,483,610,0,0.06466165413533835,0,0.5
4,3,45,dummy_prior,484,369,0,0.06466165413533835,0,0.5
4,3,45,dummy_prior,485,735,0,0.06466165413533835,0,0.5
4,3,45,dummy_prior,497,603,0,0.06466165413533835,0,0.5
4,3,45,dummy_prior,498,174,0,0.06466165413533835,0,0.5
4,3,45,dummy_prior,503,791,0,0.06466165413533835,0,0.5
4,3,45,dummy_prior,505,624,0,0.06466165413533835,0,0.5
4,3,45,dummy_prior,506,628,0,0.06466165413533835,0,0.5
4,3,45,dummy_prior,508,262,0,0.06466165413533835,0,0.5
4,3,45,dummy_prior,509,547,0,0.06466165413533835,0,0.5
4,3,45,dummy_prior,515,275,0,0.06466165413533835,0,0.5
4,3,45,dummy_prior,523,50,0,0.06466165413533835,0,0.5
4,3,45,dummy_prior,527,58,0,0.06466165413533835,0,0.5
4,3,45,dummy_prior,535,772,0,0.06466165413533835,0,0.5
4,3,45,dummy_prior,547,338,0,0.06466165413533835,0,0.5
4,3,45,dummy_prior,549,559,0,0.06466165413533835,0,0.5
4,3,45,dummy_prior,550,257,0,0.06466165413533835,0,0.5
4,3,45,dummy_prior,559,198,0,0.06466165413533835,0,0.5
4,3,45,dummy_prior,566,784,0,0.06466165413533835,0,0.5
4,3,45,dummy_prior,575,176,0,0.06466165413533835,0,0.5
4,3,45,dummy_prior,585,416,0,0.06466165413533835,0,0.5
4,3,45,dummy_prior,586,230,1,0.06466165413533835,0,0.5
4,3,45,dummy_prior,592,376,0,0.06466165413533835,0,0.5
4,3,45,dummy_prior,594,130,0,0.06466165413533835,0,0.5
4,3,45,dummy_prior,598,710,0,0.06466165413533835,0,0.5
4,3,45,dummy_prior,599,250,0,0.06466165413533835,0,0.5
4,3,45,dummy_prior,603,280,0,0.06466165413533835,0,0.5
4,3,45,dummy_prior,612,741,0,0.06466165413533835,0,0.5
4,3,45,dummy_prior,615,625,0,0.06466165413533835,0,0.5
4,3,45,dummy_prior,616,761,0,0.06466165413533835,0,0.5
4,3,45,dummy_prior,623,95,0,0.06466165413533835,0,0.5
4,3,45,dummy_prior,624,613,0,0.06466165413533835,0,0.5
4,3,45,dummy_prior,625,421,0,0.06466165413533835,0,0.5
4,3,45,dummy_prior,628,216,1,0.06466165413533835,0,0.5
4,3,45,dummy_prior,634,467,0,0.06466165413533835,0,0.5
4,3,45,dummy_prior,636,326,0,0.06466165413533835,0,0.5
4,3,45,dummy_prior,637,502,0,0.06466165413533835,0,0.5
4,3,45,dummy_prior,639,756,1,0.06466165413533835,0,0.5
4,3,45,dummy_prior,652,814,0,0.06466165413533835,0,0.5
4,3,45,dummy_prior,661,704,1,0.06466165413533835,0,0.5
4,3,45,dummy_prior,672,91,0,0.06466165413533835,0,0.5
4,3,45,dummy_prior,675,479,0,0.06466165413533835,0,0.5
4,3,45,dummy_prior,677,439,0,0.06466165413533835,0,0.5
4,3,45,dummy_prior,679,781,0,0.06466165413533835,0,0.5
4,3,45,dummy_prior,688,31,0,0.06466165413533835,0,0.5
4,3,45,dummy_prior,699,214,0,0.06466165413533835,0,0.5
4,3,45,dummy_prior,700,530,0,0.06466165413533835,0,0.5
4,3,45,dummy_prior,706,417,0,0.06466165413533835,0,0.5
4,3,45,dummy_prior,708,564,0,0.06466165413533835,0,0.5
4,3,45,dummy_prior,709,6,0,0.06466165413533835,0,0.5
4,3,45,dummy_prior,718,66,0,0.06466165413533835,0,0.5
4,3,45,dummy_prior,722,393,0,0.06466165413533835,0,0.5
4,3,45,dummy_prior,728,508,1,0.06466165413533835,0,0.5
4,3,45,dummy_prior,731,360,0,0.06466165413533835,0,0.5
4,3,45,dummy_prior,732,578,0,0.06466165413533835,0,0.5
4,3,45,dummy_prior,738,281,0,0.06466165413533835,0,0.5
4,3,45,dummy_prior,739,398,0,0.06466165413533835,0,0.5
4,3,45,dummy_prior,742,422,0,0.06466165413533835,0,0.5
4,3,45,dummy_prior,750,45,0,0.06466165413533835,0,0.5
4,3,45,dummy_prior,752,136,0,0.06466165413533835,0,0.5
4,3,45,dummy_prior,766,353,0,0.06466165413533835,0,0.5
4,3,45,dummy_prior,774,691,0,0.06466165413533835,0,0.5
4,3,45,dummy_prior,779,62,0,0.06466165413533835,0,0.5
4,3,45,dummy_prior,780,717,0,0.06466165413533835,0,0.5
4,3,45,dummy_prior,782,519,0,0.06466165413533835,0,0.5
4,3,45,dummy_prior,785,4,0,0.06466165413533835,0,0.5
4,3,45,dummy_prior,796,644,0,0.06466165413533835,0,0.5
4,3,45,dummy_prior,797,720,0,0.06466165413533835,0,0.5
4,3,45,dummy_prior,809,743,0,0.06466165413533835,0,0.5
4,3,45,dummy_prior,811,694,0,0.06466165413533835,0,0.5
4,3,45,dummy_prior,819,680,0,0.06466165413533835,0,0.5
4,3,45,dummy_prior,821,598,0,0.06466165413533835,0,0.5
4,3,45,dummy_prior,829,635,0,0.06466165413533835,0,0.5
4,3,45,dummy_prior,830,526,0,0.06466165413533835,0,0.5
4,3,45,logistic_regression,2,660,0,0.10487908917200724,0,0.5
4,3,45,logistic_regression,7,413,0,0.662241195283875,1,0.5
4,3,45,logistic_regression,10,807,0,0.4484178893063358,0,0.5
4,3,45,logistic_regression,19,773,0,0.6820070490203006,1,0.5
4,3,45,logistic_regression,30,782,0,0.835094492571924,1,0.5
4,3,45,logistic_regression,42,724,0,0.5589015529255,1,0.5
4,3,45,logistic_regression,49,739,0,0.3554708790587065,0,0.5
4,3,45,logistic_regression,55,789,0,0.6320477262678879,1,0.5
4,3,45,logistic_regression,57,647,0,0.50683341778729,1,0.5
4,3,45,logistic_regression,66,728,0,0.3998796932778436,0,0.5
4,3,45,logistic_regression,69,727,0,0.615742800346564,1,0.5
4,3,45,logistic_regression,73,681,0,0.10196865767031026,0,0.5
4,3,45,logistic_regression,91,649,0,0.607454428552001,1,0.5
4,3,45,logistic_regression,95,701,1,0.5914424403599956,1,0.5
4,3,45,logistic_regression,100,580,0,0.9275329772692842,1,0.5
4,3,45,logistic_regression,116,570,0,0.20887742847562957,0,0.5
4,3,45,logistic_regression,127,518,0,0.47788350307257693,0,0.5
4,3,45,logistic_regression,138,556,0,0.5465271520303479,1,0.5
4,3,45,logistic_regression,142,480,0,0.06807233288338636,0,0.5
4,3,45,logistic_regression,143,558,0,0.36870139767184384,0,0.5
4,3,45,logistic_regression,147,643,0,0.40402848293827415,0,0.5
4,3,45,logistic_regression,151,438,0,0.4540729917311748,0,0.5
4,3,45,logistic_regression,156,545,0,0.2645575409193968,0,0.5
4,3,45,logistic_regression,164,572,0,0.9531673369481117,1,0.5
4,3,45,logistic_regression,166,461,0,0.6464727747581075,1,0.5
4,3,45,logistic_regression,169,434,0,0.037541105276661324,0,0.5
4,3,45,logistic_regression,178,548,0,0.5639926420157418,1,0.5
4,3,45,logistic_regression,182,491,0,0.40761137687479143,0,0.5
4,3,45,logistic_regression,198,460,0,0.39401547828156935,0,0.5
4,3,45,logistic_regression,215,531,1,0.5711417881476789,1,0.5
4,3,45,logistic_regression,216,408,0,0.4681138141621416,0,0.5
4,3,45,logistic_regression,218,324,0,0.42372071558575297,0,0.5
4,3,45,logistic_regression,222,278,0,0.37593572582499507,0,0.5
4,3,45,logistic_regression,224,511,0,0.03851913028444003,0,0.5
4,3,45,logistic_regression,225,409,0,0.406926869363679,0,0.5
4,3,45,logistic_regression,230,432,0,0.5430722703578403,1,0.5
4,3,45,logistic_regression,240,555,0,0.41672050929076193,0,0.5
4,3,45,logistic_regression,241,402,0,0.03760756821660652,0,0.5
4,3,45,logistic_regression,242,391,0,0.38505050246553624,0,0.5
4,3,45,logistic_regression,263,232,0,0.393114364419861,0,0.5
4,3,45,logistic_regression,274,168,0,0.4214390168845364,0,0.5
4,3,45,logistic_regression,275,267,0,0.4004317345318787,0,0.5
4,3,45,logistic_regression,277,303,0,0.3859562210942882,0,0.5
4,3,45,logistic_regression,278,238,0,0.04267130970299718,0,0.5
4,3,45,logistic_regression,290,221,0,0.4268853486353094,0,0.5
4,3,45,logistic_regression,299,323,0,0.5253864957145026,1,0.5
4,3,45,logistic_regression,303,436,0,0.34825104871527474,0,0.5
4,3,45,logistic_regression,304,287,0,0.0641927134550961,0,0.5
4,3,45,logistic_regression,309,313,0,0.261629939619134,0,0.5
4,3,45,logistic_regression,314,170,0,0.4129442271352964,0,0.5
4,3,45,logistic_regression,319,180,0,0.39598533004839226,0,0.5
4,3,45,logistic_regression,320,268,0,0.8563692629522364,1,0.5
4,3,45,logistic_regression,330,274,0,0.4764786003419096,0,0.5
4,3,45,logistic_regression,336,182,0,0.37020408195463456,0,0.5
4,3,45,logistic_regression,337,148,0,0.3631832488135089,0,0.5
4,3,45,logistic_regression,349,152,0,0.32009645795007274,0,0.5
4,3,45,logistic_regression,350,223,0,0.0543971059114149,0,0.5
4,3,45,logistic_regression,354,212,0,0.42608248807088633,0,0.5
4,3,45,logistic_regression,356,339,0,0.47809546696846467,0,0.5
4,3,45,logistic_regression,376,103,0,0.40147018791000505,0,0.5
4,3,45,logistic_regression,379,134,1,0.3907044482207775,0,0.5
4,3,45,logistic_regression,382,90,0,0.4547618110162454,0,0.5
4,3,45,logistic_regression,387,69,0,0.025186344407668048,0,0.5
4,3,45,logistic_regression,394,209,0,0.4130962648814561,0,0.5
4,3,45,logistic_regression,395,55,0,0.3594136080268178,0,0.5
4,3,45,logistic_regression,396,210,0,0.5105890255323745,1,0.5
4,3,45,logistic_regression,397,102,0,0.33774972232629635,0,0.5
4,3,45,logistic_regression,399,88,0,0.38575233452103885,0,0.5
4,3,45,logistic_regression,406,698,0,0.42193464174248474,0,0.5
4,3,45,logistic_regression,407,186,0,0.39829101941625106,0,0.5
4,3,45,logistic_regression,409,70,0,0.4055324685414855,0,0.5
4,3,45,logistic_regression,410,158,0,0.02630479053433289,0,0.5
4,3,45,logistic_regression,412,97,0,0.3694777056003319,0,0.5
4,3,45,logistic_regression,413,433,1,0.24862680161306333,0,0.5
4,3,45,logistic_regression,417,35,0,0.37368067768204266,0,0.5
4,3,45,logistic_regression,418,114,0,0.6138330305430927,1,0.5
4,3,45,logistic_regression,424,28,0,0.3994688149543492,0,0.5
4,3,45,logistic_regression,430,9,0,0.4011433139571407,0,0.5
4,3,45,logistic_regression,436,65,0,0.03397950969405315,0,0.5
4,3,45,logistic_regression,439,32,0,0.7611661451365008,1,0.5
4,3,45,logistic_regression,444,3,0,0.36972477166338963,0,0.5
4,3,45,logistic_regression,446,19,0,0.36365861102914715,0,0.5
4,3,45,logistic_regression,447,68,0,0.29880285352751623,0,0.5
4,3,45,logistic_regression,449,25,0,0.38979716739864206,0,0.5
4,3,45,logistic_regression,451,41,0,0.03085212997383868,0,0.5
4,3,45,logistic_regression,456,682,1,0.39158863987642517,0,0.5
4,3,45,logistic_regression,457,787,0,0.5326810631786754,1,0.5
4,3,45,logistic_regression,460,753,0,0.06310914660972171,0,0.5
4,3,45,logistic_regression,463,482,0,0.44973308872004214,0,0.5
4,3,45,logistic_regression,465,608,0,0.20931002759762793,0,0.5
4,3,45,logistic_regression,471,337,0,0.5252117366617904,1,0.5
4,3,45,logistic_regression,479,356,0,0.5089006779182207,1,0.5
4,3,45,logistic_regression,483,610,0,0.5621755831989235,1,0.5
4,3,45,logistic_regression,484,369,0,0.3763823661505904,0,0.5
4,3,45,logistic_regression,485,735,0,0.567439623728625,1,0.5
4,3,45,logistic_regression,497,603,0,0.34675507260938365,0,0.5
4,3,45,logistic_regression,498,174,0,0.37475887662990226,0,0.5
4,3,45,logistic_regression,503,791,0,0.49647855951149633,0,0.5
4,3,45,logistic_regression,505,624,0,0.3152634582319121,0,0.5
4,3,45,logistic_regression,506,628,0,0.5492484692827339,1,0.5
4,3,45,logistic_regression,508,262,0,0.05666771059810995,0,0.5
4,3,45,logistic_regression,509,547,0,0.06440082552206326,0,0.5
4,3,45,logistic_regression,515,275,0,0.3598449255067478,0,0.5
4,3,45,logistic_regression,523,50,0,0.08676985807089979,0,0.5
4,3,45,logistic_regression,527,58,0,0.3705734882329636,0,0.5
4,3,45,logistic_regression,535,772,0,0.7313779644924084,1,0.5
4,3,45,logistic_regression,547,338,0,0.4162207753774194,0,0.5
4,3,45,logistic_regression,549,559,0,0.4826873189944074,0,0.5
4,3,45,logistic_regression,550,257,0,0.3806852189739359,0,0.5
4,3,45,logistic_regression,559,198,0,0.4077926296360607,0,0.5
4,3,45,logistic_regression,566,784,0,0.3790555249425679,0,0.5
4,3,45,logistic_regression,575,176,0,0.45241166110431424,0,0.5
4,3,45,logistic_regression,585,416,0,0.5196254255717462,1,0.5
4,3,45,logistic_regression,586,230,1,0.5521863914035328,1,0.5
4,3,45,logistic_regression,592,376,0,0.5325204479612728,1,0.5
4,3,45,logistic_regression,594,130,0,0.35545777826997593,0,0.5
4,3,45,logistic_regression,598,710,0,0.40880058405292713,0,0.5
4,3,45,logistic_regression,599,250,0,0.5386719073107208,1,0.5
4,3,45,logistic_regression,603,280,0,0.42076600923160734,0,0.5
4,3,45,logistic_regression,612,741,0,0.4126033247917674,0,0.5
4,3,45,logistic_regression,615,625,0,0.4878673414691907,0,0.5
4,3,45,logistic_regression,616,761,0,0.4173213708797905,0,0.5
4,3,45,logistic_regression,623,95,0,0.9874609731485863,1,0.5
4,3,45,logistic_regression,624,613,0,0.6630951918777437,1,0.5
4,3,45,logistic_regression,625,421,0,0.6620157907059394,1,0.5
4,3,45,logistic_regression,628,216,1,0.5874498592546712,1,0.5
4,3,45,logistic_regression,634,467,0,0.3580613903538911,0,0.5
4,3,45,logistic_regression,636,326,0,0.28493736558966115,0,0.5
4,3,45,logistic_regression,637,502,0,0.2963521775441398,0,0.5
4,3,45,logistic_regression,639,756,1,0.764512305467015,1,0.5
4,3,45,logistic_regression,652,814,0,0.33533776639446583,0,0.5
4,3,45,logistic_regression,661,704,1,0.3149950115621369,0,0.5
4,3,45,logistic_regression,672,91,0,0.5102947029052602,1,0.5
4,3,45,logistic_regression,675,479,0,0.1030304374228208,0,0.5
4,3,45,logistic_regression,677,439,0,0.41610588996757447,0,0.5
4,3,45,logistic_regression,679,781,0,0.5144002244062001,1,0.5
4,3,45,logistic_regression,688,31,0,0.40651164881486523,0,0.5
4,3,45,logistic_regression,699,214,0,0.4865208366435025,0,0.5
4,3,45,logistic_regression,700,530,0,0.5530227162984632,1,0.5
4,3,45,logistic_regression,706,417,0,0.6538428399779139,1,0.5
4,3,45,logistic_regression,708,564,0,0.6635799741171289,1,0.5
4,3,45,logistic_regression,709,6,0,0.07354196863355493,0,0.5
4,3,45,logistic_regression,718,66,0,0.5191028205924634,1,0.5
4,3,45,logistic_regression,722,393,0,0.3400320660823207,0,0.5
4,3,45,logistic_regression,728,508,1,0.36989559118913184,0,0.5
4,3,45,logistic_regression,731,360,0,0.8228887556520297,1,0.5
4,3,45,logistic_regression,732,578,0,0.33144625397894123,0,0.5
4,3,45,logistic_regression,738,281,0,0.5604155953540505,1,0.5
4,3,45,logistic_regression,739,398,0,0.3661065490797128,0,0.5
4,3,45,logistic_regression,742,422,0,0.3805817244520661,0,0.5
4,3,45,logistic_regression,750,45,0,0.405219256593655,0,0.5
4,3,45,logistic_regression,752,136,0,0.05605188102618693,0,0.5
4,3,45,logistic_regression,766,353,0,0.3896692666969559,0,0.5
4,3,45,logistic_regression,774,691,0,0.556748789347677,1,0.5
4,3,45,logistic_regression,779,62,0,0.3844829879749474,0,0.5
4,3,45,logistic_regression,780,717,0,0.8842264988608016,1,0.5
4,3,45,logistic_regression,782,519,0,0.6257406479429006,1,0.5
4,3,45,logistic_regression,785,4,0,0.42172185769297527,0,0.5
4,3,45,logistic_regression,796,644,0,0.3386515235956346,0,0.5
4,3,45,logistic_regression,797,720,0,0.4428071081588665,0,0.5
4,3,45,logistic_regression,809,743,0,0.07546707876215966,0,0.5
4,3,45,logistic_regression,811,694,0,0.45062489659026667,0,0.5
4,3,45,logistic_regression,819,680,0,0.3628596546417126,0,0.5
4,3,45,logistic_regression,821,598,0,0.3392714065134732,0,0.5
4,3,45,logistic_regression,829,635,0,0.40779416362529125,0,0.5
4,3,45,logistic_regression,830,526,0,0.37986721558842507,0,0.5
4,3,45,xgboost,2,660,0,0.09553695470094681,0,0.5
4,3,45,xgboost,7,413,0,0.0436801016330719,0,0.5
4,3,45,xgboost,10,807,0,0.011441863141953945,0,0.5
4,3,45,xgboost,19,773,0,0.06461239606142044,0,0.5
4,3,45,xgboost,30,782,0,0.4662812054157257,0,0.5
4,3,45,xgboost,42,724,0,0.8032550811767578,1,0.5
4,3,45,xgboost,49,739,0,0.5080628395080566,1,0.5
4,3,45,xgboost,55,789,0,0.14289769530296326,0,0.5
4,3,45,xgboost,57,647,0,0.040097836405038834,0,0.5
4,3,45,xgboost,66,728,0,0.015403985045850277,0,0.5
4,3,45,xgboost,69,727,0,0.776522696018219,1,0.5
4,3,45,xgboost,73,681,0,0.0028147748671472073,0,0.5
4,3,45,xgboost,91,649,0,0.09550075232982635,0,0.5
4,3,45,xgboost,95,701,1,0.5419203042984009,1,0.5
4,3,45,xgboost,100,580,0,0.8828206062316895,1,0.5
4,3,45,xgboost,116,570,0,0.018611757084727287,0,0.5
4,3,45,xgboost,127,518,0,0.1404041200876236,0,0.5
4,3,45,xgboost,138,556,0,0.15618307888507843,0,0.5
4,3,45,xgboost,142,480,0,0.13893923163414001,0,0.5
4,3,45,xgboost,143,558,0,0.23017120361328125,0,0.5
4,3,45,xgboost,147,643,0,0.1510372757911682,0,0.5
4,3,45,xgboost,151,438,0,0.039396632462739944,0,0.5
4,3,45,xgboost,156,545,0,0.12864716351032257,0,0.5
4,3,45,xgboost,164,572,0,0.3059097230434418,0,0.5
4,3,45,xgboost,166,461,0,0.43244650959968567,0,0.5
4,3,45,xgboost,169,434,0,0.5675716400146484,1,0.5
4,3,45,xgboost,178,548,0,0.4058437645435333,0,0.5
4,3,45,xgboost,182,491,0,0.6584091186523438,1,0.5
4,3,45,xgboost,198,460,0,0.2707624137401581,0,0.5
4,3,45,xgboost,215,531,1,0.26943615078926086,0,0.5
4,3,45,xgboost,216,408,0,0.0606338307261467,0,0.5
4,3,45,xgboost,218,324,0,0.016421884298324585,0,0.5
4,3,45,xgboost,222,278,0,0.04808124899864197,0,0.5
4,3,45,xgboost,224,511,0,0.04800749570131302,0,0.5
4,3,45,xgboost,225,409,0,0.11805201321840286,0,0.5
4,3,45,xgboost,230,432,0,0.04755380377173424,0,0.5
4,3,45,xgboost,240,555,0,0.10189342498779297,0,0.5
4,3,45,xgboost,241,402,0,0.0037974563892930746,0,0.5
4,3,45,xgboost,242,391,0,0.2776051461696625,0,0.5
4,3,45,xgboost,263,232,0,0.3390313386917114,0,0.5
4,3,45,xgboost,274,168,0,0.26311084628105164,0,0.5
4,3,45,xgboost,275,267,0,0.6632829904556274,1,0.5
4,3,45,xgboost,277,303,0,0.03688878193497658,0,0.5
4,3,45,xgboost,278,238,0,0.04645734652876854,0,0.5
4,3,45,xgboost,290,221,0,0.18991762399673462,0,0.5
4,3,45,xgboost,299,323,0,0.00994262658059597,0,0.5
4,3,45,xgboost,303,436,0,0.18002289533615112,0,0.5
4,3,45,xgboost,304,287,0,0.014377673156559467,0,0.5
4,3,45,xgboost,309,313,0,0.008893663063645363,0,0.5
4,3,45,xgboost,314,170,0,0.4040147364139557,0,0.5
4,3,45,xgboost,319,180,0,0.5206064581871033,1,0.5
4,3,45,xgboost,320,268,0,0.7056053280830383,1,0.5
4,3,45,xgboost,330,274,0,0.6050951480865479,1,0.5
4,3,45,xgboost,336,182,0,0.45093196630477905,0,0.5
4,3,45,xgboost,337,148,0,0.3250131905078888,0,0.5
4,3,45,xgboost,349,152,0,0.20777635276317596,0,0.5
4,3,45,xgboost,350,223,0,0.016060102730989456,0,0.5
4,3,45,xgboost,354,212,0,0.6668518781661987,1,0.5
4,3,45,xgboost,356,339,0,0.15127305686473846,0,0.5
4,3,45,xgboost,376,103,0,0.3745618462562561,0,0.5
4,3,45,xgboost,379,134,1,0.10962583124637604,0,0.5
4,3,45,xgboost,382,90,0,0.15406231582164764,0,0.5
4,3,45,xgboost,387,69,0,0.0014892990002408624,0,0.5
4,3,45,xgboost,394,209,0,0.6160628795623779,1,0.5
4,3,45,xgboost,395,55,0,0.05093090608716011,0,0.5
4,3,45,xgboost,396,210,0,0.15326426923274994,0,0.5
4,3,45,xgboost,397,102,0,0.12210489064455032,0,0.5
4,3,45,xgboost,399,88,0,0.06997654587030411,0,0.5
4,3,45,xgboost,406,698,0,0.00970800407230854,0,0.5
4,3,45,xgboost,407,186,0,0.19106200337409973,0,0.5
4,3,45,xgboost,409,70,0,0.03337729349732399,0,0.5
4,3,45,xgboost,410,158,0,0.02796262316405773,0,0.5
4,3,45,xgboost,412,97,0,0.4311228096485138,0,0.5
4,3,45,xgboost,413,433,1,0.11227031797170639,0,0.5
4,3,45,xgboost,417,35,0,0.03336973860859871,0,0.5
4,3,45,xgboost,418,114,0,0.23470273613929749,0,0.5
4,3,45,xgboost,424,28,0,0.06159285455942154,0,0.5
4,3,45,xgboost,430,9,0,0.019348889589309692,0,0.5
4,3,45,xgboost,436,65,0,0.12399932742118835,0,0.5
4,3,45,xgboost,439,32,0,0.04103580862283707,0,0.5
4,3,45,xgboost,444,3,0,0.022323807701468468,0,0.5
4,3,45,xgboost,446,19,0,0.049432821571826935,0,0.5
4,3,45,xgboost,447,68,0,0.043892405927181244,0,0.5
4,3,45,xgboost,449,25,0,0.026470627635717392,0,0.5
4,3,45,xgboost,451,41,0,0.060225024819374084,0,0.5
4,3,45,xgboost,456,682,1,0.1395217627286911,0,0.5
4,3,45,xgboost,457,787,0,0.009919185191392899,0,0.5
4,3,45,xgboost,460,753,0,0.0028267186135053635,0,0.5
4,3,45,xgboost,463,482,0,0.581449568271637,1,0.5
4,3,45,xgboost,465,608,0,0.30177927017211914,0,0.5
4,3,45,xgboost,471,337,0,0.1779755800962448,0,0.5
4,3,45,xgboost,479,356,0,0.14363737404346466,0,0.5
4,3,45,xgboost,483,610,0,0.03557838872075081,0,0.5
4,3,45,xgboost,484,369,0,0.08577433973550797,0,0.5
4,3,45,xgboost,485,735,0,0.008134921081364155,0,0.5
4,3,45,xgboost,497,603,0,0.37402862310409546,0,0.5
4,3,45,xgboost,498,174,0,0.1416003257036209,0,0.5
4,3,45,xgboost,503,791,0,0.14490492641925812,0,0.5
4,3,45,xgboost,505,624,0,0.4303337633609772,0,0.5
4,3,45,xgboost,506,628,0,0.7699877023696899,1,0.5
4,3,45,xgboost,508,262,0,0.09459637850522995,0,0.5
4,3,45,xgboost,509,547,0,0.02465745620429516,0,0.5
4,3,45,xgboost,515,275,0,0.737200140953064,1,0.5
4,3,45,xgboost,523,50,0,0.028243238106369972,0,0.5
4,3,45,xgboost,527,58,0,0.040370795875787735,0,0.5
4,3,45,xgboost,535,772,0,0.6409584879875183,1,0.5
4,3,45,xgboost,547,338,0,0.12679463624954224,0,0.5
4,3,45,xgboost,549,559,0,0.16625790297985077,0,0.5
4,3,45,xgboost,550,257,0,0.4526187479496002,0,0.5
4,3,45,xgboost,559,198,0,0.15754906833171844,0,0.5
4,3,45,xgboost,566,784,0,0.11946555972099304,0,0.5
4,3,45,xgboost,575,176,0,0.2883562743663788,0,0.5
4,3,45,xgboost,585,416,0,0.0813102275133133,0,0.5
4,3,45,xgboost,586,230,1,0.5950780510902405,1,0.5
4,3,45,xgboost,592,376,0,0.0341816172003746,0,0.5
4,3,45,xgboost,594,130,0,0.18778671324253082,0,0.5
4,3,45,xgboost,598,710,0,0.42215028405189514,0,0.5
4,3,45,xgboost,599,250,0,0.882053554058075,1,0.5
4,3,45,xgboost,603,280,0,0.028362557291984558,0,0.5
4,3,45,xgboost,612,741,0,0.03849608823657036,0,0.5
4,3,45,xgboost,615,625,0,0.07566927373409271,0,0.5
4,3,45,xgboost,616,761,0,0.10435208678245544,0,0.5
4,3,45,xgboost,623,95,0,0.7242280840873718,1,0.5
4,3,45,xgboost,624,613,0,0.3132200837135315,0,0.5
4,3,45,xgboost,625,421,0,0.127234548330307,0,0.5
4,3,45,xgboost,628,216,1,0.8607555627822876,1,0.5
4,3,45,xgboost,634,467,0,0.20590364933013916,0,0.5
4,3,45,xgboost,636,326,0,0.09298631548881531,0,0.5
4,3,45,xgboost,637,502,0,0.13001644611358643,0,0.5
4,3,45,xgboost,639,756,1,0.9437816739082336,1,0.5
4,3,45,xgboost,652,814,0,0.0057280766777694225,0,0.5
4,3,45,xgboost,661,704,1,0.05536922067403793,0,0.5
4,3,45,xgboost,672,91,0,0.23500250279903412,0,0.5
4,3,45,xgboost,675,479,0,0.23485781252384186,0,0.5
4,3,45,xgboost,677,439,0,0.18473978340625763,0,0.5
4,3,45,xgboost,679,781,0,0.07960515469312668,0,0.5
4,3,45,xgboost,688,31,0,0.021791353821754456,0,0.5
4,3,45,xgboost,699,214,0,0.4375438392162323,0,0.5
4,3,45,xgboost,700,530,0,0.6898529529571533,1,0.5
4,3,45,xgboost,706,417,0,0.2331427037715912,0,0.5
4,3,45,xgboost,708,564,0,0.0958063155412674,0,0.5
4,3,45,xgboost,709,6,0,0.003130694618448615,0,0.5
4,3,45,xgboost,718,66,0,0.23511353135108948,0,0.5
4,3,45,xgboost,722,393,0,0.15177828073501587,0,0.5
4,3,45,xgboost,728,508,1,0.7636167407035828,1,0.5
4,3,45,xgboost,731,360,0,0.4299297034740448,0,0.5
4,3,45,xgboost,732,578,0,0.19752974808216095,0,0.5
4,3,45,xgboost,738,281,0,0.045256707817316055,0,0.5
4,3,45,xgboost,739,398,0,0.40000930428504944,0,0.5
4,3,45,xgboost,742,422,0,0.125118687748909,0,0.5
4,3,45,xgboost,750,45,0,0.018703777343034744,0,0.5
4,3,45,xgboost,752,136,0,0.0053816926665604115,0,0.5
4,3,45,xgboost,766,353,0,0.1343049854040146,0,0.5
4,3,45,xgboost,774,691,0,0.14037254452705383,0,0.5
4,3,45,xgboost,779,62,0,0.09641406685113907,0,0.5
4,3,45,xgboost,780,717,0,0.031329791992902756,0,0.5
4,3,45,xgboost,782,519,0,0.1380530744791031,0,0.5
4,3,45,xgboost,785,4,0,0.1053503155708313,0,0.5
4,3,45,xgboost,796,644,0,0.4319620430469513,0,0.5
4,3,45,xgboost,797,720,0,0.020840691402554512,0,0.5
4,3,45,xgboost,809,743,0,0.28334298729896545,0,0.5
4,3,45,xgboost,811,694,0,0.06590517610311508,0,0.5
4,3,45,xgboost,819,680,0,0.08154262602329254,0,0.5
4,3,45,xgboost,821,598,0,0.3937189280986786,0,0.5
4,3,45,xgboost,829,635,0,0.17971578240394592,0,0.5
4,3,45,xgboost,830,526,0,0.15485210716724396,0,0.5
4,4,45,dummy_prior,3,825,0,0.06315789473684211,0,0.5
4,4,45,dummy_prior,6,823,1,0.06315789473684211,0,0.5
4,4,45,dummy_prior,15,776,0,0.06315789473684211,0,0.5
4,4,45,dummy_prior,16,790,0,0.06315789473684211,0,0.5
4,4,45,dummy_prior,18,792,0,0.06315789473684211,0,0.5
4,4,45,dummy_prior,20,797,0,0.06315789473684211,0,0.5
4,4,45,dummy_prior,21,783,0,0.06315789473684211,0,0.5
4,4,45,dummy_prior,26,765,0,0.06315789473684211,0,0.5
4,4,45,dummy_prior,37,747,0,0.06315789473684211,0,0.5
4,4,45,dummy_prior,58,683,0,0.06315789473684211,0,0.5
4,4,45,dummy_prior,62,679,0,0.06315789473684211,0,0.5
4,4,45,dummy_prior,81,615,0,0.06315789473684211,0,0.5
4,4,45,dummy_prior,83,713,0,0.06315789473684211,0,0.5
4,4,45,dummy_prior,85,718,0,0.06315789473684211,0,0.5
4,4,45,dummy_prior,86,703,0,0.06315789473684211,0,0.5
4,4,45,dummy_prior,92,631,1,0.06315789473684211,0,0.5
4,4,45,dummy_prior,97,584,0,0.06315789473684211,0,0.5
4,4,45,dummy_prior,98,641,0,0.06315789473684211,0,0.5
4,4,45,dummy_prior,109,619,0,0.06315789473684211,0,0.5
4,4,45,dummy_prior,111,573,0,0.06315789473684211,0,0.5
4,4,45,dummy_prior,113,667,0,0.06315789473684211,0,0.5
4,4,45,dummy_prior,114,665,0,0.06315789473684211,0,0.5
4,4,45,dummy_prior,118,498,0,0.06315789473684211,0,0.5
4,4,45,dummy_prior,122,542,0,0.06315789473684211,0,0.5
4,4,45,dummy_prior,123,571,0,0.06315789473684211,0,0.5
4,4,45,dummy_prior,129,492,0,0.06315789473684211,0,0.5
4,4,45,dummy_prior,132,651,0,0.06315789473684211,0,0.5
4,4,45,dummy_prior,139,553,0,0.06315789473684211,0,0.5
4,4,45,dummy_prior,153,457,0,0.06315789473684211,0,0.5
4,4,45,dummy_prior,158,463,0,0.06315789473684211,0,0.5
4,4,45,dummy_prior,168,108,0,0.06315789473684211,0,0.5
4,4,45,dummy_prior,175,452,0,0.06315789473684211,0,0.5
4,4,45,dummy_prior,177,472,0,0.06315789473684211,0,0.5
4,4,45,dummy_prior,194,429,0,0.06315789473684211,0,0.5
4,4,45,dummy_prior,202,494,1,0.06315789473684211,0,0.5
4,4,45,dummy_prior,207,470,0,0.06315789473684211,0,0.5
4,4,45,dummy_prior,208,387,0,0.06315789473684211,0,0.5
4,4,45,dummy_prior,209,399,0,0.06315789473684211,0,0.5
4,4,45,dummy_prior,231,316,0,0.06315789473684211,0,0.5
4,4,45,dummy_prior,232,345,0,0.06315789473684211,0,0.5
4,4,45,dummy_prior,243,253,0,0.06315789473684211,0,0.5
4,4,45,dummy_prior,244,487,0,0.06315789473684211,0,0.5
4,4,45,dummy_prior,245,292,0,0.06315789473684211,0,0.5
4,4,45,dummy_prior,265,305,0,0.06315789473684211,0,0.5
4,4,45,dummy_prior,279,219,0,0.06315789473684211,0,0.5
4,4,45,dummy_prior,280,389,0,0.06315789473684211,0,0.5
4,4,45,dummy_prior,283,240,0,0.06315789473684211,0,0.5
4,4,45,dummy_prior,286,419,0,0.06315789473684211,0,0.5
4,4,45,dummy_prior,293,358,0,0.06315789473684211,0,0.5
4,4,45,dummy_prior,312,189,0,0.06315789473684211,0,0.5
4,4,45,dummy_prior,317,271,1,0.06315789473684211,0,0.5
4,4,45,dummy_prior,318,269,0,0.06315789473684211,0,0.5
4,4,45,dummy_prior,322,169,1,0.06315789473684211,0,0.5
4,4,45,dummy_prior,323,217,0,0.06315789473684211,0,0.5
4,4,45,dummy_prior,326,290,0,0.06315789473684211,0,0.5
4,4,45,dummy_prior,328,446,0,0.06315789473684211,0,0.5
4,4,45,dummy_prior,332,525,1,0.06315789473684211,0,0.5
4,4,45,dummy_prior,335,200,0,0.06315789473684211,0,0.5
4,4,45,dummy_prior,341,79,0,0.06315789473684211,0,0.5
4,4,45,dummy_prior,342,276,1,0.06315789473684211,0,0.5
4,4,45,dummy_prior,343,149,0,0.06315789473684211,0,0.5
4,4,45,dummy_prior,345,125,0,0.06315789473684211,0,0.5
4,4,45,dummy_prior,351,811,0,0.06315789473684211,0,0.5
4,4,45,dummy_prior,353,258,0,0.06315789473684211,0,0.5
4,4,45,dummy_prior,355,733,0,0.06315789473684211,0,0.5
4,4,45,dummy_prior,369,312,0,0.06315789473684211,0,0.5
4,4,45,dummy_prior,378,400,0,0.06315789473684211,0,0.5
4,4,45,dummy_prior,388,120,0,0.06315789473684211,0,0.5
4,4,45,dummy_prior,392,137,0,0.06315789473684211,0,0.5
4,4,45,dummy_prior,405,87,0,0.06315789473684211,0,0.5
4,4,45,dummy_prior,408,104,0,0.06315789473684211,0,0.5
4,4,45,dummy_prior,423,600,0,0.06315789473684211,0,0.5
4,4,45,dummy_prior,428,195,0,0.06315789473684211,0,0.5
4,4,45,dummy_prior,431,10,0,0.06315789473684211,0,0.5
4,4,45,dummy_prior,432,80,0,0.06315789473684211,0,0.5
4,4,45,dummy_prior,433,36,0,0.06315789473684211,0,0.5
4,4,45,dummy_prior,438,34,0,0.06315789473684211,0,0.5
4,4,45,dummy_prior,441,77,0,0.06315789473684211,0,0.5
4,4,45,dummy_prior,442,24,0,0.06315789473684211,0,0.5
4,4,45,dummy_prior,443,18,0,0.06315789473684211,0,0.5
4,4,45,dummy_prior,453,16,0,0.06315789473684211,0,0.5
4,4,45,dummy_prior,459,154,0,0.06315789473684211,0,0.5
4,4,45,dummy_prior,478,451,1,0.06315789473684211,0,0.5
4,4,45,dummy_prior,486,428,0,0.06315789473684211,0,0.5
4,4,45,dummy_prior,490,590,0,0.06315789473684211,0,0.5
4,4,45,dummy_prior,500,362,0,0.06315789473684211,0,0.5
4,4,45,dummy_prior,502,53,0,0.06315789473684211,0,0.5
4,4,45,dummy_prior,504,37,0,0.06315789473684211,0,0.5
4,4,45,dummy_prior,507,469,0,0.06315789473684211,0,0.5
4,4,45,dummy_prior,510,652,0,0.06315789473684211,0,0.5
4,4,45,dummy_prior,519,188,0,0.06315789473684211,0,0.5
4,4,45,dummy_prior,526,385,0,0.06315789473684211,0,0.5
4,4,45,dummy_prior,528,662,1,0.06315789473684211,0,0.5
4,4,45,dummy_prior,529,191,0,0.06315789473684211,0,0.5
4,4,45,dummy_prior,532,636,0,0.06315789473684211,0,0.5
4,4,45,dummy_prior,534,435,0,0.06315789473684211,0,0.5
4,4,45,dummy_prior,536,458,0,0.06315789473684211,0,0.5
4,4,45,dummy_prior,537,255,0,0.06315789473684211,0,0.5
4,4,45,dummy_prior,539,748,0,0.06315789473684211,0,0.5
4,4,45,dummy_prior,543,426,0,0.06315789473684211,0,0.5
4,4,45,dummy_prior,544,335,0,0.06315789473684211,0,0.5
4,4,45,dummy_prior,545,456,0,0.06315789473684211,0,0.5
4,4,45,dummy_prior,548,802,0,0.06315789473684211,0,0.5
4,4,45,dummy_prior,560,315,0,0.06315789473684211,0,0.5
4,4,45,dummy_prior,561,562,0,0.06315789473684211,0,0.5
4,4,45,dummy_prior,568,244,0,0.06315789473684211,0,0.5
4,4,45,dummy_prior,571,193,0,0.06315789473684211,0,0.5
4,4,45,dummy_prior,576,506,0,0.06315789473684211,0,0.5
4,4,45,dummy_prior,580,318,0,0.06315789473684211,0,0.5
4,4,45,dummy_prior,588,225,0,0.06315789473684211,0,0.5
4,4,45,dummy_prior,593,157,0,0.06315789473684211,0,0.5
4,4,45,dummy_prior,595,320,0,0.06315789473684211,0,0.5
4,4,45,dummy_prior,602,622,0,0.06315789473684211,0,0.5
4,4,45,dummy_prior,605,336,0,0.06315789473684211,0,0.5
4,4,45,dummy_prior,606,424,0,0.06315789473684211,0,0.5
4,4,45,dummy_prior,607,187,0,0.06315789473684211,0,0.5
4,4,45,dummy_prior,610,478,0,0.06315789473684211,0,0.5
4,4,45,dummy_prior,621,27,0,0.06315789473684211,0,0.5
4,4,45,dummy_prior,626,788,0,0.06315789473684211,0,0.5
4,4,45,dummy_prior,629,810,0,0.06315789473684211,0,0.5
4,4,45,dummy_prior,631,294,0,0.06315789473684211,0,0.5
4,4,45,dummy_prior,632,260,0,0.06315789473684211,0,0.5
4,4,45,dummy_prior,647,0,0,0.06315789473684211,0,0.5
4,4,45,dummy_prior,650,808,0,0.06315789473684211,0,0.5
4,4,45,dummy_prior,651,828,0,0.06315789473684211,0,0.5
4,4,45,dummy_prior,656,793,0,0.06315789473684211,0,0.5
4,4,45,dummy_prior,664,340,0,0.06315789473684211,0,0.5
4,4,45,dummy_prior,665,8,0,0.06315789473684211,0,0.5
4,4,45,dummy_prior,667,74,0,0.06315789473684211,0,0.5
4,4,45,dummy_prior,670,538,0,0.06315789473684211,0,0.5
4,4,45,dummy_prior,673,473,0,0.06315789473684211,0,0.5
4,4,45,dummy_prior,674,111,0,0.06315789473684211,0,0.5
4,4,45,dummy_prior,680,806,0,0.06315789473684211,0,0.5
4,4,45,dummy_prior,682,231,0,0.06315789473684211,0,0.5
4,4,45,dummy_prior,693,769,0,0.06315789473684211,0,0.5
4,4,45,dummy_prior,697,124,0,0.06315789473684211,0,0.5
4,4,45,dummy_prior,701,589,0,0.06315789473684211,0,0.5
4,4,45,dummy_prior,710,725,0,0.06315789473684211,0,0.5
4,4,45,dummy_prior,716,156,0,0.06315789473684211,0,0.5
4,4,45,dummy_prior,717,540,0,0.06315789473684211,0,0.5
4,4,45,dummy_prior,726,676,0,0.06315789473684211,0,0.5
4,4,45,dummy_prior,730,395,0,0.06315789473684211,0,0.5
4,4,45,dummy_prior,737,785,0,0.06315789473684211,0,0.5
4,4,45,dummy_prior,740,206,0,0.06315789473684211,0,0.5
4,4,45,dummy_prior,746,113,0,0.06315789473684211,0,0.5
4,4,45,dummy_prior,749,455,0,0.06315789473684211,0,0.5
4,4,45,dummy_prior,751,744,0,0.06315789473684211,0,0.5
4,4,45,dummy_prior,754,110,0,0.06315789473684211,0,0.5
4,4,45,dummy_prior,759,401,1,0.06315789473684211,0,0.5
4,4,45,dummy_prior,764,15,0,0.06315789473684211,0,0.5
4,4,45,dummy_prior,765,314,0,0.06315789473684211,0,0.5
4,4,45,dummy_prior,767,175,0,0.06315789473684211,0,0.5
4,4,45,dummy_prior,773,302,0,0.06315789473684211,0,0.5
4,4,45,dummy_prior,775,14,0,0.06315789473684211,0,0.5
4,4,45,dummy_prior,776,106,0,0.06315789473684211,0,0.5
4,4,45,dummy_prior,778,668,0,0.06315789473684211,0,0.5
4,4,45,dummy_prior,783,116,0,0.06315789473684211,0,0.5
4,4,45,dummy_prior,784,48,0,0.06315789473684211,0,0.5
4,4,45,dummy_prior,787,22,1,0.06315789473684211,0,0.5
4,4,45,dummy_prior,789,233,0,0.06315789473684211,0,0.5
4,4,45,dummy_prior,801,634,0,0.06315789473684211,0,0.5
4,4,45,dummy_prior,803,699,0,0.06315789473684211,0,0.5
4,4,45,dummy_prior,804,777,0,0.06315789473684211,0,0.5
4,4,45,dummy_prior,810,606,0,0.06315789473684211,0,0.5
4,4,45,dummy_prior,815,722,0,0.06315789473684211,0,0.5
4,4,45,dummy_prior,824,298,0,0.06315789473684211,0,0.5
4,4,45,logistic_regression,3,825,0,0.6147618849223577,1,0.5
4,4,45,logistic_regression,6,823,1,0.5953809446794713,1,0.5
4,4,45,logistic_regression,15,776,0,0.6866321683321841,1,0.5
4,4,45,logistic_regression,16,790,0,0.4667868202789515,0,0.5
4,4,45,logistic_regression,18,792,0,0.8948512172511115,1,0.5
4,4,45,logistic_regression,20,797,0,0.7113645942489725,1,0.5
4,4,45,logistic_regression,21,783,0,0.4478881687444526,0,0.5
4,4,45,logistic_regression,26,765,0,0.5016087975005666,1,0.5
4,4,45,logistic_regression,37,747,0,0.41750851074754036,0,0.5
4,4,45,logistic_regression,58,683,0,0.5133603027935225,1,0.5
4,4,45,logistic_regression,62,679,0,0.5116877294910743,1,0.5
4,4,45,logistic_regression,81,615,0,0.507676586867457,1,0.5
4,4,45,logistic_regression,83,713,0,0.3058384761690721,0,0.5
4,4,45,logistic_regression,85,718,0,0.5265359359611278,1,0.5
4,4,45,logistic_regression,86,703,0,0.6061430806523573,1,0.5
4,4,45,logistic_regression,92,631,1,0.437765041208861,0,0.5
4,4,45,logistic_regression,97,584,0,0.0867819029529334,0,0.5
4,4,45,logistic_regression,98,641,0,0.5887465939638801,1,0.5
4,4,45,logistic_regression,109,619,0,0.5607887347903217,1,0.5
4,4,45,logistic_regression,111,573,0,0.7956964839094428,1,0.5
4,4,45,logistic_regression,113,667,0,0.48537438250261045,0,0.5
4,4,45,logistic_regression,114,665,0,0.5177022222066332,1,0.5
4,4,45,logistic_regression,118,498,0,0.5026991541527684,1,0.5
4,4,45,logistic_regression,122,542,0,0.8406936734744465,1,0.5
4,4,45,logistic_regression,123,571,0,0.6553285619001646,1,0.5
4,4,45,logistic_regression,129,492,0,0.5682835941232938,1,0.5
4,4,45,logistic_regression,132,651,0,0.47643493318858066,0,0.5
4,4,45,logistic_regression,139,553,0,0.4916321714487835,0,0.5
4,4,45,logistic_regression,153,457,0,0.5501030465684859,1,0.5
4,4,45,logistic_regression,158,463,0,0.5481478301784242,1,0.5
4,4,45,logistic_regression,168,108,0,0.5299233705353316,1,0.5
4,4,45,logistic_regression,175,452,0,0.07113462959581816,0,0.5
4,4,45,logistic_regression,177,472,0,0.08264257014431559,0,0.5
4,4,45,logistic_regression,194,429,0,0.5293403629911911,1,0.5
4,4,45,logistic_regression,202,494,1,0.7153129505353726,1,0.5
4,4,45,logistic_regression,207,470,0,0.4372041473094049,0,0.5
4,4,45,logistic_regression,208,387,0,0.5824798098855103,1,0.5
4,4,45,logistic_regression,209,399,0,0.5421697464274557,1,0.5
4,4,45,logistic_regression,231,316,0,0.43618385037557666,0,0.5
4,4,45,logistic_regression,232,345,0,0.43819771760600956,0,0.5
4,4,45,logistic_regression,243,253,0,0.431460740269578,0,0.5
4,4,45,logistic_regression,244,487,0,0.5522647408696411,1,0.5
4,4,45,logistic_regression,245,292,0,0.44121409456874805,0,0.5
4,4,45,logistic_regression,265,305,0,0.4935770321139003,0,0.5
4,4,45,logistic_regression,279,219,0,0.4810494073981446,0,0.5
4,4,45,logistic_regression,280,389,0,0.49586788774854235,0,0.5
4,4,45,logistic_regression,283,240,0,0.4571670449809583,0,0.5
4,4,45,logistic_regression,286,419,0,0.5048062548318955,1,0.5
4,4,45,logistic_regression,293,358,0,0.4463320426900545,0,0.5
4,4,45,logistic_regression,312,189,0,0.4942689904799994,0,0.5
4,4,45,logistic_regression,317,271,1,0.4376465370942237,0,0.5
4,4,45,logistic_regression,318,269,0,0.06929043834427995,0,0.5
4,4,45,logistic_regression,322,169,1,0.5001273058937414,1,0.5
4,4,45,logistic_regression,323,217,0,0.4210472297535599,0,0.5
4,4,45,logistic_regression,326,290,0,0.4730990421426877,0,0.5
4,4,45,logistic_regression,328,446,0,0.5338201719003535,1,0.5
4,4,45,logistic_regression,332,525,1,0.48929215911962104,0,0.5
4,4,45,logistic_regression,335,200,0,0.08762738035286849,0,0.5
4,4,45,logistic_regression,341,79,0,0.439172528413889,0,0.5
4,4,45,logistic_regression,342,276,1,0.10861857489468495,0,0.5
4,4,45,logistic_regression,343,149,0,0.069882178526597,0,0.5
4,4,45,logistic_regression,345,125,0,0.45285138597517416,0,0.5
4,4,45,logistic_regression,351,811,0,0.510669054010277,1,0.5
4,4,45,logistic_regression,353,258,0,0.32952118734688424,0,0.5
4,4,45,logistic_regression,355,733,0,0.5352611509234383,1,0.5
4,4,45,logistic_regression,369,312,0,0.4381283988915405,0,0.5
4,4,45,logistic_regression,378,400,0,0.44829475765864435,0,0.5
4,4,45,logistic_regression,388,120,0,0.44188121179279827,0,0.5
4,4,45,logistic_regression,392,137,0,0.7172897676724357,1,0.5
4,4,45,logistic_regression,405,87,0,0.06936791154357905,0,0.5
4,4,45,logistic_regression,408,104,0,0.45356859012161355,0,0.5
4,4,45,logistic_regression,423,600,0,0.4828577688918194,0,0.5
4,4,45,logistic_regression,428,195,0,0.45202111529845374,0,0.5
4,4,45,logistic_regression,431,10,0,0.06843706882651694,0,0.5
4,4,45,logistic_regression,432,80,0,0.4171001368023019,0,0.5
4,4,45,logistic_regression,433,36,0,0.06868097181132533,0,0.5
4,4,45,logistic_regression,438,34,0,0.4384148001377737,0,0.5
4,4,45,logistic_regression,441,77,0,0.2777857528601077,0,0.5
4,4,45,logistic_regression,442,24,0,0.4407113928130626,0,0.5
4,4,45,logistic_regression,443,18,0,0.07750916232327847,0,0.5
4,4,45,logistic_regression,453,16,0,0.4376287478455863,0,0.5
4,4,45,logistic_regression,459,154,0,0.47780117017166296,0,0.5
4,4,45,logistic_regression,478,451,1,0.45755468740921285,0,0.5
4,4,45,logistic_regression,486,428,0,0.44516594571276286,0,0.5
4,4,45,logistic_regression,490,590,0,0.7871818818757214,1,0.5
4,4,45,logistic_regression,500,362,0,0.5457570635802151,1,0.5
4,4,45,logistic_regression,502,53,0,0.4451580623217212,0,0.5
4,4,45,logistic_regression,504,37,0,0.4475619984107437,0,0.5
4,4,45,logistic_regression,507,469,0,0.4834200713583075,0,0.5
4,4,45,logistic_regression,510,652,0,0.5370487582187402,1,0.5
4,4,45,logistic_regression,519,188,0,0.44244699025872997,0,0.5
4,4,45,logistic_regression,526,385,0,0.07172091761980443,0,0.5
4,4,45,logistic_regression,528,662,1,0.6326069106942379,1,0.5
4,4,45,logistic_regression,529,191,0,0.4965895180464655,0,0.5
4,4,45,logistic_regression,532,636,0,0.4746736712745898,0,0.5
4,4,45,logistic_regression,534,435,0,0.4555878127595347,0,0.5
4,4,45,logistic_regression,536,458,0,0.45456392140921065,0,0.5
4,4,45,logistic_regression,537,255,0,0.43748708418575377,0,0.5
4,4,45,logistic_regression,539,748,0,0.5604411833685903,1,0.5
4,4,45,logistic_regression,543,426,0,0.46606475305761197,0,0.5
4,4,45,logistic_regression,544,335,0,0.44708618549930756,0,0.5
4,4,45,logistic_regression,545,456,0,0.4783605672184883,0,0.5
4,4,45,logistic_regression,548,802,0,0.4620140006628769,0,0.5
4,4,45,logistic_regression,560,315,0,0.44640622389095513,0,0.5
4,4,45,logistic_regression,561,562,0,0.45324912059030914,0,0.5
4,4,45,logistic_regression,568,244,0,0.4224268104161297,0,0.5
4,4,45,logistic_regression,571,193,0,0.43085963583104503,0,0.5
4,4,45,logistic_regression,576,506,0,0.4460353418194521,0,0.5
4,4,45,logistic_regression,580,318,0,0.45739667144271173,0,0.5
4,4,45,logistic_regression,588,225,0,0.4578358920030269,0,0.5
4,4,45,logistic_regression,593,157,0,0.3905675477102393,0,0.5
4,4,45,logistic_regression,595,320,0,0.08987583594050608,0,0.5
4,4,45,logistic_regression,602,622,0,0.4566857734922904,0,0.5
4,4,45,logistic_regression,605,336,0,0.5437099204493558,1,0.5
4,4,45,logistic_regression,606,424,0,0.5167606511202192,1,0.5
4,4,45,logistic_regression,607,187,0,0.4920092595698076,0,0.5
4,4,45,logistic_regression,610,478,0,0.47120809565612864,0,0.5
4,4,45,logistic_regression,621,27,0,0.4186627300793858,0,0.5
4,4,45,logistic_regression,626,788,0,0.7388476322692994,1,0.5
4,4,45,logistic_regression,629,810,0,0.7453249217615244,1,0.5
4,4,45,logistic_regression,631,294,0,0.45887695171726406,0,0.5
4,4,45,logistic_regression,632,260,0,0.577570247024244,1,0.5
4,4,45,logistic_regression,647,0,0,0.42587902600337973,0,0.5
4,4,45,logistic_regression,650,808,0,0.5563157812287899,1,0.5
4,4,45,logistic_regression,651,828,0,0.5503862942249009,1,0.5
4,4,45,logistic_regression,656,793,0,0.5452700905801835,1,0.5
4,4,45,logistic_regression,664,340,0,0.6209553823247714,1,0.5
4,4,45,logistic_regression,665,8,0,0.6047960874732005,1,0.5
4,4,45,logistic_regression,667,74,0,0.61251077517019,1,0.5
4,4,45,logistic_regression,670,538,0,0.6263321418579731,1,0.5
4,4,45,logistic_regression,673,473,0,0.6385570998978455,1,0.5
4,4,45,logistic_regression,674,111,0,0.6597901826805347,1,0.5
4,4,45,logistic_regression,680,806,0,0.14935082904981517,0,0.5
4,4,45,logistic_regression,682,231,0,0.6292026265179043,1,0.5
4,4,45,logistic_regression,693,769,0,0.750339613656037,1,0.5
4,4,45,logistic_regression,697,124,0,0.47905216783973115,0,0.5
4,4,45,logistic_regression,701,589,0,0.5851561620436962,1,0.5
4,4,45,logistic_regression,710,725,0,0.5054841849326398,1,0.5
4,4,45,logistic_regression,716,156,0,0.67938839907811,1,0.5
4,4,45,logistic_regression,717,540,0,0.3419674096347696,0,0.5
4,4,45,logistic_regression,726,676,0,0.4657518642183681,0,0.5
4,4,45,logistic_regression,730,395,0,0.49605537276767636,0,0.5
4,4,45,logistic_regression,737,785,0,0.5395924501407637,1,0.5
4,4,45,logistic_regression,740,206,0,0.4991904161002487,0,0.5
4,4,45,logistic_regression,746,113,0,0.06924001490485258,0,0.5
4,4,45,logistic_regression,749,455,0,0.47083714067979415,0,0.5
4,4,45,logistic_regression,751,744,0,0.45057467209738455,0,0.5
4,4,45,logistic_regression,754,110,0,0.4819478239674487,0,0.5
4,4,45,logistic_regression,759,401,1,0.8651841274115323,1,0.5
4,4,45,logistic_regression,764,15,0,0.45137254833820206,0,0.5
4,4,45,logistic_regression,765,314,0,0.07978454444416086,0,0.5
4,4,45,logistic_regression,767,175,0,0.06969429589452893,0,0.5
4,4,45,logistic_regression,773,302,0,0.5184972288418386,1,0.5
4,4,45,logistic_regression,775,14,0,0.4169481701613537,0,0.5
4,4,45,logistic_regression,776,106,0,0.43842114974309543,0,0.5
4,4,45,logistic_regression,778,668,0,0.6300367704338703,1,0.5
4,4,45,logistic_regression,783,116,0,0.6214873437759182,1,0.5
4,4,45,logistic_regression,784,48,0,0.6072789520184102,1,0.5
4,4,45,logistic_regression,787,22,1,0.21513471140984147,0,0.5
4,4,45,logistic_regression,789,233,0,0.21359531037619792,0,0.5
4,4,45,logistic_regression,801,634,0,0.4406630874036722,0,0.5
4,4,45,logistic_regression,803,699,0,0.49936787901236074,0,0.5
4,4,45,logistic_regression,804,777,0,0.7571437351098257,1,0.5
4,4,45,logistic_regression,810,606,0,0.30832208353061913,0,0.5
4,4,45,logistic_regression,815,722,0,0.5260987850409774,1,0.5
4,4,45,logistic_regression,824,298,0,0.4605791161298956,0,0.5
4,4,45,xgboost,3,825,0,0.440470427274704,0,0.5
4,4,45,xgboost,6,823,1,0.12050309777259827,0,0.5
4,4,45,xgboost,15,776,0,0.8606915473937988,1,0.5
4,4,45,xgboost,16,790,0,0.055514778941869736,0,0.5
4,4,45,xgboost,18,792,0,0.04121303930878639,0,0.5
4,4,45,xgboost,20,797,0,0.8852337002754211,1,0.5
4,4,45,xgboost,21,783,0,0.4934511184692383,0,0.5
4,4,45,xgboost,26,765,0,0.11708594113588333,0,0.5
4,4,45,xgboost,37,747,0,0.20721720159053802,0,0.5
4,4,45,xgboost,58,683,0,0.1433194875717163,0,0.5
4,4,45,xgboost,62,679,0,0.0474470853805542,0,0.5
4,4,45,xgboost,81,615,0,0.19615522027015686,0,0.5
4,4,45,xgboost,83,713,0,0.33671677112579346,0,0.5
4,4,45,xgboost,85,718,0,0.0691853016614914,0,0.5
4,4,45,xgboost,86,703,0,0.7139136791229248,1,0.5
4,4,45,xgboost,92,631,1,0.07765762507915497,0,0.5
4,4,45,xgboost,97,584,0,0.006151041481643915,0,0.5
4,4,45,xgboost,98,641,0,0.47059541940689087,0,0.5
4,4,45,xgboost,109,619,0,0.128363698720932,0,0.5
4,4,45,xgboost,111,573,0,0.5878045558929443,1,0.5
4,4,45,xgboost,113,667,0,0.3211946487426758,0,0.5
4,4,45,xgboost,114,665,0,0.06560308486223221,0,0.5
4,4,45,xgboost,118,498,0,0.4373053014278412,0,0.5
4,4,45,xgboost,122,542,0,0.3585755527019501,0,0.5
4,4,45,xgboost,123,571,0,0.632348895072937,1,0.5
4,4,45,xgboost,129,492,0,0.08438508957624435,0,0.5
4,4,45,xgboost,132,651,0,0.2527683675289154,0,0.5
4,4,45,xgboost,139,553,0,0.023323534056544304,0,0.5
4,4,45,xgboost,153,457,0,0.10759063810110092,0,0.5
4,4,45,xgboost,158,463,0,0.10921617597341537,0,0.5
4,4,45,xgboost,168,108,0,0.4041641354560852,0,0.5
4,4,45,xgboost,175,452,0,0.013573763892054558,0,0.5
4,4,45,xgboost,177,472,0,0.04756522551178932,0,0.5
4,4,45,xgboost,194,429,0,0.0409538559615612,0,0.5
4,4,45,xgboost,202,494,1,0.8838419914245605,1,0.5
4,4,45,xgboost,207,470,0,0.07457668334245682,0,0.5
4,4,45,xgboost,208,387,0,0.14602184295654297,0,0.5
4,4,45,xgboost,209,399,0,0.2686402201652527,0,0.5
4,4,45,xgboost,231,316,0,0.10352955758571625,0,0.5
4,4,45,xgboost,232,345,0,0.16657868027687073,0,0.5
4,4,45,xgboost,243,253,0,0.14679263532161713,0,0.5
4,4,45,xgboost,244,487,0,0.30783507227897644,0,0.5
4,4,45,xgboost,245,292,0,0.2083558440208435,0,0.5
4,4,45,xgboost,265,305,0,0.27099475264549255,0,0.5
4,4,45,xgboost,279,219,0,0.4635375738143921,0,0.5
4,4,45,xgboost,280,389,0,0.3598182499408722,0,0.5
4,4,45,xgboost,283,240,0,0.5820284485816956,1,0.5
4,4,45,xgboost,286,419,0,0.2851742208003998,0,0.5
4,4,45,xgboost,293,358,0,0.3277907967567444,0,0.5
4,4,45,xgboost,312,189,0,0.22466427087783813,0,0.5
4,4,45,xgboost,317,271,1,0.118044413626194,0,0.5
4,4,45,xgboost,318,269,0,0.01607939600944519,0,0.5
4,4,45,xgboost,322,169,1,0.6645492911338806,1,0.5
4,4,45,xgboost,323,217,0,0.553167462348938,1,0.5
4,4,45,xgboost,326,290,0,0.08936488628387451,0,0.5
4,4,45,xgboost,328,446,0,0.032351162284612656,0,0.5
4,4,45,xgboost,332,525,1,0.6662471294403076,1,0.5
4,4,45,xgboost,335,200,0,0.07084967195987701,0,0.5
4,4,45,xgboost,341,79,0,0.28199055790901184,0,0.5
4,4,45,xgboost,342,276,1,0.10082066059112549,0,0.5
4,4,45,xgboost,343,149,0,0.02351323515176773,0,0.5
4,4,45,xgboost,345,125,0,0.6840689182281494,1,0.5
4,4,45,xgboost,351,811,0,0.4818783104419708,0,0.5
4,4,45,xgboost,353,258,0,0.07457277178764343,0,0.5
4,4,45,xgboost,355,733,0,0.0982356071472168,0,0.5
4,4,45,xgboost,369,312,0,0.23460274934768677,0,0.5
4,4,45,xgboost,378,400,0,0.14500859379768372,0,0.5
4,4,45,xgboost,388,120,0,0.19481876492500305,0,0.5
4,4,45,xgboost,392,137,0,0.14686033129692078,0,0.5
4,4,45,xgboost,405,87,0,0.009167751297354698,0,0.5
4,4,45,xgboost,408,104,0,0.19341495633125305,0,0.5
4,4,45,xgboost,423,600,0,0.08788646757602692,0,0.5
4,4,45,xgboost,428,195,0,0.7788629531860352,1,0.5
4,4,45,xgboost,431,10,0,0.007267211098223925,0,0.5
4,4,45,xgboost,432,80,0,0.37157362699508667,0,0.5
4,4,45,xgboost,433,36,0,0.006326916161924601,0,0.5
4,4,45,xgboost,438,34,0,0.036153193563222885,0,0.5
4,4,45,xgboost,441,77,0,0.14641937613487244,0,0.5
4,4,45,xgboost,442,24,0,0.017167462036013603,0,0.5
4,4,45,xgboost,443,18,0,0.005101916380226612,0,0.5
4,4,45,xgboost,453,16,0,0.03389347344636917,0,0.5
4,4,45,xgboost,459,154,0,0.3870598375797272,0,0.5
4,4,45,xgboost,478,451,1,0.34459277987480164,0,0.5
4,4,45,xgboost,486,428,0,0.0694800615310669,0,0.5
4,4,45,xgboost,490,590,0,0.43285709619522095,0,0.5
4,4,45,xgboost,500,362,0,0.13405631482601166,0,0.5
4,4,45,xgboost,502,53,0,0.020961245521903038,0,0.5
4,4,45,xgboost,504,37,0,0.03125828132033348,0,0.5
4,4,45,xgboost,507,469,0,0.3470613360404968,0,0.5
4,4,45,xgboost,510,652,0,0.34182509779930115,0,0.5
4,4,45,xgboost,519,188,0,0.264667809009552,0,0.5
4,4,45,xgboost,526,385,0,0.013044551014900208,0,0.5
4,4,45,xgboost,528,662,1,0.21646438539028168,0,0.5
4,4,45,xgboost,529,191,0,0.3890428841114044,0,0.5
4,4,45,xgboost,532,636,0,0.483376681804657,0,0.5
4,4,45,xgboost,534,435,0,0.5208662748336792,1,0.5
4,4,45,xgboost,536,458,0,0.5284599661827087,1,0.5
4,4,45,xgboost,537,255,0,0.08043649047613144,0,0.5
4,4,45,xgboost,539,748,0,0.05938372761011124,0,0.5
4,4,45,xgboost,543,426,0,0.03564195707440376,0,0.5
4,4,45,xgboost,544,335,0,0.21027836203575134,0,0.5
4,4,45,xgboost,545,456,0,0.30480527877807617,0,0.5
4,4,45,xgboost,548,802,0,0.019251078367233276,0,0.5
4,4,45,xgboost,560,315,0,0.11347437649965286,0,0.5
4,4,45,xgboost,561,562,0,0.23316015303134918,0,0.5
4,4,45,xgboost,568,244,0,0.34203240275382996,0,0.5
4,4,45,xgboost,571,193,0,0.3236614167690277,0,0.5
4,4,45,xgboost,576,506,0,0.08298921585083008,0,0.5
4,4,45,xgboost,580,318,0,0.41962921619415283,0,0.5
4,4,45,xgboost,588,225,0,0.4123925566673279,0,0.5
4,4,45,xgboost,593,157,0,0.5400828719139099,1,0.5
4,4,45,xgboost,595,320,0,0.01701030321419239,0,0.5
4,4,45,xgboost,602,622,0,0.6616851687431335,1,0.5
4,4,45,xgboost,605,336,0,0.26876986026763916,0,0.5
4,4,45,xgboost,606,424,0,0.2870049774646759,0,0.5
4,4,45,xgboost,607,187,0,0.5492337346076965,1,0.5
4,4,45,xgboost,610,478,0,0.32684260606765747,0,0.5
4,4,45,xgboost,621,27,0,0.037561867386102676,0,0.5
4,4,45,xgboost,626,788,0,0.07591241598129272,0,0.5
4,4,45,xgboost,629,810,0,0.06178246811032295,0,0.5
4,4,45,xgboost,631,294,0,0.25593996047973633,0,0.5
4,4,45,xgboost,632,260,0,0.1732741743326187,0,0.5
4,4,45,xgboost,647,0,0,0.01596849225461483,0,0.5
4,4,45,xgboost,650,808,0,0.13814878463745117,0,0.5
4,4,45,xgboost,651,828,0,0.13601429760456085,0,0.5
4,4,45,xgboost,656,793,0,0.010705841705203056,0,0.5
4,4,45,xgboost,664,340,0,0.1352338194847107,0,0.5
4,4,45,xgboost,665,8,0,0.08655426651239395,0,0.5
4,4,45,xgboost,667,74,0,0.3372948467731476,0,0.5
4,4,45,xgboost,670,538,0,0.388950914144516,0,0.5
4,4,45,xgboost,673,473,0,0.4423130750656128,0,0.5
4,4,45,xgboost,674,111,0,0.23047277331352234,0,0.5
4,4,45,xgboost,680,806,0,0.006303176283836365,0,0.5
4,4,45,xgboost,682,231,0,0.8711780905723572,1,0.5
4,4,45,xgboost,693,769,0,0.8402751684188843,1,0.5
4,4,45,xgboost,697,124,0,0.47885802388191223,0,0.5
4,4,45,xgboost,701,589,0,0.3341314494609833,0,0.5
4,4,45,xgboost,710,725,0,0.31449195742607117,0,0.5
4,4,45,xgboost,716,156,0,0.3081262707710266,0,0.5
4,4,45,xgboost,717,540,0,0.43966495990753174,0,0.5
4,4,45,xgboost,726,676,0,0.07639748603105545,0,0.5
4,4,45,xgboost,730,395,0,0.09859222918748856,0,0.5
4,4,45,xgboost,737,785,0,0.052106089890003204,0,0.5
4,4,45,xgboost,740,206,0,0.22358918190002441,0,0.5
4,4,45,xgboost,746,113,0,0.005094111431390047,0,0.5
4,4,45,xgboost,749,455,0,0.13017646968364716,0,0.5
4,4,45,xgboost,751,744,0,0.04158204793930054,0,0.5
4,4,45,xgboost,754,110,0,0.034220922738313675,0,0.5
4,4,45,xgboost,759,401,1,0.1514275074005127,0,0.5
4,4,45,xgboost,764,15,0,0.03745102882385254,0,0.5
4,4,45,xgboost,765,314,0,0.00944763608276844,0,0.5
4,4,45,xgboost,767,175,0,0.016168611124157906,0,0.5
4,4,45,xgboost,773,302,0,0.019476238638162613,0,0.5
4,4,45,xgboost,775,14,0,0.023862415924668312,0,0.5
4,4,45,xgboost,776,106,0,0.3560311794281006,0,0.5
4,4,45,xgboost,778,668,0,0.0467362180352211,0,0.5
4,4,45,xgboost,783,116,0,0.3326420187950134,0,0.5
4,4,45,xgboost,784,48,0,0.12608927488327026,0,0.5
4,4,45,xgboost,787,22,1,0.057538021355867386,0,0.5
4,4,45,xgboost,789,233,0,0.6092427968978882,1,0.5
4,4,45,xgboost,801,634,0,0.08282452076673508,0,0.5
4,4,45,xgboost,803,699,0,0.4294077754020691,0,0.5
4,4,45,xgboost,804,777,0,0.27101147174835205,0,0.5
4,4,45,xgboost,810,606,0,0.04086814820766449,0,0.5
4,4,45,xgboost,815,722,0,0.1160174310207367,0,0.5
4,4,45,xgboost,824,298,0,0.17310263216495514,0,0.5
4,5,45,dummy_prior,1,7,0,0.06315789473684211,0,0.5
4,5,45,dummy_prior,13,803,0,0.06315789473684211,0,0.5
4,5,45,dummy_prior,17,799,0,0.06315789473684211,0,0.5
4,5,45,dummy_prior,22,766,1,0.06315789473684211,0,0.5
4,5,45,dummy_prior,23,767,1,0.06315789473684211,0,0.5
4,5,45,dummy_prior,25,805,0,0.06315789473684211,0,0.5
4,5,45,dummy_prior,28,742,0,0.06315789473684211,0,0.5
4,5,45,dummy_prior,29,745,0,0.06315789473684211,0,0.5
4,5,45,dummy_prior,31,771,0,0.06315789473684211,0,0.5
4,5,45,dummy_prior,32,738,0,0.06315789473684211,0,0.5
4,5,45,dummy_prior,33,734,0,0.06315789473684211,0,0.5
4,5,45,dummy_prior,40,746,0,0.06315789473684211,0,0.5
4,5,45,dummy_prior,45,709,0,0.06315789473684211,0,0.5
4,5,45,dummy_prior,46,716,0,0.06315789473684211,0,0.5
4,5,45,dummy_prior,50,721,0,0.06315789473684211,0,0.5
4,5,45,dummy_prior,51,715,0,0.06315789473684211,0,0.5
4,5,45,dummy_prior,52,729,0,0.06315789473684211,0,0.5
4,5,45,dummy_prior,53,695,0,0.06315789473684211,0,0.5
4,5,45,dummy_prior,56,702,0,0.06315789473684211,0,0.5
4,5,45,dummy_prior,59,692,0,0.06315789473684211,0,0.5
4,5,45,dummy_prior,60,673,0,0.06315789473684211,0,0.5
4,5,45,dummy_prior,63,629,0,0.06315789473684211,0,0.5
4,5,45,dummy_prior,65,736,0,0.06315789473684211,0,0.5
4,5,45,dummy_prior,71,664,0,0.06315789473684211,0,0.5
4,5,45,dummy_prior,78,684,0,0.06315789473684211,0,0.5
4,5,45,dummy_prior,84,657,0,0.06315789473684211,0,0.5
4,5,45,dummy_prior,87,618,0,0.06315789473684211,0,0.5
4,5,45,dummy_prior,88,632,0,0.06315789473684211,0,0.5
4,5,45,dummy_prior,96,678,0,0.06315789473684211,0,0.5
4,5,45,dummy_prior,101,599,0,0.06315789473684211,0,0.5
4,5,45,dummy_prior,103,633,0,0.06315789473684211,0,0.5
4,5,45,dummy_prior,104,674,0,0.06315789473684211,0,0.5
4,5,45,dummy_prior,106,653,0,0.06315789473684211,0,0.5
4,5,45,dummy_prior,108,612,0,0.06315789473684211,0,0.5
4,5,45,dummy_prior,110,626,0,0.06315789473684211,0,0.5
4,5,45,dummy_prior,115,597,0,0.06315789473684211,0,0.5
4,5,45,dummy_prior,117,560,0,0.06315789473684211,0,0.5
4,5,45,dummy_prior,125,588,0,0.06315789473684211,0,0.5
4,5,45,dummy_prior,130,581,1,0.06315789473684211,0,0.5
4,5,45,dummy_prior,135,586,0,0.06315789473684211,0,0.5
4,5,45,dummy_prior,141,591,0,0.06315789473684211,0,0.5
4,5,45,dummy_prior,144,595,0,0.06315789473684211,0,0.5
4,5,45,dummy_prior,149,489,0,0.06315789473684211,0,0.5
4,5,45,dummy_prior,165,515,0,0.06315789473684211,0,0.5
4,5,45,dummy_prior,174,412,0,0.06315789473684211,0,0.5
4,5,45,dummy_prior,180,462,0,0.06315789473684211,0,0.5
4,5,45,dummy_prior,188,380,0,0.06315789473684211,0,0.5
4,5,45,dummy_prior,191,459,0,0.06315789473684211,0,0.5
4,5,45,dummy_prior,192,445,0,0.06315789473684211,0,0.5
4,5,45,dummy_prior,193,397,0,0.06315789473684211,0,0.5
4,5,45,dummy_prior,199,443,0,0.06315789473684211,0,0.5
4,5,45,dummy_prior,200,441,0,0.06315789473684211,0,0.5
4,5,45,dummy_prior,205,496,0,0.06315789473684211,0,0.5
4,5,45,dummy_prior,211,431,0,0.06315789473684211,0,0.5
4,5,45,dummy_prior,212,500,0,0.06315789473684211,0,0.5
4,5,45,dummy_prior,219,406,0,0.06315789473684211,0,0.5
4,5,45,dummy_prior,228,466,0,0.06315789473684211,0,0.5
4,5,45,dummy_prior,233,378,0,0.06315789473684211,0,0.5
4,5,45,dummy_prior,234,343,0,0.06315789473684211,0,0.5
4,5,45,dummy_prior,238,334,0,0.06315789473684211,0,0.5
4,5,45,dummy_prior,248,379,0,0.06315789473684211,0,0.5
4,5,45,dummy_prior,252,390,0,0.06315789473684211,0,0.5
4,5,45,dummy_prior,254,273,1,0.06315789473684211,0,0.5
4,5,45,dummy_prior,259,295,0,0.06315789473684211,0,0.5
4,5,45,dummy_prior,261,259,1,0.06315789473684211,0,0.5
4,5,45,dummy_prior,271,349,0,0.06315789473684211,0,0.5
4,5,45,dummy_prior,272,237,0,0.06315789473684211,0,0.5
4,5,45,dummy_prior,288,289,0,0.06315789473684211,0,0.5
4,5,45,dummy_prior,294,220,0,0.06315789473684211,0,0.5
4,5,45,dummy_prior,295,333,0,0.06315789473684211,0,0.5
4,5,45,dummy_prior,301,331,0,0.06315789473684211,0,0.5
4,5,45,dummy_prior,305,382,0,0.06315789473684211,0,0.5
4,5,45,dummy_prior,306,322,0,0.06315789473684211,0,0.5
4,5,45,dummy_prior,308,368,0,0.06315789473684211,0,0.5
4,5,45,dummy_prior,313,348,0,0.06315789473684211,0,0.5
4,5,45,dummy_prior,316,293,0,0.06315789473684211,0,0.5
4,5,45,dummy_prior,324,173,0,0.06315789473684211,0,0.5
4,5,45,dummy_prior,327,207,0,0.06315789473684211,0,0.5
4,5,45,dummy_prior,329,583,0,0.06315789473684211,0,0.5
4,5,45,dummy_prior,333,251,0,0.06315789473684211,0,0.5
4,5,45,dummy_prior,348,155,0,0.06315789473684211,0,0.5
4,5,45,dummy_prior,364,203,0,0.06315789473684211,0,0.5
4,5,45,dummy_prior,367,367,0,0.06315789473684211,0,0.5
4,5,45,dummy_prior,368,242,0,0.06315789473684211,0,0.5
4,5,45,dummy_prior,371,249,0,0.06315789473684211,0,0.5
4,5,45,dummy_prior,381,234,0,0.06315789473684211,0,0.5
4,5,45,dummy_prior,389,142,0,0.06315789473684211,0,0.5
4,5,45,dummy_prior,390,184,0,0.06315789473684211,0,0.5
4,5,45,dummy_prior,391,100,0,0.06315789473684211,0,0.5
4,5,45,dummy_prior,404,171,0,0.06315789473684211,0,0.5
4,5,45,dummy_prior,414,89,0,0.06315789473684211,0,0.5
4,5,45,dummy_prior,420,29,0,0.06315789473684211,0,0.5
4,5,45,dummy_prior,422,153,0,0.06315789473684211,0,0.5
4,5,45,dummy_prior,425,192,1,0.06315789473684211,0,0.5
4,5,45,dummy_prior,429,112,0,0.06315789473684211,0,0.5
4,5,45,dummy_prior,437,75,0,0.06315789473684211,0,0.5
4,5,45,dummy_prior,448,1,0,0.06315789473684211,0,0.5
4,5,45,dummy_prior,450,43,0,0.06315789473684211,0,0.5
4,5,45,dummy_prior,464,575,0,0.06315789473684211,0,0.5
4,5,45,dummy_prior,467,190,0,0.06315789473684211,0,0.5
4,5,45,dummy_prior,468,371,0,0.06315789473684211,0,0.5
4,5,45,dummy_prior,470,483,0,0.06315789473684211,0,0.5
4,5,45,dummy_prior,476,165,0,0.06315789473684211,0,0.5
4,5,45,dummy_prior,477,405,0,0.06315789473684211,0,0.5
4,5,45,dummy_prior,488,711,0,0.06315789473684211,0,0.5
4,5,45,dummy_prior,489,71,0,0.06315789473684211,0,0.5
4,5,45,dummy_prior,496,476,0,0.06315789473684211,0,0.5
4,5,45,dummy_prior,513,425,0,0.06315789473684211,0,0.5
4,5,45,dummy_prior,521,146,0,0.06315789473684211,0,0.5
4,5,45,dummy_prior,522,40,0,0.06315789473684211,0,0.5
4,5,45,dummy_prior,525,213,0,0.06315789473684211,0,0.5
4,5,45,dummy_prior,555,196,0,0.06315789473684211,0,0.5
4,5,45,dummy_prior,557,730,0,0.06315789473684211,0,0.5
4,5,45,dummy_prior,563,150,0,0.06315789473684211,0,0.5
4,5,45,dummy_prior,565,813,0,0.06315789473684211,0,0.5
4,5,45,dummy_prior,569,321,0,0.06315789473684211,0,0.5
4,5,45,dummy_prior,581,183,0,0.06315789473684211,0,0.5
4,5,45,dummy_prior,583,566,0,0.06315789473684211,0,0.5
4,5,45,dummy_prior,584,135,0,0.06315789473684211,0,0.5
4,5,45,dummy_prior,597,582,0,0.06315789473684211,0,0.5
4,5,45,dummy_prior,604,779,0,0.06315789473684211,0,0.5
4,5,45,dummy_prior,608,226,0,0.06315789473684211,0,0.5
4,5,45,dummy_prior,611,714,0,0.06315789473684211,0,0.5
4,5,45,dummy_prior,618,21,0,0.06315789473684211,0,0.5
4,5,45,dummy_prior,638,310,0,0.06315789473684211,0,0.5
4,5,45,dummy_prior,640,205,0,0.06315789473684211,0,0.5
4,5,45,dummy_prior,643,830,0,0.06315789473684211,0,0.5
4,5,45,dummy_prior,648,819,1,0.06315789473684211,0,0.5
4,5,45,dummy_prior,649,795,0,0.06315789473684211,0,0.5
4,5,45,dummy_prior,655,821,0,0.06315789473684211,0,0.5
4,5,45,dummy_prior,662,638,1,0.06315789473684211,0,0.5
4,5,45,dummy_prior,668,98,1,0.06315789473684211,0,0.5
4,5,45,dummy_prior,681,81,0,0.06315789473684211,0,0.5
4,5,45,dummy_prior,687,317,0,0.06315789473684211,0,0.5
4,5,45,dummy_prior,690,144,0,0.06315789473684211,0,0.5
4,5,45,dummy_prior,692,246,0,0.06315789473684211,0,0.5
4,5,45,dummy_prior,694,427,0,0.06315789473684211,0,0.5
4,5,45,dummy_prior,695,655,0,0.06315789473684211,0,0.5
4,5,45,dummy_prior,696,325,0,0.06315789473684211,0,0.5
4,5,45,dummy_prior,703,327,0,0.06315789473684211,0,0.5
4,5,45,dummy_prior,707,587,0,0.06315789473684211,0,0.5
4,5,45,dummy_prior,713,495,1,0.06315789473684211,0,0.5
4,5,45,dummy_prior,714,768,0,0.06315789473684211,0,0.5
4,5,45,dummy_prior,723,541,0,0.06315789473684211,0,0.5
4,5,45,dummy_prior,725,778,0,0.06315789473684211,0,0.5
4,5,45,dummy_prior,727,166,1,0.06315789473684211,0,0.5
4,5,45,dummy_prior,733,101,0,0.06315789473684211,0,0.5
4,5,45,dummy_prior,735,607,0,0.06315789473684211,0,0.5
4,5,45,dummy_prior,736,139,0,0.06315789473684211,0,0.5
4,5,45,dummy_prior,741,12,0,0.06315789473684211,0,0.5
4,5,45,dummy_prior,743,415,0,0.06315789473684211,0,0.5
4,5,45,dummy_prior,748,801,0,0.06315789473684211,0,0.5
4,5,45,dummy_prior,756,528,0,0.06315789473684211,0,0.5
4,5,45,dummy_prior,758,403,0,0.06315789473684211,0,0.5
4,5,45,dummy_prior,760,256,0,0.06315789473684211,0,0.5
4,5,45,dummy_prior,788,549,0,0.06315789473684211,0,0.5
4,5,45,dummy_prior,794,602,0,0.06315789473684211,0,0.5
4,5,45,dummy_prior,795,726,0,0.06315789473684211,0,0.5
4,5,45,dummy_prior,799,650,0,0.06315789473684211,0,0.5
4,5,45,dummy_prior,807,569,0,0.06315789473684211,0,0.5
4,5,45,dummy_prior,813,346,0,0.06315789473684211,0,0.5
4,5,45,dummy_prior,816,567,0,0.06315789473684211,0,0.5
4,5,45,dummy_prior,817,444,0,0.06315789473684211,0,0.5
4,5,45,dummy_prior,820,574,0,0.06315789473684211,0,0.5
4,5,45,dummy_prior,825,800,0,0.06315789473684211,0,0.5
4,5,45,dummy_prior,826,672,0,0.06315789473684211,0,0.5
4,5,45,logistic_regression,1,7,0,0.4027451092609203,0,0.5
4,5,45,logistic_regression,13,803,0,0.5265707202300186,1,0.5
4,5,45,logistic_regression,17,799,0,0.652678993347595,1,0.5
4,5,45,logistic_regression,22,766,1,0.619851210672445,1,0.5
4,5,45,logistic_regression,23,767,1,0.5925207976263274,1,0.5
4,5,45,logistic_regression,25,805,0,0.4467022991677257,0,0.5
4,5,45,logistic_regression,28,742,0,0.43797639989792314,0,0.5
4,5,45,logistic_regression,29,745,0,0.4588542075025775,0,0.5
4,5,45,logistic_regression,31,771,0,0.7110029238046883,1,0.5
4,5,45,logistic_regression,32,738,0,0.39250895149324083,0,0.5
4,5,45,logistic_regression,33,734,0,0.5694980643555366,1,0.5
4,5,45,logistic_regression,40,746,0,0.3686103088347965,0,0.5
4,5,45,logistic_regression,45,709,0,0.604140178632637,1,0.5
4,5,45,logistic_regression,46,716,0,0.7027918001330279,1,0.5
4,5,45,logistic_regression,50,721,0,0.5888322840085485,1,0.5
4,5,45,logistic_regression,51,715,0,0.43313138153713543,0,0.5
4,5,45,logistic_regression,52,729,0,0.49959063166151274,0,0.5
4,5,45,logistic_regression,53,695,0,0.567705721930824,1,0.5
4,5,45,logistic_regression,56,702,0,0.5125741284512189,1,0.5
4,5,45,logistic_regression,59,692,0,0.7812566137468392,1,0.5
4,5,45,logistic_regression,60,673,0,0.5337332160848258,1,0.5
4,5,45,logistic_regression,63,629,0,0.7714086717446402,1,0.5
4,5,45,logistic_regression,65,736,0,0.6136278383649711,1,0.5
4,5,45,logistic_regression,71,664,0,0.47128020347601646,0,0.5
4,5,45,logistic_regression,78,684,0,0.4979237158410401,0,0.5
4,5,45,logistic_regression,84,657,0,0.471288521564924,0,0.5
4,5,45,logistic_regression,87,618,0,0.47622640980035047,0,0.5
4,5,45,logistic_regression,88,632,0,0.47588733829116603,0,0.5
4,5,45,logistic_regression,96,678,0,0.4805733119540303,0,0.5
4,5,45,logistic_regression,101,599,0,0.19723776906800056,0,0.5
4,5,45,logistic_regression,103,633,0,0.5682550828929286,1,0.5
4,5,45,logistic_regression,104,674,0,0.5264848111142347,1,0.5
4,5,45,logistic_regression,106,653,0,0.45601888647119093,0,0.5
4,5,45,logistic_regression,108,612,0,0.17167445472009354,0,0.5
4,5,45,logistic_regression,110,626,0,0.231485824709352,0,0.5
4,5,45,logistic_regression,115,597,0,0.454637895377304,0,0.5
4,5,45,logistic_regression,117,560,0,0.5459660121159515,1,0.5
4,5,45,logistic_regression,125,588,0,0.4563509029740993,0,0.5
4,5,45,logistic_regression,130,581,1,0.6102384096097474,1,0.5
4,5,45,logistic_regression,135,586,0,0.20455522476296095,0,0.5
4,5,45,logistic_regression,141,591,0,0.24378905884659763,0,0.5
4,5,45,logistic_regression,144,595,0,0.5960140835243097,1,0.5
4,5,45,logistic_regression,149,489,0,0.4810051742982196,0,0.5
4,5,45,logistic_regression,165,515,0,0.5159687588182237,1,0.5
4,5,45,logistic_regression,174,412,0,0.48972630515243737,0,0.5
4,5,45,logistic_regression,180,462,0,0.4249827347666897,0,0.5
4,5,45,logistic_regression,188,380,0,0.49516185039095384,0,0.5
4,5,45,logistic_regression,191,459,0,0.524103495581705,1,0.5
4,5,45,logistic_regression,192,445,0,0.18837653451083322,0,0.5
4,5,45,logistic_regression,193,397,0,0.4929226935335947,0,0.5
4,5,45,logistic_regression,199,443,0,0.4527907458652813,0,0.5
4,5,45,logistic_regression,200,441,0,0.4926566884890984,0,0.5
4,5,45,logistic_regression,205,496,0,0.4678382575744968,0,0.5
4,5,45,logistic_regression,211,431,0,0.40945265849580026,0,0.5
4,5,45,logistic_regression,212,500,0,0.836705803603042,1,0.5
4,5,45,logistic_regression,219,406,0,0.10509885946444492,0,0.5
4,5,45,logistic_regression,228,466,0,0.5541974392930292,1,0.5
4,5,45,logistic_regression,233,378,0,0.42946533667904757,0,0.5
4,5,45,logistic_regression,234,343,0,0.7384555256542763,1,0.5
4,5,45,logistic_regression,238,334,0,0.49905276046643987,0,0.5
4,5,45,logistic_regression,248,379,0,0.4553968171013366,0,0.5
4,5,45,logistic_regression,252,390,0,0.4222525679560771,0,0.5
4,5,45,logistic_regression,254,273,1,0.5925494422921669,1,0.5
4,5,45,logistic_regression,259,295,0,0.5324487839265654,1,0.5
4,5,45,logistic_regression,261,259,1,0.49428626705380274,0,0.5
4,5,45,logistic_regression,271,349,0,0.4652326889286199,0,0.5
4,5,45,logistic_regression,272,237,0,0.41607266345550736,0,0.5
4,5,45,logistic_regression,288,289,0,0.457830835784615,0,0.5
4,5,45,logistic_regression,294,220,0,0.6203728242136419,1,0.5
4,5,45,logistic_regression,295,333,0,0.4770580802097149,0,0.5
4,5,45,logistic_regression,301,331,0,0.10469747156668421,0,0.5
4,5,45,logistic_regression,305,382,0,0.5201699693862774,1,0.5
4,5,45,logistic_regression,306,322,0,0.32037518609005317,0,0.5
4,5,45,logistic_regression,308,368,0,0.5398984046099864,1,0.5
4,5,45,logistic_regression,313,348,0,0.1902822909918615,0,0.5
4,5,45,logistic_regression,316,293,0,0.1905850321154392,0,0.5
4,5,45,logistic_regression,324,173,0,0.41110533380459524,0,0.5
4,5,45,logistic_regression,327,207,0,0.16993589651600458,0,0.5
4,5,45,logistic_regression,329,583,0,0.5467299548071323,1,0.5
4,5,45,logistic_regression,333,251,0,0.5045180995126077,1,0.5
4,5,45,logistic_regression,348,155,0,0.47584631664734633,0,0.5
4,5,45,logistic_regression,364,203,0,0.2812015549064507,0,0.5
4,5,45,logistic_regression,367,367,0,0.44983689380328795,0,0.5
4,5,45,logistic_regression,368,242,0,0.46473354091340263,0,0.5
4,5,45,logistic_regression,371,249,0,0.4805831451663608,0,0.5
4,5,45,logistic_regression,381,234,0,0.47870274148377423,0,0.5
4,5,45,logistic_regression,389,142,0,0.4109534615526074,0,0.5
4,5,45,logistic_regression,390,184,0,0.7011701786898665,1,0.5
4,5,45,logistic_regression,391,100,0,0.15672792973866873,0,0.5
4,5,45,logistic_regression,404,171,0,0.4675700449392758,0,0.5
4,5,45,logistic_regression,414,89,0,0.4276921659989621,0,0.5
4,5,45,logistic_regression,420,29,0,0.3919118309868709,0,0.5
4,5,45,logistic_regression,422,153,0,0.4209576075179725,0,0.5
4,5,45,logistic_regression,425,192,1,0.4489536974149553,0,0.5
4,5,45,logistic_regression,429,112,0,0.45319909246696805,0,0.5
4,5,45,logistic_regression,437,75,0,0.4224916079677158,0,0.5
4,5,45,logistic_regression,448,1,0,0.4276499418682315,0,0.5
4,5,45,logistic_regression,450,43,0,0.43266028327903483,0,0.5
4,5,45,logistic_regression,464,575,0,0.1487619233405061,0,0.5
4,5,45,logistic_regression,467,190,0,0.5231353538042639,1,0.5
4,5,45,logistic_regression,468,371,0,0.42014831421534105,0,0.5
4,5,45,logistic_regression,470,483,0,0.4831420324991876,0,0.5
4,5,45,logistic_regression,476,165,0,0.42373663672939005,0,0.5
4,5,45,logistic_regression,477,405,0,0.11450817929563084,0,0.5
4,5,45,logistic_regression,488,711,0,0.4648426328325173,0,0.5
4,5,45,logistic_regression,489,71,0,0.4076714973544002,0,0.5
4,5,45,logistic_regression,496,476,0,0.44454239125845213,0,0.5
4,5,45,logistic_regression,513,425,0,0.4237752378163809,0,0.5
4,5,45,logistic_regression,521,146,0,0.1705513020509207,0,0.5
4,5,45,logistic_regression,522,40,0,0.44584001933930884,0,0.5
4,5,45,logistic_regression,525,213,0,0.6253741794598481,1,0.5
4,5,45,logistic_regression,555,196,0,0.4118367080776471,0,0.5
4,5,45,logistic_regression,557,730,0,0.5988760197555826,1,0.5
4,5,45,logistic_regression,563,150,0,0.17363404918518954,0,0.5
4,5,45,logistic_regression,565,813,0,0.6146496284693426,1,0.5
4,5,45,logistic_regression,569,321,0,0.5399697703179104,1,0.5
4,5,45,logistic_regression,581,183,0,0.436565321531668,0,0.5
4,5,45,logistic_regression,583,566,0,0.18866299947646364,0,0.5
4,5,45,logistic_regression,584,135,0,0.43259314970365786,0,0.5
4,5,45,logistic_regression,597,582,0,0.5479155848371112,1,0.5
4,5,45,logistic_regression,604,779,0,0.7202750874279459,1,0.5
4,5,45,logistic_regression,608,226,0,0.46818031223616574,0,0.5
4,5,45,logistic_regression,611,714,0,0.5458690436916153,1,0.5
4,5,45,logistic_regression,618,21,0,0.3985556023233296,0,0.5
4,5,45,logistic_regression,638,310,0,0.47186466934698795,0,0.5
4,5,45,logistic_regression,640,205,0,0.45490193512058624,0,0.5
4,5,45,logistic_regression,643,830,0,0.7907319160496576,1,0.5
4,5,45,logistic_regression,648,819,1,0.6771132715549266,1,0.5
4,5,45,logistic_regression,649,795,0,0.7014177149540236,1,0.5
4,5,45,logistic_regression,655,821,0,0.47397451014606373,0,0.5
4,5,45,logistic_regression,662,638,1,0.7743494102966324,1,0.5
4,5,45,logistic_regression,668,98,1,0.5668093530047115,1,0.5
4,5,45,logistic_regression,681,81,0,0.5734528146367837,1,0.5
4,5,45,logistic_regression,687,317,0,0.4061011805127637,0,0.5
4,5,45,logistic_regression,690,144,0,0.4372112400726361,0,0.5
4,5,45,logistic_regression,692,246,0,0.41817122561345327,0,0.5
4,5,45,logistic_regression,694,427,0,0.4908048222214834,0,0.5
4,5,45,logistic_regression,695,655,0,0.5070248475152951,1,0.5
4,5,45,logistic_regression,696,325,0,0.500945039250168,1,0.5
4,5,45,logistic_regression,703,327,0,0.43828373881307764,0,0.5
4,5,45,logistic_regression,707,587,0,0.5383962436270521,1,0.5
4,5,45,logistic_regression,713,495,1,0.6140965396158925,1,0.5
4,5,45,logistic_regression,714,768,0,0.6007108210790302,1,0.5
4,5,45,logistic_regression,723,541,0,0.63438417012207,1,0.5
4,5,45,logistic_regression,725,778,0,0.2208149841915247,0,0.5
4,5,45,logistic_regression,727,166,1,0.531149457935389,1,0.5
4,5,45,logistic_regression,733,101,0,0.43461602068734767,0,0.5
4,5,45,logistic_regression,735,607,0,0.13631628386511546,0,0.5
4,5,45,logistic_regression,736,139,0,0.1707346501220748,0,0.5
4,5,45,logistic_regression,741,12,0,0.16484017356086114,0,0.5
4,5,45,logistic_regression,743,415,0,0.1900764784767466,0,0.5
4,5,45,logistic_regression,748,801,0,0.6513840319926519,1,0.5
4,5,45,logistic_regression,756,528,0,0.4746652188576106,0,0.5
4,5,45,logistic_regression,758,403,0,0.4959526276079379,0,0.5
4,5,45,logistic_regression,760,256,0,0.5268444109443426,1,0.5
4,5,45,logistic_regression,788,549,0,0.6000529226135504,1,0.5
4,5,45,logistic_regression,794,602,0,0.4617782461574198,0,0.5
4,5,45,logistic_regression,795,726,0,0.321683448781782,0,0.5
4,5,45,logistic_regression,799,650,0,0.4501459608017141,0,0.5
4,5,45,logistic_regression,807,569,0,0.4425479234659684,0,0.5
4,5,45,logistic_regression,813,346,0,0.5161339368706536,1,0.5
4,5,45,logistic_regression,816,567,0,0.49781567070899746,0,0.5
4,5,45,logistic_regression,817,444,0,0.5517223215283915,1,0.5
4,5,45,logistic_regression,820,574,0,0.43379774801609305,0,0.5
4,5,45,logistic_regression,825,800,0,0.5420015878208573,1,0.5
4,5,45,logistic_regression,826,672,0,0.40695130727523154,0,0.5
4,5,45,xgboost,1,7,0,0.2446463406085968,0,0.5
4,5,45,xgboost,13,803,0,0.21018648147583008,0,0.5
4,5,45,xgboost,17,799,0,0.3662673532962799,0,0.5
4,5,45,xgboost,22,766,1,0.5701818466186523,1,0.5
4,5,45,xgboost,23,767,1,0.3690751791000366,0,0.5
4,5,45,xgboost,25,805,0,0.42444178462028503,0,0.5
4,5,45,xgboost,28,742,0,0.3171420097351074,0,0.5
4,5,45,xgboost,29,745,0,0.3171420097351074,0,0.5
4,5,45,xgboost,31,771,0,0.3847648799419403,0,0.5
4,5,45,xgboost,32,738,0,0.6053439974784851,1,0.5
4,5,45,xgboost,33,734,0,0.4865819811820984,0,0.5
4,5,45,xgboost,40,746,0,0.5725700855255127,1,0.5
4,5,45,xgboost,45,709,0,0.6432353854179382,1,0.5
4,5,45,xgboost,46,716,0,0.5437192916870117,1,0.5
4,5,45,xgboost,50,721,0,0.4761504828929901,0,0.5
4,5,45,xgboost,51,715,0,0.49808594584465027,0,0.5
4,5,45,xgboost,52,729,0,0.6169078350067139,1,0.5
4,5,45,xgboost,53,695,0,0.6221679449081421,1,0.5
4,5,45,xgboost,56,702,0,0.485371857881546,0,0.5
4,5,45,xgboost,59,692,0,0.5893838405609131,1,0.5
4,5,45,xgboost,60,673,0,0.5437192916870117,1,0.5
4,5,45,xgboost,63,629,0,0.5907788872718811,1,0.5
4,5,45,xgboost,65,736,0,0.638241171836853,1,0.5
4,5,45,xgboost,71,664,0,0.3354510962963104,0,0.5
4,5,45,xgboost,78,684,0,0.6218750476837158,1,0.5
4,5,45,xgboost,84,657,0,0.2879682779312134,0,0.5
4,5,45,xgboost,87,618,0,0.3681463897228241,0,0.5
4,5,45,xgboost,88,632,0,0.4487558901309967,0,0.5
4,5,45,xgboost,96,678,0,0.5157517194747925,1,0.5
4,5,45,xgboost,101,599,0,0.16620996594429016,0,0.5
4,5,45,xgboost,103,633,0,0.6439327001571655,1,0.5
4,5,45,xgboost,104,674,0,0.6019858717918396,1,0.5
4,5,45,xgboost,106,653,0,0.46411511301994324,0,0.5
4,5,45,xgboost,108,612,0,0.16017355024814606,0,0.5
4,5,45,xgboost,110,626,0,0.14892053604125977,0,0.5
4,5,45,xgboost,115,597,0,0.5147786736488342,1,0.5
4,5,45,xgboost,117,560,0,0.5477736592292786,1,0.5
4,5,45,xgboost,125,588,0,0.5200398564338684,1,0.5
4,5,45,xgboost,130,581,1,0.5521119832992554,1,0.5
4,5,45,xgboost,135,586,0,0.22988741099834442,0,0.5
4,5,45,xgboost,141,591,0,0.18713586032390594,0,0.5
4,5,45,xgboost,144,595,0,0.3701007664203644,0,0.5
4,5,45,xgboost,149,489,0,0.5038998126983643,1,0.5
4,5,45,xgboost,165,515,0,0.2771998941898346,0,0.5
4,5,45,xgboost,174,412,0,0.6100532412528992,1,0.5
4,5,45,xgboost,180,462,0,0.4992818534374237,0,0.5
4,5,45,xgboost,188,380,0,0.5250928401947021,1,0.5
4,5,45,xgboost,191,459,0,0.593640923500061,1,0.5
4,5,45,xgboost,192,445,0,0.11802538484334946,0,0.5
4,5,45,xgboost,193,397,0,0.593640923500061,1,0.5
4,5,45,xgboost,199,443,0,0.5107095241546631,1,0.5
4,5,45,xgboost,200,441,0,0.5868702530860901,1,0.5
4,5,45,xgboost,205,496,0,0.31761544942855835,0,0.5
4,5,45,xgboost,211,431,0,0.2076820284128189,0,0.5
4,5,45,xgboost,212,500,0,0.420283704996109,0,0.5
4,5,45,xgboost,219,406,0,0.16396509110927582,0,0.5
4,5,45,xgboost,228,466,0,0.429964542388916,0,0.5
4,5,45,xgboost,233,378,0,0.49814337491989136,0,0.5
4,5,45,xgboost,234,343,0,0.47932273149490356,0,0.5
4,5,45,xgboost,238,334,0,0.4792638421058655,0,0.5
4,5,45,xgboost,248,379,0,0.5159733891487122,1,0.5
4,5,45,xgboost,252,390,0,0.4992818534374237,0,0.5
4,5,45,xgboost,254,273,1,0.5600894689559937,1,0.5
4,5,45,xgboost,259,295,0,0.4075224697589874,0,0.5
4,5,45,xgboost,261,259,1,0.35253599286079407,0,0.5
4,5,45,xgboost,271,349,0,0.42346978187561035,0,0.5
4,5,45,xgboost,272,237,0,0.5175217390060425,1,0.5
4,5,45,xgboost,288,289,0,0.500393271446228,1,0.5
4,5,45,xgboost,294,220,0,0.5330713391304016,1,0.5
4,5,45,xgboost,295,333,0,0.4890114367008209,0,0.5
4,5,45,xgboost,301,331,0,0.15786710381507874,0,0.5
4,5,45,xgboost,305,382,0,0.5396758317947388,1,0.5
4,5,45,xgboost,306,322,0,0.16182419657707214,0,0.5
4,5,45,xgboost,308,368,0,0.5692881941795349,1,0.5
4,5,45,xgboost,313,348,0,0.16109713912010193,0,0.5
4,5,45,xgboost,316,293,0,0.16079454123973846,0,0.5
4,5,45,xgboost,324,173,0,0.41761934757232666,0,0.5
4,5,45,xgboost,327,207,0,0.13254143297672272,0,0.5
4,5,45,xgboost,329,583,0,0.5683616995811462,1,0.5
4,5,45,xgboost,333,251,0,0.4749533534049988,0,0.5
4,5,45,xgboost,348,155,0,0.3600994646549225,0,0.5
4,5,45,xgboost,364,203,0,0.3904854953289032,0,0.5
4,5,45,xgboost,367,367,0,0.4548373520374298,0,0.5
4,5,45,xgboost,368,242,0,0.5001794099807739,1,0.5
4,5,45,xgboost,371,249,0,0.4965083599090576,0,0.5
4,5,45,xgboost,381,234,0,0.5152511596679688,1,0.5
4,5,45,xgboost,389,142,0,0.4039173126220703,0,0.5
4,5,45,xgboost,390,184,0,0.6433413624763489,1,0.5
4,5,45,xgboost,391,100,0,0.1167726069688797,0,0.5
4,5,45,xgboost,404,171,0,0.5372747778892517,1,0.5
4,5,45,xgboost,414,89,0,0.3108731806278229,0,0.5
4,5,45,xgboost,420,29,0,0.22794166207313538,0,0.5
4,5,45,xgboost,422,153,0,0.40790024399757385,0,0.5
4,5,45,xgboost,425,192,1,0.5138823986053467,1,0.5
4,5,45,xgboost,429,112,0,0.2872772812843323,0,0.5
4,5,45,xgboost,437,75,0,0.28851738572120667,0,0.5
4,5,45,xgboost,448,1,0,0.2446463406085968,0,0.5
4,5,45,xgboost,450,43,0,0.2446463406085968,0,0.5
4,5,45,xgboost,464,575,0,0.13981899619102478,0,0.5
4,5,45,xgboost,467,190,0,0.48289385437965393,0,0.5
4,5,45,xgboost,468,371,0,0.49290844798088074,0,0.5
4,5,45,xgboost,470,483,0,0.3279825747013092,0,0.5
4,5,45,xgboost,476,165,0,0.512047529220581,1,0.5
4,5,45,xgboost,477,405,0,0.15801694989204407,0,0.5
4,5,45,xgboost,488,711,0,0.4584653377532959,0,0.5
4,5,45,xgboost,489,71,0,0.29329562187194824,0,0.5
4,5,45,xgboost,496,476,0,0.29988884925842285,0,0.5
4,5,45,xgboost,513,425,0,0.4992818534374237,0,0.5
4,5,45,xgboost,521,146,0,0.11950433999300003,0,0.5
4,5,45,xgboost,522,40,0,0.24815623462200165,0,0.5
4,5,45,xgboost,525,213,0,0.5257747173309326,1,0.5
4,5,45,xgboost,555,196,0,0.41761934757232666,0,0.5
4,5,45,xgboost,557,730,0,0.403741717338562,0,0.5
4,5,45,xgboost,563,150,0,0.13087399303913116,0,0.5
4,5,45,xgboost,565,813,0,0.37379470467567444,0,0.5
4,5,45,xgboost,569,321,0,0.42241960763931274,0,0.5
4,5,45,xgboost,581,183,0,0.48630931973457336,0,0.5
4,5,45,xgboost,583,566,0,0.16018719971179962,0,0.5
4,5,45,xgboost,584,135,0,0.3770972490310669,0,0.5
4,5,45,xgboost,597,582,0,0.4293103814125061,0,0.5
4,5,45,xgboost,604,779,0,0.501145601272583,1,0.5
4,5,45,xgboost,608,226,0,0.4217004179954529,0,0.5
4,5,45,xgboost,611,714,0,0.4318696856498718,0,0.5
4,5,45,xgboost,618,21,0,0.23992405831813812,0,0.5
4,5,45,xgboost,638,310,0,0.6033739447593689,1,0.5
4,5,45,xgboost,640,205,0,0.3656746745109558,0,0.5
4,5,45,xgboost,643,830,0,0.2675783932209015,0,0.5
4,5,45,xgboost,648,819,1,0.4793599843978882,0,0.5
4,5,45,xgboost,649,795,0,0.6040107607841492,1,0.5
4,5,45,xgboost,655,821,0,0.35132816433906555,0,0.5
4,5,45,xgboost,662,638,1,0.490518718957901,0,0.5
4,5,45,xgboost,668,98,1,0.4314079284667969,0,0.5
4,5,45,xgboost,681,81,0,0.4367769658565521,0,0.5
4,5,45,xgboost,687,317,0,0.4596606194972992,0,0.5
4,5,45,xgboost,690,144,0,0.4039173126220703,0,0.5
4,5,45,xgboost,692,246,0,0.5175217390060425,1,0.5
4,5,45,xgboost,694,427,0,0.5987135767936707,1,0.5
4,5,45,xgboost,695,655,0,0.46869009733200073,0,0.5
4,5,45,xgboost,696,325,0,0.34643998742103577,0,0.5
4,5,45,xgboost,703,327,0,0.2904922366142273,0,0.5
4,5,45,xgboost,707,587,0,0.6026203036308289,1,0.5
4,5,45,xgboost,713,495,1,0.6348097324371338,1,0.5
4,5,45,xgboost,714,768,0,0.25500887632369995,0,0.5
4,5,45,xgboost,723,541,0,0.44842052459716797,0,0.5
4,5,45,xgboost,725,778,0,0.17780189216136932,0,0.5
4,5,45,xgboost,727,166,1,0.6177775859832764,1,0.5
4,5,45,xgboost,733,101,0,0.3073458671569824,0,0.5
4,5,45,xgboost,735,607,0,0.18351003527641296,0,0.5
4,5,45,xgboost,736,139,0,0.15281589329242706,0,0.5
4,5,45,xgboost,741,12,0,0.1007581427693367,0,0.5
4,5,45,xgboost,743,415,0,0.12420392781496048,0,0.5
4,5,45,xgboost,748,801,0,0.4134838283061981,0,0.5
4,5,45,xgboost,756,528,0,0.38260582089424133,0,0.5
4,5,45,xgboost,758,403,0,0.48976993560791016,0,0.5
4,5,45,xgboost,760,256,0,0.44695770740509033,0,0.5
4,5,45,xgboost,788,549,0,0.4485980272293091,0,0.5
4,5,45,xgboost,794,602,0,0.3033195436000824,0,0.5
4,5,45,xgboost,795,726,0,0.36272525787353516,0,0.5
4,5,45,xgboost,799,650,0,0.6182163953781128,1,0.5
4,5,45,xgboost,807,569,0,0.4148179590702057,0,0.5
4,5,45,xgboost,813,346,0,0.4182135760784149,0,0.5
4,5,45,xgboost,816,567,0,0.46925583481788635,0,0.5
4,5,45,xgboost,817,444,0,0.3232423961162567,0,0.5
4,5,45,xgboost,820,574,0,0.3171420097351074,0,0.5
4,5,45,xgboost,825,800,0,0.459159791469574,0,0.5
4,5,45,xgboost,826,672,0,0.5033535361289978,1,0.5
5,1,46,dummy_prior,3,825,0,0.06325301204819277,0,0.5
5,1,46,dummy_prior,5,796,0,0.06325301204819277,0,0.5
5,1,46,dummy_prior,8,809,0,0.06325301204819277,0,0.5
5,1,46,dummy_prior,12,812,0,0.06325301204819277,0,0.5
5,1,46,dummy_prior,14,798,0,0.06325301204819277,0,0.5
5,1,46,dummy_prior,17,799,0,0.06325301204819277,0,0.5
5,1,46,dummy_prior,21,783,0,0.06325301204819277,0,0.5
5,1,46,dummy_prior,22,766,1,0.06325301204819277,0,0.5
5,1,46,dummy_prior,24,774,0,0.06325301204819277,0,0.5
5,1,46,dummy_prior,26,765,0,0.06325301204819277,0,0.5
5,1,46,dummy_prior,27,759,0,0.06325301204819277,0,0.5
5,1,46,dummy_prior,36,760,0,0.06325301204819277,0,0.5
5,1,46,dummy_prior,38,758,0,0.06325301204819277,0,0.5
5,1,46,dummy_prior,72,685,0,0.06325301204819277,0,0.5
5,1,46,dummy_prior,88,632,0,0.06325301204819277,0,0.5
5,1,46,dummy_prior,99,669,0,0.06325301204819277,0,0.5
5,1,46,dummy_prior,107,611,0,0.06325301204819277,0,0.5
5,1,46,dummy_prior,122,542,0,0.06325301204819277,0,0.5
5,1,46,dummy_prior,125,588,0,0.06325301204819277,0,0.5
5,1,46,dummy_prior,130,581,1,0.06325301204819277,0,0.5
5,1,46,dummy_prior,142,480,0,0.06325301204819277,0,0.5
5,1,46,dummy_prior,151,438,0,0.06325301204819277,0,0.5
5,1,46,dummy_prior,153,457,0,0.06325301204819277,0,0.5
5,1,46,dummy_prior,163,546,0,0.06325301204819277,0,0.5
5,1,46,dummy_prior,164,572,0,0.06325301204819277,0,0.5
5,1,46,dummy_prior,166,461,0,0.06325301204819277,0,0.5
5,1,46,dummy_prior,172,529,0,0.06325301204819277,0,0.5
5,1,46,dummy_prior,179,414,0,0.06325301204819277,0,0.5
5,1,46,dummy_prior,180,462,0,0.06325301204819277,0,0.5
5,1,46,dummy_prior,181,392,0,0.06325301204819277,0,0.5
5,1,46,dummy_prior,184,488,1,0.06325301204819277,0,0.5
5,1,46,dummy_prior,185,404,0,0.06325301204819277,0,0.5
5,1,46,dummy_prior,187,475,0,0.06325301204819277,0,0.5
5,1,46,dummy_prior,189,513,0,0.06325301204819277,0,0.5
5,1,46,dummy_prior,194,429,0,0.06325301204819277,0,0.5
5,1,46,dummy_prior,222,278,0,0.06325301204819277,0,0.5
5,1,46,dummy_prior,236,536,0,0.06325301204819277,0,0.5
5,1,46,dummy_prior,238,334,0,0.06325301204819277,0,0.5
5,1,46,dummy_prior,240,555,0,0.06325301204819277,0,0.5
5,1,46,dummy_prior,256,329,0,0.06325301204819277,0,0.5
5,1,46,dummy_prior,258,227,0,0.06325301204819277,0,0.5
5,1,46,dummy_prior,262,247,0,0.06325301204819277,0,0.5
5,1,46,dummy_prior,272,237,0,0.06325301204819277,0,0.5
5,1,46,dummy_prior,274,168,0,0.06325301204819277,0,0.5
5,1,46,dummy_prior,276,263,0,0.06325301204819277,0,0.5
5,1,46,dummy_prior,279,219,0,0.06325301204819277,0,0.5
5,1,46,dummy_prior,291,288,0,0.06325301204819277,0,0.5
5,1,46,dummy_prior,292,283,0,0.06325301204819277,0,0.5
5,1,46,dummy_prior,293,358,0,0.06325301204819277,0,0.5
5,1,46,dummy_prior,294,220,0,0.06325301204819277,0,0.5
5,1,46,dummy_prior,296,319,0,0.06325301204819277,0,0.5
5,1,46,dummy_prior,303,436,0,0.06325301204819277,0,0.5
5,1,46,dummy_prior,309,313,0,0.06325301204819277,0,0.5
5,1,46,dummy_prior,310,370,0,0.06325301204819277,0,0.5
5,1,46,dummy_prior,312,189,0,0.06325301204819277,0,0.5
5,1,46,dummy_prior,313,348,0,0.06325301204819277,0,0.5
5,1,46,dummy_prior,315,308,0,0.06325301204819277,0,0.5
5,1,46,dummy_prior,320,268,0,0.06325301204819277,0,0.5
5,1,46,dummy_prior,321,654,0,0.06325301204819277,0,0.5
5,1,46,dummy_prior,345,125,0,0.06325301204819277,0,0.5
5,1,46,dummy_prior,354,212,0,0.06325301204819277,0,0.5
5,1,46,dummy_prior,358,160,0,0.06325301204819277,0,0.5
5,1,46,dummy_prior,367,367,0,0.06325301204819277,0,0.5
5,1,46,dummy_prior,369,312,0,0.06325301204819277,0,0.5
5,1,46,dummy_prior,372,786,0,0.06325301204819277,0,0.5
5,1,46,dummy_prior,380,78,0,0.06325301204819277,0,0.5
5,1,46,dummy_prior,381,234,0,0.06325301204819277,0,0.5
5,1,46,dummy_prior,382,90,0,0.06325301204819277,0,0.5
5,1,46,dummy_prior,387,69,0,0.06325301204819277,0,0.5
5,1,46,dummy_prior,392,137,0,0.06325301204819277,0,0.5
5,1,46,dummy_prior,407,186,0,0.06325301204819277,0,0.5
5,1,46,dummy_prior,418,114,0,0.06325301204819277,0,0.5
5,1,46,dummy_prior,427,26,0,0.06325301204819277,0,0.5
5,1,46,dummy_prior,428,195,0,0.06325301204819277,0,0.5
5,1,46,dummy_prior,431,10,0,0.06325301204819277,0,0.5
5,1,46,dummy_prior,433,36,0,0.06325301204819277,0,0.5
5,1,46,dummy_prior,439,32,0,0.06325301204819277,0,0.5
5,1,46,dummy_prior,440,46,0,0.06325301204819277,0,0.5
5,1,46,dummy_prior,462,534,0,0.06325301204819277,0,0.5
5,1,46,dummy_prior,466,757,0,0.06325301204819277,0,0.5
5,1,46,dummy_prior,469,286,0,0.06325301204819277,0,0.5
5,1,46,dummy_prior,470,483,0,0.06325301204819277,0,0.5
5,1,46,dummy_prior,471,337,0,0.06325301204819277,0,0.5
5,1,46,dummy_prior,475,658,0,0.06325301204819277,0,0.5
5,1,46,dummy_prior,477,405,0,0.06325301204819277,0,0.5
5,1,46,dummy_prior,486,428,0,0.06325301204819277,0,0.5
5,1,46,dummy_prior,487,306,0,0.06325301204819277,0,0.5
5,1,46,dummy_prior,489,71,0,0.06325301204819277,0,0.5
5,1,46,dummy_prior,495,96,0,0.06325301204819277,0,0.5
5,1,46,dummy_prior,497,603,0,0.06325301204819277,0,0.5
5,1,46,dummy_prior,498,174,0,0.06325301204819277,0,0.5
5,1,46,dummy_prior,501,123,0,0.06325301204819277,0,0.5
5,1,46,dummy_prior,506,628,0,0.06325301204819277,0,0.5
5,1,46,dummy_prior,508,262,0,0.06325301204819277,0,0.5
5,1,46,dummy_prior,512,364,0,0.06325301204819277,0,0.5
5,1,46,dummy_prior,533,20,0,0.06325301204819277,0,0.5
5,1,46,dummy_prior,543,426,0,0.06325301204819277,0,0.5
5,1,46,dummy_prior,545,456,0,0.06325301204819277,0,0.5
5,1,46,dummy_prior,547,338,0,0.06325301204819277,0,0.5
5,1,46,dummy_prior,549,559,0,0.06325301204819277,0,0.5
5,1,46,dummy_prior,556,126,1,0.06325301204819277,0,0.5
5,1,46,dummy_prior,559,198,0,0.06325301204819277,0,0.5
5,1,46,dummy_prior,560,315,0,0.06325301204819277,0,0.5
5,1,46,dummy_prior,569,321,0,0.06325301204819277,0,0.5
5,1,46,dummy_prior,572,248,0,0.06325301204819277,0,0.5
5,1,46,dummy_prior,576,506,0,0.06325301204819277,0,0.5
5,1,46,dummy_prior,578,670,0,0.06325301204819277,0,0.5
5,1,46,dummy_prior,581,183,0,0.06325301204819277,0,0.5
5,1,46,dummy_prior,588,225,0,0.06325301204819277,0,0.5
5,1,46,dummy_prior,592,376,0,0.06325301204819277,0,0.5
5,1,46,dummy_prior,597,582,0,0.06325301204819277,0,0.5
5,1,46,dummy_prior,599,250,0,0.06325301204819277,0,0.5
5,1,46,dummy_prior,604,779,0,0.06325301204819277,0,0.5
5,1,46,dummy_prior,607,187,0,0.06325301204819277,0,0.5
5,1,46,dummy_prior,610,478,0,0.06325301204819277,0,0.5
5,1,46,dummy_prior,616,761,0,0.06325301204819277,0,0.5
5,1,46,dummy_prior,618,21,0,0.06325301204819277,0,0.5
5,1,46,dummy_prior,635,33,0,0.06325301204819277,0,0.5
5,1,46,dummy_prior,639,756,1,0.06325301204819277,0,0.5
5,1,46,dummy_prior,640,205,0,0.06325301204819277,0,0.5
5,1,46,dummy_prior,646,824,1,0.06325301204819277,0,0.5
5,1,46,dummy_prior,650,808,0,0.06325301204819277,0,0.5
5,1,46,dummy_prior,654,822,0,0.06325301204819277,0,0.5
5,1,46,dummy_prior,656,793,0,0.06325301204819277,0,0.5
5,1,46,dummy_prior,666,420,0,0.06325301204819277,0,0.5
5,1,46,dummy_prior,674,111,0,0.06325301204819277,0,0.5
5,1,46,dummy_prior,679,781,0,0.06325301204819277,0,0.5
5,1,46,dummy_prior,690,144,0,0.06325301204819277,0,0.5
5,1,46,dummy_prior,693,769,0,0.06325301204819277,0,0.5
5,1,46,dummy_prior,702,623,0,0.06325301204819277,0,0.5
5,1,46,dummy_prior,703,327,0,0.06325301204819277,0,0.5
5,1,46,dummy_prior,706,417,0,0.06325301204819277,0,0.5
5,1,46,dummy_prior,710,725,0,0.06325301204819277,0,0.5
5,1,46,dummy_prior,711,177,0,0.06325301204819277,0,0.5
5,1,46,dummy_prior,713,495,1,0.06325301204819277,0,0.5
5,1,46,dummy_prior,722,393,0,0.06325301204819277,0,0.5
5,1,46,dummy_prior,724,99,0,0.06325301204819277,0,0.5
5,1,46,dummy_prior,727,166,1,0.06325301204819277,0,0.5
5,1,46,dummy_prior,728,508,1,0.06325301204819277,0,0.5
5,1,46,dummy_prior,729,563,0,0.06325301204819277,0,0.5
5,1,46,dummy_prior,731,360,0,0.06325301204819277,0,0.5
5,1,46,dummy_prior,737,785,0,0.06325301204819277,0,0.5
5,1,46,dummy_prior,738,281,0,0.06325301204819277,0,0.5
5,1,46,dummy_prior,741,12,0,0.06325301204819277,0,0.5
5,1,46,dummy_prior,743,415,0,0.06325301204819277,0,0.5
5,1,46,dummy_prior,744,357,0,0.06325301204819277,0,0.5
5,1,46,dummy_prior,745,661,0,0.06325301204819277,0,0.5
5,1,46,dummy_prior,754,110,0,0.06325301204819277,0,0.5
5,1,46,dummy_prior,755,642,1,0.06325301204819277,0,0.5
5,1,46,dummy_prior,757,84,0,0.06325301204819277,0,0.5
5,1,46,dummy_prior,760,256,0,0.06325301204819277,0,0.5
5,1,46,dummy_prior,764,15,0,0.06325301204819277,0,0.5
5,1,46,dummy_prior,765,314,0,0.06325301204819277,0,0.5
5,1,46,dummy_prior,769,605,0,0.06325301204819277,0,0.5
5,1,46,dummy_prior,770,645,1,0.06325301204819277,0,0.5
5,1,46,dummy_prior,779,62,0,0.06325301204819277,0,0.5
5,1,46,dummy_prior,788,549,0,0.06325301204819277,0,0.5
5,1,46,dummy_prior,794,602,0,0.06325301204819277,0,0.5
5,1,46,dummy_prior,797,720,0,0.06325301204819277,0,0.5
5,1,46,dummy_prior,803,699,0,0.06325301204819277,0,0.5
5,1,46,dummy_prior,804,777,0,0.06325301204819277,0,0.5
5,1,46,dummy_prior,809,743,0,0.06325301204819277,0,0.5
5,1,46,dummy_prior,810,606,0,0.06325301204819277,0,0.5
5,1,46,dummy_prior,811,694,0,0.06325301204819277,0,0.5
5,1,46,dummy_prior,818,132,0,0.06325301204819277,0,0.5
5,1,46,dummy_prior,823,117,0,0.06325301204819277,0,0.5
5,1,46,dummy_prior,826,672,0,0.06325301204819277,0,0.5
5,1,46,logistic_regression,3,825,0,0.6971691621083345,1,0.5
5,1,46,logistic_regression,5,796,0,0.3480604680081835,0,0.5
5,1,46,logistic_regression,8,809,0,0.442421323468355,0,0.5
5,1,46,logistic_regression,12,812,0,0.6543522108162516,1,0.5
5,1,46,logistic_regression,14,798,0,0.3772575793062513,0,0.5
5,1,46,logistic_regression,17,799,0,0.6000096814294189,1,0.5
5,1,46,logistic_regression,21,783,0,0.002283911663089826,0,0.5
5,1,46,logistic_regression,22,766,1,0.5595349560032461,1,0.5
5,1,46,logistic_regression,24,774,0,0.38244777046966266,0,0.5
5,1,46,logistic_regression,26,765,0,0.48654428964090896,0,0.5
5,1,46,logistic_regression,27,759,0,0.41039623660544233,0,0.5
5,1,46,logistic_regression,36,760,0,0.40401707628575695,0,0.5
5,1,46,logistic_regression,38,758,0,0.46149649625323813,0,0.5
5,1,46,logistic_regression,72,685,0,0.37930180291916704,0,0.5
5,1,46,logistic_regression,88,632,0,0.46353164658175655,0,0.5
5,1,46,logistic_regression,99,669,0,0.542366998736829,1,0.5
5,1,46,logistic_regression,107,611,0,0.5367619267387801,1,0.5
5,1,46,logistic_regression,122,542,0,0.9250152904616941,1,0.5
5,1,46,logistic_regression,125,588,0,0.37999921331918884,0,0.5
5,1,46,logistic_regression,130,581,1,0.05559765880378591,0,0.5
5,1,46,logistic_regression,142,480,0,0.0016237641601684599,0,0.5
5,1,46,logistic_regression,151,438,0,0.49309764796459415,0,0.5
5,1,46,logistic_regression,153,457,0,0.5250423866163406,1,0.5
5,1,46,logistic_regression,163,546,0,7.349280406419352e-06,0,0.5
5,1,46,logistic_regression,164,572,0,0.8841246724438322,1,0.5
5,1,46,logistic_regression,166,461,0,0.6292688652350837,1,0.5
5,1,46,logistic_regression,172,529,0,0.8498456718384009,1,0.5
5,1,46,logistic_regression,179,414,0,0.31411506975947695,0,0.5
5,1,46,logistic_regression,180,462,0,0.3580506149152323,0,0.5
5,1,46,logistic_regression,181,392,0,0.007609141542536395,0,0.5
5,1,46,logistic_regression,184,488,1,0.6873643241128371,1,0.5
5,1,46,logistic_regression,185,404,0,0.0024030347076281163,0,0.5
5,1,46,logistic_regression,187,475,0,0.44556687125402844,0,0.5
5,1,46,logistic_regression,189,513,0,0.43978263543926754,0,0.5
5,1,46,logistic_regression,194,429,0,0.5215864628681396,1,0.5
5,1,46,logistic_regression,222,278,0,0.357127648289772,0,0.5
5,1,46,logistic_regression,236,536,0,0.617448871470453,1,0.5
5,1,46,logistic_regression,238,334,0,0.4817741486904541,0,0.5
5,1,46,logistic_regression,240,555,0,0.3429835587212938,0,0.5
5,1,46,logistic_regression,256,329,0,0.5848427500612876,1,0.5
5,1,46,logistic_regression,258,227,0,0.3705183940426785,0,0.5
5,1,46,logistic_regression,262,247,0,0.005775088830568352,0,0.5
5,1,46,logistic_regression,272,237,0,0.379274401667099,0,0.5
5,1,46,logistic_regression,274,168,0,0.39643004954574573,0,0.5
5,1,46,logistic_regression,276,263,0,1.4098025115329651e-06,0,0.5
5,1,46,logistic_regression,279,219,0,0.44233903706526734,0,0.5
5,1,46,logistic_regression,291,288,0,0.4176468132417103,0,0.5
5,1,46,logistic_regression,292,283,0,0.7737448186055615,1,0.5
5,1,46,logistic_regression,293,358,0,0.36226259254789983,0,0.5
5,1,46,logistic_regression,294,220,0,0.0007209759830886366,0,0.5
5,1,46,logistic_regression,296,319,0,0.0014882823104666694,0,0.5
5,1,46,logistic_regression,303,436,0,0.3451238932961685,0,0.5
5,1,46,logistic_regression,309,313,0,0.7574059095215141,1,0.5
5,1,46,logistic_regression,310,370,0,0.43612592310576254,0,0.5
5,1,46,logistic_regression,312,189,0,0.48405500872968377,0,0.5
5,1,46,logistic_regression,313,348,0,0.0016942896567335734,0,0.5
5,1,46,logistic_regression,315,308,0,0.47663291862268686,0,0.5
5,1,46,logistic_regression,320,268,0,0.8484124613129918,1,0.5
5,1,46,logistic_regression,321,654,0,0.004171051733995193,0,0.5
5,1,46,logistic_regression,345,125,0,0.4339200421338238,0,0.5
5,1,46,logistic_regression,354,212,0,0.39116684253607775,0,0.5
5,1,46,logistic_regression,358,160,0,0.3940849344582082,0,0.5
5,1,46,logistic_regression,367,367,0,0.42907086108198306,0,0.5
5,1,46,logistic_regression,369,312,0,0.4093822121107537,0,0.5
5,1,46,logistic_regression,372,786,0,0.6997902627474164,1,0.5
5,1,46,logistic_regression,380,78,0,0.7307065486345222,1,0.5
5,1,46,logistic_regression,381,234,0,0.44323847865190524,0,0.5
5,1,46,logistic_regression,382,90,0,0.5160851102359579,1,0.5
5,1,46,logistic_regression,387,69,0,8.702647428054047e-06,0,0.5
5,1,46,logistic_regression,392,137,0,0.7566187668847625,1,0.5
5,1,46,logistic_regression,407,186,0,0.3557543340395511,0,0.5
5,1,46,logistic_regression,418,114,0,0.7310412334832251,1,0.5
5,1,46,logistic_regression,427,26,0,0.3903571809109781,0,0.5
5,1,46,logistic_regression,428,195,0,0.4387769540343137,0,0.5
5,1,46,logistic_regression,431,10,0,0.0016267084860688286,0,0.5
5,1,46,logistic_regression,433,36,0,0.0015983478570542999,0,0.5
5,1,46,logistic_regression,439,32,0,0.0006323084161940687,0,0.5
5,1,46,logistic_regression,440,46,0,0.0015978202999072928,0,0.5
5,1,46,logistic_regression,462,534,0,0.38659217388647427,0,0.5
5,1,46,logistic_regression,466,757,0,0.6314002452890195,1,0.5
5,1,46,logistic_regression,469,286,0,0.45720706779746245,0,0.5
5,1,46,logistic_regression,470,483,0,0.46381072725058137,0,0.5
5,1,46,logistic_regression,471,337,0,0.5167393312033361,1,0.5
5,1,46,logistic_regression,475,658,0,0.47518393946886495,0,0.5
5,1,46,logistic_regression,477,405,0,8.94723589551076e-06,0,0.5
5,1,46,logistic_regression,486,428,0,0.3707841730529772,0,0.5
5,1,46,logistic_regression,487,306,0,0.0021015725703971994,0,0.5
5,1,46,logistic_regression,489,71,0,0.3788505726203665,0,0.5
5,1,46,logistic_regression,495,96,0,0.3949877691613161,0,0.5
5,1,46,logistic_regression,497,603,0,0.4397350649922471,0,0.5
5,1,46,logistic_regression,498,174,0,0.37002456253353994,0,0.5
5,1,46,logistic_regression,501,123,0,0.4028049444560889,0,0.5
5,1,46,logistic_regression,506,628,0,0.38731708509982454,0,0.5
5,1,46,logistic_regression,508,262,0,0.0014690073938188931,0,0.5
5,1,46,logistic_regression,512,364,0,0.3915957636028823,0,0.5
5,1,46,logistic_regression,533,20,0,0.3728837675620315,0,0.5
5,1,46,logistic_regression,543,426,0,2.0962202773666097e-07,0,0.5
5,1,46,logistic_regression,545,456,0,0.41982805531222417,0,0.5
5,1,46,logistic_regression,547,338,0,0.37341364698185286,0,0.5
5,1,46,logistic_regression,549,559,0,0.47430949521582044,0,0.5
5,1,46,logistic_regression,556,126,1,0.388611661404888,0,0.5
5,1,46,logistic_regression,559,198,0,0.5005629180103199,1,0.5
5,1,46,logistic_regression,560,315,0,0.36079403902676155,0,0.5
5,1,46,logistic_regression,569,321,0,0.44553588341417083,0,0.5
5,1,46,logistic_regression,572,248,0,0.8757682327587138,1,0.5
5,1,46,logistic_regression,576,506,0,0.3681623357144481,0,0.5
5,1,46,logistic_regression,578,670,0,0.35067050253566723,0,0.5
5,1,46,logistic_regression,581,183,0,0.4059493145385994,0,0.5
5,1,46,logistic_regression,588,225,0,0.3322150630524465,0,0.5
5,1,46,logistic_regression,592,376,0,0.49642388970396706,0,0.5
5,1,46,logistic_regression,597,582,0,0.49355565093578085,0,0.5
5,1,46,logistic_regression,599,250,0,0.458079501102583,0,0.5
5,1,46,logistic_regression,604,779,0,0.8313090451481229,1,0.5
5,1,46,logistic_regression,607,187,0,0.4185661636212604,0,0.5
5,1,46,logistic_regression,610,478,0,0.456604027350977,0,0.5
5,1,46,logistic_regression,616,761,0,0.36330191556522873,0,0.5
5,1,46,logistic_regression,618,21,0,0.353164915980215,0,0.5
5,1,46,logistic_regression,635,33,0,0.38466599659536704,0,0.5
5,1,46,logistic_regression,639,756,1,0.786318009838188,1,0.5
5,1,46,logistic_regression,640,205,0,0.43429989970940225,0,0.5
5,1,46,logistic_regression,646,824,1,0.2667283699918347,0,0.5
5,1,46,logistic_regression,650,808,0,0.3982306480980279,0,0.5
5,1,46,logistic_regression,654,822,0,0.5691865571994827,1,0.5
5,1,46,logistic_regression,656,793,0,0.4428793520039695,0,0.5
5,1,46,logistic_regression,666,420,0,0.8668102870522281,1,0.5
5,1,46,logistic_regression,674,111,0,0.5525642020380206,1,0.5
5,1,46,logistic_regression,679,781,0,0.4655694650966794,0,0.5
5,1,46,logistic_regression,690,144,0,0.42217954518986445,0,0.5
5,1,46,logistic_regression,693,769,0,0.7341908950284849,1,0.5
5,1,46,logistic_regression,702,623,0,0.539411003263922,1,0.5
5,1,46,logistic_regression,703,327,0,0.38644630815172154,0,0.5
5,1,46,logistic_regression,706,417,0,0.919631496031922,1,0.5
5,1,46,logistic_regression,710,725,0,0.4530312971375383,0,0.5
5,1,46,logistic_regression,711,177,0,0.4220988879408796,0,0.5
5,1,46,logistic_regression,713,495,1,0.6898905405495814,1,0.5
5,1,46,logistic_regression,722,393,0,0.4285175340435892,0,0.5
5,1,46,logistic_regression,724,99,0,0.36763241846370576,0,0.5
5,1,46,logistic_regression,727,166,1,0.6666239117317972,1,0.5
5,1,46,logistic_regression,728,508,1,0.4872859166179079,0,0.5
5,1,46,logistic_regression,729,563,0,0.42838122289953395,0,0.5
5,1,46,logistic_regression,731,360,0,0.8403806737643,1,0.5
5,1,46,logistic_regression,737,785,0,0.4892441458722508,0,0.5
5,1,46,logistic_regression,738,281,0,0.38145063099504856,0,0.5
5,1,46,logistic_regression,741,12,0,0.0015403272252993009,0,0.5
5,1,46,logistic_regression,743,415,0,0.001518128251348873,0,0.5
5,1,46,logistic_regression,744,357,0,2.4287174582154587e-06,0,0.5
5,1,46,logistic_regression,745,661,0,0.0015607291331879666,0,0.5
5,1,46,logistic_regression,754,110,0,0.3984680857146945,0,0.5
5,1,46,logistic_regression,755,642,1,0.0005459100468784245,0,0.5
5,1,46,logistic_regression,757,84,0,0.00165800296917139,0,0.5
5,1,46,logistic_regression,760,256,0,0.5698307685599128,1,0.5
5,1,46,logistic_regression,764,15,0,0.4368491956245255,0,0.5
5,1,46,logistic_regression,765,314,0,0.0015321138561482114,0,0.5
5,1,46,logistic_regression,769,605,0,0.5000084308400599,1,0.5
5,1,46,logistic_regression,770,645,1,0.45779322038369585,0,0.5
5,1,46,logistic_regression,779,62,0,0.3679205698221809,0,0.5
5,1,46,logistic_regression,788,549,0,0.5178970563044282,1,0.5
5,1,46,logistic_regression,794,602,0,0.37987672967460057,0,0.5
5,1,46,logistic_regression,797,720,0,0.40957417927487444,0,0.5
5,1,46,logistic_regression,803,699,0,0.42987136250371527,0,0.5
5,1,46,logistic_regression,804,777,0,0.8205148438168941,1,0.5
5,1,46,logistic_regression,809,743,0,0.002655235332242604,0,0.5
5,1,46,logistic_regression,810,606,0,0.005592614078901964,0,0.5
5,1,46,logistic_regression,811,694,0,0.47862652398960237,0,0.5
5,1,46,logistic_regression,818,132,0,0.4086713652880253,0,0.5
5,1,46,logistic_regression,823,117,0,0.3228004257571789,0,0.5
5,1,46,logistic_regression,826,672,0,0.2749800849816974,0,0.5
5,1,46,xgboost,3,825,0,0.7317770719528198,1,0.5
5,1,46,xgboost,5,796,0,0.13543400168418884,0,0.5
5,1,46,xgboost,8,809,0,0.0642908439040184,0,0.5
5,1,46,xgboost,12,812,0,0.15937969088554382,0,0.5
5,1,46,xgboost,14,798,0,0.06626808643341064,0,0.5
5,1,46,xgboost,17,799,0,0.06367657333612442,0,0.5
5,1,46,xgboost,21,783,0,0.702035665512085,1,0.5
5,1,46,xgboost,22,766,1,0.5313682556152344,1,0.5
5,1,46,xgboost,24,774,0,0.237486332654953,0,0.5
5,1,46,xgboost,26,765,0,0.15511657297611237,0,0.5
5,1,46,xgboost,27,759,0,0.48111170530319214,0,0.5
5,1,46,xgboost,36,760,0,0.4637056589126587,0,0.5
5,1,46,xgboost,38,758,0,0.20494654774665833,0,0.5
5,1,46,xgboost,72,685,0,0.1944461464881897,0,0.5
5,1,46,xgboost,88,632,0,0.557386577129364,1,0.5
5,1,46,xgboost,99,669,0,0.14099857211112976,0,0.5
5,1,46,xgboost,107,611,0,0.21103979647159576,0,0.5
5,1,46,xgboost,122,542,0,0.7519644498825073,1,0.5
5,1,46,xgboost,125,588,0,0.4082465171813965,0,0.5
5,1,46,xgboost,130,581,1,0.5672671794891357,1,0.5
5,1,46,xgboost,142,480,0,0.08225709199905396,0,0.5
5,1,46,xgboost,151,438,0,0.28346213698387146,0,0.5
5,1,46,xgboost,153,457,0,0.2989700436592102,0,0.5
5,1,46,xgboost,163,546,0,0.0665297657251358,0,0.5
5,1,46,xgboost,164,572,0,0.5602164268493652,1,0.5
5,1,46,xgboost,166,461,0,0.48716500401496887,0,0.5
5,1,46,xgboost,172,529,0,0.5759580731391907,1,0.5
5,1,46,xgboost,179,414,0,0.19801922142505646,0,0.5
5,1,46,xgboost,180,462,0,0.26289498805999756,0,0.5
5,1,46,xgboost,181,392,0,0.646959662437439,1,0.5
5,1,46,xgboost,184,488,1,0.47489285469055176,0,0.5
5,1,46,xgboost,185,404,0,0.7360405325889587,1,0.5
5,1,46,xgboost,187,475,0,0.34637945890426636,0,0.5
5,1,46,xgboost,189,513,0,0.4177127182483673,0,0.5
5,1,46,xgboost,194,429,0,0.17035961151123047,0,0.5
5,1,46,xgboost,222,278,0,0.3178558349609375,0,0.5
5,1,46,xgboost,236,536,0,0.12447892874479294,0,0.5
5,1,46,xgboost,238,334,0,0.3678497076034546,0,0.5
5,1,46,xgboost,240,555,0,0.1560593843460083,0,0.5
5,1,46,xgboost,256,329,0,0.12429351359605789,0,0.5
5,1,46,xgboost,258,227,0,0.47999775409698486,0,0.5
5,1,46,xgboost,262,247,0,0.6204438209533691,1,0.5
5,1,46,xgboost,272,237,0,0.6117188334465027,1,0.5
5,1,46,xgboost,274,168,0,0.44844141602516174,0,0.5
5,1,46,xgboost,276,263,0,0.11927710473537445,0,0.5
5,1,46,xgboost,279,219,0,0.3904035687446594,0,0.5
5,1,46,xgboost,291,288,0,0.41360077261924744,0,0.5
5,1,46,xgboost,292,283,0,0.419101744890213,0,0.5
5,1,46,xgboost,293,358,0,0.3503025770187378,0,0.5
5,1,46,xgboost,294,220,0,0.5981569290161133,1,0.5
5,1,46,xgboost,296,319,0,0.025777360424399376,0,0.5
5,1,46,xgboost,303,436,0,0.2707751989364624,0,0.5
5,1,46,xgboost,309,313,0,0.3497996926307678,0,0.5
5,1,46,xgboost,310,370,0,0.48994460701942444,0,0.5
5,1,46,xgboost,312,189,0,0.3967892825603485,0,0.5
5,1,46,xgboost,313,348,0,0.09135466814041138,0,0.5
5,1,46,xgboost,315,308,0,0.13598746061325073,0,0.5
5,1,46,xgboost,320,268,0,0.563761830329895,1,0.5
5,1,46,xgboost,321,654,0,0.36019018292427063,0,0.5
5,1,46,xgboost,345,125,0,0.5471105575561523,1,0.5
5,1,46,xgboost,354,212,0,0.5394789576530457,1,0.5
5,1,46,xgboost,358,160,0,0.5162569284439087,1,0.5
5,1,46,xgboost,367,367,0,0.3826853632926941,0,0.5
5,1,46,xgboost,369,312,0,0.4827517867088318,0,0.5
5,1,46,xgboost,372,786,0,0.4518756568431854,0,0.5
5,1,46,xgboost,380,78,0,0.6747153997421265,1,0.5
5,1,46,xgboost,381,234,0,0.5698086619377136,1,0.5
5,1,46,xgboost,382,90,0,0.5605829358100891,1,0.5
5,1,46,xgboost,387,69,0,0.02387266419827938,0,0.5
5,1,46,xgboost,392,137,0,0.5980448126792908,1,0.5
5,1,46,xgboost,407,186,0,0.3214932978153229,0,0.5
5,1,46,xgboost,418,114,0,0.5934332609176636,1,0.5
5,1,46,xgboost,427,26,0,0.13636073470115662,0,0.5
5,1,46,xgboost,428,195,0,0.4869344234466553,0,0.5
5,1,46,xgboost,431,10,0,0.020051009953022003,0,0.5
5,1,46,xgboost,433,36,0,0.020051009953022003,0,0.5
5,1,46,xgboost,439,32,0,0.13636073470115662,0,0.5
5,1,46,xgboost,440,46,0,0.020051009953022003,0,0.5
5,1,46,xgboost,462,534,0,0.33461469411849976,0,0.5
5,1,46,xgboost,466,757,0,0.2699466049671173,0,0.5
5,1,46,xgboost,469,286,0,0.5952547192573547,1,0.5
5,1,46,xgboost,470,483,0,0.22651372849941254,0,0.5
5,1,46,xgboost,471,337,0,0.27412885427474976,0,0.5
5,1,46,xgboost,475,658,0,0.20467814803123474,0,0.5
5,1,46,xgboost,477,405,0,0.05586798116564751,0,0.5
5,1,46,xgboost,486,428,0,0.156209796667099,0,0.5
5,1,46,xgboost,487,306,0,0.11690598726272583,0,0.5
5,1,46,xgboost,489,71,0,0.2813511788845062,0,0.5
5,1,46,xgboost,495,96,0,0.40054991841316223,0,0.5
5,1,46,xgboost,497,603,0,0.49821391701698303,0,0.5
5,1,46,xgboost,498,174,0,0.367002934217453,0,0.5
5,1,46,xgboost,501,123,0,0.3751392364501953,0,0.5
5,1,46,xgboost,506,628,0,0.5267969965934753,1,0.5
5,1,46,xgboost,508,262,0,0.11927710473537445,0,0.5
5,1,46,xgboost,512,364,0,0.18672284483909607,0,0.5
5,1,46,xgboost,533,20,0,0.23048584163188934,0,0.5
5,1,46,xgboost,543,426,0,0.03351304680109024,0,0.5
5,1,46,xgboost,545,456,0,0.4277104437351227,0,0.5
5,1,46,xgboost,547,338,0,0.2829113304615021,0,0.5
5,1,46,xgboost,549,559,0,0.3929250240325928,0,0.5
5,1,46,xgboost,556,126,1,0.2821781039237976,0,0.5
5,1,46,xgboost,559,198,0,0.3844000995159149,0,0.5
5,1,46,xgboost,560,315,0,0.2400684952735901,0,0.5
5,1,46,xgboost,569,321,0,0.4092192053794861,0,0.5
5,1,46,xgboost,572,248,0,0.38101938366889954,0,0.5
5,1,46,xgboost,576,506,0,0.1417054682970047,0,0.5
5,1,46,xgboost,578,670,0,0.24518558382987976,0,0.5
5,1,46,xgboost,581,183,0,0.2899385690689087,0,0.5
5,1,46,xgboost,588,225,0,0.45312798023223877,0,0.5
5,1,46,xgboost,592,376,0,0.24336741864681244,0,0.5
5,1,46,xgboost,597,582,0,0.10296878963708878,0,0.5
5,1,46,xgboost,599,250,0,0.7523576021194458,1,0.5
5,1,46,xgboost,604,779,0,0.1781701296567917,0,0.5
5,1,46,xgboost,607,187,0,0.6594189405441284,1,0.5
5,1,46,xgboost,610,478,0,0.4580204486846924,0,0.5
5,1,46,xgboost,616,761,0,0.1870194524526596,0,0.5
5,1,46,xgboost,618,21,0,0.14516787230968475,0,0.5
5,1,46,xgboost,635,33,0,0.12448473274707794,0,0.5
5,1,46,xgboost,639,756,1,0.8323520421981812,1,0.5
5,1,46,xgboost,640,205,0,0.3359631597995758,0,0.5
5,1,46,xgboost,646,824,1,0.27736324071884155,0,0.5
5,1,46,xgboost,650,808,0,0.17535965144634247,0,0.5
5,1,46,xgboost,654,822,0,0.24048347771167755,0,0.5
5,1,46,xgboost,656,793,0,0.1113981381058693,0,0.5
5,1,46,xgboost,666,420,0,0.8160922527313232,1,0.5
5,1,46,xgboost,674,111,0,0.41588857769966125,0,0.5
5,1,46,xgboost,679,781,0,0.44953033328056335,0,0.5
5,1,46,xgboost,690,144,0,0.3803819715976715,0,0.5
5,1,46,xgboost,693,769,0,0.7410990595817566,1,0.5
5,1,46,xgboost,702,623,0,0.10739230364561081,0,0.5
5,1,46,xgboost,703,327,0,0.15390942990779877,0,0.5
5,1,46,xgboost,706,417,0,0.6984455585479736,1,0.5
5,1,46,xgboost,710,725,0,0.3374050259590149,0,0.5
5,1,46,xgboost,711,177,0,0.45794785022735596,0,0.5
5,1,46,xgboost,713,495,1,0.7116206884384155,1,0.5
5,1,46,xgboost,722,393,0,0.4744371771812439,0,0.5
5,1,46,xgboost,724,99,0,0.23302589356899261,0,0.5
5,1,46,xgboost,727,166,1,0.3774782121181488,0,0.5
5,1,46,xgboost,728,508,1,0.5464568138122559,1,0.5
5,1,46,xgboost,729,563,0,0.24734480679035187,0,0.5
5,1,46,xgboost,731,360,0,0.661475419998169,1,0.5
5,1,46,xgboost,737,785,0,0.07020765542984009,0,0.5
5,1,46,xgboost,738,281,0,0.2862759828567505,0,0.5
5,1,46,xgboost,741,12,0,0.018092507496476173,0,0.5
5,1,46,xgboost,743,415,0,0.048608146607875824,0,0.5
5,1,46,xgboost,744,357,0,0.2609212398529053,0,0.5
5,1,46,xgboost,745,661,0,0.0591040663421154,0,0.5
5,1,46,xgboost,754,110,0,0.26022425293922424,0,0.5
5,1,46,xgboost,755,642,1,0.37319132685661316,0,0.5
5,1,46,xgboost,757,84,0,0.04493994265794754,0,0.5
5,1,46,xgboost,760,256,0,0.36260634660720825,0,0.5
5,1,46,xgboost,764,15,0,0.1557721048593521,0,0.5
5,1,46,xgboost,765,314,0,0.019381774589419365,0,0.5
5,1,46,xgboost,769,605,0,0.13396663963794708,0,0.5
5,1,46,xgboost,770,645,1,0.5393362641334534,1,0.5
5,1,46,xgboost,779,62,0,0.09377928078174591,0,0.5
5,1,46,xgboost,788,549,0,0.41046494245529175,0,0.5
5,1,46,xgboost,794,602,0,0.10013588517904282,0,0.5
5,1,46,xgboost,797,720,0,0.19759386777877808,0,0.5
5,1,46,xgboost,803,699,0,0.5156698226928711,1,0.5
5,1,46,xgboost,804,777,0,0.5118697285652161,1,0.5
5,1,46,xgboost,809,743,0,0.3034759759902954,0,0.5
5,1,46,xgboost,810,606,0,0.30873680114746094,0,0.5
5,1,46,xgboost,811,694,0,0.29565364122390747,0,0.5
5,1,46,xgboost,818,132,0,0.4367729127407074,0,0.5
5,1,46,xgboost,823,117,0,0.2987396717071533,0,0.5
5,1,46,xgboost,826,672,0,0.2232462614774704,0,0.5
5,2,46,dummy_prior,1,7,0,0.06466165413533835,0,0.5
5,2,46,dummy_prior,4,816,0,0.06466165413533835,0,0.5
5,2,46,dummy_prior,6,823,1,0.06466165413533835,0,0.5
5,2,46,dummy_prior,7,413,0,0.06466165413533835,0,0.5
5,2,46,dummy_prior,11,450,0,0.06466165413533835,0,0.5
5,2,46,dummy_prior,31,771,0,0.06466165413533835,0,0.5
5,2,46,dummy_prior,32,738,0,0.06466165413533835,0,0.5
5,2,46,dummy_prior,42,724,0,0.06466165413533835,0,0.5
5,2,46,dummy_prior,44,740,1,0.06466165413533835,0,0.5
5,2,46,dummy_prior,46,716,0,0.06466165413533835,0,0.5
5,2,46,dummy_prior,48,780,0,0.06466165413533835,0,0.5
5,2,46,dummy_prior,50,721,0,0.06466165413533835,0,0.5
5,2,46,dummy_prior,52,729,0,0.06466165413533835,0,0.5
5,2,46,dummy_prior,58,683,0,0.06466165413533835,0,0.5
5,2,46,dummy_prior,62,679,0,0.06466165413533835,0,0.5
5,2,46,dummy_prior,63,629,0,0.06466165413533835,0,0.5
5,2,46,dummy_prior,64,750,1,0.06466165413533835,0,0.5
5,2,46,dummy_prior,65,736,0,0.06466165413533835,0,0.5
5,2,46,dummy_prior,68,705,0,0.06466165413533835,0,0.5
5,2,46,dummy_prior,69,727,0,0.06466165413533835,0,0.5
5,2,46,dummy_prior,71,664,0,0.06466165413533835,0,0.5
5,2,46,dummy_prior,77,693,0,0.06466165413533835,0,0.5
5,2,46,dummy_prior,79,630,0,0.06466165413533835,0,0.5
5,2,46,dummy_prior,81,615,0,0.06466165413533835,0,0.5
5,2,46,dummy_prior,82,621,0,0.06466165413533835,0,0.5
5,2,46,dummy_prior,89,707,0,0.06466165413533835,0,0.5
5,2,46,dummy_prior,95,701,1,0.06466165413533835,0,0.5
5,2,46,dummy_prior,97,584,0,0.06466165413533835,0,0.5
5,2,46,dummy_prior,108,612,0,0.06466165413533835,0,0.5
5,2,46,dummy_prior,121,592,0,0.06466165413533835,0,0.5
5,2,46,dummy_prior,128,557,0,0.06466165413533835,0,0.5
5,2,46,dummy_prior,132,651,0,0.06466165413533835,0,0.5
5,2,46,dummy_prior,133,568,0,0.06466165413533835,0,0.5
5,2,46,dummy_prior,149,489,0,0.06466165413533835,0,0.5
5,2,46,dummy_prior,150,551,0,0.06466165413533835,0,0.5
5,2,46,dummy_prior,162,509,1,0.06466165413533835,0,0.5
5,2,46,dummy_prior,167,535,0,0.06466165413533835,0,0.5
5,2,46,dummy_prior,169,434,0,0.06466165413533835,0,0.5
5,2,46,dummy_prior,171,522,0,0.06466165413533835,0,0.5
5,2,46,dummy_prior,175,452,0,0.06466165413533835,0,0.5
5,2,46,dummy_prior,176,468,0,0.06466165413533835,0,0.5
5,2,46,dummy_prior,195,505,0,0.06466165413533835,0,0.5
5,2,46,dummy_prior,198,460,0,0.06466165413533835,0,0.5
5,2,46,dummy_prior,202,494,1,0.06466165413533835,0,0.5
5,2,46,dummy_prior,203,222,0,0.06466165413533835,0,0.5
5,2,46,dummy_prior,205,496,0,0.06466165413533835,0,0.5
5,2,46,dummy_prior,210,453,0,0.06466165413533835,0,0.5
5,2,46,dummy_prior,214,372,0,0.06466165413533835,0,0.5
5,2,46,dummy_prior,220,407,0,0.06466165413533835,0,0.5
5,2,46,dummy_prior,224,511,0,0.06466165413533835,0,0.5
5,2,46,dummy_prior,225,409,0,0.06466165413533835,0,0.5
5,2,46,dummy_prior,228,466,0,0.06466165413533835,0,0.5
5,2,46,dummy_prior,231,316,0,0.06466165413533835,0,0.5
5,2,46,dummy_prior,233,378,0,0.06466165413533835,0,0.5
5,2,46,dummy_prior,234,343,0,0.06466165413533835,0,0.5
5,2,46,dummy_prior,241,402,0,0.06466165413533835,0,0.5
5,2,46,dummy_prior,242,391,0,0.06466165413533835,0,0.5
5,2,46,dummy_prior,243,253,0,0.06466165413533835,0,0.5
5,2,46,dummy_prior,247,270,0,0.06466165413533835,0,0.5
5,2,46,dummy_prior,254,273,1,0.06466165413533835,0,0.5
5,2,46,dummy_prior,264,265,0,0.06466165413533835,0,0.5
5,2,46,dummy_prior,271,349,0,0.06466165413533835,0,0.5
5,2,46,dummy_prior,275,267,0,0.06466165413533835,0,0.5
5,2,46,dummy_prior,317,271,1,0.06466165413533835,0,0.5
5,2,46,dummy_prior,323,217,0,0.06466165413533835,0,0.5
5,2,46,dummy_prior,333,251,0,0.06466165413533835,0,0.5
5,2,46,dummy_prior,334,818,0,0.06466165413533835,0,0.5
5,2,46,dummy_prior,339,228,0,0.06466165413533835,0,0.5
5,2,46,dummy_prior,343,149,0,0.06466165413533835,0,0.5
5,2,46,dummy_prior,344,131,0,0.06466165413533835,0,0.5
5,2,46,dummy_prior,348,155,0,0.06466165413533835,0,0.5
5,2,46,dummy_prior,353,258,0,0.06466165413533835,0,0.5
5,2,46,dummy_prior,355,733,0,0.06466165413533835,0,0.5
5,2,46,dummy_prior,357,199,0,0.06466165413533835,0,0.5
5,2,46,dummy_prior,365,82,0,0.06466165413533835,0,0.5
5,2,46,dummy_prior,377,145,0,0.06466165413533835,0,0.5
5,2,46,dummy_prior,383,266,0,0.06466165413533835,0,0.5
5,2,46,dummy_prior,385,49,0,0.06466165413533835,0,0.5
5,2,46,dummy_prior,390,184,0,0.06466165413533835,0,0.5
5,2,46,dummy_prior,391,100,0,0.06466165413533835,0,0.5
5,2,46,dummy_prior,393,115,0,0.06466165413533835,0,0.5
5,2,46,dummy_prior,394,209,0,0.06466165413533835,0,0.5
5,2,46,dummy_prior,406,698,0,0.06466165413533835,0,0.5
5,2,46,dummy_prior,410,158,0,0.06466165413533835,0,0.5
5,2,46,dummy_prior,414,89,0,0.06466165413533835,0,0.5
5,2,46,dummy_prior,421,73,0,0.06466165413533835,0,0.5
5,2,46,dummy_prior,422,153,0,0.06466165413533835,0,0.5
5,2,46,dummy_prior,426,39,0,0.06466165413533835,0,0.5
5,2,46,dummy_prior,443,18,0,0.06466165413533835,0,0.5
5,2,46,dummy_prior,446,19,0,0.06466165413533835,0,0.5
5,2,46,dummy_prior,447,68,0,0.06466165413533835,0,0.5
5,2,46,dummy_prior,449,25,0,0.06466165413533835,0,0.5
5,2,46,dummy_prior,459,154,0,0.06466165413533835,0,0.5
5,2,46,dummy_prior,467,190,0,0.06466165413533835,0,0.5
5,2,46,dummy_prior,474,122,0,0.06466165413533835,0,0.5
5,2,46,dummy_prior,482,763,0,0.06466165413533835,0,0.5
5,2,46,dummy_prior,484,369,0,0.06466165413533835,0,0.5
5,2,46,dummy_prior,490,590,0,0.06466165413533835,0,0.5
5,2,46,dummy_prior,491,384,0,0.06466165413533835,0,0.5
5,2,46,dummy_prior,492,17,0,0.06466165413533835,0,0.5
5,2,46,dummy_prior,493,38,0,0.06466165413533835,0,0.5
5,2,46,dummy_prior,499,514,0,0.06466165413533835,0,0.5
5,2,46,dummy_prior,517,361,0,0.06466165413533835,0,0.5
5,2,46,dummy_prior,521,146,0,0.06466165413533835,0,0.5
5,2,46,dummy_prior,523,50,0,0.06466165413533835,0,0.5
5,2,46,dummy_prior,532,636,0,0.06466165413533835,0,0.5
5,2,46,dummy_prior,536,458,0,0.06466165413533835,0,0.5
5,2,46,dummy_prior,537,255,0,0.06466165413533835,0,0.5
5,2,46,dummy_prior,540,208,0,0.06466165413533835,0,0.5
5,2,46,dummy_prior,544,335,0,0.06466165413533835,0,0.5
5,2,46,dummy_prior,551,373,0,0.06466165413533835,0,0.5
5,2,46,dummy_prior,552,523,0,0.06466165413533835,0,0.5
5,2,46,dummy_prior,557,730,0,0.06466165413533835,0,0.5
5,2,46,dummy_prior,561,562,0,0.06466165413533835,0,0.5
5,2,46,dummy_prior,568,244,0,0.06466165413533835,0,0.5
5,2,46,dummy_prior,570,13,0,0.06466165413533835,0,0.5
5,2,46,dummy_prior,573,83,0,0.06466165413533835,0,0.5
5,2,46,dummy_prior,575,176,0,0.06466165413533835,0,0.5
5,2,46,dummy_prior,582,539,0,0.06466165413533835,0,0.5
5,2,46,dummy_prior,584,135,0,0.06466165413533835,0,0.5
5,2,46,dummy_prior,587,311,0,0.06466165413533835,0,0.5
5,2,46,dummy_prior,591,706,0,0.06466165413533835,0,0.5
5,2,46,dummy_prior,593,157,0,0.06466165413533835,0,0.5
5,2,46,dummy_prior,595,320,0,0.06466165413533835,0,0.5
5,2,46,dummy_prior,596,363,0,0.06466165413533835,0,0.5
5,2,46,dummy_prior,600,118,0,0.06466165413533835,0,0.5
5,2,46,dummy_prior,609,261,0,0.06466165413533835,0,0.5
5,2,46,dummy_prior,611,714,0,0.06466165413533835,0,0.5
5,2,46,dummy_prior,621,27,0,0.06466165413533835,0,0.5
5,2,46,dummy_prior,622,277,0,0.06466165413533835,0,0.5
5,2,46,dummy_prior,623,95,0,0.06466165413533835,0,0.5
5,2,46,dummy_prior,627,826,0,0.06466165413533835,0,0.5
5,2,46,dummy_prior,628,216,1,0.06466165413533835,0,0.5
5,2,46,dummy_prior,633,85,0,0.06466165413533835,0,0.5
5,2,46,dummy_prior,643,830,0,0.06466165413533835,0,0.5
5,2,46,dummy_prior,651,828,0,0.06466165413533835,0,0.5
5,2,46,dummy_prior,652,814,0,0.06466165413533835,0,0.5
5,2,46,dummy_prior,673,473,0,0.06466165413533835,0,0.5
5,2,46,dummy_prior,684,374,0,0.06466165413533835,0,0.5
5,2,46,dummy_prior,686,128,0,0.06466165413533835,0,0.5
5,2,46,dummy_prior,687,317,0,0.06466165413533835,0,0.5
5,2,46,dummy_prior,689,521,0,0.06466165413533835,0,0.5
5,2,46,dummy_prior,695,655,0,0.06466165413533835,0,0.5
5,2,46,dummy_prior,699,214,0,0.06466165413533835,0,0.5
5,2,46,dummy_prior,700,530,0,0.06466165413533835,0,0.5
5,2,46,dummy_prior,719,30,0,0.06466165413533835,0,0.5
5,2,46,dummy_prior,720,342,0,0.06466165413533835,0,0.5
5,2,46,dummy_prior,723,541,0,0.06466165413533835,0,0.5
5,2,46,dummy_prior,734,44,0,0.06466165413533835,0,0.5
5,2,46,dummy_prior,739,398,0,0.06466165413533835,0,0.5
5,2,46,dummy_prior,747,23,0,0.06466165413533835,0,0.5
5,2,46,dummy_prior,748,801,0,0.06466165413533835,0,0.5
5,2,46,dummy_prior,750,45,0,0.06466165413533835,0,0.5
5,2,46,dummy_prior,759,401,1,0.06466165413533835,0,0.5
5,2,46,dummy_prior,766,353,0,0.06466165413533835,0,0.5
5,2,46,dummy_prior,780,717,0,0.06466165413533835,0,0.5
5,2,46,dummy_prior,781,544,0,0.06466165413533835,0,0.5
5,2,46,dummy_prior,784,48,0,0.06466165413533835,0,0.5
5,2,46,dummy_prior,786,163,0,0.06466165413533835,0,0.5
5,2,46,dummy_prior,793,352,0,0.06466165413533835,0,0.5
5,2,46,dummy_prior,806,659,0,0.06466165413533835,0,0.5
5,2,46,dummy_prior,808,332,0,0.06466165413533835,0,0.5
5,2,46,dummy_prior,817,444,0,0.06466165413533835,0,0.5
5,2,46,dummy_prior,821,598,0,0.06466165413533835,0,0.5
5,2,46,dummy_prior,827,616,0,0.06466165413533835,0,0.5
5,2,46,dummy_prior,829,635,0,0.06466165413533835,0,0.5
5,2,46,logistic_regression,1,7,0,0.4448366163784175,0,0.5
5,2,46,logistic_regression,4,816,0,0.6501293544386543,1,0.5
5,2,46,logistic_regression,6,823,1,0.5996129135605692,1,0.5
5,2,46,logistic_regression,7,413,0,0.618354293049311,1,0.5
5,2,46,logistic_regression,11,450,0,0.5631763422680404,1,0.5
5,2,46,logistic_regression,31,771,0,0.7331857814446211,1,0.5
5,2,46,logistic_regression,32,738,0,0.400942546512643,0,0.5
5,2,46,logistic_regression,42,724,0,0.5617233821132559,1,0.5
5,2,46,logistic_regression,44,740,1,0.5775285119505801,1,0.5
5,2,46,logistic_regression,46,716,0,0.7153400337296961,1,0.5
5,2,46,logistic_regression,48,780,0,0.5890167201598016,1,0.5
5,2,46,logistic_regression,50,721,0,0.5409850440304966,1,0.5
5,2,46,logistic_regression,52,729,0,0.4428707788815701,0,0.5
5,2,46,logistic_regression,58,683,0,0.5320690953301822,1,0.5
5,2,46,logistic_regression,62,679,0,0.5295450625665121,1,0.5
5,2,46,logistic_regression,63,629,0,0.7834295927731978,1,0.5
5,2,46,logistic_regression,64,750,1,0.6399866854009018,1,0.5
5,2,46,logistic_regression,65,736,0,0.5703651124529437,1,0.5
5,2,46,logistic_regression,68,705,0,0.45481883217460456,0,0.5
5,2,46,logistic_regression,69,727,0,0.6008616693915607,1,0.5
5,2,46,logistic_regression,71,664,0,0.4828392760083165,0,0.5
5,2,46,logistic_regression,77,693,0,0.4086955460085923,0,0.5
5,2,46,logistic_regression,79,630,0,0.5356493953663288,1,0.5
5,2,46,logistic_regression,81,615,0,0.5548340599092118,1,0.5
5,2,46,logistic_regression,82,621,0,0.5320852252141293,1,0.5
5,2,46,logistic_regression,89,707,0,0.22487080759450762,0,0.5
5,2,46,logistic_regression,95,701,1,0.5547290889010464,1,0.5
5,2,46,logistic_regression,97,584,0,0.23608197905145734,0,0.5
5,2,46,logistic_regression,108,612,0,0.16810631757774827,0,0.5
5,2,46,logistic_regression,121,592,0,0.4999592290175248,0,0.5
5,2,46,logistic_regression,128,557,0,0.5500373614840184,1,0.5
5,2,46,logistic_regression,132,651,0,0.4348440027080835,0,0.5
5,2,46,logistic_regression,133,568,0,0.7879725533982318,1,0.5
5,2,46,logistic_regression,149,489,0,0.4915182515552498,0,0.5
5,2,46,logistic_regression,150,551,0,0.48790354745322984,0,0.5
5,2,46,logistic_regression,162,509,1,0.46229879081684366,0,0.5
5,2,46,logistic_regression,167,535,0,0.5259512089246742,1,0.5
5,2,46,logistic_regression,169,434,0,0.3005564303058449,0,0.5
5,2,46,logistic_regression,171,522,0,0.5480780948668413,1,0.5
5,2,46,logistic_regression,175,452,0,0.1933369723347645,0,0.5
5,2,46,logistic_regression,176,468,0,0.46734588050691306,0,0.5
5,2,46,logistic_regression,195,505,0,0.4750183728356574,0,0.5
5,2,46,logistic_regression,198,460,0,0.4730978090903642,0,0.5
5,2,46,logistic_regression,202,494,1,0.717358028213083,1,0.5
5,2,46,logistic_regression,203,222,0,0.49123408451455713,0,0.5
5,2,46,logistic_regression,205,496,0,0.48076780482394893,0,0.5
5,2,46,logistic_regression,210,453,0,0.5098253194155643,1,0.5
5,2,46,logistic_regression,214,372,0,0.48714399138826364,0,0.5
5,2,46,logistic_regression,220,407,0,0.2744928345826203,0,0.5
5,2,46,logistic_regression,224,511,0,0.16177472455037276,0,0.5
5,2,46,logistic_regression,225,409,0,0.47117804116381307,0,0.5
5,2,46,logistic_regression,228,466,0,0.5222111611093566,1,0.5
5,2,46,logistic_regression,231,316,0,0.4366384312415336,0,0.5
5,2,46,logistic_regression,233,378,0,0.44559193199849995,0,0.5
5,2,46,logistic_regression,234,343,0,0.8148858622867269,1,0.5
5,2,46,logistic_regression,241,402,0,0.1533679678689236,0,0.5
5,2,46,logistic_regression,242,391,0,0.4729683262628569,0,0.5
5,2,46,logistic_regression,243,253,0,0.47542635793960425,0,0.5
5,2,46,logistic_regression,247,270,0,0.41000744968961295,0,0.5
5,2,46,logistic_regression,254,273,1,0.5847833953164091,1,0.5
5,2,46,logistic_regression,264,265,0,0.194794664228669,0,0.5
5,2,46,logistic_regression,271,349,0,0.49502042772902893,0,0.5
5,2,46,logistic_regression,275,267,0,0.4696830216470288,0,0.5
5,2,46,logistic_regression,317,271,1,0.426645114580557,0,0.5
5,2,46,logistic_regression,323,217,0,0.45772693173622647,0,0.5
5,2,46,logistic_regression,333,251,0,0.5406062765217148,1,0.5
5,2,46,logistic_regression,334,818,0,0.5636845178677014,1,0.5
5,2,46,logistic_regression,339,228,0,0.43820299087666376,0,0.5
5,2,46,logistic_regression,343,149,0,0.15463885768294947,0,0.5
5,2,46,logistic_regression,344,131,0,0.44599144545692565,0,0.5
5,2,46,logistic_regression,348,155,0,0.45579947497641227,0,0.5
5,2,46,logistic_regression,353,258,0,0.16680333526892038,0,0.5
5,2,46,logistic_regression,355,733,0,0.5499232336000858,1,0.5
5,2,46,logistic_regression,357,199,0,0.41382697100104376,0,0.5
5,2,46,logistic_regression,365,82,0,0.46571829621249167,0,0.5
5,2,46,logistic_regression,377,145,0,0.17185723596792754,0,0.5
5,2,46,logistic_regression,383,266,0,0.45574755877191475,0,0.5
5,2,46,logistic_regression,385,49,0,0.46031346530814193,0,0.5
5,2,46,logistic_regression,390,184,0,0.7658995684997145,1,0.5
5,2,46,logistic_regression,391,100,0,0.1588965078190607,0,0.5
5,2,46,logistic_regression,393,115,0,0.1521045780780157,0,0.5
5,2,46,logistic_regression,394,209,0,0.473961984147751,0,0.5
5,2,46,logistic_regression,406,698,0,0.5220565397275755,1,0.5
5,2,46,logistic_regression,410,158,0,0.15492941512654076,0,0.5
5,2,46,logistic_regression,414,89,0,0.46641204176005163,0,0.5
5,2,46,logistic_regression,421,73,0,0.4537469246609183,0,0.5
5,2,46,logistic_regression,422,153,0,0.40652031569031755,0,0.5
5,2,46,logistic_regression,426,39,0,0.16032676034251425,0,0.5
5,2,46,logistic_regression,443,18,0,0.17049388825969525,0,0.5
5,2,46,logistic_regression,446,19,0,0.4381458052846103,0,0.5
5,2,46,logistic_regression,447,68,0,0.4009624619491968,0,0.5
5,2,46,logistic_regression,449,25,0,0.447686635712979,0,0.5
5,2,46,logistic_regression,459,154,0,0.44576898635021517,0,0.5
5,2,46,logistic_regression,467,190,0,0.49179257982555985,0,0.5
5,2,46,logistic_regression,474,122,0,0.45919364794888395,0,0.5
5,2,46,logistic_regression,482,763,0,0.48216733781809723,0,0.5
5,2,46,logistic_regression,484,369,0,0.4565747012939508,0,0.5
5,2,46,logistic_regression,490,590,0,0.6979164281828149,1,0.5
5,2,46,logistic_regression,491,384,0,0.4798927007892772,0,0.5
5,2,46,logistic_regression,492,17,0,0.4173319531852054,0,0.5
5,2,46,logistic_regression,493,38,0,0.43065504349122735,0,0.5
5,2,46,logistic_regression,499,514,0,0.5299478969642434,1,0.5
5,2,46,logistic_regression,517,361,0,0.447431539640872,0,0.5
5,2,46,logistic_regression,521,146,0,0.16664678583045822,0,0.5
5,2,46,logistic_regression,523,50,0,0.25053517897774985,0,0.5
5,2,46,logistic_regression,532,636,0,0.46642406034587547,0,0.5
5,2,46,logistic_regression,536,458,0,0.47227092518293157,0,0.5
5,2,46,logistic_regression,537,255,0,0.4874055677720253,0,0.5
5,2,46,logistic_regression,540,208,0,0.4574946838994971,0,0.5
5,2,46,logistic_regression,544,335,0,0.4650831577960031,0,0.5
5,2,46,logistic_regression,551,373,0,0.5452296479796485,1,0.5
5,2,46,logistic_regression,552,523,0,0.48084973544934984,0,0.5
5,2,46,logistic_regression,557,730,0,0.49094047121672413,0,0.5
5,2,46,logistic_regression,561,562,0,0.4611913130659024,0,0.5
5,2,46,logistic_regression,568,244,0,0.3931449680650276,0,0.5
5,2,46,logistic_regression,570,13,0,0.4322565216081833,0,0.5
5,2,46,logistic_regression,573,83,0,0.4539788620371283,0,0.5
5,2,46,logistic_regression,575,176,0,0.4597292915940892,0,0.5
5,2,46,logistic_regression,582,539,0,0.46671204866962623,0,0.5
5,2,46,logistic_regression,584,135,0,0.45185807753663293,0,0.5
5,2,46,logistic_regression,587,311,0,0.4611445875040757,0,0.5
5,2,46,logistic_regression,591,706,0,0.641041815183822,1,0.5
5,2,46,logistic_regression,593,157,0,0.38743884274186896,0,0.5
5,2,46,logistic_regression,595,320,0,0.20794820280725734,0,0.5
5,2,46,logistic_regression,596,363,0,0.4751600883202716,0,0.5
5,2,46,logistic_regression,600,118,0,0.4639956705047788,0,0.5
5,2,46,logistic_regression,609,261,0,0.183291230363775,0,0.5
5,2,46,logistic_regression,611,714,0,0.5007768889969155,1,0.5
5,2,46,logistic_regression,621,27,0,0.440238551717329,0,0.5
5,2,46,logistic_regression,622,277,0,0.46436487118679426,0,0.5
5,2,46,logistic_regression,623,95,0,0.9317671798217305,1,0.5
5,2,46,logistic_regression,627,826,0,0.6581178043628337,1,0.5
5,2,46,logistic_regression,628,216,1,0.6147024469800897,1,0.5
5,2,46,logistic_regression,633,85,0,0.44562566338750154,0,0.5
5,2,46,logistic_regression,643,830,0,0.6510061310954259,1,0.5
5,2,46,logistic_regression,651,828,0,0.5507916986537117,1,0.5
5,2,46,logistic_regression,652,814,0,0.44728535428526733,0,0.5
5,2,46,logistic_regression,673,473,0,0.5597734489501851,1,0.5
5,2,46,logistic_regression,684,374,0,0.5266971365343357,1,0.5
5,2,46,logistic_regression,686,128,0,0.44130239650099323,0,0.5
5,2,46,logistic_regression,687,317,0,0.45799487889048174,0,0.5
5,2,46,logistic_regression,689,521,0,0.5279400051557173,1,0.5
5,2,46,logistic_regression,695,655,0,0.5044222747827516,1,0.5
5,2,46,logistic_regression,699,214,0,0.5009890070765274,1,0.5
5,2,46,logistic_regression,700,530,0,0.5593159890966765,1,0.5
5,2,46,logistic_regression,719,30,0,0.5852544001626995,1,0.5
5,2,46,logistic_regression,720,342,0,0.5690635941773432,1,0.5
5,2,46,logistic_regression,723,541,0,0.6360043536784693,1,0.5
5,2,46,logistic_regression,734,44,0,0.6400446251151812,1,0.5
5,2,46,logistic_regression,739,398,0,0.464978342891423,0,0.5
5,2,46,logistic_regression,747,23,0,0.3333054376324638,0,0.5
5,2,46,logistic_regression,748,801,0,0.5006770810929065,1,0.5
5,2,46,logistic_regression,750,45,0,0.4555976684836109,0,0.5
5,2,46,logistic_regression,759,401,1,0.8274374945219446,1,0.5
5,2,46,logistic_regression,766,353,0,0.46182572525671217,0,0.5
5,2,46,logistic_regression,780,717,0,0.6206393769169186,1,0.5
5,2,46,logistic_regression,781,544,0,0.5242059745210624,1,0.5
5,2,46,logistic_regression,784,48,0,0.5807231595662355,1,0.5
5,2,46,logistic_regression,786,163,0,0.5946807739352516,1,0.5
5,2,46,logistic_regression,793,352,0,0.5862392804020441,1,0.5
5,2,46,logistic_regression,806,659,0,0.29602057840367113,0,0.5
5,2,46,logistic_regression,808,332,0,0.43709868382241,0,0.5
5,2,46,logistic_regression,817,444,0,0.4883268607229902,0,0.5
5,2,46,logistic_regression,821,598,0,0.4417285017247345,0,0.5
5,2,46,logistic_regression,827,616,0,0.5355780152758408,1,0.5
5,2,46,logistic_regression,829,635,0,0.4938636403963896,0,0.5
5,2,46,xgboost,1,7,0,0.3239273130893707,0,0.5
5,2,46,xgboost,4,816,0,0.6671085357666016,1,0.5
5,2,46,xgboost,6,823,1,0.49685779213905334,0,0.5
5,2,46,xgboost,7,413,0,0.3383141756057739,0,0.5
5,2,46,xgboost,11,450,0,0.4531193673610687,0,0.5
5,2,46,xgboost,31,771,0,0.6671620607376099,1,0.5
5,2,46,xgboost,32,738,0,0.597043514251709,1,0.5
5,2,46,xgboost,42,724,0,0.7056923508644104,1,0.5
5,2,46,xgboost,44,740,1,0.6719552278518677,1,0.5
5,2,46,xgboost,46,716,0,0.4695599675178528,0,0.5
5,2,46,xgboost,48,780,0,0.590023398399353,1,0.5
5,2,46,xgboost,50,721,0,0.4639863073825836,0,0.5
5,2,46,xgboost,52,729,0,0.5365509390830994,1,0.5
5,2,46,xgboost,58,683,0,0.3890843987464905,0,0.5
5,2,46,xgboost,62,679,0,0.34007686376571655,0,0.5
5,2,46,xgboost,63,629,0,0.6890356540679932,1,0.5
5,2,46,xgboost,64,750,1,0.4469185769557953,0,0.5
5,2,46,xgboost,65,736,0,0.4695599675178528,0,0.5
5,2,46,xgboost,68,705,0,0.42804598808288574,0,0.5
5,2,46,xgboost,69,727,0,0.7174436450004578,1,0.5
5,2,46,xgboost,71,664,0,0.4795745015144348,0,0.5
5,2,46,xgboost,77,693,0,0.34371650218963623,0,0.5
5,2,46,xgboost,79,630,0,0.4926094114780426,0,0.5
5,2,46,xgboost,81,615,0,0.4355045258998871,0,0.5
5,2,46,xgboost,82,621,0,0.4455851912498474,0,0.5
5,2,46,xgboost,89,707,0,0.09914035350084305,0,0.5
5,2,46,xgboost,95,701,1,0.42748063802719116,0,0.5
5,2,46,xgboost,97,584,0,0.11324617266654968,0,0.5
5,2,46,xgboost,108,612,0,0.13466282188892365,0,0.5
5,2,46,xgboost,121,592,0,0.32556238770484924,0,0.5
5,2,46,xgboost,128,557,0,0.2239026129245758,0,0.5
5,2,46,xgboost,132,651,0,0.5166431069374084,1,0.5
5,2,46,xgboost,133,568,0,0.42195919156074524,0,0.5
5,2,46,xgboost,149,489,0,0.4355045258998871,0,0.5
5,2,46,xgboost,150,551,0,0.5670861005783081,1,0.5
5,2,46,xgboost,162,509,1,0.28888827562332153,0,0.5
5,2,46,xgboost,167,535,0,0.4824846684932709,0,0.5
5,2,46,xgboost,169,434,0,0.6617074012756348,1,0.5
5,2,46,xgboost,171,522,0,0.6680076718330383,1,0.5
5,2,46,xgboost,175,452,0,0.13191401958465576,0,0.5
5,2,46,xgboost,176,468,0,0.40373745560646057,0,0.5
5,2,46,xgboost,195,505,0,0.6051958799362183,1,0.5
5,2,46,xgboost,198,460,0,0.5552248954772949,1,0.5
5,2,46,xgboost,202,494,1,0.6842841506004333,1,0.5
5,2,46,xgboost,203,222,0,0.5563313364982605,1,0.5
5,2,46,xgboost,205,496,0,0.4227505028247833,0,0.5
5,2,46,xgboost,210,453,0,0.3987386226654053,0,0.5
5,2,46,xgboost,214,372,0,0.4045301079750061,0,0.5
5,2,46,xgboost,220,407,0,0.41633155941963196,0,0.5
5,2,46,xgboost,224,511,0,0.1328015774488449,0,0.5
5,2,46,xgboost,225,409,0,0.5001804828643799,1,0.5
5,2,46,xgboost,228,466,0,0.32908642292022705,0,0.5
5,2,46,xgboost,231,316,0,0.36427342891693115,0,0.5
5,2,46,xgboost,233,378,0,0.4699103832244873,0,0.5
5,2,46,xgboost,234,343,0,0.44706323742866516,0,0.5
5,2,46,xgboost,241,402,0,0.10092512518167496,0,0.5
5,2,46,xgboost,242,391,0,0.5936305522918701,1,0.5
5,2,46,xgboost,243,253,0,0.41846612095832825,0,0.5
5,2,46,xgboost,247,270,0,0.39955800771713257,0,0.5
5,2,46,xgboost,254,273,1,0.545844316482544,1,0.5
5,2,46,xgboost,264,265,0,0.20274078845977783,0,0.5
5,2,46,xgboost,271,349,0,0.3452680706977844,0,0.5
5,2,46,xgboost,275,267,0,0.604888379573822,1,0.5
5,2,46,xgboost,317,271,1,0.3148026764392853,0,0.5
5,2,46,xgboost,323,217,0,0.5808342695236206,1,0.5
5,2,46,xgboost,333,251,0,0.4767973721027374,0,0.5
5,2,46,xgboost,334,818,0,0.33762767910957336,0,0.5
5,2,46,xgboost,339,228,0,0.40405505895614624,0,0.5
5,2,46,xgboost,343,149,0,0.12074338644742966,0,0.5
5,2,46,xgboost,344,131,0,0.48481228947639465,0,0.5
5,2,46,xgboost,348,155,0,0.3472765386104584,0,0.5
5,2,46,xgboost,353,258,0,0.15280134975910187,0,0.5
5,2,46,xgboost,355,733,0,0.3626804053783417,0,0.5
5,2,46,xgboost,357,199,0,0.5248478055000305,1,0.5
5,2,46,xgboost,365,82,0,0.507964551448822,1,0.5
5,2,46,xgboost,377,145,0,0.15280134975910187,0,0.5
5,2,46,xgboost,383,266,0,0.511489987373352,1,0.5
5,2,46,xgboost,385,49,0,0.459811806678772,0,0.5
5,2,46,xgboost,390,184,0,0.6729955077171326,1,0.5
5,2,46,xgboost,391,100,0,0.10570679605007172,0,0.5
5,2,46,xgboost,393,115,0,0.1401369422674179,0,0.5
5,2,46,xgboost,394,209,0,0.5120236277580261,1,0.5
5,2,46,xgboost,406,698,0,0.36160480976104736,0,0.5
5,2,46,xgboost,410,158,0,0.19623465836048126,0,0.5
5,2,46,xgboost,414,89,0,0.42696014046669006,0,0.5
5,2,46,xgboost,421,73,0,0.4264885187149048,0,0.5
5,2,46,xgboost,422,153,0,0.4288879930973053,0,0.5
5,2,46,xgboost,426,39,0,0.09393639862537384,0,0.5
5,2,46,xgboost,443,18,0,0.09006180614233017,0,0.5
5,2,46,xgboost,446,19,0,0.3744313418865204,0,0.5
5,2,46,xgboost,447,68,0,0.26458340883255005,0,0.5
5,2,46,xgboost,449,25,0,0.3675643503665924,0,0.5
5,2,46,xgboost,459,154,0,0.3472765386104584,0,0.5
5,2,46,xgboost,467,190,0,0.36606141924858093,0,0.5
5,2,46,xgboost,474,122,0,0.4755741059780121,0,0.5
5,2,46,xgboost,482,763,0,0.36729151010513306,0,0.5
5,2,46,xgboost,484,369,0,0.2622009515762329,0,0.5
5,2,46,xgboost,490,590,0,0.41559281945228577,0,0.5
5,2,46,xgboost,491,384,0,0.3052954375743866,0,0.5
5,2,46,xgboost,492,17,0,0.2233637124300003,0,0.5
5,2,46,xgboost,493,38,0,0.30640485882759094,0,0.5
5,2,46,xgboost,499,514,0,0.4355045258998871,0,0.5
5,2,46,xgboost,517,361,0,0.5611678957939148,1,0.5
5,2,46,xgboost,521,146,0,0.11500319093465805,0,0.5
5,2,46,xgboost,523,50,0,0.13205911219120026,0,0.5
5,2,46,xgboost,532,636,0,0.47775185108184814,0,0.5
5,2,46,xgboost,536,458,0,0.5994306802749634,1,0.5
5,2,46,xgboost,537,255,0,0.4485200047492981,0,0.5
5,2,46,xgboost,540,208,0,0.4935120940208435,0,0.5
5,2,46,xgboost,544,335,0,0.5001804828643799,1,0.5
5,2,46,xgboost,551,373,0,0.33820587396621704,0,0.5
5,2,46,xgboost,552,523,0,0.5439637899398804,1,0.5
5,2,46,xgboost,557,730,0,0.3533778488636017,0,0.5
5,2,46,xgboost,561,562,0,0.468446284532547,0,0.5
5,2,46,xgboost,568,244,0,0.35817405581474304,0,0.5
5,2,46,xgboost,570,13,0,0.2901601493358612,0,0.5
5,2,46,xgboost,573,83,0,0.5139862895011902,1,0.5
5,2,46,xgboost,575,176,0,0.33554431796073914,0,0.5
5,2,46,xgboost,582,539,0,0.4046333134174347,0,0.5
5,2,46,xgboost,584,135,0,0.2874097526073456,0,0.5
5,2,46,xgboost,587,311,0,0.4488547146320343,0,0.5
5,2,46,xgboost,591,706,0,0.2830107808113098,0,0.5
5,2,46,xgboost,593,157,0,0.5417460799217224,1,0.5
5,2,46,xgboost,595,320,0,0.1510426253080368,0,0.5
5,2,46,xgboost,596,363,0,0.422250360250473,0,0.5
5,2,46,xgboost,600,118,0,0.32925623655319214,0,0.5
5,2,46,xgboost,609,261,0,0.15280134975910187,0,0.5
5,2,46,xgboost,611,714,0,0.3547405004501343,0,0.5
5,2,46,xgboost,621,27,0,0.35209590196609497,0,0.5
5,2,46,xgboost,622,277,0,0.37560421228408813,0,0.5
5,2,46,xgboost,623,95,0,0.6100811958312988,1,0.5
5,2,46,xgboost,627,826,0,0.46289458870887756,0,0.5
5,2,46,xgboost,628,216,1,0.4788152873516083,0,0.5
5,2,46,xgboost,633,85,0,0.30933359265327454,0,0.5
5,2,46,xgboost,643,830,0,0.4198419153690338,0,0.5
5,2,46,xgboost,651,828,0,0.48161834478378296,0,0.5
5,2,46,xgboost,652,814,0,0.38506221771240234,0,0.5
5,2,46,xgboost,673,473,0,0.4315701127052307,0,0.5
5,2,46,xgboost,684,374,0,0.4212471544742584,0,0.5
5,2,46,xgboost,686,128,0,0.47145700454711914,0,0.5
5,2,46,xgboost,687,317,0,0.43740805983543396,0,0.5
5,2,46,xgboost,689,521,0,0.4455851912498474,0,0.5
5,2,46,xgboost,695,655,0,0.4717426002025604,0,0.5
5,2,46,xgboost,699,214,0,0.4432411789894104,0,0.5
5,2,46,xgboost,700,530,0,0.6995906829833984,1,0.5
5,2,46,xgboost,719,30,0,0.3744313418865204,0,0.5
5,2,46,xgboost,720,342,0,0.2105703204870224,0,0.5
5,2,46,xgboost,723,541,0,0.318405419588089,0,0.5
5,2,46,xgboost,734,44,0,0.49658796191215515,0,0.5
5,2,46,xgboost,739,398,0,0.2838006019592285,0,0.5
5,2,46,xgboost,747,23,0,0.11769727617502213,0,0.5
5,2,46,xgboost,748,801,0,0.5298231840133667,1,0.5
5,2,46,xgboost,750,45,0,0.335758239030838,0,0.5
5,2,46,xgboost,759,401,1,0.37497514486312866,0,0.5
5,2,46,xgboost,766,353,0,0.4605563282966614,0,0.5
5,2,46,xgboost,780,717,0,0.3818221986293793,0,0.5
5,2,46,xgboost,781,544,0,0.4236520826816559,0,0.5
5,2,46,xgboost,784,48,0,0.39154160022735596,0,0.5
5,2,46,xgboost,786,163,0,0.5113598704338074,1,0.5
5,2,46,xgboost,793,352,0,0.5386074185371399,1,0.5
5,2,46,xgboost,806,659,0,0.5192792415618896,1,0.5
5,2,46,xgboost,808,332,0,0.3716910481452942,0,0.5
5,2,46,xgboost,817,444,0,0.27508825063705444,0,0.5
5,2,46,xgboost,821,598,0,0.47781869769096375,0,0.5
5,2,46,xgboost,827,616,0,0.3688797056674957,0,0.5
5,2,46,xgboost,829,635,0,0.4675297737121582,0,0.5
5,3,46,dummy_prior,9,804,0,0.06315789473684211,0,0.5
5,3,46,dummy_prior,13,803,0,0.06315789473684211,0,0.5
5,3,46,dummy_prior,18,792,0,0.06315789473684211,0,0.5
5,3,46,dummy_prior,35,737,0,0.06315789473684211,0,0.5
5,3,46,dummy_prior,37,747,0,0.06315789473684211,0,0.5
5,3,46,dummy_prior,39,719,0,0.06315789473684211,0,0.5
5,3,46,dummy_prior,40,746,0,0.06315789473684211,0,0.5
5,3,46,dummy_prior,49,739,0,0.06315789473684211,0,0.5
5,3,46,dummy_prior,54,708,0,0.06315789473684211,0,0.5
5,3,46,dummy_prior,56,702,0,0.06315789473684211,0,0.5
5,3,46,dummy_prior,60,673,0,0.06315789473684211,0,0.5
5,3,46,dummy_prior,70,677,0,0.06315789473684211,0,0.5
5,3,46,dummy_prior,75,675,0,0.06315789473684211,0,0.5
5,3,46,dummy_prior,78,684,0,0.06315789473684211,0,0.5
5,3,46,dummy_prior,83,713,0,0.06315789473684211,0,0.5
5,3,46,dummy_prior,84,657,0,0.06315789473684211,0,0.5
5,3,46,dummy_prior,91,649,0,0.06315789473684211,0,0.5
5,3,46,dummy_prior,92,631,1,0.06315789473684211,0,0.5
5,3,46,dummy_prior,102,754,1,0.06315789473684211,0,0.5
5,3,46,dummy_prior,104,674,0,0.06315789473684211,0,0.5
5,3,46,dummy_prior,109,619,0,0.06315789473684211,0,0.5
5,3,46,dummy_prior,111,573,0,0.06315789473684211,0,0.5
5,3,46,dummy_prior,112,328,0,0.06315789473684211,0,0.5
5,3,46,dummy_prior,115,597,0,0.06315789473684211,0,0.5
5,3,46,dummy_prior,116,570,0,0.06315789473684211,0,0.5
5,3,46,dummy_prior,118,498,0,0.06315789473684211,0,0.5
5,3,46,dummy_prior,119,627,0,0.06315789473684211,0,0.5
5,3,46,dummy_prior,126,520,0,0.06315789473684211,0,0.5
5,3,46,dummy_prior,136,537,0,0.06315789473684211,0,0.5
5,3,46,dummy_prior,140,194,0,0.06315789473684211,0,0.5
5,3,46,dummy_prior,141,591,0,0.06315789473684211,0,0.5
5,3,46,dummy_prior,152,423,0,0.06315789473684211,0,0.5
5,3,46,dummy_prior,159,484,0,0.06315789473684211,0,0.5
5,3,46,dummy_prior,174,412,0,0.06315789473684211,0,0.5
5,3,46,dummy_prior,177,472,0,0.06315789473684211,0,0.5
5,3,46,dummy_prior,192,445,0,0.06315789473684211,0,0.5
5,3,46,dummy_prior,193,397,0,0.06315789473684211,0,0.5
5,3,46,dummy_prior,197,447,0,0.06315789473684211,0,0.5
5,3,46,dummy_prior,199,443,0,0.06315789473684211,0,0.5
5,3,46,dummy_prior,206,437,0,0.06315789473684211,0,0.5
5,3,46,dummy_prior,212,500,0,0.06315789473684211,0,0.5
5,3,46,dummy_prior,223,351,1,0.06315789473684211,0,0.5
5,3,46,dummy_prior,226,394,0,0.06315789473684211,0,0.5
5,3,46,dummy_prior,230,432,0,0.06315789473684211,0,0.5
5,3,46,dummy_prior,235,347,0,0.06315789473684211,0,0.5
5,3,46,dummy_prior,246,381,0,0.06315789473684211,0,0.5
5,3,46,dummy_prior,248,379,0,0.06315789473684211,0,0.5
5,3,46,dummy_prior,249,284,0,0.06315789473684211,0,0.5
5,3,46,dummy_prior,250,344,0,0.06315789473684211,0,0.5
5,3,46,dummy_prior,253,366,0,0.06315789473684211,0,0.5
5,3,46,dummy_prior,257,485,0,0.06315789473684211,0,0.5
5,3,46,dummy_prior,259,295,0,0.06315789473684211,0,0.5
5,3,46,dummy_prior,265,305,0,0.06315789473684211,0,0.5
5,3,46,dummy_prior,269,330,0,0.06315789473684211,0,0.5
5,3,46,dummy_prior,273,241,0,0.06315789473684211,0,0.5
5,3,46,dummy_prior,281,252,0,0.06315789473684211,0,0.5
5,3,46,dummy_prior,283,240,0,0.06315789473684211,0,0.5
5,3,46,dummy_prior,285,300,0,0.06315789473684211,0,0.5
5,3,46,dummy_prior,295,333,0,0.06315789473684211,0,0.5
5,3,46,dummy_prior,300,386,0,0.06315789473684211,0,0.5
5,3,46,dummy_prior,302,201,0,0.06315789473684211,0,0.5
5,3,46,dummy_prior,306,322,0,0.06315789473684211,0,0.5
5,3,46,dummy_prior,308,368,0,0.06315789473684211,0,0.5
5,3,46,dummy_prior,314,170,0,0.06315789473684211,0,0.5
5,3,46,dummy_prior,318,269,0,0.06315789473684211,0,0.5
5,3,46,dummy_prior,319,180,0,0.06315789473684211,0,0.5
5,3,46,dummy_prior,322,169,1,0.06315789473684211,0,0.5
5,3,46,dummy_prior,324,173,0,0.06315789473684211,0,0.5
5,3,46,dummy_prior,325,197,0,0.06315789473684211,0,0.5
5,3,46,dummy_prior,326,290,0,0.06315789473684211,0,0.5
5,3,46,dummy_prior,332,525,1,0.06315789473684211,0,0.5
5,3,46,dummy_prior,340,159,0,0.06315789473684211,0,0.5
5,3,46,dummy_prior,356,339,0,0.06315789473684211,0,0.5
5,3,46,dummy_prior,370,243,0,0.06315789473684211,0,0.5
5,3,46,dummy_prior,373,172,1,0.06315789473684211,0,0.5
5,3,46,dummy_prior,389,142,0,0.06315789473684211,0,0.5
5,3,46,dummy_prior,396,210,0,0.06315789473684211,0,0.5
5,3,46,dummy_prior,399,88,0,0.06315789473684211,0,0.5
5,3,46,dummy_prior,404,171,0,0.06315789473684211,0,0.5
5,3,46,dummy_prior,408,104,0,0.06315789473684211,0,0.5
5,3,46,dummy_prior,409,70,0,0.06315789473684211,0,0.5
5,3,46,dummy_prior,411,47,0,0.06315789473684211,0,0.5
5,3,46,dummy_prior,413,433,1,0.06315789473684211,0,0.5
5,3,46,dummy_prior,415,51,0,0.06315789473684211,0,0.5
5,3,46,dummy_prior,430,9,0,0.06315789473684211,0,0.5
5,3,46,dummy_prior,434,107,0,0.06315789473684211,0,0.5
5,3,46,dummy_prior,436,65,0,0.06315789473684211,0,0.5
5,3,46,dummy_prior,441,77,0,0.06315789473684211,0,0.5
5,3,46,dummy_prior,442,24,0,0.06315789473684211,0,0.5
5,3,46,dummy_prior,444,3,0,0.06315789473684211,0,0.5
5,3,46,dummy_prior,445,5,0,0.06315789473684211,0,0.5
5,3,46,dummy_prior,450,43,0,0.06315789473684211,0,0.5
5,3,46,dummy_prior,456,682,1,0.06315789473684211,0,0.5
5,3,46,dummy_prior,458,640,0,0.06315789473684211,0,0.5
5,3,46,dummy_prior,460,753,0,0.06315789473684211,0,0.5
5,3,46,dummy_prior,461,751,0,0.06315789473684211,0,0.5
5,3,46,dummy_prior,465,608,0,0.06315789473684211,0,0.5
5,3,46,dummy_prior,479,356,0,0.06315789473684211,0,0.5
5,3,46,dummy_prior,481,614,0,0.06315789473684211,0,0.5
5,3,46,dummy_prior,483,610,0,0.06315789473684211,0,0.5
5,3,46,dummy_prior,504,37,0,0.06315789473684211,0,0.5
5,3,46,dummy_prior,505,624,0,0.06315789473684211,0,0.5
5,3,46,dummy_prior,514,93,0,0.06315789473684211,0,0.5
5,3,46,dummy_prior,518,76,1,0.06315789473684211,0,0.5
5,3,46,dummy_prior,519,188,0,0.06315789473684211,0,0.5
5,3,46,dummy_prior,524,532,0,0.06315789473684211,0,0.5
5,3,46,dummy_prior,527,58,0,0.06315789473684211,0,0.5
5,3,46,dummy_prior,528,662,1,0.06315789473684211,0,0.5
5,3,46,dummy_prior,530,639,0,0.06315789473684211,0,0.5
5,3,46,dummy_prior,539,748,0,0.06315789473684211,0,0.5
5,3,46,dummy_prior,555,196,0,0.06315789473684211,0,0.5
5,3,46,dummy_prior,564,687,0,0.06315789473684211,0,0.5
5,3,46,dummy_prior,567,56,0,0.06315789473684211,0,0.5
5,3,46,dummy_prior,574,133,0,0.06315789473684211,0,0.5
5,3,46,dummy_prior,577,504,0,0.06315789473684211,0,0.5
5,3,46,dummy_prior,583,566,0,0.06315789473684211,0,0.5
5,3,46,dummy_prior,589,299,0,0.06315789473684211,0,0.5
5,3,46,dummy_prior,602,622,0,0.06315789473684211,0,0.5
5,3,46,dummy_prior,608,226,0,0.06315789473684211,0,0.5
5,3,46,dummy_prior,620,471,0,0.06315789473684211,0,0.5
5,3,46,dummy_prior,625,421,0,0.06315789473684211,0,0.5
5,3,46,dummy_prior,631,294,0,0.06315789473684211,0,0.5
5,3,46,dummy_prior,636,326,0,0.06315789473684211,0,0.5
5,3,46,dummy_prior,641,67,0,0.06315789473684211,0,0.5
5,3,46,dummy_prior,642,829,0,0.06315789473684211,0,0.5
5,3,46,dummy_prior,655,821,0,0.06315789473684211,0,0.5
5,3,46,dummy_prior,657,827,0,0.06315789473684211,0,0.5
5,3,46,dummy_prior,660,820,0,0.06315789473684211,0,0.5
5,3,46,dummy_prior,663,510,1,0.06315789473684211,0,0.5
5,3,46,dummy_prior,665,8,0,0.06315789473684211,0,0.5
5,3,46,dummy_prior,669,486,0,0.06315789473684211,0,0.5
5,3,46,dummy_prior,670,538,0,0.06315789473684211,0,0.5
5,3,46,dummy_prior,671,138,0,0.06315789473684211,0,0.5
5,3,46,dummy_prior,677,439,0,0.06315789473684211,0,0.5
5,3,46,dummy_prior,678,42,0,0.06315789473684211,0,0.5
5,3,46,dummy_prior,682,231,0,0.06315789473684211,0,0.5
5,3,46,dummy_prior,696,325,0,0.06315789473684211,0,0.5
5,3,46,dummy_prior,705,291,0,0.06315789473684211,0,0.5
5,3,46,dummy_prior,709,6,0,0.06315789473684211,0,0.5
5,3,46,dummy_prior,712,477,0,0.06315789473684211,0,0.5
5,3,46,dummy_prior,714,768,0,0.06315789473684211,0,0.5
5,3,46,dummy_prior,721,218,0,0.06315789473684211,0,0.5
5,3,46,dummy_prior,726,676,0,0.06315789473684211,0,0.5
5,3,46,dummy_prior,733,101,0,0.06315789473684211,0,0.5
5,3,46,dummy_prior,749,455,0,0.06315789473684211,0,0.5
5,3,46,dummy_prior,752,136,0,0.06315789473684211,0,0.5
5,3,46,dummy_prior,758,403,0,0.06315789473684211,0,0.5
5,3,46,dummy_prior,761,752,0,0.06315789473684211,0,0.5
5,3,46,dummy_prior,763,350,0,0.06315789473684211,0,0.5
5,3,46,dummy_prior,767,175,0,0.06315789473684211,0,0.5
5,3,46,dummy_prior,772,141,0,0.06315789473684211,0,0.5
5,3,46,dummy_prior,783,116,0,0.06315789473684211,0,0.5
5,3,46,dummy_prior,791,700,0,0.06315789473684211,0,0.5
5,3,46,dummy_prior,792,2,0,0.06315789473684211,0,0.5
5,3,46,dummy_prior,795,726,0,0.06315789473684211,0,0.5
5,3,46,dummy_prior,796,644,0,0.06315789473684211,0,0.5
5,3,46,dummy_prior,798,794,0,0.06315789473684211,0,0.5
5,3,46,dummy_prior,801,634,0,0.06315789473684211,0,0.5
5,3,46,dummy_prior,802,666,0,0.06315789473684211,0,0.5
5,3,46,dummy_prior,807,569,0,0.06315789473684211,0,0.5
5,3,46,dummy_prior,812,601,0,0.06315789473684211,0,0.5
5,3,46,dummy_prior,813,346,0,0.06315789473684211,0,0.5
5,3,46,dummy_prior,816,567,0,0.06315789473684211,0,0.5
5,3,46,dummy_prior,822,620,0,0.06315789473684211,0,0.5
5,3,46,dummy_prior,828,377,0,0.06315789473684211,0,0.5
5,3,46,dummy_prior,830,526,0,0.06315789473684211,0,0.5
5,3,46,logistic_regression,9,804,0,0.5186068209519079,1,0.5
5,3,46,logistic_regression,13,803,0,0.473596857856408,0,0.5
5,3,46,logistic_regression,18,792,0,0.921210162233375,1,0.5
5,3,46,logistic_regression,35,737,0,0.5230967195653726,1,0.5
5,3,46,logistic_regression,37,747,0,0.3826007439234169,0,0.5
5,3,46,logistic_regression,39,719,0,0.45176801597212607,0,0.5
5,3,46,logistic_regression,40,746,0,0.40462877889189747,0,0.5
5,3,46,logistic_regression,49,739,0,0.43764995628872344,0,0.5
5,3,46,logistic_regression,54,708,0,0.6040169432011979,1,0.5
5,3,46,logistic_regression,56,702,0,0.45837359557265783,0,0.5
5,3,46,logistic_regression,60,673,0,0.4954154987472231,0,0.5
5,3,46,logistic_regression,70,677,0,0.07706712768252627,0,0.5
5,3,46,logistic_regression,75,675,0,0.5369240949088243,1,0.5
5,3,46,logistic_regression,78,684,0,0.43480011559491183,0,0.5
5,3,46,logistic_regression,83,713,0,0.28961579591114706,0,0.5
5,3,46,logistic_regression,84,657,0,0.47201431532642263,0,0.5
5,3,46,logistic_regression,91,649,0,0.6200105111985956,1,0.5
5,3,46,logistic_regression,92,631,1,0.3753598570633821,0,0.5
5,3,46,logistic_regression,102,754,1,0.6448646238608654,1,0.5
5,3,46,logistic_regression,104,674,0,0.4663353714673748,0,0.5
5,3,46,logistic_regression,109,619,0,0.5393970231312587,1,0.5
5,3,46,logistic_regression,111,573,0,0.8031120096009561,1,0.5
5,3,46,logistic_regression,112,328,0,0.40710241745925657,0,0.5
5,3,46,logistic_regression,115,597,0,0.43810138030178286,0,0.5
5,3,46,logistic_regression,116,570,0,0.29799109421668796,0,0.5
5,3,46,logistic_regression,118,498,0,0.48114552441021663,0,0.5
5,3,46,logistic_regression,119,627,0,0.4581327973589761,0,0.5
5,3,46,logistic_regression,126,520,0,0.542195929149222,1,0.5
5,3,46,logistic_regression,136,537,0,0.435017607829345,0,0.5
5,3,46,logistic_regression,140,194,0,0.16356593589475593,0,0.5
5,3,46,logistic_regression,141,591,0,0.2246933832611689,0,0.5
5,3,46,logistic_regression,152,423,0,0.505463093209183,1,0.5
5,3,46,logistic_regression,159,484,0,0.5764701725954412,1,0.5
5,3,46,logistic_regression,174,412,0,0.43134486923317317,0,0.5
5,3,46,logistic_regression,177,472,0,0.18100575239718464,0,0.5
5,3,46,logistic_regression,192,445,0,0.18806738595083158,0,0.5
5,3,46,logistic_regression,193,397,0,0.44212391551705726,0,0.5
5,3,46,logistic_regression,197,447,0,0.44224939958519455,0,0.5
5,3,46,logistic_regression,199,443,0,0.42299364978483844,0,0.5
5,3,46,logistic_regression,206,437,0,0.42918427694029165,0,0.5
5,3,46,logistic_regression,212,500,0,0.879316723063652,1,0.5
5,3,46,logistic_regression,223,351,1,0.7291137543336436,1,0.5
5,3,46,logistic_regression,226,394,0,0.7489338123634809,1,0.5
5,3,46,logistic_regression,230,432,0,0.5339564837392766,1,0.5
5,3,46,logistic_regression,235,347,0,0.3488122210160413,0,0.5
5,3,46,logistic_regression,246,381,0,0.5153420410654244,1,0.5
5,3,46,logistic_regression,248,379,0,0.41932945721528475,0,0.5
5,3,46,logistic_regression,249,284,0,0.42767706271023187,0,0.5
5,3,46,logistic_regression,250,344,0,0.5497514223754976,1,0.5
5,3,46,logistic_regression,253,366,0,0.17196288255485104,0,0.5
5,3,46,logistic_regression,257,485,0,0.5156386692998122,1,0.5
5,3,46,logistic_regression,259,295,0,0.5296331402005642,1,0.5
5,3,46,logistic_regression,265,305,0,0.4647391217548604,0,0.5
5,3,46,logistic_regression,269,330,0,0.26342849644420946,0,0.5
5,3,46,logistic_regression,273,241,0,0.4577871122621642,0,0.5
5,3,46,logistic_regression,281,252,0,0.16426304293385358,0,0.5
5,3,46,logistic_regression,283,240,0,0.4333664046998243,0,0.5
5,3,46,logistic_regression,285,300,0,0.4855052190276044,0,0.5
5,3,46,logistic_regression,295,333,0,0.4348643337477908,0,0.5
5,3,46,logistic_regression,300,386,0,0.4409950725555624,0,0.5
5,3,46,logistic_regression,302,201,0,0.39511977873565973,0,0.5
5,3,46,logistic_regression,306,322,0,0.4565386565100065,0,0.5
5,3,46,logistic_regression,308,368,0,0.4743386714240733,0,0.5
5,3,46,logistic_regression,314,170,0,0.39977024504270936,0,0.5
5,3,46,logistic_regression,318,269,0,0.16312459645740943,0,0.5
5,3,46,logistic_regression,319,180,0,0.42849178949134786,0,0.5
5,3,46,logistic_regression,322,169,1,0.49167167717075316,0,0.5
5,3,46,logistic_regression,324,173,0,0.4323570345280932,0,0.5
5,3,46,logistic_regression,325,197,0,0.1719915171682046,0,0.5
5,3,46,logistic_regression,326,290,0,0.4296350293450492,0,0.5
5,3,46,logistic_regression,332,525,1,0.439141706394864,0,0.5
5,3,46,logistic_regression,340,159,0,0.1702205744984665,0,0.5
5,3,46,logistic_regression,356,339,0,0.4474372624090737,0,0.5
5,3,46,logistic_regression,370,243,0,0.25941306531521613,0,0.5
5,3,46,logistic_regression,373,172,1,0.4327612004060513,0,0.5
5,3,46,logistic_regression,389,142,0,0.4289272873369453,0,0.5
5,3,46,logistic_regression,396,210,0,0.4983061666149018,0,0.5
5,3,46,logistic_regression,399,88,0,0.4332720052365323,0,0.5
5,3,46,logistic_regression,404,171,0,0.4578892200643283,0,0.5
5,3,46,logistic_regression,408,104,0,0.431231168006624,0,0.5
5,3,46,logistic_regression,409,70,0,0.4409498736810921,0,0.5
5,3,46,logistic_regression,411,47,0,0.7198899658360265,1,0.5
5,3,46,logistic_regression,413,433,1,0.511403280523299,1,0.5
5,3,46,logistic_regression,415,51,0,0.4431453637634998,0,0.5
5,3,46,logistic_regression,430,9,0,0.42744437261727375,0,0.5
5,3,46,logistic_regression,434,107,0,0.43002275117775324,0,0.5
5,3,46,logistic_regression,436,65,0,0.25078694553127934,0,0.5
5,3,46,logistic_regression,441,77,0,0.26847073380280445,0,0.5
5,3,46,logistic_regression,442,24,0,0.43444853690502366,0,0.5
5,3,46,logistic_regression,444,3,0,0.42962429504564303,0,0.5
5,3,46,logistic_regression,445,5,0,0.1429505297993235,0,0.5
5,3,46,logistic_regression,450,43,0,0.4339213142209763,0,0.5
5,3,46,logistic_regression,456,682,1,0.45317432401567365,0,0.5
5,3,46,logistic_regression,458,640,0,0.4558054677194016,0,0.5
5,3,46,logistic_regression,460,753,0,0.16826077644335669,0,0.5
5,3,46,logistic_regression,461,751,0,0.4386532925351001,0,0.5
5,3,46,logistic_regression,465,608,0,0.3802817722358586,0,0.5
5,3,46,logistic_regression,479,356,0,0.5143043549100957,1,0.5
5,3,46,logistic_regression,481,614,0,0.4469179207002343,0,0.5
5,3,46,logistic_regression,483,610,0,0.5044622811498441,1,0.5
5,3,46,logistic_regression,504,37,0,0.4019647046298825,0,0.5
5,3,46,logistic_regression,505,624,0,0.42929634835858316,0,0.5
5,3,46,logistic_regression,514,93,0,0.4147730241295073,0,0.5
5,3,46,logistic_regression,518,76,1,0.710816933395227,1,0.5
5,3,46,logistic_regression,519,188,0,0.4247151183754845,0,0.5
5,3,46,logistic_regression,524,532,0,0.6727543739935206,1,0.5
5,3,46,logistic_regression,527,58,0,0.4237510692124423,0,0.5
5,3,46,logistic_regression,528,662,1,0.6427483056770705,1,0.5
5,3,46,logistic_regression,530,639,0,0.18165711841146973,0,0.5
5,3,46,logistic_regression,539,748,0,0.49812858584089337,0,0.5
5,3,46,logistic_regression,555,196,0,0.43389346994521977,0,0.5
5,3,46,logistic_regression,564,687,0,0.6437676222593441,1,0.5
5,3,46,logistic_regression,567,56,0,0.4069004310104628,0,0.5
5,3,46,logistic_regression,574,133,0,0.8782112232477263,1,0.5
5,3,46,logistic_regression,577,504,0,0.5031917829309588,1,0.5
5,3,46,logistic_regression,583,566,0,0.139592193138239,0,0.5
5,3,46,logistic_regression,589,299,0,0.36185217077532034,0,0.5
5,3,46,logistic_regression,602,622,0,0.42829511051882074,0,0.5
5,3,46,logistic_regression,608,226,0,0.46955910466719925,0,0.5
5,3,46,logistic_regression,620,471,0,0.5308042785570812,1,0.5
5,3,46,logistic_regression,625,421,0,0.6885722433941001,1,0.5
5,3,46,logistic_regression,631,294,0,0.4271759199311083,0,0.5
5,3,46,logistic_regression,636,326,0,0.4179703040460768,0,0.5
5,3,46,logistic_regression,641,67,0,0.41728268328537516,0,0.5
5,3,46,logistic_regression,642,829,0,0.5249326731676907,1,0.5
5,3,46,logistic_regression,655,821,0,0.4747733167108486,0,0.5
5,3,46,logistic_regression,657,827,0,0.6019809768214406,1,0.5
5,3,46,logistic_regression,660,820,0,0.3304753969184495,0,0.5
5,3,46,logistic_regression,663,510,1,0.4485336520260117,0,0.5
5,3,46,logistic_regression,665,8,0,0.6161416238467653,1,0.5
5,3,46,logistic_regression,669,486,0,0.6349539298089454,1,0.5
5,3,46,logistic_regression,670,538,0,0.616450935551407,1,0.5
5,3,46,logistic_regression,671,138,0,0.29624289688935024,0,0.5
5,3,46,logistic_regression,677,439,0,0.6325758443482724,1,0.5
5,3,46,logistic_regression,678,42,0,0.6444206062288654,1,0.5
5,3,46,logistic_regression,682,231,0,0.6094865286606753,1,0.5
5,3,46,logistic_regression,696,325,0,0.550764332826185,1,0.5
5,3,46,logistic_regression,705,291,0,0.4161818013994309,0,0.5
5,3,46,logistic_regression,709,6,0,0.16917283862489965,0,0.5
5,3,46,logistic_regression,712,477,0,0.42641137819265973,0,0.5
5,3,46,logistic_regression,714,768,0,0.45648507197090193,0,0.5
5,3,46,logistic_regression,721,218,0,0.43667691019977,0,0.5
5,3,46,logistic_regression,726,676,0,0.40825817545433446,0,0.5
5,3,46,logistic_regression,733,101,0,0.43685396611540867,0,0.5
5,3,46,logistic_regression,749,455,0,0.45895227775530745,0,0.5
5,3,46,logistic_regression,752,136,0,0.1702992226256229,0,0.5
5,3,46,logistic_regression,758,403,0,0.4600440830444802,0,0.5
5,3,46,logistic_regression,761,752,0,0.7892490925506275,1,0.5
5,3,46,logistic_regression,763,350,0,0.42143906863286207,0,0.5
5,3,46,logistic_regression,767,175,0,0.17110218508976316,0,0.5
5,3,46,logistic_regression,772,141,0,0.43824988773796186,0,0.5
5,3,46,logistic_regression,783,116,0,0.6358012846670137,1,0.5
5,3,46,logistic_regression,791,700,0,0.6411122659389022,1,0.5
5,3,46,logistic_regression,792,2,0,0.34933542781453675,0,0.5
5,3,46,logistic_regression,795,726,0,0.589665200455742,1,0.5
5,3,46,logistic_regression,796,644,0,0.4222730196357754,0,0.5
5,3,46,logistic_regression,798,794,0,0.44978269388113723,0,0.5
5,3,46,logistic_regression,801,634,0,0.41316107951128894,0,0.5
5,3,46,logistic_regression,802,666,0,0.46678841424235057,0,0.5
5,3,46,logistic_regression,807,569,0,0.4963112892217541,0,0.5
5,3,46,logistic_regression,812,601,0,0.5005202216200533,1,0.5
5,3,46,logistic_regression,813,346,0,0.500481278457039,1,0.5
5,3,46,logistic_regression,816,567,0,0.4753848713337312,0,0.5
5,3,46,logistic_regression,822,620,0,0.6466904504656862,1,0.5
5,3,46,logistic_regression,828,377,0,0.4151963964228202,0,0.5
5,3,46,logistic_regression,830,526,0,0.4135379039641913,0,0.5
5,3,46,xgboost,9,804,0,0.39555367827415466,0,0.5
5,3,46,xgboost,13,803,0,0.14739222824573517,0,0.5
5,3,46,xgboost,18,792,0,0.31075185537338257,0,0.5
5,3,46,xgboost,35,737,0,0.40653494000434875,0,0.5
5,3,46,xgboost,37,747,0,0.3942073583602905,0,0.5
5,3,46,xgboost,39,719,0,0.27849605679512024,0,0.5
5,3,46,xgboost,40,746,0,0.45318907499313354,0,0.5
5,3,46,xgboost,49,739,0,0.5186837315559387,1,0.5
5,3,46,xgboost,54,708,0,0.3715275526046753,0,0.5
5,3,46,xgboost,56,702,0,0.3710499405860901,0,0.5
5,3,46,xgboost,60,673,0,0.4584729075431824,0,0.5
5,3,46,xgboost,70,677,0,0.11661411076784134,0,0.5
5,3,46,xgboost,75,675,0,0.33144479990005493,0,0.5
5,3,46,xgboost,78,684,0,0.49320486187934875,0,0.5
5,3,46,xgboost,83,713,0,0.4979272484779358,0,0.5
5,3,46,xgboost,84,657,0,0.24576464295387268,0,0.5
5,3,46,xgboost,91,649,0,0.3658289313316345,0,0.5
5,3,46,xgboost,92,631,1,0.18363550305366516,0,0.5
5,3,46,xgboost,102,754,1,0.47523248195648193,0,0.5
5,3,46,xgboost,104,674,0,0.5249152183532715,1,0.5
5,3,46,xgboost,109,619,0,0.36817944049835205,0,0.5
5,3,46,xgboost,111,573,0,0.44544273614883423,0,0.5
5,3,46,xgboost,112,328,0,0.1908065527677536,0,0.5
5,3,46,xgboost,115,597,0,0.5335647463798523,1,0.5
5,3,46,xgboost,116,570,0,0.13059411942958832,0,0.5
5,3,46,xgboost,118,498,0,0.40680599212646484,0,0.5
5,3,46,xgboost,119,627,0,0.3539770543575287,0,0.5
5,3,46,xgboost,126,520,0,0.32899540662765503,0,0.5
5,3,46,xgboost,136,537,0,0.487995982170105,0,0.5
5,3,46,xgboost,140,194,0,0.13462448120117188,0,0.5
5,3,46,xgboost,141,591,0,0.14597247540950775,0,0.5
5,3,46,xgboost,152,423,0,0.43956759572029114,0,0.5
5,3,46,xgboost,159,484,0,0.3872733414173126,0,0.5
5,3,46,xgboost,174,412,0,0.4670167863368988,0,0.5
5,3,46,xgboost,177,472,0,0.13869863748550415,0,0.5
5,3,46,xgboost,192,445,0,0.11489425599575043,0,0.5
5,3,46,xgboost,193,397,0,0.47567588090896606,0,0.5
5,3,46,xgboost,197,447,0,0.34479281306266785,0,0.5
5,3,46,xgboost,199,443,0,0.5026209354400635,1,0.5
5,3,46,xgboost,206,437,0,0.46180468797683716,0,0.5
5,3,46,xgboost,212,500,0,0.3659687042236328,0,0.5
5,3,46,xgboost,223,351,1,0.7148383259773254,1,0.5
5,3,46,xgboost,226,394,0,0.5487093925476074,1,0.5
5,3,46,xgboost,230,432,0,0.2709454596042633,0,0.5
5,3,46,xgboost,235,347,0,0.23923906683921814,0,0.5
5,3,46,xgboost,246,381,0,0.41934359073638916,0,0.5
5,3,46,xgboost,248,379,0,0.49062803387641907,0,0.5
5,3,46,xgboost,249,284,0,0.5009908676147461,1,0.5
5,3,46,xgboost,250,344,0,0.3099232316017151,0,0.5
5,3,46,xgboost,253,366,0,0.11936940997838974,0,0.5
5,3,46,xgboost,257,485,0,0.38145795464515686,0,0.5
5,3,46,xgboost,259,295,0,0.286286324262619,0,0.5
5,3,46,xgboost,265,305,0,0.46535518765449524,0,0.5
5,3,46,xgboost,269,330,0,0.15351256728172302,0,0.5
5,3,46,xgboost,273,241,0,0.6139211654663086,1,0.5
5,3,46,xgboost,281,252,0,0.15390947461128235,0,0.5
5,3,46,xgboost,283,240,0,0.4604436755180359,0,0.5
5,3,46,xgboost,285,300,0,0.3380460739135742,0,0.5
5,3,46,xgboost,295,333,0,0.33217328786849976,0,0.5
5,3,46,xgboost,300,386,0,0.33264485001564026,0,0.5
5,3,46,xgboost,302,201,0,0.5036497116088867,1,0.5
5,3,46,xgboost,306,322,0,0.24615800380706787,0,0.5
5,3,46,xgboost,308,368,0,0.48435649275779724,0,0.5
5,3,46,xgboost,314,170,0,0.3506576418876648,0,0.5
5,3,46,xgboost,318,269,0,0.1485881507396698,0,0.5
5,3,46,xgboost,319,180,0,0.5518601536750793,1,0.5
5,3,46,xgboost,322,169,1,0.625627875328064,1,0.5
5,3,46,xgboost,324,173,0,0.3465104103088379,0,0.5
5,3,46,xgboost,325,197,0,0.14723435044288635,0,0.5
5,3,46,xgboost,326,290,0,0.4353702664375305,0,0.5
5,3,46,xgboost,332,525,1,0.5284592509269714,1,0.5
5,3,46,xgboost,340,159,0,0.13051818311214447,0,0.5
5,3,46,xgboost,356,339,0,0.3053302466869354,0,0.5
5,3,46,xgboost,370,243,0,0.5468586087226868,1,0.5
5,3,46,xgboost,373,172,1,0.49396300315856934,0,0.5
5,3,46,xgboost,389,142,0,0.3374791741371155,0,0.5
5,3,46,xgboost,396,210,0,0.44195815920829773,0,0.5
5,3,46,xgboost,399,88,0,0.2263050377368927,0,0.5
5,3,46,xgboost,404,171,0,0.4270246922969818,0,0.5
5,3,46,xgboost,408,104,0,0.2347617894411087,0,0.5
5,3,46,xgboost,409,70,0,0.22346805036067963,0,0.5
5,3,46,xgboost,411,47,0,0.2673712968826294,0,0.5
5,3,46,xgboost,413,433,1,0.3780646026134491,0,0.5
5,3,46,xgboost,415,51,0,0.19830268621444702,0,0.5
5,3,46,xgboost,430,9,0,0.17630070447921753,0,0.5
5,3,46,xgboost,434,107,0,0.3294222950935364,0,0.5
5,3,46,xgboost,436,65,0,0.2605430781841278,0,0.5
5,3,46,xgboost,441,77,0,0.29223743081092834,0,0.5
5,3,46,xgboost,442,24,0,0.17630070447921753,0,0.5
5,3,46,xgboost,444,3,0,0.17867666482925415,0,0.5
5,3,46,xgboost,445,5,0,0.09288837760686874,0,0.5
5,3,46,xgboost,450,43,0,0.19572791457176208,0,0.5
5,3,46,xgboost,456,682,1,0.4525315463542938,0,0.5
5,3,46,xgboost,458,640,0,0.4676762521266937,0,0.5
5,3,46,xgboost,460,753,0,0.06453724950551987,0,0.5
5,3,46,xgboost,461,751,0,0.522286593914032,1,0.5
5,3,46,xgboost,465,608,0,0.5216821432113647,1,0.5
5,3,46,xgboost,479,356,0,0.4605495035648346,0,0.5
5,3,46,xgboost,481,614,0,0.4373113512992859,0,0.5
5,3,46,xgboost,483,610,0,0.1484939306974411,0,0.5
5,3,46,xgboost,504,37,0,0.1724134385585785,0,0.5
5,3,46,xgboost,505,624,0,0.5355241894721985,1,0.5
5,3,46,xgboost,514,93,0,0.20461490750312805,0,0.5
5,3,46,xgboost,518,76,1,0.26658082008361816,0,0.5
5,3,46,xgboost,519,188,0,0.35738417506217957,0,0.5
5,3,46,xgboost,524,532,0,0.5596721768379211,1,0.5
5,3,46,xgboost,527,58,0,0.2045457810163498,0,0.5
5,3,46,xgboost,528,662,1,0.4296244978904724,0,0.5
5,3,46,xgboost,530,639,0,0.12886862456798553,0,0.5
5,3,46,xgboost,539,748,0,0.15949061512947083,0,0.5
5,3,46,xgboost,555,196,0,0.36187756061553955,0,0.5
5,3,46,xgboost,564,687,0,0.38964173197746277,0,0.5
5,3,46,xgboost,567,56,0,0.27057144045829773,0,0.5
5,3,46,xgboost,574,133,0,0.537719190120697,1,0.5
5,3,46,xgboost,577,504,0,0.4853518605232239,0,0.5
5,3,46,xgboost,583,566,0,0.06028148904442787,0,0.5
5,3,46,xgboost,589,299,0,0.5777928233146667,1,0.5
5,3,46,xgboost,602,622,0,0.5403217673301697,1,0.5
5,3,46,xgboost,608,226,0,0.4728538990020752,0,0.5
5,3,46,xgboost,620,471,0,0.5753085613250732,1,0.5
5,3,46,xgboost,625,421,0,0.5796384215354919,1,0.5
5,3,46,xgboost,631,294,0,0.4670167863368988,0,0.5
5,3,46,xgboost,636,326,0,0.33159589767456055,0,0.5
5,3,46,xgboost,641,67,0,0.21277101337909698,0,0.5
5,3,46,xgboost,642,829,0,0.43789348006248474,0,0.5
5,3,46,xgboost,655,821,0,0.44725969433784485,0,0.5
5,3,46,xgboost,657,827,0,0.6068910360336304,1,0.5
5,3,46,xgboost,660,820,0,0.5861484408378601,1,0.5
5,3,46,xgboost,663,510,1,0.3834976553916931,0,0.5
5,3,46,xgboost,665,8,0,0.3294854462146759,0,0.5
5,3,46,xgboost,669,486,0,0.4574741721153259,0,0.5
5,3,46,xgboost,670,538,0,0.5435652136802673,1,0.5
5,3,46,xgboost,671,138,0,0.16820979118347168,0,0.5
5,3,46,xgboost,677,439,0,0.4277556240558624,0,0.5
5,3,46,xgboost,678,42,0,0.3623267114162445,0,0.5
5,3,46,xgboost,682,231,0,0.7324106097221375,1,0.5
5,3,46,xgboost,696,325,0,0.2921324670314789,0,0.5
5,3,46,xgboost,705,291,0,0.4068703055381775,0,0.5
5,3,46,xgboost,709,6,0,0.08765697479248047,0,0.5
5,3,46,xgboost,712,477,0,0.5321248769760132,1,0.5
5,3,46,xgboost,714,768,0,0.26904234290122986,0,0.5
5,3,46,xgboost,721,218,0,0.5105820894241333,1,0.5
5,3,46,xgboost,726,676,0,0.32855406403541565,0,0.5
5,3,46,xgboost,733,101,0,0.2347617894411087,0,0.5
5,3,46,xgboost,749,455,0,0.38707074522972107,0,0.5
5,3,46,xgboost,752,136,0,0.13034357130527496,0,0.5
5,3,46,xgboost,758,403,0,0.365745484828949,0,0.5
5,3,46,xgboost,761,752,0,0.4857429563999176,0,0.5
5,3,46,xgboost,763,350,0,0.49062803387641907,0,0.5
5,3,46,xgboost,767,175,0,0.13491246104240417,0,0.5
5,3,46,xgboost,772,141,0,0.35370734333992004,0,0.5
5,3,46,xgboost,783,116,0,0.500541090965271,1,0.5
5,3,46,xgboost,791,700,0,0.5364868640899658,1,0.5
5,3,46,xgboost,792,2,0,0.13789008557796478,0,0.5
5,3,46,xgboost,795,726,0,0.2983475625514984,0,0.5
5,3,46,xgboost,796,644,0,0.4387817680835724,0,0.5
5,3,46,xgboost,798,794,0,0.4105287492275238,0,0.5
5,3,46,xgboost,801,634,0,0.15466555953025818,0,0.5
5,3,46,xgboost,802,666,0,0.3534601926803589,0,0.5
5,3,46,xgboost,807,569,0,0.3079138994216919,0,0.5
5,3,46,xgboost,812,601,0,0.4002140462398529,0,0.5
5,3,46,xgboost,813,346,0,0.3481694459915161,0,0.5
5,3,46,xgboost,816,567,0,0.3886454403400421,0,0.5
5,3,46,xgboost,822,620,0,0.34898295998573303,0,0.5
5,3,46,xgboost,828,377,0,0.39596208930015564,0,0.5
5,3,46,xgboost,830,526,0,0.2557871639728546,0,0.5
5,4,46,dummy_prior,2,660,0,0.06315789473684211,0,0.5
5,4,46,dummy_prior,16,790,0,0.06315789473684211,0,0.5
5,4,46,dummy_prior,19,773,0,0.06315789473684211,0,0.5
5,4,46,dummy_prior,20,797,0,0.06315789473684211,0,0.5
5,4,46,dummy_prior,25,805,0,0.06315789473684211,0,0.5
5,4,46,dummy_prior,28,742,0,0.06315789473684211,0,0.5
5,4,46,dummy_prior,29,745,0,0.06315789473684211,0,0.5
5,4,46,dummy_prior,30,782,0,0.06315789473684211,0,0.5
5,4,46,dummy_prior,34,749,0,0.06315789473684211,0,0.5
5,4,46,dummy_prior,41,732,1,0.06315789473684211,0,0.5
5,4,46,dummy_prior,55,789,0,0.06315789473684211,0,0.5
5,4,46,dummy_prior,61,697,0,0.06315789473684211,0,0.5
5,4,46,dummy_prior,73,681,0,0.06315789473684211,0,0.5
5,4,46,dummy_prior,74,686,0,0.06315789473684211,0,0.5
5,4,46,dummy_prior,80,593,0,0.06315789473684211,0,0.5
5,4,46,dummy_prior,90,689,0,0.06315789473684211,0,0.5
5,4,46,dummy_prior,94,604,0,0.06315789473684211,0,0.5
5,4,46,dummy_prior,98,641,0,0.06315789473684211,0,0.5
5,4,46,dummy_prior,100,580,0,0.06315789473684211,0,0.5
5,4,46,dummy_prior,103,633,0,0.06315789473684211,0,0.5
5,4,46,dummy_prior,106,653,0,0.06315789473684211,0,0.5
5,4,46,dummy_prior,114,665,0,0.06315789473684211,0,0.5
5,4,46,dummy_prior,117,560,0,0.06315789473684211,0,0.5
5,4,46,dummy_prior,120,579,0,0.06315789473684211,0,0.5
5,4,46,dummy_prior,123,571,0,0.06315789473684211,0,0.5
5,4,46,dummy_prior,127,518,0,0.06315789473684211,0,0.5
5,4,46,dummy_prior,131,565,0,0.06315789473684211,0,0.5
5,4,46,dummy_prior,139,553,0,0.06315789473684211,0,0.5
5,4,46,dummy_prior,143,558,0,0.06315789473684211,0,0.5
5,4,46,dummy_prior,144,595,0,0.06315789473684211,0,0.5
5,4,46,dummy_prior,146,533,0,0.06315789473684211,0,0.5
5,4,46,dummy_prior,155,448,0,0.06315789473684211,0,0.5
5,4,46,dummy_prior,157,617,0,0.06315789473684211,0,0.5
5,4,46,dummy_prior,158,463,0,0.06315789473684211,0,0.5
5,4,46,dummy_prior,160,490,0,0.06315789473684211,0,0.5
5,4,46,dummy_prior,161,481,0,0.06315789473684211,0,0.5
5,4,46,dummy_prior,165,515,0,0.06315789473684211,0,0.5
5,4,46,dummy_prior,170,418,0,0.06315789473684211,0,0.5
5,4,46,dummy_prior,173,499,0,0.06315789473684211,0,0.5
5,4,46,dummy_prior,178,548,0,0.06315789473684211,0,0.5
5,4,46,dummy_prior,182,491,0,0.06315789473684211,0,0.5
5,4,46,dummy_prior,183,411,0,0.06315789473684211,0,0.5
5,4,46,dummy_prior,188,380,0,0.06315789473684211,0,0.5
5,4,46,dummy_prior,190,527,0,0.06315789473684211,0,0.5
5,4,46,dummy_prior,196,442,0,0.06315789473684211,0,0.5
5,4,46,dummy_prior,201,454,0,0.06315789473684211,0,0.5
5,4,46,dummy_prior,209,399,0,0.06315789473684211,0,0.5
5,4,46,dummy_prior,211,431,0,0.06315789473684211,0,0.5
5,4,46,dummy_prior,213,550,1,0.06315789473684211,0,0.5
5,4,46,dummy_prior,215,531,1,0.06315789473684211,0,0.5
5,4,46,dummy_prior,217,503,0,0.06315789473684211,0,0.5
5,4,46,dummy_prior,218,324,0,0.06315789473684211,0,0.5
5,4,46,dummy_prior,227,585,0,0.06315789473684211,0,0.5
5,4,46,dummy_prior,229,304,0,0.06315789473684211,0,0.5
5,4,46,dummy_prior,232,345,0,0.06315789473684211,0,0.5
5,4,46,dummy_prior,239,354,0,0.06315789473684211,0,0.5
5,4,46,dummy_prior,244,487,0,0.06315789473684211,0,0.5
5,4,46,dummy_prior,245,292,0,0.06315789473684211,0,0.5
5,4,46,dummy_prior,251,279,0,0.06315789473684211,0,0.5
5,4,46,dummy_prior,255,245,0,0.06315789473684211,0,0.5
5,4,46,dummy_prior,263,232,0,0.06315789473684211,0,0.5
5,4,46,dummy_prior,266,410,0,0.06315789473684211,0,0.5
5,4,46,dummy_prior,268,359,0,0.06315789473684211,0,0.5
5,4,46,dummy_prior,270,355,0,0.06315789473684211,0,0.5
5,4,46,dummy_prior,278,238,0,0.06315789473684211,0,0.5
5,4,46,dummy_prior,290,221,0,0.06315789473684211,0,0.5
5,4,46,dummy_prior,297,301,0,0.06315789473684211,0,0.5
5,4,46,dummy_prior,299,323,0,0.06315789473684211,0,0.5
5,4,46,dummy_prior,304,287,0,0.06315789473684211,0,0.5
5,4,46,dummy_prior,305,382,0,0.06315789473684211,0,0.5
5,4,46,dummy_prior,316,293,0,0.06315789473684211,0,0.5
5,4,46,dummy_prior,328,446,0,0.06315789473684211,0,0.5
5,4,46,dummy_prior,329,583,0,0.06315789473684211,0,0.5
5,4,46,dummy_prior,331,229,0,0.06315789473684211,0,0.5
5,4,46,dummy_prior,335,200,0,0.06315789473684211,0,0.5
5,4,46,dummy_prior,336,182,0,0.06315789473684211,0,0.5
5,4,46,dummy_prior,338,121,0,0.06315789473684211,0,0.5
5,4,46,dummy_prior,341,79,0,0.06315789473684211,0,0.5
5,4,46,dummy_prior,347,167,0,0.06315789473684211,0,0.5
5,4,46,dummy_prior,349,152,0,0.06315789473684211,0,0.5
5,4,46,dummy_prior,352,140,0,0.06315789473684211,0,0.5
5,4,46,dummy_prior,363,127,0,0.06315789473684211,0,0.5
5,4,46,dummy_prior,366,239,1,0.06315789473684211,0,0.5
5,4,46,dummy_prior,368,242,0,0.06315789473684211,0,0.5
5,4,46,dummy_prior,371,249,0,0.06315789473684211,0,0.5
5,4,46,dummy_prior,374,86,0,0.06315789473684211,0,0.5
5,4,46,dummy_prior,379,134,1,0.06315789473684211,0,0.5
5,4,46,dummy_prior,384,185,0,0.06315789473684211,0,0.5
5,4,46,dummy_prior,386,179,0,0.06315789473684211,0,0.5
5,4,46,dummy_prior,398,64,0,0.06315789473684211,0,0.5
5,4,46,dummy_prior,401,57,0,0.06315789473684211,0,0.5
5,4,46,dummy_prior,402,60,0,0.06315789473684211,0,0.5
5,4,46,dummy_prior,405,87,0,0.06315789473684211,0,0.5
5,4,46,dummy_prior,412,97,0,0.06315789473684211,0,0.5
5,4,46,dummy_prior,417,35,0,0.06315789473684211,0,0.5
5,4,46,dummy_prior,419,161,0,0.06315789473684211,0,0.5
5,4,46,dummy_prior,420,29,0,0.06315789473684211,0,0.5
5,4,46,dummy_prior,425,192,1,0.06315789473684211,0,0.5
5,4,46,dummy_prior,429,112,0,0.06315789473684211,0,0.5
5,4,46,dummy_prior,432,80,0,0.06315789473684211,0,0.5
5,4,46,dummy_prior,435,63,0,0.06315789473684211,0,0.5
5,4,46,dummy_prior,451,41,0,0.06315789473684211,0,0.5
5,4,46,dummy_prior,452,11,0,0.06315789473684211,0,0.5
5,4,46,dummy_prior,454,764,0,0.06315789473684211,0,0.5
5,4,46,dummy_prior,457,787,0,0.06315789473684211,0,0.5
5,4,46,dummy_prior,468,371,0,0.06315789473684211,0,0.5
5,4,46,dummy_prior,472,151,0,0.06315789473684211,0,0.5
5,4,46,dummy_prior,503,791,0,0.06315789473684211,0,0.5
5,4,46,dummy_prior,509,547,0,0.06315789473684211,0,0.5
5,4,46,dummy_prior,520,474,0,0.06315789473684211,0,0.5
5,4,46,dummy_prior,522,40,0,0.06315789473684211,0,0.5
5,4,46,dummy_prior,525,213,0,0.06315789473684211,0,0.5
5,4,46,dummy_prior,526,385,0,0.06315789473684211,0,0.5
5,4,46,dummy_prior,531,105,0,0.06315789473684211,0,0.5
5,4,46,dummy_prior,534,435,0,0.06315789473684211,0,0.5
5,4,46,dummy_prior,535,772,0,0.06315789473684211,0,0.5
5,4,46,dummy_prior,538,162,0,0.06315789473684211,0,0.5
5,4,46,dummy_prior,550,257,0,0.06315789473684211,0,0.5
5,4,46,dummy_prior,553,309,0,0.06315789473684211,0,0.5
5,4,46,dummy_prior,562,648,0,0.06315789473684211,0,0.5
5,4,46,dummy_prior,571,193,0,0.06315789473684211,0,0.5
5,4,46,dummy_prior,585,416,0,0.06315789473684211,0,0.5
5,4,46,dummy_prior,590,341,1,0.06315789473684211,0,0.5
5,4,46,dummy_prior,594,130,0,0.06315789473684211,0,0.5
5,4,46,dummy_prior,605,336,0,0.06315789473684211,0,0.5
5,4,46,dummy_prior,606,424,0,0.06315789473684211,0,0.5
5,4,46,dummy_prior,613,493,0,0.06315789473684211,0,0.5
5,4,46,dummy_prior,619,285,0,0.06315789473684211,0,0.5
5,4,46,dummy_prior,624,613,0,0.06315789473684211,0,0.5
5,4,46,dummy_prior,626,788,0,0.06315789473684211,0,0.5
5,4,46,dummy_prior,630,236,1,0.06315789473684211,0,0.5
5,4,46,dummy_prior,632,260,0,0.06315789473684211,0,0.5
5,4,46,dummy_prior,645,817,1,0.06315789473684211,0,0.5
5,4,46,dummy_prior,647,0,0,0.06315789473684211,0,0.5
5,4,46,dummy_prior,653,609,0,0.06315789473684211,0,0.5
5,4,46,dummy_prior,659,815,0,0.06315789473684211,0,0.5
5,4,46,dummy_prior,661,704,1,0.06315789473684211,0,0.5
5,4,46,dummy_prior,662,638,1,0.06315789473684211,0,0.5
5,4,46,dummy_prior,667,74,0,0.06315789473684211,0,0.5
5,4,46,dummy_prior,672,91,0,0.06315789473684211,0,0.5
5,4,46,dummy_prior,675,479,0,0.06315789473684211,0,0.5
5,4,46,dummy_prior,676,524,0,0.06315789473684211,0,0.5
5,4,46,dummy_prior,680,806,0,0.06315789473684211,0,0.5
5,4,46,dummy_prior,681,81,0,0.06315789473684211,0,0.5
5,4,46,dummy_prior,694,427,0,0.06315789473684211,0,0.5
5,4,46,dummy_prior,698,554,0,0.06315789473684211,0,0.5
5,4,46,dummy_prior,701,589,0,0.06315789473684211,0,0.5
5,4,46,dummy_prior,704,775,0,0.06315789473684211,0,0.5
5,4,46,dummy_prior,707,587,0,0.06315789473684211,0,0.5
5,4,46,dummy_prior,708,564,0,0.06315789473684211,0,0.5
5,4,46,dummy_prior,717,540,0,0.06315789473684211,0,0.5
5,4,46,dummy_prior,725,778,0,0.06315789473684211,0,0.5
5,4,46,dummy_prior,732,578,0,0.06315789473684211,0,0.5
5,4,46,dummy_prior,735,607,0,0.06315789473684211,0,0.5
5,4,46,dummy_prior,742,422,0,0.06315789473684211,0,0.5
5,4,46,dummy_prior,746,113,0,0.06315789473684211,0,0.5
5,4,46,dummy_prior,753,656,0,0.06315789473684211,0,0.5
5,4,46,dummy_prior,768,690,0,0.06315789473684211,0,0.5
5,4,46,dummy_prior,775,14,0,0.06315789473684211,0,0.5
5,4,46,dummy_prior,777,543,0,0.06315789473684211,0,0.5
5,4,46,dummy_prior,778,668,0,0.06315789473684211,0,0.5
5,4,46,dummy_prior,790,516,0,0.06315789473684211,0,0.5
5,4,46,dummy_prior,799,650,0,0.06315789473684211,0,0.5
5,4,46,dummy_prior,800,688,0,0.06315789473684211,0,0.5
5,4,46,dummy_prior,815,722,0,0.06315789473684211,0,0.5
5,4,46,dummy_prior,825,800,0,0.06315789473684211,0,0.5
5,4,46,logistic_regression,2,660,0,0.2586498197559319,0,0.5
5,4,46,logistic_regression,16,790,0,0.4300706353919519,0,0.5
5,4,46,logistic_regression,19,773,0,0.7167685531571488,1,0.5
5,4,46,logistic_regression,20,797,0,0.6821873953463425,1,0.5
5,4,46,logistic_regression,25,805,0,0.381579907133282,0,0.5
5,4,46,logistic_regression,28,742,0,0.4191305175253601,0,0.5
5,4,46,logistic_regression,29,745,0,0.3668308596860537,0,0.5
5,4,46,logistic_regression,30,782,0,0.8069035628080463,1,0.5
5,4,46,logistic_regression,34,749,0,0.7018825692130516,1,0.5
5,4,46,logistic_regression,41,732,1,0.8088056757441762,1,0.5
5,4,46,logistic_regression,55,789,0,0.6770767604721949,1,0.5
5,4,46,logistic_regression,61,697,0,0.6140608918696069,1,0.5
5,4,46,logistic_regression,73,681,0,0.23772331488029036,0,0.5
5,4,46,logistic_regression,74,686,0,0.4490744862012214,0,0.5
5,4,46,logistic_regression,80,593,0,0.6806817526846826,1,0.5
5,4,46,logistic_regression,90,689,0,0.7252668111174633,1,0.5
5,4,46,logistic_regression,94,604,0,0.17648327348517479,0,0.5
5,4,46,logistic_regression,98,641,0,0.5357159826552031,1,0.5
5,4,46,logistic_regression,100,580,0,0.8284637505857045,1,0.5
5,4,46,logistic_regression,103,633,0,0.5842450268961582,1,0.5
5,4,46,logistic_regression,106,653,0,0.4273053189279716,0,0.5
5,4,46,logistic_regression,114,665,0,0.6561940797124128,1,0.5
5,4,46,logistic_regression,117,560,0,0.573240697527911,1,0.5
5,4,46,logistic_regression,120,579,0,0.4832749811155339,0,0.5
5,4,46,logistic_regression,123,571,0,0.6216567646285234,1,0.5
5,4,46,logistic_regression,127,518,0,0.4142031621819154,0,0.5
5,4,46,logistic_regression,131,565,0,0.4232988866742824,0,0.5
5,4,46,logistic_regression,139,553,0,0.6013101081030677,1,0.5
5,4,46,logistic_regression,143,558,0,0.4039221263200785,0,0.5
5,4,46,logistic_regression,144,595,0,0.6071072919560062,1,0.5
5,4,46,logistic_regression,146,533,0,0.2768641663547308,0,0.5
5,4,46,logistic_regression,155,448,0,0.5235417819202949,1,0.5
5,4,46,logistic_regression,157,617,0,0.4126893182183811,0,0.5
5,4,46,logistic_regression,158,463,0,0.516803731544866,1,0.5
5,4,46,logistic_regression,160,490,0,0.5008643617304066,1,0.5
5,4,46,logistic_regression,161,481,0,0.5026830602936021,1,0.5
5,4,46,logistic_regression,165,515,0,0.5323686636273763,1,0.5
5,4,46,logistic_regression,170,418,0,0.49815873755615225,0,0.5
5,4,46,logistic_regression,173,499,0,0.5157733129255505,1,0.5
5,4,46,logistic_regression,178,548,0,0.5546800697577259,1,0.5
5,4,46,logistic_regression,182,491,0,0.42807888749315454,0,0.5
5,4,46,logistic_regression,183,411,0,0.5452704630230044,1,0.5
5,4,46,logistic_regression,188,380,0,0.5023412877412359,1,0.5
5,4,46,logistic_regression,190,527,0,0.5293787662488675,1,0.5
5,4,46,logistic_regression,196,442,0,0.5276787975030661,1,0.5
5,4,46,logistic_regression,201,454,0,0.5575126650303647,1,0.5
5,4,46,logistic_regression,209,399,0,0.5772908518558595,1,0.5
5,4,46,logistic_regression,211,431,0,0.42354786976085995,0,0.5
5,4,46,logistic_regression,213,550,1,0.5073318342088972,1,0.5
5,4,46,logistic_regression,215,531,1,0.5629650520591875,1,0.5
5,4,46,logistic_regression,217,503,0,0.4612202835875013,0,0.5
5,4,46,logistic_regression,218,324,0,0.4272280787937536,0,0.5
5,4,46,logistic_regression,227,585,0,0.207965020889168,0,0.5
5,4,46,logistic_regression,229,304,0,0.39957428954472557,0,0.5
5,4,46,logistic_regression,232,345,0,0.409647475601107,0,0.5
5,4,46,logistic_regression,239,354,0,0.47614126718052024,0,0.5
5,4,46,logistic_regression,244,487,0,0.5136713993168719,1,0.5
5,4,46,logistic_regression,245,292,0,0.4339766889877925,0,0.5
5,4,46,logistic_regression,251,279,0,0.40810400802114766,0,0.5
5,4,46,logistic_regression,255,245,0,0.3536278014269318,0,0.5
5,4,46,logistic_regression,263,232,0,0.4019654267494391,0,0.5
5,4,46,logistic_regression,266,410,0,0.415477198561708,0,0.5
5,4,46,logistic_regression,268,359,0,0.18224652768015562,0,0.5
5,4,46,logistic_regression,270,355,0,0.5195120449907086,1,0.5
5,4,46,logistic_regression,278,238,0,0.15742462647142957,0,0.5
5,4,46,logistic_regression,290,221,0,0.39284842924357377,0,0.5
5,4,46,logistic_regression,297,301,0,0.501308511234723,1,0.5
5,4,46,logistic_regression,299,323,0,0.536853055783463,1,0.5
5,4,46,logistic_regression,304,287,0,0.18346533480903743,0,0.5
5,4,46,logistic_regression,305,382,0,0.5082718910024884,1,0.5
5,4,46,logistic_regression,316,293,0,0.19952103995939618,0,0.5
5,4,46,logistic_regression,328,446,0,0.6449989648546007,1,0.5
5,4,46,logistic_regression,329,583,0,0.5119680316943445,1,0.5
5,4,46,logistic_regression,331,229,0,0.4234431418566812,0,0.5
5,4,46,logistic_regression,335,200,0,0.19952999526088214,0,0.5
5,4,46,logistic_regression,336,182,0,0.386623046545438,0,0.5
5,4,46,logistic_regression,338,121,0,0.17968161279492037,0,0.5
5,4,46,logistic_regression,341,79,0,0.38561189395882106,0,0.5
5,4,46,logistic_regression,347,167,0,0.19708621597937917,0,0.5
5,4,46,logistic_regression,349,152,0,0.34810259021126067,0,0.5
5,4,46,logistic_regression,352,140,0,0.695952424628782,1,0.5
5,4,46,logistic_regression,363,127,0,0.3898159742218296,0,0.5
5,4,46,logistic_regression,366,239,1,0.3492763985022424,0,0.5
5,4,46,logistic_regression,368,242,0,0.42689897046526804,0,0.5
5,4,46,logistic_regression,371,249,0,0.4562817255315251,0,0.5
5,4,46,logistic_regression,374,86,0,0.37037573883629177,0,0.5
5,4,46,logistic_regression,379,134,1,0.434130408382567,0,0.5
5,4,46,logistic_regression,384,185,0,0.2791179433820991,0,0.5
5,4,46,logistic_regression,386,179,0,0.38483114147431896,0,0.5
5,4,46,logistic_regression,398,64,0,0.3582715485473648,0,0.5
5,4,46,logistic_regression,401,57,0,0.6949707126772819,1,0.5
5,4,46,logistic_regression,402,60,0,0.1847138346951991,0,0.5
5,4,46,logistic_regression,405,87,0,0.17103105806669885,0,0.5
5,4,46,logistic_regression,412,97,0,0.38597478031998633,0,0.5
5,4,46,logistic_regression,417,35,0,0.3691712502588935,0,0.5
5,4,46,logistic_regression,419,161,0,0.4510431286172964,0,0.5
5,4,46,logistic_regression,420,29,0,0.4086909508731897,0,0.5
5,4,46,logistic_regression,425,192,1,0.39829137353507466,0,0.5
5,4,46,logistic_regression,429,112,0,0.3821136629713603,0,0.5
5,4,46,logistic_regression,432,80,0,0.3965474138155909,0,0.5
5,4,46,logistic_regression,435,63,0,0.35653466623290986,0,0.5
5,4,46,logistic_regression,451,41,0,0.1536508154313994,0,0.5
5,4,46,logistic_regression,452,11,0,0.23800732322593918,0,0.5
5,4,46,logistic_regression,454,764,0,0.47472122304486364,0,0.5
5,4,46,logistic_regression,457,787,0,0.5774913804349985,1,0.5
5,4,46,logistic_regression,468,371,0,0.3917069521365643,0,0.5
5,4,46,logistic_regression,472,151,0,0.16987766947824168,0,0.5
5,4,46,logistic_regression,503,791,0,0.5491787335724951,1,0.5
5,4,46,logistic_regression,509,547,0,0.21328097487853245,0,0.5
5,4,46,logistic_regression,520,474,0,0.3784173743110317,0,0.5
5,4,46,logistic_regression,522,40,0,0.40094929753245007,0,0.5
5,4,46,logistic_regression,525,213,0,0.7298241789219988,1,0.5
5,4,46,logistic_regression,526,385,0,0.16659804988375823,0,0.5
5,4,46,logistic_regression,531,105,0,0.29320320596330185,0,0.5
5,4,46,logistic_regression,534,435,0,0.4277843797056066,0,0.5
5,4,46,logistic_regression,535,772,0,0.7395765431966522,1,0.5
5,4,46,logistic_regression,538,162,0,0.4080580636394212,0,0.5
5,4,46,logistic_regression,550,257,0,0.39554141390925196,0,0.5
5,4,46,logistic_regression,553,309,0,0.43913294155518773,0,0.5
5,4,46,logistic_regression,562,648,0,0.4374048004677815,0,0.5
5,4,46,logistic_regression,571,193,0,0.3876707018510321,0,0.5
5,4,46,logistic_regression,585,416,0,0.515626372447138,1,0.5
5,4,46,logistic_regression,590,341,1,0.6916961585124369,1,0.5
5,4,46,logistic_regression,594,130,0,0.38300686416105717,0,0.5
5,4,46,logistic_regression,605,336,0,0.5328109283039031,1,0.5
5,4,46,logistic_regression,606,424,0,0.5109129273283927,1,0.5
5,4,46,logistic_regression,613,493,0,0.6099313295834397,1,0.5
5,4,46,logistic_regression,619,285,0,0.5081637447400048,1,0.5
5,4,46,logistic_regression,624,613,0,0.6080448933682753,1,0.5
5,4,46,logistic_regression,626,788,0,0.7119606090451485,1,0.5
5,4,46,logistic_regression,630,236,1,0.3421782937116847,0,0.5
5,4,46,logistic_regression,632,260,0,0.5372408378022199,1,0.5
5,4,46,logistic_regression,645,817,1,0.7240116263252665,1,0.5
5,4,46,logistic_regression,647,0,0,0.353164542085182,0,0.5
5,4,46,logistic_regression,653,609,0,0.41016721708841486,0,0.5
5,4,46,logistic_regression,659,815,0,0.5180899501490284,1,0.5
5,4,46,logistic_regression,661,704,1,0.3753611821533005,0,0.5
5,4,46,logistic_regression,662,638,1,0.7937186624492267,1,0.5
5,4,46,logistic_regression,667,74,0,0.6133236966059356,1,0.5
5,4,46,logistic_regression,672,91,0,0.6096228089608592,1,0.5
5,4,46,logistic_regression,675,479,0,0.3528187533206384,0,0.5
5,4,46,logistic_regression,676,524,0,0.3421399991641306,0,0.5
5,4,46,logistic_regression,680,806,0,0.349936929801717,0,0.5
5,4,46,logistic_regression,681,81,0,0.6145392626940136,1,0.5
5,4,46,logistic_regression,694,427,0,0.45215181649779035,0,0.5
5,4,46,logistic_regression,698,554,0,0.4366284511880398,0,0.5
5,4,46,logistic_regression,701,589,0,0.5486422326935424,1,0.5
5,4,46,logistic_regression,704,775,0,0.7949015016507894,1,0.5
5,4,46,logistic_regression,707,587,0,0.5067940456304527,1,0.5
5,4,46,logistic_regression,708,564,0,0.6530044225617171,1,0.5
5,4,46,logistic_regression,717,540,0,0.3374131487830187,0,0.5
5,4,46,logistic_regression,725,778,0,0.22067995971734072,0,0.5
5,4,46,logistic_regression,732,578,0,0.36153402715091404,0,0.5
5,4,46,logistic_regression,735,607,0,0.21906956926943907,0,0.5
5,4,46,logistic_regression,742,422,0,0.38054326374324243,0,0.5
5,4,46,logistic_regression,746,113,0,0.13772411761558884,0,0.5
5,4,46,logistic_regression,753,656,0,0.6022272170327322,1,0.5
5,4,46,logistic_regression,768,690,0,0.7121371017333773,1,0.5
5,4,46,logistic_regression,775,14,0,0.3775413311951794,0,0.5
5,4,46,logistic_regression,777,543,0,0.391724465207387,0,0.5
5,4,46,logistic_regression,778,668,0,0.5991914783236911,1,0.5
5,4,46,logistic_regression,790,516,0,0.6180920837747662,1,0.5
5,4,46,logistic_regression,799,650,0,0.42010554973005176,0,0.5
5,4,46,logistic_regression,800,688,0,0.41668097083401995,0,0.5
5,4,46,logistic_regression,815,722,0,0.4968589835223738,0,0.5
5,4,46,logistic_regression,825,800,0,0.5055899081919483,1,0.5
5,4,46,xgboost,2,660,0,0.4249928891658783,0,0.5
5,4,46,xgboost,16,790,0,0.3050036132335663,0,0.5
5,4,46,xgboost,19,773,0,0.34957459568977356,0,0.5
5,4,46,xgboost,20,797,0,0.7864173054695129,1,0.5
5,4,46,xgboost,25,805,0,0.4149658679962158,0,0.5
5,4,46,xgboost,28,742,0,0.23705321550369263,0,0.5
5,4,46,xgboost,29,745,0,0.23420168459415436,0,0.5
5,4,46,xgboost,30,782,0,0.7233679890632629,1,0.5
5,4,46,xgboost,34,749,0,0.4074815809726715,0,0.5
5,4,46,xgboost,41,732,1,0.6772232055664062,1,0.5
5,4,46,xgboost,55,789,0,0.614382266998291,1,0.5
5,4,46,xgboost,61,697,0,0.28633788228034973,0,0.5
5,4,46,xgboost,73,681,0,0.1799853891134262,0,0.5
5,4,46,xgboost,74,686,0,0.29460445046424866,0,0.5
5,4,46,xgboost,80,593,0,0.40126657485961914,0,0.5
5,4,46,xgboost,90,689,0,0.349355548620224,0,0.5
5,4,46,xgboost,94,604,0,0.15797701478004456,0,0.5
5,4,46,xgboost,98,641,0,0.6897717714309692,1,0.5
5,4,46,xgboost,100,580,0,0.610166072845459,1,0.5
5,4,46,xgboost,103,633,0,0.6886021494865417,1,0.5
5,4,46,xgboost,106,653,0,0.38055095076560974,0,0.5
5,4,46,xgboost,114,665,0,0.3916712999343872,0,0.5
5,4,46,xgboost,117,560,0,0.68199622631073,1,0.5
5,4,46,xgboost,120,579,0,0.3600696325302124,0,0.5
5,4,46,xgboost,123,571,0,0.7122507095336914,1,0.5
5,4,46,xgboost,127,518,0,0.3107166588306427,0,0.5
5,4,46,xgboost,131,565,0,0.3092457950115204,0,0.5
5,4,46,xgboost,139,553,0,0.33374613523483276,0,0.5
5,4,46,xgboost,143,558,0,0.40323948860168457,0,0.5
5,4,46,xgboost,144,595,0,0.33281275629997253,0,0.5
5,4,46,xgboost,146,533,0,0.5420705080032349,1,0.5
5,4,46,xgboost,155,448,0,0.36276593804359436,0,0.5
5,4,46,xgboost,157,617,0,0.30518537759780884,0,0.5
5,4,46,xgboost,158,463,0,0.44401267170906067,0,0.5
5,4,46,xgboost,160,490,0,0.44401267170906067,0,0.5
5,4,46,xgboost,161,481,0,0.28609102964401245,0,0.5
5,4,46,xgboost,165,515,0,0.3269808292388916,0,0.5
5,4,46,xgboost,170,418,0,0.43897387385368347,0,0.5
5,4,46,xgboost,173,499,0,0.41480013728141785,0,0.5
5,4,46,xgboost,178,548,0,0.6094281673431396,1,0.5
5,4,46,xgboost,182,491,0,0.5176352262496948,1,0.5
5,4,46,xgboost,183,411,0,0.5395395755767822,1,0.5
5,4,46,xgboost,188,380,0,0.4990293085575104,0,0.5
5,4,46,xgboost,190,527,0,0.377755731344223,0,0.5
5,4,46,xgboost,196,442,0,0.5293005108833313,1,0.5
5,4,46,xgboost,201,454,0,0.4646843373775482,0,0.5
5,4,46,xgboost,209,399,0,0.4170430898666382,0,0.5
5,4,46,xgboost,211,431,0,0.2828369438648224,0,0.5
5,4,46,xgboost,213,550,1,0.4366406798362732,0,0.5
5,4,46,xgboost,215,531,1,0.43687739968299866,0,0.5
5,4,46,xgboost,217,503,0,0.5453185439109802,1,0.5
5,4,46,xgboost,218,324,0,0.38633227348327637,0,0.5
5,4,46,xgboost,227,585,0,0.18976183235645294,0,0.5
5,4,46,xgboost,229,304,0,0.4091378450393677,0,0.5
5,4,46,xgboost,232,345,0,0.4026464819908142,0,0.5
5,4,46,xgboost,239,354,0,0.36615511775016785,0,0.5
5,4,46,xgboost,244,487,0,0.43897387385368347,0,0.5
5,4,46,xgboost,245,292,0,0.4941900372505188,0,0.5
5,4,46,xgboost,251,279,0,0.3980664014816284,0,0.5
5,4,46,xgboost,255,245,0,0.37873467803001404,0,0.5
5,4,46,xgboost,263,232,0,0.4469437599182129,0,0.5
5,4,46,xgboost,266,410,0,0.5067892074584961,1,0.5
5,4,46,xgboost,268,359,0,0.19122359156608582,0,0.5
5,4,46,xgboost,270,355,0,0.3813778758049011,0,0.5
5,4,46,xgboost,278,238,0,0.13911496102809906,0,0.5
5,4,46,xgboost,290,221,0,0.34970608353614807,0,0.5
5,4,46,xgboost,297,301,0,0.35319799184799194,0,0.5
5,4,46,xgboost,299,323,0,0.36572352051734924,0,0.5
5,4,46,xgboost,304,287,0,0.157518669962883,0,0.5
5,4,46,xgboost,305,382,0,0.4477125406265259,0,0.5
5,4,46,xgboost,316,293,0,0.1944039762020111,0,0.5
5,4,46,xgboost,328,446,0,0.407839834690094,0,0.5
5,4,46,xgboost,329,583,0,0.4473092257976532,0,0.5
5,4,46,xgboost,331,229,0,0.5157709717750549,1,0.5
5,4,46,xgboost,335,200,0,0.1825750172138214,0,0.5
5,4,46,xgboost,336,182,0,0.45219022035598755,0,0.5
5,4,46,xgboost,338,121,0,0.13080427050590515,0,0.5
5,4,46,xgboost,341,79,0,0.4028700888156891,0,0.5
5,4,46,xgboost,347,167,0,0.2016659528017044,0,0.5
5,4,46,xgboost,349,152,0,0.32316848635673523,0,0.5
5,4,46,xgboost,352,140,0,0.5961268544197083,1,0.5
5,4,46,xgboost,363,127,0,0.43576690554618835,0,0.5
5,4,46,xgboost,366,239,1,0.3533741533756256,0,0.5
5,4,46,xgboost,368,242,0,0.42511624097824097,0,0.5
5,4,46,xgboost,371,249,0,0.425654798746109,0,0.5
5,4,46,xgboost,374,86,0,0.29906150698661804,0,0.5
5,4,46,xgboost,379,134,1,0.3930259644985199,0,0.5
5,4,46,xgboost,384,185,0,0.5810034275054932,1,0.5
5,4,46,xgboost,386,179,0,0.44713324308395386,0,0.5
5,4,46,xgboost,398,64,0,0.25125741958618164,0,0.5
5,4,46,xgboost,401,57,0,0.4328352212905884,0,0.5
5,4,46,xgboost,402,60,0,0.11880157887935638,0,0.5
5,4,46,xgboost,405,87,0,0.11202811449766159,0,0.5
5,4,46,xgboost,412,97,0,0.39268457889556885,0,0.5
5,4,46,xgboost,417,35,0,0.25125741958618164,0,0.5
5,4,46,xgboost,419,161,0,0.32070687413215637,0,0.5
5,4,46,xgboost,420,29,0,0.26302245259284973,0,0.5
5,4,46,xgboost,425,192,1,0.521535336971283,1,0.5
5,4,46,xgboost,429,112,0,0.3620415925979614,0,0.5
5,4,46,xgboost,432,80,0,0.4074680209159851,0,0.5
5,4,46,xgboost,435,63,0,0.25125741958618164,0,0.5
5,4,46,xgboost,451,41,0,0.28572434186935425,0,0.5
5,4,46,xgboost,452,11,0,0.4225905239582062,0,0.5
5,4,46,xgboost,454,764,0,0.5037333965301514,1,0.5
5,4,46,xgboost,457,787,0,0.3536697030067444,0,0.5
5,4,46,xgboost,468,371,0,0.43599796295166016,0,0.5
5,4,46,xgboost,472,151,0,0.14938096702098846,0,0.5
5,4,46,xgboost,503,791,0,0.5222382545471191,1,0.5
5,4,46,xgboost,509,547,0,0.16027556359767914,0,0.5
5,4,46,xgboost,520,474,0,0.40072599053382874,0,0.5
5,4,46,xgboost,522,40,0,0.3090728223323822,0,0.5
5,4,46,xgboost,525,213,0,0.5396230816841125,1,0.5
5,4,46,xgboost,526,385,0,0.12868601083755493,0,0.5
5,4,46,xgboost,531,105,0,0.11202811449766159,0,0.5
5,4,46,xgboost,534,435,0,0.5101926922798157,1,0.5
5,4,46,xgboost,535,772,0,0.5010453462600708,1,0.5
5,4,46,xgboost,538,162,0,0.40603771805763245,0,0.5
5,4,46,xgboost,550,257,0,0.4123116433620453,0,0.5
5,4,46,xgboost,553,309,0,0.474025696516037,0,0.5
5,4,46,xgboost,562,648,0,0.3062661290168762,0,0.5
5,4,46,xgboost,571,193,0,0.4405378997325897,0,0.5
5,4,46,xgboost,585,416,0,0.3970942497253418,0,0.5
5,4,46,xgboost,590,341,1,0.44577109813690186,0,0.5
5,4,46,xgboost,594,130,0,0.32784077525138855,0,0.5
5,4,46,xgboost,605,336,0,0.4426651895046234,0,0.5
5,4,46,xgboost,606,424,0,0.530327320098877,1,0.5
5,4,46,xgboost,613,493,0,0.42892447113990784,0,0.5
5,4,46,xgboost,619,285,0,0.43897387385368347,0,0.5
5,4,46,xgboost,624,613,0,0.6710743308067322,1,0.5
5,4,46,xgboost,626,788,0,0.3651416599750519,0,0.5
5,4,46,xgboost,630,236,1,0.44883328676223755,0,0.5
5,4,46,xgboost,632,260,0,0.6291272640228271,1,0.5
5,4,46,xgboost,645,817,1,0.7091542482376099,1,0.5
5,4,46,xgboost,647,0,0,0.26302245259284973,0,0.5
5,4,46,xgboost,653,609,0,0.43467631936073303,0,0.5
5,4,46,xgboost,659,815,0,0.3735063970088959,0,0.5
5,4,46,xgboost,661,704,1,0.4919491112232208,0,0.5
5,4,46,xgboost,662,638,1,0.6138283610343933,1,0.5
5,4,46,xgboost,667,74,0,0.47969144582748413,0,0.5
5,4,46,xgboost,672,91,0,0.4623821973800659,0,0.5
5,4,46,xgboost,675,479,0,0.23272334039211273,0,0.5
5,4,46,xgboost,676,524,0,0.2268894910812378,0,0.5
5,4,46,xgboost,680,806,0,0.11172530055046082,0,0.5
5,4,46,xgboost,681,81,0,0.5604947805404663,1,0.5
5,4,46,xgboost,694,427,0,0.497933566570282,0,0.5
5,4,46,xgboost,698,554,0,0.3092457950115204,0,0.5
5,4,46,xgboost,701,589,0,0.6864116191864014,1,0.5
5,4,46,xgboost,704,775,0,0.7581462264060974,1,0.5
5,4,46,xgboost,707,587,0,0.5037333965301514,1,0.5
5,4,46,xgboost,708,564,0,0.44167378544807434,0,0.5
5,4,46,xgboost,717,540,0,0.6382721662521362,1,0.5
5,4,46,xgboost,725,778,0,0.18976183235645294,0,0.5
5,4,46,xgboost,732,578,0,0.4065166413784027,0,0.5
5,4,46,xgboost,735,607,0,0.16659530997276306,0,0.5
5,4,46,xgboost,742,422,0,0.42091476917266846,0,0.5
5,4,46,xgboost,746,113,0,0.1118091344833374,0,0.5
5,4,46,xgboost,753,656,0,0.6546869874000549,1,0.5
5,4,46,xgboost,768,690,0,0.760168194770813,1,0.5
5,4,46,xgboost,775,14,0,0.25486353039741516,0,0.5
5,4,46,xgboost,777,543,0,0.4870830178260803,0,0.5
5,4,46,xgboost,778,668,0,0.33281275629997253,0,0.5
5,4,46,xgboost,790,516,0,0.3428751230239868,0,0.5
5,4,46,xgboost,799,650,0,0.603751003742218,1,0.5
5,4,46,xgboost,800,688,0,0.40261733531951904,0,0.5
5,4,46,xgboost,815,722,0,0.3849802613258362,0,0.5
5,4,46,xgboost,825,800,0,0.4366406798362732,0,0.5
5,5,46,dummy_prior,0,109,0,0.06466165413533835,0,0.5
5,5,46,dummy_prior,10,807,0,0.06466165413533835,0,0.5
5,5,46,dummy_prior,15,776,0,0.06466165413533835,0,0.5
5,5,46,dummy_prior,23,767,1,0.06466165413533835,0,0.5
5,5,46,dummy_prior,33,734,0,0.06466165413533835,0,0.5
5,5,46,dummy_prior,43,723,0,0.06466165413533835,0,0.5
5,5,46,dummy_prior,45,709,0,0.06466165413533835,0,0.5
5,5,46,dummy_prior,47,770,0,0.06466165413533835,0,0.5
5,5,46,dummy_prior,51,715,0,0.06466165413533835,0,0.5
5,5,46,dummy_prior,53,695,0,0.06466165413533835,0,0.5
5,5,46,dummy_prior,57,647,0,0.06466165413533835,0,0.5
5,5,46,dummy_prior,59,692,0,0.06466165413533835,0,0.5
5,5,46,dummy_prior,66,728,0,0.06466165413533835,0,0.5
5,5,46,dummy_prior,67,696,0,0.06466165413533835,0,0.5
5,5,46,dummy_prior,76,646,0,0.06466165413533835,0,0.5
5,5,46,dummy_prior,85,718,0,0.06466165413533835,0,0.5
5,5,46,dummy_prior,86,703,0,0.06466165413533835,0,0.5
5,5,46,dummy_prior,87,618,0,0.06466165413533835,0,0.5
5,5,46,dummy_prior,93,637,0,0.06466165413533835,0,0.5
5,5,46,dummy_prior,96,678,0,0.06466165413533835,0,0.5
5,5,46,dummy_prior,101,599,0,0.06466165413533835,0,0.5
5,5,46,dummy_prior,105,577,0,0.06466165413533835,0,0.5
5,5,46,dummy_prior,110,626,0,0.06466165413533835,0,0.5
5,5,46,dummy_prior,113,667,0,0.06466165413533835,0,0.5
5,5,46,dummy_prior,124,596,0,0.06466165413533835,0,0.5
5,5,46,dummy_prior,129,492,0,0.06466165413533835,0,0.5
5,5,46,dummy_prior,134,465,0,0.06466165413533835,0,0.5
5,5,46,dummy_prior,135,586,0,0.06466165413533835,0,0.5
5,5,46,dummy_prior,137,517,0,0.06466165413533835,0,0.5
5,5,46,dummy_prior,138,556,0,0.06466165413533835,0,0.5
5,5,46,dummy_prior,145,576,0,0.06466165413533835,0,0.5
5,5,46,dummy_prior,147,643,0,0.06466165413533835,0,0.5
5,5,46,dummy_prior,148,594,0,0.06466165413533835,0,0.5
5,5,46,dummy_prior,154,507,0,0.06466165413533835,0,0.5
5,5,46,dummy_prior,156,545,0,0.06466165413533835,0,0.5
5,5,46,dummy_prior,168,108,0,0.06466165413533835,0,0.5
5,5,46,dummy_prior,186,501,0,0.06466165413533835,0,0.5
5,5,46,dummy_prior,191,459,0,0.06466165413533835,0,0.5
5,5,46,dummy_prior,200,441,0,0.06466165413533835,0,0.5
5,5,46,dummy_prior,204,388,1,0.06466165413533835,0,0.5
5,5,46,dummy_prior,207,470,0,0.06466165413533835,0,0.5
5,5,46,dummy_prior,208,387,0,0.06466165413533835,0,0.5
5,5,46,dummy_prior,216,408,0,0.06466165413533835,0,0.5
5,5,46,dummy_prior,219,406,0,0.06466165413533835,0,0.5
5,5,46,dummy_prior,221,552,0,0.06466165413533835,0,0.5
5,5,46,dummy_prior,237,497,0,0.06466165413533835,0,0.5
5,5,46,dummy_prior,252,390,0,0.06466165413533835,0,0.5
5,5,46,dummy_prior,260,296,0,0.06466165413533835,0,0.5
5,5,46,dummy_prior,261,259,1,0.06466165413533835,0,0.5
5,5,46,dummy_prior,267,211,0,0.06466165413533835,0,0.5
5,5,46,dummy_prior,277,303,0,0.06466165413533835,0,0.5
5,5,46,dummy_prior,280,389,0,0.06466165413533835,0,0.5
5,5,46,dummy_prior,282,430,0,0.06466165413533835,0,0.5
5,5,46,dummy_prior,284,272,0,0.06466165413533835,0,0.5
5,5,46,dummy_prior,286,419,0,0.06466165413533835,0,0.5
5,5,46,dummy_prior,287,204,0,0.06466165413533835,0,0.5
5,5,46,dummy_prior,288,289,0,0.06466165413533835,0,0.5
5,5,46,dummy_prior,289,264,0,0.06466165413533835,0,0.5
5,5,46,dummy_prior,298,202,0,0.06466165413533835,0,0.5
5,5,46,dummy_prior,301,331,0,0.06466165413533835,0,0.5
5,5,46,dummy_prior,307,307,0,0.06466165413533835,0,0.5
5,5,46,dummy_prior,311,215,1,0.06466165413533835,0,0.5
5,5,46,dummy_prior,327,207,0,0.06466165413533835,0,0.5
5,5,46,dummy_prior,330,274,0,0.06466165413533835,0,0.5
5,5,46,dummy_prior,337,148,0,0.06466165413533835,0,0.5
5,5,46,dummy_prior,342,276,1,0.06466165413533835,0,0.5
5,5,46,dummy_prior,346,235,0,0.06466165413533835,0,0.5
5,5,46,dummy_prior,350,223,0,0.06466165413533835,0,0.5
5,5,46,dummy_prior,351,811,0,0.06466165413533835,0,0.5
5,5,46,dummy_prior,359,72,0,0.06466165413533835,0,0.5
5,5,46,dummy_prior,360,147,0,0.06466165413533835,0,0.5
5,5,46,dummy_prior,361,178,0,0.06466165413533835,0,0.5
5,5,46,dummy_prior,362,143,0,0.06466165413533835,0,0.5
5,5,46,dummy_prior,364,203,0,0.06466165413533835,0,0.5
5,5,46,dummy_prior,375,224,0,0.06466165413533835,0,0.5
5,5,46,dummy_prior,376,103,0,0.06466165413533835,0,0.5
5,5,46,dummy_prior,378,400,0,0.06466165413533835,0,0.5
5,5,46,dummy_prior,388,120,0,0.06466165413533835,0,0.5
5,5,46,dummy_prior,395,55,0,0.06466165413533835,0,0.5
5,5,46,dummy_prior,397,102,0,0.06466165413533835,0,0.5
5,5,46,dummy_prior,400,61,0,0.06466165413533835,0,0.5
5,5,46,dummy_prior,403,54,0,0.06466165413533835,0,0.5
5,5,46,dummy_prior,416,181,0,0.06466165413533835,0,0.5
5,5,46,dummy_prior,423,600,0,0.06466165413533835,0,0.5
5,5,46,dummy_prior,424,28,0,0.06466165413533835,0,0.5
5,5,46,dummy_prior,437,75,0,0.06466165413533835,0,0.5
5,5,46,dummy_prior,438,34,0,0.06466165413533835,0,0.5
5,5,46,dummy_prior,448,1,0,0.06466165413533835,0,0.5
5,5,46,dummy_prior,453,16,0,0.06466165413533835,0,0.5
5,5,46,dummy_prior,455,94,0,0.06466165413533835,0,0.5
5,5,46,dummy_prior,463,482,0,0.06466165413533835,0,0.5
5,5,46,dummy_prior,464,575,0,0.06466165413533835,0,0.5
5,5,46,dummy_prior,473,375,0,0.06466165413533835,0,0.5
5,5,46,dummy_prior,476,165,0,0.06466165413533835,0,0.5
5,5,46,dummy_prior,478,451,1,0.06466165413533835,0,0.5
5,5,46,dummy_prior,480,663,0,0.06466165413533835,0,0.5
5,5,46,dummy_prior,485,735,0,0.06466165413533835,0,0.5
5,5,46,dummy_prior,488,711,0,0.06466165413533835,0,0.5
5,5,46,dummy_prior,494,671,0,0.06466165413533835,0,0.5
5,5,46,dummy_prior,496,476,0,0.06466165413533835,0,0.5
5,5,46,dummy_prior,500,362,0,0.06466165413533835,0,0.5
5,5,46,dummy_prior,502,53,0,0.06466165413533835,0,0.5
5,5,46,dummy_prior,507,469,0,0.06466165413533835,0,0.5
5,5,46,dummy_prior,510,652,0,0.06466165413533835,0,0.5
5,5,46,dummy_prior,511,119,0,0.06466165413533835,0,0.5
5,5,46,dummy_prior,513,425,0,0.06466165413533835,0,0.5
5,5,46,dummy_prior,515,275,0,0.06466165413533835,0,0.5
5,5,46,dummy_prior,516,365,0,0.06466165413533835,0,0.5
5,5,46,dummy_prior,529,191,0,0.06466165413533835,0,0.5
5,5,46,dummy_prior,541,282,0,0.06466165413533835,0,0.5
5,5,46,dummy_prior,542,712,0,0.06466165413533835,0,0.5
5,5,46,dummy_prior,546,383,0,0.06466165413533835,0,0.5
5,5,46,dummy_prior,548,802,0,0.06466165413533835,0,0.5
5,5,46,dummy_prior,554,464,0,0.06466165413533835,0,0.5
5,5,46,dummy_prior,558,59,0,0.06466165413533835,0,0.5
5,5,46,dummy_prior,563,150,0,0.06466165413533835,0,0.5
5,5,46,dummy_prior,565,813,0,0.06466165413533835,0,0.5
5,5,46,dummy_prior,566,784,0,0.06466165413533835,0,0.5
5,5,46,dummy_prior,579,440,0,0.06466165413533835,0,0.5
5,5,46,dummy_prior,580,318,0,0.06466165413533835,0,0.5
5,5,46,dummy_prior,586,230,1,0.06466165413533835,0,0.5
5,5,46,dummy_prior,598,710,0,0.06466165413533835,0,0.5
5,5,46,dummy_prior,601,92,0,0.06466165413533835,0,0.5
5,5,46,dummy_prior,603,280,0,0.06466165413533835,0,0.5
5,5,46,dummy_prior,612,741,0,0.06466165413533835,0,0.5
5,5,46,dummy_prior,614,52,0,0.06466165413533835,0,0.5
5,5,46,dummy_prior,615,625,0,0.06466165413533835,0,0.5
5,5,46,dummy_prior,617,512,0,0.06466165413533835,0,0.5
5,5,46,dummy_prior,629,810,0,0.06466165413533835,0,0.5
5,5,46,dummy_prior,634,467,0,0.06466165413533835,0,0.5
5,5,46,dummy_prior,637,502,0,0.06466165413533835,0,0.5
5,5,46,dummy_prior,638,310,0,0.06466165413533835,0,0.5
5,5,46,dummy_prior,644,755,0,0.06466165413533835,0,0.5
5,5,46,dummy_prior,648,819,1,0.06466165413533835,0,0.5
5,5,46,dummy_prior,649,795,0,0.06466165413533835,0,0.5
5,5,46,dummy_prior,658,762,0,0.06466165413533835,0,0.5
5,5,46,dummy_prior,664,340,0,0.06466165413533835,0,0.5
5,5,46,dummy_prior,668,98,1,0.06466165413533835,0,0.5
5,5,46,dummy_prior,683,254,0,0.06466165413533835,0,0.5
5,5,46,dummy_prior,685,449,0,0.06466165413533835,0,0.5
5,5,46,dummy_prior,688,31,0,0.06466165413533835,0,0.5
5,5,46,dummy_prior,691,731,0,0.06466165413533835,0,0.5
5,5,46,dummy_prior,692,246,0,0.06466165413533835,0,0.5
5,5,46,dummy_prior,697,124,0,0.06466165413533835,0,0.5
5,5,46,dummy_prior,715,129,0,0.06466165413533835,0,0.5
5,5,46,dummy_prior,716,156,0,0.06466165413533835,0,0.5
5,5,46,dummy_prior,718,66,0,0.06466165413533835,0,0.5
5,5,46,dummy_prior,730,395,0,0.06466165413533835,0,0.5
5,5,46,dummy_prior,736,139,0,0.06466165413533835,0,0.5
5,5,46,dummy_prior,740,206,0,0.06466165413533835,0,0.5
5,5,46,dummy_prior,751,744,0,0.06466165413533835,0,0.5
5,5,46,dummy_prior,756,528,0,0.06466165413533835,0,0.5
5,5,46,dummy_prior,762,164,0,0.06466165413533835,0,0.5
5,5,46,dummy_prior,771,396,0,0.06466165413533835,0,0.5
5,5,46,dummy_prior,773,302,0,0.06466165413533835,0,0.5
5,5,46,dummy_prior,774,691,0,0.06466165413533835,0,0.5
5,5,46,dummy_prior,776,106,0,0.06466165413533835,0,0.5
5,5,46,dummy_prior,782,519,0,0.06466165413533835,0,0.5
5,5,46,dummy_prior,785,4,0,0.06466165413533835,0,0.5
5,5,46,dummy_prior,787,22,1,0.06466165413533835,0,0.5
5,5,46,dummy_prior,789,233,0,0.06466165413533835,0,0.5
5,5,46,dummy_prior,805,561,0,0.06466165413533835,0,0.5
5,5,46,dummy_prior,814,297,0,0.06466165413533835,0,0.5
5,5,46,dummy_prior,819,680,0,0.06466165413533835,0,0.5
5,5,46,dummy_prior,820,574,0,0.06466165413533835,0,0.5
5,5,46,dummy_prior,824,298,0,0.06466165413533835,0,0.5
5,5,46,logistic_regression,0,109,0,0.41797623568043224,0,0.5
5,5,46,logistic_regression,10,807,0,0.5452263240650781,1,0.5
5,5,46,logistic_regression,15,776,0,0.6216693722668223,1,0.5
5,5,46,logistic_regression,23,767,1,0.6253839967560667,1,0.5
5,5,46,logistic_regression,33,734,0,0.5117177108149223,1,0.5
5,5,46,logistic_regression,43,723,0,0.4849560648784828,0,0.5
5,5,46,logistic_regression,45,709,0,0.5476692728973896,1,0.5
5,5,46,logistic_regression,47,770,0,0.5424083105828684,1,0.5
5,5,46,logistic_regression,51,715,0,0.45275835989335184,0,0.5
5,5,46,logistic_regression,53,695,0,0.6266164615902085,1,0.5
5,5,46,logistic_regression,57,647,0,0.5650590369679016,1,0.5
5,5,46,logistic_regression,59,692,0,0.8425734804762512,1,0.5
5,5,46,logistic_regression,66,728,0,0.7244840772932306,1,0.5
5,5,46,logistic_regression,67,696,0,0.8395727040226921,1,0.5
5,5,46,logistic_regression,76,646,0,0.46262684675958454,0,0.5
5,5,46,logistic_regression,85,718,0,0.5115829055335399,1,0.5
5,5,46,logistic_regression,86,703,0,0.5625515615745608,1,0.5
5,5,46,logistic_regression,87,618,0,0.4590203141354092,0,0.5
5,5,46,logistic_regression,93,637,0,0.46090563808728424,0,0.5
5,5,46,logistic_regression,96,678,0,0.4681661779490796,0,0.5
5,5,46,logistic_regression,101,599,0,0.08671103184225673,0,0.5
5,5,46,logistic_regression,105,577,0,0.5783996739084091,1,0.5
5,5,46,logistic_regression,110,626,0,0.12840233083028024,0,0.5
5,5,46,logistic_regression,113,667,0,0.47495304002219235,0,0.5
5,5,46,logistic_regression,124,596,0,0.547784631798399,1,0.5
5,5,46,logistic_regression,129,492,0,0.5522026797577685,1,0.5
5,5,46,logistic_regression,134,465,0,0.5380340077784492,1,0.5
5,5,46,logistic_regression,135,586,0,0.3682905140002078,0,0.5
5,5,46,logistic_regression,137,517,0,0.4770036179486234,0,0.5
5,5,46,logistic_regression,138,556,0,0.56496509095057,1,0.5
5,5,46,logistic_regression,145,576,0,0.5503567764724618,1,0.5
5,5,46,logistic_regression,147,643,0,0.5027710799247976,1,0.5
5,5,46,logistic_regression,148,594,0,0.09877549435298612,0,0.5
5,5,46,logistic_regression,154,507,0,0.5678582816683998,1,0.5
5,5,46,logistic_regression,156,545,0,0.442921252540663,0,0.5
5,5,46,logistic_regression,168,108,0,0.5055634382148289,1,0.5
5,5,46,logistic_regression,186,501,0,0.8571373968019051,1,0.5
5,5,46,logistic_regression,191,459,0,0.4830324258184306,0,0.5
5,5,46,logistic_regression,200,441,0,0.49810454927652636,0,0.5
5,5,46,logistic_regression,204,388,1,0.42932473776942587,0,0.5
5,5,46,logistic_regression,207,470,0,0.42212702429496435,0,0.5
5,5,46,logistic_regression,208,387,0,0.5209512646600616,1,0.5
5,5,46,logistic_regression,216,408,0,0.46773437520271016,0,0.5
5,5,46,logistic_regression,219,406,0,0.06994492662122824,0,0.5
5,5,46,logistic_regression,221,552,0,0.21846560139788967,0,0.5
5,5,46,logistic_regression,237,497,0,0.5629994790202895,1,0.5
5,5,46,logistic_regression,252,390,0,0.4386638626967198,0,0.5
5,5,46,logistic_regression,260,296,0,0.10711237640911404,0,0.5
5,5,46,logistic_regression,261,259,1,0.5141452673459187,1,0.5
5,5,46,logistic_regression,267,211,0,0.41453276011563867,0,0.5
5,5,46,logistic_regression,277,303,0,0.44213993920838324,0,0.5
5,5,46,logistic_regression,280,389,0,0.4767113072112462,0,0.5
5,5,46,logistic_regression,282,430,0,0.46433581278279956,0,0.5
5,5,46,logistic_regression,284,272,0,0.4459995804909973,0,0.5
5,5,46,logistic_regression,286,419,0,0.4779867908898568,0,0.5
5,5,46,logistic_regression,287,204,0,0.5347939399971826,1,0.5
5,5,46,logistic_regression,288,289,0,0.4364112318762548,0,0.5
5,5,46,logistic_regression,289,264,0,0.4378741736793283,0,0.5
5,5,46,logistic_regression,298,202,0,0.3774563682695765,0,0.5
5,5,46,logistic_regression,301,331,0,0.06993688619737909,0,0.5
5,5,46,logistic_regression,307,307,0,0.41820156853031387,0,0.5
5,5,46,logistic_regression,311,215,1,0.45147010549927696,0,0.5
5,5,46,logistic_regression,327,207,0,0.07313973404412612,0,0.5
5,5,46,logistic_regression,330,274,0,0.509086078847947,1,0.5
5,5,46,logistic_regression,337,148,0,0.4173860056366568,0,0.5
5,5,46,logistic_regression,342,276,1,0.10758318733000442,0,0.5
5,5,46,logistic_regression,346,235,0,0.4290974843214472,0,0.5
5,5,46,logistic_regression,350,223,0,0.07589409443678513,0,0.5
5,5,46,logistic_regression,351,811,0,0.5180634801373798,1,0.5
5,5,46,logistic_regression,359,72,0,0.3956407755740767,0,0.5
5,5,46,logistic_regression,360,147,0,0.4367192644360085,0,0.5
5,5,46,logistic_regression,361,178,0,0.5305233322492023,1,0.5
5,5,46,logistic_regression,362,143,0,0.3993050448511439,0,0.5
5,5,46,logistic_regression,364,203,0,0.3878041437777852,0,0.5
5,5,46,logistic_regression,375,224,0,0.4201883929806657,0,0.5
5,5,46,logistic_regression,376,103,0,0.4138133180947608,0,0.5
5,5,46,logistic_regression,378,400,0,0.43477114566351077,0,0.5
5,5,46,logistic_regression,388,120,0,0.41871324334531923,0,0.5
5,5,46,logistic_regression,395,55,0,0.3953895459788349,0,0.5
5,5,46,logistic_regression,397,102,0,0.4011464024668082,0,0.5
5,5,46,logistic_regression,400,61,0,0.07258852655778021,0,0.5
5,5,46,logistic_regression,403,54,0,0.41339693457208787,0,0.5
5,5,46,logistic_regression,416,181,0,0.7375816492670012,1,0.5
5,5,46,logistic_regression,423,600,0,0.5363709001015116,1,0.5
5,5,46,logistic_regression,424,28,0,0.3994214794986186,0,0.5
5,5,46,logistic_regression,437,75,0,0.4061124940080353,0,0.5
5,5,46,logistic_regression,438,34,0,0.4087375928278048,0,0.5
5,5,46,logistic_regression,448,1,0,0.41849029235043855,0,0.5
5,5,46,logistic_regression,453,16,0,0.4100133497524276,0,0.5
5,5,46,logistic_regression,455,94,0,0.40754453206186625,0,0.5
5,5,46,logistic_regression,463,482,0,0.46009950355635654,0,0.5
5,5,46,logistic_regression,464,575,0,0.25591767405784055,0,0.5
5,5,46,logistic_regression,473,375,0,0.6429791873201557,1,0.5
5,5,46,logistic_regression,476,165,0,0.41081366839063277,0,0.5
5,5,46,logistic_regression,478,451,1,0.45306265634061327,0,0.5
5,5,46,logistic_regression,480,663,0,0.7702217014041345,1,0.5
5,5,46,logistic_regression,485,735,0,0.5725561201922119,1,0.5
5,5,46,logistic_regression,488,711,0,0.651457557642937,1,0.5
5,5,46,logistic_regression,494,671,0,0.10433197348549582,0,0.5
5,5,46,logistic_regression,496,476,0,0.44417731188779863,0,0.5
5,5,46,logistic_regression,500,362,0,0.49583527383329484,0,0.5
5,5,46,logistic_regression,502,53,0,0.4140854745777135,0,0.5
5,5,46,logistic_regression,507,469,0,0.49504568773081,0,0.5
5,5,46,logistic_regression,510,652,0,0.5178080393776504,1,0.5
5,5,46,logistic_regression,511,119,0,0.43691656553607117,0,0.5
5,5,46,logistic_regression,513,425,0,0.44233541445002245,0,0.5
5,5,46,logistic_regression,515,275,0,0.43351074499850484,0,0.5
5,5,46,logistic_regression,516,365,0,0.45588600743379215,0,0.5
5,5,46,logistic_regression,529,191,0,0.44528373531611887,0,0.5
5,5,46,logistic_regression,541,282,0,0.44137654745991234,0,0.5
5,5,46,logistic_regression,542,712,0,0.6212102374365089,1,0.5
5,5,46,logistic_regression,546,383,0,0.5561553365495359,1,0.5
5,5,46,logistic_regression,548,802,0,0.4942801847323143,0,0.5
5,5,46,logistic_regression,554,464,0,0.08033552047346931,0,0.5
5,5,46,logistic_regression,558,59,0,0.4282870911314742,0,0.5
5,5,46,logistic_regression,563,150,0,0.08457461350024327,0,0.5
5,5,46,logistic_regression,565,813,0,0.5432758348937348,1,0.5
5,5,46,logistic_regression,566,784,0,0.501315673557852,1,0.5
5,5,46,logistic_regression,579,440,0,0.08710925396204287,0,0.5
5,5,46,logistic_regression,580,318,0,0.44702431117385194,0,0.5
5,5,46,logistic_regression,586,230,1,0.5165590254849839,1,0.5
5,5,46,logistic_regression,598,710,0,0.4659175343113272,0,0.5
5,5,46,logistic_regression,601,92,0,0.4184575071185707,0,0.5
5,5,46,logistic_regression,603,280,0,0.4525035251813545,0,0.5
5,5,46,logistic_regression,612,741,0,0.5279045224884577,1,0.5
5,5,46,logistic_regression,614,52,0,0.4100432505075346,0,0.5
5,5,46,logistic_regression,615,625,0,0.5492183104902587,1,0.5
5,5,46,logistic_regression,617,512,0,0.490858634265452,0,0.5
5,5,46,logistic_regression,629,810,0,0.6950473919592591,1,0.5
5,5,46,logistic_regression,634,467,0,0.44815567452459054,0,0.5
5,5,46,logistic_regression,637,502,0,0.6609355660571474,1,0.5
5,5,46,logistic_regression,638,310,0,0.4642891699629137,0,0.5
5,5,46,logistic_regression,644,755,0,0.7220985484708049,1,0.5
5,5,46,logistic_regression,648,819,1,0.6453808981408004,1,0.5
5,5,46,logistic_regression,649,795,0,0.7913579543497903,1,0.5
5,5,46,logistic_regression,658,762,0,0.5446732538271611,1,0.5
5,5,46,logistic_regression,664,340,0,0.5559117713908028,1,0.5
5,5,46,logistic_regression,668,98,1,0.5444427757785336,1,0.5
5,5,46,logistic_regression,683,254,0,0.5635625117992169,1,0.5
5,5,46,logistic_regression,685,449,0,0.4575741287429298,0,0.5
5,5,46,logistic_regression,688,31,0,0.4136217985284283,0,0.5
5,5,46,logistic_regression,691,731,0,0.6367502265908694,1,0.5
5,5,46,logistic_regression,692,246,0,0.4313109382681503,0,0.5
5,5,46,logistic_regression,697,124,0,0.4865037046854429,0,0.5
5,5,46,logistic_regression,715,129,0,0.07588542593373375,0,0.5
5,5,46,logistic_regression,716,156,0,0.7271312800586438,1,0.5
5,5,46,logistic_regression,718,66,0,0.5620869739665482,1,0.5
5,5,46,logistic_regression,730,395,0,0.5083390183428993,1,0.5
5,5,46,logistic_regression,736,139,0,0.07448352345168602,0,0.5
5,5,46,logistic_regression,740,206,0,0.4521815769385652,0,0.5
5,5,46,logistic_regression,751,744,0,0.4884869015685604,0,0.5
5,5,46,logistic_regression,756,528,0,0.48908896275987823,0,0.5
5,5,46,logistic_regression,762,164,0,0.7364314342972144,1,0.5
5,5,46,logistic_regression,771,396,0,0.45194954590772535,0,0.5
5,5,46,logistic_regression,773,302,0,0.47074816229145067,0,0.5
5,5,46,logistic_regression,774,691,0,0.5990250935048625,1,0.5
5,5,46,logistic_regression,776,106,0,0.42327876377355844,0,0.5
5,5,46,logistic_regression,782,519,0,0.6176617087641234,1,0.5
5,5,46,logistic_regression,785,4,0,0.5170888207031875,1,0.5
5,5,46,logistic_regression,787,22,1,0.1653189929172606,0,0.5
5,5,46,logistic_regression,789,233,0,0.18575458915663148,0,0.5
5,5,46,logistic_regression,805,561,0,0.4196246862161077,0,0.5
5,5,46,logistic_regression,814,297,0,0.40860580140728253,0,0.5
5,5,46,logistic_regression,819,680,0,0.45102827178260924,0,0.5
5,5,46,logistic_regression,820,574,0,0.46101041070657917,0,0.5
5,5,46,logistic_regression,824,298,0,0.43872747383833927,0,0.5
5,5,46,xgboost,0,109,0,0.1023915633559227,0,0.5
5,5,46,xgboost,10,807,0,0.16298110783100128,0,0.5
5,5,46,xgboost,15,776,0,0.6357691884040833,1,0.5
5,5,46,xgboost,23,767,1,0.2796338200569153,0,0.5
5,5,46,xgboost,33,734,0,0.4955628216266632,0,0.5
5,5,46,xgboost,43,723,0,0.6321499943733215,1,0.5
5,5,46,xgboost,45,709,0,0.7189039587974548,1,0.5
5,5,46,xgboost,47,770,0,0.1980651617050171,0,0.5
5,5,46,xgboost,51,715,0,0.42601868510246277,0,0.5
5,5,46,xgboost,53,695,0,0.7976574897766113,1,0.5
5,5,46,xgboost,57,647,0,0.16592544317245483,0,0.5
5,5,46,xgboost,59,692,0,0.6076773405075073,1,0.5
5,5,46,xgboost,66,728,0,0.6084537506103516,1,0.5
5,5,46,xgboost,67,696,0,0.7601741552352905,1,0.5
5,5,46,xgboost,76,646,0,0.12380349636077881,0,0.5
5,5,46,xgboost,85,718,0,0.10537943989038467,0,0.5
5,5,46,xgboost,86,703,0,0.6328790187835693,1,0.5
5,5,46,xgboost,87,618,0,0.2579944431781769,0,0.5
5,5,46,xgboost,93,637,0,0.35306575894355774,0,0.5
5,5,46,xgboost,96,678,0,0.4349183738231659,0,0.5
5,5,46,xgboost,101,599,0,0.07840058952569962,0,0.5
5,5,46,xgboost,105,577,0,0.6038540601730347,1,0.5
5,5,46,xgboost,110,626,0,0.064571313560009,0,0.5
5,5,46,xgboost,113,667,0,0.5539597272872925,1,0.5
5,5,46,xgboost,124,596,0,0.5284837484359741,1,0.5
5,5,46,xgboost,129,492,0,0.2200053334236145,0,0.5
5,5,46,xgboost,134,465,0,0.23786693811416626,0,0.5
5,5,46,xgboost,135,586,0,0.23769459128379822,0,0.5
5,5,46,xgboost,137,517,0,0.19525551795959473,0,0.5
5,5,46,xgboost,138,556,0,0.4246754050254822,0,0.5
5,5,46,xgboost,145,576,0,0.45199161767959595,0,0.5
5,5,46,xgboost,147,643,0,0.435660183429718,0,0.5
5,5,46,xgboost,148,594,0,0.04215668886899948,0,0.5
5,5,46,xgboost,154,507,0,0.27050235867500305,0,0.5
5,5,46,xgboost,156,545,0,0.29888880252838135,0,0.5
5,5,46,xgboost,168,108,0,0.1640070080757141,0,0.5
5,5,46,xgboost,186,501,0,0.5184530019760132,1,0.5
5,5,46,xgboost,191,459,0,0.41384392976760864,0,0.5
5,5,46,xgboost,200,441,0,0.49204155802726746,0,0.5
5,5,46,xgboost,204,388,1,0.35891854763031006,0,0.5
5,5,46,xgboost,207,470,0,0.21421898901462555,0,0.5
5,5,46,xgboost,208,387,0,0.27976739406585693,0,0.5
5,5,46,xgboost,216,408,0,0.13033899664878845,0,0.5
5,5,46,xgboost,219,406,0,0.04027276858687401,0,0.5
5,5,46,xgboost,221,552,0,0.3464871048927307,0,0.5
5,5,46,xgboost,237,497,0,0.23898911476135254,0,0.5
5,5,46,xgboost,252,390,0,0.3520934581756592,0,0.5
5,5,46,xgboost,260,296,0,0.0187288299202919,0,0.5
5,5,46,xgboost,261,259,1,0.20498977601528168,0,0.5
5,5,46,xgboost,267,211,0,0.524703323841095,1,0.5
5,5,46,xgboost,277,303,0,0.19099843502044678,0,0.5
5,5,46,xgboost,280,389,0,0.3589867353439331,0,0.5
5,5,46,xgboost,282,430,0,0.08153145015239716,0,0.5
5,5,46,xgboost,284,272,0,0.4836578369140625,0,0.5
5,5,46,xgboost,286,419,0,0.2825646996498108,0,0.5
5,5,46,xgboost,287,204,0,0.24850431084632874,0,0.5
5,5,46,xgboost,288,289,0,0.30976834893226624,0,0.5
5,5,46,xgboost,289,264,0,0.6202991604804993,1,0.5
5,5,46,xgboost,298,202,0,0.38223350048065186,0,0.5
5,5,46,xgboost,301,331,0,0.038302138447761536,0,0.5
5,5,46,xgboost,307,307,0,0.3171195685863495,0,0.5
5,5,46,xgboost,311,215,1,0.4549728333950043,0,0.5
5,5,46,xgboost,327,207,0,0.07799606770277023,0,0.5
5,5,46,xgboost,330,274,0,0.5371014475822449,1,0.5
5,5,46,xgboost,337,148,0,0.48218682408332825,0,0.5
5,5,46,xgboost,342,276,1,0.24400921165943146,0,0.5
5,5,46,xgboost,346,235,0,0.40905138850212097,0,0.5
5,5,46,xgboost,350,223,0,0.05793488398194313,0,0.5
5,5,46,xgboost,351,811,0,0.6034250259399414,1,0.5
5,5,46,xgboost,359,72,0,0.12204647809267044,0,0.5
5,5,46,xgboost,360,147,0,0.345676064491272,0,0.5
5,5,46,xgboost,361,178,0,0.5247060656547546,1,0.5
5,5,46,xgboost,362,143,0,0.40084928274154663,0,0.5
5,5,46,xgboost,364,203,0,0.2938832640647888,0,0.5
5,5,46,xgboost,375,224,0,0.4287838041782379,0,0.5
5,5,46,xgboost,376,103,0,0.15389516949653625,0,0.5
5,5,46,xgboost,378,400,0,0.2384311854839325,0,0.5
5,5,46,xgboost,388,120,0,0.3376610577106476,0,0.5
5,5,46,xgboost,395,55,0,0.07218021154403687,0,0.5
5,5,46,xgboost,397,102,0,0.12935388088226318,0,0.5
5,5,46,xgboost,400,61,0,0.011812369339168072,0,0.5
5,5,46,xgboost,403,54,0,0.06106484681367874,0,0.5
5,5,46,xgboost,416,181,0,0.9314439296722412,1,0.5
5,5,46,xgboost,423,600,0,0.47632482647895813,0,0.5
5,5,46,xgboost,424,28,0,0.06406223028898239,0,0.5
5,5,46,xgboost,437,75,0,0.09783098846673965,0,0.5
5,5,46,xgboost,438,34,0,0.0550152026116848,0,0.5
5,5,46,xgboost,448,1,0,0.04973432421684265,0,0.5
5,5,46,xgboost,453,16,0,0.06106484681367874,0,0.5
5,5,46,xgboost,455,94,0,0.09506214410066605,0,0.5
5,5,46,xgboost,463,482,0,0.22136123478412628,0,0.5
5,5,46,xgboost,464,575,0,0.06808578968048096,0,0.5
5,5,46,xgboost,473,375,0,0.4029858112335205,0,0.5
5,5,46,xgboost,476,165,0,0.5656030178070068,1,0.5
5,5,46,xgboost,478,451,1,0.45311927795410156,0,0.5
5,5,46,xgboost,480,663,0,0.5869535207748413,1,0.5
5,5,46,xgboost,485,735,0,0.16977691650390625,0,0.5
5,5,46,xgboost,488,711,0,0.8310613036155701,1,0.5
5,5,46,xgboost,494,671,0,0.06952638179063797,0,0.5
5,5,46,xgboost,496,476,0,0.1064218059182167,0,0.5
5,5,46,xgboost,500,362,0,0.18825455009937286,0,0.5
5,5,46,xgboost,502,53,0,0.05065639317035675,0,0.5
5,5,46,xgboost,507,469,0,0.22784726321697235,0,0.5
5,5,46,xgboost,510,652,0,0.442521333694458,0,0.5
5,5,46,xgboost,511,119,0,0.2604149281978607,0,0.5
5,5,46,xgboost,513,425,0,0.3117315173149109,0,0.5
5,5,46,xgboost,515,275,0,0.5652509331703186,1,0.5
5,5,46,xgboost,516,365,0,0.1962576061487198,0,0.5
5,5,46,xgboost,529,191,0,0.4472276568412781,0,0.5
5,5,46,xgboost,541,282,0,0.29140836000442505,0,0.5
5,5,46,xgboost,542,712,0,0.7754538059234619,1,0.5
5,5,46,xgboost,546,383,0,0.4757031202316284,0,0.5
5,5,46,xgboost,548,802,0,0.1170463114976883,0,0.5
5,5,46,xgboost,554,464,0,0.03157767280936241,0,0.5
5,5,46,xgboost,558,59,0,0.04230776056647301,0,0.5
5,5,46,xgboost,563,150,0,0.05575371906161308,0,0.5
5,5,46,xgboost,565,813,0,0.19192107021808624,0,0.5
5,5,46,xgboost,566,784,0,0.5588170886039734,1,0.5
5,5,46,xgboost,579,440,0,0.038430001586675644,0,0.5
5,5,46,xgboost,580,318,0,0.3572690486907959,0,0.5
5,5,46,xgboost,586,230,1,0.7021965980529785,1,0.5
5,5,46,xgboost,598,710,0,0.6209737062454224,1,0.5
5,5,46,xgboost,601,92,0,0.09341133385896683,0,0.5
5,5,46,xgboost,603,280,0,0.28306108713150024,0,0.5
5,5,46,xgboost,612,741,0,0.170070618391037,0,0.5
5,5,46,xgboost,614,52,0,0.05382109060883522,0,0.5
5,5,46,xgboost,615,625,0,0.397585391998291,0,0.5
5,5,46,xgboost,617,512,0,0.6766109466552734,1,0.5
5,5,46,xgboost,629,810,0,0.42948803305625916,0,0.5
5,5,46,xgboost,634,467,0,0.33308398723602295,0,0.5
5,5,46,xgboost,637,502,0,0.4157222509384155,0,0.5
5,5,46,xgboost,638,310,0,0.4266553819179535,0,0.5
5,5,46,xgboost,644,755,0,0.18124909698963165,0,0.5
5,5,46,xgboost,648,819,1,0.49196481704711914,0,0.5
5,5,46,xgboost,649,795,0,0.8456742167472839,1,0.5
5,5,46,xgboost,658,762,0,0.40868261456489563,0,0.5
5,5,46,xgboost,664,340,0,0.24137897789478302,0,0.5
5,5,46,xgboost,668,98,1,0.1807110607624054,0,0.5
5,5,46,xgboost,683,254,0,0.3645385205745697,0,0.5
5,5,46,xgboost,685,449,0,0.20896393060684204,0,0.5
5,5,46,xgboost,688,31,0,0.05451841279864311,0,0.5
5,5,46,xgboost,691,731,0,0.5688480734825134,1,0.5
5,5,46,xgboost,692,246,0,0.5370189547538757,1,0.5
5,5,46,xgboost,697,124,0,0.5116532444953918,1,0.5
5,5,46,xgboost,715,129,0,0.05151842162013054,0,0.5
5,5,46,xgboost,716,156,0,0.6965177059173584,1,0.5
5,5,46,xgboost,718,66,0,0.06142359972000122,0,0.5
5,5,46,xgboost,730,395,0,0.2639394998550415,0,0.5
5,5,46,xgboost,736,139,0,0.07582113146781921,0,0.5
5,5,46,xgboost,740,206,0,0.2700289189815521,0,0.5
5,5,46,xgboost,751,744,0,0.15612934529781342,0,0.5
5,5,46,xgboost,756,528,0,0.3846432566642761,0,0.5
5,5,46,xgboost,762,164,0,0.9337368607521057,1,0.5
5,5,46,xgboost,771,396,0,0.3343096673488617,0,0.5
5,5,46,xgboost,773,302,0,0.09916564077138901,0,0.5
5,5,46,xgboost,774,691,0,0.6699467301368713,1,0.5
5,5,46,xgboost,776,106,0,0.1729712039232254,0,0.5
5,5,46,xgboost,782,519,0,0.3640405535697937,0,0.5
5,5,46,xgboost,785,4,0,0.05888451635837555,0,0.5
5,5,46,xgboost,787,22,1,0.05867420509457588,0,0.5
5,5,46,xgboost,789,233,0,0.474068284034729,0,0.5
5,5,46,xgboost,805,561,0,0.3751617968082428,0,0.5
5,5,46,xgboost,814,297,0,0.216274231672287,0,0.5
5,5,46,xgboost,819,680,0,0.4476134777069092,0,0.5
5,5,46,xgboost,820,574,0,0.16751767694950104,0,0.5
5,5,46,xgboost,824,298,0,0.2102881520986557,0,0.5
