repeat,fold,random_state,model,row_position,group,observed_outcome,predicted_probability,predicted_class,threshold
1,1,42,dummy_prior,1,7,0,0.0641399416909621,0,0.5
1,1,42,dummy_prior,12,812,0,0.0641399416909621,0,0.5
1,1,42,dummy_prior,14,798,0,0.0641399416909621,0,0.5
1,1,42,dummy_prior,18,792,0,0.0641399416909621,0,0.5
1,1,42,dummy_prior,29,745,0,0.0641399416909621,0,0.5
1,1,42,dummy_prior,31,771,0,0.0641399416909621,0,0.5
1,1,42,dummy_prior,35,737,0,0.0641399416909621,0,0.5
1,1,42,dummy_prior,36,760,0,0.0641399416909621,0,0.5
1,1,42,dummy_prior,42,724,0,0.0641399416909621,0,0.5
1,1,42,dummy_prior,44,740,1,0.0641399416909621,0,0.5
1,1,42,dummy_prior,48,780,0,0.0641399416909621,0,0.5
1,1,42,dummy_prior,53,695,0,0.0641399416909621,0,0.5
1,1,42,dummy_prior,62,679,0,0.0641399416909621,0,0.5
1,1,42,dummy_prior,63,629,0,0.0641399416909621,0,0.5
1,1,42,dummy_prior,72,664,0,0.0641399416909621,0,0.5
1,1,42,dummy_prior,79,684,0,0.0641399416909621,0,0.5
1,1,42,dummy_prior,80,630,0,0.0641399416909621,0,0.5
1,1,42,dummy_prior,84,713,0,0.0641399416909621,0,0.5
1,1,42,dummy_prior,86,718,0,0.0641399416909621,0,0.5
1,1,42,dummy_prior,93,631,1,0.0641399416909621,0,0.5
1,1,42,dummy_prior,94,637,0,0.0641399416909621,0,0.5
1,1,42,dummy_prior,105,674,0,0.0641399416909621,0,0.5
1,1,42,dummy_prior,126,588,0,0.0641399416909621,0,0.5
1,1,42,dummy_prior,127,520,0,0.0641399416909621,0,0.5
1,1,42,dummy_prior,130,492,0,0.0641399416909621,0,0.5
1,1,42,dummy_prior,132,565,0,0.0641399416909621,0,0.5
1,1,42,dummy_prior,143,480,0,0.0641399416909621,0,0.5
1,1,42,dummy_prior,144,558,0,0.0641399416909621,0,0.5
1,1,42,dummy_prior,153,423,0,0.0641399416909621,0,0.5
1,1,42,dummy_prior,154,457,0,0.0641399416909621,0,0.5
1,1,42,dummy_prior,163,509,1,0.0641399416909621,0,0.5
1,1,42,dummy_prior,164,546,0,0.0641399416909621,0,0.5
1,1,42,dummy_prior,169,108,0,0.0641399416909621,0,0.5
1,1,42,dummy_prior,172,522,0,0.0641399416909621,0,0.5
1,1,42,dummy_prior,179,548,0,0.0641399416909621,0,0.5
1,1,42,dummy_prior,183,491,0,0.0641399416909621,0,0.5
1,1,42,dummy_prior,186,404,0,0.0641399416909621,0,0.5
1,1,42,dummy_prior,200,443,0,0.0641399416909621,0,0.5
1,1,42,dummy_prior,201,441,0,0.0641399416909621,0,0.5
1,1,42,dummy_prior,213,500,0,0.0641399416909621,0,0.5
1,1,42,dummy_prior,223,278,0,0.0641399416909621,0,0.5
1,1,42,dummy_prior,224,351,1,0.0641399416909621,0,0.5
1,1,42,dummy_prior,238,536,0,0.0641399416909621,0,0.5
1,1,42,dummy_prior,239,497,0,0.0641399416909621,0,0.5
1,1,42,dummy_prior,242,555,0,0.0641399416909621,0,0.5
1,1,42,dummy_prior,249,270,0,0.0641399416909621,0,0.5
1,1,42,dummy_prior,250,379,0,0.0641399416909621,0,0.5
1,1,42,dummy_prior,254,390,0,0.0641399416909621,0,0.5
1,1,42,dummy_prior,255,379,0,0.0641399416909621,0,0.5
1,1,42,dummy_prior,256,366,0,0.0641399416909621,0,0.5
1,1,42,dummy_prior,261,227,0,0.0641399416909621,0,0.5
1,1,42,dummy_prior,268,305,0,0.0641399416909621,0,0.5
1,1,42,dummy_prior,270,211,0,0.0641399416909621,0,0.5
1,1,42,dummy_prior,276,241,0,0.0641399416909621,0,0.5
1,1,42,dummy_prior,277,168,0,0.0641399416909621,0,0.5
1,1,42,dummy_prior,280,303,0,0.0641399416909621,0,0.5
1,1,42,dummy_prior,284,252,0,0.0641399416909621,0,0.5
1,1,42,dummy_prior,288,300,0,0.0641399416909621,0,0.5
1,1,42,dummy_prior,290,204,0,0.0641399416909621,0,0.5
1,1,42,dummy_prior,300,301,0,0.0641399416909621,0,0.5
1,1,42,dummy_prior,306,436,0,0.0641399416909621,0,0.5
1,1,42,dummy_prior,307,287,0,0.0641399416909621,0,0.5
1,1,42,dummy_prior,314,215,1,0.0641399416909621,0,0.5
1,1,42,dummy_prior,315,189,0,0.0641399416909621,0,0.5
1,1,42,dummy_prior,324,654,0,0.0641399416909621,0,0.5
1,1,42,dummy_prior,326,217,0,0.0641399416909621,0,0.5
1,1,42,dummy_prior,328,197,0,0.0641399416909621,0,0.5
1,1,42,dummy_prior,334,229,0,0.0641399416909621,0,0.5
1,1,42,dummy_prior,340,148,0,0.0641399416909621,0,0.5
1,1,42,dummy_prior,353,223,0,0.0641399416909621,0,0.5
1,1,42,dummy_prior,359,733,0,0.0641399416909621,0,0.5
1,1,42,dummy_prior,361,199,0,0.0641399416909621,0,0.5
1,1,42,dummy_prior,372,242,0,0.0641399416909621,0,0.5
1,1,42,dummy_prior,376,786,0,0.0641399416909621,0,0.5
1,1,42,dummy_prior,385,234,0,0.0641399416909621,0,0.5
1,1,42,dummy_prior,387,266,0,0.0641399416909621,0,0.5
1,1,42,dummy_prior,388,185,0,0.0641399416909621,0,0.5
1,1,42,dummy_prior,393,142,0,0.0641399416909621,0,0.5
1,1,42,dummy_prior,397,137,0,0.0641399416909621,0,0.5
1,1,42,dummy_prior,414,186,0,0.0641399416909621,0,0.5
1,1,42,dummy_prior,417,158,0,0.0641399416909621,0,0.5
1,1,42,dummy_prior,418,47,0,0.0641399416909621,0,0.5
1,1,42,dummy_prior,430,153,0,0.0641399416909621,0,0.5
1,1,42,dummy_prior,436,39,0,0.0641399416909621,0,0.5
1,1,42,dummy_prior,438,195,0,0.0641399416909621,0,0.5
1,1,42,dummy_prior,440,7,0,0.0641399416909621,0,0.5
1,1,42,dummy_prior,444,80,0,0.0641399416909621,0,0.5
1,1,42,dummy_prior,448,65,0,0.0641399416909621,0,0.5
1,1,42,dummy_prior,454,7,0,0.0641399416909621,0,0.5
1,1,42,dummy_prior,456,24,0,0.0641399416909621,0,0.5
1,1,42,dummy_prior,462,68,0,0.0641399416909621,0,0.5
1,1,42,dummy_prior,466,7,0,0.0641399416909621,0,0.5
1,1,42,dummy_prior,475,154,0,0.0641399416909621,0,0.5
1,1,42,dummy_prior,477,751,0,0.0641399416909621,0,0.5
1,1,42,dummy_prior,480,575,0,0.0641399416909621,0,0.5
1,1,42,dummy_prior,491,122,0,0.0641399416909621,0,0.5
1,1,42,dummy_prior,499,614,0,0.0641399416909621,0,0.5
1,1,42,dummy_prior,502,369,0,0.0641399416909621,0,0.5
1,1,42,dummy_prior,506,711,0,0.0641399416909621,0,0.5
1,1,42,dummy_prior,511,38,0,0.0641399416909621,0,0.5
1,1,42,dummy_prior,515,603,0,0.0641399416909621,0,0.5
1,1,42,dummy_prior,523,624,0,0.0641399416909621,0,0.5
1,1,42,dummy_prior,527,262,0,0.0641399416909621,0,0.5
1,1,42,dummy_prior,536,24,0,0.0641399416909621,0,0.5
1,1,42,dummy_prior,539,76,1,0.0641399416909621,0,0.5
1,1,42,dummy_prior,548,58,0,0.0641399416909621,0,0.5
1,1,42,dummy_prior,549,662,1,0.0641399416909621,0,0.5
1,1,42,dummy_prior,550,191,0,0.0641399416909621,0,0.5
1,1,42,dummy_prior,556,772,0,0.0641399416909621,0,0.5
1,1,42,dummy_prior,557,458,0,0.0641399416909621,0,0.5
1,1,42,dummy_prior,558,255,0,0.0641399416909621,0,0.5
1,1,42,dummy_prior,559,162,0,0.0641399416909621,0,0.5
1,1,42,dummy_prior,562,282,0,0.0641399416909621,0,0.5
1,1,42,dummy_prior,572,373,0,0.0641399416909621,0,0.5
1,1,42,dummy_prior,574,309,0,0.0641399416909621,0,0.5
1,1,42,dummy_prior,576,464,0,0.0641399416909621,0,0.5
1,1,42,dummy_prior,579,730,0,0.0641399416909621,0,0.5
1,1,42,dummy_prior,594,193,0,0.0641399416909621,0,0.5
1,1,42,dummy_prior,596,83,0,0.0641399416909621,0,0.5
1,1,42,dummy_prior,601,504,0,0.0641399416909621,0,0.5
1,1,42,dummy_prior,603,440,0,0.0641399416909621,0,0.5
1,1,42,dummy_prior,608,135,0,0.0641399416909621,0,0.5
1,1,42,dummy_prior,609,416,0,0.0641399416909621,0,0.5
1,1,42,dummy_prior,617,157,0,0.0641399416909621,0,0.5
1,1,42,dummy_prior,618,130,0,0.0641399416909621,0,0.5
1,1,42,dummy_prior,619,320,0,0.0641399416909621,0,0.5
1,1,42,dummy_prior,625,92,0,0.0641399416909621,0,0.5
1,1,42,dummy_prior,634,478,0,0.0641399416909621,0,0.5
1,1,42,dummy_prior,637,493,0,0.0641399416909621,0,0.5
1,1,42,dummy_prior,650,421,0,0.0641399416909621,0,0.5
1,1,42,dummy_prior,654,810,0,0.0641399416909621,0,0.5
1,1,42,dummy_prior,655,236,1,0.0641399416909621,0,0.5
1,1,42,dummy_prior,675,808,0,0.0641399416909621,0,0.5
1,1,42,dummy_prior,685,820,0,0.0641399416909621,0,0.5
1,1,42,dummy_prior,690,8,0,0.0641399416909621,0,0.5
1,1,42,dummy_prior,706,81,0,0.0641399416909621,0,0.5
1,1,42,dummy_prior,716,144,0,0.0641399416909621,0,0.5
1,1,42,dummy_prior,717,731,0,0.0641399416909621,0,0.5
1,1,42,dummy_prior,721,655,0,0.0641399416909621,0,0.5
1,1,42,dummy_prior,746,342,0,0.0641399416909621,0,0.5
1,1,42,dummy_prior,748,393,0,0.0641399416909621,0,0.5
1,1,42,dummy_prior,751,778,0,0.0641399416909621,0,0.5
1,1,42,dummy_prior,753,166,1,0.0641399416909621,0,0.5
1,1,42,dummy_prior,754,508,1,0.0641399416909621,0,0.5
1,1,42,dummy_prior,755,563,0,0.0641399416909621,0,0.5
1,1,42,dummy_prior,758,578,0,0.0641399416909621,0,0.5
1,1,42,dummy_prior,763,785,0,0.0641399416909621,0,0.5
1,1,42,dummy_prior,764,281,0,0.0641399416909621,0,0.5
1,1,42,dummy_prior,768,422,0,0.0641399416909621,0,0.5
1,1,42,dummy_prior,769,415,0,0.0641399416909621,0,0.5
1,1,42,dummy_prior,774,801,0,0.0641399416909621,0,0.5
1,1,42,dummy_prior,775,455,0,0.0641399416909621,0,0.5
1,1,42,dummy_prior,783,84,0,0.0641399416909621,0,0.5
1,1,42,dummy_prior,784,403,0,0.0641399416909621,0,0.5
1,1,42,dummy_prior,785,480,0,0.0641399416909621,0,0.5
1,1,42,dummy_prior,790,350,0,0.0641399416909621,0,0.5
1,1,42,dummy_prior,797,645,1,0.0641399416909621,0,0.5
1,1,42,dummy_prior,801,691,0,0.0641399416909621,0,0.5
1,1,42,dummy_prior,804,543,0,0.0641399416909621,0,0.5
1,1,42,dummy_prior,806,62,0,0.0641399416909621,0,0.5
1,1,42,dummy_prior,808,544,0,0.0641399416909621,0,0.5
1,1,42,dummy_prior,811,48,0,0.0641399416909621,0,0.5
1,1,42,dummy_prior,813,163,0,0.0641399416909621,0,0.5
1,1,42,dummy_prior,819,2,0,0.0641399416909621,0,0.5
1,1,42,dummy_prior,824,720,0,0.0641399416909621,0,0.5
1,1,42,dummy_prior,825,794,0,0.0641399416909621,0,0.5
1,1,42,dummy_prior,826,650,0,0.0641399416909621,0,0.5
1,1,42,dummy_prior,829,666,0,0.0641399416909621,0,0.5
1,1,42,dummy_prior,831,777,0,0.0641399416909621,0,0.5
1,1,42,dummy_prior,840,346,0,0.0641399416909621,0,0.5
1,1,42,dummy_prior,849,620,0,0.0641399416909621,0,0.5
1,1,42,dummy_prior,856,635,0,0.0641399416909621,0,0.5
1,1,42,logistic_regression,1,7,0,0.25839659281051475,0,0.5
1,1,42,logistic_regression,12,812,0,0.3097490792075074,0,0.5
1,1,42,logistic_regression,14,798,0,0.2773216687340633,0,0.5
1,1,42,logistic_regression,18,792,0,0.4754245957507596,0,0.5
1,1,42,logistic_regression,29,745,0,0.20324021928911862,0,0.5
1,1,42,logistic_regression,31,771,0,0.25903552345639014,0,0.5
1,1,42,logistic_regression,35,737,0,0.28319041651381427,0,0.5
1,1,42,logistic_regression,36,760,0,0.27002684979413955,0,0.5
1,1,42,logistic_regression,42,724,0,0.2942642352522185,0,0.5
1,1,42,logistic_regression,44,740,1,0.7949265105598863,1,0.5
1,1,42,logistic_regression,48,780,0,0.28483494512637075,0,0.5
1,1,42,logistic_regression,53,695,0,0.2852533039049394,0,0.5
1,1,42,logistic_regression,62,679,0,0.23548952811974538,0,0.5
1,1,42,logistic_regression,63,629,0,0.35637171475134477,0,0.5
1,1,42,logistic_regression,72,664,0,0.2389089816625324,0,0.5
1,1,42,logistic_regression,79,684,0,0.254465399588899,0,0.5
1,1,42,logistic_regression,80,630,0,0.22412609307636372,0,0.5
1,1,42,logistic_regression,84,713,0,0.19615452263823685,0,0.5
1,1,42,logistic_regression,86,718,0,0.24425103966934567,0,0.5
1,1,42,logistic_regression,93,631,1,0.8804145355921542,1,0.5
1,1,42,logistic_regression,94,637,0,0.2480162580261734,0,0.5
1,1,42,logistic_regression,105,674,0,0.28509360570426784,0,0.5
1,1,42,logistic_regression,126,588,0,0.23830613007965254,0,0.5
1,1,42,logistic_regression,127,520,0,0.28916069381307713,0,0.5
1,1,42,logistic_regression,130,492,0,0.28571317312156413,0,0.5
1,1,42,logistic_regression,132,565,0,0.23566308110665252,0,0.5
1,1,42,logistic_regression,143,480,0,0.23391823159515004,0,0.5
1,1,42,logistic_regression,144,558,0,0.249600231515361,0,0.5
1,1,42,logistic_regression,153,423,0,0.2606108420138497,0,0.5
1,1,42,logistic_regression,154,457,0,0.27627222774694943,0,0.5
1,1,42,logistic_regression,163,509,1,0.2796619417177661,0,0.5
1,1,42,logistic_regression,164,546,0,0.2147673242809647,0,0.5
1,1,42,logistic_regression,169,108,0,0.270011451825699,0,0.5
1,1,42,logistic_regression,172,522,0,0.26027948735335477,0,0.5
1,1,42,logistic_regression,179,548,0,0.2668861353905602,0,0.5
1,1,42,logistic_regression,183,491,0,0.2504836547128968,0,0.5
1,1,42,logistic_regression,186,404,0,0.2567167656423976,0,0.5
1,1,42,logistic_regression,200,443,0,0.23624168950110133,0,0.5
1,1,42,logistic_regression,201,441,0,0.2929449163787807,0,0.5
1,1,42,logistic_regression,213,500,0,0.44609198225704283,0,0.5
1,1,42,logistic_regression,223,278,0,0.2787881972697845,0,0.5
1,1,42,logistic_regression,224,351,1,0.9466814442580717,1,0.5
1,1,42,logistic_regression,238,536,0,0.2819186927459321,0,0.5
1,1,42,logistic_regression,239,497,0,0.301265875664749,0,0.5
1,1,42,logistic_regression,242,555,0,0.2268874283518133,0,0.5
1,1,42,logistic_regression,249,270,0,0.2662625047525251,0,0.5
1,1,42,logistic_regression,250,379,0,0.253695288716521,0,0.5
1,1,42,logistic_regression,254,390,0,0.2344301276356356,0,0.5
1,1,42,logistic_regression,255,379,0,0.253695288716521,0,0.5
1,1,42,logistic_regression,256,366,0,0.2331928648827581,0,0.5
1,1,42,logistic_regression,261,227,0,0.24597426926886626,0,0.5
1,1,42,logistic_regression,268,305,0,0.26717547957967347,0,0.5
1,1,42,logistic_regression,270,211,0,0.2542059058258748,0,0.5
1,1,42,logistic_regression,276,241,0,0.26275274691759365,0,0.5
1,1,42,logistic_regression,277,168,0,0.23608288010104322,0,0.5
1,1,42,logistic_regression,280,303,0,0.252849678657166,0,0.5
1,1,42,logistic_regression,284,252,0,0.22832186180375974,0,0.5
1,1,42,logistic_regression,288,300,0,0.30509275222597115,0,0.5
1,1,42,logistic_regression,290,204,0,0.31562239485582716,0,0.5
1,1,42,logistic_regression,300,301,0,0.2769300333355205,0,0.5
1,1,42,logistic_regression,306,436,0,0.24388085015105754,0,0.5
1,1,42,logistic_regression,307,287,0,0.23210966891060805,0,0.5
1,1,42,logistic_regression,314,215,1,0.9285678074232083,1,0.5
1,1,42,logistic_regression,315,189,0,0.2626086609156371,0,0.5
1,1,42,logistic_regression,324,654,0,0.2580374766063861,0,0.5
1,1,42,logistic_regression,326,217,0,0.24965596408914487,0,0.5
1,1,42,logistic_regression,328,197,0,0.23822199201676567,0,0.5
1,1,42,logistic_regression,334,229,0,0.25496488000523126,0,0.5
1,1,42,logistic_regression,340,148,0,0.2456966272255454,0,0.5
1,1,42,logistic_regression,353,223,0,0.258510804058992,0,0.5
1,1,42,logistic_regression,359,733,0,0.25411963777094543,0,0.5
1,1,42,logistic_regression,361,199,0,0.24701032096219472,0,0.5
1,1,42,logistic_regression,372,242,0,0.40831807304605455,0,0.5
1,1,42,logistic_regression,376,786,0,0.3434107204484349,0,0.5
1,1,42,logistic_regression,385,234,0,0.9335824965199241,1,0.5
1,1,42,logistic_regression,387,266,0,0.23742050548750593,0,0.5
1,1,42,logistic_regression,388,185,0,0.23053001168286177,0,0.5
1,1,42,logistic_regression,393,142,0,0.248325552846381,0,0.5
1,1,42,logistic_regression,397,137,0,0.35372903643309644,0,0.5
1,1,42,logistic_regression,414,186,0,0.28240347256245674,0,0.5
1,1,42,logistic_regression,417,158,0,0.22478898462777233,0,0.5
1,1,42,logistic_regression,418,47,0,0.3440685725254476,0,0.5
1,1,42,logistic_regression,430,153,0,0.2558900650081532,0,0.5
1,1,42,logistic_regression,436,39,0,0.48630847794994486,0,0.5
1,1,42,logistic_regression,438,195,0,0.24276597666381822,0,0.5
1,1,42,logistic_regression,440,7,0,0.25839659281051475,0,0.5
1,1,42,logistic_regression,444,80,0,0.2546403776901067,0,0.5
1,1,42,logistic_regression,448,65,0,0.19042915541809813,0,0.5
1,1,42,logistic_regression,454,7,0,0.25839659281051475,0,0.5
1,1,42,logistic_regression,456,24,0,0.25814590909863877,0,0.5
1,1,42,logistic_regression,462,68,0,0.24411091353154785,0,0.5
1,1,42,logistic_regression,466,7,0,0.25839659281051475,0,0.5
1,1,42,logistic_regression,475,154,0,0.26442936184154814,0,0.5
1,1,42,logistic_regression,477,751,0,0.23664739960692166,0,0.5
1,1,42,logistic_regression,480,575,0,0.14673499570254672,0,0.5
1,1,42,logistic_regression,491,122,0,0.25470240525686744,0,0.5
1,1,42,logistic_regression,499,614,0,0.2794311385194301,0,0.5
1,1,42,logistic_regression,502,369,0,0.26146175556475854,0,0.5
1,1,42,logistic_regression,506,711,0,0.29636442710430694,0,0.5
1,1,42,logistic_regression,511,38,0,0.25701651815685544,0,0.5
1,1,42,logistic_regression,515,603,0,0.2760823819547051,0,0.5
1,1,42,logistic_regression,523,624,0,0.2514339666260769,0,0.5
1,1,42,logistic_regression,527,262,0,0.23413488111025607,0,0.5
1,1,42,logistic_regression,536,24,0,0.25814590909863877,0,0.5
1,1,42,logistic_regression,539,76,1,0.9563851368393602,1,0.5
1,1,42,logistic_regression,548,58,0,0.26881208615923263,0,0.5
1,1,42,logistic_regression,549,662,1,0.787711961068369,1,0.5
1,1,42,logistic_regression,550,191,0,0.2849371812877002,0,0.5
1,1,42,logistic_regression,556,772,0,0.33844188759014443,0,0.5
1,1,42,logistic_regression,557,458,0,0.26510748794627204,0,0.5
1,1,42,logistic_regression,558,255,0,0.22357689839464803,0,0.5
1,1,42,logistic_regression,559,162,0,0.2559964481798189,0,0.5
1,1,42,logistic_regression,562,282,0,0.27790740757218685,0,0.5
1,1,42,logistic_regression,572,373,0,0.31813736816541494,0,0.5
1,1,42,logistic_regression,574,309,0,0.25483756972559085,0,0.5
1,1,42,logistic_regression,576,464,0,0.25031729505544154,0,0.5
1,1,42,logistic_regression,579,730,0,0.3051752311635107,0,0.5
1,1,42,logistic_regression,594,193,0,0.2454541864600551,0,0.5
1,1,42,logistic_regression,596,83,0,0.25032997868564144,0,0.5
1,1,42,logistic_regression,601,504,0,0.2526752897518097,0,0.5
1,1,42,logistic_regression,603,440,0,0.24707091693963285,0,0.5
1,1,42,logistic_regression,608,135,0,0.25698066110737233,0,0.5
1,1,42,logistic_regression,609,416,0,0.3049550537762187,0,0.5
1,1,42,logistic_regression,617,157,0,0.23434327834653065,0,0.5
1,1,42,logistic_regression,618,130,0,0.2606784289850673,0,0.5
1,1,42,logistic_regression,619,320,0,0.28236391583273757,0,0.5
1,1,42,logistic_regression,625,92,0,0.24670311367071357,0,0.5
1,1,42,logistic_regression,634,478,0,0.2372055339650756,0,0.5
1,1,42,logistic_regression,637,493,0,0.2865084767593004,0,0.5
1,1,42,logistic_regression,650,421,0,0.4095867419725232,0,0.5
1,1,42,logistic_regression,654,810,0,0.7561288189073434,1,0.5
1,1,42,logistic_regression,655,236,1,0.6056276606182803,1,0.5
1,1,42,logistic_regression,675,808,0,0.248991710254999,0,0.5
1,1,42,logistic_regression,685,820,0,0.22207440435780243,0,0.5
1,1,42,logistic_regression,690,8,0,0.3903228180633753,0,0.5
1,1,42,logistic_regression,706,81,0,0.37341385950077105,0,0.5
1,1,42,logistic_regression,716,144,0,0.2557422693280227,0,0.5
1,1,42,logistic_regression,717,731,0,0.2910011056774834,0,0.5
1,1,42,logistic_regression,721,655,0,0.2721327528840057,0,0.5
1,1,42,logistic_regression,746,342,0,0.31171635599867087,0,0.5
1,1,42,logistic_regression,748,393,0,0.2698325651450686,0,0.5
1,1,42,logistic_regression,751,778,0,0.24626776464201128,0,0.5
1,1,42,logistic_regression,753,166,1,0.9259164574693289,1,0.5
1,1,42,logistic_regression,754,508,1,0.7637021447474477,1,0.5
1,1,42,logistic_regression,755,563,0,0.26724020129418924,0,0.5
1,1,42,logistic_regression,758,578,0,0.2269959741777836,0,0.5
1,1,42,logistic_regression,763,785,0,0.4992679992814873,0,0.5
1,1,42,logistic_regression,764,281,0,0.2925914050483785,0,0.5
1,1,42,logistic_regression,768,422,0,0.23647411402852786,0,0.5
1,1,42,logistic_regression,769,415,0,0.6267336068504223,1,0.5
1,1,42,logistic_regression,774,801,0,0.28979429500780834,0,0.5
1,1,42,logistic_regression,775,455,0,0.49591954640457975,0,0.5
1,1,42,logistic_regression,783,84,0,0.23327789727539666,0,0.5
1,1,42,logistic_regression,784,403,0,0.2672084642259163,0,0.5
1,1,42,logistic_regression,785,480,0,0.23391823159515004,0,0.5
1,1,42,logistic_regression,790,350,0,0.25403535275365857,0,0.5
1,1,42,logistic_regression,797,645,1,0.97059658064779,1,0.5
1,1,42,logistic_regression,801,691,0,0.29380577933773955,0,0.5
1,1,42,logistic_regression,804,543,0,0.26425376146618096,0,0.5
1,1,42,logistic_regression,806,62,0,0.29226340304922255,0,0.5
1,1,42,logistic_regression,808,544,0,0.3486002000442721,0,0.5
1,1,42,logistic_regression,811,48,0,0.37904411536212385,0,0.5
1,1,42,logistic_regression,813,163,0,0.37314318154214143,0,0.5
1,1,42,logistic_regression,819,2,0,0.2580795240140814,0,0.5
1,1,42,logistic_regression,824,720,0,0.20587125511751306,0,0.5
1,1,42,logistic_regression,825,794,0,0.23450852599594268,0,0.5
1,1,42,logistic_regression,826,650,0,0.2618128505579401,0,0.5
1,1,42,logistic_regression,829,666,0,0.2716094401637774,0,0.5
1,1,42,logistic_regression,831,777,0,0.279490895019855,0,0.5
1,1,42,logistic_regression,840,346,0,0.27215178776518806,0,0.5
1,1,42,logistic_regression,849,620,0,0.3363594110728255,0,0.5
1,1,42,logistic_regression,856,635,0,0.22690034350621452,0,0.5
1,1,42,xgboost,1,7,0,0.014801078476011753,0,0.5
1,1,42,xgboost,12,812,0,0.00649237772449851,0,0.5
1,1,42,xgboost,14,798,0,0.007004806771874428,0,0.5
1,1,42,xgboost,18,792,0,0.02809302881360054,0,0.5
1,1,42,xgboost,29,745,0,0.011822124011814594,0,0.5
1,1,42,xgboost,31,771,0,0.00987927708774805,0,0.5
1,1,42,xgboost,35,737,0,0.0053827883675694466,0,0.5
1,1,42,xgboost,36,760,0,0.011576827615499496,0,0.5
1,1,42,xgboost,42,724,0,0.011162987910211086,0,0.5
1,1,42,xgboost,44,740,1,0.9357763528823853,1,0.5
1,1,42,xgboost,48,780,0,0.013870259746909142,0,0.5
1,1,42,xgboost,53,695,0,0.03356863930821419,0,0.5
1,1,42,xgboost,62,679,0,0.0041687809862196445,0,0.5
1,1,42,xgboost,63,629,0,0.013726198114454746,0,0.5
1,1,42,xgboost,72,664,0,0.017070038244128227,0,0.5
1,1,42,xgboost,79,684,0,0.013104510493576527,0,0.5
1,1,42,xgboost,80,630,0,0.010062490589916706,0,0.5
1,1,42,xgboost,84,713,0,0.009904000908136368,0,0.5
1,1,42,xgboost,86,718,0,0.00799851305782795,0,0.5
1,1,42,xgboost,93,631,1,0.954085648059845,1,0.5
1,1,42,xgboost,94,637,0,0.00848859827965498,0,0.5
1,1,42,xgboost,105,674,0,0.006565788760781288,0,0.5
1,1,42,xgboost,126,588,0,0.012104137800633907,0,0.5
1,1,42,xgboost,127,520,0,0.010928474366664886,0,0.5
1,1,42,xgboost,130,492,0,0.005276701413094997,0,0.5
1,1,42,xgboost,132,565,0,0.00870780274271965,0,0.5
1,1,42,xgboost,143,480,0,0.008001744747161865,0,0.5
1,1,42,xgboost,144,558,0,0.0054207234643399715,0,0.5
1,1,42,xgboost,153,423,0,0.00838401261717081,0,0.5
1,1,42,xgboost,154,457,0,0.009072455577552319,0,0.5
1,1,42,xgboost,163,509,1,0.008405597880482674,0,0.5
1,1,42,xgboost,164,546,0,0.008001744747161865,0,0.5
1,1,42,xgboost,169,108,0,0.0748404860496521,0,0.5
1,1,42,xgboost,172,522,0,0.013726198114454746,0,0.5
1,1,42,xgboost,179,548,0,0.011234598234295845,0,0.5
1,1,42,xgboost,183,491,0,0.012104137800633907,0,0.5
1,1,42,xgboost,186,404,0,0.006411493290215731,0,0.5
1,1,42,xgboost,200,443,0,0.007841919548809528,0,0.5
1,1,42,xgboost,201,441,0,0.005688889417797327,0,0.5
1,1,42,xgboost,213,500,0,0.004136672243475914,0,0.5
1,1,42,xgboost,223,278,0,0.006539884489029646,0,0.5
1,1,42,xgboost,224,351,1,0.9615585803985596,1,0.5
1,1,42,xgboost,238,536,0,0.005655085202306509,0,0.5
1,1,42,xgboost,239,497,0,0.006775961257517338,0,0.5
1,1,42,xgboost,242,555,0,0.006143688689917326,0,0.5
1,1,42,xgboost,249,270,0,0.027276642620563507,0,0.5
1,1,42,xgboost,250,379,0,0.02216227352619171,0,0.5
1,1,42,xgboost,254,390,0,0.004466683138161898,0,0.5
1,1,42,xgboost,255,379,0,0.02216227352619171,0,0.5
1,1,42,xgboost,256,366,0,0.0030237094033509493,0,0.5
1,1,42,xgboost,261,227,0,0.03574473410844803,0,0.5
1,1,42,xgboost,268,305,0,0.00838401261717081,0,0.5
1,1,42,xgboost,270,211,0,0.05535205081105232,0,0.5
1,1,42,xgboost,276,241,0,0.10480356216430664,0,0.5
1,1,42,xgboost,277,168,0,0.0915885716676712,0,0.5
1,1,42,xgboost,280,303,0,0.00748317688703537,0,0.5
1,1,42,xgboost,284,252,0,0.011908208951354027,0,0.5
1,1,42,xgboost,288,300,0,0.0064781829714775085,0,0.5
1,1,42,xgboost,290,204,0,0.0728730782866478,0,0.5
1,1,42,xgboost,300,301,0,0.006855380721390247,0,0.5
1,1,42,xgboost,306,436,0,0.004833784885704517,0,0.5
1,1,42,xgboost,307,287,0,0.004015972837805748,0,0.5
1,1,42,xgboost,314,215,1,0.9726319313049316,1,0.5
1,1,42,xgboost,315,189,0,0.16102056205272675,0,0.5
1,1,42,xgboost,324,654,0,0.010428067296743393,0,0.5
1,1,42,xgboost,326,217,0,0.13575071096420288,0,0.5
1,1,42,xgboost,328,197,0,0.06275808066129684,0,0.5
1,1,42,xgboost,334,229,0,0.11274559795856476,0,0.5
1,1,42,xgboost,340,148,0,0.026962848380208015,0,0.5
1,1,42,xgboost,353,223,0,0.06413880735635757,0,0.5
1,1,42,xgboost,359,733,0,0.008327214047312737,0,0.5
1,1,42,xgboost,361,199,0,0.07943599671125412,0,0.5
1,1,42,xgboost,372,242,0,0.07468242943286896,0,0.5
1,1,42,xgboost,376,786,0,0.008768236264586449,0,0.5
1,1,42,xgboost,385,234,0,0.9380018711090088,1,0.5
1,1,42,xgboost,387,266,0,0.012192456051707268,0,0.5
1,1,42,xgboost,388,185,0,0.07616234570741653,0,0.5
1,1,42,xgboost,393,142,0,0.014512886293232441,0,0.5
1,1,42,xgboost,397,137,0,0.045942533761262894,0,0.5
1,1,42,xgboost,414,186,0,0.05311071127653122,0,0.5
1,1,42,xgboost,417,158,0,0.04702978953719139,0,0.5
1,1,42,xgboost,418,47,0,0.035972852259874344,0,0.5
1,1,42,xgboost,430,153,0,0.049079425632953644,0,0.5
1,1,42,xgboost,436,39,0,0.027588825672864914,0,0.5
1,1,42,xgboost,438,195,0,0.15763463079929352,0,0.5
1,1,42,xgboost,440,7,0,0.014801078476011753,0,0.5
1,1,42,xgboost,444,80,0,0.02277558296918869,0,0.5
1,1,42,xgboost,448,65,0,0.07352910190820694,0,0.5
1,1,42,xgboost,454,7,0,0.014801078476011753,0,0.5
1,1,42,xgboost,456,24,0,0.014801078476011753,0,0.5
1,1,42,xgboost,462,68,0,0.014512886293232441,0,0.5
1,1,42,xgboost,466,7,0,0.014801078476011753,0,0.5
1,1,42,xgboost,475,154,0,0.0424809455871582,0,0.5
1,1,42,xgboost,477,751,0,0.012104137800633907,0,0.5
1,1,42,xgboost,480,575,0,0.003215082688257098,0,0.5
1,1,42,xgboost,491,122,0,0.029198504984378815,0,0.5
1,1,42,xgboost,499,614,0,0.013754320330917835,0,0.5
1,1,42,xgboost,502,369,0,0.006319351028650999,0,0.5
1,1,42,xgboost,506,711,0,0.030272727832198143,0,0.5
1,1,42,xgboost,511,38,0,0.016915643587708473,0,0.5
1,1,42,xgboost,515,603,0,0.009615390561521053,0,0.5
1,1,42,xgboost,523,624,0,0.010377594269812107,0,0.5
1,1,42,xgboost,527,262,0,0.011908208951354027,0,0.5
1,1,42,xgboost,536,24,0,0.014801078476011753,0,0.5
1,1,42,xgboost,539,76,1,0.908754289150238,1,0.5
1,1,42,xgboost,548,58,0,0.035972852259874344,0,0.5
1,1,42,xgboost,549,662,1,0.919411838054657,1,0.5
1,1,42,xgboost,550,191,0,0.09546463191509247,0,0.5
1,1,42,xgboost,556,772,0,0.020743373781442642,0,0.5
1,1,42,xgboost,557,458,0,0.025091927498579025,0,0.5
1,1,42,xgboost,558,255,0,0.009391307830810547,0,0.5
1,1,42,xgboost,559,162,0,0.13898822665214539,0,0.5
1,1,42,xgboost,562,282,0,0.006855380721390247,0,0.5
1,1,42,xgboost,572,373,0,0.00607128394767642,0,0.5
1,1,42,xgboost,574,309,0,0.00838401261717081,0,0.5
1,1,42,xgboost,576,464,0,0.00526948319748044,0,0.5
1,1,42,xgboost,579,730,0,0.007791127078235149,0,0.5
1,1,42,xgboost,594,193,0,0.10704126209020615,0,0.5
1,1,42,xgboost,596,83,0,0.02277558296918869,0,0.5
1,1,42,xgboost,601,504,0,0.010226192884147167,0,0.5
1,1,42,xgboost,603,440,0,0.0053143976256251335,0,0.5
1,1,42,xgboost,608,135,0,0.021722737699747086,0,0.5
1,1,42,xgboost,609,416,0,0.005954147316515446,0,0.5
1,1,42,xgboost,617,157,0,0.07460958510637283,0,0.5
1,1,42,xgboost,618,130,0,0.05617993324995041,0,0.5
1,1,42,xgboost,619,320,0,0.0048920470289886,0,0.5
1,1,42,xgboost,625,92,0,0.016915643587708473,0,0.5
1,1,42,xgboost,634,478,0,0.008895772509276867,0,0.5
1,1,42,xgboost,637,493,0,0.006157697178423405,0,0.5
1,1,42,xgboost,650,421,0,0.014032790437340736,0,0.5
1,1,42,xgboost,654,810,0,0.1332579106092453,0,0.5
1,1,42,xgboost,655,236,1,0.1388711929321289,0,0.5
1,1,42,xgboost,675,808,0,0.011089925654232502,0,0.5
1,1,42,xgboost,685,820,0,0.00685795908793807,0,0.5
1,1,42,xgboost,690,8,0,0.20882786810398102,0,0.5
1,1,42,xgboost,706,81,0,0.5529268383979797,1,0.5
1,1,42,xgboost,716,144,0,0.030948331579566002,0,0.5
1,1,42,xgboost,717,731,0,0.015045088715851307,0,0.5
1,1,42,xgboost,721,655,0,0.012496800161898136,0,0.5
1,1,42,xgboost,746,342,0,0.004047081805765629,0,0.5
1,1,42,xgboost,748,393,0,0.006319351028650999,0,0.5
1,1,42,xgboost,751,778,0,0.008001744747161865,0,0.5
1,1,42,xgboost,753,166,1,0.9809096455574036,1,0.5
1,1,42,xgboost,754,508,1,0.932162344455719,1,0.5
1,1,42,xgboost,755,563,0,0.0040802420116961,0,0.5
1,1,42,xgboost,758,578,0,0.005917471833527088,0,0.5
1,1,42,xgboost,763,785,0,0.00784994475543499,0,0.5
1,1,42,xgboost,764,281,0,0.018167542293667793,0,0.5
1,1,42,xgboost,768,422,0,0.00521499291062355,0,0.5
1,1,42,xgboost,769,415,0,0.021945152431726456,0,0.5
1,1,42,xgboost,774,801,0,0.019291849806904793,0,0.5
1,1,42,xgboost,775,455,0,0.009906675666570663,0,0.5
1,1,42,xgboost,783,84,0,0.02225017547607422,0,0.5
1,1,42,xgboost,784,403,0,0.005521948914974928,0,0.5
1,1,42,xgboost,785,480,0,0.008001744747161865,0,0.5
1,1,42,xgboost,790,350,0,0.01155787706375122,0,0.5
1,1,42,xgboost,797,645,1,0.9658511877059937,1,0.5
1,1,42,xgboost,801,691,0,0.005714470520615578,0,0.5
1,1,42,xgboost,804,543,0,0.005535253789275885,0,0.5
1,1,42,xgboost,806,62,0,0.009992062114179134,0,0.5
1,1,42,xgboost,808,544,0,0.028083734214305878,0,0.5
1,1,42,xgboost,811,48,0,0.47728431224823,0,0.5
1,1,42,xgboost,813,163,0,0.6526793837547302,1,0.5
1,1,42,xgboost,819,2,0,0.21496987342834473,0,0.5
1,1,42,xgboost,824,720,0,0.010062490589916706,0,0.5
1,1,42,xgboost,825,794,0,0.005917471833527088,0,0.5
1,1,42,xgboost,826,650,0,0.007919367402791977,0,0.5
1,1,42,xgboost,829,666,0,0.00936804711818695,0,0.5
1,1,42,xgboost,831,777,0,0.008624627254903316,0,0.5
1,1,42,xgboost,840,346,0,0.006855380721390247,0,0.5
1,1,42,xgboost,849,620,0,0.004651119001209736,0,0.5
1,1,42,xgboost,856,635,0,0.010062490589916706,0,0.5
1,2,42,dummy_prior,3,825,0,0.0641399416909621,0,0.5
1,2,42,dummy_prior,4,816,0,0.0641399416909621,0,0.5
1,2,42,dummy_prior,5,796,0,0.0641399416909621,0,0.5
1,2,42,dummy_prior,8,809,0,0.0641399416909621,0,0.5
1,2,42,dummy_prior,23,767,1,0.0641399416909621,0,0.5
1,2,42,dummy_prior,24,774,0,0.0641399416909621,0,0.5
1,2,42,dummy_prior,30,782,0,0.0641399416909621,0,0.5
1,2,42,dummy_prior,41,732,1,0.0641399416909621,0,0.5
1,2,42,dummy_prior,49,739,0,0.0641399416909621,0,0.5
1,2,42,dummy_prior,55,789,0,0.0641399416909621,0,0.5
1,2,42,dummy_prior,56,702,0,0.0641399416909621,0,0.5
1,2,42,dummy_prior,58,683,0,0.0641399416909621,0,0.5
1,2,42,dummy_prior,76,675,0,0.0641399416909621,0,0.5
1,2,42,dummy_prior,81,593,0,0.0641399416909621,0,0.5
1,2,42,dummy_prior,87,703,0,0.0641399416909621,0,0.5
1,2,42,dummy_prior,90,707,0,0.0641399416909621,0,0.5
1,2,42,dummy_prior,92,649,0,0.0641399416909621,0,0.5
1,2,42,dummy_prior,97,678,0,0.0641399416909621,0,0.5
1,2,42,dummy_prior,107,653,0,0.0641399416909621,0,0.5
1,2,42,dummy_prior,110,619,0,0.0641399416909621,0,0.5
1,2,42,dummy_prior,116,597,0,0.0641399416909621,0,0.5
1,2,42,dummy_prior,131,581,1,0.0641399416909621,0,0.5
1,2,42,dummy_prior,134,568,0,0.0641399416909621,0,0.5
1,2,42,dummy_prior,155,507,0,0.0641399416909621,0,0.5
1,2,42,dummy_prior,157,545,0,0.0641399416909621,0,0.5
1,2,42,dummy_prior,171,418,0,0.0641399416909621,0,0.5
1,2,42,dummy_prior,178,472,0,0.0641399416909621,0,0.5
1,2,42,dummy_prior,181,462,0,0.0641399416909621,0,0.5
1,2,42,dummy_prior,182,392,0,0.0641399416909621,0,0.5
1,2,42,dummy_prior,185,488,1,0.0641399416909621,0,0.5
1,2,42,dummy_prior,191,527,0,0.0641399416909621,0,0.5
1,2,42,dummy_prior,208,470,0,0.0641399416909621,0,0.5
1,2,42,dummy_prior,212,431,0,0.0641399416909621,0,0.5
1,2,42,dummy_prior,218,503,0,0.0641399416909621,0,0.5
1,2,42,dummy_prior,222,552,0,0.0641399416909621,0,0.5
1,2,42,dummy_prior,226,409,0,0.0641399416909621,0,0.5
1,2,42,dummy_prior,236,343,0,0.0641399416909621,0,0.5
1,2,42,dummy_prior,241,354,0,0.0641399416909621,0,0.5
1,2,42,dummy_prior,248,381,0,0.0641399416909621,0,0.5
1,2,42,dummy_prior,259,329,0,0.0641399416909621,0,0.5
1,2,42,dummy_prior,264,259,1,0.0641399416909621,0,0.5
1,2,42,dummy_prior,267,265,0,0.0641399416909621,0,0.5
1,2,42,dummy_prior,274,349,0,0.0641399416909621,0,0.5
1,2,42,dummy_prior,283,389,0,0.0641399416909621,0,0.5
1,2,42,dummy_prior,289,419,0,0.0641399416909621,0,0.5
1,2,42,dummy_prior,291,289,0,0.0641399416909621,0,0.5
1,2,42,dummy_prior,296,358,0,0.0641399416909621,0,0.5
1,2,42,dummy_prior,297,220,0,0.0641399416909621,0,0.5
1,2,42,dummy_prior,298,333,0,0.0641399416909621,0,0.5
1,2,42,dummy_prior,299,319,0,0.0641399416909621,0,0.5
1,2,42,dummy_prior,302,323,0,0.0641399416909621,0,0.5
1,2,42,dummy_prior,303,386,0,0.0641399416909621,0,0.5
1,2,42,dummy_prior,304,331,0,0.0641399416909621,0,0.5
1,2,42,dummy_prior,313,370,0,0.0641399416909621,0,0.5
1,2,42,dummy_prior,321,269,0,0.0641399416909621,0,0.5
1,2,42,dummy_prior,323,268,0,0.0641399416909621,0,0.5
1,2,42,dummy_prior,335,525,1,0.0641399416909621,0,0.5
1,2,42,dummy_prior,336,251,0,0.0641399416909621,0,0.5
1,2,42,dummy_prior,337,818,0,0.0641399416909621,0,0.5
1,2,42,dummy_prior,343,159,0,0.0641399416909621,0,0.5
1,2,42,dummy_prior,347,131,0,0.0641399416909621,0,0.5
1,2,42,dummy_prior,363,72,0,0.0641399416909621,0,0.5
1,2,42,dummy_prior,368,203,0,0.0641399416909621,0,0.5
1,2,42,dummy_prior,371,367,0,0.0641399416909621,0,0.5
1,2,42,dummy_prior,374,243,0,0.0641399416909621,0,0.5
1,2,42,dummy_prior,375,249,0,0.0641399416909621,0,0.5
1,2,42,dummy_prior,382,400,0,0.0641399416909621,0,0.5
1,2,42,dummy_prior,389,49,0,0.0641399416909621,0,0.5
1,2,42,dummy_prior,398,115,0,0.0641399416909621,0,0.5
1,2,42,dummy_prior,404,88,0,0.0641399416909621,0,0.5
1,2,42,dummy_prior,405,61,0,0.0641399416909621,0,0.5
1,2,42,dummy_prior,406,49,0,0.0641399416909621,0,0.5
1,2,42,dummy_prior,407,57,0,0.0641399416909621,0,0.5
1,2,42,dummy_prior,408,60,0,0.0641399416909621,0,0.5
1,2,42,dummy_prior,411,49,0,0.0641399416909621,0,0.5
1,2,42,dummy_prior,416,70,0,0.0641399416909621,0,0.5
1,2,42,dummy_prior,420,97,0,0.0641399416909621,0,0.5
1,2,42,dummy_prior,425,35,0,0.0641399416909621,0,0.5
1,2,42,dummy_prior,428,29,0,0.0641399416909621,0,0.5
1,2,42,dummy_prior,431,70,0,0.0641399416909621,0,0.5
1,2,42,dummy_prior,433,28,0,0.0641399416909621,0,0.5
1,2,42,dummy_prior,439,112,0,0.0641399416909621,0,0.5
1,2,42,dummy_prior,449,75,0,0.0641399416909621,0,0.5
1,2,42,dummy_prior,451,32,0,0.0641399416909621,0,0.5
1,2,42,dummy_prior,452,46,0,0.0641399416909621,0,0.5
1,2,42,dummy_prior,458,35,0,0.0641399416909621,0,0.5
1,2,42,dummy_prior,460,5,0,0.0641399416909621,0,0.5
1,2,42,dummy_prior,461,19,0,0.0641399416909621,0,0.5
1,2,42,dummy_prior,465,43,0,0.0641399416909621,0,0.5
1,2,42,dummy_prior,469,16,0,0.0641399416909621,0,0.5
1,2,42,dummy_prior,472,682,1,0.0641399416909621,0,0.5
1,2,42,dummy_prior,473,787,0,0.0641399416909621,0,0.5
1,2,42,dummy_prior,478,534,0,0.0641399416909621,0,0.5
1,2,42,dummy_prior,481,608,0,0.0641399416909621,0,0.5
1,2,42,dummy_prior,482,757,0,0.0641399416909621,0,0.5
1,2,42,dummy_prior,488,337,0,0.0641399416909621,0,0.5
1,2,42,dummy_prior,498,663,0,0.0641399416909621,0,0.5
1,2,42,dummy_prior,510,17,0,0.0641399416909621,0,0.5
1,2,42,dummy_prior,517,514,0,0.0641399416909621,0,0.5
1,2,42,dummy_prior,518,362,0,0.0641399416909621,0,0.5
1,2,42,dummy_prior,521,791,0,0.0641399416909621,0,0.5
1,2,42,dummy_prior,522,37,0,0.0641399416909621,0,0.5
1,2,42,dummy_prior,525,46,0,0.0641399416909621,0,0.5
1,2,42,dummy_prior,529,652,0,0.0641399416909621,0,0.5
1,2,42,dummy_prior,533,425,0,0.0641399416909621,0,0.5
1,2,42,dummy_prior,535,275,0,0.0641399416909621,0,0.5
1,2,42,dummy_prior,538,361,0,0.0641399416909621,0,0.5
1,2,42,dummy_prior,541,474,0,0.0641399416909621,0,0.5
1,2,42,dummy_prior,543,40,0,0.0641399416909621,0,0.5
1,2,42,dummy_prior,545,532,0,0.0641399416909621,0,0.5
1,2,42,dummy_prior,547,385,0,0.0641399416909621,0,0.5
1,2,42,dummy_prior,553,636,0,0.0641399416909621,0,0.5
1,2,42,dummy_prior,554,20,0,0.0641399416909621,0,0.5
1,2,42,dummy_prior,555,435,0,0.0641399416909621,0,0.5
1,2,42,dummy_prior,560,748,0,0.0641399416909621,0,0.5
1,2,42,dummy_prior,561,208,0,0.0641399416909621,0,0.5
1,2,42,dummy_prior,563,712,0,0.0641399416909621,0,0.5
1,2,42,dummy_prior,565,335,0,0.0641399416909621,0,0.5
1,2,42,dummy_prior,566,456,0,0.0641399416909621,0,0.5
1,2,42,dummy_prior,583,315,0,0.0641399416909621,0,0.5
1,2,42,dummy_prior,587,687,0,0.0641399416909621,0,0.5
1,2,42,dummy_prior,595,248,0,0.0641399416909621,0,0.5
1,2,42,dummy_prior,610,230,1,0.0641399416909621,0,0.5
1,2,42,dummy_prior,612,225,0,0.0641399416909621,0,0.5
1,2,42,dummy_prior,613,299,0,0.0641399416909621,0,0.5
1,2,42,dummy_prior,616,376,0,0.0641399416909621,0,0.5
1,2,42,dummy_prior,620,363,0,0.0641399416909621,0,0.5
1,2,42,dummy_prior,629,336,0,0.0641399416909621,0,0.5
1,2,42,dummy_prior,642,512,0,0.0641399416909621,0,0.5
1,2,42,dummy_prior,643,21,0,0.0641399416909621,0,0.5
1,2,42,dummy_prior,652,826,0,0.0641399416909621,0,0.5
1,2,42,dummy_prior,661,326,0,0.0641399416909621,0,0.5
1,2,42,dummy_prior,665,205,0,0.0641399416909621,0,0.5
1,2,42,dummy_prior,668,830,0,0.0641399416909621,0,0.5
1,2,42,dummy_prior,671,824,1,0.0641399416909621,0,0.5
1,2,42,dummy_prior,680,821,0,0.0641399416909621,0,0.5
1,2,42,dummy_prior,681,793,0,0.0641399416909621,0,0.5
1,2,42,dummy_prior,682,827,0,0.0641399416909621,0,0.5
1,2,42,dummy_prior,683,762,0,0.0641399416909621,0,0.5
1,2,42,dummy_prior,696,138,0,0.0641399416909621,0,0.5
1,2,42,dummy_prior,697,91,0,0.0641399416909621,0,0.5
1,2,42,dummy_prior,699,111,0,0.0641399416909621,0,0.5
1,2,42,dummy_prior,700,479,0,0.0641399416909621,0,0.5
1,2,42,dummy_prior,702,439,0,0.0641399416909621,0,0.5
1,2,42,dummy_prior,707,231,0,0.0641399416909621,0,0.5
1,2,42,dummy_prior,710,449,0,0.0641399416909621,0,0.5
1,2,42,dummy_prior,718,246,0,0.0641399416909621,0,0.5
1,2,42,dummy_prior,722,325,0,0.0641399416909621,0,0.5
1,2,42,dummy_prior,725,214,0,0.0641399416909621,0,0.5
1,2,42,dummy_prior,726,530,0,0.0641399416909621,0,0.5
1,2,42,dummy_prior,728,623,0,0.0641399416909621,0,0.5
1,2,42,dummy_prior,729,327,0,0.0641399416909621,0,0.5
1,2,42,dummy_prior,731,291,0,0.0641399416909621,0,0.5
1,2,42,dummy_prior,732,417,0,0.0641399416909621,0,0.5
1,2,42,dummy_prior,736,725,0,0.0641399416909621,0,0.5
1,2,42,dummy_prior,737,177,0,0.0641399416909621,0,0.5
1,2,42,dummy_prior,739,495,1,0.0641399416909621,0,0.5
1,2,42,dummy_prior,744,66,0,0.0641399416909621,0,0.5
1,2,42,dummy_prior,772,113,0,0.0641399416909621,0,0.5
1,2,42,dummy_prior,779,656,0,0.0641399416909621,0,0.5
1,2,42,dummy_prior,781,642,1,0.0641399416909621,0,0.5
1,2,42,dummy_prior,794,175,0,0.0641399416909621,0,0.5
1,2,42,dummy_prior,816,233,0,0.0641399416909621,0,0.5
1,2,42,dummy_prior,821,602,0,0.0641399416909621,0,0.5
1,2,42,dummy_prior,827,688,0,0.0641399416909621,0,0.5
1,2,42,dummy_prior,839,601,0,0.0641399416909621,0,0.5
1,2,42,dummy_prior,841,297,0,0.0641399416909621,0,0.5
1,2,42,dummy_prior,843,567,0,0.0641399416909621,0,0.5
1,2,42,dummy_prior,844,444,0,0.0641399416909621,0,0.5
1,2,42,dummy_prior,847,574,0,0.0641399416909621,0,0.5
1,2,42,dummy_prior,848,598,0,0.0641399416909621,0,0.5
1,2,42,dummy_prior,852,800,0,0.0641399416909621,0,0.5
1,2,42,logistic_regression,3,825,0,0.46370250067665664,0,0.5
1,2,42,logistic_regression,4,816,0,0.2987147345208927,0,0.5
1,2,42,logistic_regression,5,796,0,0.22458112979743255,0,0.5
1,2,42,logistic_regression,8,809,0,0.3770225242262903,0,0.5
1,2,42,logistic_regression,23,767,1,0.9556526949832054,1,0.5
1,2,42,logistic_regression,24,774,0,0.2967147106089134,0,0.5
1,2,42,logistic_regression,30,782,0,0.3307776865025256,0,0.5
1,2,42,logistic_regression,41,732,1,0.9814898401125199,1,0.5
1,2,42,logistic_regression,49,739,0,0.2780144006475384,0,0.5
1,2,42,logistic_regression,55,789,0,0.3460202080122441,0,0.5
1,2,42,logistic_regression,56,702,0,0.29591029606984615,0,0.5
1,2,42,logistic_regression,58,683,0,0.9855499335904909,1,0.5
1,2,42,logistic_regression,76,675,0,0.32936391574013635,0,0.5
1,2,42,logistic_regression,81,593,0,0.24562619139524208,0,0.5
1,2,42,logistic_regression,87,703,0,0.2981786227662816,0,0.5
1,2,42,logistic_regression,90,707,0,0.2917267315250805,0,0.5
1,2,42,logistic_regression,92,649,0,0.3035223811474617,0,0.5
1,2,42,logistic_regression,97,678,0,0.264842507732947,0,0.5
1,2,42,logistic_regression,107,653,0,0.27752854769339175,0,0.5
1,2,42,logistic_regression,110,619,0,0.2821226709492856,0,0.5
1,2,42,logistic_regression,116,597,0,0.25979841661556446,0,0.5
1,2,42,logistic_regression,131,581,1,0.9539583649799798,1,0.5
1,2,42,logistic_regression,134,568,0,0.6444054021038905,1,0.5
1,2,42,logistic_regression,155,507,0,0.31699430892893843,0,0.5
1,2,42,logistic_regression,157,545,0,0.23946638303373766,0,0.5
1,2,42,logistic_regression,171,418,0,0.296511294138689,0,0.5
1,2,42,logistic_regression,178,472,0,0.27441153327621565,0,0.5
1,2,42,logistic_regression,181,462,0,0.23980489262018803,0,0.5
1,2,42,logistic_regression,182,392,0,0.2688759389511785,0,0.5
1,2,42,logistic_regression,185,488,1,0.9656274280513404,1,0.5
1,2,42,logistic_regression,191,527,0,0.9510878635236517,1,0.5
1,2,42,logistic_regression,208,470,0,0.2793680404347972,0,0.5
1,2,42,logistic_regression,212,431,0,0.2315798660326503,0,0.5
1,2,42,logistic_regression,218,503,0,0.30322052926602916,0,0.5
1,2,42,logistic_regression,222,552,0,0.10874995349684499,0,0.5
1,2,42,logistic_regression,226,409,0,0.2414117065146446,0,0.5
1,2,42,logistic_regression,236,343,0,0.37201378728986556,0,0.5
1,2,42,logistic_regression,241,354,0,0.2704280085441042,0,0.5
1,2,42,logistic_regression,248,381,0,0.2874974141239562,0,0.5
1,2,42,logistic_regression,259,329,0,0.3517972730083915,0,0.5
1,2,42,logistic_regression,264,259,1,0.8298491014721362,1,0.5
1,2,42,logistic_regression,267,265,0,0.25534738208762625,0,0.5
1,2,42,logistic_regression,274,349,0,0.2731980689955636,0,0.5
1,2,42,logistic_regression,283,389,0,0.29897807328504694,0,0.5
1,2,42,logistic_regression,289,419,0,0.2985504753188145,0,0.5
1,2,42,logistic_regression,291,289,0,0.27219918740801985,0,0.5
1,2,42,logistic_regression,296,358,0,0.25493075484829836,0,0.5
1,2,42,logistic_regression,297,220,0,0.16132487633077722,0,0.5
1,2,42,logistic_regression,298,333,0,0.29056886745750515,0,0.5
1,2,42,logistic_regression,299,319,0,0.23394306884279292,0,0.5
1,2,42,logistic_regression,302,323,0,0.33023907188371826,0,0.5
1,2,42,logistic_regression,303,386,0,0.27416202436186515,0,0.5
1,2,42,logistic_regression,304,331,0,0.19583923914611986,0,0.5
1,2,42,logistic_regression,313,370,0,0.3142356685772069,0,0.5
1,2,42,logistic_regression,321,269,0,0.2267547121857664,0,0.5
1,2,42,logistic_regression,323,268,0,0.4106947996884257,0,0.5
1,2,42,logistic_regression,335,525,1,0.9580962381139685,1,0.5
1,2,42,logistic_regression,336,251,0,0.28589100786867855,0,0.5
1,2,42,logistic_regression,337,818,0,0.36273692061055146,0,0.5
1,2,42,logistic_regression,343,159,0,0.25162766023379435,0,0.5
1,2,42,logistic_regression,347,131,0,0.2934089515769186,0,0.5
1,2,42,logistic_regression,363,72,0,0.2788601204399596,0,0.5
1,2,42,logistic_regression,368,203,0,0.23690290718292473,0,0.5
1,2,42,logistic_regression,371,367,0,0.2916205112136931,0,0.5
1,2,42,logistic_regression,374,243,0,0.23373832904310415,0,0.5
1,2,42,logistic_regression,375,249,0,0.2938841670140345,0,0.5
1,2,42,logistic_regression,382,400,0,0.2665792272139629,0,0.5
1,2,42,logistic_regression,389,49,0,0.2527149124261433,0,0.5
1,2,42,logistic_regression,398,115,0,0.21107866907046013,0,0.5
1,2,42,logistic_regression,404,88,0,0.27579458939950124,0,0.5
1,2,42,logistic_regression,405,61,0,0.2436708977998013,0,0.5
1,2,42,logistic_regression,406,49,0,0.2527149124261433,0,0.5
1,2,42,logistic_regression,407,57,0,0.9474267770801963,1,0.5
1,2,42,logistic_regression,408,60,0,0.2583732566130922,0,0.5
1,2,42,logistic_regression,411,49,0,0.9808453619314962,1,0.5
1,2,42,logistic_regression,416,70,0,0.2767509413200731,0,0.5
1,2,42,logistic_regression,420,97,0,0.27280619414351015,0,0.5
1,2,42,logistic_regression,425,35,0,0.26679543994250127,0,0.5
1,2,42,logistic_regression,428,29,0,0.27307917340761084,0,0.5
1,2,42,logistic_regression,431,70,0,0.2767509413200731,0,0.5
1,2,42,logistic_regression,433,28,0,0.8055465193349052,1,0.5
1,2,42,logistic_regression,439,112,0,0.589306369089135,1,0.5
1,2,42,logistic_regression,449,75,0,0.27535091515824467,0,0.5
1,2,42,logistic_regression,451,32,0,0.16348118623130145,0,0.5
1,2,42,logistic_regression,452,46,0,0.2400242748877451,0,0.5
1,2,42,logistic_regression,458,35,0,0.5460436959530145,1,0.5
1,2,42,logistic_regression,460,5,0,0.2130572463512029,0,0.5
1,2,42,logistic_regression,461,19,0,0.2822157321304004,0,0.5
1,2,42,logistic_regression,465,43,0,0.27263469367200277,0,0.5
1,2,42,logistic_regression,469,16,0,0.2675807932666086,0,0.5
1,2,42,logistic_regression,472,682,1,0.9473944590018655,1,0.5
1,2,42,logistic_regression,473,787,0,0.29246695009587986,0,0.5
1,2,42,logistic_regression,478,534,0,0.2913293772368433,0,0.5
1,2,42,logistic_regression,481,608,0,0.20967446247299446,0,0.5
1,2,42,logistic_regression,482,757,0,0.809407855091266,1,0.5
1,2,42,logistic_regression,488,337,0,0.2820889499892079,0,0.5
1,2,42,logistic_regression,498,663,0,0.27954300563851026,0,0.5
1,2,42,logistic_regression,510,17,0,0.29598548830615024,0,0.5
1,2,42,logistic_regression,517,514,0,0.27100571141494545,0,0.5
1,2,42,logistic_regression,518,362,0,0.2994220984548562,0,0.5
1,2,42,logistic_regression,521,791,0,0.2562083837022737,0,0.5
1,2,42,logistic_regression,522,37,0,0.2944700333595666,0,0.5
1,2,42,logistic_regression,525,46,0,0.2400242748877451,0,0.5
1,2,42,logistic_regression,529,652,0,0.2957356576256266,0,0.5
1,2,42,logistic_regression,533,425,0,0.24053685995336757,0,0.5
1,2,42,logistic_regression,535,275,0,0.2517812814462105,0,0.5
1,2,42,logistic_regression,538,361,0,0.277540273414841,0,0.5
1,2,42,logistic_regression,541,474,0,0.275130370736829,0,0.5
1,2,42,logistic_regression,543,40,0,0.306410682477775,0,0.5
1,2,42,logistic_regression,545,532,0,0.37260426567272475,0,0.5
1,2,42,logistic_regression,547,385,0,0.24597668876811782,0,0.5
1,2,42,logistic_regression,553,636,0,0.3073488549584133,0,0.5
1,2,42,logistic_regression,554,20,0,0.31061250325745954,0,0.5
1,2,42,logistic_regression,555,435,0,0.29240654488826806,0,0.5
1,2,42,logistic_regression,560,748,0,0.25361538594304983,0,0.5
1,2,42,logistic_regression,561,208,0,0.28710949838725053,0,0.5
1,2,42,logistic_regression,563,712,0,0.1818564294875135,0,0.5
1,2,42,logistic_regression,565,335,0,0.5208325928876935,1,0.5
1,2,42,logistic_regression,566,456,0,0.2792928269213941,0,0.5
1,2,42,logistic_regression,583,315,0,0.2604169154968544,0,0.5
1,2,42,logistic_regression,587,687,0,0.3700541754823937,0,0.5
1,2,42,logistic_regression,595,248,0,0.44038697527551635,0,0.5
1,2,42,logistic_regression,610,230,1,0.9656549541678487,1,0.5
1,2,42,logistic_regression,612,225,0,0.29039583820116144,0,0.5
1,2,42,logistic_regression,613,299,0,0.25151023753441,0,0.5
1,2,42,logistic_regression,616,376,0,0.2976704867845056,0,0.5
1,2,42,logistic_regression,620,363,0,0.2896560892005942,0,0.5
1,2,42,logistic_regression,629,336,0,0.29819541550172474,0,0.5
1,2,42,logistic_regression,642,512,0,0.2956234261247405,0,0.5
1,2,42,logistic_regression,643,21,0,0.5960411071876593,1,0.5
1,2,42,logistic_regression,652,826,0,0.8139085982382739,1,0.5
1,2,42,logistic_regression,661,326,0,0.2857430006149716,0,0.5
1,2,42,logistic_regression,665,205,0,0.5764004298757641,1,0.5
1,2,42,logistic_regression,668,830,0,0.8224983242567449,1,0.5
1,2,42,logistic_regression,671,824,1,0.7496339581416727,1,0.5
1,2,42,logistic_regression,680,821,0,0.2554273843117573,0,0.5
1,2,42,logistic_regression,681,793,0,0.20692552642633602,0,0.5
1,2,42,logistic_regression,682,827,0,0.302705134319168,0,0.5
1,2,42,logistic_regression,683,762,0,0.2782276935450169,0,0.5
1,2,42,logistic_regression,696,138,0,0.3422078299361974,0,0.5
1,2,42,logistic_regression,697,91,0,0.38110715046738575,0,0.5
1,2,42,logistic_regression,699,111,0,0.3913591759656154,0,0.5
1,2,42,logistic_regression,700,479,0,0.31365014092363,0,0.5
1,2,42,logistic_regression,702,439,0,0.39273565923771514,0,0.5
1,2,42,logistic_regression,707,231,0,0.339217761601063,0,0.5
1,2,42,logistic_regression,710,449,0,0.2696531243500306,0,0.5
1,2,42,logistic_regression,718,246,0,0.26489586284707783,0,0.5
1,2,42,logistic_regression,722,325,0,0.32847224232836547,0,0.5
1,2,42,logistic_regression,725,214,0,0.2765498000067985,0,0.5
1,2,42,logistic_regression,726,530,0,0.31142204069921475,0,0.5
1,2,42,logistic_regression,728,623,0,0.2730710884179471,0,0.5
1,2,42,logistic_regression,729,327,0,0.2676009722551757,0,0.5
1,2,42,logistic_regression,731,291,0,0.23910479265422754,0,0.5
1,2,42,logistic_regression,732,417,0,0.36178974113786716,0,0.5
1,2,42,logistic_regression,736,725,0,0.29357331505711753,0,0.5
1,2,42,logistic_regression,737,177,0,0.2693127490628605,0,0.5
1,2,42,logistic_regression,739,495,1,0.80696019111354,1,0.5
1,2,42,logistic_regression,744,66,0,0.388417036774991,0,0.5
1,2,42,logistic_regression,772,113,0,0.27133013956351437,0,0.5
1,2,42,logistic_regression,779,656,0,0.31840772772856757,0,0.5
1,2,42,logistic_regression,781,642,1,0.9665375370704814,1,0.5
1,2,42,logistic_regression,794,175,0,0.24146010164229298,0,0.5
1,2,42,logistic_regression,816,233,0,0.4696216542819376,0,0.5
1,2,42,logistic_regression,821,602,0,0.25781791456113734,0,0.5
1,2,42,logistic_regression,827,688,0,0.27193180514876236,0,0.5
1,2,42,logistic_regression,839,601,0,0.3217359415586772,0,0.5
1,2,42,logistic_regression,841,297,0,0.2511354753296695,0,0.5
1,2,42,logistic_regression,843,567,0,0.30812792333858935,0,0.5
1,2,42,logistic_regression,844,444,0,0.327810139168145,0,0.5
1,2,42,logistic_regression,847,574,0,0.22795256414184334,0,0.5
1,2,42,logistic_regression,848,598,0,0.2621761018440229,0,0.5
1,2,42,logistic_regression,852,800,0,0.28843130972572856,0,0.5
1,2,42,xgboost,3,825,0,0.0949322059750557,0,0.5
1,2,42,xgboost,4,816,0,0.09287544339895248,0,0.5
1,2,42,xgboost,5,796,0,0.08364542573690414,0,0.5
1,2,42,xgboost,8,809,0,0.10485175997018814,0,0.5
1,2,42,xgboost,23,767,1,0.925607442855835,1,0.5
1,2,42,xgboost,24,774,0,0.08736637234687805,0,0.5
1,2,42,xgboost,30,782,0,0.08736637234687805,0,0.5
1,2,42,xgboost,41,732,1,0.9056180715560913,1,0.5
1,2,42,xgboost,49,739,0,0.08989258855581284,0,0.5
1,2,42,xgboost,55,789,0,0.09287544339895248,0,0.5
1,2,42,xgboost,56,702,0,0.08644066751003265,0,0.5
1,2,42,xgboost,58,683,0,0.9444672465324402,1,0.5
1,2,42,xgboost,76,675,0,0.16092120110988617,0,0.5
1,2,42,xgboost,81,593,0,0.08364542573690414,0,0.5
1,2,42,xgboost,87,703,0,0.08736637234687805,0,0.5
1,2,42,xgboost,90,707,0,0.1473369151353836,0,0.5
1,2,42,xgboost,92,649,0,0.08736637234687805,0,0.5
1,2,42,xgboost,97,678,0,0.08736637234687805,0,0.5
1,2,42,xgboost,107,653,0,0.08736637234687805,0,0.5
1,2,42,xgboost,110,619,0,0.08736637234687805,0,0.5
1,2,42,xgboost,116,597,0,0.08364542573690414,0,0.5
1,2,42,xgboost,131,581,1,0.837040901184082,1,0.5
1,2,42,xgboost,134,568,0,0.25900033116340637,0,0.5
1,2,42,xgboost,155,507,0,0.08736637234687805,0,0.5
1,2,42,xgboost,157,545,0,0.08736637234687805,0,0.5
1,2,42,xgboost,171,418,0,0.08736637234687805,0,0.5
1,2,42,xgboost,178,472,0,0.09285388886928558,0,0.5
1,2,42,xgboost,181,462,0,0.08364542573690414,0,0.5
1,2,42,xgboost,182,392,0,0.09903451800346375,0,0.5
1,2,42,xgboost,185,488,1,0.9341685175895691,1,0.5
1,2,42,xgboost,191,527,0,0.8336513042449951,1,0.5
1,2,42,xgboost,208,470,0,0.08736637234687805,0,0.5
1,2,42,xgboost,212,431,0,0.08368287235498428,0,0.5
1,2,42,xgboost,218,503,0,0.09903451800346375,0,0.5
1,2,42,xgboost,222,552,0,0.08184778690338135,0,0.5
1,2,42,xgboost,226,409,0,0.08364542573690414,0,0.5
1,2,42,xgboost,236,343,0,0.08736637234687805,0,0.5
1,2,42,xgboost,241,354,0,0.08736637234687805,0,0.5
1,2,42,xgboost,248,381,0,0.08736637234687805,0,0.5
1,2,42,xgboost,259,329,0,0.08931315690279007,0,0.5
1,2,42,xgboost,264,259,1,0.8724207282066345,1,0.5
1,2,42,xgboost,267,265,0,0.08672613650560379,0,0.5
1,2,42,xgboost,274,349,0,0.08736637234687805,0,0.5
1,2,42,xgboost,283,389,0,0.08736637234687805,0,0.5
1,2,42,xgboost,289,419,0,0.09467226266860962,0,0.5
1,2,42,xgboost,291,289,0,0.08736637234687805,0,0.5
1,2,42,xgboost,296,358,0,0.08364542573690414,0,0.5
1,2,42,xgboost,297,220,0,0.1800575852394104,0,0.5
1,2,42,xgboost,298,333,0,0.08989258855581284,0,0.5
1,2,42,xgboost,299,319,0,0.08184778690338135,0,0.5
1,2,42,xgboost,302,323,0,0.08736637234687805,0,0.5
1,2,42,xgboost,303,386,0,0.08364542573690414,0,0.5
1,2,42,xgboost,304,331,0,0.08184778690338135,0,0.5
1,2,42,xgboost,313,370,0,0.08736637234687805,0,0.5
1,2,42,xgboost,321,269,0,0.08672613650560379,0,0.5
1,2,42,xgboost,323,268,0,0.09675397723913193,0,0.5
1,2,42,xgboost,335,525,1,0.9474138617515564,1,0.5
1,2,42,xgboost,336,251,0,0.09254049509763718,0,0.5
1,2,42,xgboost,337,818,0,0.0949322059750557,0,0.5
1,2,42,xgboost,343,159,0,0.17658723890781403,0,0.5
1,2,42,xgboost,347,131,0,0.16146895289421082,0,0.5
1,2,42,xgboost,363,72,0,0.165748730301857,0,0.5
1,2,42,xgboost,368,203,0,0.18719129264354706,0,0.5
1,2,42,xgboost,371,367,0,0.08736637234687805,0,0.5
1,2,42,xgboost,374,243,0,0.2569437325000763,0,0.5
1,2,42,xgboost,375,249,0,0.09254049509763718,0,0.5
1,2,42,xgboost,382,400,0,0.08364542573690414,0,0.5
1,2,42,xgboost,389,49,0,0.15512843430042267,0,0.5
1,2,42,xgboost,398,115,0,0.1520494520664215,0,0.5
1,2,42,xgboost,404,88,0,0.15512843430042267,0,0.5
1,2,42,xgboost,405,61,0,0.1520494520664215,0,0.5
1,2,42,xgboost,406,49,0,0.15512843430042267,0,0.5
1,2,42,xgboost,407,57,0,0.9258335828781128,1,0.5
1,2,42,xgboost,408,60,0,0.1520494520664215,0,0.5
1,2,42,xgboost,411,49,0,0.9222000241279602,1,0.5
1,2,42,xgboost,416,70,0,0.22428135573863983,0,0.5
1,2,42,xgboost,420,97,0,0.165748730301857,0,0.5
1,2,42,xgboost,425,35,0,0.15512843430042267,0,0.5
1,2,42,xgboost,428,29,0,0.15512843430042267,0,0.5
1,2,42,xgboost,431,70,0,0.22428135573863983,0,0.5
1,2,42,xgboost,433,28,0,0.8636987805366516,1,0.5
1,2,42,xgboost,439,112,0,0.23949381709098816,0,0.5
1,2,42,xgboost,449,75,0,0.16146895289421082,0,0.5
1,2,42,xgboost,451,32,0,0.15512843430042267,0,0.5
1,2,42,xgboost,452,46,0,0.1520494520664215,0,0.5
1,2,42,xgboost,458,35,0,0.22326697409152985,0,0.5
1,2,42,xgboost,460,5,0,0.2145777940750122,0,0.5
1,2,42,xgboost,461,19,0,0.15512843430042267,0,0.5
1,2,42,xgboost,465,43,0,0.15512843430042267,0,0.5
1,2,42,xgboost,469,16,0,0.15512843430042267,0,0.5
1,2,42,xgboost,472,682,1,0.9315549731254578,1,0.5
1,2,42,xgboost,473,787,0,0.09287544339895248,0,0.5
1,2,42,xgboost,478,534,0,0.08551705628633499,0,0.5
1,2,42,xgboost,481,608,0,0.08364542573690414,0,0.5
1,2,42,xgboost,482,757,0,0.8847792744636536,1,0.5
1,2,42,xgboost,488,337,0,0.08736637234687805,0,0.5
1,2,42,xgboost,498,663,0,0.08364542573690414,0,0.5
1,2,42,xgboost,510,17,0,0.2326699048280716,0,0.5
1,2,42,xgboost,517,514,0,0.08736637234687805,0,0.5
1,2,42,xgboost,518,362,0,0.08736637234687805,0,0.5
1,2,42,xgboost,521,791,0,0.08736637234687805,0,0.5
1,2,42,xgboost,522,37,0,0.15512843430042267,0,0.5
1,2,42,xgboost,525,46,0,0.1520494520664215,0,0.5
1,2,42,xgboost,529,652,0,0.08736637234687805,0,0.5
1,2,42,xgboost,533,425,0,0.08364542573690414,0,0.5
1,2,42,xgboost,535,275,0,0.08862057328224182,0,0.5
1,2,42,xgboost,538,361,0,0.08364542573690414,0,0.5
1,2,42,xgboost,541,474,0,0.08736637234687805,0,0.5
1,2,42,xgboost,543,40,0,0.2326699048280716,0,0.5
1,2,42,xgboost,545,532,0,0.10346980392932892,0,0.5
1,2,42,xgboost,547,385,0,0.08184778690338135,0,0.5
1,2,42,xgboost,553,636,0,0.08644066751003265,0,0.5
1,2,42,xgboost,554,20,0,0.30465778708457947,0,0.5
1,2,42,xgboost,555,435,0,0.08989258855581284,0,0.5
1,2,42,xgboost,560,748,0,0.08736637234687805,0,0.5
1,2,42,xgboost,561,208,0,0.1919967234134674,0,0.5
1,2,42,xgboost,563,712,0,0.08364542573690414,0,0.5
1,2,42,xgboost,565,335,0,0.17743708193302155,0,0.5
1,2,42,xgboost,566,456,0,0.08364542573690414,0,0.5
1,2,42,xgboost,583,315,0,0.08364542573690414,0,0.5
1,2,42,xgboost,587,687,0,0.16421207785606384,0,0.5
1,2,42,xgboost,595,248,0,0.14433027803897858,0,0.5
1,2,42,xgboost,610,230,1,0.9378303289413452,1,0.5
1,2,42,xgboost,612,225,0,0.1919967234134674,0,0.5
1,2,42,xgboost,613,299,0,0.08736637234687805,0,0.5
1,2,42,xgboost,616,376,0,0.08736637234687805,0,0.5
1,2,42,xgboost,620,363,0,0.08736637234687805,0,0.5
1,2,42,xgboost,629,336,0,0.08736637234687805,0,0.5
1,2,42,xgboost,642,512,0,0.09221639484167099,0,0.5
1,2,42,xgboost,643,21,0,0.30910009145736694,0,0.5
1,2,42,xgboost,652,826,0,0.4825862646102905,0,0.5
1,2,42,xgboost,661,326,0,0.08989258855581284,0,0.5
1,2,42,xgboost,665,205,0,0.45677998661994934,0,0.5
1,2,42,xgboost,668,830,0,0.8414660692214966,1,0.5
1,2,42,xgboost,671,824,1,0.8577741384506226,1,0.5
1,2,42,xgboost,680,821,0,0.08364542573690414,0,0.5
1,2,42,xgboost,681,793,0,0.08736637234687805,0,0.5
1,2,42,xgboost,682,827,0,0.08644066751003265,0,0.5
1,2,42,xgboost,683,762,0,0.08736637234687805,0,0.5
1,2,42,xgboost,696,138,0,0.17775315046310425,0,0.5
1,2,42,xgboost,697,91,0,0.1884111911058426,0,0.5
1,2,42,xgboost,699,111,0,0.25847357511520386,0,0.5
1,2,42,xgboost,700,479,0,0.09704218804836273,0,0.5
1,2,42,xgboost,702,439,0,0.1579006314277649,0,0.5
1,2,42,xgboost,707,231,0,0.20932720601558685,0,0.5
1,2,42,xgboost,710,449,0,0.08736637234687805,0,0.5
1,2,42,xgboost,718,246,0,0.1800575852394104,0,0.5
1,2,42,xgboost,722,325,0,0.08931315690279007,0,0.5
1,2,42,xgboost,725,214,0,0.18719129264354706,0,0.5
1,2,42,xgboost,726,530,0,0.08736637234687805,0,0.5
1,2,42,xgboost,728,623,0,0.08736637234687805,0,0.5
1,2,42,xgboost,729,327,0,0.08736637234687805,0,0.5
1,2,42,xgboost,731,291,0,0.08364542573690414,0,0.5
1,2,42,xgboost,732,417,0,0.0874929428100586,0,0.5
1,2,42,xgboost,736,725,0,0.09287544339895248,0,0.5
1,2,42,xgboost,737,177,0,0.1800575852394104,0,0.5
1,2,42,xgboost,739,495,1,0.8785573840141296,1,0.5
1,2,42,xgboost,744,66,0,0.25847357511520386,0,0.5
1,2,42,xgboost,772,113,0,0.2145777940750122,0,0.5
1,2,42,xgboost,779,656,0,0.09287544339895248,0,0.5
1,2,42,xgboost,781,642,1,0.9520893692970276,1,0.5
1,2,42,xgboost,794,175,0,0.17658723890781403,0,0.5
1,2,42,xgboost,816,233,0,0.22579418122768402,0,0.5
1,2,42,xgboost,821,602,0,0.08736637234687805,0,0.5
1,2,42,xgboost,827,688,0,0.08364542573690414,0,0.5
1,2,42,xgboost,839,601,0,0.10152727365493774,0,0.5
1,2,42,xgboost,841,297,0,0.08364542573690414,0,0.5
1,2,42,xgboost,843,567,0,0.13099601864814758,0,0.5
1,2,42,xgboost,844,444,0,0.08736637234687805,0,0.5
1,2,42,xgboost,847,574,0,0.08364542573690414,0,0.5
1,2,42,xgboost,848,598,0,0.08736637234687805,0,0.5
1,2,42,xgboost,852,800,0,0.08736637234687805,0,0.5
1,3,42,dummy_prior,0,109,0,0.0641399416909621,0,0.5
1,3,42,dummy_prior,2,660,0,0.0641399416909621,0,0.5
1,3,42,dummy_prior,10,807,0,0.0641399416909621,0,0.5
1,3,42,dummy_prior,19,773,0,0.0641399416909621,0,0.5
1,3,42,dummy_prior,21,783,0,0.0641399416909621,0,0.5
1,3,42,dummy_prior,25,805,0,0.0641399416909621,0,0.5
1,3,42,dummy_prior,26,765,0,0.0641399416909621,0,0.5
1,3,42,dummy_prior,32,738,0,0.0641399416909621,0,0.5
1,3,42,dummy_prior,33,734,0,0.0641399416909621,0,0.5
1,3,42,dummy_prior,45,709,0,0.0641399416909621,0,0.5
1,3,42,dummy_prior,51,715,0,0.0641399416909621,0,0.5
1,3,42,dummy_prior,52,729,0,0.0641399416909621,0,0.5
1,3,42,dummy_prior,61,697,0,0.0641399416909621,0,0.5
1,3,42,dummy_prior,65,736,0,0.0641399416909621,0,0.5
1,3,42,dummy_prior,68,696,0,0.0641399416909621,0,0.5
1,3,42,dummy_prior,70,727,0,0.0641399416909621,0,0.5
1,3,42,dummy_prior,85,657,0,0.0641399416909621,0,0.5
1,3,42,dummy_prior,99,641,0,0.0641399416909621,0,0.5
1,3,42,dummy_prior,104,633,0,0.0641399416909621,0,0.5
1,3,42,dummy_prior,108,611,0,0.0641399416909621,0,0.5
1,3,42,dummy_prior,112,573,0,0.0641399416909621,0,0.5
1,3,42,dummy_prior,114,667,0,0.0641399416909621,0,0.5
1,3,42,dummy_prior,115,665,0,0.0641399416909621,0,0.5
1,3,42,dummy_prior,125,596,0,0.0641399416909621,0,0.5
1,3,42,dummy_prior,135,465,0,0.0641399416909621,0,0.5
1,3,42,dummy_prior,139,556,0,0.0641399416909621,0,0.5
1,3,42,dummy_prior,142,591,0,0.0641399416909621,0,0.5
1,3,42,dummy_prior,147,533,0,0.0641399416909621,0,0.5
1,3,42,dummy_prior,148,643,0,0.0641399416909621,0,0.5
1,3,42,dummy_prior,150,489,0,0.0641399416909621,0,0.5
1,3,42,dummy_prior,151,551,0,0.0641399416909621,0,0.5
1,3,42,dummy_prior,158,617,0,0.0641399416909621,0,0.5
1,3,42,dummy_prior,160,484,0,0.0641399416909621,0,0.5
1,3,42,dummy_prior,165,572,0,0.0641399416909621,0,0.5
1,3,42,dummy_prior,184,411,0,0.0641399416909621,0,0.5
1,3,42,dummy_prior,188,475,0,0.0641399416909621,0,0.5
1,3,42,dummy_prior,189,380,0,0.0641399416909621,0,0.5
1,3,42,dummy_prior,198,447,0,0.0641399416909621,0,0.5
1,3,42,dummy_prior,203,494,1,0.0641399416909621,0,0.5
1,3,42,dummy_prior,214,550,1,0.0641399416909621,0,0.5
1,3,42,dummy_prior,225,511,0,0.0641399416909621,0,0.5
1,3,42,dummy_prior,228,585,0,0.0641399416909621,0,0.5
1,3,42,dummy_prior,231,432,0,0.0641399416909621,0,0.5
1,3,42,dummy_prior,232,316,0,0.0641399416909621,0,0.5
1,3,42,dummy_prior,237,347,0,0.0641399416909621,0,0.5
1,3,42,dummy_prior,244,391,0,0.0641399416909621,0,0.5
1,3,42,dummy_prior,245,253,0,0.0641399416909621,0,0.5
1,3,42,dummy_prior,247,292,0,0.0641399416909621,0,0.5
1,3,42,dummy_prior,251,284,0,0.0641399416909621,0,0.5
1,3,42,dummy_prior,252,344,0,0.0641399416909621,0,0.5
1,3,42,dummy_prior,258,245,0,0.0641399416909621,0,0.5
1,3,42,dummy_prior,260,485,0,0.0641399416909621,0,0.5
1,3,42,dummy_prior,262,295,0,0.0641399416909621,0,0.5
1,3,42,dummy_prior,266,232,0,0.0641399416909621,0,0.5
1,3,42,dummy_prior,272,330,0,0.0641399416909621,0,0.5
1,3,42,dummy_prior,275,237,0,0.0641399416909621,0,0.5
1,3,42,dummy_prior,281,238,0,0.0641399416909621,0,0.5
1,3,42,dummy_prior,286,240,0,0.0641399416909621,0,0.5
1,3,42,dummy_prior,287,272,0,0.0641399416909621,0,0.5
1,3,42,dummy_prior,293,221,0,0.0641399416909621,0,0.5
1,3,42,dummy_prior,295,283,0,0.0641399416909621,0,0.5
1,3,42,dummy_prior,312,313,0,0.0641399416909621,0,0.5
1,3,42,dummy_prior,333,274,0,0.0641399416909621,0,0.5
1,3,42,dummy_prior,338,200,0,0.0641399416909621,0,0.5
1,3,42,dummy_prior,344,79,0,0.0641399416909621,0,0.5
1,3,42,dummy_prior,356,79,0,0.0641399416909621,0,0.5
1,3,42,dummy_prior,357,258,0,0.0641399416909621,0,0.5
1,3,42,dummy_prior,360,339,0,0.0641399416909621,0,0.5
1,3,42,dummy_prior,367,127,0,0.0641399416909621,0,0.5
1,3,42,dummy_prior,377,172,1,0.0641399416909621,0,0.5
1,3,42,dummy_prior,378,86,0,0.0641399416909621,0,0.5
1,3,42,dummy_prior,380,103,0,0.0641399416909621,0,0.5
1,3,42,dummy_prior,384,78,0,0.0641399416909621,0,0.5
1,3,42,dummy_prior,386,90,0,0.0641399416909621,0,0.5
1,3,42,dummy_prior,390,179,0,0.0641399416909621,0,0.5
1,3,42,dummy_prior,392,120,0,0.0641399416909621,0,0.5
1,3,42,dummy_prior,396,100,0,0.0641399416909621,0,0.5
1,3,42,dummy_prior,402,102,0,0.0641399416909621,0,0.5
1,3,42,dummy_prior,403,64,0,0.0641399416909621,0,0.5
1,3,42,dummy_prior,413,698,0,0.0641399416909621,0,0.5
1,3,42,dummy_prior,421,433,1,0.0641399416909621,0,0.5
1,3,42,dummy_prior,423,51,0,0.0641399416909621,0,0.5
1,3,42,dummy_prior,429,73,0,0.0641399416909621,0,0.5
1,3,42,dummy_prior,432,600,0,0.0641399416909621,0,0.5
1,3,42,dummy_prior,437,26,0,0.0641399416909621,0,0.5
1,3,42,dummy_prior,441,9,0,0.0641399416909621,0,0.5
1,3,42,dummy_prior,442,26,0,0.0641399416909621,0,0.5
1,3,42,dummy_prior,450,34,0,0.0641399416909621,0,0.5
1,3,42,dummy_prior,463,1,0,0.0641399416909621,0,0.5
1,3,42,dummy_prior,464,25,0,0.0641399416909621,0,0.5
1,3,42,dummy_prior,479,482,0,0.0641399416909621,0,0.5
1,3,42,dummy_prior,484,371,0,0.0641399416909621,0,0.5
1,3,42,dummy_prior,485,286,0,0.0641399416909621,0,0.5
1,3,42,dummy_prior,489,151,0,0.0641399416909621,0,0.5
1,3,42,dummy_prior,493,86,0,0.0641399416909621,0,0.5
1,3,42,dummy_prior,496,451,1,0.0641399416909621,0,0.5
1,3,42,dummy_prior,505,306,0,0.0641399416909621,0,0.5
1,3,42,dummy_prior,509,384,0,0.0641399416909621,0,0.5
1,3,42,dummy_prior,512,671,0,0.0641399416909621,0,0.5
1,3,42,dummy_prior,519,123,0,0.0641399416909621,0,0.5
1,3,42,dummy_prior,526,469,0,0.0641399416909621,0,0.5
1,3,42,dummy_prior,532,364,0,0.0641399416909621,0,0.5
1,3,42,dummy_prior,540,188,0,0.0641399416909621,0,0.5
1,3,42,dummy_prior,544,50,0,0.0641399416909621,0,0.5
1,3,42,dummy_prior,569,802,0,0.0641399416909621,0,0.5
1,3,42,dummy_prior,577,196,0,0.0641399416909621,0,0.5
1,3,42,dummy_prior,582,198,0,0.0641399416909621,0,0.5
1,3,42,dummy_prior,584,562,0,0.0641399416909621,0,0.5
1,3,42,dummy_prior,589,784,0,0.0641399416909621,0,0.5
1,3,42,dummy_prior,592,321,0,0.0641399416909621,0,0.5
1,3,42,dummy_prior,593,13,0,0.0641399416909621,0,0.5
1,3,42,dummy_prior,602,670,0,0.0641399416909621,0,0.5
1,3,42,dummy_prior,605,183,0,0.0641399416909621,0,0.5
1,3,42,dummy_prior,615,706,0,0.0641399416909621,0,0.5
1,3,42,dummy_prior,622,710,0,0.0641399416909621,0,0.5
1,3,42,dummy_prior,626,622,0,0.0641399416909621,0,0.5
1,3,42,dummy_prior,628,779,0,0.0641399416909621,0,0.5
1,3,42,dummy_prior,630,424,0,0.0641399416909621,0,0.5
1,3,42,dummy_prior,631,187,0,0.0641399416909621,0,0.5
1,3,42,dummy_prior,638,221,0,0.0641399416909621,0,0.5
1,3,42,dummy_prior,641,761,0,0.0641399416909621,0,0.5
1,3,42,dummy_prior,645,471,0,0.0641399416909621,0,0.5
1,3,42,dummy_prior,656,294,0,0.0641399416909621,0,0.5
1,3,42,dummy_prior,657,260,0,0.0641399416909621,0,0.5
1,3,42,dummy_prior,664,756,1,0.0641399416909621,0,0.5
1,3,42,dummy_prior,670,817,1,0.0641399416909621,0,0.5
1,3,42,dummy_prior,674,795,0,0.0641399416909621,0,0.5
1,3,42,dummy_prior,676,828,0,0.0641399416909621,0,0.5
1,3,42,dummy_prior,678,609,0,0.0641399416909621,0,0.5
1,3,42,dummy_prior,686,704,1,0.0641399416909621,0,0.5
1,3,42,dummy_prior,687,638,1,0.0641399416909621,0,0.5
1,3,42,dummy_prior,688,510,1,0.0641399416909621,0,0.5
1,3,42,dummy_prior,692,74,0,0.0641399416909621,0,0.5
1,3,42,dummy_prior,694,486,0,0.0641399416909621,0,0.5
1,3,42,dummy_prior,701,524,0,0.0641399416909621,0,0.5
1,3,42,dummy_prior,703,42,0,0.0641399416909621,0,0.5
1,3,42,dummy_prior,705,806,0,0.0641399416909621,0,0.5
1,3,42,dummy_prior,713,31,0,0.0641399416909621,0,0.5
1,3,42,dummy_prior,714,521,0,0.0641399416909621,0,0.5
1,3,42,dummy_prior,715,13,0,0.0641399416909621,0,0.5
1,3,42,dummy_prior,719,769,0,0.0641399416909621,0,0.5
1,3,42,dummy_prior,723,124,0,0.0641399416909621,0,0.5
1,3,42,dummy_prior,733,587,0,0.0641399416909621,0,0.5
1,3,42,dummy_prior,735,6,0,0.0641399416909621,0,0.5
1,3,42,dummy_prior,745,30,0,0.0641399416909621,0,0.5
1,3,42,dummy_prior,747,218,0,0.0641399416909621,0,0.5
1,3,42,dummy_prior,749,541,0,0.0641399416909621,0,0.5
1,3,42,dummy_prior,750,99,0,0.0641399416909621,0,0.5
1,3,42,dummy_prior,756,395,0,0.0641399416909621,0,0.5
1,3,42,dummy_prior,760,44,0,0.0641399416909621,0,0.5
1,3,42,dummy_prior,766,206,0,0.0641399416909621,0,0.5
1,3,42,dummy_prior,767,12,0,0.0641399416909621,0,0.5
1,3,42,dummy_prior,770,357,0,0.0641399416909621,0,0.5
1,3,42,dummy_prior,776,45,0,0.0641399416909621,0,0.5
1,3,42,dummy_prior,778,136,0,0.0641399416909621,0,0.5
1,3,42,dummy_prior,780,110,0,0.0641399416909621,0,0.5
1,3,42,dummy_prior,786,401,1,0.0641399416909621,0,0.5
1,3,42,dummy_prior,787,256,0,0.0641399416909621,0,0.5
1,3,42,dummy_prior,792,314,0,0.0641399416909621,0,0.5
1,3,42,dummy_prior,798,396,0,0.0641399416909621,0,0.5
1,3,42,dummy_prior,799,141,0,0.0641399416909621,0,0.5
1,3,42,dummy_prior,805,668,0,0.0641399416909621,0,0.5
1,3,42,dummy_prior,809,519,0,0.0641399416909621,0,0.5
1,3,42,dummy_prior,810,116,0,0.0641399416909621,0,0.5
1,3,42,dummy_prior,812,4,0,0.0641399416909621,0,0.5
1,3,42,dummy_prior,817,516,0,0.0641399416909621,0,0.5
1,3,42,dummy_prior,818,700,0,0.0641399416909621,0,0.5
1,3,42,dummy_prior,820,352,0,0.0641399416909621,0,0.5
1,3,42,dummy_prior,838,694,0,0.0641399416909621,0,0.5
1,3,42,dummy_prior,845,132,0,0.0641399416909621,0,0.5
1,3,42,dummy_prior,853,672,0,0.0641399416909621,0,0.5
1,3,42,dummy_prior,857,526,0,0.0641399416909621,0,0.5
1,3,42,logistic_regression,0,109,0,0.2766733960359951,0,0.5
1,3,42,logistic_regression,2,660,0,0.22214869713631463,0,0.5
1,3,42,logistic_regression,10,807,0,0.23737021852183376,0,0.5
1,3,42,logistic_regression,19,773,0,0.32058057162955733,0,0.5
1,3,42,logistic_regression,21,783,0,0.22465870818832154,0,0.5
1,3,42,logistic_regression,25,805,0,0.2451267441013949,0,0.5
1,3,42,logistic_regression,26,765,0,0.24732028144505294,0,0.5
1,3,42,logistic_regression,32,738,0,0.223021182412007,0,0.5
1,3,42,logistic_regression,33,734,0,0.27283428601833315,0,0.5
1,3,42,logistic_regression,45,709,0,0.2729994067311408,0,0.5
1,3,42,logistic_regression,51,715,0,0.25417902675767606,0,0.5
1,3,42,logistic_regression,52,729,0,0.26555682419757315,0,0.5
1,3,42,logistic_regression,61,697,0,0.25704513186262984,0,0.5
1,3,42,logistic_regression,65,736,0,0.2891034309591865,0,0.5
1,3,42,logistic_regression,68,696,0,0.3282724077851846,0,0.5
1,3,42,logistic_regression,70,727,0,0.30738298475888715,0,0.5
1,3,42,logistic_regression,85,657,0,0.25366203008982413,0,0.5
1,3,42,logistic_regression,99,641,0,0.282286876299666,0,0.5
1,3,42,logistic_regression,104,633,0,0.28957458713974266,0,0.5
1,3,42,logistic_regression,108,611,0,0.2933553389422357,0,0.5
1,3,42,logistic_regression,112,573,0,0.3337089995632632,0,0.5
1,3,42,logistic_regression,114,667,0,0.2724423182859684,0,0.5
1,3,42,logistic_regression,115,665,0,0.31578928903194525,0,0.5
1,3,42,logistic_regression,125,596,0,0.26269524213696005,0,0.5
1,3,42,logistic_regression,135,465,0,0.2927478640220349,0,0.5
1,3,42,logistic_regression,139,556,0,0.30424041587972067,0,0.5
1,3,42,logistic_regression,142,591,0,0.24736464411800307,0,0.5
1,3,42,logistic_regression,147,533,0,0.23179252607346704,0,0.5
1,3,42,logistic_regression,148,643,0,0.2681733583585491,0,0.5
1,3,42,logistic_regression,150,489,0,0.2659239127617291,0,0.5
1,3,42,logistic_regression,151,551,0,0.2562855264233942,0,0.5
1,3,42,logistic_regression,158,617,0,0.24824046340916212,0,0.5
1,3,42,logistic_regression,160,484,0,0.28934188240316894,0,0.5
1,3,42,logistic_regression,165,572,0,0.31956089891191725,0,0.5
1,3,42,logistic_regression,184,411,0,0.26328984607838046,0,0.5
1,3,42,logistic_regression,188,475,0,0.7150482610057443,1,0.5
1,3,42,logistic_regression,189,380,0,0.381184287808783,0,0.5
1,3,42,logistic_regression,198,447,0,0.26425433522071134,0,0.5
1,3,42,logistic_regression,203,494,1,0.9499884083362499,1,0.5
1,3,42,logistic_regression,214,550,1,0.9391602155378417,1,0.5
1,3,42,logistic_regression,225,511,0,0.25744562199322546,0,0.5
1,3,42,logistic_regression,228,585,0,0.24172221140438557,0,0.5
1,3,42,logistic_regression,231,432,0,0.2983548486938543,0,0.5
1,3,42,logistic_regression,232,316,0,0.2655072311451023,0,0.5
1,3,42,logistic_regression,237,347,0,0.1765855910771835,0,0.5
1,3,42,logistic_regression,244,391,0,0.26689339447054133,0,0.5
1,3,42,logistic_regression,245,253,0,0.25320734989892185,0,0.5
1,3,42,logistic_regression,247,292,0,0.2575913264049949,0,0.5
1,3,42,logistic_regression,251,284,0,0.9366285575084621,1,0.5
1,3,42,logistic_regression,252,344,0,0.2762081308887725,0,0.5
1,3,42,logistic_regression,258,245,0,0.2724127827443409,0,0.5
1,3,42,logistic_regression,260,485,0,0.287552667761343,0,0.5
1,3,42,logistic_regression,262,295,0,0.29408922108378066,0,0.5
1,3,42,logistic_regression,266,232,0,0.2588420979179141,0,0.5
1,3,42,logistic_regression,272,330,0,0.3150130149716764,0,0.5
1,3,42,logistic_regression,275,237,0,0.8139196520037278,1,0.5
1,3,42,logistic_regression,281,238,0,0.2548997142165351,0,0.5
1,3,42,logistic_regression,286,240,0,0.27777634531733436,0,0.5
1,3,42,logistic_regression,287,272,0,0.275579789500384,0,0.5
1,3,42,logistic_regression,293,221,0,0.2533891531586674,0,0.5
1,3,42,logistic_regression,295,283,0,0.3311310762665763,0,0.5
1,3,42,logistic_regression,312,313,0,0.22709702589000103,0,0.5
1,3,42,logistic_regression,333,274,0,0.2877364772679727,0,0.5
1,3,42,logistic_regression,338,200,0,0.2531800425319177,0,0.5
1,3,42,logistic_regression,344,79,0,0.2642873099343179,0,0.5
1,3,42,logistic_regression,356,79,0,0.2642873099343179,0,0.5
1,3,42,logistic_regression,357,258,0,0.15984991653746256,0,0.5
1,3,42,logistic_regression,360,339,0,0.26060474527276734,0,0.5
1,3,42,logistic_regression,367,127,0,0.25766060239603494,0,0.5
1,3,42,logistic_regression,377,172,1,0.2715334389416914,0,0.5
1,3,42,logistic_regression,378,86,0,0.272433005078132,0,0.5
1,3,42,logistic_regression,380,103,0,0.2634072724776057,0,0.5
1,3,42,logistic_regression,384,78,0,0.3217447856500767,0,0.5
1,3,42,logistic_regression,386,90,0,0.48893604814027014,0,0.5
1,3,42,logistic_regression,390,179,0,0.2628300068570088,0,0.5
1,3,42,logistic_regression,392,120,0,0.26660882284268034,0,0.5
1,3,42,logistic_regression,396,100,0,0.15604116835242027,0,0.5
1,3,42,logistic_regression,402,102,0,0.2738140655394034,0,0.5
1,3,42,logistic_regression,403,64,0,0.2752489648014456,0,0.5
1,3,42,logistic_regression,413,698,0,0.2573546390937522,0,0.5
1,3,42,logistic_regression,421,433,1,0.9576860056445125,1,0.5
1,3,42,logistic_regression,423,51,0,0.2825393642467623,0,0.5
1,3,42,logistic_regression,429,73,0,0.27130196448793825,0,0.5
1,3,42,logistic_regression,432,600,0,0.43344733868340074,0,0.5
1,3,42,logistic_regression,437,26,0,0.2717174483021276,0,0.5
1,3,42,logistic_regression,441,9,0,0.2724137883299688,0,0.5
1,3,42,logistic_regression,442,26,0,0.2717174483021276,0,0.5
1,3,42,logistic_regression,450,34,0,0.27962838313858435,0,0.5
1,3,42,logistic_regression,463,1,0,0.27940410728178583,0,0.5
1,3,42,logistic_regression,464,25,0,0.8210049866788102,1,0.5
1,3,42,logistic_regression,479,482,0,0.23944149925204,0,0.5
1,3,42,logistic_regression,484,371,0,0.25657679564852853,0,0.5
1,3,42,logistic_regression,485,286,0,0.2671212209203924,0,0.5
1,3,42,logistic_regression,489,151,0,0.2593088677627413,0,0.5
1,3,42,logistic_regression,493,86,0,0.49362200558639724,0,0.5
1,3,42,logistic_regression,496,451,1,0.9358264998482814,1,0.5
1,3,42,logistic_regression,505,306,0,0.24691533106686178,0,0.5
1,3,42,logistic_regression,509,384,0,0.25746542053958127,0,0.5
1,3,42,logistic_regression,512,671,0,0.2264781556322896,0,0.5
1,3,42,logistic_regression,519,123,0,0.26699964949534605,0,0.5
1,3,42,logistic_regression,526,469,0,0.2626451000423471,0,0.5
1,3,42,logistic_regression,532,364,0,0.26172283101909793,0,0.5
1,3,42,logistic_regression,540,188,0,0.27009856710098235,0,0.5
1,3,42,logistic_regression,544,50,0,0.360317414843944,0,0.5
1,3,42,logistic_regression,569,802,0,0.22653993841796863,0,0.5
1,3,42,logistic_regression,577,196,0,0.8228986480722352,1,0.5
1,3,42,logistic_regression,582,198,0,0.29111257628959814,0,0.5
1,3,42,logistic_regression,584,562,0,0.25525618270164135,0,0.5
1,3,42,logistic_regression,589,784,0,0.2595918179809687,0,0.5
1,3,42,logistic_regression,592,321,0,0.2737492614737053,0,0.5
1,3,42,logistic_regression,593,13,0,0.27761098657401206,0,0.5
1,3,42,logistic_regression,602,670,0,0.27754549437212994,0,0.5
1,3,42,logistic_regression,605,183,0,0.2653797319973994,0,0.5
1,3,42,logistic_regression,615,706,0,0.3570982248067094,0,0.5
1,3,42,logistic_regression,622,710,0,0.2536947808595083,0,0.5
1,3,42,logistic_regression,626,622,0,0.25996020439681433,0,0.5
1,3,42,logistic_regression,628,779,0,0.33227256137156125,0,0.5
1,3,42,logistic_regression,630,424,0,0.2751133059986338,0,0.5
1,3,42,logistic_regression,631,187,0,0.2652493002389977,0,0.5
1,3,42,logistic_regression,638,221,0,0.2533891531586674,0,0.5
1,3,42,logistic_regression,641,761,0,0.25844257846403834,0,0.5
1,3,42,logistic_regression,645,471,0,0.297522226889052,0,0.5
1,3,42,logistic_regression,656,294,0,0.26161965596946507,0,0.5
1,3,42,logistic_regression,657,260,0,0.2943665381136906,0,0.5
1,3,42,logistic_regression,664,756,1,0.9805389994027633,1,0.5
1,3,42,logistic_regression,670,817,1,0.9338580092651239,1,0.5
1,3,42,logistic_regression,674,795,0,0.30894754044302075,0,0.5
1,3,42,logistic_regression,676,828,0,0.20587891384320117,0,0.5
1,3,42,logistic_regression,678,609,0,0.24741140949364412,0,0.5
1,3,42,logistic_regression,686,704,1,0.8073616106298277,1,0.5
1,3,42,logistic_regression,687,638,1,0.9299304208157885,1,0.5
1,3,42,logistic_regression,688,510,1,0.9247121290620198,1,0.5
1,3,42,logistic_regression,692,74,0,0.3719215866013705,0,0.5
1,3,42,logistic_regression,694,486,0,0.3676223909631029,0,0.5
1,3,42,logistic_regression,701,524,0,0.3333015077742441,0,0.5
1,3,42,logistic_regression,703,42,0,0.3818846190468201,0,0.5
1,3,42,logistic_regression,705,806,0,0.30408520207980305,0,0.5
1,3,42,logistic_regression,713,31,0,0.26867636107592624,0,0.5
1,3,42,logistic_regression,714,521,0,0.2800859520934987,0,0.5
1,3,42,logistic_regression,715,13,0,0.27761098657401206,0,0.5
1,3,42,logistic_regression,719,769,0,0.8455958139819861,1,0.5
1,3,42,logistic_regression,723,124,0,0.2516508053160778,0,0.5
1,3,42,logistic_regression,733,587,0,0.27015324305964505,0,0.5
1,3,42,logistic_regression,735,6,0,0.245644369847862,0,0.5
1,3,42,logistic_regression,745,30,0,0.374986586187363,0,0.5
1,3,42,logistic_regression,747,218,0,0.2626281525402029,0,0.5
1,3,42,logistic_regression,749,541,0,0.3127449891341613,0,0.5
1,3,42,logistic_regression,750,99,0,0.9244720512741633,1,0.5
1,3,42,logistic_regression,756,395,0,0.827165991129525,1,0.5
1,3,42,logistic_regression,760,44,0,0.32371332827632543,0,0.5
1,3,42,logistic_regression,766,206,0,0.28396437347323666,0,0.5
1,3,42,logistic_regression,767,12,0,0.25780274054578156,0,0.5
1,3,42,logistic_regression,770,357,0,0.17850108709639528,0,0.5
1,3,42,logistic_regression,776,45,0,0.2679860558181864,0,0.5
1,3,42,logistic_regression,778,136,0,0.24642865963983276,0,0.5
1,3,42,logistic_regression,780,110,0,0.2746251594346408,0,0.5
1,3,42,logistic_regression,786,401,1,0.9430489855109425,1,0.5
1,3,42,logistic_regression,787,256,0,0.29794483812620964,0,0.5
1,3,42,logistic_regression,792,314,0,0.23918874980238353,0,0.5
1,3,42,logistic_regression,798,396,0,0.2688574362022272,0,0.5
1,3,42,logistic_regression,799,141,0,0.2801516719045093,0,0.5
1,3,42,logistic_regression,805,668,0,0.28362575626592806,0,0.5
1,3,42,logistic_regression,809,519,0,0.3900666989454855,0,0.5
1,3,42,logistic_regression,810,116,0,0.37948184670092505,0,0.5
1,3,42,logistic_regression,812,4,0,0.38040874456320195,0,0.5
1,3,42,logistic_regression,817,516,0,0.339718939149577,0,0.5
1,3,42,logistic_regression,818,700,0,0.3601762947007426,0,0.5
1,3,42,logistic_regression,820,352,0,0.35959275753001074,0,0.5
1,3,42,logistic_regression,838,694,0,0.2721807196736771,0,0.5
1,3,42,logistic_regression,845,132,0,0.2746935412678825,0,0.5
1,3,42,logistic_regression,853,672,0,0.2515722566358517,0,0.5
1,3,42,logistic_regression,857,526,0,0.2491821832301522,0,0.5
1,3,42,xgboost,0,109,0,0.04497246444225311,0,0.5
1,3,42,xgboost,2,660,0,0.0204530730843544,0,0.5
1,3,42,xgboost,10,807,0,0.01872134767472744,0,0.5
1,3,42,xgboost,19,773,0,0.021129880100488663,0,0.5
1,3,42,xgboost,21,783,0,0.039853535592556,0,0.5
1,3,42,xgboost,25,805,0,0.02001280151307583,0,0.5
1,3,42,xgboost,26,765,0,0.020205695182085037,0,0.5
1,3,42,xgboost,32,738,0,0.02891485020518303,0,0.5
1,3,42,xgboost,33,734,0,0.015108794905245304,0,0.5
1,3,42,xgboost,45,709,0,0.044656191021203995,0,0.5
1,3,42,xgboost,51,715,0,0.01870718225836754,0,0.5
1,3,42,xgboost,52,729,0,0.031295254826545715,0,0.5
1,3,42,xgboost,61,697,0,0.012555805966258049,0,0.5
1,3,42,xgboost,65,736,0,0.02399476058781147,0,0.5
1,3,42,xgboost,68,696,0,0.01660497859120369,0,0.5
1,3,42,xgboost,70,727,0,0.03247053921222687,0,0.5
1,3,42,xgboost,85,657,0,0.013259037397801876,0,0.5
1,3,42,xgboost,99,641,0,0.02663937211036682,0,0.5
1,3,42,xgboost,104,633,0,0.024803556501865387,0,0.5
1,3,42,xgboost,108,611,0,0.018281133845448494,0,0.5
1,3,42,xgboost,112,573,0,0.026431359350681305,0,0.5
1,3,42,xgboost,114,667,0,0.024534983560442924,0,0.5
1,3,42,xgboost,115,665,0,0.03534269705414772,0,0.5
1,3,42,xgboost,125,596,0,0.023481369018554688,0,0.5
1,3,42,xgboost,135,465,0,0.025988051667809486,0,0.5
1,3,42,xgboost,139,556,0,0.024380238726735115,0,0.5
1,3,42,xgboost,142,591,0,0.08209457248449326,0,0.5
1,3,42,xgboost,147,533,0,0.253659725189209,0,0.5
1,3,42,xgboost,148,643,0,0.01799359731376171,0,0.5
1,3,42,xgboost,150,489,0,0.037518322467803955,0,0.5
1,3,42,xgboost,151,551,0,0.020306913182139397,0,0.5
1,3,42,xgboost,158,617,0,0.014346386305987835,0,0.5
1,3,42,xgboost,160,484,0,0.028988555073738098,0,0.5
1,3,42,xgboost,165,572,0,0.020307904109358788,0,0.5
1,3,42,xgboost,184,411,0,0.040873486548662186,0,0.5
1,3,42,xgboost,188,475,0,0.23080119490623474,0,0.5
1,3,42,xgboost,189,380,0,0.027353035286068916,0,0.5
1,3,42,xgboost,198,447,0,0.021970313042402267,0,0.5
1,3,42,xgboost,203,494,1,0.9832495450973511,1,0.5
1,3,42,xgboost,214,550,1,0.9523953795433044,1,0.5
1,3,42,xgboost,225,511,0,0.031753577291965485,0,0.5
1,3,42,xgboost,228,585,0,0.009966927580535412,0,0.5
1,3,42,xgboost,231,432,0,0.03125416859984398,0,0.5
1,3,42,xgboost,232,316,0,0.024851959198713303,0,0.5
1,3,42,xgboost,237,347,0,0.012297919020056725,0,0.5
1,3,42,xgboost,244,391,0,0.03218318149447441,0,0.5
1,3,42,xgboost,245,253,0,0.040637604892253876,0,0.5
1,3,42,xgboost,247,292,0,0.02170288935303688,0,0.5
1,3,42,xgboost,251,284,0,0.9529131650924683,1,0.5
1,3,42,xgboost,252,344,0,0.015496467240154743,0,0.5
1,3,42,xgboost,258,245,0,0.14498119056224823,0,0.5
1,3,42,xgboost,260,485,0,0.04916058108210564,0,0.5
1,3,42,xgboost,262,295,0,0.03577370569109917,0,0.5
1,3,42,xgboost,266,232,0,0.08807224780321121,0,0.5
1,3,42,xgboost,272,330,0,0.020248668268322945,0,0.5
1,3,42,xgboost,275,237,0,0.9674458503723145,1,0.5
1,3,42,xgboost,281,238,0,0.07304590195417404,0,0.5
1,3,42,xgboost,286,240,0,0.09695253521203995,0,0.5
1,3,42,xgboost,287,272,0,0.04174521937966347,0,0.5
1,3,42,xgboost,293,221,0,0.10180283337831497,0,0.5
1,3,42,xgboost,295,283,0,0.02331271767616272,0,0.5
1,3,42,xgboost,312,313,0,0.024625983089208603,0,0.5
1,3,42,xgboost,333,274,0,0.11036459356546402,0,0.5
1,3,42,xgboost,338,200,0,0.09487809985876083,0,0.5
1,3,42,xgboost,344,79,0,0.06798756867647171,0,0.5
1,3,42,xgboost,356,79,0,0.06798756867647171,0,0.5
1,3,42,xgboost,357,258,0,0.019961047917604446,0,0.5
1,3,42,xgboost,360,339,0,0.019639454782009125,0,0.5
1,3,42,xgboost,367,127,0,0.06841664761304855,0,0.5
1,3,42,xgboost,377,172,1,0.1992507129907608,0,0.5
1,3,42,xgboost,378,86,0,0.035029176622629166,0,0.5
1,3,42,xgboost,380,103,0,0.03511977568268776,0,0.5
1,3,42,xgboost,384,78,0,0.04444925859570503,0,0.5
1,3,42,xgboost,386,90,0,0.06380783021450043,0,0.5
1,3,42,xgboost,390,179,0,0.1252775639295578,0,0.5
1,3,42,xgboost,392,120,0,0.04283292591571808,0,0.5
1,3,42,xgboost,396,100,0,0.030796421691775322,0,0.5
1,3,42,xgboost,402,102,0,0.03827831149101257,0,0.5
1,3,42,xgboost,403,64,0,0.034156035631895065,0,0.5
1,3,42,xgboost,413,698,0,0.01658436469733715,0,0.5
1,3,42,xgboost,421,433,1,0.9769874811172485,1,0.5
1,3,42,xgboost,423,51,0,0.05172674357891083,0,0.5
1,3,42,xgboost,429,73,0,0.04145685210824013,0,0.5
1,3,42,xgboost,432,600,0,0.03277032822370529,0,0.5
1,3,42,xgboost,437,26,0,0.026115523651242256,0,0.5
1,3,42,xgboost,441,9,0,0.026115523651242256,0,0.5
1,3,42,xgboost,442,26,0,0.026115523651242256,0,0.5
1,3,42,xgboost,450,34,0,0.04254135861992836,0,0.5
1,3,42,xgboost,463,1,0,0.0509246401488781,0,0.5
1,3,42,xgboost,464,25,0,0.7253648638725281,1,0.5
1,3,42,xgboost,479,482,0,0.03155270218849182,0,0.5
1,3,42,xgboost,484,371,0,0.023981312289834023,0,0.5
1,3,42,xgboost,485,286,0,0.029348844662308693,0,0.5
1,3,42,xgboost,489,151,0,0.049092452973127365,0,0.5
1,3,42,xgboost,493,86,0,0.0787062719464302,0,0.5
1,3,42,xgboost,496,451,1,0.949430525302887,1,0.5
1,3,42,xgboost,505,306,0,0.013107361271977425,0,0.5
1,3,42,xgboost,509,384,0,0.013968301005661488,0,0.5
1,3,42,xgboost,512,671,0,0.010151075199246407,0,0.5
1,3,42,xgboost,519,123,0,0.06003158539533615,0,0.5
1,3,42,xgboost,526,469,0,0.03649258241057396,0,0.5
1,3,42,xgboost,532,364,0,0.022860093042254448,0,0.5
1,3,42,xgboost,540,188,0,0.09171456843614578,0,0.5
1,3,42,xgboost,544,50,0,0.27144885063171387,0,0.5
1,3,42,xgboost,569,802,0,0.013216931372880936,0,0.5
1,3,42,xgboost,577,196,0,0.95139080286026,1,0.5
1,3,42,xgboost,582,198,0,0.08911994099617004,0,0.5
1,3,42,xgboost,584,562,0,0.017632441595196724,0,0.5
1,3,42,xgboost,589,784,0,0.023166140541434288,0,0.5
1,3,42,xgboost,592,321,0,0.021838011220097542,0,0.5
1,3,42,xgboost,593,13,0,0.04181797429919243,0,0.5
1,3,42,xgboost,602,670,0,0.015933681279420853,0,0.5
1,3,42,xgboost,605,183,0,0.09015551954507828,0,0.5
1,3,42,xgboost,615,706,0,0.4965609014034271,0,0.5
1,3,42,xgboost,622,710,0,0.029011443257331848,0,0.5
1,3,42,xgboost,626,622,0,0.022903675213456154,0,0.5
1,3,42,xgboost,628,779,0,0.012093331664800644,0,0.5
1,3,42,xgboost,630,424,0,0.03372771665453911,0,0.5
1,3,42,xgboost,631,187,0,0.08085867017507553,0,0.5
1,3,42,xgboost,638,221,0,0.10180283337831497,0,0.5
1,3,42,xgboost,641,761,0,0.015436128713190556,0,0.5
1,3,42,xgboost,645,471,0,0.040432754904031754,0,0.5
1,3,42,xgboost,656,294,0,0.020401842892169952,0,0.5
1,3,42,xgboost,657,260,0,0.04585995152592659,0,0.5
1,3,42,xgboost,664,756,1,0.9868240356445312,1,0.5
1,3,42,xgboost,670,817,1,0.9733120799064636,1,0.5
1,3,42,xgboost,674,795,0,0.021247366443276405,0,0.5
1,3,42,xgboost,676,828,0,0.014271914958953857,0,0.5
1,3,42,xgboost,678,609,0,0.028337547555565834,0,0.5
1,3,42,xgboost,686,704,1,0.9444674849510193,1,0.5
1,3,42,xgboost,687,638,1,0.9648566842079163,1,0.5
1,3,42,xgboost,688,510,1,0.993698239326477,1,0.5
1,3,42,xgboost,692,74,0,0.11910033226013184,0,0.5
1,3,42,xgboost,694,486,0,0.05025796592235565,0,0.5
1,3,42,xgboost,701,524,0,0.016188353300094604,0,0.5
1,3,42,xgboost,703,42,0,0.08242706954479218,0,0.5
1,3,42,xgboost,705,806,0,0.012093405239284039,0,0.5
1,3,42,xgboost,713,31,0,0.02708333358168602,0,0.5
1,3,42,xgboost,714,521,0,0.019257616251707077,0,0.5
1,3,42,xgboost,715,13,0,0.04181797429919243,0,0.5
1,3,42,xgboost,719,769,0,0.9421307444572449,1,0.5
1,3,42,xgboost,723,124,0,0.05798432603478432,0,0.5
1,3,42,xgboost,733,587,0,0.023535870015621185,0,0.5
1,3,42,xgboost,735,6,0,0.021384887397289276,0,0.5
1,3,42,xgboost,745,30,0,0.05492516979575157,0,0.5
1,3,42,xgboost,747,218,0,0.09223717451095581,0,0.5
1,3,42,xgboost,749,541,0,0.03996683284640312,0,0.5
1,3,42,xgboost,750,99,0,0.9531364440917969,1,0.5
1,3,42,xgboost,756,395,0,0.9152786731719971,1,0.5
1,3,42,xgboost,760,44,0,0.03255601227283478,0,0.5
1,3,42,xgboost,766,206,0,0.13799311220645905,0,0.5
1,3,42,xgboost,767,12,0,0.021070141345262527,0,0.5
1,3,42,xgboost,770,357,0,0.03677269071340561,0,0.5
1,3,42,xgboost,776,45,0,0.02891302853822708,0,0.5
1,3,42,xgboost,778,136,0,0.01994529366493225,0,0.5
1,3,42,xgboost,780,110,0,0.07374662905931473,0,0.5
1,3,42,xgboost,786,401,1,0.9759644865989685,1,0.5
1,3,42,xgboost,787,256,0,0.06972657144069672,0,0.5
1,3,42,xgboost,792,314,0,0.009281525388360023,0,0.5
1,3,42,xgboost,798,396,0,0.03594111651182175,0,0.5
1,3,42,xgboost,799,141,0,0.09157587587833405,0,0.5
1,3,42,xgboost,805,668,0,0.017140699550509453,0,0.5
1,3,42,xgboost,809,519,0,0.043945278972387314,0,0.5
1,3,42,xgboost,810,116,0,0.11550912261009216,0,0.5
1,3,42,xgboost,812,4,0,0.061257630586624146,0,0.5
1,3,42,xgboost,817,516,0,0.030194789171218872,0,0.5
1,3,42,xgboost,818,700,0,0.02558576501905918,0,0.5
1,3,42,xgboost,820,352,0,0.03089679777622223,0,0.5
1,3,42,xgboost,838,694,0,0.018593911081552505,0,0.5
1,3,42,xgboost,845,132,0,0.0377381257712841,0,0.5
1,3,42,xgboost,853,672,0,0.020908860489726067,0,0.5
1,3,42,xgboost,857,526,0,0.012104330584406853,0,0.5
1,4,42,dummy_prior,9,804,0,0.06404657933042213,0,0.5
1,4,42,dummy_prior,11,450,0,0.06404657933042213,0,0.5
1,4,42,dummy_prior,13,803,0,0.06404657933042213,0,0.5
1,4,42,dummy_prior,15,776,0,0.06404657933042213,0,0.5
1,4,42,dummy_prior,16,790,0,0.06404657933042213,0,0.5
1,4,42,dummy_prior,17,799,0,0.06404657933042213,0,0.5
1,4,42,dummy_prior,20,797,0,0.06404657933042213,0,0.5
1,4,42,dummy_prior,22,766,1,0.06404657933042213,0,0.5
1,4,42,dummy_prior,27,759,0,0.06404657933042213,0,0.5
1,4,42,dummy_prior,28,742,0,0.06404657933042213,0,0.5
1,4,42,dummy_prior,37,747,0,0.06404657933042213,0,0.5
1,4,42,dummy_prior,39,719,0,0.06404657933042213,0,0.5
1,4,42,dummy_prior,43,723,0,0.06404657933042213,0,0.5
1,4,42,dummy_prior,46,716,0,0.06404657933042213,0,0.5
1,4,42,dummy_prior,47,770,0,0.06404657933042213,0,0.5
1,4,42,dummy_prior,50,721,0,0.06404657933042213,0,0.5
1,4,42,dummy_prior,54,708,0,0.06404657933042213,0,0.5
1,4,42,dummy_prior,57,647,0,0.06404657933042213,0,0.5
1,4,42,dummy_prior,59,692,0,0.06404657933042213,0,0.5
1,4,42,dummy_prior,60,673,0,0.06404657933042213,0,0.5
1,4,42,dummy_prior,66,673,0,0.06404657933042213,0,0.5
1,4,42,dummy_prior,71,677,0,0.06404657933042213,0,0.5
1,4,42,dummy_prior,74,681,0,0.06404657933042213,0,0.5
1,4,42,dummy_prior,75,686,0,0.06404657933042213,0,0.5
1,4,42,dummy_prior,88,618,0,0.06404657933042213,0,0.5
1,4,42,dummy_prior,91,689,0,0.06404657933042213,0,0.5
1,4,42,dummy_prior,98,584,0,0.06404657933042213,0,0.5
1,4,42,dummy_prior,100,669,0,0.06404657933042213,0,0.5
1,4,42,dummy_prior,101,580,0,0.06404657933042213,0,0.5
1,4,42,dummy_prior,103,754,1,0.06404657933042213,0,0.5
1,4,42,dummy_prior,106,577,0,0.06404657933042213,0,0.5
1,4,42,dummy_prior,111,626,0,0.06404657933042213,0,0.5
1,4,42,dummy_prior,120,627,0,0.06404657933042213,0,0.5
1,4,42,dummy_prior,121,579,0,0.06404657933042213,0,0.5
1,4,42,dummy_prior,122,592,0,0.06404657933042213,0,0.5
1,4,42,dummy_prior,123,542,0,0.06404657933042213,0,0.5
1,4,42,dummy_prior,124,571,0,0.06404657933042213,0,0.5
1,4,42,dummy_prior,128,518,0,0.06404657933042213,0,0.5
1,4,42,dummy_prior,137,537,0,0.06404657933042213,0,0.5
1,4,42,dummy_prior,156,448,0,0.06404657933042213,0,0.5
1,4,42,dummy_prior,161,490,0,0.06404657933042213,0,0.5
1,4,42,dummy_prior,168,535,0,0.06404657933042213,0,0.5
1,4,42,dummy_prior,173,529,0,0.06404657933042213,0,0.5
1,4,42,dummy_prior,174,499,0,0.06404657933042213,0,0.5
1,4,42,dummy_prior,177,468,0,0.06404657933042213,0,0.5
1,4,42,dummy_prior,180,414,0,0.06404657933042213,0,0.5
1,4,42,dummy_prior,187,501,0,0.06404657933042213,0,0.5
1,4,42,dummy_prior,193,445,0,0.06404657933042213,0,0.5
1,4,42,dummy_prior,194,397,0,0.06404657933042213,0,0.5
1,4,42,dummy_prior,196,505,0,0.06404657933042213,0,0.5
1,4,42,dummy_prior,199,460,0,0.06404657933042213,0,0.5
1,4,42,dummy_prior,204,222,0,0.06404657933042213,0,0.5
1,4,42,dummy_prior,206,496,0,0.06404657933042213,0,0.5
1,4,42,dummy_prior,209,387,0,0.06404657933042213,0,0.5
1,4,42,dummy_prior,210,399,0,0.06404657933042213,0,0.5
1,4,42,dummy_prior,215,372,0,0.06404657933042213,0,0.5
1,4,42,dummy_prior,216,531,1,0.06404657933042213,0,0.5
1,4,42,dummy_prior,221,407,0,0.06404657933042213,0,0.5
1,4,42,dummy_prior,229,466,0,0.06404657933042213,0,0.5
1,4,42,dummy_prior,230,304,0,0.06404657933042213,0,0.5
1,4,42,dummy_prior,235,378,0,0.06404657933042213,0,0.5
1,4,42,dummy_prior,253,279,0,0.06404657933042213,0,0.5
1,4,42,dummy_prior,263,296,0,0.06404657933042213,0,0.5
1,4,42,dummy_prior,265,247,0,0.06404657933042213,0,0.5
1,4,42,dummy_prior,273,355,0,0.06404657933042213,0,0.5
1,4,42,dummy_prior,278,267,0,0.06404657933042213,0,0.5
1,4,42,dummy_prior,282,219,0,0.06404657933042213,0,0.5
1,4,42,dummy_prior,292,264,0,0.06404657933042213,0,0.5
1,4,42,dummy_prior,301,202,0,0.06404657933042213,0,0.5
1,4,42,dummy_prior,305,201,0,0.06404657933042213,0,0.5
1,4,42,dummy_prior,309,322,0,0.06404657933042213,0,0.5
1,4,42,dummy_prior,310,307,0,0.06404657933042213,0,0.5
1,4,42,dummy_prior,311,368,0,0.06404657933042213,0,0.5
1,4,42,dummy_prior,316,348,0,0.06404657933042213,0,0.5
1,4,42,dummy_prior,318,308,0,0.06404657933042213,0,0.5
1,4,42,dummy_prior,322,180,0,0.06404657933042213,0,0.5
1,4,42,dummy_prior,327,173,0,0.06404657933042213,0,0.5
1,4,42,dummy_prior,330,207,0,0.06404657933042213,0,0.5
1,4,42,dummy_prior,332,583,0,0.06404657933042213,0,0.5
1,4,42,dummy_prior,339,182,0,0.06404657933042213,0,0.5
1,4,42,dummy_prior,342,228,0,0.06404657933042213,0,0.5
1,4,42,dummy_prior,345,276,1,0.06404657933042213,0,0.5
1,4,42,dummy_prior,349,235,0,0.06404657933042213,0,0.5
1,4,42,dummy_prior,350,167,0,0.06404657933042213,0,0.5
1,4,42,dummy_prior,352,152,0,0.06404657933042213,0,0.5
1,4,42,dummy_prior,354,811,0,0.06404657933042213,0,0.5
1,4,42,dummy_prior,362,160,0,0.06404657933042213,0,0.5
1,4,42,dummy_prior,364,147,0,0.06404657933042213,0,0.5
1,4,42,dummy_prior,365,178,0,0.06404657933042213,0,0.5
1,4,42,dummy_prior,370,239,1,0.06404657933042213,0,0.5
1,4,42,dummy_prior,379,224,0,0.06404657933042213,0,0.5
1,4,42,dummy_prior,391,69,0,0.06404657933042213,0,0.5
1,4,42,dummy_prior,394,184,0,0.06404657933042213,0,0.5
1,4,42,dummy_prior,400,55,0,0.06404657933042213,0,0.5
1,4,42,dummy_prior,401,210,0,0.06404657933042213,0,0.5
1,4,42,dummy_prior,415,104,0,0.06404657933042213,0,0.5
1,4,42,dummy_prior,422,89,0,0.06404657933042213,0,0.5
1,4,42,dummy_prior,424,181,0,0.06404657933042213,0,0.5
1,4,42,dummy_prior,443,10,0,0.06404657933042213,0,0.5
1,4,42,dummy_prior,445,36,0,0.06404657933042213,0,0.5
1,4,42,dummy_prior,446,107,0,0.06404657933042213,0,0.5
1,4,42,dummy_prior,453,10,0,0.06404657933042213,0,0.5
1,4,42,dummy_prior,457,18,0,0.06404657933042213,0,0.5
1,4,42,dummy_prior,470,764,0,0.06404657933042213,0,0.5
1,4,42,dummy_prior,471,94,0,0.06404657933042213,0,0.5
1,4,42,dummy_prior,486,496,0,0.06404657933042213,0,0.5
1,4,42,dummy_prior,487,483,0,0.06404657933042213,0,0.5
1,4,42,dummy_prior,492,658,0,0.06404657933042213,0,0.5
1,4,42,dummy_prior,494,165,0,0.06404657933042213,0,0.5
1,4,42,dummy_prior,495,405,0,0.06404657933042213,0,0.5
1,4,42,dummy_prior,501,610,0,0.06404657933042213,0,0.5
1,4,42,dummy_prior,507,71,0,0.06404657933042213,0,0.5
1,4,42,dummy_prior,508,590,0,0.06404657933042213,0,0.5
1,4,42,dummy_prior,513,96,0,0.06404657933042213,0,0.5
1,4,42,dummy_prior,514,476,0,0.06404657933042213,0,0.5
1,4,42,dummy_prior,530,239,1,0.06404657933042213,0,0.5
1,4,42,dummy_prior,531,119,0,0.06404657933042213,0,0.5
1,4,42,dummy_prior,534,93,0,0.06404657933042213,0,0.5
1,4,42,dummy_prior,546,213,0,0.06404657933042213,0,0.5
1,4,42,dummy_prior,564,426,0,0.06404657933042213,0,0.5
1,4,42,dummy_prior,568,338,0,0.06404657933042213,0,0.5
1,4,42,dummy_prior,570,559,0,0.06404657933042213,0,0.5
1,4,42,dummy_prior,573,523,0,0.06404657933042213,0,0.5
1,4,42,dummy_prior,578,126,1,0.06404657933042213,0,0.5
1,4,42,dummy_prior,580,55,0,0.06404657933042213,0,0.5
1,4,42,dummy_prior,585,648,0,0.06404657933042213,0,0.5
1,4,42,dummy_prior,588,813,0,0.06404657933042213,0,0.5
1,4,42,dummy_prior,590,56,0,0.06404657933042213,0,0.5
1,4,42,dummy_prior,599,176,0,0.06404657933042213,0,0.5
1,4,42,dummy_prior,600,506,0,0.06404657933042213,0,0.5
1,4,42,dummy_prior,604,318,0,0.06404657933042213,0,0.5
1,4,42,dummy_prior,623,250,0,0.06404657933042213,0,0.5
1,4,42,dummy_prior,624,118,0,0.06404657933042213,0,0.5
1,4,42,dummy_prior,632,226,0,0.06404657933042213,0,0.5
1,4,42,dummy_prior,646,27,0,0.06404657933042213,0,0.5
1,4,42,dummy_prior,649,613,0,0.06404657933042213,0,0.5
1,4,42,dummy_prior,653,216,1,0.06404657933042213,0,0.5
1,4,42,dummy_prior,659,467,0,0.06404657933042213,0,0.5
1,4,42,dummy_prior,666,67,0,0.06404657933042213,0,0.5
1,4,42,dummy_prior,667,829,0,0.06404657933042213,0,0.5
1,4,42,dummy_prior,669,755,0,0.06404657933042213,0,0.5
1,4,42,dummy_prior,672,0,0,0.06404657933042213,0,0.5
1,4,42,dummy_prior,673,819,1,0.06404657933042213,0,0.5
1,4,42,dummy_prior,684,815,0,0.06404657933042213,0,0.5
1,4,42,dummy_prior,693,98,1,0.06404657933042213,0,0.5
1,4,42,dummy_prior,695,538,0,0.06404657933042213,0,0.5
1,4,42,dummy_prior,704,781,0,0.06404657933042213,0,0.5
1,4,42,dummy_prior,708,254,0,0.06404657933042213,0,0.5
1,4,42,dummy_prior,712,317,0,0.06404657933042213,0,0.5
1,4,42,dummy_prior,720,427,0,0.06404657933042213,0,0.5
1,4,42,dummy_prior,730,775,0,0.06404657933042213,0,0.5
1,4,42,dummy_prior,734,564,0,0.06404657933042213,0,0.5
1,4,42,dummy_prior,738,477,0,0.06404657933042213,0,0.5
1,4,42,dummy_prior,741,129,0,0.06404657933042213,0,0.5
1,4,42,dummy_prior,743,540,0,0.06404657933042213,0,0.5
1,4,42,dummy_prior,757,360,0,0.06404657933042213,0,0.5
1,4,42,dummy_prior,759,101,0,0.06404657933042213,0,0.5
1,4,42,dummy_prior,765,398,0,0.06404657933042213,0,0.5
1,4,42,dummy_prior,777,744,0,0.06404657933042213,0,0.5
1,4,42,dummy_prior,788,752,0,0.06404657933042213,0,0.5
1,4,42,dummy_prior,791,15,0,0.06404657933042213,0,0.5
1,4,42,dummy_prior,793,353,0,0.06404657933042213,0,0.5
1,4,42,dummy_prior,802,14,0,0.06404657933042213,0,0.5
1,4,42,dummy_prior,807,717,0,0.06404657933042213,0,0.5
1,4,42,dummy_prior,814,22,1,0.06404657933042213,0,0.5
1,4,42,dummy_prior,822,726,0,0.06404657933042213,0,0.5
1,4,42,dummy_prior,828,634,0,0.06404657933042213,0,0.5
1,4,42,dummy_prior,836,743,0,0.06404657933042213,0,0.5
1,4,42,dummy_prior,837,606,0,0.06404657933042213,0,0.5
1,4,42,dummy_prior,846,680,0,0.06404657933042213,0,0.5
1,4,42,dummy_prior,850,117,0,0.06404657933042213,0,0.5
1,4,42,logistic_regression,9,804,0,0.2845835445565739,0,0.5
1,4,42,logistic_regression,11,450,0,0.2987150135827924,0,0.5
1,4,42,logistic_regression,13,803,0,0.27853863353332164,0,0.5
1,4,42,logistic_regression,15,776,0,0.307023782363316,0,0.5
1,4,42,logistic_regression,16,790,0,0.2909825164672835,0,0.5
1,4,42,logistic_regression,17,799,0,0.3659604171262809,0,0.5
1,4,42,logistic_regression,20,797,0,0.3305671917127019,0,0.5
1,4,42,logistic_regression,22,766,1,0.9226228637606837,1,0.5
1,4,42,logistic_regression,27,759,0,0.2912031180122948,0,0.5
1,4,42,logistic_regression,28,742,0,0.29837534167247526,0,0.5
1,4,42,logistic_regression,37,747,0,0.25143935500907905,0,0.5
1,4,42,logistic_regression,39,719,0,0.28743795401788064,0,0.5
1,4,42,logistic_regression,43,723,0,0.28249042946220176,0,0.5
1,4,42,logistic_regression,46,716,0,0.2820322981112402,0,0.5
1,4,42,logistic_regression,47,770,0,0.25855504129357026,0,0.5
1,4,42,logistic_regression,50,721,0,0.28255651748706284,0,0.5
1,4,42,logistic_regression,54,708,0,0.30406929957796186,0,0.5
1,4,42,logistic_regression,57,647,0,0.9622302991840079,1,0.5
1,4,42,logistic_regression,59,692,0,0.3480384222207454,0,0.5
1,4,42,logistic_regression,60,673,0,0.29897107963077835,0,0.5
1,4,42,logistic_regression,66,673,0,0.29897107963077835,0,0.5
1,4,42,logistic_regression,71,677,0,0.14784497259077695,0,0.5
1,4,42,logistic_regression,74,681,0,0.19558663375829244,0,0.5
1,4,42,logistic_regression,75,686,0,0.27116514145095966,0,0.5
1,4,42,logistic_regression,88,618,0,0.2795465886589036,0,0.5
1,4,42,logistic_regression,91,689,0,0.33054391245731,0,0.5
1,4,42,logistic_regression,98,584,0,0.19615212304775137,0,0.5
1,4,42,logistic_regression,100,669,0,0.34540787808936574,0,0.5
1,4,42,logistic_regression,101,580,0,0.6579235869446344,1,0.5
1,4,42,logistic_regression,103,754,1,0.9240953580309502,1,0.5
1,4,42,logistic_regression,106,577,0,0.3089619762248051,0,0.5
1,4,42,logistic_regression,111,626,0,0.21596335921408563,0,0.5
1,4,42,logistic_regression,120,627,0,0.28817658656000744,0,0.5
1,4,42,logistic_regression,121,579,0,0.31137509613621345,0,0.5
1,4,42,logistic_regression,122,592,0,0.3119551118767631,0,0.5
1,4,42,logistic_regression,123,542,0,0.30636066452514993,0,0.5
1,4,42,logistic_regression,124,571,0,0.33059788035436655,0,0.5
1,4,42,logistic_regression,128,518,0,0.24830499876220827,0,0.5
1,4,42,logistic_regression,137,537,0,0.29527959374542306,0,0.5
1,4,42,logistic_regression,156,448,0,0.28304403064568884,0,0.5
1,4,42,logistic_regression,161,490,0,0.2845673899397017,0,0.5
1,4,42,logistic_regression,168,535,0,0.2737132157819305,0,0.5
1,4,42,logistic_regression,173,529,0,0.3789337843032547,0,0.5
1,4,42,logistic_regression,174,499,0,0.36733566406743334,0,0.5
1,4,42,logistic_regression,177,468,0,0.27766394214184903,0,0.5
1,4,42,logistic_regression,180,414,0,0.27214690320743484,0,0.5
1,4,42,logistic_regression,187,501,0,0.45592663215333534,0,0.5
1,4,42,logistic_regression,193,445,0,0.21680550738635707,0,0.5
1,4,42,logistic_regression,194,397,0,0.2972864364963727,0,0.5
1,4,42,logistic_regression,196,505,0,0.2837584801157279,0,0.5
1,4,42,logistic_regression,199,460,0,0.2666806177009529,0,0.5
1,4,42,logistic_regression,204,222,0,0.26339608850686264,0,0.5
1,4,42,logistic_regression,206,496,0,0.27336827074886577,0,0.5
1,4,42,logistic_regression,209,387,0,0.2965140302186799,0,0.5
1,4,42,logistic_regression,210,399,0,0.30171128316618934,0,0.5
1,4,42,logistic_regression,215,372,0,0.2545773299408309,0,0.5
1,4,42,logistic_regression,216,531,1,0.9569213681882498,1,0.5
1,4,42,logistic_regression,221,407,0,0.23492634518398312,0,0.5
1,4,42,logistic_regression,229,466,0,0.7863776064117476,1,0.5
1,4,42,logistic_regression,230,304,0,0.2617390855127475,0,0.5
1,4,42,logistic_regression,235,378,0,0.26035674132572334,0,0.5
1,4,42,logistic_regression,253,279,0,0.2637547073591794,0,0.5
1,4,42,logistic_regression,263,296,0,0.26432384084049987,0,0.5
1,4,42,logistic_regression,265,247,0,0.23889694013788149,0,0.5
1,4,42,logistic_regression,273,355,0,0.260255342185522,0,0.5
1,4,42,logistic_regression,278,267,0,0.26753283999877553,0,0.5
1,4,42,logistic_regression,282,219,0,0.26424360427623733,0,0.5
1,4,42,logistic_regression,292,264,0,0.2861109299435344,0,0.5
1,4,42,logistic_regression,301,202,0,0.2485440602421808,0,0.5
1,4,42,logistic_regression,305,201,0,0.31373924984317864,0,0.5
1,4,42,logistic_regression,309,322,0,0.3018415359731697,0,0.5
1,4,42,logistic_regression,310,307,0,0.26072115934920603,0,0.5
1,4,42,logistic_regression,311,368,0,0.3171022500080807,0,0.5
1,4,42,logistic_regression,316,348,0,0.170910360493901,0,0.5
1,4,42,logistic_regression,318,308,0,0.2722137289381467,0,0.5
1,4,42,logistic_regression,322,180,0,0.2751833455813017,0,0.5
1,4,42,logistic_regression,327,173,0,0.2555671525971687,0,0.5
1,4,42,logistic_regression,330,207,0,0.15954093134892713,0,0.5
1,4,42,logistic_regression,332,583,0,0.30978150417407163,0,0.5
1,4,42,logistic_regression,339,182,0,0.26017939443718596,0,0.5
1,4,42,logistic_regression,342,228,0,0.26116644952423335,0,0.5
1,4,42,logistic_regression,345,276,1,0.6970316142858068,1,0.5
1,4,42,logistic_regression,349,235,0,0.27929048944761237,0,0.5
1,4,42,logistic_regression,350,167,0,0.1683908992226722,0,0.5
1,4,42,logistic_regression,352,152,0,0.2636726991449416,0,0.5
1,4,42,logistic_regression,354,811,0,0.9184773700580446,1,0.5
1,4,42,logistic_regression,362,160,0,0.27012498735351503,0,0.5
1,4,42,logistic_regression,364,147,0,0.27240031627230815,0,0.5
1,4,42,logistic_regression,365,178,0,0.2520318184596332,0,0.5
1,4,42,logistic_regression,370,239,1,0.9079300668843361,1,0.5
1,4,42,logistic_regression,379,224,0,0.25540153910094615,0,0.5
1,4,42,logistic_regression,391,69,0,0.16683923089165015,0,0.5
1,4,42,logistic_regression,394,184,0,0.39944050830239947,0,0.5
1,4,42,logistic_regression,400,55,0,0.2616213343699468,0,0.5
1,4,42,logistic_regression,401,210,0,0.29317141032590965,0,0.5
1,4,42,logistic_regression,415,104,0,0.27271526077863617,0,0.5
1,4,42,logistic_regression,422,89,0,0.6758318082224904,1,0.5
1,4,42,logistic_regression,424,181,0,0.5590130854137715,1,0.5
1,4,42,logistic_regression,443,10,0,0.16024266075502572,0,0.5
1,4,42,logistic_regression,445,36,0,0.16292222493183728,0,0.5
1,4,42,logistic_regression,446,107,0,0.3020443860697516,0,0.5
1,4,42,logistic_regression,453,10,0,0.16024266075502572,0,0.5
1,4,42,logistic_regression,457,18,0,0.4194223301479309,0,0.5
1,4,42,logistic_regression,470,764,0,0.31639687972971203,0,0.5
1,4,42,logistic_regression,471,94,0,0.26272018075363646,0,0.5
1,4,42,logistic_regression,486,496,0,0.27336827074886577,0,0.5
1,4,42,logistic_regression,487,483,0,0.2705749416297047,0,0.5
1,4,42,logistic_regression,492,658,0,0.2827065458059685,0,0.5
1,4,42,logistic_regression,494,165,0,0.25709358650141095,0,0.5
1,4,42,logistic_regression,495,405,0,0.17508291750824823,0,0.5
1,4,42,logistic_regression,501,610,0,0.281289942839154,0,0.5
1,4,42,logistic_regression,507,71,0,0.25198633389264463,0,0.5
1,4,42,logistic_regression,508,590,0,0.38570365198136136,0,0.5
1,4,42,logistic_regression,513,96,0,0.2556253337522033,0,0.5
1,4,42,logistic_regression,514,476,0,0.272623580319033,0,0.5
1,4,42,logistic_regression,530,239,1,0.9079300668843361,1,0.5
1,4,42,logistic_regression,531,119,0,0.26500150445812465,0,0.5
1,4,42,logistic_regression,534,93,0,0.2607913740330986,0,0.5
1,4,42,logistic_regression,546,213,0,0.3206622954283955,0,0.5
1,4,42,logistic_regression,564,426,0,0.21583600016219093,0,0.5
1,4,42,logistic_regression,568,338,0,0.2504635404152166,0,0.5
1,4,42,logistic_regression,570,559,0,0.2843590481789247,0,0.5
1,4,42,logistic_regression,573,523,0,0.3094697740105975,0,0.5
1,4,42,logistic_regression,578,126,1,0.9907286095243492,1,0.5
1,4,42,logistic_regression,580,55,0,0.2616213343699468,0,0.5
1,4,42,logistic_regression,585,648,0,0.2754698306214851,0,0.5
1,4,42,logistic_regression,588,813,0,0.35405306567309086,0,0.5
1,4,42,logistic_regression,590,56,0,0.2530704086431721,0,0.5
1,4,42,logistic_regression,599,176,0,0.30534027276195963,0,0.5
1,4,42,logistic_regression,600,506,0,0.257355460096314,0,0.5
1,4,42,logistic_regression,604,318,0,0.2715685809884413,0,0.5
1,4,42,logistic_regression,623,250,0,0.255180345520668,0,0.5
1,4,42,logistic_regression,624,118,0,0.27275633966469015,0,0.5
1,4,42,logistic_regression,632,226,0,0.2796461616895893,0,0.5
1,4,42,logistic_regression,646,27,0,0.9054343309896968,1,0.5
1,4,42,logistic_regression,649,613,0,0.5946658633233508,1,0.5
1,4,42,logistic_regression,653,216,1,0.7279260364510903,1,0.5
1,4,42,logistic_regression,659,467,0,0.2903359511795555,0,0.5
1,4,42,logistic_regression,666,67,0,0.2695068653145053,0,0.5
1,4,42,logistic_regression,667,829,0,0.2977989131236774,0,0.5
1,4,42,logistic_regression,669,755,0,0.894280098263328,1,0.5
1,4,42,logistic_regression,672,0,0,0.24083384559440785,0,0.5
1,4,42,logistic_regression,673,819,1,0.8076461044553289,1,0.5
1,4,42,logistic_regression,684,815,0,0.313642353329422,0,0.5
1,4,42,logistic_regression,693,98,1,0.7560292069491529,1,0.5
1,4,42,logistic_regression,695,538,0,0.2581174625062701,0,0.5
1,4,42,logistic_regression,704,781,0,0.794698754332975,1,0.5
1,4,42,logistic_regression,708,254,0,0.2409809081581152,0,0.5
1,4,42,logistic_regression,712,317,0,0.3038005929933343,0,0.5
1,4,42,logistic_regression,720,427,0,0.2871462097442937,0,0.5
1,4,42,logistic_regression,730,775,0,0.3061137284515884,0,0.5
1,4,42,logistic_regression,734,564,0,0.28147881651949663,0,0.5
1,4,42,logistic_regression,738,477,0,0.49924134299583733,0,0.5
1,4,42,logistic_regression,741,129,0,0.1718343414105528,0,0.5
1,4,42,logistic_regression,743,540,0,0.30345931701941636,0,0.5
1,4,42,logistic_regression,757,360,0,0.21347461956674427,0,0.5
1,4,42,logistic_regression,759,101,0,0.5214413069294468,1,0.5
1,4,42,logistic_regression,765,398,0,0.7881351287311992,1,0.5
1,4,42,logistic_regression,777,744,0,0.2591225716076169,0,0.5
1,4,42,logistic_regression,788,752,0,0.5342722409628566,1,0.5
1,4,42,logistic_regression,791,15,0,0.26929344370258707,0,0.5
1,4,42,logistic_regression,793,353,0,0.25436019476155936,0,0.5
1,4,42,logistic_regression,802,14,0,0.2617401047703367,0,0.5
1,4,42,logistic_regression,807,717,0,0.21762788374462028,0,0.5
1,4,42,logistic_regression,814,22,1,0.173506165401377,0,0.5
1,4,42,logistic_regression,822,726,0,0.3830236906501573,0,0.5
1,4,42,logistic_regression,828,634,0,0.24037604884496017,0,0.5
1,4,42,logistic_regression,836,743,0,0.21492189708647377,0,0.5
1,4,42,logistic_regression,837,606,0,0.2923630682677142,0,0.5
1,4,42,logistic_regression,846,680,0,0.25281908577065265,0,0.5
1,4,42,logistic_regression,850,117,0,0.23974915290588603,0,0.5
1,4,42,xgboost,9,804,0,0.08250796049833298,0,0.5
1,4,42,xgboost,11,450,0,0.08175400644540787,0,0.5
1,4,42,xgboost,13,803,0,0.08175400644540787,0,0.5
1,4,42,xgboost,15,776,0,0.08175400644540787,0,0.5
1,4,42,xgboost,16,790,0,0.08175400644540787,0,0.5
1,4,42,xgboost,17,799,0,0.11709680408239365,0,0.5
1,4,42,xgboost,20,797,0,0.12097345292568207,0,0.5
1,4,42,xgboost,22,766,1,0.9342716336250305,1,0.5
1,4,42,xgboost,27,759,0,0.12097345292568207,0,0.5
1,4,42,xgboost,28,742,0,0.08175400644540787,0,0.5
1,4,42,xgboost,37,747,0,0.08175400644540787,0,0.5
1,4,42,xgboost,39,719,0,0.08175400644540787,0,0.5
1,4,42,xgboost,43,723,0,0.08175400644540787,0,0.5
1,4,42,xgboost,46,716,0,0.08175400644540787,0,0.5
1,4,42,xgboost,47,770,0,0.08175400644540787,0,0.5
1,4,42,xgboost,50,721,0,0.11709680408239365,0,0.5
1,4,42,xgboost,54,708,0,0.07902119308710098,0,0.5
1,4,42,xgboost,57,647,0,0.9066891074180603,1,0.5
1,4,42,xgboost,59,692,0,0.12097345292568207,0,0.5
1,4,42,xgboost,60,673,0,0.08175400644540787,0,0.5
1,4,42,xgboost,66,673,0,0.08175400644540787,0,0.5
1,4,42,xgboost,71,677,0,0.08175400644540787,0,0.5
1,4,42,xgboost,74,681,0,0.08175400644540787,0,0.5
1,4,42,xgboost,75,686,0,0.08175400644540787,0,0.5
1,4,42,xgboost,88,618,0,0.07902119308710098,0,0.5
1,4,42,xgboost,91,689,0,0.11709680408239365,0,0.5
1,4,42,xgboost,98,584,0,0.12097345292568207,0,0.5
1,4,42,xgboost,100,669,0,0.11709680408239365,0,0.5
1,4,42,xgboost,101,580,0,0.24391381442546844,0,0.5
1,4,42,xgboost,103,754,1,0.9400590062141418,1,0.5
1,4,42,xgboost,106,577,0,0.07902119308710098,0,0.5
1,4,42,xgboost,111,626,0,0.1127684935927391,0,0.5
1,4,42,xgboost,120,627,0,0.11709680408239365,0,0.5
1,4,42,xgboost,121,579,0,0.08243583887815475,0,0.5
1,4,42,xgboost,122,592,0,0.1636885702610016,0,0.5
1,4,42,xgboost,123,542,0,0.085275799036026,0,0.5
1,4,42,xgboost,124,571,0,0.12097345292568207,0,0.5
1,4,42,xgboost,128,518,0,0.08175400644540787,0,0.5
1,4,42,xgboost,137,537,0,0.08175400644540787,0,0.5
1,4,42,xgboost,156,448,0,0.07902119308710098,0,0.5
1,4,42,xgboost,161,490,0,0.08175400644540787,0,0.5
1,4,42,xgboost,168,535,0,0.07902119308710098,0,0.5
1,4,42,xgboost,173,529,0,0.07902119308710098,0,0.5
1,4,42,xgboost,174,499,0,0.1406828761100769,0,0.5
1,4,42,xgboost,177,468,0,0.08175400644540787,0,0.5
1,4,42,xgboost,180,414,0,0.07902119308710098,0,0.5
1,4,42,xgboost,187,501,0,0.09001573920249939,0,0.5
1,4,42,xgboost,193,445,0,0.08243583887815475,0,0.5
1,4,42,xgboost,194,397,0,0.08175400644540787,0,0.5
1,4,42,xgboost,196,505,0,0.08175400644540787,0,0.5
1,4,42,xgboost,199,460,0,0.08175400644540787,0,0.5
1,4,42,xgboost,204,222,0,0.1579323709011078,0,0.5
1,4,42,xgboost,206,496,0,0.08175400644540787,0,0.5
1,4,42,xgboost,209,387,0,0.07902119308710098,0,0.5
1,4,42,xgboost,210,399,0,0.12944337725639343,0,0.5
1,4,42,xgboost,215,372,0,0.08175400644540787,0,0.5
1,4,42,xgboost,216,531,1,0.9389895796775818,1,0.5
1,4,42,xgboost,221,407,0,0.08175400644540787,0,0.5
1,4,42,xgboost,229,466,0,0.30138644576072693,0,0.5
1,4,42,xgboost,230,304,0,0.08175400644540787,0,0.5
1,4,42,xgboost,235,378,0,0.08175400644540787,0,0.5
1,4,42,xgboost,253,279,0,0.07902119308710098,0,0.5
1,4,42,xgboost,263,296,0,0.17325539886951447,0,0.5
1,4,42,xgboost,265,247,0,0.153077632188797,0,0.5
1,4,42,xgboost,273,355,0,0.09525752067565918,0,0.5
1,4,42,xgboost,278,267,0,0.08175400644540787,0,0.5
1,4,42,xgboost,282,219,0,0.1579323709011078,0,0.5
1,4,42,xgboost,292,264,0,0.08175400644540787,0,0.5
1,4,42,xgboost,301,202,0,0.19268587231636047,0,0.5
1,4,42,xgboost,305,201,0,0.2059255987405777,0,0.5
1,4,42,xgboost,309,322,0,0.07902119308710098,0,0.5
1,4,42,xgboost,310,307,0,0.08175400644540787,0,0.5
1,4,42,xgboost,311,368,0,0.1284271478652954,0,0.5
1,4,42,xgboost,316,348,0,0.08175400644540787,0,0.5
1,4,42,xgboost,318,308,0,0.08175400644540787,0,0.5
1,4,42,xgboost,322,180,0,0.1985023319721222,0,0.5
1,4,42,xgboost,327,173,0,0.19268587231636047,0,0.5
1,4,42,xgboost,330,207,0,0.153077632188797,0,0.5
1,4,42,xgboost,332,583,0,0.12097345292568207,0,0.5
1,4,42,xgboost,339,182,0,0.1985023319721222,0,0.5
1,4,42,xgboost,342,228,0,0.153077632188797,0,0.5
1,4,42,xgboost,345,276,1,0.8761155009269714,1,0.5
1,4,42,xgboost,349,235,0,0.153077632188797,0,0.5
1,4,42,xgboost,350,167,0,0.1985023319721222,0,0.5
1,4,42,xgboost,352,152,0,0.0950506329536438,0,0.5
1,4,42,xgboost,354,811,0,0.9393450021743774,1,0.5
1,4,42,xgboost,362,160,0,0.19268587231636047,0,0.5
1,4,42,xgboost,364,147,0,0.0950506329536438,0,0.5
1,4,42,xgboost,365,178,0,0.19268587231636047,0,0.5
1,4,42,xgboost,370,239,1,0.9272431135177612,1,0.5
1,4,42,xgboost,379,224,0,0.153077632188797,0,0.5
1,4,42,xgboost,391,69,0,0.0950506329536438,0,0.5
1,4,42,xgboost,394,184,0,0.22211165726184845,0,0.5
1,4,42,xgboost,400,55,0,0.0950506329536438,0,0.5
1,4,42,xgboost,401,210,0,0.153077632188797,0,0.5
1,4,42,xgboost,415,104,0,0.0950506329536438,0,0.5
1,4,42,xgboost,422,89,0,0.2145267277956009,0,0.5
1,4,42,xgboost,424,181,0,0.3525937795639038,0,0.5
1,4,42,xgboost,443,10,0,0.0950506329536438,0,0.5
1,4,42,xgboost,445,36,0,0.0950506329536438,0,0.5
1,4,42,xgboost,446,107,0,0.09827864170074463,0,0.5
1,4,42,xgboost,453,10,0,0.0950506329536438,0,0.5
1,4,42,xgboost,457,18,0,0.1969166398048401,0,0.5
1,4,42,xgboost,470,764,0,0.12595301866531372,0,0.5
1,4,42,xgboost,471,94,0,0.0950506329536438,0,0.5
1,4,42,xgboost,486,496,0,0.08175400644540787,0,0.5
1,4,42,xgboost,487,483,0,0.08175400644540787,0,0.5
1,4,42,xgboost,492,658,0,0.08175400644540787,0,0.5
1,4,42,xgboost,494,165,0,0.1985023319721222,0,0.5
1,4,42,xgboost,495,405,0,0.07902119308710098,0,0.5
1,4,42,xgboost,501,610,0,0.08175400644540787,0,0.5
1,4,42,xgboost,507,71,0,0.0950506329536438,0,0.5
1,4,42,xgboost,508,590,0,0.09309034794569016,0,0.5
1,4,42,xgboost,513,96,0,0.09827864170074463,0,0.5
1,4,42,xgboost,514,476,0,0.085275799036026,0,0.5
1,4,42,xgboost,530,239,1,0.9272431135177612,1,0.5
1,4,42,xgboost,531,119,0,0.0950506329536438,0,0.5
1,4,42,xgboost,534,93,0,0.0950506329536438,0,0.5
1,4,42,xgboost,546,213,0,0.1579323709011078,0,0.5
1,4,42,xgboost,564,426,0,0.08175400644540787,0,0.5
1,4,42,xgboost,568,338,0,0.08175400644540787,0,0.5
1,4,42,xgboost,570,559,0,0.08175400644540787,0,0.5
1,4,42,xgboost,573,523,0,0.08175400644540787,0,0.5
1,4,42,xgboost,578,126,1,0.922999918460846,1,0.5
1,4,42,xgboost,580,55,0,0.0950506329536438,0,0.5
1,4,42,xgboost,585,648,0,0.08175400644540787,0,0.5
1,4,42,xgboost,588,813,0,0.12193895876407623,0,0.5
1,4,42,xgboost,590,56,0,0.0950506329536438,0,0.5
1,4,42,xgboost,599,176,0,0.19268587231636047,0,0.5
1,4,42,xgboost,600,506,0,0.08175400644540787,0,0.5
1,4,42,xgboost,604,318,0,0.08175400644540787,0,0.5
1,4,42,xgboost,623,250,0,0.08175400644540787,0,0.5
1,4,42,xgboost,624,118,0,0.11417227983474731,0,0.5
1,4,42,xgboost,632,226,0,0.153077632188797,0,0.5
1,4,42,xgboost,646,27,0,0.8017185926437378,1,0.5
1,4,42,xgboost,649,613,0,0.1759934276342392,0,0.5
1,4,42,xgboost,653,216,1,0.37649255990982056,0,0.5
1,4,42,xgboost,659,467,0,0.07902119308710098,0,0.5
1,4,42,xgboost,666,67,0,0.0950506329536438,0,0.5
1,4,42,xgboost,667,829,0,0.11709680408239365,0,0.5
1,4,42,xgboost,669,755,0,0.9015105366706848,1,0.5
1,4,42,xgboost,672,0,0,0.13560032844543457,0,0.5
1,4,42,xgboost,673,819,1,0.891823410987854,1,0.5
1,4,42,xgboost,684,815,0,0.11709680408239365,0,0.5
1,4,42,xgboost,693,98,1,0.7702575325965881,1,0.5
1,4,42,xgboost,695,538,0,0.08175400644540787,0,0.5
1,4,42,xgboost,704,781,0,0.8875530958175659,1,0.5
1,4,42,xgboost,708,254,0,0.08175400644540787,0,0.5
1,4,42,xgboost,712,317,0,0.08175400644540787,0,0.5
1,4,42,xgboost,720,427,0,0.08175400644540787,0,0.5
1,4,42,xgboost,730,775,0,0.08175400644540787,0,0.5
1,4,42,xgboost,734,564,0,0.08175400644540787,0,0.5
1,4,42,xgboost,738,477,0,0.09303943067789078,0,0.5
1,4,42,xgboost,741,129,0,0.11417227983474731,0,0.5
1,4,42,xgboost,743,540,0,0.12595301866531372,0,0.5
1,4,42,xgboost,757,360,0,0.08175400644540787,0,0.5
1,4,42,xgboost,759,101,0,0.2110375165939331,0,0.5
1,4,42,xgboost,765,398,0,0.3111634850502014,0,0.5
1,4,42,xgboost,777,744,0,0.08175400644540787,0,0.5
1,4,42,xgboost,788,752,0,0.242248997092247,0,0.5
1,4,42,xgboost,791,15,0,0.11417227983474731,0,0.5
1,4,42,xgboost,793,353,0,0.08175400644540787,0,0.5
1,4,42,xgboost,802,14,0,0.11417227983474731,0,0.5
1,4,42,xgboost,807,717,0,0.09309034794569016,0,0.5
1,4,42,xgboost,814,22,1,0.11417227983474731,0,0.5
1,4,42,xgboost,822,726,0,0.08922827243804932,0,0.5
1,4,42,xgboost,828,634,0,0.09776924550533295,0,0.5
1,4,42,xgboost,836,743,0,0.09776924550533295,0,0.5
1,4,42,xgboost,837,606,0,0.09704889357089996,0,0.5
1,4,42,xgboost,846,680,0,0.08175400644540787,0,0.5
1,4,42,xgboost,850,117,0,0.13560032844543457,0,0.5
1,5,42,dummy_prior,6,823,1,0.06404657933042213,0,0.5
1,5,42,dummy_prior,7,413,0,0.06404657933042213,0,0.5
1,5,42,dummy_prior,34,749,0,0.06404657933042213,0,0.5
1,5,42,dummy_prior,38,758,0,0.06404657933042213,0,0.5
1,5,42,dummy_prior,40,746,0,0.06404657933042213,0,0.5
1,5,42,dummy_prior,64,750,1,0.06404657933042213,0,0.5
1,5,42,dummy_prior,67,728,0,0.06404657933042213,0,0.5
1,5,42,dummy_prior,69,705,0,0.06404657933042213,0,0.5
1,5,42,dummy_prior,73,685,0,0.06404657933042213,0,0.5
1,5,42,dummy_prior,77,646,0,0.06404657933042213,0,0.5
1,5,42,dummy_prior,78,693,0,0.06404657933042213,0,0.5
1,5,42,dummy_prior,82,615,0,0.06404657933042213,0,0.5
1,5,42,dummy_prior,83,621,0,0.06404657933042213,0,0.5
1,5,42,dummy_prior,89,632,0,0.06404657933042213,0,0.5
1,5,42,dummy_prior,95,604,0,0.06404657933042213,0,0.5
1,5,42,dummy_prior,96,701,1,0.06404657933042213,0,0.5
1,5,42,dummy_prior,102,599,0,0.06404657933042213,0,0.5
1,5,42,dummy_prior,109,612,0,0.06404657933042213,0,0.5
1,5,42,dummy_prior,113,328,0,0.06404657933042213,0,0.5
1,5,42,dummy_prior,117,570,0,0.06404657933042213,0,0.5
1,5,42,dummy_prior,118,560,0,0.06404657933042213,0,0.5
1,5,42,dummy_prior,119,498,0,0.06404657933042213,0,0.5
1,5,42,dummy_prior,129,557,0,0.06404657933042213,0,0.5
1,5,42,dummy_prior,133,651,0,0.06404657933042213,0,0.5
1,5,42,dummy_prior,136,586,0,0.06404657933042213,0,0.5
1,5,42,dummy_prior,138,517,0,0.06404657933042213,0,0.5
1,5,42,dummy_prior,140,553,0,0.06404657933042213,0,0.5
1,5,42,dummy_prior,141,194,0,0.06404657933042213,0,0.5
1,5,42,dummy_prior,145,595,0,0.06404657933042213,0,0.5
1,5,42,dummy_prior,146,576,0,0.06404657933042213,0,0.5
1,5,42,dummy_prior,149,594,0,0.06404657933042213,0,0.5
1,5,42,dummy_prior,152,438,0,0.06404657933042213,0,0.5
1,5,42,dummy_prior,159,463,0,0.06404657933042213,0,0.5
1,5,42,dummy_prior,162,481,0,0.06404657933042213,0,0.5
1,5,42,dummy_prior,166,515,0,0.06404657933042213,0,0.5
1,5,42,dummy_prior,167,461,0,0.06404657933042213,0,0.5
1,5,42,dummy_prior,170,434,0,0.06404657933042213,0,0.5
1,5,42,dummy_prior,175,412,0,0.06404657933042213,0,0.5
1,5,42,dummy_prior,176,452,0,0.06404657933042213,0,0.5
1,5,42,dummy_prior,190,513,0,0.06404657933042213,0,0.5
1,5,42,dummy_prior,192,459,0,0.06404657933042213,0,0.5
1,5,42,dummy_prior,195,429,0,0.06404657933042213,0,0.5
1,5,42,dummy_prior,197,442,0,0.06404657933042213,0,0.5
1,5,42,dummy_prior,202,454,0,0.06404657933042213,0,0.5
1,5,42,dummy_prior,205,388,1,0.06404657933042213,0,0.5
1,5,42,dummy_prior,207,437,0,0.06404657933042213,0,0.5
1,5,42,dummy_prior,211,453,0,0.06404657933042213,0,0.5
1,5,42,dummy_prior,217,408,0,0.06404657933042213,0,0.5
1,5,42,dummy_prior,219,324,0,0.06404657933042213,0,0.5
1,5,42,dummy_prior,220,406,0,0.06404657933042213,0,0.5
1,5,42,dummy_prior,227,394,0,0.06404657933042213,0,0.5
1,5,42,dummy_prior,233,345,0,0.06404657933042213,0,0.5
1,5,42,dummy_prior,234,406,0,0.06404657933042213,0,0.5
1,5,42,dummy_prior,240,334,0,0.06404657933042213,0,0.5
1,5,42,dummy_prior,243,402,0,0.06404657933042213,0,0.5
1,5,42,dummy_prior,246,487,0,0.06404657933042213,0,0.5
1,5,42,dummy_prior,257,273,1,0.06404657933042213,0,0.5
1,5,42,dummy_prior,269,410,0,0.06404657933042213,0,0.5
1,5,42,dummy_prior,271,359,0,0.06404657933042213,0,0.5
1,5,42,dummy_prior,279,263,0,0.06404657933042213,0,0.5
1,5,42,dummy_prior,285,430,0,0.06404657933042213,0,0.5
1,5,42,dummy_prior,294,288,0,0.06404657933042213,0,0.5
1,5,42,dummy_prior,308,382,0,0.06404657933042213,0,0.5
1,5,42,dummy_prior,317,170,0,0.06404657933042213,0,0.5
1,5,42,dummy_prior,319,293,0,0.06404657933042213,0,0.5
1,5,42,dummy_prior,320,271,1,0.06404657933042213,0,0.5
1,5,42,dummy_prior,325,169,1,0.06404657933042213,0,0.5
1,5,42,dummy_prior,329,290,0,0.06404657933042213,0,0.5
1,5,42,dummy_prior,331,446,0,0.06404657933042213,0,0.5
1,5,42,dummy_prior,341,121,0,0.06404657933042213,0,0.5
1,5,42,dummy_prior,346,149,0,0.06404657933042213,0,0.5
1,5,42,dummy_prior,348,125,0,0.06404657933042213,0,0.5
1,5,42,dummy_prior,351,155,0,0.06404657933042213,0,0.5
1,5,42,dummy_prior,355,140,0,0.06404657933042213,0,0.5
1,5,42,dummy_prior,358,212,0,0.06404657933042213,0,0.5
1,5,42,dummy_prior,366,143,0,0.06404657933042213,0,0.5
1,5,42,dummy_prior,369,82,0,0.06404657933042213,0,0.5
1,5,42,dummy_prior,373,312,0,0.06404657933042213,0,0.5
1,5,42,dummy_prior,381,145,0,0.06404657933042213,0,0.5
1,5,42,dummy_prior,383,134,1,0.06404657933042213,0,0.5
1,5,42,dummy_prior,395,82,0,0.06404657933042213,0,0.5
1,5,42,dummy_prior,399,209,0,0.06404657933042213,0,0.5
1,5,42,dummy_prior,409,54,0,0.06404657933042213,0,0.5
1,5,42,dummy_prior,410,171,0,0.06404657933042213,0,0.5
1,5,42,dummy_prior,412,87,0,0.06404657933042213,0,0.5
1,5,42,dummy_prior,419,149,0,0.06404657933042213,0,0.5
1,5,42,dummy_prior,426,114,0,0.06404657933042213,0,0.5
1,5,42,dummy_prior,427,161,0,0.06404657933042213,0,0.5
1,5,42,dummy_prior,434,192,1,0.06404657933042213,0,0.5
1,5,42,dummy_prior,435,54,0,0.06404657933042213,0,0.5
1,5,42,dummy_prior,447,63,0,0.06404657933042213,0,0.5
1,5,42,dummy_prior,455,77,0,0.06404657933042213,0,0.5
1,5,42,dummy_prior,459,3,0,0.06404657933042213,0,0.5
1,5,42,dummy_prior,467,41,0,0.06404657933042213,0,0.5
1,5,42,dummy_prior,468,11,0,0.06404657933042213,0,0.5
1,5,42,dummy_prior,474,640,0,0.06404657933042213,0,0.5
1,5,42,dummy_prior,476,753,0,0.06404657933042213,0,0.5
1,5,42,dummy_prior,483,190,0,0.06404657933042213,0,0.5
1,5,42,dummy_prior,490,375,0,0.06404657933042213,0,0.5
1,5,42,dummy_prior,497,356,0,0.06404657933042213,0,0.5
1,5,42,dummy_prior,500,763,0,0.06404657933042213,0,0.5
1,5,42,dummy_prior,503,735,0,0.06404657933042213,0,0.5
1,5,42,dummy_prior,504,428,0,0.06404657933042213,0,0.5
1,5,42,dummy_prior,516,174,0,0.06404657933042213,0,0.5
1,5,42,dummy_prior,520,53,0,0.06404657933042213,0,0.5
1,5,42,dummy_prior,524,628,0,0.06404657933042213,0,0.5
1,5,42,dummy_prior,528,547,0,0.06404657933042213,0,0.5
1,5,42,dummy_prior,537,365,0,0.06404657933042213,0,0.5
1,5,42,dummy_prior,542,146,0,0.06404657933042213,0,0.5
1,5,42,dummy_prior,551,639,0,0.06404657933042213,0,0.5
1,5,42,dummy_prior,552,105,0,0.06404657933042213,0,0.5
1,5,42,dummy_prior,567,383,0,0.06404657933042213,0,0.5
1,5,42,dummy_prior,571,257,0,0.06404657933042213,0,0.5
1,5,42,dummy_prior,575,54,0,0.06404657933042213,0,0.5
1,5,42,dummy_prior,581,59,0,0.06404657933042213,0,0.5
1,5,42,dummy_prior,586,150,0,0.06404657933042213,0,0.5
1,5,42,dummy_prior,591,244,0,0.06404657933042213,0,0.5
1,5,42,dummy_prior,597,133,0,0.06404657933042213,0,0.5
1,5,42,dummy_prior,598,54,1,0.06404657933042213,0,0.5
1,5,42,dummy_prior,606,539,0,0.06404657933042213,0,0.5
1,5,42,dummy_prior,607,566,0,0.06404657933042213,0,0.5
1,5,42,dummy_prior,611,311,0,0.06404657933042213,0,0.5
1,5,42,dummy_prior,614,341,1,0.06404657933042213,0,0.5
1,5,42,dummy_prior,621,582,0,0.06404657933042213,0,0.5
1,5,42,dummy_prior,627,280,0,0.06404657933042213,0,0.5
1,5,42,dummy_prior,633,261,0,0.06404657933042213,0,0.5
1,5,42,dummy_prior,635,714,0,0.06404657933042213,0,0.5
1,5,42,dummy_prior,636,741,0,0.06404657933042213,0,0.5
1,5,42,dummy_prior,639,52,0,0.06404657933042213,0,0.5
1,5,42,dummy_prior,640,625,0,0.06404657933042213,0,0.5
1,5,42,dummy_prior,644,285,0,0.06404657933042213,0,0.5
1,5,42,dummy_prior,647,277,0,0.06404657933042213,0,0.5
1,5,42,dummy_prior,648,95,0,0.06404657933042213,0,0.5
1,5,42,dummy_prior,651,788,0,0.06404657933042213,0,0.5
1,5,42,dummy_prior,658,85,0,0.06404657933042213,0,0.5
1,5,42,dummy_prior,660,33,0,0.06404657933042213,0,0.5
1,5,42,dummy_prior,662,502,0,0.06404657933042213,0,0.5
1,5,42,dummy_prior,663,310,0,0.06404657933042213,0,0.5
1,5,42,dummy_prior,677,814,0,0.06404657933042213,0,0.5
1,5,42,dummy_prior,679,822,0,0.06404657933042213,0,0.5
1,5,42,dummy_prior,689,340,0,0.06404657933042213,0,0.5
1,5,42,dummy_prior,691,420,0,0.06404657933042213,0,0.5
1,5,42,dummy_prior,698,473,0,0.06404657933042213,0,0.5
1,5,42,dummy_prior,709,374,0,0.06404657933042213,0,0.5
1,5,42,dummy_prior,711,128,0,0.06404657933042213,0,0.5
1,5,42,dummy_prior,724,554,0,0.06404657933042213,0,0.5
1,5,42,dummy_prior,727,589,0,0.06404657933042213,0,0.5
1,5,42,dummy_prior,740,768,0,0.06404657933042213,0,0.5
1,5,42,dummy_prior,742,156,0,0.06404657933042213,0,0.5
1,5,42,dummy_prior,752,676,0,0.06404657933042213,0,0.5
1,5,42,dummy_prior,761,607,0,0.06404657933042213,0,0.5
1,5,42,dummy_prior,762,139,0,0.06404657933042213,0,0.5
1,5,42,dummy_prior,771,661,0,0.06404657933042213,0,0.5
1,5,42,dummy_prior,773,23,0,0.06404657933042213,0,0.5
1,5,42,dummy_prior,782,528,0,0.06404657933042213,0,0.5
1,5,42,dummy_prior,789,164,0,0.06404657933042213,0,0.5
1,5,42,dummy_prior,795,690,0,0.06404657933042213,0,0.5
1,5,42,dummy_prior,796,605,0,0.06404657933042213,0,0.5
1,5,42,dummy_prior,800,302,0,0.06404657933042213,0,0.5
1,5,42,dummy_prior,803,106,0,0.06404657933042213,0,0.5
1,5,42,dummy_prior,815,549,0,0.06404657933042213,0,0.5
1,5,42,dummy_prior,823,644,0,0.06404657933042213,0,0.5
1,5,42,dummy_prior,830,699,0,0.06404657933042213,0,0.5
1,5,42,dummy_prior,832,561,0,0.06404657933042213,0,0.5
1,5,42,dummy_prior,833,659,0,0.06404657933042213,0,0.5
1,5,42,dummy_prior,834,569,0,0.06404657933042213,0,0.5
1,5,42,dummy_prior,835,332,0,0.06404657933042213,0,0.5
1,5,42,dummy_prior,842,722,0,0.06404657933042213,0,0.5
1,5,42,dummy_prior,851,298,0,0.06404657933042213,0,0.5
1,5,42,dummy_prior,854,616,0,0.06404657933042213,0,0.5
1,5,42,dummy_prior,855,377,0,0.06404657933042213,0,0.5
1,5,42,logistic_regression,6,823,1,0.9491364949557449,1,0.5
1,5,42,logistic_regression,7,413,0,0.2435855669886904,0,0.5
1,5,42,logistic_regression,34,749,0,0.8402839760802837,1,0.5
1,5,42,logistic_regression,38,758,0,0.24212818515693527,0,0.5
1,5,42,logistic_regression,40,746,0,0.2629501632424084,0,0.5
1,5,42,logistic_regression,64,750,1,0.8763415427923128,1,0.5
1,5,42,logistic_regression,67,728,0,0.30153908882368313,0,0.5
1,5,42,logistic_regression,69,705,0,0.24725276260423884,0,0.5
1,5,42,logistic_regression,73,685,0,0.24885695445844694,0,0.5
1,5,42,logistic_regression,77,646,0,0.23948854348188753,0,0.5
1,5,42,logistic_regression,78,693,0,0.8309610338714456,1,0.5
1,5,42,logistic_regression,82,615,0,0.25148751090897764,0,0.5
1,5,42,logistic_regression,83,621,0,0.27409111396024843,0,0.5
1,5,42,logistic_regression,89,632,0,0.1985860807857293,0,0.5
1,5,42,logistic_regression,95,604,0,0.2462128667901669,0,0.5
1,5,42,logistic_regression,96,701,1,0.9875758707439408,1,0.5
1,5,42,logistic_regression,102,599,0,0.2353464359809547,0,0.5
1,5,42,logistic_regression,109,612,0,0.24926978402227007,0,0.5
1,5,42,logistic_regression,113,328,0,0.25499285467288774,0,0.5
1,5,42,logistic_regression,117,570,0,0.20872410001257508,0,0.5
1,5,42,logistic_regression,118,560,0,0.28078421130884335,0,0.5
1,5,42,logistic_regression,119,498,0,0.2876267627361272,0,0.5
1,5,42,logistic_regression,129,557,0,0.32767799955934007,0,0.5
1,5,42,logistic_regression,133,651,0,0.2843059520983009,0,0.5
1,5,42,logistic_regression,136,586,0,0.1550010616057042,0,0.5
1,5,42,logistic_regression,138,517,0,0.2025643084898818,0,0.5
1,5,42,logistic_regression,140,553,0,0.39651218701911617,0,0.5
1,5,42,logistic_regression,141,194,0,0.2287878828921562,0,0.5
1,5,42,logistic_regression,145,595,0,0.37075021700975264,0,0.5
1,5,42,logistic_regression,146,576,0,0.29629609082387937,0,0.5
1,5,42,logistic_regression,149,594,0,0.2791419224503739,0,0.5
1,5,42,logistic_regression,152,438,0,0.970501340959676,1,0.5
1,5,42,logistic_regression,159,463,0,0.26579665122852497,0,0.5
1,5,42,logistic_regression,162,481,0,0.24958670042509407,0,0.5
1,5,42,logistic_regression,166,515,0,0.2571988816917003,0,0.5
1,5,42,logistic_regression,167,461,0,0.3273184498894156,0,0.5
1,5,42,logistic_regression,170,434,0,0.21488447654592924,0,0.5
1,5,42,logistic_regression,175,412,0,0.26040194962308916,0,0.5
1,5,42,logistic_regression,176,452,0,0.215649925980575,0,0.5
1,5,42,logistic_regression,190,513,0,0.2941688523352405,0,0.5
1,5,42,logistic_regression,192,459,0,0.28544584546332474,0,0.5
1,5,42,logistic_regression,195,429,0,0.2604137179803292,0,0.5
1,5,42,logistic_regression,197,442,0,0.8413596596503834,1,0.5
1,5,42,logistic_regression,202,454,0,0.2926289867232884,0,0.5
1,5,42,logistic_regression,205,388,1,0.9700870264636919,1,0.5
1,5,42,logistic_regression,207,437,0,0.2613399990234897,0,0.5
1,5,42,logistic_regression,211,453,0,0.20931874069650971,0,0.5
1,5,42,logistic_regression,217,408,0,0.266459264190783,0,0.5
1,5,42,logistic_regression,219,324,0,0.2890776061945229,0,0.5
1,5,42,logistic_regression,220,406,0,0.21529306449539004,0,0.5
1,5,42,logistic_regression,227,394,0,0.8867101409400253,1,0.5
1,5,42,logistic_regression,233,345,0,0.2633069539133831,0,0.5
1,5,42,logistic_regression,234,406,0,0.21529306449539004,0,0.5
1,5,42,logistic_regression,240,334,0,0.27648390251371596,0,0.5
1,5,42,logistic_regression,243,402,0,0.2388802930356508,0,0.5
1,5,42,logistic_regression,246,487,0,0.27279764912574084,0,0.5
1,5,42,logistic_regression,257,273,1,0.9518671463596702,1,0.5
1,5,42,logistic_regression,269,410,0,0.24612839144481902,0,0.5
1,5,42,logistic_regression,271,359,0,0.24117347107814577,0,0.5
1,5,42,logistic_regression,279,263,0,0.18638490774976946,0,0.5
1,5,42,logistic_regression,285,430,0,0.2485648097553799,0,0.5
1,5,42,logistic_regression,294,288,0,0.24719257706485212,0,0.5
1,5,42,logistic_regression,308,382,0,0.27736943785909995,0,0.5
1,5,42,logistic_regression,317,170,0,0.23595711544686104,0,0.5
1,5,42,logistic_regression,319,293,0,0.2269243634637466,0,0.5
1,5,42,logistic_regression,320,271,1,0.969955238934581,1,0.5
1,5,42,logistic_regression,325,169,1,0.2552090710542773,0,0.5
1,5,42,logistic_regression,329,290,0,0.28659072409688774,0,0.5
1,5,42,logistic_regression,331,446,0,0.29151624132062204,0,0.5
1,5,42,logistic_regression,341,121,0,0.22799038971403518,0,0.5
1,5,42,logistic_regression,346,149,0,0.24669463074904138,0,0.5
1,5,42,logistic_regression,348,125,0,0.2521343564631553,0,0.5
1,5,42,logistic_regression,351,155,0,0.2860453347087229,0,0.5
1,5,42,logistic_regression,355,140,0,0.3682935110006029,0,0.5
1,5,42,logistic_regression,358,212,0,0.2494546536125678,0,0.5
1,5,42,logistic_regression,366,143,0,0.26203488510788026,0,0.5
1,5,42,logistic_regression,369,82,0,0.23832227676421894,0,0.5
1,5,42,logistic_regression,373,312,0,0.2536083377675294,0,0.5
1,5,42,logistic_regression,381,145,0,0.24988556543924287,0,0.5
1,5,42,logistic_regression,383,134,1,0.9451739636100565,1,0.5
1,5,42,logistic_regression,395,82,0,0.23832227676421894,0,0.5
1,5,42,logistic_regression,399,209,0,0.27591376893466446,0,0.5
1,5,42,logistic_regression,409,54,0,0.25316639562869686,0,0.5
1,5,42,logistic_regression,410,171,0,0.2959106489747032,0,0.5
1,5,42,logistic_regression,412,87,0,0.23557792925856147,0,0.5
1,5,42,logistic_regression,419,149,0,0.24669463074904138,0,0.5
1,5,42,logistic_regression,426,114,0,0.3912569815515348,0,0.5
1,5,42,logistic_regression,427,161,0,0.25749856216385053,0,0.5
1,5,42,logistic_regression,434,192,1,0.42681072042467716,0,0.5
1,5,42,logistic_regression,435,54,0,0.25316639562869686,0,0.5
1,5,42,logistic_regression,447,63,0,0.2609398783606796,0,0.5
1,5,42,logistic_regression,455,77,0,0.1979866245406605,0,0.5
1,5,42,logistic_regression,459,3,0,0.2578211870450539,0,0.5
1,5,42,logistic_regression,467,41,0,0.44395659774195395,0,0.5
1,5,42,logistic_regression,468,11,0,0.2093043416025364,0,0.5
1,5,42,logistic_regression,474,640,0,0.3017765855446984,0,0.5
1,5,42,logistic_regression,476,753,0,0.2160785215291333,0,0.5
1,5,42,logistic_regression,483,190,0,0.29888608231148334,0,0.5
1,5,42,logistic_regression,490,375,0,0.19010055405672574,0,0.5
1,5,42,logistic_regression,497,356,0,0.32213708851574946,0,0.5
1,5,42,logistic_regression,500,763,0,0.2114981702433684,0,0.5
1,5,42,logistic_regression,503,735,0,0.29896160629295754,0,0.5
1,5,42,logistic_regression,504,428,0,0.2327765675917863,0,0.5
1,5,42,logistic_regression,516,174,0,0.25543406704256316,0,0.5
1,5,42,logistic_regression,520,53,0,0.2751161355050564,0,0.5
1,5,42,logistic_regression,524,628,0,0.265422680076953,0,0.5
1,5,42,logistic_regression,528,547,0,0.24855344839050364,0,0.5
1,5,42,logistic_regression,537,365,0,0.3102668929202899,0,0.5
1,5,42,logistic_regression,542,146,0,0.2358135892964883,0,0.5
1,5,42,logistic_regression,551,639,0,0.2486855889453573,0,0.5
1,5,42,logistic_regression,552,105,0,0.19382717154777582,0,0.5
1,5,42,logistic_regression,567,383,0,0.28845471893330155,0,0.5
1,5,42,logistic_regression,571,257,0,0.262398855559287,0,0.5
1,5,42,logistic_regression,575,54,0,0.25316639562869686,0,0.5
1,5,42,logistic_regression,581,59,0,0.27356032585872564,0,0.5
1,5,42,logistic_regression,586,150,0,0.2732951184546359,0,0.5
1,5,42,logistic_regression,591,244,0,0.2696915900598198,0,0.5
1,5,42,logistic_regression,597,133,0,0.41105909787985856,0,0.5
1,5,42,logistic_regression,598,54,1,0.9372373503549567,1,0.5
1,5,42,logistic_regression,606,539,0,0.3071970612938819,0,0.5
1,5,42,logistic_regression,607,566,0,0.18809907921830385,0,0.5
1,5,42,logistic_regression,611,311,0,0.39029107926962703,0,0.5
1,5,42,logistic_regression,614,341,1,0.9124495880896772,1,0.5
1,5,42,logistic_regression,621,582,0,0.2978876778069546,0,0.5
1,5,42,logistic_regression,627,280,0,0.2690190318959897,0,0.5
1,5,42,logistic_regression,633,261,0,0.24128344362595489,0,0.5
1,5,42,logistic_regression,635,714,0,0.29351979954048346,0,0.5
1,5,42,logistic_regression,636,741,0,0.27677316726606577,0,0.5
1,5,42,logistic_regression,639,52,0,0.25672684868660545,0,0.5
1,5,42,logistic_regression,640,625,0,0.2902439995158358,0,0.5
1,5,42,logistic_regression,644,285,0,0.9416707131988765,1,0.5
1,5,42,logistic_regression,647,277,0,0.27109065657454007,0,0.5
1,5,42,logistic_regression,648,95,0,0.3269247144097757,0,0.5
1,5,42,logistic_regression,651,788,0,0.3473965621346243,0,0.5
1,5,42,logistic_regression,658,85,0,0.2747355920232382,0,0.5
1,5,42,logistic_regression,660,33,0,0.25709129005512565,0,0.5
1,5,42,logistic_regression,662,502,0,0.35024907170422737,0,0.5
1,5,42,logistic_regression,663,310,0,0.2623331318941796,0,0.5
1,5,42,logistic_regression,677,814,0,0.23515432217989649,0,0.5
1,5,42,logistic_regression,679,822,0,0.3196639426447215,0,0.5
1,5,42,logistic_regression,689,340,0,0.3236116635659263,0,0.5
1,5,42,logistic_regression,691,420,0,0.9141271316137989,1,0.5
1,5,42,logistic_regression,698,473,0,0.34983321757329405,0,0.5
1,5,42,logistic_regression,709,374,0,0.2705276526900189,0,0.5
1,5,42,logistic_regression,711,128,0,0.27326878420074485,0,0.5
1,5,42,logistic_regression,724,554,0,0.23600043010048233,0,0.5
1,5,42,logistic_regression,727,589,0,0.6141018142558947,1,0.5
1,5,42,logistic_regression,740,768,0,0.2901678120448111,0,0.5
1,5,42,logistic_regression,742,156,0,0.3638253811116229,0,0.5
1,5,42,logistic_regression,752,676,0,0.27757753972038074,0,0.5
1,5,42,logistic_regression,761,607,0,0.2816937250162414,0,0.5
1,5,42,logistic_regression,762,139,0,0.22855714406652003,0,0.5
1,5,42,logistic_regression,771,661,0,0.24772904150681177,0,0.5
1,5,42,logistic_regression,773,23,0,0.12803062771817275,0,0.5
1,5,42,logistic_regression,782,528,0,0.29352274614009477,0,0.5
1,5,42,logistic_regression,789,164,0,0.298906932465857,0,0.5
1,5,42,logistic_regression,795,690,0,0.3405041232467672,0,0.5
1,5,42,logistic_regression,796,605,0,0.3208614085082338,0,0.5
1,5,42,logistic_regression,800,302,0,0.26484877091985326,0,0.5
1,5,42,logistic_regression,803,106,0,0.24988386448022792,0,0.5
1,5,42,logistic_regression,815,549,0,0.3443371964132579,0,0.5
1,5,42,logistic_regression,823,644,0,0.22738104771143028,0,0.5
1,5,42,logistic_regression,830,699,0,0.2854533183337367,0,0.5
1,5,42,logistic_regression,832,561,0,0.23429444802603916,0,0.5
1,5,42,logistic_regression,833,659,0,0.19450510528728288,0,0.5
1,5,42,logistic_regression,834,569,0,0.26893688558263423,0,0.5
1,5,42,logistic_regression,835,332,0,0.23936235268053394,0,0.5
1,5,42,logistic_regression,842,722,0,0.30816847782284473,0,0.5
1,5,42,logistic_regression,851,298,0,0.2620295441098224,0,0.5
1,5,42,logistic_regression,854,616,0,0.2549330629149049,0,0.5
1,5,42,logistic_regression,855,377,0,0.39082495015581353,0,0.5
1,5,42,xgboost,6,823,1,0.8529224395751953,1,0.5
1,5,42,xgboost,7,413,0,0.04719006270170212,0,0.5
1,5,42,xgboost,34,749,0,0.905903160572052,1,0.5
1,5,42,xgboost,38,758,0,0.054896071553230286,0,0.5
1,5,42,xgboost,40,746,0,0.04766936972737312,0,0.5
1,5,42,xgboost,64,750,1,0.9107127785682678,1,0.5
1,5,42,xgboost,67,728,0,0.05498863756656647,0,0.5
1,5,42,xgboost,69,705,0,0.05124621093273163,0,0.5
1,5,42,xgboost,73,685,0,0.041347987949848175,0,0.5
1,5,42,xgboost,77,646,0,0.037550557404756546,0,0.5
1,5,42,xgboost,78,693,0,0.8468879461288452,1,0.5
1,5,42,xgboost,82,615,0,0.041347987949848175,0,0.5
1,5,42,xgboost,83,621,0,0.041347987949848175,0,0.5
1,5,42,xgboost,89,632,0,0.041347987949848175,0,0.5
1,5,42,xgboost,95,604,0,0.03825943544507027,0,0.5
1,5,42,xgboost,96,701,1,0.9006123542785645,1,0.5
1,5,42,xgboost,102,599,0,0.03547987714409828,0,0.5
1,5,42,xgboost,109,612,0,0.049173712730407715,0,0.5
1,5,42,xgboost,113,328,0,0.05840161442756653,0,0.5
1,5,42,xgboost,117,570,0,0.034523263573646545,0,0.5
1,5,42,xgboost,118,560,0,0.04260869696736336,0,0.5
1,5,42,xgboost,119,498,0,0.044732049107551575,0,0.5
1,5,42,xgboost,129,557,0,0.21722213923931122,0,0.5
1,5,42,xgboost,133,651,0,0.05498863756656647,0,0.5
1,5,42,xgboost,136,586,0,0.034557465463876724,0,0.5
1,5,42,xgboost,138,517,0,0.037550557404756546,0,0.5
1,5,42,xgboost,140,553,0,0.05846250429749489,0,0.5
1,5,42,xgboost,141,194,0,0.04698782414197922,0,0.5
1,5,42,xgboost,145,595,0,0.04059470072388649,0,0.5
1,5,42,xgboost,146,576,0,0.04339943081140518,0,0.5
1,5,42,xgboost,149,594,0,0.03935180976986885,0,0.5
1,5,42,xgboost,152,438,0,0.9585951566696167,1,0.5
1,5,42,xgboost,159,463,0,0.04719006270170212,0,0.5
1,5,42,xgboost,162,481,0,0.04719006270170212,0,0.5
1,5,42,xgboost,166,515,0,0.041347987949848175,0,0.5
1,5,42,xgboost,167,461,0,0.059704069048166275,0,0.5
1,5,42,xgboost,170,434,0,0.04673433676362038,0,0.5
1,5,42,xgboost,175,412,0,0.04719006270170212,0,0.5
1,5,42,xgboost,176,452,0,0.0398387648165226,0,0.5
1,5,42,xgboost,190,513,0,0.05840161442756653,0,0.5
1,5,42,xgboost,192,459,0,0.09694667160511017,0,0.5
1,5,42,xgboost,195,429,0,0.04719006270170212,0,0.5
1,5,42,xgboost,197,442,0,0.4733855128288269,0,0.5
1,5,42,xgboost,202,454,0,0.1518208384513855,0,0.5
1,5,42,xgboost,205,388,1,0.9557040333747864,1,0.5
1,5,42,xgboost,207,437,0,0.04719006270170212,0,0.5
1,5,42,xgboost,211,453,0,0.042880091816186905,0,0.5
1,5,42,xgboost,217,408,0,0.045932743698358536,0,0.5
1,5,42,xgboost,219,324,0,0.04305078461766243,0,0.5
1,5,42,xgboost,220,406,0,0.04052789509296417,0,0.5
1,5,42,xgboost,227,394,0,0.909945547580719,1,0.5
1,5,42,xgboost,233,345,0,0.045932743698358536,0,0.5
1,5,42,xgboost,234,406,0,0.04052789509296417,0,0.5
1,5,42,xgboost,240,334,0,0.045932743698358536,0,0.5
1,5,42,xgboost,243,402,0,0.04939432069659233,0,0.5
1,5,42,xgboost,246,487,0,0.04719006270170212,0,0.5
1,5,42,xgboost,257,273,1,0.9522423148155212,1,0.5
1,5,42,xgboost,269,410,0,0.04719006270170212,0,0.5
1,5,42,xgboost,271,359,0,0.04052789509296417,0,0.5
1,5,42,xgboost,279,263,0,0.0398387648165226,0,0.5
1,5,42,xgboost,285,430,0,0.04719006270170212,0,0.5
1,5,42,xgboost,294,288,0,0.04719006270170212,0,0.5
1,5,42,xgboost,308,382,0,0.04719006270170212,0,0.5
1,5,42,xgboost,317,170,0,0.05054618790745735,0,0.5
1,5,42,xgboost,319,293,0,0.04052789509296417,0,0.5
1,5,42,xgboost,320,271,1,0.947507381439209,1,0.5
1,5,42,xgboost,325,169,1,0.052367351949214935,0,0.5
1,5,42,xgboost,329,290,0,0.08468028157949448,0,0.5
1,5,42,xgboost,331,446,0,0.0921475812792778,0,0.5
1,5,42,xgboost,341,121,0,0.04440963268280029,0,0.5
1,5,42,xgboost,346,149,0,0.1443774551153183,0,0.5
1,5,42,xgboost,348,125,0,0.053986627608537674,0,0.5
1,5,42,xgboost,351,155,0,0.05662807822227478,0,0.5
1,5,42,xgboost,355,140,0,0.4002319276332855,0,0.5
1,5,42,xgboost,358,212,0,0.04930998757481575,0,0.5
1,5,42,xgboost,366,143,0,0.04653584957122803,0,0.5
1,5,42,xgboost,369,82,0,0.04908789321780205,0,0.5
1,5,42,xgboost,373,312,0,0.04719006270170212,0,0.5
1,5,42,xgboost,381,145,0,0.04399234056472778,0,0.5
1,5,42,xgboost,383,134,1,0.9313908219337463,1,0.5
1,5,42,xgboost,395,82,0,0.04908789321780205,0,0.5
1,5,42,xgboost,399,209,0,0.051424723118543625,0,0.5
1,5,42,xgboost,409,54,0,0.04478690028190613,0,0.5
1,5,42,xgboost,410,171,0,0.2746196687221527,0,0.5
1,5,42,xgboost,412,87,0,0.04324695095419884,0,0.5
1,5,42,xgboost,419,149,0,0.1443774551153183,0,0.5
1,5,42,xgboost,426,114,0,0.07557228207588196,0,0.5
1,5,42,xgboost,427,161,0,0.049204062670469284,0,0.5
1,5,42,xgboost,434,192,1,0.06569869816303253,0,0.5
1,5,42,xgboost,435,54,0,0.04478690028190613,0,0.5
1,5,42,xgboost,447,63,0,0.09643866866827011,0,0.5
1,5,42,xgboost,455,77,0,0.05255820229649544,0,0.5
1,5,42,xgboost,459,3,0,0.09643866866827011,0,0.5
1,5,42,xgboost,467,41,0,0.23511813580989838,0,0.5
1,5,42,xgboost,468,11,0,0.14038240909576416,0,0.5
1,5,42,xgboost,474,640,0,0.04283556342124939,0,0.5
1,5,42,xgboost,476,753,0,0.03547987714409828,0,0.5
1,5,42,xgboost,483,190,0,0.12040514498949051,0,0.5
1,5,42,xgboost,490,375,0,0.040683191269636154,0,0.5
1,5,42,xgboost,497,356,0,0.04887908697128296,0,0.5
1,5,42,xgboost,500,763,0,0.04043480381369591,0,0.5
1,5,42,xgboost,503,735,0,0.04639990255236626,0,0.5
1,5,42,xgboost,504,428,0,0.042880091816186905,0,0.5
1,5,42,xgboost,516,174,0,0.049204062670469284,0,0.5
1,5,42,xgboost,520,53,0,0.14815516769886017,0,0.5
1,5,42,xgboost,524,628,0,0.041347987949848175,0,0.5
1,5,42,xgboost,528,547,0,0.033610306680202484,0,0.5
1,5,42,xgboost,537,365,0,0.09698279201984406,0,0.5
1,5,42,xgboost,542,146,0,0.04440963268280029,0,0.5
1,5,42,xgboost,551,639,0,0.03547987714409828,0,0.5
1,5,42,xgboost,552,105,0,0.04440963268280029,0,0.5
1,5,42,xgboost,567,383,0,0.048619866371154785,0,0.5
1,5,42,xgboost,571,257,0,0.044732049107551575,0,0.5
1,5,42,xgboost,575,54,0,0.04478690028190613,0,0.5
1,5,42,xgboost,581,59,0,0.049278657883405685,0,0.5
1,5,42,xgboost,586,150,0,0.13560882210731506,0,0.5
1,5,42,xgboost,591,244,0,0.059496186673641205,0,0.5
1,5,42,xgboost,597,133,0,0.053036801517009735,0,0.5
1,5,42,xgboost,598,54,1,0.6147117614746094,1,0.5
1,5,42,xgboost,606,539,0,0.058987800031900406,0,0.5
1,5,42,xgboost,607,566,0,0.034873463213443756,0,0.5
1,5,42,xgboost,611,311,0,0.06252819299697876,0,0.5
1,5,42,xgboost,614,341,1,0.9125428795814514,1,0.5
1,5,42,xgboost,621,582,0,0.0451875738799572,0,0.5
1,5,42,xgboost,627,280,0,0.044732049107551575,0,0.5
1,5,42,xgboost,633,261,0,0.039440739899873734,0,0.5
1,5,42,xgboost,635,714,0,0.04639990255236626,0,0.5
1,5,42,xgboost,636,741,0,0.04766936972737312,0,0.5
1,5,42,xgboost,639,52,0,0.09643866866827011,0,0.5
1,5,42,xgboost,640,625,0,0.04451041668653488,0,0.5
1,5,42,xgboost,644,285,0,0.9518204927444458,1,0.5
1,5,42,xgboost,647,277,0,0.044732049107551575,0,0.5
1,5,42,xgboost,648,95,0,0.05143377184867859,0,0.5
1,5,42,xgboost,651,788,0,0.052397970110177994,0,0.5
1,5,42,xgboost,658,85,0,0.15329289436340332,0,0.5
1,5,42,xgboost,660,33,0,0.09643866866827011,0,0.5
1,5,42,xgboost,662,502,0,0.1170959547162056,0,0.5
1,5,42,xgboost,663,310,0,0.04719006270170212,0,0.5
1,5,42,xgboost,677,814,0,0.09760560095310211,0,0.5
1,5,42,xgboost,679,822,0,0.04283556342124939,0,0.5
1,5,42,xgboost,689,340,0,0.07163569331169128,0,0.5
1,5,42,xgboost,691,420,0,0.9274144172668457,1,0.5
1,5,42,xgboost,698,473,0,0.06190383806824684,0,0.5
1,5,42,xgboost,709,374,0,0.043004486709833145,0,0.5
1,5,42,xgboost,711,128,0,0.15329289436340332,0,0.5
1,5,42,xgboost,724,554,0,0.041347987949848175,0,0.5
1,5,42,xgboost,727,589,0,0.08184999227523804,0,0.5
1,5,42,xgboost,740,768,0,0.04283556342124939,0,0.5
1,5,42,xgboost,742,156,0,0.1355724036693573,0,0.5
1,5,42,xgboost,752,676,0,0.0451875738799572,0,0.5
1,5,42,xgboost,761,607,0,0.04152704030275345,0,0.5
1,5,42,xgboost,762,139,0,0.04562725871801376,0,0.5
1,5,42,xgboost,771,661,0,0.034523263573646545,0,0.5
1,5,42,xgboost,773,23,0,0.13062281906604767,0,0.5
1,5,42,xgboost,782,528,0,0.040182799100875854,0,0.5
1,5,42,xgboost,789,164,0,0.05439653620123863,0,0.5
1,5,42,xgboost,795,690,0,0.043693315237760544,0,0.5
1,5,42,xgboost,796,605,0,0.05906038358807564,0,0.5
1,5,42,xgboost,800,302,0,0.04173257574439049,0,0.5
1,5,42,xgboost,803,106,0,0.04908789321780205,0,0.5
1,5,42,xgboost,815,549,0,0.06131663918495178,0,0.5
1,5,42,xgboost,823,644,0,0.06974882632493973,0,0.5
1,5,42,xgboost,830,699,0,0.059103578329086304,0,0.5
1,5,42,xgboost,832,561,0,0.06974882632493973,0,0.5
1,5,42,xgboost,833,659,0,0.06974882632493973,0,0.5
1,5,42,xgboost,834,569,0,0.08993504196405411,0,0.5
1,5,42,xgboost,835,332,0,0.12202262133359909,0,0.5
1,5,42,xgboost,842,722,0,0.041266657412052155,0,0.5
1,5,42,xgboost,851,298,0,0.044732049107551575,0,0.5
1,5,42,xgboost,854,616,0,0.037550557404756546,0,0.5
1,5,42,xgboost,855,377,0,0.11005587875843048,0,0.5
2,1,43,dummy_prior,0,109,0,0.0641399416909621,0,0.5
2,1,43,dummy_prior,1,7,0,0.0641399416909621,0,0.5
2,1,43,dummy_prior,3,825,0,0.0641399416909621,0,0.5
2,1,43,dummy_prior,5,796,0,0.0641399416909621,0,0.5
2,1,43,dummy_prior,8,809,0,0.0641399416909621,0,0.5
2,1,43,dummy_prior,14,798,0,0.0641399416909621,0,0.5
2,1,43,dummy_prior,28,742,0,0.0641399416909621,0,0.5
2,1,43,dummy_prior,31,771,0,0.0641399416909621,0,0.5
2,1,43,dummy_prior,34,749,0,0.0641399416909621,0,0.5
2,1,43,dummy_prior,36,760,0,0.0641399416909621,0,0.5
2,1,43,dummy_prior,39,719,0,0.0641399416909621,0,0.5
2,1,43,dummy_prior,42,724,0,0.0641399416909621,0,0.5
2,1,43,dummy_prior,53,695,0,0.0641399416909621,0,0.5
2,1,43,dummy_prior,58,683,0,0.0641399416909621,0,0.5
2,1,43,dummy_prior,65,736,0,0.0641399416909621,0,0.5
2,1,43,dummy_prior,68,696,0,0.0641399416909621,0,0.5
2,1,43,dummy_prior,72,664,0,0.0641399416909621,0,0.5
2,1,43,dummy_prior,78,693,0,0.0641399416909621,0,0.5
2,1,43,dummy_prior,81,593,0,0.0641399416909621,0,0.5
2,1,43,dummy_prior,85,657,0,0.0641399416909621,0,0.5
2,1,43,dummy_prior,87,703,0,0.0641399416909621,0,0.5
2,1,43,dummy_prior,96,701,1,0.0641399416909621,0,0.5
2,1,43,dummy_prior,99,641,0,0.0641399416909621,0,0.5
2,1,43,dummy_prior,112,573,0,0.0641399416909621,0,0.5
2,1,43,dummy_prior,113,328,0,0.0641399416909621,0,0.5
2,1,43,dummy_prior,118,560,0,0.0641399416909621,0,0.5
2,1,43,dummy_prior,122,592,0,0.0641399416909621,0,0.5
2,1,43,dummy_prior,145,595,0,0.0641399416909621,0,0.5
2,1,43,dummy_prior,149,594,0,0.0641399416909621,0,0.5
2,1,43,dummy_prior,150,489,0,0.0641399416909621,0,0.5
2,1,43,dummy_prior,152,438,0,0.0641399416909621,0,0.5
2,1,43,dummy_prior,153,423,0,0.0641399416909621,0,0.5
2,1,43,dummy_prior,155,507,0,0.0641399416909621,0,0.5
2,1,43,dummy_prior,163,509,1,0.0641399416909621,0,0.5
2,1,43,dummy_prior,164,546,0,0.0641399416909621,0,0.5
2,1,43,dummy_prior,166,515,0,0.0641399416909621,0,0.5
2,1,43,dummy_prior,170,434,0,0.0641399416909621,0,0.5
2,1,43,dummy_prior,171,418,0,0.0641399416909621,0,0.5
2,1,43,dummy_prior,177,468,0,0.0641399416909621,0,0.5
2,1,43,dummy_prior,183,491,0,0.0641399416909621,0,0.5
2,1,43,dummy_prior,186,404,0,0.0641399416909621,0,0.5
2,1,43,dummy_prior,189,380,0,0.0641399416909621,0,0.5
2,1,43,dummy_prior,198,447,0,0.0641399416909621,0,0.5
2,1,43,dummy_prior,204,222,0,0.0641399416909621,0,0.5
2,1,43,dummy_prior,206,496,0,0.0641399416909621,0,0.5
2,1,43,dummy_prior,208,470,0,0.0641399416909621,0,0.5
2,1,43,dummy_prior,211,453,0,0.0641399416909621,0,0.5
2,1,43,dummy_prior,214,550,1,0.0641399416909621,0,0.5
2,1,43,dummy_prior,217,408,0,0.0641399416909621,0,0.5
2,1,43,dummy_prior,219,324,0,0.0641399416909621,0,0.5
2,1,43,dummy_prior,229,466,0,0.0641399416909621,0,0.5
2,1,43,dummy_prior,245,253,0,0.0641399416909621,0,0.5
2,1,43,dummy_prior,247,292,0,0.0641399416909621,0,0.5
2,1,43,dummy_prior,253,279,0,0.0641399416909621,0,0.5
2,1,43,dummy_prior,256,366,0,0.0641399416909621,0,0.5
2,1,43,dummy_prior,258,245,0,0.0641399416909621,0,0.5
2,1,43,dummy_prior,280,303,0,0.0641399416909621,0,0.5
2,1,43,dummy_prior,281,238,0,0.0641399416909621,0,0.5
2,1,43,dummy_prior,286,240,0,0.0641399416909621,0,0.5
2,1,43,dummy_prior,294,288,0,0.0641399416909621,0,0.5
2,1,43,dummy_prior,296,358,0,0.0641399416909621,0,0.5
2,1,43,dummy_prior,302,323,0,0.0641399416909621,0,0.5
2,1,43,dummy_prior,304,331,0,0.0641399416909621,0,0.5
2,1,43,dummy_prior,307,287,0,0.0641399416909621,0,0.5
2,1,43,dummy_prior,308,382,0,0.0641399416909621,0,0.5
2,1,43,dummy_prior,313,370,0,0.0641399416909621,0,0.5
2,1,43,dummy_prior,319,293,0,0.0641399416909621,0,0.5
2,1,43,dummy_prior,321,269,0,0.0641399416909621,0,0.5
2,1,43,dummy_prior,322,180,0,0.0641399416909621,0,0.5
2,1,43,dummy_prior,331,446,0,0.0641399416909621,0,0.5
2,1,43,dummy_prior,332,583,0,0.0641399416909621,0,0.5
2,1,43,dummy_prior,335,525,1,0.0641399416909621,0,0.5
2,1,43,dummy_prior,341,121,0,0.0641399416909621,0,0.5
2,1,43,dummy_prior,342,228,0,0.0641399416909621,0,0.5
2,1,43,dummy_prior,346,149,0,0.0641399416909621,0,0.5
2,1,43,dummy_prior,354,811,0,0.0641399416909621,0,0.5
2,1,43,dummy_prior,358,212,0,0.0641399416909621,0,0.5
2,1,43,dummy_prior,359,733,0,0.0641399416909621,0,0.5
2,1,43,dummy_prior,363,72,0,0.0641399416909621,0,0.5
2,1,43,dummy_prior,366,143,0,0.0641399416909621,0,0.5
2,1,43,dummy_prior,381,145,0,0.0641399416909621,0,0.5
2,1,43,dummy_prior,384,78,0,0.0641399416909621,0,0.5
2,1,43,dummy_prior,400,55,0,0.0641399416909621,0,0.5
2,1,43,dummy_prior,403,64,0,0.0641399416909621,0,0.5
2,1,43,dummy_prior,419,149,0,0.0641399416909621,0,0.5
2,1,43,dummy_prior,420,97,0,0.0641399416909621,0,0.5
2,1,43,dummy_prior,421,433,1,0.0641399416909621,0,0.5
2,1,43,dummy_prior,427,161,0,0.0641399416909621,0,0.5
2,1,43,dummy_prior,430,153,0,0.0641399416909621,0,0.5
2,1,43,dummy_prior,438,195,0,0.0641399416909621,0,0.5
2,1,43,dummy_prior,440,7,0,0.0641399416909621,0,0.5
2,1,43,dummy_prior,445,36,0,0.0641399416909621,0,0.5
2,1,43,dummy_prior,446,107,0,0.0641399416909621,0,0.5
2,1,43,dummy_prior,447,63,0,0.0641399416909621,0,0.5
2,1,43,dummy_prior,451,32,0,0.0641399416909621,0,0.5
2,1,43,dummy_prior,454,7,0,0.0641399416909621,0,0.5
2,1,43,dummy_prior,464,25,0,0.0641399416909621,0,0.5
2,1,43,dummy_prior,466,7,0,0.0641399416909621,0,0.5
2,1,43,dummy_prior,467,41,0,0.0641399416909621,0,0.5
2,1,43,dummy_prior,475,154,0,0.0641399416909621,0,0.5
2,1,43,dummy_prior,476,753,0,0.0641399416909621,0,0.5
2,1,43,dummy_prior,477,751,0,0.0641399416909621,0,0.5
2,1,43,dummy_prior,478,534,0,0.0641399416909621,0,0.5
2,1,43,dummy_prior,482,757,0,0.0641399416909621,0,0.5
2,1,43,dummy_prior,486,496,0,0.0641399416909621,0,0.5
2,1,43,dummy_prior,505,306,0,0.0641399416909621,0,0.5
2,1,43,dummy_prior,506,711,0,0.0641399416909621,0,0.5
2,1,43,dummy_prior,522,37,0,0.0641399416909621,0,0.5
2,1,43,dummy_prior,532,364,0,0.0641399416909621,0,0.5
2,1,43,dummy_prior,534,93,0,0.0641399416909621,0,0.5
2,1,43,dummy_prior,538,361,0,0.0641399416909621,0,0.5
2,1,43,dummy_prior,539,76,1,0.0641399416909621,0,0.5
2,1,43,dummy_prior,543,40,0,0.0641399416909621,0,0.5
2,1,43,dummy_prior,549,662,1,0.0641399416909621,0,0.5
2,1,43,dummy_prior,557,458,0,0.0641399416909621,0,0.5
2,1,43,dummy_prior,558,255,0,0.0641399416909621,0,0.5
2,1,43,dummy_prior,572,373,0,0.0641399416909621,0,0.5
2,1,43,dummy_prior,577,196,0,0.0641399416909621,0,0.5
2,1,43,dummy_prior,580,55,0,0.0641399416909621,0,0.5
2,1,43,dummy_prior,586,150,0,0.0641399416909621,0,0.5
2,1,43,dummy_prior,601,504,0,0.0641399416909621,0,0.5
2,1,43,dummy_prior,610,230,1,0.0641399416909621,0,0.5
2,1,43,dummy_prior,611,311,0,0.0641399416909621,0,0.5
2,1,43,dummy_prior,612,225,0,0.0641399416909621,0,0.5
2,1,43,dummy_prior,616,376,0,0.0641399416909621,0,0.5
2,1,43,dummy_prior,617,157,0,0.0641399416909621,0,0.5
2,1,43,dummy_prior,622,710,0,0.0641399416909621,0,0.5
2,1,43,dummy_prior,628,779,0,0.0641399416909621,0,0.5
2,1,43,dummy_prior,639,52,0,0.0641399416909621,0,0.5
2,1,43,dummy_prior,641,761,0,0.0641399416909621,0,0.5
2,1,43,dummy_prior,645,471,0,0.0641399416909621,0,0.5
2,1,43,dummy_prior,650,421,0,0.0641399416909621,0,0.5
2,1,43,dummy_prior,657,260,0,0.0641399416909621,0,0.5
2,1,43,dummy_prior,660,33,0,0.0641399416909621,0,0.5
2,1,43,dummy_prior,666,67,0,0.0641399416909621,0,0.5
2,1,43,dummy_prior,671,824,1,0.0641399416909621,0,0.5
2,1,43,dummy_prior,675,808,0,0.0641399416909621,0,0.5
2,1,43,dummy_prior,684,815,0,0.0641399416909621,0,0.5
2,1,43,dummy_prior,689,340,0,0.0641399416909621,0,0.5
2,1,43,dummy_prior,699,111,0,0.0641399416909621,0,0.5
2,1,43,dummy_prior,701,524,0,0.0641399416909621,0,0.5
2,1,43,dummy_prior,704,781,0,0.0641399416909621,0,0.5
2,1,43,dummy_prior,711,128,0,0.0641399416909621,0,0.5
2,1,43,dummy_prior,726,530,0,0.0641399416909621,0,0.5
2,1,43,dummy_prior,728,623,0,0.0641399416909621,0,0.5
2,1,43,dummy_prior,730,775,0,0.0641399416909621,0,0.5
2,1,43,dummy_prior,741,129,0,0.0641399416909621,0,0.5
2,1,43,dummy_prior,744,66,0,0.0641399416909621,0,0.5
2,1,43,dummy_prior,752,676,0,0.0641399416909621,0,0.5
2,1,43,dummy_prior,753,166,1,0.0641399416909621,0,0.5
2,1,43,dummy_prior,754,508,1,0.0641399416909621,0,0.5
2,1,43,dummy_prior,755,563,0,0.0641399416909621,0,0.5
2,1,43,dummy_prior,761,607,0,0.0641399416909621,0,0.5
2,1,43,dummy_prior,765,398,0,0.0641399416909621,0,0.5
2,1,43,dummy_prior,770,357,0,0.0641399416909621,0,0.5
2,1,43,dummy_prior,771,661,0,0.0641399416909621,0,0.5
2,1,43,dummy_prior,779,656,0,0.0641399416909621,0,0.5
2,1,43,dummy_prior,789,164,0,0.0641399416909621,0,0.5
2,1,43,dummy_prior,790,350,0,0.0641399416909621,0,0.5
2,1,43,dummy_prior,796,605,0,0.0641399416909621,0,0.5
2,1,43,dummy_prior,800,302,0,0.0641399416909621,0,0.5
2,1,43,dummy_prior,801,691,0,0.0641399416909621,0,0.5
2,1,43,dummy_prior,804,543,0,0.0641399416909621,0,0.5
2,1,43,dummy_prior,805,668,0,0.0641399416909621,0,0.5
2,1,43,dummy_prior,809,519,0,0.0641399416909621,0,0.5
2,1,43,dummy_prior,810,116,0,0.0641399416909621,0,0.5
2,1,43,dummy_prior,818,700,0,0.0641399416909621,0,0.5
2,1,43,dummy_prior,828,634,0,0.0641399416909621,0,0.5
2,1,43,dummy_prior,833,659,0,0.0641399416909621,0,0.5
2,1,43,dummy_prior,836,743,0,0.0641399416909621,0,0.5
2,1,43,dummy_prior,843,567,0,0.0641399416909621,0,0.5
2,1,43,dummy_prior,856,635,0,0.0641399416909621,0,0.5
2,1,43,logistic_regression,0,109,0,0.2538807344054849,0,0.5
2,1,43,logistic_regression,1,7,0,0.26413176915816217,0,0.5
2,1,43,logistic_regression,3,825,0,0.5378541324382149,1,0.5
2,1,43,logistic_regression,5,796,0,0.22677102634284207,0,0.5
2,1,43,logistic_regression,8,809,0,0.4145232476486079,0,0.5
2,1,43,logistic_regression,14,798,0,0.20923301143715664,0,0.5
2,1,43,logistic_regression,28,742,0,0.26332951286126133,0,0.5
2,1,43,logistic_regression,31,771,0,0.2255837971888668,0,0.5
2,1,43,logistic_regression,34,749,0,0.7168539106877216,1,0.5
2,1,43,logistic_regression,36,760,0,0.26440989780881624,0,0.5
2,1,43,logistic_regression,39,719,0,0.25610947933225464,0,0.5
2,1,43,logistic_regression,42,724,0,0.3202841711958372,0,0.5
2,1,43,logistic_regression,53,695,0,0.3285011785697904,0,0.5
2,1,43,logistic_regression,58,683,0,0.9806332725012807,1,0.5
2,1,43,logistic_regression,65,736,0,0.21783083979558138,0,0.5
2,1,43,logistic_regression,68,696,0,0.23357145854258893,0,0.5
2,1,43,logistic_regression,72,664,0,0.24826561179932008,0,0.5
2,1,43,logistic_regression,78,693,0,0.8263660405772463,1,0.5
2,1,43,logistic_regression,81,593,0,0.24594725203028275,0,0.5
2,1,43,logistic_regression,85,657,0,0.2531459955597991,0,0.5
2,1,43,logistic_regression,87,703,0,0.26247287410243675,0,0.5
2,1,43,logistic_regression,96,701,1,0.9921215968221235,1,0.5
2,1,43,logistic_regression,99,641,0,0.26635204422391956,0,0.5
2,1,43,logistic_regression,112,573,0,0.3205988443379865,0,0.5
2,1,43,logistic_regression,113,328,0,0.24738309758549581,0,0.5
2,1,43,logistic_regression,118,560,0,0.27580389259711846,0,0.5
2,1,43,logistic_regression,122,592,0,0.2796598600858679,0,0.5
2,1,43,logistic_regression,145,595,0,0.33518456438384253,0,0.5
2,1,43,logistic_regression,149,594,0,0.2520198030452801,0,0.5
2,1,43,logistic_regression,150,489,0,0.26307144793618403,0,0.5
2,1,43,logistic_regression,152,438,0,0.9795242339641688,1,0.5
2,1,43,logistic_regression,153,423,0,0.25011846588803494,0,0.5
2,1,43,logistic_regression,155,507,0,0.3249972214680442,0,0.5
2,1,43,logistic_regression,163,509,1,0.27617480046473514,0,0.5
2,1,43,logistic_regression,164,546,0,0.2144148090984483,0,0.5
2,1,43,logistic_regression,166,515,0,0.26532077461391873,0,0.5
2,1,43,logistic_regression,170,434,0,0.219889286077595,0,0.5
2,1,43,logistic_regression,171,418,0,0.3136033199103955,0,0.5
2,1,43,logistic_regression,177,468,0,0.25419207190245946,0,0.5
2,1,43,logistic_regression,183,491,0,0.2531284502311512,0,0.5
2,1,43,logistic_regression,186,404,0,0.23360019884757371,0,0.5
2,1,43,logistic_regression,189,380,0,0.3764700613047376,0,0.5
2,1,43,logistic_regression,198,447,0,0.25591046102076903,0,0.5
2,1,43,logistic_regression,204,222,0,0.25048664085738936,0,0.5
2,1,43,logistic_regression,206,496,0,0.2554679085201409,0,0.5
2,1,43,logistic_regression,208,470,0,0.2566878720061756,0,0.5
2,1,43,logistic_regression,211,453,0,0.22881422597826268,0,0.5
2,1,43,logistic_regression,214,550,1,0.9418688969479504,1,0.5
2,1,43,logistic_regression,217,408,0,0.27274812023934636,0,0.5
2,1,43,logistic_regression,219,324,0,0.3018208361483742,0,0.5
2,1,43,logistic_regression,229,466,0,0.8030190382301663,1,0.5
2,1,43,logistic_regression,245,253,0,0.25685456630844217,0,0.5
2,1,43,logistic_regression,247,292,0,0.26267265781633364,0,0.5
2,1,43,logistic_regression,253,279,0,0.26095137841817106,0,0.5
2,1,43,logistic_regression,256,366,0,0.2348232004836673,0,0.5
2,1,43,logistic_regression,258,245,0,0.2583748843678475,0,0.5
2,1,43,logistic_regression,280,303,0,0.25661896750202995,0,0.5
2,1,43,logistic_regression,281,238,0,0.2412095993075266,0,0.5
2,1,43,logistic_regression,286,240,0,0.2564190449908934,0,0.5
2,1,43,logistic_regression,294,288,0,0.2538472866376857,0,0.5
2,1,43,logistic_regression,296,358,0,0.24722375485599038,0,0.5
2,1,43,logistic_regression,302,323,0,0.3226907816929601,0,0.5
2,1,43,logistic_regression,304,331,0,0.21795151563548246,0,0.5
2,1,43,logistic_regression,307,287,0,0.23649702486996818,0,0.5
2,1,43,logistic_regression,308,382,0,0.272689153336596,0,0.5
2,1,43,logistic_regression,313,370,0,0.2688238599032929,0,0.5
2,1,43,logistic_regression,319,293,0,0.23856221965727453,0,0.5
2,1,43,logistic_regression,321,269,0,0.2330641470270481,0,0.5
2,1,43,logistic_regression,322,180,0,0.26802588328913035,0,0.5
2,1,43,logistic_regression,331,446,0,0.24723011554537302,0,0.5
2,1,43,logistic_regression,332,583,0,0.27660740125087274,0,0.5
2,1,43,logistic_regression,335,525,1,0.9641974158889833,1,0.5
2,1,43,logistic_regression,341,121,0,0.24355482698707218,0,0.5
2,1,43,logistic_regression,342,228,0,0.2643953617736291,0,0.5
2,1,43,logistic_regression,346,149,0,0.24248529294020707,0,0.5
2,1,43,logistic_regression,354,811,0,0.9223550172392009,1,0.5
2,1,43,logistic_regression,358,212,0,0.2661338014553391,0,0.5
2,1,43,logistic_regression,359,733,0,0.2604657592654218,0,0.5
2,1,43,logistic_regression,363,72,0,0.27061913412527544,0,0.5
2,1,43,logistic_regression,366,143,0,0.2658170558442266,0,0.5
2,1,43,logistic_regression,381,145,0,0.2464750576659154,0,0.5
2,1,43,logistic_regression,384,78,0,0.31607193392686733,0,0.5
2,1,43,logistic_regression,400,55,0,0.2692949990364749,0,0.5
2,1,43,logistic_regression,403,64,0,0.2564800624831517,0,0.5
2,1,43,logistic_regression,419,149,0,0.24248529294020707,0,0.5
2,1,43,logistic_regression,420,97,0,0.26365598155781295,0,0.5
2,1,43,logistic_regression,421,433,1,0.9550891312062485,1,0.5
2,1,43,logistic_regression,427,161,0,0.27216929154257175,0,0.5
2,1,43,logistic_regression,430,153,0,0.26407634950222936,0,0.5
2,1,43,logistic_regression,438,195,0,0.2519656252057454,0,0.5
2,1,43,logistic_regression,440,7,0,0.26413176915816217,0,0.5
2,1,43,logistic_regression,445,36,0,0.24588887348059574,0,0.5
2,1,43,logistic_regression,446,107,0,0.29883017500659836,0,0.5
2,1,43,logistic_regression,447,63,0,0.25884979213943915,0,0.5
2,1,43,logistic_regression,451,32,0,0.2138362908823701,0,0.5
2,1,43,logistic_regression,454,7,0,0.26413176915816217,0,0.5
2,1,43,logistic_regression,464,25,0,0.8193020118794337,1,0.5
2,1,43,logistic_regression,466,7,0,0.26413176915816217,0,0.5
2,1,43,logistic_regression,467,41,0,0.27667762130787293,0,0.5
2,1,43,logistic_regression,475,154,0,0.2724982953469645,0,0.5
2,1,43,logistic_regression,476,753,0,0.22095248318998123,0,0.5
2,1,43,logistic_regression,477,751,0,0.23994793942202883,0,0.5
2,1,43,logistic_regression,478,534,0,0.31659379577352725,0,0.5
2,1,43,logistic_regression,482,757,0,0.7951320889176706,1,0.5
2,1,43,logistic_regression,486,496,0,0.2554679085201409,0,0.5
2,1,43,logistic_regression,505,306,0,0.24560252920693873,0,0.5
2,1,43,logistic_regression,506,711,0,0.30587377661826165,0,0.5
2,1,43,logistic_regression,522,37,0,0.31395545279757286,0,0.5
2,1,43,logistic_regression,532,364,0,0.25541502681266215,0,0.5
2,1,43,logistic_regression,534,93,0,0.2658224476296388,0,0.5
2,1,43,logistic_regression,538,361,0,0.2597274408771023,0,0.5
2,1,43,logistic_regression,539,76,1,0.9603609791001967,1,0.5
2,1,43,logistic_regression,543,40,0,0.27612273509934043,0,0.5
2,1,43,logistic_regression,549,662,1,0.7846320846509773,1,0.5
2,1,43,logistic_regression,557,458,0,0.26682801349512053,0,0.5
2,1,43,logistic_regression,558,255,0,0.24084211479954984,0,0.5
2,1,43,logistic_regression,572,373,0,0.333898538857535,0,0.5
2,1,43,logistic_regression,577,196,0,0.8004697940467409,1,0.5
2,1,43,logistic_regression,580,55,0,0.2692949990364749,0,0.5
2,1,43,logistic_regression,586,150,0,0.28755554201966266,0,0.5
2,1,43,logistic_regression,601,504,0,0.26540940267922275,0,0.5
2,1,43,logistic_regression,610,230,1,0.9658227651672494,1,0.5
2,1,43,logistic_regression,611,311,0,0.5014316212095887,1,0.5
2,1,43,logistic_regression,612,225,0,0.31026926840300345,0,0.5
2,1,43,logistic_regression,616,376,0,0.3173232010405781,0,0.5
2,1,43,logistic_regression,617,157,0,0.24279817243380863,0,0.5
2,1,43,logistic_regression,622,710,0,0.2603257338341316,0,0.5
2,1,43,logistic_regression,628,779,0,0.3063963690316158,0,0.5
2,1,43,logistic_regression,639,52,0,0.2608109510730186,0,0.5
2,1,43,logistic_regression,641,761,0,0.25572057951580784,0,0.5
2,1,43,logistic_regression,645,471,0,0.28283689326579026,0,0.5
2,1,43,logistic_regression,650,421,0,0.40840610795350063,0,0.5
2,1,43,logistic_regression,657,260,0,0.28090671380579274,0,0.5
2,1,43,logistic_regression,660,33,0,0.2614821658289833,0,0.5
2,1,43,logistic_regression,666,67,0,0.2651852121236404,0,0.5
2,1,43,logistic_regression,671,824,1,0.7353801410974516,1,0.5
2,1,43,logistic_regression,675,808,0,0.25556052781533,0,0.5
2,1,43,logistic_regression,684,815,0,0.26388544692127824,0,0.5
2,1,43,logistic_regression,689,340,0,0.3400988949602155,0,0.5
2,1,43,logistic_regression,699,111,0,0.3924174528165891,0,0.5
2,1,43,logistic_regression,701,524,0,0.3160926669465747,0,0.5
2,1,43,logistic_regression,704,781,0,0.8783629856508698,1,0.5
2,1,43,logistic_regression,711,128,0,0.27533540952106356,0,0.5
2,1,43,logistic_regression,726,530,0,0.27773870511164644,0,0.5
2,1,43,logistic_regression,728,623,0,0.25839886778396126,0,0.5
2,1,43,logistic_regression,730,775,0,0.25011194421124194,0,0.5
2,1,43,logistic_regression,741,129,0,0.25069396594428645,0,0.5
2,1,43,logistic_regression,744,66,0,0.39877229743725584,0,0.5
2,1,43,logistic_regression,752,676,0,0.25582546877551565,0,0.5
2,1,43,logistic_regression,753,166,1,0.9444885902706209,1,0.5
2,1,43,logistic_regression,754,508,1,0.7995081959062259,1,0.5
2,1,43,logistic_regression,755,563,0,0.29318685670823214,0,0.5
2,1,43,logistic_regression,761,607,0,0.27104361907631325,0,0.5
2,1,43,logistic_regression,765,398,0,0.7973172667397918,1,0.5
2,1,43,logistic_regression,770,357,0,0.17515614257607742,0,0.5
2,1,43,logistic_regression,771,661,0,0.24083968039871445,0,0.5
2,1,43,logistic_regression,779,656,0,0.28668448692053017,0,0.5
2,1,43,logistic_regression,789,164,0,0.304192723068638,0,0.5
2,1,43,logistic_regression,790,350,0,0.2621798124110435,0,0.5
2,1,43,logistic_regression,796,605,0,0.26695077728574934,0,0.5
2,1,43,logistic_regression,800,302,0,0.27101825236999694,0,0.5
2,1,43,logistic_regression,801,691,0,0.3196023190167142,0,0.5
2,1,43,logistic_regression,804,543,0,0.2934707366201743,0,0.5
2,1,43,logistic_regression,805,668,0,0.32900267579056935,0,0.5
2,1,43,logistic_regression,809,519,0,0.303914813109015,0,0.5
2,1,43,logistic_regression,810,116,0,0.3662826634295596,0,0.5
2,1,43,logistic_regression,818,700,0,0.33467039722205744,0,0.5
2,1,43,logistic_regression,828,634,0,0.23006669681739156,0,0.5
2,1,43,logistic_regression,833,659,0,0.20951554468797917,0,0.5
2,1,43,logistic_regression,836,743,0,0.21360561596007496,0,0.5
2,1,43,logistic_regression,843,567,0,0.27263819349555324,0,0.5
2,1,43,logistic_regression,856,635,0,0.24169210231742352,0,0.5
2,1,43,xgboost,0,109,0,0.18479248881340027,0,0.5
2,1,43,xgboost,1,7,0,0.19127565622329712,0,0.5
2,1,43,xgboost,3,825,0,0.07787709683179855,0,0.5
2,1,43,xgboost,5,796,0,0.061679989099502563,0,0.5
2,1,43,xgboost,8,809,0,0.07158908993005753,0,0.5
2,1,43,xgboost,14,798,0,0.061679989099502563,0,0.5
2,1,43,xgboost,28,742,0,0.061679989099502563,0,0.5
2,1,43,xgboost,31,771,0,0.06204449385404587,0,0.5
2,1,43,xgboost,34,749,0,0.9051836133003235,1,0.5
2,1,43,xgboost,36,760,0,0.05983980372548103,0,0.5
2,1,43,xgboost,39,719,0,0.05983980372548103,0,0.5
2,1,43,xgboost,42,724,0,0.06194205954670906,0,0.5
2,1,43,xgboost,53,695,0,0.08022463321685791,0,0.5
2,1,43,xgboost,58,683,0,0.9479448795318604,1,0.5
2,1,43,xgboost,65,736,0,0.05983980372548103,0,0.5
2,1,43,xgboost,68,696,0,0.061679989099502563,0,0.5
2,1,43,xgboost,72,664,0,0.061679989099502563,0,0.5
2,1,43,xgboost,78,693,0,0.8757103681564331,1,0.5
2,1,43,xgboost,81,593,0,0.061679989099502563,0,0.5
2,1,43,xgboost,85,657,0,0.05983980372548103,0,0.5
2,1,43,xgboost,87,703,0,0.06204449385404587,0,0.5
2,1,43,xgboost,96,701,1,0.9455902576446533,1,0.5
2,1,43,xgboost,99,641,0,0.05983980372548103,0,0.5
2,1,43,xgboost,112,573,0,0.05983980372548103,0,0.5
2,1,43,xgboost,113,328,0,0.05983980372548103,0,0.5
2,1,43,xgboost,118,560,0,0.06204449385404587,0,0.5
2,1,43,xgboost,122,592,0,0.06227406859397888,0,0.5
2,1,43,xgboost,145,595,0,0.05983980372548103,0,0.5
2,1,43,xgboost,149,594,0,0.05946235731244087,0,0.5
2,1,43,xgboost,150,489,0,0.05983980372548103,0,0.5
2,1,43,xgboost,152,438,0,0.960455060005188,1,0.5
2,1,43,xgboost,153,423,0,0.05983980372548103,0,0.5
2,1,43,xgboost,155,507,0,0.06194205954670906,0,0.5
2,1,43,xgboost,163,509,1,0.06227406859397888,0,0.5
2,1,43,xgboost,164,546,0,0.05946235731244087,0,0.5
2,1,43,xgboost,166,515,0,0.05983980372548103,0,0.5
2,1,43,xgboost,170,434,0,0.061679989099502563,0,0.5
2,1,43,xgboost,171,418,0,0.05983980372548103,0,0.5
2,1,43,xgboost,177,468,0,0.05983980372548103,0,0.5
2,1,43,xgboost,183,491,0,0.061679989099502563,0,0.5
2,1,43,xgboost,186,404,0,0.061679989099502563,0,0.5
2,1,43,xgboost,189,380,0,0.05983980372548103,0,0.5
2,1,43,xgboost,198,447,0,0.061679989099502563,0,0.5
2,1,43,xgboost,204,222,0,0.18479248881340027,0,0.5
2,1,43,xgboost,206,496,0,0.05983980372548103,0,0.5
2,1,43,xgboost,208,470,0,0.05983980372548103,0,0.5
2,1,43,xgboost,211,453,0,0.061679989099502563,0,0.5
2,1,43,xgboost,214,550,1,0.936069130897522,1,0.5
2,1,43,xgboost,217,408,0,0.05983980372548103,0,0.5
2,1,43,xgboost,219,324,0,0.05983980372548103,0,0.5
2,1,43,xgboost,229,466,0,0.29469117522239685,0,0.5
2,1,43,xgboost,245,253,0,0.05983980372548103,0,0.5
2,1,43,xgboost,247,292,0,0.05983980372548103,0,0.5
2,1,43,xgboost,253,279,0,0.061679989099502563,0,0.5
2,1,43,xgboost,256,366,0,0.05946235731244087,0,0.5
2,1,43,xgboost,258,245,0,0.18479248881340027,0,0.5
2,1,43,xgboost,280,303,0,0.061679989099502563,0,0.5
2,1,43,xgboost,281,238,0,0.18531881272792816,0,0.5
2,1,43,xgboost,286,240,0,0.18479248881340027,0,0.5
2,1,43,xgboost,294,288,0,0.061679989099502563,0,0.5
2,1,43,xgboost,296,358,0,0.061679989099502563,0,0.5
2,1,43,xgboost,302,323,0,0.05983980372548103,0,0.5
2,1,43,xgboost,304,331,0,0.05946235731244087,0,0.5
2,1,43,xgboost,307,287,0,0.05946235731244087,0,0.5
2,1,43,xgboost,308,382,0,0.05983980372548103,0,0.5
2,1,43,xgboost,313,370,0,0.05983980372548103,0,0.5
2,1,43,xgboost,319,293,0,0.05946235731244087,0,0.5
2,1,43,xgboost,321,269,0,0.05946235731244087,0,0.5
2,1,43,xgboost,322,180,0,0.17998385429382324,0,0.5
2,1,43,xgboost,331,446,0,0.05983980372548103,0,0.5
2,1,43,xgboost,332,583,0,0.05983980372548103,0,0.5
2,1,43,xgboost,335,525,1,0.9521583914756775,1,0.5
2,1,43,xgboost,341,121,0,0.1789928376674652,0,0.5
2,1,43,xgboost,342,228,0,0.18479248881340027,0,0.5
2,1,43,xgboost,346,149,0,0.18531881272792816,0,0.5
2,1,43,xgboost,354,811,0,0.9521583914756775,1,0.5
2,1,43,xgboost,358,212,0,0.17998385429382324,0,0.5
2,1,43,xgboost,359,733,0,0.05983980372548103,0,0.5
2,1,43,xgboost,363,72,0,0.18479248881340027,0,0.5
2,1,43,xgboost,366,143,0,0.18479248881340027,0,0.5
2,1,43,xgboost,381,145,0,0.1789928376674652,0,0.5
2,1,43,xgboost,384,78,0,0.18479248881340027,0,0.5
2,1,43,xgboost,400,55,0,0.18479248881340027,0,0.5
2,1,43,xgboost,403,64,0,0.18479248881340027,0,0.5
2,1,43,xgboost,419,149,0,0.18531881272792816,0,0.5
2,1,43,xgboost,420,97,0,0.18479248881340027,0,0.5
2,1,43,xgboost,421,433,1,0.940651535987854,1,0.5
2,1,43,xgboost,427,161,0,0.17998385429382324,0,0.5
2,1,43,xgboost,430,153,0,0.18479248881340027,0,0.5
2,1,43,xgboost,438,195,0,0.18479248881340027,0,0.5
2,1,43,xgboost,440,7,0,0.19127565622329712,0,0.5
2,1,43,xgboost,445,36,0,0.1789928376674652,0,0.5
2,1,43,xgboost,446,107,0,0.18479248881340027,0,0.5
2,1,43,xgboost,447,63,0,0.19127565622329712,0,0.5
2,1,43,xgboost,451,32,0,0.18479248881340027,0,0.5
2,1,43,xgboost,454,7,0,0.19127565622329712,0,0.5
2,1,43,xgboost,464,25,0,0.6717526316642761,1,0.5
2,1,43,xgboost,466,7,0,0.19127565622329712,0,0.5
2,1,43,xgboost,467,41,0,0.3647157847881317,0,0.5
2,1,43,xgboost,475,154,0,0.17998385429382324,0,0.5
2,1,43,xgboost,476,753,0,0.05946235731244087,0,0.5
2,1,43,xgboost,477,751,0,0.061679989099502563,0,0.5
2,1,43,xgboost,478,534,0,0.08022463321685791,0,0.5
2,1,43,xgboost,482,757,0,0.9023266434669495,1,0.5
2,1,43,xgboost,486,496,0,0.05983980372548103,0,0.5
2,1,43,xgboost,505,306,0,0.05946235731244087,0,0.5
2,1,43,xgboost,506,711,0,0.08022463321685791,0,0.5
2,1,43,xgboost,522,37,0,0.18479248881340027,0,0.5
2,1,43,xgboost,532,364,0,0.05983980372548103,0,0.5
2,1,43,xgboost,534,93,0,0.18479248881340027,0,0.5
2,1,43,xgboost,538,361,0,0.061679989099502563,0,0.5
2,1,43,xgboost,539,76,1,0.8867113590240479,1,0.5
2,1,43,xgboost,543,40,0,0.18633690476417542,0,0.5
2,1,43,xgboost,549,662,1,0.9051836133003235,1,0.5
2,1,43,xgboost,557,458,0,0.061679989099502563,0,0.5
2,1,43,xgboost,558,255,0,0.061679989099502563,0,0.5
2,1,43,xgboost,572,373,0,0.06227406859397888,0,0.5
2,1,43,xgboost,577,196,0,0.8521057367324829,1,0.5
2,1,43,xgboost,580,55,0,0.18479248881340027,0,0.5
2,1,43,xgboost,586,150,0,0.18531881272792816,0,0.5
2,1,43,xgboost,601,504,0,0.05983980372548103,0,0.5
2,1,43,xgboost,610,230,1,0.9379924535751343,1,0.5
2,1,43,xgboost,611,311,0,0.1205226257443428,0,0.5
2,1,43,xgboost,612,225,0,0.18479248881340027,0,0.5
2,1,43,xgboost,616,376,0,0.05983980372548103,0,0.5
2,1,43,xgboost,617,157,0,0.18479248881340027,0,0.5
2,1,43,xgboost,622,710,0,0.061679989099502563,0,0.5
2,1,43,xgboost,628,779,0,0.06204449385404587,0,0.5
2,1,43,xgboost,639,52,0,0.19127565622329712,0,0.5
2,1,43,xgboost,641,761,0,0.05983980372548103,0,0.5
2,1,43,xgboost,645,471,0,0.061679989099502563,0,0.5
2,1,43,xgboost,650,421,0,0.07081999629735947,0,0.5
2,1,43,xgboost,657,260,0,0.05983980372548103,0,0.5
2,1,43,xgboost,660,33,0,0.19127565622329712,0,0.5
2,1,43,xgboost,666,67,0,0.18479248881340027,0,0.5
2,1,43,xgboost,671,824,1,0.880018949508667,1,0.5
2,1,43,xgboost,675,808,0,0.05983980372548103,0,0.5
2,1,43,xgboost,684,815,0,0.061679989099502563,0,0.5
2,1,43,xgboost,689,340,0,0.07081999629735947,0,0.5
2,1,43,xgboost,699,111,0,0.2207116037607193,0,0.5
2,1,43,xgboost,701,524,0,0.07037846744060516,0,0.5
2,1,43,xgboost,704,781,0,0.9147424101829529,1,0.5
2,1,43,xgboost,711,128,0,0.19127565622329712,0,0.5
2,1,43,xgboost,726,530,0,0.06204449385404587,0,0.5
2,1,43,xgboost,728,623,0,0.05983980372548103,0,0.5
2,1,43,xgboost,730,775,0,0.06204449385404587,0,0.5
2,1,43,xgboost,741,129,0,0.18531881272792816,0,0.5
2,1,43,xgboost,744,66,0,0.2207116037607193,0,0.5
2,1,43,xgboost,752,676,0,0.061679989099502563,0,0.5
2,1,43,xgboost,753,166,1,0.9322897791862488,1,0.5
2,1,43,xgboost,754,508,1,0.9051836133003235,1,0.5
2,1,43,xgboost,755,563,0,0.06384251266717911,0,0.5
2,1,43,xgboost,761,607,0,0.05946235731244087,0,0.5
2,1,43,xgboost,765,398,0,0.29469117522239685,0,0.5
2,1,43,xgboost,770,357,0,0.05983980372548103,0,0.5
2,1,43,xgboost,771,661,0,0.05946235731244087,0,0.5
2,1,43,xgboost,779,656,0,0.05983980372548103,0,0.5
2,1,43,xgboost,789,164,0,0.18479248881340027,0,0.5
2,1,43,xgboost,790,350,0,0.061679989099502563,0,0.5
2,1,43,xgboost,796,605,0,0.05983980372548103,0,0.5
2,1,43,xgboost,800,302,0,0.05983980372548103,0,0.5
2,1,43,xgboost,801,691,0,0.06194205954670906,0,0.5
2,1,43,xgboost,804,543,0,0.06384251266717911,0,0.5
2,1,43,xgboost,805,668,0,0.05983980372548103,0,0.5
2,1,43,xgboost,809,519,0,0.0758969634771347,0,0.5
2,1,43,xgboost,810,116,0,0.2152150571346283,0,0.5
2,1,43,xgboost,818,700,0,0.07081999629735947,0,0.5
2,1,43,xgboost,828,634,0,0.061679989099502563,0,0.5
2,1,43,xgboost,833,659,0,0.061679989099502563,0,0.5
2,1,43,xgboost,836,743,0,0.061679989099502563,0,0.5
2,1,43,xgboost,843,567,0,0.06227406859397888,0,0.5
2,1,43,xgboost,856,635,0,0.061679989099502563,0,0.5
2,2,43,dummy_prior,4,816,0,0.0641399416909621,0,0.5
2,2,43,dummy_prior,6,823,1,0.0641399416909621,0,0.5
2,2,43,dummy_prior,9,804,0,0.0641399416909621,0,0.5
2,2,43,dummy_prior,13,803,0,0.0641399416909621,0,0.5
2,2,43,dummy_prior,18,792,0,0.0641399416909621,0,0.5
2,2,43,dummy_prior,21,783,0,0.0641399416909621,0,0.5
2,2,43,dummy_prior,24,774,0,0.0641399416909621,0,0.5
2,2,43,dummy_prior,25,805,0,0.0641399416909621,0,0.5
2,2,43,dummy_prior,26,765,0,0.0641399416909621,0,0.5
2,2,43,dummy_prior,33,734,0,0.0641399416909621,0,0.5
2,2,43,dummy_prior,38,758,0,0.0641399416909621,0,0.5
2,2,43,dummy_prior,44,740,1,0.0641399416909621,0,0.5
2,2,43,dummy_prior,47,770,0,0.0641399416909621,0,0.5
2,2,43,dummy_prior,50,721,0,0.0641399416909621,0,0.5
2,2,43,dummy_prior,51,715,0,0.0641399416909621,0,0.5
2,2,43,dummy_prior,61,697,0,0.0641399416909621,0,0.5
2,2,43,dummy_prior,69,705,0,0.0641399416909621,0,0.5
2,2,43,dummy_prior,75,686,0,0.0641399416909621,0,0.5
2,2,43,dummy_prior,82,615,0,0.0641399416909621,0,0.5
2,2,43,dummy_prior,83,621,0,0.0641399416909621,0,0.5
2,2,43,dummy_prior,88,618,0,0.0641399416909621,0,0.5
2,2,43,dummy_prior,97,678,0,0.0641399416909621,0,0.5
2,2,43,dummy_prior,104,633,0,0.0641399416909621,0,0.5
2,2,43,dummy_prior,114,667,0,0.0641399416909621,0,0.5
2,2,43,dummy_prior,120,627,0,0.0641399416909621,0,0.5
2,2,43,dummy_prior,121,579,0,0.0641399416909621,0,0.5
2,2,43,dummy_prior,123,542,0,0.0641399416909621,0,0.5
2,2,43,dummy_prior,124,571,0,0.0641399416909621,0,0.5
2,2,43,dummy_prior,125,596,0,0.0641399416909621,0,0.5
2,2,43,dummy_prior,128,518,0,0.0641399416909621,0,0.5
2,2,43,dummy_prior,138,517,0,0.0641399416909621,0,0.5
2,2,43,dummy_prior,141,194,0,0.0641399416909621,0,0.5
2,2,43,dummy_prior,148,643,0,0.0641399416909621,0,0.5
2,2,43,dummy_prior,151,551,0,0.0641399416909621,0,0.5
2,2,43,dummy_prior,154,457,0,0.0641399416909621,0,0.5
2,2,43,dummy_prior,174,499,0,0.0641399416909621,0,0.5
2,2,43,dummy_prior,182,392,0,0.0641399416909621,0,0.5
2,2,43,dummy_prior,196,505,0,0.0641399416909621,0,0.5
2,2,43,dummy_prior,201,441,0,0.0641399416909621,0,0.5
2,2,43,dummy_prior,202,454,0,0.0641399416909621,0,0.5
2,2,43,dummy_prior,207,437,0,0.0641399416909621,0,0.5
2,2,43,dummy_prior,222,552,0,0.0641399416909621,0,0.5
2,2,43,dummy_prior,223,278,0,0.0641399416909621,0,0.5
2,2,43,dummy_prior,225,511,0,0.0641399416909621,0,0.5
2,2,43,dummy_prior,230,304,0,0.0641399416909621,0,0.5
2,2,43,dummy_prior,235,378,0,0.0641399416909621,0,0.5
2,2,43,dummy_prior,236,343,0,0.0641399416909621,0,0.5
2,2,43,dummy_prior,243,402,0,0.0641399416909621,0,0.5
2,2,43,dummy_prior,254,390,0,0.0641399416909621,0,0.5
2,2,43,dummy_prior,263,296,0,0.0641399416909621,0,0.5
2,2,43,dummy_prior,266,232,0,0.0641399416909621,0,0.5
2,2,43,dummy_prior,273,355,0,0.0641399416909621,0,0.5
2,2,43,dummy_prior,276,241,0,0.0641399416909621,0,0.5
2,2,43,dummy_prior,279,263,0,0.0641399416909621,0,0.5
2,2,43,dummy_prior,285,430,0,0.0641399416909621,0,0.5
2,2,43,dummy_prior,291,289,0,0.0641399416909621,0,0.5
2,2,43,dummy_prior,292,264,0,0.0641399416909621,0,0.5
2,2,43,dummy_prior,297,220,0,0.0641399416909621,0,0.5
2,2,43,dummy_prior,305,201,0,0.0641399416909621,0,0.5
2,2,43,dummy_prior,310,307,0,0.0641399416909621,0,0.5
2,2,43,dummy_prior,312,313,0,0.0641399416909621,0,0.5
2,2,43,dummy_prior,318,308,0,0.0641399416909621,0,0.5
2,2,43,dummy_prior,323,268,0,0.0641399416909621,0,0.5
2,2,43,dummy_prior,325,169,1,0.0641399416909621,0,0.5
2,2,43,dummy_prior,326,217,0,0.0641399416909621,0,0.5
2,2,43,dummy_prior,327,173,0,0.0641399416909621,0,0.5
2,2,43,dummy_prior,330,207,0,0.0641399416909621,0,0.5
2,2,43,dummy_prior,337,818,0,0.0641399416909621,0,0.5
2,2,43,dummy_prior,340,148,0,0.0641399416909621,0,0.5
2,2,43,dummy_prior,343,159,0,0.0641399416909621,0,0.5
2,2,43,dummy_prior,344,79,0,0.0641399416909621,0,0.5
2,2,43,dummy_prior,353,223,0,0.0641399416909621,0,0.5
2,2,43,dummy_prior,355,140,0,0.0641399416909621,0,0.5
2,2,43,dummy_prior,356,79,0,0.0641399416909621,0,0.5
2,2,43,dummy_prior,360,339,0,0.0641399416909621,0,0.5
2,2,43,dummy_prior,368,203,0,0.0641399416909621,0,0.5
2,2,43,dummy_prior,370,239,1,0.0641399416909621,0,0.5
2,2,43,dummy_prior,371,367,0,0.0641399416909621,0,0.5
2,2,43,dummy_prior,373,312,0,0.0641399416909621,0,0.5
2,2,43,dummy_prior,375,249,0,0.0641399416909621,0,0.5
2,2,43,dummy_prior,377,172,1,0.0641399416909621,0,0.5
2,2,43,dummy_prior,378,86,0,0.0641399416909621,0,0.5
2,2,43,dummy_prior,382,400,0,0.0641399416909621,0,0.5
2,2,43,dummy_prior,389,49,0,0.0641399416909621,0,0.5
2,2,43,dummy_prior,406,49,0,0.0641399416909621,0,0.5
2,2,43,dummy_prior,407,57,0,0.0641399416909621,0,0.5
2,2,43,dummy_prior,408,60,0,0.0641399416909621,0,0.5
2,2,43,dummy_prior,411,49,0,0.0641399416909621,0,0.5
2,2,43,dummy_prior,412,87,0,0.0641399416909621,0,0.5
2,2,43,dummy_prior,432,600,0,0.0641399416909621,0,0.5
2,2,43,dummy_prior,441,9,0,0.0641399416909621,0,0.5
2,2,43,dummy_prior,444,80,0,0.0641399416909621,0,0.5
2,2,43,dummy_prior,448,65,0,0.0641399416909621,0,0.5
2,2,43,dummy_prior,450,34,0,0.0641399416909621,0,0.5
2,2,43,dummy_prior,479,482,0,0.0641399416909621,0,0.5
2,2,43,dummy_prior,480,575,0,0.0641399416909621,0,0.5
2,2,43,dummy_prior,481,608,0,0.0641399416909621,0,0.5
2,2,43,dummy_prior,483,190,0,0.0641399416909621,0,0.5
2,2,43,dummy_prior,488,337,0,0.0641399416909621,0,0.5
2,2,43,dummy_prior,489,151,0,0.0641399416909621,0,0.5
2,2,43,dummy_prior,490,375,0,0.0641399416909621,0,0.5
2,2,43,dummy_prior,492,658,0,0.0641399416909621,0,0.5
2,2,43,dummy_prior,493,86,0,0.0641399416909621,0,0.5
2,2,43,dummy_prior,495,405,0,0.0641399416909621,0,0.5
2,2,43,dummy_prior,496,451,1,0.0641399416909621,0,0.5
2,2,43,dummy_prior,499,614,0,0.0641399416909621,0,0.5
2,2,43,dummy_prior,514,476,0,0.0641399416909621,0,0.5
2,2,43,dummy_prior,520,53,0,0.0641399416909621,0,0.5
2,2,43,dummy_prior,529,652,0,0.0641399416909621,0,0.5
2,2,43,dummy_prior,530,239,1,0.0641399416909621,0,0.5
2,2,43,dummy_prior,531,119,0,0.0641399416909621,0,0.5
2,2,43,dummy_prior,547,385,0,0.0641399416909621,0,0.5
2,2,43,dummy_prior,560,748,0,0.0641399416909621,0,0.5
2,2,43,dummy_prior,565,335,0,0.0641399416909621,0,0.5
2,2,43,dummy_prior,571,257,0,0.0641399416909621,0,0.5
2,2,43,dummy_prior,582,198,0,0.0641399416909621,0,0.5
2,2,43,dummy_prior,584,562,0,0.0641399416909621,0,0.5
2,2,43,dummy_prior,587,687,0,0.0641399416909621,0,0.5
2,2,43,dummy_prior,592,321,0,0.0641399416909621,0,0.5
2,2,43,dummy_prior,593,13,0,0.0641399416909621,0,0.5
2,2,43,dummy_prior,602,670,0,0.0641399416909621,0,0.5
2,2,43,dummy_prior,603,440,0,0.0641399416909621,0,0.5
2,2,43,dummy_prior,604,318,0,0.0641399416909621,0,0.5
2,2,43,dummy_prior,605,183,0,0.0641399416909621,0,0.5
2,2,43,dummy_prior,613,299,0,0.0641399416909621,0,0.5
2,2,43,dummy_prior,619,320,0,0.0641399416909621,0,0.5
2,2,43,dummy_prior,621,582,0,0.0641399416909621,0,0.5
2,2,43,dummy_prior,623,250,0,0.0641399416909621,0,0.5
2,2,43,dummy_prior,630,424,0,0.0641399416909621,0,0.5
2,2,43,dummy_prior,636,741,0,0.0641399416909621,0,0.5
2,2,43,dummy_prior,637,493,0,0.0641399416909621,0,0.5
2,2,43,dummy_prior,649,613,0,0.0641399416909621,0,0.5
2,2,43,dummy_prior,654,810,0,0.0641399416909621,0,0.5
2,2,43,dummy_prior,662,502,0,0.0641399416909621,0,0.5
2,2,43,dummy_prior,665,205,0,0.0641399416909621,0,0.5
2,2,43,dummy_prior,677,814,0,0.0641399416909621,0,0.5
2,2,43,dummy_prior,680,821,0,0.0641399416909621,0,0.5
2,2,43,dummy_prior,683,762,0,0.0641399416909621,0,0.5
2,2,43,dummy_prior,685,820,0,0.0641399416909621,0,0.5
2,2,43,dummy_prior,691,420,0,0.0641399416909621,0,0.5
2,2,43,dummy_prior,693,98,1,0.0641399416909621,0,0.5
2,2,43,dummy_prior,702,439,0,0.0641399416909621,0,0.5
2,2,43,dummy_prior,705,806,0,0.0641399416909621,0,0.5
2,2,43,dummy_prior,715,13,0,0.0641399416909621,0,0.5
2,2,43,dummy_prior,720,427,0,0.0641399416909621,0,0.5
2,2,43,dummy_prior,722,325,0,0.0641399416909621,0,0.5
2,2,43,dummy_prior,731,291,0,0.0641399416909621,0,0.5
2,2,43,dummy_prior,733,587,0,0.0641399416909621,0,0.5
2,2,43,dummy_prior,737,177,0,0.0641399416909621,0,0.5
2,2,43,dummy_prior,746,342,0,0.0641399416909621,0,0.5
2,2,43,dummy_prior,748,393,0,0.0641399416909621,0,0.5
2,2,43,dummy_prior,749,541,0,0.0641399416909621,0,0.5
2,2,43,dummy_prior,756,395,0,0.0641399416909621,0,0.5
2,2,43,dummy_prior,757,360,0,0.0641399416909621,0,0.5
2,2,43,dummy_prior,773,23,0,0.0641399416909621,0,0.5
2,2,43,dummy_prior,778,136,0,0.0641399416909621,0,0.5
2,2,43,dummy_prior,781,642,1,0.0641399416909621,0,0.5
2,2,43,dummy_prior,783,84,0,0.0641399416909621,0,0.5
2,2,43,dummy_prior,787,256,0,0.0641399416909621,0,0.5
2,2,43,dummy_prior,791,15,0,0.0641399416909621,0,0.5
2,2,43,dummy_prior,797,645,1,0.0641399416909621,0,0.5
2,2,43,dummy_prior,813,163,0,0.0641399416909621,0,0.5
2,2,43,dummy_prior,814,22,1,0.0641399416909621,0,0.5
2,2,43,dummy_prior,816,233,0,0.0641399416909621,0,0.5
2,2,43,dummy_prior,820,352,0,0.0641399416909621,0,0.5
2,2,43,dummy_prior,821,602,0,0.0641399416909621,0,0.5
2,2,43,dummy_prior,823,644,0,0.0641399416909621,0,0.5
2,2,43,dummy_prior,825,794,0,0.0641399416909621,0,0.5
2,2,43,dummy_prior,827,688,0,0.0641399416909621,0,0.5
2,2,43,dummy_prior,839,601,0,0.0641399416909621,0,0.5
2,2,43,dummy_prior,849,620,0,0.0641399416909621,0,0.5
2,2,43,dummy_prior,852,800,0,0.0641399416909621,0,0.5
2,2,43,logistic_regression,4,816,0,0.33072000885850816,0,0.5
2,2,43,logistic_regression,6,823,1,0.9345450800903422,1,0.5
2,2,43,logistic_regression,9,804,0,0.23784240541170887,0,0.5
2,2,43,logistic_regression,13,803,0,0.28221051371113254,0,0.5
2,2,43,logistic_regression,18,792,0,0.42254712235531766,0,0.5
2,2,43,logistic_regression,21,783,0,0.2730888625677946,0,0.5
2,2,43,logistic_regression,24,774,0,0.28806294594952725,0,0.5
2,2,43,logistic_regression,25,805,0,0.26616880945377963,0,0.5
2,2,43,logistic_regression,26,765,0,0.2841209988292266,0,0.5
2,2,43,logistic_regression,33,734,0,0.28488407503319907,0,0.5
2,2,43,logistic_regression,38,758,0,0.2626692268974663,0,0.5
2,2,43,logistic_regression,44,740,1,0.8047214267687265,1,0.5
2,2,43,logistic_regression,47,770,0,0.2706344755988009,0,0.5
2,2,43,logistic_regression,50,721,0,0.28699547616168214,0,0.5
2,2,43,logistic_regression,51,715,0,0.25722063320281335,0,0.5
2,2,43,logistic_regression,61,697,0,0.23516498046059184,0,0.5
2,2,43,logistic_regression,69,705,0,0.28423875282612826,0,0.5
2,2,43,logistic_regression,75,686,0,0.26618620024334105,0,0.5
2,2,43,logistic_regression,82,615,0,0.2746464792535245,0,0.5
2,2,43,logistic_regression,83,621,0,0.2942113664223824,0,0.5
2,2,43,logistic_regression,88,618,0,0.27702567574530085,0,0.5
2,2,43,logistic_regression,97,678,0,0.2653024680782618,0,0.5
2,2,43,logistic_regression,104,633,0,0.29881086587052247,0,0.5
2,2,43,logistic_regression,114,667,0,0.28274388675681267,0,0.5
2,2,43,logistic_regression,120,627,0,0.26227788940405894,0,0.5
2,2,43,logistic_regression,121,579,0,0.30574195902246526,0,0.5
2,2,43,logistic_regression,123,542,0,0.37183166708025694,0,0.5
2,2,43,logistic_regression,124,571,0,0.3147598852332052,0,0.5
2,2,43,logistic_regression,125,596,0,0.25162189128186163,0,0.5
2,2,43,logistic_regression,128,518,0,0.24525657204257514,0,0.5
2,2,43,logistic_regression,138,517,0,0.2455142794836529,0,0.5
2,2,43,logistic_regression,141,194,0,0.1978766609014569,0,0.5
2,2,43,logistic_regression,148,643,0,0.28673151040891076,0,0.5
2,2,43,logistic_regression,151,551,0,0.2524561216262267,0,0.5
2,2,43,logistic_regression,154,457,0,0.28468117520287434,0,0.5
2,2,43,logistic_regression,174,499,0,0.23602757748747547,0,0.5
2,2,43,logistic_regression,182,392,0,0.24654296413938157,0,0.5
2,2,43,logistic_regression,196,505,0,0.2678014799032371,0,0.5
2,2,43,logistic_regression,201,441,0,0.26571823670351524,0,0.5
2,2,43,logistic_regression,202,454,0,0.28842039630295224,0,0.5
2,2,43,logistic_regression,207,437,0,0.270969904529703,0,0.5
2,2,43,logistic_regression,222,552,0,0.1583492970931386,0,0.5
2,2,43,logistic_regression,223,278,0,0.2564257450853259,0,0.5
2,2,43,logistic_regression,225,511,0,0.224228489361599,0,0.5
2,2,43,logistic_regression,230,304,0,0.25971148947128725,0,0.5
2,2,43,logistic_regression,235,378,0,0.2591605891460029,0,0.5
2,2,43,logistic_regression,236,343,0,0.3900285781015601,0,0.5
2,2,43,logistic_regression,243,402,0,0.21518040512122566,0,0.5
2,2,43,logistic_regression,254,390,0,0.25837816354642246,0,0.5
2,2,43,logistic_regression,263,296,0,0.20565764170553574,0,0.5
2,2,43,logistic_regression,266,232,0,0.2583356264015651,0,0.5
2,2,43,logistic_regression,273,355,0,0.2703150784347256,0,0.5
2,2,43,logistic_regression,276,241,0,0.28542818645045925,0,0.5
2,2,43,logistic_regression,279,263,0,0.10573677923013096,0,0.5
2,2,43,logistic_regression,285,430,0,0.2667965155782712,0,0.5
2,2,43,logistic_regression,291,289,0,0.25742337171338886,0,0.5
2,2,43,logistic_regression,292,264,0,0.26483773410552597,0,0.5
2,2,43,logistic_regression,297,220,0,0.14004276747560454,0,0.5
2,2,43,logistic_regression,305,201,0,0.25833509157897955,0,0.5
2,2,43,logistic_regression,310,307,0,0.25827523369681205,0,0.5
2,2,43,logistic_regression,312,313,0,0.222383246376697,0,0.5
2,2,43,logistic_regression,318,308,0,0.2736194677680726,0,0.5
2,2,43,logistic_regression,323,268,0,0.2835757374303324,0,0.5
2,2,43,logistic_regression,325,169,1,0.28000694492771755,0,0.5
2,2,43,logistic_regression,326,217,0,0.25054951302845613,0,0.5
2,2,43,logistic_regression,327,173,0,0.2510984674029583,0,0.5
2,2,43,logistic_regression,330,207,0,0.18902318457421774,0,0.5
2,2,43,logistic_regression,337,818,0,0.25337931979882294,0,0.5
2,2,43,logistic_regression,340,148,0,0.2638465179627875,0,0.5
2,2,43,logistic_regression,343,159,0,0.17963903083013738,0,0.5
2,2,43,logistic_regression,344,79,0,0.24388615093137786,0,0.5
2,2,43,logistic_regression,353,223,0,0.19765574280897905,0,0.5
2,2,43,logistic_regression,355,140,0,0.3743929871583299,0,0.5
2,2,43,logistic_regression,356,79,0,0.24388615093137786,0,0.5
2,2,43,logistic_regression,360,339,0,0.262893185921159,0,0.5
2,2,43,logistic_regression,368,203,0,0.257893108661281,0,0.5
2,2,43,logistic_regression,370,239,1,0.9129229499840503,1,0.5
2,2,43,logistic_regression,371,367,0,0.2495945708980898,0,0.5
2,2,43,logistic_regression,373,312,0,0.26182808016999437,0,0.5
2,2,43,logistic_regression,375,249,0,0.2615752508816245,0,0.5
2,2,43,logistic_regression,377,172,1,0.2529743228516229,0,0.5
2,2,43,logistic_regression,378,86,0,0.2502747547360294,0,0.5
2,2,43,logistic_regression,382,400,0,0.2712059466665447,0,0.5
2,2,43,logistic_regression,389,49,0,0.24348205751800245,0,0.5
2,2,43,logistic_regression,406,49,0,0.24348205751800245,0,0.5
2,2,43,logistic_regression,407,57,0,0.9658653579881494,1,0.5
2,2,43,logistic_regression,408,60,0,0.1958298658537129,0,0.5
2,2,43,logistic_regression,411,49,0,0.9750227547058006,1,0.5
2,2,43,logistic_regression,412,87,0,0.19288251847733712,0,0.5
2,2,43,logistic_regression,432,600,0,0.42752091865753905,0,0.5
2,2,43,logistic_regression,441,9,0,0.2431871531205836,0,0.5
2,2,43,logistic_regression,444,80,0,0.2493325689302688,0,0.5
2,2,43,logistic_regression,448,65,0,0.22535856647418276,0,0.5
2,2,43,logistic_regression,450,34,0,0.26065689057328306,0,0.5
2,2,43,logistic_regression,479,482,0,0.25653740195822644,0,0.5
2,2,43,logistic_regression,480,575,0,0.18325441108241142,0,0.5
2,2,43,logistic_regression,481,608,0,0.25254081111991966,0,0.5
2,2,43,logistic_regression,483,190,0,0.2831200257160376,0,0.5
2,2,43,logistic_regression,488,337,0,0.27196281976396647,0,0.5
2,2,43,logistic_regression,489,151,0,0.20690738688565868,0,0.5
2,2,43,logistic_regression,490,375,0,0.2674659124500035,0,0.5
2,2,43,logistic_regression,492,658,0,0.2668039949221267,0,0.5
2,2,43,logistic_regression,493,86,0,0.48137203085053265,0,0.5
2,2,43,logistic_regression,495,405,0,0.19643865534636087,0,0.5
2,2,43,logistic_regression,496,451,1,0.939272396943753,1,0.5
2,2,43,logistic_regression,499,614,0,0.27820351609986216,0,0.5
2,2,43,logistic_regression,514,476,0,0.2789679440411174,0,0.5
2,2,43,logistic_regression,520,53,0,0.2620321762319637,0,0.5
2,2,43,logistic_regression,529,652,0,0.2965535006529428,0,0.5
2,2,43,logistic_regression,530,239,1,0.9129229499840503,1,0.5
2,2,43,logistic_regression,531,119,0,0.26086064352874766,0,0.5
2,2,43,logistic_regression,547,385,0,0.20029037506414077,0,0.5
2,2,43,logistic_regression,560,748,0,0.282099143362137,0,0.5
2,2,43,logistic_regression,565,335,0,0.47608476442188197,0,0.5
2,2,43,logistic_regression,571,257,0,0.2559052102464841,0,0.5
2,2,43,logistic_regression,582,198,0,0.28718236485538806,0,0.5
2,2,43,logistic_regression,584,562,0,0.25445112425676847,0,0.5
2,2,43,logistic_regression,587,687,0,0.281026848790233,0,0.5
2,2,43,logistic_regression,592,321,0,0.2558382631797269,0,0.5
2,2,43,logistic_regression,593,13,0,0.249302936828676,0,0.5
2,2,43,logistic_regression,602,670,0,0.28342673076576086,0,0.5
2,2,43,logistic_regression,603,440,0,0.21247206081128225,0,0.5
2,2,43,logistic_regression,604,318,0,0.26184662558228206,0,0.5
2,2,43,logistic_regression,605,183,0,0.26096999175684626,0,0.5
2,2,43,logistic_regression,613,299,0,0.2698761037513632,0,0.5
2,2,43,logistic_regression,619,320,0,0.19244790065521808,0,0.5
2,2,43,logistic_regression,621,582,0,0.2754014020214587,0,0.5
2,2,43,logistic_regression,623,250,0,0.26110278455898284,0,0.5
2,2,43,logistic_regression,630,424,0,0.2803002732317651,0,0.5
2,2,43,logistic_regression,636,741,0,0.2795239225381053,0,0.5
2,2,43,logistic_regression,637,493,0,0.30031706902231015,0,0.5
2,2,43,logistic_regression,649,613,0,0.5096646970157624,1,0.5
2,2,43,logistic_regression,654,810,0,0.8233518314429269,1,0.5
2,2,43,logistic_regression,662,502,0,0.21659335703535715,0,0.5
2,2,43,logistic_regression,665,205,0,0.5003456792400358,1,0.5
2,2,43,logistic_regression,677,814,0,0.2524575890443998,0,0.5
2,2,43,logistic_regression,680,821,0,0.2735664031219966,0,0.5
2,2,43,logistic_regression,683,762,0,0.28489561793337287,0,0.5
2,2,43,logistic_regression,685,820,0,0.2564980633909617,0,0.5
2,2,43,logistic_regression,691,420,0,0.8614471286024228,1,0.5
2,2,43,logistic_regression,693,98,1,0.7968213785439536,1,0.5
2,2,43,logistic_regression,702,439,0,0.29498063909841227,0,0.5
2,2,43,logistic_regression,705,806,0,0.22405545077917033,0,0.5
2,2,43,logistic_regression,715,13,0,0.249302936828676,0,0.5
2,2,43,logistic_regression,720,427,0,0.2686185890187992,0,0.5
2,2,43,logistic_regression,722,325,0,0.2738495513847785,0,0.5
2,2,43,logistic_regression,731,291,0,0.24539762770213586,0,0.5
2,2,43,logistic_regression,733,587,0,0.281049375786076,0,0.5
2,2,43,logistic_regression,737,177,0,0.2548067488732679,0,0.5
2,2,43,logistic_regression,746,342,0,0.2872052540332573,0,0.5
2,2,43,logistic_regression,748,393,0,0.2818812181907828,0,0.5
2,2,43,logistic_regression,749,541,0,0.39397061389350885,0,0.5
2,2,43,logistic_regression,756,395,0,0.8100463094902365,1,0.5
2,2,43,logistic_regression,757,360,0,0.2895746199858418,0,0.5
2,2,43,logistic_regression,773,23,0,0.11543021145022674,0,0.5
2,2,43,logistic_regression,778,136,0,0.19300722235936293,0,0.5
2,2,43,logistic_regression,781,642,1,0.9557513763247035,1,0.5
2,2,43,logistic_regression,783,84,0,0.1873803526596268,0,0.5
2,2,43,logistic_regression,787,256,0,0.28568696174508973,0,0.5
2,2,43,logistic_regression,791,15,0,0.2532567686899118,0,0.5
2,2,43,logistic_regression,797,645,1,0.9758748122528976,1,0.5
2,2,43,logistic_regression,813,163,0,0.2741162357560747,0,0.5
2,2,43,logistic_regression,814,22,1,0.24958884707858758,0,0.5
2,2,43,logistic_regression,816,233,0,0.2559996061765164,0,0.5
2,2,43,logistic_regression,820,352,0,0.2809344199808474,0,0.5
2,2,43,logistic_regression,821,602,0,0.2741766746293002,0,0.5
2,2,43,logistic_regression,823,644,0,0.2574466239078701,0,0.5
2,2,43,logistic_regression,825,794,0,0.26585608333393757,0,0.5
2,2,43,logistic_regression,827,688,0,0.2713716807470905,0,0.5
2,2,43,logistic_regression,839,601,0,0.4356189058976018,0,0.5
2,2,43,logistic_regression,849,620,0,0.23421772907280772,0,0.5
2,2,43,logistic_regression,852,800,0,0.29483698674394065,0,0.5
2,2,43,xgboost,4,816,0,0.02284332737326622,0,0.5
2,2,43,xgboost,6,823,1,0.6108345985412598,1,0.5
2,2,43,xgboost,9,804,0,0.005539491772651672,0,0.5
2,2,43,xgboost,13,803,0,0.008702819235622883,0,0.5
2,2,43,xgboost,18,792,0,0.008509698323905468,0,0.5
2,2,43,xgboost,21,783,0,0.03449496626853943,0,0.5
2,2,43,xgboost,24,774,0,0.012939807958900928,0,0.5
2,2,43,xgboost,25,805,0,0.013485564850270748,0,0.5
2,2,43,xgboost,26,765,0,0.025803137570619583,0,0.5
2,2,43,xgboost,33,734,0,0.004430203232914209,0,0.5
2,2,43,xgboost,38,758,0,0.01700291410088539,0,0.5
2,2,43,xgboost,44,740,1,0.8540367484092712,1,0.5
2,2,43,xgboost,47,770,0,0.010116597637534142,0,0.5
2,2,43,xgboost,50,721,0,0.011515604332089424,0,0.5
2,2,43,xgboost,51,715,0,0.011878464370965958,0,0.5
2,2,43,xgboost,61,697,0,0.008240504190325737,0,0.5
2,2,43,xgboost,69,705,0,0.030555984005331993,0,0.5
2,2,43,xgboost,75,686,0,0.0075949388556182384,0,0.5
2,2,43,xgboost,82,615,0,0.007748183328658342,0,0.5
2,2,43,xgboost,83,621,0,0.010678447782993317,0,0.5
2,2,43,xgboost,88,618,0,0.009274819865822792,0,0.5
2,2,43,xgboost,97,678,0,0.007271061185747385,0,0.5
2,2,43,xgboost,104,633,0,0.01972564123570919,0,0.5
2,2,43,xgboost,114,667,0,0.01193454023450613,0,0.5
2,2,43,xgboost,120,627,0,0.017662381753325462,0,0.5
2,2,43,xgboost,121,579,0,0.03761681541800499,0,0.5
2,2,43,xgboost,123,542,0,0.04158797487616539,0,0.5
2,2,43,xgboost,124,571,0,0.03775196522474289,0,0.5
2,2,43,xgboost,125,596,0,0.010446791537106037,0,0.5
2,2,43,xgboost,128,518,0,0.012312054634094238,0,0.5
2,2,43,xgboost,138,517,0,0.012312054634094238,0,0.5
2,2,43,xgboost,141,194,0,0.03421316295862198,0,0.5
2,2,43,xgboost,148,643,0,0.007473818492144346,0,0.5
2,2,43,xgboost,151,551,0,0.010924289934337139,0,0.5
2,2,43,xgboost,154,457,0,0.01107147615402937,0,0.5
2,2,43,xgboost,174,499,0,0.010596463456749916,0,0.5
2,2,43,xgboost,182,392,0,0.02947837859392166,0,0.5
2,2,43,xgboost,196,505,0,0.027968740090727806,0,0.5
2,2,43,xgboost,201,441,0,0.021298924461007118,0,0.5
2,2,43,xgboost,202,454,0,0.027476157993078232,0,0.5
2,2,43,xgboost,207,437,0,0.007941870018839836,0,0.5
2,2,43,xgboost,222,552,0,0.010336607694625854,0,0.5
2,2,43,xgboost,223,278,0,0.005018056370317936,0,0.5
2,2,43,xgboost,225,511,0,0.03259605914354324,0,0.5
2,2,43,xgboost,230,304,0,0.009533559903502464,0,0.5
2,2,43,xgboost,235,378,0,0.009533559903502464,0,0.5
2,2,43,xgboost,236,343,0,0.009691364131867886,0,0.5
2,2,43,xgboost,243,402,0,0.011403126642107964,0,0.5
2,2,43,xgboost,254,390,0,0.011425494216382504,0,0.5
2,2,43,xgboost,263,296,0,0.0011281016049906611,0,0.5
2,2,43,xgboost,266,232,0,0.040606942027807236,0,0.5
2,2,43,xgboost,273,355,0,0.005002773366868496,0,0.5
2,2,43,xgboost,276,241,0,0.1363251805305481,0,0.5
2,2,43,xgboost,279,263,0,0.02603883109986782,0,0.5
2,2,43,xgboost,285,430,0,0.007099499925971031,0,0.5
2,2,43,xgboost,291,289,0,0.006796604488044977,0,0.5
2,2,43,xgboost,292,264,0,0.04603348299860954,0,0.5
2,2,43,xgboost,297,220,0,0.06517627090215683,0,0.5
2,2,43,xgboost,305,201,0,0.08492529392242432,0,0.5
2,2,43,xgboost,310,307,0,0.0071313283406198025,0,0.5
2,2,43,xgboost,312,313,0,0.010667461901903152,0,0.5
2,2,43,xgboost,318,308,0,0.00896682869642973,0,0.5
2,2,43,xgboost,323,268,0,0.0544179268181324,0,0.5
2,2,43,xgboost,325,169,1,0.0824396014213562,0,0.5
2,2,43,xgboost,326,217,0,0.044738903641700745,0,0.5
2,2,43,xgboost,327,173,0,0.02531931735575199,0,0.5
2,2,43,xgboost,330,207,0,0.01708330772817135,0,0.5
2,2,43,xgboost,337,818,0,0.0030407914891839027,0,0.5
2,2,43,xgboost,340,148,0,0.01848190277814865,0,0.5
2,2,43,xgboost,343,159,0,0.01668400689959526,0,0.5
2,2,43,xgboost,344,79,0,0.024413548409938812,0,0.5
2,2,43,xgboost,353,223,0,0.016575230285525322,0,0.5
2,2,43,xgboost,355,140,0,0.022339381277561188,0,0.5
2,2,43,xgboost,356,79,0,0.024413548409938812,0,0.5
2,2,43,xgboost,360,339,0,0.014783135615289211,0,0.5
2,2,43,xgboost,368,203,0,0.08109494298696518,0,0.5
2,2,43,xgboost,370,239,1,0.9375841021537781,1,0.5
2,2,43,xgboost,371,367,0,0.00658126175403595,0,0.5
2,2,43,xgboost,373,312,0,0.008381047286093235,0,0.5
2,2,43,xgboost,375,249,0,0.030874697491526604,0,0.5
2,2,43,xgboost,377,172,1,0.034141309559345245,0,0.5
2,2,43,xgboost,378,86,0,0.009298558346927166,0,0.5
2,2,43,xgboost,382,400,0,0.016890928149223328,0,0.5
2,2,43,xgboost,389,49,0,0.024413548409938812,0,0.5
2,2,43,xgboost,406,49,0,0.024413548409938812,0,0.5
2,2,43,xgboost,407,57,0,0.944487452507019,1,0.5
2,2,43,xgboost,408,60,0,0.009202876128256321,0,0.5
2,2,43,xgboost,411,49,0,0.9612957239151001,1,0.5
2,2,43,xgboost,412,87,0,0.006837538443505764,0,0.5
2,2,43,xgboost,432,600,0,0.015670597553253174,0,0.5
2,2,43,xgboost,441,9,0,0.004766078200191259,0,0.5
2,2,43,xgboost,444,80,0,0.022176280617713928,0,0.5
2,2,43,xgboost,448,65,0,0.017499297857284546,0,0.5
2,2,43,xgboost,450,34,0,0.004185555502772331,0,0.5
2,2,43,xgboost,479,482,0,0.017537346109747887,0,0.5
2,2,43,xgboost,480,575,0,0.0015308252768591046,0,0.5
2,2,43,xgboost,481,608,0,0.011964034289121628,0,0.5
2,2,43,xgboost,483,190,0,0.1912630945444107,0,0.5
2,2,43,xgboost,488,337,0,0.008546694181859493,0,0.5
2,2,43,xgboost,489,151,0,0.0069134957157075405,0,0.5
2,2,43,xgboost,490,375,0,0.00815892219543457,0,0.5
2,2,43,xgboost,492,658,0,0.007952125743031502,0,0.5
2,2,43,xgboost,493,86,0,0.047187309712171555,0,0.5
2,2,43,xgboost,495,405,0,0.007339143194258213,0,0.5
2,2,43,xgboost,496,451,1,0.9333640933036804,1,0.5
2,2,43,xgboost,499,614,0,0.012759367935359478,0,0.5
2,2,43,xgboost,514,476,0,0.013382898643612862,0,0.5
2,2,43,xgboost,520,53,0,0.007457949686795473,0,0.5
2,2,43,xgboost,529,652,0,0.010678447782993317,0,0.5
2,2,43,xgboost,530,239,1,0.9375841021537781,1,0.5
2,2,43,xgboost,531,119,0,0.013840453699231148,0,0.5
2,2,43,xgboost,547,385,0,0.004769426770508289,0,0.5
2,2,43,xgboost,560,748,0,0.007845979183912277,0,0.5
2,2,43,xgboost,565,335,0,0.08658380061388016,0,0.5
2,2,43,xgboost,571,257,0,0.02189819887280464,0,0.5
2,2,43,xgboost,582,198,0,0.04416174069046974,0,0.5
2,2,43,xgboost,584,562,0,0.012333288788795471,0,0.5
2,2,43,xgboost,587,687,0,0.007291869726032019,0,0.5
2,2,43,xgboost,592,321,0,0.0035005947574973106,0,0.5
2,2,43,xgboost,593,13,0,0.0034304202999919653,0,0.5
2,2,43,xgboost,602,670,0,0.007982460781931877,0,0.5
2,2,43,xgboost,603,440,0,0.007038852199912071,0,0.5
2,2,43,xgboost,604,318,0,0.014622471295297146,0,0.5
2,2,43,xgboost,605,183,0,0.039350975304841995,0,0.5
2,2,43,xgboost,613,299,0,0.007227448280900717,0,0.5
2,2,43,xgboost,619,320,0,0.008270205929875374,0,0.5
2,2,43,xgboost,621,582,0,0.005496458616107702,0,0.5
2,2,43,xgboost,623,250,0,0.03244704753160477,0,0.5
2,2,43,xgboost,630,424,0,0.0301989633589983,0,0.5
2,2,43,xgboost,636,741,0,0.008404353633522987,0,0.5
2,2,43,xgboost,637,493,0,0.006183081306517124,0,0.5
2,2,43,xgboost,649,613,0,0.15205496549606323,0,0.5
2,2,43,xgboost,654,810,0,0.21136443316936493,0,0.5
2,2,43,xgboost,662,502,0,0.012508339248597622,0,0.5
2,2,43,xgboost,665,205,0,0.3324197232723236,0,0.5
2,2,43,xgboost,677,814,0,0.013378333300352097,0,0.5
2,2,43,xgboost,680,821,0,0.006607469171285629,0,0.5
2,2,43,xgboost,683,762,0,0.012104091234505177,0,0.5
2,2,43,xgboost,685,820,0,0.0016609226586297154,0,0.5
2,2,43,xgboost,691,420,0,0.9209789633750916,1,0.5
2,2,43,xgboost,693,98,1,0.8579251170158386,1,0.5
2,2,43,xgboost,702,439,0,0.00574624864384532,0,0.5
2,2,43,xgboost,705,806,0,0.006650824565440416,0,0.5
2,2,43,xgboost,715,13,0,0.0034304202999919653,0,0.5
2,2,43,xgboost,720,427,0,0.008381047286093235,0,0.5
2,2,43,xgboost,722,325,0,0.022031595930457115,0,0.5
2,2,43,xgboost,731,291,0,0.011007416993379593,0,0.5
2,2,43,xgboost,733,587,0,0.028556324541568756,0,0.5
2,2,43,xgboost,737,177,0,0.056968994438648224,0,0.5
2,2,43,xgboost,746,342,0,0.005456293001770973,0,0.5
2,2,43,xgboost,748,393,0,0.006138386204838753,0,0.5
2,2,43,xgboost,749,541,0,0.07162082195281982,0,0.5
2,2,43,xgboost,756,395,0,0.8226582407951355,1,0.5
2,2,43,xgboost,757,360,0,0.010614214465022087,0,0.5
2,2,43,xgboost,773,23,0,0.003097537439316511,0,0.5
2,2,43,xgboost,778,136,0,0.01395164243876934,0,0.5
2,2,43,xgboost,781,642,1,0.9681665897369385,1,0.5
2,2,43,xgboost,783,84,0,0.010822741314768791,0,0.5
2,2,43,xgboost,787,256,0,0.054157938808202744,0,0.5
2,2,43,xgboost,791,15,0,0.004622606094926596,0,0.5
2,2,43,xgboost,797,645,1,0.9410672187805176,1,0.5
2,2,43,xgboost,813,163,0,0.06327848136425018,0,0.5
2,2,43,xgboost,814,22,1,0.004167805425822735,0,0.5
2,2,43,xgboost,816,233,0,0.054018888622522354,0,0.5
2,2,43,xgboost,820,352,0,0.007446445059031248,0,0.5
2,2,43,xgboost,821,602,0,0.01659281924366951,0,0.5
2,2,43,xgboost,823,644,0,0.028072360903024673,0,0.5
2,2,43,xgboost,825,794,0,0.01469649188220501,0,0.5
2,2,43,xgboost,827,688,0,0.01023781206458807,0,0.5
2,2,43,xgboost,839,601,0,0.014222853817045689,0,0.5
2,2,43,xgboost,849,620,0,0.009347386658191681,0,0.5
2,2,43,xgboost,852,800,0,0.014114940539002419,0,0.5
2,3,43,dummy_prior,12,812,0,0.06404657933042213,0,0.5
2,3,43,dummy_prior,19,773,0,0.06404657933042213,0,0.5
2,3,43,dummy_prior,35,737,0,0.06404657933042213,0,0.5
2,3,43,dummy_prior,37,747,0,0.06404657933042213,0,0.5
2,3,43,dummy_prior,48,780,0,0.06404657933042213,0,0.5
2,3,43,dummy_prior,49,739,0,0.06404657933042213,0,0.5
2,3,43,dummy_prior,57,647,0,0.06404657933042213,0,0.5
2,3,43,dummy_prior,59,692,0,0.06404657933042213,0,0.5
2,3,43,dummy_prior,60,673,0,0.06404657933042213,0,0.5
2,3,43,dummy_prior,66,673,0,0.06404657933042213,0,0.5
2,3,43,dummy_prior,76,675,0,0.06404657933042213,0,0.5
2,3,43,dummy_prior,79,684,0,0.06404657933042213,0,0.5
2,3,43,dummy_prior,80,630,0,0.06404657933042213,0,0.5
2,3,43,dummy_prior,84,713,0,0.06404657933042213,0,0.5
2,3,43,dummy_prior,86,718,0,0.06404657933042213,0,0.5
2,3,43,dummy_prior,89,632,0,0.06404657933042213,0,0.5
2,3,43,dummy_prior,98,584,0,0.06404657933042213,0,0.5
2,3,43,dummy_prior,100,669,0,0.06404657933042213,0,0.5
2,3,43,dummy_prior,101,580,0,0.06404657933042213,0,0.5
2,3,43,dummy_prior,103,754,1,0.06404657933042213,0,0.5
2,3,43,dummy_prior,106,577,0,0.06404657933042213,0,0.5
2,3,43,dummy_prior,109,612,0,0.06404657933042213,0,0.5
2,3,43,dummy_prior,110,619,0,0.06404657933042213,0,0.5
2,3,43,dummy_prior,116,597,0,0.06404657933042213,0,0.5
2,3,43,dummy_prior,130,492,0,0.06404657933042213,0,0.5
2,3,43,dummy_prior,132,565,0,0.06404657933042213,0,0.5
2,3,43,dummy_prior,136,586,0,0.06404657933042213,0,0.5
2,3,43,dummy_prior,137,537,0,0.06404657933042213,0,0.5
2,3,43,dummy_prior,139,556,0,0.06404657933042213,0,0.5
2,3,43,dummy_prior,140,553,0,0.06404657933042213,0,0.5
2,3,43,dummy_prior,146,576,0,0.06404657933042213,0,0.5
2,3,43,dummy_prior,147,533,0,0.06404657933042213,0,0.5
2,3,43,dummy_prior,156,448,0,0.06404657933042213,0,0.5
2,3,43,dummy_prior,157,545,0,0.06404657933042213,0,0.5
2,3,43,dummy_prior,159,463,0,0.06404657933042213,0,0.5
2,3,43,dummy_prior,165,572,0,0.06404657933042213,0,0.5
2,3,43,dummy_prior,168,535,0,0.06404657933042213,0,0.5
2,3,43,dummy_prior,172,522,0,0.06404657933042213,0,0.5
2,3,43,dummy_prior,181,462,0,0.06404657933042213,0,0.5
2,3,43,dummy_prior,187,501,0,0.06404657933042213,0,0.5
2,3,43,dummy_prior,191,527,0,0.06404657933042213,0,0.5
2,3,43,dummy_prior,193,445,0,0.06404657933042213,0,0.5
2,3,43,dummy_prior,195,429,0,0.06404657933042213,0,0.5
2,3,43,dummy_prior,200,443,0,0.06404657933042213,0,0.5
2,3,43,dummy_prior,205,388,1,0.06404657933042213,0,0.5
2,3,43,dummy_prior,209,387,0,0.06404657933042213,0,0.5
2,3,43,dummy_prior,212,431,0,0.06404657933042213,0,0.5
2,3,43,dummy_prior,216,531,1,0.06404657933042213,0,0.5
2,3,43,dummy_prior,218,503,0,0.06404657933042213,0,0.5
2,3,43,dummy_prior,220,406,0,0.06404657933042213,0,0.5
2,3,43,dummy_prior,224,351,1,0.06404657933042213,0,0.5
2,3,43,dummy_prior,227,394,0,0.06404657933042213,0,0.5
2,3,43,dummy_prior,233,345,0,0.06404657933042213,0,0.5
2,3,43,dummy_prior,234,406,0,0.06404657933042213,0,0.5
2,3,43,dummy_prior,242,555,0,0.06404657933042213,0,0.5
2,3,43,dummy_prior,249,270,0,0.06404657933042213,0,0.5
2,3,43,dummy_prior,264,259,1,0.06404657933042213,0,0.5
2,3,43,dummy_prior,270,211,0,0.06404657933042213,0,0.5
2,3,43,dummy_prior,271,359,0,0.06404657933042213,0,0.5
2,3,43,dummy_prior,272,330,0,0.06404657933042213,0,0.5
2,3,43,dummy_prior,283,389,0,0.06404657933042213,0,0.5
2,3,43,dummy_prior,290,204,0,0.06404657933042213,0,0.5
2,3,43,dummy_prior,303,386,0,0.06404657933042213,0,0.5
2,3,43,dummy_prior,311,368,0,0.06404657933042213,0,0.5
2,3,43,dummy_prior,320,271,1,0.06404657933042213,0,0.5
2,3,43,dummy_prior,334,229,0,0.06404657933042213,0,0.5
2,3,43,dummy_prior,338,200,0,0.06404657933042213,0,0.5
2,3,43,dummy_prior,339,182,0,0.06404657933042213,0,0.5
2,3,43,dummy_prior,345,276,1,0.06404657933042213,0,0.5
2,3,43,dummy_prior,357,258,0,0.06404657933042213,0,0.5
2,3,43,dummy_prior,361,199,0,0.06404657933042213,0,0.5
2,3,43,dummy_prior,362,160,0,0.06404657933042213,0,0.5
2,3,43,dummy_prior,379,224,0,0.06404657933042213,0,0.5
2,3,43,dummy_prior,385,234,0,0.06404657933042213,0,0.5
2,3,43,dummy_prior,387,266,0,0.06404657933042213,0,0.5
2,3,43,dummy_prior,390,179,0,0.06404657933042213,0,0.5
2,3,43,dummy_prior,392,120,0,0.06404657933042213,0,0.5
2,3,43,dummy_prior,396,100,0,0.06404657933042213,0,0.5
2,3,43,dummy_prior,397,137,0,0.06404657933042213,0,0.5
2,3,43,dummy_prior,409,54,0,0.06404657933042213,0,0.5
2,3,43,dummy_prior,410,171,0,0.06404657933042213,0,0.5
2,3,43,dummy_prior,417,158,0,0.06404657933042213,0,0.5
2,3,43,dummy_prior,426,114,0,0.06404657933042213,0,0.5
2,3,43,dummy_prior,429,73,0,0.06404657933042213,0,0.5
2,3,43,dummy_prior,435,54,0,0.06404657933042213,0,0.5
2,3,43,dummy_prior,436,39,0,0.06404657933042213,0,0.5
2,3,43,dummy_prior,449,75,0,0.06404657933042213,0,0.5
2,3,43,dummy_prior,456,24,0,0.06404657933042213,0,0.5
2,3,43,dummy_prior,469,16,0,0.06404657933042213,0,0.5
2,3,43,dummy_prior,470,764,0,0.06404657933042213,0,0.5
2,3,43,dummy_prior,471,94,0,0.06404657933042213,0,0.5
2,3,43,dummy_prior,487,483,0,0.06404657933042213,0,0.5
2,3,43,dummy_prior,494,165,0,0.06404657933042213,0,0.5
2,3,43,dummy_prior,510,17,0,0.06404657933042213,0,0.5
2,3,43,dummy_prior,511,38,0,0.06404657933042213,0,0.5
2,3,43,dummy_prior,517,514,0,0.06404657933042213,0,0.5
2,3,43,dummy_prior,518,362,0,0.06404657933042213,0,0.5
2,3,43,dummy_prior,521,791,0,0.06404657933042213,0,0.5
2,3,43,dummy_prior,524,628,0,0.06404657933042213,0,0.5
2,3,43,dummy_prior,526,469,0,0.06404657933042213,0,0.5
2,3,43,dummy_prior,536,24,0,0.06404657933042213,0,0.5
2,3,43,dummy_prior,540,188,0,0.06404657933042213,0,0.5
2,3,43,dummy_prior,541,474,0,0.06404657933042213,0,0.5
2,3,43,dummy_prior,545,532,0,0.06404657933042213,0,0.5
2,3,43,dummy_prior,550,191,0,0.06404657933042213,0,0.5
2,3,43,dummy_prior,551,639,0,0.06404657933042213,0,0.5
2,3,43,dummy_prior,552,105,0,0.06404657933042213,0,0.5
2,3,43,dummy_prior,554,20,0,0.06404657933042213,0,0.5
2,3,43,dummy_prior,559,162,0,0.06404657933042213,0,0.5
2,3,43,dummy_prior,562,282,0,0.06404657933042213,0,0.5
2,3,43,dummy_prior,570,559,0,0.06404657933042213,0,0.5
2,3,43,dummy_prior,575,54,0,0.06404657933042213,0,0.5
2,3,43,dummy_prior,578,126,1,0.06404657933042213,0,0.5
2,3,43,dummy_prior,579,730,0,0.06404657933042213,0,0.5
2,3,43,dummy_prior,595,248,0,0.06404657933042213,0,0.5
2,3,43,dummy_prior,597,133,0,0.06404657933042213,0,0.5
2,3,43,dummy_prior,598,54,1,0.06404657933042213,0,0.5
2,3,43,dummy_prior,608,135,0,0.06404657933042213,0,0.5
2,3,43,dummy_prior,609,416,0,0.06404657933042213,0,0.5
2,3,43,dummy_prior,624,118,0,0.06404657933042213,0,0.5
2,3,43,dummy_prior,629,336,0,0.06404657933042213,0,0.5
2,3,43,dummy_prior,632,226,0,0.06404657933042213,0,0.5
2,3,43,dummy_prior,644,285,0,0.06404657933042213,0,0.5
2,3,43,dummy_prior,651,788,0,0.06404657933042213,0,0.5
2,3,43,dummy_prior,656,294,0,0.06404657933042213,0,0.5
2,3,43,dummy_prior,658,85,0,0.06404657933042213,0,0.5
2,3,43,dummy_prior,664,756,1,0.06404657933042213,0,0.5
2,3,43,dummy_prior,668,830,0,0.06404657933042213,0,0.5
2,3,43,dummy_prior,672,0,0,0.06404657933042213,0,0.5
2,3,43,dummy_prior,679,822,0,0.06404657933042213,0,0.5
2,3,43,dummy_prior,681,793,0,0.06404657933042213,0,0.5
2,3,43,dummy_prior,688,510,1,0.06404657933042213,0,0.5
2,3,43,dummy_prior,692,74,0,0.06404657933042213,0,0.5
2,3,43,dummy_prior,694,486,0,0.06404657933042213,0,0.5
2,3,43,dummy_prior,695,538,0,0.06404657933042213,0,0.5
2,3,43,dummy_prior,696,138,0,0.06404657933042213,0,0.5
2,3,43,dummy_prior,703,42,0,0.06404657933042213,0,0.5
2,3,43,dummy_prior,710,449,0,0.06404657933042213,0,0.5
2,3,43,dummy_prior,712,317,0,0.06404657933042213,0,0.5
2,3,43,dummy_prior,716,144,0,0.06404657933042213,0,0.5
2,3,43,dummy_prior,717,731,0,0.06404657933042213,0,0.5
2,3,43,dummy_prior,718,246,0,0.06404657933042213,0,0.5
2,3,43,dummy_prior,721,655,0,0.06404657933042213,0,0.5
2,3,43,dummy_prior,723,124,0,0.06404657933042213,0,0.5
2,3,43,dummy_prior,724,554,0,0.06404657933042213,0,0.5
2,3,43,dummy_prior,732,417,0,0.06404657933042213,0,0.5
2,3,43,dummy_prior,742,156,0,0.06404657933042213,0,0.5
2,3,43,dummy_prior,747,218,0,0.06404657933042213,0,0.5
2,3,43,dummy_prior,762,139,0,0.06404657933042213,0,0.5
2,3,43,dummy_prior,764,281,0,0.06404657933042213,0,0.5
2,3,43,dummy_prior,769,415,0,0.06404657933042213,0,0.5
2,3,43,dummy_prior,774,801,0,0.06404657933042213,0,0.5
2,3,43,dummy_prior,775,455,0,0.06404657933042213,0,0.5
2,3,43,dummy_prior,780,110,0,0.06404657933042213,0,0.5
2,3,43,dummy_prior,792,314,0,0.06404657933042213,0,0.5
2,3,43,dummy_prior,793,353,0,0.06404657933042213,0,0.5
2,3,43,dummy_prior,794,175,0,0.06404657933042213,0,0.5
2,3,43,dummy_prior,806,62,0,0.06404657933042213,0,0.5
2,3,43,dummy_prior,807,717,0,0.06404657933042213,0,0.5
2,3,43,dummy_prior,812,4,0,0.06404657933042213,0,0.5
2,3,43,dummy_prior,817,516,0,0.06404657933042213,0,0.5
2,3,43,dummy_prior,819,2,0,0.06404657933042213,0,0.5
2,3,43,dummy_prior,824,720,0,0.06404657933042213,0,0.5
2,3,43,dummy_prior,832,561,0,0.06404657933042213,0,0.5
2,3,43,dummy_prior,835,332,0,0.06404657933042213,0,0.5
2,3,43,dummy_prior,838,694,0,0.06404657933042213,0,0.5
2,3,43,dummy_prior,840,346,0,0.06404657933042213,0,0.5
2,3,43,dummy_prior,841,297,0,0.06404657933042213,0,0.5
2,3,43,dummy_prior,844,444,0,0.06404657933042213,0,0.5
2,3,43,dummy_prior,845,132,0,0.06404657933042213,0,0.5
2,3,43,dummy_prior,851,298,0,0.06404657933042213,0,0.5
2,3,43,logistic_regression,12,812,0,0.1640281272944279,0,0.5
2,3,43,logistic_regression,19,773,0,0.03402977566509104,0,0.5
2,3,43,logistic_regression,35,737,0,0.1527312712026941,0,0.5
2,3,43,logistic_regression,37,747,0,0.049081748935484906,0,0.5
2,3,43,logistic_regression,48,780,0,0.07965057015422462,0,0.5
2,3,43,logistic_regression,49,739,0,0.11788883238768812,0,0.5
2,3,43,logistic_regression,57,647,0,0.9934436275559211,1,0.5
2,3,43,logistic_regression,59,692,0,0.11496584898660808,0,0.5
2,3,43,logistic_regression,60,673,0,0.10153114218044812,0,0.5
2,3,43,logistic_regression,66,673,0,0.10153114218044812,0,0.5
2,3,43,logistic_regression,76,675,0,0.2101995106140373,0,0.5
2,3,43,logistic_regression,79,684,0,0.10872193249778153,0,0.5
2,3,43,logistic_regression,80,630,0,0.06521943055878576,0,0.5
2,3,43,logistic_regression,84,713,0,0.009070376688937006,0,0.5
2,3,43,logistic_regression,86,718,0,0.06769491601693396,0,0.5
2,3,43,logistic_regression,89,632,0,0.02396738166401098,0,0.5
2,3,43,logistic_regression,98,584,0,0.09765205007445193,0,0.5
2,3,43,logistic_regression,100,669,0,0.3465843267404634,0,0.5
2,3,43,logistic_regression,101,580,0,0.4028332707349927,0,0.5
2,3,43,logistic_regression,103,754,1,0.9743749007579641,1,0.5
2,3,43,logistic_regression,106,577,0,0.08481603121228853,0,0.5
2,3,43,logistic_regression,109,612,0,0.008540403938288976,0,0.5
2,3,43,logistic_regression,110,619,0,0.0659244532661472,0,0.5
2,3,43,logistic_regression,116,597,0,0.07520624248084629,0,0.5
2,3,43,logistic_regression,130,492,0,0.22898259768179383,0,0.5
2,3,43,logistic_regression,132,565,0,0.07812392013640816,0,0.5
2,3,43,logistic_regression,136,586,0,0.015513130378891142,0,0.5
2,3,43,logistic_regression,137,537,0,0.14016855451138166,0,0.5
2,3,43,logistic_regression,139,556,0,0.1307787214365747,0,0.5
2,3,43,logistic_regression,140,553,0,0.1714074229677515,0,0.5
2,3,43,logistic_regression,146,576,0,0.13396139513845415,0,0.5
2,3,43,logistic_regression,147,533,0,0.028283920435052602,0,0.5
2,3,43,logistic_regression,156,448,0,0.09300261166245392,0,0.5
2,3,43,logistic_regression,157,545,0,0.0691016801878178,0,0.5
2,3,43,logistic_regression,159,463,0,0.08083447029419649,0,0.5
2,3,43,logistic_regression,165,572,0,0.07046627544471087,0,0.5
2,3,43,logistic_regression,168,535,0,0.08698360112187435,0,0.5
2,3,43,logistic_regression,172,522,0,0.08302338552515821,0,0.5
2,3,43,logistic_regression,181,462,0,0.05241694106926694,0,0.5
2,3,43,logistic_regression,187,501,0,0.16923599649444446,0,0.5
2,3,43,logistic_regression,191,527,0,0.978761949644875,1,0.5
2,3,43,logistic_regression,193,445,0,0.09712842683827119,0,0.5
2,3,43,logistic_regression,195,429,0,0.07975986028444344,0,0.5
2,3,43,logistic_regression,200,443,0,0.10134267095281273,0,0.5
2,3,43,logistic_regression,205,388,1,0.9964175716017535,1,0.5
2,3,43,logistic_regression,209,387,0,0.10688885633397649,0,0.5
2,3,43,logistic_regression,212,431,0,0.03740958925399398,0,0.5
2,3,43,logistic_regression,216,531,1,0.986233217448754,1,0.5
2,3,43,logistic_regression,218,503,0,0.1819209619689541,0,0.5
2,3,43,logistic_regression,220,406,0,0.04469093708391371,0,0.5
2,3,43,logistic_regression,224,351,1,0.9845392794008198,1,0.5
2,3,43,logistic_regression,227,394,0,0.9496060242565872,1,0.5
2,3,43,logistic_regression,233,345,0,0.12714910149113196,0,0.5
2,3,43,logistic_regression,234,406,0,0.04469093708391371,0,0.5
2,3,43,logistic_regression,242,555,0,0.05374642051069489,0,0.5
2,3,43,logistic_regression,249,270,0,0.1303218441847509,0,0.5
2,3,43,logistic_regression,264,259,1,0.94307838799299,1,0.5
2,3,43,logistic_regression,270,211,0,0.0918073858317091,0,0.5
2,3,43,logistic_regression,271,359,0,0.07033046146939152,0,0.5
2,3,43,logistic_regression,272,330,0,0.07226439923955294,0,0.5
2,3,43,logistic_regression,283,389,0,0.1439119390383751,0,0.5
2,3,43,logistic_regression,290,204,0,0.13881113970857292,0,0.5
2,3,43,logistic_regression,303,386,0,0.09591568372150482,0,0.5
2,3,43,logistic_regression,311,368,0,0.1772331657165882,0,0.5
2,3,43,logistic_regression,320,271,1,0.9960272453950635,1,0.5
2,3,43,logistic_regression,334,229,0,0.11599481162684183,0,0.5
2,3,43,logistic_regression,338,200,0,0.1892469565995437,0,0.5
2,3,43,logistic_regression,339,182,0,0.09503288822892929,0,0.5
2,3,43,logistic_regression,345,276,1,0.9813685821405069,1,0.5
2,3,43,logistic_regression,357,258,0,0.017520067699186435,0,0.5
2,3,43,logistic_regression,361,199,0,0.111447394834199,0,0.5
2,3,43,logistic_regression,362,160,0,0.13745926179509335,0,0.5
2,3,43,logistic_regression,379,224,0,0.07659552982299576,0,0.5
2,3,43,logistic_regression,385,234,0,0.9900654093424521,1,0.5
2,3,43,logistic_regression,387,266,0,0.061830173203322604,0,0.5
2,3,43,logistic_regression,390,179,0,0.10119295705836305,0,0.5
2,3,43,logistic_regression,392,120,0,0.07094125799325884,0,0.5
2,3,43,logistic_regression,396,100,0,0.024645677670142915,0,0.5
2,3,43,logistic_regression,397,137,0,0.14107740761286033,0,0.5
2,3,43,logistic_regression,409,54,0,0.08278298766505582,0,0.5
2,3,43,logistic_regression,410,171,0,0.22661460352112028,0,0.5
2,3,43,logistic_regression,417,158,0,0.05385925140528544,0,0.5
2,3,43,logistic_regression,426,114,0,0.2169949765007026,0,0.5
2,3,43,logistic_regression,429,73,0,0.14395810527666936,0,0.5
2,3,43,logistic_regression,435,54,0,0.08278298766505582,0,0.5
2,3,43,logistic_regression,436,39,0,0.2858814288288845,0,0.5
2,3,43,logistic_regression,449,75,0,0.10350970978857302,0,0.5
2,3,43,logistic_regression,456,24,0,0.08550933361884958,0,0.5
2,3,43,logistic_regression,469,16,0,0.0860444459856896,0,0.5
2,3,43,logistic_regression,470,764,0,0.14649101844352114,0,0.5
2,3,43,logistic_regression,471,94,0,0.10876062401695287,0,0.5
2,3,43,logistic_regression,487,483,0,0.055984791537848244,0,0.5
2,3,43,logistic_regression,494,165,0,0.08921100855762444,0,0.5
2,3,43,logistic_regression,510,17,0,0.13639890029564317,0,0.5
2,3,43,logistic_regression,511,38,0,0.11608935904629995,0,0.5
2,3,43,logistic_regression,517,514,0,0.07866259491116304,0,0.5
2,3,43,logistic_regression,518,362,0,0.154458920927192,0,0.5
2,3,43,logistic_regression,521,791,0,0.060031520898595245,0,0.5
2,3,43,logistic_regression,524,628,0,0.09610259219050628,0,0.5
2,3,43,logistic_regression,526,469,0,0.11070205558136768,0,0.5
2,3,43,logistic_regression,536,24,0,0.08550933361884958,0,0.5
2,3,43,logistic_regression,540,188,0,0.07707956182684682,0,0.5
2,3,43,logistic_regression,541,474,0,0.09515131066392497,0,0.5
2,3,43,logistic_regression,545,532,0,0.14237914979381364,0,0.5
2,3,43,logistic_regression,550,191,0,0.1474179800281293,0,0.5
2,3,43,logistic_regression,551,639,0,0.07610982148022272,0,0.5
2,3,43,logistic_regression,552,105,0,0.02394759158314862,0,0.5
2,3,43,logistic_regression,554,20,0,0.16098785995900586,0,0.5
2,3,43,logistic_regression,559,162,0,0.08961888273493428,0,0.5
2,3,43,logistic_regression,562,282,0,0.161861002433599,0,0.5
2,3,43,logistic_regression,570,559,0,0.08938947731072244,0,0.5
2,3,43,logistic_regression,575,54,0,0.08278298766505582,0,0.5
2,3,43,logistic_regression,578,126,1,0.9965825536509642,1,0.5
2,3,43,logistic_regression,579,730,0,0.18250447975127965,0,0.5
2,3,43,logistic_regression,595,248,0,0.38662917655669093,0,0.5
2,3,43,logistic_regression,597,133,0,0.12447133706468827,0,0.5
2,3,43,logistic_regression,598,54,1,0.9738782044375606,1,0.5
2,3,43,logistic_regression,608,135,0,0.10353509467445535,0,0.5
2,3,43,logistic_regression,609,416,0,0.17262197597417744,0,0.5
2,3,43,logistic_regression,624,118,0,0.14399245014484147,0,0.5
2,3,43,logistic_regression,629,336,0,0.12188113491641397,0,0.5
2,3,43,logistic_regression,632,226,0,0.13124738149088852,0,0.5
2,3,43,logistic_regression,644,285,0,0.9780088693505739,1,0.5
2,3,43,logistic_regression,651,788,0,0.08496370256817458,0,0.5
2,3,43,logistic_regression,656,294,0,0.1275283521106142,0,0.5
2,3,43,logistic_regression,658,85,0,0.1558986196940424,0,0.5
2,3,43,logistic_regression,664,756,1,0.9937240999569837,1,0.5
2,3,43,logistic_regression,668,830,0,0.9424386736533941,1,0.5
2,3,43,logistic_regression,672,0,0,0.07502645765704125,0,0.5
2,3,43,logistic_regression,679,822,0,0.208573848666956,0,0.5
2,3,43,logistic_regression,681,793,0,0.01749509733611797,0,0.5
2,3,43,logistic_regression,688,510,1,0.9875166151419185,1,0.5
2,3,43,logistic_regression,692,74,0,0.19839720029390717,0,0.5
2,3,43,logistic_regression,694,486,0,0.12302318680253795,0,0.5
2,3,43,logistic_regression,695,538,0,0.15676336941055868,0,0.5
2,3,43,logistic_regression,696,138,0,0.1690329464737869,0,0.5
2,3,43,logistic_regression,703,42,0,0.2043545491508868,0,0.5
2,3,43,logistic_regression,710,449,0,0.07444565021225974,0,0.5
2,3,43,logistic_regression,712,317,0,0.1051847891638727,0,0.5
2,3,43,logistic_regression,716,144,0,0.10747056977393527,0,0.5
2,3,43,logistic_regression,717,731,0,0.09280337341783218,0,0.5
2,3,43,logistic_regression,718,246,0,0.07851286477751915,0,0.5
2,3,43,logistic_regression,721,655,0,0.11985149237196224,0,0.5
2,3,43,logistic_regression,723,124,0,0.15889087651717668,0,0.5
2,3,43,logistic_regression,724,554,0,0.07404233344575724,0,0.5
2,3,43,logistic_regression,732,417,0,0.3349158278689439,0,0.5
2,3,43,logistic_regression,742,156,0,0.21521136507737457,0,0.5
2,3,43,logistic_regression,747,218,0,0.0835254334333999,0,0.5
2,3,43,logistic_regression,762,139,0,0.05696867654092077,0,0.5
2,3,43,logistic_regression,764,281,0,0.13179775498619373,0,0.5
2,3,43,logistic_regression,769,415,0,0.810176801517931,1,0.5
2,3,43,logistic_regression,774,801,0,0.05153785544281899,0,0.5
2,3,43,logistic_regression,775,455,0,0.2321136765540653,0,0.5
2,3,43,logistic_regression,780,110,0,0.19812330985075902,0,0.5
2,3,43,logistic_regression,792,314,0,0.08769623580177054,0,0.5
2,3,43,logistic_regression,793,353,0,0.05565185851245165,0,0.5
2,3,43,logistic_regression,794,175,0,0.05963287555777267,0,0.5
2,3,43,logistic_regression,806,62,0,0.14832652715669903,0,0.5
2,3,43,logistic_regression,807,717,0,0.4123012058649597,0,0.5
2,3,43,logistic_regression,812,4,0,0.24074785739225193,0,0.5
2,3,43,logistic_regression,817,516,0,0.07391690780499019,0,0.5
2,3,43,logistic_regression,819,2,0,0.025393105432185252,0,0.5
2,3,43,logistic_regression,824,720,0,0.033356813851556304,0,0.5
2,3,43,logistic_regression,832,561,0,0.05890699984962129,0,0.5
2,3,43,logistic_regression,835,332,0,0.05658938312249128,0,0.5
2,3,43,logistic_regression,838,694,0,0.10604500155214291,0,0.5
2,3,43,logistic_regression,840,346,0,0.13994366403769742,0,0.5
2,3,43,logistic_regression,841,297,0,0.056954787599406156,0,0.5
2,3,43,logistic_regression,844,444,0,0.11217383961834285,0,0.5
2,3,43,logistic_regression,845,132,0,0.1453796094800487,0,0.5
2,3,43,logistic_regression,851,298,0,0.09478100267820418,0,0.5
2,3,43,xgboost,12,812,0,0.287615567445755,0,0.5
2,3,43,xgboost,19,773,0,0.05877986550331116,0,0.5
2,3,43,xgboost,35,737,0,0.05989524722099304,0,0.5
2,3,43,xgboost,37,747,0,0.050815921276807785,0,0.5
2,3,43,xgboost,48,780,0,0.05865499749779701,0,0.5
2,3,43,xgboost,49,739,0,0.05774097517132759,0,0.5
2,3,43,xgboost,57,647,0,0.922355055809021,1,0.5
2,3,43,xgboost,59,692,0,0.05989524722099304,0,0.5
2,3,43,xgboost,60,673,0,0.05534478276968002,0,0.5
2,3,43,xgboost,66,673,0,0.05534478276968002,0,0.5
2,3,43,xgboost,76,675,0,0.3217422366142273,0,0.5
2,3,43,xgboost,79,684,0,0.05534478276968002,0,0.5
2,3,43,xgboost,80,630,0,0.05257871374487877,0,0.5
2,3,43,xgboost,84,713,0,0.05419332906603813,0,0.5
2,3,43,xgboost,86,718,0,0.05534478276968002,0,0.5
2,3,43,xgboost,89,632,0,0.05257871374487877,0,0.5
2,3,43,xgboost,98,584,0,0.045305874198675156,0,0.5
2,3,43,xgboost,100,669,0,0.05865499749779701,0,0.5
2,3,43,xgboost,101,580,0,0.16394636034965515,0,0.5
2,3,43,xgboost,103,754,1,0.9380276799201965,1,0.5
2,3,43,xgboost,106,577,0,0.06168493255972862,0,0.5
2,3,43,xgboost,109,612,0,0.05298220366239548,0,0.5
2,3,43,xgboost,110,619,0,0.050815921276807785,0,0.5
2,3,43,xgboost,116,597,0,0.05419332906603813,0,0.5
2,3,43,xgboost,130,492,0,0.06905273348093033,0,0.5
2,3,43,xgboost,132,565,0,0.05419332906603813,0,0.5
2,3,43,xgboost,136,586,0,0.04311361163854599,0,0.5
2,3,43,xgboost,137,537,0,0.05534478276968002,0,0.5
2,3,43,xgboost,139,556,0,0.13754604756832123,0,0.5
2,3,43,xgboost,140,553,0,0.11181801557540894,0,0.5
2,3,43,xgboost,146,576,0,0.05534478276968002,0,0.5
2,3,43,xgboost,147,533,0,0.34116247296333313,0,0.5
2,3,43,xgboost,156,448,0,0.056265782564878464,0,0.5
2,3,43,xgboost,157,545,0,0.05534478276968002,0,0.5
2,3,43,xgboost,159,463,0,0.05798669904470444,0,0.5
2,3,43,xgboost,165,572,0,0.05534478276968002,0,0.5
2,3,43,xgboost,168,535,0,0.05419332906603813,0,0.5
2,3,43,xgboost,172,522,0,0.059397485107183456,0,0.5
2,3,43,xgboost,181,462,0,0.05214348062872887,0,0.5
2,3,43,xgboost,187,501,0,0.06658826023340225,0,0.5
2,3,43,xgboost,191,527,0,0.9365485310554504,1,0.5
2,3,43,xgboost,193,445,0,0.05583653599023819,0,0.5
2,3,43,xgboost,195,429,0,0.05798669904470444,0,0.5
2,3,43,xgboost,200,443,0,0.07352788001298904,0,0.5
2,3,43,xgboost,205,388,1,0.9451466798782349,1,0.5
2,3,43,xgboost,209,387,0,0.06222011148929596,0,0.5
2,3,43,xgboost,212,431,0,0.04961361363530159,0,0.5
2,3,43,xgboost,216,531,1,0.9490444660186768,1,0.5
2,3,43,xgboost,218,503,0,0.06905273348093033,0,0.5
2,3,43,xgboost,220,406,0,0.045199599117040634,0,0.5
2,3,43,xgboost,224,351,1,0.9507838487625122,1,0.5
2,3,43,xgboost,227,394,0,0.8829659223556519,1,0.5
2,3,43,xgboost,233,345,0,0.05678357928991318,0,0.5
2,3,43,xgboost,234,406,0,0.045199599117040634,0,0.5
2,3,43,xgboost,242,555,0,0.04826463758945465,0,0.5
2,3,43,xgboost,249,270,0,0.10354026407003403,0,0.5
2,3,43,xgboost,264,259,1,0.8733132481575012,1,0.5
2,3,43,xgboost,270,211,0,0.19360294938087463,0,0.5
2,3,43,xgboost,271,359,0,0.045199599117040634,0,0.5
2,3,43,xgboost,272,330,0,0.04906446114182472,0,0.5
2,3,43,xgboost,283,389,0,0.05798669904470444,0,0.5
2,3,43,xgboost,290,204,0,0.3507813811302185,0,0.5
2,3,43,xgboost,303,386,0,0.05678357928991318,0,0.5
2,3,43,xgboost,311,368,0,0.06592684239149094,0,0.5
2,3,43,xgboost,320,271,1,0.9341301918029785,1,0.5
2,3,43,xgboost,334,229,0,0.21338191628456116,0,0.5
2,3,43,xgboost,338,200,0,0.3588937222957611,0,0.5
2,3,43,xgboost,339,182,0,0.17878465354442596,0,0.5
2,3,43,xgboost,345,276,1,0.8805262446403503,1,0.5
2,3,43,xgboost,357,258,0,0.045199599117040634,0,0.5
2,3,43,xgboost,361,199,0,0.17878465354442596,0,0.5
2,3,43,xgboost,362,160,0,0.234212726354599,0,0.5
2,3,43,xgboost,379,224,0,0.1750606745481491,0,0.5
2,3,43,xgboost,385,234,0,0.9288220405578613,1,0.5
2,3,43,xgboost,387,266,0,0.05214348062872887,0,0.5
2,3,43,xgboost,390,179,0,0.17878465354442596,0,0.5
2,3,43,xgboost,392,120,0,0.07305707037448883,0,0.5
2,3,43,xgboost,396,100,0,0.1459822952747345,0,0.5
2,3,43,xgboost,397,137,0,0.10028301179409027,0,0.5
2,3,43,xgboost,409,54,0,0.06715965270996094,0,0.5
2,3,43,xgboost,410,171,0,0.6200113296508789,1,0.5
2,3,43,xgboost,417,158,0,0.08792313933372498,0,0.5
2,3,43,xgboost,426,114,0,0.10530263930559158,0,0.5
2,3,43,xgboost,429,73,0,0.07838155329227448,0,0.5
2,3,43,xgboost,435,54,0,0.06715965270996094,0,0.5
2,3,43,xgboost,436,39,0,0.1622810661792755,0,0.5
2,3,43,xgboost,449,75,0,0.08229610323905945,0,0.5
2,3,43,xgboost,456,24,0,0.08408806473016739,0,0.5
2,3,43,xgboost,469,16,0,0.06715965270996094,0,0.5
2,3,43,xgboost,470,764,0,0.0774817243218422,0,0.5
2,3,43,xgboost,471,94,0,0.08474167436361313,0,0.5
2,3,43,xgboost,487,483,0,0.05896252021193504,0,0.5
2,3,43,xgboost,494,165,0,0.20683352649211884,0,0.5
2,3,43,xgboost,510,17,0,0.15150369703769684,0,0.5
2,3,43,xgboost,511,38,0,0.06715965270996094,0,0.5
2,3,43,xgboost,517,514,0,0.05369780957698822,0,0.5
2,3,43,xgboost,518,362,0,0.05798669904470444,0,0.5
2,3,43,xgboost,521,791,0,0.05534478276968002,0,0.5
2,3,43,xgboost,524,628,0,0.05257871374487877,0,0.5
2,3,43,xgboost,526,469,0,0.06457027792930603,0,0.5
2,3,43,xgboost,536,24,0,0.08408806473016739,0,0.5
2,3,43,xgboost,540,188,0,0.17878465354442596,0,0.5
2,3,43,xgboost,541,474,0,0.05325383320450783,0,0.5
2,3,43,xgboost,545,532,0,0.060022588819265366,0,0.5
2,3,43,xgboost,550,191,0,0.21212448179721832,0,0.5
2,3,43,xgboost,551,639,0,0.04311361163854599,0,0.5
2,3,43,xgboost,552,105,0,0.07854108512401581,0,0.5
2,3,43,xgboost,554,20,0,0.3331278860569,0,0.5
2,3,43,xgboost,559,162,0,0.19827495515346527,0,0.5
2,3,43,xgboost,562,282,0,0.056265782564878464,0,0.5
2,3,43,xgboost,570,559,0,0.05534478276968002,0,0.5
2,3,43,xgboost,575,54,0,0.06715965270996094,0,0.5
2,3,43,xgboost,578,126,1,0.9287850260734558,1,0.5
2,3,43,xgboost,579,730,0,0.0774817243218422,0,0.5
2,3,43,xgboost,595,248,0,0.15192843973636627,0,0.5
2,3,43,xgboost,597,133,0,0.10028301179409027,0,0.5
2,3,43,xgboost,598,54,1,0.5199049115180969,1,0.5
2,3,43,xgboost,608,135,0,0.09143295884132385,0,0.5
2,3,43,xgboost,609,416,0,0.05798669904470444,0,0.5
2,3,43,xgboost,624,118,0,0.1816764771938324,0,0.5
2,3,43,xgboost,629,336,0,0.056265782564878464,0,0.5
2,3,43,xgboost,632,226,0,0.21338191628456116,0,0.5
2,3,43,xgboost,644,285,0,0.9424600601196289,1,0.5
2,3,43,xgboost,651,788,0,0.060022588819265366,0,0.5
2,3,43,xgboost,656,294,0,0.056265782564878464,0,0.5
2,3,43,xgboost,658,85,0,0.17416173219680786,0,0.5
2,3,43,xgboost,664,756,1,0.9435975551605225,1,0.5
2,3,43,xgboost,668,830,0,0.8354421854019165,1,0.5
2,3,43,xgboost,672,0,0,0.08892583101987839,0,0.5
2,3,43,xgboost,679,822,0,0.05989524722099304,0,0.5
2,3,43,xgboost,681,793,0,0.05385204032063484,0,0.5
2,3,43,xgboost,688,510,1,0.9481146335601807,1,0.5
2,3,43,xgboost,692,74,0,0.11595559120178223,0,0.5
2,3,43,xgboost,694,486,0,0.06450887024402618,0,0.5
2,3,43,xgboost,695,538,0,0.060022588819265366,0,0.5
2,3,43,xgboost,696,138,0,0.10079614818096161,0,0.5
2,3,43,xgboost,703,42,0,0.19675709307193756,0,0.5
2,3,43,xgboost,710,449,0,0.05166568234562874,0,0.5
2,3,43,xgboost,712,317,0,0.05214348062872887,0,0.5
2,3,43,xgboost,716,144,0,0.08712505549192429,0,0.5
2,3,43,xgboost,717,731,0,0.06425849348306656,0,0.5
2,3,43,xgboost,718,246,0,0.1811322420835495,0,0.5
2,3,43,xgboost,721,655,0,0.056915462017059326,0,0.5
2,3,43,xgboost,723,124,0,0.09705322235822678,0,0.5
2,3,43,xgboost,724,554,0,0.05257871374487877,0,0.5
2,3,43,xgboost,732,417,0,0.06101062893867493,0,0.5
2,3,43,xgboost,742,156,0,0.12523230910301208,0,0.5
2,3,43,xgboost,747,218,0,0.19360294938087463,0,0.5
2,3,43,xgboost,762,139,0,0.07854108512401581,0,0.5
2,3,43,xgboost,764,281,0,0.05869938060641289,0,0.5
2,3,43,xgboost,769,415,0,0.21589381992816925,0,0.5
2,3,43,xgboost,774,801,0,0.05943096801638603,0,0.5
2,3,43,xgboost,775,455,0,0.16594885289669037,0,0.5
2,3,43,xgboost,780,110,0,0.1621595174074173,0,0.5
2,3,43,xgboost,792,314,0,0.04293433576822281,0,0.5
2,3,43,xgboost,793,353,0,0.05214348062872887,0,0.5
2,3,43,xgboost,794,175,0,0.17676714062690735,0,0.5
2,3,43,xgboost,806,62,0,0.08658184111118317,0,0.5
2,3,43,xgboost,807,717,0,0.0651659369468689,0,0.5
2,3,43,xgboost,812,4,0,0.09284483641386032,0,0.5
2,3,43,xgboost,817,516,0,0.06091795489192009,0,0.5
2,3,43,xgboost,819,2,0,0.1893041878938675,0,0.5
2,3,43,xgboost,824,720,0,0.05419332906603813,0,0.5
2,3,43,xgboost,832,561,0,0.05385204032063484,0,0.5
2,3,43,xgboost,835,332,0,0.09447594732046127,0,0.5
2,3,43,xgboost,838,694,0,0.05534478276968002,0,0.5
2,3,43,xgboost,840,346,0,0.05798669904470444,0,0.5
2,3,43,xgboost,841,297,0,0.05525429546833038,0,0.5
2,3,43,xgboost,844,444,0,0.06903346627950668,0,0.5
2,3,43,xgboost,845,132,0,0.10028301179409027,0,0.5
2,3,43,xgboost,851,298,0,0.05678357928991318,0,0.5
2,4,43,dummy_prior,7,413,0,0.0641399416909621,0,0.5
2,4,43,dummy_prior,11,450,0,0.0641399416909621,0,0.5
2,4,43,dummy_prior,16,790,0,0.0641399416909621,0,0.5
2,4,43,dummy_prior,20,797,0,0.0641399416909621,0,0.5
2,4,43,dummy_prior,22,766,1,0.0641399416909621,0,0.5
2,4,43,dummy_prior,29,745,0,0.0641399416909621,0,0.5
2,4,43,dummy_prior,30,782,0,0.0641399416909621,0,0.5
2,4,43,dummy_prior,32,738,0,0.0641399416909621,0,0.5
2,4,43,dummy_prior,46,716,0,0.0641399416909621,0,0.5
2,4,43,dummy_prior,54,708,0,0.0641399416909621,0,0.5
2,4,43,dummy_prior,63,629,0,0.0641399416909621,0,0.5
2,4,43,dummy_prior,64,750,1,0.0641399416909621,0,0.5
2,4,43,dummy_prior,70,727,0,0.0641399416909621,0,0.5
2,4,43,dummy_prior,71,677,0,0.0641399416909621,0,0.5
2,4,43,dummy_prior,77,646,0,0.0641399416909621,0,0.5
2,4,43,dummy_prior,90,707,0,0.0641399416909621,0,0.5
2,4,43,dummy_prior,92,649,0,0.0641399416909621,0,0.5
2,4,43,dummy_prior,93,631,1,0.0641399416909621,0,0.5
2,4,43,dummy_prior,94,637,0,0.0641399416909621,0,0.5
2,4,43,dummy_prior,107,653,0,0.0641399416909621,0,0.5
2,4,43,dummy_prior,108,611,0,0.0641399416909621,0,0.5
2,4,43,dummy_prior,111,626,0,0.0641399416909621,0,0.5
2,4,43,dummy_prior,117,570,0,0.0641399416909621,0,0.5
2,4,43,dummy_prior,126,588,0,0.0641399416909621,0,0.5
2,4,43,dummy_prior,127,520,0,0.0641399416909621,0,0.5
2,4,43,dummy_prior,129,557,0,0.0641399416909621,0,0.5
2,4,43,dummy_prior,131,581,1,0.0641399416909621,0,0.5
2,4,43,dummy_prior,142,591,0,0.0641399416909621,0,0.5
2,4,43,dummy_prior,158,617,0,0.0641399416909621,0,0.5
2,4,43,dummy_prior,160,484,0,0.0641399416909621,0,0.5
2,4,43,dummy_prior,161,490,0,0.0641399416909621,0,0.5
2,4,43,dummy_prior,169,108,0,0.0641399416909621,0,0.5
2,4,43,dummy_prior,173,529,0,0.0641399416909621,0,0.5
2,4,43,dummy_prior,175,412,0,0.0641399416909621,0,0.5
2,4,43,dummy_prior,179,548,0,0.0641399416909621,0,0.5
2,4,43,dummy_prior,184,411,0,0.0641399416909621,0,0.5
2,4,43,dummy_prior,192,459,0,0.0641399416909621,0,0.5
2,4,43,dummy_prior,197,442,0,0.0641399416909621,0,0.5
2,4,43,dummy_prior,203,494,1,0.0641399416909621,0,0.5
2,4,43,dummy_prior,210,399,0,0.0641399416909621,0,0.5
2,4,43,dummy_prior,213,500,0,0.0641399416909621,0,0.5
2,4,43,dummy_prior,215,372,0,0.0641399416909621,0,0.5
2,4,43,dummy_prior,228,585,0,0.0641399416909621,0,0.5
2,4,43,dummy_prior,237,347,0,0.0641399416909621,0,0.5
2,4,43,dummy_prior,240,334,0,0.0641399416909621,0,0.5
2,4,43,dummy_prior,248,381,0,0.0641399416909621,0,0.5
2,4,43,dummy_prior,250,379,0,0.0641399416909621,0,0.5
2,4,43,dummy_prior,251,284,0,0.0641399416909621,0,0.5
2,4,43,dummy_prior,255,379,0,0.0641399416909621,0,0.5
2,4,43,dummy_prior,262,295,0,0.0641399416909621,0,0.5
2,4,43,dummy_prior,265,247,0,0.0641399416909621,0,0.5
2,4,43,dummy_prior,268,305,0,0.0641399416909621,0,0.5
2,4,43,dummy_prior,274,349,0,0.0641399416909621,0,0.5
2,4,43,dummy_prior,275,237,0,0.0641399416909621,0,0.5
2,4,43,dummy_prior,277,168,0,0.0641399416909621,0,0.5
2,4,43,dummy_prior,278,267,0,0.0641399416909621,0,0.5
2,4,43,dummy_prior,282,219,0,0.0641399416909621,0,0.5
2,4,43,dummy_prior,295,283,0,0.0641399416909621,0,0.5
2,4,43,dummy_prior,298,333,0,0.0641399416909621,0,0.5
2,4,43,dummy_prior,300,301,0,0.0641399416909621,0,0.5
2,4,43,dummy_prior,306,436,0,0.0641399416909621,0,0.5
2,4,43,dummy_prior,324,654,0,0.0641399416909621,0,0.5
2,4,43,dummy_prior,333,274,0,0.0641399416909621,0,0.5
2,4,43,dummy_prior,347,131,0,0.0641399416909621,0,0.5
2,4,43,dummy_prior,348,125,0,0.0641399416909621,0,0.5
2,4,43,dummy_prior,349,235,0,0.0641399416909621,0,0.5
2,4,43,dummy_prior,351,155,0,0.0641399416909621,0,0.5
2,4,43,dummy_prior,352,152,0,0.0641399416909621,0,0.5
2,4,43,dummy_prior,365,178,0,0.0641399416909621,0,0.5
2,4,43,dummy_prior,367,127,0,0.0641399416909621,0,0.5
2,4,43,dummy_prior,369,82,0,0.0641399416909621,0,0.5
2,4,43,dummy_prior,383,134,1,0.0641399416909621,0,0.5
2,4,43,dummy_prior,394,184,0,0.0641399416909621,0,0.5
2,4,43,dummy_prior,395,82,0,0.0641399416909621,0,0.5
2,4,43,dummy_prior,398,115,0,0.0641399416909621,0,0.5
2,4,43,dummy_prior,404,88,0,0.0641399416909621,0,0.5
2,4,43,dummy_prior,414,186,0,0.0641399416909621,0,0.5
2,4,43,dummy_prior,416,70,0,0.0641399416909621,0,0.5
2,4,43,dummy_prior,423,51,0,0.0641399416909621,0,0.5
2,4,43,dummy_prior,425,35,0,0.0641399416909621,0,0.5
2,4,43,dummy_prior,428,29,0,0.0641399416909621,0,0.5
2,4,43,dummy_prior,431,70,0,0.0641399416909621,0,0.5
2,4,43,dummy_prior,433,28,0,0.0641399416909621,0,0.5
2,4,43,dummy_prior,434,192,1,0.0641399416909621,0,0.5
2,4,43,dummy_prior,437,26,0,0.0641399416909621,0,0.5
2,4,43,dummy_prior,442,26,0,0.0641399416909621,0,0.5
2,4,43,dummy_prior,455,77,0,0.0641399416909621,0,0.5
2,4,43,dummy_prior,458,35,0,0.0641399416909621,0,0.5
2,4,43,dummy_prior,459,3,0,0.0641399416909621,0,0.5
2,4,43,dummy_prior,462,68,0,0.0641399416909621,0,0.5
2,4,43,dummy_prior,465,43,0,0.0641399416909621,0,0.5
2,4,43,dummy_prior,472,682,1,0.0641399416909621,0,0.5
2,4,43,dummy_prior,474,640,0,0.0641399416909621,0,0.5
2,4,43,dummy_prior,484,371,0,0.0641399416909621,0,0.5
2,4,43,dummy_prior,485,286,0,0.0641399416909621,0,0.5
2,4,43,dummy_prior,491,122,0,0.0641399416909621,0,0.5
2,4,43,dummy_prior,501,610,0,0.0641399416909621,0,0.5
2,4,43,dummy_prior,503,735,0,0.0641399416909621,0,0.5
2,4,43,dummy_prior,509,384,0,0.0641399416909621,0,0.5
2,4,43,dummy_prior,528,547,0,0.0641399416909621,0,0.5
2,4,43,dummy_prior,533,425,0,0.0641399416909621,0,0.5
2,4,43,dummy_prior,542,146,0,0.0641399416909621,0,0.5
2,4,43,dummy_prior,544,50,0,0.0641399416909621,0,0.5
2,4,43,dummy_prior,546,213,0,0.0641399416909621,0,0.5
2,4,43,dummy_prior,553,636,0,0.0641399416909621,0,0.5
2,4,43,dummy_prior,556,772,0,0.0641399416909621,0,0.5
2,4,43,dummy_prior,561,208,0,0.0641399416909621,0,0.5
2,4,43,dummy_prior,563,712,0,0.0641399416909621,0,0.5
2,4,43,dummy_prior,564,426,0,0.0641399416909621,0,0.5
2,4,43,dummy_prior,567,383,0,0.0641399416909621,0,0.5
2,4,43,dummy_prior,569,802,0,0.0641399416909621,0,0.5
2,4,43,dummy_prior,576,464,0,0.0641399416909621,0,0.5
2,4,43,dummy_prior,581,59,0,0.0641399416909621,0,0.5
2,4,43,dummy_prior,585,648,0,0.0641399416909621,0,0.5
2,4,43,dummy_prior,588,813,0,0.0641399416909621,0,0.5
2,4,43,dummy_prior,589,784,0,0.0641399416909621,0,0.5
2,4,43,dummy_prior,594,193,0,0.0641399416909621,0,0.5
2,4,43,dummy_prior,596,83,0,0.0641399416909621,0,0.5
2,4,43,dummy_prior,615,706,0,0.0641399416909621,0,0.5
2,4,43,dummy_prior,618,130,0,0.0641399416909621,0,0.5
2,4,43,dummy_prior,620,363,0,0.0641399416909621,0,0.5
2,4,43,dummy_prior,625,92,0,0.0641399416909621,0,0.5
2,4,43,dummy_prior,631,187,0,0.0641399416909621,0,0.5
2,4,43,dummy_prior,633,261,0,0.0641399416909621,0,0.5
2,4,43,dummy_prior,634,478,0,0.0641399416909621,0,0.5
2,4,43,dummy_prior,635,714,0,0.0641399416909621,0,0.5
2,4,43,dummy_prior,640,625,0,0.0641399416909621,0,0.5
2,4,43,dummy_prior,642,512,0,0.0641399416909621,0,0.5
2,4,43,dummy_prior,647,277,0,0.0641399416909621,0,0.5
2,4,43,dummy_prior,648,95,0,0.0641399416909621,0,0.5
2,4,43,dummy_prior,652,826,0,0.0641399416909621,0,0.5
2,4,43,dummy_prior,653,216,1,0.0641399416909621,0,0.5
2,4,43,dummy_prior,667,829,0,0.0641399416909621,0,0.5
2,4,43,dummy_prior,669,755,0,0.0641399416909621,0,0.5
2,4,43,dummy_prior,670,817,1,0.0641399416909621,0,0.5
2,4,43,dummy_prior,673,819,1,0.0641399416909621,0,0.5
2,4,43,dummy_prior,674,795,0,0.0641399416909621,0,0.5
2,4,43,dummy_prior,676,828,0,0.0641399416909621,0,0.5
2,4,43,dummy_prior,678,609,0,0.0641399416909621,0,0.5
2,4,43,dummy_prior,690,8,0,0.0641399416909621,0,0.5
2,4,43,dummy_prior,698,473,0,0.0641399416909621,0,0.5
2,4,43,dummy_prior,700,479,0,0.0641399416909621,0,0.5
2,4,43,dummy_prior,708,254,0,0.0641399416909621,0,0.5
2,4,43,dummy_prior,714,521,0,0.0641399416909621,0,0.5
2,4,43,dummy_prior,727,589,0,0.0641399416909621,0,0.5
2,4,43,dummy_prior,734,564,0,0.0641399416909621,0,0.5
2,4,43,dummy_prior,736,725,0,0.0641399416909621,0,0.5
2,4,43,dummy_prior,738,477,0,0.0641399416909621,0,0.5
2,4,43,dummy_prior,743,540,0,0.0641399416909621,0,0.5
2,4,43,dummy_prior,750,99,0,0.0641399416909621,0,0.5
2,4,43,dummy_prior,751,778,0,0.0641399416909621,0,0.5
2,4,43,dummy_prior,758,578,0,0.0641399416909621,0,0.5
2,4,43,dummy_prior,759,101,0,0.0641399416909621,0,0.5
2,4,43,dummy_prior,763,785,0,0.0641399416909621,0,0.5
2,4,43,dummy_prior,766,206,0,0.0641399416909621,0,0.5
2,4,43,dummy_prior,768,422,0,0.0641399416909621,0,0.5
2,4,43,dummy_prior,776,45,0,0.0641399416909621,0,0.5
2,4,43,dummy_prior,777,744,0,0.0641399416909621,0,0.5
2,4,43,dummy_prior,782,528,0,0.0641399416909621,0,0.5
2,4,43,dummy_prior,795,690,0,0.0641399416909621,0,0.5
2,4,43,dummy_prior,798,396,0,0.0641399416909621,0,0.5
2,4,43,dummy_prior,799,141,0,0.0641399416909621,0,0.5
2,4,43,dummy_prior,802,14,0,0.0641399416909621,0,0.5
2,4,43,dummy_prior,808,544,0,0.0641399416909621,0,0.5
2,4,43,dummy_prior,815,549,0,0.0641399416909621,0,0.5
2,4,43,dummy_prior,830,699,0,0.0641399416909621,0,0.5
2,4,43,dummy_prior,834,569,0,0.0641399416909621,0,0.5
2,4,43,dummy_prior,837,606,0,0.0641399416909621,0,0.5
2,4,43,dummy_prior,847,574,0,0.0641399416909621,0,0.5
2,4,43,dummy_prior,850,117,0,0.0641399416909621,0,0.5
2,4,43,dummy_prior,854,616,0,0.0641399416909621,0,0.5
2,4,43,dummy_prior,855,377,0,0.0641399416909621,0,0.5
2,4,43,logistic_regression,7,413,0,0.23001629396910284,0,0.5
2,4,43,logistic_regression,11,450,0,0.2749806655755656,0,0.5
2,4,43,logistic_regression,16,790,0,0.24081622033146247,0,0.5
2,4,43,logistic_regression,20,797,0,0.27586602977647834,0,0.5
2,4,43,logistic_regression,22,766,1,0.8934817021654468,1,0.5
2,4,43,logistic_regression,29,745,0,0.2104571271838086,0,0.5
2,4,43,logistic_regression,30,782,0,0.2816124938184743,0,0.5
2,4,43,logistic_regression,32,738,0,0.2516556013699365,0,0.5
2,4,43,logistic_regression,46,716,0,0.26773130724132277,0,0.5
2,4,43,logistic_regression,54,708,0,0.27521186503068207,0,0.5
2,4,43,logistic_regression,63,629,0,0.3072943003502174,0,0.5
2,4,43,logistic_regression,64,750,1,0.8865708958443862,1,0.5
2,4,43,logistic_regression,70,727,0,0.2847438078547275,0,0.5
2,4,43,logistic_regression,71,677,0,0.17834583275709512,0,0.5
2,4,43,logistic_regression,77,646,0,0.23014395068869054,0,0.5
2,4,43,logistic_regression,90,707,0,0.27964392616972283,0,0.5
2,4,43,logistic_regression,92,649,0,0.28300811813987226,0,0.5
2,4,43,logistic_regression,93,631,1,0.8458191473673417,1,0.5
2,4,43,logistic_regression,94,637,0,0.2723074387830698,0,0.5
2,4,43,logistic_regression,107,653,0,0.27333625809393775,0,0.5
2,4,43,logistic_regression,108,611,0,0.2765926046361304,0,0.5
2,4,43,logistic_regression,111,626,0,0.29624353597740416,0,0.5
2,4,43,logistic_regression,117,570,0,0.2558808604904034,0,0.5
2,4,43,logistic_regression,126,588,0,0.2561375194795929,0,0.5
2,4,43,logistic_regression,127,520,0,0.3079156229356327,0,0.5
2,4,43,logistic_regression,129,557,0,0.3168420381102277,0,0.5
2,4,43,logistic_regression,131,581,1,0.9580248189061739,1,0.5
2,4,43,logistic_regression,142,591,0,0.3054588381254127,0,0.5
2,4,43,logistic_regression,158,617,0,0.24547250400078396,0,0.5
2,4,43,logistic_regression,160,484,0,0.28053167742869184,0,0.5
2,4,43,logistic_regression,161,490,0,0.2600022979082942,0,0.5
2,4,43,logistic_regression,169,108,0,0.29068995651623614,0,0.5
2,4,43,logistic_regression,173,529,0,0.37061990912313103,0,0.5
2,4,43,logistic_regression,175,412,0,0.2567093074242101,0,0.5
2,4,43,logistic_regression,179,548,0,0.2690345966502843,0,0.5
2,4,43,logistic_regression,184,411,0,0.24965025393170076,0,0.5
2,4,43,logistic_regression,192,459,0,0.27959035039186436,0,0.5
2,4,43,logistic_regression,197,442,0,0.790406120039701,1,0.5
2,4,43,logistic_regression,203,494,1,0.9438532721940815,1,0.5
2,4,43,logistic_regression,210,399,0,0.3010765096478905,0,0.5
2,4,43,logistic_regression,213,500,0,0.40088777665513553,0,0.5
2,4,43,logistic_regression,215,372,0,0.2159982629604964,0,0.5
2,4,43,logistic_regression,228,585,0,0.2400385058290316,0,0.5
2,4,43,logistic_regression,237,347,0,0.20397055407615067,0,0.5
2,4,43,logistic_regression,240,334,0,0.2764531660223147,0,0.5
2,4,43,logistic_regression,248,381,0,0.2641848517085246,0,0.5
2,4,43,logistic_regression,250,379,0,0.2554992319645577,0,0.5
2,4,43,logistic_regression,251,284,0,0.9347632649032255,1,0.5
2,4,43,logistic_regression,255,379,0,0.2554992319645577,0,0.5
2,4,43,logistic_regression,262,295,0,0.2958036253946607,0,0.5
2,4,43,logistic_regression,265,247,0,0.3151107447599008,0,0.5
2,4,43,logistic_regression,268,305,0,0.2753658244900381,0,0.5
2,4,43,logistic_regression,274,349,0,0.25342831021487267,0,0.5
2,4,43,logistic_regression,275,237,0,0.8094060664109229,1,0.5
2,4,43,logistic_regression,277,168,0,0.25454315412041734,0,0.5
2,4,43,logistic_regression,278,267,0,0.2698386435994712,0,0.5
2,4,43,logistic_regression,282,219,0,0.2520632952109474,0,0.5
2,4,43,logistic_regression,295,283,0,0.3041474886021505,0,0.5
2,4,43,logistic_regression,298,333,0,0.27278777425318834,0,0.5
2,4,43,logistic_regression,300,301,0,0.2885579922442274,0,0.5
2,4,43,logistic_regression,306,436,0,0.2490033466103991,0,0.5
2,4,43,logistic_regression,324,654,0,0.24335173282969397,0,0.5
2,4,43,logistic_regression,333,274,0,0.2919243070656071,0,0.5
2,4,43,logistic_regression,347,131,0,0.27682402671130424,0,0.5
2,4,43,logistic_regression,348,125,0,0.2748636536736852,0,0.5
2,4,43,logistic_regression,349,235,0,0.2734271900327777,0,0.5
2,4,43,logistic_regression,351,155,0,0.28783797967967956,0,0.5
2,4,43,logistic_regression,352,152,0,0.28504776638567153,0,0.5
2,4,43,logistic_regression,365,178,0,0.34603424387820086,0,0.5
2,4,43,logistic_regression,367,127,0,0.2554889946425008,0,0.5
2,4,43,logistic_regression,369,82,0,0.261405449455861,0,0.5
2,4,43,logistic_regression,383,134,1,0.94254902531356,1,0.5
2,4,43,logistic_regression,394,184,0,0.3793182442790788,0,0.5
2,4,43,logistic_regression,395,82,0,0.261405449455861,0,0.5
2,4,43,logistic_regression,398,115,0,0.21414142454803572,0,0.5
2,4,43,logistic_regression,404,88,0,0.28949306817343956,0,0.5
2,4,43,logistic_regression,414,186,0,0.3126359484981286,0,0.5
2,4,43,logistic_regression,416,70,0,0.2916412581534583,0,0.5
2,4,43,logistic_regression,423,51,0,0.30130689525449317,0,0.5
2,4,43,logistic_regression,425,35,0,0.2817965613033236,0,0.5
2,4,43,logistic_regression,428,29,0,0.3104182784640772,0,0.5
2,4,43,logistic_regression,431,70,0,0.2916412581534583,0,0.5
2,4,43,logistic_regression,433,28,0,0.8081124318527962,1,0.5
2,4,43,logistic_regression,434,192,1,0.41677194066247614,0,0.5
2,4,43,logistic_regression,437,26,0,0.2786758045736189,0,0.5
2,4,43,logistic_regression,442,26,0,0.2786758045736189,0,0.5
2,4,43,logistic_regression,455,77,0,0.2136182950423957,0,0.5
2,4,43,logistic_regression,458,35,0,0.4333072325180021,0,0.5
2,4,43,logistic_regression,459,3,0,0.28910863921684404,0,0.5
2,4,43,logistic_regression,462,68,0,0.2902583278338842,0,0.5
2,4,43,logistic_regression,465,43,0,0.28733946347403305,0,0.5
2,4,43,logistic_regression,472,682,1,0.9351738092391345,1,0.5
2,4,43,logistic_regression,474,640,0,0.3061604936805255,0,0.5
2,4,43,logistic_regression,484,371,0,0.25473303827623184,0,0.5
2,4,43,logistic_regression,485,286,0,0.28043164262082987,0,0.5
2,4,43,logistic_regression,491,122,0,0.2550493534131008,0,0.5
2,4,43,logistic_regression,501,610,0,0.23537150559968872,0,0.5
2,4,43,logistic_regression,503,735,0,0.2854155444313254,0,0.5
2,4,43,logistic_regression,509,384,0,0.2397768371033891,0,0.5
2,4,43,logistic_regression,528,547,0,0.2476518180371423,0,0.5
2,4,43,logistic_regression,533,425,0,0.2518205485917433,0,0.5
2,4,43,logistic_regression,542,146,0,0.2410896473924888,0,0.5
2,4,43,logistic_regression,544,50,0,0.3434342595318366,0,0.5
2,4,43,logistic_regression,546,213,0,0.31476493679116435,0,0.5
2,4,43,logistic_regression,553,636,0,0.2845599045929053,0,0.5
2,4,43,logistic_regression,556,772,0,0.2885381775343184,0,0.5
2,4,43,logistic_regression,561,208,0,0.27143136162942566,0,0.5
2,4,43,logistic_regression,563,712,0,0.20711040152246818,0,0.5
2,4,43,logistic_regression,564,426,0,0.1487203791700141,0,0.5
2,4,43,logistic_regression,567,383,0,0.27756356345610356,0,0.5
2,4,43,logistic_regression,569,802,0,0.20851502337932468,0,0.5
2,4,43,logistic_regression,576,464,0,0.2521686200821566,0,0.5
2,4,43,logistic_regression,581,59,0,0.28084442091564754,0,0.5
2,4,43,logistic_regression,585,648,0,0.20623597351539324,0,0.5
2,4,43,logistic_regression,588,813,0,0.30920468824699715,0,0.5
2,4,43,logistic_regression,589,784,0,0.262443555890534,0,0.5
2,4,43,logistic_regression,594,193,0,0.25506310321252873,0,0.5
2,4,43,logistic_regression,596,83,0,0.24994017703122154,0,0.5
2,4,43,logistic_regression,615,706,0,0.3591224764006145,0,0.5
2,4,43,logistic_regression,618,130,0,0.2670541121488,0,0.5
2,4,43,logistic_regression,620,363,0,0.2886195670735712,0,0.5
2,4,43,logistic_regression,625,92,0,0.2745979834091281,0,0.5
2,4,43,logistic_regression,631,187,0,0.32588361432640967,0,0.5
2,4,43,logistic_regression,633,261,0,0.2442634747050746,0,0.5
2,4,43,logistic_regression,634,478,0,0.2815751310177287,0,0.5
2,4,43,logistic_regression,635,714,0,0.2829160737922652,0,0.5
2,4,43,logistic_regression,640,625,0,0.2741103352138385,0,0.5
2,4,43,logistic_regression,642,512,0,0.3010765609365598,0,0.5
2,4,43,logistic_regression,647,277,0,0.25325302844539266,0,0.5
2,4,43,logistic_regression,648,95,0,0.3935255270727598,0,0.5
2,4,43,logistic_regression,652,826,0,0.781595429913067,1,0.5
2,4,43,logistic_regression,653,216,1,0.7904550555972605,1,0.5
2,4,43,logistic_regression,667,829,0,0.2526740513755825,0,0.5
2,4,43,logistic_regression,669,755,0,0.9109495814758569,1,0.5
2,4,43,logistic_regression,670,817,1,0.894431041374411,1,0.5
2,4,43,logistic_regression,673,819,1,0.8151330174391621,1,0.5
2,4,43,logistic_regression,674,795,0,0.30697892735147697,0,0.5
2,4,43,logistic_regression,676,828,0,0.22462982553372005,0,0.5
2,4,43,logistic_regression,678,609,0,0.23265371929275222,0,0.5
2,4,43,logistic_regression,690,8,0,0.3589802214485798,0,0.5
2,4,43,logistic_regression,698,473,0,0.35786307969529113,0,0.5
2,4,43,logistic_regression,700,479,0,0.29990932260203923,0,0.5
2,4,43,logistic_regression,708,254,0,0.32395809622981475,0,0.5
2,4,43,logistic_regression,714,521,0,0.2653487577718756,0,0.5
2,4,43,logistic_regression,727,589,0,0.6517269121232612,1,0.5
2,4,43,logistic_regression,734,564,0,0.26553545437085996,0,0.5
2,4,43,logistic_regression,736,725,0,0.2686028473723807,0,0.5
2,4,43,logistic_regression,738,477,0,0.5233832756684803,1,0.5
2,4,43,logistic_regression,743,540,0,0.25175149141095937,0,0.5
2,4,43,logistic_regression,750,99,0,0.9030744193206225,1,0.5
2,4,43,logistic_regression,751,778,0,0.22833685856427488,0,0.5
2,4,43,logistic_regression,758,578,0,0.25390435009315315,0,0.5
2,4,43,logistic_regression,759,101,0,0.4528195834338147,0,0.5
2,4,43,logistic_regression,763,785,0,0.5114976630922909,1,0.5
2,4,43,logistic_regression,766,206,0,0.2816305601099971,0,0.5
2,4,43,logistic_regression,768,422,0,0.2567302959622682,0,0.5
2,4,43,logistic_regression,776,45,0,0.27251268660204525,0,0.5
2,4,43,logistic_regression,777,744,0,0.2151767162528421,0,0.5
2,4,43,logistic_regression,782,528,0,0.29519525333439944,0,0.5
2,4,43,logistic_regression,795,690,0,0.3156343059289967,0,0.5
2,4,43,logistic_regression,798,396,0,0.27817353453296695,0,0.5
2,4,43,logistic_regression,799,141,0,0.2970342841149163,0,0.5
2,4,43,logistic_regression,802,14,0,0.275995057837536,0,0.5
2,4,43,logistic_regression,808,544,0,0.31769716715342566,0,0.5
2,4,43,logistic_regression,815,549,0,0.33327467848493725,0,0.5
2,4,43,logistic_regression,830,699,0,0.2927474601492116,0,0.5
2,4,43,logistic_regression,834,569,0,0.29338891167968867,0,0.5
2,4,43,logistic_regression,837,606,0,0.26400935349134785,0,0.5
2,4,43,logistic_regression,847,574,0,0.23666559325150988,0,0.5
2,4,43,logistic_regression,850,117,0,0.2713548981993278,0,0.5
2,4,43,logistic_regression,854,616,0,0.24488908398188103,0,0.5
2,4,43,logistic_regression,855,377,0,0.3839310304987402,0,0.5
2,4,43,xgboost,7,413,0,0.01734575442969799,0,0.5
2,4,43,xgboost,11,450,0,0.019093196839094162,0,0.5
2,4,43,xgboost,16,790,0,0.011451305821537971,0,0.5
2,4,43,xgboost,20,797,0,0.030409708619117737,0,0.5
2,4,43,xgboost,22,766,1,0.8897602558135986,1,0.5
2,4,43,xgboost,29,745,0,0.032910194247961044,0,0.5
2,4,43,xgboost,30,782,0,0.0113832987844944,0,0.5
2,4,43,xgboost,32,738,0,0.022106917575001717,0,0.5
2,4,43,xgboost,46,716,0,0.013663774356245995,0,0.5
2,4,43,xgboost,54,708,0,0.013919522054493427,0,0.5
2,4,43,xgboost,63,629,0,0.0165996290743351,0,0.5
2,4,43,xgboost,64,750,1,0.9328571557998657,1,0.5
2,4,43,xgboost,70,727,0,0.015535536222159863,0,0.5
2,4,43,xgboost,71,677,0,0.008728531189262867,0,0.5
2,4,43,xgboost,77,646,0,0.012525449506938457,0,0.5
2,4,43,xgboost,90,707,0,0.04002023860812187,0,0.5
2,4,43,xgboost,92,649,0,0.012819916941225529,0,0.5
2,4,43,xgboost,93,631,1,0.9266629219055176,1,0.5
2,4,43,xgboost,94,637,0,0.015366344712674618,0,0.5
2,4,43,xgboost,107,653,0,0.033965252339839935,0,0.5
2,4,43,xgboost,108,611,0,0.014577790163457394,0,0.5
2,4,43,xgboost,111,626,0,0.2656451463699341,0,0.5
2,4,43,xgboost,117,570,0,0.007814964279532433,0,0.5
2,4,43,xgboost,126,588,0,0.017987262457609177,0,0.5
2,4,43,xgboost,127,520,0,0.18411575257778168,0,0.5
2,4,43,xgboost,129,557,0,0.06887052208185196,0,0.5
2,4,43,xgboost,131,581,1,0.9159314632415771,1,0.5
2,4,43,xgboost,142,591,0,0.1693061888217926,0,0.5
2,4,43,xgboost,158,617,0,0.016811786219477654,0,0.5
2,4,43,xgboost,160,484,0,0.020628033205866814,0,0.5
2,4,43,xgboost,161,490,0,0.02205663174390793,0,0.5
2,4,43,xgboost,169,108,0,0.12671923637390137,0,0.5
2,4,43,xgboost,173,529,0,0.01638820581138134,0,0.5
2,4,43,xgboost,175,412,0,0.018557868897914886,0,0.5
2,4,43,xgboost,179,548,0,0.014577790163457394,0,0.5
2,4,43,xgboost,184,411,0,0.023723771795630455,0,0.5
2,4,43,xgboost,192,459,0,0.0738091766834259,0,0.5
2,4,43,xgboost,197,442,0,0.2509136199951172,0,0.5
2,4,43,xgboost,203,494,1,0.9709300994873047,1,0.5
2,4,43,xgboost,210,399,0,0.13363352417945862,0,0.5
2,4,43,xgboost,213,500,0,0.03566659986972809,0,0.5
2,4,43,xgboost,215,372,0,0.023242823779582977,0,0.5
2,4,43,xgboost,228,585,0,0.008728531189262867,0,0.5
2,4,43,xgboost,237,347,0,0.012541442178189754,0,0.5
2,4,43,xgboost,240,334,0,0.01785302720963955,0,0.5
2,4,43,xgboost,248,381,0,0.019093196839094162,0,0.5
2,4,43,xgboost,250,379,0,0.023723771795630455,0,0.5
2,4,43,xgboost,251,284,0,0.9613109827041626,1,0.5
2,4,43,xgboost,255,379,0,0.023723771795630455,0,0.5
2,4,43,xgboost,262,295,0,0.057171039283275604,0,0.5
2,4,43,xgboost,265,247,0,0.07152342051267624,0,0.5
2,4,43,xgboost,268,305,0,0.019093196839094162,0,0.5
2,4,43,xgboost,274,349,0,0.019093196839094162,0,0.5
2,4,43,xgboost,275,237,0,0.9549969434738159,1,0.5
2,4,43,xgboost,277,168,0,0.06883377581834793,0,0.5
2,4,43,xgboost,278,267,0,0.042128514498472214,0,0.5
2,4,43,xgboost,282,219,0,0.05241667479276657,0,0.5
2,4,43,xgboost,295,283,0,0.018190518021583557,0,0.5
2,4,43,xgboost,298,333,0,0.021585648879408836,0,0.5
2,4,43,xgboost,300,301,0,0.01785302720963955,0,0.5
2,4,43,xgboost,306,436,0,0.02006402425467968,0,0.5
2,4,43,xgboost,324,654,0,0.03295652195811272,0,0.5
2,4,43,xgboost,333,274,0,0.12297195941209793,0,0.5
2,4,43,xgboost,347,131,0,0.033674806356430054,0,0.5
2,4,43,xgboost,348,125,0,0.04353461414575577,0,0.5
2,4,43,xgboost,349,235,0,0.04547583684325218,0,0.5
2,4,43,xgboost,351,155,0,0.030540235340595245,0,0.5
2,4,43,xgboost,352,152,0,0.03850124031305313,0,0.5
2,4,43,xgboost,365,178,0,0.06107906624674797,0,0.5
2,4,43,xgboost,367,127,0,0.04439445957541466,0,0.5
2,4,43,xgboost,369,82,0,0.04353461414575577,0,0.5
2,4,43,xgboost,383,134,1,0.9504981637001038,1,0.5
2,4,43,xgboost,394,184,0,0.10541457682847977,0,0.5
2,4,43,xgboost,395,82,0,0.04353461414575577,0,0.5
2,4,43,xgboost,398,115,0,0.020022552460432053,0,0.5
2,4,43,xgboost,404,88,0,0.03968359902501106,0,0.5
2,4,43,xgboost,414,186,0,0.06194145232439041,0,0.5
2,4,43,xgboost,416,70,0,0.09951666742563248,0,0.5
2,4,43,xgboost,423,51,0,0.07511422038078308,0,0.5
2,4,43,xgboost,425,35,0,0.02745112217962742,0,0.5
2,4,43,xgboost,428,29,0,0.02842027321457863,0,0.5
2,4,43,xgboost,431,70,0,0.09951666742563248,0,0.5
2,4,43,xgboost,433,28,0,0.7496772408485413,1,0.5
2,4,43,xgboost,434,192,1,0.07664075493812561,0,0.5
2,4,43,xgboost,437,26,0,0.02745112217962742,0,0.5
2,4,43,xgboost,442,26,0,0.02745112217962742,0,0.5
2,4,43,xgboost,455,77,0,0.03449525311589241,0,0.5
2,4,43,xgboost,458,35,0,0.03317006677389145,0,0.5
2,4,43,xgboost,459,3,0,0.07018870115280151,0,0.5
2,4,43,xgboost,462,68,0,0.034284237772226334,0,0.5
2,4,43,xgboost,465,43,0,0.029472582042217255,0,0.5
2,4,43,xgboost,472,682,1,0.9516021609306335,1,0.5
2,4,43,xgboost,474,640,0,0.019328808411955833,0,0.5
2,4,43,xgboost,484,371,0,0.024365520104765892,0,0.5
2,4,43,xgboost,485,286,0,0.024365520104765892,0,0.5
2,4,43,xgboost,491,122,0,0.0320701040327549,0,0.5
2,4,43,xgboost,501,610,0,0.01364427711814642,0,0.5
2,4,43,xgboost,503,735,0,0.02080969698727131,0,0.5
2,4,43,xgboost,509,384,0,0.017673606052994728,0,0.5
2,4,43,xgboost,528,547,0,0.007814964279532433,0,0.5
2,4,43,xgboost,533,425,0,0.024856599047780037,0,0.5
2,4,43,xgboost,542,146,0,0.019414147362113,0,0.5
2,4,43,xgboost,544,50,0,0.3178011476993561,0,0.5
2,4,43,xgboost,546,213,0,0.05241667479276657,0,0.5
2,4,43,xgboost,553,636,0,0.039739951491355896,0,0.5
2,4,43,xgboost,556,772,0,0.029994649812579155,0,0.5
2,4,43,xgboost,561,208,0,0.06005445495247841,0,0.5
2,4,43,xgboost,563,712,0,0.014915559440851212,0,0.5
2,4,43,xgboost,564,426,0,0.012352675199508667,0,0.5
2,4,43,xgboost,567,383,0,0.020765451714396477,0,0.5
2,4,43,xgboost,569,802,0,0.011765078641474247,0,0.5
2,4,43,xgboost,576,464,0,0.03133200481534004,0,0.5
2,4,43,xgboost,581,59,0,0.022232605144381523,0,0.5
2,4,43,xgboost,585,648,0,0.012525449506938457,0,0.5
2,4,43,xgboost,588,813,0,0.03144904971122742,0,0.5
2,4,43,xgboost,589,784,0,0.024624435231089592,0,0.5
2,4,43,xgboost,594,193,0,0.048603933304548264,0,0.5
2,4,43,xgboost,596,83,0,0.04353461414575577,0,0.5
2,4,43,xgboost,615,706,0,0.4500773251056671,0,0.5
2,4,43,xgboost,618,130,0,0.0386543832719326,0,0.5
2,4,43,xgboost,620,363,0,0.01818890869617462,0,0.5
2,4,43,xgboost,625,92,0,0.03968359902501106,0,0.5
2,4,43,xgboost,631,187,0,0.13879047334194183,0,0.5
2,4,43,xgboost,633,261,0,0.01936047524213791,0,0.5
2,4,43,xgboost,634,478,0,0.03461688384413719,0,0.5
2,4,43,xgboost,635,714,0,0.02426043152809143,0,0.5
2,4,43,xgboost,640,625,0,0.014310121536254883,0,0.5
2,4,43,xgboost,642,512,0,0.23165865242481232,0,0.5
2,4,43,xgboost,647,277,0,0.030456772074103355,0,0.5
2,4,43,xgboost,648,95,0,0.041071172803640366,0,0.5
2,4,43,xgboost,652,826,0,0.29846665263175964,0,0.5
2,4,43,xgboost,653,216,1,0.4827630817890167,0,0.5
2,4,43,xgboost,667,829,0,0.021432645618915558,0,0.5
2,4,43,xgboost,669,755,0,0.9414705634117126,1,0.5
2,4,43,xgboost,670,817,1,0.8909105658531189,1,0.5
2,4,43,xgboost,673,819,1,0.9005061388015747,1,0.5
2,4,43,xgboost,674,795,0,0.025737060233950615,0,0.5
2,4,43,xgboost,676,828,0,0.012399190105497837,0,0.5
2,4,43,xgboost,678,609,0,0.017510484904050827,0,0.5
2,4,43,xgboost,690,8,0,0.09085208177566528,0,0.5
2,4,43,xgboost,698,473,0,0.02591051161289215,0,0.5
2,4,43,xgboost,700,479,0,0.01700880378484726,0,0.5
2,4,43,xgboost,708,254,0,0.046859417110681534,0,0.5
2,4,43,xgboost,714,521,0,0.014733797870576382,0,0.5
2,4,43,xgboost,727,589,0,0.03945744410157204,0,0.5
2,4,43,xgboost,734,564,0,0.014310121536254883,0,0.5
2,4,43,xgboost,736,725,0,0.033443160355091095,0,0.5
2,4,43,xgboost,738,477,0,0.06523533910512924,0,0.5
2,4,43,xgboost,743,540,0,0.03989081084728241,0,0.5
2,4,43,xgboost,750,99,0,0.8273354172706604,1,0.5
2,4,43,xgboost,751,778,0,0.006504112854599953,0,0.5
2,4,43,xgboost,758,578,0,0.017987262457609177,0,0.5
2,4,43,xgboost,759,101,0,0.11517411470413208,0,0.5
2,4,43,xgboost,763,785,0,0.030448907986283302,0,0.5
2,4,43,xgboost,766,206,0,0.13426266610622406,0,0.5
2,4,43,xgboost,768,422,0,0.024365520104765892,0,0.5
2,4,43,xgboost,776,45,0,0.029472582042217255,0,0.5
2,4,43,xgboost,777,744,0,0.016054285690188408,0,0.5
2,4,43,xgboost,782,528,0,0.013727560639381409,0,0.5
2,4,43,xgboost,795,690,0,0.01583712361752987,0,0.5
2,4,43,xgboost,798,396,0,0.024365520104765892,0,0.5
2,4,43,xgboost,799,141,0,0.09673123061656952,0,0.5
2,4,43,xgboost,802,14,0,0.07018870115280151,0,0.5
2,4,43,xgboost,808,544,0,0.049832746386528015,0,0.5
2,4,43,xgboost,815,549,0,0.0137775344774127,0,0.5
2,4,43,xgboost,830,699,0,0.039739951491355896,0,0.5
2,4,43,xgboost,834,569,0,0.039510730654001236,0,0.5
2,4,43,xgboost,837,606,0,0.045584481209516525,0,0.5
2,4,43,xgboost,847,574,0,0.016811786219477654,0,0.5
2,4,43,xgboost,850,117,0,0.15279017388820648,0,0.5
2,4,43,xgboost,854,616,0,0.014601578004658222,0,0.5
2,4,43,xgboost,855,377,0,0.04864441975951195,0,0.5
2,5,43,dummy_prior,2,660,0,0.06404657933042213,0,0.5
2,5,43,dummy_prior,10,807,0,0.06404657933042213,0,0.5
2,5,43,dummy_prior,15,776,0,0.06404657933042213,0,0.5
2,5,43,dummy_prior,17,799,0,0.06404657933042213,0,0.5
2,5,43,dummy_prior,23,767,1,0.06404657933042213,0,0.5
2,5,43,dummy_prior,27,759,0,0.06404657933042213,0,0.5
2,5,43,dummy_prior,40,746,0,0.06404657933042213,0,0.5
2,5,43,dummy_prior,41,732,1,0.06404657933042213,0,0.5
2,5,43,dummy_prior,43,723,0,0.06404657933042213,0,0.5
2,5,43,dummy_prior,45,709,0,0.06404657933042213,0,0.5
2,5,43,dummy_prior,52,729,0,0.06404657933042213,0,0.5
2,5,43,dummy_prior,55,789,0,0.06404657933042213,0,0.5
2,5,43,dummy_prior,56,702,0,0.06404657933042213,0,0.5
2,5,43,dummy_prior,62,679,0,0.06404657933042213,0,0.5
2,5,43,dummy_prior,67,728,0,0.06404657933042213,0,0.5
2,5,43,dummy_prior,73,685,0,0.06404657933042213,0,0.5
2,5,43,dummy_prior,74,681,0,0.06404657933042213,0,0.5
2,5,43,dummy_prior,91,689,0,0.06404657933042213,0,0.5
2,5,43,dummy_prior,95,604,0,0.06404657933042213,0,0.5
2,5,43,dummy_prior,102,599,0,0.06404657933042213,0,0.5
2,5,43,dummy_prior,105,674,0,0.06404657933042213,0,0.5
2,5,43,dummy_prior,115,665,0,0.06404657933042213,0,0.5
2,5,43,dummy_prior,119,498,0,0.06404657933042213,0,0.5
2,5,43,dummy_prior,133,651,0,0.06404657933042213,0,0.5
2,5,43,dummy_prior,134,568,0,0.06404657933042213,0,0.5
2,5,43,dummy_prior,135,465,0,0.06404657933042213,0,0.5
2,5,43,dummy_prior,143,480,0,0.06404657933042213,0,0.5
2,5,43,dummy_prior,144,558,0,0.06404657933042213,0,0.5
2,5,43,dummy_prior,162,481,0,0.06404657933042213,0,0.5
2,5,43,dummy_prior,167,461,0,0.06404657933042213,0,0.5
2,5,43,dummy_prior,176,452,0,0.06404657933042213,0,0.5
2,5,43,dummy_prior,178,472,0,0.06404657933042213,0,0.5
2,5,43,dummy_prior,180,414,0,0.06404657933042213,0,0.5
2,5,43,dummy_prior,185,488,1,0.06404657933042213,0,0.5
2,5,43,dummy_prior,188,475,0,0.06404657933042213,0,0.5
2,5,43,dummy_prior,190,513,0,0.06404657933042213,0,0.5
2,5,43,dummy_prior,194,397,0,0.06404657933042213,0,0.5
2,5,43,dummy_prior,199,460,0,0.06404657933042213,0,0.5
2,5,43,dummy_prior,221,407,0,0.06404657933042213,0,0.5
2,5,43,dummy_prior,226,409,0,0.06404657933042213,0,0.5
2,5,43,dummy_prior,231,432,0,0.06404657933042213,0,0.5
2,5,43,dummy_prior,232,316,0,0.06404657933042213,0,0.5
2,5,43,dummy_prior,238,536,0,0.06404657933042213,0,0.5
2,5,43,dummy_prior,239,497,0,0.06404657933042213,0,0.5
2,5,43,dummy_prior,241,354,0,0.06404657933042213,0,0.5
2,5,43,dummy_prior,244,391,0,0.06404657933042213,0,0.5
2,5,43,dummy_prior,246,487,0,0.06404657933042213,0,0.5
2,5,43,dummy_prior,252,344,0,0.06404657933042213,0,0.5
2,5,43,dummy_prior,257,273,1,0.06404657933042213,0,0.5
2,5,43,dummy_prior,259,329,0,0.06404657933042213,0,0.5
2,5,43,dummy_prior,260,485,0,0.06404657933042213,0,0.5
2,5,43,dummy_prior,261,227,0,0.06404657933042213,0,0.5
2,5,43,dummy_prior,267,265,0,0.06404657933042213,0,0.5
2,5,43,dummy_prior,269,410,0,0.06404657933042213,0,0.5
2,5,43,dummy_prior,284,252,0,0.06404657933042213,0,0.5
2,5,43,dummy_prior,287,272,0,0.06404657933042213,0,0.5
2,5,43,dummy_prior,288,300,0,0.06404657933042213,0,0.5
2,5,43,dummy_prior,289,419,0,0.06404657933042213,0,0.5
2,5,43,dummy_prior,293,221,0,0.06404657933042213,0,0.5
2,5,43,dummy_prior,299,319,0,0.06404657933042213,0,0.5
2,5,43,dummy_prior,301,202,0,0.06404657933042213,0,0.5
2,5,43,dummy_prior,309,322,0,0.06404657933042213,0,0.5
2,5,43,dummy_prior,314,215,1,0.06404657933042213,0,0.5
2,5,43,dummy_prior,315,189,0,0.06404657933042213,0,0.5
2,5,43,dummy_prior,316,348,0,0.06404657933042213,0,0.5
2,5,43,dummy_prior,317,170,0,0.06404657933042213,0,0.5
2,5,43,dummy_prior,328,197,0,0.06404657933042213,0,0.5
2,5,43,dummy_prior,329,290,0,0.06404657933042213,0,0.5
2,5,43,dummy_prior,336,251,0,0.06404657933042213,0,0.5
2,5,43,dummy_prior,350,167,0,0.06404657933042213,0,0.5
2,5,43,dummy_prior,364,147,0,0.06404657933042213,0,0.5
2,5,43,dummy_prior,372,242,0,0.06404657933042213,0,0.5
2,5,43,dummy_prior,374,243,0,0.06404657933042213,0,0.5
2,5,43,dummy_prior,376,786,0,0.06404657933042213,0,0.5
2,5,43,dummy_prior,380,103,0,0.06404657933042213,0,0.5
2,5,43,dummy_prior,386,90,0,0.06404657933042213,0,0.5
2,5,43,dummy_prior,388,185,0,0.06404657933042213,0,0.5
2,5,43,dummy_prior,391,69,0,0.06404657933042213,0,0.5
2,5,43,dummy_prior,393,142,0,0.06404657933042213,0,0.5
2,5,43,dummy_prior,399,209,0,0.06404657933042213,0,0.5
2,5,43,dummy_prior,401,210,0,0.06404657933042213,0,0.5
2,5,43,dummy_prior,402,102,0,0.06404657933042213,0,0.5
2,5,43,dummy_prior,405,61,0,0.06404657933042213,0,0.5
2,5,43,dummy_prior,413,698,0,0.06404657933042213,0,0.5
2,5,43,dummy_prior,415,104,0,0.06404657933042213,0,0.5
2,5,43,dummy_prior,418,47,0,0.06404657933042213,0,0.5
2,5,43,dummy_prior,422,89,0,0.06404657933042213,0,0.5
2,5,43,dummy_prior,424,181,0,0.06404657933042213,0,0.5
2,5,43,dummy_prior,439,112,0,0.06404657933042213,0,0.5
2,5,43,dummy_prior,443,10,0,0.06404657933042213,0,0.5
2,5,43,dummy_prior,452,46,0,0.06404657933042213,0,0.5
2,5,43,dummy_prior,453,10,0,0.06404657933042213,0,0.5
2,5,43,dummy_prior,457,18,0,0.06404657933042213,0,0.5
2,5,43,dummy_prior,460,5,0,0.06404657933042213,0,0.5
2,5,43,dummy_prior,461,19,0,0.06404657933042213,0,0.5
2,5,43,dummy_prior,463,1,0,0.06404657933042213,0,0.5
2,5,43,dummy_prior,468,11,0,0.06404657933042213,0,0.5
2,5,43,dummy_prior,473,787,0,0.06404657933042213,0,0.5
2,5,43,dummy_prior,497,356,0,0.06404657933042213,0,0.5
2,5,43,dummy_prior,498,663,0,0.06404657933042213,0,0.5
2,5,43,dummy_prior,500,763,0,0.06404657933042213,0,0.5
2,5,43,dummy_prior,502,369,0,0.06404657933042213,0,0.5
2,5,43,dummy_prior,504,428,0,0.06404657933042213,0,0.5
2,5,43,dummy_prior,507,71,0,0.06404657933042213,0,0.5
2,5,43,dummy_prior,508,590,0,0.06404657933042213,0,0.5
2,5,43,dummy_prior,512,671,0,0.06404657933042213,0,0.5
2,5,43,dummy_prior,513,96,0,0.06404657933042213,0,0.5
2,5,43,dummy_prior,515,603,0,0.06404657933042213,0,0.5
2,5,43,dummy_prior,516,174,0,0.06404657933042213,0,0.5
2,5,43,dummy_prior,519,123,0,0.06404657933042213,0,0.5
2,5,43,dummy_prior,523,624,0,0.06404657933042213,0,0.5
2,5,43,dummy_prior,525,46,0,0.06404657933042213,0,0.5
2,5,43,dummy_prior,527,262,0,0.06404657933042213,0,0.5
2,5,43,dummy_prior,535,275,0,0.06404657933042213,0,0.5
2,5,43,dummy_prior,537,365,0,0.06404657933042213,0,0.5
2,5,43,dummy_prior,548,58,0,0.06404657933042213,0,0.5
2,5,43,dummy_prior,555,435,0,0.06404657933042213,0,0.5
2,5,43,dummy_prior,566,456,0,0.06404657933042213,0,0.5
2,5,43,dummy_prior,568,338,0,0.06404657933042213,0,0.5
2,5,43,dummy_prior,573,523,0,0.06404657933042213,0,0.5
2,5,43,dummy_prior,574,309,0,0.06404657933042213,0,0.5
2,5,43,dummy_prior,583,315,0,0.06404657933042213,0,0.5
2,5,43,dummy_prior,590,56,0,0.06404657933042213,0,0.5
2,5,43,dummy_prior,591,244,0,0.06404657933042213,0,0.5
2,5,43,dummy_prior,599,176,0,0.06404657933042213,0,0.5
2,5,43,dummy_prior,600,506,0,0.06404657933042213,0,0.5
2,5,43,dummy_prior,606,539,0,0.06404657933042213,0,0.5
2,5,43,dummy_prior,607,566,0,0.06404657933042213,0,0.5
2,5,43,dummy_prior,614,341,1,0.06404657933042213,0,0.5
2,5,43,dummy_prior,626,622,0,0.06404657933042213,0,0.5
2,5,43,dummy_prior,627,280,0,0.06404657933042213,0,0.5
2,5,43,dummy_prior,638,221,0,0.06404657933042213,0,0.5
2,5,43,dummy_prior,643,21,0,0.06404657933042213,0,0.5
2,5,43,dummy_prior,646,27,0,0.06404657933042213,0,0.5
2,5,43,dummy_prior,655,236,1,0.06404657933042213,0,0.5
2,5,43,dummy_prior,659,467,0,0.06404657933042213,0,0.5
2,5,43,dummy_prior,661,326,0,0.06404657933042213,0,0.5
2,5,43,dummy_prior,663,310,0,0.06404657933042213,0,0.5
2,5,43,dummy_prior,682,827,0,0.06404657933042213,0,0.5
2,5,43,dummy_prior,686,704,1,0.06404657933042213,0,0.5
2,5,43,dummy_prior,687,638,1,0.06404657933042213,0,0.5
2,5,43,dummy_prior,697,91,0,0.06404657933042213,0,0.5
2,5,43,dummy_prior,706,81,0,0.06404657933042213,0,0.5
2,5,43,dummy_prior,707,231,0,0.06404657933042213,0,0.5
2,5,43,dummy_prior,709,374,0,0.06404657933042213,0,0.5
2,5,43,dummy_prior,713,31,0,0.06404657933042213,0,0.5
2,5,43,dummy_prior,719,769,0,0.06404657933042213,0,0.5
2,5,43,dummy_prior,725,214,0,0.06404657933042213,0,0.5
2,5,43,dummy_prior,729,327,0,0.06404657933042213,0,0.5
2,5,43,dummy_prior,735,6,0,0.06404657933042213,0,0.5
2,5,43,dummy_prior,739,495,1,0.06404657933042213,0,0.5
2,5,43,dummy_prior,740,768,0,0.06404657933042213,0,0.5
2,5,43,dummy_prior,745,30,0,0.06404657933042213,0,0.5
2,5,43,dummy_prior,760,44,0,0.06404657933042213,0,0.5
2,5,43,dummy_prior,767,12,0,0.06404657933042213,0,0.5
2,5,43,dummy_prior,772,113,0,0.06404657933042213,0,0.5
2,5,43,dummy_prior,784,403,0,0.06404657933042213,0,0.5
2,5,43,dummy_prior,785,480,0,0.06404657933042213,0,0.5
2,5,43,dummy_prior,786,401,1,0.06404657933042213,0,0.5
2,5,43,dummy_prior,788,752,0,0.06404657933042213,0,0.5
2,5,43,dummy_prior,803,106,0,0.06404657933042213,0,0.5
2,5,43,dummy_prior,811,48,0,0.06404657933042213,0,0.5
2,5,43,dummy_prior,822,726,0,0.06404657933042213,0,0.5
2,5,43,dummy_prior,826,650,0,0.06404657933042213,0,0.5
2,5,43,dummy_prior,829,666,0,0.06404657933042213,0,0.5
2,5,43,dummy_prior,831,777,0,0.06404657933042213,0,0.5
2,5,43,dummy_prior,842,722,0,0.06404657933042213,0,0.5
2,5,43,dummy_prior,846,680,0,0.06404657933042213,0,0.5
2,5,43,dummy_prior,848,598,0,0.06404657933042213,0,0.5
2,5,43,dummy_prior,853,672,0,0.06404657933042213,0,0.5
2,5,43,dummy_prior,857,526,0,0.06404657933042213,0,0.5
2,5,43,logistic_regression,2,660,0,0.19507878830379657,0,0.5
2,5,43,logistic_regression,10,807,0,0.243171168089911,0,0.5
2,5,43,logistic_regression,15,776,0,0.298391742432313,0,0.5
2,5,43,logistic_regression,17,799,0,0.3738749468525609,0,0.5
2,5,43,logistic_regression,23,767,1,0.9607113619056623,1,0.5
2,5,43,logistic_regression,27,759,0,0.264979187889065,0,0.5
2,5,43,logistic_regression,40,746,0,0.25963486486761705,0,0.5
2,5,43,logistic_regression,41,732,1,0.9412418575838012,1,0.5
2,5,43,logistic_regression,43,723,0,0.2535249394847507,0,0.5
2,5,43,logistic_regression,45,709,0,0.310229378735485,0,0.5
2,5,43,logistic_regression,52,729,0,0.2782689128957097,0,0.5
2,5,43,logistic_regression,55,789,0,0.3605169311073093,0,0.5
2,5,43,logistic_regression,56,702,0,0.2809918577479573,0,0.5
2,5,43,logistic_regression,62,679,0,0.24068887301406103,0,0.5
2,5,43,logistic_regression,67,728,0,0.2965194764630708,0,0.5
2,5,43,logistic_regression,73,685,0,0.25170653078048766,0,0.5
2,5,43,logistic_regression,74,681,0,0.2530043938774828,0,0.5
2,5,43,logistic_regression,91,689,0,0.36626629881832945,0,0.5
2,5,43,logistic_regression,95,604,0,0.24164803576054583,0,0.5
2,5,43,logistic_regression,102,599,0,0.2315811539103076,0,0.5
2,5,43,logistic_regression,105,674,0,0.2937796998623521,0,0.5
2,5,43,logistic_regression,115,665,0,0.3226343047442167,0,0.5
2,5,43,logistic_regression,119,498,0,0.30412027797405694,0,0.5
2,5,43,logistic_regression,133,651,0,0.28559754970322093,0,0.5
2,5,43,logistic_regression,134,568,0,0.6290103405436419,1,0.5
2,5,43,logistic_regression,135,465,0,0.28311837322194605,0,0.5
2,5,43,logistic_regression,143,480,0,0.22848761992519062,0,0.5
2,5,43,logistic_regression,144,558,0,0.25380500091341185,0,0.5
2,5,43,logistic_regression,162,481,0,0.2601545217189738,0,0.5
2,5,43,logistic_regression,167,461,0,0.3411250278305899,0,0.5
2,5,43,logistic_regression,176,452,0,0.2160214729901778,0,0.5
2,5,43,logistic_regression,178,472,0,0.27482577278828096,0,0.5
2,5,43,logistic_regression,180,414,0,0.3104829740864974,0,0.5
2,5,43,logistic_regression,185,488,1,0.9602063590467164,1,0.5
2,5,43,logistic_regression,188,475,0,0.7296281006350787,1,0.5
2,5,43,logistic_regression,190,513,0,0.28402426372471384,0,0.5
2,5,43,logistic_regression,194,397,0,0.2917665901677774,0,0.5
2,5,43,logistic_regression,199,460,0,0.24186965843100663,0,0.5
2,5,43,logistic_regression,221,407,0,0.22307037354566575,0,0.5
2,5,43,logistic_regression,226,409,0,0.22840103067256048,0,0.5
2,5,43,logistic_regression,231,432,0,0.32753876331336546,0,0.5
2,5,43,logistic_regression,232,316,0,0.26082796334852726,0,0.5
2,5,43,logistic_regression,238,536,0,0.3417565621047655,0,0.5
2,5,43,logistic_regression,239,497,0,0.33310213538278693,0,0.5
2,5,43,logistic_regression,241,354,0,0.26421987975828765,0,0.5
2,5,43,logistic_regression,244,391,0,0.2586516415107785,0,0.5
2,5,43,logistic_regression,246,487,0,0.28946385417705095,0,0.5
2,5,43,logistic_regression,252,344,0,0.3156816396561737,0,0.5
2,5,43,logistic_regression,257,273,1,0.9154314054738525,1,0.5
2,5,43,logistic_regression,259,329,0,0.33254205304688617,0,0.5
2,5,43,logistic_regression,260,485,0,0.32688813476796413,0,0.5
2,5,43,logistic_regression,261,227,0,0.2428068137825779,0,0.5
2,5,43,logistic_regression,267,265,0,0.25826233815520955,0,0.5
2,5,43,logistic_regression,269,410,0,0.24225156379010035,0,0.5
2,5,43,logistic_regression,284,252,0,0.22016013884146768,0,0.5
2,5,43,logistic_regression,287,272,0,0.2981008746604883,0,0.5
2,5,43,logistic_regression,288,300,0,0.3307178405140854,0,0.5
2,5,43,logistic_regression,289,419,0,0.3082609088135713,0,0.5
2,5,43,logistic_regression,293,221,0,0.22338320982491658,0,0.5
2,5,43,logistic_regression,299,319,0,0.22486113813607597,0,0.5
2,5,43,logistic_regression,301,202,0,0.22325226389213937,0,0.5
2,5,43,logistic_regression,309,322,0,0.15288788037625783,0,0.5
2,5,43,logistic_regression,314,215,1,0.9364103654504645,1,0.5
2,5,43,logistic_regression,315,189,0,0.2938478023088648,0,0.5
2,5,43,logistic_regression,316,348,0,0.24200560305063243,0,0.5
2,5,43,logistic_regression,317,170,0,0.24530349234933158,0,0.5
2,5,43,logistic_regression,328,197,0,0.24217823304987418,0,0.5
2,5,43,logistic_regression,329,290,0,0.3148662457129638,0,0.5
2,5,43,logistic_regression,336,251,0,0.2894368347160612,0,0.5
2,5,43,logistic_regression,350,167,0,0.24020523408177835,0,0.5
2,5,43,logistic_regression,364,147,0,0.25963155253138887,0,0.5
2,5,43,logistic_regression,372,242,0,0.4185202590792966,0,0.5
2,5,43,logistic_regression,374,243,0,0.21111662840703624,0,0.5
2,5,43,logistic_regression,376,786,0,0.25772204943365634,0,0.5
2,5,43,logistic_regression,380,103,0,0.30388675136800036,0,0.5
2,5,43,logistic_regression,386,90,0,0.6400178994491412,1,0.5
2,5,43,logistic_regression,388,185,0,0.2224066028932129,0,0.5
2,5,43,logistic_regression,391,69,0,0.23702044475916254,0,0.5
2,5,43,logistic_regression,393,142,0,0.2500420058270818,0,0.5
2,5,43,logistic_regression,399,209,0,0.30187680281036633,0,0.5
2,5,43,logistic_regression,401,210,0,0.3111908133836726,0,0.5
2,5,43,logistic_regression,402,102,0,0.274682424016646,0,0.5
2,5,43,logistic_regression,405,61,0,0.2389871664713175,0,0.5
2,5,43,logistic_regression,413,698,0,0.26366515149269687,0,0.5
2,5,43,logistic_regression,415,104,0,0.2657005525599524,0,0.5
2,5,43,logistic_regression,418,47,0,0.24315957467906718,0,0.5
2,5,43,logistic_regression,422,89,0,0.6474641152473759,1,0.5
2,5,43,logistic_regression,424,181,0,0.4900061454261801,0,0.5
2,5,43,logistic_regression,439,112,0,0.5814707361613962,1,0.5
2,5,43,logistic_regression,443,10,0,0.24511807669130228,0,0.5
2,5,43,logistic_regression,452,46,0,0.23848329372090088,0,0.5
2,5,43,logistic_regression,453,10,0,0.24511807669130228,0,0.5
2,5,43,logistic_regression,457,18,0,0.5723539958878756,1,0.5
2,5,43,logistic_regression,460,5,0,0.23058225249762887,0,0.5
2,5,43,logistic_regression,461,19,0,0.268551377973053,0,0.5
2,5,43,logistic_regression,463,1,0,0.27364798071295543,0,0.5
2,5,43,logistic_regression,468,11,0,0.20309363337182085,0,0.5
2,5,43,logistic_regression,473,787,0,0.29563459608637327,0,0.5
2,5,43,logistic_regression,497,356,0,0.34233720510281807,0,0.5
2,5,43,logistic_regression,498,663,0,0.21715907212330524,0,0.5
2,5,43,logistic_regression,500,763,0,0.19019618742429767,0,0.5
2,5,43,logistic_regression,502,369,0,0.2997404409810674,0,0.5
2,5,43,logistic_regression,504,428,0,0.2196758708535639,0,0.5
2,5,43,logistic_regression,507,71,0,0.24991247324135032,0,0.5
2,5,43,logistic_regression,508,590,0,0.2795731705186345,0,0.5
2,5,43,logistic_regression,512,671,0,0.24755171602748693,0,0.5
2,5,43,logistic_regression,513,96,0,0.24062181804254196,0,0.5
2,5,43,logistic_regression,515,603,0,0.31135301293016737,0,0.5
2,5,43,logistic_regression,516,174,0,0.2682741534967725,0,0.5
2,5,43,logistic_regression,519,123,0,0.2665542933920431,0,0.5
2,5,43,logistic_regression,523,624,0,0.26527685816921176,0,0.5
2,5,43,logistic_regression,525,46,0,0.23848329372090088,0,0.5
2,5,43,logistic_regression,527,262,0,0.22987907117367065,0,0.5
2,5,43,logistic_regression,535,275,0,0.2328298540187287,0,0.5
2,5,43,logistic_regression,537,365,0,0.2956397335744617,0,0.5
2,5,43,logistic_regression,548,58,0,0.2893615815603298,0,0.5
2,5,43,logistic_regression,555,435,0,0.28673008391700056,0,0.5
2,5,43,logistic_regression,566,456,0,0.27169911850423084,0,0.5
2,5,43,logistic_regression,568,338,0,0.2254581439463317,0,0.5
2,5,43,logistic_regression,573,523,0,0.2909725144341615,0,0.5
2,5,43,logistic_regression,574,309,0,0.2732261245483602,0,0.5
2,5,43,logistic_regression,583,315,0,0.24153395282464196,0,0.5
2,5,43,logistic_regression,590,56,0,0.216510630724046,0,0.5
2,5,43,logistic_regression,591,244,0,0.2716204555570677,0,0.5
2,5,43,logistic_regression,599,176,0,0.2965115349516285,0,0.5
2,5,43,logistic_regression,600,506,0,0.21400092098538953,0,0.5
2,5,43,logistic_regression,606,539,0,0.3178084041148388,0,0.5
2,5,43,logistic_regression,607,566,0,0.17284063341325293,0,0.5
2,5,43,logistic_regression,614,341,1,0.8990729428099656,1,0.5
2,5,43,logistic_regression,626,622,0,0.2744346082184364,0,0.5
2,5,43,logistic_regression,627,280,0,0.2750050667292615,0,0.5
2,5,43,logistic_regression,638,221,0,0.22338320982491663,0,0.5
2,5,43,logistic_regression,643,21,0,0.6100152779068488,1,0.5
2,5,43,logistic_regression,646,27,0,0.9256400380396446,1,0.5
2,5,43,logistic_regression,655,236,1,0.5117686736617654,1,0.5
2,5,43,logistic_regression,659,467,0,0.2911417036897808,0,0.5
2,5,43,logistic_regression,661,326,0,0.2647629064803093,0,0.5
2,5,43,logistic_regression,663,310,0,0.25998378973986425,0,0.5
2,5,43,logistic_regression,682,827,0,0.34996975563067945,0,0.5
2,5,43,logistic_regression,686,704,1,0.7420979907469264,1,0.5
2,5,43,logistic_regression,687,638,1,0.9444276271358076,1,0.5
2,5,43,logistic_regression,697,91,0,0.38724447529571815,0,0.5
2,5,43,logistic_regression,706,81,0,0.37136484357322425,0,0.5
2,5,43,logistic_regression,707,231,0,0.33580973062528735,0,0.5
2,5,43,logistic_regression,709,374,0,0.28849890747282564,0,0.5
2,5,43,logistic_regression,713,31,0,0.24678106452036228,0,0.5
2,5,43,logistic_regression,719,769,0,0.8270091779112284,1,0.5
2,5,43,logistic_regression,725,214,0,0.2738818729353432,0,0.5
2,5,43,logistic_regression,729,327,0,0.2468330297602296,0,0.5
2,5,43,logistic_regression,735,6,0,0.2835345873293502,0,0.5
2,5,43,logistic_regression,739,495,1,0.7572951184594396,1,0.5
2,5,43,logistic_regression,740,768,0,0.29393210142135534,0,0.5
2,5,43,logistic_regression,745,30,0,0.35868507535561306,0,0.5
2,5,43,logistic_regression,760,44,0,0.2703253631014392,0,0.5
2,5,43,logistic_regression,767,12,0,0.25557769079692777,0,0.5
2,5,43,logistic_regression,772,113,0,0.25044032337890654,0,0.5
2,5,43,logistic_regression,784,403,0,0.3119023381845009,0,0.5
2,5,43,logistic_regression,785,480,0,0.22848761992519062,0,0.5
2,5,43,logistic_regression,786,401,1,0.922931687012937,1,0.5
2,5,43,logistic_regression,788,752,0,0.7930756795978448,1,0.5
2,5,43,logistic_regression,803,106,0,0.2411287784203329,0,0.5
2,5,43,logistic_regression,811,48,0,0.3787096752225681,0,0.5
2,5,43,logistic_regression,822,726,0,0.32129098432261416,0,0.5
2,5,43,logistic_regression,826,650,0,0.23547464782807892,0,0.5
2,5,43,logistic_regression,829,666,0,0.2862321674829864,0,0.5
2,5,43,logistic_regression,831,777,0,0.2167629650676588,0,0.5
2,5,43,logistic_regression,842,722,0,0.31551487333015305,0,0.5
2,5,43,logistic_regression,846,680,0,0.22586779315425348,0,0.5
2,5,43,logistic_regression,848,598,0,0.24697765959770784,0,0.5
2,5,43,logistic_regression,853,672,0,0.2095505259076122,0,0.5
2,5,43,logistic_regression,857,526,0,0.23851684875021908,0,0.5
2,5,43,xgboost,2,660,0,0.006059075240045786,0,0.5
2,5,43,xgboost,10,807,0,0.005655503831803799,0,0.5
2,5,43,xgboost,15,776,0,0.00936021376401186,0,0.5
2,5,43,xgboost,17,799,0,0.0032027147244662046,0,0.5
2,5,43,xgboost,23,767,1,0.8747079968452454,1,0.5
2,5,43,xgboost,27,759,0,0.010433475486934185,0,0.5
2,5,43,xgboost,40,746,0,0.007484220899641514,0,0.5
2,5,43,xgboost,41,732,1,0.9213407039642334,1,0.5
2,5,43,xgboost,43,723,0,0.006905319169163704,0,0.5
2,5,43,xgboost,45,709,0,0.02446158416569233,0,0.5
2,5,43,xgboost,52,729,0,0.02653287723660469,0,0.5
2,5,43,xgboost,55,789,0,0.0159101914614439,0,0.5
2,5,43,xgboost,56,702,0,0.03219850733876228,0,0.5
2,5,43,xgboost,62,679,0,0.0034634117037057877,0,0.5
2,5,43,xgboost,67,728,0,0.006570517551153898,0,0.5
2,5,43,xgboost,73,685,0,0.002781705232337117,0,0.5
2,5,43,xgboost,74,681,0,0.002159909578040242,0,0.5
2,5,43,xgboost,91,689,0,0.007995830848813057,0,0.5
2,5,43,xgboost,95,604,0,0.0036889060866087675,0,0.5
2,5,43,xgboost,102,599,0,0.003771949792280793,0,0.5
2,5,43,xgboost,105,674,0,0.012047705240547657,0,0.5
2,5,43,xgboost,115,665,0,0.011530105955898762,0,0.5
2,5,43,xgboost,119,498,0,0.021355021744966507,0,0.5
2,5,43,xgboost,133,651,0,0.012777827680110931,0,0.5
2,5,43,xgboost,134,568,0,0.11622247099876404,0,0.5
2,5,43,xgboost,135,465,0,0.006168477237224579,0,0.5
2,5,43,xgboost,143,480,0,0.007569439243525267,0,0.5
2,5,43,xgboost,144,558,0,0.005066779907792807,0,0.5
2,5,43,xgboost,162,481,0,0.015658576041460037,0,0.5
2,5,43,xgboost,167,461,0,0.012773491442203522,0,0.5
2,5,43,xgboost,176,452,0,0.004627659451216459,0,0.5
2,5,43,xgboost,178,472,0,0.023697853088378906,0,0.5
2,5,43,xgboost,180,414,0,0.003353133099153638,0,0.5
2,5,43,xgboost,185,488,1,0.9820132851600647,1,0.5
2,5,43,xgboost,188,475,0,0.27551642060279846,0,0.5
2,5,43,xgboost,190,513,0,0.044823043048381805,0,0.5
2,5,43,xgboost,194,397,0,0.0060421135276556015,0,0.5
2,5,43,xgboost,199,460,0,0.008269418962299824,0,0.5
2,5,43,xgboost,221,407,0,0.0066181449219584465,0,0.5
2,5,43,xgboost,226,409,0,0.006158231291919947,0,0.5
2,5,43,xgboost,231,432,0,0.015860360115766525,0,0.5
2,5,43,xgboost,232,316,0,0.003619765629991889,0,0.5
2,5,43,xgboost,238,536,0,0.01262188795953989,0,0.5
2,5,43,xgboost,239,497,0,0.008634217083454132,0,0.5
2,5,43,xgboost,241,354,0,0.005100836977362633,0,0.5
2,5,43,xgboost,244,391,0,0.007922868244349957,0,0.5
2,5,43,xgboost,246,487,0,0.01381959579885006,0,0.5
2,5,43,xgboost,252,344,0,0.00386670115403831,0,0.5
2,5,43,xgboost,257,273,1,0.9510380029678345,1,0.5
2,5,43,xgboost,259,329,0,0.017256956547498703,0,0.5
2,5,43,xgboost,260,485,0,0.05922430381178856,0,0.5
2,5,43,xgboost,261,227,0,0.015877628698945045,0,0.5
2,5,43,xgboost,267,265,0,0.014914936386048794,0,0.5
2,5,43,xgboost,269,410,0,0.007307463325560093,0,0.5
2,5,43,xgboost,284,252,0,0.008985946886241436,0,0.5
2,5,43,xgboost,287,272,0,0.015515085309743881,0,0.5
2,5,43,xgboost,288,300,0,0.004557463340461254,0,0.5
2,5,43,xgboost,289,419,0,0.01080652978271246,0,0.5
2,5,43,xgboost,293,221,0,0.01237776130437851,0,0.5
2,5,43,xgboost,299,319,0,0.002517867134884,0,0.5
2,5,43,xgboost,301,202,0,0.021335437893867493,0,0.5
2,5,43,xgboost,309,322,0,0.0022304824087768793,0,0.5
2,5,43,xgboost,314,215,1,0.953458309173584,1,0.5
2,5,43,xgboost,315,189,0,0.0721551775932312,0,0.5
2,5,43,xgboost,316,348,0,0.0031929125543683767,0,0.5
2,5,43,xgboost,317,170,0,0.12839680910110474,0,0.5
2,5,43,xgboost,328,197,0,0.028579620644450188,0,0.5
2,5,43,xgboost,329,290,0,0.03236713632941246,0,0.5
2,5,43,xgboost,336,251,0,0.023134201765060425,0,0.5
2,5,43,xgboost,350,167,0,0.05912654101848602,0,0.5
2,5,43,xgboost,364,147,0,0.012677082791924477,0,0.5
2,5,43,xgboost,372,242,0,0.12861745059490204,0,0.5
2,5,43,xgboost,374,243,0,0.042747147381305695,0,0.5
2,5,43,xgboost,376,786,0,0.0030521731823682785,0,0.5
2,5,43,xgboost,380,103,0,0.025882797315716743,0,0.5
2,5,43,xgboost,386,90,0,0.2710561454296112,0,0.5
2,5,43,xgboost,388,185,0,0.033639367669820786,0,0.5
2,5,43,xgboost,391,69,0,0.013862245716154575,0,0.5
2,5,43,xgboost,393,142,0,0.008663907647132874,0,0.5
2,5,43,xgboost,399,209,0,0.09882470965385437,0,0.5
2,5,43,xgboost,401,210,0,0.08080243319272995,0,0.5
2,5,43,xgboost,402,102,0,0.02391955256462097,0,0.5
2,5,43,xgboost,405,61,0,0.00976890604943037,0,0.5
2,5,43,xgboost,413,698,0,0.0046572559513151646,0,0.5
2,5,43,xgboost,415,104,0,0.010911061428487301,0,0.5
2,5,43,xgboost,418,47,0,0.008684815838932991,0,0.5
2,5,43,xgboost,422,89,0,0.2380523830652237,0,0.5
2,5,43,xgboost,424,181,0,0.157834991812706,0,0.5
2,5,43,xgboost,439,112,0,0.2365148663520813,0,0.5
2,5,43,xgboost,443,10,0,0.009427548386156559,0,0.5
2,5,43,xgboost,452,46,0,0.009311758913099766,0,0.5
2,5,43,xgboost,453,10,0,0.009427548386156559,0,0.5
2,5,43,xgboost,457,18,0,0.057358268648386,0,0.5
2,5,43,xgboost,460,5,0,0.013332648202776909,0,0.5
2,5,43,xgboost,461,19,0,0.009103136137127876,0,0.5
2,5,43,xgboost,463,1,0,0.0122581971809268,0,0.5
2,5,43,xgboost,468,11,0,0.019592367112636566,0,0.5
2,5,43,xgboost,473,787,0,0.006421418394893408,0,0.5
2,5,43,xgboost,497,356,0,0.005177148152142763,0,0.5
2,5,43,xgboost,498,663,0,0.00358211318962276,0,0.5
2,5,43,xgboost,500,763,0,0.002574373735114932,0,0.5
2,5,43,xgboost,502,369,0,0.014735097996890545,0,0.5
2,5,43,xgboost,504,428,0,0.0035230149514973164,0,0.5
2,5,43,xgboost,507,71,0,0.008467096835374832,0,0.5
2,5,43,xgboost,508,590,0,0.0050799548625946045,0,0.5
2,5,43,xgboost,512,671,0,0.004108869936317205,0,0.5
2,5,43,xgboost,513,96,0,0.011011352762579918,0,0.5
2,5,43,xgboost,515,603,0,0.015283624641597271,0,0.5
2,5,43,xgboost,516,174,0,0.045889757573604584,0,0.5
2,5,43,xgboost,519,123,0,0.026819510385394096,0,0.5
2,5,43,xgboost,523,624,0,0.009053989313542843,0,0.5
2,5,43,xgboost,525,46,0,0.009311758913099766,0,0.5
2,5,43,xgboost,527,262,0,0.0085494015365839,0,0.5
2,5,43,xgboost,535,275,0,0.00978194922208786,0,0.5
2,5,43,xgboost,537,365,0,0.008592282421886921,0,0.5
2,5,43,xgboost,548,58,0,0.014883261173963547,0,0.5
2,5,43,xgboost,555,435,0,0.019925318658351898,0,0.5
2,5,43,xgboost,566,456,0,0.01027965173125267,0,0.5
2,5,43,xgboost,568,338,0,0.005671203602105379,0,0.5
2,5,43,xgboost,573,523,0,0.01152481883764267,0,0.5
2,5,43,xgboost,574,309,0,0.0041762469336390495,0,0.5
2,5,43,xgboost,583,315,0,0.004225190728902817,0,0.5
2,5,43,xgboost,590,56,0,0.007672409992665052,0,0.5
2,5,43,xgboost,591,244,0,0.03303438052535057,0,0.5
2,5,43,xgboost,599,176,0,0.04251763969659805,0,0.5
2,5,43,xgboost,600,506,0,0.004473482258617878,0,0.5
2,5,43,xgboost,606,539,0,0.03580630198121071,0,0.5
2,5,43,xgboost,607,566,0,0.0029145912267267704,0,0.5
2,5,43,xgboost,614,341,1,0.6831972599029541,1,0.5
2,5,43,xgboost,626,622,0,0.010776604525744915,0,0.5
2,5,43,xgboost,627,280,0,0.007475127000361681,0,0.5
2,5,43,xgboost,638,221,0,0.01237776130437851,0,0.5
2,5,43,xgboost,643,21,0,0.04680771380662918,0,0.5
2,5,43,xgboost,646,27,0,0.9103116393089294,1,0.5
2,5,43,xgboost,655,236,1,0.06913149356842041,0,0.5
2,5,43,xgboost,659,467,0,0.02406930737197399,0,0.5
2,5,43,xgboost,661,326,0,0.0266171433031559,0,0.5
2,5,43,xgboost,663,310,0,0.009225508198142052,0,0.5
2,5,43,xgboost,682,827,0,0.006001174449920654,0,0.5
2,5,43,xgboost,686,704,1,0.8679806590080261,1,0.5
2,5,43,xgboost,687,638,1,0.9415266513824463,1,0.5
2,5,43,xgboost,697,91,0,0.06740577518939972,0,0.5
2,5,43,xgboost,706,81,0,0.48785215616226196,0,0.5
2,5,43,xgboost,707,231,0,0.08184155076742172,0,0.5
2,5,43,xgboost,709,374,0,0.007237819489091635,0,0.5
2,5,43,xgboost,713,31,0,0.007218595594167709,0,0.5
2,5,43,xgboost,719,769,0,0.9547722339630127,1,0.5
2,5,43,xgboost,725,214,0,0.058929264545440674,0,0.5
2,5,43,xgboost,729,327,0,0.005952103994786739,0,0.5
2,5,43,xgboost,735,6,0,0.012976333498954773,0,0.5
2,5,43,xgboost,739,495,1,0.8392432332038879,1,0.5
2,5,43,xgboost,740,768,0,0.0019602756947278976,0,0.5
2,5,43,xgboost,745,30,0,0.07384271919727325,0,0.5
2,5,43,xgboost,760,44,0,0.011652713641524315,0,0.5
2,5,43,xgboost,767,12,0,0.013332648202776909,0,0.5
2,5,43,xgboost,772,113,0,0.022630775347352028,0,0.5
2,5,43,xgboost,784,403,0,0.03049405850470066,0,0.5
2,5,43,xgboost,785,480,0,0.007569439243525267,0,0.5
2,5,43,xgboost,786,401,1,0.8659288883209229,1,0.5
2,5,43,xgboost,788,752,0,0.09087390452623367,0,0.5
2,5,43,xgboost,803,106,0,0.009651511907577515,0,0.5
2,5,43,xgboost,811,48,0,0.36418619751930237,0,0.5
2,5,43,xgboost,822,726,0,0.004673494957387447,0,0.5
2,5,43,xgboost,826,650,0,0.005501332227140665,0,0.5
2,5,43,xgboost,829,666,0,0.10025417059659958,0,0.5
2,5,43,xgboost,831,777,0,0.0022804064210504293,0,0.5
2,5,43,xgboost,842,722,0,0.00414941506460309,0,0.5
2,5,43,xgboost,846,680,0,0.0045449635945260525,0,0.5
2,5,43,xgboost,848,598,0,0.007378862239420414,0,0.5
2,5,43,xgboost,853,672,0,0.004823919851332903,0,0.5
2,5,43,xgboost,857,526,0,0.00507500721141696,0,0.5
3,1,44,dummy_prior,1,7,0,0.0641399416909621,0,0.5
3,1,44,dummy_prior,7,413,0,0.0641399416909621,0,0.5
3,1,44,dummy_prior,11,450,0,0.0641399416909621,0,0.5
3,1,44,dummy_prior,13,803,0,0.0641399416909621,0,0.5
3,1,44,dummy_prior,21,783,0,0.0641399416909621,0,0.5
3,1,44,dummy_prior,25,805,0,0.0641399416909621,0,0.5
3,1,44,dummy_prior,38,758,0,0.0641399416909621,0,0.5
3,1,44,dummy_prior,39,719,0,0.0641399416909621,0,0.5
3,1,44,dummy_prior,41,732,1,0.0641399416909621,0,0.5
3,1,44,dummy_prior,67,728,0,0.0641399416909621,0,0.5
3,1,44,dummy_prior,81,593,0,0.0641399416909621,0,0.5
3,1,44,dummy_prior,83,621,0,0.0641399416909621,0,0.5
3,1,44,dummy_prior,86,718,0,0.0641399416909621,0,0.5
3,1,44,dummy_prior,90,707,0,0.0641399416909621,0,0.5
3,1,44,dummy_prior,92,649,0,0.0641399416909621,0,0.5
3,1,44,dummy_prior,100,669,0,0.0641399416909621,0,0.5
3,1,44,dummy_prior,102,599,0,0.0641399416909621,0,0.5
3,1,44,dummy_prior,105,674,0,0.0641399416909621,0,0.5
3,1,44,dummy_prior,108,611,0,0.0641399416909621,0,0.5
3,1,44,dummy_prior,129,557,0,0.0641399416909621,0,0.5
3,1,44,dummy_prior,136,586,0,0.0641399416909621,0,0.5
3,1,44,dummy_prior,138,517,0,0.0641399416909621,0,0.5
3,1,44,dummy_prior,147,533,0,0.0641399416909621,0,0.5
3,1,44,dummy_prior,151,551,0,0.0641399416909621,0,0.5
3,1,44,dummy_prior,154,457,0,0.0641399416909621,0,0.5
3,1,44,dummy_prior,156,448,0,0.0641399416909621,0,0.5
3,1,44,dummy_prior,164,546,0,0.0641399416909621,0,0.5
3,1,44,dummy_prior,171,418,0,0.0641399416909621,0,0.5
3,1,44,dummy_prior,174,499,0,0.0641399416909621,0,0.5
3,1,44,dummy_prior,175,412,0,0.0641399416909621,0,0.5
3,1,44,dummy_prior,189,380,0,0.0641399416909621,0,0.5
3,1,44,dummy_prior,190,513,0,0.0641399416909621,0,0.5
3,1,44,dummy_prior,191,527,0,0.0641399416909621,0,0.5
3,1,44,dummy_prior,193,445,0,0.0641399416909621,0,0.5
3,1,44,dummy_prior,195,429,0,0.0641399416909621,0,0.5
3,1,44,dummy_prior,196,505,0,0.0641399416909621,0,0.5
3,1,44,dummy_prior,204,222,0,0.0641399416909621,0,0.5
3,1,44,dummy_prior,212,431,0,0.0641399416909621,0,0.5
3,1,44,dummy_prior,216,531,1,0.0641399416909621,0,0.5
3,1,44,dummy_prior,217,408,0,0.0641399416909621,0,0.5
3,1,44,dummy_prior,231,432,0,0.0641399416909621,0,0.5
3,1,44,dummy_prior,232,316,0,0.0641399416909621,0,0.5
3,1,44,dummy_prior,233,345,0,0.0641399416909621,0,0.5
3,1,44,dummy_prior,236,343,0,0.0641399416909621,0,0.5
3,1,44,dummy_prior,247,292,0,0.0641399416909621,0,0.5
3,1,44,dummy_prior,249,270,0,0.0641399416909621,0,0.5
3,1,44,dummy_prior,254,390,0,0.0641399416909621,0,0.5
3,1,44,dummy_prior,283,389,0,0.0641399416909621,0,0.5
3,1,44,dummy_prior,288,300,0,0.0641399416909621,0,0.5
3,1,44,dummy_prior,290,204,0,0.0641399416909621,0,0.5
3,1,44,dummy_prior,294,288,0,0.0641399416909621,0,0.5
3,1,44,dummy_prior,303,386,0,0.0641399416909621,0,0.5
3,1,44,dummy_prior,307,287,0,0.0641399416909621,0,0.5
3,1,44,dummy_prior,312,313,0,0.0641399416909621,0,0.5
3,1,44,dummy_prior,315,189,0,0.0641399416909621,0,0.5
3,1,44,dummy_prior,318,308,0,0.0641399416909621,0,0.5
3,1,44,dummy_prior,320,271,1,0.0641399416909621,0,0.5
3,1,44,dummy_prior,332,583,0,0.0641399416909621,0,0.5
3,1,44,dummy_prior,337,818,0,0.0641399416909621,0,0.5
3,1,44,dummy_prior,340,148,0,0.0641399416909621,0,0.5
3,1,44,dummy_prior,342,228,0,0.0641399416909621,0,0.5
3,1,44,dummy_prior,346,149,0,0.0641399416909621,0,0.5
3,1,44,dummy_prior,347,131,0,0.0641399416909621,0,0.5
3,1,44,dummy_prior,357,258,0,0.0641399416909621,0,0.5
3,1,44,dummy_prior,360,339,0,0.0641399416909621,0,0.5
3,1,44,dummy_prior,365,178,0,0.0641399416909621,0,0.5
3,1,44,dummy_prior,366,143,0,0.0641399416909621,0,0.5
3,1,44,dummy_prior,367,127,0,0.0641399416909621,0,0.5
3,1,44,dummy_prior,370,239,1,0.0641399416909621,0,0.5
3,1,44,dummy_prior,373,312,0,0.0641399416909621,0,0.5
3,1,44,dummy_prior,374,243,0,0.0641399416909621,0,0.5
3,1,44,dummy_prior,379,224,0,0.0641399416909621,0,0.5
3,1,44,dummy_prior,380,103,0,0.0641399416909621,0,0.5
3,1,44,dummy_prior,387,266,0,0.0641399416909621,0,0.5
3,1,44,dummy_prior,391,69,0,0.0641399416909621,0,0.5
3,1,44,dummy_prior,393,142,0,0.0641399416909621,0,0.5
3,1,44,dummy_prior,399,209,0,0.0641399416909621,0,0.5
3,1,44,dummy_prior,402,102,0,0.0641399416909621,0,0.5
3,1,44,dummy_prior,403,64,0,0.0641399416909621,0,0.5
3,1,44,dummy_prior,410,171,0,0.0641399416909621,0,0.5
3,1,44,dummy_prior,419,149,0,0.0641399416909621,0,0.5
3,1,44,dummy_prior,424,181,0,0.0641399416909621,0,0.5
3,1,44,dummy_prior,436,39,0,0.0641399416909621,0,0.5
3,1,44,dummy_prior,439,112,0,0.0641399416909621,0,0.5
3,1,44,dummy_prior,440,7,0,0.0641399416909621,0,0.5
3,1,44,dummy_prior,441,9,0,0.0641399416909621,0,0.5
3,1,44,dummy_prior,445,36,0,0.0641399416909621,0,0.5
3,1,44,dummy_prior,447,63,0,0.0641399416909621,0,0.5
3,1,44,dummy_prior,454,7,0,0.0641399416909621,0,0.5
3,1,44,dummy_prior,456,24,0,0.0641399416909621,0,0.5
3,1,44,dummy_prior,462,68,0,0.0641399416909621,0,0.5
3,1,44,dummy_prior,464,25,0,0.0641399416909621,0,0.5
3,1,44,dummy_prior,466,7,0,0.0641399416909621,0,0.5
3,1,44,dummy_prior,474,640,0,0.0641399416909621,0,0.5
3,1,44,dummy_prior,476,753,0,0.0641399416909621,0,0.5
3,1,44,dummy_prior,477,751,0,0.0641399416909621,0,0.5
3,1,44,dummy_prior,478,534,0,0.0641399416909621,0,0.5
3,1,44,dummy_prior,482,757,0,0.0641399416909621,0,0.5
3,1,44,dummy_prior,483,190,0,0.0641399416909621,0,0.5
3,1,44,dummy_prior,484,371,0,0.0641399416909621,0,0.5
3,1,44,dummy_prior,490,375,0,0.0641399416909621,0,0.5
3,1,44,dummy_prior,507,71,0,0.0641399416909621,0,0.5
3,1,44,dummy_prior,508,590,0,0.0641399416909621,0,0.5
3,1,44,dummy_prior,517,514,0,0.0641399416909621,0,0.5
3,1,44,dummy_prior,521,791,0,0.0641399416909621,0,0.5
3,1,44,dummy_prior,530,239,1,0.0641399416909621,0,0.5
3,1,44,dummy_prior,532,364,0,0.0641399416909621,0,0.5
3,1,44,dummy_prior,536,24,0,0.0641399416909621,0,0.5
3,1,44,dummy_prior,538,361,0,0.0641399416909621,0,0.5
3,1,44,dummy_prior,540,188,0,0.0641399416909621,0,0.5
3,1,44,dummy_prior,541,474,0,0.0641399416909621,0,0.5
3,1,44,dummy_prior,548,58,0,0.0641399416909621,0,0.5
3,1,44,dummy_prior,555,435,0,0.0641399416909621,0,0.5
3,1,44,dummy_prior,558,255,0,0.0641399416909621,0,0.5
3,1,44,dummy_prior,566,456,0,0.0641399416909621,0,0.5
3,1,44,dummy_prior,568,338,0,0.0641399416909621,0,0.5
3,1,44,dummy_prior,578,126,1,0.0641399416909621,0,0.5
3,1,44,dummy_prior,582,198,0,0.0641399416909621,0,0.5
3,1,44,dummy_prior,586,150,0,0.0641399416909621,0,0.5
3,1,44,dummy_prior,592,321,0,0.0641399416909621,0,0.5
3,1,44,dummy_prior,606,539,0,0.0641399416909621,0,0.5
3,1,44,dummy_prior,607,566,0,0.0641399416909621,0,0.5
3,1,44,dummy_prior,609,416,0,0.0641399416909621,0,0.5
3,1,44,dummy_prior,623,250,0,0.0641399416909621,0,0.5
3,1,44,dummy_prior,629,336,0,0.0641399416909621,0,0.5
3,1,44,dummy_prior,636,741,0,0.0641399416909621,0,0.5
3,1,44,dummy_prior,640,625,0,0.0641399416909621,0,0.5
3,1,44,dummy_prior,647,277,0,0.0641399416909621,0,0.5
3,1,44,dummy_prior,648,95,0,0.0641399416909621,0,0.5
3,1,44,dummy_prior,659,467,0,0.0641399416909621,0,0.5
3,1,44,dummy_prior,660,33,0,0.0641399416909621,0,0.5
3,1,44,dummy_prior,661,326,0,0.0641399416909621,0,0.5
3,1,44,dummy_prior,665,205,0,0.0641399416909621,0,0.5
3,1,44,dummy_prior,666,67,0,0.0641399416909621,0,0.5
3,1,44,dummy_prior,671,824,1,0.0641399416909621,0,0.5
3,1,44,dummy_prior,675,808,0,0.0641399416909621,0,0.5
3,1,44,dummy_prior,678,609,0,0.0641399416909621,0,0.5
3,1,44,dummy_prior,687,638,1,0.0641399416909621,0,0.5
3,1,44,dummy_prior,689,340,0,0.0641399416909621,0,0.5
3,1,44,dummy_prior,690,8,0,0.0641399416909621,0,0.5
3,1,44,dummy_prior,692,74,0,0.0641399416909621,0,0.5
3,1,44,dummy_prior,695,538,0,0.0641399416909621,0,0.5
3,1,44,dummy_prior,697,91,0,0.0641399416909621,0,0.5
3,1,44,dummy_prior,706,81,0,0.0641399416909621,0,0.5
3,1,44,dummy_prior,712,317,0,0.0641399416909621,0,0.5
3,1,44,dummy_prior,727,589,0,0.0641399416909621,0,0.5
3,1,44,dummy_prior,729,327,0,0.0641399416909621,0,0.5
3,1,44,dummy_prior,730,775,0,0.0641399416909621,0,0.5
3,1,44,dummy_prior,739,495,1,0.0641399416909621,0,0.5
3,1,44,dummy_prior,740,768,0,0.0641399416909621,0,0.5
3,1,44,dummy_prior,753,166,1,0.0641399416909621,0,0.5
3,1,44,dummy_prior,756,395,0,0.0641399416909621,0,0.5
3,1,44,dummy_prior,762,139,0,0.0641399416909621,0,0.5
3,1,44,dummy_prior,766,206,0,0.0641399416909621,0,0.5
3,1,44,dummy_prior,767,12,0,0.0641399416909621,0,0.5
3,1,44,dummy_prior,774,801,0,0.0641399416909621,0,0.5
3,1,44,dummy_prior,775,455,0,0.0641399416909621,0,0.5
3,1,44,dummy_prior,777,744,0,0.0641399416909621,0,0.5
3,1,44,dummy_prior,778,136,0,0.0641399416909621,0,0.5
3,1,44,dummy_prior,784,403,0,0.0641399416909621,0,0.5
3,1,44,dummy_prior,791,15,0,0.0641399416909621,0,0.5
3,1,44,dummy_prior,796,605,0,0.0641399416909621,0,0.5
3,1,44,dummy_prior,797,645,1,0.0641399416909621,0,0.5
3,1,44,dummy_prior,802,14,0,0.0641399416909621,0,0.5
3,1,44,dummy_prior,817,516,0,0.0641399416909621,0,0.5
3,1,44,dummy_prior,822,726,0,0.0641399416909621,0,0.5
3,1,44,dummy_prior,823,644,0,0.0641399416909621,0,0.5
3,1,44,dummy_prior,830,699,0,0.0641399416909621,0,0.5
3,1,44,dummy_prior,832,561,0,0.0641399416909621,0,0.5
3,1,44,dummy_prior,844,444,0,0.0641399416909621,0,0.5
3,1,44,dummy_prior,851,298,0,0.0641399416909621,0,0.5
3,1,44,dummy_prior,857,526,0,0.0641399416909621,0,0.5
3,1,44,logistic_regression,1,7,0,0.27273268222920133,0,0.5
3,1,44,logistic_regression,7,413,0,0.22782748589518545,0,0.5
3,1,44,logistic_regression,11,450,0,0.3049133006306991,0,0.5
3,1,44,logistic_regression,13,803,0,0.2336313806995503,0,0.5
3,1,44,logistic_regression,21,783,0,0.2185065969850442,0,0.5
3,1,44,logistic_regression,25,805,0,0.22258685024033426,0,0.5
3,1,44,logistic_regression,38,758,0,0.22942147254190953,0,0.5
3,1,44,logistic_regression,39,719,0,0.26853495937522864,0,0.5
3,1,44,logistic_regression,41,732,1,0.9772412939427244,1,0.5
3,1,44,logistic_regression,67,728,0,0.2605105303776541,0,0.5
3,1,44,logistic_regression,81,593,0,0.24370423266523245,0,0.5
3,1,44,logistic_regression,83,621,0,0.28806148263108583,0,0.5
3,1,44,logistic_regression,86,718,0,0.26491274120048636,0,0.5
3,1,44,logistic_regression,90,707,0,0.2751441387602833,0,0.5
3,1,44,logistic_regression,92,649,0,0.30001782617892536,0,0.5
3,1,44,logistic_regression,100,669,0,0.3369640561026504,0,0.5
3,1,44,logistic_regression,102,599,0,0.2250083263133719,0,0.5
3,1,44,logistic_regression,105,674,0,0.2808339310047414,0,0.5
3,1,44,logistic_regression,108,611,0,0.3049700290057599,0,0.5
3,1,44,logistic_regression,129,557,0,0.34552091338850377,0,0.5
3,1,44,logistic_regression,136,586,0,0.158574991640911,0,0.5
3,1,44,logistic_regression,138,517,0,0.1980051076755859,0,0.5
3,1,44,logistic_regression,147,533,0,0.2326584065148467,0,0.5
3,1,44,logistic_regression,151,551,0,0.24680581676922417,0,0.5
3,1,44,logistic_regression,154,457,0,0.3130569529619504,0,0.5
3,1,44,logistic_regression,156,448,0,0.29701687884391464,0,0.5
3,1,44,logistic_regression,164,546,0,0.19939604855075774,0,0.5
3,1,44,logistic_regression,171,418,0,0.3006657647557364,0,0.5
3,1,44,logistic_regression,174,499,0,0.3300150554081912,0,0.5
3,1,44,logistic_regression,175,412,0,0.2807620563397758,0,0.5
3,1,44,logistic_regression,189,380,0,0.37522174436170125,0,0.5
3,1,44,logistic_regression,190,513,0,0.3003402456106476,0,0.5
3,1,44,logistic_regression,191,527,0,0.9443806242991968,1,0.5
3,1,44,logistic_regression,193,445,0,0.2538411332044811,0,0.5
3,1,44,logistic_regression,195,429,0,0.2789380290315036,0,0.5
3,1,44,logistic_regression,196,505,0,0.2632274566140926,0,0.5
3,1,44,logistic_regression,204,222,0,0.24800440306141222,0,0.5
3,1,44,logistic_regression,212,431,0,0.22110670316646616,0,0.5
3,1,44,logistic_regression,216,531,1,0.9488693207979775,1,0.5
3,1,44,logistic_regression,217,408,0,0.2915901278509398,0,0.5
3,1,44,logistic_regression,231,432,0,0.2791192302300334,0,0.5
3,1,44,logistic_regression,232,316,0,0.2783793397454086,0,0.5
3,1,44,logistic_regression,233,345,0,0.2880434641604089,0,0.5
3,1,44,logistic_regression,236,343,0,0.35771946188451365,0,0.5
3,1,44,logistic_regression,247,292,0,0.2735186615162722,0,0.5
3,1,44,logistic_regression,249,270,0,0.2975145161958776,0,0.5
3,1,44,logistic_regression,254,390,0,0.24739631691841332,0,0.5
3,1,44,logistic_regression,283,389,0,0.30115888795075035,0,0.5
3,1,44,logistic_regression,288,300,0,0.3169799295191747,0,0.5
3,1,44,logistic_regression,290,204,0,0.32269471868474014,0,0.5
3,1,44,logistic_regression,294,288,0,0.254714489965835,0,0.5
3,1,44,logistic_regression,303,386,0,0.27084260800028187,0,0.5
3,1,44,logistic_regression,307,287,0,0.22045159032614692,0,0.5
3,1,44,logistic_regression,312,313,0,0.21420959921548066,0,0.5
3,1,44,logistic_regression,315,189,0,0.304105845145259,0,0.5
3,1,44,logistic_regression,318,308,0,0.28197817713360834,0,0.5
3,1,44,logistic_regression,320,271,1,0.9780024161590952,1,0.5
3,1,44,logistic_regression,332,583,0,0.30539478056214353,0,0.5
3,1,44,logistic_regression,337,818,0,0.3477215605678043,0,0.5
3,1,44,logistic_regression,340,148,0,0.2784218662260397,0,0.5
3,1,44,logistic_regression,342,228,0,0.28213720369143075,0,0.5
3,1,44,logistic_regression,346,149,0,0.24825272689675332,0,0.5
3,1,44,logistic_regression,347,131,0,0.29998918333149216,0,0.5
3,1,44,logistic_regression,357,258,0,0.1688391180905837,0,0.5
3,1,44,logistic_regression,360,339,0,0.2725475162957733,0,0.5
3,1,44,logistic_regression,365,178,0,0.3781261972794986,0,0.5
3,1,44,logistic_regression,366,143,0,0.2913559361429849,0,0.5
3,1,44,logistic_regression,367,127,0,0.24525592207974367,0,0.5
3,1,44,logistic_regression,370,239,1,0.9135984524161118,1,0.5
3,1,44,logistic_regression,373,312,0,0.2755227688051347,0,0.5
3,1,44,logistic_regression,374,243,0,0.2105588782741514,0,0.5
3,1,44,logistic_regression,379,224,0,0.26330815220150616,0,0.5
3,1,44,logistic_regression,380,103,0,0.30385280167650874,0,0.5
3,1,44,logistic_regression,387,266,0,0.2485445282694078,0,0.5
3,1,44,logistic_regression,391,69,0,0.22749123052326253,0,0.5
3,1,44,logistic_regression,393,142,0,0.26797272682356654,0,0.5
3,1,44,logistic_regression,399,209,0,0.30563686043357124,0,0.5
3,1,44,logistic_regression,402,102,0,0.29333155634739877,0,0.5
3,1,44,logistic_regression,403,64,0,0.2703387036908959,0,0.5
3,1,44,logistic_regression,410,171,0,0.33000086533103845,0,0.5
3,1,44,logistic_regression,419,149,0,0.24825272689675332,0,0.5
3,1,44,logistic_regression,424,181,0,0.5051617486683289,1,0.5
3,1,44,logistic_regression,436,39,0,0.47442031172600335,0,0.5
3,1,44,logistic_regression,439,112,0,0.5436929019683617,1,0.5
3,1,44,logistic_regression,440,7,0,0.27273268222920133,0,0.5
3,1,44,logistic_regression,441,9,0,0.2680289862893853,0,0.5
3,1,44,logistic_regression,445,36,0,0.24277528417837357,0,0.5
3,1,44,logistic_regression,447,63,0,0.2750677011584953,0,0.5
3,1,44,logistic_regression,454,7,0,0.27273268222920133,0,0.5
3,1,44,logistic_regression,456,24,0,0.2715414650124731,0,0.5
3,1,44,logistic_regression,462,68,0,0.27505272735371866,0,0.5
3,1,44,logistic_regression,464,25,0,0.8237880300411904,1,0.5
3,1,44,logistic_regression,466,7,0,0.27273268222920133,0,0.5
3,1,44,logistic_regression,474,640,0,0.2924542384795348,0,0.5
3,1,44,logistic_regression,476,753,0,0.20003565321385353,0,0.5
3,1,44,logistic_regression,477,751,0,0.23580971453838948,0,0.5
3,1,44,logistic_regression,478,534,0,0.278323659798415,0,0.5
3,1,44,logistic_regression,482,757,0,0.8097060354947839,1,0.5
3,1,44,logistic_regression,483,190,0,0.3236149348766781,0,0.5
3,1,44,logistic_regression,484,371,0,0.24299740679056112,0,0.5
3,1,44,logistic_regression,490,375,0,0.1721017889382437,0,0.5
3,1,44,logistic_regression,507,71,0,0.2645042586251861,0,0.5
3,1,44,logistic_regression,508,590,0,0.3142635798974017,0,0.5
3,1,44,logistic_regression,517,514,0,0.2755722543349734,0,0.5
3,1,44,logistic_regression,521,791,0,0.25297239931153015,0,0.5
3,1,44,logistic_regression,530,239,1,0.9135984524161118,1,0.5
3,1,44,logistic_regression,532,364,0,0.26982673825583764,0,0.5
3,1,44,logistic_regression,536,24,0,0.2715414650124731,0,0.5
3,1,44,logistic_regression,538,361,0,0.2807572051239558,0,0.5
3,1,44,logistic_regression,540,188,0,0.2621564715911906,0,0.5
3,1,44,logistic_regression,541,474,0,0.2759409575351921,0,0.5
3,1,44,logistic_regression,548,58,0,0.3017529018130958,0,0.5
3,1,44,logistic_regression,555,435,0,0.294123025266628,0,0.5
3,1,44,logistic_regression,558,255,0,0.22905595139860246,0,0.5
3,1,44,logistic_regression,566,456,0,0.27615803732782107,0,0.5
3,1,44,logistic_regression,568,338,0,0.2397326439056967,0,0.5
3,1,44,logistic_regression,578,126,1,0.990162662855298,1,0.5
3,1,44,logistic_regression,582,198,0,0.3140227455423341,0,0.5
3,1,44,logistic_regression,586,150,0,0.2577180857604957,0,0.5
3,1,44,logistic_regression,592,321,0,0.30622194917007367,0,0.5
3,1,44,logistic_regression,606,539,0,0.31719917640121686,0,0.5
3,1,44,logistic_regression,607,566,0,0.17428882145680408,0,0.5
3,1,44,logistic_regression,609,416,0,0.31321561696431915,0,0.5
3,1,44,logistic_regression,623,250,0,0.27384059537165056,0,0.5
3,1,44,logistic_regression,629,336,0,0.3041958273181098,0,0.5
3,1,44,logistic_regression,636,741,0,0.2631335344130281,0,0.5
3,1,44,logistic_regression,640,625,0,0.3010570777524462,0,0.5
3,1,44,logistic_regression,647,277,0,0.2920486565863613,0,0.5
3,1,44,logistic_regression,648,95,0,0.2601457797289721,0,0.5
3,1,44,logistic_regression,659,467,0,0.2978159128952287,0,0.5
3,1,44,logistic_regression,660,33,0,0.27389864203501046,0,0.5
3,1,44,logistic_regression,661,326,0,0.2863989490240599,0,0.5
3,1,44,logistic_regression,665,205,0,0.5373108264493407,1,0.5
3,1,44,logistic_regression,666,67,0,0.2963175285219399,0,0.5
3,1,44,logistic_regression,671,824,1,0.7417746410845207,1,0.5
3,1,44,logistic_regression,675,808,0,0.25883364030838163,0,0.5
3,1,44,logistic_regression,678,609,0,0.25234735541091985,0,0.5
3,1,44,logistic_regression,687,638,1,0.9416979298450302,1,0.5
3,1,44,logistic_regression,689,340,0,0.34299192597048184,0,0.5
3,1,44,logistic_regression,690,8,0,0.3920232891012319,0,0.5
3,1,44,logistic_regression,692,74,0,0.3829471236735238,0,0.5
3,1,44,logistic_regression,695,538,0,0.35995650481694946,0,0.5
3,1,44,logistic_regression,697,91,0,0.3872328061413502,0,0.5
3,1,44,logistic_regression,706,81,0,0.37131796521607024,0,0.5
3,1,44,logistic_regression,712,317,0,0.26479915898125445,0,0.5
3,1,44,logistic_regression,727,589,0,0.7251062012831672,1,0.5
3,1,44,logistic_regression,729,327,0,0.2688868490579884,0,0.5
3,1,44,logistic_regression,730,775,0,0.2960020794773518,0,0.5
3,1,44,logistic_regression,739,495,1,0.8052674106295631,1,0.5
3,1,44,logistic_regression,740,768,0,0.27483520547131035,0,0.5
3,1,44,logistic_regression,753,166,1,0.9453811355590133,1,0.5
3,1,44,logistic_regression,756,395,0,0.8160737938911673,1,0.5
3,1,44,logistic_regression,762,139,0,0.2308970278322933,0,0.5
3,1,44,logistic_regression,766,206,0,0.3079082395432144,0,0.5
3,1,44,logistic_regression,767,12,0,0.25278335881252806,0,0.5
3,1,44,logistic_regression,774,801,0,0.26916672986247814,0,0.5
3,1,44,logistic_regression,775,455,0,0.519681810307929,1,0.5
3,1,44,logistic_regression,777,744,0,0.20365911941739584,0,0.5
3,1,44,logistic_regression,778,136,0,0.23515843691895416,0,0.5
3,1,44,logistic_regression,784,403,0,0.32444223789860344,0,0.5
3,1,44,logistic_regression,791,15,0,0.28531387463008173,0,0.5
3,1,44,logistic_regression,796,605,0,0.3259438197964139,0,0.5
3,1,44,logistic_regression,797,645,1,0.9727145685859999,1,0.5
3,1,44,logistic_regression,802,14,0,0.298645318460568,0,0.5
3,1,44,logistic_regression,817,516,0,0.3040547242845864,0,0.5
3,1,44,logistic_regression,822,726,0,0.36154883897784024,0,0.5
3,1,44,logistic_regression,823,644,0,0.22527852861479705,0,0.5
3,1,44,logistic_regression,830,699,0,0.2766536480920878,0,0.5
3,1,44,logistic_regression,832,561,0,0.2533160284284819,0,0.5
3,1,44,logistic_regression,844,444,0,0.3193106368059005,0,0.5
3,1,44,logistic_regression,851,298,0,0.27087092657521816,0,0.5
3,1,44,logistic_regression,857,526,0,0.2540038240607829,0,0.5
3,1,44,xgboost,1,7,0,0.25504276156425476,0,0.5
3,1,44,xgboost,7,413,0,0.0947171300649643,0,0.5
3,1,44,xgboost,11,450,0,0.0947171300649643,0,0.5
3,1,44,xgboost,13,803,0,0.0947171300649643,0,0.5
3,1,44,xgboost,21,783,0,0.10876680165529251,0,0.5
3,1,44,xgboost,25,805,0,0.0866929292678833,0,0.5
3,1,44,xgboost,38,758,0,0.1014774739742279,0,0.5
3,1,44,xgboost,39,719,0,0.0947171300649643,0,0.5
3,1,44,xgboost,41,732,1,0.908575713634491,1,0.5
3,1,44,xgboost,67,728,0,0.09062308073043823,0,0.5
3,1,44,xgboost,81,593,0,0.09062308073043823,0,0.5
3,1,44,xgboost,83,621,0,0.0947171300649643,0,0.5
3,1,44,xgboost,86,718,0,0.0947171300649643,0,0.5
3,1,44,xgboost,90,707,0,0.1752382069826126,0,0.5
3,1,44,xgboost,92,649,0,0.0947171300649643,0,0.5
3,1,44,xgboost,100,669,0,0.1014774739742279,0,0.5
3,1,44,xgboost,102,599,0,0.08094096928834915,0,0.5
3,1,44,xgboost,105,674,0,0.1014774739742279,0,0.5
3,1,44,xgboost,108,611,0,0.09721706807613373,0,0.5
3,1,44,xgboost,129,557,0,0.20622405409812927,0,0.5
3,1,44,xgboost,136,586,0,0.08094096928834915,0,0.5
3,1,44,xgboost,138,517,0,0.0866929292678833,0,0.5
3,1,44,xgboost,147,533,0,0.22254307568073273,0,0.5
3,1,44,xgboost,151,551,0,0.09062308073043823,0,0.5
3,1,44,xgboost,154,457,0,0.0947171300649643,0,0.5
3,1,44,xgboost,156,448,0,0.0947171300649643,0,0.5
3,1,44,xgboost,164,546,0,0.08094096928834915,0,0.5
3,1,44,xgboost,171,418,0,0.0947171300649643,0,0.5
3,1,44,xgboost,174,499,0,0.1014774739742279,0,0.5
3,1,44,xgboost,175,412,0,0.0947171300649643,0,0.5
3,1,44,xgboost,189,380,0,0.0985526368021965,0,0.5
3,1,44,xgboost,190,513,0,0.0947171300649643,0,0.5
3,1,44,xgboost,191,527,0,0.9253830909729004,1,0.5
3,1,44,xgboost,193,445,0,0.08079452067613602,0,0.5
3,1,44,xgboost,195,429,0,0.0947171300649643,0,0.5
3,1,44,xgboost,196,505,0,0.09062308073043823,0,0.5
3,1,44,xgboost,204,222,0,0.1746976226568222,0,0.5
3,1,44,xgboost,212,431,0,0.08094096928834915,0,0.5
3,1,44,xgboost,216,531,1,0.9371967315673828,1,0.5
3,1,44,xgboost,217,408,0,0.0947171300649643,0,0.5
3,1,44,xgboost,231,432,0,0.1014774739742279,0,0.5
3,1,44,xgboost,232,316,0,0.09062711894512177,0,0.5
3,1,44,xgboost,233,345,0,0.09062308073043823,0,0.5
3,1,44,xgboost,236,343,0,0.0947171300649643,0,0.5
3,1,44,xgboost,247,292,0,0.0947171300649643,0,0.5
3,1,44,xgboost,249,270,0,0.17922258377075195,0,0.5
3,1,44,xgboost,254,390,0,0.0866929292678833,0,0.5
3,1,44,xgboost,283,389,0,0.0947171300649643,0,0.5
3,1,44,xgboost,288,300,0,0.0947171300649643,0,0.5
3,1,44,xgboost,290,204,0,0.32747748494148254,0,0.5
3,1,44,xgboost,294,288,0,0.09062308073043823,0,0.5
3,1,44,xgboost,303,386,0,0.09062308073043823,0,0.5
3,1,44,xgboost,307,287,0,0.08079452067613602,0,0.5
3,1,44,xgboost,312,313,0,0.09062308073043823,0,0.5
3,1,44,xgboost,315,189,0,0.18183045089244843,0,0.5
3,1,44,xgboost,318,308,0,0.09062711894512177,0,0.5
3,1,44,xgboost,320,271,1,0.9359662532806396,1,0.5
3,1,44,xgboost,332,583,0,0.1060047373175621,0,0.5
3,1,44,xgboost,337,818,0,0.1060047373175621,0,0.5
3,1,44,xgboost,340,148,0,0.14617455005645752,0,0.5
3,1,44,xgboost,342,228,0,0.17470471560955048,0,0.5
3,1,44,xgboost,346,149,0,0.23547881841659546,0,0.5
3,1,44,xgboost,347,131,0,0.15235143899917603,0,0.5
3,1,44,xgboost,357,258,0,0.08094096928834915,0,0.5
3,1,44,xgboost,360,339,0,0.0947171300649643,0,0.5
3,1,44,xgboost,365,178,0,0.1823190599679947,0,0.5
3,1,44,xgboost,366,143,0,0.14617455005645752,0,0.5
3,1,44,xgboost,367,127,0,0.14020074903964996,0,0.5
3,1,44,xgboost,370,239,1,0.9230863451957703,1,0.5
3,1,44,xgboost,373,312,0,0.0947171300649643,0,0.5
3,1,44,xgboost,374,243,0,0.31684380769729614,0,0.5
3,1,44,xgboost,379,224,0,0.16779407858848572,0,0.5
3,1,44,xgboost,380,103,0,0.14617455005645752,0,0.5
3,1,44,xgboost,387,266,0,0.0866929292678833,0,0.5
3,1,44,xgboost,391,69,0,0.1314094215631485,0,0.5
3,1,44,xgboost,393,142,0,0.14020074903964996,0,0.5
3,1,44,xgboost,399,209,0,0.18183045089244843,0,0.5
3,1,44,xgboost,402,102,0,0.14617455005645752,0,0.5
3,1,44,xgboost,403,64,0,0.14020074903964996,0,0.5
3,1,44,xgboost,410,171,0,0.36031726002693176,0,0.5
3,1,44,xgboost,419,149,0,0.23547881841659546,0,0.5
3,1,44,xgboost,424,181,0,0.27529335021972656,0,0.5
3,1,44,xgboost,436,39,0,0.3419596254825592,0,0.5
3,1,44,xgboost,439,112,0,0.23268333077430725,0,0.5
3,1,44,xgboost,440,7,0,0.25504276156425476,0,0.5
3,1,44,xgboost,441,9,0,0.14020074903964996,0,0.5
3,1,44,xgboost,445,36,0,0.13118469715118408,0,0.5
3,1,44,xgboost,447,63,0,0.25504276156425476,0,0.5
3,1,44,xgboost,454,7,0,0.25504276156425476,0,0.5
3,1,44,xgboost,456,24,0,0.25504276156425476,0,0.5
3,1,44,xgboost,462,68,0,0.14020074903964996,0,0.5
3,1,44,xgboost,464,25,0,0.7283177375793457,1,0.5
3,1,44,xgboost,466,7,0,0.25504276156425476,0,0.5
3,1,44,xgboost,474,640,0,0.1014774739742279,0,0.5
3,1,44,xgboost,476,753,0,0.08094096928834915,0,0.5
3,1,44,xgboost,477,751,0,0.09062308073043823,0,0.5
3,1,44,xgboost,478,534,0,0.0866929292678833,0,0.5
3,1,44,xgboost,482,757,0,0.8954130411148071,1,0.5
3,1,44,xgboost,483,190,0,0.20119233429431915,0,0.5
3,1,44,xgboost,484,371,0,0.0866929292678833,0,0.5
3,1,44,xgboost,490,375,0,0.08662010729312897,0,0.5
3,1,44,xgboost,507,71,0,0.14020074903964996,0,0.5
3,1,44,xgboost,508,590,0,0.0947171300649643,0,0.5
3,1,44,xgboost,517,514,0,0.0947171300649643,0,0.5
3,1,44,xgboost,521,791,0,0.0947171300649643,0,0.5
3,1,44,xgboost,530,239,1,0.9230863451957703,1,0.5
3,1,44,xgboost,532,364,0,0.09062711894512177,0,0.5
3,1,44,xgboost,536,24,0,0.25504276156425476,0,0.5
3,1,44,xgboost,538,361,0,0.09062308073043823,0,0.5
3,1,44,xgboost,540,188,0,0.16779407858848572,0,0.5
3,1,44,xgboost,541,474,0,0.09062711894512177,0,0.5
3,1,44,xgboost,548,58,0,0.14616842567920685,0,0.5
3,1,44,xgboost,555,435,0,0.0947171300649643,0,0.5
3,1,44,xgboost,558,255,0,0.0866929292678833,0,0.5
3,1,44,xgboost,566,456,0,0.09062308073043823,0,0.5
3,1,44,xgboost,568,338,0,0.0866929292678833,0,0.5
3,1,44,xgboost,578,126,1,0.922065794467926,1,0.5
3,1,44,xgboost,582,198,0,0.18183045089244843,0,0.5
3,1,44,xgboost,586,150,0,0.23547881841659546,0,0.5
3,1,44,xgboost,592,321,0,0.09062308073043823,0,0.5
3,1,44,xgboost,606,539,0,0.1060047373175621,0,0.5
3,1,44,xgboost,607,566,0,0.08079452067613602,0,0.5
3,1,44,xgboost,609,416,0,0.0947171300649643,0,0.5
3,1,44,xgboost,623,250,0,0.09062308073043823,0,0.5
3,1,44,xgboost,629,336,0,0.0947171300649643,0,0.5
3,1,44,xgboost,636,741,0,0.1014774739742279,0,0.5
3,1,44,xgboost,640,625,0,0.0947171300649643,0,0.5
3,1,44,xgboost,647,277,0,0.0947171300649643,0,0.5
3,1,44,xgboost,648,95,0,0.14961257576942444,0,0.5
3,1,44,xgboost,659,467,0,0.0947171300649643,0,0.5
3,1,44,xgboost,660,33,0,0.25504276156425476,0,0.5
3,1,44,xgboost,661,326,0,0.09062711894512177,0,0.5
3,1,44,xgboost,665,205,0,0.43900278210639954,0,0.5
3,1,44,xgboost,666,67,0,0.14617455005645752,0,0.5
3,1,44,xgboost,671,824,1,0.804154098033905,1,0.5
3,1,44,xgboost,675,808,0,0.0947171300649643,0,0.5
3,1,44,xgboost,678,609,0,0.09062711894512177,0,0.5
3,1,44,xgboost,687,638,1,0.9312652349472046,1,0.5
3,1,44,xgboost,689,340,0,0.10078582167625427,0,0.5
3,1,44,xgboost,690,8,0,0.2957458198070526,0,0.5
3,1,44,xgboost,692,74,0,0.17355073988437653,0,0.5
3,1,44,xgboost,695,538,0,0.09499882161617279,0,0.5
3,1,44,xgboost,697,91,0,0.1643492877483368,0,0.5
3,1,44,xgboost,706,81,0,0.17355073988437653,0,0.5
3,1,44,xgboost,712,317,0,0.0866929292678833,0,0.5
3,1,44,xgboost,727,589,0,0.2116401493549347,0,0.5
3,1,44,xgboost,729,327,0,0.09062711894512177,0,0.5
3,1,44,xgboost,730,775,0,0.09721706807613373,0,0.5
3,1,44,xgboost,739,495,1,0.8867509365081787,1,0.5
3,1,44,xgboost,740,768,0,0.1014774739742279,0,0.5
3,1,44,xgboost,753,166,1,0.9294405579566956,1,0.5
3,1,44,xgboost,756,395,0,0.8915500640869141,1,0.5
3,1,44,xgboost,762,139,0,0.13118469715118408,0,0.5
3,1,44,xgboost,766,206,0,0.32747748494148254,0,0.5
3,1,44,xgboost,767,12,0,0.23547881841659546,0,0.5
3,1,44,xgboost,774,801,0,0.09062308073043823,0,0.5
3,1,44,xgboost,775,455,0,0.25597840547561646,0,0.5
3,1,44,xgboost,777,744,0,0.0866929292678833,0,0.5
3,1,44,xgboost,778,136,0,0.13118469715118408,0,0.5
3,1,44,xgboost,784,403,0,0.1864909678697586,0,0.5
3,1,44,xgboost,791,15,0,0.26439550518989563,0,0.5
3,1,44,xgboost,796,605,0,0.1060047373175621,0,0.5
3,1,44,xgboost,797,645,1,0.9391152858734131,1,0.5
3,1,44,xgboost,802,14,0,0.25504276156425476,0,0.5
3,1,44,xgboost,817,516,0,0.09645740687847137,0,0.5
3,1,44,xgboost,822,726,0,0.13571377098560333,0,0.5
3,1,44,xgboost,823,644,0,0.0866929292678833,0,0.5
3,1,44,xgboost,830,699,0,0.1014774739742279,0,0.5
3,1,44,xgboost,832,561,0,0.09062711894512177,0,0.5
3,1,44,xgboost,844,444,0,0.09062711894512177,0,0.5
3,1,44,xgboost,851,298,0,0.09062308073043823,0,0.5
3,1,44,xgboost,857,526,0,0.09062711894512177,0,0.5
3,2,44,dummy_prior,0,109,0,0.0641399416909621,0,0.5
3,2,44,dummy_prior,5,796,0,0.0641399416909621,0,0.5
3,2,44,dummy_prior,15,776,0,0.0641399416909621,0,0.5
3,2,44,dummy_prior,18,792,0,0.0641399416909621,0,0.5
3,2,44,dummy_prior,22,766,1,0.0641399416909621,0,0.5
3,2,44,dummy_prior,23,767,1,0.0641399416909621,0,0.5
3,2,44,dummy_prior,24,774,0,0.0641399416909621,0,0.5
3,2,44,dummy_prior,48,780,0,0.0641399416909621,0,0.5
3,2,44,dummy_prior,59,692,0,0.0641399416909621,0,0.5
3,2,44,dummy_prior,61,697,0,0.0641399416909621,0,0.5
3,2,44,dummy_prior,64,750,1,0.0641399416909621,0,0.5
3,2,44,dummy_prior,70,727,0,0.0641399416909621,0,0.5
3,2,44,dummy_prior,77,646,0,0.0641399416909621,0,0.5
3,2,44,dummy_prior,80,630,0,0.0641399416909621,0,0.5
3,2,44,dummy_prior,85,657,0,0.0641399416909621,0,0.5
3,2,44,dummy_prior,87,703,0,0.0641399416909621,0,0.5
3,2,44,dummy_prior,93,631,1,0.0641399416909621,0,0.5
3,2,44,dummy_prior,98,584,0,0.0641399416909621,0,0.5
3,2,44,dummy_prior,104,633,0,0.0641399416909621,0,0.5
3,2,44,dummy_prior,106,577,0,0.0641399416909621,0,0.5
3,2,44,dummy_prior,107,653,0,0.0641399416909621,0,0.5
3,2,44,dummy_prior,111,626,0,0.0641399416909621,0,0.5
3,2,44,dummy_prior,113,328,0,0.0641399416909621,0,0.5
3,2,44,dummy_prior,114,667,0,0.0641399416909621,0,0.5
3,2,44,dummy_prior,115,665,0,0.0641399416909621,0,0.5
3,2,44,dummy_prior,125,596,0,0.0641399416909621,0,0.5
3,2,44,dummy_prior,126,588,0,0.0641399416909621,0,0.5
3,2,44,dummy_prior,128,518,0,0.0641399416909621,0,0.5
3,2,44,dummy_prior,130,492,0,0.0641399416909621,0,0.5
3,2,44,dummy_prior,140,553,0,0.0641399416909621,0,0.5
3,2,44,dummy_prior,144,558,0,0.0641399416909621,0,0.5
3,2,44,dummy_prior,150,489,0,0.0641399416909621,0,0.5
3,2,44,dummy_prior,157,545,0,0.0641399416909621,0,0.5
3,2,44,dummy_prior,158,617,0,0.0641399416909621,0,0.5
3,2,44,dummy_prior,160,484,0,0.0641399416909621,0,0.5
3,2,44,dummy_prior,162,481,0,0.0641399416909621,0,0.5
3,2,44,dummy_prior,166,515,0,0.0641399416909621,0,0.5
3,2,44,dummy_prior,169,108,0,0.0641399416909621,0,0.5
3,2,44,dummy_prior,173,529,0,0.0641399416909621,0,0.5
3,2,44,dummy_prior,178,472,0,0.0641399416909621,0,0.5
3,2,44,dummy_prior,179,548,0,0.0641399416909621,0,0.5
3,2,44,dummy_prior,186,404,0,0.0641399416909621,0,0.5
3,2,44,dummy_prior,188,475,0,0.0641399416909621,0,0.5
3,2,44,dummy_prior,205,388,1,0.0641399416909621,0,0.5
3,2,44,dummy_prior,208,470,0,0.0641399416909621,0,0.5
3,2,44,dummy_prior,209,387,0,0.0641399416909621,0,0.5
3,2,44,dummy_prior,210,399,0,0.0641399416909621,0,0.5
3,2,44,dummy_prior,222,552,0,0.0641399416909621,0,0.5
3,2,44,dummy_prior,223,278,0,0.0641399416909621,0,0.5
3,2,44,dummy_prior,224,351,1,0.0641399416909621,0,0.5
3,2,44,dummy_prior,227,394,0,0.0641399416909621,0,0.5
3,2,44,dummy_prior,242,555,0,0.0641399416909621,0,0.5
3,2,44,dummy_prior,251,284,0,0.0641399416909621,0,0.5
3,2,44,dummy_prior,253,279,0,0.0641399416909621,0,0.5
3,2,44,dummy_prior,258,245,0,0.0641399416909621,0,0.5
3,2,44,dummy_prior,262,295,0,0.0641399416909621,0,0.5
3,2,44,dummy_prior,270,211,0,0.0641399416909621,0,0.5
3,2,44,dummy_prior,278,267,0,0.0641399416909621,0,0.5
3,2,44,dummy_prior,279,263,0,0.0641399416909621,0,0.5
3,2,44,dummy_prior,281,238,0,0.0641399416909621,0,0.5
3,2,44,dummy_prior,282,219,0,0.0641399416909621,0,0.5
3,2,44,dummy_prior,289,419,0,0.0641399416909621,0,0.5
3,2,44,dummy_prior,292,264,0,0.0641399416909621,0,0.5
3,2,44,dummy_prior,298,333,0,0.0641399416909621,0,0.5
3,2,44,dummy_prior,300,301,0,0.0641399416909621,0,0.5
3,2,44,dummy_prior,306,436,0,0.0641399416909621,0,0.5
3,2,44,dummy_prior,311,368,0,0.0641399416909621,0,0.5
3,2,44,dummy_prior,316,348,0,0.0641399416909621,0,0.5
3,2,44,dummy_prior,329,290,0,0.0641399416909621,0,0.5
3,2,44,dummy_prior,330,207,0,0.0641399416909621,0,0.5
3,2,44,dummy_prior,338,200,0,0.0641399416909621,0,0.5
3,2,44,dummy_prior,339,182,0,0.0641399416909621,0,0.5
3,2,44,dummy_prior,343,159,0,0.0641399416909621,0,0.5
3,2,44,dummy_prior,348,125,0,0.0641399416909621,0,0.5
3,2,44,dummy_prior,350,167,0,0.0641399416909621,0,0.5
3,2,44,dummy_prior,359,733,0,0.0641399416909621,0,0.5
3,2,44,dummy_prior,362,160,0,0.0641399416909621,0,0.5
3,2,44,dummy_prior,368,203,0,0.0641399416909621,0,0.5
3,2,44,dummy_prior,371,367,0,0.0641399416909621,0,0.5
3,2,44,dummy_prior,376,786,0,0.0641399416909621,0,0.5
3,2,44,dummy_prior,389,49,0,0.0641399416909621,0,0.5
3,2,44,dummy_prior,396,100,0,0.0641399416909621,0,0.5
3,2,44,dummy_prior,397,137,0,0.0641399416909621,0,0.5
3,2,44,dummy_prior,398,115,0,0.0641399416909621,0,0.5
3,2,44,dummy_prior,406,49,0,0.0641399416909621,0,0.5
3,2,44,dummy_prior,409,54,0,0.0641399416909621,0,0.5
3,2,44,dummy_prior,411,49,0,0.0641399416909621,0,0.5
3,2,44,dummy_prior,414,186,0,0.0641399416909621,0,0.5
3,2,44,dummy_prior,435,54,0,0.0641399416909621,0,0.5
3,2,44,dummy_prior,448,65,0,0.0641399416909621,0,0.5
3,2,44,dummy_prior,465,43,0,0.0641399416909621,0,0.5
3,2,44,dummy_prior,475,154,0,0.0641399416909621,0,0.5
3,2,44,dummy_prior,479,482,0,0.0641399416909621,0,0.5
3,2,44,dummy_prior,492,658,0,0.0641399416909621,0,0.5
3,2,44,dummy_prior,495,405,0,0.0641399416909621,0,0.5
3,2,44,dummy_prior,496,451,1,0.0641399416909621,0,0.5
3,2,44,dummy_prior,502,369,0,0.0641399416909621,0,0.5
3,2,44,dummy_prior,503,735,0,0.0641399416909621,0,0.5
3,2,44,dummy_prior,505,306,0,0.0641399416909621,0,0.5
3,2,44,dummy_prior,518,362,0,0.0641399416909621,0,0.5
3,2,44,dummy_prior,520,53,0,0.0641399416909621,0,0.5
3,2,44,dummy_prior,522,37,0,0.0641399416909621,0,0.5
3,2,44,dummy_prior,531,119,0,0.0641399416909621,0,0.5
3,2,44,dummy_prior,534,93,0,0.0641399416909621,0,0.5
3,2,44,dummy_prior,535,275,0,0.0641399416909621,0,0.5
3,2,44,dummy_prior,547,385,0,0.0641399416909621,0,0.5
3,2,44,dummy_prior,550,191,0,0.0641399416909621,0,0.5
3,2,44,dummy_prior,551,639,0,0.0641399416909621,0,0.5
3,2,44,dummy_prior,553,636,0,0.0641399416909621,0,0.5
3,2,44,dummy_prior,564,426,0,0.0641399416909621,0,0.5
3,2,44,dummy_prior,571,257,0,0.0641399416909621,0,0.5
3,2,44,dummy_prior,575,54,0,0.0641399416909621,0,0.5
3,2,44,dummy_prior,576,464,0,0.0641399416909621,0,0.5
3,2,44,dummy_prior,577,196,0,0.0641399416909621,0,0.5
3,2,44,dummy_prior,583,315,0,0.0641399416909621,0,0.5
3,2,44,dummy_prior,589,784,0,0.0641399416909621,0,0.5
3,2,44,dummy_prior,591,244,0,0.0641399416909621,0,0.5
3,2,44,dummy_prior,593,13,0,0.0641399416909621,0,0.5
3,2,44,dummy_prior,597,133,0,0.0641399416909621,0,0.5
3,2,44,dummy_prior,598,54,1,0.0641399416909621,0,0.5
3,2,44,dummy_prior,601,504,0,0.0641399416909621,0,0.5
3,2,44,dummy_prior,602,670,0,0.0641399416909621,0,0.5
3,2,44,dummy_prior,611,311,0,0.0641399416909621,0,0.5
3,2,44,dummy_prior,614,341,1,0.0641399416909621,0,0.5
3,2,44,dummy_prior,615,706,0,0.0641399416909621,0,0.5
3,2,44,dummy_prior,621,582,0,0.0641399416909621,0,0.5
3,2,44,dummy_prior,624,118,0,0.0641399416909621,0,0.5
3,2,44,dummy_prior,626,622,0,0.0641399416909621,0,0.5
3,2,44,dummy_prior,628,779,0,0.0641399416909621,0,0.5
3,2,44,dummy_prior,633,261,0,0.0641399416909621,0,0.5
3,2,44,dummy_prior,634,478,0,0.0641399416909621,0,0.5
3,2,44,dummy_prior,635,714,0,0.0641399416909621,0,0.5
3,2,44,dummy_prior,644,285,0,0.0641399416909621,0,0.5
3,2,44,dummy_prior,650,421,0,0.0641399416909621,0,0.5
3,2,44,dummy_prior,657,260,0,0.0641399416909621,0,0.5
3,2,44,dummy_prior,680,821,0,0.0641399416909621,0,0.5
3,2,44,dummy_prior,688,510,1,0.0641399416909621,0,0.5
3,2,44,dummy_prior,696,138,0,0.0641399416909621,0,0.5
3,2,44,dummy_prior,699,111,0,0.0641399416909621,0,0.5
3,2,44,dummy_prior,707,231,0,0.0641399416909621,0,0.5
3,2,44,dummy_prior,709,374,0,0.0641399416909621,0,0.5
3,2,44,dummy_prior,714,521,0,0.0641399416909621,0,0.5
3,2,44,dummy_prior,715,13,0,0.0641399416909621,0,0.5
3,2,44,dummy_prior,718,246,0,0.0641399416909621,0,0.5
3,2,44,dummy_prior,719,769,0,0.0641399416909621,0,0.5
3,2,44,dummy_prior,736,725,0,0.0641399416909621,0,0.5
3,2,44,dummy_prior,743,540,0,0.0641399416909621,0,0.5
3,2,44,dummy_prior,745,30,0,0.0641399416909621,0,0.5
3,2,44,dummy_prior,747,218,0,0.0641399416909621,0,0.5
3,2,44,dummy_prior,752,676,0,0.0641399416909621,0,0.5
3,2,44,dummy_prior,758,578,0,0.0641399416909621,0,0.5
3,2,44,dummy_prior,759,101,0,0.0641399416909621,0,0.5
3,2,44,dummy_prior,764,281,0,0.0641399416909621,0,0.5
3,2,44,dummy_prior,768,422,0,0.0641399416909621,0,0.5
3,2,44,dummy_prior,770,357,0,0.0641399416909621,0,0.5
3,2,44,dummy_prior,771,661,0,0.0641399416909621,0,0.5
3,2,44,dummy_prior,779,656,0,0.0641399416909621,0,0.5
3,2,44,dummy_prior,781,642,1,0.0641399416909621,0,0.5
3,2,44,dummy_prior,782,528,0,0.0641399416909621,0,0.5
3,2,44,dummy_prior,783,84,0,0.0641399416909621,0,0.5
3,2,44,dummy_prior,790,350,0,0.0641399416909621,0,0.5
3,2,44,dummy_prior,794,175,0,0.0641399416909621,0,0.5
3,2,44,dummy_prior,799,141,0,0.0641399416909621,0,0.5
3,2,44,dummy_prior,805,668,0,0.0641399416909621,0,0.5
3,2,44,dummy_prior,808,544,0,0.0641399416909621,0,0.5
3,2,44,dummy_prior,811,48,0,0.0641399416909621,0,0.5
3,2,44,dummy_prior,815,549,0,0.0641399416909621,0,0.5
3,2,44,dummy_prior,829,666,0,0.0641399416909621,0,0.5
3,2,44,dummy_prior,833,659,0,0.0641399416909621,0,0.5
3,2,44,dummy_prior,843,567,0,0.0641399416909621,0,0.5
3,2,44,dummy_prior,845,132,0,0.0641399416909621,0,0.5
3,2,44,dummy_prior,852,800,0,0.0641399416909621,0,0.5
3,2,44,logistic_regression,0,109,0,0.2812310456782891,0,0.5
3,2,44,logistic_regression,5,796,0,0.22021441006001655,0,0.5
3,2,44,logistic_regression,15,776,0,0.28816452489067806,0,0.5
3,2,44,logistic_regression,18,792,0,0.39832811299015736,0,0.5
3,2,44,logistic_regression,22,766,1,0.9110048263051672,1,0.5
3,2,44,logistic_regression,23,767,1,0.9381480303369198,1,0.5
3,2,44,logistic_regression,24,774,0,0.28885756269206253,0,0.5
3,2,44,logistic_regression,48,780,0,0.30375103501583023,0,0.5
3,2,44,logistic_regression,59,692,0,0.33752995688845383,0,0.5
3,2,44,logistic_regression,61,697,0,0.3323445123995857,0,0.5
3,2,44,logistic_regression,64,750,1,0.8409369758150138,1,0.5
3,2,44,logistic_regression,70,727,0,0.31352908613000574,0,0.5
3,2,44,logistic_regression,77,646,0,0.2388657160635288,0,0.5
3,2,44,logistic_regression,80,630,0,0.21467709918470562,0,0.5
3,2,44,logistic_regression,85,657,0,0.2402625317737235,0,0.5
3,2,44,logistic_regression,87,703,0,0.28972720444560085,0,0.5
3,2,44,logistic_regression,93,631,1,0.8726224216624283,1,0.5
3,2,44,logistic_regression,98,584,0,0.2343740589303916,0,0.5
3,2,44,logistic_regression,104,633,0,0.29606320167488004,0,0.5
3,2,44,logistic_regression,106,577,0,0.31042392777944144,0,0.5
3,2,44,logistic_regression,107,653,0,0.28818559059767207,0,0.5
3,2,44,logistic_regression,111,626,0,0.3010402803519319,0,0.5
3,2,44,logistic_regression,113,328,0,0.2538614642716704,0,0.5
3,2,44,logistic_regression,114,667,0,0.3000509143869293,0,0.5
3,2,44,logistic_regression,115,665,0,0.32601884477851917,0,0.5
3,2,44,logistic_regression,125,596,0,0.31846421516270856,0,0.5
3,2,44,logistic_regression,126,588,0,0.2477078171880223,0,0.5
3,2,44,logistic_regression,128,518,0,0.1868787845461209,0,0.5
3,2,44,logistic_regression,130,492,0,0.3153269339997311,0,0.5
3,2,44,logistic_regression,140,553,0,0.45132618879713227,0,0.5
3,2,44,logistic_regression,144,558,0,0.2580257406791032,0,0.5
3,2,44,logistic_regression,150,489,0,0.26848372796906067,0,0.5
3,2,44,logistic_regression,157,545,0,0.2557821490027899,0,0.5
3,2,44,logistic_regression,158,617,0,0.23586710399394042,0,0.5
3,2,44,logistic_regression,160,484,0,0.30533610701547037,0,0.5
3,2,44,logistic_regression,162,481,0,0.24591753779089695,0,0.5
3,2,44,logistic_regression,166,515,0,0.26090798228234324,0,0.5
3,2,44,logistic_regression,169,108,0,0.30831049290564466,0,0.5
3,2,44,logistic_regression,173,529,0,0.3399503189403396,0,0.5
3,2,44,logistic_regression,178,472,0,0.26199799454909606,0,0.5
3,2,44,logistic_regression,179,548,0,0.2882300356497578,0,0.5
3,2,44,logistic_regression,186,404,0,0.22290795239308756,0,0.5
3,2,44,logistic_regression,188,475,0,0.6212604548630314,1,0.5
3,2,44,logistic_regression,205,388,1,0.9759579723825331,1,0.5
3,2,44,logistic_regression,208,470,0,0.2738245094648839,0,0.5
3,2,44,logistic_regression,209,387,0,0.308016611470386,0,0.5
3,2,44,logistic_regression,210,399,0,0.32871575689261573,0,0.5
3,2,44,logistic_regression,222,552,0,0.09462247880326807,0,0.5
3,2,44,logistic_regression,223,278,0,0.29296872750177466,0,0.5
3,2,44,logistic_regression,224,351,1,0.9555372040220861,1,0.5
3,2,44,logistic_regression,227,394,0,0.8646276426823963,1,0.5
3,2,44,logistic_regression,242,555,0,0.21997460777235697,0,0.5
3,2,44,logistic_regression,251,284,0,0.9409513701120619,1,0.5
3,2,44,logistic_regression,253,279,0,0.2744561892652134,0,0.5
3,2,44,logistic_regression,258,245,0,0.2832249123989072,0,0.5
3,2,44,logistic_regression,262,295,0,0.2991438446241912,0,0.5
3,2,44,logistic_regression,270,211,0,0.2627141022246372,0,0.5
3,2,44,logistic_regression,278,267,0,0.2617969149152589,0,0.5
3,2,44,logistic_regression,279,263,0,0.12859132347918026,0,0.5
3,2,44,logistic_regression,281,238,0,0.2498424444389696,0,0.5
3,2,44,logistic_regression,282,219,0,0.263578190599977,0,0.5
3,2,44,logistic_regression,289,419,0,0.30876891063007383,0,0.5
3,2,44,logistic_regression,292,264,0,0.2838910307798351,0,0.5
3,2,44,logistic_regression,298,333,0,0.284270301574477,0,0.5
3,2,44,logistic_regression,300,301,0,0.3069804680987168,0,0.5
3,2,44,logistic_regression,306,436,0,0.2591870417447189,0,0.5
3,2,44,logistic_regression,311,368,0,0.30385485545988966,0,0.5
3,2,44,logistic_regression,316,348,0,0.23275731681987372,0,0.5
3,2,44,logistic_regression,329,290,0,0.293998782360099,0,0.5
3,2,44,logistic_regression,330,207,0,0.23336190190246017,0,0.5
3,2,44,logistic_regression,338,200,0,0.3085535599860254,0,0.5
3,2,44,logistic_regression,339,182,0,0.259747953070049,0,0.5
3,2,44,logistic_regression,343,159,0,0.26324159319894974,0,0.5
3,2,44,logistic_regression,348,125,0,0.2665757553467498,0,0.5
3,2,44,logistic_regression,350,167,0,0.22741664167964487,0,0.5
3,2,44,logistic_regression,359,733,0,0.2644976924415463,0,0.5
3,2,44,logistic_regression,362,160,0,0.2843661919107858,0,0.5
3,2,44,logistic_regression,368,203,0,0.2558451490313714,0,0.5
3,2,44,logistic_regression,371,367,0,0.3018418306316358,0,0.5
3,2,44,logistic_regression,376,786,0,0.29908093070175795,0,0.5
3,2,44,logistic_regression,389,49,0,0.25860428242949174,0,0.5
3,2,44,logistic_regression,396,100,0,0.19013190319836484,0,0.5
3,2,44,logistic_regression,397,137,0,0.32379286911542765,0,0.5
3,2,44,logistic_regression,398,115,0,0.22325149541821268,0,0.5
3,2,44,logistic_regression,406,49,0,0.25860428242949174,0,0.5
3,2,44,logistic_regression,409,54,0,0.27417876888733334,0,0.5
3,2,44,logistic_regression,411,49,0,0.9739516727991167,1,0.5
3,2,44,logistic_regression,414,186,0,0.30776634625751703,0,0.5
3,2,44,logistic_regression,435,54,0,0.27417876888733334,0,0.5
3,2,44,logistic_regression,448,65,0,0.18850919772305283,0,0.5
3,2,44,logistic_regression,465,43,0,0.2803885491996225,0,0.5
3,2,44,logistic_regression,475,154,0,0.3039949437362278,0,0.5
3,2,44,logistic_regression,479,482,0,0.2261906444685491,0,0.5
3,2,44,logistic_regression,492,658,0,0.22252211570342964,0,0.5
3,2,44,logistic_regression,495,405,0,0.2261271157976895,0,0.5
3,2,44,logistic_regression,496,451,1,0.9410330936365594,1,0.5
3,2,44,logistic_regression,502,369,0,0.3078686823868414,0,0.5
3,2,44,logistic_regression,503,735,0,0.3106609134255083,0,0.5
3,2,44,logistic_regression,505,306,0,0.24290104815736185,0,0.5
3,2,44,logistic_regression,518,362,0,0.31416960895438717,0,0.5
3,2,44,logistic_regression,520,53,0,0.2990973270397386,0,0.5
3,2,44,logistic_regression,522,37,0,0.31430242644404993,0,0.5
3,2,44,logistic_regression,531,119,0,0.2833125093216168,0,0.5
3,2,44,logistic_regression,534,93,0,0.2733388123110061,0,0.5
3,2,44,logistic_regression,535,275,0,0.25585248991088455,0,0.5
3,2,44,logistic_regression,547,385,0,0.23702462399906069,0,0.5
3,2,44,logistic_regression,550,191,0,0.30861323029613286,0,0.5
3,2,44,logistic_regression,551,639,0,0.23755737210508046,0,0.5
3,2,44,logistic_regression,553,636,0,0.2996946709129512,0,0.5
3,2,44,logistic_regression,564,426,0,0.07646712329629647,0,0.5
3,2,44,logistic_regression,571,257,0,0.2794581135919261,0,0.5
3,2,44,logistic_regression,575,54,0,0.27417876888733334,0,0.5
3,2,44,logistic_regression,576,464,0,0.2501037257288816,0,0.5
3,2,44,logistic_regression,577,196,0,0.8175844904094735,1,0.5
3,2,44,logistic_regression,583,315,0,0.2664117578942881,0,0.5
3,2,44,logistic_regression,589,784,0,0.27543990305901805,0,0.5
3,2,44,logistic_regression,591,244,0,0.28873304190119814,0,0.5
3,2,44,logistic_regression,593,13,0,0.28214923151456567,0,0.5
3,2,44,logistic_regression,597,133,0,0.3672400249971725,0,0.5
3,2,44,logistic_regression,598,54,1,0.9422126615306445,1,0.5
3,2,44,logistic_regression,601,504,0,0.2792884951180099,0,0.5
3,2,44,logistic_regression,602,670,0,0.2841807139731304,0,0.5
3,2,44,logistic_regression,611,311,0,0.4470020980606781,0,0.5
3,2,44,logistic_regression,614,341,1,0.9056323882500982,1,0.5
3,2,44,logistic_regression,615,706,0,0.4063126832960512,0,0.5
3,2,44,logistic_regression,621,582,0,0.30752516373942296,0,0.5
3,2,44,logistic_regression,624,118,0,0.29404965348653417,0,0.5
3,2,44,logistic_regression,626,622,0,0.2720288891794937,0,0.5
3,2,44,logistic_regression,628,779,0,0.35927593797977686,0,0.5
3,2,44,logistic_regression,633,261,0,0.23992167398724745,0,0.5
3,2,44,logistic_regression,634,478,0,0.2768930863606279,0,0.5
3,2,44,logistic_regression,635,714,0,0.2970302621531954,0,0.5
3,2,44,logistic_regression,644,285,0,0.9443488974505794,1,0.5
3,2,44,logistic_regression,650,421,0,0.3932551409756851,0,0.5
3,2,44,logistic_regression,657,260,0,0.3005899749193322,0,0.5
3,2,44,logistic_regression,680,821,0,0.2572557377539671,0,0.5
3,2,44,logistic_regression,688,510,1,0.9250885950120736,1,0.5
3,2,44,logistic_regression,696,138,0,0.3564809357944042,0,0.5
3,2,44,logistic_regression,699,111,0,0.4285015688264101,0,0.5
3,2,44,logistic_regression,707,231,0,0.34498480980909274,0,0.5
3,2,44,logistic_regression,709,374,0,0.2869339645608267,0,0.5
3,2,44,logistic_regression,714,521,0,0.2825779938820147,0,0.5
3,2,44,logistic_regression,715,13,0,0.2821492315145656,0,0.5
3,2,44,logistic_regression,718,246,0,0.2703632505670278,0,0.5
3,2,44,logistic_regression,719,769,0,0.8348899342398796,1,0.5
3,2,44,logistic_regression,736,725,0,0.2827009489105128,0,0.5
3,2,44,logistic_regression,743,540,0,0.25213408376435753,0,0.5
3,2,44,logistic_regression,745,30,0,0.36655067223587573,0,0.5
3,2,44,logistic_regression,747,218,0,0.259165092165483,0,0.5
3,2,44,logistic_regression,752,676,0,0.28265407056340597,0,0.5
3,2,44,logistic_regression,758,578,0,0.24658962907265072,0,0.5
3,2,44,logistic_regression,759,101,0,0.5080284931408268,1,0.5
3,2,44,logistic_regression,764,281,0,0.3062437931818418,0,0.5
3,2,44,logistic_regression,768,422,0,0.24835326599424776,0,0.5
3,2,44,logistic_regression,770,357,0,0.125916788592864,0,0.5
3,2,44,logistic_regression,771,661,0,0.2384377109723638,0,0.5
3,2,44,logistic_regression,779,656,0,0.31177722457424456,0,0.5
3,2,44,logistic_regression,781,642,1,0.9490340874834036,1,0.5
3,2,44,logistic_regression,782,528,0,0.3114330374256196,0,0.5
3,2,44,logistic_regression,783,84,0,0.22026447849925762,0,0.5
3,2,44,logistic_regression,790,350,0,0.26675020905162156,0,0.5
3,2,44,logistic_regression,794,175,0,0.2324945822871802,0,0.5
3,2,44,logistic_regression,799,141,0,0.29266523949573536,0,0.5
3,2,44,logistic_regression,805,668,0,0.3625178639027317,0,0.5
3,2,44,logistic_regression,808,544,0,0.3374397546839423,0,0.5
3,2,44,logistic_regression,811,48,0,0.36602102898663047,0,0.5
3,2,44,logistic_regression,815,549,0,0.35584484925647963,0,0.5
3,2,44,logistic_regression,829,666,0,0.2985122812976832,0,0.5
3,2,44,logistic_regression,833,659,0,0.19828708001953535,0,0.5
3,2,44,logistic_regression,843,567,0,0.30296647472917765,0,0.5
3,2,44,logistic_regression,845,132,0,0.2902530691277412,0,0.5
3,2,44,logistic_regression,852,800,0,0.2783737475845361,0,0.5
3,2,44,xgboost,0,109,0,0.026619603857398033,0,0.5
3,2,44,xgboost,5,796,0,0.008065782487392426,0,0.5
3,2,44,xgboost,15,776,0,0.024395201355218887,0,0.5
3,2,44,xgboost,18,792,0,0.008437788113951683,0,0.5
3,2,44,xgboost,22,766,1,0.9604074954986572,1,0.5
3,2,44,xgboost,23,767,1,0.8933098316192627,1,0.5
3,2,44,xgboost,24,774,0,0.015035481192171574,0,0.5
3,2,44,xgboost,48,780,0,0.043599314987659454,0,0.5
3,2,44,xgboost,59,692,0,0.046289797872304916,0,0.5
3,2,44,xgboost,61,697,0,0.012551986612379551,0,0.5
3,2,44,xgboost,64,750,1,0.9439478516578674,1,0.5
3,2,44,xgboost,70,727,0,0.030383488163352013,0,0.5
3,2,44,xgboost,77,646,0,0.004900261759757996,0,0.5
3,2,44,xgboost,80,630,0,0.009169705212116241,0,0.5
3,2,44,xgboost,85,657,0,0.004565337672829628,0,0.5
3,2,44,xgboost,87,703,0,0.052046600729227066,0,0.5
3,2,44,xgboost,93,631,1,0.8530278205871582,1,0.5
3,2,44,xgboost,98,584,0,0.009620635770261288,0,0.5
3,2,44,xgboost,104,633,0,0.028356468304991722,0,0.5
3,2,44,xgboost,106,577,0,0.02112441323697567,0,0.5
3,2,44,xgboost,107,653,0,0.024192476645112038,0,0.5
3,2,44,xgboost,111,626,0,0.27154096961021423,0,0.5
3,2,44,xgboost,113,328,0,0.011611707508563995,0,0.5
3,2,44,xgboost,114,667,0,0.030006306245923042,0,0.5
3,2,44,xgboost,115,665,0,0.02976800687611103,0,0.5
3,2,44,xgboost,125,596,0,0.03473620116710663,0,0.5
3,2,44,xgboost,126,588,0,0.023679498583078384,0,0.5
3,2,44,xgboost,128,518,0,0.007233613170683384,0,0.5
3,2,44,xgboost,130,492,0,0.02043587528169155,0,0.5
3,2,44,xgboost,140,553,0,0.013447389006614685,0,0.5
3,2,44,xgboost,144,558,0,0.01206531748175621,0,0.5
3,2,44,xgboost,150,489,0,0.022075898945331573,0,0.5
3,2,44,xgboost,157,545,0,0.017420539632439613,0,0.5
3,2,44,xgboost,158,617,0,0.00751613499596715,0,0.5
3,2,44,xgboost,160,484,0,0.02058969996869564,0,0.5
3,2,44,xgboost,162,481,0,0.007548462599515915,0,0.5
3,2,44,xgboost,166,515,0,0.005527217406779528,0,0.5
3,2,44,xgboost,169,108,0,0.13023756444454193,0,0.5
3,2,44,xgboost,173,529,0,0.017084108665585518,0,0.5
3,2,44,xgboost,178,472,0,0.04068410396575928,0,0.5
3,2,44,xgboost,179,548,0,0.019702551886439323,0,0.5
3,2,44,xgboost,186,404,0,0.041670795530080795,0,0.5
3,2,44,xgboost,188,475,0,0.1324678659439087,0,0.5
3,2,44,xgboost,205,388,1,0.9825072884559631,1,0.5
3,2,44,xgboost,208,470,0,0.012655800208449364,0,0.5
3,2,44,xgboost,209,387,0,0.027602847665548325,0,0.5
3,2,44,xgboost,210,399,0,0.12044065445661545,0,0.5
3,2,44,xgboost,222,552,0,0.012076735496520996,0,0.5
3,2,44,xgboost,223,278,0,0.03795121982693672,0,0.5
3,2,44,xgboost,224,351,1,0.9863885045051575,1,0.5
3,2,44,xgboost,227,394,0,0.9084472060203552,1,0.5
3,2,44,xgboost,242,555,0,0.008184247650206089,0,0.5
3,2,44,xgboost,251,284,0,0.9675378203392029,1,0.5
3,2,44,xgboost,253,279,0,0.019351061433553696,0,0.5
3,2,44,xgboost,258,245,0,0.25000569224357605,0,0.5
3,2,44,xgboost,262,295,0,0.03366038575768471,0,0.5
3,2,44,xgboost,270,211,0,0.08771050721406937,0,0.5
3,2,44,xgboost,278,267,0,0.07000548392534256,0,0.5
3,2,44,xgboost,279,263,0,0.03137245774269104,0,0.5
3,2,44,xgboost,281,238,0,0.1343143880367279,0,0.5
3,2,44,xgboost,282,219,0,0.07645652443170547,0,0.5
3,2,44,xgboost,289,419,0,0.028244508430361748,0,0.5
3,2,44,xgboost,292,264,0,0.08061305433511734,0,0.5
3,2,44,xgboost,298,333,0,0.048402465879917145,0,0.5
3,2,44,xgboost,300,301,0,0.018357381224632263,0,0.5
3,2,44,xgboost,306,436,0,0.014634952880442142,0,0.5
3,2,44,xgboost,311,368,0,0.057886406779289246,0,0.5
3,2,44,xgboost,316,348,0,0.01953832246363163,0,0.5
3,2,44,xgboost,329,290,0,0.11476390808820724,0,0.5
3,2,44,xgboost,330,207,0,0.052609339356422424,0,0.5
3,2,44,xgboost,338,200,0,0.45911291241645813,0,0.5
3,2,44,xgboost,339,182,0,0.18251055479049683,0,0.5
3,2,44,xgboost,343,159,0,0.07310473173856735,0,0.5
3,2,44,xgboost,348,125,0,0.10112056136131287,0,0.5
3,2,44,xgboost,350,167,0,0.1333930939435959,0,0.5
3,2,44,xgboost,359,733,0,0.010315999388694763,0,0.5
3,2,44,xgboost,362,160,0,0.24345004558563232,0,0.5
3,2,44,xgboost,368,203,0,0.0678609162569046,0,0.5
3,2,44,xgboost,371,367,0,0.01829463057219982,0,0.5
3,2,44,xgboost,376,786,0,0.016127370297908783,0,0.5
3,2,44,xgboost,389,49,0,0.029452810063958168,0,0.5
3,2,44,xgboost,396,100,0,0.061364274471998215,0,0.5
3,2,44,xgboost,397,137,0,0.037197139114141464,0,0.5
3,2,44,xgboost,398,115,0,0.028274765238165855,0,0.5
3,2,44,xgboost,406,49,0,0.029452810063958168,0,0.5
3,2,44,xgboost,409,54,0,0.012505247257649899,0,0.5
3,2,44,xgboost,411,49,0,0.8784303069114685,1,0.5
3,2,44,xgboost,414,186,0,0.09618087857961655,0,0.5
3,2,44,xgboost,435,54,0,0.012505247257649899,0,0.5
3,2,44,xgboost,448,65,0,0.030634870752692223,0,0.5
3,2,44,xgboost,465,43,0,0.018052170053124428,0,0.5
3,2,44,xgboost,475,154,0,0.035703711211681366,0,0.5
3,2,44,xgboost,479,482,0,0.011798184365034103,0,0.5
3,2,44,xgboost,492,658,0,0.005117294378578663,0,0.5
3,2,44,xgboost,495,405,0,0.014735770411789417,0,0.5
3,2,44,xgboost,496,451,1,0.9651486873626709,1,0.5
3,2,44,xgboost,502,369,0,0.04584895819425583,0,0.5
3,2,44,xgboost,503,735,0,0.024343052878975868,0,0.5
3,2,44,xgboost,505,306,0,0.02105049416422844,0,0.5
3,2,44,xgboost,518,362,0,0.021106356754899025,0,0.5
3,2,44,xgboost,520,53,0,0.03394710645079613,0,0.5
3,2,44,xgboost,522,37,0,0.014138801954686642,0,0.5
3,2,44,xgboost,531,119,0,0.023202328011393547,0,0.5
3,2,44,xgboost,534,93,0,0.03130510076880455,0,0.5
3,2,44,xgboost,535,275,0,0.05273883417248726,0,0.5
3,2,44,xgboost,547,385,0,0.010147390887141228,0,0.5
3,2,44,xgboost,550,191,0,0.11458394676446915,0,0.5
3,2,44,xgboost,551,639,0,0.0172498170286417,0,0.5
3,2,44,xgboost,553,636,0,0.03472254052758217,0,0.5
3,2,44,xgboost,564,426,0,0.011681756936013699,0,0.5
3,2,44,xgboost,571,257,0,0.04132319614291191,0,0.5
3,2,44,xgboost,575,54,0,0.012505247257649899,0,0.5
3,2,44,xgboost,576,464,0,0.0372823029756546,0,0.5
3,2,44,xgboost,577,196,0,0.8918524384498596,1,0.5
3,2,44,xgboost,583,315,0,0.01438493188470602,0,0.5
3,2,44,xgboost,589,784,0,0.03460368514060974,0,0.5
3,2,44,xgboost,591,244,0,0.14441730082035065,0,0.5
3,2,44,xgboost,593,13,0,0.021865228191018105,0,0.5
3,2,44,xgboost,597,133,0,0.033333949744701385,0,0.5
3,2,44,xgboost,598,54,1,0.7131527662277222,1,0.5
3,2,44,xgboost,601,504,0,0.02748478576540947,0,0.5
3,2,44,xgboost,602,670,0,0.013949241489171982,0,0.5
3,2,44,xgboost,611,311,0,0.03804957494139671,0,0.5
3,2,44,xgboost,614,341,1,0.8516632318496704,1,0.5
3,2,44,xgboost,615,706,0,0.41829913854599,0,0.5
3,2,44,xgboost,621,582,0,0.022709574550390244,0,0.5
3,2,44,xgboost,624,118,0,0.08234304189682007,0,0.5
3,2,44,xgboost,626,622,0,0.03084266185760498,0,0.5
3,2,44,xgboost,628,779,0,0.014052774757146835,0,0.5
3,2,44,xgboost,633,261,0,0.02938675321638584,0,0.5
3,2,44,xgboost,634,478,0,0.060593362897634506,0,0.5
3,2,44,xgboost,635,714,0,0.02631005458533764,0,0.5
3,2,44,xgboost,644,285,0,0.9595280885696411,1,0.5
3,2,44,xgboost,650,421,0,0.03659401088953018,0,0.5
3,2,44,xgboost,657,260,0,0.046075113117694855,0,0.5
3,2,44,xgboost,680,821,0,0.01585225574672222,0,0.5
3,2,44,xgboost,688,510,1,0.9906504154205322,1,0.5
3,2,44,xgboost,696,138,0,0.06314138323068619,0,0.5
3,2,44,xgboost,699,111,0,0.20804519951343536,0,0.5
3,2,44,xgboost,707,231,0,0.24065887928009033,0,0.5
3,2,44,xgboost,709,374,0,0.01788531243801117,0,0.5
3,2,44,xgboost,714,521,0,0.020253393799066544,0,0.5
3,2,44,xgboost,715,13,0,0.021865228191018105,0,0.5
3,2,44,xgboost,718,246,0,0.19372676312923431,0,0.5
3,2,44,xgboost,719,769,0,0.9330098032951355,1,0.5
3,2,44,xgboost,736,725,0,0.03460368514060974,0,0.5
3,2,44,xgboost,743,540,0,0.033286720514297485,0,0.5
3,2,44,xgboost,745,30,0,0.027792956680059433,0,0.5
3,2,44,xgboost,747,218,0,0.07645652443170547,0,0.5
3,2,44,xgboost,752,676,0,0.03552985191345215,0,0.5
3,2,44,xgboost,758,578,0,0.017622508108615875,0,0.5
3,2,44,xgboost,759,101,0,0.11344534158706665,0,0.5
3,2,44,xgboost,764,281,0,0.048402465879917145,0,0.5
3,2,44,xgboost,768,422,0,0.021503495052456856,0,0.5
3,2,44,xgboost,770,357,0,0.04402368888258934,0,0.5
3,2,44,xgboost,771,661,0,0.011242350563406944,0,0.5
3,2,44,xgboost,779,656,0,0.04209953173995018,0,0.5
3,2,44,xgboost,781,642,1,0.9792981147766113,1,0.5
3,2,44,xgboost,782,528,0,0.041772764176130295,0,0.5
3,2,44,xgboost,783,84,0,0.03329388052225113,0,0.5
3,2,44,xgboost,790,350,0,0.03289462625980377,0,0.5
3,2,44,xgboost,794,175,0,0.06508354842662811,0,0.5
3,2,44,xgboost,799,141,0,0.0817067101597786,0,0.5
3,2,44,xgboost,805,668,0,0.028269227594137192,0,0.5
3,2,44,xgboost,808,544,0,0.03545982018113136,0,0.5
3,2,44,xgboost,811,48,0,0.0710717961192131,0,0.5
3,2,44,xgboost,815,549,0,0.02100832760334015,0,0.5
3,2,44,xgboost,829,666,0,0.09876080602407455,0,0.5
3,2,44,xgboost,833,659,0,0.01567494496703148,0,0.5
3,2,44,xgboost,843,567,0,0.0382046177983284,0,0.5
3,2,44,xgboost,845,132,0,0.033333949744701385,0,0.5
3,2,44,xgboost,852,800,0,0.020128026604652405,0,0.5
3,3,44,dummy_prior,8,809,0,0.0641399416909621,0,0.5
3,3,44,dummy_prior,19,773,0,0.0641399416909621,0,0.5
3,3,44,dummy_prior,29,745,0,0.0641399416909621,0,0.5
3,3,44,dummy_prior,34,749,0,0.0641399416909621,0,0.5
3,3,44,dummy_prior,35,737,0,0.0641399416909621,0,0.5
3,3,44,dummy_prior,40,746,0,0.0641399416909621,0,0.5
3,3,44,dummy_prior,46,716,0,0.0641399416909621,0,0.5
3,3,44,dummy_prior,50,721,0,0.0641399416909621,0,0.5
3,3,44,dummy_prior,53,695,0,0.0641399416909621,0,0.5
3,3,44,dummy_prior,54,708,0,0.0641399416909621,0,0.5
3,3,44,dummy_prior,56,702,0,0.0641399416909621,0,0.5
3,3,44,dummy_prior,57,647,0,0.0641399416909621,0,0.5
3,3,44,dummy_prior,62,679,0,0.0641399416909621,0,0.5
3,3,44,dummy_prior,63,629,0,0.0641399416909621,0,0.5
3,3,44,dummy_prior,75,686,0,0.0641399416909621,0,0.5
3,3,44,dummy_prior,91,689,0,0.0641399416909621,0,0.5
3,3,44,dummy_prior,94,637,0,0.0641399416909621,0,0.5
3,3,44,dummy_prior,95,604,0,0.0641399416909621,0,0.5
3,3,44,dummy_prior,99,641,0,0.0641399416909621,0,0.5
3,3,44,dummy_prior,116,597,0,0.0641399416909621,0,0.5
3,3,44,dummy_prior,118,560,0,0.0641399416909621,0,0.5
3,3,44,dummy_prior,131,581,1,0.0641399416909621,0,0.5
3,3,44,dummy_prior,132,565,0,0.0641399416909621,0,0.5
3,3,44,dummy_prior,133,651,0,0.0641399416909621,0,0.5
3,3,44,dummy_prior,139,556,0,0.0641399416909621,0,0.5
3,3,44,dummy_prior,141,194,0,0.0641399416909621,0,0.5
3,3,44,dummy_prior,142,591,0,0.0641399416909621,0,0.5
3,3,44,dummy_prior,148,643,0,0.0641399416909621,0,0.5
3,3,44,dummy_prior,152,438,0,0.0641399416909621,0,0.5
3,3,44,dummy_prior,153,423,0,0.0641399416909621,0,0.5
3,3,44,dummy_prior,165,572,0,0.0641399416909621,0,0.5
3,3,44,dummy_prior,176,452,0,0.0641399416909621,0,0.5
3,3,44,dummy_prior,185,488,1,0.0641399416909621,0,0.5
3,3,44,dummy_prior,192,459,0,0.0641399416909621,0,0.5
3,3,44,dummy_prior,199,460,0,0.0641399416909621,0,0.5
3,3,44,dummy_prior,200,443,0,0.0641399416909621,0,0.5
3,3,44,dummy_prior,201,441,0,0.0641399416909621,0,0.5
3,3,44,dummy_prior,206,496,0,0.0641399416909621,0,0.5
3,3,44,dummy_prior,213,500,0,0.0641399416909621,0,0.5
3,3,44,dummy_prior,214,550,1,0.0641399416909621,0,0.5
3,3,44,dummy_prior,218,503,0,0.0641399416909621,0,0.5
3,3,44,dummy_prior,220,406,0,0.0641399416909621,0,0.5
3,3,44,dummy_prior,234,406,0,0.0641399416909621,0,0.5
3,3,44,dummy_prior,237,347,0,0.0641399416909621,0,0.5
3,3,44,dummy_prior,240,334,0,0.0641399416909621,0,0.5
3,3,44,dummy_prior,241,354,0,0.0641399416909621,0,0.5
3,3,44,dummy_prior,244,391,0,0.0641399416909621,0,0.5
3,3,44,dummy_prior,245,253,0,0.0641399416909621,0,0.5
3,3,44,dummy_prior,252,344,0,0.0641399416909621,0,0.5
3,3,44,dummy_prior,256,366,0,0.0641399416909621,0,0.5
3,3,44,dummy_prior,261,227,0,0.0641399416909621,0,0.5
3,3,44,dummy_prior,264,259,1,0.0641399416909621,0,0.5
3,3,44,dummy_prior,273,355,0,0.0641399416909621,0,0.5
3,3,44,dummy_prior,274,349,0,0.0641399416909621,0,0.5
3,3,44,dummy_prior,276,241,0,0.0641399416909621,0,0.5
3,3,44,dummy_prior,293,221,0,0.0641399416909621,0,0.5
3,3,44,dummy_prior,295,283,0,0.0641399416909621,0,0.5
3,3,44,dummy_prior,305,201,0,0.0641399416909621,0,0.5
3,3,44,dummy_prior,319,293,0,0.0641399416909621,0,0.5
3,3,44,dummy_prior,321,269,0,0.0641399416909621,0,0.5
3,3,44,dummy_prior,323,268,0,0.0641399416909621,0,0.5
3,3,44,dummy_prior,326,217,0,0.0641399416909621,0,0.5
3,3,44,dummy_prior,335,525,1,0.0641399416909621,0,0.5
3,3,44,dummy_prior,336,251,0,0.0641399416909621,0,0.5
3,3,44,dummy_prior,341,121,0,0.0641399416909621,0,0.5
3,3,44,dummy_prior,351,155,0,0.0641399416909621,0,0.5
3,3,44,dummy_prior,361,199,0,0.0641399416909621,0,0.5
3,3,44,dummy_prior,385,234,0,0.0641399416909621,0,0.5
3,3,44,dummy_prior,390,179,0,0.0641399416909621,0,0.5
3,3,44,dummy_prior,405,61,0,0.0641399416909621,0,0.5
3,3,44,dummy_prior,407,57,0,0.0641399416909621,0,0.5
3,3,44,dummy_prior,415,104,0,0.0641399416909621,0,0.5
3,3,44,dummy_prior,416,70,0,0.0641399416909621,0,0.5
3,3,44,dummy_prior,420,97,0,0.0641399416909621,0,0.5
3,3,44,dummy_prior,421,433,1,0.0641399416909621,0,0.5
3,3,44,dummy_prior,429,73,0,0.0641399416909621,0,0.5
3,3,44,dummy_prior,431,70,0,0.0641399416909621,0,0.5
3,3,44,dummy_prior,433,28,0,0.0641399416909621,0,0.5
3,3,44,dummy_prior,437,26,0,0.0641399416909621,0,0.5
3,3,44,dummy_prior,438,195,0,0.0641399416909621,0,0.5
3,3,44,dummy_prior,442,26,0,0.0641399416909621,0,0.5
3,3,44,dummy_prior,459,3,0,0.0641399416909621,0,0.5
3,3,44,dummy_prior,461,19,0,0.0641399416909621,0,0.5
3,3,44,dummy_prior,468,11,0,0.0641399416909621,0,0.5
3,3,44,dummy_prior,486,496,0,0.0641399416909621,0,0.5
3,3,44,dummy_prior,488,337,0,0.0641399416909621,0,0.5
3,3,44,dummy_prior,491,122,0,0.0641399416909621,0,0.5
3,3,44,dummy_prior,504,428,0,0.0641399416909621,0,0.5
3,3,44,dummy_prior,510,17,0,0.0641399416909621,0,0.5
3,3,44,dummy_prior,513,96,0,0.0641399416909621,0,0.5
3,3,44,dummy_prior,515,603,0,0.0641399416909621,0,0.5
3,3,44,dummy_prior,516,174,0,0.0641399416909621,0,0.5
3,3,44,dummy_prior,524,628,0,0.0641399416909621,0,0.5
3,3,44,dummy_prior,526,469,0,0.0641399416909621,0,0.5
3,3,44,dummy_prior,527,262,0,0.0641399416909621,0,0.5
3,3,44,dummy_prior,529,652,0,0.0641399416909621,0,0.5
3,3,44,dummy_prior,537,365,0,0.0641399416909621,0,0.5
3,3,44,dummy_prior,539,76,1,0.0641399416909621,0,0.5
3,3,44,dummy_prior,544,50,0,0.0641399416909621,0,0.5
3,3,44,dummy_prior,545,532,0,0.0641399416909621,0,0.5
3,3,44,dummy_prior,549,662,1,0.0641399416909621,0,0.5
3,3,44,dummy_prior,565,335,0,0.0641399416909621,0,0.5
3,3,44,dummy_prior,567,383,0,0.0641399416909621,0,0.5
3,3,44,dummy_prior,572,373,0,0.0641399416909621,0,0.5
3,3,44,dummy_prior,573,523,0,0.0641399416909621,0,0.5
3,3,44,dummy_prior,587,687,0,0.0641399416909621,0,0.5
3,3,44,dummy_prior,590,56,0,0.0641399416909621,0,0.5
3,3,44,dummy_prior,595,248,0,0.0641399416909621,0,0.5
3,3,44,dummy_prior,603,440,0,0.0641399416909621,0,0.5
3,3,44,dummy_prior,608,135,0,0.0641399416909621,0,0.5
3,3,44,dummy_prior,610,230,1,0.0641399416909621,0,0.5
3,3,44,dummy_prior,613,299,0,0.0641399416909621,0,0.5
3,3,44,dummy_prior,622,710,0,0.0641399416909621,0,0.5
3,3,44,dummy_prior,630,424,0,0.0641399416909621,0,0.5
3,3,44,dummy_prior,631,187,0,0.0641399416909621,0,0.5
3,3,44,dummy_prior,632,226,0,0.0641399416909621,0,0.5
3,3,44,dummy_prior,638,221,0,0.0641399416909621,0,0.5
3,3,44,dummy_prior,642,512,0,0.0641399416909621,0,0.5
3,3,44,dummy_prior,643,21,0,0.0641399416909621,0,0.5
3,3,44,dummy_prior,646,27,0,0.0641399416909621,0,0.5
3,3,44,dummy_prior,649,613,0,0.0641399416909621,0,0.5
3,3,44,dummy_prior,651,788,0,0.0641399416909621,0,0.5
3,3,44,dummy_prior,652,826,0,0.0641399416909621,0,0.5
3,3,44,dummy_prior,653,216,1,0.0641399416909621,0,0.5
3,3,44,dummy_prior,656,294,0,0.0641399416909621,0,0.5
3,3,44,dummy_prior,658,85,0,0.0641399416909621,0,0.5
3,3,44,dummy_prior,667,829,0,0.0641399416909621,0,0.5
3,3,44,dummy_prior,669,755,0,0.0641399416909621,0,0.5
3,3,44,dummy_prior,676,828,0,0.0641399416909621,0,0.5
3,3,44,dummy_prior,677,814,0,0.0641399416909621,0,0.5
3,3,44,dummy_prior,683,762,0,0.0641399416909621,0,0.5
3,3,44,dummy_prior,685,820,0,0.0641399416909621,0,0.5
3,3,44,dummy_prior,691,420,0,0.0641399416909621,0,0.5
3,3,44,dummy_prior,698,473,0,0.0641399416909621,0,0.5
3,3,44,dummy_prior,701,524,0,0.0641399416909621,0,0.5
3,3,44,dummy_prior,703,42,0,0.0641399416909621,0,0.5
3,3,44,dummy_prior,704,781,0,0.0641399416909621,0,0.5
3,3,44,dummy_prior,705,806,0,0.0641399416909621,0,0.5
3,3,44,dummy_prior,708,254,0,0.0641399416909621,0,0.5
3,3,44,dummy_prior,721,655,0,0.0641399416909621,0,0.5
3,3,44,dummy_prior,725,214,0,0.0641399416909621,0,0.5
3,3,44,dummy_prior,731,291,0,0.0641399416909621,0,0.5
3,3,44,dummy_prior,732,417,0,0.0641399416909621,0,0.5
3,3,44,dummy_prior,733,587,0,0.0641399416909621,0,0.5
3,3,44,dummy_prior,735,6,0,0.0641399416909621,0,0.5
3,3,44,dummy_prior,738,477,0,0.0641399416909621,0,0.5
3,3,44,dummy_prior,744,66,0,0.0641399416909621,0,0.5
3,3,44,dummy_prior,746,342,0,0.0641399416909621,0,0.5
3,3,44,dummy_prior,749,541,0,0.0641399416909621,0,0.5
3,3,44,dummy_prior,750,99,0,0.0641399416909621,0,0.5
3,3,44,dummy_prior,755,563,0,0.0641399416909621,0,0.5
3,3,44,dummy_prior,757,360,0,0.0641399416909621,0,0.5
3,3,44,dummy_prior,761,607,0,0.0641399416909621,0,0.5
3,3,44,dummy_prior,763,785,0,0.0641399416909621,0,0.5
3,3,44,dummy_prior,773,23,0,0.0641399416909621,0,0.5
3,3,44,dummy_prior,792,314,0,0.0641399416909621,0,0.5
3,3,44,dummy_prior,800,302,0,0.0641399416909621,0,0.5
3,3,44,dummy_prior,801,691,0,0.0641399416909621,0,0.5
3,3,44,dummy_prior,806,62,0,0.0641399416909621,0,0.5
3,3,44,dummy_prior,809,519,0,0.0641399416909621,0,0.5
3,3,44,dummy_prior,812,4,0,0.0641399416909621,0,0.5
3,3,44,dummy_prior,813,163,0,0.0641399416909621,0,0.5
3,3,44,dummy_prior,814,22,1,0.0641399416909621,0,0.5
3,3,44,dummy_prior,820,352,0,0.0641399416909621,0,0.5
3,3,44,dummy_prior,821,602,0,0.0641399416909621,0,0.5
3,3,44,dummy_prior,825,794,0,0.0641399416909621,0,0.5
3,3,44,dummy_prior,835,332,0,0.0641399416909621,0,0.5
3,3,44,dummy_prior,837,606,0,0.0641399416909621,0,0.5
3,3,44,dummy_prior,842,722,0,0.0641399416909621,0,0.5
3,3,44,dummy_prior,846,680,0,0.0641399416909621,0,0.5
3,3,44,dummy_prior,848,598,0,0.0641399416909621,0,0.5
3,3,44,dummy_prior,853,672,0,0.0641399416909621,0,0.5
3,3,44,logistic_regression,8,809,0,0.4805860812311916,0,0.5
3,3,44,logistic_regression,19,773,0,0.2488391579295802,0,0.5
3,3,44,logistic_regression,29,745,0,0.2773676614074506,0,0.5
3,3,44,logistic_regression,34,749,0,0.8304595117688596,1,0.5
3,3,44,logistic_regression,35,737,0,0.29747586803924014,0,0.5
3,3,44,logistic_regression,40,746,0,0.2699384010584158,0,0.5
3,3,44,logistic_regression,46,716,0,0.26434876114668526,0,0.5
3,3,44,logistic_regression,50,721,0,0.29176543113541936,0,0.5
3,3,44,logistic_regression,53,695,0,0.32163571318241174,0,0.5
3,3,44,logistic_regression,54,708,0,0.2825562059896857,0,0.5
3,3,44,logistic_regression,56,702,0,0.3116005253010899,0,0.5
3,3,44,logistic_regression,57,647,0,0.9612527614128634,1,0.5
3,3,44,logistic_regression,62,679,0,0.25629624228502307,0,0.5
3,3,44,logistic_regression,63,629,0,0.31244335656312333,0,0.5
3,3,44,logistic_regression,75,686,0,0.26045100459254933,0,0.5
3,3,44,logistic_regression,91,689,0,0.306906396130265,0,0.5
3,3,44,logistic_regression,94,637,0,0.27932133178993107,0,0.5
3,3,44,logistic_regression,95,604,0,0.19955885782721405,0,0.5
3,3,44,logistic_regression,99,641,0,0.28239253538287823,0,0.5
3,3,44,logistic_regression,116,597,0,0.2777071385978672,0,0.5
3,3,44,logistic_regression,118,560,0,0.2782618642132147,0,0.5
3,3,44,logistic_regression,131,581,1,0.9607736091270468,1,0.5
3,3,44,logistic_regression,132,565,0,0.26742543882232106,0,0.5
3,3,44,logistic_regression,133,651,0,0.3106685710475041,0,0.5
3,3,44,logistic_regression,139,556,0,0.28516153276471295,0,0.5
3,3,44,logistic_regression,141,194,0,0.18542126701720277,0,0.5
3,3,44,logistic_regression,142,591,0,0.23289195939582052,0,0.5
3,3,44,logistic_regression,148,643,0,0.3067106930535351,0,0.5
3,3,44,logistic_regression,152,438,0,0.9823978895367325,1,0.5
3,3,44,logistic_regression,153,423,0,0.2633635849875118,0,0.5
3,3,44,logistic_regression,165,572,0,0.3339465663323677,0,0.5
3,3,44,logistic_regression,176,452,0,0.17545660020467493,0,0.5
3,3,44,logistic_regression,185,488,1,0.9488816266735742,1,0.5
3,3,44,logistic_regression,192,459,0,0.2929452668587578,0,0.5
3,3,44,logistic_regression,199,460,0,0.2699594346346392,0,0.5
3,3,44,logistic_regression,200,443,0,0.30266574324205114,0,0.5
3,3,44,logistic_regression,201,441,0,0.33404329483550277,0,0.5
3,3,44,logistic_regression,206,496,0,0.270629412659702,0,0.5
3,3,44,logistic_regression,213,500,0,0.398229081964546,0,0.5
3,3,44,logistic_regression,214,550,1,0.948801962566269,1,0.5
3,3,44,logistic_regression,218,503,0,0.2990380151505642,0,0.5
3,3,44,logistic_regression,220,406,0,0.16723378966528665,0,0.5
3,3,44,logistic_regression,234,406,0,0.16723378966528665,0,0.5
3,3,44,logistic_regression,237,347,0,0.2265059798578905,0,0.5
3,3,44,logistic_regression,240,334,0,0.27966470540024657,0,0.5
3,3,44,logistic_regression,241,354,0,0.26501201194075336,0,0.5
3,3,44,logistic_regression,244,391,0,0.2846242949984617,0,0.5
3,3,44,logistic_regression,245,253,0,0.25613400905436323,0,0.5
3,3,44,logistic_regression,252,344,0,0.2983893623278437,0,0.5
3,3,44,logistic_regression,256,366,0,0.19256522487731584,0,0.5
3,3,44,logistic_regression,261,227,0,0.2643048659812987,0,0.5
3,3,44,logistic_regression,264,259,1,0.8496274882925685,1,0.5
3,3,44,logistic_regression,273,355,0,0.273785837843167,0,0.5
3,3,44,logistic_regression,274,349,0,0.26621133162334903,0,0.5
3,3,44,logistic_regression,276,241,0,0.29677368015408945,0,0.5
3,3,44,logistic_regression,293,221,0,0.25258852306519497,0,0.5
3,3,44,logistic_regression,295,283,0,0.315314060741999,0,0.5
3,3,44,logistic_regression,305,201,0,0.3139003774456076,0,0.5
3,3,44,logistic_regression,319,293,0,0.18165433013379984,0,0.5
3,3,44,logistic_regression,321,269,0,0.17977803343712023,0,0.5
3,3,44,logistic_regression,323,268,0,0.2781305683911675,0,0.5
3,3,44,logistic_regression,326,217,0,0.25880663288890904,0,0.5
3,3,44,logistic_regression,335,525,1,0.9722419070736403,1,0.5
3,3,44,logistic_regression,336,251,0,0.2691706928937301,0,0.5
3,3,44,logistic_regression,341,121,0,0.1785752355309795,0,0.5
3,3,44,logistic_regression,351,155,0,0.2912493550988905,0,0.5
3,3,44,logistic_regression,361,199,0,0.27823825816505876,0,0.5
3,3,44,logistic_regression,385,234,0,0.9524523801414624,1,0.5
3,3,44,logistic_regression,390,179,0,0.26611343419770106,0,0.5
3,3,44,logistic_regression,405,61,0,0.18304266608276812,0,0.5
3,3,44,logistic_regression,407,57,0,0.9553231982693478,1,0.5
3,3,44,logistic_regression,415,104,0,0.280281504526536,0,0.5
3,3,44,logistic_regression,416,70,0,0.26962783079615066,0,0.5
3,3,44,logistic_regression,420,97,0,0.2660881496737835,0,0.5
3,3,44,logistic_regression,421,433,1,0.9362508852777836,1,0.5
3,3,44,logistic_regression,429,73,0,0.27149740553522445,0,0.5
3,3,44,logistic_regression,431,70,0,0.26962783079615066,0,0.5
3,3,44,logistic_regression,433,28,0,0.8184650647918423,1,0.5
3,3,44,logistic_regression,437,26,0,0.25969151786280087,0,0.5
3,3,44,logistic_regression,438,195,0,0.27575301377450573,0,0.5
3,3,44,logistic_regression,442,26,0,0.25969151786280087,0,0.5
3,3,44,logistic_regression,459,3,0,0.2670265888190281,0,0.5
3,3,44,logistic_regression,461,19,0,0.2801651756612151,0,0.5
3,3,44,logistic_regression,468,11,0,0.2145234320880686,0,0.5
3,3,44,logistic_regression,486,496,0,0.270629412659702,0,0.5
3,3,44,logistic_regression,488,337,0,0.26895127886379605,0,0.5
3,3,44,logistic_regression,491,122,0,0.260419148697659,0,0.5
3,3,44,logistic_regression,504,428,0,0.2585831709869076,0,0.5
3,3,44,logistic_regression,510,17,0,0.2767741026214615,0,0.5
3,3,44,logistic_regression,513,96,0,0.26270857542845505,0,0.5
3,3,44,logistic_regression,515,603,0,0.30885839708762086,0,0.5
3,3,44,logistic_regression,516,174,0,0.2678804349584077,0,0.5
3,3,44,logistic_regression,524,628,0,0.27004381631886515,0,0.5
3,3,44,logistic_regression,526,469,0,0.29038341546288793,0,0.5
3,3,44,logistic_regression,527,262,0,0.18204477590188695,0,0.5
3,3,44,logistic_regression,529,652,0,0.29628529425635314,0,0.5
3,3,44,logistic_regression,537,365,0,0.32096370809667474,0,0.5
3,3,44,logistic_regression,539,76,1,0.9617242596021407,1,0.5
3,3,44,logistic_regression,544,50,0,0.19540887612703728,0,0.5
3,3,44,logistic_regression,545,532,0,0.2838405203180295,0,0.5
3,3,44,logistic_regression,549,662,1,0.8303053727986341,1,0.5
3,3,44,logistic_regression,565,335,0,0.5094104747625984,1,0.5
3,3,44,logistic_regression,567,383,0,0.28492083232772164,0,0.5
3,3,44,logistic_regression,572,373,0,0.3197380114184791,0,0.5
3,3,44,logistic_regression,573,523,0,0.29672462891045326,0,0.5
3,3,44,logistic_regression,587,687,0,0.34996441539458445,0,0.5
3,3,44,logistic_regression,590,56,0,0.26301025927597016,0,0.5
3,3,44,logistic_regression,595,248,0,0.27934640774316666,0,0.5
3,3,44,logistic_regression,603,440,0,0.2063633633875464,0,0.5
3,3,44,logistic_regression,608,135,0,0.2681370209451473,0,0.5
3,3,44,logistic_regression,610,230,1,0.9759605289854449,1,0.5
3,3,44,logistic_regression,613,299,0,0.2361839723280642,0,0.5
3,3,44,logistic_regression,622,710,0,0.2762297680918761,0,0.5
3,3,44,logistic_regression,630,424,0,0.29178864199185406,0,0.5
3,3,44,logistic_regression,631,187,0,0.3138638421868811,0,0.5
3,3,44,logistic_regression,632,226,0,0.27857639898678416,0,0.5
3,3,44,logistic_regression,638,221,0,0.25258852306519497,0,0.5
3,3,44,logistic_regression,642,512,0,0.31459087728233015,0,0.5
3,3,44,logistic_regression,643,21,0,0.5796753237669241,1,0.5
3,3,44,logistic_regression,646,27,0,0.9311080167196868,1,0.5
3,3,44,logistic_regression,649,613,0,0.567141175388855,1,0.5
3,3,44,logistic_regression,651,788,0,0.280722923944513,0,0.5
3,3,44,logistic_regression,652,826,0,0.6986180112902467,1,0.5
3,3,44,logistic_regression,653,216,1,0.6997872420967589,1,0.5
3,3,44,logistic_regression,656,294,0,0.27442953780419865,0,0.5
3,3,44,logistic_regression,658,85,0,0.27939539203383895,0,0.5
3,3,44,logistic_regression,667,829,0,0.30143984028657306,0,0.5
3,3,44,logistic_regression,669,755,0,0.9056253219797777,1,0.5
3,3,44,logistic_regression,676,828,0,0.3095446602892884,0,0.5
3,3,44,logistic_regression,677,814,0,0.25549138562170637,0,0.5
3,3,44,logistic_regression,683,762,0,0.27316097053395044,0,0.5
3,3,44,logistic_regression,685,820,0,0.25161958897475545,0,0.5
3,3,44,logistic_regression,691,420,0,0.8768097705820431,1,0.5
3,3,44,logistic_regression,698,473,0,0.28670703468260916,0,0.5
3,3,44,logistic_regression,701,524,0,0.18982065840025472,0,0.5
3,3,44,logistic_regression,703,42,0,0.27494099294396745,0,0.5
3,3,44,logistic_regression,704,781,0,0.8514027994599769,1,0.5
3,3,44,logistic_regression,705,806,0,0.18791178899499972,0,0.5
3,3,44,logistic_regression,708,254,0,0.2607108551636749,0,0.5
3,3,44,logistic_regression,721,655,0,0.2859719423550183,0,0.5
3,3,44,logistic_regression,725,214,0,0.26165081259841616,0,0.5
3,3,44,logistic_regression,731,291,0,0.2541080776940158,0,0.5
3,3,44,logistic_regression,732,417,0,0.22556882320791455,0,0.5
3,3,44,logistic_regression,733,587,0,0.29183228080046913,0,0.5
3,3,44,logistic_regression,735,6,0,0.20582223655023027,0,0.5
3,3,44,logistic_regression,738,477,0,0.4913616764276436,0,0.5
3,3,44,logistic_regression,744,66,0,0.3204275408816781,0,0.5
3,3,44,logistic_regression,746,342,0,0.29891893059196883,0,0.5
3,3,44,logistic_regression,749,541,0,0.3360392806621568,0,0.5
3,3,44,logistic_regression,750,99,0,0.9348220517286775,1,0.5
3,3,44,logistic_regression,755,563,0,0.28574898729167136,0,0.5
3,3,44,logistic_regression,757,360,0,0.29418470034703403,0,0.5
3,3,44,logistic_regression,761,607,0,0.21204801588280917,0,0.5
3,3,44,logistic_regression,763,785,0,0.4937989398764843,0,0.5
3,3,44,logistic_regression,773,23,0,0.2120819948869901,0,0.5
3,3,44,logistic_regression,792,314,0,0.21154933355028463,0,0.5
3,3,44,logistic_regression,800,302,0,0.2694675746087188,0,0.5
3,3,44,logistic_regression,801,691,0,0.3088170704837346,0,0.5
3,3,44,logistic_regression,806,62,0,0.3064818723811391,0,0.5
3,3,44,logistic_regression,809,519,0,0.2714473418079601,0,0.5
3,3,44,logistic_regression,812,4,0,0.29603275533667983,0,0.5
3,3,44,logistic_regression,813,163,0,0.27020837054544533,0,0.5
3,3,44,logistic_regression,814,22,1,0.23092539167208606,0,0.5
3,3,44,logistic_regression,820,352,0,0.27479918186746916,0,0.5
3,3,44,logistic_regression,821,602,0,0.2688755506650413,0,0.5
3,3,44,logistic_regression,825,794,0,0.269575639048798,0,0.5
3,3,44,logistic_regression,835,332,0,0.25323856609837697,0,0.5
3,3,44,logistic_regression,837,606,0,0.306039344913968,0,0.5
3,3,44,logistic_regression,842,722,0,0.3208899018334683,0,0.5
3,3,44,logistic_regression,846,680,0,0.26334209943996034,0,0.5
3,3,44,logistic_regression,848,598,0,0.2711514733818781,0,0.5
3,3,44,logistic_regression,853,672,0,0.2594188940968781,0,0.5
3,3,44,xgboost,8,809,0,0.006176120601594448,0,0.5
3,3,44,xgboost,19,773,0,0.0033120273146778345,0,0.5
3,3,44,xgboost,29,745,0,0.04195117950439453,0,0.5
3,3,44,xgboost,34,749,0,0.9329866766929626,1,0.5
3,3,44,xgboost,35,737,0,0.0036097769625484943,0,0.5
3,3,44,xgboost,40,746,0,0.0053507499396800995,0,0.5
3,3,44,xgboost,46,716,0,0.0028243970591574907,0,0.5
3,3,44,xgboost,50,721,0,0.013573694042861462,0,0.5
3,3,44,xgboost,53,695,0,0.0161165539175272,0,0.5
3,3,44,xgboost,54,708,0,0.004501583985984325,0,0.5
3,3,44,xgboost,56,702,0,0.02289266139268875,0,0.5
3,3,44,xgboost,57,647,0,0.7804281711578369,1,0.5
3,3,44,xgboost,62,679,0,0.0024575279094278812,0,0.5
3,3,44,xgboost,63,629,0,0.004652450326830149,0,0.5
3,3,44,xgboost,75,686,0,0.00623962702229619,0,0.5
3,3,44,xgboost,91,689,0,0.0025315990205854177,0,0.5
3,3,44,xgboost,94,637,0,0.004997964482754469,0,0.5
3,3,44,xgboost,95,604,0,0.003932543098926544,0,0.5
3,3,44,xgboost,99,641,0,0.003747082781046629,0,0.5
3,3,44,xgboost,116,597,0,0.005919354036450386,0,0.5
3,3,44,xgboost,118,560,0,0.007396444212645292,0,0.5
3,3,44,xgboost,131,581,1,0.9237092137336731,1,0.5
3,3,44,xgboost,132,565,0,0.005382767412811518,0,0.5
3,3,44,xgboost,133,651,0,0.011758916079998016,0,0.5
3,3,44,xgboost,139,556,0,0.011465818621218204,0,0.5
3,3,44,xgboost,141,194,0,0.08219903707504272,0,0.5
3,3,44,xgboost,142,591,0,0.011408810503780842,0,0.5
3,3,44,xgboost,148,643,0,0.005061566364020109,0,0.5
3,3,44,xgboost,152,438,0,0.9873817563056946,1,0.5
3,3,44,xgboost,153,423,0,0.0033991520758718252,0,0.5
3,3,44,xgboost,165,572,0,0.0024037871044129133,0,0.5
3,3,44,xgboost,176,452,0,0.003952862694859505,0,0.5
3,3,44,xgboost,185,488,1,0.9644274115562439,1,0.5
3,3,44,xgboost,192,459,0,0.02275785617530346,0,0.5
3,3,44,xgboost,199,460,0,0.006658540572971106,0,0.5
3,3,44,xgboost,200,443,0,0.01109820231795311,0,0.5
3,3,44,xgboost,201,441,0,0.02482033334672451,0,0.5
3,3,44,xgboost,206,496,0,0.00958648044615984,0,0.5
3,3,44,xgboost,213,500,0,0.003536662319675088,0,0.5
3,3,44,xgboost,214,550,1,0.8663120865821838,1,0.5
3,3,44,xgboost,218,503,0,0.04456060379743576,0,0.5
3,3,44,xgboost,220,406,0,0.004331919364631176,0,0.5
3,3,44,xgboost,234,406,0,0.004331919364631176,0,0.5
3,3,44,xgboost,237,347,0,0.004106222651898861,0,0.5
3,3,44,xgboost,240,334,0,0.0019193608313798904,0,0.5
3,3,44,xgboost,241,354,0,0.002542138798162341,0,0.5
3,3,44,xgboost,244,391,0,0.0064582861959934235,0,0.5
3,3,44,xgboost,245,253,0,0.0071181319653987885,0,0.5
3,3,44,xgboost,252,344,0,0.001725694048218429,0,0.5
3,3,44,xgboost,256,366,0,0.0033984819892793894,0,0.5
3,3,44,xgboost,261,227,0,0.017871348187327385,0,0.5
3,3,44,xgboost,264,259,1,0.82525634765625,1,0.5
3,3,44,xgboost,273,355,0,0.004103824961930513,0,0.5
3,3,44,xgboost,274,349,0,0.002542138798162341,0,0.5
3,3,44,xgboost,276,241,0,0.06545934826135635,0,0.5
3,3,44,xgboost,293,221,0,0.025116311386227608,0,0.5
3,3,44,xgboost,295,283,0,0.0012426392640918493,0,0.5
3,3,44,xgboost,305,201,0,0.11023259907960892,0,0.5
3,3,44,xgboost,319,293,0,0.0029390682466328144,0,0.5
3,3,44,xgboost,321,269,0,0.010595678351819515,0,0.5
3,3,44,xgboost,323,268,0,0.011195668950676918,0,0.5
3,3,44,xgboost,326,217,0,0.06706653535366058,0,0.5
3,3,44,xgboost,335,525,1,0.9462953209877014,1,0.5
3,3,44,xgboost,336,251,0,0.0027992718387395144,0,0.5
3,3,44,xgboost,341,121,0,0.00260964990593493,0,0.5
3,3,44,xgboost,351,155,0,0.0036553943064063787,0,0.5
3,3,44,xgboost,361,199,0,0.13248056173324585,0,0.5
3,3,44,xgboost,385,234,0,0.8780233860015869,1,0.5
3,3,44,xgboost,390,179,0,0.07064227759838104,0,0.5
3,3,44,xgboost,405,61,0,0.00452400604262948,0,0.5
3,3,44,xgboost,407,57,0,0.9406594634056091,1,0.5
3,3,44,xgboost,415,104,0,0.0054570408537983894,0,0.5
3,3,44,xgboost,416,70,0,0.0021511130034923553,0,0.5
3,3,44,xgboost,420,97,0,0.030537240207195282,0,0.5
3,3,44,xgboost,421,433,1,0.9505958557128906,1,0.5
3,3,44,xgboost,429,73,0,0.002114786533638835,0,0.5
3,3,44,xgboost,431,70,0,0.0021511130034923553,0,0.5
3,3,44,xgboost,433,28,0,0.6088939309120178,1,0.5
3,3,44,xgboost,437,26,0,0.001666036550886929,0,0.5
3,3,44,xgboost,438,195,0,0.10036209970712662,0,0.5
3,3,44,xgboost,442,26,0,0.001666036550886929,0,0.5
3,3,44,xgboost,459,3,0,0.003918441943824291,0,0.5
3,3,44,xgboost,461,19,0,0.0054570408537983894,0,0.5
3,3,44,xgboost,468,11,0,0.006661470979452133,0,0.5
3,3,44,xgboost,486,496,0,0.00958648044615984,0,0.5
3,3,44,xgboost,488,337,0,0.0014924712013453245,0,0.5
3,3,44,xgboost,491,122,0,0.005295699927955866,0,0.5
3,3,44,xgboost,504,428,0,0.005291885230690241,0,0.5
3,3,44,xgboost,510,17,0,0.00679869344457984,0,0.5
3,3,44,xgboost,513,96,0,0.009643916971981525,0,0.5
3,3,44,xgboost,515,603,0,0.008800940588116646,0,0.5
3,3,44,xgboost,516,174,0,0.032591503113508224,0,0.5
3,3,44,xgboost,524,628,0,0.0020949963945895433,0,0.5
3,3,44,xgboost,526,469,0,0.03547927364706993,0,0.5
3,3,44,xgboost,527,262,0,0.01001135352998972,0,0.5
3,3,44,xgboost,529,652,0,0.00388013175688684,0,0.5
3,3,44,xgboost,537,365,0,0.006538874469697475,0,0.5
3,3,44,xgboost,539,76,1,0.9014562964439392,1,0.5
3,3,44,xgboost,544,50,0,0.00713788066059351,0,0.5
3,3,44,xgboost,545,532,0,0.0033205333165824413,0,0.5
3,3,44,xgboost,549,662,1,0.814875602722168,1,0.5
3,3,44,xgboost,565,335,0,0.008315617218613625,0,0.5
3,3,44,xgboost,567,383,0,0.007640835829079151,0,0.5
3,3,44,xgboost,572,373,0,0.00298292119987309,0,0.5
3,3,44,xgboost,573,523,0,0.01051266584545374,0,0.5
3,3,44,xgboost,587,687,0,0.041514866054058075,0,0.5
3,3,44,xgboost,590,56,0,0.004751876927912235,0,0.5
3,3,44,xgboost,595,248,0,0.003561019664630294,0,0.5
3,3,44,xgboost,603,440,0,0.0031585581600666046,0,0.5
3,3,44,xgboost,608,135,0,0.005108860321342945,0,0.5
3,3,44,xgboost,610,230,1,0.9896830320358276,1,0.5
3,3,44,xgboost,613,299,0,0.002548420336097479,0,0.5
3,3,44,xgboost,622,710,0,0.009238052181899548,0,0.5
3,3,44,xgboost,630,424,0,0.026176566258072853,0,0.5
3,3,44,xgboost,631,187,0,0.11020970344543457,0,0.5
3,3,44,xgboost,632,226,0,0.024589156731963158,0,0.5
3,3,44,xgboost,638,221,0,0.025116311386227608,0,0.5
3,3,44,xgboost,642,512,0,0.12809668481349945,0,0.5
3,3,44,xgboost,643,21,0,0.07218834012746811,0,0.5
3,3,44,xgboost,646,27,0,0.8951555490493774,1,0.5
3,3,44,xgboost,649,613,0,0.06060652434825897,0,0.5
3,3,44,xgboost,651,788,0,0.002493252046406269,0,0.5
3,3,44,xgboost,652,826,0,0.12125168740749359,0,0.5
3,3,44,xgboost,653,216,1,0.30026155710220337,0,0.5
3,3,44,xgboost,656,294,0,0.0029866360127925873,0,0.5
3,3,44,xgboost,658,85,0,0.00731691624969244,0,0.5
3,3,44,xgboost,667,829,0,0.006821560673415661,0,0.5
3,3,44,xgboost,669,755,0,0.9500125646591187,1,0.5
3,3,44,xgboost,676,828,0,0.009876931086182594,0,0.5
3,3,44,xgboost,677,814,0,0.009445617906749249,0,0.5
3,3,44,xgboost,683,762,0,0.0035085277631878853,0,0.5
3,3,44,xgboost,685,820,0,0.004126987420022488,0,0.5
3,3,44,xgboost,691,420,0,0.9002473950386047,1,0.5
3,3,44,xgboost,698,473,0,0.006369341164827347,0,0.5
3,3,44,xgboost,701,524,0,0.0045882523991167545,0,0.5
3,3,44,xgboost,703,42,0,0.0041501931846141815,0,0.5
3,3,44,xgboost,704,781,0,0.8389847874641418,1,0.5
3,3,44,xgboost,705,806,0,0.003789030248299241,0,0.5
3,3,44,xgboost,708,254,0,0.0069401562213897705,0,0.5
3,3,44,xgboost,721,655,0,0.0031425580382347107,0,0.5
3,3,44,xgboost,725,214,0,0.011505377478897572,0,0.5
3,3,44,xgboost,731,291,0,0.003133281832560897,0,0.5
3,3,44,xgboost,732,417,0,0.003467345843091607,0,0.5
3,3,44,xgboost,733,587,0,0.010486047714948654,0,0.5
3,3,44,xgboost,735,6,0,0.0031228039879351854,0,0.5
3,3,44,xgboost,738,477,0,0.027033980935811996,0,0.5
3,3,44,xgboost,744,66,0,0.006927207112312317,0,0.5
3,3,44,xgboost,746,342,0,0.056091293692588806,0,0.5
3,3,44,xgboost,749,541,0,0.01667618751525879,0,0.5
3,3,44,xgboost,750,99,0,0.6987708210945129,1,0.5
3,3,44,xgboost,755,563,0,0.004704026039689779,0,0.5
3,3,44,xgboost,757,360,0,0.004584468901157379,0,0.5
3,3,44,xgboost,761,607,0,0.0033229694236069918,0,0.5
3,3,44,xgboost,763,785,0,0.005597433540970087,0,0.5
3,3,44,xgboost,773,23,0,0.004850712139159441,0,0.5
3,3,44,xgboost,792,314,0,0.002638688310980797,0,0.5
3,3,44,xgboost,800,302,0,0.0016955521423369646,0,0.5
3,3,44,xgboost,801,691,0,0.006584426388144493,0,0.5
3,3,44,xgboost,806,62,0,0.00490705156698823,0,0.5
3,3,44,xgboost,809,519,0,0.0037782841827720404,0,0.5
3,3,44,xgboost,812,4,0,0.008927633985877037,0,0.5
3,3,44,xgboost,813,163,0,0.04206063970923424,0,0.5
3,3,44,xgboost,814,22,1,0.0054046413861215115,0,0.5
3,3,44,xgboost,820,352,0,0.007624950725585222,0,0.5
3,3,44,xgboost,821,602,0,0.00671318219974637,0,0.5
3,3,44,xgboost,825,794,0,0.005088105332106352,0,0.5
3,3,44,xgboost,835,332,0,0.006180948577821255,0,0.5
3,3,44,xgboost,837,606,0,0.037157200276851654,0,0.5
3,3,44,xgboost,842,722,0,0.00461557088419795,0,0.5
3,3,44,xgboost,846,680,0,0.0059198117814958096,0,0.5
3,3,44,xgboost,848,598,0,0.01194126158952713,0,0.5
3,3,44,xgboost,853,672,0,0.021943530067801476,0,0.5
3,4,44,dummy_prior,2,660,0,0.06404657933042213,0,0.5
3,4,44,dummy_prior,10,807,0,0.06404657933042213,0,0.5
3,4,44,dummy_prior,12,812,0,0.06404657933042213,0,0.5
3,4,44,dummy_prior,16,790,0,0.06404657933042213,0,0.5
3,4,44,dummy_prior,17,799,0,0.06404657933042213,0,0.5
3,4,44,dummy_prior,28,742,0,0.06404657933042213,0,0.5
3,4,44,dummy_prior,33,734,0,0.06404657933042213,0,0.5
3,4,44,dummy_prior,42,724,0,0.06404657933042213,0,0.5
3,4,44,dummy_prior,44,740,1,0.06404657933042213,0,0.5
3,4,44,dummy_prior,45,709,0,0.06404657933042213,0,0.5
3,4,44,dummy_prior,55,789,0,0.06404657933042213,0,0.5
3,4,44,dummy_prior,65,736,0,0.06404657933042213,0,0.5
3,4,44,dummy_prior,69,705,0,0.06404657933042213,0,0.5
3,4,44,dummy_prior,71,677,0,0.06404657933042213,0,0.5
3,4,44,dummy_prior,74,681,0,0.06404657933042213,0,0.5
3,4,44,dummy_prior,76,675,0,0.06404657933042213,0,0.5
3,4,44,dummy_prior,78,693,0,0.06404657933042213,0,0.5
3,4,44,dummy_prior,79,684,0,0.06404657933042213,0,0.5
3,4,44,dummy_prior,88,618,0,0.06404657933042213,0,0.5
3,4,44,dummy_prior,89,632,0,0.06404657933042213,0,0.5
3,4,44,dummy_prior,96,701,1,0.06404657933042213,0,0.5
3,4,44,dummy_prior,97,678,0,0.06404657933042213,0,0.5
3,4,44,dummy_prior,110,619,0,0.06404657933042213,0,0.5
3,4,44,dummy_prior,117,570,0,0.06404657933042213,0,0.5
3,4,44,dummy_prior,120,627,0,0.06404657933042213,0,0.5
3,4,44,dummy_prior,121,579,0,0.06404657933042213,0,0.5
3,4,44,dummy_prior,124,571,0,0.06404657933042213,0,0.5
3,4,44,dummy_prior,127,520,0,0.06404657933042213,0,0.5
3,4,44,dummy_prior,134,568,0,0.06404657933042213,0,0.5
3,4,44,dummy_prior,135,465,0,0.06404657933042213,0,0.5
3,4,44,dummy_prior,155,507,0,0.06404657933042213,0,0.5
3,4,44,dummy_prior,161,490,0,0.06404657933042213,0,0.5
3,4,44,dummy_prior,163,509,1,0.06404657933042213,0,0.5
3,4,44,dummy_prior,167,461,0,0.06404657933042213,0,0.5
3,4,44,dummy_prior,177,468,0,0.06404657933042213,0,0.5
3,4,44,dummy_prior,180,414,0,0.06404657933042213,0,0.5
3,4,44,dummy_prior,181,462,0,0.06404657933042213,0,0.5
3,4,44,dummy_prior,182,392,0,0.06404657933042213,0,0.5
3,4,44,dummy_prior,184,411,0,0.06404657933042213,0,0.5
3,4,44,dummy_prior,187,501,0,0.06404657933042213,0,0.5
3,4,44,dummy_prior,198,447,0,0.06404657933042213,0,0.5
3,4,44,dummy_prior,202,454,0,0.06404657933042213,0,0.5
3,4,44,dummy_prior,203,494,1,0.06404657933042213,0,0.5
3,4,44,dummy_prior,215,372,0,0.06404657933042213,0,0.5
3,4,44,dummy_prior,219,324,0,0.06404657933042213,0,0.5
3,4,44,dummy_prior,225,511,0,0.06404657933042213,0,0.5
3,4,44,dummy_prior,226,409,0,0.06404657933042213,0,0.5
3,4,44,dummy_prior,230,304,0,0.06404657933042213,0,0.5
3,4,44,dummy_prior,239,497,0,0.06404657933042213,0,0.5
3,4,44,dummy_prior,248,381,0,0.06404657933042213,0,0.5
3,4,44,dummy_prior,250,379,0,0.06404657933042213,0,0.5
3,4,44,dummy_prior,255,379,0,0.06404657933042213,0,0.5
3,4,44,dummy_prior,263,296,0,0.06404657933042213,0,0.5
3,4,44,dummy_prior,265,247,0,0.06404657933042213,0,0.5
3,4,44,dummy_prior,266,232,0,0.06404657933042213,0,0.5
3,4,44,dummy_prior,269,410,0,0.06404657933042213,0,0.5
3,4,44,dummy_prior,271,359,0,0.06404657933042213,0,0.5
3,4,44,dummy_prior,272,330,0,0.06404657933042213,0,0.5
3,4,44,dummy_prior,284,252,0,0.06404657933042213,0,0.5
3,4,44,dummy_prior,285,430,0,0.06404657933042213,0,0.5
3,4,44,dummy_prior,291,289,0,0.06404657933042213,0,0.5
3,4,44,dummy_prior,296,358,0,0.06404657933042213,0,0.5
3,4,44,dummy_prior,297,220,0,0.06404657933042213,0,0.5
3,4,44,dummy_prior,301,202,0,0.06404657933042213,0,0.5
3,4,44,dummy_prior,302,323,0,0.06404657933042213,0,0.5
3,4,44,dummy_prior,313,370,0,0.06404657933042213,0,0.5
3,4,44,dummy_prior,317,170,0,0.06404657933042213,0,0.5
3,4,44,dummy_prior,322,180,0,0.06404657933042213,0,0.5
3,4,44,dummy_prior,324,654,0,0.06404657933042213,0,0.5
3,4,44,dummy_prior,331,446,0,0.06404657933042213,0,0.5
3,4,44,dummy_prior,334,229,0,0.06404657933042213,0,0.5
3,4,44,dummy_prior,345,276,1,0.06404657933042213,0,0.5
3,4,44,dummy_prior,349,235,0,0.06404657933042213,0,0.5
3,4,44,dummy_prior,353,223,0,0.06404657933042213,0,0.5
3,4,44,dummy_prior,354,811,0,0.06404657933042213,0,0.5
3,4,44,dummy_prior,355,140,0,0.06404657933042213,0,0.5
3,4,44,dummy_prior,369,82,0,0.06404657933042213,0,0.5
3,4,44,dummy_prior,382,400,0,0.06404657933042213,0,0.5
3,4,44,dummy_prior,383,134,1,0.06404657933042213,0,0.5
3,4,44,dummy_prior,384,78,0,0.06404657933042213,0,0.5
3,4,44,dummy_prior,386,90,0,0.06404657933042213,0,0.5
3,4,44,dummy_prior,388,185,0,0.06404657933042213,0,0.5
3,4,44,dummy_prior,395,82,0,0.06404657933042213,0,0.5
3,4,44,dummy_prior,400,55,0,0.06404657933042213,0,0.5
3,4,44,dummy_prior,404,88,0,0.06404657933042213,0,0.5
3,4,44,dummy_prior,408,60,0,0.06404657933042213,0,0.5
3,4,44,dummy_prior,413,698,0,0.06404657933042213,0,0.5
3,4,44,dummy_prior,418,47,0,0.06404657933042213,0,0.5
3,4,44,dummy_prior,422,89,0,0.06404657933042213,0,0.5
3,4,44,dummy_prior,425,35,0,0.06404657933042213,0,0.5
3,4,44,dummy_prior,428,29,0,0.06404657933042213,0,0.5
3,4,44,dummy_prior,432,600,0,0.06404657933042213,0,0.5
3,4,44,dummy_prior,443,10,0,0.06404657933042213,0,0.5
3,4,44,dummy_prior,446,107,0,0.06404657933042213,0,0.5
3,4,44,dummy_prior,449,75,0,0.06404657933042213,0,0.5
3,4,44,dummy_prior,451,32,0,0.06404657933042213,0,0.5
3,4,44,dummy_prior,453,10,0,0.06404657933042213,0,0.5
3,4,44,dummy_prior,457,18,0,0.06404657933042213,0,0.5
3,4,44,dummy_prior,458,35,0,0.06404657933042213,0,0.5
3,4,44,dummy_prior,460,5,0,0.06404657933042213,0,0.5
3,4,44,dummy_prior,471,94,0,0.06404657933042213,0,0.5
3,4,44,dummy_prior,481,608,0,0.06404657933042213,0,0.5
3,4,44,dummy_prior,487,483,0,0.06404657933042213,0,0.5
3,4,44,dummy_prior,489,151,0,0.06404657933042213,0,0.5
3,4,44,dummy_prior,497,356,0,0.06404657933042213,0,0.5
3,4,44,dummy_prior,498,663,0,0.06404657933042213,0,0.5
3,4,44,dummy_prior,499,614,0,0.06404657933042213,0,0.5
3,4,44,dummy_prior,501,610,0,0.06404657933042213,0,0.5
3,4,44,dummy_prior,511,38,0,0.06404657933042213,0,0.5
3,4,44,dummy_prior,519,123,0,0.06404657933042213,0,0.5
3,4,44,dummy_prior,542,146,0,0.06404657933042213,0,0.5
3,4,44,dummy_prior,546,213,0,0.06404657933042213,0,0.5
3,4,44,dummy_prior,554,20,0,0.06404657933042213,0,0.5
3,4,44,dummy_prior,557,458,0,0.06404657933042213,0,0.5
3,4,44,dummy_prior,559,162,0,0.06404657933042213,0,0.5
3,4,44,dummy_prior,569,802,0,0.06404657933042213,0,0.5
3,4,44,dummy_prior,570,559,0,0.06404657933042213,0,0.5
3,4,44,dummy_prior,574,309,0,0.06404657933042213,0,0.5
3,4,44,dummy_prior,580,55,0,0.06404657933042213,0,0.5
3,4,44,dummy_prior,581,59,0,0.06404657933042213,0,0.5
3,4,44,dummy_prior,599,176,0,0.06404657933042213,0,0.5
3,4,44,dummy_prior,600,506,0,0.06404657933042213,0,0.5
3,4,44,dummy_prior,612,225,0,0.06404657933042213,0,0.5
3,4,44,dummy_prior,616,376,0,0.06404657933042213,0,0.5
3,4,44,dummy_prior,618,130,0,0.06404657933042213,0,0.5
3,4,44,dummy_prior,619,320,0,0.06404657933042213,0,0.5
3,4,44,dummy_prior,620,363,0,0.06404657933042213,0,0.5
3,4,44,dummy_prior,637,493,0,0.06404657933042213,0,0.5
3,4,44,dummy_prior,639,52,0,0.06404657933042213,0,0.5
3,4,44,dummy_prior,641,761,0,0.06404657933042213,0,0.5
3,4,44,dummy_prior,654,810,0,0.06404657933042213,0,0.5
3,4,44,dummy_prior,655,236,1,0.06404657933042213,0,0.5
3,4,44,dummy_prior,662,502,0,0.06404657933042213,0,0.5
3,4,44,dummy_prior,663,310,0,0.06404657933042213,0,0.5
3,4,44,dummy_prior,664,756,1,0.06404657933042213,0,0.5
3,4,44,dummy_prior,668,830,0,0.06404657933042213,0,0.5
3,4,44,dummy_prior,672,0,0,0.06404657933042213,0,0.5
3,4,44,dummy_prior,673,819,1,0.06404657933042213,0,0.5
3,4,44,dummy_prior,681,793,0,0.06404657933042213,0,0.5
3,4,44,dummy_prior,682,827,0,0.06404657933042213,0,0.5
3,4,44,dummy_prior,684,815,0,0.06404657933042213,0,0.5
3,4,44,dummy_prior,686,704,1,0.06404657933042213,0,0.5
3,4,44,dummy_prior,694,486,0,0.06404657933042213,0,0.5
3,4,44,dummy_prior,702,439,0,0.06404657933042213,0,0.5
3,4,44,dummy_prior,716,144,0,0.06404657933042213,0,0.5
3,4,44,dummy_prior,720,427,0,0.06404657933042213,0,0.5
3,4,44,dummy_prior,724,554,0,0.06404657933042213,0,0.5
3,4,44,dummy_prior,726,530,0,0.06404657933042213,0,0.5
3,4,44,dummy_prior,728,623,0,0.06404657933042213,0,0.5
3,4,44,dummy_prior,748,393,0,0.06404657933042213,0,0.5
3,4,44,dummy_prior,751,778,0,0.06404657933042213,0,0.5
3,4,44,dummy_prior,760,44,0,0.06404657933042213,0,0.5
3,4,44,dummy_prior,786,401,1,0.06404657933042213,0,0.5
3,4,44,dummy_prior,787,256,0,0.06404657933042213,0,0.5
3,4,44,dummy_prior,788,752,0,0.06404657933042213,0,0.5
3,4,44,dummy_prior,789,164,0,0.06404657933042213,0,0.5
3,4,44,dummy_prior,793,353,0,0.06404657933042213,0,0.5
3,4,44,dummy_prior,798,396,0,0.06404657933042213,0,0.5
3,4,44,dummy_prior,807,717,0,0.06404657933042213,0,0.5
3,4,44,dummy_prior,816,233,0,0.06404657933042213,0,0.5
3,4,44,dummy_prior,818,700,0,0.06404657933042213,0,0.5
3,4,44,dummy_prior,824,720,0,0.06404657933042213,0,0.5
3,4,44,dummy_prior,826,650,0,0.06404657933042213,0,0.5
3,4,44,dummy_prior,827,688,0,0.06404657933042213,0,0.5
3,4,44,dummy_prior,831,777,0,0.06404657933042213,0,0.5
3,4,44,dummy_prior,839,601,0,0.06404657933042213,0,0.5
3,4,44,dummy_prior,840,346,0,0.06404657933042213,0,0.5
3,4,44,dummy_prior,841,297,0,0.06404657933042213,0,0.5
3,4,44,dummy_prior,847,574,0,0.06404657933042213,0,0.5
3,4,44,dummy_prior,849,620,0,0.06404657933042213,0,0.5
3,4,44,dummy_prior,854,616,0,0.06404657933042213,0,0.5
3,4,44,logistic_regression,2,660,0,0.22039607469690214,0,0.5
3,4,44,logistic_regression,10,807,0,0.24252190426985792,0,0.5
3,4,44,logistic_regression,12,812,0,0.30245657185548325,0,0.5
3,4,44,logistic_regression,16,790,0,0.2314213249674514,0,0.5
3,4,44,logistic_regression,17,799,0,0.3181903561675295,0,0.5
3,4,44,logistic_regression,28,742,0,0.2572432584444142,0,0.5
3,4,44,logistic_regression,33,734,0,0.2523518997522584,0,0.5
3,4,44,logistic_regression,42,724,0,0.30995550411634726,0,0.5
3,4,44,logistic_regression,44,740,1,0.8108136068385141,1,0.5
3,4,44,logistic_regression,45,709,0,0.28932992761290716,0,0.5
3,4,44,logistic_regression,55,789,0,0.28603127787284366,0,0.5
3,4,44,logistic_regression,65,736,0,0.2725918101195205,0,0.5
3,4,44,logistic_regression,69,705,0,0.21405558750536913,0,0.5
3,4,44,logistic_regression,71,677,0,0.20509386313837488,0,0.5
3,4,44,logistic_regression,74,681,0,0.2767107351415381,0,0.5
3,4,44,logistic_regression,76,675,0,0.26613229938285865,0,0.5
3,4,44,logistic_regression,78,693,0,0.8078443491065215,1,0.5
3,4,44,logistic_regression,79,684,0,0.25574256309473437,0,0.5
3,4,44,logistic_regression,88,618,0,0.2451650252258054,0,0.5
3,4,44,logistic_regression,89,632,0,0.2289538747174919,0,0.5
3,4,44,logistic_regression,96,701,1,0.9895477662539299,1,0.5
3,4,44,logistic_regression,97,678,0,0.25525100562632097,0,0.5
3,4,44,logistic_regression,110,619,0,0.23944494591653612,0,0.5
3,4,44,logistic_regression,117,570,0,0.198439491062659,0,0.5
3,4,44,logistic_regression,120,627,0,0.2821907592651948,0,0.5
3,4,44,logistic_regression,121,579,0,0.25026246844356054,0,0.5
3,4,44,logistic_regression,124,571,0,0.28475639911946954,0,0.5
3,4,44,logistic_regression,127,520,0,0.29440787884696984,0,0.5
3,4,44,logistic_regression,134,568,0,0.6452711650331588,1,0.5
3,4,44,logistic_regression,135,465,0,0.26626170153932605,0,0.5
3,4,44,logistic_regression,155,507,0,0.29529945866256946,0,0.5
3,4,44,logistic_regression,161,490,0,0.2584768931687662,0,0.5
3,4,44,logistic_regression,163,509,1,0.26202706788063446,0,0.5
3,4,44,logistic_regression,167,461,0,0.36097115234305727,0,0.5
3,4,44,logistic_regression,177,468,0,0.2409530849843962,0,0.5
3,4,44,logistic_regression,180,414,0,0.27839117312054706,0,0.5
3,4,44,logistic_regression,181,462,0,0.23593160915443678,0,0.5
3,4,44,logistic_regression,182,392,0,0.2489516208921288,0,0.5
3,4,44,logistic_regression,184,411,0,0.2595680518246332,0,0.5
3,4,44,logistic_regression,187,501,0,0.4021123931031652,0,0.5
3,4,44,logistic_regression,198,447,0,0.26139166252691076,0,0.5
3,4,44,logistic_regression,202,454,0,0.3055257739826727,0,0.5
3,4,44,logistic_regression,203,494,1,0.945485372285548,1,0.5
3,4,44,logistic_regression,215,372,0,0.23813264804385004,0,0.5
3,4,44,logistic_regression,219,324,0,0.2759774683152526,0,0.5
3,4,44,logistic_regression,225,511,0,0.21857610199362104,0,0.5
3,4,44,logistic_regression,226,409,0,0.24625546868931586,0,0.5
3,4,44,logistic_regression,230,304,0,0.24509959243070925,0,0.5
3,4,44,logistic_regression,239,497,0,0.30933151554775135,0,0.5
3,4,44,logistic_regression,248,381,0,0.2623961893843432,0,0.5
3,4,44,logistic_regression,250,379,0,0.2529731357162458,0,0.5
3,4,44,logistic_regression,255,379,0,0.2529731357162458,0,0.5
3,4,44,logistic_regression,263,296,0,0.36269476709328413,0,0.5
3,4,44,logistic_regression,265,247,0,0.3519780481859925,0,0.5
3,4,44,logistic_regression,266,232,0,0.2432591173822021,0,0.5
3,4,44,logistic_regression,269,410,0,0.25863594131030826,0,0.5
3,4,44,logistic_regression,271,359,0,0.2292352604837055,0,0.5
3,4,44,logistic_regression,272,330,0,0.3272824469200891,0,0.5
3,4,44,logistic_regression,284,252,0,0.23098986563553045,0,0.5
3,4,44,logistic_regression,285,430,0,0.24928977621326232,0,0.5
3,4,44,logistic_regression,291,289,0,0.26387999720799254,0,0.5
3,4,44,logistic_regression,296,358,0,0.23395036613623657,0,0.5
3,4,44,logistic_regression,297,220,0,0.2203526961456802,0,0.5
3,4,44,logistic_regression,301,202,0,0.23068889997181719,0,0.5
3,4,44,logistic_regression,302,323,0,0.31431612904233225,0,0.5
3,4,44,logistic_regression,313,370,0,0.24831733518457455,0,0.5
3,4,44,logistic_regression,317,170,0,0.24925138275265057,0,0.5
3,4,44,logistic_regression,322,180,0,0.25994439207406494,0,0.5
3,4,44,logistic_regression,324,654,0,0.26203560728561615,0,0.5
3,4,44,logistic_regression,331,446,0,0.304494535300353,0,0.5
3,4,44,logistic_regression,334,229,0,0.2573201897839148,0,0.5
3,4,44,logistic_regression,345,276,1,0.8049696997906364,1,0.5
3,4,44,logistic_regression,349,235,0,0.252746694049092,0,0.5
3,4,44,logistic_regression,353,223,0,0.2461050874366193,0,0.5
3,4,44,logistic_regression,354,811,0,0.9191106223785188,1,0.5
3,4,44,logistic_regression,355,140,0,0.3517571010679869,0,0.5
3,4,44,logistic_regression,369,82,0,0.25277169394451254,0,0.5
3,4,44,logistic_regression,382,400,0,0.21983264044079756,0,0.5
3,4,44,logistic_regression,383,134,1,0.9348635700985363,1,0.5
3,4,44,logistic_regression,384,78,0,0.3361005394834159,0,0.5
3,4,44,logistic_regression,386,90,0,0.630753521498159,1,0.5
3,4,44,logistic_regression,388,185,0,0.27576653658505274,0,0.5
3,4,44,logistic_regression,395,82,0,0.25277169394451254,0,0.5
3,4,44,logistic_regression,400,55,0,0.25255362792060376,0,0.5
3,4,44,logistic_regression,404,88,0,0.2625015823288844,0,0.5
3,4,44,logistic_regression,408,60,0,0.2458690646298362,0,0.5
3,4,44,logistic_regression,413,698,0,0.26719942858650475,0,0.5
3,4,44,logistic_regression,418,47,0,0.33707187410117717,0,0.5
3,4,44,logistic_regression,422,89,0,0.6481210280457247,1,0.5
3,4,44,logistic_regression,425,35,0,0.2516332516441546,0,0.5
3,4,44,logistic_regression,428,29,0,0.3097454253993678,0,0.5
3,4,44,logistic_regression,432,600,0,0.37053953635996206,0,0.5
3,4,44,logistic_regression,443,10,0,0.24325143584554354,0,0.5
3,4,44,logistic_regression,446,107,0,0.28673527985272435,0,0.5
3,4,44,logistic_regression,449,75,0,0.25901586199421195,0,0.5
3,4,44,logistic_regression,451,32,0,0.21605541278803217,0,0.5
3,4,44,logistic_regression,453,10,0,0.24325143584554354,0,0.5
3,4,44,logistic_regression,457,18,0,0.5686907484313177,1,0.5
3,4,44,logistic_regression,458,35,0,0.5379033976101197,1,0.5
3,4,44,logistic_regression,460,5,0,0.22239510421450787,0,0.5
3,4,44,logistic_regression,471,94,0,0.2508968085082306,0,0.5
3,4,44,logistic_regression,481,608,0,0.23052766494023696,0,0.5
3,4,44,logistic_regression,487,483,0,0.2469325053273783,0,0.5
3,4,44,logistic_regression,489,151,0,0.23047681554530547,0,0.5
3,4,44,logistic_regression,497,356,0,0.3206456412670805,0,0.5
3,4,44,logistic_regression,498,663,0,0.2965368476090451,0,0.5
3,4,44,logistic_regression,499,614,0,0.2877151980081557,0,0.5
3,4,44,logistic_regression,501,610,0,0.25757687901935244,0,0.5
3,4,44,logistic_regression,511,38,0,0.25127009396691835,0,0.5
3,4,44,logistic_regression,519,123,0,0.25779182249699584,0,0.5
3,4,44,logistic_regression,542,146,0,0.22319182792897244,0,0.5
3,4,44,logistic_regression,546,213,0,0.3234881855534249,0,0.5
3,4,44,logistic_regression,554,20,0,0.24435856693486252,0,0.5
3,4,44,logistic_regression,557,458,0,0.2656964600454391,0,0.5
3,4,44,logistic_regression,559,162,0,0.2673130760358599,0,0.5
3,4,44,logistic_regression,569,802,0,0.21331086771409413,0,0.5
3,4,44,logistic_regression,570,559,0,0.25859886121401277,0,0.5
3,4,44,logistic_regression,574,309,0,0.2570524960588157,0,0.5
3,4,44,logistic_regression,580,55,0,0.25255362792060376,0,0.5
3,4,44,logistic_regression,581,59,0,0.26752103913482245,0,0.5
3,4,44,logistic_regression,599,176,0,0.2985803413284548,0,0.5
3,4,44,logistic_regression,600,506,0,0.22428234259415772,0,0.5
3,4,44,logistic_regression,612,225,0,0.2981482214027538,0,0.5
3,4,44,logistic_regression,616,376,0,0.3116222383662086,0,0.5
3,4,44,logistic_regression,618,130,0,0.2508051364314121,0,0.5
3,4,44,logistic_regression,619,320,0,0.3023651728705393,0,0.5
3,4,44,logistic_regression,620,363,0,0.2958790904789674,0,0.5
3,4,44,logistic_regression,637,493,0,0.31342685786414143,0,0.5
3,4,44,logistic_regression,639,52,0,0.25257339403452206,0,0.5
3,4,44,logistic_regression,641,761,0,0.2453355856151557,0,0.5
3,4,44,logistic_regression,654,810,0,0.7188699019896774,1,0.5
3,4,44,logistic_regression,655,236,1,0.5590112762492853,1,0.5
3,4,44,logistic_regression,662,502,0,0.33502521948483466,0,0.5
3,4,44,logistic_regression,663,310,0,0.2655825540850607,0,0.5
3,4,44,logistic_regression,664,756,1,0.9801881667043415,1,0.5
3,4,44,logistic_regression,668,830,0,0.8429779123798131,1,0.5
3,4,44,logistic_regression,672,0,0,0.25330423009459546,0,0.5
3,4,44,logistic_regression,673,819,1,0.7626286798809297,1,0.5
3,4,44,logistic_regression,681,793,0,0.2084773198419905,0,0.5
3,4,44,logistic_regression,682,827,0,0.33466136974371774,0,0.5
3,4,44,logistic_regression,684,815,0,0.29951532029936473,0,0.5
3,4,44,logistic_regression,686,704,1,0.723761955241079,1,0.5
3,4,44,logistic_regression,694,486,0,0.36732711406719765,0,0.5
3,4,44,logistic_regression,702,439,0,0.35590764341135184,0,0.5
3,4,44,logistic_regression,716,144,0,0.2534867296538996,0,0.5
3,4,44,logistic_regression,720,427,0,0.2639736987861251,0,0.5
3,4,44,logistic_regression,724,554,0,0.24977277175555165,0,0.5
3,4,44,logistic_regression,726,530,0,0.26956115061478714,0,0.5
3,4,44,logistic_regression,728,623,0,0.24463083727649995,0,0.5
3,4,44,logistic_regression,748,393,0,0.2555530385253349,0,0.5
3,4,44,logistic_regression,751,778,0,0.24315113466018767,0,0.5
3,4,44,logistic_regression,760,44,0,0.3409545286590035,0,0.5
3,4,44,logistic_regression,786,401,1,0.9407529209476858,1,0.5
3,4,44,logistic_regression,787,256,0,0.2854588409638833,0,0.5
3,4,44,logistic_regression,788,752,0,0.7276343395013637,1,0.5
3,4,44,logistic_regression,789,164,0,0.31567786751576465,0,0.5
3,4,44,logistic_regression,793,353,0,0.23829220106820756,0,0.5
3,4,44,logistic_regression,798,396,0,0.23728555207428836,0,0.5
3,4,44,logistic_regression,807,717,0,0.5463595988530743,1,0.5
3,4,44,logistic_regression,816,233,0,0.4838629826070891,0,0.5
3,4,44,logistic_regression,818,700,0,0.339341710182483,0,0.5
3,4,44,logistic_regression,824,720,0,0.22734894109346526,0,0.5
3,4,44,logistic_regression,826,650,0,0.24075089559994403,0,0.5
3,4,44,logistic_regression,827,688,0,0.25097399617721844,0,0.5
3,4,44,logistic_regression,831,777,0,0.2919880919360148,0,0.5
3,4,44,logistic_regression,839,601,0,0.3763681263382929,0,0.5
3,4,44,logistic_regression,840,346,0,0.27697577147897834,0,0.5
3,4,44,logistic_regression,841,297,0,0.23397795416465345,0,0.5
3,4,44,logistic_regression,847,574,0,0.22116001706578478,0,0.5
3,4,44,logistic_regression,849,620,0,0.3293843185032471,0,0.5
3,4,44,logistic_regression,854,616,0,0.24385629264025455,0,0.5
3,4,44,xgboost,2,660,0,0.01495619397610426,0,0.5
3,4,44,xgboost,10,807,0,0.010683643631637096,0,0.5
3,4,44,xgboost,12,812,0,0.008337887935340405,0,0.5
3,4,44,xgboost,16,790,0,0.019690772518515587,0,0.5
3,4,44,xgboost,17,799,0,0.007665812969207764,0,0.5
3,4,44,xgboost,28,742,0,0.007707085460424423,0,0.5
3,4,44,xgboost,33,734,0,0.009342614561319351,0,0.5
3,4,44,xgboost,42,724,0,0.015696663409471512,0,0.5
3,4,44,xgboost,44,740,1,0.871127188205719,1,0.5
3,4,44,xgboost,45,709,0,0.05117577314376831,0,0.5
3,4,44,xgboost,55,789,0,0.009362840093672276,0,0.5
3,4,44,xgboost,65,736,0,0.008382185362279415,0,0.5
3,4,44,xgboost,69,705,0,0.01946583390235901,0,0.5
3,4,44,xgboost,71,677,0,0.013522152788937092,0,0.5
3,4,44,xgboost,74,681,0,0.01132927555590868,0,0.5
3,4,44,xgboost,76,675,0,0.007494738325476646,0,0.5
3,4,44,xgboost,78,693,0,0.8609398007392883,1,0.5
3,4,44,xgboost,79,684,0,0.02617538534104824,0,0.5
3,4,44,xgboost,88,618,0,0.00660724425688386,0,0.5
3,4,44,xgboost,89,632,0,0.018109235912561417,0,0.5
3,4,44,xgboost,96,701,1,0.9548693299293518,1,0.5
3,4,44,xgboost,97,678,0,0.01622104085981846,0,0.5
3,4,44,xgboost,110,619,0,0.00713037233799696,0,0.5
3,4,44,xgboost,117,570,0,0.005681910086423159,0,0.5
3,4,44,xgboost,120,627,0,0.02273266762495041,0,0.5
3,4,44,xgboost,121,579,0,0.007706786505877972,0,0.5
3,4,44,xgboost,124,571,0,0.015556033700704575,0,0.5
3,4,44,xgboost,127,520,0,0.02361704409122467,0,0.5
3,4,44,xgboost,134,568,0,0.05373094230890274,0,0.5
3,4,44,xgboost,135,465,0,0.008364035747945309,0,0.5
3,4,44,xgboost,155,507,0,0.0076989177614450455,0,0.5
3,4,44,xgboost,161,490,0,0.01829465664923191,0,0.5
3,4,44,xgboost,163,509,1,0.00938248448073864,0,0.5
3,4,44,xgboost,167,461,0,0.053341254591941833,0,0.5
3,4,44,xgboost,177,468,0,0.008148657158017159,0,0.5
3,4,44,xgboost,180,414,0,0.010338817723095417,0,0.5
3,4,44,xgboost,181,462,0,0.01495619397610426,0,0.5
3,4,44,xgboost,182,392,0,0.031190605834126472,0,0.5
3,4,44,xgboost,184,411,0,0.0347527451813221,0,0.5
3,4,44,xgboost,187,501,0,0.01495540700852871,0,0.5
3,4,44,xgboost,198,447,0,0.01564442738890648,0,0.5
3,4,44,xgboost,202,454,0,0.012581062503159046,0,0.5
3,4,44,xgboost,203,494,1,0.9711514115333557,1,0.5
3,4,44,xgboost,215,372,0,0.012400866486132145,0,0.5
3,4,44,xgboost,219,324,0,0.004701579920947552,0,0.5
3,4,44,xgboost,225,511,0,0.005177423357963562,0,0.5
3,4,44,xgboost,226,409,0,0.013792217709124088,0,0.5
3,4,44,xgboost,230,304,0,0.011033793911337852,0,0.5
3,4,44,xgboost,239,497,0,0.006647684145718813,0,0.5
3,4,44,xgboost,248,381,0,0.01687534525990486,0,0.5
3,4,44,xgboost,250,379,0,0.03869137167930603,0,0.5
3,4,44,xgboost,255,379,0,0.03869137167930603,0,0.5
3,4,44,xgboost,263,296,0,0.012891927734017372,0,0.5
3,4,44,xgboost,265,247,0,0.233802929520607,0,0.5
3,4,44,xgboost,266,232,0,0.0793386697769165,0,0.5
3,4,44,xgboost,269,410,0,0.019280733540654182,0,0.5
3,4,44,xgboost,271,359,0,0.00645505590364337,0,0.5
3,4,44,xgboost,272,330,0,0.03329731523990631,0,0.5
3,4,44,xgboost,284,252,0,0.015918584540486336,0,0.5
3,4,44,xgboost,285,430,0,0.012953206896781921,0,0.5
3,4,44,xgboost,291,289,0,0.01544180978089571,0,0.5
3,4,44,xgboost,296,358,0,0.007705357391387224,0,0.5
3,4,44,xgboost,297,220,0,0.13520008325576782,0,0.5
3,4,44,xgboost,301,202,0,0.08144919574260712,0,0.5
3,4,44,xgboost,302,323,0,0.006811007857322693,0,0.5
3,4,44,xgboost,313,370,0,0.005973731633275747,0,0.5
3,4,44,xgboost,317,170,0,0.24119195342063904,0,0.5
3,4,44,xgboost,322,180,0,0.1873062551021576,0,0.5
3,4,44,xgboost,324,654,0,0.01730244606733322,0,0.5
3,4,44,xgboost,331,446,0,0.015506014227867126,0,0.5
3,4,44,xgboost,334,229,0,0.12921848893165588,0,0.5
3,4,44,xgboost,345,276,1,0.803206205368042,1,0.5
3,4,44,xgboost,349,235,0,0.049044493585824966,0,0.5
3,4,44,xgboost,353,223,0,0.07365281134843826,0,0.5
3,4,44,xgboost,354,811,0,0.9842309355735779,1,0.5
3,4,44,xgboost,355,140,0,0.04025762528181076,0,0.5
3,4,44,xgboost,369,82,0,0.04331379383802414,0,0.5
3,4,44,xgboost,382,400,0,0.005022719968110323,0,0.5
3,4,44,xgboost,383,134,1,0.9362292885780334,1,0.5
3,4,44,xgboost,384,78,0,0.05063604563474655,0,0.5
3,4,44,xgboost,386,90,0,0.22560666501522064,0,0.5
3,4,44,xgboost,388,185,0,0.07967516779899597,0,0.5
3,4,44,xgboost,395,82,0,0.04331379383802414,0,0.5
3,4,44,xgboost,400,55,0,0.06399191915988922,0,0.5
3,4,44,xgboost,404,88,0,0.04625852406024933,0,0.5
3,4,44,xgboost,408,60,0,0.03221049904823303,0,0.5
3,4,44,xgboost,413,698,0,0.01288172509521246,0,0.5
3,4,44,xgboost,418,47,0,0.04860403388738632,0,0.5
3,4,44,xgboost,422,89,0,0.2774585783481598,0,0.5
3,4,44,xgboost,425,35,0,0.02444017305970192,0,0.5
3,4,44,xgboost,428,29,0,0.02444017305970192,0,0.5
3,4,44,xgboost,432,600,0,0.010493412613868713,0,0.5
3,4,44,xgboost,443,10,0,0.017631782218813896,0,0.5
3,4,44,xgboost,446,107,0,0.02007731795310974,0,0.5
3,4,44,xgboost,449,75,0,0.028763098642230034,0,0.5
3,4,44,xgboost,451,32,0,0.025981323793530464,0,0.5
3,4,44,xgboost,453,10,0,0.017631782218813896,0,0.5
3,4,44,xgboost,457,18,0,0.03786122798919678,0,0.5
3,4,44,xgboost,458,35,0,0.04644674435257912,0,0.5
3,4,44,xgboost,460,5,0,0.019152317196130753,0,0.5
3,4,44,xgboost,471,94,0,0.028763098642230034,0,0.5
3,4,44,xgboost,481,608,0,0.02089807577431202,0,0.5
3,4,44,xgboost,487,483,0,0.014047378674149513,0,0.5
3,4,44,xgboost,489,151,0,0.016541561111807823,0,0.5
3,4,44,xgboost,497,356,0,0.007342947646975517,0,0.5
3,4,44,xgboost,498,663,0,0.013884211890399456,0,0.5
3,4,44,xgboost,499,614,0,0.050799526274204254,0,0.5
3,4,44,xgboost,501,610,0,0.01584762893617153,0,0.5
3,4,44,xgboost,511,38,0,0.02739965170621872,0,0.5
3,4,44,xgboost,519,123,0,0.04279542714357376,0,0.5
3,4,44,xgboost,542,146,0,0.011240256018936634,0,0.5
3,4,44,xgboost,546,213,0,0.08637270331382751,0,0.5
3,4,44,xgboost,554,20,0,0.04948848485946655,0,0.5
3,4,44,xgboost,557,458,0,0.04371832311153412,0,0.5
3,4,44,xgboost,559,162,0,0.13246501982212067,0,0.5
3,4,44,xgboost,569,802,0,0.013012043200433254,0,0.5
3,4,44,xgboost,570,559,0,0.01829465664923191,0,0.5
3,4,44,xgboost,574,309,0,0.01496012881398201,0,0.5
3,4,44,xgboost,580,55,0,0.06399191915988922,0,0.5
3,4,44,xgboost,581,59,0,0.043863289058208466,0,0.5
3,4,44,xgboost,599,176,0,0.0787479430437088,0,0.5
3,4,44,xgboost,600,506,0,0.007512468844652176,0,0.5
3,4,44,xgboost,612,225,0,0.14331723749637604,0,0.5
3,4,44,xgboost,616,376,0,0.009780767373740673,0,0.5
3,4,44,xgboost,618,130,0,0.06662221997976303,0,0.5
3,4,44,xgboost,619,320,0,0.008666455745697021,0,0.5
3,4,44,xgboost,620,363,0,0.007793552707880735,0,0.5
3,4,44,xgboost,637,493,0,0.020783407613635063,0,0.5
3,4,44,xgboost,639,52,0,0.02851344458758831,0,0.5
3,4,44,xgboost,641,761,0,0.015006780624389648,0,0.5
3,4,44,xgboost,654,810,0,0.1873239427804947,0,0.5
3,4,44,xgboost,655,236,1,0.1819026619195938,0,0.5
3,4,44,xgboost,662,502,0,0.047600287944078445,0,0.5
3,4,44,xgboost,663,310,0,0.020154103636741638,0,0.5
3,4,44,xgboost,664,756,1,0.976276159286499,1,0.5
3,4,44,xgboost,668,830,0,0.8849560618400574,1,0.5
3,4,44,xgboost,672,0,0,0.026532001793384552,0,0.5
3,4,44,xgboost,673,819,1,0.8052094578742981,1,0.5
3,4,44,xgboost,681,793,0,0.011379627510905266,0,0.5
3,4,44,xgboost,682,827,0,0.017011698335409164,0,0.5
3,4,44,xgboost,684,815,0,0.017784245312213898,0,0.5
3,4,44,xgboost,686,704,1,0.8797752857208252,1,0.5
3,4,44,xgboost,694,486,0,0.042050447314977646,0,0.5
3,4,44,xgboost,702,439,0,0.039407387375831604,0,0.5
3,4,44,xgboost,716,144,0,0.024819370359182358,0,0.5
3,4,44,xgboost,720,427,0,0.01677786558866501,0,0.5
3,4,44,xgboost,724,554,0,0.02017604187130928,0,0.5
3,4,44,xgboost,726,530,0,0.011743930168449879,0,0.5
3,4,44,xgboost,728,623,0,0.008648068644106388,0,0.5
3,4,44,xgboost,748,393,0,0.005973731633275747,0,0.5
3,4,44,xgboost,751,778,0,0.01289447769522667,0,0.5
3,4,44,xgboost,760,44,0,0.05694270506501198,0,0.5
3,4,44,xgboost,786,401,1,0.9515169858932495,1,0.5
3,4,44,xgboost,787,256,0,0.033727243542671204,0,0.5
3,4,44,xgboost,788,752,0,0.10160452872514725,0,0.5
3,4,44,xgboost,789,164,0,0.13312512636184692,0,0.5
3,4,44,xgboost,793,353,0,0.013792217709124088,0,0.5
3,4,44,xgboost,798,396,0,0.009440386667847633,0,0.5
3,4,44,xgboost,807,717,0,0.12943029403686523,0,0.5
3,4,44,xgboost,816,233,0,0.4844305217266083,0,0.5
3,4,44,xgboost,818,700,0,0.023577164858579636,0,0.5
3,4,44,xgboost,824,720,0,0.01761704497039318,0,0.5
3,4,44,xgboost,826,650,0,0.00636693648993969,0,0.5
3,4,44,xgboost,827,688,0,0.009148051030933857,0,0.5
3,4,44,xgboost,831,777,0,0.01012482400983572,0,0.5
3,4,44,xgboost,839,601,0,0.010493412613868713,0,0.5
3,4,44,xgboost,840,346,0,0.012154227122664452,0,0.5
3,4,44,xgboost,841,297,0,0.010306131094694138,0,0.5
3,4,44,xgboost,847,574,0,0.007512468844652176,0,0.5
3,4,44,xgboost,849,620,0,0.006370340008288622,0,0.5
3,4,44,xgboost,854,616,0,0.013083099387586117,0,0.5
3,5,44,dummy_prior,3,825,0,0.06404657933042213,0,0.5
3,5,44,dummy_prior,4,816,0,0.06404657933042213,0,0.5
3,5,44,dummy_prior,6,823,1,0.06404657933042213,0,0.5
3,5,44,dummy_prior,9,804,0,0.06404657933042213,0,0.5
3,5,44,dummy_prior,14,798,0,0.06404657933042213,0,0.5
3,5,44,dummy_prior,20,797,0,0.06404657933042213,0,0.5
3,5,44,dummy_prior,26,765,0,0.06404657933042213,0,0.5
3,5,44,dummy_prior,27,759,0,0.06404657933042213,0,0.5
3,5,44,dummy_prior,30,782,0,0.06404657933042213,0,0.5
3,5,44,dummy_prior,31,771,0,0.06404657933042213,0,0.5
3,5,44,dummy_prior,32,738,0,0.06404657933042213,0,0.5
3,5,44,dummy_prior,36,760,0,0.06404657933042213,0,0.5
3,5,44,dummy_prior,37,747,0,0.06404657933042213,0,0.5
3,5,44,dummy_prior,43,723,0,0.06404657933042213,0,0.5
3,5,44,dummy_prior,47,770,0,0.06404657933042213,0,0.5
3,5,44,dummy_prior,49,739,0,0.06404657933042213,0,0.5
3,5,44,dummy_prior,51,715,0,0.06404657933042213,0,0.5
3,5,44,dummy_prior,52,729,0,0.06404657933042213,0,0.5
3,5,44,dummy_prior,58,683,0,0.06404657933042213,0,0.5
3,5,44,dummy_prior,60,673,0,0.06404657933042213,0,0.5
3,5,44,dummy_prior,66,673,0,0.06404657933042213,0,0.5
3,5,44,dummy_prior,68,696,0,0.06404657933042213,0,0.5
3,5,44,dummy_prior,72,664,0,0.06404657933042213,0,0.5
3,5,44,dummy_prior,73,685,0,0.06404657933042213,0,0.5
3,5,44,dummy_prior,82,615,0,0.06404657933042213,0,0.5
3,5,44,dummy_prior,84,713,0,0.06404657933042213,0,0.5
3,5,44,dummy_prior,101,580,0,0.06404657933042213,0,0.5
3,5,44,dummy_prior,103,754,1,0.06404657933042213,0,0.5
3,5,44,dummy_prior,109,612,0,0.06404657933042213,0,0.5
3,5,44,dummy_prior,112,573,0,0.06404657933042213,0,0.5
3,5,44,dummy_prior,119,498,0,0.06404657933042213,0,0.5
3,5,44,dummy_prior,122,592,0,0.06404657933042213,0,0.5
3,5,44,dummy_prior,123,542,0,0.06404657933042213,0,0.5
3,5,44,dummy_prior,137,537,0,0.06404657933042213,0,0.5
3,5,44,dummy_prior,143,480,0,0.06404657933042213,0,0.5
3,5,44,dummy_prior,145,595,0,0.06404657933042213,0,0.5
3,5,44,dummy_prior,146,576,0,0.06404657933042213,0,0.5
3,5,44,dummy_prior,149,594,0,0.06404657933042213,0,0.5
3,5,44,dummy_prior,159,463,0,0.06404657933042213,0,0.5
3,5,44,dummy_prior,168,535,0,0.06404657933042213,0,0.5
3,5,44,dummy_prior,170,434,0,0.06404657933042213,0,0.5
3,5,44,dummy_prior,172,522,0,0.06404657933042213,0,0.5
3,5,44,dummy_prior,183,491,0,0.06404657933042213,0,0.5
3,5,44,dummy_prior,194,397,0,0.06404657933042213,0,0.5
3,5,44,dummy_prior,197,442,0,0.06404657933042213,0,0.5
3,5,44,dummy_prior,207,437,0,0.06404657933042213,0,0.5
3,5,44,dummy_prior,211,453,0,0.06404657933042213,0,0.5
3,5,44,dummy_prior,221,407,0,0.06404657933042213,0,0.5
3,5,44,dummy_prior,228,585,0,0.06404657933042213,0,0.5
3,5,44,dummy_prior,229,466,0,0.06404657933042213,0,0.5
3,5,44,dummy_prior,235,378,0,0.06404657933042213,0,0.5
3,5,44,dummy_prior,238,536,0,0.06404657933042213,0,0.5
3,5,44,dummy_prior,243,402,0,0.06404657933042213,0,0.5
3,5,44,dummy_prior,246,487,0,0.06404657933042213,0,0.5
3,5,44,dummy_prior,257,273,1,0.06404657933042213,0,0.5
3,5,44,dummy_prior,259,329,0,0.06404657933042213,0,0.5
3,5,44,dummy_prior,260,485,0,0.06404657933042213,0,0.5
3,5,44,dummy_prior,267,265,0,0.06404657933042213,0,0.5
3,5,44,dummy_prior,268,305,0,0.06404657933042213,0,0.5
3,5,44,dummy_prior,275,237,0,0.06404657933042213,0,0.5
3,5,44,dummy_prior,277,168,0,0.06404657933042213,0,0.5
3,5,44,dummy_prior,280,303,0,0.06404657933042213,0,0.5
3,5,44,dummy_prior,286,240,0,0.06404657933042213,0,0.5
3,5,44,dummy_prior,287,272,0,0.06404657933042213,0,0.5
3,5,44,dummy_prior,299,319,0,0.06404657933042213,0,0.5
3,5,44,dummy_prior,304,331,0,0.06404657933042213,0,0.5
3,5,44,dummy_prior,308,382,0,0.06404657933042213,0,0.5
3,5,44,dummy_prior,309,322,0,0.06404657933042213,0,0.5
3,5,44,dummy_prior,310,307,0,0.06404657933042213,0,0.5
3,5,44,dummy_prior,314,215,1,0.06404657933042213,0,0.5
3,5,44,dummy_prior,325,169,1,0.06404657933042213,0,0.5
3,5,44,dummy_prior,327,173,0,0.06404657933042213,0,0.5
3,5,44,dummy_prior,328,197,0,0.06404657933042213,0,0.5
3,5,44,dummy_prior,333,274,0,0.06404657933042213,0,0.5
3,5,44,dummy_prior,344,79,0,0.06404657933042213,0,0.5
3,5,44,dummy_prior,352,152,0,0.06404657933042213,0,0.5
3,5,44,dummy_prior,356,79,0,0.06404657933042213,0,0.5
3,5,44,dummy_prior,358,212,0,0.06404657933042213,0,0.5
3,5,44,dummy_prior,363,72,0,0.06404657933042213,0,0.5
3,5,44,dummy_prior,364,147,0,0.06404657933042213,0,0.5
3,5,44,dummy_prior,372,242,0,0.06404657933042213,0,0.5
3,5,44,dummy_prior,375,249,0,0.06404657933042213,0,0.5
3,5,44,dummy_prior,377,172,1,0.06404657933042213,0,0.5
3,5,44,dummy_prior,378,86,0,0.06404657933042213,0,0.5
3,5,44,dummy_prior,381,145,0,0.06404657933042213,0,0.5
3,5,44,dummy_prior,392,120,0,0.06404657933042213,0,0.5
3,5,44,dummy_prior,394,184,0,0.06404657933042213,0,0.5
3,5,44,dummy_prior,401,210,0,0.06404657933042213,0,0.5
3,5,44,dummy_prior,412,87,0,0.06404657933042213,0,0.5
3,5,44,dummy_prior,417,158,0,0.06404657933042213,0,0.5
3,5,44,dummy_prior,423,51,0,0.06404657933042213,0,0.5
3,5,44,dummy_prior,426,114,0,0.06404657933042213,0,0.5
3,5,44,dummy_prior,427,161,0,0.06404657933042213,0,0.5
3,5,44,dummy_prior,430,153,0,0.06404657933042213,0,0.5
3,5,44,dummy_prior,434,192,1,0.06404657933042213,0,0.5
3,5,44,dummy_prior,444,80,0,0.06404657933042213,0,0.5
3,5,44,dummy_prior,450,34,0,0.06404657933042213,0,0.5
3,5,44,dummy_prior,452,46,0,0.06404657933042213,0,0.5
3,5,44,dummy_prior,455,77,0,0.06404657933042213,0,0.5
3,5,44,dummy_prior,463,1,0,0.06404657933042213,0,0.5
3,5,44,dummy_prior,467,41,0,0.06404657933042213,0,0.5
3,5,44,dummy_prior,469,16,0,0.06404657933042213,0,0.5
3,5,44,dummy_prior,470,764,0,0.06404657933042213,0,0.5
3,5,44,dummy_prior,472,682,1,0.06404657933042213,0,0.5
3,5,44,dummy_prior,473,787,0,0.06404657933042213,0,0.5
3,5,44,dummy_prior,480,575,0,0.06404657933042213,0,0.5
3,5,44,dummy_prior,485,286,0,0.06404657933042213,0,0.5
3,5,44,dummy_prior,493,86,0,0.06404657933042213,0,0.5
3,5,44,dummy_prior,494,165,0,0.06404657933042213,0,0.5
3,5,44,dummy_prior,500,763,0,0.06404657933042213,0,0.5
3,5,44,dummy_prior,506,711,0,0.06404657933042213,0,0.5
3,5,44,dummy_prior,509,384,0,0.06404657933042213,0,0.5
3,5,44,dummy_prior,512,671,0,0.06404657933042213,0,0.5
3,5,44,dummy_prior,514,476,0,0.06404657933042213,0,0.5
3,5,44,dummy_prior,523,624,0,0.06404657933042213,0,0.5
3,5,44,dummy_prior,525,46,0,0.06404657933042213,0,0.5
3,5,44,dummy_prior,528,547,0,0.06404657933042213,0,0.5
3,5,44,dummy_prior,533,425,0,0.06404657933042213,0,0.5
3,5,44,dummy_prior,543,40,0,0.06404657933042213,0,0.5
3,5,44,dummy_prior,552,105,0,0.06404657933042213,0,0.5
3,5,44,dummy_prior,556,772,0,0.06404657933042213,0,0.5
3,5,44,dummy_prior,560,748,0,0.06404657933042213,0,0.5
3,5,44,dummy_prior,561,208,0,0.06404657933042213,0,0.5
3,5,44,dummy_prior,562,282,0,0.06404657933042213,0,0.5
3,5,44,dummy_prior,563,712,0,0.06404657933042213,0,0.5
3,5,44,dummy_prior,579,730,0,0.06404657933042213,0,0.5
3,5,44,dummy_prior,584,562,0,0.06404657933042213,0,0.5
3,5,44,dummy_prior,585,648,0,0.06404657933042213,0,0.5
3,5,44,dummy_prior,588,813,0,0.06404657933042213,0,0.5
3,5,44,dummy_prior,594,193,0,0.06404657933042213,0,0.5
3,5,44,dummy_prior,596,83,0,0.06404657933042213,0,0.5
3,5,44,dummy_prior,604,318,0,0.06404657933042213,0,0.5
3,5,44,dummy_prior,605,183,0,0.06404657933042213,0,0.5
3,5,44,dummy_prior,617,157,0,0.06404657933042213,0,0.5
3,5,44,dummy_prior,625,92,0,0.06404657933042213,0,0.5
3,5,44,dummy_prior,627,280,0,0.06404657933042213,0,0.5
3,5,44,dummy_prior,645,471,0,0.06404657933042213,0,0.5
3,5,44,dummy_prior,670,817,1,0.06404657933042213,0,0.5
3,5,44,dummy_prior,674,795,0,0.06404657933042213,0,0.5
3,5,44,dummy_prior,679,822,0,0.06404657933042213,0,0.5
3,5,44,dummy_prior,693,98,1,0.06404657933042213,0,0.5
3,5,44,dummy_prior,700,479,0,0.06404657933042213,0,0.5
3,5,44,dummy_prior,710,449,0,0.06404657933042213,0,0.5
3,5,44,dummy_prior,711,128,0,0.06404657933042213,0,0.5
3,5,44,dummy_prior,713,31,0,0.06404657933042213,0,0.5
3,5,44,dummy_prior,717,731,0,0.06404657933042213,0,0.5
3,5,44,dummy_prior,722,325,0,0.06404657933042213,0,0.5
3,5,44,dummy_prior,723,124,0,0.06404657933042213,0,0.5
3,5,44,dummy_prior,734,564,0,0.06404657933042213,0,0.5
3,5,44,dummy_prior,737,177,0,0.06404657933042213,0,0.5
3,5,44,dummy_prior,741,129,0,0.06404657933042213,0,0.5
3,5,44,dummy_prior,742,156,0,0.06404657933042213,0,0.5
3,5,44,dummy_prior,754,508,1,0.06404657933042213,0,0.5
3,5,44,dummy_prior,765,398,0,0.06404657933042213,0,0.5
3,5,44,dummy_prior,769,415,0,0.06404657933042213,0,0.5
3,5,44,dummy_prior,772,113,0,0.06404657933042213,0,0.5
3,5,44,dummy_prior,776,45,0,0.06404657933042213,0,0.5
3,5,44,dummy_prior,780,110,0,0.06404657933042213,0,0.5
3,5,44,dummy_prior,785,480,0,0.06404657933042213,0,0.5
3,5,44,dummy_prior,795,690,0,0.06404657933042213,0,0.5
3,5,44,dummy_prior,803,106,0,0.06404657933042213,0,0.5
3,5,44,dummy_prior,804,543,0,0.06404657933042213,0,0.5
3,5,44,dummy_prior,810,116,0,0.06404657933042213,0,0.5
3,5,44,dummy_prior,819,2,0,0.06404657933042213,0,0.5
3,5,44,dummy_prior,828,634,0,0.06404657933042213,0,0.5
3,5,44,dummy_prior,834,569,0,0.06404657933042213,0,0.5
3,5,44,dummy_prior,836,743,0,0.06404657933042213,0,0.5
3,5,44,dummy_prior,838,694,0,0.06404657933042213,0,0.5
3,5,44,dummy_prior,850,117,0,0.06404657933042213,0,0.5
3,5,44,dummy_prior,855,377,0,0.06404657933042213,0,0.5
3,5,44,dummy_prior,856,635,0,0.06404657933042213,0,0.5
3,5,44,logistic_regression,3,825,0,0.4486848110598449,0,0.5
3,5,44,logistic_regression,4,816,0,0.31499983753145067,0,0.5
3,5,44,logistic_regression,6,823,1,0.9375667325051624,1,0.5
3,5,44,logistic_regression,9,804,0,0.34045725033873636,0,0.5
3,5,44,logistic_regression,14,798,0,0.2693391184471222,0,0.5
3,5,44,logistic_regression,20,797,0,0.3129168203883439,0,0.5
3,5,44,logistic_regression,26,765,0,0.25529734222567074,0,0.5
3,5,44,logistic_regression,27,759,0,0.25847649564894026,0,0.5
3,5,44,logistic_regression,30,782,0,0.3412269299600224,0,0.5
3,5,44,logistic_regression,31,771,0,0.31647365127547156,0,0.5
3,5,44,logistic_regression,32,738,0,0.2381407889735584,0,0.5
3,5,44,logistic_regression,36,760,0,0.2632506691349442,0,0.5
3,5,44,logistic_regression,37,747,0,0.22762732398127844,0,0.5
3,5,44,logistic_regression,43,723,0,0.2609530508017639,0,0.5
3,5,44,logistic_regression,47,770,0,0.2435003206713656,0,0.5
3,5,44,logistic_regression,49,739,0,0.26106594588294063,0,0.5
3,5,44,logistic_regression,51,715,0,0.24397328196789186,0,0.5
3,5,44,logistic_regression,52,729,0,0.28082311481634026,0,0.5
3,5,44,logistic_regression,58,683,0,0.9703017897915607,1,0.5
3,5,44,logistic_regression,60,673,0,0.27392541704880785,0,0.5
3,5,44,logistic_regression,66,673,0,0.27392541704880785,0,0.5
3,5,44,logistic_regression,68,696,0,0.35903600597531965,0,0.5
3,5,44,logistic_regression,72,664,0,0.240629993931823,0,0.5
3,5,44,logistic_regression,73,685,0,0.24880662107410811,0,0.5
3,5,44,logistic_regression,82,615,0,0.24890252523362355,0,0.5
3,5,44,logistic_regression,84,713,0,0.2020451344596622,0,0.5
3,5,44,logistic_regression,101,580,0,0.593378213441729,1,0.5
3,5,44,logistic_regression,103,754,1,0.9080089332367672,1,0.5
3,5,44,logistic_regression,109,612,0,0.27751229266773264,0,0.5
3,5,44,logistic_regression,112,573,0,0.38618788661196696,0,0.5
3,5,44,logistic_regression,119,498,0,0.27480254020676875,0,0.5
3,5,44,logistic_regression,122,592,0,0.2869145632682128,0,0.5
3,5,44,logistic_regression,123,542,0,0.4623899339801577,0,0.5
3,5,44,logistic_regression,137,537,0,0.2689598877694011,0,0.5
3,5,44,logistic_regression,143,480,0,0.24616679560970622,0,0.5
3,5,44,logistic_regression,145,595,0,0.29838171995411195,0,0.5
3,5,44,logistic_regression,146,576,0,0.2843337969454241,0,0.5
3,5,44,logistic_regression,149,594,0,0.2877845517199583,0,0.5
3,5,44,logistic_regression,159,463,0,0.26526238207157987,0,0.5
3,5,44,logistic_regression,168,535,0,0.26849385254490804,0,0.5
3,5,44,logistic_regression,170,434,0,0.20356205029215146,0,0.5
3,5,44,logistic_regression,172,522,0,0.2780742711248209,0,0.5
3,5,44,logistic_regression,183,491,0,0.24763127122655149,0,0.5
3,5,44,logistic_regression,194,397,0,0.27173777456778536,0,0.5
3,5,44,logistic_regression,197,442,0,0.8998262749068876,1,0.5
3,5,44,logistic_regression,207,437,0,0.2550695991574,0,0.5
3,5,44,logistic_regression,211,453,0,0.21324617760779763,0,0.5
3,5,44,logistic_regression,221,407,0,0.20813523864529443,0,0.5
3,5,44,logistic_regression,228,585,0,0.26468871260908805,0,0.5
3,5,44,logistic_regression,229,466,0,0.8721891223461193,1,0.5
3,5,44,logistic_regression,235,378,0,0.2430759003809071,0,0.5
3,5,44,logistic_regression,238,536,0,0.30191812265562795,0,0.5
3,5,44,logistic_regression,243,402,0,0.28413649767150323,0,0.5
3,5,44,logistic_regression,246,487,0,0.2706492984404858,0,0.5
3,5,44,logistic_regression,257,273,1,0.9547403302656101,1,0.5
3,5,44,logistic_regression,259,329,0,0.3244578366216112,0,0.5
3,5,44,logistic_regression,260,485,0,0.2781750521482784,0,0.5
3,5,44,logistic_regression,267,265,0,0.26139287338387646,0,0.5
3,5,44,logistic_regression,268,305,0,0.2596524786643258,0,0.5
3,5,44,logistic_regression,275,237,0,0.7781249326937909,1,0.5
3,5,44,logistic_regression,277,168,0,0.22632448436379304,0,0.5
3,5,44,logistic_regression,280,303,0,0.24620174668118003,0,0.5
3,5,44,logistic_regression,286,240,0,0.2640088910073903,0,0.5
3,5,44,logistic_regression,287,272,0,0.26309949317540265,0,0.5
3,5,44,logistic_regression,299,319,0,0.2582839070966832,0,0.5
3,5,44,logistic_regression,304,331,0,0.23443967460422874,0,0.5
3,5,44,logistic_regression,308,382,0,0.26475932224722554,0,0.5
3,5,44,logistic_regression,309,322,0,0.23119043927909452,0,0.5
3,5,44,logistic_regression,310,307,0,0.24029949872402143,0,0.5
3,5,44,logistic_regression,314,215,1,0.9308249417828505,1,0.5
3,5,44,logistic_regression,325,169,1,0.2599549243686872,0,0.5
3,5,44,logistic_regression,327,173,0,0.24311624442557606,0,0.5
3,5,44,logistic_regression,328,197,0,0.2729217996523428,0,0.5
3,5,44,logistic_regression,333,274,0,0.27927188394160507,0,0.5
3,5,44,logistic_regression,344,79,0,0.23016371613215864,0,0.5
3,5,44,logistic_regression,352,152,0,0.25868209369646594,0,0.5
3,5,44,logistic_regression,356,79,0,0.23016371613215864,0,0.5
3,5,44,logistic_regression,358,212,0,0.23880273221845275,0,0.5
3,5,44,logistic_regression,363,72,0,0.23705144171128795,0,0.5
3,5,44,logistic_regression,364,147,0,0.252718590396125,0,0.5
3,5,44,logistic_regression,372,242,0,0.359099988600916,0,0.5
3,5,44,logistic_regression,375,249,0,0.24700499289597178,0,0.5
3,5,44,logistic_regression,377,172,1,0.2605293131211192,0,0.5
3,5,44,logistic_regression,378,86,0,0.242421679793618,0,0.5
3,5,44,logistic_regression,381,145,0,0.26888511588395736,0,0.5
3,5,44,logistic_regression,392,120,0,0.23277445289816925,0,0.5
3,5,44,logistic_regression,394,184,0,0.34226650057291824,0,0.5
3,5,44,logistic_regression,401,210,0,0.26004708123955556,0,0.5
3,5,44,logistic_regression,412,87,0,0.255715775222105,0,0.5
3,5,44,logistic_regression,417,158,0,0.23768888196831722,0,0.5
3,5,44,logistic_regression,423,51,0,0.2512517983288763,0,0.5
3,5,44,logistic_regression,426,114,0,0.3941815880265942,0,0.5
3,5,44,logistic_regression,427,161,0,0.2473214818419255,0,0.5
3,5,44,logistic_regression,430,153,0,0.26147103090908663,0,0.5
3,5,44,logistic_regression,434,192,1,0.42253563342999334,0,0.5
3,5,44,logistic_regression,444,80,0,0.23192075899581238,0,0.5
3,5,44,logistic_regression,450,34,0,0.25201741275251444,0,0.5
3,5,44,logistic_regression,452,46,0,0.24501151661808984,0,0.5
3,5,44,logistic_regression,455,77,0,0.18070712906484018,0,0.5
3,5,44,logistic_regression,463,1,0,0.23998417790635757,0,0.5
3,5,44,logistic_regression,467,41,0,0.5045948668131572,1,0.5
3,5,44,logistic_regression,469,16,0,0.24138236549604852,0,0.5
3,5,44,logistic_regression,470,764,0,0.2932966856011017,0,0.5
3,5,44,logistic_regression,472,682,1,0.9344197937052268,1,0.5
3,5,44,logistic_regression,473,787,0,0.2895784353130703,0,0.5
3,5,44,logistic_regression,480,575,0,0.14765267172148136,0,0.5
3,5,44,logistic_regression,485,286,0,0.2404326430499935,0,0.5
3,5,44,logistic_regression,493,86,0,0.4089660686620607,0,0.5
3,5,44,logistic_regression,494,165,0,0.23138866037829647,0,0.5
3,5,44,logistic_regression,500,763,0,0.23404822932382047,0,0.5
3,5,44,logistic_regression,506,711,0,0.264132303505769,0,0.5
3,5,44,logistic_regression,509,384,0,0.24253291002545055,0,0.5
3,5,44,logistic_regression,512,671,0,0.2613008786351512,0,0.5
3,5,44,logistic_regression,514,476,0,0.2597414007056325,0,0.5
3,5,44,logistic_regression,523,624,0,0.2650003155375964,0,0.5
3,5,44,logistic_regression,525,46,0,0.24501151661808984,0,0.5
3,5,44,logistic_regression,528,547,0,0.26106910899396124,0,0.5
3,5,44,logistic_regression,533,425,0,0.23586527601686683,0,0.5
3,5,44,logistic_regression,543,40,0,0.26124696276150894,0,0.5
3,5,44,logistic_regression,552,105,0,0.21000424369428508,0,0.5
3,5,44,logistic_regression,556,772,0,0.3498522978806592,0,0.5
3,5,44,logistic_regression,560,748,0,0.25174084910732525,0,0.5
3,5,44,logistic_regression,561,208,0,0.24216503384746144,0,0.5
3,5,44,logistic_regression,562,282,0,0.24974478697367353,0,0.5
3,5,44,logistic_regression,563,712,0,0.23425927140302874,0,0.5
3,5,44,logistic_regression,579,730,0,0.3054917691588448,0,0.5
3,5,44,logistic_regression,584,562,0,0.23955153115315103,0,0.5
3,5,44,logistic_regression,585,648,0,0.23390327557158236,0,0.5
3,5,44,logistic_regression,588,813,0,0.3100878039163651,0,0.5
3,5,44,logistic_regression,594,193,0,0.24844828895775695,0,0.5
3,5,44,logistic_regression,596,83,0,0.22940030793414115,0,0.5
3,5,44,logistic_regression,604,318,0,0.25173207507847145,0,0.5
3,5,44,logistic_regression,605,183,0,0.2438721856028506,0,0.5
3,5,44,logistic_regression,617,157,0,0.22290499600879196,0,0.5
3,5,44,logistic_regression,625,92,0,0.24008103923982765,0,0.5
3,5,44,logistic_regression,627,280,0,0.24513405308729563,0,0.5
3,5,44,logistic_regression,645,471,0,0.3084110265203415,0,0.5
3,5,44,logistic_regression,670,817,1,0.9199375167624985,1,0.5
3,5,44,logistic_regression,674,795,0,0.37240651898171634,0,0.5
3,5,44,logistic_regression,679,822,0,0.29606712808781277,0,0.5
3,5,44,logistic_regression,693,98,1,0.8220520358516656,1,0.5
3,5,44,logistic_regression,700,479,0,0.31134647607726007,0,0.5
3,5,44,logistic_regression,710,449,0,0.2474028146081703,0,0.5
3,5,44,logistic_regression,711,128,0,0.25255215576703316,0,0.5
3,5,44,logistic_regression,713,31,0,0.23176384527861185,0,0.5
3,5,44,logistic_regression,717,731,0,0.3017866181455003,0,0.5
3,5,44,logistic_regression,722,325,0,0.2949184541146879,0,0.5
3,5,44,logistic_regression,723,124,0,0.23932088158280362,0,0.5
3,5,44,logistic_regression,734,564,0,0.27244249506374657,0,0.5
3,5,44,logistic_regression,737,177,0,0.24515147064934484,0,0.5
3,5,44,logistic_regression,741,129,0,0.2631104562021709,0,0.5
3,5,44,logistic_regression,742,156,0,0.3995709549888015,0,0.5
3,5,44,logistic_regression,754,508,1,0.7972222139944387,1,0.5
3,5,44,logistic_regression,765,398,0,0.8752605351636265,1,0.5
3,5,44,logistic_regression,769,415,0,0.8564828876991926,1,0.5
3,5,44,logistic_regression,772,113,0,0.3007464574160721,0,0.5
3,5,44,logistic_regression,776,45,0,0.23210037370896744,0,0.5
3,5,44,logistic_regression,780,110,0,0.27417759170365547,0,0.5
3,5,44,logistic_regression,785,480,0,0.24616679560970622,0,0.5
3,5,44,logistic_regression,795,690,0,0.3183208261628603,0,0.5
3,5,44,logistic_regression,803,106,0,0.2455186613989666,0,0.5
3,5,44,logistic_regression,804,543,0,0.2876314088236025,0,0.5
3,5,44,logistic_regression,810,116,0,0.3077961775638455,0,0.5
3,5,44,logistic_regression,819,2,0,0.1835681748861165,0,0.5
3,5,44,logistic_regression,828,634,0,0.22940929002953903,0,0.5
3,5,44,logistic_regression,834,569,0,0.24610405959606638,0,0.5
3,5,44,logistic_regression,836,743,0,0.21920261521983853,0,0.5
3,5,44,logistic_regression,838,694,0,0.2768540265879134,0,0.5
3,5,44,logistic_regression,850,117,0,0.23308854244861282,0,0.5
3,5,44,logistic_regression,855,377,0,0.40228962514190464,0,0.5
3,5,44,logistic_regression,856,635,0,0.23256128094111667,0,0.5
3,5,44,xgboost,3,825,0,0.11124459654092789,0,0.5
3,5,44,xgboost,4,816,0,0.07369858026504517,0,0.5
3,5,44,xgboost,6,823,1,0.9206715822219849,1,0.5
3,5,44,xgboost,9,804,0,0.08228781819343567,0,0.5
3,5,44,xgboost,14,798,0,0.06827258318662643,0,0.5
3,5,44,xgboost,20,797,0,0.07369858026504517,0,0.5
3,5,44,xgboost,26,765,0,0.08882791548967361,0,0.5
3,5,44,xgboost,27,759,0,0.06827258318662643,0,0.5
3,5,44,xgboost,30,782,0,0.07144105434417725,0,0.5
3,5,44,xgboost,31,771,0,0.07144105434417725,0,0.5
3,5,44,xgboost,32,738,0,0.07369858026504517,0,0.5
3,5,44,xgboost,36,760,0,0.06827258318662643,0,0.5
3,5,44,xgboost,37,747,0,0.0661693885922432,0,0.5
3,5,44,xgboost,43,723,0,0.0661693885922432,0,0.5
3,5,44,xgboost,47,770,0,0.0661693885922432,0,0.5
3,5,44,xgboost,49,739,0,0.0661693885922432,0,0.5
3,5,44,xgboost,51,715,0,0.0661693885922432,0,0.5
3,5,44,xgboost,52,729,0,0.08882791548967361,0,0.5
3,5,44,xgboost,58,683,0,0.9403790235519409,1,0.5
3,5,44,xgboost,60,673,0,0.0661693885922432,0,0.5
3,5,44,xgboost,66,673,0,0.0661693885922432,0,0.5
3,5,44,xgboost,68,696,0,0.0661693885922432,0,0.5
3,5,44,xgboost,72,664,0,0.0661693885922432,0,0.5
3,5,44,xgboost,73,685,0,0.0661693885922432,0,0.5
3,5,44,xgboost,82,615,0,0.0661693885922432,0,0.5
3,5,44,xgboost,84,713,0,0.0661693885922432,0,0.5
3,5,44,xgboost,101,580,0,0.14085863530635834,0,0.5
3,5,44,xgboost,103,754,1,0.9158570170402527,1,0.5
3,5,44,xgboost,109,612,0,0.10378073155879974,0,0.5
3,5,44,xgboost,112,573,0,0.07144105434417725,0,0.5
3,5,44,xgboost,119,498,0,0.0661693885922432,0,0.5
3,5,44,xgboost,122,592,0,0.12218263000249863,0,0.5
3,5,44,xgboost,123,542,0,0.1098167821764946,0,0.5
3,5,44,xgboost,137,537,0,0.0661693885922432,0,0.5
3,5,44,xgboost,143,480,0,0.06384500116109848,0,0.5
3,5,44,xgboost,145,595,0,0.06827258318662643,0,0.5
3,5,44,xgboost,146,576,0,0.0661693885922432,0,0.5
3,5,44,xgboost,149,594,0,0.06587949395179749,0,0.5
3,5,44,xgboost,159,463,0,0.0661693885922432,0,0.5
3,5,44,xgboost,168,535,0,0.0661693885922432,0,0.5
3,5,44,xgboost,170,434,0,0.0661693885922432,0,0.5
3,5,44,xgboost,172,522,0,0.07144105434417725,0,0.5
3,5,44,xgboost,183,491,0,0.0661693885922432,0,0.5
3,5,44,xgboost,194,397,0,0.0661693885922432,0,0.5
3,5,44,xgboost,197,442,0,0.7144159078598022,1,0.5
3,5,44,xgboost,207,437,0,0.0661693885922432,0,0.5
3,5,44,xgboost,211,453,0,0.0661693885922432,0,0.5
3,5,44,xgboost,221,407,0,0.0661693885922432,0,0.5
3,5,44,xgboost,228,585,0,0.06384500116109848,0,0.5
3,5,44,xgboost,229,466,0,0.6160141229629517,1,0.5
3,5,44,xgboost,235,378,0,0.0661693885922432,0,0.5
3,5,44,xgboost,238,536,0,0.06827258318662643,0,0.5
3,5,44,xgboost,243,402,0,0.08578069508075714,0,0.5
3,5,44,xgboost,246,487,0,0.0661693885922432,0,0.5
3,5,44,xgboost,257,273,1,0.9391453862190247,1,0.5
3,5,44,xgboost,259,329,0,0.10133643448352814,0,0.5
3,5,44,xgboost,260,485,0,0.06827258318662643,0,0.5
3,5,44,xgboost,267,265,0,0.06384500116109848,0,0.5
3,5,44,xgboost,268,305,0,0.0661693885922432,0,0.5
3,5,44,xgboost,275,237,0,0.8881767392158508,1,0.5
3,5,44,xgboost,277,168,0,0.0661693885922432,0,0.5
3,5,44,xgboost,280,303,0,0.0661693885922432,0,0.5
3,5,44,xgboost,286,240,0,0.0661693885922432,0,0.5
3,5,44,xgboost,287,272,0,0.0661693885922432,0,0.5
3,5,44,xgboost,299,319,0,0.06384500116109848,0,0.5
3,5,44,xgboost,304,331,0,0.06384500116109848,0,0.5
3,5,44,xgboost,308,382,0,0.0661693885922432,0,0.5
3,5,44,xgboost,309,322,0,0.06384500116109848,0,0.5
3,5,44,xgboost,310,307,0,0.0661693885922432,0,0.5
3,5,44,xgboost,314,215,1,0.9376986622810364,1,0.5
3,5,44,xgboost,325,169,1,0.0661693885922432,0,0.5
3,5,44,xgboost,327,173,0,0.0661693885922432,0,0.5
3,5,44,xgboost,328,197,0,0.06384500116109848,0,0.5
3,5,44,xgboost,333,274,0,0.06827258318662643,0,0.5
3,5,44,xgboost,344,79,0,0.0661693885922432,0,0.5
3,5,44,xgboost,352,152,0,0.0661693885922432,0,0.5
3,5,44,xgboost,356,79,0,0.0661693885922432,0,0.5
3,5,44,xgboost,358,212,0,0.0661693885922432,0,0.5
3,5,44,xgboost,363,72,0,0.0661693885922432,0,0.5
3,5,44,xgboost,364,147,0,0.0661693885922432,0,0.5
3,5,44,xgboost,372,242,0,0.16878703236579895,0,0.5
3,5,44,xgboost,375,249,0,0.0661693885922432,0,0.5
3,5,44,xgboost,377,172,1,0.12218263000249863,0,0.5
3,5,44,xgboost,378,86,0,0.0661693885922432,0,0.5
3,5,44,xgboost,381,145,0,0.06384500116109848,0,0.5
3,5,44,xgboost,392,120,0,0.0661693885922432,0,0.5
3,5,44,xgboost,394,184,0,0.0661693885922432,0,0.5
3,5,44,xgboost,401,210,0,0.0661693885922432,0,0.5
3,5,44,xgboost,412,87,0,0.06384500116109848,0,0.5
3,5,44,xgboost,417,158,0,0.06384500116109848,0,0.5
3,5,44,xgboost,423,51,0,0.11863014101982117,0,0.5
3,5,44,xgboost,426,114,0,0.08882791548967361,0,0.5
3,5,44,xgboost,427,161,0,0.0661693885922432,0,0.5
3,5,44,xgboost,430,153,0,0.0661693885922432,0,0.5
3,5,44,xgboost,434,192,1,0.09147078543901443,0,0.5
3,5,44,xgboost,444,80,0,0.0661693885922432,0,0.5
3,5,44,xgboost,450,34,0,0.12278994172811508,0,0.5
3,5,44,xgboost,452,46,0,0.06384500116109848,0,0.5
3,5,44,xgboost,455,77,0,0.0661693885922432,0,0.5
3,5,44,xgboost,463,1,0,0.12278994172811508,0,0.5
3,5,44,xgboost,467,41,0,0.3598759174346924,0,0.5
3,5,44,xgboost,469,16,0,0.06863289326429367,0,0.5
3,5,44,xgboost,470,764,0,0.11124459654092789,0,0.5
3,5,44,xgboost,472,682,1,0.9402782917022705,1,0.5
3,5,44,xgboost,473,787,0,0.06827258318662643,0,0.5
3,5,44,xgboost,480,575,0,0.11813949048519135,0,0.5
3,5,44,xgboost,485,286,0,0.0661693885922432,0,0.5
3,5,44,xgboost,493,86,0,0.07941719144582748,0,0.5
3,5,44,xgboost,494,165,0,0.0661693885922432,0,0.5
3,5,44,xgboost,500,763,0,0.0661693885922432,0,0.5
3,5,44,xgboost,506,711,0,0.06827258318662643,0,0.5
3,5,44,xgboost,509,384,0,0.0661693885922432,0,0.5
3,5,44,xgboost,512,671,0,0.06384500116109848,0,0.5
3,5,44,xgboost,514,476,0,0.08882791548967361,0,0.5
3,5,44,xgboost,523,624,0,0.0661693885922432,0,0.5
3,5,44,xgboost,525,46,0,0.06384500116109848,0,0.5
3,5,44,xgboost,528,547,0,0.06384500116109848,0,0.5
3,5,44,xgboost,533,425,0,0.0661693885922432,0,0.5
3,5,44,xgboost,543,40,0,0.12278994172811508,0,0.5
3,5,44,xgboost,552,105,0,0.06384500116109848,0,0.5
3,5,44,xgboost,556,772,0,0.06827258318662643,0,0.5
3,5,44,xgboost,560,748,0,0.0661693885922432,0,0.5
3,5,44,xgboost,561,208,0,0.0661693885922432,0,0.5
3,5,44,xgboost,562,282,0,0.0661693885922432,0,0.5
3,5,44,xgboost,563,712,0,0.0661693885922432,0,0.5
3,5,44,xgboost,579,730,0,0.11124459654092789,0,0.5
3,5,44,xgboost,584,562,0,0.0661693885922432,0,0.5
3,5,44,xgboost,585,648,0,0.0661693885922432,0,0.5
3,5,44,xgboost,588,813,0,0.09764594584703445,0,0.5
3,5,44,xgboost,594,193,0,0.0661693885922432,0,0.5
3,5,44,xgboost,596,83,0,0.0661693885922432,0,0.5
3,5,44,xgboost,604,318,0,0.0661693885922432,0,0.5
3,5,44,xgboost,605,183,0,0.0661693885922432,0,0.5
3,5,44,xgboost,617,157,0,0.0661693885922432,0,0.5
3,5,44,xgboost,625,92,0,0.0661693885922432,0,0.5
3,5,44,xgboost,627,280,0,0.0661693885922432,0,0.5
3,5,44,xgboost,645,471,0,0.06827258318662643,0,0.5
3,5,44,xgboost,670,817,1,0.9122723340988159,1,0.5
3,5,44,xgboost,674,795,0,0.06827258318662643,0,0.5
3,5,44,xgboost,679,822,0,0.06827258318662643,0,0.5
3,5,44,xgboost,693,98,1,0.8258655667304993,1,0.5
3,5,44,xgboost,700,479,0,0.07944536209106445,0,0.5
3,5,44,xgboost,710,449,0,0.0661693885922432,0,0.5
3,5,44,xgboost,711,128,0,0.11863014101982117,0,0.5
3,5,44,xgboost,713,31,0,0.06863289326429367,0,0.5
3,5,44,xgboost,717,731,0,0.07369858026504517,0,0.5
3,5,44,xgboost,722,325,0,0.10133643448352814,0,0.5
3,5,44,xgboost,723,124,0,0.0661693885922432,0,0.5
3,5,44,xgboost,734,564,0,0.0661693885922432,0,0.5
3,5,44,xgboost,737,177,0,0.0661693885922432,0,0.5
3,5,44,xgboost,741,129,0,0.1146891787648201,0,0.5
3,5,44,xgboost,742,156,0,0.16878703236579895,0,0.5
3,5,44,xgboost,754,508,1,0.8856799602508545,1,0.5
3,5,44,xgboost,765,398,0,0.717369794845581,1,0.5
3,5,44,xgboost,769,415,0,0.5988974571228027,1,0.5
3,5,44,xgboost,772,113,0,0.16348896920681,0,0.5
3,5,44,xgboost,776,45,0,0.0661693885922432,0,0.5
3,5,44,xgboost,780,110,0,0.16878703236579895,0,0.5
3,5,44,xgboost,785,480,0,0.06384500116109848,0,0.5
3,5,44,xgboost,795,690,0,0.07144105434417725,0,0.5
3,5,44,xgboost,803,106,0,0.0661693885922432,0,0.5
3,5,44,xgboost,804,543,0,0.08882791548967361,0,0.5
3,5,44,xgboost,810,116,0,0.14553605020046234,0,0.5
3,5,44,xgboost,819,2,0,0.14565414190292358,0,0.5
3,5,44,xgboost,828,634,0,0.06996346265077591,0,0.5
3,5,44,xgboost,834,569,0,0.06996346265077591,0,0.5
3,5,44,xgboost,836,743,0,0.06996346265077591,0,0.5
3,5,44,xgboost,838,694,0,0.0661693885922432,0,0.5
3,5,44,xgboost,850,117,0,0.1250295341014862,0,0.5
3,5,44,xgboost,855,377,0,0.10231456160545349,0,0.5
3,5,44,xgboost,856,635,0,0.0661693885922432,0,0.5
4,1,45,dummy_prior,1,7,0,0.0641399416909621,0,0.5
4,1,45,dummy_prior,9,804,0,0.0641399416909621,0,0.5
4,1,45,dummy_prior,19,773,0,0.0641399416909621,0,0.5
4,1,45,dummy_prior,21,783,0,0.0641399416909621,0,0.5
4,1,45,dummy_prior,25,805,0,0.0641399416909621,0,0.5
4,1,45,dummy_prior,30,782,0,0.0641399416909621,0,0.5
4,1,45,dummy_prior,39,719,0,0.0641399416909621,0,0.5
4,1,45,dummy_prior,42,724,0,0.0641399416909621,0,0.5
4,1,45,dummy_prior,48,780,0,0.0641399416909621,0,0.5
4,1,45,dummy_prior,64,750,1,0.0641399416909621,0,0.5
4,1,45,dummy_prior,65,736,0,0.0641399416909621,0,0.5
4,1,45,dummy_prior,74,681,0,0.0641399416909621,0,0.5
4,1,45,dummy_prior,76,675,0,0.0641399416909621,0,0.5
4,1,45,dummy_prior,77,646,0,0.0641399416909621,0,0.5
4,1,45,dummy_prior,78,693,0,0.0641399416909621,0,0.5
4,1,45,dummy_prior,80,630,0,0.0641399416909621,0,0.5
4,1,45,dummy_prior,90,707,0,0.0641399416909621,0,0.5
4,1,45,dummy_prior,91,689,0,0.0641399416909621,0,0.5
4,1,45,dummy_prior,96,701,1,0.0641399416909621,0,0.5
4,1,45,dummy_prior,98,584,0,0.0641399416909621,0,0.5
4,1,45,dummy_prior,113,328,0,0.0641399416909621,0,0.5
4,1,45,dummy_prior,120,627,0,0.0641399416909621,0,0.5
4,1,45,dummy_prior,124,571,0,0.0641399416909621,0,0.5
4,1,45,dummy_prior,125,596,0,0.0641399416909621,0,0.5
4,1,45,dummy_prior,128,518,0,0.0641399416909621,0,0.5
4,1,45,dummy_prior,129,557,0,0.0641399416909621,0,0.5
4,1,45,dummy_prior,134,568,0,0.0641399416909621,0,0.5
4,1,45,dummy_prior,137,537,0,0.0641399416909621,0,0.5
4,1,45,dummy_prior,141,194,0,0.0641399416909621,0,0.5
4,1,45,dummy_prior,146,576,0,0.0641399416909621,0,0.5
4,1,45,dummy_prior,151,551,0,0.0641399416909621,0,0.5
4,1,45,dummy_prior,153,423,0,0.0641399416909621,0,0.5
4,1,45,dummy_prior,156,448,0,0.0641399416909621,0,0.5
4,1,45,dummy_prior,160,484,0,0.0641399416909621,0,0.5
4,1,45,dummy_prior,162,481,0,0.0641399416909621,0,0.5
4,1,45,dummy_prior,164,546,0,0.0641399416909621,0,0.5
4,1,45,dummy_prior,172,522,0,0.0641399416909621,0,0.5
4,1,45,dummy_prior,174,499,0,0.0641399416909621,0,0.5
4,1,45,dummy_prior,179,548,0,0.0641399416909621,0,0.5
4,1,45,dummy_prior,192,459,0,0.0641399416909621,0,0.5
4,1,45,dummy_prior,197,442,0,0.0641399416909621,0,0.5
4,1,45,dummy_prior,200,443,0,0.0641399416909621,0,0.5
4,1,45,dummy_prior,207,437,0,0.0641399416909621,0,0.5
4,1,45,dummy_prior,213,500,0,0.0641399416909621,0,0.5
4,1,45,dummy_prior,216,531,1,0.0641399416909621,0,0.5
4,1,45,dummy_prior,230,304,0,0.0641399416909621,0,0.5
4,1,45,dummy_prior,232,316,0,0.0641399416909621,0,0.5
4,1,45,dummy_prior,238,536,0,0.0641399416909621,0,0.5
4,1,45,dummy_prior,242,555,0,0.0641399416909621,0,0.5
4,1,45,dummy_prior,244,391,0,0.0641399416909621,0,0.5
4,1,45,dummy_prior,249,270,0,0.0641399416909621,0,0.5
4,1,45,dummy_prior,252,344,0,0.0641399416909621,0,0.5
4,1,45,dummy_prior,260,485,0,0.0641399416909621,0,0.5
4,1,45,dummy_prior,261,227,0,0.0641399416909621,0,0.5
4,1,45,dummy_prior,267,265,0,0.0641399416909621,0,0.5
4,1,45,dummy_prior,269,410,0,0.0641399416909621,0,0.5
4,1,45,dummy_prior,278,267,0,0.0641399416909621,0,0.5
4,1,45,dummy_prior,280,303,0,0.0641399416909621,0,0.5
4,1,45,dummy_prior,281,238,0,0.0641399416909621,0,0.5
4,1,45,dummy_prior,290,204,0,0.0641399416909621,0,0.5
4,1,45,dummy_prior,292,264,0,0.0641399416909621,0,0.5
4,1,45,dummy_prior,302,323,0,0.0641399416909621,0,0.5
4,1,45,dummy_prior,307,287,0,0.0641399416909621,0,0.5
4,1,45,dummy_prior,317,170,0,0.0641399416909621,0,0.5
4,1,45,dummy_prior,320,271,1,0.0641399416909621,0,0.5
4,1,45,dummy_prior,321,269,0,0.0641399416909621,0,0.5
4,1,45,dummy_prior,336,251,0,0.0641399416909621,0,0.5
4,1,45,dummy_prior,337,818,0,0.0641399416909621,0,0.5
4,1,45,dummy_prior,346,149,0,0.0641399416909621,0,0.5
4,1,45,dummy_prior,360,339,0,0.0641399416909621,0,0.5
4,1,45,dummy_prior,362,160,0,0.0641399416909621,0,0.5
4,1,45,dummy_prior,379,224,0,0.0641399416909621,0,0.5
4,1,45,dummy_prior,380,103,0,0.0641399416909621,0,0.5
4,1,45,dummy_prior,387,266,0,0.0641399416909621,0,0.5
4,1,45,dummy_prior,388,185,0,0.0641399416909621,0,0.5
4,1,45,dummy_prior,393,142,0,0.0641399416909621,0,0.5
4,1,45,dummy_prior,414,186,0,0.0641399416909621,0,0.5
4,1,45,dummy_prior,416,70,0,0.0641399416909621,0,0.5
4,1,45,dummy_prior,419,149,0,0.0641399416909621,0,0.5
4,1,45,dummy_prior,431,70,0,0.0641399416909621,0,0.5
4,1,45,dummy_prior,434,192,1,0.0641399416909621,0,0.5
4,1,45,dummy_prior,440,7,0,0.0641399416909621,0,0.5
4,1,45,dummy_prior,443,10,0,0.0641399416909621,0,0.5
4,1,45,dummy_prior,453,10,0,0.0641399416909621,0,0.5
4,1,45,dummy_prior,454,7,0,0.0641399416909621,0,0.5
4,1,45,dummy_prior,455,77,0,0.0641399416909621,0,0.5
4,1,45,dummy_prior,464,25,0,0.0641399416909621,0,0.5
4,1,45,dummy_prior,466,7,0,0.0641399416909621,0,0.5
4,1,45,dummy_prior,467,41,0,0.0641399416909621,0,0.5
4,1,45,dummy_prior,469,16,0,0.0641399416909621,0,0.5
4,1,45,dummy_prior,474,640,0,0.0641399416909621,0,0.5
4,1,45,dummy_prior,479,482,0,0.0641399416909621,0,0.5
4,1,45,dummy_prior,481,608,0,0.0641399416909621,0,0.5
4,1,45,dummy_prior,482,757,0,0.0641399416909621,0,0.5
4,1,45,dummy_prior,483,190,0,0.0641399416909621,0,0.5
4,1,45,dummy_prior,497,356,0,0.0641399416909621,0,0.5
4,1,45,dummy_prior,499,614,0,0.0641399416909621,0,0.5
4,1,45,dummy_prior,503,735,0,0.0641399416909621,0,0.5
4,1,45,dummy_prior,505,306,0,0.0641399416909621,0,0.5
4,1,45,dummy_prior,506,711,0,0.0641399416909621,0,0.5
4,1,45,dummy_prior,512,671,0,0.0641399416909621,0,0.5
4,1,45,dummy_prior,520,53,0,0.0641399416909621,0,0.5
4,1,45,dummy_prior,523,624,0,0.0641399416909621,0,0.5
4,1,45,dummy_prior,524,628,0,0.0641399416909621,0,0.5
4,1,45,dummy_prior,528,547,0,0.0641399416909621,0,0.5
4,1,45,dummy_prior,535,275,0,0.0641399416909621,0,0.5
4,1,45,dummy_prior,544,50,0,0.0641399416909621,0,0.5
4,1,45,dummy_prior,545,532,0,0.0641399416909621,0,0.5
4,1,45,dummy_prior,548,58,0,0.0641399416909621,0,0.5
4,1,45,dummy_prior,551,639,0,0.0641399416909621,0,0.5
4,1,45,dummy_prior,559,162,0,0.0641399416909621,0,0.5
4,1,45,dummy_prior,569,802,0,0.0641399416909621,0,0.5
4,1,45,dummy_prior,574,309,0,0.0641399416909621,0,0.5
4,1,45,dummy_prior,581,59,0,0.0641399416909621,0,0.5
4,1,45,dummy_prior,597,133,0,0.0641399416909621,0,0.5
4,1,45,dummy_prior,606,539,0,0.0641399416909621,0,0.5
4,1,45,dummy_prior,614,341,1,0.0641399416909621,0,0.5
4,1,45,dummy_prior,620,363,0,0.0641399416909621,0,0.5
4,1,45,dummy_prior,625,92,0,0.0641399416909621,0,0.5
4,1,45,dummy_prior,632,226,0,0.0641399416909621,0,0.5
4,1,45,dummy_prior,640,625,0,0.0641399416909621,0,0.5
4,1,45,dummy_prior,641,761,0,0.0641399416909621,0,0.5
4,1,45,dummy_prior,648,95,0,0.0641399416909621,0,0.5
4,1,45,dummy_prior,649,613,0,0.0641399416909621,0,0.5
4,1,45,dummy_prior,650,421,0,0.0641399416909621,0,0.5
4,1,45,dummy_prior,664,756,1,0.0641399416909621,0,0.5
4,1,45,dummy_prior,671,824,1,0.0641399416909621,0,0.5
4,1,45,dummy_prior,678,609,0,0.0641399416909621,0,0.5
4,1,45,dummy_prior,683,762,0,0.0641399416909621,0,0.5
4,1,45,dummy_prior,685,820,0,0.0641399416909621,0,0.5
4,1,45,dummy_prior,686,704,1,0.0641399416909621,0,0.5
4,1,45,dummy_prior,689,340,0,0.0641399416909621,0,0.5
4,1,45,dummy_prior,691,420,0,0.0641399416909621,0,0.5
4,1,45,dummy_prior,694,486,0,0.0641399416909621,0,0.5
4,1,45,dummy_prior,697,91,0,0.0641399416909621,0,0.5
4,1,45,dummy_prior,700,479,0,0.0641399416909621,0,0.5
4,1,45,dummy_prior,701,524,0,0.0641399416909621,0,0.5
4,1,45,dummy_prior,704,781,0,0.0641399416909621,0,0.5
4,1,45,dummy_prior,708,254,0,0.0641399416909621,0,0.5
4,1,45,dummy_prior,709,374,0,0.0641399416909621,0,0.5
4,1,45,dummy_prior,711,128,0,0.0641399416909621,0,0.5
4,1,45,dummy_prior,713,31,0,0.0641399416909621,0,0.5
4,1,45,dummy_prior,726,530,0,0.0641399416909621,0,0.5
4,1,45,dummy_prior,732,417,0,0.0641399416909621,0,0.5
4,1,45,dummy_prior,735,6,0,0.0641399416909621,0,0.5
4,1,45,dummy_prior,738,477,0,0.0641399416909621,0,0.5
4,1,45,dummy_prior,740,768,0,0.0641399416909621,0,0.5
4,1,45,dummy_prior,742,156,0,0.0641399416909621,0,0.5
4,1,45,dummy_prior,745,30,0,0.0641399416909621,0,0.5
4,1,45,dummy_prior,754,508,1,0.0641399416909621,0,0.5
4,1,45,dummy_prior,757,360,0,0.0641399416909621,0,0.5
4,1,45,dummy_prior,758,578,0,0.0641399416909621,0,0.5
4,1,45,dummy_prior,768,422,0,0.0641399416909621,0,0.5
4,1,45,dummy_prior,771,661,0,0.0641399416909621,0,0.5
4,1,45,dummy_prior,778,136,0,0.0641399416909621,0,0.5
4,1,45,dummy_prior,779,656,0,0.0641399416909621,0,0.5
4,1,45,dummy_prior,788,752,0,0.0641399416909621,0,0.5
4,1,45,dummy_prior,794,175,0,0.0641399416909621,0,0.5
4,1,45,dummy_prior,802,14,0,0.0641399416909621,0,0.5
4,1,45,dummy_prior,806,62,0,0.0641399416909621,0,0.5
4,1,45,dummy_prior,808,544,0,0.0641399416909621,0,0.5
4,1,45,dummy_prior,809,519,0,0.0641399416909621,0,0.5
4,1,45,dummy_prior,814,22,1,0.0641399416909621,0,0.5
4,1,45,dummy_prior,816,233,0,0.0641399416909621,0,0.5
4,1,45,dummy_prior,821,602,0,0.0641399416909621,0,0.5
4,1,45,dummy_prior,823,644,0,0.0641399416909621,0,0.5
4,1,45,dummy_prior,826,650,0,0.0641399416909621,0,0.5
4,1,45,dummy_prior,836,743,0,0.0641399416909621,0,0.5
4,1,45,dummy_prior,841,297,0,0.0641399416909621,0,0.5
4,1,45,dummy_prior,844,444,0,0.0641399416909621,0,0.5
4,1,45,dummy_prior,855,377,0,0.0641399416909621,0,0.5
4,1,45,dummy_prior,857,526,0,0.0641399416909621,0,0.5
4,1,45,logistic_regression,1,7,0,0.2529447953197223,0,0.5
4,1,45,logistic_regression,9,804,0,0.311411293304376,0,0.5
4,1,45,logistic_regression,19,773,0,0.2664398094900422,0,0.5
4,1,45,logistic_regression,21,783,0,0.254850941275231,0,0.5
4,1,45,logistic_regression,25,805,0,0.2311337607377395,0,0.5
4,1,45,logistic_regression,30,782,0,0.3510502888799043,0,0.5
4,1,45,logistic_regression,39,719,0,0.26183103946089703,0,0.5
4,1,45,logistic_regression,42,724,0,0.34798819067648135,0,0.5
4,1,45,logistic_regression,48,780,0,0.20562696580829706,0,0.5
4,1,45,logistic_regression,64,750,1,0.8671246231914012,1,0.5
4,1,45,logistic_regression,65,736,0,0.2514627958872962,0,0.5
4,1,45,logistic_regression,74,681,0,0.22585226051679277,0,0.5
4,1,45,logistic_regression,76,675,0,0.3003902139494716,0,0.5
4,1,45,logistic_regression,77,646,0,0.24801720073346994,0,0.5
4,1,45,logistic_regression,78,693,0,0.8355427158399846,1,0.5
4,1,45,logistic_regression,80,630,0,0.23664512336991655,0,0.5
4,1,45,logistic_regression,90,707,0,0.2182382525856699,0,0.5
4,1,45,logistic_regression,91,689,0,0.26422463561388043,0,0.5
4,1,45,logistic_regression,96,701,1,0.9873093439973766,1,0.5
4,1,45,logistic_regression,98,584,0,0.19836388060636603,0,0.5
4,1,45,logistic_regression,113,328,0,0.2633887055042368,0,0.5
4,1,45,logistic_regression,120,627,0,0.26212015704608366,0,0.5
4,1,45,logistic_regression,124,571,0,0.32404045720601743,0,0.5
4,1,45,logistic_regression,125,596,0,0.32063050442249585,0,0.5
4,1,45,logistic_regression,128,518,0,0.21019053992553177,0,0.5
4,1,45,logistic_regression,129,557,0,0.3196502766527262,0,0.5
4,1,45,logistic_regression,134,568,0,0.5965408884282289,1,0.5
4,1,45,logistic_regression,137,537,0,0.27430594216774645,0,0.5
4,1,45,logistic_regression,141,194,0,0.1863330523814393,0,0.5
4,1,45,logistic_regression,146,576,0,0.2514655532336993,0,0.5
4,1,45,logistic_regression,151,551,0,0.24265623619166085,0,0.5
4,1,45,logistic_regression,153,423,0,0.2689393429897274,0,0.5
4,1,45,logistic_regression,156,448,0,0.2839809840332716,0,0.5
4,1,45,logistic_regression,160,484,0,0.2900402306523238,0,0.5
4,1,45,logistic_regression,162,481,0,0.25902156223831246,0,0.5
4,1,45,logistic_regression,164,546,0,0.1751729204759716,0,0.5
4,1,45,logistic_regression,172,522,0,0.2910727572509552,0,0.5
4,1,45,logistic_regression,174,499,0,0.3453149333094705,0,0.5
4,1,45,logistic_regression,179,548,0,0.2896399952606415,0,0.5
4,1,45,logistic_regression,192,459,0,0.2835665044054777,0,0.5
4,1,45,logistic_regression,197,442,0,0.8007058211431557,1,0.5
4,1,45,logistic_regression,200,443,0,0.2670381064287256,0,0.5
4,1,45,logistic_regression,207,437,0,0.2642633609858901,0,0.5
4,1,45,logistic_regression,213,500,0,0.468668740105203,0,0.5
4,1,45,logistic_regression,216,531,1,0.956134172857829,1,0.5
4,1,45,logistic_regression,230,304,0,0.2569814903343135,0,0.5
4,1,45,logistic_regression,232,316,0,0.26027954265522946,0,0.5
4,1,45,logistic_regression,238,536,0,0.31669789069484433,0,0.5
4,1,45,logistic_regression,242,555,0,0.23213094761208763,0,0.5
4,1,45,logistic_regression,244,391,0,0.2600129152953452,0,0.5
4,1,45,logistic_regression,249,270,0,0.2684966198547045,0,0.5
4,1,45,logistic_regression,252,344,0,0.33527332623906686,0,0.5
4,1,45,logistic_regression,260,485,0,0.29978420001370537,0,0.5
4,1,45,logistic_regression,261,227,0,0.24781695669603054,0,0.5
4,1,45,logistic_regression,267,265,0,0.19809078441793737,0,0.5
4,1,45,logistic_regression,269,410,0,0.2448708934979276,0,0.5
4,1,45,logistic_regression,278,267,0,0.2503131196919223,0,0.5
4,1,45,logistic_regression,280,303,0,0.254748489345904,0,0.5
4,1,45,logistic_regression,281,238,0,0.19673686347287472,0,0.5
4,1,45,logistic_regression,290,204,0,0.33803355355994114,0,0.5
4,1,45,logistic_regression,292,264,0,0.27093533027374445,0,0.5
4,1,45,logistic_regression,302,323,0,0.35635130192858294,0,0.5
4,1,45,logistic_regression,307,287,0,0.1798406658815236,0,0.5
4,1,45,logistic_regression,317,170,0,0.24537871573223402,0,0.5
4,1,45,logistic_regression,320,271,1,0.96972065003003,1,0.5
4,1,45,logistic_regression,321,269,0,0.18086857647699028,0,0.5
4,1,45,logistic_regression,336,251,0,0.2816516519110831,0,0.5
4,1,45,logistic_regression,337,818,0,0.3885728996435063,0,0.5
4,1,45,logistic_regression,346,149,0,0.19768787683997285,0,0.5
4,1,45,logistic_regression,360,339,0,0.26073625237039083,0,0.5
4,1,45,logistic_regression,362,160,0,0.2667468684690723,0,0.5
4,1,45,logistic_regression,379,224,0,0.2502951870203741,0,0.5
4,1,45,logistic_regression,380,103,0,0.31377439374791827,0,0.5
4,1,45,logistic_regression,387,266,0,0.2423581422554061,0,0.5
4,1,45,logistic_regression,388,185,0,0.26620498059957803,0,0.5
4,1,45,logistic_regression,393,142,0,0.25467523792325386,0,0.5
4,1,45,logistic_regression,414,186,0,0.2995289218510867,0,0.5
4,1,45,logistic_regression,416,70,0,0.25939277710298286,0,0.5
4,1,45,logistic_regression,419,149,0,0.19768787683997285,0,0.5
4,1,45,logistic_regression,431,70,0,0.25939277710298286,0,0.5
4,1,45,logistic_regression,434,192,1,0.43926568563366575,0,0.5
4,1,45,logistic_regression,440,7,0,0.2529447953197223,0,0.5
4,1,45,logistic_regression,443,10,0,0.18944085358527074,0,0.5
4,1,45,logistic_regression,453,10,0,0.18944085358527074,0,0.5
4,1,45,logistic_regression,454,7,0,0.2529447953197223,0,0.5
4,1,45,logistic_regression,455,77,0,0.20435534856351983,0,0.5
4,1,45,logistic_regression,464,25,0,0.8026815708969935,1,0.5
4,1,45,logistic_regression,466,7,0,0.2529447953197223,0,0.5
4,1,45,logistic_regression,467,41,0,0.4215490260061546,0,0.5
4,1,45,logistic_regression,469,16,0,0.25369193566488557,0,0.5
4,1,45,logistic_regression,474,640,0,0.28330531519315616,0,0.5
4,1,45,logistic_regression,479,482,0,0.23994007998618874,0,0.5
4,1,45,logistic_regression,481,608,0,0.23420325252404398,0,0.5
4,1,45,logistic_regression,482,757,0,0.8145254798400787,1,0.5
4,1,45,logistic_regression,483,190,0,0.2979613556493473,0,0.5
4,1,45,logistic_regression,497,356,0,0.3462448663273029,0,0.5
4,1,45,logistic_regression,499,614,0,0.28299980616538006,0,0.5
4,1,45,logistic_regression,503,735,0,0.30389197088811276,0,0.5
4,1,45,logistic_regression,505,306,0,0.19761411421076092,0,0.5
4,1,45,logistic_regression,506,711,0,0.31414459415199664,0,0.5
4,1,45,logistic_regression,512,671,0,0.22324801412317619,0,0.5
4,1,45,logistic_regression,520,53,0,0.27665947132402896,0,0.5
4,1,45,logistic_regression,523,624,0,0.2636856314295189,0,0.5
4,1,45,logistic_regression,524,628,0,0.24811395816452111,0,0.5
4,1,45,logistic_regression,528,547,0,0.19576178344810244,0,0.5
4,1,45,logistic_regression,535,275,0,0.24553053792920182,0,0.5
4,1,45,logistic_regression,544,50,0,0.2482867183126486,0,0.5
4,1,45,logistic_regression,545,532,0,0.33105395702892215,0,0.5
4,1,45,logistic_regression,548,58,0,0.27096192489178617,0,0.5
4,1,45,logistic_regression,551,639,0,0.19558703232739394,0,0.5
4,1,45,logistic_regression,559,162,0,0.2531966602856525,0,0.5
4,1,45,logistic_regression,569,802,0,0.21439642383378874,0,0.5
4,1,45,logistic_regression,574,309,0,0.2662411305246284,0,0.5
4,1,45,logistic_regression,581,59,0,0.27767875731760905,0,0.5
4,1,45,logistic_regression,597,133,0,0.42975830122745423,0,0.5
4,1,45,logistic_regression,606,539,0,0.29641407301080297,0,0.5
4,1,45,logistic_regression,614,341,1,0.91468049327524,1,0.5
4,1,45,logistic_regression,620,363,0,0.3135887571361257,0,0.5
4,1,45,logistic_regression,625,92,0,0.249500341146287,0,0.5
4,1,45,logistic_regression,632,226,0,0.2789490639043113,0,0.5
4,1,45,logistic_regression,640,625,0,0.29869364239379675,0,0.5
4,1,45,logistic_regression,641,761,0,0.26047616897269443,0,0.5
4,1,45,logistic_regression,648,95,0,0.356714152272971,0,0.5
4,1,45,logistic_regression,649,613,0,0.530776896562247,1,0.5
4,1,45,logistic_regression,650,421,0,0.37861613856727044,0,0.5
4,1,45,logistic_regression,664,756,1,0.9774067897322031,1,0.5
4,1,45,logistic_regression,671,824,1,0.7577380838574023,1,0.5
4,1,45,logistic_regression,678,609,0,0.24118310983148514,0,0.5
4,1,45,logistic_regression,683,762,0,0.26988173155498535,0,0.5
4,1,45,logistic_regression,685,820,0,0.24073815657046344,0,0.5
4,1,45,logistic_regression,686,704,1,0.7854415836612246,1,0.5
4,1,45,logistic_regression,689,340,0,0.30153617785304937,0,0.5
4,1,45,logistic_regression,691,420,0,0.9072416948946768,1,0.5
4,1,45,logistic_regression,694,486,0,0.3050991921742115,0,0.5
4,1,45,logistic_regression,697,91,0,0.3262341097482008,0,0.5
4,1,45,logistic_regression,700,479,0,0.2271870602119082,0,0.5
4,1,45,logistic_regression,701,524,0,0.22968937322008126,0,0.5
4,1,45,logistic_regression,704,781,0,0.8556220082959018,1,0.5
4,1,45,logistic_regression,708,254,0,0.2886773444256014,0,0.5
4,1,45,logistic_regression,709,374,0,0.28745714455670424,0,0.5
4,1,45,logistic_regression,711,128,0,0.2736327611392692,0,0.5
4,1,45,logistic_regression,713,31,0,0.24741018002102141,0,0.5
4,1,45,logistic_regression,726,530,0,0.30750933564613997,0,0.5
4,1,45,logistic_regression,732,417,0,0.2291484827514215,0,0.5
4,1,45,logistic_regression,735,6,0,0.2314314351096008,0,0.5
4,1,45,logistic_regression,738,477,0,0.4280460536512953,0,0.5
4,1,45,logistic_regression,740,768,0,0.27280220542934985,0,0.5
4,1,45,logistic_regression,742,156,0,0.3738151167668345,0,0.5
4,1,45,logistic_regression,745,30,0,0.30910830549832935,0,0.5
4,1,45,logistic_regression,754,508,1,0.8022538127425523,1,0.5
4,1,45,logistic_regression,757,360,0,0.28871857063588974,0,0.5
4,1,45,logistic_regression,758,578,0,0.24183027064274312,0,0.5
4,1,45,logistic_regression,768,422,0,0.24015898309297384,0,0.5
4,1,45,logistic_regression,771,661,0,0.19449533535176852,0,0.5
4,1,45,logistic_regression,778,136,0,0.18820572820142892,0,0.5
4,1,45,logistic_regression,779,656,0,0.3078491943724602,0,0.5
4,1,45,logistic_regression,788,752,0,0.5534927143370966,1,0.5
4,1,45,logistic_regression,794,175,0,0.18774727556963505,0,0.5
4,1,45,logistic_regression,802,14,0,0.2663264804904273,0,0.5
4,1,45,logistic_regression,806,62,0,0.3080517958400243,0,0.5
4,1,45,logistic_regression,808,544,0,0.2944978402857303,0,0.5
4,1,45,logistic_regression,809,519,0,0.29532157491929323,0,0.5
4,1,45,logistic_regression,814,22,1,0.30475316660257906,0,0.5
4,1,45,logistic_regression,816,233,0,0.2862086943603416,0,0.5
4,1,45,logistic_regression,821,602,0,0.2550952530592537,0,0.5
4,1,45,logistic_regression,823,644,0,0.22939446657931759,0,0.5
4,1,45,logistic_regression,826,650,0,0.2807680230578325,0,0.5
4,1,45,logistic_regression,836,743,0,0.21237050809132962,0,0.5
4,1,45,logistic_regression,841,297,0,0.24123936100881707,0,0.5
4,1,45,logistic_regression,844,444,0,0.35366390210781357,0,0.5
4,1,45,logistic_regression,855,377,0,0.4097060209184345,0,0.5
4,1,45,logistic_regression,857,526,0,0.2444086534358093,0,0.5
4,1,45,xgboost,1,7,0,0.13681748509407043,0,0.5
4,1,45,xgboost,9,804,0,0.08048956841230392,0,0.5
4,1,45,xgboost,19,773,0,0.06919097155332565,0,0.5
4,1,45,xgboost,21,783,0,0.11250212788581848,0,0.5
4,1,45,xgboost,25,805,0,0.06919097155332565,0,0.5
4,1,45,xgboost,30,782,0,0.06919097155332565,0,0.5
4,1,45,xgboost,39,719,0,0.06919097155332565,0,0.5
4,1,45,xgboost,42,724,0,0.08048956841230392,0,0.5
4,1,45,xgboost,48,780,0,0.10649439692497253,0,0.5
4,1,45,xgboost,64,750,1,0.907774031162262,1,0.5
4,1,45,xgboost,65,736,0,0.06919097155332565,0,0.5
4,1,45,xgboost,74,681,0,0.06919097155332565,0,0.5
4,1,45,xgboost,76,675,0,0.17287057638168335,0,0.5
4,1,45,xgboost,77,646,0,0.06919097155332565,0,0.5
4,1,45,xgboost,78,693,0,0.8993536829948425,1,0.5
4,1,45,xgboost,80,630,0,0.06919097155332565,0,0.5
4,1,45,xgboost,90,707,0,0.17287057638168335,0,0.5
4,1,45,xgboost,91,689,0,0.10649439692497253,0,0.5
4,1,45,xgboost,96,701,1,0.8937866687774658,1,0.5
4,1,45,xgboost,98,584,0,0.10649439692497253,0,0.5
4,1,45,xgboost,113,328,0,0.07165194302797318,0,0.5
4,1,45,xgboost,120,627,0,0.10649439692497253,0,0.5
4,1,45,xgboost,124,571,0,0.10649439692497253,0,0.5
4,1,45,xgboost,125,596,0,0.10649439692497253,0,0.5
4,1,45,xgboost,128,518,0,0.06919097155332565,0,0.5
4,1,45,xgboost,129,557,0,0.17287057638168335,0,0.5
4,1,45,xgboost,134,568,0,0.13077901303768158,0,0.5
4,1,45,xgboost,137,537,0,0.06919097155332565,0,0.5
4,1,45,xgboost,141,194,0,0.1060938611626625,0,0.5
4,1,45,xgboost,146,576,0,0.06919097155332565,0,0.5
4,1,45,xgboost,151,551,0,0.06919097155332565,0,0.5
4,1,45,xgboost,153,423,0,0.07165194302797318,0,0.5
4,1,45,xgboost,156,448,0,0.07165194302797318,0,0.5
4,1,45,xgboost,160,484,0,0.07165194302797318,0,0.5
4,1,45,xgboost,162,481,0,0.07165194302797318,0,0.5
4,1,45,xgboost,164,546,0,0.06919097155332565,0,0.5
4,1,45,xgboost,172,522,0,0.06919097155332565,0,0.5
4,1,45,xgboost,174,499,0,0.13367977738380432,0,0.5
4,1,45,xgboost,179,548,0,0.06919097155332565,0,0.5
4,1,45,xgboost,192,459,0,0.11012520641088486,0,0.5
4,1,45,xgboost,197,442,0,0.46035468578338623,0,0.5
4,1,45,xgboost,200,443,0,0.07165194302797318,0,0.5
4,1,45,xgboost,207,437,0,0.07165194302797318,0,0.5
4,1,45,xgboost,213,500,0,0.12761616706848145,0,0.5
4,1,45,xgboost,216,531,1,0.9425522685050964,1,0.5
4,1,45,xgboost,230,304,0,0.07165194302797318,0,0.5
4,1,45,xgboost,232,316,0,0.07165194302797318,0,0.5
4,1,45,xgboost,238,536,0,0.10649439692497253,0,0.5
4,1,45,xgboost,242,555,0,0.06919097155332565,0,0.5
4,1,45,xgboost,244,391,0,0.07165194302797318,0,0.5
4,1,45,xgboost,249,270,0,0.10684007406234741,0,0.5
4,1,45,xgboost,252,344,0,0.07165194302797318,0,0.5
4,1,45,xgboost,260,485,0,0.11012520641088486,0,0.5
4,1,45,xgboost,261,227,0,0.1060938611626625,0,0.5
4,1,45,xgboost,267,265,0,0.07592625170946121,0,0.5
4,1,45,xgboost,269,410,0,0.07165194302797318,0,0.5
4,1,45,xgboost,278,267,0,0.07592625170946121,0,0.5
4,1,45,xgboost,280,303,0,0.07165194302797318,0,0.5
4,1,45,xgboost,281,238,0,0.14733228087425232,0,0.5
4,1,45,xgboost,290,204,0,0.14733228087425232,0,0.5
4,1,45,xgboost,292,264,0,0.07592625170946121,0,0.5
4,1,45,xgboost,302,323,0,0.07165194302797318,0,0.5
4,1,45,xgboost,307,287,0,0.07165194302797318,0,0.5
4,1,45,xgboost,317,170,0,0.1060938611626625,0,0.5
4,1,45,xgboost,320,271,1,0.9354178309440613,1,0.5
4,1,45,xgboost,321,269,0,0.07592625170946121,0,0.5
4,1,45,xgboost,336,251,0,0.07592625170946121,0,0.5
4,1,45,xgboost,337,818,0,0.129385307431221,0,0.5
4,1,45,xgboost,346,149,0,0.14196163415908813,0,0.5
4,1,45,xgboost,360,339,0,0.07165194302797318,0,0.5
4,1,45,xgboost,362,160,0,0.1060938611626625,0,0.5
4,1,45,xgboost,379,224,0,0.1060938611626625,0,0.5
4,1,45,xgboost,380,103,0,0.10189615190029144,0,0.5
4,1,45,xgboost,387,266,0,0.07592625170946121,0,0.5
4,1,45,xgboost,388,185,0,0.15524350106716156,0,0.5
4,1,45,xgboost,393,142,0,0.10204653441905975,0,0.5
4,1,45,xgboost,414,186,0,0.1060938611626625,0,0.5
4,1,45,xgboost,416,70,0,0.13681748509407043,0,0.5
4,1,45,xgboost,419,149,0,0.14196163415908813,0,0.5
4,1,45,xgboost,431,70,0,0.13681748509407043,0,0.5
4,1,45,xgboost,434,192,1,0.13430672883987427,0,0.5
4,1,45,xgboost,440,7,0,0.13681748509407043,0,0.5
4,1,45,xgboost,443,10,0,0.09818326681852341,0,0.5
4,1,45,xgboost,453,10,0,0.09818326681852341,0,0.5
4,1,45,xgboost,454,7,0,0.13681748509407043,0,0.5
4,1,45,xgboost,455,77,0,0.10377653688192368,0,0.5
4,1,45,xgboost,464,25,0,0.6431618332862854,1,0.5
4,1,45,xgboost,466,7,0,0.13681748509407043,0,0.5
4,1,45,xgboost,467,41,0,0.17078432440757751,0,0.5
4,1,45,xgboost,469,16,0,0.09818326681852341,0,0.5
4,1,45,xgboost,474,640,0,0.10649439692497253,0,0.5
4,1,45,xgboost,479,482,0,0.07165194302797318,0,0.5
4,1,45,xgboost,481,608,0,0.06919097155332565,0,0.5
4,1,45,xgboost,482,757,0,0.9095714092254639,1,0.5
4,1,45,xgboost,483,190,0,0.159875750541687,0,0.5
4,1,45,xgboost,497,356,0,0.07900436967611313,0,0.5
4,1,45,xgboost,499,614,0,0.10649439692497253,0,0.5
4,1,45,xgboost,503,735,0,0.10649439692497253,0,0.5
4,1,45,xgboost,505,306,0,0.07165194302797318,0,0.5
4,1,45,xgboost,506,711,0,0.1328282505273819,0,0.5
4,1,45,xgboost,512,671,0,0.08482470363378525,0,0.5
4,1,45,xgboost,520,53,0,0.13681748509407043,0,0.5
4,1,45,xgboost,523,624,0,0.06919097155332565,0,0.5
4,1,45,xgboost,524,628,0,0.06919097155332565,0,0.5
4,1,45,xgboost,528,547,0,0.06919097155332565,0,0.5
4,1,45,xgboost,535,275,0,0.07592625170946121,0,0.5
4,1,45,xgboost,544,50,0,0.13681748509407043,0,0.5
4,1,45,xgboost,545,532,0,0.06919097155332565,0,0.5
4,1,45,xgboost,548,58,0,0.09818326681852341,0,0.5
4,1,45,xgboost,551,639,0,0.06919097155332565,0,0.5
4,1,45,xgboost,559,162,0,0.1060938611626625,0,0.5
4,1,45,xgboost,569,802,0,0.06919097155332565,0,0.5
4,1,45,xgboost,574,309,0,0.07165194302797318,0,0.5
4,1,45,xgboost,581,59,0,0.09818326681852341,0,0.5
4,1,45,xgboost,597,133,0,0.10783360153436661,0,0.5
4,1,45,xgboost,606,539,0,0.10649439692497253,0,0.5
4,1,45,xgboost,614,341,1,0.9215680360794067,1,0.5
4,1,45,xgboost,620,363,0,0.07165194302797318,0,0.5
4,1,45,xgboost,625,92,0,0.09818326681852341,0,0.5
4,1,45,xgboost,632,226,0,0.1060938611626625,0,0.5
4,1,45,xgboost,640,625,0,0.06919097155332565,0,0.5
4,1,45,xgboost,641,761,0,0.06919097155332565,0,0.5
4,1,45,xgboost,648,95,0,0.10377653688192368,0,0.5
4,1,45,xgboost,649,613,0,0.08856270462274551,0,0.5
4,1,45,xgboost,650,421,0,0.07165194302797318,0,0.5
4,1,45,xgboost,664,756,1,0.9326143860816956,1,0.5
4,1,45,xgboost,671,824,1,0.8802623748779297,1,0.5
4,1,45,xgboost,678,609,0,0.06919097155332565,0,0.5
4,1,45,xgboost,683,762,0,0.06919097155332565,0,0.5
4,1,45,xgboost,685,820,0,0.11250212788581848,0,0.5
4,1,45,xgboost,686,704,1,0.8988240361213684,1,0.5
4,1,45,xgboost,689,340,0,0.07165194302797318,0,0.5
4,1,45,xgboost,691,420,0,0.9152777194976807,1,0.5
4,1,45,xgboost,694,486,0,0.07165194302797318,0,0.5
4,1,45,xgboost,697,91,0,0.09818326681852341,0,0.5
4,1,45,xgboost,700,479,0,0.07165194302797318,0,0.5
4,1,45,xgboost,701,524,0,0.06919097155332565,0,0.5
4,1,45,xgboost,704,781,0,0.9050143361091614,1,0.5
4,1,45,xgboost,708,254,0,0.07592625170946121,0,0.5
4,1,45,xgboost,709,374,0,0.07165194302797318,0,0.5
4,1,45,xgboost,711,128,0,0.14196163415908813,0,0.5
4,1,45,xgboost,713,31,0,0.09818326681852341,0,0.5
4,1,45,xgboost,726,530,0,0.06919097155332565,0,0.5
4,1,45,xgboost,732,417,0,0.07165194302797318,0,0.5
4,1,45,xgboost,735,6,0,0.14176172018051147,0,0.5
4,1,45,xgboost,738,477,0,0.10349466651678085,0,0.5
4,1,45,xgboost,740,768,0,0.10649439692497253,0,0.5
4,1,45,xgboost,742,156,0,0.14963507652282715,0,0.5
4,1,45,xgboost,745,30,0,0.09818326681852341,0,0.5
4,1,45,xgboost,754,508,1,0.9118391275405884,1,0.5
4,1,45,xgboost,757,360,0,0.07165194302797318,0,0.5
4,1,45,xgboost,758,578,0,0.06919097155332565,0,0.5
4,1,45,xgboost,768,422,0,0.07165194302797318,0,0.5
4,1,45,xgboost,771,661,0,0.06919097155332565,0,0.5
4,1,45,xgboost,778,136,0,0.10204653441905975,0,0.5
4,1,45,xgboost,779,656,0,0.10649439692497253,0,0.5
4,1,45,xgboost,788,752,0,0.13479773700237274,0,0.5
4,1,45,xgboost,794,175,0,0.1060938611626625,0,0.5
4,1,45,xgboost,802,14,0,0.13681748509407043,0,0.5
4,1,45,xgboost,806,62,0,0.14176172018051147,0,0.5
4,1,45,xgboost,808,544,0,0.09765227138996124,0,0.5
4,1,45,xgboost,809,519,0,0.09765227138996124,0,0.5
4,1,45,xgboost,814,22,1,0.13681748509407043,0,0.5
4,1,45,xgboost,816,233,0,0.1060938611626625,0,0.5
4,1,45,xgboost,821,602,0,0.06919097155332565,0,0.5
4,1,45,xgboost,823,644,0,0.06919097155332565,0,0.5
4,1,45,xgboost,826,650,0,0.07326681911945343,0,0.5
4,1,45,xgboost,836,743,0,0.06919097155332565,0,0.5
4,1,45,xgboost,841,297,0,0.07165194302797318,0,0.5
4,1,45,xgboost,844,444,0,0.07900436967611313,0,0.5
4,1,45,xgboost,855,377,0,0.09164486080408096,0,0.5
4,1,45,xgboost,857,526,0,0.06919097155332565,0,0.5
4,2,45,dummy_prior,2,660,0,0.0641399416909621,0,0.5
4,2,45,dummy_prior,5,796,0,0.0641399416909621,0,0.5
4,2,45,dummy_prior,14,798,0,0.0641399416909621,0,0.5
4,2,45,dummy_prior,18,792,0,0.0641399416909621,0,0.5
4,2,45,dummy_prior,20,797,0,0.0641399416909621,0,0.5
4,2,45,dummy_prior,29,745,0,0.0641399416909621,0,0.5
4,2,45,dummy_prior,31,771,0,0.0641399416909621,0,0.5
4,2,45,dummy_prior,36,760,0,0.0641399416909621,0,0.5
4,2,45,dummy_prior,38,758,0,0.0641399416909621,0,0.5
4,2,45,dummy_prior,43,723,0,0.0641399416909621,0,0.5
4,2,45,dummy_prior,50,721,0,0.0641399416909621,0,0.5
4,2,45,dummy_prior,53,695,0,0.0641399416909621,0,0.5
4,2,45,dummy_prior,54,708,0,0.0641399416909621,0,0.5
4,2,45,dummy_prior,56,702,0,0.0641399416909621,0,0.5
4,2,45,dummy_prior,67,728,0,0.0641399416909621,0,0.5
4,2,45,dummy_prior,82,615,0,0.0641399416909621,0,0.5
4,2,45,dummy_prior,85,657,0,0.0641399416909621,0,0.5
4,2,45,dummy_prior,86,718,0,0.0641399416909621,0,0.5
4,2,45,dummy_prior,92,649,0,0.0641399416909621,0,0.5
4,2,45,dummy_prior,97,678,0,0.0641399416909621,0,0.5
4,2,45,dummy_prior,99,641,0,0.0641399416909621,0,0.5
4,2,45,dummy_prior,101,580,0,0.0641399416909621,0,0.5
4,2,45,dummy_prior,103,754,1,0.0641399416909621,0,0.5
4,2,45,dummy_prior,106,577,0,0.0641399416909621,0,0.5
4,2,45,dummy_prior,112,573,0,0.0641399416909621,0,0.5
4,2,45,dummy_prior,118,560,0,0.0641399416909621,0,0.5
4,2,45,dummy_prior,119,498,0,0.0641399416909621,0,0.5
4,2,45,dummy_prior,122,592,0,0.0641399416909621,0,0.5
4,2,45,dummy_prior,131,581,1,0.0641399416909621,0,0.5
4,2,45,dummy_prior,133,651,0,0.0641399416909621,0,0.5
4,2,45,dummy_prior,139,556,0,0.0641399416909621,0,0.5
4,2,45,dummy_prior,140,553,0,0.0641399416909621,0,0.5
4,2,45,dummy_prior,145,595,0,0.0641399416909621,0,0.5
4,2,45,dummy_prior,148,643,0,0.0641399416909621,0,0.5
4,2,45,dummy_prior,157,545,0,0.0641399416909621,0,0.5
4,2,45,dummy_prior,158,617,0,0.0641399416909621,0,0.5
4,2,45,dummy_prior,165,572,0,0.0641399416909621,0,0.5
4,2,45,dummy_prior,167,461,0,0.0641399416909621,0,0.5
4,2,45,dummy_prior,170,434,0,0.0641399416909621,0,0.5
4,2,45,dummy_prior,171,418,0,0.0641399416909621,0,0.5
4,2,45,dummy_prior,175,412,0,0.0641399416909621,0,0.5
4,2,45,dummy_prior,176,452,0,0.0641399416909621,0,0.5
4,2,45,dummy_prior,191,527,0,0.0641399416909621,0,0.5
4,2,45,dummy_prior,194,397,0,0.0641399416909621,0,0.5
4,2,45,dummy_prior,202,454,0,0.0641399416909621,0,0.5
4,2,45,dummy_prior,204,222,0,0.0641399416909621,0,0.5
4,2,45,dummy_prior,208,470,0,0.0641399416909621,0,0.5
4,2,45,dummy_prior,209,387,0,0.0641399416909621,0,0.5
4,2,45,dummy_prior,214,550,1,0.0641399416909621,0,0.5
4,2,45,dummy_prior,218,503,0,0.0641399416909621,0,0.5
4,2,45,dummy_prior,231,432,0,0.0641399416909621,0,0.5
4,2,45,dummy_prior,233,345,0,0.0641399416909621,0,0.5
4,2,45,dummy_prior,240,334,0,0.0641399416909621,0,0.5
4,2,45,dummy_prior,247,292,0,0.0641399416909621,0,0.5
4,2,45,dummy_prior,251,284,0,0.0641399416909621,0,0.5
4,2,45,dummy_prior,254,390,0,0.0641399416909621,0,0.5
4,2,45,dummy_prior,257,273,1,0.0641399416909621,0,0.5
4,2,45,dummy_prior,264,259,1,0.0641399416909621,0,0.5
4,2,45,dummy_prior,266,232,0,0.0641399416909621,0,0.5
4,2,45,dummy_prior,268,305,0,0.0641399416909621,0,0.5
4,2,45,dummy_prior,293,221,0,0.0641399416909621,0,0.5
4,2,45,dummy_prior,297,220,0,0.0641399416909621,0,0.5
4,2,45,dummy_prior,298,333,0,0.0641399416909621,0,0.5
4,2,45,dummy_prior,300,301,0,0.0641399416909621,0,0.5
4,2,45,dummy_prior,301,202,0,0.0641399416909621,0,0.5
4,2,45,dummy_prior,311,368,0,0.0641399416909621,0,0.5
4,2,45,dummy_prior,322,180,0,0.0641399416909621,0,0.5
4,2,45,dummy_prior,324,654,0,0.0641399416909621,0,0.5
4,2,45,dummy_prior,325,169,1,0.0641399416909621,0,0.5
4,2,45,dummy_prior,331,446,0,0.0641399416909621,0,0.5
4,2,45,dummy_prior,332,583,0,0.0641399416909621,0,0.5
4,2,45,dummy_prior,339,182,0,0.0641399416909621,0,0.5
4,2,45,dummy_prior,347,131,0,0.0641399416909621,0,0.5
4,2,45,dummy_prior,350,167,0,0.0641399416909621,0,0.5
4,2,45,dummy_prior,353,223,0,0.0641399416909621,0,0.5
4,2,45,dummy_prior,354,811,0,0.0641399416909621,0,0.5
4,2,45,dummy_prior,359,733,0,0.0641399416909621,0,0.5
4,2,45,dummy_prior,363,72,0,0.0641399416909621,0,0.5
4,2,45,dummy_prior,371,367,0,0.0641399416909621,0,0.5
4,2,45,dummy_prior,372,242,0,0.0641399416909621,0,0.5
4,2,45,dummy_prior,373,312,0,0.0641399416909621,0,0.5
4,2,45,dummy_prior,377,172,1,0.0641399416909621,0,0.5
4,2,45,dummy_prior,378,86,0,0.0641399416909621,0,0.5
4,2,45,dummy_prior,389,49,0,0.0641399416909621,0,0.5
4,2,45,dummy_prior,406,49,0,0.0641399416909621,0,0.5
4,2,45,dummy_prior,410,171,0,0.0641399416909621,0,0.5
4,2,45,dummy_prior,411,49,0,0.0641399416909621,0,0.5
4,2,45,dummy_prior,415,104,0,0.0641399416909621,0,0.5
4,2,45,dummy_prior,417,158,0,0.0641399416909621,0,0.5
4,2,45,dummy_prior,421,433,1,0.0641399416909621,0,0.5
4,2,45,dummy_prior,430,153,0,0.0641399416909621,0,0.5
4,2,45,dummy_prior,432,600,0,0.0641399416909621,0,0.5
4,2,45,dummy_prior,441,9,0,0.0641399416909621,0,0.5
4,2,45,dummy_prior,448,65,0,0.0641399416909621,0,0.5
4,2,45,dummy_prior,450,34,0,0.0641399416909621,0,0.5
4,2,45,dummy_prior,451,32,0,0.0641399416909621,0,0.5
4,2,45,dummy_prior,457,18,0,0.0641399416909621,0,0.5
4,2,45,dummy_prior,460,5,0,0.0641399416909621,0,0.5
4,2,45,dummy_prior,461,19,0,0.0641399416909621,0,0.5
4,2,45,dummy_prior,463,1,0,0.0641399416909621,0,0.5
4,2,45,dummy_prior,476,753,0,0.0641399416909621,0,0.5
4,2,45,dummy_prior,484,371,0,0.0641399416909621,0,0.5
4,2,45,dummy_prior,490,375,0,0.0641399416909621,0,0.5
4,2,45,dummy_prior,493,86,0,0.0641399416909621,0,0.5
4,2,45,dummy_prior,494,165,0,0.0641399416909621,0,0.5
4,2,45,dummy_prior,504,428,0,0.0641399416909621,0,0.5
4,2,45,dummy_prior,510,17,0,0.0641399416909621,0,0.5
4,2,45,dummy_prior,521,791,0,0.0641399416909621,0,0.5
4,2,45,dummy_prior,522,37,0,0.0641399416909621,0,0.5
4,2,45,dummy_prior,529,652,0,0.0641399416909621,0,0.5
4,2,45,dummy_prior,542,146,0,0.0641399416909621,0,0.5
4,2,45,dummy_prior,558,255,0,0.0641399416909621,0,0.5
4,2,45,dummy_prior,564,426,0,0.0641399416909621,0,0.5
4,2,45,dummy_prior,565,335,0,0.0641399416909621,0,0.5
4,2,45,dummy_prior,570,559,0,0.0641399416909621,0,0.5
4,2,45,dummy_prior,571,257,0,0.0641399416909621,0,0.5
4,2,45,dummy_prior,583,315,0,0.0641399416909621,0,0.5
4,2,45,dummy_prior,587,687,0,0.0641399416909621,0,0.5
4,2,45,dummy_prior,591,244,0,0.0641399416909621,0,0.5
4,2,45,dummy_prior,593,13,0,0.0641399416909621,0,0.5
4,2,45,dummy_prior,594,193,0,0.0641399416909621,0,0.5
4,2,45,dummy_prior,600,506,0,0.0641399416909621,0,0.5
4,2,45,dummy_prior,602,670,0,0.0641399416909621,0,0.5
4,2,45,dummy_prior,613,299,0,0.0641399416909621,0,0.5
4,2,45,dummy_prior,619,320,0,0.0641399416909621,0,0.5
4,2,45,dummy_prior,622,710,0,0.0641399416909621,0,0.5
4,2,45,dummy_prior,623,250,0,0.0641399416909621,0,0.5
4,2,45,dummy_prior,630,424,0,0.0641399416909621,0,0.5
4,2,45,dummy_prior,634,478,0,0.0641399416909621,0,0.5
4,2,45,dummy_prior,636,741,0,0.0641399416909621,0,0.5
4,2,45,dummy_prior,638,221,0,0.0641399416909621,0,0.5
4,2,45,dummy_prior,639,52,0,0.0641399416909621,0,0.5
4,2,45,dummy_prior,645,471,0,0.0641399416909621,0,0.5
4,2,45,dummy_prior,654,810,0,0.0641399416909621,0,0.5
4,2,45,dummy_prior,655,236,1,0.0641399416909621,0,0.5
4,2,45,dummy_prior,665,205,0,0.0641399416909621,0,0.5
4,2,45,dummy_prior,668,830,0,0.0641399416909621,0,0.5
4,2,45,dummy_prior,672,0,0,0.0641399416909621,0,0.5
4,2,45,dummy_prior,677,814,0,0.0641399416909621,0,0.5
4,2,45,dummy_prior,684,815,0,0.0641399416909621,0,0.5
4,2,45,dummy_prior,702,439,0,0.0641399416909621,0,0.5
4,2,45,dummy_prior,703,42,0,0.0641399416909621,0,0.5
4,2,45,dummy_prior,705,806,0,0.0641399416909621,0,0.5
4,2,45,dummy_prior,715,13,0,0.0641399416909621,0,0.5
4,2,45,dummy_prior,721,655,0,0.0641399416909621,0,0.5
4,2,45,dummy_prior,733,587,0,0.0641399416909621,0,0.5
4,2,45,dummy_prior,734,564,0,0.0641399416909621,0,0.5
4,2,45,dummy_prior,739,495,1,0.0641399416909621,0,0.5
4,2,45,dummy_prior,741,129,0,0.0641399416909621,0,0.5
4,2,45,dummy_prior,744,66,0,0.0641399416909621,0,0.5
4,2,45,dummy_prior,748,393,0,0.0641399416909621,0,0.5
4,2,45,dummy_prior,751,778,0,0.0641399416909621,0,0.5
4,2,45,dummy_prior,763,785,0,0.0641399416909621,0,0.5
4,2,45,dummy_prior,764,281,0,0.0641399416909621,0,0.5
4,2,45,dummy_prior,767,12,0,0.0641399416909621,0,0.5
4,2,45,dummy_prior,782,528,0,0.0641399416909621,0,0.5
4,2,45,dummy_prior,786,401,1,0.0641399416909621,0,0.5
4,2,45,dummy_prior,787,256,0,0.0641399416909621,0,0.5
4,2,45,dummy_prior,792,314,0,0.0641399416909621,0,0.5
4,2,45,dummy_prior,798,396,0,0.0641399416909621,0,0.5
4,2,45,dummy_prior,799,141,0,0.0641399416909621,0,0.5
4,2,45,dummy_prior,800,302,0,0.0641399416909621,0,0.5
4,2,45,dummy_prior,801,691,0,0.0641399416909621,0,0.5
4,2,45,dummy_prior,810,116,0,0.0641399416909621,0,0.5
4,2,45,dummy_prior,812,4,0,0.0641399416909621,0,0.5
4,2,45,dummy_prior,817,516,0,0.0641399416909621,0,0.5
4,2,45,dummy_prior,828,634,0,0.0641399416909621,0,0.5
4,2,45,dummy_prior,846,680,0,0.0641399416909621,0,0.5
4,2,45,dummy_prior,847,574,0,0.0641399416909621,0,0.5
4,2,45,dummy_prior,848,598,0,0.0641399416909621,0,0.5
4,2,45,dummy_prior,851,298,0,0.0641399416909621,0,0.5
4,2,45,dummy_prior,853,672,0,0.0641399416909621,0,0.5
4,2,45,logistic_regression,2,660,0,0.2213968349040109,0,0.5
4,2,45,logistic_regression,5,796,0,0.25577818025498456,0,0.5
4,2,45,logistic_regression,14,798,0,0.328784243136124,0,0.5
4,2,45,logistic_regression,18,792,0,0.4340274393602408,0,0.5
4,2,45,logistic_regression,20,797,0,0.3224707174719923,0,0.5
4,2,45,logistic_regression,29,745,0,0.25241506889164916,0,0.5
4,2,45,logistic_regression,31,771,0,0.3426677191290916,0,0.5
4,2,45,logistic_regression,36,760,0,0.287879465426949,0,0.5
4,2,45,logistic_regression,38,758,0,0.2628237770905408,0,0.5
4,2,45,logistic_regression,43,723,0,0.2748458416225594,0,0.5
4,2,45,logistic_regression,50,721,0,0.31005642968342956,0,0.5
4,2,45,logistic_regression,53,695,0,0.2493157061856485,0,0.5
4,2,45,logistic_regression,54,708,0,0.2997976304569508,0,0.5
4,2,45,logistic_regression,56,702,0,0.29552851668761937,0,0.5
4,2,45,logistic_regression,67,728,0,0.25523497744558615,0,0.5
4,2,45,logistic_regression,82,615,0,0.28244571321576767,0,0.5
4,2,45,logistic_regression,85,657,0,0.25507245985820687,0,0.5
4,2,45,logistic_regression,86,718,0,0.27065111904844347,0,0.5
4,2,45,logistic_regression,92,649,0,0.32557014436138,0,0.5
4,2,45,logistic_regression,97,678,0,0.2641355512072128,0,0.5
4,2,45,logistic_regression,99,641,0,0.28668560952709604,0,0.5
4,2,45,logistic_regression,101,580,0,0.6730677171956424,1,0.5
4,2,45,logistic_regression,103,754,1,0.9462463577858304,1,0.5
4,2,45,logistic_regression,106,577,0,0.3032750451378291,0,0.5
4,2,45,logistic_regression,112,573,0,0.27627103488156685,0,0.5
4,2,45,logistic_regression,118,560,0,0.28856810589057974,0,0.5
4,2,45,logistic_regression,119,498,0,0.28592340943721134,0,0.5
4,2,45,logistic_regression,122,592,0,0.3017335719777477,0,0.5
4,2,45,logistic_regression,131,581,1,0.9385084685283112,1,0.5
4,2,45,logistic_regression,133,651,0,0.24174280008820972,0,0.5
4,2,45,logistic_regression,139,556,0,0.32838140428375334,0,0.5
4,2,45,logistic_regression,140,553,0,0.5726401826845701,1,0.5
4,2,45,logistic_regression,145,595,0,0.29259995503988173,0,0.5
4,2,45,logistic_regression,148,643,0,0.2955818181205336,0,0.5
4,2,45,logistic_regression,157,545,0,0.2332193579773711,0,0.5
4,2,45,logistic_regression,158,617,0,0.2518509820411076,0,0.5
4,2,45,logistic_regression,165,572,0,0.3503439432180161,0,0.5
4,2,45,logistic_regression,167,461,0,0.3925176130100729,0,0.5
4,2,45,logistic_regression,170,434,0,0.20204830501714915,0,0.5
4,2,45,logistic_regression,171,418,0,0.2417415296340842,0,0.5
4,2,45,logistic_regression,175,412,0,0.2641397444024492,0,0.5
4,2,45,logistic_regression,176,452,0,0.23368768754014022,0,0.5
4,2,45,logistic_regression,191,527,0,0.9493001249046684,1,0.5
4,2,45,logistic_regression,194,397,0,0.27990469414911384,0,0.5
4,2,45,logistic_regression,202,454,0,0.17603465971761975,0,0.5
4,2,45,logistic_regression,204,222,0,0.24541066402342193,0,0.5
4,2,45,logistic_regression,208,470,0,0.2631260115781036,0,0.5
4,2,45,logistic_regression,209,387,0,0.289448925718146,0,0.5
4,2,45,logistic_regression,214,550,1,0.9453869294140488,1,0.5
4,2,45,logistic_regression,218,503,0,0.28587497788775457,0,0.5
4,2,45,logistic_regression,231,432,0,0.3247449371177892,0,0.5
4,2,45,logistic_regression,233,345,0,0.26239599885653025,0,0.5
4,2,45,logistic_regression,240,334,0,0.2743886646996546,0,0.5
4,2,45,logistic_regression,247,292,0,0.25318693423927174,0,0.5
4,2,45,logistic_regression,251,284,0,0.9397370962044052,1,0.5
4,2,45,logistic_regression,254,390,0,0.24964562688724337,0,0.5
4,2,45,logistic_regression,257,273,1,0.9378125766298103,1,0.5
4,2,45,logistic_regression,264,259,1,0.774718205484502,1,0.5
4,2,45,logistic_regression,266,232,0,0.24776061322120607,0,0.5
4,2,45,logistic_regression,268,305,0,0.2752272249627316,0,0.5
4,2,45,logistic_regression,293,221,0,0.23704961833724092,0,0.5
4,2,45,logistic_regression,297,220,0,0.19261889987850767,0,0.5
4,2,45,logistic_regression,298,333,0,0.2680064926553068,0,0.5
4,2,45,logistic_regression,300,301,0,0.2844811173471042,0,0.5
4,2,45,logistic_regression,301,202,0,0.21023265059477664,0,0.5
4,2,45,logistic_regression,311,368,0,0.292424942757169,0,0.5
4,2,45,logistic_regression,322,180,0,0.2601872018099034,0,0.5
4,2,45,logistic_regression,324,654,0,0.2495463400844262,0,0.5
4,2,45,logistic_regression,325,169,1,0.2401272431086732,0,0.5
4,2,45,logistic_regression,331,446,0,0.31422828413820403,0,0.5
4,2,45,logistic_regression,332,583,0,0.28943099572096415,0,0.5
4,2,45,logistic_regression,339,182,0,0.24736800406071388,0,0.5
4,2,45,logistic_regression,347,131,0,0.2628991899028606,0,0.5
4,2,45,logistic_regression,350,167,0,0.24078871389746392,0,0.5
4,2,45,logistic_regression,353,223,0,0.25506058135305565,0,0.5
4,2,45,logistic_regression,354,811,0,0.9332407812539502,1,0.5
4,2,45,logistic_regression,359,733,0,0.28487770435844634,0,0.5
4,2,45,logistic_regression,363,72,0,0.2499079650497808,0,0.5
4,2,45,logistic_regression,371,367,0,0.23314788985863386,0,0.5
4,2,45,logistic_regression,372,242,0,0.3171581164599154,0,0.5
4,2,45,logistic_regression,373,312,0,0.25621497128639537,0,0.5
4,2,45,logistic_regression,377,172,1,0.25290875306598665,0,0.5
4,2,45,logistic_regression,378,86,0,0.24928027902951322,0,0.5
4,2,45,logistic_regression,389,49,0,0.24133762393559507,0,0.5
4,2,45,logistic_regression,406,49,0,0.24133762393559507,0,0.5
4,2,45,logistic_regression,410,171,0,0.28113925027192765,0,0.5
4,2,45,logistic_regression,411,49,0,0.979974718716616,1,0.5
4,2,45,logistic_regression,415,104,0,0.26137699308742085,0,0.5
4,2,45,logistic_regression,417,158,0,0.2080675407812483,0,0.5
4,2,45,logistic_regression,421,433,1,0.9636579672086822,1,0.5
4,2,45,logistic_regression,430,153,0,0.2608258414799987,0,0.5
4,2,45,logistic_regression,432,600,0,0.3897006815791586,0,0.5
4,2,45,logistic_regression,441,9,0,0.2445360425202514,0,0.5
4,2,45,logistic_regression,448,65,0,0.18597323346751574,0,0.5
4,2,45,logistic_regression,450,34,0,0.26397209155158025,0,0.5
4,2,45,logistic_regression,451,32,0,0.18710355762978703,0,0.5
4,2,45,logistic_regression,457,18,0,0.488339800529352,0,0.5
4,2,45,logistic_regression,460,5,0,0.20403640655078598,0,0.5
4,2,45,logistic_regression,461,19,0,0.2599187404170575,0,0.5
4,2,45,logistic_regression,463,1,0,0.25472073193371303,0,0.5
4,2,45,logistic_regression,476,753,0,0.24418312470963965,0,0.5
4,2,45,logistic_regression,484,371,0,0.24298216657558347,0,0.5
4,2,45,logistic_regression,490,375,0,0.14792692274345218,0,0.5
4,2,45,logistic_regression,493,86,0,0.5312854704304854,1,0.5
4,2,45,logistic_regression,494,165,0,0.24495269947642526,0,0.5
4,2,45,logistic_regression,504,428,0,0.24262087183093006,0,0.5
4,2,45,logistic_regression,510,17,0,0.2589007744262392,0,0.5
4,2,45,logistic_regression,521,791,0,0.28713648621284826,0,0.5
4,2,45,logistic_regression,522,37,0,0.2250258168689928,0,0.5
4,2,45,logistic_regression,529,652,0,0.2901048405516341,0,0.5
4,2,45,logistic_regression,542,146,0,0.24264464737866684,0,0.5
4,2,45,logistic_regression,558,255,0,0.2334670941607169,0,0.5
4,2,45,logistic_regression,564,426,0,0.11089341561785791,0,0.5
4,2,45,logistic_regression,565,335,0,0.5249933066477817,1,0.5
4,2,45,logistic_regression,570,559,0,0.2766659379260651,0,0.5
4,2,45,logistic_regression,571,257,0,0.2598627133485921,0,0.5
4,2,45,logistic_regression,583,315,0,0.2529174444311768,0,0.5
4,2,45,logistic_regression,587,687,0,0.30324824166335806,0,0.5
4,2,45,logistic_regression,591,244,0,0.2647112382381642,0,0.5
4,2,45,logistic_regression,593,13,0,0.24996407326059264,0,0.5
4,2,45,logistic_regression,594,193,0,0.25275952727581785,0,0.5
4,2,45,logistic_regression,600,506,0,0.2447911229039355,0,0.5
4,2,45,logistic_regression,602,670,0,0.30058528373735227,0,0.5
4,2,45,logistic_regression,613,299,0,0.25460562930063607,0,0.5
4,2,45,logistic_regression,619,320,0,0.23937533843732914,0,0.5
4,2,45,logistic_regression,622,710,0,0.26954594925151837,0,0.5
4,2,45,logistic_regression,623,250,0,0.27711056644999205,0,0.5
4,2,45,logistic_regression,630,424,0,0.28488500895048235,0,0.5
4,2,45,logistic_regression,634,478,0,0.2765845581437651,0,0.5
4,2,45,logistic_regression,636,741,0,0.2870123474080805,0,0.5
4,2,45,logistic_regression,638,221,0,0.23704961833724086,0,0.5
4,2,45,logistic_regression,639,52,0,0.2509110597341019,0,0.5
4,2,45,logistic_regression,645,471,0,0.28289624051005907,0,0.5
4,2,45,logistic_regression,654,810,0,0.7714444405366467,1,0.5
4,2,45,logistic_regression,655,236,1,0.5800667927018563,1,0.5
4,2,45,logistic_regression,665,205,0,0.5503978880845711,1,0.5
4,2,45,logistic_regression,668,830,0,0.8462370478529261,1,0.5
4,2,45,logistic_regression,672,0,0,0.23934723776777148,0,0.5
4,2,45,logistic_regression,677,814,0,0.25482847769664824,0,0.5
4,2,45,logistic_regression,684,815,0,0.30547460469101956,0,0.5
4,2,45,logistic_regression,702,439,0,0.3959659864288658,0,0.5
4,2,45,logistic_regression,703,42,0,0.3800077501210644,0,0.5
4,2,45,logistic_regression,705,806,0,0.3606794427321512,0,0.5
4,2,45,logistic_regression,715,13,0,0.24996407326059264,0,0.5
4,2,45,logistic_regression,721,655,0,0.28029555205411727,0,0.5
4,2,45,logistic_regression,733,587,0,0.28626023277457946,0,0.5
4,2,45,logistic_regression,734,564,0,0.30405955724271766,0,0.5
4,2,45,logistic_regression,739,495,1,0.7470826238545653,1,0.5
4,2,45,logistic_regression,741,129,0,0.2519829798391088,0,0.5
4,2,45,logistic_regression,744,66,0,0.34895916705917934,0,0.5
4,2,45,logistic_regression,748,393,0,0.2832554696860979,0,0.5
4,2,45,logistic_regression,751,778,0,0.2614414084927251,0,0.5
4,2,45,logistic_regression,763,785,0,0.5104522562436844,1,0.5
4,2,45,logistic_regression,764,281,0,0.30301576669212693,0,0.5
4,2,45,logistic_regression,767,12,0,0.24367813602934893,0,0.5
4,2,45,logistic_regression,782,528,0,0.24461391457956574,0,0.5
4,2,45,logistic_regression,786,401,1,0.9427989379611772,1,0.5
4,2,45,logistic_regression,787,256,0,0.29107658787317725,0,0.5
4,2,45,logistic_regression,792,314,0,0.2207143135737818,0,0.5
4,2,45,logistic_regression,798,396,0,0.2639273618286583,0,0.5
4,2,45,logistic_regression,799,141,0,0.2640383124143508,0,0.5
4,2,45,logistic_regression,800,302,0,0.2663575766995935,0,0.5
4,2,45,logistic_regression,801,691,0,0.2569518531541128,0,0.5
4,2,45,logistic_regression,810,116,0,0.3803811143548764,0,0.5
4,2,45,logistic_regression,812,4,0,0.3845518909342805,0,0.5
4,2,45,logistic_regression,817,516,0,0.35665845277860386,0,0.5
4,2,45,logistic_regression,828,634,0,0.2354825727066221,0,0.5
4,2,45,logistic_regression,846,680,0,0.253125885394501,0,0.5
4,2,45,logistic_regression,847,574,0,0.24365173900427473,0,0.5
4,2,45,logistic_regression,848,598,0,0.25691336108075724,0,0.5
4,2,45,logistic_regression,851,298,0,0.26034814272437357,0,0.5
4,2,45,logistic_regression,853,672,0,0.24536546626126862,0,0.5
4,2,45,xgboost,2,660,0,0.06394010037183762,0,0.5
4,2,45,xgboost,5,796,0,0.06394010037183762,0,0.5
4,2,45,xgboost,14,798,0,0.06776881217956543,0,0.5
4,2,45,xgboost,18,792,0,0.2165628969669342,0,0.5
4,2,45,xgboost,20,797,0,0.08391750603914261,0,0.5
4,2,45,xgboost,29,745,0,0.07153868675231934,0,0.5
4,2,45,xgboost,31,771,0,0.07925401628017426,0,0.5
4,2,45,xgboost,36,760,0,0.07248108088970184,0,0.5
4,2,45,xgboost,38,758,0,0.06776881217956543,0,0.5
4,2,45,xgboost,43,723,0,0.06394010037183762,0,0.5
4,2,45,xgboost,50,721,0,0.07248108088970184,0,0.5
4,2,45,xgboost,53,695,0,0.06508946418762207,0,0.5
4,2,45,xgboost,54,708,0,0.07925401628017426,0,0.5
4,2,45,xgboost,56,702,0,0.07087486982345581,0,0.5
4,2,45,xgboost,67,728,0,0.06140216067433357,0,0.5
4,2,45,xgboost,82,615,0,0.06840568035840988,0,0.5
4,2,45,xgboost,85,657,0,0.07925401628017426,0,0.5
4,2,45,xgboost,86,718,0,0.07925401628017426,0,0.5
4,2,45,xgboost,92,649,0,0.07925401628017426,0,0.5
4,2,45,xgboost,97,678,0,0.06840568035840988,0,0.5
4,2,45,xgboost,99,641,0,0.07925401628017426,0,0.5
4,2,45,xgboost,101,580,0,0.2722448408603668,0,0.5
4,2,45,xgboost,103,754,1,0.9524363875389099,1,0.5
4,2,45,xgboost,106,577,0,0.07925401628017426,0,0.5
4,2,45,xgboost,112,573,0,0.07925401628017426,0,0.5
4,2,45,xgboost,118,560,0,0.07925401628017426,0,0.5
4,2,45,xgboost,119,498,0,0.08201896399259567,0,0.5
4,2,45,xgboost,122,592,0,0.13257335126399994,0,0.5
4,2,45,xgboost,131,581,1,0.8783419132232666,1,0.5
4,2,45,xgboost,133,651,0,0.06140216067433357,0,0.5
4,2,45,xgboost,139,556,0,0.1091391071677208,0,0.5
4,2,45,xgboost,140,553,0,0.25363051891326904,0,0.5
4,2,45,xgboost,145,595,0,0.08065494149923325,0,0.5
4,2,45,xgboost,148,643,0,0.07248108088970184,0,0.5
4,2,45,xgboost,157,545,0,0.07925401628017426,0,0.5
4,2,45,xgboost,158,617,0,0.06394010037183762,0,0.5
4,2,45,xgboost,165,572,0,0.07925401628017426,0,0.5
4,2,45,xgboost,167,461,0,0.18547017872333527,0,0.5
4,2,45,xgboost,170,434,0,0.07082127034664154,0,0.5
4,2,45,xgboost,171,418,0,0.07882385700941086,0,0.5
4,2,45,xgboost,175,412,0,0.07082127034664154,0,0.5
4,2,45,xgboost,176,452,0,0.06634156405925751,0,0.5
4,2,45,xgboost,191,527,0,0.8939493298530579,1,0.5
4,2,45,xgboost,194,397,0,0.07082127034664154,0,0.5
4,2,45,xgboost,202,454,0,0.12492913752794266,0,0.5
4,2,45,xgboost,204,222,0,0.0687151774764061,0,0.5
4,2,45,xgboost,208,470,0,0.07082127034664154,0,0.5
4,2,45,xgboost,209,387,0,0.08201896399259567,0,0.5
4,2,45,xgboost,214,550,1,0.9474281072616577,1,0.5
4,2,45,xgboost,218,503,0,0.07502899318933487,0,0.5
4,2,45,xgboost,231,432,0,0.07016360759735107,0,0.5
4,2,45,xgboost,233,345,0,0.06620920449495316,0,0.5
4,2,45,xgboost,240,334,0,0.08201896399259567,0,0.5
4,2,45,xgboost,247,292,0,0.07082127034664154,0,0.5
4,2,45,xgboost,251,284,0,0.9448330998420715,1,0.5
4,2,45,xgboost,254,390,0,0.06620920449495316,0,0.5
4,2,45,xgboost,257,273,1,0.9440857768058777,1,0.5
4,2,45,xgboost,264,259,1,0.8770531415939331,1,0.5
4,2,45,xgboost,266,232,0,0.07348806411027908,0,0.5
4,2,45,xgboost,268,305,0,0.08201896399259567,0,0.5
4,2,45,xgboost,293,221,0,0.0687151774764061,0,0.5
4,2,45,xgboost,297,220,0,0.0687151774764061,0,0.5
4,2,45,xgboost,298,333,0,0.07082127034664154,0,0.5
4,2,45,xgboost,300,301,0,0.08201896399259567,0,0.5
4,2,45,xgboost,301,202,0,0.0709199383854866,0,0.5
4,2,45,xgboost,311,368,0,0.08682981133460999,0,0.5
4,2,45,xgboost,322,180,0,0.07583349943161011,0,0.5
4,2,45,xgboost,324,654,0,0.08391750603914261,0,0.5
4,2,45,xgboost,325,169,1,0.07583349943161011,0,0.5
4,2,45,xgboost,331,446,0,0.07502899318933487,0,0.5
4,2,45,xgboost,332,583,0,0.07248108088970184,0,0.5
4,2,45,xgboost,339,182,0,0.0709199383854866,0,0.5
4,2,45,xgboost,347,131,0,0.07583349943161011,0,0.5
4,2,45,xgboost,350,167,0,0.07106100022792816,0,0.5
4,2,45,xgboost,353,223,0,0.10982014238834381,0,0.5
4,2,45,xgboost,354,811,0,0.9531295895576477,1,0.5
4,2,45,xgboost,359,733,0,0.08391750603914261,0,0.5
4,2,45,xgboost,363,72,0,0.07583349943161011,0,0.5
4,2,45,xgboost,371,367,0,0.06803005188703537,0,0.5
4,2,45,xgboost,372,242,0,0.11737930774688721,0,0.5
4,2,45,xgboost,373,312,0,0.07082127034664154,0,0.5
4,2,45,xgboost,377,172,1,0.122450090944767,0,0.5
4,2,45,xgboost,378,86,0,0.0709199383854866,0,0.5
4,2,45,xgboost,389,49,0,0.0709199383854866,0,0.5
4,2,45,xgboost,406,49,0,0.0709199383854866,0,0.5
4,2,45,xgboost,410,171,0,0.18800754845142365,0,0.5
4,2,45,xgboost,411,49,0,0.8631137013435364,1,0.5
4,2,45,xgboost,415,104,0,0.0709199383854866,0,0.5
4,2,45,xgboost,417,158,0,0.07106100022792816,0,0.5
4,2,45,xgboost,421,433,1,0.9451570510864258,1,0.5
4,2,45,xgboost,430,153,0,0.07583349943161011,0,0.5
4,2,45,xgboost,432,600,0,0.07015120983123779,0,0.5
4,2,45,xgboost,441,9,0,0.07340538501739502,0,0.5
4,2,45,xgboost,448,65,0,0.07583349943161011,0,0.5
4,2,45,xgboost,450,34,0,0.12440615892410278,0,0.5
4,2,45,xgboost,451,32,0,0.07340538501739502,0,0.5
4,2,45,xgboost,457,18,0,0.29080867767333984,0,0.5
4,2,45,xgboost,460,5,0,0.11696366965770721,0,0.5
4,2,45,xgboost,461,19,0,0.07340538501739502,0,0.5
4,2,45,xgboost,463,1,0,0.11674296855926514,0,0.5
4,2,45,xgboost,476,753,0,0.06406823545694351,0,0.5
4,2,45,xgboost,484,371,0,0.06620920449495316,0,0.5
4,2,45,xgboost,490,375,0,0.06634156405925751,0,0.5
4,2,45,xgboost,493,86,0,0.18596795201301575,0,0.5
4,2,45,xgboost,494,165,0,0.07583349943161011,0,0.5
4,2,45,xgboost,504,428,0,0.06620920449495316,0,0.5
4,2,45,xgboost,510,17,0,0.12440615892410278,0,0.5
4,2,45,xgboost,521,791,0,0.06840568035840988,0,0.5
4,2,45,xgboost,522,37,0,0.07052005082368851,0,0.5
4,2,45,xgboost,529,652,0,0.07925401628017426,0,0.5
4,2,45,xgboost,542,146,0,0.07106100022792816,0,0.5
4,2,45,xgboost,558,255,0,0.06620920449495316,0,0.5
4,2,45,xgboost,564,426,0,0.06634156405925751,0,0.5
4,2,45,xgboost,565,335,0,0.26075613498687744,0,0.5
4,2,45,xgboost,570,559,0,0.07925401628017426,0,0.5
4,2,45,xgboost,571,257,0,0.06620920449495316,0,0.5
4,2,45,xgboost,583,315,0,0.06620920449495316,0,0.5
4,2,45,xgboost,587,687,0,0.12768280506134033,0,0.5
4,2,45,xgboost,591,244,0,0.07186126708984375,0,0.5
4,2,45,xgboost,593,13,0,0.11674296855926514,0,0.5
4,2,45,xgboost,594,193,0,0.07583349943161011,0,0.5
4,2,45,xgboost,600,506,0,0.06620920449495316,0,0.5
4,2,45,xgboost,602,670,0,0.06840568035840988,0,0.5
4,2,45,xgboost,613,299,0,0.07082127034664154,0,0.5
4,2,45,xgboost,619,320,0,0.06753100454807281,0,0.5
4,2,45,xgboost,622,710,0,0.06840568035840988,0,0.5
4,2,45,xgboost,623,250,0,0.06620920449495316,0,0.5
4,2,45,xgboost,630,424,0,0.08682981133460999,0,0.5
4,2,45,xgboost,634,478,0,0.06924909353256226,0,0.5
4,2,45,xgboost,636,741,0,0.06776881217956543,0,0.5
4,2,45,xgboost,638,221,0,0.0687151774764061,0,0.5
4,2,45,xgboost,639,52,0,0.11296902596950531,0,0.5
4,2,45,xgboost,645,471,0,0.07016360759735107,0,0.5
4,2,45,xgboost,654,810,0,0.4322434663772583,0,0.5
4,2,45,xgboost,655,236,1,0.16889367997646332,0,0.5
4,2,45,xgboost,665,205,0,0.41762563586235046,0,0.5
4,2,45,xgboost,668,830,0,0.8411991000175476,1,0.5
4,2,45,xgboost,672,0,0,0.11674296855926514,0,0.5
4,2,45,xgboost,677,814,0,0.10230645537376404,0,0.5
4,2,45,xgboost,684,815,0,0.06776881217956543,0,0.5
4,2,45,xgboost,702,439,0,0.28996607661247253,0,0.5
4,2,45,xgboost,703,42,0,0.3053903877735138,0,0.5
4,2,45,xgboost,705,806,0,0.17612089216709137,0,0.5
4,2,45,xgboost,715,13,0,0.11674296855926514,0,0.5
4,2,45,xgboost,721,655,0,0.06776881217956543,0,0.5
4,2,45,xgboost,733,587,0,0.08391750603914261,0,0.5
4,2,45,xgboost,734,564,0,0.07925401628017426,0,0.5
4,2,45,xgboost,739,495,1,0.8892310261726379,1,0.5
4,2,45,xgboost,741,129,0,0.11318349093198776,0,0.5
4,2,45,xgboost,744,66,0,0.28145426511764526,0,0.5
4,2,45,xgboost,748,393,0,0.07082127034664154,0,0.5
4,2,45,xgboost,751,778,0,0.06406823545694351,0,0.5
4,2,45,xgboost,763,785,0,0.07945144921541214,0,0.5
4,2,45,xgboost,764,281,0,0.07082127034664154,0,0.5
4,2,45,xgboost,767,12,0,0.11696366965770721,0,0.5
4,2,45,xgboost,782,528,0,0.06570293009281158,0,0.5
4,2,45,xgboost,786,401,1,0.9475473165512085,1,0.5
4,2,45,xgboost,787,256,0,0.12972989678382874,0,0.5
4,2,45,xgboost,792,314,0,0.06371479481458664,0,0.5
4,2,45,xgboost,798,396,0,0.06620920449495316,0,0.5
4,2,45,xgboost,799,141,0,0.11296902596950531,0,0.5
4,2,45,xgboost,800,302,0,0.08201896399259567,0,0.5
4,2,45,xgboost,801,691,0,0.06570293009281158,0,0.5
4,2,45,xgboost,810,116,0,0.3053903877735138,0,0.5
4,2,45,xgboost,812,4,0,0.21070995926856995,0,0.5
4,2,45,xgboost,817,516,0,0.17990122735500336,0,0.5
4,2,45,xgboost,828,634,0,0.06394010037183762,0,0.5
4,2,45,xgboost,846,680,0,0.06394010037183762,0,0.5
4,2,45,xgboost,847,574,0,0.06394010037183762,0,0.5
4,2,45,xgboost,848,598,0,0.06840568035840988,0,0.5
4,2,45,xgboost,851,298,0,0.06620920449495316,0,0.5
4,2,45,xgboost,853,672,0,0.06394010037183762,0,0.5
4,3,45,dummy_prior,4,816,0,0.0641399416909621,0,0.5
4,3,45,dummy_prior,6,823,1,0.0641399416909621,0,0.5
4,3,45,dummy_prior,12,812,0,0.0641399416909621,0,0.5
4,3,45,dummy_prior,16,790,0,0.0641399416909621,0,0.5
4,3,45,dummy_prior,26,765,0,0.0641399416909621,0,0.5
4,3,45,dummy_prior,28,742,0,0.0641399416909621,0,0.5
4,3,45,dummy_prior,45,709,0,0.0641399416909621,0,0.5
4,3,45,dummy_prior,58,683,0,0.0641399416909621,0,0.5
4,3,45,dummy_prior,60,673,0,0.0641399416909621,0,0.5
4,3,45,dummy_prior,66,673,0,0.0641399416909621,0,0.5
4,3,45,dummy_prior,69,705,0,0.0641399416909621,0,0.5
4,3,45,dummy_prior,72,664,0,0.0641399416909621,0,0.5
4,3,45,dummy_prior,79,684,0,0.0641399416909621,0,0.5
4,3,45,dummy_prior,87,703,0,0.0641399416909621,0,0.5
4,3,45,dummy_prior,100,669,0,0.0641399416909621,0,0.5
4,3,45,dummy_prior,102,599,0,0.0641399416909621,0,0.5
4,3,45,dummy_prior,105,674,0,0.0641399416909621,0,0.5
4,3,45,dummy_prior,107,653,0,0.0641399416909621,0,0.5
4,3,45,dummy_prior,108,611,0,0.0641399416909621,0,0.5
4,3,45,dummy_prior,110,619,0,0.0641399416909621,0,0.5
4,3,45,dummy_prior,111,626,0,0.0641399416909621,0,0.5
4,3,45,dummy_prior,114,667,0,0.0641399416909621,0,0.5
4,3,45,dummy_prior,116,597,0,0.0641399416909621,0,0.5
4,3,45,dummy_prior,121,579,0,0.0641399416909621,0,0.5
4,3,45,dummy_prior,123,542,0,0.0641399416909621,0,0.5
4,3,45,dummy_prior,126,588,0,0.0641399416909621,0,0.5
4,3,45,dummy_prior,127,520,0,0.0641399416909621,0,0.5
4,3,45,dummy_prior,132,565,0,0.0641399416909621,0,0.5
4,3,45,dummy_prior,143,480,0,0.0641399416909621,0,0.5
4,3,45,dummy_prior,155,507,0,0.0641399416909621,0,0.5
4,3,45,dummy_prior,168,535,0,0.0641399416909621,0,0.5
4,3,45,dummy_prior,169,108,0,0.0641399416909621,0,0.5
4,3,45,dummy_prior,173,529,0,0.0641399416909621,0,0.5
4,3,45,dummy_prior,180,414,0,0.0641399416909621,0,0.5
4,3,45,dummy_prior,181,462,0,0.0641399416909621,0,0.5
4,3,45,dummy_prior,182,392,0,0.0641399416909621,0,0.5
4,3,45,dummy_prior,183,491,0,0.0641399416909621,0,0.5
4,3,45,dummy_prior,187,501,0,0.0641399416909621,0,0.5
4,3,45,dummy_prior,193,445,0,0.0641399416909621,0,0.5
4,3,45,dummy_prior,195,429,0,0.0641399416909621,0,0.5
4,3,45,dummy_prior,198,447,0,0.0641399416909621,0,0.5
4,3,45,dummy_prior,199,460,0,0.0641399416909621,0,0.5
4,3,45,dummy_prior,203,494,1,0.0641399416909621,0,0.5
4,3,45,dummy_prior,206,496,0,0.0641399416909621,0,0.5
4,3,45,dummy_prior,210,399,0,0.0641399416909621,0,0.5
4,3,45,dummy_prior,212,431,0,0.0641399416909621,0,0.5
4,3,45,dummy_prior,222,552,0,0.0641399416909621,0,0.5
4,3,45,dummy_prior,223,278,0,0.0641399416909621,0,0.5
4,3,45,dummy_prior,224,351,1,0.0641399416909621,0,0.5
4,3,45,dummy_prior,228,585,0,0.0641399416909621,0,0.5
4,3,45,dummy_prior,237,347,0,0.0641399416909621,0,0.5
4,3,45,dummy_prior,241,354,0,0.0641399416909621,0,0.5
4,3,45,dummy_prior,245,253,0,0.0641399416909621,0,0.5
4,3,45,dummy_prior,250,379,0,0.0641399416909621,0,0.5
4,3,45,dummy_prior,255,379,0,0.0641399416909621,0,0.5
4,3,45,dummy_prior,256,366,0,0.0641399416909621,0,0.5
4,3,45,dummy_prior,262,295,0,0.0641399416909621,0,0.5
4,3,45,dummy_prior,271,359,0,0.0641399416909621,0,0.5
4,3,45,dummy_prior,282,219,0,0.0641399416909621,0,0.5
4,3,45,dummy_prior,283,389,0,0.0641399416909621,0,0.5
4,3,45,dummy_prior,291,289,0,0.0641399416909621,0,0.5
4,3,45,dummy_prior,306,436,0,0.0641399416909621,0,0.5
4,3,45,dummy_prior,309,322,0,0.0641399416909621,0,0.5
4,3,45,dummy_prior,315,189,0,0.0641399416909621,0,0.5
4,3,45,dummy_prior,318,308,0,0.0641399416909621,0,0.5
4,3,45,dummy_prior,323,268,0,0.0641399416909621,0,0.5
4,3,45,dummy_prior,326,217,0,0.0641399416909621,0,0.5
4,3,45,dummy_prior,334,229,0,0.0641399416909621,0,0.5
4,3,45,dummy_prior,342,228,0,0.0641399416909621,0,0.5
4,3,45,dummy_prior,343,159,0,0.0641399416909621,0,0.5
4,3,45,dummy_prior,345,276,1,0.0641399416909621,0,0.5
4,3,45,dummy_prior,348,125,0,0.0641399416909621,0,0.5
4,3,45,dummy_prior,351,155,0,0.0641399416909621,0,0.5
4,3,45,dummy_prior,352,152,0,0.0641399416909621,0,0.5
4,3,45,dummy_prior,357,258,0,0.0641399416909621,0,0.5
4,3,45,dummy_prior,364,147,0,0.0641399416909621,0,0.5
4,3,45,dummy_prior,367,127,0,0.0641399416909621,0,0.5
4,3,45,dummy_prior,370,239,1,0.0641399416909621,0,0.5
4,3,45,dummy_prior,374,243,0,0.0641399416909621,0,0.5
4,3,45,dummy_prior,382,400,0,0.0641399416909621,0,0.5
4,3,45,dummy_prior,390,179,0,0.0641399416909621,0,0.5
4,3,45,dummy_prior,397,137,0,0.0641399416909621,0,0.5
4,3,45,dummy_prior,403,64,0,0.0641399416909621,0,0.5
4,3,45,dummy_prior,404,88,0,0.0641399416909621,0,0.5
4,3,45,dummy_prior,408,60,0,0.0641399416909621,0,0.5
4,3,45,dummy_prior,412,87,0,0.0641399416909621,0,0.5
4,3,45,dummy_prior,413,698,0,0.0641399416909621,0,0.5
4,3,45,dummy_prior,418,47,0,0.0641399416909621,0,0.5
4,3,45,dummy_prior,428,29,0,0.0641399416909621,0,0.5
4,3,45,dummy_prior,429,73,0,0.0641399416909621,0,0.5
4,3,45,dummy_prior,438,195,0,0.0641399416909621,0,0.5
4,3,45,dummy_prior,444,80,0,0.0641399416909621,0,0.5
4,3,45,dummy_prior,445,36,0,0.0641399416909621,0,0.5
4,3,45,dummy_prior,446,107,0,0.0641399416909621,0,0.5
4,3,45,dummy_prior,449,75,0,0.0641399416909621,0,0.5
4,3,45,dummy_prior,462,68,0,0.0641399416909621,0,0.5
4,3,45,dummy_prior,465,43,0,0.0641399416909621,0,0.5
4,3,45,dummy_prior,477,751,0,0.0641399416909621,0,0.5
4,3,45,dummy_prior,486,496,0,0.0641399416909621,0,0.5
4,3,45,dummy_prior,489,151,0,0.0641399416909621,0,0.5
4,3,45,dummy_prior,492,658,0,0.0641399416909621,0,0.5
4,3,45,dummy_prior,498,663,0,0.0641399416909621,0,0.5
4,3,45,dummy_prior,501,610,0,0.0641399416909621,0,0.5
4,3,45,dummy_prior,502,369,0,0.0641399416909621,0,0.5
4,3,45,dummy_prior,507,71,0,0.0641399416909621,0,0.5
4,3,45,dummy_prior,509,384,0,0.0641399416909621,0,0.5
4,3,45,dummy_prior,511,38,0,0.0641399416909621,0,0.5
4,3,45,dummy_prior,513,96,0,0.0641399416909621,0,0.5
4,3,45,dummy_prior,518,362,0,0.0641399416909621,0,0.5
4,3,45,dummy_prior,519,123,0,0.0641399416909621,0,0.5
4,3,45,dummy_prior,527,262,0,0.0641399416909621,0,0.5
4,3,45,dummy_prior,530,239,1,0.0641399416909621,0,0.5
4,3,45,dummy_prior,531,119,0,0.0641399416909621,0,0.5
4,3,45,dummy_prior,540,188,0,0.0641399416909621,0,0.5
4,3,45,dummy_prior,541,474,0,0.0641399416909621,0,0.5
4,3,45,dummy_prior,546,213,0,0.0641399416909621,0,0.5
4,3,45,dummy_prior,553,636,0,0.0641399416909621,0,0.5
4,3,45,dummy_prior,555,435,0,0.0641399416909621,0,0.5
4,3,45,dummy_prior,556,772,0,0.0641399416909621,0,0.5
4,3,45,dummy_prior,560,748,0,0.0641399416909621,0,0.5
4,3,45,dummy_prior,566,456,0,0.0641399416909621,0,0.5
4,3,45,dummy_prior,573,523,0,0.0641399416909621,0,0.5
4,3,45,dummy_prior,576,464,0,0.0641399416909621,0,0.5
4,3,45,dummy_prior,579,730,0,0.0641399416909621,0,0.5
4,3,45,dummy_prior,595,248,0,0.0641399416909621,0,0.5
4,3,45,dummy_prior,601,504,0,0.0641399416909621,0,0.5
4,3,45,dummy_prior,605,183,0,0.0641399416909621,0,0.5
4,3,45,dummy_prior,610,230,1,0.0641399416909621,0,0.5
4,3,45,dummy_prior,612,225,0,0.0641399416909621,0,0.5
4,3,45,dummy_prior,615,706,0,0.0641399416909621,0,0.5
4,3,45,dummy_prior,624,118,0,0.0641399416909621,0,0.5
4,3,45,dummy_prior,629,336,0,0.0641399416909621,0,0.5
4,3,45,dummy_prior,644,285,0,0.0641399416909621,0,0.5
4,3,45,dummy_prior,657,260,0,0.0641399416909621,0,0.5
4,3,45,dummy_prior,661,326,0,0.0641399416909621,0,0.5
4,3,45,dummy_prior,662,502,0,0.0641399416909621,0,0.5
4,3,45,dummy_prior,669,755,0,0.0641399416909621,0,0.5
4,3,45,dummy_prior,673,819,1,0.0641399416909621,0,0.5
4,3,45,dummy_prior,675,808,0,0.0641399416909621,0,0.5
4,3,45,dummy_prior,679,822,0,0.0641399416909621,0,0.5
4,3,45,dummy_prior,681,793,0,0.0641399416909621,0,0.5
4,3,45,dummy_prior,687,638,1,0.0641399416909621,0,0.5
4,3,45,dummy_prior,688,510,1,0.0641399416909621,0,0.5
4,3,45,dummy_prior,690,8,0,0.0641399416909621,0,0.5
4,3,45,dummy_prior,692,74,0,0.0641399416909621,0,0.5
4,3,45,dummy_prior,710,449,0,0.0641399416909621,0,0.5
4,3,45,dummy_prior,716,144,0,0.0641399416909621,0,0.5
4,3,45,dummy_prior,719,769,0,0.0641399416909621,0,0.5
4,3,45,dummy_prior,727,589,0,0.0641399416909621,0,0.5
4,3,45,dummy_prior,728,623,0,0.0641399416909621,0,0.5
4,3,45,dummy_prior,731,291,0,0.0641399416909621,0,0.5
4,3,45,dummy_prior,743,540,0,0.0641399416909621,0,0.5
4,3,45,dummy_prior,752,676,0,0.0641399416909621,0,0.5
4,3,45,dummy_prior,759,101,0,0.0641399416909621,0,0.5
4,3,45,dummy_prior,765,398,0,0.0641399416909621,0,0.5
4,3,45,dummy_prior,766,206,0,0.0641399416909621,0,0.5
4,3,45,dummy_prior,769,415,0,0.0641399416909621,0,0.5
4,3,45,dummy_prior,772,113,0,0.0641399416909621,0,0.5
4,3,45,dummy_prior,774,801,0,0.0641399416909621,0,0.5
4,3,45,dummy_prior,781,642,1,0.0641399416909621,0,0.5
4,3,45,dummy_prior,785,480,0,0.0641399416909621,0,0.5
4,3,45,dummy_prior,803,106,0,0.0641399416909621,0,0.5
4,3,45,dummy_prior,807,717,0,0.0641399416909621,0,0.5
4,3,45,dummy_prior,813,163,0,0.0641399416909621,0,0.5
4,3,45,dummy_prior,829,666,0,0.0641399416909621,0,0.5
4,3,45,dummy_prior,833,659,0,0.0641399416909621,0,0.5
4,3,45,dummy_prior,837,606,0,0.0641399416909621,0,0.5
4,3,45,dummy_prior,840,346,0,0.0641399416909621,0,0.5
4,3,45,dummy_prior,842,722,0,0.0641399416909621,0,0.5
4,3,45,dummy_prior,843,567,0,0.0641399416909621,0,0.5
4,3,45,dummy_prior,854,616,0,0.0641399416909621,0,0.5
4,3,45,dummy_prior,856,635,0,0.0641399416909621,0,0.5
4,3,45,logistic_regression,4,816,0,0.3172852356336705,0,0.5
4,3,45,logistic_regression,6,823,1,0.9254426470771332,1,0.5
4,3,45,logistic_regression,12,812,0,0.3219237616156133,0,0.5
4,3,45,logistic_regression,16,790,0,0.26521308275884087,0,0.5
4,3,45,logistic_regression,26,765,0,0.20667587196817208,0,0.5
4,3,45,logistic_regression,28,742,0,0.24238454490698236,0,0.5
4,3,45,logistic_regression,45,709,0,0.2684543700526695,0,0.5
4,3,45,logistic_regression,58,683,0,0.9783745738941709,1,0.5
4,3,45,logistic_regression,60,673,0,0.2905220393208589,0,0.5
4,3,45,logistic_regression,66,673,0,0.2905220393208589,0,0.5
4,3,45,logistic_regression,69,705,0,0.25460364817238,0,0.5
4,3,45,logistic_regression,72,664,0,0.2603899490277993,0,0.5
4,3,45,logistic_regression,79,684,0,0.27607882697683,0,0.5
4,3,45,logistic_regression,87,703,0,0.2964876727978332,0,0.5
4,3,45,logistic_regression,100,669,0,0.33342019082887187,0,0.5
4,3,45,logistic_regression,102,599,0,0.2257922765154758,0,0.5
4,3,45,logistic_regression,105,674,0,0.2879337931659432,0,0.5
4,3,45,logistic_regression,107,653,0,0.2842829697515583,0,0.5
4,3,45,logistic_regression,108,611,0,0.30743582195697244,0,0.5
4,3,45,logistic_regression,110,619,0,0.2843003264606667,0,0.5
4,3,45,logistic_regression,111,626,0,0.24644000725635903,0,0.5
4,3,45,logistic_regression,114,667,0,0.2996413826019948,0,0.5
4,3,45,logistic_regression,116,597,0,0.25248672823064067,0,0.5
4,3,45,logistic_regression,121,579,0,0.3083965176493953,0,0.5
4,3,45,logistic_regression,123,542,0,0.4270930798257696,0,0.5
4,3,45,logistic_regression,126,588,0,0.24745544203811132,0,0.5
4,3,45,logistic_regression,127,520,0,0.2629513024033693,0,0.5
4,3,45,logistic_regression,132,565,0,0.2603275631705033,0,0.5
4,3,45,logistic_regression,143,480,0,0.22558853144216537,0,0.5
4,3,45,logistic_regression,155,507,0,0.3120683350953304,0,0.5
4,3,45,logistic_regression,168,535,0,0.2427015955824232,0,0.5
4,3,45,logistic_regression,169,108,0,0.3191392367353382,0,0.5
4,3,45,logistic_regression,173,529,0,0.31064509979101734,0,0.5
4,3,45,logistic_regression,180,414,0,0.2676403073997314,0,0.5
4,3,45,logistic_regression,181,462,0,0.24040299296519735,0,0.5
4,3,45,logistic_regression,182,392,0,0.26651367451027247,0,0.5
4,3,45,logistic_regression,183,491,0,0.26280895538715265,0,0.5
4,3,45,logistic_regression,187,501,0,0.3781852512647978,0,0.5
4,3,45,logistic_regression,193,445,0,0.23740624365001953,0,0.5
4,3,45,logistic_regression,195,429,0,0.2863756106737272,0,0.5
4,3,45,logistic_regression,198,447,0,0.2581258300324329,0,0.5
4,3,45,logistic_regression,199,460,0,0.2530909652652119,0,0.5
4,3,45,logistic_regression,203,494,1,0.9447378180957401,1,0.5
4,3,45,logistic_regression,206,496,0,0.2698055778948394,0,0.5
4,3,45,logistic_regression,210,399,0,0.28611499051994094,0,0.5
4,3,45,logistic_regression,212,431,0,0.2530749496559083,0,0.5
4,3,45,logistic_regression,222,552,0,0.1229957748317597,0,0.5
4,3,45,logistic_regression,223,278,0,0.2902640643385372,0,0.5
4,3,45,logistic_regression,224,351,1,0.9487626347817429,1,0.5
4,3,45,logistic_regression,228,585,0,0.23791674946307234,0,0.5
4,3,45,logistic_regression,237,347,0,0.2035727009193511,0,0.5
4,3,45,logistic_regression,241,354,0,0.2796245008277706,0,0.5
4,3,45,logistic_regression,245,253,0,0.26392194799067836,0,0.5
4,3,45,logistic_regression,250,379,0,0.2753676554133032,0,0.5
4,3,45,logistic_regression,255,379,0,0.2753676554133032,0,0.5
4,3,45,logistic_regression,256,366,0,0.2259894524526455,0,0.5
4,3,45,logistic_regression,262,295,0,0.248458037385641,0,0.5
4,3,45,logistic_regression,271,359,0,0.2333203724647538,0,0.5
4,3,45,logistic_regression,282,219,0,0.2788174319388434,0,0.5
4,3,45,logistic_regression,283,389,0,0.29769832704225,0,0.5
4,3,45,logistic_regression,291,289,0,0.27923510538978774,0,0.5
4,3,45,logistic_regression,306,436,0,0.2649464437018537,0,0.5
4,3,45,logistic_regression,309,322,0,0.22002240281693233,0,0.5
4,3,45,logistic_regression,315,189,0,0.2964664315545506,0,0.5
4,3,45,logistic_regression,318,308,0,0.2831636175338044,0,0.5
4,3,45,logistic_regression,323,268,0,0.3551298358161482,0,0.5
4,3,45,logistic_regression,326,217,0,0.2677660998825878,0,0.5
4,3,45,logistic_regression,334,229,0,0.2809576323534693,0,0.5
4,3,45,logistic_regression,342,228,0,0.27379756532553867,0,0.5
4,3,45,logistic_regression,343,159,0,0.25499529211942124,0,0.5
4,3,45,logistic_regression,345,276,1,0.8422359497005093,1,0.5
4,3,45,logistic_regression,348,125,0,0.261992969054789,0,0.5
4,3,45,logistic_regression,351,155,0,0.3001692174437814,0,0.5
4,3,45,logistic_regression,352,152,0,0.2566645515877488,0,0.5
4,3,45,logistic_regression,357,258,0,0.1865648684418673,0,0.5
4,3,45,logistic_regression,364,147,0,0.26465031046329895,0,0.5
4,3,45,logistic_regression,367,127,0,0.24652411344752914,0,0.5
4,3,45,logistic_regression,370,239,1,0.8979933097144221,1,0.5
4,3,45,logistic_regression,374,243,0,0.20993263375842805,0,0.5
4,3,45,logistic_regression,382,400,0,0.24944380844209185,0,0.5
4,3,45,logistic_regression,390,179,0,0.2707502206200225,0,0.5
4,3,45,logistic_regression,397,137,0,0.35523993712277374,0,0.5
4,3,45,logistic_regression,403,64,0,0.258226034223456,0,0.5
4,3,45,logistic_regression,404,88,0,0.2680337080494984,0,0.5
4,3,45,logistic_regression,408,60,0,0.24343271840366607,0,0.5
4,3,45,logistic_regression,412,87,0,0.23270836700170505,0,0.5
4,3,45,logistic_regression,413,698,0,0.2708044127520147,0,0.5
4,3,45,logistic_regression,418,47,0,0.3240964526451103,0,0.5
4,3,45,logistic_regression,428,29,0,0.28646084997730836,0,0.5
4,3,45,logistic_regression,429,73,0,0.2888347872052436,0,0.5
4,3,45,logistic_regression,438,195,0,0.2586947699501116,0,0.5
4,3,45,logistic_regression,444,80,0,0.27260134841319145,0,0.5
4,3,45,logistic_regression,445,36,0,0.2342035864050787,0,0.5
4,3,45,logistic_regression,446,107,0,0.2726618475212744,0,0.5
4,3,45,logistic_regression,449,75,0,0.27774520512196477,0,0.5
4,3,45,logistic_regression,462,68,0,0.25829774275930695,0,0.5
4,3,45,logistic_regression,465,43,0,0.2688173354049413,0,0.5
4,3,45,logistic_regression,477,751,0,0.24204995383902708,0,0.5
4,3,45,logistic_regression,486,496,0,0.2698055778948394,0,0.5
4,3,45,logistic_regression,489,151,0,0.2444182085249161,0,0.5
4,3,45,logistic_regression,492,658,0,0.2628869604278034,0,0.5
4,3,45,logistic_regression,498,663,0,0.2673650086010603,0,0.5
4,3,45,logistic_regression,501,610,0,0.2788617916267723,0,0.5
4,3,45,logistic_regression,502,369,0,0.2989394760107867,0,0.5
4,3,45,logistic_regression,507,71,0,0.257355079197203,0,0.5
4,3,45,logistic_regression,509,384,0,0.26585252776505197,0,0.5
4,3,45,logistic_regression,511,38,0,0.27672117962140036,0,0.5
4,3,45,logistic_regression,513,96,0,0.25233013489115125,0,0.5
4,3,45,logistic_regression,518,362,0,0.3200559213182261,0,0.5
4,3,45,logistic_regression,519,123,0,0.2772115250709806,0,0.5
4,3,45,logistic_regression,527,262,0,0.22505613459123167,0,0.5
4,3,45,logistic_regression,530,239,1,0.8979933097144221,1,0.5
4,3,45,logistic_regression,531,119,0,0.2886384215549901,0,0.5
4,3,45,logistic_regression,540,188,0,0.2533041805400346,0,0.5
4,3,45,logistic_regression,541,474,0,0.26775634847378,0,0.5
4,3,45,logistic_regression,546,213,0,0.3539073189240397,0,0.5
4,3,45,logistic_regression,553,636,0,0.29871260900795343,0,0.5
4,3,45,logistic_regression,555,435,0,0.2888968109501301,0,0.5
4,3,45,logistic_regression,556,772,0,0.33596125032792995,0,0.5
4,3,45,logistic_regression,560,748,0,0.2780213982850167,0,0.5
4,3,45,logistic_regression,566,456,0,0.2714519678492932,0,0.5
4,3,45,logistic_regression,573,523,0,0.28168035037879885,0,0.5
4,3,45,logistic_regression,576,464,0,0.23826489103369064,0,0.5
4,3,45,logistic_regression,579,730,0,0.3162596494531561,0,0.5
4,3,45,logistic_regression,595,248,0,0.38128601131673706,0,0.5
4,3,45,logistic_regression,601,504,0,0.2901673273562531,0,0.5
4,3,45,logistic_regression,605,183,0,0.2737556042530405,0,0.5
4,3,45,logistic_regression,610,230,1,0.9715221430960415,1,0.5
4,3,45,logistic_regression,612,225,0,0.30358091171067286,0,0.5
4,3,45,logistic_regression,615,706,0,0.3975382877415821,0,0.5
4,3,45,logistic_regression,624,118,0,0.2950816624306547,0,0.5
4,3,45,logistic_regression,629,336,0,0.307899396947129,0,0.5
4,3,45,logistic_regression,644,285,0,0.9437142439845368,1,0.5
4,3,45,logistic_regression,657,260,0,0.3103416140984065,0,0.5
4,3,45,logistic_regression,661,326,0,0.2715161774048841,0,0.5
4,3,45,logistic_regression,662,502,0,0.3529819502795712,0,0.5
4,3,45,logistic_regression,669,755,0,0.8661293030748693,1,0.5
4,3,45,logistic_regression,673,819,1,0.8034249880828024,1,0.5
4,3,45,logistic_regression,675,808,0,0.27303252867366146,0,0.5
4,3,45,logistic_regression,679,822,0,0.3288433256762422,0,0.5
4,3,45,logistic_regression,681,793,0,0.23504491404377625,0,0.5
4,3,45,logistic_regression,687,638,1,0.9326986772393838,1,0.5
4,3,45,logistic_regression,688,510,1,0.9097777987486446,1,0.5
4,3,45,logistic_regression,690,8,0,0.37323992060282674,0,0.5
4,3,45,logistic_regression,692,74,0,0.36838434358225275,0,0.5
4,3,45,logistic_regression,710,449,0,0.2764626247902122,0,0.5
4,3,45,logistic_regression,716,144,0,0.2672515300983288,0,0.5
4,3,45,logistic_regression,719,769,0,0.8392778396571838,1,0.5
4,3,45,logistic_regression,727,589,0,0.7340670054846593,1,0.5
4,3,45,logistic_regression,728,623,0,0.2846370164567345,0,0.5
4,3,45,logistic_regression,731,291,0,0.24343326997053252,0,0.5
4,3,45,logistic_regression,743,540,0,0.25743271418079083,0,0.5
4,3,45,logistic_regression,752,676,0,0.28553283887920716,0,0.5
4,3,45,logistic_regression,759,101,0,0.47980903957719667,0,0.5
4,3,45,logistic_regression,765,398,0,0.8275900890124854,1,0.5
4,3,45,logistic_regression,766,206,0,0.30109595314453635,0,0.5
4,3,45,logistic_regression,769,415,0,0.7637589913161096,1,0.5
4,3,45,logistic_regression,772,113,0,0.2352643350973231,0,0.5
4,3,45,logistic_regression,774,801,0,0.22576700057298943,0,0.5
4,3,45,logistic_regression,781,642,1,0.9597013946447334,1,0.5
4,3,45,logistic_regression,785,480,0,0.22558853144216537,0,0.5
4,3,45,logistic_regression,803,106,0,0.2523654474405601,0,0.5
4,3,45,logistic_regression,807,717,0,0.4722243907222025,0,0.5
4,3,45,logistic_regression,813,163,0,0.3622639542453512,0,0.5
4,3,45,logistic_regression,829,666,0,0.2792775729853813,0,0.5
4,3,45,logistic_regression,833,659,0,0.2015800539689129,0,0.5
4,3,45,logistic_regression,837,606,0,0.2506569566769333,0,0.5
4,3,45,logistic_regression,840,346,0,0.30761635997991854,0,0.5
4,3,45,logistic_regression,842,722,0,0.3078260770666725,0,0.5
4,3,45,logistic_regression,843,567,0,0.29858662414043374,0,0.5
4,3,45,logistic_regression,854,616,0,0.27887159689696484,0,0.5
4,3,45,logistic_regression,856,635,0,0.25285390351806303,0,0.5
4,3,45,xgboost,4,816,0,0.11643338203430176,0,0.5
4,3,45,xgboost,6,823,1,0.9195559620857239,1,0.5
4,3,45,xgboost,12,812,0,0.19901466369628906,0,0.5
4,3,45,xgboost,16,790,0,0.10084541141986847,0,0.5
4,3,45,xgboost,26,765,0,0.08790304511785507,0,0.5
4,3,45,xgboost,28,742,0,0.08790304511785507,0,0.5
4,3,45,xgboost,45,709,0,0.12373915314674377,0,0.5
4,3,45,xgboost,58,683,0,0.9484413266181946,1,0.5
4,3,45,xgboost,60,673,0,0.09982077032327652,0,0.5
4,3,45,xgboost,66,673,0,0.09982077032327652,0,0.5
4,3,45,xgboost,69,705,0,0.10084541141986847,0,0.5
4,3,45,xgboost,72,664,0,0.10084541141986847,0,0.5
4,3,45,xgboost,79,684,0,0.09982077032327652,0,0.5
4,3,45,xgboost,87,703,0,0.09763540327548981,0,0.5
4,3,45,xgboost,100,669,0,0.10611385107040405,0,0.5
4,3,45,xgboost,102,599,0,0.09014222025871277,0,0.5
4,3,45,xgboost,105,674,0,0.10821227729320526,0,0.5
4,3,45,xgboost,107,653,0,0.09982077032327652,0,0.5
4,3,45,xgboost,108,611,0,0.09572006016969681,0,0.5
4,3,45,xgboost,110,619,0,0.09763540327548981,0,0.5
4,3,45,xgboost,111,626,0,0.19754736125469208,0,0.5
4,3,45,xgboost,114,667,0,0.11588829010725021,0,0.5
4,3,45,xgboost,116,597,0,0.0892450138926506,0,0.5
4,3,45,xgboost,121,579,0,0.09572006016969681,0,0.5
4,3,45,xgboost,123,542,0,0.09618058800697327,0,0.5
4,3,45,xgboost,126,588,0,0.09126158058643341,0,0.5
4,3,45,xgboost,127,520,0,0.1836855113506317,0,0.5
4,3,45,xgboost,132,565,0,0.08790304511785507,0,0.5
4,3,45,xgboost,143,480,0,0.09217700362205505,0,0.5
4,3,45,xgboost,155,507,0,0.09572006016969681,0,0.5
4,3,45,xgboost,168,535,0,0.08747830986976624,0,0.5
4,3,45,xgboost,169,108,0,0.1766500324010849,0,0.5
4,3,45,xgboost,173,529,0,0.08747830986976624,0,0.5
4,3,45,xgboost,180,414,0,0.09572006016969681,0,0.5
4,3,45,xgboost,181,462,0,0.09126158058643341,0,0.5
4,3,45,xgboost,182,392,0,0.12373915314674377,0,0.5
4,3,45,xgboost,183,491,0,0.0892450138926506,0,0.5
4,3,45,xgboost,187,501,0,0.09572006016969681,0,0.5
4,3,45,xgboost,193,445,0,0.08835948258638382,0,0.5
4,3,45,xgboost,195,429,0,0.09618058800697327,0,0.5
4,3,45,xgboost,198,447,0,0.08747830986976624,0,0.5
4,3,45,xgboost,199,460,0,0.0892450138926506,0,0.5
4,3,45,xgboost,203,494,1,0.9380693435668945,1,0.5
4,3,45,xgboost,206,496,0,0.09618058800697327,0,0.5
4,3,45,xgboost,210,399,0,0.11588829010725021,0,0.5
4,3,45,xgboost,212,431,0,0.08835948258638382,0,0.5
4,3,45,xgboost,222,552,0,0.09217700362205505,0,0.5
4,3,45,xgboost,223,278,0,0.1429733783006668,0,0.5
4,3,45,xgboost,224,351,1,0.9432898759841919,1,0.5
4,3,45,xgboost,228,585,0,0.09014222025871277,0,0.5
4,3,45,xgboost,237,347,0,0.09014222025871277,0,0.5
4,3,45,xgboost,241,354,0,0.09982077032327652,0,0.5
4,3,45,xgboost,245,253,0,0.10097889602184296,0,0.5
4,3,45,xgboost,250,379,0,0.10236279666423798,0,0.5
4,3,45,xgboost,255,379,0,0.10236279666423798,0,0.5
4,3,45,xgboost,256,366,0,0.08835948258638382,0,0.5
4,3,45,xgboost,262,295,0,0.1429733783006668,0,0.5
4,3,45,xgboost,271,359,0,0.09014222025871277,0,0.5
4,3,45,xgboost,282,219,0,0.1624409258365631,0,0.5
4,3,45,xgboost,283,389,0,0.09763540327548981,0,0.5
4,3,45,xgboost,291,289,0,0.09763540327548981,0,0.5
4,3,45,xgboost,306,436,0,0.09763540327548981,0,0.5
4,3,45,xgboost,309,322,0,0.08835948258638382,0,0.5
4,3,45,xgboost,315,189,0,0.16090430319309235,0,0.5
4,3,45,xgboost,318,308,0,0.09763540327548981,0,0.5
4,3,45,xgboost,323,268,0,0.1078876331448555,0,0.5
4,3,45,xgboost,326,217,0,0.16971595585346222,0,0.5
4,3,45,xgboost,334,229,0,0.1624409258365631,0,0.5
4,3,45,xgboost,342,228,0,0.1535893827676773,0,0.5
4,3,45,xgboost,343,159,0,0.14935916662216187,0,0.5
4,3,45,xgboost,345,276,1,0.8769525289535522,1,0.5
4,3,45,xgboost,348,125,0,0.13562935590744019,0,0.5
4,3,45,xgboost,351,155,0,0.13949266076087952,0,0.5
4,3,45,xgboost,352,152,0,0.12801548838615417,0,0.5
4,3,45,xgboost,357,258,0,0.09280766546726227,0,0.5
4,3,45,xgboost,364,147,0,0.12801548838615417,0,0.5
4,3,45,xgboost,367,127,0,0.13853459060192108,0,0.5
4,3,45,xgboost,370,239,1,0.9059619307518005,1,0.5
4,3,45,xgboost,374,243,0,0.2223849594593048,0,0.5
4,3,45,xgboost,382,400,0,0.08747830986976624,0,0.5
4,3,45,xgboost,390,179,0,0.1565558761358261,0,0.5
4,3,45,xgboost,397,137,0,0.13949266076087952,0,0.5
4,3,45,xgboost,403,64,0,0.12801548838615417,0,0.5
4,3,45,xgboost,404,88,0,0.12801548838615417,0,0.5
4,3,45,xgboost,408,60,0,0.12924720346927643,0,0.5
4,3,45,xgboost,412,87,0,0.12924720346927643,0,0.5
4,3,45,xgboost,413,698,0,0.1066184863448143,0,0.5
4,3,45,xgboost,418,47,0,0.12801548838615417,0,0.5
4,3,45,xgboost,428,29,0,0.12801548838615417,0,0.5
4,3,45,xgboost,429,73,0,0.12801548838615417,0,0.5
4,3,45,xgboost,438,195,0,0.1565558761358261,0,0.5
4,3,45,xgboost,444,80,0,0.13562935590744019,0,0.5
4,3,45,xgboost,445,36,0,0.12924720346927643,0,0.5
4,3,45,xgboost,446,107,0,0.13562935590744019,0,0.5
4,3,45,xgboost,449,75,0,0.13949266076087952,0,0.5
4,3,45,xgboost,462,68,0,0.12801548838615417,0,0.5
4,3,45,xgboost,465,43,0,0.12801548838615417,0,0.5
4,3,45,xgboost,477,751,0,0.09126158058643341,0,0.5
4,3,45,xgboost,486,496,0,0.09618058800697327,0,0.5
4,3,45,xgboost,489,151,0,0.20527903735637665,0,0.5
4,3,45,xgboost,492,658,0,0.09618058800697327,0,0.5
4,3,45,xgboost,498,663,0,0.08790304511785507,0,0.5
4,3,45,xgboost,501,610,0,0.09618058800697327,0,0.5
4,3,45,xgboost,502,369,0,0.09572006016969681,0,0.5
4,3,45,xgboost,507,71,0,0.12801548838615417,0,0.5
4,3,45,xgboost,509,384,0,0.09618058800697327,0,0.5
4,3,45,xgboost,511,38,0,0.12801548838615417,0,0.5
4,3,45,xgboost,513,96,0,0.13562935590744019,0,0.5
4,3,45,xgboost,518,362,0,0.09763540327548981,0,0.5
4,3,45,xgboost,519,123,0,0.14767353236675262,0,0.5
4,3,45,xgboost,527,262,0,0.0946708396077156,0,0.5
4,3,45,xgboost,530,239,1,0.9059619307518005,1,0.5
4,3,45,xgboost,531,119,0,0.13949266076087952,0,0.5
4,3,45,xgboost,540,188,0,0.1479683667421341,0,0.5
4,3,45,xgboost,541,474,0,0.09763540327548981,0,0.5
4,3,45,xgboost,546,213,0,0.1624409258365631,0,0.5
4,3,45,xgboost,553,636,0,0.10611385107040405,0,0.5
4,3,45,xgboost,555,435,0,0.10236279666423798,0,0.5
4,3,45,xgboost,556,772,0,0.12194794416427612,0,0.5
4,3,45,xgboost,560,748,0,0.09618058800697327,0,0.5
4,3,45,xgboost,566,456,0,0.08747830986976624,0,0.5
4,3,45,xgboost,573,523,0,0.10236279666423798,0,0.5
4,3,45,xgboost,576,464,0,0.1443251669406891,0,0.5
4,3,45,xgboost,579,730,0,0.11588829010725021,0,0.5
4,3,45,xgboost,595,248,0,0.1707354485988617,0,0.5
4,3,45,xgboost,601,504,0,0.09763540327548981,0,0.5
4,3,45,xgboost,605,183,0,0.17009268701076508,0,0.5
4,3,45,xgboost,610,230,1,0.9448897242546082,1,0.5
4,3,45,xgboost,612,225,0,0.16054396331310272,0,0.5
4,3,45,xgboost,615,706,0,0.2661319375038147,0,0.5
4,3,45,xgboost,624,118,0,0.2200285792350769,0,0.5
4,3,45,xgboost,629,336,0,0.09763540327548981,0,0.5
4,3,45,xgboost,644,285,0,0.9431967735290527,1,0.5
4,3,45,xgboost,657,260,0,0.10049794614315033,0,0.5
4,3,45,xgboost,661,326,0,0.10036502033472061,0,0.5
4,3,45,xgboost,662,502,0,0.12138058245182037,0,0.5
4,3,45,xgboost,669,755,0,0.8851705193519592,1,0.5
4,3,45,xgboost,673,819,1,0.871778666973114,1,0.5
4,3,45,xgboost,675,808,0,0.09982077032327652,0,0.5
4,3,45,xgboost,679,822,0,0.11815449595451355,0,0.5
4,3,45,xgboost,681,793,0,0.09618058800697327,0,0.5
4,3,45,xgboost,687,638,1,0.8988643884658813,1,0.5
4,3,45,xgboost,688,510,1,0.9134497046470642,1,0.5
4,3,45,xgboost,690,8,0,0.20349209010601044,0,0.5
4,3,45,xgboost,692,74,0,0.14591896533966064,0,0.5
4,3,45,xgboost,710,449,0,0.09763540327548981,0,0.5
4,3,45,xgboost,716,144,0,0.12801548838615417,0,0.5
4,3,45,xgboost,719,769,0,0.8909987211227417,1,0.5
4,3,45,xgboost,727,589,0,0.19320474565029144,0,0.5
4,3,45,xgboost,728,623,0,0.09618058800697327,0,0.5
4,3,45,xgboost,731,291,0,0.09126158058643341,0,0.5
4,3,45,xgboost,743,540,0,0.11815449595451355,0,0.5
4,3,45,xgboost,752,676,0,0.11588829010725021,0,0.5
4,3,45,xgboost,759,101,0,0.24874356389045715,0,0.5
4,3,45,xgboost,765,398,0,0.49271702766418457,0,0.5
4,3,45,xgboost,766,206,0,0.23999415338039398,0,0.5
4,3,45,xgboost,769,415,0,0.425586998462677,0,0.5
4,3,45,xgboost,772,113,0,0.20527903735637665,0,0.5
4,3,45,xgboost,774,801,0,0.08747830986976624,0,0.5
4,3,45,xgboost,781,642,1,0.9502264857292175,1,0.5
4,3,45,xgboost,785,480,0,0.09217700362205505,0,0.5
4,3,45,xgboost,803,106,0,0.13562935590744019,0,0.5
4,3,45,xgboost,807,717,0,0.10279857367277145,0,0.5
4,3,45,xgboost,813,163,0,0.17009268701076508,0,0.5
4,3,45,xgboost,829,666,0,0.1836855113506317,0,0.5
4,3,45,xgboost,833,659,0,0.0892450138926506,0,0.5
4,3,45,xgboost,837,606,0,0.10236279666423798,0,0.5
4,3,45,xgboost,840,346,0,0.09572006016969681,0,0.5
4,3,45,xgboost,842,722,0,0.09572006016969681,0,0.5
4,3,45,xgboost,843,567,0,0.15555234253406525,0,0.5
4,3,45,xgboost,854,616,0,0.09982077032327652,0,0.5
4,3,45,xgboost,856,635,0,0.08790304511785507,0,0.5
4,4,45,dummy_prior,8,809,0,0.06404657933042213,0,0.5
4,4,45,dummy_prior,10,807,0,0.06404657933042213,0,0.5
4,4,45,dummy_prior,17,799,0,0.06404657933042213,0,0.5
4,4,45,dummy_prior,22,766,1,0.06404657933042213,0,0.5
4,4,45,dummy_prior,23,767,1,0.06404657933042213,0,0.5
4,4,45,dummy_prior,27,759,0,0.06404657933042213,0,0.5
4,4,45,dummy_prior,32,738,0,0.06404657933042213,0,0.5
4,4,45,dummy_prior,33,734,0,0.06404657933042213,0,0.5
4,4,45,dummy_prior,34,749,0,0.06404657933042213,0,0.5
4,4,45,dummy_prior,35,737,0,0.06404657933042213,0,0.5
4,4,45,dummy_prior,37,747,0,0.06404657933042213,0,0.5
4,4,45,dummy_prior,40,746,0,0.06404657933042213,0,0.5
4,4,45,dummy_prior,41,732,1,0.06404657933042213,0,0.5
4,4,45,dummy_prior,47,770,0,0.06404657933042213,0,0.5
4,4,45,dummy_prior,49,739,0,0.06404657933042213,0,0.5
4,4,45,dummy_prior,52,729,0,0.06404657933042213,0,0.5
4,4,45,dummy_prior,57,647,0,0.06404657933042213,0,0.5
4,4,45,dummy_prior,62,679,0,0.06404657933042213,0,0.5
4,4,45,dummy_prior,63,629,0,0.06404657933042213,0,0.5
4,4,45,dummy_prior,68,696,0,0.06404657933042213,0,0.5
4,4,45,dummy_prior,75,686,0,0.06404657933042213,0,0.5
4,4,45,dummy_prior,81,593,0,0.06404657933042213,0,0.5
4,4,45,dummy_prior,84,713,0,0.06404657933042213,0,0.5
4,4,45,dummy_prior,95,604,0,0.06404657933042213,0,0.5
4,4,45,dummy_prior,104,633,0,0.06404657933042213,0,0.5
4,4,45,dummy_prior,117,570,0,0.06404657933042213,0,0.5
4,4,45,dummy_prior,136,586,0,0.06404657933042213,0,0.5
4,4,45,dummy_prior,138,517,0,0.06404657933042213,0,0.5
4,4,45,dummy_prior,142,591,0,0.06404657933042213,0,0.5
4,4,45,dummy_prior,144,558,0,0.06404657933042213,0,0.5
4,4,45,dummy_prior,147,533,0,0.06404657933042213,0,0.5
4,4,45,dummy_prior,150,489,0,0.06404657933042213,0,0.5
4,4,45,dummy_prior,152,438,0,0.06404657933042213,0,0.5
4,4,45,dummy_prior,163,509,1,0.06404657933042213,0,0.5
4,4,45,dummy_prior,177,468,0,0.06404657933042213,0,0.5
4,4,45,dummy_prior,178,472,0,0.06404657933042213,0,0.5
4,4,45,dummy_prior,186,404,0,0.06404657933042213,0,0.5
4,4,45,dummy_prior,188,475,0,0.06404657933042213,0,0.5
4,4,45,dummy_prior,189,380,0,0.06404657933042213,0,0.5
4,4,45,dummy_prior,201,441,0,0.06404657933042213,0,0.5
4,4,45,dummy_prior,211,453,0,0.06404657933042213,0,0.5
4,4,45,dummy_prior,215,372,0,0.06404657933042213,0,0.5
4,4,45,dummy_prior,217,408,0,0.06404657933042213,0,0.5
4,4,45,dummy_prior,220,406,0,0.06404657933042213,0,0.5
4,4,45,dummy_prior,221,407,0,0.06404657933042213,0,0.5
4,4,45,dummy_prior,226,409,0,0.06404657933042213,0,0.5
4,4,45,dummy_prior,227,394,0,0.06404657933042213,0,0.5
4,4,45,dummy_prior,229,466,0,0.06404657933042213,0,0.5
4,4,45,dummy_prior,234,406,0,0.06404657933042213,0,0.5
4,4,45,dummy_prior,235,378,0,0.06404657933042213,0,0.5
4,4,45,dummy_prior,243,402,0,0.06404657933042213,0,0.5
4,4,45,dummy_prior,246,487,0,0.06404657933042213,0,0.5
4,4,45,dummy_prior,248,381,0,0.06404657933042213,0,0.5
4,4,45,dummy_prior,253,279,0,0.06404657933042213,0,0.5
4,4,45,dummy_prior,259,329,0,0.06404657933042213,0,0.5
4,4,45,dummy_prior,274,349,0,0.06404657933042213,0,0.5
4,4,45,dummy_prior,279,263,0,0.06404657933042213,0,0.5
4,4,45,dummy_prior,284,252,0,0.06404657933042213,0,0.5
4,4,45,dummy_prior,285,430,0,0.06404657933042213,0,0.5
4,4,45,dummy_prior,288,300,0,0.06404657933042213,0,0.5
4,4,45,dummy_prior,295,283,0,0.06404657933042213,0,0.5
4,4,45,dummy_prior,308,382,0,0.06404657933042213,0,0.5
4,4,45,dummy_prior,310,307,0,0.06404657933042213,0,0.5
4,4,45,dummy_prior,312,313,0,0.06404657933042213,0,0.5
4,4,45,dummy_prior,313,370,0,0.06404657933042213,0,0.5
4,4,45,dummy_prior,316,348,0,0.06404657933042213,0,0.5
4,4,45,dummy_prior,327,173,0,0.06404657933042213,0,0.5
4,4,45,dummy_prior,329,290,0,0.06404657933042213,0,0.5
4,4,45,dummy_prior,330,207,0,0.06404657933042213,0,0.5
4,4,45,dummy_prior,333,274,0,0.06404657933042213,0,0.5
4,4,45,dummy_prior,341,121,0,0.06404657933042213,0,0.5
4,4,45,dummy_prior,344,79,0,0.06404657933042213,0,0.5
4,4,45,dummy_prior,349,235,0,0.06404657933042213,0,0.5
4,4,45,dummy_prior,356,79,0,0.06404657933042213,0,0.5
4,4,45,dummy_prior,358,212,0,0.06404657933042213,0,0.5
4,4,45,dummy_prior,365,178,0,0.06404657933042213,0,0.5
4,4,45,dummy_prior,368,203,0,0.06404657933042213,0,0.5
4,4,45,dummy_prior,375,249,0,0.06404657933042213,0,0.5
4,4,45,dummy_prior,376,786,0,0.06404657933042213,0,0.5
4,4,45,dummy_prior,383,134,1,0.06404657933042213,0,0.5
4,4,45,dummy_prior,385,234,0,0.06404657933042213,0,0.5
4,4,45,dummy_prior,386,90,0,0.06404657933042213,0,0.5
4,4,45,dummy_prior,391,69,0,0.06404657933042213,0,0.5
4,4,45,dummy_prior,396,100,0,0.06404657933042213,0,0.5
4,4,45,dummy_prior,399,209,0,0.06404657933042213,0,0.5
4,4,45,dummy_prior,401,210,0,0.06404657933042213,0,0.5
4,4,45,dummy_prior,405,61,0,0.06404657933042213,0,0.5
4,4,45,dummy_prior,425,35,0,0.06404657933042213,0,0.5
4,4,45,dummy_prior,426,114,0,0.06404657933042213,0,0.5
4,4,45,dummy_prior,433,28,0,0.06404657933042213,0,0.5
4,4,45,dummy_prior,436,39,0,0.06404657933042213,0,0.5
4,4,45,dummy_prior,437,26,0,0.06404657933042213,0,0.5
4,4,45,dummy_prior,442,26,0,0.06404657933042213,0,0.5
4,4,45,dummy_prior,447,63,0,0.06404657933042213,0,0.5
4,4,45,dummy_prior,456,24,0,0.06404657933042213,0,0.5
4,4,45,dummy_prior,458,35,0,0.06404657933042213,0,0.5
4,4,45,dummy_prior,459,3,0,0.06404657933042213,0,0.5
4,4,45,dummy_prior,470,764,0,0.06404657933042213,0,0.5
4,4,45,dummy_prior,471,94,0,0.06404657933042213,0,0.5
4,4,45,dummy_prior,473,787,0,0.06404657933042213,0,0.5
4,4,45,dummy_prior,478,534,0,0.06404657933042213,0,0.5
4,4,45,dummy_prior,480,575,0,0.06404657933042213,0,0.5
4,4,45,dummy_prior,487,483,0,0.06404657933042213,0,0.5
4,4,45,dummy_prior,488,337,0,0.06404657933042213,0,0.5
4,4,45,dummy_prior,496,451,1,0.06404657933042213,0,0.5
4,4,45,dummy_prior,500,763,0,0.06404657933042213,0,0.5
4,4,45,dummy_prior,508,590,0,0.06404657933042213,0,0.5
4,4,45,dummy_prior,517,514,0,0.06404657933042213,0,0.5
4,4,45,dummy_prior,532,364,0,0.06404657933042213,0,0.5
4,4,45,dummy_prior,533,425,0,0.06404657933042213,0,0.5
4,4,45,dummy_prior,536,24,0,0.06404657933042213,0,0.5
4,4,45,dummy_prior,539,76,1,0.06404657933042213,0,0.5
4,4,45,dummy_prior,543,40,0,0.06404657933042213,0,0.5
4,4,45,dummy_prior,554,20,0,0.06404657933042213,0,0.5
4,4,45,dummy_prior,557,458,0,0.06404657933042213,0,0.5
4,4,45,dummy_prior,563,712,0,0.06404657933042213,0,0.5
4,4,45,dummy_prior,568,338,0,0.06404657933042213,0,0.5
4,4,45,dummy_prior,572,373,0,0.06404657933042213,0,0.5
4,4,45,dummy_prior,578,126,1,0.06404657933042213,0,0.5
4,4,45,dummy_prior,582,198,0,0.06404657933042213,0,0.5
4,4,45,dummy_prior,585,648,0,0.06404657933042213,0,0.5
4,4,45,dummy_prior,588,813,0,0.06404657933042213,0,0.5
4,4,45,dummy_prior,589,784,0,0.06404657933042213,0,0.5
4,4,45,dummy_prior,590,56,0,0.06404657933042213,0,0.5
4,4,45,dummy_prior,592,321,0,0.06404657933042213,0,0.5
4,4,45,dummy_prior,596,83,0,0.06404657933042213,0,0.5
4,4,45,dummy_prior,603,440,0,0.06404657933042213,0,0.5
4,4,45,dummy_prior,604,318,0,0.06404657933042213,0,0.5
4,4,45,dummy_prior,607,566,0,0.06404657933042213,0,0.5
4,4,45,dummy_prior,609,416,0,0.06404657933042213,0,0.5
4,4,45,dummy_prior,633,261,0,0.06404657933042213,0,0.5
4,4,45,dummy_prior,642,512,0,0.06404657933042213,0,0.5
4,4,45,dummy_prior,646,27,0,0.06404657933042213,0,0.5
4,4,45,dummy_prior,652,826,0,0.06404657933042213,0,0.5
4,4,45,dummy_prior,660,33,0,0.06404657933042213,0,0.5
4,4,45,dummy_prior,666,67,0,0.06404657933042213,0,0.5
4,4,45,dummy_prior,670,817,1,0.06404657933042213,0,0.5
4,4,45,dummy_prior,682,827,0,0.06404657933042213,0,0.5
4,4,45,dummy_prior,693,98,1,0.06404657933042213,0,0.5
4,4,45,dummy_prior,706,81,0,0.06404657933042213,0,0.5
4,4,45,dummy_prior,712,317,0,0.06404657933042213,0,0.5
4,4,45,dummy_prior,718,246,0,0.06404657933042213,0,0.5
4,4,45,dummy_prior,725,214,0,0.06404657933042213,0,0.5
4,4,45,dummy_prior,729,327,0,0.06404657933042213,0,0.5
4,4,45,dummy_prior,730,775,0,0.06404657933042213,0,0.5
4,4,45,dummy_prior,736,725,0,0.06404657933042213,0,0.5
4,4,45,dummy_prior,746,342,0,0.06404657933042213,0,0.5
4,4,45,dummy_prior,753,166,1,0.06404657933042213,0,0.5
4,4,45,dummy_prior,755,563,0,0.06404657933042213,0,0.5
4,4,45,dummy_prior,762,139,0,0.06404657933042213,0,0.5
4,4,45,dummy_prior,773,23,0,0.06404657933042213,0,0.5
4,4,45,dummy_prior,776,45,0,0.06404657933042213,0,0.5
4,4,45,dummy_prior,777,744,0,0.06404657933042213,0,0.5
4,4,45,dummy_prior,780,110,0,0.06404657933042213,0,0.5
4,4,45,dummy_prior,783,84,0,0.06404657933042213,0,0.5
4,4,45,dummy_prior,784,403,0,0.06404657933042213,0,0.5
4,4,45,dummy_prior,789,164,0,0.06404657933042213,0,0.5
4,4,45,dummy_prior,790,350,0,0.06404657933042213,0,0.5
4,4,45,dummy_prior,791,15,0,0.06404657933042213,0,0.5
4,4,45,dummy_prior,793,353,0,0.06404657933042213,0,0.5
4,4,45,dummy_prior,795,690,0,0.06404657933042213,0,0.5
4,4,45,dummy_prior,796,605,0,0.06404657933042213,0,0.5
4,4,45,dummy_prior,804,543,0,0.06404657933042213,0,0.5
4,4,45,dummy_prior,820,352,0,0.06404657933042213,0,0.5
4,4,45,dummy_prior,824,720,0,0.06404657933042213,0,0.5
4,4,45,dummy_prior,827,688,0,0.06404657933042213,0,0.5
4,4,45,dummy_prior,834,569,0,0.06404657933042213,0,0.5
4,4,45,dummy_prior,838,694,0,0.06404657933042213,0,0.5
4,4,45,dummy_prior,839,601,0,0.06404657933042213,0,0.5
4,4,45,dummy_prior,849,620,0,0.06404657933042213,0,0.5
4,4,45,dummy_prior,850,117,0,0.06404657933042213,0,0.5
4,4,45,logistic_regression,8,809,0,0.10504877555365076,0,0.5
4,4,45,logistic_regression,10,807,0,0.05127525160841318,0,0.5
4,4,45,logistic_regression,17,799,0,0.14310523725527813,0,0.5
4,4,45,logistic_regression,22,766,1,0.9741100583912946,1,0.5
4,4,45,logistic_regression,23,767,1,0.9601384758274512,1,0.5
4,4,45,logistic_regression,27,759,0,0.0672590939787412,0,0.5
4,4,45,logistic_regression,32,738,0,0.030483755829383286,0,0.5
4,4,45,logistic_regression,33,734,0,0.0897569473674498,0,0.5
4,4,45,logistic_regression,34,749,0,0.9480727745380688,1,0.5
4,4,45,logistic_regression,35,737,0,0.10504800938032355,0,0.5
4,4,45,logistic_regression,37,747,0,0.05273195368056988,0,0.5
4,4,45,logistic_regression,40,746,0,0.07655085460719857,0,0.5
4,4,45,logistic_regression,41,732,1,0.9987431183001209,1,0.5
4,4,45,logistic_regression,47,770,0,0.04952840817952371,0,0.5
4,4,45,logistic_regression,49,739,0,0.07780705380111338,0,0.5
4,4,45,logistic_regression,52,729,0,0.07792550417010574,0,0.5
4,4,45,logistic_regression,57,647,0,0.9899881687085077,1,0.5
4,4,45,logistic_regression,62,679,0,0.04601277282382768,0,0.5
4,4,45,logistic_regression,63,629,0,0.0653515353983994,0,0.5
4,4,45,logistic_regression,68,696,0,0.05715423869540703,0,0.5
4,4,45,logistic_regression,75,686,0,0.048999432302201364,0,0.5
4,4,45,logistic_regression,81,593,0,0.13177750526854082,0,0.5
4,4,45,logistic_regression,84,713,0,0.007044358672146505,0,0.5
4,4,45,logistic_regression,95,604,0,0.04765279160398703,0,0.5
4,4,45,logistic_regression,104,633,0,0.06215299064042116,0,0.5
4,4,45,logistic_regression,117,570,0,0.01773468579025619,0,0.5
4,4,45,logistic_regression,136,586,0,0.010992967772504218,0,0.5
4,4,45,logistic_regression,138,517,0,0.036202904869084104,0,0.5
4,4,45,logistic_regression,142,591,0,0.13569932002029728,0,0.5
4,4,45,logistic_regression,144,558,0,0.07097794133816687,0,0.5
4,4,45,logistic_regression,147,533,0,0.014030035466577759,0,0.5
4,4,45,logistic_regression,150,489,0,0.07778251323339101,0,0.5
4,4,45,logistic_regression,152,438,0,0.9949690207422393,1,0.5
4,4,45,logistic_regression,163,509,1,0.11387962509849213,0,0.5
4,4,45,logistic_regression,177,468,0,0.07808078702108916,0,0.5
4,4,45,logistic_regression,178,472,0,0.07327713781187757,0,0.5
4,4,45,logistic_regression,186,404,0,0.01325822831409873,0,0.5
4,4,45,logistic_regression,188,475,0,0.48665902466123595,0,0.5
4,4,45,logistic_regression,189,380,0,0.3705832152558268,0,0.5
4,4,45,logistic_regression,201,441,0,0.17724789270087518,0,0.5
4,4,45,logistic_regression,211,453,0,0.041498040734950684,0,0.5
4,4,45,logistic_regression,215,372,0,0.06600286727152377,0,0.5
4,4,45,logistic_regression,217,408,0,0.08741063088463749,0,0.5
4,4,45,logistic_regression,220,406,0,0.05044551038769806,0,0.5
4,4,45,logistic_regression,221,407,0,0.064597266707335,0,0.5
4,4,45,logistic_regression,226,409,0,0.058664255511470004,0,0.5
4,4,45,logistic_regression,227,394,0,0.9405683381906353,1,0.5
4,4,45,logistic_regression,229,466,0,0.8962319278703544,1,0.5
4,4,45,logistic_regression,234,406,0,0.05044551038769806,0,0.5
4,4,45,logistic_regression,235,378,0,0.08285403214671395,0,0.5
4,4,45,logistic_regression,243,402,0,0.04176638164227767,0,0.5
4,4,45,logistic_regression,246,487,0,0.06869109476492032,0,0.5
4,4,45,logistic_regression,248,381,0,0.07165651331578558,0,0.5
4,4,45,logistic_regression,253,279,0,0.08379361902557718,0,0.5
4,4,45,logistic_regression,259,329,0,0.12301790024271088,0,0.5
4,4,45,logistic_regression,274,349,0,0.06818161763080764,0,0.5
4,4,45,logistic_regression,279,263,0,0.015746740406690236,0,0.5
4,4,45,logistic_regression,284,252,0,0.05013263441189766,0,0.5
4,4,45,logistic_regression,285,430,0,0.07611716687628897,0,0.5
4,4,45,logistic_regression,288,300,0,0.1870785450889107,0,0.5
4,4,45,logistic_regression,295,283,0,0.05930959861180445,0,0.5
4,4,45,logistic_regression,308,382,0,0.09087831617604124,0,0.5
4,4,45,logistic_regression,310,307,0,0.0838333068079809,0,0.5
4,4,45,logistic_regression,312,313,0,0.07878265627252747,0,0.5
4,4,45,logistic_regression,313,370,0,0.11307568150793483,0,0.5
4,4,45,logistic_regression,316,348,0,0.058705941769849966,0,0.5
4,4,45,logistic_regression,327,173,0,0.07555881255674012,0,0.5
4,4,45,logistic_regression,329,290,0,0.15903481841176334,0,0.5
4,4,45,logistic_regression,330,207,0,0.06037167280721706,0,0.5
4,4,45,logistic_regression,333,274,0,0.11584928986317126,0,0.5
4,4,45,logistic_regression,341,121,0,0.06130517758214723,0,0.5
4,4,45,logistic_regression,344,79,0,0.07581239949471115,0,0.5
4,4,45,logistic_regression,349,235,0,0.10655241598714389,0,0.5
4,4,45,logistic_regression,356,79,0,0.07581239949471115,0,0.5
4,4,45,logistic_regression,358,212,0,0.0891104404150972,0,0.5
4,4,45,logistic_regression,365,178,0,0.1501505443432251,0,0.5
4,4,45,logistic_regression,368,203,0,0.08195374783055673,0,0.5
4,4,45,logistic_regression,375,249,0,0.12712214253662837,0,0.5
4,4,45,logistic_regression,376,786,0,0.04907424760765236,0,0.5
4,4,45,logistic_regression,383,134,1,0.9840269979561208,1,0.5
4,4,45,logistic_regression,385,234,0,0.9829893050430518,1,0.5
4,4,45,logistic_regression,386,90,0,0.703500584054542,1,0.5
4,4,45,logistic_regression,391,69,0,0.07066637443728208,0,0.5
4,4,45,logistic_regression,396,100,0,0.02715457654647952,0,0.5
4,4,45,logistic_regression,399,209,0,0.1378053007992193,0,0.5
4,4,45,logistic_regression,401,210,0,0.1116961690891249,0,0.5
4,4,45,logistic_regression,405,61,0,0.06299847138428057,0,0.5
4,4,45,logistic_regression,425,35,0,0.08410648931543156,0,0.5
4,4,45,logistic_regression,426,114,0,0.16194501006630496,0,0.5
4,4,45,logistic_regression,433,28,0,0.9339026942775167,1,0.5
4,4,45,logistic_regression,436,39,0,0.3353887563460263,0,0.5
4,4,45,logistic_regression,437,26,0,0.08638168726149517,0,0.5
4,4,45,logistic_regression,442,26,0,0.08638168726149517,0,0.5
4,4,45,logistic_regression,447,63,0,0.08285158620690601,0,0.5
4,4,45,logistic_regression,456,24,0,0.08974564277733782,0,0.5
4,4,45,logistic_regression,458,35,0,0.38796477575754035,0,0.5
4,4,45,logistic_regression,459,3,0,0.0921473695166995,0,0.5
4,4,45,logistic_regression,470,764,0,0.07313160669667736,0,0.5
4,4,45,logistic_regression,471,94,0,0.1015166302937079,0,0.5
4,4,45,logistic_regression,473,787,0,0.05503346360412824,0,0.5
4,4,45,logistic_regression,478,534,0,0.12486224734194708,0,0.5
4,4,45,logistic_regression,480,575,0,0.005335503291837325,0,0.5
4,4,45,logistic_regression,487,483,0,0.06094936062699441,0,0.5
4,4,45,logistic_regression,488,337,0,0.07876668388231108,0,0.5
4,4,45,logistic_regression,496,451,1,0.9780082640857485,1,0.5
4,4,45,logistic_regression,500,763,0,0.033751644650462265,0,0.5
4,4,45,logistic_regression,508,590,0,0.09610063381014529,0,0.5
4,4,45,logistic_regression,517,514,0,0.06896530014298212,0,0.5
4,4,45,logistic_regression,532,364,0,0.07215587670946537,0,0.5
4,4,45,logistic_regression,533,425,0,0.054860390585676745,0,0.5
4,4,45,logistic_regression,536,24,0,0.08974564277733782,0,0.5
4,4,45,logistic_regression,539,76,1,0.9833065596787374,1,0.5
4,4,45,logistic_regression,543,40,0,0.13043837619850804,0,0.5
4,4,45,logistic_regression,554,20,0,0.120900806420231,0,0.5
4,4,45,logistic_regression,557,458,0,0.108100098243461,0,0.5
4,4,45,logistic_regression,563,712,0,0.02341988811367896,0,0.5
4,4,45,logistic_regression,568,338,0,0.05957303297663973,0,0.5
4,4,45,logistic_regression,572,373,0,0.17301731657627076,0,0.5
4,4,45,logistic_regression,578,126,1,0.9979430186813754,1,0.5
4,4,45,logistic_regression,582,198,0,0.09443721305447723,0,0.5
4,4,45,logistic_regression,585,648,0,0.04840451847025689,0,0.5
4,4,45,logistic_regression,588,813,0,0.12196795578063169,0,0.5
4,4,45,logistic_regression,589,784,0,0.07933450561396738,0,0.5
4,4,45,logistic_regression,590,56,0,0.05784745236301857,0,0.5
4,4,45,logistic_regression,592,321,0,0.24726713519737908,0,0.5
4,4,45,logistic_regression,596,83,0,0.10023541047623279,0,0.5
4,4,45,logistic_regression,603,440,0,0.06423291163174456,0,0.5
4,4,45,logistic_regression,604,318,0,0.07350682984547927,0,0.5
4,4,45,logistic_regression,607,566,0,0.026016112635106795,0,0.5
4,4,45,logistic_regression,609,416,0,0.16542897985063676,0,0.5
4,4,45,logistic_regression,633,261,0,0.06448942513137843,0,0.5
4,4,45,logistic_regression,642,512,0,0.0812097720154502,0,0.5
4,4,45,logistic_regression,646,27,0,0.9901772737241038,1,0.5
4,4,45,logistic_regression,652,826,0,0.770115308339385,1,0.5
4,4,45,logistic_regression,660,33,0,0.08739031709771372,0,0.5
4,4,45,logistic_regression,666,67,0,0.10575676635181691,0,0.5
4,4,45,logistic_regression,670,817,1,0.9556282227425064,1,0.5
4,4,45,logistic_regression,682,827,0,0.08660906037745696,0,0.5
4,4,45,logistic_regression,693,98,1,0.9348619754077515,1,0.5
4,4,45,logistic_regression,706,81,0,0.15897112908736413,0,0.5
4,4,45,logistic_regression,712,317,0,0.1319203218703884,0,0.5
4,4,45,logistic_regression,718,246,0,0.06269563123104084,0,0.5
4,4,45,logistic_regression,725,214,0,0.07896125192081645,0,0.5
4,4,45,logistic_regression,729,327,0,0.07036012013145448,0,0.5
4,4,45,logistic_regression,730,775,0,0.03122378859634496,0,0.5
4,4,45,logistic_regression,736,725,0,0.08707798614226149,0,0.5
4,4,45,logistic_regression,746,342,0,0.1810427271373714,0,0.5
4,4,45,logistic_regression,753,166,1,0.9553634965556411,1,0.5
4,4,45,logistic_regression,755,563,0,0.07939952108564953,0,0.5
4,4,45,logistic_regression,762,139,0,0.057340502865686094,0,0.5
4,4,45,logistic_regression,773,23,0,0.003922680687818576,0,0.5
4,4,45,logistic_regression,776,45,0,0.08093985622306725,0,0.5
4,4,45,logistic_regression,777,744,0,0.028792721181389855,0,0.5
4,4,45,logistic_regression,780,110,0,0.19062308710725415,0,0.5
4,4,45,logistic_regression,783,84,0,0.05823353914603169,0,0.5
4,4,45,logistic_regression,784,403,0,0.10439820120927815,0,0.5
4,4,45,logistic_regression,789,164,0,0.05942121667160539,0,0.5
4,4,45,logistic_regression,790,350,0,0.09566018995549809,0,0.5
4,4,45,logistic_regression,791,15,0,0.10468236010553605,0,0.5
4,4,45,logistic_regression,793,353,0,0.05795915026523034,0,0.5
4,4,45,logistic_regression,795,690,0,0.07563980666876856,0,0.5
4,4,45,logistic_regression,796,605,0,0.11684623643432386,0,0.5
4,4,45,logistic_regression,804,543,0,0.07928099116850147,0,0.5
4,4,45,logistic_regression,820,352,0,0.1267829352540958,0,0.5
4,4,45,logistic_regression,824,720,0,0.03549320386157452,0,0.5
4,4,45,logistic_regression,827,688,0,0.06470881168713773,0,0.5
4,4,45,logistic_regression,834,569,0,0.08182698054776051,0,0.5
4,4,45,logistic_regression,838,694,0,0.06765440808296572,0,0.5
4,4,45,logistic_regression,839,601,0,0.12996675143161834,0,0.5
4,4,45,logistic_regression,849,620,0,0.14433101169185675,0,0.5
4,4,45,logistic_regression,850,117,0,0.07078774388131112,0,0.5
4,4,45,xgboost,8,809,0,0.031849730759859085,0,0.5
4,4,45,xgboost,10,807,0,0.009836666285991669,0,0.5
4,4,45,xgboost,17,799,0,0.006694002076983452,0,0.5
4,4,45,xgboost,22,766,1,0.953319787979126,1,0.5
4,4,45,xgboost,23,767,1,0.9015394449234009,1,0.5
4,4,45,xgboost,27,759,0,0.017020760104060173,0,0.5
4,4,45,xgboost,32,738,0,0.016618968918919563,0,0.5
4,4,45,xgboost,33,734,0,0.029397031292319298,0,0.5
4,4,45,xgboost,34,749,0,0.9579534530639648,1,0.5
4,4,45,xgboost,35,737,0,0.008563045412302017,0,0.5
4,4,45,xgboost,37,747,0,0.013645150698721409,0,0.5
4,4,45,xgboost,40,746,0,0.017980484291911125,0,0.5
4,4,45,xgboost,41,732,1,0.9867904782295227,1,0.5
4,4,45,xgboost,47,770,0,0.012593318708240986,0,0.5
4,4,45,xgboost,49,739,0,0.03368474543094635,0,0.5
4,4,45,xgboost,52,729,0,0.03201655298471451,0,0.5
4,4,45,xgboost,57,647,0,0.9476833939552307,1,0.5
4,4,45,xgboost,62,679,0,0.007912829518318176,0,0.5
4,4,45,xgboost,63,629,0,0.0172440055757761,0,0.5
4,4,45,xgboost,68,696,0,0.017695913091301918,0,0.5
4,4,45,xgboost,75,686,0,0.010502432473003864,0,0.5
4,4,45,xgboost,81,593,0,0.01420341245830059,0,0.5
4,4,45,xgboost,84,713,0,0.01642768457531929,0,0.5
4,4,45,xgboost,95,604,0,0.009183119051158428,0,0.5
4,4,45,xgboost,104,633,0,0.019246045500040054,0,0.5
4,4,45,xgboost,117,570,0,0.009937455877661705,0,0.5
4,4,45,xgboost,136,586,0,0.010842335410416126,0,0.5
4,4,45,xgboost,138,517,0,0.015985382720828056,0,0.5
4,4,45,xgboost,142,591,0,0.09092209488153458,0,0.5
4,4,45,xgboost,144,558,0,0.00832641776651144,0,0.5
4,4,45,xgboost,147,533,0,0.06225883588194847,0,0.5
4,4,45,xgboost,150,489,0,0.010500440374016762,0,0.5
4,4,45,xgboost,152,438,0,0.9767557382583618,1,0.5
4,4,45,xgboost,163,509,1,0.010561645030975342,0,0.5
4,4,45,xgboost,177,468,0,0.009002948179841042,0,0.5
4,4,45,xgboost,178,472,0,0.011531524360179901,0,0.5
4,4,45,xgboost,186,404,0,0.015188243240118027,0,0.5
4,4,45,xgboost,188,475,0,0.06566403806209564,0,0.5
4,4,45,xgboost,189,380,0,0.010500440374016762,0,0.5
4,4,45,xgboost,201,441,0,0.019537877291440964,0,0.5
4,4,45,xgboost,211,453,0,0.015985382720828056,0,0.5
4,4,45,xgboost,215,372,0,0.014783469960093498,0,0.5
4,4,45,xgboost,217,408,0,0.010667471215128899,0,0.5
4,4,45,xgboost,220,406,0,0.010020006448030472,0,0.5
4,4,45,xgboost,221,407,0,0.010500440374016762,0,0.5
4,4,45,xgboost,226,409,0,0.0159823689609766,0,0.5
4,4,45,xgboost,227,394,0,0.9109169840812683,1,0.5
4,4,45,xgboost,229,466,0,0.15042826533317566,0,0.5
4,4,45,xgboost,234,406,0,0.010020006448030472,0,0.5
4,4,45,xgboost,235,378,0,0.023594923317432404,0,0.5
4,4,45,xgboost,243,402,0,0.007944654673337936,0,0.5
4,4,45,xgboost,246,487,0,0.010500440374016762,0,0.5
4,4,45,xgboost,248,381,0,0.010500440374016762,0,0.5
4,4,45,xgboost,253,279,0,0.016825072467327118,0,0.5
4,4,45,xgboost,259,329,0,0.01636531762778759,0,0.5
4,4,45,xgboost,274,349,0,0.00832641776651144,0,0.5
4,4,45,xgboost,279,263,0,0.016936399042606354,0,0.5
4,4,45,xgboost,284,252,0,0.018758047372102737,0,0.5
4,4,45,xgboost,285,430,0,0.009002948179841042,0,0.5
4,4,45,xgboost,288,300,0,0.009623817168176174,0,0.5
4,4,45,xgboost,295,283,0,0.009230688214302063,0,0.5
4,4,45,xgboost,308,382,0,0.011361746117472649,0,0.5
4,4,45,xgboost,310,307,0,0.013645150698721409,0,0.5
4,4,45,xgboost,312,313,0,0.019644958898425102,0,0.5
4,4,45,xgboost,313,370,0,0.010413973592221737,0,0.5
4,4,45,xgboost,316,348,0,0.010020006448030472,0,0.5
4,4,45,xgboost,327,173,0,0.0784836858510971,0,0.5
4,4,45,xgboost,329,290,0,0.03223709389567375,0,0.5
4,4,45,xgboost,330,207,0,0.07134727388620377,0,0.5
4,4,45,xgboost,333,274,0,0.028842084109783173,0,0.5
4,4,45,xgboost,341,121,0,0.021145159378647804,0,0.5
4,4,45,xgboost,344,79,0,0.02871735580265522,0,0.5
4,4,45,xgboost,349,235,0,0.10357782244682312,0,0.5
4,4,45,xgboost,356,79,0,0.02871735580265522,0,0.5
4,4,45,xgboost,358,212,0,0.0970652773976326,0,0.5
4,4,45,xgboost,365,178,0,0.23346614837646484,0,0.5
4,4,45,xgboost,368,203,0,0.08728844672441483,0,0.5
4,4,45,xgboost,375,249,0,0.025305865332484245,0,0.5
4,4,45,xgboost,376,786,0,0.006839199457317591,0,0.5
4,4,45,xgboost,383,134,1,0.9215174913406372,1,0.5
4,4,45,xgboost,385,234,0,0.9134331345558167,1,0.5
4,4,45,xgboost,386,90,0,0.2145671248435974,0,0.5
4,4,45,xgboost,391,69,0,0.02507469430565834,0,0.5
4,4,45,xgboost,396,100,0,0.01433082576841116,0,0.5
4,4,45,xgboost,399,209,0,0.2695392072200775,0,0.5
4,4,45,xgboost,401,210,0,0.1136411800980568,0,0.5
4,4,45,xgboost,405,61,0,0.02170857973396778,0,0.5
4,4,45,xgboost,425,35,0,0.022664377465844154,0,0.5
4,4,45,xgboost,426,114,0,0.04710792005062103,0,0.5
4,4,45,xgboost,433,28,0,0.546606719493866,1,0.5
4,4,45,xgboost,436,39,0,0.052933402359485626,0,0.5
4,4,45,xgboost,437,26,0,0.025086387991905212,0,0.5
4,4,45,xgboost,442,26,0,0.025086387991905212,0,0.5
4,4,45,xgboost,447,63,0,0.01983659528195858,0,0.5
4,4,45,xgboost,456,24,0,0.0219632089138031,0,0.5
4,4,45,xgboost,458,35,0,0.056977447122335434,0,0.5
4,4,45,xgboost,459,3,0,0.01983659528195858,0,0.5
4,4,45,xgboost,470,764,0,0.00983479991555214,0,0.5
4,4,45,xgboost,471,94,0,0.022335436195135117,0,0.5
4,4,45,xgboost,473,787,0,0.00843142718076706,0,0.5
4,4,45,xgboost,478,534,0,0.022866416722536087,0,0.5
4,4,45,xgboost,480,575,0,0.007487175986170769,0,0.5
4,4,45,xgboost,487,483,0,0.011640248820185661,0,0.5
4,4,45,xgboost,488,337,0,0.011638043448328972,0,0.5
4,4,45,xgboost,496,451,1,0.9642764329910278,1,0.5
4,4,45,xgboost,500,763,0,0.01113469060510397,0,0.5
4,4,45,xgboost,508,590,0,0.02302606776356697,0,0.5
4,4,45,xgboost,517,514,0,0.011638043448328972,0,0.5
4,4,45,xgboost,532,364,0,0.00832641776651144,0,0.5
4,4,45,xgboost,533,425,0,0.014426317997276783,0,0.5
4,4,45,xgboost,536,24,0,0.0219632089138031,0,0.5
4,4,45,xgboost,539,76,1,0.6419249176979065,1,0.5
4,4,45,xgboost,543,40,0,0.028176598250865936,0,0.5
4,4,45,xgboost,554,20,0,0.16857120394706726,0,0.5
4,4,45,xgboost,557,458,0,0.03368474543094635,0,0.5
4,4,45,xgboost,563,712,0,0.011648847721517086,0,0.5
4,4,45,xgboost,568,338,0,0.0159823689609766,0,0.5
4,4,45,xgboost,572,373,0,0.007797989062964916,0,0.5
4,4,45,xgboost,578,126,1,0.9217666983604431,1,0.5
4,4,45,xgboost,582,198,0,0.11971890926361084,0,0.5
4,4,45,xgboost,585,648,0,0.010502432473003864,0,0.5
4,4,45,xgboost,588,813,0,0.010981524363160133,0,0.5
4,4,45,xgboost,589,784,0,0.00983479991555214,0,0.5
4,4,45,xgboost,590,56,0,0.02617472968995571,0,0.5
4,4,45,xgboost,592,321,0,0.026592819020152092,0,0.5
4,4,45,xgboost,596,83,0,0.031525619328022,0,0.5
4,4,45,xgboost,603,440,0,0.009937455877661705,0,0.5
4,4,45,xgboost,604,318,0,0.018163852393627167,0,0.5
4,4,45,xgboost,607,566,0,0.008747583255171776,0,0.5
4,4,45,xgboost,609,416,0,0.009877244010567665,0,0.5
4,4,45,xgboost,633,261,0,0.019548939540982246,0,0.5
4,4,45,xgboost,642,512,0,0.02275613322854042,0,0.5
4,4,45,xgboost,646,27,0,0.8590489029884338,1,0.5
4,4,45,xgboost,652,826,0,0.25973644852638245,0,0.5
4,4,45,xgboost,660,33,0,0.01983659528195858,0,0.5
4,4,45,xgboost,666,67,0,0.06708509474992752,0,0.5
4,4,45,xgboost,670,817,1,0.9715355634689331,1,0.5
4,4,45,xgboost,682,827,0,0.012437764555215836,0,0.5
4,4,45,xgboost,693,98,1,0.6498643755912781,1,0.5
4,4,45,xgboost,706,81,0,0.14136181771755219,0,0.5
4,4,45,xgboost,712,317,0,0.014426317997276783,0,0.5
4,4,45,xgboost,718,246,0,0.10382033884525299,0,0.5
4,4,45,xgboost,725,214,0,0.0970652773976326,0,0.5
4,4,45,xgboost,729,327,0,0.007136731408536434,0,0.5
4,4,45,xgboost,730,775,0,0.011622044257819653,0,0.5
4,4,45,xgboost,736,725,0,0.013181244023144245,0,0.5
4,4,45,xgboost,746,342,0,0.006854877341538668,0,0.5
4,4,45,xgboost,753,166,1,0.9525271058082581,1,0.5
4,4,45,xgboost,755,563,0,0.010508207604289055,0,0.5
4,4,45,xgboost,762,139,0,0.0226858239620924,0,0.5
4,4,45,xgboost,773,23,0,0.026683537289500237,0,0.5
4,4,45,xgboost,776,45,0,0.025086387991905212,0,0.5
4,4,45,xgboost,777,744,0,0.014429043047130108,0,0.5
4,4,45,xgboost,780,110,0,0.016775554046034813,0,0.5
4,4,45,xgboost,783,84,0,0.025110065937042236,0,0.5
4,4,45,xgboost,784,403,0,0.009100413881242275,0,0.5
4,4,45,xgboost,789,164,0,0.11013869196176529,0,0.5
4,4,45,xgboost,790,350,0,0.02963639236986637,0,0.5
4,4,45,xgboost,791,15,0,0.025169996544718742,0,0.5
4,4,45,xgboost,793,353,0,0.014426317997276783,0,0.5
4,4,45,xgboost,795,690,0,0.01826251670718193,0,0.5
4,4,45,xgboost,796,605,0,0.008981429971754551,0,0.5
4,4,45,xgboost,804,543,0,0.014280847273766994,0,0.5
4,4,45,xgboost,820,352,0,0.023213617503643036,0,0.5
4,4,45,xgboost,824,720,0,0.018167266622185707,0,0.5
4,4,45,xgboost,827,688,0,0.01642768457531929,0,0.5
4,4,45,xgboost,834,569,0,0.026698457077145576,0,0.5
4,4,45,xgboost,838,694,0,0.011361746117472649,0,0.5
4,4,45,xgboost,839,601,0,0.03764549270272255,0,0.5
4,4,45,xgboost,849,620,0,0.007133972365409136,0,0.5
4,4,45,xgboost,850,117,0,0.02257237769663334,0,0.5
4,5,45,dummy_prior,0,109,0,0.06404657933042213,0,0.5
4,5,45,dummy_prior,3,825,0,0.06404657933042213,0,0.5
4,5,45,dummy_prior,7,413,0,0.06404657933042213,0,0.5
4,5,45,dummy_prior,11,450,0,0.06404657933042213,0,0.5
4,5,45,dummy_prior,13,803,0,0.06404657933042213,0,0.5
4,5,45,dummy_prior,15,776,0,0.06404657933042213,0,0.5
4,5,45,dummy_prior,24,774,0,0.06404657933042213,0,0.5
4,5,45,dummy_prior,44,740,1,0.06404657933042213,0,0.5
4,5,45,dummy_prior,46,716,0,0.06404657933042213,0,0.5
4,5,45,dummy_prior,51,715,0,0.06404657933042213,0,0.5
4,5,45,dummy_prior,55,789,0,0.06404657933042213,0,0.5
4,5,45,dummy_prior,59,692,0,0.06404657933042213,0,0.5
4,5,45,dummy_prior,61,697,0,0.06404657933042213,0,0.5
4,5,45,dummy_prior,70,727,0,0.06404657933042213,0,0.5
4,5,45,dummy_prior,71,677,0,0.06404657933042213,0,0.5
4,5,45,dummy_prior,73,685,0,0.06404657933042213,0,0.5
4,5,45,dummy_prior,83,621,0,0.06404657933042213,0,0.5
4,5,45,dummy_prior,88,618,0,0.06404657933042213,0,0.5
4,5,45,dummy_prior,89,632,0,0.06404657933042213,0,0.5
4,5,45,dummy_prior,93,631,1,0.06404657933042213,0,0.5
4,5,45,dummy_prior,94,637,0,0.06404657933042213,0,0.5
4,5,45,dummy_prior,109,612,0,0.06404657933042213,0,0.5
4,5,45,dummy_prior,115,665,0,0.06404657933042213,0,0.5
4,5,45,dummy_prior,130,492,0,0.06404657933042213,0,0.5
4,5,45,dummy_prior,135,465,0,0.06404657933042213,0,0.5
4,5,45,dummy_prior,149,594,0,0.06404657933042213,0,0.5
4,5,45,dummy_prior,154,457,0,0.06404657933042213,0,0.5
4,5,45,dummy_prior,159,463,0,0.06404657933042213,0,0.5
4,5,45,dummy_prior,161,490,0,0.06404657933042213,0,0.5
4,5,45,dummy_prior,166,515,0,0.06404657933042213,0,0.5
4,5,45,dummy_prior,184,411,0,0.06404657933042213,0,0.5
4,5,45,dummy_prior,185,488,1,0.06404657933042213,0,0.5
4,5,45,dummy_prior,190,513,0,0.06404657933042213,0,0.5
4,5,45,dummy_prior,196,505,0,0.06404657933042213,0,0.5
4,5,45,dummy_prior,205,388,1,0.06404657933042213,0,0.5
4,5,45,dummy_prior,219,324,0,0.06404657933042213,0,0.5
4,5,45,dummy_prior,225,511,0,0.06404657933042213,0,0.5
4,5,45,dummy_prior,236,343,0,0.06404657933042213,0,0.5
4,5,45,dummy_prior,239,497,0,0.06404657933042213,0,0.5
4,5,45,dummy_prior,258,245,0,0.06404657933042213,0,0.5
4,5,45,dummy_prior,263,296,0,0.06404657933042213,0,0.5
4,5,45,dummy_prior,265,247,0,0.06404657933042213,0,0.5
4,5,45,dummy_prior,270,211,0,0.06404657933042213,0,0.5
4,5,45,dummy_prior,272,330,0,0.06404657933042213,0,0.5
4,5,45,dummy_prior,273,355,0,0.06404657933042213,0,0.5
4,5,45,dummy_prior,275,237,0,0.06404657933042213,0,0.5
4,5,45,dummy_prior,276,241,0,0.06404657933042213,0,0.5
4,5,45,dummy_prior,277,168,0,0.06404657933042213,0,0.5
4,5,45,dummy_prior,286,240,0,0.06404657933042213,0,0.5
4,5,45,dummy_prior,287,272,0,0.06404657933042213,0,0.5
4,5,45,dummy_prior,289,419,0,0.06404657933042213,0,0.5
4,5,45,dummy_prior,294,288,0,0.06404657933042213,0,0.5
4,5,45,dummy_prior,296,358,0,0.06404657933042213,0,0.5
4,5,45,dummy_prior,299,319,0,0.06404657933042213,0,0.5
4,5,45,dummy_prior,303,386,0,0.06404657933042213,0,0.5
4,5,45,dummy_prior,304,331,0,0.06404657933042213,0,0.5
4,5,45,dummy_prior,305,201,0,0.06404657933042213,0,0.5
4,5,45,dummy_prior,314,215,1,0.06404657933042213,0,0.5
4,5,45,dummy_prior,319,293,0,0.06404657933042213,0,0.5
4,5,45,dummy_prior,328,197,0,0.06404657933042213,0,0.5
4,5,45,dummy_prior,335,525,1,0.06404657933042213,0,0.5
4,5,45,dummy_prior,338,200,0,0.06404657933042213,0,0.5
4,5,45,dummy_prior,340,148,0,0.06404657933042213,0,0.5
4,5,45,dummy_prior,355,140,0,0.06404657933042213,0,0.5
4,5,45,dummy_prior,361,199,0,0.06404657933042213,0,0.5
4,5,45,dummy_prior,366,143,0,0.06404657933042213,0,0.5
4,5,45,dummy_prior,369,82,0,0.06404657933042213,0,0.5
4,5,45,dummy_prior,381,145,0,0.06404657933042213,0,0.5
4,5,45,dummy_prior,384,78,0,0.06404657933042213,0,0.5
4,5,45,dummy_prior,392,120,0,0.06404657933042213,0,0.5
4,5,45,dummy_prior,394,184,0,0.06404657933042213,0,0.5
4,5,45,dummy_prior,395,82,0,0.06404657933042213,0,0.5
4,5,45,dummy_prior,398,115,0,0.06404657933042213,0,0.5
4,5,45,dummy_prior,400,55,0,0.06404657933042213,0,0.5
4,5,45,dummy_prior,402,102,0,0.06404657933042213,0,0.5
4,5,45,dummy_prior,407,57,0,0.06404657933042213,0,0.5
4,5,45,dummy_prior,409,54,0,0.06404657933042213,0,0.5
4,5,45,dummy_prior,420,97,0,0.06404657933042213,0,0.5
4,5,45,dummy_prior,422,89,0,0.06404657933042213,0,0.5
4,5,45,dummy_prior,423,51,0,0.06404657933042213,0,0.5
4,5,45,dummy_prior,424,181,0,0.06404657933042213,0,0.5
4,5,45,dummy_prior,427,161,0,0.06404657933042213,0,0.5
4,5,45,dummy_prior,435,54,0,0.06404657933042213,0,0.5
4,5,45,dummy_prior,439,112,0,0.06404657933042213,0,0.5
4,5,45,dummy_prior,452,46,0,0.06404657933042213,0,0.5
4,5,45,dummy_prior,468,11,0,0.06404657933042213,0,0.5
4,5,45,dummy_prior,472,682,1,0.06404657933042213,0,0.5
4,5,45,dummy_prior,475,154,0,0.06404657933042213,0,0.5
4,5,45,dummy_prior,485,286,0,0.06404657933042213,0,0.5
4,5,45,dummy_prior,491,122,0,0.06404657933042213,0,0.5
4,5,45,dummy_prior,495,405,0,0.06404657933042213,0,0.5
4,5,45,dummy_prior,514,476,0,0.06404657933042213,0,0.5
4,5,45,dummy_prior,515,603,0,0.06404657933042213,0,0.5
4,5,45,dummy_prior,516,174,0,0.06404657933042213,0,0.5
4,5,45,dummy_prior,525,46,0,0.06404657933042213,0,0.5
4,5,45,dummy_prior,526,469,0,0.06404657933042213,0,0.5
4,5,45,dummy_prior,534,93,0,0.06404657933042213,0,0.5
4,5,45,dummy_prior,537,365,0,0.06404657933042213,0,0.5
4,5,45,dummy_prior,538,361,0,0.06404657933042213,0,0.5
4,5,45,dummy_prior,547,385,0,0.06404657933042213,0,0.5
4,5,45,dummy_prior,549,662,1,0.06404657933042213,0,0.5
4,5,45,dummy_prior,550,191,0,0.06404657933042213,0,0.5
4,5,45,dummy_prior,552,105,0,0.06404657933042213,0,0.5
4,5,45,dummy_prior,561,208,0,0.06404657933042213,0,0.5
4,5,45,dummy_prior,562,282,0,0.06404657933042213,0,0.5
4,5,45,dummy_prior,567,383,0,0.06404657933042213,0,0.5
4,5,45,dummy_prior,575,54,0,0.06404657933042213,0,0.5
4,5,45,dummy_prior,577,196,0,0.06404657933042213,0,0.5
4,5,45,dummy_prior,580,55,0,0.06404657933042213,0,0.5
4,5,45,dummy_prior,584,562,0,0.06404657933042213,0,0.5
4,5,45,dummy_prior,586,150,0,0.06404657933042213,0,0.5
4,5,45,dummy_prior,598,54,1,0.06404657933042213,0,0.5
4,5,45,dummy_prior,599,176,0,0.06404657933042213,0,0.5
4,5,45,dummy_prior,608,135,0,0.06404657933042213,0,0.5
4,5,45,dummy_prior,611,311,0,0.06404657933042213,0,0.5
4,5,45,dummy_prior,616,376,0,0.06404657933042213,0,0.5
4,5,45,dummy_prior,617,157,0,0.06404657933042213,0,0.5
4,5,45,dummy_prior,618,130,0,0.06404657933042213,0,0.5
4,5,45,dummy_prior,621,582,0,0.06404657933042213,0,0.5
4,5,45,dummy_prior,626,622,0,0.06404657933042213,0,0.5
4,5,45,dummy_prior,627,280,0,0.06404657933042213,0,0.5
4,5,45,dummy_prior,628,779,0,0.06404657933042213,0,0.5
4,5,45,dummy_prior,631,187,0,0.06404657933042213,0,0.5
4,5,45,dummy_prior,635,714,0,0.06404657933042213,0,0.5
4,5,45,dummy_prior,637,493,0,0.06404657933042213,0,0.5
4,5,45,dummy_prior,643,21,0,0.06404657933042213,0,0.5
4,5,45,dummy_prior,647,277,0,0.06404657933042213,0,0.5
4,5,45,dummy_prior,651,788,0,0.06404657933042213,0,0.5
4,5,45,dummy_prior,653,216,1,0.06404657933042213,0,0.5
4,5,45,dummy_prior,656,294,0,0.06404657933042213,0,0.5
4,5,45,dummy_prior,658,85,0,0.06404657933042213,0,0.5
4,5,45,dummy_prior,659,467,0,0.06404657933042213,0,0.5
4,5,45,dummy_prior,663,310,0,0.06404657933042213,0,0.5
4,5,45,dummy_prior,667,829,0,0.06404657933042213,0,0.5
4,5,45,dummy_prior,674,795,0,0.06404657933042213,0,0.5
4,5,45,dummy_prior,676,828,0,0.06404657933042213,0,0.5
4,5,45,dummy_prior,680,821,0,0.06404657933042213,0,0.5
4,5,45,dummy_prior,695,538,0,0.06404657933042213,0,0.5
4,5,45,dummy_prior,696,138,0,0.06404657933042213,0,0.5
4,5,45,dummy_prior,698,473,0,0.06404657933042213,0,0.5
4,5,45,dummy_prior,699,111,0,0.06404657933042213,0,0.5
4,5,45,dummy_prior,707,231,0,0.06404657933042213,0,0.5
4,5,45,dummy_prior,714,521,0,0.06404657933042213,0,0.5
4,5,45,dummy_prior,717,731,0,0.06404657933042213,0,0.5
4,5,45,dummy_prior,720,427,0,0.06404657933042213,0,0.5
4,5,45,dummy_prior,722,325,0,0.06404657933042213,0,0.5
4,5,45,dummy_prior,723,124,0,0.06404657933042213,0,0.5
4,5,45,dummy_prior,724,554,0,0.06404657933042213,0,0.5
4,5,45,dummy_prior,737,177,0,0.06404657933042213,0,0.5
4,5,45,dummy_prior,747,218,0,0.06404657933042213,0,0.5
4,5,45,dummy_prior,749,541,0,0.06404657933042213,0,0.5
4,5,45,dummy_prior,750,99,0,0.06404657933042213,0,0.5
4,5,45,dummy_prior,756,395,0,0.06404657933042213,0,0.5
4,5,45,dummy_prior,760,44,0,0.06404657933042213,0,0.5
4,5,45,dummy_prior,761,607,0,0.06404657933042213,0,0.5
4,5,45,dummy_prior,770,357,0,0.06404657933042213,0,0.5
4,5,45,dummy_prior,775,455,0,0.06404657933042213,0,0.5
4,5,45,dummy_prior,797,645,1,0.06404657933042213,0,0.5
4,5,45,dummy_prior,805,668,0,0.06404657933042213,0,0.5
4,5,45,dummy_prior,811,48,0,0.06404657933042213,0,0.5
4,5,45,dummy_prior,815,549,0,0.06404657933042213,0,0.5
4,5,45,dummy_prior,818,700,0,0.06404657933042213,0,0.5
4,5,45,dummy_prior,819,2,0,0.06404657933042213,0,0.5
4,5,45,dummy_prior,822,726,0,0.06404657933042213,0,0.5
4,5,45,dummy_prior,825,794,0,0.06404657933042213,0,0.5
4,5,45,dummy_prior,830,699,0,0.06404657933042213,0,0.5
4,5,45,dummy_prior,831,777,0,0.06404657933042213,0,0.5
4,5,45,dummy_prior,832,561,0,0.06404657933042213,0,0.5
4,5,45,dummy_prior,835,332,0,0.06404657933042213,0,0.5
4,5,45,dummy_prior,845,132,0,0.06404657933042213,0,0.5
4,5,45,dummy_prior,852,800,0,0.06404657933042213,0,0.5
4,5,45,logistic_regression,0,109,0,0.29195901242373906,0,0.5
4,5,45,logistic_regression,3,825,0,0.4401700312715171,0,0.5
4,5,45,logistic_regression,7,413,0,0.20621699857410378,0,0.5
4,5,45,logistic_regression,11,450,0,0.2761169781740259,0,0.5
4,5,45,logistic_regression,13,803,0,0.2104434899632875,0,0.5
4,5,45,logistic_regression,15,776,0,0.26307417907961594,0,0.5
4,5,45,logistic_regression,24,774,0,0.2875231221250223,0,0.5
4,5,45,logistic_regression,44,740,1,0.808393625064387,1,0.5
4,5,45,logistic_regression,46,716,0,0.19854046145943835,0,0.5
4,5,45,logistic_regression,51,715,0,0.256593784497012,0,0.5
4,5,45,logistic_regression,55,789,0,0.31051163338241033,0,0.5
4,5,45,logistic_regression,59,692,0,0.3748821954177322,0,0.5
4,5,45,logistic_regression,61,697,0,0.30494683411584883,0,0.5
4,5,45,logistic_regression,70,727,0,0.2869246450246638,0,0.5
4,5,45,logistic_regression,71,677,0,0.1851764769517967,0,0.5
4,5,45,logistic_regression,73,685,0,0.24412263961109787,0,0.5
4,5,45,logistic_regression,83,621,0,0.2657032138610968,0,0.5
4,5,45,logistic_regression,88,618,0,0.27629743982574756,0,0.5
4,5,45,logistic_regression,89,632,0,0.1784367938964153,0,0.5
4,5,45,logistic_regression,93,631,1,0.8748654208522895,1,0.5
4,5,45,logistic_regression,94,637,0,0.2793602935078779,0,0.5
4,5,45,logistic_regression,109,612,0,0.22045749691164077,0,0.5
4,5,45,logistic_regression,115,665,0,0.28820615920696996,0,0.5
4,5,45,logistic_regression,130,492,0,0.30200955320558004,0,0.5
4,5,45,logistic_regression,135,465,0,0.27458254714198826,0,0.5
4,5,45,logistic_regression,149,594,0,0.2782520413977556,0,0.5
4,5,45,logistic_regression,154,457,0,0.2935801509886936,0,0.5
4,5,45,logistic_regression,159,463,0,0.2577678736072098,0,0.5
4,5,45,logistic_regression,161,490,0,0.26307316163552874,0,0.5
4,5,45,logistic_regression,166,515,0,0.24572826427743383,0,0.5
4,5,45,logistic_regression,184,411,0,0.2464120303615554,0,0.5
4,5,45,logistic_regression,185,488,1,0.9499233269112601,1,0.5
4,5,45,logistic_regression,190,513,0,0.29919315605494273,0,0.5
4,5,45,logistic_regression,196,505,0,0.279347597200213,0,0.5
4,5,45,logistic_regression,205,388,1,0.9758642858314709,1,0.5
4,5,45,logistic_regression,219,324,0,0.28460955727035286,0,0.5
4,5,45,logistic_regression,225,511,0,0.2750530511916152,0,0.5
4,5,45,logistic_regression,236,343,0,0.41402049208942926,0,0.5
4,5,45,logistic_regression,239,497,0,0.3048230376399175,0,0.5
4,5,45,logistic_regression,258,245,0,0.2832081577003625,0,0.5
4,5,45,logistic_regression,263,296,0,0.3317962890348522,0,0.5
4,5,45,logistic_regression,265,247,0,0.3211056062723487,0,0.5
4,5,45,logistic_regression,270,211,0,0.25833077236193036,0,0.5
4,5,45,logistic_regression,272,330,0,0.27271677992259635,0,0.5
4,5,45,logistic_regression,273,355,0,0.2860800044994031,0,0.5
4,5,45,logistic_regression,275,237,0,0.7978467477473743,1,0.5
4,5,45,logistic_regression,276,241,0,0.2926390658486756,0,0.5
4,5,45,logistic_regression,277,168,0,0.25036984591570394,0,0.5
4,5,45,logistic_regression,286,240,0,0.2998546366639484,0,0.5
4,5,45,logistic_regression,287,272,0,0.29302948413489943,0,0.5
4,5,45,logistic_regression,289,419,0,0.29428094583973186,0,0.5
4,5,45,logistic_regression,294,288,0,0.2639628107397671,0,0.5
4,5,45,logistic_regression,296,358,0,0.26945852836846895,0,0.5
4,5,45,logistic_regression,299,319,0,0.22814043508718676,0,0.5
4,5,45,logistic_regression,303,386,0,0.2919796660459407,0,0.5
4,5,45,logistic_regression,304,331,0,0.20750728822556283,0,0.5
4,5,45,logistic_regression,305,201,0,0.30707357312560574,0,0.5
4,5,45,logistic_regression,314,215,1,0.9333184974257963,1,0.5
4,5,45,logistic_regression,319,293,0,0.22261109695505352,0,0.5
4,5,45,logistic_regression,328,197,0,0.25259774294327625,0,0.5
4,5,45,logistic_regression,335,525,1,0.961046930497379,1,0.5
4,5,45,logistic_regression,338,200,0,0.3071698447646318,0,0.5
4,5,45,logistic_regression,340,148,0,0.2623540030722103,0,0.5
4,5,45,logistic_regression,355,140,0,0.43531271593167825,0,0.5
4,5,45,logistic_regression,361,199,0,0.27242185115936846,0,0.5
4,5,45,logistic_regression,366,143,0,0.28179541799177404,0,0.5
4,5,45,logistic_regression,369,82,0,0.2580312891689565,0,0.5
4,5,45,logistic_regression,381,145,0,0.2580502935590061,0,0.5
4,5,45,logistic_regression,384,78,0,0.3773775665705868,0,0.5
4,5,45,logistic_regression,392,120,0,0.27026891196646624,0,0.5
4,5,45,logistic_regression,394,184,0,0.40418923591812395,0,0.5
4,5,45,logistic_regression,395,82,0,0.2580312891689565,0,0.5
4,5,45,logistic_regression,398,115,0,0.22752393901339021,0,0.5
4,5,45,logistic_regression,400,55,0,0.27852986550038933,0,0.5
4,5,45,logistic_regression,402,102,0,0.28266290733017285,0,0.5
4,5,45,logistic_regression,407,57,0,0.9642643480509377,1,0.5
4,5,45,logistic_regression,409,54,0,0.28305968027248163,0,0.5
4,5,45,logistic_regression,420,97,0,0.2646282831442275,0,0.5
4,5,45,logistic_regression,422,89,0,0.6209088441754422,1,0.5
4,5,45,logistic_regression,423,51,0,0.3070005457970479,0,0.5
4,5,45,logistic_regression,424,181,0,0.6070384577263369,1,0.5
4,5,45,logistic_regression,427,161,0,0.2667126493820885,0,0.5
4,5,45,logistic_regression,435,54,0,0.28305968027248163,0,0.5
4,5,45,logistic_regression,439,112,0,0.5414898051722761,1,0.5
4,5,45,logistic_regression,452,46,0,0.23543248227243843,0,0.5
4,5,45,logistic_regression,468,11,0,0.24247458507454286,0,0.5
4,5,45,logistic_regression,472,682,1,0.9344183490277586,1,0.5
4,5,45,logistic_regression,475,154,0,0.2978552611881562,0,0.5
4,5,45,logistic_regression,485,286,0,0.2801763155069836,0,0.5
4,5,45,logistic_regression,491,122,0,0.2597020105910723,0,0.5
4,5,45,logistic_regression,495,405,0,0.2317000872780043,0,0.5
4,5,45,logistic_regression,514,476,0,0.246914083200549,0,0.5
4,5,45,logistic_regression,515,603,0,0.3084294781748397,0,0.5
4,5,45,logistic_regression,516,174,0,0.2700614134394706,0,0.5
4,5,45,logistic_regression,525,46,0,0.23543248227243843,0,0.5
4,5,45,logistic_regression,526,469,0,0.27646747711075725,0,0.5
4,5,45,logistic_regression,534,93,0,0.27108083142098094,0,0.5
4,5,45,logistic_regression,537,365,0,0.3297828311682364,0,0.5
4,5,45,logistic_regression,538,361,0,0.2679942688234282,0,0.5
4,5,45,logistic_regression,547,385,0,0.24486748760087076,0,0.5
4,5,45,logistic_regression,549,662,1,0.7899023687751631,1,0.5
4,5,45,logistic_regression,550,191,0,0.2924742698613721,0,0.5
4,5,45,logistic_regression,552,105,0,0.1797989208747722,0,0.5
4,5,45,logistic_regression,561,208,0,0.28067396025344643,0,0.5
4,5,45,logistic_regression,562,282,0,0.28945412732581044,0,0.5
4,5,45,logistic_regression,567,383,0,0.27645429110153175,0,0.5
4,5,45,logistic_regression,575,54,0,0.28305968027248163,0,0.5
4,5,45,logistic_regression,577,196,0,0.8175419343877723,1,0.5
4,5,45,logistic_regression,580,55,0,0.27852986550038933,0,0.5
4,5,45,logistic_regression,584,562,0,0.2543425138243758,0,0.5
4,5,45,logistic_regression,586,150,0,0.2757307785811351,0,0.5
4,5,45,logistic_regression,598,54,1,0.9376859582224453,1,0.5
4,5,45,logistic_regression,599,176,0,0.2894235677404912,0,0.5
4,5,45,logistic_regression,608,135,0,0.27119122097116477,0,0.5
4,5,45,logistic_regression,611,311,0,0.48763167439089755,0,0.5
4,5,45,logistic_regression,616,376,0,0.29202715702768717,0,0.5
4,5,45,logistic_regression,617,157,0,0.24257125703650778,0,0.5
4,5,45,logistic_regression,618,130,0,0.27706194881079466,0,0.5
4,5,45,logistic_regression,621,582,0,0.3040027988573718,0,0.5
4,5,45,logistic_regression,626,622,0,0.2719091228952673,0,0.5
4,5,45,logistic_regression,627,280,0,0.2937900167216482,0,0.5
4,5,45,logistic_regression,628,779,0,0.3203629607127793,0,0.5
4,5,45,logistic_regression,631,187,0,0.32205113547933883,0,0.5
4,5,45,logistic_regression,635,714,0,0.29758721866203325,0,0.5
4,5,45,logistic_regression,637,493,0,0.30291739909042986,0,0.5
4,5,45,logistic_regression,643,21,0,0.5709837221061523,1,0.5
4,5,45,logistic_regression,647,277,0,0.2742412942316267,0,0.5
4,5,45,logistic_regression,651,788,0,0.3052058682959509,0,0.5
4,5,45,logistic_regression,653,216,1,0.7071583875680925,1,0.5
4,5,45,logistic_regression,656,294,0,0.26286772425392924,0,0.5
4,5,45,logistic_regression,658,85,0,0.29483597337764816,0,0.5
4,5,45,logistic_regression,659,467,0,0.28908201909979164,0,0.5
4,5,45,logistic_regression,663,310,0,0.27821204385999543,0,0.5
4,5,45,logistic_regression,667,829,0,0.2709859260818478,0,0.5
4,5,45,logistic_regression,674,795,0,0.37058468793268906,0,0.5
4,5,45,logistic_regression,676,828,0,0.2200761779349434,0,0.5
4,5,45,logistic_regression,680,821,0,0.27457687354706933,0,0.5
4,5,45,logistic_regression,695,538,0,0.3306358231267905,0,0.5
4,5,45,logistic_regression,696,138,0,0.33084992018695464,0,0.5
4,5,45,logistic_regression,698,473,0,0.3520366020314342,0,0.5
4,5,45,logistic_regression,699,111,0,0.4084248362084981,0,0.5
4,5,45,logistic_regression,707,231,0,0.33131938931728155,0,0.5
4,5,45,logistic_regression,714,521,0,0.2692940321358361,0,0.5
4,5,45,logistic_regression,717,731,0,0.28795806664102186,0,0.5
4,5,45,logistic_regression,720,427,0,0.26535399227823014,0,0.5
4,5,45,logistic_regression,722,325,0,0.31288843452807474,0,0.5
4,5,45,logistic_regression,723,124,0,0.29151375236110033,0,0.5
4,5,45,logistic_regression,724,554,0,0.2303466546876215,0,0.5
4,5,45,logistic_regression,737,177,0,0.2839999095608219,0,0.5
4,5,45,logistic_regression,747,218,0,0.25241358417096454,0,0.5
4,5,45,logistic_regression,749,541,0,0.3442675860736771,0,0.5
4,5,45,logistic_regression,750,99,0,0.927644158892932,1,0.5
4,5,45,logistic_regression,756,395,0,0.8067955016986571,1,0.5
4,5,45,logistic_regression,760,44,0,0.3806834176180541,0,0.5
4,5,45,logistic_regression,761,607,0,0.2614004543935802,0,0.5
4,5,45,logistic_regression,770,357,0,0.18145636578714727,0,0.5
4,5,45,logistic_regression,775,455,0,0.470627689775838,0,0.5
4,5,45,logistic_regression,797,645,1,0.964241589027876,1,0.5
4,5,45,logistic_regression,805,668,0,0.34089717523419544,0,0.5
4,5,45,logistic_regression,811,48,0,0.3390553108051816,0,0.5
4,5,45,logistic_regression,815,549,0,0.32955870044691943,0,0.5
4,5,45,logistic_regression,818,700,0,0.32650063729117956,0,0.5
4,5,45,logistic_regression,819,2,0,0.2212544428714442,0,0.5
4,5,45,logistic_regression,822,726,0,0.33873548302221446,0,0.5
4,5,45,logistic_regression,825,794,0,0.2569898920095976,0,0.5
4,5,45,logistic_regression,830,699,0,0.3027911543503255,0,0.5
4,5,45,logistic_regression,831,777,0,0.3359808652988006,0,0.5
4,5,45,logistic_regression,832,561,0,0.24136889908678733,0,0.5
4,5,45,logistic_regression,835,332,0,0.2702813504045669,0,0.5
4,5,45,logistic_regression,845,132,0,0.28712439916180504,0,0.5
4,5,45,logistic_regression,852,800,0,0.27281283395289885,0,0.5
4,5,45,xgboost,0,109,0,0.025075767189264297,0,0.5
4,5,45,xgboost,3,825,0,0.07521818578243256,0,0.5
4,5,45,xgboost,7,413,0,0.0011485365685075521,0,0.5
4,5,45,xgboost,11,450,0,0.005228858906775713,0,0.5
4,5,45,xgboost,13,803,0,0.0013590662274509668,0,0.5
4,5,45,xgboost,15,776,0,0.0076584601774811745,0,0.5
4,5,45,xgboost,24,774,0,0.0024532799143344164,0,0.5
4,5,45,xgboost,44,740,1,0.8756953477859497,1,0.5
4,5,45,xgboost,46,716,0,0.00206420267932117,0,0.5
4,5,45,xgboost,51,715,0,0.003232361748814583,0,0.5
4,5,45,xgboost,55,789,0,0.008728105574846268,0,0.5
4,5,45,xgboost,59,692,0,0.005726541858166456,0,0.5
4,5,45,xgboost,61,697,0,0.0058010658249258995,0,0.5
4,5,45,xgboost,70,727,0,0.007597365416586399,0,0.5
4,5,45,xgboost,71,677,0,0.0016401181928813457,0,0.5
4,5,45,xgboost,73,685,0,0.0019571054726839066,0,0.5
4,5,45,xgboost,83,621,0,0.0033144396729767323,0,0.5
4,5,45,xgboost,88,618,0,0.002856586826965213,0,0.5
4,5,45,xgboost,89,632,0,0.0031088620889931917,0,0.5
4,5,45,xgboost,93,631,1,0.8943403363227844,1,0.5
4,5,45,xgboost,94,637,0,0.003762574400752783,0,0.5
4,5,45,xgboost,109,612,0,0.0015811251942068338,0,0.5
4,5,45,xgboost,115,665,0,0.005602189339697361,0,0.5
4,5,45,xgboost,130,492,0,0.008183922618627548,0,0.5
4,5,45,xgboost,135,465,0,0.006947603542357683,0,0.5
4,5,45,xgboost,149,594,0,0.0025670118629932404,0,0.5
4,5,45,xgboost,154,457,0,0.006653562653809786,0,0.5
4,5,45,xgboost,159,463,0,0.005164932459592819,0,0.5
4,5,45,xgboost,161,490,0,0.010030971840023994,0,0.5
4,5,45,xgboost,166,515,0,0.004073393996804953,0,0.5
4,5,45,xgboost,184,411,0,0.014688339084386826,0,0.5
4,5,45,xgboost,185,488,1,0.9710928797721863,1,0.5
4,5,45,xgboost,190,513,0,0.041746385395526886,0,0.5
4,5,45,xgboost,196,505,0,0.02127915248274803,0,0.5
4,5,45,xgboost,205,388,1,0.9722331166267395,1,0.5
4,5,45,xgboost,219,324,0,0.0024792016483843327,0,0.5
4,5,45,xgboost,225,511,0,0.028648242354393005,0,0.5
4,5,45,xgboost,236,343,0,0.00630482193082571,0,0.5
4,5,45,xgboost,239,497,0,0.008043655194342136,0,0.5
4,5,45,xgboost,258,245,0,0.246963232755661,0,0.5
4,5,45,xgboost,263,296,0,0.020236710086464882,0,0.5
4,5,45,xgboost,265,247,0,0.05585961788892746,0,0.5
4,5,45,xgboost,270,211,0,0.028957104310393333,0,0.5
4,5,45,xgboost,272,330,0,0.0030545885674655437,0,0.5
4,5,45,xgboost,273,355,0,0.010337090119719505,0,0.5
4,5,45,xgboost,275,237,0,0.9804288148880005,1,0.5
4,5,45,xgboost,276,241,0,0.048374392092227936,0,0.5
4,5,45,xgboost,277,168,0,0.10328635573387146,0,0.5
4,5,45,xgboost,286,240,0,0.05816998705267906,0,0.5
4,5,45,xgboost,287,272,0,0.012660364620387554,0,0.5
4,5,45,xgboost,289,419,0,0.0068020946346223354,0,0.5
4,5,45,xgboost,294,288,0,0.005355639848858118,0,0.5
4,5,45,xgboost,296,358,0,0.00795307382941246,0,0.5
4,5,45,xgboost,299,319,0,0.0030781589448451996,0,0.5
4,5,45,xgboost,303,386,0,0.006078412290662527,0,0.5
4,5,45,xgboost,304,331,0,0.002435550792142749,0,0.5
4,5,45,xgboost,305,201,0,0.13811177015304565,0,0.5
4,5,45,xgboost,314,215,1,0.9212411046028137,1,0.5
4,5,45,xgboost,319,293,0,0.00224467646330595,0,0.5
4,5,45,xgboost,328,197,0,0.03961363434791565,0,0.5
4,5,45,xgboost,335,525,1,0.9787302613258362,1,0.5
4,5,45,xgboost,338,200,0,0.15181805193424225,0,0.5
4,5,45,xgboost,340,148,0,0.02727414295077324,0,0.5
4,5,45,xgboost,355,140,0,0.4135461449623108,0,0.5
4,5,45,xgboost,361,199,0,0.12929660081863403,0,0.5
4,5,45,xgboost,366,143,0,0.11796170473098755,0,0.5
4,5,45,xgboost,369,82,0,0.034372247755527496,0,0.5
4,5,45,xgboost,381,145,0,0.01771632209420204,0,0.5
4,5,45,xgboost,384,78,0,0.03825973719358444,0,0.5
4,5,45,xgboost,392,120,0,0.018986735492944717,0,0.5
4,5,45,xgboost,394,184,0,0.15640155971050262,0,0.5
4,5,45,xgboost,395,82,0,0.034372247755527496,0,0.5
4,5,45,xgboost,398,115,0,0.012760112062096596,0,0.5
4,5,45,xgboost,400,55,0,0.02559717558324337,0,0.5
4,5,45,xgboost,402,102,0,0.02947097271680832,0,0.5
4,5,45,xgboost,407,57,0,0.8164488673210144,1,0.5
4,5,45,xgboost,409,54,0,0.006288197822868824,0,0.5
4,5,45,xgboost,420,97,0,0.14985291659832,0,0.5
4,5,45,xgboost,422,89,0,0.16342028975486755,0,0.5
4,5,45,xgboost,423,51,0,0.011976001784205437,0,0.5
4,5,45,xgboost,424,181,0,0.44535988569259644,0,0.5
4,5,45,xgboost,427,161,0,0.030360756441950798,0,0.5
4,5,45,xgboost,435,54,0,0.006288197822868824,0,0.5
4,5,45,xgboost,439,112,0,0.09636259078979492,0,0.5
4,5,45,xgboost,452,46,0,0.0033561012241989374,0,0.5
4,5,45,xgboost,468,11,0,0.013506329618394375,0,0.5
4,5,45,xgboost,472,682,1,0.9035285115242004,1,0.5
4,5,45,xgboost,475,154,0,0.019888946786522865,0,0.5
4,5,45,xgboost,485,286,0,0.005355639848858118,0,0.5
4,5,45,xgboost,491,122,0,0.018178684636950493,0,0.5
4,5,45,xgboost,495,405,0,0.002548470161855221,0,0.5
4,5,45,xgboost,514,476,0,0.00939685944467783,0,0.5
4,5,45,xgboost,515,603,0,0.008322871290147305,0,0.5
4,5,45,xgboost,516,174,0,0.03286370262503624,0,0.5
4,5,45,xgboost,525,46,0,0.0033561012241989374,0,0.5
4,5,45,xgboost,526,469,0,0.017754286527633667,0,0.5
4,5,45,xgboost,534,93,0,0.02057189866900444,0,0.5
4,5,45,xgboost,537,365,0,0.008100079372525215,0,0.5
4,5,45,xgboost,538,361,0,0.008088119328022003,0,0.5
4,5,45,xgboost,547,385,0,0.0029321706388145685,0,0.5
4,5,45,xgboost,549,662,1,0.5752007961273193,1,0.5
4,5,45,xgboost,550,191,0,0.06250455230474472,0,0.5
4,5,45,xgboost,552,105,0,0.013763955794274807,0,0.5
4,5,45,xgboost,561,208,0,0.14772069454193115,0,0.5
4,5,45,xgboost,562,282,0,0.003290315391495824,0,0.5
4,5,45,xgboost,567,383,0,0.005950831808149815,0,0.5
4,5,45,xgboost,575,54,0,0.006288197822868824,0,0.5
4,5,45,xgboost,577,196,0,0.9454105496406555,1,0.5
4,5,45,xgboost,580,55,0,0.02559717558324337,0,0.5
4,5,45,xgboost,584,562,0,0.00521948654204607,0,0.5
4,5,45,xgboost,586,150,0,0.01152604166418314,0,0.5
4,5,45,xgboost,598,54,1,0.7832070589065552,1,0.5
4,5,45,xgboost,599,176,0,0.025426020845770836,0,0.5
4,5,45,xgboost,608,135,0,0.01368423830717802,0,0.5
4,5,45,xgboost,611,311,0,0.026401018723845482,0,0.5
4,5,45,xgboost,616,376,0,0.0020395340397953987,0,0.5
4,5,45,xgboost,617,157,0,0.14985291659832,0,0.5
4,5,45,xgboost,618,130,0,0.08745842427015305,0,0.5
4,5,45,xgboost,621,582,0,0.002578537445515394,0,0.5
4,5,45,xgboost,626,622,0,0.004378801211714745,0,0.5
4,5,45,xgboost,627,280,0,0.004022136330604553,0,0.5
4,5,45,xgboost,628,779,0,0.00276770512573421,0,0.5
4,5,45,xgboost,631,187,0,0.1241404339671135,0,0.5
4,5,45,xgboost,635,714,0,0.0021091820672154427,0,0.5
4,5,45,xgboost,637,493,0,0.009040309116244316,0,0.5
4,5,45,xgboost,643,21,0,0.023111237213015556,0,0.5
4,5,45,xgboost,647,277,0,0.013358653523027897,0,0.5
4,5,45,xgboost,651,788,0,0.003092482453212142,0,0.5
4,5,45,xgboost,653,216,1,0.19935214519500732,0,0.5
4,5,45,xgboost,656,294,0,0.0034540717024356127,0,0.5
4,5,45,xgboost,658,85,0,0.029741622507572174,0,0.5
4,5,45,xgboost,659,467,0,0.02906830608844757,0,0.5
4,5,45,xgboost,663,310,0,0.0058095091953873634,0,0.5
4,5,45,xgboost,667,829,0,0.004491468891501427,0,0.5
4,5,45,xgboost,674,795,0,0.008479969576001167,0,0.5
4,5,45,xgboost,676,828,0,0.00413453159853816,0,0.5
4,5,45,xgboost,680,821,0,0.008817428722977638,0,0.5
4,5,45,xgboost,695,538,0,0.008094989694654942,0,0.5
4,5,45,xgboost,696,138,0,0.018781675025820732,0,0.5
4,5,45,xgboost,698,473,0,0.009956670925021172,0,0.5
4,5,45,xgboost,699,111,0,0.07418821007013321,0,0.5
4,5,45,xgboost,707,231,0,0.09813541918992996,0,0.5
4,5,45,xgboost,714,521,0,0.004164471756666899,0,0.5
4,5,45,xgboost,717,731,0,0.006668984889984131,0,0.5
4,5,45,xgboost,720,427,0,0.0037474012933671474,0,0.5
4,5,45,xgboost,722,325,0,0.019878823310136795,0,0.5
4,5,45,xgboost,723,124,0,0.023608915507793427,0,0.5
4,5,45,xgboost,724,554,0,0.005020451731979847,0,0.5
4,5,45,xgboost,737,177,0,0.06420749425888062,0,0.5
4,5,45,xgboost,747,218,0,0.028957104310393333,0,0.5
4,5,45,xgboost,749,541,0,0.029142362996935844,0,0.5
4,5,45,xgboost,750,99,0,0.8883876204490662,1,0.5
4,5,45,xgboost,756,395,0,0.5955552458763123,1,0.5
4,5,45,xgboost,760,44,0,0.011843339540064335,0,0.5
4,5,45,xgboost,761,607,0,0.0019327013287693262,0,0.5
4,5,45,xgboost,770,357,0,0.012988694943487644,0,0.5
4,5,45,xgboost,775,455,0,0.015945041552186012,0,0.5
4,5,45,xgboost,797,645,1,0.9469760060310364,1,0.5
4,5,45,xgboost,805,668,0,0.003830852685496211,0,0.5
4,5,45,xgboost,811,48,0,0.03837697207927704,0,0.5
4,5,45,xgboost,815,549,0,0.004836950916796923,0,0.5
4,5,45,xgboost,818,700,0,0.004212036728858948,0,0.5
4,5,45,xgboost,819,2,0,0.014898999594151974,0,0.5
4,5,45,xgboost,822,726,0,0.0056932903826236725,0,0.5
4,5,45,xgboost,825,794,0,0.0035844759549945593,0,0.5
4,5,45,xgboost,830,699,0,0.0061330185271799564,0,0.5
4,5,45,xgboost,831,777,0,0.0061933426186442375,0,0.5
4,5,45,xgboost,832,561,0,0.008196216076612473,0,0.5
4,5,45,xgboost,835,332,0,0.015218020416796207,0,0.5
4,5,45,xgboost,845,132,0,0.01669895648956299,0,0.5
4,5,45,xgboost,852,800,0,0.0022893580608069897,0,0.5
5,1,46,dummy_prior,1,7,0,0.0641399416909621,0,0.5
5,1,46,dummy_prior,8,809,0,0.0641399416909621,0,0.5
5,1,46,dummy_prior,18,792,0,0.0641399416909621,0,0.5
5,1,46,dummy_prior,21,783,0,0.0641399416909621,0,0.5
5,1,46,dummy_prior,22,766,1,0.0641399416909621,0,0.5
5,1,46,dummy_prior,29,745,0,0.0641399416909621,0,0.5
5,1,46,dummy_prior,36,760,0,0.0641399416909621,0,0.5
5,1,46,dummy_prior,39,719,0,0.0641399416909621,0,0.5
5,1,46,dummy_prior,40,746,0,0.0641399416909621,0,0.5
5,1,46,dummy_prior,44,740,1,0.0641399416909621,0,0.5
5,1,46,dummy_prior,62,679,0,0.0641399416909621,0,0.5
5,1,46,dummy_prior,65,736,0,0.0641399416909621,0,0.5
5,1,46,dummy_prior,73,685,0,0.0641399416909621,0,0.5
5,1,46,dummy_prior,82,615,0,0.0641399416909621,0,0.5
5,1,46,dummy_prior,87,703,0,0.0641399416909621,0,0.5
5,1,46,dummy_prior,95,604,0,0.0641399416909621,0,0.5
5,1,46,dummy_prior,99,641,0,0.0641399416909621,0,0.5
5,1,46,dummy_prior,106,577,0,0.0641399416909621,0,0.5
5,1,46,dummy_prior,107,653,0,0.0641399416909621,0,0.5
5,1,46,dummy_prior,110,619,0,0.0641399416909621,0,0.5
5,1,46,dummy_prior,111,626,0,0.0641399416909621,0,0.5
5,1,46,dummy_prior,112,573,0,0.0641399416909621,0,0.5
5,1,46,dummy_prior,123,542,0,0.0641399416909621,0,0.5
5,1,46,dummy_prior,124,571,0,0.0641399416909621,0,0.5
5,1,46,dummy_prior,131,581,1,0.0641399416909621,0,0.5
5,1,46,dummy_prior,133,651,0,0.0641399416909621,0,0.5
5,1,46,dummy_prior,135,465,0,0.0641399416909621,0,0.5
5,1,46,dummy_prior,150,489,0,0.0641399416909621,0,0.5
5,1,46,dummy_prior,154,457,0,0.0641399416909621,0,0.5
5,1,46,dummy_prior,155,507,0,0.0641399416909621,0,0.5
5,1,46,dummy_prior,156,448,0,0.0641399416909621,0,0.5
5,1,46,dummy_prior,163,509,1,0.0641399416909621,0,0.5
5,1,46,dummy_prior,164,546,0,0.0641399416909621,0,0.5
5,1,46,dummy_prior,170,434,0,0.0641399416909621,0,0.5
5,1,46,dummy_prior,175,412,0,0.0641399416909621,0,0.5
5,1,46,dummy_prior,177,468,0,0.0641399416909621,0,0.5
5,1,46,dummy_prior,178,472,0,0.0641399416909621,0,0.5
5,1,46,dummy_prior,180,414,0,0.0641399416909621,0,0.5
5,1,46,dummy_prior,189,380,0,0.0641399416909621,0,0.5
5,1,46,dummy_prior,200,443,0,0.0641399416909621,0,0.5
5,1,46,dummy_prior,202,454,0,0.0641399416909621,0,0.5
5,1,46,dummy_prior,207,437,0,0.0641399416909621,0,0.5
5,1,46,dummy_prior,208,470,0,0.0641399416909621,0,0.5
5,1,46,dummy_prior,211,453,0,0.0641399416909621,0,0.5
5,1,46,dummy_prior,212,431,0,0.0641399416909621,0,0.5
5,1,46,dummy_prior,215,372,0,0.0641399416909621,0,0.5
5,1,46,dummy_prior,217,408,0,0.0641399416909621,0,0.5
5,1,46,dummy_prior,218,503,0,0.0641399416909621,0,0.5
5,1,46,dummy_prior,232,316,0,0.0641399416909621,0,0.5
5,1,46,dummy_prior,236,343,0,0.0641399416909621,0,0.5
5,1,46,dummy_prior,243,402,0,0.0641399416909621,0,0.5
5,1,46,dummy_prior,245,253,0,0.0641399416909621,0,0.5
5,1,46,dummy_prior,248,381,0,0.0641399416909621,0,0.5
5,1,46,dummy_prior,249,270,0,0.0641399416909621,0,0.5
5,1,46,dummy_prior,251,284,0,0.0641399416909621,0,0.5
5,1,46,dummy_prior,253,279,0,0.0641399416909621,0,0.5
5,1,46,dummy_prior,263,296,0,0.0641399416909621,0,0.5
5,1,46,dummy_prior,267,265,0,0.0641399416909621,0,0.5
5,1,46,dummy_prior,272,330,0,0.0641399416909621,0,0.5
5,1,46,dummy_prior,278,267,0,0.0641399416909621,0,0.5
5,1,46,dummy_prior,285,430,0,0.0641399416909621,0,0.5
5,1,46,dummy_prior,289,419,0,0.0641399416909621,0,0.5
5,1,46,dummy_prior,294,288,0,0.0641399416909621,0,0.5
5,1,46,dummy_prior,305,201,0,0.0641399416909621,0,0.5
5,1,46,dummy_prior,316,348,0,0.0641399416909621,0,0.5
5,1,46,dummy_prior,317,170,0,0.0641399416909621,0,0.5
5,1,46,dummy_prior,324,654,0,0.0641399416909621,0,0.5
5,1,46,dummy_prior,326,217,0,0.0641399416909621,0,0.5
5,1,46,dummy_prior,327,173,0,0.0641399416909621,0,0.5
5,1,46,dummy_prior,331,446,0,0.0641399416909621,0,0.5
5,1,46,dummy_prior,333,274,0,0.0641399416909621,0,0.5
5,1,46,dummy_prior,341,121,0,0.0641399416909621,0,0.5
5,1,46,dummy_prior,342,228,0,0.0641399416909621,0,0.5
5,1,46,dummy_prior,351,155,0,0.0641399416909621,0,0.5
5,1,46,dummy_prior,366,143,0,0.0641399416909621,0,0.5
5,1,46,dummy_prior,374,243,0,0.0641399416909621,0,0.5
5,1,46,dummy_prior,381,145,0,0.0641399416909621,0,0.5
5,1,46,dummy_prior,383,134,1,0.0641399416909621,0,0.5
5,1,46,dummy_prior,385,234,0,0.0641399416909621,0,0.5
5,1,46,dummy_prior,391,69,0,0.0641399416909621,0,0.5
5,1,46,dummy_prior,403,64,0,0.0641399416909621,0,0.5
5,1,46,dummy_prior,413,698,0,0.0641399416909621,0,0.5
5,1,46,dummy_prior,417,158,0,0.0641399416909621,0,0.5
5,1,46,dummy_prior,422,89,0,0.0641399416909621,0,0.5
5,1,46,dummy_prior,425,35,0,0.0641399416909621,0,0.5
5,1,46,dummy_prior,432,600,0,0.0641399416909621,0,0.5
5,1,46,dummy_prior,434,192,1,0.0641399416909621,0,0.5
5,1,46,dummy_prior,437,26,0,0.0641399416909621,0,0.5
5,1,46,dummy_prior,440,7,0,0.0641399416909621,0,0.5
5,1,46,dummy_prior,442,26,0,0.0641399416909621,0,0.5
5,1,46,dummy_prior,446,107,0,0.0641399416909621,0,0.5
5,1,46,dummy_prior,452,46,0,0.0641399416909621,0,0.5
5,1,46,dummy_prior,454,7,0,0.0641399416909621,0,0.5
5,1,46,dummy_prior,457,18,0,0.0641399416909621,0,0.5
5,1,46,dummy_prior,458,35,0,0.0641399416909621,0,0.5
5,1,46,dummy_prior,459,3,0,0.0641399416909621,0,0.5
5,1,46,dummy_prior,463,1,0,0.0641399416909621,0,0.5
5,1,46,dummy_prior,465,43,0,0.0641399416909621,0,0.5
5,1,46,dummy_prior,466,7,0,0.0641399416909621,0,0.5
5,1,46,dummy_prior,481,608,0,0.0641399416909621,0,0.5
5,1,46,dummy_prior,484,371,0,0.0641399416909621,0,0.5
5,1,46,dummy_prior,489,151,0,0.0641399416909621,0,0.5
5,1,46,dummy_prior,498,663,0,0.0641399416909621,0,0.5
5,1,46,dummy_prior,515,603,0,0.0641399416909621,0,0.5
5,1,46,dummy_prior,517,514,0,0.0641399416909621,0,0.5
5,1,46,dummy_prior,519,123,0,0.0641399416909621,0,0.5
5,1,46,dummy_prior,524,628,0,0.0641399416909621,0,0.5
5,1,46,dummy_prior,525,46,0,0.0641399416909621,0,0.5
5,1,46,dummy_prior,526,469,0,0.0641399416909621,0,0.5
5,1,46,dummy_prior,531,119,0,0.0641399416909621,0,0.5
5,1,46,dummy_prior,535,275,0,0.0641399416909621,0,0.5
5,1,46,dummy_prior,538,361,0,0.0641399416909621,0,0.5
5,1,46,dummy_prior,539,76,1,0.0641399416909621,0,0.5
5,1,46,dummy_prior,540,188,0,0.0641399416909621,0,0.5
5,1,46,dummy_prior,550,191,0,0.0641399416909621,0,0.5
5,1,46,dummy_prior,565,335,0,0.0641399416909621,0,0.5
5,1,46,dummy_prior,572,373,0,0.0641399416909621,0,0.5
5,1,46,dummy_prior,574,309,0,0.0641399416909621,0,0.5
5,1,46,dummy_prior,577,196,0,0.0641399416909621,0,0.5
5,1,46,dummy_prior,582,198,0,0.0641399416909621,0,0.5
5,1,46,dummy_prior,584,562,0,0.0641399416909621,0,0.5
5,1,46,dummy_prior,588,813,0,0.0641399416909621,0,0.5
5,1,46,dummy_prior,592,321,0,0.0641399416909621,0,0.5
5,1,46,dummy_prior,601,504,0,0.0641399416909621,0,0.5
5,1,46,dummy_prior,602,670,0,0.0641399416909621,0,0.5
5,1,46,dummy_prior,605,183,0,0.0641399416909621,0,0.5
5,1,46,dummy_prior,607,566,0,0.0641399416909621,0,0.5
5,1,46,dummy_prior,608,135,0,0.0641399416909621,0,0.5
5,1,46,dummy_prior,609,416,0,0.0641399416909621,0,0.5
5,1,46,dummy_prior,613,299,0,0.0641399416909621,0,0.5
5,1,46,dummy_prior,615,706,0,0.0641399416909621,0,0.5
5,1,46,dummy_prior,627,280,0,0.0641399416909621,0,0.5
5,1,46,dummy_prior,634,478,0,0.0641399416909621,0,0.5
5,1,46,dummy_prior,637,493,0,0.0641399416909621,0,0.5
5,1,46,dummy_prior,647,277,0,0.0641399416909621,0,0.5
5,1,46,dummy_prior,648,95,0,0.0641399416909621,0,0.5
5,1,46,dummy_prior,652,826,0,0.0641399416909621,0,0.5
5,1,46,dummy_prior,658,85,0,0.0641399416909621,0,0.5
5,1,46,dummy_prior,659,467,0,0.0641399416909621,0,0.5
5,1,46,dummy_prior,661,326,0,0.0641399416909621,0,0.5
5,1,46,dummy_prior,662,502,0,0.0641399416909621,0,0.5
5,1,46,dummy_prior,663,310,0,0.0641399416909621,0,0.5
5,1,46,dummy_prior,673,819,1,0.0641399416909621,0,0.5
5,1,46,dummy_prior,693,98,1,0.0641399416909621,0,0.5
5,1,46,dummy_prior,694,486,0,0.0641399416909621,0,0.5
5,1,46,dummy_prior,698,473,0,0.0641399416909621,0,0.5
5,1,46,dummy_prior,704,781,0,0.0641399416909621,0,0.5
5,1,46,dummy_prior,710,449,0,0.0641399416909621,0,0.5
5,1,46,dummy_prior,713,31,0,0.0641399416909621,0,0.5
5,1,46,dummy_prior,719,769,0,0.0641399416909621,0,0.5
5,1,46,dummy_prior,722,325,0,0.0641399416909621,0,0.5
5,1,46,dummy_prior,724,554,0,0.0641399416909621,0,0.5
5,1,46,dummy_prior,725,214,0,0.0641399416909621,0,0.5
5,1,46,dummy_prior,733,587,0,0.0641399416909621,0,0.5
5,1,46,dummy_prior,750,99,0,0.0641399416909621,0,0.5
5,1,46,dummy_prior,764,281,0,0.0641399416909621,0,0.5
5,1,46,dummy_prior,765,398,0,0.0641399416909621,0,0.5
5,1,46,dummy_prior,766,206,0,0.0641399416909621,0,0.5
5,1,46,dummy_prior,767,12,0,0.0641399416909621,0,0.5
5,1,46,dummy_prior,773,23,0,0.0641399416909621,0,0.5
5,1,46,dummy_prior,779,656,0,0.0641399416909621,0,0.5
5,1,46,dummy_prior,783,84,0,0.0641399416909621,0,0.5
5,1,46,dummy_prior,786,401,1,0.0641399416909621,0,0.5
5,1,46,dummy_prior,796,605,0,0.0641399416909621,0,0.5
5,1,46,dummy_prior,808,544,0,0.0641399416909621,0,0.5
5,1,46,dummy_prior,811,48,0,0.0641399416909621,0,0.5
5,1,46,dummy_prior,814,22,1,0.0641399416909621,0,0.5
5,1,46,dummy_prior,824,720,0,0.0641399416909621,0,0.5
5,1,46,dummy_prior,828,634,0,0.0641399416909621,0,0.5
5,1,46,dummy_prior,838,694,0,0.0641399416909621,0,0.5
5,1,46,dummy_prior,855,377,0,0.0641399416909621,0,0.5
5,1,46,dummy_prior,856,635,0,0.0641399416909621,0,0.5
5,1,46,logistic_regression,1,7,0,0.26500129038943987,0,0.5
5,1,46,logistic_regression,8,809,0,0.5022230157697257,1,0.5
5,1,46,logistic_regression,18,792,0,0.3194200277917151,0,0.5
5,1,46,logistic_regression,21,783,0,0.21310386178787727,0,0.5
5,1,46,logistic_regression,22,766,1,0.9060884080608302,1,0.5
5,1,46,logistic_regression,29,745,0,0.2449685426300967,0,0.5
5,1,46,logistic_regression,36,760,0,0.26349713219132154,0,0.5
5,1,46,logistic_regression,39,719,0,0.2616560140589169,0,0.5
5,1,46,logistic_regression,40,746,0,0.2556351470793458,0,0.5
5,1,46,logistic_regression,44,740,1,0.8476340366410218,1,0.5
5,1,46,logistic_regression,62,679,0,0.2602629662544387,0,0.5
5,1,46,logistic_regression,65,736,0,0.2759983567234559,0,0.5
5,1,46,logistic_regression,73,685,0,0.25758613798096974,0,0.5
5,1,46,logistic_regression,82,615,0,0.25761854300509046,0,0.5
5,1,46,logistic_regression,87,703,0,0.27008151789456936,0,0.5
5,1,46,logistic_regression,95,604,0,0.19727544179675516,0,0.5
5,1,46,logistic_regression,99,641,0,0.27081347323092403,0,0.5
5,1,46,logistic_regression,106,577,0,0.27849729351569624,0,0.5
5,1,46,logistic_regression,107,653,0,0.2893683361146203,0,0.5
5,1,46,logistic_regression,110,619,0,0.26470943152665655,0,0.5
5,1,46,logistic_regression,111,626,0,0.21812072387573053,0,0.5
5,1,46,logistic_regression,112,573,0,0.2955673204334631,0,0.5
5,1,46,logistic_regression,123,542,0,0.2554033294551108,0,0.5
5,1,46,logistic_regression,124,571,0,0.2865975261100427,0,0.5
5,1,46,logistic_regression,131,581,1,0.9586200396287149,1,0.5
5,1,46,logistic_regression,133,651,0,0.28311380242064,0,0.5
5,1,46,logistic_regression,135,465,0,0.27813369247409003,0,0.5
5,1,46,logistic_regression,150,489,0,0.26108133567920233,0,0.5
5,1,46,logistic_regression,154,457,0,0.27174614292706095,0,0.5
5,1,46,logistic_regression,155,507,0,0.29922454388850234,0,0.5
5,1,46,logistic_regression,156,448,0,0.27047674226251206,0,0.5
5,1,46,logistic_regression,163,509,1,0.26648125388733274,0,0.5
5,1,46,logistic_regression,164,546,0,0.18279034339959732,0,0.5
5,1,46,logistic_regression,170,434,0,0.19596561877097346,0,0.5
5,1,46,logistic_regression,175,412,0,0.2629530290927906,0,0.5
5,1,46,logistic_regression,177,468,0,0.25616955383037054,0,0.5
5,1,46,logistic_regression,178,472,0,0.20512144225622767,0,0.5
5,1,46,logistic_regression,180,414,0,0.2711433176031623,0,0.5
5,1,46,logistic_regression,189,380,0,0.24621814729017208,0,0.5
5,1,46,logistic_regression,200,443,0,0.2600613929097892,0,0.5
5,1,46,logistic_regression,202,454,0,0.23870681453171444,0,0.5
5,1,46,logistic_regression,207,437,0,0.25646182357108693,0,0.5
5,1,46,logistic_regression,208,470,0,0.2503869586201342,0,0.5
5,1,46,logistic_regression,211,453,0,0.26195924155006994,0,0.5
5,1,46,logistic_regression,212,431,0,0.26813236959434056,0,0.5
5,1,46,logistic_regression,215,372,0,0.25263469189917315,0,0.5
5,1,46,logistic_regression,217,408,0,0.26469891382451965,0,0.5
5,1,46,logistic_regression,218,503,0,0.2646640426793544,0,0.5
5,1,46,logistic_regression,232,316,0,0.2528956115014295,0,0.5
5,1,46,logistic_regression,236,343,0,0.31409930112963497,0,0.5
5,1,46,logistic_regression,243,402,0,0.1928838838442207,0,0.5
5,1,46,logistic_regression,245,253,0,0.25519557283750643,0,0.5
5,1,46,logistic_regression,248,381,0,0.2696558740542654,0,0.5
5,1,46,logistic_regression,249,270,0,0.2518289949400895,0,0.5
5,1,46,logistic_regression,251,284,0,0.945798946321083,1,0.5
5,1,46,logistic_regression,253,279,0,0.267617686074042,0,0.5
5,1,46,logistic_regression,263,296,0,0.2570641080995449,0,0.5
5,1,46,logistic_regression,267,265,0,0.20425135864387328,0,0.5
5,1,46,logistic_regression,272,330,0,0.19264163680252708,0,0.5
5,1,46,logistic_regression,278,267,0,0.2665468546307006,0,0.5
5,1,46,logistic_regression,285,430,0,0.2594046933100557,0,0.5
5,1,46,logistic_regression,289,419,0,0.30331926790134756,0,0.5
5,1,46,logistic_regression,294,288,0,0.26748427030398286,0,0.5
5,1,46,logistic_regression,305,201,0,0.30251507867709015,0,0.5
5,1,46,logistic_regression,316,348,0,0.2003122795225365,0,0.5
5,1,46,logistic_regression,317,170,0,0.2541550946516423,0,0.5
5,1,46,logistic_regression,324,654,0,0.24821515013113035,0,0.5
5,1,46,logistic_regression,326,217,0,0.2540365364731425,0,0.5
5,1,46,logistic_regression,327,173,0,0.2627687915351555,0,0.5
5,1,46,logistic_regression,331,446,0,0.27736311552809456,0,0.5
5,1,46,logistic_regression,333,274,0,0.27395634655267836,0,0.5
5,1,46,logistic_regression,341,121,0,0.19859422299491328,0,0.5
5,1,46,logistic_regression,342,228,0,0.2534933565382602,0,0.5
5,1,46,logistic_regression,351,155,0,0.2627911999537566,0,0.5
5,1,46,logistic_regression,366,143,0,0.2523539586639342,0,0.5
5,1,46,logistic_regression,374,243,0,0.23490432439808698,0,0.5
5,1,46,logistic_regression,381,145,0,0.20030937486298347,0,0.5
5,1,46,logistic_regression,383,134,1,0.9469142531261546,1,0.5
5,1,46,logistic_regression,385,234,0,0.9467369156243309,1,0.5
5,1,46,logistic_regression,391,69,0,0.1848699219988252,0,0.5
5,1,46,logistic_regression,403,64,0,0.2622594651124658,0,0.5
5,1,46,logistic_regression,413,698,0,0.2756711471355527,0,0.5
5,1,46,logistic_regression,417,158,0,0.1844765334855346,0,0.5
5,1,46,logistic_regression,422,89,0,0.6471326813532486,1,0.5
5,1,46,logistic_regression,425,35,0,0.26360606269658066,0,0.5
5,1,46,logistic_regression,432,600,0,0.4393475659007523,0,0.5
5,1,46,logistic_regression,434,192,1,0.42988991771283364,0,0.5
5,1,46,logistic_regression,437,26,0,0.2647469253783837,0,0.5
5,1,46,logistic_regression,440,7,0,0.26500129038943987,0,0.5
5,1,46,logistic_regression,442,26,0,0.2647469253783837,0,0.5
5,1,46,logistic_regression,446,107,0,0.29989200480199407,0,0.5
5,1,46,logistic_regression,452,46,0,0.19893803088679599,0,0.5
5,1,46,logistic_regression,454,7,0,0.26500129038943987,0,0.5
5,1,46,logistic_regression,457,18,0,0.39916177812742953,0,0.5
5,1,46,logistic_regression,458,35,0,0.4392435946472935,0,0.5
5,1,46,logistic_regression,459,3,0,0.26406943952202167,0,0.5
5,1,46,logistic_regression,463,1,0,0.2695707156524656,0,0.5
5,1,46,logistic_regression,465,43,0,0.2688889647295837,0,0.5
5,1,46,logistic_regression,466,7,0,0.26500129038943987,0,0.5
5,1,46,logistic_regression,481,608,0,0.2442922422890854,0,0.5
5,1,46,logistic_regression,484,371,0,0.2627283440825121,0,0.5
5,1,46,logistic_regression,489,151,0,0.19940712150156206,0,0.5
5,1,46,logistic_regression,498,663,0,0.30444775501645827,0,0.5
5,1,46,logistic_regression,515,603,0,0.26298338301394153,0,0.5
5,1,46,logistic_regression,517,514,0,0.26592069091524945,0,0.5
5,1,46,logistic_regression,519,123,0,0.2578859814398544,0,0.5
5,1,46,logistic_regression,524,628,0,0.2672966776568003,0,0.5
5,1,46,logistic_regression,525,46,0,0.19893803088679599,0,0.5
5,1,46,logistic_regression,526,469,0,0.27300536560170896,0,0.5
5,1,46,logistic_regression,531,119,0,0.26189213411793794,0,0.5
5,1,46,logistic_regression,535,275,0,0.2610852305555576,0,0.5
5,1,46,logistic_regression,538,361,0,0.25524362801857486,0,0.5
5,1,46,logistic_regression,539,76,1,0.9612725708055935,1,0.5
5,1,46,logistic_regression,540,188,0,0.26158958255457443,0,0.5
5,1,46,logistic_regression,550,191,0,0.29926662046468394,0,0.5
5,1,46,logistic_regression,565,335,0,0.43845061669955127,0,0.5
5,1,46,logistic_regression,572,373,0,0.31327256208290183,0,0.5
5,1,46,logistic_regression,574,309,0,0.26015830103743554,0,0.5
5,1,46,logistic_regression,577,196,0,0.8052260349380813,1,0.5
5,1,46,logistic_regression,582,198,0,0.26455946113563383,0,0.5
5,1,46,logistic_regression,584,562,0,0.2605519268101794,0,0.5
5,1,46,logistic_regression,588,813,0,0.2712667738499195,0,0.5
5,1,46,logistic_regression,592,321,0,0.3039147706120728,0,0.5
5,1,46,logistic_regression,601,504,0,0.2658729448111699,0,0.5
5,1,46,logistic_regression,602,670,0,0.2621801149223603,0,0.5
5,1,46,logistic_regression,605,183,0,0.25651514147330146,0,0.5
5,1,46,logistic_regression,607,566,0,0.19532142463106592,0,0.5
5,1,46,logistic_regression,608,135,0,0.2568076693745629,0,0.5
5,1,46,logistic_regression,609,416,0,0.2975068831769759,0,0.5
5,1,46,logistic_regression,613,299,0,0.22480048142765474,0,0.5
5,1,46,logistic_regression,615,706,0,0.30835235934540794,0,0.5
5,1,46,logistic_regression,627,280,0,0.27200172438124637,0,0.5
5,1,46,logistic_regression,634,478,0,0.2652103924829348,0,0.5
5,1,46,logistic_regression,637,493,0,0.2868779860500947,0,0.5
5,1,46,logistic_regression,647,277,0,0.2520430463812363,0,0.5
5,1,46,logistic_regression,648,95,0,0.27207446937331536,0,0.5
5,1,46,logistic_regression,652,826,0,0.8162536635767763,1,0.5
5,1,46,logistic_regression,658,85,0,0.2594117394917567,0,0.5
5,1,46,logistic_regression,659,467,0,0.259451133576105,0,0.5
5,1,46,logistic_regression,661,326,0,0.2492943010190404,0,0.5
5,1,46,logistic_regression,662,502,0,0.31595104329694657,0,0.5
5,1,46,logistic_regression,663,310,0,0.2707066862358758,0,0.5
5,1,46,logistic_regression,673,819,1,0.817796056871638,1,0.5
5,1,46,logistic_regression,693,98,1,0.8194228135225612,1,0.5
5,1,46,logistic_regression,694,486,0,0.27681418506138267,0,0.5
5,1,46,logistic_regression,698,473,0,0.27464032374664393,0,0.5
5,1,46,logistic_regression,704,781,0,0.8434451010662511,1,0.5
5,1,46,logistic_regression,710,449,0,0.260138973728688,0,0.5
5,1,46,logistic_regression,713,31,0,0.2647027534295541,0,0.5
5,1,46,logistic_regression,719,769,0,0.8312603910719166,1,0.5
5,1,46,logistic_regression,722,325,0,0.3040498210798258,0,0.5
5,1,46,logistic_regression,724,554,0,0.25607215829791663,0,0.5
5,1,46,logistic_regression,725,214,0,0.2633589444571991,0,0.5
5,1,46,logistic_regression,733,587,0,0.2691207435460076,0,0.5
5,1,46,logistic_regression,750,99,0,0.901198702154978,1,0.5
5,1,46,logistic_regression,764,281,0,0.27378981323046764,0,0.5
5,1,46,logistic_regression,765,398,0,0.8152661950439137,1,0.5
5,1,46,logistic_regression,766,206,0,0.26583925978326595,0,0.5
5,1,46,logistic_regression,767,12,0,0.1984556990255206,0,0.5
5,1,46,logistic_regression,773,23,0,0.1875264334498803,0,0.5
5,1,46,logistic_regression,779,656,0,0.2819814993196099,0,0.5
5,1,46,logistic_regression,783,84,0,0.19869379836350362,0,0.5
5,1,46,logistic_regression,786,401,1,0.9208258147553738,1,0.5
5,1,46,logistic_regression,796,605,0,0.2638407760069776,0,0.5
5,1,46,logistic_regression,808,544,0,0.25568209215220683,0,0.5
5,1,46,logistic_regression,811,48,0,0.27042162401534564,0,0.5
5,1,46,logistic_regression,814,22,1,0.2514474881799103,0,0.5
5,1,46,logistic_regression,824,720,0,0.26320669622508197,0,0.5
5,1,46,logistic_regression,828,634,0,0.2555411971850951,0,0.5
5,1,46,logistic_regression,838,694,0,0.26675416274377134,0,0.5
5,1,46,logistic_regression,855,377,0,0.4187112573687218,0,0.5
5,1,46,logistic_regression,856,635,0,0.25410053133152904,0,0.5
5,1,46,xgboost,1,7,0,0.002368876477703452,0,0.5
5,1,46,xgboost,8,809,0,0.007376638241112232,0,0.5
5,1,46,xgboost,18,792,0,0.0012038362910971045,0,0.5
5,1,46,xgboost,21,783,0,0.010954921133816242,0,0.5
5,1,46,xgboost,22,766,1,0.9540515542030334,1,0.5
5,1,46,xgboost,29,745,0,0.0041848523542284966,0,0.5
5,1,46,xgboost,36,760,0,0.002296207007020712,0,0.5
5,1,46,xgboost,39,719,0,0.001696671126410365,0,0.5
5,1,46,xgboost,40,746,0,0.003989814314991236,0,0.5
5,1,46,xgboost,44,740,1,0.9536924362182617,1,0.5
5,1,46,xgboost,62,679,0,0.0018110116943717003,0,0.5
5,1,46,xgboost,65,736,0,0.0012315730564296246,0,0.5
5,1,46,xgboost,73,685,0,0.0017115239752456546,0,0.5
5,1,46,xgboost,82,615,0,0.0013052790891379118,0,0.5
5,1,46,xgboost,87,703,0,0.008225638419389725,0,0.5
5,1,46,xgboost,95,604,0,0.0027169319801032543,0,0.5
5,1,46,xgboost,99,641,0,0.00655974168330431,0,0.5
5,1,46,xgboost,106,577,0,0.00711774779483676,0,0.5
5,1,46,xgboost,107,653,0,0.002000014530494809,0,0.5
5,1,46,xgboost,110,619,0,0.001801312668249011,0,0.5
5,1,46,xgboost,111,626,0,0.013429266400635242,0,0.5
5,1,46,xgboost,112,573,0,0.009567606262862682,0,0.5
5,1,46,xgboost,123,542,0,0.0024420574773103,0,0.5
5,1,46,xgboost,124,571,0,0.012034363113343716,0,0.5
5,1,46,xgboost,131,581,1,0.9836223721504211,1,0.5
5,1,46,xgboost,133,651,0,0.01403569895774126,0,0.5
5,1,46,xgboost,135,465,0,0.0027008026372641325,0,0.5
5,1,46,xgboost,150,489,0,0.0017618469428271055,0,0.5
5,1,46,xgboost,154,457,0,0.001572146313264966,0,0.5
5,1,46,xgboost,155,507,0,0.0024161762557923794,0,0.5
5,1,46,xgboost,156,448,0,0.0016525357495993376,0,0.5
5,1,46,xgboost,163,509,1,0.0022093504667282104,0,0.5
5,1,46,xgboost,164,546,0,0.005485855042934418,0,0.5
5,1,46,xgboost,170,434,0,0.004386124666780233,0,0.5
5,1,46,xgboost,175,412,0,0.002313285367563367,0,0.5
5,1,46,xgboost,177,468,0,0.001852328423410654,0,0.5
5,1,46,xgboost,178,472,0,0.0036301733925938606,0,0.5
5,1,46,xgboost,180,414,0,0.0011251067044213414,0,0.5
5,1,46,xgboost,189,380,0,0.0010234338697046041,0,0.5
5,1,46,xgboost,200,443,0,0.0030329793225973845,0,0.5
5,1,46,xgboost,202,454,0,0.0016891064587980509,0,0.5
5,1,46,xgboost,207,437,0,0.0012462835293263197,0,0.5
5,1,46,xgboost,208,470,0,0.0031636005733162165,0,0.5
5,1,46,xgboost,211,453,0,0.006150776520371437,0,0.5
5,1,46,xgboost,212,431,0,0.01113603450357914,0,0.5
5,1,46,xgboost,215,372,0,0.0051402621902525425,0,0.5
5,1,46,xgboost,217,408,0,0.0011929242173209786,0,0.5
5,1,46,xgboost,218,503,0,0.003382190130650997,0,0.5
5,1,46,xgboost,232,316,0,0.0017986625898629427,0,0.5
5,1,46,xgboost,236,343,0,0.0015660504577681422,0,0.5
5,1,46,xgboost,243,402,0,0.0023287616204470396,0,0.5
5,1,46,xgboost,245,253,0,0.008714712224900723,0,0.5
5,1,46,xgboost,248,381,0,0.0010744434548541903,0,0.5
5,1,46,xgboost,249,270,0,0.009050054475665092,0,0.5
5,1,46,xgboost,251,284,0,0.9728168249130249,1,0.5
5,1,46,xgboost,253,279,0,0.003039536764845252,0,0.5
5,1,46,xgboost,263,296,0,0.0016986785922199488,0,0.5
5,1,46,xgboost,267,265,0,0.008211859501898289,0,0.5
5,1,46,xgboost,272,330,0,0.002670779824256897,0,0.5
5,1,46,xgboost,278,267,0,0.007542585488408804,0,0.5
5,1,46,xgboost,285,430,0,0.0012483347672969103,0,0.5
5,1,46,xgboost,289,419,0,0.02056131884455681,0,0.5
5,1,46,xgboost,294,288,0,0.0037687832955271006,0,0.5
5,1,46,xgboost,305,201,0,0.030386898666620255,0,0.5
5,1,46,xgboost,316,348,0,0.0024633409921079874,0,0.5
5,1,46,xgboost,317,170,0,0.06367157399654388,0,0.5
5,1,46,xgboost,324,654,0,0.0026077849324792624,0,0.5
5,1,46,xgboost,326,217,0,0.0535292886197567,0,0.5
5,1,46,xgboost,327,173,0,0.03547712042927742,0,0.5
5,1,46,xgboost,331,446,0,0.001744579873047769,0,0.5
5,1,46,xgboost,333,274,0,0.010280351154506207,0,0.5
5,1,46,xgboost,341,121,0,0.004516495857387781,0,0.5
5,1,46,xgboost,342,228,0,0.046318456530570984,0,0.5
5,1,46,xgboost,351,155,0,0.0033371748868376017,0,0.5
5,1,46,xgboost,366,143,0,0.006073583383113146,0,0.5
5,1,46,xgboost,374,243,0,0.028418784961104393,0,0.5
5,1,46,xgboost,381,145,0,0.0035405666567385197,0,0.5
5,1,46,xgboost,383,134,1,0.9824366569519043,1,0.5
5,1,46,xgboost,385,234,0,0.9762973785400391,1,0.5
5,1,46,xgboost,391,69,0,0.0021845430601388216,0,0.5
5,1,46,xgboost,403,64,0,0.003015390830114484,0,0.5
5,1,46,xgboost,413,698,0,0.003921431954950094,0,0.5
5,1,46,xgboost,417,158,0,0.004866957664489746,0,0.5
5,1,46,xgboost,422,89,0,0.016895901411771774,0,0.5
5,1,46,xgboost,425,35,0,0.0030845175497233868,0,0.5
5,1,46,xgboost,432,600,0,0.012953280471265316,0,0.5
5,1,46,xgboost,434,192,1,0.06373786926269531,0,0.5
5,1,46,xgboost,437,26,0,0.0025249021127820015,0,0.5
5,1,46,xgboost,440,7,0,0.002368876477703452,0,0.5
5,1,46,xgboost,442,26,0,0.0025249021127820015,0,0.5
5,1,46,xgboost,446,107,0,0.0017173730302602053,0,0.5
5,1,46,xgboost,452,46,0,0.00227684760466218,0,0.5
5,1,46,xgboost,454,7,0,0.002368876477703452,0,0.5
5,1,46,xgboost,457,18,0,0.003408226417377591,0,0.5
5,1,46,xgboost,458,35,0,0.004072440322488546,0,0.5
5,1,46,xgboost,459,3,0,0.0028940108604729176,0,0.5
5,1,46,xgboost,463,1,0,0.001970229670405388,0,0.5
5,1,46,xgboost,465,43,0,0.0022740100976079702,0,0.5
5,1,46,xgboost,466,7,0,0.002368876477703452,0,0.5
5,1,46,xgboost,481,608,0,0.0051747714169323444,0,0.5
5,1,46,xgboost,484,371,0,0.004351815674453974,0,0.5
5,1,46,xgboost,489,151,0,0.0033923343289643526,0,0.5
5,1,46,xgboost,498,663,0,0.010871591046452522,0,0.5
5,1,46,xgboost,515,603,0,0.0027624049689620733,0,0.5
5,1,46,xgboost,517,514,0,0.002459562849253416,0,0.5
5,1,46,xgboost,519,123,0,0.0047175767831504345,0,0.5
5,1,46,xgboost,524,628,0,0.004457916133105755,0,0.5
5,1,46,xgboost,525,46,0,0.00227684760466218,0,0.5
5,1,46,xgboost,526,469,0,0.006373552139848471,0,0.5
5,1,46,xgboost,531,119,0,0.004313852172344923,0,0.5
5,1,46,xgboost,535,275,0,0.007162873167544603,0,0.5
5,1,46,xgboost,538,361,0,0.0030052971560508013,0,0.5
5,1,46,xgboost,539,76,1,0.8964831233024597,1,0.5
5,1,46,xgboost,540,188,0,0.029128296300768852,0,0.5
5,1,46,xgboost,550,191,0,0.028554607182741165,0,0.5
5,1,46,xgboost,565,335,0,0.009098552167415619,0,0.5
5,1,46,xgboost,572,373,0,0.001155590289272368,0,0.5
5,1,46,xgboost,574,309,0,0.0011569340713322163,0,0.5
5,1,46,xgboost,577,196,0,0.9224059581756592,1,0.5
5,1,46,xgboost,582,198,0,0.023393796756863594,0,0.5
5,1,46,xgboost,584,562,0,0.005483131855726242,0,0.5
5,1,46,xgboost,588,813,0,0.0014282334595918655,0,0.5
5,1,46,xgboost,592,321,0,0.007202296517789364,0,0.5
5,1,46,xgboost,601,504,0,0.001499529229477048,0,0.5
5,1,46,xgboost,602,670,0,0.00148250930942595,0,0.5
5,1,46,xgboost,605,183,0,0.03090813010931015,0,0.5
5,1,46,xgboost,607,566,0,0.004683318082243204,0,0.5
5,1,46,xgboost,608,135,0,0.004633158445358276,0,0.5
5,1,46,xgboost,609,416,0,0.001962578622624278,0,0.5
5,1,46,xgboost,613,299,0,0.0011339114280417562,0,0.5
5,1,46,xgboost,615,706,0,0.004323489032685757,0,0.5
5,1,46,xgboost,627,280,0,0.003303549252450466,0,0.5
5,1,46,xgboost,634,478,0,0.00596253527328372,0,0.5
5,1,46,xgboost,637,493,0,0.0011601963778957725,0,0.5
5,1,46,xgboost,647,277,0,0.007258052006363869,0,0.5
5,1,46,xgboost,648,95,0,0.0031646806746721268,0,0.5
5,1,46,xgboost,652,826,0,0.20237308740615845,0,0.5
5,1,46,xgboost,658,85,0,0.0019510634010657668,0,0.5
5,1,46,xgboost,659,467,0,0.003336147405207157,0,0.5
5,1,46,xgboost,661,326,0,0.0032848478294909,0,0.5
5,1,46,xgboost,662,502,0,0.019555341452360153,0,0.5
5,1,46,xgboost,663,310,0,0.004122392274439335,0,0.5
5,1,46,xgboost,673,819,1,0.9516528844833374,1,0.5
5,1,46,xgboost,693,98,1,0.805486798286438,1,0.5
5,1,46,xgboost,694,486,0,0.004226589575409889,0,0.5
5,1,46,xgboost,698,473,0,0.0035650166682899,0,0.5
5,1,46,xgboost,704,781,0,0.8794509172439575,1,0.5
5,1,46,xgboost,710,449,0,0.002133576897904277,0,0.5
5,1,46,xgboost,713,31,0,0.0024253756273537874,0,0.5
5,1,46,xgboost,719,769,0,0.9697136878967285,1,0.5
5,1,46,xgboost,722,325,0,0.007212215103209019,0,0.5
5,1,46,xgboost,724,554,0,0.0062740156427025795,0,0.5
5,1,46,xgboost,725,214,0,0.03735783323645592,0,0.5
5,1,46,xgboost,733,587,0,0.0025199339725077152,0,0.5
5,1,46,xgboost,750,99,0,0.802980899810791,1,0.5
5,1,46,xgboost,764,281,0,0.0027135785203427076,0,0.5
5,1,46,xgboost,765,398,0,0.11554218083620071,0,0.5
5,1,46,xgboost,766,206,0,0.029439209029078484,0,0.5
5,1,46,xgboost,767,12,0,0.0023367961402982473,0,0.5
5,1,46,xgboost,773,23,0,0.00189242756459862,0,0.5
5,1,46,xgboost,779,656,0,0.008975702337920666,0,0.5
5,1,46,xgboost,783,84,0,0.0025591005105525255,0,0.5
5,1,46,xgboost,786,401,1,0.771370530128479,1,0.5
5,1,46,xgboost,796,605,0,0.0018992136465385556,0,0.5
5,1,46,xgboost,808,544,0,0.004118068143725395,0,0.5
5,1,46,xgboost,811,48,0,0.0026475691702216864,0,0.5
5,1,46,xgboost,814,22,1,0.0021043489687144756,0,0.5
5,1,46,xgboost,824,720,0,0.005144394468516111,0,0.5
5,1,46,xgboost,828,634,0,0.008675436489284039,0,0.5
5,1,46,xgboost,838,694,0,0.0013784137554466724,0,0.5
5,1,46,xgboost,855,377,0,0.01169636007398367,0,0.5
5,1,46,xgboost,856,635,0,0.006232203915715218,0,0.5
5,2,46,dummy_prior,0,109,0,0.0641399416909621,0,0.5
5,2,46,dummy_prior,5,796,0,0.0641399416909621,0,0.5
5,2,46,dummy_prior,9,804,0,0.0641399416909621,0,0.5
5,2,46,dummy_prior,10,807,0,0.0641399416909621,0,0.5
5,2,46,dummy_prior,13,803,0,0.0641399416909621,0,0.5
5,2,46,dummy_prior,19,773,0,0.0641399416909621,0,0.5
5,2,46,dummy_prior,26,765,0,0.0641399416909621,0,0.5
5,2,46,dummy_prior,27,759,0,0.0641399416909621,0,0.5
5,2,46,dummy_prior,30,782,0,0.0641399416909621,0,0.5
5,2,46,dummy_prior,33,734,0,0.0641399416909621,0,0.5
5,2,46,dummy_prior,42,724,0,0.0641399416909621,0,0.5
5,2,46,dummy_prior,43,723,0,0.0641399416909621,0,0.5
5,2,46,dummy_prior,51,715,0,0.0641399416909621,0,0.5
5,2,46,dummy_prior,59,692,0,0.0641399416909621,0,0.5
5,2,46,dummy_prior,64,750,1,0.0641399416909621,0,0.5
5,2,46,dummy_prior,67,728,0,0.0641399416909621,0,0.5
5,2,46,dummy_prior,68,696,0,0.0641399416909621,0,0.5
5,2,46,dummy_prior,72,664,0,0.0641399416909621,0,0.5
5,2,46,dummy_prior,75,686,0,0.0641399416909621,0,0.5
5,2,46,dummy_prior,79,684,0,0.0641399416909621,0,0.5
5,2,46,dummy_prior,80,630,0,0.0641399416909621,0,0.5
5,2,46,dummy_prior,84,713,0,0.0641399416909621,0,0.5
5,2,46,dummy_prior,85,657,0,0.0641399416909621,0,0.5
5,2,46,dummy_prior,89,632,0,0.0641399416909621,0,0.5
5,2,46,dummy_prior,92,649,0,0.0641399416909621,0,0.5
5,2,46,dummy_prior,94,637,0,0.0641399416909621,0,0.5
5,2,46,dummy_prior,113,328,0,0.0641399416909621,0,0.5
5,2,46,dummy_prior,117,570,0,0.0641399416909621,0,0.5
5,2,46,dummy_prior,119,498,0,0.0641399416909621,0,0.5
5,2,46,dummy_prior,125,596,0,0.0641399416909621,0,0.5
5,2,46,dummy_prior,126,588,0,0.0641399416909621,0,0.5
5,2,46,dummy_prior,146,576,0,0.0641399416909621,0,0.5
5,2,46,dummy_prior,153,423,0,0.0641399416909621,0,0.5
5,2,46,dummy_prior,166,515,0,0.0641399416909621,0,0.5
5,2,46,dummy_prior,176,452,0,0.0641399416909621,0,0.5
5,2,46,dummy_prior,185,488,1,0.0641399416909621,0,0.5
5,2,46,dummy_prior,186,404,0,0.0641399416909621,0,0.5
5,2,46,dummy_prior,187,501,0,0.0641399416909621,0,0.5
5,2,46,dummy_prior,191,527,0,0.0641399416909621,0,0.5
5,2,46,dummy_prior,193,445,0,0.0641399416909621,0,0.5
5,2,46,dummy_prior,194,397,0,0.0641399416909621,0,0.5
5,2,46,dummy_prior,195,429,0,0.0641399416909621,0,0.5
5,2,46,dummy_prior,198,447,0,0.0641399416909621,0,0.5
5,2,46,dummy_prior,203,494,1,0.0641399416909621,0,0.5
5,2,46,dummy_prior,214,550,1,0.0641399416909621,0,0.5
5,2,46,dummy_prior,216,531,1,0.0641399416909621,0,0.5
5,2,46,dummy_prior,222,552,0,0.0641399416909621,0,0.5
5,2,46,dummy_prior,225,511,0,0.0641399416909621,0,0.5
5,2,46,dummy_prior,227,394,0,0.0641399416909621,0,0.5
5,2,46,dummy_prior,228,585,0,0.0641399416909621,0,0.5
5,2,46,dummy_prior,240,334,0,0.0641399416909621,0,0.5
5,2,46,dummy_prior,242,555,0,0.0641399416909621,0,0.5
5,2,46,dummy_prior,244,391,0,0.0641399416909621,0,0.5
5,2,46,dummy_prior,254,390,0,0.0641399416909621,0,0.5
5,2,46,dummy_prior,265,247,0,0.0641399416909621,0,0.5
5,2,46,dummy_prior,269,410,0,0.0641399416909621,0,0.5
5,2,46,dummy_prior,276,241,0,0.0641399416909621,0,0.5
5,2,46,dummy_prior,277,168,0,0.0641399416909621,0,0.5
5,2,46,dummy_prior,280,303,0,0.0641399416909621,0,0.5
5,2,46,dummy_prior,281,238,0,0.0641399416909621,0,0.5
5,2,46,dummy_prior,284,252,0,0.0641399416909621,0,0.5
5,2,46,dummy_prior,286,240,0,0.0641399416909621,0,0.5
5,2,46,dummy_prior,292,264,0,0.0641399416909621,0,0.5
5,2,46,dummy_prior,293,221,0,0.0641399416909621,0,0.5
5,2,46,dummy_prior,306,436,0,0.0641399416909621,0,0.5
5,2,46,dummy_prior,311,368,0,0.0641399416909621,0,0.5
5,2,46,dummy_prior,319,293,0,0.0641399416909621,0,0.5
5,2,46,dummy_prior,322,180,0,0.0641399416909621,0,0.5
5,2,46,dummy_prior,328,197,0,0.0641399416909621,0,0.5
5,2,46,dummy_prior,332,583,0,0.0641399416909621,0,0.5
5,2,46,dummy_prior,335,525,1,0.0641399416909621,0,0.5
5,2,46,dummy_prior,343,159,0,0.0641399416909621,0,0.5
5,2,46,dummy_prior,349,235,0,0.0641399416909621,0,0.5
5,2,46,dummy_prior,354,811,0,0.0641399416909621,0,0.5
5,2,46,dummy_prior,355,140,0,0.0641399416909621,0,0.5
5,2,46,dummy_prior,358,212,0,0.0641399416909621,0,0.5
5,2,46,dummy_prior,359,733,0,0.0641399416909621,0,0.5
5,2,46,dummy_prior,362,160,0,0.0641399416909621,0,0.5
5,2,46,dummy_prior,363,72,0,0.0641399416909621,0,0.5
5,2,46,dummy_prior,367,127,0,0.0641399416909621,0,0.5
5,2,46,dummy_prior,375,249,0,0.0641399416909621,0,0.5
5,2,46,dummy_prior,379,224,0,0.0641399416909621,0,0.5
5,2,46,dummy_prior,389,49,0,0.0641399416909621,0,0.5
5,2,46,dummy_prior,393,142,0,0.0641399416909621,0,0.5
5,2,46,dummy_prior,396,100,0,0.0641399416909621,0,0.5
5,2,46,dummy_prior,402,102,0,0.0641399416909621,0,0.5
5,2,46,dummy_prior,406,49,0,0.0641399416909621,0,0.5
5,2,46,dummy_prior,411,49,0,0.0641399416909621,0,0.5
5,2,46,dummy_prior,415,104,0,0.0641399416909621,0,0.5
5,2,46,dummy_prior,421,433,1,0.0641399416909621,0,0.5
5,2,46,dummy_prior,424,181,0,0.0641399416909621,0,0.5
5,2,46,dummy_prior,429,73,0,0.0641399416909621,0,0.5
5,2,46,dummy_prior,433,28,0,0.0641399416909621,0,0.5
5,2,46,dummy_prior,436,39,0,0.0641399416909621,0,0.5
5,2,46,dummy_prior,441,9,0,0.0641399416909621,0,0.5
5,2,46,dummy_prior,456,24,0,0.0641399416909621,0,0.5
5,2,46,dummy_prior,460,5,0,0.0641399416909621,0,0.5
5,2,46,dummy_prior,468,11,0,0.0641399416909621,0,0.5
5,2,46,dummy_prior,483,190,0,0.0641399416909621,0,0.5
5,2,46,dummy_prior,487,483,0,0.0641399416909621,0,0.5
5,2,46,dummy_prior,488,337,0,0.0641399416909621,0,0.5
5,2,46,dummy_prior,490,375,0,0.0641399416909621,0,0.5
5,2,46,dummy_prior,496,451,1,0.0641399416909621,0,0.5
5,2,46,dummy_prior,500,763,0,0.0641399416909621,0,0.5
5,2,46,dummy_prior,502,369,0,0.0641399416909621,0,0.5
5,2,46,dummy_prior,504,428,0,0.0641399416909621,0,0.5
5,2,46,dummy_prior,513,96,0,0.0641399416909621,0,0.5
5,2,46,dummy_prior,516,174,0,0.0641399416909621,0,0.5
5,2,46,dummy_prior,518,362,0,0.0641399416909621,0,0.5
5,2,46,dummy_prior,522,37,0,0.0641399416909621,0,0.5
5,2,46,dummy_prior,536,24,0,0.0641399416909621,0,0.5
5,2,46,dummy_prior,544,50,0,0.0641399416909621,0,0.5
5,2,46,dummy_prior,549,662,1,0.0641399416909621,0,0.5
5,2,46,dummy_prior,553,636,0,0.0641399416909621,0,0.5
5,2,46,dummy_prior,557,458,0,0.0641399416909621,0,0.5
5,2,46,dummy_prior,558,255,0,0.0641399416909621,0,0.5
5,2,46,dummy_prior,564,426,0,0.0641399416909621,0,0.5
5,2,46,dummy_prior,581,59,0,0.0641399416909621,0,0.5
5,2,46,dummy_prior,586,150,0,0.0641399416909621,0,0.5
5,2,46,dummy_prior,593,13,0,0.0641399416909621,0,0.5
5,2,46,dummy_prior,595,248,0,0.0641399416909621,0,0.5
5,2,46,dummy_prior,603,440,0,0.0641399416909621,0,0.5
5,2,46,dummy_prior,619,320,0,0.0641399416909621,0,0.5
5,2,46,dummy_prior,621,582,0,0.0641399416909621,0,0.5
5,2,46,dummy_prior,622,710,0,0.0641399416909621,0,0.5
5,2,46,dummy_prior,635,714,0,0.0641399416909621,0,0.5
5,2,46,dummy_prior,638,221,0,0.0641399416909621,0,0.5
5,2,46,dummy_prior,639,52,0,0.0641399416909621,0,0.5
5,2,46,dummy_prior,641,761,0,0.0641399416909621,0,0.5
5,2,46,dummy_prior,643,21,0,0.0641399416909621,0,0.5
5,2,46,dummy_prior,644,285,0,0.0641399416909621,0,0.5
5,2,46,dummy_prior,653,216,1,0.0641399416909621,0,0.5
5,2,46,dummy_prior,665,205,0,0.0641399416909621,0,0.5
5,2,46,dummy_prior,666,67,0,0.0641399416909621,0,0.5
5,2,46,dummy_prior,675,808,0,0.0641399416909621,0,0.5
5,2,46,dummy_prior,677,814,0,0.0641399416909621,0,0.5
5,2,46,dummy_prior,678,609,0,0.0641399416909621,0,0.5
5,2,46,dummy_prior,680,821,0,0.0641399416909621,0,0.5
5,2,46,dummy_prior,688,510,1,0.0641399416909621,0,0.5
5,2,46,dummy_prior,689,340,0,0.0641399416909621,0,0.5
5,2,46,dummy_prior,700,479,0,0.0641399416909621,0,0.5
5,2,46,dummy_prior,703,42,0,0.0641399416909621,0,0.5
5,2,46,dummy_prior,706,81,0,0.0641399416909621,0,0.5
5,2,46,dummy_prior,714,521,0,0.0641399416909621,0,0.5
5,2,46,dummy_prior,715,13,0,0.0641399416909621,0,0.5
5,2,46,dummy_prior,720,427,0,0.0641399416909621,0,0.5
5,2,46,dummy_prior,723,124,0,0.0641399416909621,0,0.5
5,2,46,dummy_prior,726,530,0,0.0641399416909621,0,0.5
5,2,46,dummy_prior,728,623,0,0.0641399416909621,0,0.5
5,2,46,dummy_prior,730,775,0,0.0641399416909621,0,0.5
5,2,46,dummy_prior,731,291,0,0.0641399416909621,0,0.5
5,2,46,dummy_prior,740,768,0,0.0641399416909621,0,0.5
5,2,46,dummy_prior,744,66,0,0.0641399416909621,0,0.5
5,2,46,dummy_prior,756,395,0,0.0641399416909621,0,0.5
5,2,46,dummy_prior,763,785,0,0.0641399416909621,0,0.5
5,2,46,dummy_prior,776,45,0,0.0641399416909621,0,0.5
5,2,46,dummy_prior,780,110,0,0.0641399416909621,0,0.5
5,2,46,dummy_prior,782,528,0,0.0641399416909621,0,0.5
5,2,46,dummy_prior,790,350,0,0.0641399416909621,0,0.5
5,2,46,dummy_prior,793,353,0,0.0641399416909621,0,0.5
5,2,46,dummy_prior,798,396,0,0.0641399416909621,0,0.5
5,2,46,dummy_prior,806,62,0,0.0641399416909621,0,0.5
5,2,46,dummy_prior,809,519,0,0.0641399416909621,0,0.5
5,2,46,dummy_prior,812,4,0,0.0641399416909621,0,0.5
5,2,46,dummy_prior,815,549,0,0.0641399416909621,0,0.5
5,2,46,dummy_prior,833,659,0,0.0641399416909621,0,0.5
5,2,46,dummy_prior,834,569,0,0.0641399416909621,0,0.5
5,2,46,dummy_prior,836,743,0,0.0641399416909621,0,0.5
5,2,46,dummy_prior,848,598,0,0.0641399416909621,0,0.5
5,2,46,dummy_prior,849,620,0,0.0641399416909621,0,0.5
5,2,46,dummy_prior,850,117,0,0.0641399416909621,0,0.5
5,2,46,dummy_prior,851,298,0,0.0641399416909621,0,0.5
5,2,46,logistic_regression,0,109,0,0.285838988806552,0,0.5
5,2,46,logistic_regression,5,796,0,0.2420437264730299,0,0.5
5,2,46,logistic_regression,9,804,0,0.3512051095374632,0,0.5
5,2,46,logistic_regression,10,807,0,0.2405689674469044,0,0.5
5,2,46,logistic_regression,13,803,0,0.22849844251055818,0,0.5
5,2,46,logistic_regression,19,773,0,0.27161722760152657,0,0.5
5,2,46,logistic_regression,26,765,0,0.24760557634344155,0,0.5
5,2,46,logistic_regression,27,759,0,0.27876133708816886,0,0.5
5,2,46,logistic_regression,30,782,0,0.2693770598705065,0,0.5
5,2,46,logistic_regression,33,734,0,0.27912836154737247,0,0.5
5,2,46,logistic_regression,42,724,0,0.3055008201682551,0,0.5
5,2,46,logistic_regression,43,723,0,0.27684309634556975,0,0.5
5,2,46,logistic_regression,51,715,0,0.2595433252865371,0,0.5
5,2,46,logistic_regression,59,692,0,0.3381504860745877,0,0.5
5,2,46,logistic_regression,64,750,1,0.8320349489253448,1,0.5
5,2,46,logistic_regression,67,728,0,0.3116966249801891,0,0.5
5,2,46,logistic_regression,68,696,0,0.3003769901124917,0,0.5
5,2,46,logistic_regression,72,664,0,0.249656719786331,0,0.5
5,2,46,logistic_regression,75,686,0,0.22614933873312412,0,0.5
5,2,46,logistic_regression,79,684,0,0.2639183364788984,0,0.5
5,2,46,logistic_regression,80,630,0,0.23064054624386437,0,0.5
5,2,46,logistic_regression,84,713,0,0.20496072874973145,0,0.5
5,2,46,logistic_regression,85,657,0,0.24379668141604427,0,0.5
5,2,46,logistic_regression,89,632,0,0.20816107817437335,0,0.5
5,2,46,logistic_regression,92,649,0,0.2797086528190031,0,0.5
5,2,46,logistic_regression,94,637,0,0.27581572760962675,0,0.5
5,2,46,logistic_regression,113,328,0,0.25773228894169536,0,0.5
5,2,46,logistic_regression,117,570,0,0.1937716483177282,0,0.5
5,2,46,logistic_regression,119,498,0,0.28851736516767085,0,0.5
5,2,46,logistic_regression,125,596,0,0.3197874394826669,0,0.5
5,2,46,logistic_regression,126,588,0,0.2613643567773885,0,0.5
5,2,46,logistic_regression,146,576,0,0.27993928218752184,0,0.5
5,2,46,logistic_regression,153,423,0,0.2650161804222469,0,0.5
5,2,46,logistic_regression,166,515,0,0.2534091065847406,0,0.5
5,2,46,logistic_regression,176,452,0,0.22286897407300016,0,0.5
5,2,46,logistic_regression,185,488,1,0.9537936086153435,1,0.5
5,2,46,logistic_regression,186,404,0,0.30851778891327086,0,0.5
5,2,46,logistic_regression,187,501,0,0.3934456991226286,0,0.5
5,2,46,logistic_regression,191,527,0,0.9442564485983406,1,0.5
5,2,46,logistic_regression,193,445,0,0.28881687553768687,0,0.5
5,2,46,logistic_regression,194,397,0,0.2852641583255237,0,0.5
5,2,46,logistic_regression,195,429,0,0.2584067613129834,0,0.5
5,2,46,logistic_regression,198,447,0,0.2729735516337956,0,0.5
5,2,46,logistic_regression,203,494,1,0.9511304777249273,1,0.5
5,2,46,logistic_regression,214,550,1,0.9414661415446082,1,0.5
5,2,46,logistic_regression,216,531,1,0.9505232367290367,1,0.5
5,2,46,logistic_regression,222,552,0,0.10080237348588929,0,0.5
5,2,46,logistic_regression,225,511,0,0.2663883673868666,0,0.5
5,2,46,logistic_regression,227,394,0,0.8783891484465296,1,0.5
5,2,46,logistic_regression,228,585,0,0.24390589566149765,0,0.5
5,2,46,logistic_regression,240,334,0,0.2800306322819245,0,0.5
5,2,46,logistic_regression,242,555,0,0.2346353712529835,0,0.5
5,2,46,logistic_regression,244,391,0,0.279623064362914,0,0.5
5,2,46,logistic_regression,254,390,0,0.26544911541147137,0,0.5
5,2,46,logistic_regression,265,247,0,0.30612861922960044,0,0.5
5,2,46,logistic_regression,269,410,0,0.2653025373141621,0,0.5
5,2,46,logistic_regression,276,241,0,0.28784399870019695,0,0.5
5,2,46,logistic_regression,277,168,0,0.2580029033855369,0,0.5
5,2,46,logistic_regression,280,303,0,0.2788402580247274,0,0.5
5,2,46,logistic_regression,281,238,0,0.25454061605963446,0,0.5
5,2,46,logistic_regression,284,252,0,0.2256310664278959,0,0.5
5,2,46,logistic_regression,286,240,0,0.29122243305891626,0,0.5
5,2,46,logistic_regression,292,264,0,0.28045204732206985,0,0.5
5,2,46,logistic_regression,293,221,0,0.2533853335249353,0,0.5
5,2,46,logistic_regression,306,436,0,0.2629130762307322,0,0.5
5,2,46,logistic_regression,311,368,0,0.2888869151932062,0,0.5
5,2,46,logistic_regression,319,293,0,0.23137369970747512,0,0.5
5,2,46,logistic_regression,322,180,0,0.27454730266256533,0,0.5
5,2,46,logistic_regression,328,197,0,0.25115674232203256,0,0.5
5,2,46,logistic_regression,332,583,0,0.28577128478174096,0,0.5
5,2,46,logistic_regression,335,525,1,0.9539927670160537,1,0.5
5,2,46,logistic_regression,343,159,0,0.2702994517130922,0,0.5
5,2,46,logistic_regression,349,235,0,0.2814873310353098,0,0.5
5,2,46,logistic_regression,354,811,0,0.9273046539104878,1,0.5
5,2,46,logistic_regression,355,140,0,0.3733255171536842,0,0.5
5,2,46,logistic_regression,358,212,0,0.26360412080538626,0,0.5
5,2,46,logistic_regression,359,733,0,0.26140671430458284,0,0.5
5,2,46,logistic_regression,362,160,0,0.2796640262422865,0,0.5
5,2,46,logistic_regression,363,72,0,0.27378068639539294,0,0.5
5,2,46,logistic_regression,367,127,0,0.25861128852246246,0,0.5
5,2,46,logistic_regression,375,249,0,0.28133528873524927,0,0.5
5,2,46,logistic_regression,379,224,0,0.27717166239817925,0,0.5
5,2,46,logistic_regression,389,49,0,0.26802378683098005,0,0.5
5,2,46,logistic_regression,393,142,0,0.28180627550187987,0,0.5
5,2,46,logistic_regression,396,100,0,0.1804186561762927,0,0.5
5,2,46,logistic_regression,402,102,0,0.28045410730499853,0,0.5
5,2,46,logistic_regression,406,49,0,0.26802378683098005,0,0.5
5,2,46,logistic_regression,411,49,0,0.9793225266592795,1,0.5
5,2,46,logistic_regression,415,104,0,0.289751360492186,0,0.5
5,2,46,logistic_regression,421,433,1,0.9535631879245253,1,0.5
5,2,46,logistic_regression,424,181,0,0.5865298296063516,1,0.5
5,2,46,logistic_regression,429,73,0,0.2809490606358109,0,0.5
5,2,46,logistic_regression,433,28,0,0.8126618673357152,1,0.5
5,2,46,logistic_regression,436,39,0,0.5062053383870437,1,0.5
5,2,46,logistic_regression,441,9,0,0.27765056886745165,0,0.5
5,2,46,logistic_regression,456,24,0,0.28125732948562443,0,0.5
5,2,46,logistic_regression,460,5,0,0.22748617438538946,0,0.5
5,2,46,logistic_regression,468,11,0,0.20947305112388628,0,0.5
5,2,46,logistic_regression,483,190,0,0.29681162051362153,0,0.5
5,2,46,logistic_regression,487,483,0,0.23083784702103827,0,0.5
5,2,46,logistic_regression,488,337,0,0.2645595000440562,0,0.5
5,2,46,logistic_regression,490,375,0,0.1861809363054327,0,0.5
5,2,46,logistic_regression,496,451,1,0.9408365676700744,1,0.5
5,2,46,logistic_regression,500,763,0,0.21628748455113553,0,0.5
5,2,46,logistic_regression,502,369,0,0.2906090190158998,0,0.5
5,2,46,logistic_regression,504,428,0,0.2535341416412575,0,0.5
5,2,46,logistic_regression,513,96,0,0.2706783448682074,0,0.5
5,2,46,logistic_regression,516,174,0,0.27163629102346526,0,0.5
5,2,46,logistic_regression,518,362,0,0.3026225362754983,0,0.5
5,2,46,logistic_regression,522,37,0,0.30997889614796337,0,0.5
5,2,46,logistic_regression,536,24,0,0.28125732948562443,0,0.5
5,2,46,logistic_regression,544,50,0,0.31979177654795554,0,0.5
5,2,46,logistic_regression,549,662,1,0.8050425145013026,1,0.5
5,2,46,logistic_regression,553,636,0,0.29264763263561117,0,0.5
5,2,46,logistic_regression,557,458,0,0.2772572528457767,0,0.5
5,2,46,logistic_regression,558,255,0,0.24490208712277398,0,0.5
5,2,46,logistic_regression,564,426,0,0.10481813187039642,0,0.5
5,2,46,logistic_regression,581,59,0,0.2849526986745773,0,0.5
5,2,46,logistic_regression,586,150,0,0.2827533574934465,0,0.5
5,2,46,logistic_regression,593,13,0,0.28528530767291616,0,0.5
5,2,46,logistic_regression,595,248,0,0.41304964059367216,0,0.5
5,2,46,logistic_regression,603,440,0,0.2571012993791483,0,0.5
5,2,46,logistic_regression,619,320,0,0.282042250717333,0,0.5
5,2,46,logistic_regression,621,582,0,0.29445100700649907,0,0.5
5,2,46,logistic_regression,622,710,0,0.26416355868350394,0,0.5
5,2,46,logistic_regression,635,714,0,0.29026637488255747,0,0.5
5,2,46,logistic_regression,638,221,0,0.2533853335249353,0,0.5
5,2,46,logistic_regression,639,52,0,0.2839921034576468,0,0.5
5,2,46,logistic_regression,641,761,0,0.2586098870518517,0,0.5
5,2,46,logistic_regression,643,21,0,0.5882330198954235,1,0.5
5,2,46,logistic_regression,644,285,0,0.9407102661230476,1,0.5
5,2,46,logistic_regression,653,216,1,0.7121269666137968,1,0.5
5,2,46,logistic_regression,665,205,0,0.5339295316420917,1,0.5
5,2,46,logistic_regression,666,67,0,0.2844788568942183,0,0.5
5,2,46,logistic_regression,675,808,0,0.2478377623197967,0,0.5
5,2,46,logistic_regression,677,814,0,0.2595778283548426,0,0.5
5,2,46,logistic_regression,678,609,0,0.2489296442911665,0,0.5
5,2,46,logistic_regression,680,821,0,0.26991894996769555,0,0.5
5,2,46,logistic_regression,688,510,1,0.9378036863468693,1,0.5
5,2,46,logistic_regression,689,340,0,0.3051526881436902,0,0.5
5,2,46,logistic_regression,700,479,0,0.2866392151744245,0,0.5
5,2,46,logistic_regression,703,42,0,0.34229311316439615,0,0.5
5,2,46,logistic_regression,706,81,0,0.3275176567283175,0,0.5
5,2,46,logistic_regression,714,521,0,0.2688264892357897,0,0.5
5,2,46,logistic_regression,715,13,0,0.28528530767291616,0,0.5
5,2,46,logistic_regression,720,427,0,0.2695023032754564,0,0.5
5,2,46,logistic_regression,723,124,0,0.3132269286752351,0,0.5
5,2,46,logistic_regression,726,530,0,0.2792198518036857,0,0.5
5,2,46,logistic_regression,728,623,0,0.25391240558605593,0,0.5
5,2,46,logistic_regression,730,775,0,0.25974664156783417,0,0.5
5,2,46,logistic_regression,731,291,0,0.2561833575982494,0,0.5
5,2,46,logistic_regression,740,768,0,0.2836432186097195,0,0.5
5,2,46,logistic_regression,744,66,0,0.39106761924343686,0,0.5
5,2,46,logistic_regression,756,395,0,0.8200218614032883,1,0.5
5,2,46,logistic_regression,763,785,0,0.37093763317395173,0,0.5
5,2,46,logistic_regression,776,45,0,0.27218112014304086,0,0.5
5,2,46,logistic_regression,780,110,0,0.32456005360635215,0,0.5
5,2,46,logistic_regression,782,528,0,0.3072865026664575,0,0.5
5,2,46,logistic_regression,790,350,0,0.267874263753752,0,0.5
5,2,46,logistic_regression,793,353,0,0.25876210204744743,0,0.5
5,2,46,logistic_regression,798,396,0,0.28002609920029614,0,0.5
5,2,46,logistic_regression,806,62,0,0.32502092405670424,0,0.5
5,2,46,logistic_regression,809,519,0,0.33711071944744625,0,0.5
5,2,46,logistic_regression,812,4,0,0.3500139594593394,0,0.5
5,2,46,logistic_regression,815,549,0,0.32375911062615054,0,0.5
5,2,46,logistic_regression,833,659,0,0.21241944669624407,0,0.5
5,2,46,logistic_regression,834,569,0,0.3034143571285942,0,0.5
5,2,46,logistic_regression,836,743,0,0.21476323169474235,0,0.5
5,2,46,logistic_regression,848,598,0,0.25984944362499895,0,0.5
5,2,46,logistic_regression,849,620,0,0.24248017921348064,0,0.5
5,2,46,logistic_regression,850,117,0,0.27219547842364433,0,0.5
5,2,46,logistic_regression,851,298,0,0.28310047733280863,0,0.5
5,2,46,xgboost,0,109,0,0.0386957973241806,0,0.5
5,2,46,xgboost,5,796,0,0.021725250408053398,0,0.5
5,2,46,xgboost,9,804,0,0.023264575749635696,0,0.5
5,2,46,xgboost,10,807,0,0.03162777051329613,0,0.5
5,2,46,xgboost,13,803,0,0.012378590181469917,0,0.5
5,2,46,xgboost,19,773,0,0.019993003457784653,0,0.5
5,2,46,xgboost,26,765,0,0.02983075939118862,0,0.5
5,2,46,xgboost,27,759,0,0.05071833357214928,0,0.5
5,2,46,xgboost,30,782,0,0.018279636278748512,0,0.5
5,2,46,xgboost,33,734,0,0.016118429601192474,0,0.5
5,2,46,xgboost,42,724,0,0.015554575249552727,0,0.5
5,2,46,xgboost,43,723,0,0.025817997753620148,0,0.5
5,2,46,xgboost,51,715,0,0.020328255370259285,0,0.5
5,2,46,xgboost,59,692,0,0.032822687178850174,0,0.5
5,2,46,xgboost,64,750,1,0.9467176795005798,1,0.5
5,2,46,xgboost,67,728,0,0.03409808501601219,0,0.5
5,2,46,xgboost,68,696,0,0.019590267911553383,0,0.5
5,2,46,xgboost,72,664,0,0.02418411895632744,0,0.5
5,2,46,xgboost,75,686,0,0.013311775401234627,0,0.5
5,2,46,xgboost,79,684,0,0.018960338085889816,0,0.5
5,2,46,xgboost,80,630,0,0.021911054849624634,0,0.5
5,2,46,xgboost,84,713,0,0.015699729323387146,0,0.5
5,2,46,xgboost,85,657,0,0.008818499743938446,0,0.5
5,2,46,xgboost,89,632,0,0.0202521700412035,0,0.5
5,2,46,xgboost,92,649,0,0.01386196631938219,0,0.5
5,2,46,xgboost,94,637,0,0.01854405552148819,0,0.5
5,2,46,xgboost,113,328,0,0.034316062927246094,0,0.5
5,2,46,xgboost,117,570,0,0.008323516696691513,0,0.5
5,2,46,xgboost,119,498,0,0.02568637765944004,0,0.5
5,2,46,xgboost,125,596,0,0.049737464636564255,0,0.5
5,2,46,xgboost,126,588,0,0.023613622412085533,0,0.5
5,2,46,xgboost,146,576,0,0.017751865088939667,0,0.5
5,2,46,xgboost,153,423,0,0.019875269383192062,0,0.5
5,2,46,xgboost,166,515,0,0.010263195261359215,0,0.5
5,2,46,xgboost,176,452,0,0.010283228009939194,0,0.5
5,2,46,xgboost,185,488,1,0.9623557925224304,1,0.5
5,2,46,xgboost,186,404,0,0.03703039884567261,0,0.5
5,2,46,xgboost,187,501,0,0.036418426781892776,0,0.5
5,2,46,xgboost,191,527,0,0.8931995630264282,1,0.5
5,2,46,xgboost,193,445,0,0.01800164207816124,0,0.5
5,2,46,xgboost,194,397,0,0.024808840826153755,0,0.5
5,2,46,xgboost,195,429,0,0.014536242000758648,0,0.5
5,2,46,xgboost,198,447,0,0.021205298602581024,0,0.5
5,2,46,xgboost,203,494,1,0.978188157081604,1,0.5
5,2,46,xgboost,214,550,1,0.9497343301773071,1,0.5
5,2,46,xgboost,216,531,1,0.9534313082695007,1,0.5
5,2,46,xgboost,222,552,0,0.009056560695171356,0,0.5
5,2,46,xgboost,225,511,0,0.02500375173985958,0,0.5
5,2,46,xgboost,227,394,0,0.9092364311218262,1,0.5
5,2,46,xgboost,228,585,0,0.009451322257518768,0,0.5
5,2,46,xgboost,240,334,0,0.01706799864768982,0,0.5
5,2,46,xgboost,242,555,0,0.016693169251084328,0,0.5
5,2,46,xgboost,244,391,0,0.034365713596343994,0,0.5
5,2,46,xgboost,254,390,0,0.02962980419397354,0,0.5
5,2,46,xgboost,265,247,0,0.08997788280248642,0,0.5
5,2,46,xgboost,269,410,0,0.02949175052344799,0,0.5
5,2,46,xgboost,276,241,0,0.111058309674263,0,0.5
5,2,46,xgboost,277,168,0,0.13644663989543915,0,0.5
5,2,46,xgboost,280,303,0,0.02262984775006771,0,0.5
5,2,46,xgboost,281,238,0,0.12238029390573502,0,0.5
5,2,46,xgboost,284,252,0,0.021156979724764824,0,0.5
5,2,46,xgboost,286,240,0,0.10280444473028183,0,0.5
5,2,46,xgboost,292,264,0,0.06138692796230316,0,0.5
5,2,46,xgboost,293,221,0,0.09065735340118408,0,0.5
5,2,46,xgboost,306,436,0,0.019868239760398865,0,0.5
5,2,46,xgboost,311,368,0,0.06289689242839813,0,0.5
5,2,46,xgboost,319,293,0,0.011964992620050907,0,0.5
5,2,46,xgboost,322,180,0,0.129300057888031,0,0.5
5,2,46,xgboost,328,197,0,0.0633918046951294,0,0.5
5,2,46,xgboost,332,583,0,0.018776223063468933,0,0.5
5,2,46,xgboost,335,525,1,0.9862448573112488,1,0.5
5,2,46,xgboost,343,159,0,0.05686541274189949,0,0.5
5,2,46,xgboost,349,235,0,0.0782424733042717,0,0.5
5,2,46,xgboost,354,811,0,0.9859080910682678,1,0.5
5,2,46,xgboost,355,140,0,0.4618215560913086,0,0.5
5,2,46,xgboost,358,212,0,0.07463157922029495,0,0.5
5,2,46,xgboost,359,733,0,0.022472010925412178,0,0.5
5,2,46,xgboost,362,160,0,0.17366939783096313,0,0.5
5,2,46,xgboost,363,72,0,0.059050098061561584,0,0.5
5,2,46,xgboost,367,127,0,0.05691564083099365,0,0.5
5,2,46,xgboost,375,249,0,0.03068392537534237,0,0.5
5,2,46,xgboost,379,224,0,0.07819872349500656,0,0.5
5,2,46,xgboost,389,49,0,0.04775543883442879,0,0.5
5,2,46,xgboost,393,142,0,0.04022838547825813,0,0.5
5,2,46,xgboost,396,100,0,0.06917185336351395,0,0.5
5,2,46,xgboost,402,102,0,0.04105908423662186,0,0.5
5,2,46,xgboost,406,49,0,0.04775543883442879,0,0.5
5,2,46,xgboost,411,49,0,0.9464403986930847,1,0.5
5,2,46,xgboost,415,104,0,0.04402942582964897,0,0.5
5,2,46,xgboost,421,433,1,0.9691076278686523,1,0.5
5,2,46,xgboost,424,181,0,0.40196070075035095,0,0.5
5,2,46,xgboost,429,73,0,0.039476823061704636,0,0.5
5,2,46,xgboost,433,28,0,0.7063614726066589,1,0.5
5,2,46,xgboost,436,39,0,0.11814964562654495,0,0.5
5,2,46,xgboost,441,9,0,0.030144015327095985,0,0.5
5,2,46,xgboost,456,24,0,0.07332810014486313,0,0.5
5,2,46,xgboost,460,5,0,0.049704551696777344,0,0.5
5,2,46,xgboost,468,11,0,0.0755963996052742,0,0.5
5,2,46,xgboost,483,190,0,0.30238470435142517,0,0.5
5,2,46,xgboost,487,483,0,0.023167306557297707,0,0.5
5,2,46,xgboost,488,337,0,0.017964452505111694,0,0.5
5,2,46,xgboost,490,375,0,0.009314758703112602,0,0.5
5,2,46,xgboost,496,451,1,0.958161473274231,1,0.5
5,2,46,xgboost,500,763,0,0.02061680145561695,0,0.5
5,2,46,xgboost,502,369,0,0.030924074351787567,0,0.5
5,2,46,xgboost,504,428,0,0.020250996574759483,0,0.5
5,2,46,xgboost,513,96,0,0.057322658598423004,0,0.5
5,2,46,xgboost,516,174,0,0.0894533172249794,0,0.5
5,2,46,xgboost,518,362,0,0.021473171189427376,0,0.5
5,2,46,xgboost,522,37,0,0.032149337232112885,0,0.5
5,2,46,xgboost,536,24,0,0.07332810014486313,0,0.5
5,2,46,xgboost,544,50,0,0.13497206568717957,0,0.5
5,2,46,xgboost,549,662,1,0.8713765740394592,1,0.5
5,2,46,xgboost,553,636,0,0.04612906277179718,0,0.5
5,2,46,xgboost,557,458,0,0.046089280396699905,0,0.5
5,2,46,xgboost,558,255,0,0.040572039783000946,0,0.5
5,2,46,xgboost,564,426,0,0.010982280597090721,0,0.5
5,2,46,xgboost,581,59,0,0.033932022750377655,0,0.5
5,2,46,xgboost,586,150,0,0.07436937838792801,0,0.5
5,2,46,xgboost,593,13,0,0.07797527313232422,0,0.5
5,2,46,xgboost,595,248,0,0.1173076257109642,0,0.5
5,2,46,xgboost,603,440,0,0.012403745204210281,0,0.5
5,2,46,xgboost,619,320,0,0.0404050312936306,0,0.5
5,2,46,xgboost,621,582,0,0.018650421872735023,0,0.5
5,2,46,xgboost,622,710,0,0.03152488172054291,0,0.5
5,2,46,xgboost,635,714,0,0.027415458112955093,0,0.5
5,2,46,xgboost,638,221,0,0.09065735340118408,0,0.5
5,2,46,xgboost,639,52,0,0.07797527313232422,0,0.5
5,2,46,xgboost,641,761,0,0.015347985550761223,0,0.5
5,2,46,xgboost,643,21,0,0.18290191888809204,0,0.5
5,2,46,xgboost,644,285,0,0.9485903382301331,1,0.5
5,2,46,xgboost,653,216,1,0.38798657059669495,0,0.5
5,2,46,xgboost,665,205,0,0.3803497552871704,0,0.5
5,2,46,xgboost,666,67,0,0.059392742812633514,0,0.5
5,2,46,xgboost,675,808,0,0.013000106438994408,0,0.5
5,2,46,xgboost,677,814,0,0.0577731691300869,0,0.5
5,2,46,xgboost,678,609,0,0.027169452980160713,0,0.5
5,2,46,xgboost,680,821,0,0.01854405552148819,0,0.5
5,2,46,xgboost,688,510,1,0.9940627217292786,1,0.5
5,2,46,xgboost,689,340,0,0.015874573960900307,0,0.5
5,2,46,xgboost,700,479,0,0.015456439927220345,0,0.5
5,2,46,xgboost,703,42,0,0.0897153839468956,0,0.5
5,2,46,xgboost,706,81,0,0.10556170344352722,0,0.5
5,2,46,xgboost,714,521,0,0.0138812605291605,0,0.5
5,2,46,xgboost,715,13,0,0.07797527313232422,0,0.5
5,2,46,xgboost,720,427,0,0.020610442385077477,0,0.5
5,2,46,xgboost,723,124,0,0.05926811695098877,0,0.5
5,2,46,xgboost,726,530,0,0.018956927582621574,0,0.5
5,2,46,xgboost,728,623,0,0.011504585854709148,0,0.5
5,2,46,xgboost,730,775,0,0.018279636278748512,0,0.5
5,2,46,xgboost,731,291,0,0.025409843772649765,0,0.5
5,2,46,xgboost,740,768,0,0.010126505978405476,0,0.5
5,2,46,xgboost,744,66,0,0.11149832606315613,0,0.5
5,2,46,xgboost,756,395,0,0.8919973373413086,1,0.5
5,2,46,xgboost,763,785,0,0.023331621661782265,0,0.5
5,2,46,xgboost,776,45,0,0.03115743026137352,0,0.5
5,2,46,xgboost,780,110,0,0.1566135734319687,0,0.5
5,2,46,xgboost,782,528,0,0.028575381264090538,0,0.5
5,2,46,xgboost,790,350,0,0.026140451431274414,0,0.5
5,2,46,xgboost,793,353,0,0.02710902690887451,0,0.5
5,2,46,xgboost,798,396,0,0.0362716019153595,0,0.5
5,2,46,xgboost,806,62,0,0.09370482712984085,0,0.5
5,2,46,xgboost,809,519,0,0.041450344026088715,0,0.5
5,2,46,xgboost,812,4,0,0.050072260200977325,0,0.5
5,2,46,xgboost,815,549,0,0.012007741257548332,0,0.5
5,2,46,xgboost,833,659,0,0.032676879316568375,0,0.5
5,2,46,xgboost,834,569,0,0.03743300214409828,0,0.5
5,2,46,xgboost,836,743,0,0.05384397134184837,0,0.5
5,2,46,xgboost,848,598,0,0.017846740782260895,0,0.5
5,2,46,xgboost,849,620,0,0.014097684994339943,0,0.5
5,2,46,xgboost,850,117,0,0.14213189482688904,0,0.5
5,2,46,xgboost,851,298,0,0.02262984775006771,0,0.5
5,3,46,dummy_prior,7,413,0,0.0641399416909621,0,0.5
5,3,46,dummy_prior,15,776,0,0.0641399416909621,0,0.5
5,3,46,dummy_prior,24,774,0,0.0641399416909621,0,0.5
5,3,46,dummy_prior,28,742,0,0.0641399416909621,0,0.5
5,3,46,dummy_prior,34,749,0,0.0641399416909621,0,0.5
5,3,46,dummy_prior,37,747,0,0.0641399416909621,0,0.5
5,3,46,dummy_prior,38,758,0,0.0641399416909621,0,0.5
5,3,46,dummy_prior,47,770,0,0.0641399416909621,0,0.5
5,3,46,dummy_prior,49,739,0,0.0641399416909621,0,0.5
5,3,46,dummy_prior,53,695,0,0.0641399416909621,0,0.5
5,3,46,dummy_prior,54,708,0,0.0641399416909621,0,0.5
5,3,46,dummy_prior,56,702,0,0.0641399416909621,0,0.5
5,3,46,dummy_prior,63,629,0,0.0641399416909621,0,0.5
5,3,46,dummy_prior,71,677,0,0.0641399416909621,0,0.5
5,3,46,dummy_prior,78,693,0,0.0641399416909621,0,0.5
5,3,46,dummy_prior,81,593,0,0.0641399416909621,0,0.5
5,3,46,dummy_prior,86,718,0,0.0641399416909621,0,0.5
5,3,46,dummy_prior,88,618,0,0.0641399416909621,0,0.5
5,3,46,dummy_prior,91,689,0,0.0641399416909621,0,0.5
5,3,46,dummy_prior,93,631,1,0.0641399416909621,0,0.5
5,3,46,dummy_prior,98,584,0,0.0641399416909621,0,0.5
5,3,46,dummy_prior,100,669,0,0.0641399416909621,0,0.5
5,3,46,dummy_prior,102,599,0,0.0641399416909621,0,0.5
5,3,46,dummy_prior,103,754,1,0.0641399416909621,0,0.5
5,3,46,dummy_prior,104,633,0,0.0641399416909621,0,0.5
5,3,46,dummy_prior,114,667,0,0.0641399416909621,0,0.5
5,3,46,dummy_prior,115,665,0,0.0641399416909621,0,0.5
5,3,46,dummy_prior,118,560,0,0.0641399416909621,0,0.5
5,3,46,dummy_prior,122,592,0,0.0641399416909621,0,0.5
5,3,46,dummy_prior,128,518,0,0.0641399416909621,0,0.5
5,3,46,dummy_prior,132,565,0,0.0641399416909621,0,0.5
5,3,46,dummy_prior,137,537,0,0.0641399416909621,0,0.5
5,3,46,dummy_prior,138,517,0,0.0641399416909621,0,0.5
5,3,46,dummy_prior,142,591,0,0.0641399416909621,0,0.5
5,3,46,dummy_prior,147,533,0,0.0641399416909621,0,0.5
5,3,46,dummy_prior,152,438,0,0.0641399416909621,0,0.5
5,3,46,dummy_prior,165,572,0,0.0641399416909621,0,0.5
5,3,46,dummy_prior,171,418,0,0.0641399416909621,0,0.5
5,3,46,dummy_prior,172,522,0,0.0641399416909621,0,0.5
5,3,46,dummy_prior,173,529,0,0.0641399416909621,0,0.5
5,3,46,dummy_prior,181,462,0,0.0641399416909621,0,0.5
5,3,46,dummy_prior,182,392,0,0.0641399416909621,0,0.5
5,3,46,dummy_prior,190,513,0,0.0641399416909621,0,0.5
5,3,46,dummy_prior,196,505,0,0.0641399416909621,0,0.5
5,3,46,dummy_prior,205,388,1,0.0641399416909621,0,0.5
5,3,46,dummy_prior,206,496,0,0.0641399416909621,0,0.5
5,3,46,dummy_prior,210,399,0,0.0641399416909621,0,0.5
5,3,46,dummy_prior,230,304,0,0.0641399416909621,0,0.5
5,3,46,dummy_prior,231,432,0,0.0641399416909621,0,0.5
5,3,46,dummy_prior,237,347,0,0.0641399416909621,0,0.5
5,3,46,dummy_prior,252,344,0,0.0641399416909621,0,0.5
5,3,46,dummy_prior,256,366,0,0.0641399416909621,0,0.5
5,3,46,dummy_prior,260,485,0,0.0641399416909621,0,0.5
5,3,46,dummy_prior,264,259,1,0.0641399416909621,0,0.5
5,3,46,dummy_prior,268,305,0,0.0641399416909621,0,0.5
5,3,46,dummy_prior,274,349,0,0.0641399416909621,0,0.5
5,3,46,dummy_prior,288,300,0,0.0641399416909621,0,0.5
5,3,46,dummy_prior,290,204,0,0.0641399416909621,0,0.5
5,3,46,dummy_prior,295,283,0,0.0641399416909621,0,0.5
5,3,46,dummy_prior,297,220,0,0.0641399416909621,0,0.5
5,3,46,dummy_prior,302,323,0,0.0641399416909621,0,0.5
5,3,46,dummy_prior,303,386,0,0.0641399416909621,0,0.5
5,3,46,dummy_prior,304,331,0,0.0641399416909621,0,0.5
5,3,46,dummy_prior,308,382,0,0.0641399416909621,0,0.5
5,3,46,dummy_prior,310,307,0,0.0641399416909621,0,0.5
5,3,46,dummy_prior,312,313,0,0.0641399416909621,0,0.5
5,3,46,dummy_prior,314,215,1,0.0641399416909621,0,0.5
5,3,46,dummy_prior,315,189,0,0.0641399416909621,0,0.5
5,3,46,dummy_prior,329,290,0,0.0641399416909621,0,0.5
5,3,46,dummy_prior,352,152,0,0.0641399416909621,0,0.5
5,3,46,dummy_prior,361,199,0,0.0641399416909621,0,0.5
5,3,46,dummy_prior,364,147,0,0.0641399416909621,0,0.5
5,3,46,dummy_prior,369,82,0,0.0641399416909621,0,0.5
5,3,46,dummy_prior,370,239,1,0.0641399416909621,0,0.5
5,3,46,dummy_prior,372,242,0,0.0641399416909621,0,0.5
5,3,46,dummy_prior,395,82,0,0.0641399416909621,0,0.5
5,3,46,dummy_prior,401,210,0,0.0641399416909621,0,0.5
5,3,46,dummy_prior,410,171,0,0.0641399416909621,0,0.5
5,3,46,dummy_prior,416,70,0,0.0641399416909621,0,0.5
5,3,46,dummy_prior,418,47,0,0.0641399416909621,0,0.5
5,3,46,dummy_prior,420,97,0,0.0641399416909621,0,0.5
5,3,46,dummy_prior,423,51,0,0.0641399416909621,0,0.5
5,3,46,dummy_prior,426,114,0,0.0641399416909621,0,0.5
5,3,46,dummy_prior,428,29,0,0.0641399416909621,0,0.5
5,3,46,dummy_prior,431,70,0,0.0641399416909621,0,0.5
5,3,46,dummy_prior,443,10,0,0.0641399416909621,0,0.5
5,3,46,dummy_prior,453,10,0,0.0641399416909621,0,0.5
5,3,46,dummy_prior,455,77,0,0.0641399416909621,0,0.5
5,3,46,dummy_prior,461,19,0,0.0641399416909621,0,0.5
5,3,46,dummy_prior,462,68,0,0.0641399416909621,0,0.5
5,3,46,dummy_prior,464,25,0,0.0641399416909621,0,0.5
5,3,46,dummy_prior,467,41,0,0.0641399416909621,0,0.5
5,3,46,dummy_prior,469,16,0,0.0641399416909621,0,0.5
5,3,46,dummy_prior,474,640,0,0.0641399416909621,0,0.5
5,3,46,dummy_prior,475,154,0,0.0641399416909621,0,0.5
5,3,46,dummy_prior,476,753,0,0.0641399416909621,0,0.5
5,3,46,dummy_prior,477,751,0,0.0641399416909621,0,0.5
5,3,46,dummy_prior,478,534,0,0.0641399416909621,0,0.5
5,3,46,dummy_prior,482,757,0,0.0641399416909621,0,0.5
5,3,46,dummy_prior,486,496,0,0.0641399416909621,0,0.5
5,3,46,dummy_prior,491,122,0,0.0641399416909621,0,0.5
5,3,46,dummy_prior,492,658,0,0.0641399416909621,0,0.5
5,3,46,dummy_prior,494,165,0,0.0641399416909621,0,0.5
5,3,46,dummy_prior,495,405,0,0.0641399416909621,0,0.5
5,3,46,dummy_prior,497,356,0,0.0641399416909621,0,0.5
5,3,46,dummy_prior,501,610,0,0.0641399416909621,0,0.5
5,3,46,dummy_prior,506,711,0,0.0641399416909621,0,0.5
5,3,46,dummy_prior,508,590,0,0.0641399416909621,0,0.5
5,3,46,dummy_prior,509,384,0,0.0641399416909621,0,0.5
5,3,46,dummy_prior,523,624,0,0.0641399416909621,0,0.5
5,3,46,dummy_prior,527,262,0,0.0641399416909621,0,0.5
5,3,46,dummy_prior,530,239,1,0.0641399416909621,0,0.5
5,3,46,dummy_prior,532,364,0,0.0641399416909621,0,0.5
5,3,46,dummy_prior,534,93,0,0.0641399416909621,0,0.5
5,3,46,dummy_prior,541,474,0,0.0641399416909621,0,0.5
5,3,46,dummy_prior,545,532,0,0.0641399416909621,0,0.5
5,3,46,dummy_prior,547,385,0,0.0641399416909621,0,0.5
5,3,46,dummy_prior,548,58,0,0.0641399416909621,0,0.5
5,3,46,dummy_prior,560,748,0,0.0641399416909621,0,0.5
5,3,46,dummy_prior,562,282,0,0.0641399416909621,0,0.5
5,3,46,dummy_prior,563,712,0,0.0641399416909621,0,0.5
5,3,46,dummy_prior,570,559,0,0.0641399416909621,0,0.5
5,3,46,dummy_prior,571,257,0,0.0641399416909621,0,0.5
5,3,46,dummy_prior,599,176,0,0.0641399416909621,0,0.5
5,3,46,dummy_prior,610,230,1,0.0641399416909621,0,0.5
5,3,46,dummy_prior,614,341,1,0.0641399416909621,0,0.5
5,3,46,dummy_prior,616,376,0,0.0641399416909621,0,0.5
5,3,46,dummy_prior,625,92,0,0.0641399416909621,0,0.5
5,3,46,dummy_prior,631,187,0,0.0641399416909621,0,0.5
5,3,46,dummy_prior,632,226,0,0.0641399416909621,0,0.5
5,3,46,dummy_prior,645,471,0,0.0641399416909621,0,0.5
5,3,46,dummy_prior,649,613,0,0.0641399416909621,0,0.5
5,3,46,dummy_prior,650,421,0,0.0641399416909621,0,0.5
5,3,46,dummy_prior,657,260,0,0.0641399416909621,0,0.5
5,3,46,dummy_prior,664,756,1,0.0641399416909621,0,0.5
5,3,46,dummy_prior,679,822,0,0.0641399416909621,0,0.5
5,3,46,dummy_prior,681,793,0,0.0641399416909621,0,0.5
5,3,46,dummy_prior,685,820,0,0.0641399416909621,0,0.5
5,3,46,dummy_prior,687,638,1,0.0641399416909621,0,0.5
5,3,46,dummy_prior,691,420,0,0.0641399416909621,0,0.5
5,3,46,dummy_prior,692,74,0,0.0641399416909621,0,0.5
5,3,46,dummy_prior,695,538,0,0.0641399416909621,0,0.5
5,3,46,dummy_prior,697,91,0,0.0641399416909621,0,0.5
5,3,46,dummy_prior,702,439,0,0.0641399416909621,0,0.5
5,3,46,dummy_prior,705,806,0,0.0641399416909621,0,0.5
5,3,46,dummy_prior,707,231,0,0.0641399416909621,0,0.5
5,3,46,dummy_prior,716,144,0,0.0641399416909621,0,0.5
5,3,46,dummy_prior,734,564,0,0.0641399416909621,0,0.5
5,3,46,dummy_prior,742,156,0,0.0641399416909621,0,0.5
5,3,46,dummy_prior,745,30,0,0.0641399416909621,0,0.5
5,3,46,dummy_prior,746,342,0,0.0641399416909621,0,0.5
5,3,46,dummy_prior,760,44,0,0.0641399416909621,0,0.5
5,3,46,dummy_prior,761,607,0,0.0641399416909621,0,0.5
5,3,46,dummy_prior,762,139,0,0.0641399416909621,0,0.5
5,3,46,dummy_prior,769,415,0,0.0641399416909621,0,0.5
5,3,46,dummy_prior,787,256,0,0.0641399416909621,0,0.5
5,3,46,dummy_prior,794,175,0,0.0641399416909621,0,0.5
5,3,46,dummy_prior,795,690,0,0.0641399416909621,0,0.5
5,3,46,dummy_prior,799,141,0,0.0641399416909621,0,0.5
5,3,46,dummy_prior,800,302,0,0.0641399416909621,0,0.5
5,3,46,dummy_prior,802,14,0,0.0641399416909621,0,0.5
5,3,46,dummy_prior,818,700,0,0.0641399416909621,0,0.5
5,3,46,dummy_prior,819,2,0,0.0641399416909621,0,0.5
5,3,46,dummy_prior,820,352,0,0.0641399416909621,0,0.5
5,3,46,dummy_prior,825,794,0,0.0641399416909621,0,0.5
5,3,46,dummy_prior,830,699,0,0.0641399416909621,0,0.5
5,3,46,dummy_prior,839,601,0,0.0641399416909621,0,0.5
5,3,46,dummy_prior,841,297,0,0.0641399416909621,0,0.5
5,3,46,dummy_prior,843,567,0,0.0641399416909621,0,0.5
5,3,46,dummy_prior,844,444,0,0.0641399416909621,0,0.5
5,3,46,dummy_prior,854,616,0,0.0641399416909621,0,0.5
5,3,46,dummy_prior,857,526,0,0.0641399416909621,0,0.5
5,3,46,logistic_regression,7,413,0,0.23791291133015413,0,0.5
5,3,46,logistic_regression,15,776,0,0.2928728892761152,0,0.5
5,3,46,logistic_regression,24,774,0,0.2977973825274919,0,0.5
5,3,46,logistic_regression,28,742,0,0.22798321498310167,0,0.5
5,3,46,logistic_regression,34,749,0,0.8514384458248682,1,0.5
5,3,46,logistic_regression,37,747,0,0.2230713210773125,0,0.5
5,3,46,logistic_regression,38,758,0,0.22815980811689535,0,0.5
5,3,46,logistic_regression,47,770,0,0.23323037531445562,0,0.5
5,3,46,logistic_regression,49,739,0,0.2741491874548519,0,0.5
5,3,46,logistic_regression,53,695,0,0.30025053072682845,0,0.5
5,3,46,logistic_regression,54,708,0,0.30119672847554113,0,0.5
5,3,46,logistic_regression,56,702,0,0.30309856107129224,0,0.5
5,3,46,logistic_regression,63,629,0,0.33937142219654576,0,0.5
5,3,46,logistic_regression,71,677,0,0.1821657173145093,0,0.5
5,3,46,logistic_regression,78,693,0,0.8149820248000058,1,0.5
5,3,46,logistic_regression,81,593,0,0.3322271715208293,0,0.5
5,3,46,logistic_regression,86,718,0,0.25658103993619563,0,0.5
5,3,46,logistic_regression,88,618,0,0.28154821116479795,0,0.5
5,3,46,logistic_regression,91,689,0,0.35230230095927484,0,0.5
5,3,46,logistic_regression,93,631,1,0.8499960915848437,1,0.5
5,3,46,logistic_regression,98,584,0,0.2387814655557945,0,0.5
5,3,46,logistic_regression,100,669,0,0.3436041710208347,0,0.5
5,3,46,logistic_regression,102,599,0,0.2279934448557038,0,0.5
5,3,46,logistic_regression,103,754,1,0.9078445915357125,1,0.5
5,3,46,logistic_regression,104,633,0,0.2988682152021698,0,0.5
5,3,46,logistic_regression,114,667,0,0.3076404343389747,0,0.5
5,3,46,logistic_regression,115,665,0,0.3441229210265787,0,0.5
5,3,46,logistic_regression,118,560,0,0.29081891605194843,0,0.5
5,3,46,logistic_regression,122,592,0,0.32364886343846616,0,0.5
5,3,46,logistic_regression,128,518,0,0.17930798946723117,0,0.5
5,3,46,logistic_regression,132,565,0,0.23795432713473197,0,0.5
5,3,46,logistic_regression,137,537,0,0.2844348282094073,0,0.5
5,3,46,logistic_regression,138,517,0,0.18397044742101595,0,0.5
5,3,46,logistic_regression,142,591,0,0.30501675070002593,0,0.5
5,3,46,logistic_regression,147,533,0,0.27883516345380227,0,0.5
5,3,46,logistic_regression,152,438,0,0.970061934789383,1,0.5
5,3,46,logistic_regression,165,572,0,0.3356228945724596,0,0.5
5,3,46,logistic_regression,171,418,0,0.3034747946419216,0,0.5
5,3,46,logistic_regression,172,522,0,0.28697120759057354,0,0.5
5,3,46,logistic_regression,173,529,0,0.34727674952091164,0,0.5
5,3,46,logistic_regression,181,462,0,0.23524080273068435,0,0.5
5,3,46,logistic_regression,182,392,0,0.25834932733925225,0,0.5
5,3,46,logistic_regression,190,513,0,0.3044699115994068,0,0.5
5,3,46,logistic_regression,196,505,0,0.2663588390860614,0,0.5
5,3,46,logistic_regression,205,388,1,0.9704392591871065,1,0.5
5,3,46,logistic_regression,206,496,0,0.2522717494920804,0,0.5
5,3,46,logistic_regression,210,399,0,0.3190798809378689,0,0.5
5,3,46,logistic_regression,230,304,0,0.2617627837668674,0,0.5
5,3,46,logistic_regression,231,432,0,0.318770634114984,0,0.5
5,3,46,logistic_regression,237,347,0,0.19057666069986984,0,0.5
5,3,46,logistic_regression,252,344,0,0.3061193924526375,0,0.5
5,3,46,logistic_regression,256,366,0,0.23632739385172796,0,0.5
5,3,46,logistic_regression,260,485,0,0.31562339224737057,0,0.5
5,3,46,logistic_regression,264,259,1,0.8394177873469407,1,0.5
5,3,46,logistic_regression,268,305,0,0.28858282473922253,0,0.5
5,3,46,logistic_regression,274,349,0,0.2634181985504595,0,0.5
5,3,46,logistic_regression,288,300,0,0.3207982193759172,0,0.5
5,3,46,logistic_regression,290,204,0,0.3198210560596716,0,0.5
5,3,46,logistic_regression,295,283,0,0.34651689875095265,0,0.5
5,3,46,logistic_regression,297,220,0,0.19909350674534484,0,0.5
5,3,46,logistic_regression,302,323,0,0.3411207993625962,0,0.5
5,3,46,logistic_regression,303,386,0,0.2752028387405617,0,0.5
5,3,46,logistic_regression,304,331,0,0.19849846402000582,0,0.5
5,3,46,logistic_regression,308,382,0,0.28549375103704966,0,0.5
5,3,46,logistic_regression,310,307,0,0.25490073232745375,0,0.5
5,3,46,logistic_regression,312,313,0,0.20239575436428797,0,0.5
5,3,46,logistic_regression,314,215,1,0.9392230119004359,1,0.5
5,3,46,logistic_regression,315,189,0,0.29191035776651103,0,0.5
5,3,46,logistic_regression,329,290,0,0.29464794440300524,0,0.5
5,3,46,logistic_regression,352,152,0,0.2715405698199071,0,0.5
5,3,46,logistic_regression,361,199,0,0.27064567089216535,0,0.5
5,3,46,logistic_regression,364,147,0,0.27189904690191025,0,0.5
5,3,46,logistic_regression,369,82,0,0.24067670615671288,0,0.5
5,3,46,logistic_regression,370,239,1,0.8959264613501131,1,0.5
5,3,46,logistic_regression,372,242,0,0.40361580651423246,0,0.5
5,3,46,logistic_regression,395,82,0,0.24067670615671288,0,0.5
5,3,46,logistic_regression,401,210,0,0.2956058934166222,0,0.5
5,3,46,logistic_regression,410,171,0,0.3243106257960466,0,0.5
5,3,46,logistic_regression,416,70,0,0.2755144853965595,0,0.5
5,3,46,logistic_regression,418,47,0,0.33968097175563244,0,0.5
5,3,46,logistic_regression,420,97,0,0.262602326629032,0,0.5
5,3,46,logistic_regression,423,51,0,0.2871032589825837,0,0.5
5,3,46,logistic_regression,426,114,0,0.4105582341889351,0,0.5
5,3,46,logistic_regression,428,29,0,0.28377100324278004,0,0.5
5,3,46,logistic_regression,431,70,0,0.2755144853965595,0,0.5
5,3,46,logistic_regression,443,10,0,0.23326831407242055,0,0.5
5,3,46,logistic_regression,453,10,0,0.23326831407242055,0,0.5
5,3,46,logistic_regression,455,77,0,0.2092629476080758,0,0.5
5,3,46,logistic_regression,461,19,0,0.28013071959640595,0,0.5
5,3,46,logistic_regression,462,68,0,0.27719785956901866,0,0.5
5,3,46,logistic_regression,464,25,0,0.8168555736422318,1,0.5
5,3,46,logistic_regression,467,41,0,0.47065189258181306,0,0.5
5,3,46,logistic_regression,469,16,0,0.2642495486265927,0,0.5
5,3,46,logistic_regression,474,640,0,0.30490486659314175,0,0.5
5,3,46,logistic_regression,475,154,0,0.3016631816177284,0,0.5
5,3,46,logistic_regression,476,753,0,0.20007147186042742,0,0.5
5,3,46,logistic_regression,477,751,0,0.24061750290873488,0,0.5
5,3,46,logistic_regression,478,534,0,0.29125194542561655,0,0.5
5,3,46,logistic_regression,482,757,0,0.8161170778581706,1,0.5
5,3,46,logistic_regression,486,496,0,0.2522717494920804,0,0.5
5,3,46,logistic_regression,491,122,0,0.2591289366661229,0,0.5
5,3,46,logistic_regression,492,658,0,0.22344407516272835,0,0.5
5,3,46,logistic_regression,494,165,0,0.2516894492395723,0,0.5
5,3,46,logistic_regression,495,405,0,0.22272860417082177,0,0.5
5,3,46,logistic_regression,497,356,0,0.33327059586032826,0,0.5
5,3,46,logistic_regression,501,610,0,0.24618981281858254,0,0.5
5,3,46,logistic_regression,506,711,0,0.2659946836449136,0,0.5
5,3,46,logistic_regression,508,590,0,0.36539868295805505,0,0.5
5,3,46,logistic_regression,509,384,0,0.2460200020010076,0,0.5
5,3,46,logistic_regression,523,624,0,0.2760476817431726,0,0.5
5,3,46,logistic_regression,527,262,0,0.22332752510197273,0,0.5
5,3,46,logistic_regression,530,239,1,0.8959264613501131,1,0.5
5,3,46,logistic_regression,532,364,0,0.25579831306480066,0,0.5
5,3,46,logistic_regression,534,93,0,0.26836772848471663,0,0.5
5,3,46,logistic_regression,541,474,0,0.2690102784875251,0,0.5
5,3,46,logistic_regression,545,532,0,0.3822076727956898,0,0.5
5,3,46,logistic_regression,547,385,0,0.23730482739733633,0,0.5
5,3,46,logistic_regression,548,58,0,0.28667940176965384,0,0.5
5,3,46,logistic_regression,560,748,0,0.24137970105638662,0,0.5
5,3,46,logistic_regression,562,282,0,0.292301775854433,0,0.5
5,3,46,logistic_regression,563,712,0,0.19978532667837312,0,0.5
5,3,46,logistic_regression,570,559,0,0.28001702732395684,0,0.5
5,3,46,logistic_regression,571,257,0,0.2719968762217638,0,0.5
5,3,46,logistic_regression,599,176,0,0.29266671941837985,0,0.5
5,3,46,logistic_regression,610,230,1,0.9700543324332002,1,0.5
5,3,46,logistic_regression,614,341,1,0.9049295543137055,1,0.5
5,3,46,logistic_regression,616,376,0,0.3038500353115765,0,0.5
5,3,46,logistic_regression,625,92,0,0.2567870165910558,0,0.5
5,3,46,logistic_regression,631,187,0,0.3054918127436979,0,0.5
5,3,46,logistic_regression,632,226,0,0.2908397255808219,0,0.5
5,3,46,logistic_regression,645,471,0,0.3204946626230227,0,0.5
5,3,46,logistic_regression,649,613,0,0.48633414956156085,0,0.5
5,3,46,logistic_regression,650,421,0,0.39904148410186085,0,0.5
5,3,46,logistic_regression,657,260,0,0.2970107427225993,0,0.5
5,3,46,logistic_regression,664,756,1,0.9761840427356243,1,0.5
5,3,46,logistic_regression,679,822,0,0.3272380345720494,0,0.5
5,3,46,logistic_regression,681,793,0,0.19116661120169648,0,0.5
5,3,46,logistic_regression,685,820,0,0.25608963621379505,0,0.5
5,3,46,logistic_regression,687,638,1,0.9365623802071984,1,0.5
5,3,46,logistic_regression,691,420,0,0.9133440775480877,1,0.5
5,3,46,logistic_regression,692,74,0,0.38209819324368005,0,0.5
5,3,46,logistic_regression,695,538,0,0.37103512485065304,0,0.5
5,3,46,logistic_regression,697,91,0,0.38912175569239377,0,0.5
5,3,46,logistic_regression,702,439,0,0.40881488798010074,0,0.5
5,3,46,logistic_regression,705,806,0,0.278013789295187,0,0.5
5,3,46,logistic_regression,707,231,0,0.3493174691390823,0,0.5
5,3,46,logistic_regression,716,144,0,0.2781531088108585,0,0.5
5,3,46,logistic_regression,734,564,0,0.2749996922610767,0,0.5
5,3,46,logistic_regression,742,156,0,0.4000593811391723,0,0.5
5,3,46,logistic_regression,745,30,0,0.36838406955095865,0,0.5
5,3,46,logistic_regression,746,342,0,0.33254333300438144,0,0.5
5,3,46,logistic_regression,760,44,0,0.360617400090786,0,0.5
5,3,46,logistic_regression,761,607,0,0.2577584459599736,0,0.5
5,3,46,logistic_regression,762,139,0,0.22460865577641265,0,0.5
5,3,46,logistic_regression,769,415,0,0.7335982362915848,1,0.5
5,3,46,logistic_regression,787,256,0,0.31792076282067355,0,0.5
5,3,46,logistic_regression,794,175,0,0.22968375184224532,0,0.5
5,3,46,logistic_regression,795,690,0,0.3443054325365452,0,0.5
5,3,46,logistic_regression,799,141,0,0.28449481480537403,0,0.5
5,3,46,logistic_regression,800,302,0,0.2783839463158054,0,0.5
5,3,46,logistic_regression,802,14,0,0.28252596343006114,0,0.5
5,3,46,logistic_regression,818,700,0,0.3706850668519733,0,0.5
5,3,46,logistic_regression,819,2,0,0.25614392539684133,0,0.5
5,3,46,logistic_regression,820,352,0,0.3627491615374159,0,0.5
5,3,46,logistic_regression,825,794,0,0.2442406320807858,0,0.5
5,3,46,logistic_regression,830,699,0,0.29163512796036134,0,0.5
5,3,46,logistic_regression,839,601,0,0.3939734081579761,0,0.5
5,3,46,logistic_regression,841,297,0,0.24967720566946047,0,0.5
5,3,46,logistic_regression,843,567,0,0.3073655917068124,0,0.5
5,3,46,logistic_regression,844,444,0,0.3167692005437329,0,0.5
5,3,46,logistic_regression,854,616,0,0.2597014555643503,0,0.5
5,3,46,logistic_regression,857,526,0,0.24031234301384513,0,0.5
5,3,46,xgboost,7,413,0,0.0612594336271286,0,0.5
5,3,46,xgboost,15,776,0,0.055313803255558014,0,0.5
5,3,46,xgboost,24,774,0,0.049747347831726074,0,0.5
5,3,46,xgboost,28,742,0,0.04564317688345909,0,0.5
5,3,46,xgboost,34,749,0,0.9079267978668213,1,0.5
5,3,46,xgboost,37,747,0,0.049744609743356705,0,0.5
5,3,46,xgboost,38,758,0,0.05728768929839134,0,0.5
5,3,46,xgboost,47,770,0,0.04666228964924812,0,0.5
5,3,46,xgboost,49,739,0,0.05337360501289368,0,0.5
5,3,46,xgboost,53,695,0,0.0598677359521389,0,0.5
5,3,46,xgboost,54,708,0,0.05411943048238754,0,0.5
5,3,46,xgboost,56,702,0,0.090027816593647,0,0.5
5,3,46,xgboost,63,629,0,0.052594296634197235,0,0.5
5,3,46,xgboost,71,677,0,0.043526481837034225,0,0.5
5,3,46,xgboost,78,693,0,0.8472138047218323,1,0.5
5,3,46,xgboost,81,593,0,0.04748362675309181,0,0.5
5,3,46,xgboost,86,718,0,0.04888886585831642,0,0.5
5,3,46,xgboost,88,618,0,0.049747347831726074,0,0.5
5,3,46,xgboost,91,689,0,0.06368493288755417,0,0.5
5,3,46,xgboost,93,631,1,0.8815773725509644,1,0.5
5,3,46,xgboost,98,584,0,0.053472768515348434,0,0.5
5,3,46,xgboost,100,669,0,0.06082758679986,0,0.5
5,3,46,xgboost,102,599,0,0.04352227598428726,0,0.5
5,3,46,xgboost,103,754,1,0.9443293809890747,1,0.5
5,3,46,xgboost,104,633,0,0.055319081991910934,0,0.5
5,3,46,xgboost,114,667,0,0.06368493288755417,0,0.5
5,3,46,xgboost,115,665,0,0.09307625889778137,0,0.5
5,3,46,xgboost,118,560,0,0.055319081991910934,0,0.5
5,3,46,xgboost,122,592,0,0.212035670876503,0,0.5
5,3,46,xgboost,128,518,0,0.04564317688345909,0,0.5
5,3,46,xgboost,132,565,0,0.04666228964924812,0,0.5
5,3,46,xgboost,137,537,0,0.05085042491555214,0,0.5
5,3,46,xgboost,138,517,0,0.04564317688345909,0,0.5
5,3,46,xgboost,142,591,0,0.20509326457977295,0,0.5
5,3,46,xgboost,147,533,0,0.3981392979621887,0,0.5
5,3,46,xgboost,152,438,0,0.9534293413162231,1,0.5
5,3,46,xgboost,165,572,0,0.05025466904044151,0,0.5
5,3,46,xgboost,171,418,0,0.06619030982255936,0,0.5
5,3,46,xgboost,172,522,0,0.055319081991910934,0,0.5
5,3,46,xgboost,173,529,0,0.04959076642990112,0,0.5
5,3,46,xgboost,181,462,0,0.05553698167204857,0,0.5
5,3,46,xgboost,182,392,0,0.09600970149040222,0,0.5
5,3,46,xgboost,190,513,0,0.09778499603271484,0,0.5
5,3,46,xgboost,196,505,0,0.05907027795910835,0,0.5
5,3,46,xgboost,205,388,1,0.9414600729942322,1,0.5
5,3,46,xgboost,206,496,0,0.06373616307973862,0,0.5
5,3,46,xgboost,210,399,0,0.1361568421125412,0,0.5
5,3,46,xgboost,230,304,0,0.06477367877960205,0,0.5
5,3,46,xgboost,231,432,0,0.08365879207849503,0,0.5
5,3,46,xgboost,237,347,0,0.05800003558397293,0,0.5
5,3,46,xgboost,252,344,0,0.06338274478912354,0,0.5
5,3,46,xgboost,256,366,0,0.054351963102817535,0,0.5
5,3,46,xgboost,260,485,0,0.09717919677495956,0,0.5
5,3,46,xgboost,264,259,1,0.8864521980285645,1,0.5
5,3,46,xgboost,268,305,0,0.06619030982255936,0,0.5
5,3,46,xgboost,274,349,0,0.06231753155589104,0,0.5
5,3,46,xgboost,288,300,0,0.06477106362581253,0,0.5
5,3,46,xgboost,290,204,0,0.28655651211738586,0,0.5
5,3,46,xgboost,295,283,0,0.06664832681417465,0,0.5
5,3,46,xgboost,297,220,0,0.18105345964431763,0,0.5
5,3,46,xgboost,302,323,0,0.06477106362581253,0,0.5
5,3,46,xgboost,303,386,0,0.0577399916946888,0,0.5
5,3,46,xgboost,304,331,0,0.054612889885902405,0,0.5
5,3,46,xgboost,308,382,0,0.06368411332368851,0,0.5
5,3,46,xgboost,310,307,0,0.06231753155589104,0,0.5
5,3,46,xgboost,312,313,0,0.05732598155736923,0,0.5
5,3,46,xgboost,314,215,1,0.9342437982559204,1,0.5
5,3,46,xgboost,315,189,0,0.2255624532699585,0,0.5
5,3,46,xgboost,329,290,0,0.09248624742031097,0,0.5
5,3,46,xgboost,352,152,0,0.07840703427791595,0,0.5
5,3,46,xgboost,361,199,0,0.17585845291614532,0,0.5
5,3,46,xgboost,364,147,0,0.08637968450784683,0,0.5
5,3,46,xgboost,369,82,0,0.08295204490423203,0,0.5
5,3,46,xgboost,370,239,1,0.9099248647689819,1,0.5
5,3,46,xgboost,372,242,0,0.28655651211738586,0,0.5
5,3,46,xgboost,395,82,0,0.08295204490423203,0,0.5
5,3,46,xgboost,401,210,0,0.20610187947750092,0,0.5
5,3,46,xgboost,410,171,0,0.5677624344825745,1,0.5
5,3,46,xgboost,416,70,0,0.12156965583562851,0,0.5
5,3,46,xgboost,418,47,0,0.0866219773888588,0,0.5
5,3,46,xgboost,420,97,0,0.11895539611577988,0,0.5
5,3,46,xgboost,423,51,0,0.11709655821323395,0,0.5
5,3,46,xgboost,426,114,0,0.11584530770778656,0,0.5
5,3,46,xgboost,428,29,0,0.07538579404354095,0,0.5
5,3,46,xgboost,431,70,0,0.12156965583562851,0,0.5
5,3,46,xgboost,443,10,0,0.09217997640371323,0,0.5
5,3,46,xgboost,453,10,0,0.09217997640371323,0,0.5
5,3,46,xgboost,455,77,0,0.08520855009555817,0,0.5
5,3,46,xgboost,461,19,0,0.08307892829179764,0,0.5
5,3,46,xgboost,462,68,0,0.07538579404354095,0,0.5
5,3,46,xgboost,464,25,0,0.5861244797706604,1,0.5
5,3,46,xgboost,467,41,0,0.2500634491443634,0,0.5
5,3,46,xgboost,469,16,0,0.07538579404354095,0,0.5
5,3,46,xgboost,474,640,0,0.0595707893371582,0,0.5
5,3,46,xgboost,475,154,0,0.11400242894887924,0,0.5
5,3,46,xgboost,476,753,0,0.04352227598428726,0,0.5
5,3,46,xgboost,477,751,0,0.04853907227516174,0,0.5
5,3,46,xgboost,478,534,0,0.046686720103025436,0,0.5
5,3,46,xgboost,482,757,0,0.9224119782447815,1,0.5
5,3,46,xgboost,486,496,0,0.06373616307973862,0,0.5
5,3,46,xgboost,491,122,0,0.11370429396629333,0,0.5
5,3,46,xgboost,492,658,0,0.04888886585831642,0,0.5
5,3,46,xgboost,494,165,0,0.22676219046115875,0,0.5
5,3,46,xgboost,495,405,0,0.05555420741438866,0,0.5
5,3,46,xgboost,497,356,0,0.06477106362581253,0,0.5
5,3,46,xgboost,501,610,0,0.04888886585831642,0,0.5
5,3,46,xgboost,506,711,0,0.06180459260940552,0,0.5
5,3,46,xgboost,508,590,0,0.04995280131697655,0,0.5
5,3,46,xgboost,509,384,0,0.059941548854112625,0,0.5
5,3,46,xgboost,523,624,0,0.04854373633861542,0,0.5
5,3,46,xgboost,527,262,0,0.05555646866559982,0,0.5
5,3,46,xgboost,530,239,1,0.9099248647689819,1,0.5
5,3,46,xgboost,532,364,0,0.06231753155589104,0,0.5
5,3,46,xgboost,534,93,0,0.07840703427791595,0,0.5
5,3,46,xgboost,541,474,0,0.06477367877960205,0,0.5
5,3,46,xgboost,545,532,0,0.05679826810956001,0,0.5
5,3,46,xgboost,547,385,0,0.054351963102817535,0,0.5
5,3,46,xgboost,548,58,0,0.08307892829179764,0,0.5
5,3,46,xgboost,560,748,0,0.04888886585831642,0,0.5
5,3,46,xgboost,562,282,0,0.06477106362581253,0,0.5
5,3,46,xgboost,563,712,0,0.049660950899124146,0,0.5
5,3,46,xgboost,570,559,0,0.050855301320552826,0,0.5
5,3,46,xgboost,571,257,0,0.0577399916946888,0,0.5
5,3,46,xgboost,599,176,0,0.20766349136829376,0,0.5
5,3,46,xgboost,610,230,1,0.9385759830474854,1,0.5
5,3,46,xgboost,614,341,1,0.86524897813797,1,0.5
5,3,46,xgboost,616,376,0,0.06477106362581253,0,0.5
5,3,46,xgboost,625,92,0,0.07840703427791595,0,0.5
5,3,46,xgboost,631,187,0,0.18143628537654877,0,0.5
5,3,46,xgboost,632,226,0,0.20610187947750092,0,0.5
5,3,46,xgboost,645,471,0,0.08722423017024994,0,0.5
5,3,46,xgboost,649,613,0,0.10485793650150299,0,0.5
5,3,46,xgboost,650,421,0,0.07378601282835007,0,0.5
5,3,46,xgboost,657,260,0,0.07036574184894562,0,0.5
5,3,46,xgboost,664,756,1,0.9521040320396423,1,0.5
5,3,46,xgboost,679,822,0,0.06237298622727394,0,0.5
5,3,46,xgboost,681,793,0,0.050182465463876724,0,0.5
5,3,46,xgboost,685,820,0,0.0628003478050232,0,0.5
5,3,46,xgboost,687,638,1,0.9478471279144287,1,0.5
5,3,46,xgboost,691,420,0,0.9116164445877075,1,0.5
5,3,46,xgboost,692,74,0,0.14973731338977814,0,0.5
5,3,46,xgboost,695,538,0,0.05679284781217575,0,0.5
5,3,46,xgboost,697,91,0,0.13116735219955444,0,0.5
5,3,46,xgboost,702,439,0,0.14430832862854004,0,0.5
5,3,46,xgboost,705,806,0,0.04865224286913872,0,0.5
5,3,46,xgboost,707,231,0,0.20596712827682495,0,0.5
5,3,46,xgboost,716,144,0,0.08637968450784683,0,0.5
5,3,46,xgboost,734,564,0,0.05085042491555214,0,0.5
5,3,46,xgboost,742,156,0,0.12652772665023804,0,0.5
5,3,46,xgboost,745,30,0,0.10541181266307831,0,0.5
5,3,46,xgboost,746,342,0,0.289885938167572,0,0.5
5,3,46,xgboost,760,44,0,0.0866219773888588,0,0.5
5,3,46,xgboost,761,607,0,0.05347788706421852,0,0.5
5,3,46,xgboost,762,139,0,0.10113006085157394,0,0.5
5,3,46,xgboost,769,415,0,0.21918021142482758,0,0.5
5,3,46,xgboost,787,256,0,0.13096585869789124,0,0.5
5,3,46,xgboost,794,175,0,0.18207170069217682,0,0.5
5,3,46,xgboost,795,690,0,0.055319081991910934,0,0.5
5,3,46,xgboost,799,141,0,0.12156965583562851,0,0.5
5,3,46,xgboost,800,302,0,0.06338274478912354,0,0.5
5,3,46,xgboost,802,14,0,0.10413549095392227,0,0.5
5,3,46,xgboost,818,700,0,0.05679284781217575,0,0.5
5,3,46,xgboost,819,2,0,0.1850324422121048,0,0.5
5,3,46,xgboost,820,352,0,0.07101407647132874,0,0.5
5,3,46,xgboost,825,794,0,0.047485578805208206,0,0.5
5,3,46,xgboost,830,699,0,0.06082758679986,0,0.5
5,3,46,xgboost,839,601,0,0.05424690246582031,0,0.5
5,3,46,xgboost,841,297,0,0.059253204613924026,0,0.5
5,3,46,xgboost,843,567,0,0.10226716101169586,0,0.5
5,3,46,xgboost,844,444,0,0.09368719160556793,0,0.5
5,3,46,xgboost,854,616,0,0.049744609743356705,0,0.5
5,3,46,xgboost,857,526,0,0.05020449310541153,0,0.5
5,4,46,dummy_prior,2,660,0,0.06404657933042213,0,0.5
5,4,46,dummy_prior,11,450,0,0.06404657933042213,0,0.5
5,4,46,dummy_prior,16,790,0,0.06404657933042213,0,0.5
5,4,46,dummy_prior,23,767,1,0.06404657933042213,0,0.5
5,4,46,dummy_prior,25,805,0,0.06404657933042213,0,0.5
5,4,46,dummy_prior,32,738,0,0.06404657933042213,0,0.5
5,4,46,dummy_prior,41,732,1,0.06404657933042213,0,0.5
5,4,46,dummy_prior,52,729,0,0.06404657933042213,0,0.5
5,4,46,dummy_prior,55,789,0,0.06404657933042213,0,0.5
5,4,46,dummy_prior,60,673,0,0.06404657933042213,0,0.5
5,4,46,dummy_prior,61,697,0,0.06404657933042213,0,0.5
5,4,46,dummy_prior,66,673,0,0.06404657933042213,0,0.5
5,4,46,dummy_prior,76,675,0,0.06404657933042213,0,0.5
5,4,46,dummy_prior,90,707,0,0.06404657933042213,0,0.5
5,4,46,dummy_prior,101,580,0,0.06404657933042213,0,0.5
5,4,46,dummy_prior,105,674,0,0.06404657933042213,0,0.5
5,4,46,dummy_prior,120,627,0,0.06404657933042213,0,0.5
5,4,46,dummy_prior,121,579,0,0.06404657933042213,0,0.5
5,4,46,dummy_prior,127,520,0,0.06404657933042213,0,0.5
5,4,46,dummy_prior,129,557,0,0.06404657933042213,0,0.5
5,4,46,dummy_prior,139,556,0,0.06404657933042213,0,0.5
5,4,46,dummy_prior,141,194,0,0.06404657933042213,0,0.5
5,4,46,dummy_prior,144,558,0,0.06404657933042213,0,0.5
5,4,46,dummy_prior,145,595,0,0.06404657933042213,0,0.5
5,4,46,dummy_prior,148,643,0,0.06404657933042213,0,0.5
5,4,46,dummy_prior,158,617,0,0.06404657933042213,0,0.5
5,4,46,dummy_prior,160,484,0,0.06404657933042213,0,0.5
5,4,46,dummy_prior,162,481,0,0.06404657933042213,0,0.5
5,4,46,dummy_prior,169,108,0,0.06404657933042213,0,0.5
5,4,46,dummy_prior,179,548,0,0.06404657933042213,0,0.5
5,4,46,dummy_prior,183,491,0,0.06404657933042213,0,0.5
5,4,46,dummy_prior,184,411,0,0.06404657933042213,0,0.5
5,4,46,dummy_prior,192,459,0,0.06404657933042213,0,0.5
5,4,46,dummy_prior,201,441,0,0.06404657933042213,0,0.5
5,4,46,dummy_prior,204,222,0,0.06404657933042213,0,0.5
5,4,46,dummy_prior,213,500,0,0.06404657933042213,0,0.5
5,4,46,dummy_prior,219,324,0,0.06404657933042213,0,0.5
5,4,46,dummy_prior,221,407,0,0.06404657933042213,0,0.5
5,4,46,dummy_prior,224,351,1,0.06404657933042213,0,0.5
5,4,46,dummy_prior,226,409,0,0.06404657933042213,0,0.5
5,4,46,dummy_prior,233,345,0,0.06404657933042213,0,0.5
5,4,46,dummy_prior,238,536,0,0.06404657933042213,0,0.5
5,4,46,dummy_prior,239,497,0,0.06404657933042213,0,0.5
5,4,46,dummy_prior,241,354,0,0.06404657933042213,0,0.5
5,4,46,dummy_prior,247,292,0,0.06404657933042213,0,0.5
5,4,46,dummy_prior,257,273,1,0.06404657933042213,0,0.5
5,4,46,dummy_prior,258,245,0,0.06404657933042213,0,0.5
5,4,46,dummy_prior,259,329,0,0.06404657933042213,0,0.5
5,4,46,dummy_prior,262,295,0,0.06404657933042213,0,0.5
5,4,46,dummy_prior,266,232,0,0.06404657933042213,0,0.5
5,4,46,dummy_prior,273,355,0,0.06404657933042213,0,0.5
5,4,46,dummy_prior,275,237,0,0.06404657933042213,0,0.5
5,4,46,dummy_prior,287,272,0,0.06404657933042213,0,0.5
5,4,46,dummy_prior,299,319,0,0.06404657933042213,0,0.5
5,4,46,dummy_prior,307,287,0,0.06404657933042213,0,0.5
5,4,46,dummy_prior,318,308,0,0.06404657933042213,0,0.5
5,4,46,dummy_prior,320,271,1,0.06404657933042213,0,0.5
5,4,46,dummy_prior,321,269,0,0.06404657933042213,0,0.5
5,4,46,dummy_prior,323,268,0,0.06404657933042213,0,0.5
5,4,46,dummy_prior,325,169,1,0.06404657933042213,0,0.5
5,4,46,dummy_prior,334,229,0,0.06404657933042213,0,0.5
5,4,46,dummy_prior,338,200,0,0.06404657933042213,0,0.5
5,4,46,dummy_prior,340,148,0,0.06404657933042213,0,0.5
5,4,46,dummy_prior,344,79,0,0.06404657933042213,0,0.5
5,4,46,dummy_prior,345,276,1,0.06404657933042213,0,0.5
5,4,46,dummy_prior,348,125,0,0.06404657933042213,0,0.5
5,4,46,dummy_prior,350,167,0,0.06404657933042213,0,0.5
5,4,46,dummy_prior,356,79,0,0.06404657933042213,0,0.5
5,4,46,dummy_prior,368,203,0,0.06404657933042213,0,0.5
5,4,46,dummy_prior,371,367,0,0.06404657933042213,0,0.5
5,4,46,dummy_prior,382,400,0,0.06404657933042213,0,0.5
5,4,46,dummy_prior,386,90,0,0.06404657933042213,0,0.5
5,4,46,dummy_prior,387,266,0,0.06404657933042213,0,0.5
5,4,46,dummy_prior,388,185,0,0.06404657933042213,0,0.5
5,4,46,dummy_prior,390,179,0,0.06404657933042213,0,0.5
5,4,46,dummy_prior,394,184,0,0.06404657933042213,0,0.5
5,4,46,dummy_prior,397,137,0,0.06404657933042213,0,0.5
5,4,46,dummy_prior,398,115,0,0.06404657933042213,0,0.5
5,4,46,dummy_prior,399,209,0,0.06404657933042213,0,0.5
5,4,46,dummy_prior,400,55,0,0.06404657933042213,0,0.5
5,4,46,dummy_prior,405,61,0,0.06404657933042213,0,0.5
5,4,46,dummy_prior,408,60,0,0.06404657933042213,0,0.5
5,4,46,dummy_prior,409,54,0,0.06404657933042213,0,0.5
5,4,46,dummy_prior,412,87,0,0.06404657933042213,0,0.5
5,4,46,dummy_prior,427,161,0,0.06404657933042213,0,0.5
5,4,46,dummy_prior,435,54,0,0.06404657933042213,0,0.5
5,4,46,dummy_prior,439,112,0,0.06404657933042213,0,0.5
5,4,46,dummy_prior,444,80,0,0.06404657933042213,0,0.5
5,4,46,dummy_prior,447,63,0,0.06404657933042213,0,0.5
5,4,46,dummy_prior,448,65,0,0.06404657933042213,0,0.5
5,4,46,dummy_prior,449,75,0,0.06404657933042213,0,0.5
5,4,46,dummy_prior,471,94,0,0.06404657933042213,0,0.5
5,4,46,dummy_prior,472,682,1,0.06404657933042213,0,0.5
5,4,46,dummy_prior,473,787,0,0.06404657933042213,0,0.5
5,4,46,dummy_prior,479,482,0,0.06404657933042213,0,0.5
5,4,46,dummy_prior,485,286,0,0.06404657933042213,0,0.5
5,4,46,dummy_prior,499,614,0,0.06404657933042213,0,0.5
5,4,46,dummy_prior,507,71,0,0.06404657933042213,0,0.5
5,4,46,dummy_prior,510,17,0,0.06404657933042213,0,0.5
5,4,46,dummy_prior,529,652,0,0.06404657933042213,0,0.5
5,4,46,dummy_prior,543,40,0,0.06404657933042213,0,0.5
5,4,46,dummy_prior,546,213,0,0.06404657933042213,0,0.5
5,4,46,dummy_prior,551,639,0,0.06404657933042213,0,0.5
5,4,46,dummy_prior,552,105,0,0.06404657933042213,0,0.5
5,4,46,dummy_prior,554,20,0,0.06404657933042213,0,0.5
5,4,46,dummy_prior,566,456,0,0.06404657933042213,0,0.5
5,4,46,dummy_prior,568,338,0,0.06404657933042213,0,0.5
5,4,46,dummy_prior,575,54,0,0.06404657933042213,0,0.5
5,4,46,dummy_prior,578,126,1,0.06404657933042213,0,0.5
5,4,46,dummy_prior,579,730,0,0.06404657933042213,0,0.5
5,4,46,dummy_prior,580,55,0,0.06404657933042213,0,0.5
5,4,46,dummy_prior,585,648,0,0.06404657933042213,0,0.5
5,4,46,dummy_prior,587,687,0,0.06404657933042213,0,0.5
5,4,46,dummy_prior,589,784,0,0.06404657933042213,0,0.5
5,4,46,dummy_prior,590,56,0,0.06404657933042213,0,0.5
5,4,46,dummy_prior,594,193,0,0.06404657933042213,0,0.5
5,4,46,dummy_prior,597,133,0,0.06404657933042213,0,0.5
5,4,46,dummy_prior,598,54,1,0.06404657933042213,0,0.5
5,4,46,dummy_prior,606,539,0,0.06404657933042213,0,0.5
5,4,46,dummy_prior,612,225,0,0.06404657933042213,0,0.5
5,4,46,dummy_prior,617,157,0,0.06404657933042213,0,0.5
5,4,46,dummy_prior,618,130,0,0.06404657933042213,0,0.5
5,4,46,dummy_prior,624,118,0,0.06404657933042213,0,0.5
5,4,46,dummy_prior,626,622,0,0.06404657933042213,0,0.5
5,4,46,dummy_prior,629,336,0,0.06404657933042213,0,0.5
5,4,46,dummy_prior,642,512,0,0.06404657933042213,0,0.5
5,4,46,dummy_prior,646,27,0,0.06404657933042213,0,0.5
5,4,46,dummy_prior,651,788,0,0.06404657933042213,0,0.5
5,4,46,dummy_prior,654,810,0,0.06404657933042213,0,0.5
5,4,46,dummy_prior,660,33,0,0.06404657933042213,0,0.5
5,4,46,dummy_prior,667,829,0,0.06404657933042213,0,0.5
5,4,46,dummy_prior,676,828,0,0.06404657933042213,0,0.5
5,4,46,dummy_prior,684,815,0,0.06404657933042213,0,0.5
5,4,46,dummy_prior,686,704,1,0.06404657933042213,0,0.5
5,4,46,dummy_prior,696,138,0,0.06404657933042213,0,0.5
5,4,46,dummy_prior,708,254,0,0.06404657933042213,0,0.5
5,4,46,dummy_prior,721,655,0,0.06404657933042213,0,0.5
5,4,46,dummy_prior,727,589,0,0.06404657933042213,0,0.5
5,4,46,dummy_prior,732,417,0,0.06404657933042213,0,0.5
5,4,46,dummy_prior,736,725,0,0.06404657933042213,0,0.5
5,4,46,dummy_prior,737,177,0,0.06404657933042213,0,0.5
5,4,46,dummy_prior,743,540,0,0.06404657933042213,0,0.5
5,4,46,dummy_prior,747,218,0,0.06404657933042213,0,0.5
5,4,46,dummy_prior,748,393,0,0.06404657933042213,0,0.5
5,4,46,dummy_prior,749,541,0,0.06404657933042213,0,0.5
5,4,46,dummy_prior,751,778,0,0.06404657933042213,0,0.5
5,4,46,dummy_prior,752,676,0,0.06404657933042213,0,0.5
5,4,46,dummy_prior,755,563,0,0.06404657933042213,0,0.5
5,4,46,dummy_prior,757,360,0,0.06404657933042213,0,0.5
5,4,46,dummy_prior,758,578,0,0.06404657933042213,0,0.5
5,4,46,dummy_prior,759,101,0,0.06404657933042213,0,0.5
5,4,46,dummy_prior,768,422,0,0.06404657933042213,0,0.5
5,4,46,dummy_prior,772,113,0,0.06404657933042213,0,0.5
5,4,46,dummy_prior,774,801,0,0.06404657933042213,0,0.5
5,4,46,dummy_prior,775,455,0,0.06404657933042213,0,0.5
5,4,46,dummy_prior,778,136,0,0.06404657933042213,0,0.5
5,4,46,dummy_prior,784,403,0,0.06404657933042213,0,0.5
5,4,46,dummy_prior,788,752,0,0.06404657933042213,0,0.5
5,4,46,dummy_prior,807,717,0,0.06404657933042213,0,0.5
5,4,46,dummy_prior,816,233,0,0.06404657933042213,0,0.5
5,4,46,dummy_prior,817,516,0,0.06404657933042213,0,0.5
5,4,46,dummy_prior,821,602,0,0.06404657933042213,0,0.5
5,4,46,dummy_prior,823,644,0,0.06404657933042213,0,0.5
5,4,46,dummy_prior,827,688,0,0.06404657933042213,0,0.5
5,4,46,dummy_prior,829,666,0,0.06404657933042213,0,0.5
5,4,46,dummy_prior,831,777,0,0.06404657933042213,0,0.5
5,4,46,dummy_prior,832,561,0,0.06404657933042213,0,0.5
5,4,46,dummy_prior,835,332,0,0.06404657933042213,0,0.5
5,4,46,dummy_prior,840,346,0,0.06404657933042213,0,0.5
5,4,46,dummy_prior,842,722,0,0.06404657933042213,0,0.5
5,4,46,dummy_prior,852,800,0,0.06404657933042213,0,0.5
5,4,46,logistic_regression,2,660,0,0.1997610228556649,0,0.5
5,4,46,logistic_regression,11,450,0,0.30535477686749357,0,0.5
5,4,46,logistic_regression,16,790,0,0.25231834387531626,0,0.5
5,4,46,logistic_regression,23,767,1,0.9491891658662456,1,0.5
5,4,46,logistic_regression,25,805,0,0.21750775421311916,0,0.5
5,4,46,logistic_regression,32,738,0,0.2823711789825589,0,0.5
5,4,46,logistic_regression,41,732,1,0.9825240395031959,1,0.5
5,4,46,logistic_regression,52,729,0,0.274532033876644,0,0.5
5,4,46,logistic_regression,55,789,0,0.3558370036053833,0,0.5
5,4,46,logistic_regression,60,673,0,0.2811192821644401,0,0.5
5,4,46,logistic_regression,61,697,0,0.374300407986936,0,0.5
5,4,46,logistic_regression,66,673,0,0.2811192821644401,0,0.5
5,4,46,logistic_regression,76,675,0,0.3305848229928909,0,0.5
5,4,46,logistic_regression,90,707,0,0.29073755204269464,0,0.5
5,4,46,logistic_regression,101,580,0,0.6513831034111454,1,0.5
5,4,46,logistic_regression,105,674,0,0.3134957260357028,0,0.5
5,4,46,logistic_regression,120,627,0,0.279415719018184,0,0.5
5,4,46,logistic_regression,121,579,0,0.30695587187049217,0,0.5
5,4,46,logistic_regression,127,520,0,0.30794185190689893,0,0.5
5,4,46,logistic_regression,129,557,0,0.35628265782644125,0,0.5
5,4,46,logistic_regression,139,556,0,0.31984059102902807,0,0.5
5,4,46,logistic_regression,141,194,0,0.21448692935520822,0,0.5
5,4,46,logistic_regression,144,558,0,0.25081145127836213,0,0.5
5,4,46,logistic_regression,145,595,0,0.3984053486742187,0,0.5
5,4,46,logistic_regression,148,643,0,0.30425368668559993,0,0.5
5,4,46,logistic_regression,158,617,0,0.23187293433745002,0,0.5
5,4,46,logistic_regression,160,484,0,0.3103229541264253,0,0.5
5,4,46,logistic_regression,162,481,0,0.26207597328874815,0,0.5
5,4,46,logistic_regression,169,108,0,0.3160875520246975,0,0.5
5,4,46,logistic_regression,179,548,0,0.2947153638362909,0,0.5
5,4,46,logistic_regression,183,491,0,0.2610143303675434,0,0.5
5,4,46,logistic_regression,184,411,0,0.268446747050932,0,0.5
5,4,46,logistic_regression,192,459,0,0.3014430076119704,0,0.5
5,4,46,logistic_regression,201,441,0,0.32262732837513713,0,0.5
5,4,46,logistic_regression,204,222,0,0.24414808938839455,0,0.5
5,4,46,logistic_regression,213,500,0,0.4850934082356693,0,0.5
5,4,46,logistic_regression,219,324,0,0.2948372026898248,0,0.5
5,4,46,logistic_regression,221,407,0,0.22082463368132427,0,0.5
5,4,46,logistic_regression,224,351,1,0.9403784913980596,1,0.5
5,4,46,logistic_regression,226,409,0,0.23432591999978902,0,0.5
5,4,46,logistic_regression,233,345,0,0.2719396363251732,0,0.5
5,4,46,logistic_regression,238,536,0,0.3353342708327653,0,0.5
5,4,46,logistic_regression,239,497,0,0.3413530848747122,0,0.5
5,4,46,logistic_regression,241,354,0,0.26290528611714126,0,0.5
5,4,46,logistic_regression,247,292,0,0.2613085782731262,0,0.5
5,4,46,logistic_regression,257,273,1,0.9313003293759948,1,0.5
5,4,46,logistic_regression,258,245,0,0.26212293388458374,0,0.5
5,4,46,logistic_regression,259,329,0,0.3419923920584882,0,0.5
5,4,46,logistic_regression,262,295,0,0.2843175588594113,0,0.5
5,4,46,logistic_regression,266,232,0,0.250207157533774,0,0.5
5,4,46,logistic_regression,273,355,0,0.27795099931611156,0,0.5
5,4,46,logistic_regression,275,237,0,0.7595807220669628,1,0.5
5,4,46,logistic_regression,287,272,0,0.29209293594398644,0,0.5
5,4,46,logistic_regression,299,319,0,0.21226101025189426,0,0.5
5,4,46,logistic_regression,307,287,0,0.21144836421534874,0,0.5
5,4,46,logistic_regression,318,308,0,0.26795950335269986,0,0.5
5,4,46,logistic_regression,320,271,1,0.9753932083548341,1,0.5
5,4,46,logistic_regression,321,269,0,0.20901632626625327,0,0.5
5,4,46,logistic_regression,323,268,0,0.3590815154860115,0,0.5
5,4,46,logistic_regression,325,169,1,0.24987616149775152,0,0.5
5,4,46,logistic_regression,334,229,0,0.26871897341499684,0,0.5
5,4,46,logistic_regression,338,200,0,0.29948433803430574,0,0.5
5,4,46,logistic_regression,340,148,0,0.256406376354779,0,0.5
5,4,46,logistic_regression,344,79,0,0.24468248455163083,0,0.5
5,4,46,logistic_regression,345,276,1,0.8374906250497874,1,0.5
5,4,46,logistic_regression,348,125,0,0.25793612342660205,0,0.5
5,4,46,logistic_regression,350,167,0,0.22651743999921375,0,0.5
5,4,46,logistic_regression,356,79,0,0.24468248455163083,0,0.5
5,4,46,logistic_regression,368,203,0,0.24931776884819712,0,0.5
5,4,46,logistic_regression,371,367,0,0.29794670358500525,0,0.5
5,4,46,logistic_regression,382,400,0,0.24473639342621611,0,0.5
5,4,46,logistic_regression,386,90,0,0.6433897048215537,1,0.5
5,4,46,logistic_regression,387,266,0,0.23795432735352767,0,0.5
5,4,46,logistic_regression,388,185,0,0.23105809064865407,0,0.5
5,4,46,logistic_regression,390,179,0,0.25639799705636784,0,0.5
5,4,46,logistic_regression,394,184,0,0.3386852071253593,0,0.5
5,4,46,logistic_regression,397,137,0,0.3385730253385729,0,0.5
5,4,46,logistic_regression,398,115,0,0.21764993861430515,0,0.5
5,4,46,logistic_regression,399,209,0,0.29480299856552244,0,0.5
5,4,46,logistic_regression,400,55,0,0.26805426968531865,0,0.5
5,4,46,logistic_regression,405,61,0,0.2236960358823056,0,0.5
5,4,46,logistic_regression,408,60,0,0.2408765317049041,0,0.5
5,4,46,logistic_regression,409,54,0,0.25401374828505807,0,0.5
5,4,46,logistic_regression,412,87,0,0.2266763151733001,0,0.5
5,4,46,logistic_regression,427,161,0,0.27227582493494845,0,0.5
5,4,46,logistic_regression,435,54,0,0.25401374828505807,0,0.5
5,4,46,logistic_regression,439,112,0,0.5716203104913622,1,0.5
5,4,46,logistic_regression,444,80,0,0.2578659987793096,0,0.5
5,4,46,logistic_regression,447,63,0,0.2585759402875025,0,0.5
5,4,46,logistic_regression,448,65,0,0.18237489448625027,0,0.5
5,4,46,logistic_regression,449,75,0,0.26460424968134183,0,0.5
5,4,46,logistic_regression,471,94,0,0.2650780485771416,0,0.5
5,4,46,logistic_regression,472,682,1,0.9241860088303182,1,0.5
5,4,46,logistic_regression,473,787,0,0.29554979707047846,0,0.5
5,4,46,logistic_regression,479,482,0,0.23658287701319775,0,0.5
5,4,46,logistic_regression,485,286,0,0.2690335049547372,0,0.5
5,4,46,logistic_regression,499,614,0,0.3069677919009206,0,0.5
5,4,46,logistic_regression,507,71,0,0.2527171542945794,0,0.5
5,4,46,logistic_regression,510,17,0,0.2766698680472083,0,0.5
5,4,46,logistic_regression,529,652,0,0.2868851941868452,0,0.5
5,4,46,logistic_regression,543,40,0,0.2909886479104926,0,0.5
5,4,46,logistic_regression,546,213,0,0.32531016989979566,0,0.5
5,4,46,logistic_regression,551,639,0,0.23427884649960784,0,0.5
5,4,46,logistic_regression,552,105,0,0.17788304628328372,0,0.5
5,4,46,logistic_regression,554,20,0,0.2858545970877586,0,0.5
5,4,46,logistic_regression,566,456,0,0.2745265158429042,0,0.5
5,4,46,logistic_regression,568,338,0,0.2320620033625364,0,0.5
5,4,46,logistic_regression,575,54,0,0.25401374828505807,0,0.5
5,4,46,logistic_regression,578,126,1,0.988654979928795,1,0.5
5,4,46,logistic_regression,579,730,0,0.3603340846883497,0,0.5
5,4,46,logistic_regression,580,55,0,0.26805426968531865,0,0.5
5,4,46,logistic_regression,585,648,0,0.21981148619040494,0,0.5
5,4,46,logistic_regression,587,687,0,0.413537581251295,0,0.5
5,4,46,logistic_regression,589,784,0,0.2814334842844918,0,0.5
5,4,46,logistic_regression,590,56,0,0.2580757445215263,0,0.5
5,4,46,logistic_regression,594,193,0,0.2555644426558008,0,0.5
5,4,46,logistic_regression,597,133,0,0.3840655171148335,0,0.5
5,4,46,logistic_regression,598,54,1,0.9160581710083919,1,0.5
5,4,46,logistic_regression,606,539,0,0.31221611362620505,0,0.5
5,4,46,logistic_regression,612,225,0,0.30265932108819277,0,0.5
5,4,46,logistic_regression,617,157,0,0.23807699045119485,0,0.5
5,4,46,logistic_regression,618,130,0,0.2660736228438288,0,0.5
5,4,46,logistic_regression,624,118,0,0.28890022839143253,0,0.5
5,4,46,logistic_regression,626,622,0,0.27147682947929963,0,0.5
5,4,46,logistic_regression,629,336,0,0.3014076037939113,0,0.5
5,4,46,logistic_regression,642,512,0,0.2819937728734923,0,0.5
5,4,46,logistic_regression,646,27,0,0.9247130798746002,1,0.5
5,4,46,logistic_regression,651,788,0,0.35087328603952395,0,0.5
5,4,46,logistic_regression,654,810,0,0.8443403292168362,1,0.5
5,4,46,logistic_regression,660,33,0,0.25895708350933677,0,0.5
5,4,46,logistic_regression,667,829,0,0.25475667971845617,0,0.5
5,4,46,logistic_regression,676,828,0,0.22756980174582647,0,0.5
5,4,46,logistic_regression,684,815,0,0.30288875739353643,0,0.5
5,4,46,logistic_regression,686,704,1,0.7549576917843398,1,0.5
5,4,46,logistic_regression,696,138,0,0.35714469304380203,0,0.5
5,4,46,logistic_regression,708,254,0,0.3201968211793224,0,0.5
5,4,46,logistic_regression,721,655,0,0.28286785100671824,0,0.5
5,4,46,logistic_regression,727,589,0,0.7559875137830878,1,0.5
5,4,46,logistic_regression,732,417,0,0.33994911177406645,0,0.5
5,4,46,logistic_regression,736,725,0,0.2891964797735845,0,0.5
5,4,46,logistic_regression,737,177,0,0.2616889748904235,0,0.5
5,4,46,logistic_regression,743,540,0,0.2696829792417919,0,0.5
5,4,46,logistic_regression,747,218,0,0.25683774626903116,0,0.5
5,4,46,logistic_regression,748,393,0,0.29430486382193793,0,0.5
5,4,46,logistic_regression,749,541,0,0.2957857275731568,0,0.5
5,4,46,logistic_regression,751,778,0,0.2271388683667322,0,0.5
5,4,46,logistic_regression,752,676,0,0.2925424470378612,0,0.5
5,4,46,logistic_regression,755,563,0,0.2696998454556771,0,0.5
5,4,46,logistic_regression,757,360,0,0.3725428463007255,0,0.5
5,4,46,logistic_regression,758,578,0,0.22865391325437015,0,0.5
5,4,46,logistic_regression,759,101,0,0.5604776244760545,1,0.5
5,4,46,logistic_regression,768,422,0,0.234762810306106,0,0.5
5,4,46,logistic_regression,772,113,0,0.23263261070059713,0,0.5
5,4,46,logistic_regression,774,801,0,0.3148681547956784,0,0.5
5,4,46,logistic_regression,775,455,0,0.49427177554079826,0,0.5
5,4,46,logistic_regression,778,136,0,0.22216445770501633,0,0.5
5,4,46,logistic_regression,784,403,0,0.3036883490374022,0,0.5
5,4,46,logistic_regression,788,752,0,0.7751624614827143,1,0.5
5,4,46,logistic_regression,807,717,0,0.5285777057637734,1,0.5
5,4,46,logistic_regression,816,233,0,0.44873586343557076,0,0.5
5,4,46,logistic_regression,817,516,0,0.30889002776236363,0,0.5
5,4,46,logistic_regression,821,602,0,0.24437459452749136,0,0.5
5,4,46,logistic_regression,823,644,0,0.2130736221544201,0,0.5
5,4,46,logistic_regression,827,688,0,0.263819534443516,0,0.5
5,4,46,logistic_regression,829,666,0,0.28824737481415497,0,0.5
5,4,46,logistic_regression,831,777,0,0.2622004735954215,0,0.5
5,4,46,logistic_regression,832,561,0,0.23313997380934742,0,0.5
5,4,46,logistic_regression,835,332,0,0.23792879156525334,0,0.5
5,4,46,logistic_regression,840,346,0,0.303087594446493,0,0.5
5,4,46,logistic_regression,842,722,0,0.32314212381093865,0,0.5
5,4,46,logistic_regression,852,800,0,0.2817701777227808,0,0.5
5,4,46,xgboost,2,660,0,0.001877764007076621,0,0.5
5,4,46,xgboost,11,450,0,0.0017029227456077933,0,0.5
5,4,46,xgboost,16,790,0,0.00016447204689029604,0,0.5
5,4,46,xgboost,23,767,1,0.5808367133140564,1,0.5
5,4,46,xgboost,25,805,0,9.404458978679031e-05,0,0.5
5,4,46,xgboost,32,738,0,0.006577390246093273,0,0.5
5,4,46,xgboost,41,732,1,0.9610373973846436,1,0.5
5,4,46,xgboost,52,729,0,0.006169901229441166,0,0.5
5,4,46,xgboost,55,789,0,0.001196320285089314,0,0.5
5,4,46,xgboost,60,673,0,0.0011167176999151707,0,0.5
5,4,46,xgboost,61,697,0,0.001268394640646875,0,0.5
5,4,46,xgboost,66,673,0,0.0011167176999151707,0,0.5
5,4,46,xgboost,76,675,0,0.05882164090871811,0,0.5
5,4,46,xgboost,90,707,0,0.0007937473128549755,0,0.5
5,4,46,xgboost,101,580,0,0.46968331933021545,0,0.5
5,4,46,xgboost,105,674,0,0.006752705667167902,0,0.5
5,4,46,xgboost,120,627,0,0.01040219608694315,0,0.5
5,4,46,xgboost,121,579,0,0.013060602359473705,0,0.5
5,4,46,xgboost,127,520,0,0.052897464483976364,0,0.5
5,4,46,xgboost,129,557,0,0.004281203728169203,0,0.5
5,4,46,xgboost,139,556,0,0.012527153827250004,0,0.5
5,4,46,xgboost,141,194,0,0.028022270649671555,0,0.5
5,4,46,xgboost,144,558,0,0.0011801825603470206,0,0.5
5,4,46,xgboost,145,595,0,0.0004899610066786408,0,0.5
5,4,46,xgboost,148,643,0,0.0017629871144890785,0,0.5
5,4,46,xgboost,158,617,0,0.0011544147273525596,0,0.5
5,4,46,xgboost,160,484,0,0.007473100908100605,0,0.5
5,4,46,xgboost,162,481,0,0.008436710573732853,0,0.5
5,4,46,xgboost,169,108,0,0.024456970393657684,0,0.5
5,4,46,xgboost,179,548,0,0.006147999316453934,0,0.5
5,4,46,xgboost,183,491,0,0.017038151621818542,0,0.5
5,4,46,xgboost,184,411,0,0.003004094585776329,0,0.5
5,4,46,xgboost,192,459,0,0.00952320545911789,0,0.5
5,4,46,xgboost,201,441,0,0.006945725996047258,0,0.5
5,4,46,xgboost,204,222,0,0.03934717923402786,0,0.5
5,4,46,xgboost,213,500,0,0.007229309994727373,0,0.5
5,4,46,xgboost,219,324,0,0.00010245430166833103,0,0.5
5,4,46,xgboost,221,407,0,0.0007125549600459635,0,0.5
5,4,46,xgboost,224,351,1,0.9702722430229187,1,0.5
5,4,46,xgboost,226,409,0,0.000844332913402468,0,0.5
5,4,46,xgboost,233,345,0,0.0013754409737884998,0,0.5
5,4,46,xgboost,238,536,0,0.0042461371049284935,0,0.5
5,4,46,xgboost,239,497,0,0.003461549524217844,0,0.5
5,4,46,xgboost,241,354,0,0.00019891609554179013,0,0.5
5,4,46,xgboost,247,292,0,0.0007492415024898946,0,0.5
5,4,46,xgboost,257,273,1,0.9858797192573547,1,0.5
5,4,46,xgboost,258,245,0,0.05910163372755051,0,0.5
5,4,46,xgboost,259,329,0,0.0008538597030565143,0,0.5
5,4,46,xgboost,262,295,0,0.0009368999162688851,0,0.5
5,4,46,xgboost,266,232,0,0.010021467693150043,0,0.5
5,4,46,xgboost,273,355,0,0.0007469544652849436,0,0.5
5,4,46,xgboost,275,237,0,0.9755460023880005,1,0.5
5,4,46,xgboost,287,272,0,0.0029430589638650417,0,0.5
5,4,46,xgboost,299,319,0,0.0006008031778037548,0,0.5
5,4,46,xgboost,307,287,0,0.0008288168464787304,0,0.5
5,4,46,xgboost,318,308,0,0.0001867392857093364,0,0.5
5,4,46,xgboost,320,271,1,0.9510660767555237,1,0.5
5,4,46,xgboost,321,269,0,0.007057460490614176,0,0.5
5,4,46,xgboost,323,268,0,0.006355410907417536,0,0.5
5,4,46,xgboost,325,169,1,0.13192418217658997,0,0.5
5,4,46,xgboost,334,229,0,0.01740025170147419,0,0.5
5,4,46,xgboost,338,200,0,0.2772925794124603,0,0.5
5,4,46,xgboost,340,148,0,0.0028044944629073143,0,0.5
5,4,46,xgboost,344,79,0,0.011082027107477188,0,0.5
5,4,46,xgboost,345,276,1,0.9429697394371033,1,0.5
5,4,46,xgboost,348,125,0,0.03200705721974373,0,0.5
5,4,46,xgboost,350,167,0,0.07327424734830856,0,0.5
5,4,46,xgboost,356,79,0,0.011082027107477188,0,0.5
5,4,46,xgboost,368,203,0,0.010062129236757755,0,0.5
5,4,46,xgboost,371,367,0,0.00015862760483287275,0,0.5
5,4,46,xgboost,382,400,0,0.0003927338111680001,0,0.5
5,4,46,xgboost,386,90,0,0.11478465795516968,0,0.5
5,4,46,xgboost,387,266,0,0.006647252477705479,0,0.5
5,4,46,xgboost,388,185,0,0.036049600690603256,0,0.5
5,4,46,xgboost,390,179,0,0.03935764729976654,0,0.5
5,4,46,xgboost,394,184,0,0.1013355702161789,0,0.5
5,4,46,xgboost,397,137,0,0.010712908580899239,0,0.5
5,4,46,xgboost,398,115,0,0.015319662168622017,0,0.5
5,4,46,xgboost,399,209,0,0.10317961871623993,0,0.5
5,4,46,xgboost,400,55,0,0.0014282764168456197,0,0.5
5,4,46,xgboost,405,61,0,0.0007888978580012918,0,0.5
5,4,46,xgboost,408,60,0,0.001746305380947888,0,0.5
5,4,46,xgboost,409,54,0,0.00033750481088645756,0,0.5
5,4,46,xgboost,412,87,0,0.005893263965845108,0,0.5
5,4,46,xgboost,427,161,0,0.007210364565253258,0,0.5
5,4,46,xgboost,435,54,0,0.00033750481088645756,0,0.5
5,4,46,xgboost,439,112,0,0.05980623513460159,0,0.5
5,4,46,xgboost,444,80,0,0.022503593936562538,0,0.5
5,4,46,xgboost,447,63,0,0.00035196516546420753,0,0.5
5,4,46,xgboost,448,65,0,0.0016919303452596068,0,0.5
5,4,46,xgboost,449,75,0,0.0017895210767164826,0,0.5
5,4,46,xgboost,471,94,0,0.0016487645916640759,0,0.5
5,4,46,xgboost,472,682,1,0.7776721715927124,1,0.5
5,4,46,xgboost,473,787,0,0.00017705938080325723,0,0.5
5,4,46,xgboost,479,482,0,0.016374368220567703,0,0.5
5,4,46,xgboost,485,286,0,0.0016210960457101464,0,0.5
5,4,46,xgboost,499,614,0,0.015203692018985748,0,0.5
5,4,46,xgboost,507,71,0,0.0031915423460304737,0,0.5
5,4,46,xgboost,510,17,0,0.0005183066823519766,0,0.5
5,4,46,xgboost,529,652,0,0.0009913386311382055,0,0.5
5,4,46,xgboost,543,40,0,0.0012489442015066743,0,0.5
5,4,46,xgboost,546,213,0,0.021487316116690636,0,0.5
5,4,46,xgboost,551,639,0,0.00332831172272563,0,0.5
5,4,46,xgboost,552,105,0,0.00587086845189333,0,0.5
5,4,46,xgboost,554,20,0,0.0034566246904432774,0,0.5
5,4,46,xgboost,566,456,0,0.0014984479639679193,0,0.5
5,4,46,xgboost,568,338,0,0.0008509539184160531,0,0.5
5,4,46,xgboost,575,54,0,0.00033750481088645756,0,0.5
5,4,46,xgboost,578,126,1,0.9675971865653992,1,0.5
5,4,46,xgboost,579,730,0,0.030824800953269005,0,0.5
5,4,46,xgboost,580,55,0,0.0014282764168456197,0,0.5
5,4,46,xgboost,585,648,0,0.00040917936712503433,0,0.5
5,4,46,xgboost,587,687,0,0.01039110403507948,0,0.5
5,4,46,xgboost,589,784,0,0.00034753710497170687,0,0.5
5,4,46,xgboost,590,56,0,0.0009963788324967027,0,0.5
5,4,46,xgboost,594,193,0,0.007384086027741432,0,0.5
5,4,46,xgboost,597,133,0,0.005874284077435732,0,0.5
5,4,46,xgboost,598,54,1,0.26498812437057495,0,0.5
5,4,46,xgboost,606,539,0,0.08878396451473236,0,0.5
5,4,46,xgboost,612,225,0,0.06648192554712296,0,0.5
5,4,46,xgboost,617,157,0,0.049952346831560135,0,0.5
5,4,46,xgboost,618,130,0,0.017364725470542908,0,0.5
5,4,46,xgboost,624,118,0,0.00827721692621708,0,0.5
5,4,46,xgboost,626,622,0,0.0033997755963355303,0,0.5
5,4,46,xgboost,629,336,0,0.000735048670321703,0,0.5
5,4,46,xgboost,642,512,0,0.39848998188972473,0,0.5
5,4,46,xgboost,646,27,0,0.8327522873878479,1,0.5
5,4,46,xgboost,651,788,0,5.226054054219276e-05,0,0.5
5,4,46,xgboost,654,810,0,0.008374891243875027,0,0.5
5,4,46,xgboost,660,33,0,0.0008730294066481292,0,0.5
5,4,46,xgboost,667,829,0,0.0029266036581248045,0,0.5
5,4,46,xgboost,676,828,0,0.0006882980233058333,0,0.5
5,4,46,xgboost,684,815,0,6.427895277738571e-05,0,0.5
5,4,46,xgboost,686,704,1,0.850322961807251,1,0.5
5,4,46,xgboost,696,138,0,0.07337239384651184,0,0.5
5,4,46,xgboost,708,254,0,0.022826194763183594,0,0.5
5,4,46,xgboost,721,655,0,0.008768808096647263,0,0.5
5,4,46,xgboost,727,589,0,0.06996604055166245,0,0.5
5,4,46,xgboost,732,417,0,0.0028033172711730003,0,0.5
5,4,46,xgboost,736,725,0,0.0017609590431675315,0,0.5
5,4,46,xgboost,737,177,0,0.028366025537252426,0,0.5
5,4,46,xgboost,743,540,0,0.016783853992819786,0,0.5
5,4,46,xgboost,747,218,0,0.01201441790908575,0,0.5
5,4,46,xgboost,748,393,0,0.0001882712822407484,0,0.5
5,4,46,xgboost,749,541,0,0.003583818906918168,0,0.5
5,4,46,xgboost,751,778,0,0.00023222272284328938,0,0.5
5,4,46,xgboost,752,676,0,0.006913194432854652,0,0.5
5,4,46,xgboost,755,563,0,0.0020291360560804605,0,0.5
5,4,46,xgboost,757,360,0,0.0008160340948961675,0,0.5
5,4,46,xgboost,758,578,0,0.0016249625477939844,0,0.5
5,4,46,xgboost,759,101,0,0.04277162253856659,0,0.5
5,4,46,xgboost,768,422,0,0.0007576726493425667,0,0.5
5,4,46,xgboost,772,113,0,0.012261697091162205,0,0.5
5,4,46,xgboost,774,801,0,0.00029399050981737673,0,0.5
5,4,46,xgboost,775,455,0,0.003000670112669468,0,0.5
5,4,46,xgboost,778,136,0,0.007832605391740799,0,0.5
5,4,46,xgboost,784,403,0,0.0015310700982809067,0,0.5
5,4,46,xgboost,788,752,0,0.03228212147951126,0,0.5
5,4,46,xgboost,807,717,0,0.0035644900053739548,0,0.5
5,4,46,xgboost,816,233,0,0.4543164372444153,0,0.5
5,4,46,xgboost,817,516,0,0.007102680392563343,0,0.5
5,4,46,xgboost,821,602,0,0.0003315013600513339,0,0.5
5,4,46,xgboost,823,644,0,0.002742765937000513,0,0.5
5,4,46,xgboost,827,688,0,0.0005528919282369316,0,0.5
5,4,46,xgboost,829,666,0,0.025976033881306648,0,0.5
5,4,46,xgboost,831,777,0,9.336994116893038e-05,0,0.5
5,4,46,xgboost,832,561,0,0.0016741323051974177,0,0.5
5,4,46,xgboost,835,332,0,0.0010253491345793009,0,0.5
5,4,46,xgboost,840,346,0,0.0003678882494568825,0,0.5
5,4,46,xgboost,842,722,0,0.00016868201782926917,0,0.5
5,4,46,xgboost,852,800,0,0.00011679042654577643,0,0.5
5,5,46,dummy_prior,3,825,0,0.06404657933042213,0,0.5
5,5,46,dummy_prior,4,816,0,0.06404657933042213,0,0.5
5,5,46,dummy_prior,6,823,1,0.06404657933042213,0,0.5
5,5,46,dummy_prior,12,812,0,0.06404657933042213,0,0.5
5,5,46,dummy_prior,14,798,0,0.06404657933042213,0,0.5
5,5,46,dummy_prior,17,799,0,0.06404657933042213,0,0.5
5,5,46,dummy_prior,20,797,0,0.06404657933042213,0,0.5
5,5,46,dummy_prior,31,771,0,0.06404657933042213,0,0.5
5,5,46,dummy_prior,35,737,0,0.06404657933042213,0,0.5
5,5,46,dummy_prior,45,709,0,0.06404657933042213,0,0.5
5,5,46,dummy_prior,46,716,0,0.06404657933042213,0,0.5
5,5,46,dummy_prior,48,780,0,0.06404657933042213,0,0.5
5,5,46,dummy_prior,50,721,0,0.06404657933042213,0,0.5
5,5,46,dummy_prior,57,647,0,0.06404657933042213,0,0.5
5,5,46,dummy_prior,58,683,0,0.06404657933042213,0,0.5
5,5,46,dummy_prior,69,705,0,0.06404657933042213,0,0.5
5,5,46,dummy_prior,70,727,0,0.06404657933042213,0,0.5
5,5,46,dummy_prior,74,681,0,0.06404657933042213,0,0.5
5,5,46,dummy_prior,77,646,0,0.06404657933042213,0,0.5
5,5,46,dummy_prior,83,621,0,0.06404657933042213,0,0.5
5,5,46,dummy_prior,96,701,1,0.06404657933042213,0,0.5
5,5,46,dummy_prior,97,678,0,0.06404657933042213,0,0.5
5,5,46,dummy_prior,108,611,0,0.06404657933042213,0,0.5
5,5,46,dummy_prior,109,612,0,0.06404657933042213,0,0.5
5,5,46,dummy_prior,116,597,0,0.06404657933042213,0,0.5
5,5,46,dummy_prior,130,492,0,0.06404657933042213,0,0.5
5,5,46,dummy_prior,134,568,0,0.06404657933042213,0,0.5
5,5,46,dummy_prior,136,586,0,0.06404657933042213,0,0.5
5,5,46,dummy_prior,140,553,0,0.06404657933042213,0,0.5
5,5,46,dummy_prior,143,480,0,0.06404657933042213,0,0.5
5,5,46,dummy_prior,149,594,0,0.06404657933042213,0,0.5
5,5,46,dummy_prior,151,551,0,0.06404657933042213,0,0.5
5,5,46,dummy_prior,157,545,0,0.06404657933042213,0,0.5
5,5,46,dummy_prior,159,463,0,0.06404657933042213,0,0.5
5,5,46,dummy_prior,161,490,0,0.06404657933042213,0,0.5
5,5,46,dummy_prior,167,461,0,0.06404657933042213,0,0.5
5,5,46,dummy_prior,168,535,0,0.06404657933042213,0,0.5
5,5,46,dummy_prior,174,499,0,0.06404657933042213,0,0.5
5,5,46,dummy_prior,188,475,0,0.06404657933042213,0,0.5
5,5,46,dummy_prior,197,442,0,0.06404657933042213,0,0.5
5,5,46,dummy_prior,199,460,0,0.06404657933042213,0,0.5
5,5,46,dummy_prior,209,387,0,0.06404657933042213,0,0.5
5,5,46,dummy_prior,220,406,0,0.06404657933042213,0,0.5
5,5,46,dummy_prior,223,278,0,0.06404657933042213,0,0.5
5,5,46,dummy_prior,229,466,0,0.06404657933042213,0,0.5
5,5,46,dummy_prior,234,406,0,0.06404657933042213,0,0.5
5,5,46,dummy_prior,235,378,0,0.06404657933042213,0,0.5
5,5,46,dummy_prior,246,487,0,0.06404657933042213,0,0.5
5,5,46,dummy_prior,250,379,0,0.06404657933042213,0,0.5
5,5,46,dummy_prior,255,379,0,0.06404657933042213,0,0.5
5,5,46,dummy_prior,261,227,0,0.06404657933042213,0,0.5
5,5,46,dummy_prior,270,211,0,0.06404657933042213,0,0.5
5,5,46,dummy_prior,271,359,0,0.06404657933042213,0,0.5
5,5,46,dummy_prior,279,263,0,0.06404657933042213,0,0.5
5,5,46,dummy_prior,282,219,0,0.06404657933042213,0,0.5
5,5,46,dummy_prior,283,389,0,0.06404657933042213,0,0.5
5,5,46,dummy_prior,291,289,0,0.06404657933042213,0,0.5
5,5,46,dummy_prior,296,358,0,0.06404657933042213,0,0.5
5,5,46,dummy_prior,298,333,0,0.06404657933042213,0,0.5
5,5,46,dummy_prior,300,301,0,0.06404657933042213,0,0.5
5,5,46,dummy_prior,301,202,0,0.06404657933042213,0,0.5
5,5,46,dummy_prior,309,322,0,0.06404657933042213,0,0.5
5,5,46,dummy_prior,313,370,0,0.06404657933042213,0,0.5
5,5,46,dummy_prior,330,207,0,0.06404657933042213,0,0.5
5,5,46,dummy_prior,336,251,0,0.06404657933042213,0,0.5
5,5,46,dummy_prior,337,818,0,0.06404657933042213,0,0.5
5,5,46,dummy_prior,339,182,0,0.06404657933042213,0,0.5
5,5,46,dummy_prior,346,149,0,0.06404657933042213,0,0.5
5,5,46,dummy_prior,347,131,0,0.06404657933042213,0,0.5
5,5,46,dummy_prior,353,223,0,0.06404657933042213,0,0.5
5,5,46,dummy_prior,357,258,0,0.06404657933042213,0,0.5
5,5,46,dummy_prior,360,339,0,0.06404657933042213,0,0.5
5,5,46,dummy_prior,365,178,0,0.06404657933042213,0,0.5
5,5,46,dummy_prior,373,312,0,0.06404657933042213,0,0.5
5,5,46,dummy_prior,376,786,0,0.06404657933042213,0,0.5
5,5,46,dummy_prior,377,172,1,0.06404657933042213,0,0.5
5,5,46,dummy_prior,378,86,0,0.06404657933042213,0,0.5
5,5,46,dummy_prior,380,103,0,0.06404657933042213,0,0.5
5,5,46,dummy_prior,384,78,0,0.06404657933042213,0,0.5
5,5,46,dummy_prior,392,120,0,0.06404657933042213,0,0.5
5,5,46,dummy_prior,404,88,0,0.06404657933042213,0,0.5
5,5,46,dummy_prior,407,57,0,0.06404657933042213,0,0.5
5,5,46,dummy_prior,414,186,0,0.06404657933042213,0,0.5
5,5,46,dummy_prior,419,149,0,0.06404657933042213,0,0.5
5,5,46,dummy_prior,430,153,0,0.06404657933042213,0,0.5
5,5,46,dummy_prior,438,195,0,0.06404657933042213,0,0.5
5,5,46,dummy_prior,445,36,0,0.06404657933042213,0,0.5
5,5,46,dummy_prior,450,34,0,0.06404657933042213,0,0.5
5,5,46,dummy_prior,451,32,0,0.06404657933042213,0,0.5
5,5,46,dummy_prior,470,764,0,0.06404657933042213,0,0.5
5,5,46,dummy_prior,480,575,0,0.06404657933042213,0,0.5
5,5,46,dummy_prior,493,86,0,0.06404657933042213,0,0.5
5,5,46,dummy_prior,503,735,0,0.06404657933042213,0,0.5
5,5,46,dummy_prior,505,306,0,0.06404657933042213,0,0.5
5,5,46,dummy_prior,511,38,0,0.06404657933042213,0,0.5
5,5,46,dummy_prior,512,671,0,0.06404657933042213,0,0.5
5,5,46,dummy_prior,514,476,0,0.06404657933042213,0,0.5
5,5,46,dummy_prior,520,53,0,0.06404657933042213,0,0.5
5,5,46,dummy_prior,521,791,0,0.06404657933042213,0,0.5
5,5,46,dummy_prior,528,547,0,0.06404657933042213,0,0.5
5,5,46,dummy_prior,533,425,0,0.06404657933042213,0,0.5
5,5,46,dummy_prior,537,365,0,0.06404657933042213,0,0.5
5,5,46,dummy_prior,542,146,0,0.06404657933042213,0,0.5
5,5,46,dummy_prior,555,435,0,0.06404657933042213,0,0.5
5,5,46,dummy_prior,556,772,0,0.06404657933042213,0,0.5
5,5,46,dummy_prior,559,162,0,0.06404657933042213,0,0.5
5,5,46,dummy_prior,561,208,0,0.06404657933042213,0,0.5
5,5,46,dummy_prior,567,383,0,0.06404657933042213,0,0.5
5,5,46,dummy_prior,569,802,0,0.06404657933042213,0,0.5
5,5,46,dummy_prior,573,523,0,0.06404657933042213,0,0.5
5,5,46,dummy_prior,576,464,0,0.06404657933042213,0,0.5
5,5,46,dummy_prior,583,315,0,0.06404657933042213,0,0.5
5,5,46,dummy_prior,591,244,0,0.06404657933042213,0,0.5
5,5,46,dummy_prior,596,83,0,0.06404657933042213,0,0.5
5,5,46,dummy_prior,600,506,0,0.06404657933042213,0,0.5
5,5,46,dummy_prior,604,318,0,0.06404657933042213,0,0.5
5,5,46,dummy_prior,611,311,0,0.06404657933042213,0,0.5
5,5,46,dummy_prior,620,363,0,0.06404657933042213,0,0.5
5,5,46,dummy_prior,623,250,0,0.06404657933042213,0,0.5
5,5,46,dummy_prior,628,779,0,0.06404657933042213,0,0.5
5,5,46,dummy_prior,630,424,0,0.06404657933042213,0,0.5
5,5,46,dummy_prior,633,261,0,0.06404657933042213,0,0.5
5,5,46,dummy_prior,636,741,0,0.06404657933042213,0,0.5
5,5,46,dummy_prior,640,625,0,0.06404657933042213,0,0.5
5,5,46,dummy_prior,655,236,1,0.06404657933042213,0,0.5
5,5,46,dummy_prior,656,294,0,0.06404657933042213,0,0.5
5,5,46,dummy_prior,668,830,0,0.06404657933042213,0,0.5
5,5,46,dummy_prior,669,755,0,0.06404657933042213,0,0.5
5,5,46,dummy_prior,670,817,1,0.06404657933042213,0,0.5
5,5,46,dummy_prior,671,824,1,0.06404657933042213,0,0.5
5,5,46,dummy_prior,672,0,0,0.06404657933042213,0,0.5
5,5,46,dummy_prior,674,795,0,0.06404657933042213,0,0.5
5,5,46,dummy_prior,682,827,0,0.06404657933042213,0,0.5
5,5,46,dummy_prior,683,762,0,0.06404657933042213,0,0.5
5,5,46,dummy_prior,690,8,0,0.06404657933042213,0,0.5
5,5,46,dummy_prior,699,111,0,0.06404657933042213,0,0.5
5,5,46,dummy_prior,701,524,0,0.06404657933042213,0,0.5
5,5,46,dummy_prior,709,374,0,0.06404657933042213,0,0.5
5,5,46,dummy_prior,711,128,0,0.06404657933042213,0,0.5
5,5,46,dummy_prior,712,317,0,0.06404657933042213,0,0.5
5,5,46,dummy_prior,717,731,0,0.06404657933042213,0,0.5
5,5,46,dummy_prior,718,246,0,0.06404657933042213,0,0.5
5,5,46,dummy_prior,729,327,0,0.06404657933042213,0,0.5
5,5,46,dummy_prior,735,6,0,0.06404657933042213,0,0.5
5,5,46,dummy_prior,738,477,0,0.06404657933042213,0,0.5
5,5,46,dummy_prior,739,495,1,0.06404657933042213,0,0.5
5,5,46,dummy_prior,741,129,0,0.06404657933042213,0,0.5
5,5,46,dummy_prior,753,166,1,0.06404657933042213,0,0.5
5,5,46,dummy_prior,754,508,1,0.06404657933042213,0,0.5
5,5,46,dummy_prior,770,357,0,0.06404657933042213,0,0.5
5,5,46,dummy_prior,771,661,0,0.06404657933042213,0,0.5
5,5,46,dummy_prior,777,744,0,0.06404657933042213,0,0.5
5,5,46,dummy_prior,781,642,1,0.06404657933042213,0,0.5
5,5,46,dummy_prior,785,480,0,0.06404657933042213,0,0.5
5,5,46,dummy_prior,789,164,0,0.06404657933042213,0,0.5
5,5,46,dummy_prior,791,15,0,0.06404657933042213,0,0.5
5,5,46,dummy_prior,792,314,0,0.06404657933042213,0,0.5
5,5,46,dummy_prior,797,645,1,0.06404657933042213,0,0.5
5,5,46,dummy_prior,801,691,0,0.06404657933042213,0,0.5
5,5,46,dummy_prior,803,106,0,0.06404657933042213,0,0.5
5,5,46,dummy_prior,804,543,0,0.06404657933042213,0,0.5
5,5,46,dummy_prior,805,668,0,0.06404657933042213,0,0.5
5,5,46,dummy_prior,810,116,0,0.06404657933042213,0,0.5
5,5,46,dummy_prior,813,163,0,0.06404657933042213,0,0.5
5,5,46,dummy_prior,822,726,0,0.06404657933042213,0,0.5
5,5,46,dummy_prior,826,650,0,0.06404657933042213,0,0.5
5,5,46,dummy_prior,837,606,0,0.06404657933042213,0,0.5
5,5,46,dummy_prior,845,132,0,0.06404657933042213,0,0.5
5,5,46,dummy_prior,846,680,0,0.06404657933042213,0,0.5
5,5,46,dummy_prior,847,574,0,0.06404657933042213,0,0.5
5,5,46,dummy_prior,853,672,0,0.06404657933042213,0,0.5
5,5,46,logistic_regression,3,825,0,0.4463259600139926,0,0.5
5,5,46,logistic_regression,4,816,0,0.31278505238919396,0,0.5
5,5,46,logistic_regression,6,823,1,0.9327262774552554,1,0.5
5,5,46,logistic_regression,12,812,0,0.316541735592599,0,0.5
5,5,46,logistic_regression,14,798,0,0.22709638728540402,0,0.5
5,5,46,logistic_regression,17,799,0,0.3263620324529759,0,0.5
5,5,46,logistic_regression,20,797,0,0.3167407776519351,0,0.5
5,5,46,logistic_regression,31,771,0,0.27266801288347897,0,0.5
5,5,46,logistic_regression,35,737,0,0.288429929942757,0,0.5
5,5,46,logistic_regression,45,709,0,0.2518659397071107,0,0.5
5,5,46,logistic_regression,46,716,0,0.2204204159143613,0,0.5
5,5,46,logistic_regression,48,780,0,0.19345333892707214,0,0.5
5,5,46,logistic_regression,50,721,0,0.2810517538220833,0,0.5
5,5,46,logistic_regression,57,647,0,0.9436559317191207,1,0.5
5,5,46,logistic_regression,58,683,0,0.9830642008681376,1,0.5
5,5,46,logistic_regression,69,705,0,0.2595127583609054,0,0.5
5,5,46,logistic_regression,70,727,0,0.32310482241266925,0,0.5
5,5,46,logistic_regression,74,681,0,0.23308898366560266,0,0.5
5,5,46,logistic_regression,77,646,0,0.25289505664851,0,0.5
5,5,46,logistic_regression,83,621,0,0.28616568905285694,0,0.5
5,5,46,logistic_regression,96,701,1,0.9903677755855066,1,0.5
5,5,46,logistic_regression,97,678,0,0.25818102679357907,0,0.5
5,5,46,logistic_regression,108,611,0,0.29507643277706996,0,0.5
5,5,46,logistic_regression,109,612,0,0.2825146923847954,0,0.5
5,5,46,logistic_regression,116,597,0,0.2434919843818773,0,0.5
5,5,46,logistic_regression,130,492,0,0.3076758508970936,0,0.5
5,5,46,logistic_regression,134,568,0,0.6531648113613312,1,0.5
5,5,46,logistic_regression,136,586,0,0.16079173785096343,0,0.5
5,5,46,logistic_regression,140,553,0,0.4394661017062909,0,0.5
5,5,46,logistic_regression,143,480,0,0.23742249609047553,0,0.5
5,5,46,logistic_regression,149,594,0,0.27812625521824214,0,0.5
5,5,46,logistic_regression,151,551,0,0.2331882420881812,0,0.5
5,5,46,logistic_regression,157,545,0,0.25376474611531413,0,0.5
5,5,46,logistic_regression,159,463,0,0.27770424714148534,0,0.5
5,5,46,logistic_regression,161,490,0,0.27679205998271733,0,0.5
5,5,46,logistic_regression,167,461,0,0.3289664571580115,0,0.5
5,5,46,logistic_regression,168,535,0,0.2471139829115086,0,0.5
5,5,46,logistic_regression,174,499,0,0.2532875516892612,0,0.5
5,5,46,logistic_regression,188,475,0,0.7914611713257108,1,0.5
5,5,46,logistic_regression,197,442,0,0.7669138730513371,1,0.5
5,5,46,logistic_regression,199,460,0,0.23827944818204744,0,0.5
5,5,46,logistic_regression,209,387,0,0.29926687937736224,0,0.5
5,5,46,logistic_regression,220,406,0,0.22441550671483215,0,0.5
5,5,46,logistic_regression,223,278,0,0.26855577036248296,0,0.5
5,5,46,logistic_regression,229,466,0,0.6986524770671739,1,0.5
5,5,46,logistic_regression,234,406,0,0.22441550671483215,0,0.5
5,5,46,logistic_regression,235,378,0,0.25602219417416183,0,0.5
5,5,46,logistic_regression,246,487,0,0.2822549164184445,0,0.5
5,5,46,logistic_regression,250,379,0,0.2608553313242409,0,0.5
5,5,46,logistic_regression,255,379,0,0.2608553313242409,0,0.5
5,5,46,logistic_regression,261,227,0,0.23707644611291975,0,0.5
5,5,46,logistic_regression,270,211,0,0.2543353645145789,0,0.5
5,5,46,logistic_regression,271,359,0,0.2517184931749493,0,0.5
5,5,46,logistic_regression,279,263,0,0.18760450263040032,0,0.5
5,5,46,logistic_regression,282,219,0,0.2606123457471561,0,0.5
5,5,46,logistic_regression,283,389,0,0.28416365408114536,0,0.5
5,5,46,logistic_regression,291,289,0,0.2592150521184061,0,0.5
5,5,46,logistic_regression,296,358,0,0.23815111359476973,0,0.5
5,5,46,logistic_regression,298,333,0,0.2694101020509046,0,0.5
5,5,46,logistic_regression,300,301,0,0.2912304331344294,0,0.5
5,5,46,logistic_regression,301,202,0,0.21742642116187008,0,0.5
5,5,46,logistic_regression,309,322,0,0.21036090815581945,0,0.5
5,5,46,logistic_regression,313,370,0,0.2928500818029137,0,0.5
5,5,46,logistic_regression,330,207,0,0.2409402849297388,0,0.5
5,5,46,logistic_regression,336,251,0,0.2771959781320428,0,0.5
5,5,46,logistic_regression,337,818,0,0.31055889173370493,0,0.5
5,5,46,logistic_regression,339,182,0,0.25413353505155006,0,0.5
5,5,46,logistic_regression,346,149,0,0.25683095462907324,0,0.5
5,5,46,logistic_regression,347,131,0,0.27067902787485676,0,0.5
5,5,46,logistic_regression,353,223,0,0.2575022706111518,0,0.5
5,5,46,logistic_regression,357,258,0,0.1622261737077656,0,0.5
5,5,46,logistic_regression,360,339,0,0.25998561484452565,0,0.5
5,5,46,logistic_regression,365,178,0,0.37484948628327674,0,0.5
5,5,46,logistic_regression,373,312,0,0.2598940117268273,0,0.5
5,5,46,logistic_regression,376,786,0,0.3081489554583972,0,0.5
5,5,46,logistic_regression,377,172,1,0.2708354354265025,0,0.5
5,5,46,logistic_regression,378,86,0,0.24020729410484387,0,0.5
5,5,46,logistic_regression,380,103,0,0.251383296763853,0,0.5
5,5,46,logistic_regression,384,78,0,0.298717512898108,0,0.5
5,5,46,logistic_regression,392,120,0,0.23351973137874643,0,0.5
5,5,46,logistic_regression,404,88,0,0.24778883990165984,0,0.5
5,5,46,logistic_regression,407,57,0,0.9582829564999655,1,0.5
5,5,46,logistic_regression,414,186,0,0.22806630765793423,0,0.5
5,5,46,logistic_regression,419,149,0,0.25683095462907324,0,0.5
5,5,46,logistic_regression,430,153,0,0.2714745339538725,0,0.5
5,5,46,logistic_regression,438,195,0,0.2447000217879764,0,0.5
5,5,46,logistic_regression,445,36,0,0.24677729726364486,0,0.5
5,5,46,logistic_regression,450,34,0,0.27457166809098493,0,0.5
5,5,46,logistic_regression,451,32,0,0.18261056143241475,0,0.5
5,5,46,logistic_regression,470,764,0,0.2947582797766198,0,0.5
5,5,46,logistic_regression,480,575,0,0.1719244575737959,0,0.5
5,5,46,logistic_regression,493,86,0,0.49767742098790735,0,0.5
5,5,46,logistic_regression,503,735,0,0.30099489772542876,0,0.5
5,5,46,logistic_regression,505,306,0,0.25543534670687473,0,0.5
5,5,46,logistic_regression,511,38,0,0.2600670526716788,0,0.5
5,5,46,logistic_regression,512,671,0,0.22588637405672965,0,0.5
5,5,46,logistic_regression,514,476,0,0.26082177305355025,0,0.5
5,5,46,logistic_regression,520,53,0,0.27524903222356456,0,0.5
5,5,46,logistic_regression,521,791,0,0.24884466238369307,0,0.5
5,5,46,logistic_regression,528,547,0,0.2533903327266524,0,0.5
5,5,46,logistic_regression,533,425,0,0.22905115493257722,0,0.5
5,5,46,logistic_regression,537,365,0,0.24046397466980898,0,0.5
5,5,46,logistic_regression,542,146,0,0.2478816511144671,0,0.5
5,5,46,logistic_regression,555,435,0,0.27602325451802784,0,0.5
5,5,46,logistic_regression,556,772,0,0.3254406612450446,0,0.5
5,5,46,logistic_regression,559,162,0,0.2406466271884964,0,0.5
5,5,46,logistic_regression,561,208,0,0.2647374792870583,0,0.5
5,5,46,logistic_regression,567,383,0,0.29853763855790616,0,0.5
5,5,46,logistic_regression,569,802,0,0.21130658196667443,0,0.5
5,5,46,logistic_regression,573,523,0,0.24973644490970617,0,0.5
5,5,46,logistic_regression,576,464,0,0.2576623079631677,0,0.5
5,5,46,logistic_regression,583,315,0,0.24067032312294284,0,0.5
5,5,46,logistic_regression,591,244,0,0.2746544156138756,0,0.5
5,5,46,logistic_regression,596,83,0,0.25040491307162177,0,0.5
5,5,46,logistic_regression,600,506,0,0.22825652234872335,0,0.5
5,5,46,logistic_regression,604,318,0,0.24600365858503845,0,0.5
5,5,46,logistic_regression,611,311,0,0.48342403185541094,0,0.5
5,5,46,logistic_regression,620,363,0,0.2523948565280136,0,0.5
5,5,46,logistic_regression,623,250,0,0.24804898425258368,0,0.5
5,5,46,logistic_regression,628,779,0,0.3608151694071636,0,0.5
5,5,46,logistic_regression,630,424,0,0.2865290044034829,0,0.5
5,5,46,logistic_regression,633,261,0,0.2502838963158089,0,0.5
5,5,46,logistic_regression,636,741,0,0.2578985945085536,0,0.5
5,5,46,logistic_regression,640,625,0,0.29947219180544954,0,0.5
5,5,46,logistic_regression,655,236,1,0.6127747647291436,1,0.5
5,5,46,logistic_regression,656,294,0,0.2648160237245993,0,0.5
5,5,46,logistic_regression,668,830,0,0.8018955109478019,1,0.5
5,5,46,logistic_regression,669,755,0,0.8792874263154593,1,0.5
5,5,46,logistic_regression,670,817,1,0.939513593782833,1,0.5
5,5,46,logistic_regression,671,824,1,0.7347707323559771,1,0.5
5,5,46,logistic_regression,672,0,0,0.2345050272922921,0,0.5
5,5,46,logistic_regression,674,795,0,0.340411544272851,0,0.5
5,5,46,logistic_regression,682,827,0,0.2757838063097266,0,0.5
5,5,46,logistic_regression,683,762,0,0.2681950095631975,0,0.5
5,5,46,logistic_regression,690,8,0,0.37474582224959746,0,0.5
5,5,46,logistic_regression,699,111,0,0.3481932214970153,0,0.5
5,5,46,logistic_regression,701,524,0,0.3472101755329917,0,0.5
5,5,46,logistic_regression,709,374,0,0.28349411777849776,0,0.5
5,5,46,logistic_regression,711,128,0,0.2730815396132999,0,0.5
5,5,46,logistic_regression,712,317,0,0.2228451815920482,0,0.5
5,5,46,logistic_regression,717,731,0,0.31617098336696103,0,0.5
5,5,46,logistic_regression,718,246,0,0.24760644886619082,0,0.5
5,5,46,logistic_regression,729,327,0,0.2644879113109609,0,0.5
5,5,46,logistic_regression,735,6,0,0.23142924500381176,0,0.5
5,5,46,logistic_regression,738,477,0,0.5201155836744001,1,0.5
5,5,46,logistic_regression,739,495,1,0.7955372042324322,1,0.5
5,5,46,logistic_regression,741,129,0,0.2558349008738029,0,0.5
5,5,46,logistic_regression,753,166,1,0.9483708910058418,1,0.5
5,5,46,logistic_regression,754,508,1,0.7849910166121693,1,0.5
5,5,46,logistic_regression,770,357,0,0.19683049762079677,0,0.5
5,5,46,logistic_regression,771,661,0,0.254192147323817,0,0.5
5,5,46,logistic_regression,777,744,0,0.21908850398753146,0,0.5
5,5,46,logistic_regression,781,642,1,0.970102493409695,1,0.5
5,5,46,logistic_regression,785,480,0,0.23742249609047553,0,0.5
5,5,46,logistic_regression,789,164,0,0.28451283548792705,0,0.5
5,5,46,logistic_regression,791,15,0,0.2510146109681319,0,0.5
5,5,46,logistic_regression,792,314,0,0.23401865142329328,0,0.5
5,5,46,logistic_regression,797,645,1,0.9796701938808204,1,0.5
5,5,46,logistic_regression,801,691,0,0.2669120618141462,0,0.5
5,5,46,logistic_regression,803,106,0,0.24000505017266616,0,0.5
5,5,46,logistic_regression,804,543,0,0.2528640583401946,0,0.5
5,5,46,logistic_regression,805,668,0,0.2970269648240493,0,0.5
5,5,46,logistic_regression,810,116,0,0.3783577511536558,0,0.5
5,5,46,logistic_regression,813,163,0,0.36748513278427325,0,0.5
5,5,46,logistic_regression,822,726,0,0.4393374421236009,0,0.5
5,5,46,logistic_regression,826,650,0,0.2839937438276426,0,0.5
5,5,46,logistic_regression,837,606,0,0.2403567481841209,0,0.5
5,5,46,logistic_regression,845,132,0,0.2714194682270243,0,0.5
5,5,46,logistic_regression,846,680,0,0.230641852304673,0,0.5
5,5,46,logistic_regression,847,574,0,0.22553179826186062,0,0.5
5,5,46,logistic_regression,853,672,0,0.22564501764723033,0,0.5
5,5,46,xgboost,3,825,0,0.09910456836223602,0,0.5
5,5,46,xgboost,4,816,0,0.0877600684762001,0,0.5
5,5,46,xgboost,6,823,1,0.9132930040359497,1,0.5
5,5,46,xgboost,12,812,0,0.10392116755247116,0,0.5
5,5,46,xgboost,14,798,0,0.06665432453155518,0,0.5
5,5,46,xgboost,17,799,0,0.08211476355791092,0,0.5
5,5,46,xgboost,20,797,0,0.0877600684762001,0,0.5
5,5,46,xgboost,31,771,0,0.0877600684762001,0,0.5
5,5,46,xgboost,35,737,0,0.08013221621513367,0,0.5
5,5,46,xgboost,45,709,0,0.093744657933712,0,0.5
5,5,46,xgboost,46,716,0,0.08211476355791092,0,0.5
5,5,46,xgboost,48,780,0,0.06665432453155518,0,0.5
5,5,46,xgboost,50,721,0,0.08739475905895233,0,0.5
5,5,46,xgboost,57,647,0,0.9366645216941833,1,0.5
5,5,46,xgboost,58,683,0,0.9521776437759399,1,0.5
5,5,46,xgboost,69,705,0,0.09457375109195709,0,0.5
5,5,46,xgboost,70,727,0,0.0877600684762001,0,0.5
5,5,46,xgboost,74,681,0,0.08013221621513367,0,0.5
5,5,46,xgboost,77,646,0,0.08013221621513367,0,0.5
5,5,46,xgboost,83,621,0,0.08211476355791092,0,0.5
5,5,46,xgboost,96,701,1,0.9212548732757568,1,0.5
5,5,46,xgboost,97,678,0,0.08600416779518127,0,0.5
5,5,46,xgboost,108,611,0,0.0877600684762001,0,0.5
5,5,46,xgboost,109,612,0,0.09584473818540573,0,0.5
5,5,46,xgboost,116,597,0,0.06665432453155518,0,0.5
5,5,46,xgboost,130,492,0,0.08211476355791092,0,0.5
5,5,46,xgboost,134,568,0,0.23559947311878204,0,0.5
5,5,46,xgboost,136,586,0,0.08013221621513367,0,0.5
5,5,46,xgboost,140,553,0,0.1672540307044983,0,0.5
5,5,46,xgboost,143,480,0,0.08600416779518127,0,0.5
5,5,46,xgboost,149,594,0,0.08013221621513367,0,0.5
5,5,46,xgboost,151,551,0,0.0716155618429184,0,0.5
5,5,46,xgboost,157,545,0,0.08211476355791092,0,0.5
5,5,46,xgboost,159,463,0,0.08211476355791092,0,0.5
5,5,46,xgboost,161,490,0,0.08211476355791092,0,0.5
5,5,46,xgboost,167,461,0,0.1403113752603531,0,0.5
5,5,46,xgboost,168,535,0,0.06665432453155518,0,0.5
5,5,46,xgboost,174,499,0,0.06665432453155518,0,0.5
5,5,46,xgboost,188,475,0,0.2621029019355774,0,0.5
5,5,46,xgboost,197,442,0,0.34802764654159546,0,0.5
5,5,46,xgboost,199,460,0,0.06665432453155518,0,0.5
5,5,46,xgboost,209,387,0,0.0877600684762001,0,0.5
5,5,46,xgboost,220,406,0,0.08013221621513367,0,0.5
5,5,46,xgboost,223,278,0,0.08508087694644928,0,0.5
5,5,46,xgboost,229,466,0,0.18027077615261078,0,0.5
5,5,46,xgboost,234,406,0,0.08013221621513367,0,0.5
5,5,46,xgboost,235,378,0,0.08013221621513367,0,0.5
5,5,46,xgboost,246,487,0,0.08211476355791092,0,0.5
5,5,46,xgboost,250,379,0,0.08739475905895233,0,0.5
5,5,46,xgboost,255,379,0,0.08739475905895233,0,0.5
5,5,46,xgboost,261,227,0,0.09513001143932343,0,0.5
5,5,46,xgboost,270,211,0,0.12563638389110565,0,0.5
5,5,46,xgboost,271,359,0,0.08013221621513367,0,0.5
5,5,46,xgboost,279,263,0,0.08616887778043747,0,0.5
5,5,46,xgboost,282,219,0,0.12858739495277405,0,0.5
5,5,46,xgboost,283,389,0,0.08211476355791092,0,0.5
5,5,46,xgboost,291,289,0,0.08600416779518127,0,0.5
5,5,46,xgboost,296,358,0,0.06665432453155518,0,0.5
5,5,46,xgboost,298,333,0,0.093744657933712,0,0.5
5,5,46,xgboost,300,301,0,0.08211476355791092,0,0.5
5,5,46,xgboost,301,202,0,0.09513001143932343,0,0.5
5,5,46,xgboost,309,322,0,0.08013221621513367,0,0.5
5,5,46,xgboost,313,370,0,0.08677136152982712,0,0.5
5,5,46,xgboost,330,207,0,0.12166878581047058,0,0.5
5,5,46,xgboost,336,251,0,0.09469445794820786,0,0.5
5,5,46,xgboost,337,818,0,0.08211476355791092,0,0.5
5,5,46,xgboost,339,182,0,0.09832905977964401,0,0.5
5,5,46,xgboost,346,149,0,0.1338958442211151,0,0.5
5,5,46,xgboost,347,131,0,0.11366461962461472,0,0.5
5,5,46,xgboost,353,223,0,0.1338958442211151,0,0.5
5,5,46,xgboost,357,258,0,0.08332888036966324,0,0.5
5,5,46,xgboost,360,339,0,0.08811808377504349,0,0.5
5,5,46,xgboost,365,178,0,0.22665542364120483,0,0.5
5,5,46,xgboost,373,312,0,0.08013221621513367,0,0.5
5,5,46,xgboost,376,786,0,0.08211476355791092,0,0.5
5,5,46,xgboost,377,172,1,0.1338958442211151,0,0.5
5,5,46,xgboost,378,86,0,0.09175300598144531,0,0.5
5,5,46,xgboost,380,103,0,0.10970943421125412,0,0.5
5,5,46,xgboost,384,78,0,0.09838547557592392,0,0.5
5,5,46,xgboost,392,120,0,0.10197917371988297,0,0.5
5,5,46,xgboost,404,88,0,0.09175300598144531,0,0.5
5,5,46,xgboost,407,57,0,0.8879745006561279,1,0.5
5,5,46,xgboost,414,186,0,0.09513001143932343,0,0.5
5,5,46,xgboost,419,149,0,0.1338958442211151,0,0.5
5,5,46,xgboost,430,153,0,0.12355805188417435,0,0.5
5,5,46,xgboost,438,195,0,0.09832905977964401,0,0.5
5,5,46,xgboost,445,36,0,0.11336523294448853,0,0.5
5,5,46,xgboost,450,34,0,0.13355118036270142,0,0.5
5,5,46,xgboost,451,32,0,0.10170701146125793,0,0.5
5,5,46,xgboost,470,764,0,0.09910456836223602,0,0.5
5,5,46,xgboost,480,575,0,0.09503493458032608,0,0.5
5,5,46,xgboost,493,86,0,0.13320016860961914,0,0.5
5,5,46,xgboost,503,735,0,0.08211476355791092,0,0.5
5,5,46,xgboost,505,306,0,0.08013221621513367,0,0.5
5,5,46,xgboost,511,38,0,0.09487423300743103,0,0.5
5,5,46,xgboost,512,671,0,0.08013221621513367,0,0.5
5,5,46,xgboost,514,476,0,0.08677136152982712,0,0.5
5,5,46,xgboost,520,53,0,0.12933939695358276,0,0.5
5,5,46,xgboost,521,791,0,0.08013221621513367,0,0.5
5,5,46,xgboost,528,547,0,0.08600416779518127,0,0.5
5,5,46,xgboost,533,425,0,0.06665432453155518,0,0.5
5,5,46,xgboost,537,365,0,0.07926645874977112,0,0.5
5,5,46,xgboost,542,146,0,0.11366461962461472,0,0.5
5,5,46,xgboost,555,435,0,0.08739475905895233,0,0.5
5,5,46,xgboost,556,772,0,0.08739475905895233,0,0.5
5,5,46,xgboost,559,162,0,0.10197917371988297,0,0.5
5,5,46,xgboost,561,208,0,0.13215501606464386,0,0.5
5,5,46,xgboost,567,383,0,0.0877600684762001,0,0.5
5,5,46,xgboost,569,802,0,0.06665432453155518,0,0.5
5,5,46,xgboost,573,523,0,0.08739475905895233,0,0.5
5,5,46,xgboost,576,464,0,0.09503493458032608,0,0.5
5,5,46,xgboost,583,315,0,0.06665432453155518,0,0.5
5,5,46,xgboost,591,244,0,0.10045143216848373,0,0.5
5,5,46,xgboost,596,83,0,0.10168170183897018,0,0.5
5,5,46,xgboost,600,506,0,0.06665432453155518,0,0.5
5,5,46,xgboost,604,318,0,0.06665432453155518,0,0.5
5,5,46,xgboost,611,311,0,0.15178412199020386,0,0.5
5,5,46,xgboost,620,363,0,0.08013221621513367,0,0.5
5,5,46,xgboost,623,250,0,0.0770643875002861,0,0.5
5,5,46,xgboost,628,779,0,0.0877600684762001,0,0.5
5,5,46,xgboost,630,424,0,0.08211476355791092,0,0.5
5,5,46,xgboost,633,261,0,0.08332888036966324,0,0.5
5,5,46,xgboost,636,741,0,0.06665432453155518,0,0.5
5,5,46,xgboost,640,625,0,0.08211476355791092,0,0.5
5,5,46,xgboost,655,236,1,0.2114029973745346,0,0.5
5,5,46,xgboost,656,294,0,0.08600416779518127,0,0.5
5,5,46,xgboost,668,830,0,0.8573123812675476,1,0.5
5,5,46,xgboost,669,755,0,0.9039924740791321,1,0.5
5,5,46,xgboost,670,817,1,0.9346039891242981,1,0.5
5,5,46,xgboost,671,824,1,0.8604052662849426,1,0.5
5,5,46,xgboost,672,0,0,0.12009826302528381,0,0.5
5,5,46,xgboost,674,795,0,0.08013221621513367,0,0.5
5,5,46,xgboost,682,827,0,0.0716155618429184,0,0.5
5,5,46,xgboost,683,762,0,0.08211476355791092,0,0.5
5,5,46,xgboost,690,8,0,0.23776888847351074,0,0.5
5,5,46,xgboost,699,111,0,0.24882203340530396,0,0.5
5,5,46,xgboost,701,524,0,0.16603365540504456,0,0.5
5,5,46,xgboost,709,374,0,0.0877600684762001,0,0.5
5,5,46,xgboost,711,128,0,0.1338958442211151,0,0.5
5,5,46,xgboost,712,317,0,0.06665432453155518,0,0.5
5,5,46,xgboost,717,731,0,0.0877600684762001,0,0.5
5,5,46,xgboost,718,246,0,0.10380890220403671,0,0.5
5,5,46,xgboost,729,327,0,0.08677136152982712,0,0.5
5,5,46,xgboost,735,6,0,0.1427302211523056,0,0.5
5,5,46,xgboost,738,477,0,0.08657952398061752,0,0.5
5,5,46,xgboost,739,495,1,0.8810239434242249,1,0.5
5,5,46,xgboost,741,129,0,0.1338958442211151,0,0.5
5,5,46,xgboost,753,166,1,0.9421609044075012,1,0.5
5,5,46,xgboost,754,508,1,0.8864026665687561,1,0.5
5,5,46,xgboost,770,357,0,0.08211476355791092,0,0.5
5,5,46,xgboost,771,661,0,0.08013221621513367,0,0.5
5,5,46,xgboost,777,744,0,0.06665432453155518,0,0.5
5,5,46,xgboost,781,642,1,0.9561932682991028,1,0.5
5,5,46,xgboost,785,480,0,0.08600416779518127,0,0.5
5,5,46,xgboost,789,164,0,0.10538173466920853,0,0.5
5,5,46,xgboost,791,15,0,0.11218421906232834,0,0.5
5,5,46,xgboost,792,314,0,0.08013221621513367,0,0.5
5,5,46,xgboost,797,645,1,0.9377487301826477,1,0.5
5,5,46,xgboost,801,691,0,0.08013221621513367,0,0.5
5,5,46,xgboost,803,106,0,0.09485039860010147,0,0.5
5,5,46,xgboost,804,543,0,0.07226451486349106,0,0.5
5,5,46,xgboost,805,668,0,0.08211476355791092,0,0.5
5,5,46,xgboost,810,116,0,0.27622362971305847,0,0.5
5,5,46,xgboost,813,163,0,0.24720869958400726,0,0.5
5,5,46,xgboost,822,726,0,0.09817454218864441,0,0.5
5,5,46,xgboost,826,650,0,0.08013221621513367,0,0.5
5,5,46,xgboost,837,606,0,0.09457375109195709,0,0.5
5,5,46,xgboost,845,132,0,0.11366461962461472,0,0.5
5,5,46,xgboost,846,680,0,0.06665432453155518,0,0.5
5,5,46,xgboost,847,574,0,0.06665432453155518,0,0.5
5,5,46,xgboost,853,672,0,0.06665432453155518,0,0.5
